x_star,y_star,Ux_star,Uy_star,U_mag_star,gradU_mag_star,omega_mag_star,bmu_row,bmu_col,bmu_id,quantization_error,interface_cell
0.012499999999999997,0.012499999999999997,6.70162e-05,-6.70318e-05,9.478625044635956e-05,0.007440634036028112,0.004981950000000001,0,4,4,0.12395912228180392,0
0.0375,0.012499999999999997,0.000163526,-5.64156e-05,0.00017298402411598592,0.004983583822953117,0.00273997,0,4,4,0.12441485437309849,0
0.0625,0.012499999999999997,0.000141294,1.96131e-06,0.00014130761187181707,0.0076779133304954676,0.0054706500000000005,0,4,4,0.12391964904929324,0
0.0875,0.012499999999999997,-5.11189e-05,6.54499e-05,8.304716339056982e-05,0.02713134176576787,0.0235755,0,4,4,0.11952468805152894,0
0.11249999999999998,0.012499999999999997,-0.000410125,0.000120788,0.00042754211087213373,0.05649942971986532,0.052122,0,4,4,0.11143872085146138,0
0.13749999999999998,0.012499999999999997,-0.000909233,0.000164305,0.0009239592963513056,0.09456616645116793,0.08994210000000001,0,4,4,0.10106500405469043,0
0.1625,0.012499999999999997,-0.00151798,0.000196258,0.0015306144135490164,0.13984141745771028,0.135311,0,4,4,0.0893252547781742,0
0.1875,0.012499999999999997,-0.00220719,0.000218282,0.0022179573322370287,0.19064480748237128,0.186385,0,4,4,0.07740693913123584,0
0.2125,0.012499999999999997,-0.00295094,0.000232184,0.00296006018409356,0.24531728066854647,0.241409,0,4,4,0.06690787870343871,0
0.2375,0.012499999999999997,-0.00372685,0.000239483,0.0037345365214158767,0.30231592769499527,0.298781,0,4,4,0.05989945374044255,0
0.26249999999999996,0.012499999999999997,-0.0045155,0.000241267,0.004521940956634552,0.3602269420645969,0.357054,0,4,4,0.05837914008550847,0
0.2875,0.012499999999999997,-0.00529953,0.000238182,0.0053048797239922405,0.4177390828992663,0.4148990000000001,0,4,4,0.06285605388387377,0
0.3125,0.012499999999999997,-0.00606278,0.000230497,0.006067159977733321,0.47361681884167456,0.471072,0,4,4,0.07187863710744088,0
0.3375,0.012499999999999997,-0.0067895,0.000218194,0.006793005142912524,0.5266529454679946,0.52436,0,4,4,0.08335271749219027,0
0.36249999999999993,0.012499999999999997,-0.00746389,0.000201078,0.007466598040217779,0.5756562668086952,0.5735680000000001,0,4,4,0.09558351667927026,0
0.3875,0.012499999999999997,-0.00806981,0.000178891,0.00807179257823075,0.6194359074330503,0.617505,0,4,4,0.1073878534481497,0
0.4125,0.012499999999999997,-0.00859086,0.000151424,0.008592194409309884,0.6568081555280997,0.6549860000000001,0,4,4,0.11792351418715202,0
0.4375,0.012499999999999997,-0.00901072,0.000118622,0.009011500768311791,0.6866273913107129,0.684863,0,4,4,0.12655452287891586,0
0.4625,0.012499999999999997,-0.00931372,8.06706e-05,0.009314069356844212,0.7078237383907529,0.706065,0,4,4,0.13278045907723143,0
0.4875,0.012499999999999997,-0.0094857,3.80734e-05,0.009485776408591315,0.7194521019015409,0.7176450000000001,0,4,4,0.1362094654048896,0
0.5125,0.012499999999999997,-0.00951491,-8.29947e-06,0.009514913619644808,0.7207638210866265,0.718851,0,4,4,0.13656118614414234,0
0.5375,0.012499999999999997,-0.00939308,-5.71948e-05,0.00939325412897719,0.7112619031026136,0.709184,0,4,4,0.13367854243773633,0
0.5625,0.012499999999999997,-0.00911647,-0.000106974,0.00911709760272292,0.6907739387799032,0.688474,0,4,4,0.12755620616070917,0
0.5874999999999999,0.012499999999999997,-0.00868673,-0.000155672,0.008688124761102593,0.659497854514266,0.656916,0,4,4,0.11837445313288239,0
0.6124999999999999,0.012499999999999997,-0.008111709999999998,-0.000201084,0.00811420198782086,0.6180486578675483,0.6151340000000001,0,4,4,0.10655697353834977,0
0.6375,0.012499999999999997,-0.007405819999999999,-0.000240885,0.0074097365307833314,0.5674765321862257,0.5641820000000001,0,4,4,0.09286878972517279,0
0.6625,0.012499999999999997,-0.00659007,-0.00027279,0.006595713531453591,0.5092693893574991,0.505561,0,4,4,0.07861173869725094,0
0.6875,0.012499999999999997,-0.00569164,-0.000294725,0.005699265629467098,0.44530625381576167,0.441163,0,4,4,0.06597404029127406,0
0.7124999999999999,0.012499999999999997,-0.00474302,-0.000305002,0.00475281652711358,0.3778075448039125,0.373229,0,4,4,0.05830206823865747,0
0.7374999999999998,0.012499999999999997,-0.00378059,-0.000302476,0.003792670889844781,0.30924063737399976,0.304249,0,4,4,0.0587713358267733,0
0.7624999999999998,0.012499999999999997,-0.00284287,-0.000286665,0.00285728659030294,0.2421972014668493,0.236839,0,4,4,0.06710356757071767,0
0.7874999999999999,0.012499999999999997,-0.00196852,-0.000257823,0.001985332135872736,0.17926914706345876,0.17361800000000002,0,4,4,0.07986851337054719,0
0.8125,0.012499999999999997,-0.00119408,-0.00021696,0.0012136303753614607,0.12289362619680648,0.117042,0,4,4,0.09374095172732905,0
0.8375,0.012499999999999997,-0.000551714,-0.000165847,0.000576102044090281,0.0752279852135786,0.0692537,0,4,4,0.10654042902416813,0
0.8624999999999998,0.012499999999999997,-6.6787e-05,-0.000107079,0.00012619990336763337,0.03812211899986149,0.031904100000000005,0,4,4,0.11681844752727374,0
0.8874999999999998,0.012499999999999997,0.00024449,-4.43292e-05,0.000248476232409943,0.014159554329727332,0.00597133,0,4,4,0.1222230939071116,0
0.9125,0.012499999999999997,0.000378308,1.71093e-05,0.00037869469366560966,0.011435331367743568,0.00847764,0,4,4,0.12266543275589854,0
0.9375,0.012499999999999997,0.000348987,6.80287e-05,0.0003555556639862316,0.015123046828470117,0.0126518,0,4,4,0.12190581401751753,0
0.9625,0.012499999999999997,0.000207173,9.17121e-05,0.0002265651368048712,0.013461191583839672,0.009889290000000002,0,4,4,0.12250336633295089,0
0.9875,0.012499999999999997,5.88261e-05,5.8654e-05,8.307106450028192e-05,0.008630926909527157,0.00602804,0,4,4,0.12381567874732734,0
0.012499999999999997,0.0375,5.86337e-05,-0.000165843,0.00017590284655084464,0.005045768409291097,0.00279303,0,4,4,0.12414035655441553,0
0.0375,0.0375,4.24658e-05,-4.04364e-05,5.863826919853621e-05,0.015459112405820716,0.0167261,0,4,4,0.12225951615381167,0
0.0625,0.0375,-0.000292961,0.00024993,0.0003850859026516032,0.03966186318845851,0.035934100000000004,0,4,4,0.11548753706320163,0
0.0875,0.0375,-0.00100883,0.000565893,0.001156707766183404,0.06949216741504038,0.0587646,0,4,4,0.10549515299151405,0
0.11249999999999998,0.0375,-0.00209712,0.000852891,0.0022639203502510855,0.1037433642162235,0.0870436,0,4,4,0.09294610744145908,0
0.13749999999999998,0.0375,-0.0035124,0.00108989,0.0036776098178164574,0.14170795983414058,0.121099,0,4,4,0.07827122487272462,0
0.1625,0.0375,-0.00519357,0.00127226,0.005347131460184984,0.18292381113972012,0.1604,0,4,4,0.06216417277312533,0
0.1875,0.0375,-0.00707614,0.00140294,0.007213875376189971,0.22688076725020123,0.20396800000000004,0,4,4,0.04593061721536293,0
0.2125,0.0375,-0.00909831,0.00148746,0.009219098768735478,0.27291539711912555,0.250632,0,4,4,0.03276897930657063,0
0.2375,0.0375,-0.0112031,0.00153138,0.0113072797044382,0.32020713361961506,0.299153,0,4,4,0.03004422276929028,0
0.26249999999999996,0.0375,-0.0133385,0.00153918,0.013427012226195372,0.36783495517018233,0.34831100000000004,0,4,4,0.040789604043430704,0
0.2875,0.0375,-0.0154562,0.00151382,0.015530156774237663,0.41481137353404374,0.396911,0,4,4,0.0578140757287621,0
0.3125,0.0375,-0.0175108,0.00145687,0.01757130008954659,0.4601332903624014,0.4438170000000001,0,4,4,0.07644325499297695,0
0.3375,0.0375,-0.0194579,0.00136873,0.019505980985915577,0.5027928121839155,0.48793300000000006,0,4,4,0.09485369853945265,0
0.36249999999999993,0.0375,-0.0212538,0.0012492,0.021290479446926507,0.5417979172899801,0.528209,0,4,4,0.11211187272260224,1
0.3875,0.0375,-0.0228551,0.00109788,0.022881453985802564,0.5761928790615605,0.563648,0,4,4,0.12757337413738346,1
0.4125,0.0375,-0.0242187,0.000914815,0.024235971533533063,0.6050744152879185,0.593314,0,4,4,0.14071254140979736,1
0.4375,0.0375,-0.0253032,0.000700934,0.025312906563892575,0.6276271921682008,0.6163590000000001,0,4,4,0.1510783566623074,1
0.4625,0.0375,-0.0260701,0.000458508,0.026074131694000167,0.643137481386966,0.632043,0,4,4,0.15828060611959185,1
0.4875,0.0375,-0.0264855,0.00019148,0.02648619215441132,0.6510333271987409,0.6397630000000001,0,4,4,0.1619973519687393,1
0.5125,0.0375,-0.0265229,-9.4322e-05,0.02652306771566373,0.650924187532705,0.639108,0,4,4,0.161993505303895,1
0.5375,0.0375,-0.0261648,-0.000391128,0.026167723251218928,0.6426107999990118,0.629864,0,4,4,0.15812917360951742,1
0.5625,0.0375,-0.0254057,-0.000689341,0.025415050334482537,0.6261308139438037,0.6120700000000001,0,4,4,0.15038472372094008,1
0.5874999999999999,0.0375,-0.0242532,-0.000977836,0.024272904100723008,0.6017585242222996,0.586029,0,4,4,0.13886709068390615,1
0.6124999999999999,0.0375,-0.0227302,-0.00124445,0.022764240550532316,0.5700270985717999,0.552326,0,4,4,0.12382871465994276,1
0.6375,0.0375,-0.020875,-0.00147663,0.02092716084797219,0.5317060135395594,0.5118240000000001,0,4,4,0.10566968283503189,0
0.6625,0.0375,-0.0187418,-0.00166224,0.018815368958848503,0.4877979066406088,0.465658,0,4,4,0.08495788416840569,0
0.6875,0.0375,-0.0163987,-0.00179045,0.016496153275612466,0.4394964964480719,0.4152,0,4,4,0.062470356026789325,0
0.7124999999999999,0.0375,-0.0139262,-0.00185258,0.014048882485678352,0.38815541043576873,0.362026,0,4,4,0.03946029607952478,0
0.7374999999999998,0.0375,-0.0114135,-0.00184295,0.011561334133762416,0.33521715687925346,0.307842,0,4,4,0.019844403724526095,0
0.7624999999999998,0.0375,-0.008954439999999998,-0.00175951,0.009125670997449993,0.2821560067767652,0.254418,0,4,4,0.02170360944463383,0
0.7874999999999999,0.0375,-0.00664267,-0.00160428,0.006833650492035717,0.23040244922467729,0.20350100000000004,0,4,4,0.04107768314902914,0
0.8125,0.0375,-0.00456605,-0.00138366,0.00477109291442747,0.1812714365528116,0.156704,0,4,4,0.061654114306281156,0
0.8375,0.0375,-0.00280109,-0.0011085,0.0030124537238105415,0.13590639582779024,0.115395,0,4,4,0.08045755891974661,0
0.8624999999999998,0.0375,-0.0014069,-0.000794464,0.0016157167627081177,0.09526107600200621,0.08055820000000001,0,4,4,0.09655701732408771,0
0.8874999999999998,0.0375,-0.000418868,-0.000462913,0.0006242906750809274,0.06015754292356031,0.0526344,0,4,4,0.10945175262064367,0
0.9125,0.0375,0.000157932,-0.000142886,0.00021297634990768345,0.03153870648171862,0.0313378,0,4,4,0.11828136415893595,0
0.9375,0.0375,0.000358204,0.000123794,0.00037899216357597685,0.011525011369387016,0.0154437,0,4,4,0.12269832818824644,0
0.9625,0.0375,0.000277917,0.000273549,0.00038995758011609407,0.00782325376078266,0.0026429,0,4,4,0.12349674363391025,0
0.9875,0.0375,9.221000000000001e-05,0.000206025,0.00022571881783537676,0.013480956247777827,0.00991251,0,4,4,0.12241104158805985,0
0.012499999999999997,0.0625,3.8838400000000005e-07,-0.000147268,0.00014726851213389593,0.007783672765796365,0.0055202,0,4,4,0.12353468387247327,0
0.0375,0.0625,-0.000257004,0.000295904,0.00039193141393871456,0.040379039737220096,0.036503200000000006,0,4,4,0.11541160348808056,0
0.0625,0.0625,-0.00104908,0.00102314,0.0014653956141602172,0.07486325435178462,0.0627759,0,4,4,0.10376342585566453,0
0.0875,0.0625,-0.00238639,0.00179775,0.002987768781984309,0.11169724811493792,0.0884816,0,4,4,0.08982788514601257,0
0.11249999999999998,0.0625,-0.00423831,0.0025102,0.004925888315431035,0.1503638810818609,0.116088,0,4,4,0.07425951705625514,0
0.13749999999999998,0.0625,-0.00654481,0.00311032,0.007246283767456254,0.18994795416155447,0.146762,0,4,4,0.05861950687216646,0
0.1625,0.0625,-0.00922491,0.00358115,0.00989563539296997,0.22986071946385273,0.180755,0,4,4,0.046519602863334904,0
0.1875,0.0625,-0.0121904,0.00392363,0.01280627676324778,0.26982242600540085,0.217721,0,4,4,0.04457687261023463,0
0.2125,0.0625,-0.0153541,0.00414634,0.015904103942240823,0.30964172154966463,0.256954,0,4,4,0.055893057612894384,0
0.2375,0.0625,-0.0186328,0.00425972,0.019113514860391322,0.3490542387001768,0.297542,0,4,4,0.07549262624371587,0
0.26249999999999996,0.0625,-0.0219486,0.00427292,0.02236065489395156,0.38766091997290625,0.338477,0,4,4,0.09862222353445109,0
0.2875,0.0625,-0.0252274,0.00419256,0.02557340943467648,0.42493945752052736,0.37873,0,4,4,0.12288781178564229,1
0.3125,0.0625,-0.0283987,0.00402253,0.028682170581929463,0.46027454316748817,0.4172920000000001,0,4,4,0.14698256386110084,1
0.3375,0.0625,-0.0313938,0.00376457,0.03161870752774218,0.49299835244852486,0.453202,0,4,4,0.17001412221949203,1
0.36249999999999993,0.0625,-0.0341452,0.00341921,0.03431596829559236,0.5224429311856368,0.48557,0,3,3,0.16278890215915584,1
0.3875,0.0625,-0.0365866,0.00298696,0.0367083264342247,0.5479739038267061,0.5135919999999999,0,3,3,0.1513684093249595,1
0.4125,0.0625,-0.0386535,0.0024696,0.0387323119166672,0.569031923807417,0.536569,0,3,3,0.14384512658261447,1
0.4375,0.0625,-0.040285,0.00187133,0.04032844034882703,0.5851451959642923,0.553911,0,3,3,0.1400012492422898,1
0.4625,0.0625,-0.0414253,0.00119974,0.04144266951051295,0.5959615881544716,0.56516,0,3,3,0.13934048345324665,1
0.4875,0.0625,-0.0420267,0.000466621,0.0420292903586016,0.6012618244080528,0.57001,0,3,3,0.1412813346395274,1
0.5125,0.0625,-0.0420529,-0.000311644,0.0420540547437787,0.6009415127175023,0.5683,0,3,3,0.1453685485492957,1
0.5375,0.0625,-0.0414813,-0.001114,0.04149625580326495,0.5950287166694144,0.560041,0,3,3,0.1514124334701602,1
0.5625,0.0625,-0.0403067,-0.00191511,0.04035217108412012,0.583645099781194,0.5454030000000001,0,3,3,0.1595024871001375,1
0.5874999999999999,0.0625,-0.0385433,-0.00268614,0.0386367871721964,0.5670105687924786,0.5247390000000001,0,3,3,0.16992494115222076,1
0.6124999999999999,0.0625,-0.0362268,-0.00339598,0.03638562516159919,0.5454005224936626,0.4985520000000001,0,3,3,0.18300885515050996,1
0.6375,0.0625,-0.0334148,-0.00401292,0.03365490136616656,0.5191384719219334,0.467507,0,4,4,0.18280741905938958,1
0.6625,0.0625,-0.0301868,-0.00450654,0.030521333473680336,0.48857048902728456,0.432391,0,4,4,0.15763986340702277,1
0.6875,0.0625,-0.026642,-0.00484989,0.02707983746280801,0.4540786515314721,0.39411900000000005,0,4,4,0.1299840714012289,1
0.7124999999999999,0.0625,-0.0228968,-0.00502158,0.02344098368107448,0.4160684130979424,0.35368400000000005,0,4,4,0.10070672673263237,0
0.7374999999999998,0.0625,-0.0190796,-0.00500778,0.01972584590552202,0.3750097917148298,0.312139,0,4,4,0.07087830598387815,0
0.7624999999999998,0.0625,-0.0153251,-0.00480393,0.016060399542193834,0.33144871456797054,0.27054700000000004,0,4,4,0.042184887154422444,0
0.7874999999999999,0.0625,-0.0117677,-0.00441591,0.0125689706984343,0.28604945167393697,0.229936,0,4,4,0.02077289877591797,0
0.8125,0.0625,-0.008533479999999998,-0.00386086,0.009366243689441353,0.23963209859699516,0.19124,0,4,4,0.028233536156914443,0
0.8375,0.0625,-0.00573228,-0.00316766,0.006549282699196913,0.19320860492700628,0.15521,0,4,4,0.05029093077806168,0
0.8624999999999998,0.0625,-0.00344911,-0.0023775,0.004189136670257968,0.14802834935920214,0.12232,0,4,4,0.07193857928290588,0
0.8874999999999998,0.0625,-0.00173565,-0.00154537,0.002323929723421085,0.10559513109357836,0.0926465,0,4,4,0.09079885586826761,0
0.9125,0.0625,-0.000601873,-0.0007430969999999999,0.0009562657891705631,0.06763417952470481,0.06572850000000001,0,4,4,0.10615304510660604,0
0.9375,0.0625,-6.76184e-06,-6.49859e-05,6.533674065176193e-05,0.03583577201638051,0.0404389,0,4,4,0.11766450371137452,0
0.9625,0.0625,0.000157259,0.000361901,0.0003945918484738376,0.010818539097965122,0.0149292,0,4,4,0.12268379785057029,0
0.9875,0.0625,7.487759999999998e-05,0.000353777,0.00036161418765136966,0.015647312845284332,0.0132294,0,4,4,0.12156436216236999,0
0.012499999999999997,0.0875,-6.87403e-05,5.16326e-05,8.597182228410656e-05,0.02853578793243495,0.0246651,0,4,4,0.11916653270745906,0
0.0375,0.0875,-0.000612288,0.0010441,0.0012103889477948812,0.07263958089299524,0.0609926,0,4,4,0.10592479620449113,0
0.0625,0.0875,-0.00192991,0.00238109,0.0030649864920093855,0.11458635878131394,0.0901886,0,4,4,0.09096833722115026,0
0.0875,0.0875,-0.00394585,0.00375683,0.0054482569571744684,0.15552271356467515,0.116263,0,4,4,0.0759039402432543,0
0.11249999999999998,0.0875,-0.00658896,0.00501598,0.008280969100413307,0.19633042790408217,0.141918,0,4,4,0.06343254289202531,0
0.13749999999999998,0.0875,-0.00977953,0.00608091,0.011515931288827663,0.2364391141965305,0.168746,0,4,4,0.05871545525070437,0
0.1625,0.0875,-0.013418,0.00692149,0.01509800476288506,0.27515957066974794,0.19746600000000003,0,4,4,0.06637512449258029,0
0.1875,0.0875,-0.017397,0.00753514,0.018958743202533226,0.3121522743188652,0.228153,0,4,4,0.08491899317723926,0
0.2125,0.0875,-0.0216099,0.00793243,0.023019800687992496,0.3473031772370647,0.260433,0,4,4,0.10991102721481275,0
0.2375,0.0875,-0.0259536,0.008128069999999998,0.02719659675188975,0.3805549468283917,0.29365100000000005,0,4,4,0.13819906560163717,1
0.26249999999999996,0.0875,-0.0303295,0.00813576,0.031401738184813906,0.4118147528704624,0.32699,0,4,4,0.16792318249659216,1
0.2875,0.0875,-0.0346431,0.007965949999999998,0.035547162151323704,0.440916199032197,0.35957400000000006,0,3,3,0.14152265038797676,1
0.3125,0.0875,-0.0388034,0.00762526,0.03954552366106182,0.4676111292953152,0.390529,0,3,3,0.1166632001937385,1
0.3375,0.0875,-0.0427213,0.00711731,0.0433101093894497,0.49160692661214606,0.419036,0,3,3,0.09779791805798212,1
0.36249999999999993,0.0875,-0.0463099,0.00644425,0.046756124690488406,0.5126131372480032,0.44437,0,3,3,0.08726313626893849,0
0.3875,0.0875,-0.0494843,0.00560872,0.04980114141792736,0.5303751545026972,0.46591800000000005,0,3,3,0.08594726437307365,0
0.4125,0.0875,-0.0521628,0.00461587,0.05236663021139416,0.5447111868980111,0.483197,0,3,3,0.09190053484989456,0
0.4375,0.0875,-0.0542686,0.00347536,0.054379767129784574,0.5555274144756134,0.495853,0,3,3,0.10168990349186999,0
0.4625,0.0875,-0.0557328,0.00220294,0.05577632060725769,0.5628231797404315,0.503672,0,3,3,0.11249743402480199,1
0.4875,0.0875,-0.0564974,0.000821677,0.056503374765161846,0.5666810135832062,0.50658,0,3,3,0.12270303231837314,1
0.5125,0.0875,-0.0565185,-0.000637383,0.05652209390440776,0.5672157481452186,0.504611,0,3,3,0.13165244258681577,1
0.5375,0.0875,-0.0557703,-0.00213526,0.0558111610464932,0.5645633699003948,0.497935,0,3,3,0.13939558470114516,1
0.5625,0.0875,-0.054248,-0.00362571,0.05436902865606576,0.5587999909653901,0.486802,0,3,3,0.1465162400285313,1
0.5874999999999999,0.0875,-0.051971,-0.00505674,0.05221642902791802,0.5499245705295955,0.471554,1,4,9,0.13945456004279475,1
0.6124999999999999,0.0875,-0.0489846,-0.00637269,0.04939739077113386,0.5378143014194027,0.452588,1,4,9,0.13271697238833768,1
0.6375,0.0875,-0.0453609,-0.00751715,0.045979547550323935,0.5222358362968209,0.430349,1,4,9,0.13253676585902407,1
0.6625,0.0875,-0.0411983,-0.008436229999999998,0.042053179422047275,0.5028632564785779,0.405314,1,4,9,0.14139264495945342,1
0.6875,0.0875,-0.0366197,-0.00908224,0.03772915996291993,0.4793386310073496,0.377974,1,4,9,0.15962452089927484,1
0.7124999999999999,0.0875,-0.0317683,-0.00941743,0.03313476833621898,0.4513456848857204,0.348824,0,4,4,0.17478031462890709,1
0.7374999999999998,0.0875,-0.0268028,-0.00941742,0.028409116270950777,0.4187034920731376,0.31835300000000005,0,4,4,0.1391720456002225,1
0.7624999999999998,0.0875,-0.0218899,-0.00907427,0.023696204296108272,0.3814608041647267,0.287039,0,4,4,0.10364857627774976,0
0.7874999999999999,0.0875,-0.0171964,-0.00839867,0.01913775929227087,0.33996676435375267,0.255321,0,4,4,0.06991329466045974,0
0.8125,0.0875,-0.0128798,-0.00742154,0.014865009384847356,0.2949442746224446,0.223577,0,4,4,0.04181605463042042,0
0.8375,0.0875,-0.00907821,-0.00619484,0.01099044764464578,0.24750556205095675,0.192073,0,4,4,0.032088529731482233,0
0.8624999999999998,0.0875,-0.0059006,-0.00479231,0.007601533759452758,0.19914845075711737,0.160899,0,4,4,0.047449756982142356,0
0.8874999999999998,0.0875,-0.00341679,-0.00331077,0.004757693968405282,0.15166080720476205,0.129879,0,4,4,0.069419061925115,0
0.9125,0.0875,-0.00164811,-0.00187308,0.0024949339186639795,0.106860759332086,0.09846750000000001,0,4,4,0.08996123058640247,0
0.9375,0.0875,-0.000558744,-0.000632781,0.0008441603233373385,0.06597959924772201,0.0656509,0,4,4,0.10706044836461127,0
0.9625,0.0875,-4.97805e-05,0.000217079,0.00022271369607918144,0.028301550832920803,0.0298687,0,4,4,0.11890824396280197,0
0.9875,0.0875,3.80033e-05,0.000413564,0.00041530643253733743,0.012712948049069342,0.0110399,0,4,4,0.12203929809189437,0
0.012499999999999997,0.11249999999999998,-0.000137133,0.000446346,0.00046693705293647455,0.06145213869219606,0.0563929,0,4,4,0.11105959878780436,0
0.0375,0.11249999999999998,-0.000977178,0.00224072,0.002444525099499696,0.1118284186996311,0.0926483,0,4,4,0.09511116755814943,0
0.0625,0.11249999999999998,-0.00284578,0.00435862,0.005205384914951055,0.15897691534584513,0.120776,0,4,4,0.07995139386615821,0
0.0875,0.11249999999999998,-0.00556465,0.00645796,0.008524703923544794,0.20225863966120208,0.14447700000000002,0,4,4,0.07062859741393795,0
0.11249999999999998,0.11249999999999998,-0.009010120000000002,0.00835491,0.01228766794483396,0.24363751888754737,0.166451,0,4,4,0.07222639936759653,0
0.13749999999999998,0.11249999999999998,-0.0130766,0.00995335,0.016433704505755844,0.2831147999456051,0.188459,0,4,4,0.08637081261000949,0
0.1625,0.11249999999999998,-0.017644,0.011214,0.020906088395489002,0.3200832907182129,0.211455,0,4,4,0.1098893945548978,0
0.1875,0.11249999999999998,-0.0225871,0.012132,0.025639081699819124,0.35417953271893055,0.23576600000000003,0,4,4,0.13910790690341515,1
0.2125,0.11249999999999998,-0.0277828,0.0127201,0.030556258276333507,0.38526775701192534,0.261226,0,4,4,0.1716379801483166,1
0.2375,0.11249999999999998,-0.033112,0.0129967,0.035571319273960025,0.4133521142041008,0.287362,0,3,3,0.13466405970157475,1
0.26249999999999996,0.11249999999999998,-0.0384602,0.0129799,0.04059143737353976,0.4384791819288574,0.313504,0,3,3,0.09766706342655557,1
0.2875,0.11249999999999998,-0.0437166,0.0126837,0.045519417408947584,0.4607048189774012,0.33890600000000004,0,3,3,0.06512773978606706,0
0.3125,0.11249999999999998,-0.0487738,0.0121175,0.05025651572373477,0.480067014098032,0.36282,0,3,3,0.045672017934810495,0
0.3375,0.11249999999999998,-0.0535266,0.0112872,0.0547037273995109,0.4966151448194064,0.384576,0,3,3,0.052227870996675974,0
0.36249999999999993,0.11249999999999998,-0.0578723,0.0101972,0.058763815355454926,0.5104182071953939,0.403605,0,3,3,0.07526271735698627,0
0.3875,0.11249999999999998,-0.0617109,0.008853369999999998,0.06234274086986311,0.5216111161468857,0.419482,0,3,3,0.10137491087958471,1
0.4125,0.11249999999999998,-0.0649467,0.0072657,0.06535184953297037,0.530400707130034,0.431915,0,3,3,0.1260251995159499,1
0.4375,0.11249999999999998,-0.0674906,0.00545113,0.06771038256159022,0.5370706861483319,0.440768,0,3,3,0.1476358521504028,1
0.4625,0.11249999999999998,-0.0692626,0.0034358,0.06934776478301229,0.5419592460744996,0.446037,1,3,8,0.13204794988023982,1
0.4875,0.11249999999999998,-0.070196,0.00125668,0.07020724792086924,0.5453914657885747,0.447823,1,3,8,0.12104531823162519,1
0.5125,0.11249999999999998,-0.0702404,-0.00103757,0.07024806291752748,0.5476386451768448,0.446329,1,3,8,0.11608187581840788,1
0.5375,0.11249999999999998,-0.0693664,-0.00338676,0.06944902873516375,0.5488171869682289,0.44181100000000006,1,3,8,0.11832645731785521,1
0.5625,0.11249999999999998,-0.0675683,-0.00572024,0.06781000155248192,0.5488435979825218,0.43456200000000006,1,3,8,0.1284804664071864,1
0.5874999999999999,0.11249999999999998,-0.064868,-0.00795904,0.06535444699269974,0.5473788415246246,0.42487500000000006,1,3,8,0.14638429712043466,1
0.6124999999999999,0.11249999999999998,-0.0613166,-0.0100191,0.06212976581615288,0.543843824110415,0.413021,1,4,9,0.13486673865551294,1
0.6375,0.11249999999999998,-0.0569958,-0.0118153,0.058207581393921536,0.5374544876070902,0.399228,1,4,9,0.11025461076920726,1
0.6625,0.11249999999999998,-0.0520176,-0.0132665,0.05368268558865139,0.5273104467929685,0.38367,1,4,9,0.09235012272439312,0
0.6875,0.11249999999999998,-0.0465219,-0.0143006,0.04867026135095229,0.5125002893394306,0.366458,1,4,9,0.09069996306513821,0
0.7124999999999999,0.11249999999999998,-0.0406732,-0.0148602,0.04330282603110333,0.492239097229182,0.347648,1,4,9,0.10945342930094591,1
0.7374999999999998,0.11249999999999998,-0.0346541,-0.0149081,0.037724767625791945,0.465971732511748,0.32724200000000003,1,4,9,0.14226343866354346,1
0.7624999999999998,0.11249999999999998,-0.0286583,-0.0144313,0.03208676640891069,0.4334939777770852,0.30522200000000005,0,4,4,0.17318091707147804,1
0.7874999999999999,0.11249999999999998,-0.022881,-0.013445,0.026538805285845103,0.39502319409497977,0.28152400000000005,0,4,4,0.13224437166152536,1
0.8125,0.11249999999999998,-0.0175085,-0.0119952,0.021223392643260407,0.3512518790455077,0.256068,0,4,4,0.0934263321817538,0
0.8375,0.11249999999999998,-0.0127067,-0.0101593,0.016268730785774285,0.3033458004153675,0.228735,0,4,4,0.060020059166223425,0
0.8624999999999998,0.11249999999999998,-0.008610009999999998,-0.00804724,0.011785174747015844,0.2528655203774528,0.199313,0,4,4,0.04152662599599449,0
0.8874999999999998,0.11249999999999998,-0.00531037,-0.00580193,0.007865266763549728,0.201585738679104,0.16745,0,4,4,0.04982081344626292,0
0.9125,0.11249999999999998,-0.00284726,-0.00360076,0.0045904642559549454,0.15114733373076747,0.132581,0,4,4,0.07142288593473776,0
0.9375,0.11249999999999998,-0.00119915,-0.00165811,0.002046286757666188,0.10229826786339052,0.093832,0,4,4,0.09345699550409452,0
0.9625,0.11249999999999998,-0.00028983,-0.000231068,0.00037066676344663,0.05370733186179425,0.049952300000000005,0,4,4,0.11213778213487523,0
0.9875,0.11249999999999998,-3.77235e-06,0.000350618,0.00035063829304359006,0.008294351516622622,0.00075072,0,4,4,0.12313414915682545,0
0.012499999999999997,0.13749999999999998,-0.000201319,0.00103211,0.0010515609311214447,0.10664324608512064,0.10092699999999998,0,4,4,0.10066799112891954,0
0.0375,0.13749999999999998,-0.00133243,0.00389063,0.004112465380012335,0.15788021719354206,0.132574,0,4,4,0.08488846277098942,0
0.0625,0.13749999999999998,-0.00375147,0.0069676,0.007913341703787345,0.20750005633975135,0.155991,0,4,4,0.07632310055228948,0
0.0875,0.13749999999999998,-0.00717342,0.00991188,0.01223533079368106,0.25159153046905214,0.174592,0,4,4,0.08233402019044889,0
0.11249999999999998,0.13749999999999998,-0.0114161,0.0125293,0.016950241818334037,0.2924139518209075,0.19097,0,4,4,0.1020627414906623,0
0.13749999999999998,0.13749999999999998,-0.0163434,0.014717,0.021993108296918838,0.330394832352142,0.20690200000000003,0,4,4,0.13050924084644866,0
0.1625,0.13749999999999998,-0.0218121,0.0164334,0.02730978472947013,0.36508011092909454,0.223434,0,4,4,0.16396566808378987,1
0.1875,0.13749999999999998,-0.0276792,0.0176752,0.032841297289845285,0.39613416071326146,0.24098600000000003,0,3,3,0.15916434163537616,1
0.2125,0.13749999999999998,-0.0338065,0.0184586,0.03851752012019985,0.42342190577720473,0.259512,0,3,3,0.11506512858651288,1
0.2375,0.13749999999999998,-0.0400619,0.0188066,0.04425657053105222,0.44695668834910607,0.27864,0,3,3,0.07126370467795433,0
0.26249999999999996,0.13749999999999998,-0.0463177,0.0187415,0.04996571980408168,0.46685442290718426,0.297796,0,3,3,0.03115367411486602,0
0.2875,0.13749999999999998,-0.0524508,0.0182807,0.05554521053277231,0.4833075638265969,0.316334,0,3,3,0.02847088080923268,0
0.3125,0.13749999999999998,-0.0583409,0.0174365,0.06089082151736828,0.4965638981037586,0.33363000000000004,0,3,3,0.06528336409268433,0
0.3375,0.13749999999999998,-0.0638704,0.0162174,0.06589713240285953,0.5069413091788831,0.349138,0,3,3,0.103793237466072,0
0.36249999999999993,0.13749999999999998,-0.068924,0.0146304,0.07045967910911885,0.5148335648498454,0.36244,0,3,3,0.14005040672294208,1
0.3875,0.13749999999999998,-0.07338989999999998,0.0126852,0.07447812914574317,0.5207260825894935,0.37328800000000006,1,3,8,0.15144774947529105,1
0.4125,0.13749999999999998,-0.0771608,0.0103979,0.0778582390055799,0.5251923341559358,0.381576,1,3,8,0.1298625431256555,1
0.4375,0.13749999999999998,-0.08013689999999998,0.007793719999999999,0.08051499744177106,0.5288642428118959,0.387348,1,3,8,0.11159184692756831,1
0.4625,0.13749999999999998,-0.0822291,0.0049109,0.08237561426550942,0.5323673842604936,0.390783,1,3,8,0.09604859924656245,0
0.4875,0.13749999999999998,-0.0833619,0.00180205,0.08338137535332756,0.5362272031767504,0.392135,1,3,8,0.08278178277147298,0
0.5125,0.13749999999999998,-0.08347839999999998,-0.00146457,0.08349124643844345,0.5407702776245751,0.391719,1,3,8,0.07215066971479456,0
0.5375,0.13749999999999998,-0.0825435,-0.00480528,0.08268325167848926,0.5460243286521215,0.389862,1,3,8,0.06621212836865116,0
0.5625,0.13749999999999998,-0.0805484,-0.008122469999999998,0.08095689755333328,0.5516576733600286,0.386858,1,3,8,0.0686899462788222,0
0.5874999999999999,0.13749999999999998,-0.0775136,-0.0113074,0.07833399951311053,0.5569710658068335,0.382933,1,3,8,0.08209572586243515,0
0.6124999999999999,0.13749999999999998,-0.0734919,-0.0142445,0.07485963629259763,0.5609476747505066,0.378224,1,3,8,0.10546269206792029,1
0.6375,0.13749999999999998,-0.0685697,-0.0168165,0.07060168857994828,0.5623519256942222,0.372744,1,3,8,0.13639873696771637,1
0.6625,0.13749999999999998,-0.0628671,-0.0189112,0.06564987241305195,0.5598575489604477,0.36638,1,4,9,0.11518413548011025,1
0.6875,0.13749999999999998,-0.0565363,-0.0204284,0.06011383155522529,0.5521914717921673,0.3589,1,4,9,0.07591460982808669,0
0.7124999999999999,0.13749999999999998,-0.0497582,-0.0212875,0.05412057024357744,0.5382656285627013,0.349956,1,4,9,0.05019500832935327,0
0.7374999999999998,0.13749999999999998,-0.042736,-0.0214347,0.047810166911338006,0.517310545657055,0.33913000000000004,1,4,9,0.06586166999134806,0
0.7624999999999998,0.13749999999999998,-0.0356879,-0.0208497,0.041332023861649934,0.4889554402356108,0.325942,1,4,9,0.10815692435345618,1
0.7874999999999999,0.13749999999999998,-0.0288365,-0.0195505,0.034839141529320154,0.45332309357454975,0.309908,1,4,9,0.1571679206800908,1
0.8125,0.13749999999999998,-0.0223975,-0.0175973,0.028483556195461265,0.4110285104563916,0.290542,0,4,4,0.15618263394735477,1
0.8375,0.13749999999999998,-0.016567,-0.015094,0.02241192372376811,0.36317740181349384,0.267386,0,4,4,0.11131000913194451,0
0.8624999999999998,0.13749999999999998,-0.0115089,-0.0121887,0.0167636269017179,0.3112274139242879,0.239987,0,4,4,0.07208949040960175,0
0.8874999999999998,0.13749999999999998,-0.00734283,-0.00907252,0.011671665329304984,0.25678097810788086,0.207876,0,4,4,0.04828859113305142,0
0.9125,0.13749999999999998,-0.00413335,-0.00597966,0.007269175739937782,0.2011980079047504,0.17049000000000003,0,4,4,0.05450006032904488,0
0.9375,0.13749999999999998,-0.00188065,-0.00318614,0.003699774658286637,0.1448165388620029,0.12713000000000002,0,4,4,0.07765641970632134,0
0.9625,0.13749999999999998,-0.000538667,-0.00101103,0.001145575749476655,0.08589452302364803,0.0768832,0,4,4,0.10165914087276276,0
0.9875,0.13749999999999998,-4.40107e-05,0.000159065,0.0001650412552651306,0.023086271218488275,0.0185924,0,4,4,0.12021705920220818,0
0.012499999999999997,0.1625,-0.000260731,0.00179946,0.0018182510679114145,0.16396361937587983,0.157926,0,4,4,0.08943331799782532,0
0.0375,0.1625,-0.00167039,0.00598253,0.006211349930007164,0.21093378765735943,0.181098,0,4,4,0.07889856660842202,0
0.0625,0.1625,-0.00462408,0.0101986,0.011197926495847346,0.2597389153387686,0.196525,0,4,4,0.08623678467486605,0
0.0875,0.1625,-0.00873253,0.0141085,0.01659237332182771,0.3028616301655923,0.207426,0,4,4,0.11118550468051777,0
0.11249999999999998,0.1625,-0.0137535,0.0175248,0.022277283884935346,0.3420480714709557,0.216266,0,4,4,0.14550455217047173,0
0.13749999999999998,0.1625,-0.0195176,0.0203503,0.028197010831824004,0.37782943074355657,0.224748,0,4,4,0.18423905818925618,1
0.1625,0.1625,-0.0258575,0.0225496,0.03430881470424182,0.4098061869811143,0.233896,0,3,3,0.1606622816890488,1
0.1875,0.1625,-0.0326112,0.024126,0.04056543160672643,0.43768307465562334,0.244136,0,3,3,0.11686226756680175,0
0.2125,0.1625,-0.039627,0.0251023,0.046908683570209046,0.4613442117681764,0.25544,0,3,3,0.07752909866094713,0
0.2375,0.1625,-0.0467611,0.0255074,0.05326563552582472,0.4808055469189181,0.267466,0,3,3,0.05517643194538316,0
0.26249999999999996,0.1625,-0.0538759,0.0253685,0.05954975560873445,0.4962252696427299,0.2797,0,3,3,0.06874717054156668,0
0.2875,0.1625,-0.0608383,0.0247067,0.06566368685795826,0.5078894848212552,0.291558,0,3,3,0.1038654374933718,0
0.3125,0.1625,-0.0675186,0.0235371,0.07150354132747552,0.5161984159448768,0.302508,0,3,3,0.14393507846465506,0
0.3375,0.1625,-0.07378959999999998,0.0218706,0.07696251173474003,0.5216726633819334,0.31212,0,3,3,0.18377997967314963,1
0.36249999999999993,0.1625,-0.0795265,0.0197173,0.08193434030697995,0.5249705455547007,0.320126,1,3,8,0.17855763892176876,1
0.3875,0.1625,-0.08460779999999998,0.0170912,0.08631679406859363,0.5268681232414806,0.32641800000000004,1,3,8,0.16408872691620918,0
0.4125,0.1625,-0.08891699999999998,0.0140143,0.09001462933040384,0.5282445186123563,0.331068,1,3,8,0.15377906161382132,0
0.4375,0.1625,-0.092345,0.0105214,0.09294244930579353,0.5300229628308569,0.334298,1,3,8,0.14617291310930608,0
0.4625,0.1625,-0.09479340000000001,0.00666308,0.09502728723185987,0.533042551915886,0.336421,1,3,8,0.1396815151805929,0
0.4875,0.1625,-0.0961782,0.00250856,0.09621090909306285,0.5379748148594319,0.33785400000000004,1,3,8,0.13302560148748202,0
0.5125,0.1625,-0.0964337,-0.0018533,0.09645150707262173,0.5450987134024442,0.33896000000000004,1,3,8,0.12558595620455934,0
0.5375,0.1625,-0.0955174,-0.00631406,0.09572586409348104,0.5543374643706124,0.340144,1,3,8,0.11765896939981771,0
0.5625,0.1625,-0.0934133,-0.0107476,0.09402954600895401,0.5650819775554695,0.341669,1,3,8,0.11073777518141108,0
0.5874999999999999,0.1625,-0.0901367,-0.0150132,0.09137844855943879,0.5763388856011713,0.343716,1,3,8,0.10764308681723132,0
0.6124999999999999,0.1625,-0.0857369,-0.0189612,0.0878085595318019,0.5867490142675997,0.346272,1,3,8,0.11189996919052575,0
0.6375,0.1625,-0.0802997,-0.022439,0.08337595901151601,0.5947514088928249,0.349152,1,3,8,0.1258924739205819,0
0.6625,0.1625,-0.0739485,-0.0252993,0.07815647914754092,0.5987487587360829,0.351982,1,3,8,0.1495250172061147,1
0.6875,0.1625,-0.0668432,-0.0274095,0.0722446819945247,0.5972347530243028,0.354204,1,4,9,0.14633735492279687,1
0.7124999999999999,0.1625,-0.0591773,-0.028661,0.06575261026217895,0.5889227984209815,0.35510400000000003,1,4,9,0.0985434674229889,0
0.7374999999999998,0.1625,-0.0511728,-0.0289791,0.05880853421613227,0.5728748232764292,0.353858,1,4,9,0.055369904707677504,0
0.7624999999999998,0.1625,-0.0430712,-0.0283315,0.051553876301302495,0.5485721084378973,0.34956800000000005,1,4,9,0.04913786065193995,0
0.7874999999999999,0.1625,-0.035124,-0.026736,0.04414191966826998,0.5159835083682424,0.341336,1,4,9,0.09157173895477887,0
0.8125,0.1625,-0.0275791,-0.0242648,0.03673400707586909,0.4755811849684552,0.328306,1,4,9,0.14562787062541827,1
0.8375,0.1625,-0.0206674,-0.0210477,0.029498255847592077,0.4282858207132242,0.30970000000000003,0,4,4,0.17381194490967994,1
0.8624999999999998,0.1625,-0.0145879,-0.017271,0.022607394087112296,0.3753374465251236,0.28485,0,4,4,0.12171755293509187,0
0.8874999999999998,0.1625,-0.00949511,-0.0131761,0.01624089668466923,0.3180745185200474,0.25317300000000004,0,4,4,0.0765847427093003,0
0.9125,0.1625,-0.0054854,-0.00905573,0.010587533187334054,0.25758583820280184,0.214137,0,4,4,0.051312673201608955,0
0.9375,0.1625,-0.00258702,-0.00524898,0.0058518769229026,0.19393722768125257,0.167221,0,4,4,0.0620437879302031,0
0.9625,0.1625,-0.0007887849999999999,-0.00213687,0.0022778049023401887,0.12529022200834347,0.111856,0,4,4,0.08882549260248469,0
0.9875,0.1625,-8.14254e-05,-0.000160314,0.00017980732566044133,0.05148106909721767,0.0474058,0,4,4,0.1137233389928573,0
0.012499999999999997,0.1875,-0.000315633,0.0027375,0.0027556361226927254,0.23295891137597124,0.2268,0,4,4,0.08007223041888174,0
0.0375,0.1875,-0.00198819,0.008496939999999998,0.008726447664410759,0.2710805740726547,0.23811,0,4,4,0.08207830100935513,0
0.0625,0.1875,-0.00545175,0.0140291,0.015051153606036316,0.31549765383761574,0.242591,0,4,4,0.11055870469772437,0
0.0875,0.1875,-0.0102185,0.0190235,0.02159424216081685,0.355574575943444,0.243363,0,4,4,0.15209196852654974,0
0.11249999999999998,0.1875,-0.0159876,0.0233143,0.02826941701291344,0.39195063886668174,0.242768,0,4,4,0.19801396552542525,1
0.13749999999999998,0.1875,-0.022556,0.0268222,0.03504573510200635,0.42487196863996574,0.242398,0,3,3,0.17525050092727648,1
0.1625,0.1875,-0.0297312,0.029527,0.04190212384163838,0.4538179164554877,0.243168,0,3,3,0.13727568883145586,0
0.1875,0.1875,-0.0373333,0.0314447,0.048811314743407594,0.4784673194900567,0.245438,0,3,3,0.10974913167614314,0
0.2125,0.1875,-0.0451971,0.0326086,0.05573238414396068,0.49869287729423206,0.249118,0,3,3,0.10203416924231282,0
0.2375,0.1875,-0.053169,0.0330557,0.06260688351523337,0.5145297436611416,0.253838,0,3,3,0.11800649675698689,0
0.26249999999999996,0.1875,-0.0611034,0.0328189,0.06935925092422783,0.5261624405675496,0.25908600000000004,0,3,3,0.14963966577057808,0
0.2875,0.1875,-0.0688601,0.0319239,0.07590025535675093,0.5339420246318881,0.264318,0,3,3,0.1881213401427625,0
0.3125,0.1875,-0.0763024,0.0303886,0.08213113450890595,0.5383796908836737,0.26906,0,3,3,0.22859947921792875,1
0.3375,0.1875,-0.0832962,0.0282263,0.08794874044652373,0.5401588350476182,0.272984,1,3,8,0.2312592571068936,1
0.36249999999999993,0.1875,-0.0897097,0.02545,0.0932498406116064,0.5401279168123048,0.275942,1,3,8,0.22352987692589252,0
0.3875,0.1875,-0.0954138,0.0220776,0.09793474180391756,0.539282440363118,0.277968,1,3,8,0.2198491415188625,0
0.4125,0.1875,-0.100284,0.0181372,0.10191093503564767,0.5387398013475523,0.27930000000000005,1,3,8,0.21860940562700376,0
0.4375,0.1875,-0.104203,0.0136726,0.10509617119457779,0.5395993242101031,0.280292,1,3,8,0.21819281178049835,0
0.4625,0.1875,-0.107063,0.0087468,0.10741970247231183,0.5428713151745633,0.281426,1,3,8,0.21726270828273214,0
0.4875,0.1875,-0.108771,0.00344529,0.10882555060363398,0.5492356090218843,0.28319200000000005,1,3,8,0.21494441264757932,0
0.5125,0.1875,-0.109249,-0.00212242,0.10926961456716316,0.5589540521534485,0.286062,1,3,8,0.21085468756341874,0
0.5375,0.1875,-0.108445,-0.00782289,0.10872679353752736,0.5718102853197379,0.290488,1,3,8,0.20515430291699696,0
0.5625,0.1875,-0.106331,-0.0135006,0.10718464330938456,0.5870321273490916,0.296756,1,3,8,0.19850255119335264,0
0.5874999999999999,0.1875,-0.102913,-0.0189818,0.1046489096944636,0.603338494618071,0.304916,1,3,8,0.1920815016966426,0
0.6124999999999999,0.1875,-0.0982313,-0.0240801,0.1011397029642662,0.6192072345895193,0.314894,1,3,8,0.18750792106463432,0
0.6375,0.1875,-0.0923654,-0.0286042,0.09669316095153782,0.6328913512539099,0.326312,1,3,8,0.18669234399661286,0
0.6625,0.1875,-0.0854367,-0.0323678,0.09136248783680312,0.6426324228670696,0.33856600000000003,1,3,8,0.19150053657222846,0
0.6875,0.1875,-0.0776082,-0.0352003,0.08521791963742131,0.6467625556446508,0.35079,1,3,8,0.20329010561085983,1
0.7124999999999999,0.1875,-0.069083,-0.0369592,0.07834821857349408,0.6438525510953576,0.361924,1,4,9,0.1955854694850405,1
0.7374999999999998,0.1875,-0.0600994,-0.0375425,0.07086167643098772,0.6327831855446224,0.370734,1,4,9,0.1458594106145154,0
0.7624999999999998,0.1875,-0.0509232,-0.0369002,0.06288717721666318,0.6128531089584192,0.375918,1,4,9,0.10005200778353435,0
0.7874999999999999,0.1875,-0.0418366,-0.0350441,0.054574628211010286,0.5838005854125191,0.376144,1,4,9,0.07595409124001004,0
0.8125,0.1875,-0.0331245,-0.032055,0.0460950705092204,0.5458555807354176,0.37016800000000005,1,4,9,0.09780956761168742,0
0.8375,0.1875,-0.0250582,-0.0280858,0.03763941483179567,0.49965195835101056,0.35688200000000003,1,4,9,0.14807046907183094,1
0.8624999999999998,0.1875,-0.0178798,-0.0233612,0.0294182411690434,0.4461271289755869,0.335378,0,4,4,0.18288893921886895,1
0.8874999999999998,0.1875,-0.0117862,-0.0181741,0.021661311623491317,0.38632714543536806,0.304954,0,4,4,0.12292815279404232,0
0.9125,0.1875,-0.00691306,-0.0128781,0.014616287427852532,0.3211287363292796,0.26510300000000003,0,4,4,0.07329472165048169,0
0.9375,0.1875,-0.00332282,-0.00787875,0.008550779748941027,0.25048049064699635,0.215473,0,4,4,0.05376318099024233,0
0.9625,0.1875,-0.0010428,-0.00362208,0.0037692035453660497,0.17279292450690795,0.155824,0,4,4,0.0746518086323261,0
0.9875,0.1875,-0.000117118,-0.000606496,0.000617700594090697,0.09005218288484128,0.0859946,0,4,4,0.10390884482097332,0
0.012499999999999997,0.2125,-0.000366294,0.0038349,0.003852353735631763,0.313000167222517,0.30683600000000005,0,4,4,0.07696183977043655,0
0.0375,0.2125,-0.00228431,0.0114098,0.011636219670326783,0.33825619314507754,0.303252,0,4,4,0.09726228379997279,0
0.0625,0.2125,-0.00622707,0.0184285,0.019452146746179455,0.3746727230746322,0.29410200000000003,0,4,4,0.14588979742148944,0
0.0875,0.2125,-0.0116155,0.0246229,0.027225117899836546,0.4093788715615402,0.282494,0,4,4,0.20150582569119727,1
0.11249999999999998,0.2125,-0.0180932,0.0298616,0.03491531241160531,0.4416203978078912,0.270664,0,3,3,0.19737030669957756,1
0.13749999999999998,0.2125,-0.0254248,0.0340948,0.042530881040486336,0.4710012214761232,0.260066,0,3,3,0.16671165532009688,0
0.1625,0.2125,-0.0333934,0.0373263,0.05008364838198192,0.4966442739345738,0.251456,0,3,3,0.14998310185157585,0
0.1875,0.2125,-0.0418015,0.0395913,0.05757461626394048,0.5180771323847445,0.245038,0,3,3,0.1511223254754023,0
0.2125,0.2125,-0.0504719,0.0409377,0.0649869830881539,0.5351225216789142,0.240616,0,3,3,0.16924842902095205,0
0.2375,0.2125,-0.0592427,0.0414136,0.07228266575223964,0.5478002679736476,0.237742,0,3,3,0.19924292267505012,1
0.26249999999999996,0.2125,-0.067962,0.0410595,0.07940224168277618,0.5563111547398631,0.235846,0,3,3,0.23589236296412577,1
0.2875,0.2125,-0.07648449999999998,0.0399059,0.08626911147716777,0.5610556640904715,0.23438,0,3,3,0.2755788368550642,1
0.3125,0.2125,-0.0846692,0.0379737,0.09279480222690278,0.562633086001881,0.23291400000000004,1,2,7,0.29261320577590005,1
0.3375,0.2125,-0.0923774,0.0352787,0.09888463330796143,0.5618396118680136,0.231206,1,3,8,0.29250370150817123,1
0.36249999999999993,0.2125,-0.09947230000000001,0.0318362,0.10444272161203956,0.5596404960972714,0.22918,1,3,8,0.2926749392879893,1
0.3875,0.2125,-0.105819,0.0276674,0.10937616643382596,0.557204421924306,0.227036,1,3,8,0.2950223927990955,1
0.4125,0.2125,-0.111287,0.0228058,0.11359973980005413,0.5557624186538705,0.225132,1,3,8,0.29822108897485006,1
0.4375,0.2125,-0.11575,0.017303,0.11703613249334584,0.5565285375108808,0.22397,1,3,8,0.30114302908469626,1
0.4625,0.2125,-0.119092,0.0112333,0.11962061483243595,0.5605339622404695,0.224125,1,3,8,0.30298635382628686,0
0.4875,0.2125,-0.121207,0.00469727,0.12129798512115895,0.5684816535715467,0.226235,1,3,8,0.30328672256705647,0
0.5125,0.2125,-0.122005,-0.00217593,0.12202440205288818,0.5806186799586799,0.230902,1,3,8,0.3019081715742341,0
0.5375,0.2125,-0.12142,-0.00922862,0.12177020911168872,0.5965652052068072,0.238557,1,3,8,0.29901661955882086,0
0.5625,0.2125,-0.11941,-0.0162761,0.12051414660200686,0.6154834609053277,0.24954200000000004,1,3,8,0.2949594784372235,0
0.5874999999999999,0.2125,-0.115962,-0.0231105,0.118242465528464,0.6360039355004025,0.263884,1,3,8,0.29018848709559913,0
0.6124999999999999,0.2125,-0.111104,-0.0295069,0.11495545208301342,0.6565163811330226,0.281418,1,3,8,0.28524155661331546,1
0.6375,0.2125,-0.104903,-0.0352323,0.11066144031364313,0.6752105292484708,0.30163000000000006,1,3,8,0.28068600738689675,1
0.6625,0.2125,-0.0974729,-0.040056,0.10538239592270617,0.6902620216555451,0.32372200000000007,1,3,8,0.2771932950533321,1
0.6875,0.2125,-0.0889741,-0.0437635,0.09915459849679187,0.6998876429142038,0.34652,1,3,8,0.2756400849532494,1
0.7124999999999999,0.2125,-0.07961569999999998,-0.0461708,0.09203478939580402,0.7025325397047456,0.368656,1,3,8,0.2772338019859331,1
0.7374999999999998,0.2125,-0.0696505,-0.0471403,0.08410350785989845,0.6968747918701035,0.388474,1,4,9,0.2550130956815218,1
0.7624999999999998,0.2125,-0.0593687,-0.046596,0.07547072118172715,0.6819511277796966,0.404216,1,4,9,0.20131505180878276,0
0.7874999999999999,0.2125,-0.049086,-0.0445363,0.06627908730278352,0.6571998568319991,0.41409200000000007,1,4,9,0.15013874054699775,0
0.8125,0.2125,-0.0391292,-0.0410445,0.0567075415874291,0.6224813994008175,0.416398,1,4,9,0.11467294549006825,0
0.8375,0.2125,-0.0298177,-0.036293,0.046971023858225616,0.5780621937784897,0.409652,1,4,9,0.11848109517206605,0
0.8624999999999998,0.2125,-0.0214451,-0.0305437,0.03732036875085776,0.5245005160493171,0.392638,1,4,9,0.16154154999384615,1
0.8874999999999998,0.2125,-0.0142597,-0.0241422,0.02803898830075721,0.4625389915282818,0.364498,0,4,4,0.1811549521629299,1
0.9125,0.2125,-0.00844521,-0.0175071,0.0194375955908672,0.39291401017530553,0.32472100000000004,0,4,4,0.11379390017376548,0
0.9375,0.2125,-0.00410464,-0.0111154,0.011849058472705752,0.3156118081039428,0.273102,0,4,4,0.0642673110240944,0
0.9625,0.2125,-0.00130773,-0.00548531,0.005639041013239751,0.22951731543881393,0.209698,0,4,4,0.06198045163890485,0
0.9875,0.2125,-0.000152579,-0.00118118,0.001190993930984117,0.13889719011309912,0.134784,0,4,4,0.09244106120845647,0
0.012499999999999997,0.2375,-0.000412755,0.00507988,0.005096621185101459,0.40333933101670166,0.397238,0,4,4,0.08437864453011013,0
0.0375,0.2375,-0.00255719,0.0146935,0.01491436096338358,0.41221646259221617,0.376013,0,4,4,0.12313905067498553,0
0.0625,0.2375,-0.00694377,0.02336,0.02437017730368205,0.4371442748715806,0.350789,0,4,4,0.18914556911649885,1
0.0875,0.2375,-0.0129101,0.0308646,0.03345585472185698,0.46401399950109273,0.32473,0,3,3,0.22188288290081754,1
0.11249999999999998,0.2375,-0.0200489,0.0371224,0.04219041328275892,0.49064543304508607,0.29999,0,3,3,0.19685240800543327,0
0.13749999999999998,0.2375,-0.0280946,0.0421229,0.05063245257312744,0.5157232175382449,0.277846,0,3,3,0.1890708559328576,0
0.1625,0.2375,-0.0368075,0.0459025,0.058837331367933406,0.5377856253861756,0.258858,0,3,3,0.19800196850982596,0
0.1875,0.2375,-0.0459738,0.048522,0.06684291114576026,0.5560527773620054,0.24303,0,3,3,0.220082146622972,1
0.2125,0.2375,-0.0554056,0.0500488,0.07466366514443286,0.5702091209021476,0.229994,0,3,3,0.2509266246538216,1
0.2375,0.2375,-0.0649343,0.0505449,0.08228760679774323,0.5802072841493806,0.219154,1,2,7,0.23896518093041827,1
0.26249999999999996,0.2375,-0.07440339999999998,0.0500602,0.089676583095031,0.5862517739435849,0.209858,1,2,7,0.23446087606269445,1
0.2875,0.2375,-0.0836649,0.0486309,0.09677179303299076,0.588773159693952,0.20152000000000003,1,2,7,0.248703657670424,1
0.3125,0.2375,-0.09257530000000001,0.0462816,0.1034996264179248,0.5884312025411297,0.193718,1,2,7,0.27761365141402056,1
0.3375,0.2375,-0.100994,0.0430299,0.10977868795904784,0.5860690235560997,0.186236,1,2,7,0.31594524137130775,1
0.36249999999999993,0.2375,-0.10878,0.0388928,0.11552375639598982,0.5827655339534074,0.179132,0,2,2,0.31342918554777943,1
0.3875,0.2375,-0.115796,0.0338938,0.1206544789655154,0.579742565589245,0.17269,0,2,2,0.3172086078383787,1
0.4125,0.2375,-0.121905,0.0280703,0.1250950469326823,0.578259696956307,0.16737800000000003,0,2,2,0.33684395544022144,1
0.4375,0.2375,-0.126974,0.0214797,0.1287780035102657,0.5795352514178926,0.16383000000000003,0,2,2,0.3693660913356926,1
0.4625,0.2375,-0.130875,0.0142058,0.13164372517761716,0.5846154493100572,0.162786,1,3,8,0.39114916874996114,1
0.4875,0.2375,-0.133492,0.00636198,0.1336435140720282,0.5941580403044632,0.164982,1,3,8,0.39346334214347417,1
0.5125,0.2375,-0.13472,-0.0019051,0.1347334695092871,0.6083311627235942,0.171116,1,3,8,0.3947638167119224,1
0.5375,0.2375,-0.134473,-0.0104152,0.1348757358461484,0.6267817164099156,0.181752,1,3,8,0.3952062607728123,1
0.5625,0.2375,-0.13269,-0.0189555,0.1340371108322244,0.6485965118685113,0.197202,1,3,8,0.3949261262087745,1
0.5874999999999999,0.2375,-0.129338,-0.0272841,0.13218449363223359,0.6725328220183756,0.217626,1,3,8,0.39391085618267097,1
0.6124999999999999,0.2375,-0.124424,-0.0351362,0.1292899235301808,0.6969631901843885,0.242754,2,3,13,0.37403489783516136,1
0.6375,0.2375,-0.117996,-0.0422334,0.12532643811885824,0.7201462568367624,0.27203,2,3,13,0.32982511518943747,1
0.6625,0.2375,-0.110154,-0.0482957,0.12027625848225408,0.7402420706741818,0.30444800000000005,2,3,13,0.296364006284394,1
0.6875,0.2375,-0.101049,-0.0530571,0.11413131148554281,0.7554491131135175,0.33864800000000006,2,3,13,0.28055226075459444,1
0.7124999999999999,0.2375,-0.0908926,-0.0562832,0.1069077328213446,0.7640530543437412,0.372896,2,3,13,0.28835585294335336,1
0.7374999999999998,0.2375,-0.0799483,-0.0577906,0.09864828493820862,0.7645105638145232,0.405094,2,3,13,0.320926996706928,1
0.7624999999999998,0.2375,-0.06853,-0.0574663,0.08943565584088933,0.755532894868251,0.433008,1,4,9,0.31856240475911235,1
0.7874999999999999,0.2375,-0.0569897,-0.0552853,0.07939956109563831,0.736146104093474,0.4542900000000001,1,4,9,0.2568270618126244,1
0.8125,0.2375,-0.0457011,-0.0513246,0.06872266806789445,0.7057392651794288,0.4666920000000001,1,4,9,0.1962846040628209,0
0.8375,0.2375,-0.03504,-0.0457708,0.05764345351069798,0.6640863729064165,0.4682280000000001,1,4,9,0.14997456358476927,0
0.8624999999999998,0.2375,-0.0253609,-0.0389205,0.04645406945639961,0.6113029704164704,0.457296,1,4,9,0.14280215793342996,0
0.8874999999999998,0.2375,-0.0169745,-0.0311736,0.0354954502325298,0.5478035221354459,0.432796,1,4,9,0.18249009856837245,1
0.9125,0.2375,-0.0101223,-0.0230187,0.025146003797422763,0.47422591368760103,0.394148,0,4,4,0.16664122526277075,1
0.9375,0.2375,-0.00495611,-0.0150126,0.015809528300746355,0.3907067799459846,0.341267,0,4,4,0.09446450755060873,0
0.9625,0.2375,-0.00159346,-0.0077555,0.007917505606035278,0.29673979213568574,0.274495,0,4,4,0.05778032022089212,0
0.9875,0.2375,-0.000189837,-0.00189143,0.001900932805616495,0.19870680794232393,0.194509,0,4,4,0.08059348230178896,0
0.012499999999999997,0.26249999999999996,-0.000454818,0.00645993,0.006475921171387434,0.5031367722212305,0.49713900000000005,0,4,4,0.1029486470831951,0
0.0375,0.26249999999999996,-0.00280482,0.0183177,0.0185311939313796,0.49255249513667065,0.455775,0,4,4,0.15693445537540557,0
0.0625,0.26249999999999996,-0.00759542,0.0287812,0.029766556374837848,0.5027391614012579,0.412264,0,4,4,0.23845529110683353,1
0.0875,0.26249999999999996,-0.0140896,0.0376997,0.04024654281115336,0.5192591302577164,0.369876,0,3,3,0.22263827983020903,1
0.11249999999999998,0.26249999999999996,-0.0218344,0.0450444,0.050057357048889424,0.53866619736902,0.330676,0,3,3,0.22143183409700432,0
0.13749999999999998,0.26249999999999996,-0.030537,0.0508534,0.05931759149324928,0.5585844738980849,0.295756,0,3,3,0.23862527878087886,1
0.1625,0.26249999999999996,-0.0399372,0.0552036,0.0681352874566476,0.5767475331234628,0.26544,0,3,3,0.2672289597088376,1
0.1875,0.26249999999999996,-0.0498067,0.0581876,0.07659310777511251,0.5918975944097088,0.23948,1,2,7,0.2410919515748552,1
0.2125,0.26249999999999996,-0.0599487,0.0598967,0.08474350301102734,0.6034578895167417,0.217276,1,2,7,0.21086667422216407,1
0.2375,0.26249999999999996,-0.070189,0.06041,0.09260595996478845,0.6112659758403047,0.19806,1,2,7,0.20220668928721489,0
0.26249999999999996,0.26249999999999996,-0.08036889999999998,0.0597891,0.10016933945085192,0.6154821415995757,0.18104,1,2,7,0.21607573984102751,0
0.2875,0.26249999999999996,-0.0903391,0.058077,0.10739688504705339,0.6165479680089784,0.16554800000000003,1,2,7,0.24738693894073244,1
0.3125,0.26249999999999996,-0.0999561,0.055302,0.11423455314050124,0.6151367539628891,0.151144,0,2,2,0.2641135796034969,1
0.3375,0.26249999999999996,-0.109078,0.0514835,0.12061741522786,0.6121442468274941,0.137622,0,2,2,0.2355977032672936,1
0.36249999999999993,0.26249999999999996,-0.117565,0.0466391,0.12647819920369677,0.6086764438813121,0.125134,0,2,2,0.22862515803639305,0
0.3875,0.26249999999999996,-0.125276,0.0407932,0.13175037511233129,0.6058973743630187,0.113994,0,2,2,0.244899454396773,0
0.4125,0.26249999999999996,-0.13207,0.0339848,0.13637247350928264,0.6050633946323312,0.10484,0,2,2,0.2802928368475793,0
0.4375,0.26249999999999996,-0.137806,0.0262752,0.14028855894562467,0.6073520573275438,0.098426,0,2,2,0.3285979808277482,0
0.4625,0.26249999999999996,-0.142349,0.0177541,0.1434518939150334,0.6137088603931021,0.0956152,0,2,2,0.3848681949567736,1
0.4875,0.26249999999999996,-0.145567,0.00854496,0.14581758409191123,0.6247115975335819,0.0972902,0,2,2,0.4458783243167721,1
0.5125,0.26249999999999996,-0.147338,-0.00119139,0.14734281677140593,0.6405089921994538,0.104261,2,4,14,0.41911863331738275,1
0.5375,0.26249999999999996,-0.147558,-0.011255,0.14798661557384163,0.660787658350245,0.117248,2,4,14,0.3675893134065124,1
0.5625,0.26249999999999996,-0.146139,-0.021407,0.14769856793483135,0.684747205143621,0.136694,2,4,14,0.3276733214431826,1
0.5874999999999999,0.26249999999999996,-0.143024,-0.0313723,0.1464243346691048,0.7112631723799567,0.162808,2,4,14,0.3061828078872921,1
0.6124999999999999,0.26249999999999996,-0.138191,-0.0408456,0.14410106009450452,0.7388993670399239,0.195404,2,4,14,0.3086059547775028,1
0.6375,0.26249999999999996,-0.131664,-0.0495001,0.1406615398607949,0.7660616478926483,0.233906,2,3,13,0.31744506230989905,1
0.6625,0.26249999999999996,-0.123519,-0.0570013,0.1360370962741046,0.7909890488167329,0.277188,2,3,13,0.2657798142881025,1
0.6875,0.26249999999999996,-0.113894,-0.0630237,0.13016846775502122,0.8119160388242124,0.32375,2,3,13,0.22544524565932228,0
0.7124999999999999,0.26249999999999996,-0.102994,-0.0672718,0.12301731224197673,0.8270101456572344,0.371466,2,3,13,0.20686665692516698,0
0.7374999999999998,0.26249999999999996,-0.0910883,-0.0695038,0.11457685896955808,0.8345067458517037,0.417868,2,3,13,0.22016815613739407,0
0.7624999999999998,0.26249999999999996,-0.07851379999999998,-0.0695561,0.1048926491116036,0.832682915426995,0.460078,2,3,13,0.2652894188999388,1
0.7874999999999999,0.26249999999999996,-0.0656588,-0.067367,0.09407120019665953,0.820082328937772,0.495132,2,3,13,0.3338801795057496,1
0.8125,0.26249999999999996,-0.0529493,-0.0629958,0.08229276510198208,0.7954779474504621,0.520088,1,4,9,0.3067828489730357,1
0.8375,0.26249999999999996,-0.040825,-0.0566346,0.06981517415404763,0.7580142934509877,0.532294,1,4,9,0.23359755710584235,0
0.8624999999999998,0.26249999999999996,-0.0297127,-0.0486112,0.05697274178701601,0.7072479804594708,0.52961,1,4,9,0.17697776632150072,0
0.8874999999999998,0.26249999999999996,-0.0199977,-0.0393808,0.04416735688186469,0.6432126037384529,0.5105660000000001,1,4,9,0.16623964393525772,0
0.9125,0.26249999999999996,-0.0119916,-0.0295083,0.031851816894017206,0.5664541406018672,0.474418,1,4,9,0.2100571033030673,1
0.9375,0.26249999999999996,-0.00590477,-0.0196408,0.020509201188561685,0.4773016760505248,0.42116100000000006,0,4,4,0.13833931131496155,1
0.9625,0.26249999999999996,-0.00191129,-0.0104743,0.0106472526951369,0.3759067158620074,0.35141200000000006,0,4,4,0.07043365465363399,0
0.9875,0.26249999999999996,-0.000231091,-0.00274995,0.0027596427400627425,0.2705760359598765,0.26626,0,4,4,0.07118128739437972,0
0.012499999999999997,0.2875,-0.000492091,0.00796138,0.007976573516033123,0.6114459862453164,0.6055780000000001,0,4,4,0.13014297040418524,0
0.0375,0.2875,-0.00302466,0.0222483,0.02245296018358381,0.5787170302741748,0.5418440000000001,0,4,4,0.19648763720837198,1
0.0625,0.2875,-0.00817496,0.0346446,0.03559604304078755,0.5712062327317167,0.478068,0,3,3,0.24434907685969084,1
0.0875,0.2875,-0.0151407,0.0450723,0.047547376623532034,0.5748909955191505,0.4176580000000001,0,3,3,0.24304150730141114,0
0.11249999999999998,0.2875,-0.023429,0.0535675,0.058467042829700215,0.5853761784767125,0.362602,0,3,3,0.2680977888315017,1
0.13749999999999998,0.2875,-0.0327232,0.0602253,0.06854118891827016,0.5991743746623348,0.31378,1,2,7,0.2892045026302241,1
0.1625,0.2875,-0.0427453,0.0651697,0.07793747795624385,0.6130484617026619,0.27124000000000004,1,2,7,0.23758222370775328,1
0.1875,0.2875,-0.0532547,0.068531,0.08679032799275505,0.6250834793337607,0.23444600000000004,1,2,7,0.20369299126045595,0
0.2125,0.2875,-0.064047,0.070429,0.09519591509093235,0.6343247713435131,0.202522,1,2,7,0.1927097526412244,0
0.2375,0.2875,-0.07494489999999998,0.0709632,0.1032110158377002,0.6404092974153327,0.17447,1,2,7,0.205555142511595,0
0.26249999999999996,0.2875,-0.0857884,0.0702086,0.11085529797226652,0.6434007027133246,0.14932399999999998,1,2,7,0.2366495160012099,1
0.2875,0.2875,-0.0964294,0.0682167,0.1181192081892272,0.6437196369756014,0.126302,0,2,2,0.2271082398824009,1
0.3125,0.2875,-0.106726,0.0650198,0.12497205074751715,0.6420310428071216,0.10489599999999998,0,2,2,0.1761429511397434,0
0.3375,0.2875,-0.116538,0.0606386,0.13137026015792158,0.6392434739095895,0.08493,0,2,2,0.14550572922352956,0
0.36249999999999993,0.2875,-0.125727,0.0550903,0.13726696501012178,0.63638456415284,0.066516,0,2,2,0.14876808898204819,0
0.3875,0.2875,-0.13415,0.0483984,0.1426135604441597,0.6346034137349089,0.050118,0,2,2,0.18473314218982487,0
0.4125,0.2875,-0.141665,0.0406012,0.1473683468945757,0.6350580250969199,0.036438,0,2,2,0.23973291388823376,0
0.4375,0.2875,-0.148126,0.0317603,0.15149266824533128,0.6387518452889197,0.026362000000000003,0,2,2,0.30422984918996765,0
0.4625,0.2875,-0.153386,0.0219683,0.15495118973692973,0.646506708964416,0.02088,0,2,2,0.37383206125836743,0
0.4875,0.2875,-0.157302,0.0113543,0.15771125303062555,0.6588365339391857,0.0210576,0,2,2,0.44641820461551507,1
0.5125,0.2875,-0.159733,8.917859999999998e-05,0.15973302489411106,0.6758714145871536,0.027908,2,4,14,0.3763700033071739,1
0.5375,0.2875,-0.160551,-0.0116113,0.16097032611226827,0.6973144741248385,0.0422404,2,4,14,0.3066597403061118,0
0.5625,0.2875,-0.159642,-0.0234858,0.16136031409748805,0.7226167591192442,0.064804,2,4,14,0.2457870749952827,0
0.5874999999999999,0.2875,-0.156917,-0.0352281,0.16082277176634532,0.7508307846911979,0.095906,2,4,14,0.20518768931775835,0
0.6124999999999999,0.2875,-0.152322,-0.0464925,0.15925936154666073,0.780845609246796,0.135558,2,4,14,0.19954333273094382,0
0.6375,0.2875,-0.145847,-0.0569022,0.15655416881654732,0.8113090583347384,0.183214,2,4,14,0.2315354341651971,1
0.6625,0.2875,-0.137537,-0.0660628,0.1525802081294949,0.840733389476117,0.237842,2,4,14,0.28805945034577707,1
0.6875,0.2875,-0.127507,-0.07358109999999998,0.1472148542987765,0.8674293067910492,0.297738,2,3,13,0.24284672198663312,1
0.7124999999999999,0.2875,-0.115946,-0.0790889,0.1403514482262652,0.8895122846189365,0.360498,2,3,13,0.1986031768075888,0
0.7374999999999998,0.2875,-0.103126,-0.0822712,0.13192240986822515,0.9050252202430605,0.423204,2,3,13,0.17397169361585618,0
0.7624999999999998,0.2875,-0.08939709999999998,-0.08289739999999998,0.1219172687324072,0.9118406718478835,0.48237,2,3,13,0.18496756703626321,0
0.7874999999999999,0.2875,-0.075186,-0.0808519,0.11040817148023963,0.9078114227789822,0.534192,2,3,13,0.2352718872414584,0
0.8125,0.2875,-0.0609731,-0.07616059999999998,0.09756103687420506,0.8909937640993902,0.5748840000000001,2,3,13,0.3141104891652663,1
0.8375,0.2875,-0.0472701,-0.0690094,0.0836466355711334,0.8597127082066427,0.600916,1,4,9,0.3458860662904995,1
0.8624999999999998,0.2875,-0.0345876,-0.0597507,0.06903946859767969,0.8127886632009581,0.609376,1,4,9,0.2579421124558586,0
0.8874999999999998,0.2875,-0.0233999,-0.0488954,0.05420623083345678,0.7497497661006638,0.59823,1,4,9,0.19402303939653626,0
0.9125,0.2875,-0.0141032,-0.0370917,0.03968242002612744,0.6709935216416028,0.5664480000000001,1,4,9,0.19032844430402251,1
0.9375,0.2875,-0.00698015,-0.0250893,0.0260421863235885,0.5770304833032307,0.514033,0,4,4,0.19321470000949226,1
0.9625,0.2875,-0.00227319,-0.0136978,0.013885140172720618,0.46865955427990574,0.4418770000000001,0,4,4,0.09978880507796933,0
0.9875,0.2875,-0.000278588,-0.00377558,0.0037858441080086754,0.35602010554495367,0.351538,0,4,4,0.06957924838330724,0
0.012499999999999997,0.3125,-0.000524055,0.00956914,0.009583479221171453,0.7272172043592943,0.7214979999999999,0,4,4,0.16329154868871196,0
0.0375,0.3125,-0.00321379,0.0264477,0.026642246178843483,0.6700447010829652,0.633448,0,4,4,0.24037284836403858,1
0.0625,0.3125,-0.008674839999999998,0.040897,0.04180690682202643,0.6422155130486651,0.547687,0,3,3,0.2551134493085614,1
0.0875,0.3125,-0.0160496,0.0529196,0.05529985284175718,0.6306915145243355,0.4677800000000001,0,3,3,0.2816938493218948,1
0.11249999999999998,0.3125,-0.0248115,0.062624,0.06736004682487981,0.6305011833390958,0.395632,1,2,7,0.3037469866768876,1
0.13749999999999998,0.3125,-0.0346238,0.070169,0.07824638066671198,0.6371106340503193,0.331892,1,2,7,0.24926945093211159,0
0.1625,0.3125,-0.0451935,0.07573199999999998,0.08819176983284777,0.6462108411037376,0.276302,1,2,7,0.21652851070216567,0
0.1875,0.3125,-0.0562697,0.0794862,0.09738755119895971,0.6550680729145637,0.228002,1,2,7,0.20799889901107813,0
0.2125,0.3125,-0.0676426,0.0815841,0.10597870874647417,0.6622122767995169,0.185808,1,2,7,0.22174522412771908,0
0.2375,0.3125,-0.0791329,0.08214889999999998,0.11406339304798888,0.6669834870039888,0.148432,1,2,7,0.2515202155765734,1
0.26249999999999996,0.3125,-0.0905816,0.0812713,0.12169655074097212,0.6693030951041539,0.114706,0,2,2,0.2323042947667518,1
0.2875,0.3125,-0.101843,0.07901239999999998,0.12889901474704915,0.6695168711152841,0.08369,0,2,2,0.16638024940703827,0
0.3125,0.3125,-0.112779,0.07540919999999998,0.13566742529303047,0.6682723606105523,0.054776000000000005,0,2,2,0.10560946550153634,0
0.3375,0.3125,-0.123254,0.0704832,0.14198390753264964,0.6664137935097083,0.027764,0,2,2,0.06766855483544482,0
0.36249999999999993,0.3125,-0.133131,0.0642504,0.1478241423488058,0.6649142883379783,0.0027600000000000003,0,2,2,0.09150757565076005,0
0.3875,0.3125,-0.142271,0.0567312,0.15316483439236303,0.664833311214172,0.019678,0,2,2,0.15221671035520332,0
0.4125,0.3125,-0.15053,0.0479605,0.15798572866005967,0.6670932899467661,0.038844,0,2,2,0.2231913809815467,0
0.4375,0.3125,-0.157757,0.037997,0.16226842902425595,0.6725893244112636,0.053664,0,2,2,0.29883277489480864,0
0.4625,0.3125,-0.163799,0.0269313,0.16599821481175633,0.6819576186479627,0.063004,0,2,2,0.3777118503511916,1
0.4875,0.3125,-0.168499,0.0148938,0.1691559584508923,0.6955542856427527,0.06564360000000001,2,4,14,0.4433012682046683,1
0.5125,0.3125,-0.171699,0.00206012,0.17171135866742887,0.7134772386105671,0.060344,2,4,14,0.3584003812400715,0
0.5375,0.3125,-0.173245,-0.0113434,0.17361596340359947,0.7355498300482437,0.0459904,2,4,14,0.27242680643935296,0
0.5625,0.3125,-0.172996,-0.0250374,0.1747984193714577,0.7613498938700917,0.02166,2,4,14,0.18957316541221828,0
0.5874999999999999,0.3125,-0.170826,-0.0386884,0.1751522611060445,0.790316403263908,0.013342,2,4,14,0.12242633827708911,0
0.6124999999999999,0.3125,-0.166643,-0.0519123,0.174541617788681,0.8216880189561,0.059236,2,4,14,0.1084560076963232,0
0.6375,0.3125,-0.160395,-0.0642816,0.17279664384344967,0.8545192840609274,0.115704,2,4,14,0.16001908468257428,0
0.6625,0.3125,-0.15209,-0.0753381,0.16972683173738323,0.8877248311160391,0.181872,2,4,14,0.23438428754903423,0
0.6875,0.3125,-0.141807,-0.08461299999999998,0.1651320229937246,0.9198668662540248,0.255924,2,4,14,0.31247149420161446,1
0.7124999999999999,0.3125,-0.129709,-0.0916529,0.15882279042823166,0.9492552154547267,0.33536800000000005,2,3,13,0.28516446491771735,1
0.7374999999999998,0.3125,-0.116057,-0.0960536,0.15065032798490682,0.9736785375882536,0.416728,2,3,13,0.2417907553140626,0
0.7624999999999998,0.3125,-0.101213,-0.0974975,0.14053410217897291,0.990683294937388,0.49589400000000006,2,3,13,0.20765171394844717,0
0.7874999999999999,0.3125,-0.0856316,-0.0957938,0.12848822139402508,0.9973904227853805,0.568138,2,3,13,0.20029427766480226,0
0.8125,0.3125,-0.069851,-0.0909147,0.11465009758866322,0.9908804867288487,0.6285440000000001,2,3,13,0.2377340230333353,0
0.8375,0.3125,-0.0544609,-0.083023,0.09929153114848215,0.9684675414323392,0.6724380000000001,2,3,13,0.3171645047722971,1
0.8624999999999998,0.3125,-0.0400675,-0.07248549999999998,0.08282241403448705,0.9279565437303624,0.69584,1,4,9,0.36872728822854,1
0.8874999999999998,0.3125,-0.0272502,-0.0598667,0.0657768589165673,0.868152209027887,0.695876,1,4,9,0.26617684122088553,0
0.9125,0.3125,-0.0165079,-0.0459048,0.048782798458575534,0.7891550485677704,0.671026,1,4,9,0.20386549799728793,0
0.9375,0.3125,-0.008212499999999998,-0.0314671,0.03252112449870084,0.6915923382079937,0.621202,1,4,9,0.22286337709369616,1
0.9625,0.3125,-0.0026914,-0.0174965,0.017702292117406718,0.5768641584283427,0.547574,0,4,4,0.14164308506488332,1
0.9875,0.3125,-0.000334601,-0.00499356,0.005004757666740817,0.4569680782975353,0.452259,0,4,4,0.08148354651162368,0
0.012499999999999997,0.3375,-0.000550129,0.0112665,0.011279923056769536,0.8492916130817815,0.8437340000000002,0,4,4,0.2005608476227231,1
0.0375,0.3375,-0.00336919,0.0308745,0.031057787936459677,0.765776677077593,0.729756,0,3,3,0.2767722891764674,1
0.0625,0.3375,-0.00908743,0.0474801,0.04834192052468437,0.7153759052342762,0.620576,0,3,3,0.2802048815180221,1
0.0875,0.3375,-0.0168027,0.0611724,0.06343810565464578,0.6864296618743977,0.5199220000000001,1,2,7,0.3293546472237568,1
0.11249999999999998,0.3375,-0.0259612,0.0721383,0.07666758266914381,0.6737869296060884,0.429618,1,2,7,0.2690249620849833,0
0.13749999999999998,0.3375,-0.0362098,0.08060599999999998,0.08836558635600172,0.6720412770239639,0.350074,1,2,7,0.2392163463866819,0
0.1625,0.3375,-0.0472432,0.08681189999999998,0.09883433577380887,0.6757696417034432,0.280696,1,2,7,0.2374395109256949,0
0.1875,0.3375,-0.0588027,0.0909764,0.10832572586532711,0.6812865481689772,0.220264,1,2,7,0.2562787110547408,0
0.2125,0.3375,-0.0706747,0.0932888,0.11703723093755251,0.6864809966109768,0.167248,1,2,7,0.2874170200429225,1
0.2375,0.3375,-0.08267929999999998,0.093899,0.12511150566390766,0.6902705041126994,0.120052,0,2,2,0.27785112373407167,1
0.26249999999999996,0.3375,-0.09466020000000001,0.0929159,0.13264206699554257,0.692403847612071,0.07724600000000001,0,2,2,0.21670097518201542,0
0.2875,0.3375,-0.106476,0.0904115,0.13968313394340062,0.6931029365281899,0.037708000000000005,0,2,2,0.15798761344664186,0
0.3125,0.3375,-0.117994,0.0864283,0.14626152972292475,0.692940887279716,0.0007000000000000001,0,2,2,0.10642487468375032,0
0.3375,0.3375,-0.129085,0.0809885,0.15238790751647588,0.6926983913305993,0.034074,0,2,2,0.08075146512173385,0
0.36249999999999993,0.3375,-0.139617,0.07410559999999998,0.1580650076404009,0.693258436558835,0.066486,0,2,2,0.10653042556972325,0
0.3875,0.3375,-0.149456,0.0657952,0.1632975942230626,0.6954882959475306,0.09599400000000001,0,2,2,0.16423647877150663,0
0.4125,0.3375,-0.158457,0.0560859,0.16809000275986075,0.7001731538555304,0.121794,0,2,2,0.23430047494819947,0
0.4375,0.3375,-0.166472,0.0450295,0.1724545814243565,0.7079705717951842,0.142688,0,2,2,0.31129524156901045,0
0.4625,0.3375,-0.173339,0.0327105,0.17639837224659982,0.7192556413209424,0.15741400000000003,0,2,2,0.3935649812047331,1
0.4875,0.3375,-0.178891,0.0192548,0.1799242540738741,0.7342555240568504,0.164512,2,4,14,0.46047649817770825,1
0.5125,0.3375,-0.182953,0.0048369,0.1830169276613778,0.7529690593570229,0.16251,2,4,14,0.3677434676811352,0
0.5375,0.3375,-0.185349,-0.0103127,0.1856356743255186,0.7752499599602957,0.14995,2,4,14,0.27321786225214617,0
0.5625,0.3375,-0.185904,-0.0259026,0.18769987187731377,0.8008445984708894,0.12558,2,4,14,0.18151037366303407,0
0.5874999999999999,0.3375,-0.184459,-0.0415777,0.18908682613627528,0.8295278316367691,0.08827800000000001,2,4,14,0.10824047606480731,0
0.6124999999999999,0.3375,-0.180877,-0.0569195,0.18962151409913913,0.8609712602520482,0.037446,2,4,14,0.10541609968414752,0
0.6375,0.3375,-0.175058,-0.071451,0.18907815517663587,0.8948149053944061,0.02702,2,4,14,0.1722410946946862,0
0.6625,0.3375,-0.166962,-0.0846485,0.18719422532826696,0.930528753623444,0.104442,2,4,14,0.25374821408338716,0
0.6875,0.3375,-0.156618,-0.0959609,0.18367823020927113,0.9672487550263376,0.19323,2,4,14,0.33350811477455367,0
0.7124999999999999,0.3375,-0.144155,-0.104838,0.17824609468092142,1.0036140155697308,0.290778,2,4,14,0.40737054542388546,1
0.7374999999999998,0.3375,-0.129807,-0.110768,0.17064409474986236,1.0375757478969907,0.39326,2,3,13,0.3781792404180163,1
0.7624999999999998,0.3375,-0.113932,-0.113326,0.16069624420004347,1.0662160559398832,0.49578,2,3,13,0.33077465662590183,0
0.7874999999999999,0.3375,-0.0970101,-0.112217,0.14833615402527464,1.086014595159752,0.5926680000000001,2,3,13,0.28210316792252005,0
0.8125,0.3375,-0.0796295,-0.107335,0.1336475196000659,1.0929021424574115,0.6775660000000001,2,3,13,0.24993400047638545,0
0.8375,0.3375,-0.0624628,-0.0987972,0.1168866464215652,1.0827938719553227,0.744356,2,3,13,0.26486376664694516,0
0.8624999999999998,0.3375,-0.0462233,-0.0869671,0.09848791776304339,1.05218287889701,0.7876,2,3,13,0.34004604894932866,1
0.8874999999999998,0.3375,-0.031613,-0.07245759999999998,0.07905368787577213,0.9987597766129752,0.803164,1,4,9,0.3702754261495161,1
0.9125,0.3375,-0.0192549,-0.0561023,0.05931457864049951,0.9220703785270403,0.788756,1,4,9,0.25861245983495706,0
0.9375,0.3375,-0.00963195,-0.038902,0.040076677317393714,0.8226975503774153,0.744028,1,4,9,0.21848271171730416,1
0.9625,0.3375,-0.00317835,-0.0219562,0.022185054139273585,0.7025967438481338,0.6704300000000001,0,4,4,0.19407736748696852,1
0.9875,0.3375,-0.000401454,-0.00643555,0.006448059329489456,0.5757868575771857,0.570774,0,4,4,0.10782556766110461,0
0.012499999999999997,0.36249999999999993,-0.000569749,0.0130352,0.013047645494992611,0.9764078812151342,0.971024,0,4,4,0.2407278003999115,1
0.0375,0.36249999999999993,-0.00348799,0.0354837,0.03565471974269466,0.8650691648247787,0.8298740000000001,0,3,3,0.2873011575981547,1
0.0625,0.36249999999999993,-0.00940572,0.0543302,0.055138355078460585,0.7902340332374708,0.6961550000000001,0,3,3,0.31760402812881866,1
0.0875,0.36249999999999993,-0.0173875,0.0697548,0.07188920140946066,0.741868056481744,0.573762,1,2,7,0.29297495818460406,1
0.11249999999999998,0.36249999999999993,-0.0268588,0.0820271,0.08631245722287137,0.715018385358027,0.464436,1,2,7,0.26004917257147525,0
0.13749999999999998,0.36249999999999993,-0.0374539,0.0914493,0.09882190595055328,0.7036525746076682,0.368334,1,2,7,0.26614514704191566,0
0.1625,0.36249999999999993,-0.0488579,0.0983207,0.1097909579195846,0.701270735094514,0.28451,1,2,7,0.29468741833294343,0
0.1875,0.36249999999999993,-0.060806,0.102913,0.1195343264715203,0.7031725433604472,0.21139,1,2,7,0.33247717941106525,1
0.2125,0.36249999999999993,-0.0730824,0.105457,0.1283051676229761,0.7064414183780562,0.14702,0,2,2,0.34530647647286655,1
0.2375,0.36249999999999993,-0.0855084,0.10613,0.13629109791384028,0.7095195883863954,0.08949200000000002,0,2,2,0.2968649231685435,0
0.26249999999999996,0.36249999999999993,-0.0979314,0.105064,0.14362800284749488,0.7118683047333967,0.037116,0,2,2,0.25162342764039564,1
0.2875,0.36249999999999993,-0.110216,0.102343,0.1504049743359574,0.7135597698777587,0.011528,0,2,2,0.21125771884608946,0
0.3125,0.36249999999999993,-0.122237,0.0980146,0.15668039437708853,0.7150815727733445,0.057302,0,2,2,0.18004557044171243,0
0.3375,0.36249999999999993,-0.133873,0.0921029,0.16249592092544968,0.7170962829327733,0.100616,0,2,2,0.1657697664038184,0
0.36249999999999993,0.36249999999999993,-0.145,0.0846178,0.1678844009336186,0.7204072435504796,0.14137200000000003,0,2,2,0.17633477074070825,0
0.3875,0.36249999999999993,-0.155491,0.0755683,0.17288151736345328,0.7256733778718909,0.179094,0,2,2,0.21224165050276658,0
0.4125,0.36249999999999993,-0.165206,0.0649741,0.17752367759487747,0.733485516347801,0.21281400000000003,0,2,2,0.26761389764714383,0
0.4375,0.36249999999999993,-0.173998,0.0528766,0.18185499396926116,0.744206833948735,0.24136,0,2,2,0.33694103623376814,0
0.4625,0.36249999999999993,-0.181703,0.0393491,0.1859148511545272,0.7580079298688108,0.26320800000000005,0,2,2,0.41682906707567763,1
0.4875,0.36249999999999993,-0.188147,0.0245072,0.18973638676026272,0.7748474776935136,0.276722,2,4,14,0.49654558812109867,1
0.5125,0.36249999999999993,-0.193141,0.008517979999999998,0.1933287403990426,0.7945631121490602,0.280108,2,4,14,0.4000057457094953,0
0.5375,0.36249999999999993,-0.196487,-0.008391209999999998,0.19666609665690757,0.8169420709183485,0.27157800000000004,2,4,14,0.3046721195484177,0
0.5625,0.36249999999999993,-0.197982,-0.0259249,0.19967216321763528,0.8418654958127217,0.249328,2,4,14,0.22035485646834102,0
0.5874999999999999,0.36249999999999993,-0.197429,-0.0437136,0.20221050631942936,0.8692712484558544,0.211876,2,4,14,0.1712551066311757,0
0.6124999999999999,0.36249999999999993,-0.194644,-0.0613107,0.20407177333107585,0.8993278836420007,0.157994,2,4,14,0.1878528355195137,0
0.6375,0.36249999999999993,-0.189475,-0.07819429999999998,0.20497591121273248,0.9323375427429704,0.087022,2,4,14,0.2534244085190468,0
0.6625,0.36249999999999993,-0.181822,-0.0937758,0.2045804006977208,0.9685664449979671,0.000826,2,4,14,0.3339363436026024,0
0.6875,0.36249999999999993,-0.171658,-0.107418,0.2024971498268556,1.0080927103099195,0.104396,2,4,14,0.4130222228762303,1
0.7124999999999999,0.36249999999999993,-0.159055,-0.118464,0.1983235042071413,1.0502284562893924,0.22106,3,4,19,0.448475338622577,1
0.7374999999999998,0.36249999999999993,-0.144208,-0.126277,0.1916815796914247,1.0934741889957895,0.34688,3,4,19,0.4642658169061022,1
0.7624999999999998,0.36249999999999993,-0.127451,-0.130298,0.1822671835657752,1.1348168611718807,0.47628,2,3,13,0.49509479235874554,1
0.7874999999999999,0.36249999999999993,-0.109274,-0.130102,0.16990390660605775,1.1700337029778245,0.602398,2,3,13,0.4342713441726574,1
0.8125,0.36249999999999993,-0.0903095,-0.125468,0.1545898599981577,1.193793891673098,0.7174100000000001,2,3,13,0.3644250702871436,0
0.8375,0.36249999999999993,-0.0713108,-0.116435,0.13653695258661663,1.2002730191568916,0.8132260000000001,2,3,13,0.30633906334784516,0
0.8624999999999998,0.36249999999999993,-0.0531079,-0.103343,0.11619046730007589,1.184090180771718,0.8824299999999998,2,3,13,0.3021800204493695,0
0.8874999999999998,0.36249999999999993,-0.0365436,-0.086839,0.09421489596640224,1.141330104334412,0.91919,2,3,13,0.37943002659089076,1
0.9125,0.36249999999999993,-0.0223901,-0.0678545,0.07145312973033442,1.070552738207698,0.91995,1,4,9,0.3480488288145306,1
0.9375,0.36249999999999993,-0.0112678,-0.0475398,0.04885689205096861,0.9720102175646098,0.8838530000000001,1,4,9,0.2463026091196804,1
0.9625,0.36249999999999993,-0.00374645,-0.0271774,0.0274344119376104,0.8481332223174848,0.812596,0,4,4,0.25696693842285684,1
0.9875,0.36249999999999993,-0.000481552,-0.008139699999999998,0.008153932083277613,0.7152641015742873,0.7098610000000001,0,4,4,0.14645087687239322,0
0.012499999999999997,0.3875,-0.000582442,0.0148555,0.014866913564468048,1.1072103027440627,1.1020200000000002,0,4,4,0.2828910674398704,1
0.0375,0.3875,-0.0035679,0.0402271,0.04038501559761987,0.9670165951572083,0.932863,0,3,3,0.3069213562464993,1
0.0625,0.3875,-0.00962406,0.0613791,0.062129030635392976,0.8663033580989051,0.7738330000000002,1,2,7,0.333073233587332,1
0.0875,0.3875,-0.0177939,0.07858529999999998,0.08057463777951471,0.7967799975131153,0.628986,1,2,7,0.2748584886388329,0
0.11249999999999998,0.3875,-0.0274885,0.0922003,0.09621077357728705,0.7540036722722245,0.499974,1,2,7,0.28178343329439587,0
0.13749999999999998,0.3875,-0.0383329,0.102603,0.10952984447816037,0.7316472149554046,0.386704,1,2,7,0.3230780200825393,1
0.1625,0.3875,-0.050005,0.110159,0.12097729252219196,0.722292442194988,0.287904,1,2,7,0.37368277404686767,1
0.1875,0.3875,-0.0622359,0.115196,0.13093290520266476,0.7201551276468149,0.20158,1,1,6,0.3723015838133183,1
0.2125,0.3875,-0.0748087,0.117987,0.13970423674566923,0.7213961047857135,0.12538,0,2,2,0.3840496465883923,1
0.2375,0.3875,-0.08754689999999998,0.118743,0.14752748811191085,0.7239354879379793,0.05705,0,2,2,0.35225689571680746,1
0.26249999999999996,0.3875,-0.100303,0.117619,0.1545798207076202,0.7268107734947247,0.005448000000000001,0,1,1,0.3216953481794465,1
0.2875,0.3875,-0.112949,0.114713,0.16098617633200685,0.7299457240096692,0.06376,0,2,2,0.2956672631357761,1
0.3125,0.3875,-0.125369,0.110081,0.16683888252442833,0.7337124856399815,0.119,0,2,2,0.273555345024832,1
0.3375,0.3875,-0.137451,0.103747,0.1722098063700206,0.7386737930778376,0.171664,0,2,2,0.2597989420577516,1
0.36249999999999993,0.3875,-0.149083,0.0957188,0.17716610726219617,0.7454523122212446,0.22175,0,2,2,0.25927808114729123,1
0.3875,0.3875,-0.160145,0.0859965,0.18177408791477956,0.7545660811486294,0.268842,0,2,2,0.27656026521581195,0
0.4125,0.3875,-0.170508,0.07458869999999998,0.1861087107893932,0.76637585860986,0.311916,0,2,2,0.31373612636372555,0
0.4375,0.3875,-0.180029,0.0615227,0.19025110632080436,0.7809575189983127,0.34972400000000003,0,2,2,0.36991460129520537,0
0.4625,0.3875,-0.188548,0.0468565,0.1942829892096835,0.7981735073428584,0.3806,0,2,2,0.44263733401795025,0
0.4875,0.3875,-0.195886,0.0306897,0.1982755221455488,0.8176921643577123,0.402674,0,2,2,0.5291924444146286,1
0.5125,0.3875,-0.201846,0.0131748,0.20227551278155248,0.839097504089364,0.413837,2,4,14,0.44669347893891365,1
0.5375,0.3875,-0.206213,-0.00547217,0.20628559332514937,0.8619907642434459,0.411864,2,4,14,0.3530802098292191,0
0.5625,0.3875,-0.20876,-0.0249604,0.21024690049596448,0.8861375415549214,0.394467,2,4,14,0.2790478221180092,0
0.5874999999999999,0.3875,-0.209251,-0.0449155,0.21401724963481328,0.9115860446430714,0.359532,2,4,14,0.24957153438470123,0
0.6124999999999999,0.3875,-0.207458,-0.064872,0.2173642062254041,0.9388433750035201,0.305108,2,4,14,0.2802487248434843,0
0.6375,0.3875,-0.203172,-0.08427089999999998,0.21995555498966143,0.968828419089779,0.22986,2,4,14,0.35212982624738826,0
0.6625,0.3875,-0.196227,-0.102464,0.22136826065405127,1.0028123107840272,0.133182,2,4,14,0.4386701648631566,1
0.6875,0.3875,-0.186526,-0.118727,0.22110642054223567,1.0421297092013067,0.01568,3,4,19,0.3573551130657413,1
0.7124999999999999,0.3875,-0.174067,-0.132289,0.21863142502851687,1.0875044073473912,0.12046,3,4,19,0.2953376539113405,0
0.7374999999999998,0.3875,-0.158985,-0.142375,0.21341712876430513,1.1384245629816672,0.27130000000000004,3,4,19,0.2910090347296915,0
0.7624999999999998,0.3875,-0.141571,-0.148263,0.2049982078214344,1.1924805870117967,0.43084,3,4,19,0.34769356731650386,1
0.7874999999999999,0.3875,-0.1223,-0.149366,0.1930479006775261,1.2449800499606407,0.59104,3,4,19,0.4483440129974622,1
0.8125,0.3875,-0.101833,-0.145307,0.17743754996617825,1.2892513185659342,0.74237,2,3,13,0.5339964579758885,1
0.8375,0.3875,-0.0809991,-0.136007,0.15829958385861284,1.3173275437005028,0.8743959999999998,2,3,13,0.4362519511876766,1
0.8624999999999998,0.3875,-0.0607488,-0.121745,0.13605977262379942,1.3212854926275397,0.977152,2,3,13,0.35276399822398535,0
0.8874999999999998,0.3875,-0.042084,-0.103181,0.11143330658739332,1.2948702197548603,1.04233,2,3,13,0.34204539798602973,0
0.9125,0.3875,-0.0259532,-0.0813421,0.0853821165271159,1.2349486140872423,1.0645,2,3,13,0.4383930390326992,1
0.9375,0.3875,-0.0131475,-0.0575417,0.05902460499774649,1.1410456804216913,1.04193,1,4,9,0.3093115434908473,1
0.9625,0.3875,-0.00440806,-0.0332744,0.03356511117698853,1.0158980704371674,0.976399,1,4,9,0.26427999655157186,1
0.9875,0.3875,-0.000577413,-0.0101507,0.010167109533322092,0.8785947789288352,0.872705,0,4,4,0.19598125162356575,1
0.012499999999999997,0.4125,-0.000587913,0.0167066,0.016716941264943445,1.2402801739822091,1.23529,0,4,4,0.326313498267712,1
0.0375,0.4125,-0.00360755,0.0450541,0.045198300231452285,1.070679816506522,1.03776,0,3,3,0.334423651106553,1
0.0625,0.4125,-0.00973916,0.0685556,0.06924392774002353,0.9430734945342489,0.853018,1,2,7,0.3021321354432212,1
0.0875,0.4125,-0.0180156,0.087578,0.08941178852567484,0.8509259974010666,0.68527,1,2,7,0.28013879224492144,0
0.11249999999999998,0.4125,-0.0278398,0.102561,0.10627235381339777,0.7906062192242103,0.536132,1,2,7,0.32946949202397324,1
0.13749999999999998,0.4125,-0.0388304,0.113963,0.12039669984330964,0.755816727779956,0.405274,1,1,6,0.3476696457729397,1
0.1625,0.4125,-0.0506601,0.122218,0.13230149377845285,0.7384490153612503,0.291072,1,1,6,0.33073782496782567,1
0.1875,0.4125,-0.063057,0.127712,0.14243082599283063,0.7316400411623191,0.191106,1,1,6,0.3459543256999476,1
0.2125,0.4125,-0.07580439999999998,0.130763,0.1511465157665237,0.7306333826537081,0.102658,0,1,1,0.3380612618509799,1
0.2375,0.4125,-0.0887289,0.13162,0.15873450190557187,0.7326511476139241,0.023066000000000003,0,1,1,0.27183267403109057,1
0.26249999999999996,0.4125,-0.101689,0.130461,0.1654107772849157,0.736346978647974,0.05006000000000001,0,1,1,0.22266332613325343,0
0.2875,0.4125,-0.114566,0.127403,0.17133853263349724,0.7413545443308485,0.11858,0,1,1,0.2008677972586435,1
0.3125,0.4125,-0.127253,0.122511,0.176641646080419,0.7479115124130662,0.18392,0,1,1,0.2152977268909811,1
0.3375,0.4125,-0.139652,0.115811,0.18142455408516237,0.7565124440483448,0.24672,0,1,1,0.26213888925576895,1
0.36249999999999993,0.4125,-0.151663,0.107306,0.1857854763026432,0.7676007624931075,0.30715800000000004,0,1,1,0.3308472847624847,1
0.3875,0.4125,-0.163179,0.0969881,0.18982644068361496,0.7815313399346184,0.36474000000000006,0,2,2,0.3463471826119866,1
0.4125,0.4125,-0.174084,0.08485299999999998,0.19366277563073395,0.7984162958507297,0.418562,0,2,2,0.3652732161503315,0
0.4375,0.4125,-0.184244,0.070911,0.19741889842920307,0.8180342939755033,0.467286,0,2,2,0.405177393575607,0
0.4625,0.4125,-0.193506,0.0552007,0.2012254688564298,0.8399409171721544,0.509112,0,2,2,0.46667892084593987,0
0.4875,0.4125,-0.201695,0.0378004,0.2052065867976952,0.8634663017512612,0.5419539999999999,0,2,2,0.5479638291054362,1
0.5125,0.4125,-0.208611,0.018841,0.2094600978754665,0.8878300910044672,0.563387,2,4,14,0.4996739860883466,1
0.5375,0.4125,-0.214029,-0.00148094,0.2140341235043693,0.9122835874600616,0.57077,2,4,14,0.40603956511275585,0
0.5625,0.4125,-0.217702,-0.0228895,0.21890201007357152,0.9362914971658132,0.561271,2,4,14,0.33802776248699057,0
0.5874999999999999,0.4125,-0.219364,-0.0450165,0.2239353696231348,0.9597679577856305,0.5319860000000001,2,4,14,0.32042420817225736,0
0.6124999999999999,0.4125,-0.218744,-0.0673898,0.2288893240848948,0.9832236370022844,0.480242,2,4,14,0.36319459190227565,0
0.6375,0.4125,-0.215574,-0.0894246,0.23338575055294183,1.0080284364342107,0.40370400000000006,2,4,14,0.4467603173244537,1
0.6625,0.4125,-0.209619,-0.110422,0.23692434076092728,1.0364417811647697,0.300868,3,4,19,0.3957008666981445,1
0.6875,0.4125,-0.200699,-0.129579,0.23889496822243872,1.0713090719302247,0.17134000000000002,3,4,19,0.27033340230550734,0
0.7124999999999999,0.4125,-0.188726,-0.146006,0.2386110959532268,1.1154839857209964,0.01646,3,4,19,0.17115284071746353,0
0.7374999999999998,0.4125,-0.173747,-0.158778,0.23536880271820224,1.1705087656228808,0.16018,3,4,19,0.13871742028289383,0
0.7624999999999998,0.4125,-0.155984,-0.166989,0.2285089371928372,1.235460507017525,0.35248,3,4,19,0.19749898932529214,0
0.7874999999999999,0.4125,-0.13587,-0.169848,0.2175063217564032,1.3058827976506924,0.5514,3,4,19,0.3005839839116592,0
0.8125,0.4125,-0.114069,-0.16678,0.20205767780760028,1.3739287403588296,0.74562,3,4,19,0.4286625880831945,1
0.8375,0.4125,-0.0914686,-0.157532,0.1821615651282125,1.4291072353130119,0.922058,3,4,19,0.5825092338324704,1
0.8624999999999998,0.4125,-0.0691395,-0.142273,0.15818304899466948,1.4601054708561296,1.06738,2,3,13,0.48531236315724174,1
0.8874999999999998,0.4125,-0.0482571,-0.121644,0.13086638390514962,1.4573109260209367,1.17,2,3,13,0.38249951674088134,0
0.9125,0.4125,-0.029976,-0.0967497,0.1012870427354358,1.4149529609199027,1.22176,2,3,13,0.3907027001338245,1
0.9375,0.4125,-0.0152964,-0.0690813,0.07075454658642086,1.3310428828388663,1.21927,1,4,9,0.4028352378848117,1
0.9625,0.4125,-0.00517538,-0.0403746,0.04070494912543682,1.208407097396304,1.16428,1,4,9,0.2923057950168536,1
0.9875,0.4125,-0.000691716,-0.0125196,0.012538694317378344,1.069358135295801,1.06288,0,4,4,0.25630880244161647,1
0.012499999999999997,0.4375,-0.000586124,0.0185671,0.018576349042623418,1.3741795470674143,1.3694,0,4,4,0.37035076051983595,1
0.0375,0.4375,-0.00360696,0.0499133,0.0500434578874362,1.1751021971858275,1.1436,0,3,3,0.36808836619072904,1
0.0625,0.4375,-0.00975105,0.0757867,0.07641143155963313,1.020016666763068,0.933117,1,2,7,0.2845377457090779,1
0.0875,0.4375,-0.018052,0.0966441,0.09831559779002513,0.904115474713822,0.742356,1,2,7,0.3082366960270229,1
0.11249999999999998,0.4375,-0.0279101,0.11301,0.11640547144361384,0.8247330669762187,0.5728620000000001,1,1,6,0.33702360514188084,1
0.13749999999999998,0.4375,-0.0389396,0.12542,0.1313258118123014,0.7759802592695254,0.424126,1,1,6,0.300991742401452,0
0.1625,0.4375,-0.0508096,0.13438,0.14366488733215224,0.7493593566694153,0.294202,1,1,6,0.3130958964868252,1
0.1875,0.4375,-0.0632462,0.140335,0.15392853549436503,0.7370761519001957,0.18027,0,1,1,0.34775167907556914,1
0.2125,0.4375,-0.0760336,0.143653,0.16253397410375467,0.7334485630199299,0.079226,0,1,1,0.2690186551162768,0
0.2375,0.4375,-0.0890022,0.144622,0.16981435301187,0.7348847304360051,0.011962,0,1,1,0.19833255983262335,0
0.26249999999999996,0.4375,-0.102017,0.14345,0.17602661954659016,0.7395773300581893,0.09608,0,1,1,0.13898722993010465,0
0.2875,0.4375,-0.11497,0.140271,0.1813671809920417,0.7468729447503101,0.17538,0,1,1,0.10718474338201049,0
0.3125,0.4375,-0.127765,0.135161,0.18599029852656293,0.7568382630390723,0.2514,0,1,1,0.1276110607678094,0
0.3375,0.4375,-0.14032,0.12815,0.1900319049528263,0.7698354883999567,0.32504,0,1,1,0.18766955009323855,0
0.36249999999999993,0.4375,-0.152548,0.119239,0.19362032802626897,0.7861884382258493,0.39662,0,1,1,0.2661493066780807,0
0.3875,0.4375,-0.164361,0.10841,0.1968940487191017,0.8060653387933265,0.46578,0,1,1,0.35596310927004254,1
0.4125,0.4375,-0.175657,0.095646,0.2000088472168169,0.8292800221300404,0.531628,0,2,2,0.41767703393170524,1
0.4375,0.4375,-0.186317,0.0809376,0.20313768626909187,0.8554182149872658,0.592784,0,2,2,0.43906924287183424,0
0.4625,0.4375,-0.196203,0.0643008,0.2064708456166148,0.8836505092512538,0.64737,0,2,2,0.4855589198615667,0
0.4875,0.4375,-0.205148,0.0457881,0.2101957468780232,0.9129331446058906,0.693122,0,2,2,0.5577997985953816,1
0.5125,0.4375,-0.212958,0.0255027,0.2144795968648067,0.9420754897183135,0.727318,2,4,14,0.5531343719104224,1
0.5375,0.4375,-0.219405,0.00361318,0.21943474905928728,0.969877106803228,0.74689,2,4,14,0.45571253367113795,0
0.5625,0.4375,-0.224232,-0.0196298,0.2250895796611651,0.995306506593823,0.748488,2,4,14,0.3876967769805143,0
0.5874999999999999,0.4375,-0.227152,-0.0438772,0.2313509018435848,1.0177696454286695,0.72845,2,4,14,0.37562178335910756,0
0.6124999999999999,0.4375,-0.227854,-0.0686643,0.23797527478813843,1.037438721452019,0.683192,2,4,14,0.4289252294399224,1
0.6375,0.4375,-0.226019,-0.0933968,0.24455582309820387,1.0556685292060193,0.6092740000000001,3,4,19,0.5154850518423496,1
0.6625,0.4375,-0.221338,-0.117341,0.25051830377239903,1.0752499303957197,0.503904,3,4,19,0.3689153991122743,0
0.6875,0.4375,-0.213543,-0.139622,0.255137052842193,1.1006168703050123,0.36546,3,4,19,0.24149186437750403,0
0.7124999999999999,0.4375,-0.202443,-0.159244,0.2575690582834049,1.1372393241530123,0.19404,3,4,19,0.1539898788646495,0
0.7374999999999998,0.4375,-0.187977,-0.175122,0.256910621448394,1.1899830509717355,0.00776,3,4,19,0.14250669409040154,0
0.7624999999999998,0.4375,-0.170265,-0.186149,0.25227290862476687,1.2610937865202572,0.23422,3,4,19,0.1919472083163021,0
0.7874999999999999,0.4375,-0.149661,-0.191292,0.2428807200767488,1.34783179736939,0.4758,3,4,19,0.26140387624861866,0
0.8125,0.4375,-0.126798,-0.189723,0.22819410494795872,1.4416826498227688,0.7193800000000001,3,4,19,0.34873580161689477,1
0.8375,0.4375,-0.102595,-0.180954,0.2080146248247945,1.5294207192594196,0.949008,3,3,18,0.446610529267447,1
0.8624999999999998,0.4375,-0.0782297,-0.164977,0.18258503906697837,1.5954540062126519,1.14742,3,3,18,0.5982610772312386,1
0.8874999999999998,0.4375,-0.0550609,-0.142358,0.1526351953934937,1.6253431659375814,1.2985,2,3,13,0.5031512346357987,1
0.9125,0.4375,-0.0344785,-0.114256,0.11934488048613565,1.6093144887174788,1.3901500000000002,2,3,13,0.40289928814836273,0
0.9375,0.4375,-0.0177357,-0.08233939999999998,0.08422785671528153,1.5427866791141285,1.41648,2,3,13,0.47246894416512325,1
0.9625,0.4375,-0.00606018,-0.0486168,0.048993050771230805,1.4281705219881833,1.37867,1,4,9,0.3494189959108244,1
0.9875,0.4375,-0.000827322,-0.015304,0.015326345868852235,1.2915107412397444,1.28433,0,4,4,0.32810170283687257,1
0.012499999999999997,0.4625,-0.000577385,0.0204164,0.020424562722325908,1.5074801100201125,1.50294,0,4,4,0.41442043353971514,1
0.0375,0.4625,-0.00356798,0.0547543,0.05487042782565487,1.27934752919269,1.24944,1,2,7,0.3715459904770421,1
0.0625,0.4625,-0.00966422,0.0830004,0.08356113659093203,1.0966120536676407,1.01357,1,2,7,0.28303640798040397,0
0.0875,0.4625,-0.0179101,0.105695,0.10720170104531924,0.9561369821568456,0.79995,1,2,7,0.3535943398409892,1
0.11249999999999998,0.4625,-0.027707,0.123444,0.1265152124647467,0.8563114055645878,0.6101260000000001,1,1,6,0.2819780663765622,1
0.13749999999999998,0.4625,-0.0386667,0.13686,0.14221734524624624,0.7919939725225187,0.443396,1,1,6,0.28369933786588125,0
0.1625,0.4625,-0.0504552,0.146519,0.15496304258770863,0.7547035356721207,0.29755,1,1,6,0.329782798436896,1
0.1875,0.4625,-0.0627975,0.152929,0.16532031044989604,0.7359879570454941,0.169464,0,1,1,0.3058780438192801,1
0.2125,0.4625,-0.07547869999999998,0.156512,0.17376144652278308,0.7291739917056833,0.055608,0,1,1,0.2361414802644511,0
0.2375,0.4625,-0.0883338,0.157597,0.18066453617531028,0.7298720984884953,0.047506,0,1,1,0.1720588765604519,0
0.26249999999999996,0.4625,-0.101236,0.156422,0.1863238304136108,0.7356827537464774,0.142972,0,1,1,0.11264077867292605,0
0.2875,0.4625,-0.114086,0.153145,0.19096860061538917,0.7456830342712646,0.23336,0,1,1,0.06669425402639001,0
0.3125,0.4625,-0.126804,0.147854,0.1947820826770265,0.7597479545217611,0.32048000000000004,0,1,1,0.07530169371405412,0
0.3375,0.4625,-0.139322,0.140586,0.1979268629570024,0.7780365675210904,0.40552,0,1,1,0.13529247719959842,0
0.36249999999999993,0.4625,-0.151572,0.131339,0.20055922842143167,0.8007167147000241,0.48890000000000006,0,1,1,0.2131297486491172,0
0.3875,0.4625,-0.163483,0.120088,0.20284925199024023,0.827780947835839,0.57044,0,1,1,0.3021067375093799,0
0.4125,0.4625,-0.174975,0.1068,0.20499387948180303,0.8588256237653836,0.6493140000000001,0,1,1,0.4015930720081518,1
0.4375,0.4625,-0.18595,0.0914483,0.20722015846169503,0.8930980735059278,0.724126,0,2,2,0.4693500705627809,1
0.4625,0.4625,-0.196287,0.07402269999999998,0.20978071046759755,0.9294924220992874,0.793032,0,2,2,0.49698007300131253,0
0.4875,0.4625,-0.205837,0.0545467,0.2129418067216722,0.9665994174051629,0.853552,0,2,2,0.5558568386619237,1
0.5125,0.4625,-0.21442,0.0330901,0.21695827045312197,1.002799045887061,0.902804,2,4,14,0.6037578150570437,1
0.5375,0.4625,-0.221817,0.00978649,0.2220327833350744,1.0363490918604599,0.93731,2,4,14,0.49807807641506174,0
0.5625,0.4625,-0.227768,-0.0151494,0.22827125562444345,1.0656102518726065,0.953204,2,4,14,0.4233505706090528,0
0.5874999999999999,0.4625,-0.231976,-0.0414007,0.2356414278867152,1.0892650821191323,0.946176,2,4,14,0.41026246617582957,0
0.6124999999999999,0.4625,-0.234104,-0.0685272,0.24392757112684085,1.106669670680461,0.911618,2,4,14,0.4717664148722677,1
0.6375,0.4625,-0.233787,-0.0959436,0.25270840063195366,1.118486401707236,0.844916,3,4,19,0.5116198380324645,1
0.6625,0.4625,-0.230649,-0.122901,0.2613496068525836,1.1273234549586912,0.741868,3,4,19,0.36692192243159344,0
0.6875,0.4625,-0.224329,-0.148477,0.2690147203593142,1.1384237070616547,0.5991,3,4,19,0.2670451345288242,0
0.7124999999999999,0.4625,-0.214524,-0.171577,0.27469840462769346,1.1597863123868983,0.41494,3,4,19,0.24466136736726438,0
0.7374999999999998,0.4625,-0.20104,-0.190964,0.2772802389208434,1.2008700812327704,0.19044,3,4,19,0.28516904790224484,0
0.7624999999999998,0.4625,-0.183865,-0.205316,0.2756102285493047,1.269367979586692,0.06976,3,4,19,0.3382250691345752,0
0.7874999999999999,0.4625,-0.163234,-0.21333,0.2686168789484384,1.3669235153438544,0.35638000000000003,3,4,19,0.37829383647492604,1
0.8125,0.4625,-0.1397,-0.213866,0.2554501046310218,1.4860632690434148,0.6551,3,3,18,0.3439358614785665,1
0.8375,0.4625,-0.114173,-0.206123,0.23563141780755809,1.61093870103738,0.94696,3,3,18,0.2765906549499513,0
0.8624999999999998,0.4625,-0.0879143,-0.189834,0.2092029438141108,1.7205905304412203,1.2100400000000002,3,3,18,0.37348422345297405,0
0.8874999999999998,0.4625,-0.062461,-0.165414,0.1768139358676233,1.7940973950374044,1.42265,3,3,18,0.6129486238014249,1
0.9125,0.4625,-0.0394651,-0.134023,0.1397127719537838,1.8156472014188216,1.56715,2,3,13,0.49140802168439157,1
0.9375,0.4625,-0.0204814,-0.0974981,0.09962613738156269,1.77640916127113,1.6336200000000003,2,3,13,0.4494084572751184,1
0.9625,0.4625,-0.00707358,-0.0581488,0.05857745705863647,1.6775312679582932,1.62191,1,4,9,0.43441169220128295,1
0.9875,0.4625,-0.000987294,-0.0185678,0.018594029855909015,1.5492705061413368,1.5412800000000002,0,4,4,0.412437950072777,1
0.012499999999999997,0.4875,-0.000562444,0.0222348,0.0222419125592458,1.6388852235826952,1.6346,0,4,4,0.45801468445553595,1
0.0375,0.4875,-0.00349477,0.0595302,0.059632693460826496,1.3825396328609318,1.35441,1,2,7,0.3534999707884517,1
0.0625,0.4875,-0.00948878,0.0901288,0.0906269139678076,1.1723850209658087,1.09387,1,2,7,0.2975084351510015,1
0.0875,0.4875,-0.0176059,0.114646,0.11598996952672244,1.0067815513625584,0.857806,1,1,6,0.29416987913584447,1
0.11249999999999998,0.4875,-0.0272514,0.133762,0.13650974853819048,0.8852850710725898,0.647858,1,1,6,0.25009908134711945,0
0.13749999999999998,0.4875,-0.0380344,0.148166,0.15296986350049477,0.8037749118876503,0.463228,1,1,6,0.3003151120652177,1
0.1625,0.4875,-0.0496181,0.158505,0.16608970730484776,0.7542306165331663,0.301466,0,1,1,0.36031794498859665,1
0.1875,0.4875,-0.0617264,0.165352,0.17649768372689767,0.7278407053250044,0.15910200000000002,0,1,1,0.3012270358247965,0
0.2125,0.4875,-0.074146,0.169183,0.18471739713681545,0.7171059238745696,0.032254,0,1,1,0.25270785487123737,1
0.2375,0.4875,-0.0867169,0.170373,0.19117212107054207,0.7167903665424084,0.082928,0,1,1,0.20959774503581302,0
0.26249999999999996,0.4875,-0.0993204,0.169195,0.19619248171415743,0.723926911973854,0.189926,0,1,1,0.1696828671551301,0
0.2875,0.4875,-0.11187,0.165832,0.20003786922480452,0.7371474512361824,0.2916,0,1,1,0.13513307634930552,0
0.3125,0.4875,-0.1243,0.160389,0.20291653782035607,0.7560620339628225,0.3901,0,1,1,0.11644584960979994,0
0.3375,0.4875,-0.136559,0.152909,0.20501103083005073,0.7806423273177032,0.48680000000000007,0,1,1,0.13081444287642008,0
0.36249999999999993,0.4875,-0.148601,0.143392,0.20650308197457967,0.8108957767802224,0.58238,0,1,1,0.1803749827435339,0
0.3875,0.4875,-0.160378,0.131805,0.20759012719539433,0.846518460991844,0.67678,0,1,1,0.2543650850798847,0
0.4125,0.4875,-0.171831,0.118103,0.20850470299252247,0.8868676694975411,0.7693,0,1,1,0.34613979594284144,0
0.4375,0.4875,-0.182888,0.102239,0.20952525782110376,0.9309353038530656,0.858638,0,1,1,0.45325244060248415,1
0.4625,0.4875,-0.193453,0.0841781,0.21097396931519777,0.9773563445826707,0.94293,0,2,2,0.49988647774284795,1
0.4875,0.4875,-0.203403,0.0639115,0.21320755202677508,1.0243865418327205,1.01967,0,2,2,0.5403828104881369,0
0.5125,0.4875,-0.212578,0.0414725,0.21658572053635025,1.0700282002134338,1.08582,0,2,2,0.619436449614992,1
0.5375,0.4875,-0.220779,0.0169527,0.22142890705210555,1.1120759967286407,1.13763,2,4,14,0.5322206154561517,1
0.5625,0.4875,-0.227759,-0.00947798,0.2279561233787774,1.1482310671746343,1.1708,2,4,14,0.44352405007419965,0
0.5874999999999999,0.4875,-0.233221,-0.0375481,0.2362242465425808,1.1762993683582423,1.18042,2,4,14,0.4213736328168017,0
0.6124999999999999,0.4875,-0.236816,-0.0668592,0.24607309987205017,1.194589480866126,1.16098,2,4,14,0.48715899924968786,1
0.6375,0.4875,-0.238147,-0.0968569,0.2570899700233558,1.2024221761577751,1.10666,3,4,19,0.5131277535623966,1
0.6625,0.4875,-0.236778,-0.126803,0.268594158709753,1.2011685868353368,1.0116,3,4,19,0.37287064759150723,0
0.6875,0.4875,-0.232264,-0.155752,0.2796520180510057,1.1954693759356616,0.8704800000000001,3,4,19,0.30965455410873816,0
0.7124999999999999,0.4875,-0.224183,-0.182538,0.2890988393836959,1.1945925246710696,0.67942,3,4,19,0.3469623378987084,0
0.7374999999999998,0.4875,-0.212194,-0.205789,0.29559331209788897,1.2124999689896905,0.43700000000000006,3,4,19,0.43239011570557523,0
0.7624999999999998,0.4875,-0.196119,-0.223968,0.2976983829062563,1.264851953075932,0.1458,3,4,19,0.5120157449554829,1
0.7874999999999999,0.4875,-0.17603,-0.235476,0.2939991623729564,1.3619450635029302,0.18608,4,4,24,0.5221709519843476,1
0.8125,0.4875,-0.152346,-0.238808,0.28326412512000176,1.5012014571002787,0.544,3,3,18,0.43369161471605283,1
0.8375,0.4875,-0.125911,-0.23277,0.26464212215934185,1.6653967040918507,0.90646,3,3,18,0.27237036038253337,1
0.8624999999999998,0.4875,-0.0980228,-0.216726,0.2378626250503429,1.827206091752105,1.24659,3,3,18,0.1711673256062588,0
0.8874999999999998,0.4875,-0.0703825,-0.190835,0.20340032824764565,1.9568887997533229,1.53575,3,3,18,0.37896156882658494,1
0.9125,0.4875,-0.0449202,-0.156179,0.16251062860330087,2.030029347548453,1.74881,2,3,13,0.6434081980126981,1
0.9375,0.4875,-0.0235426,-0.114732,0.11712252489918408,2.031104523974333,1.86984,2,3,13,0.4839867016118138,1
0.9625,0.4875,-0.00822556,-0.069124,0.06961168876929794,1.9585382993647489,1.89605,1,4,9,0.5447356916964876,1
0.9875,0.4875,-0.0011749,-0.0223806,0.02241141776795926,1.84712366831332,1.83822,1,4,9,0.47405621808126885,1
0.012499999999999997,0.5125,-0.00054258,0.0240059,0.024012030898414236,1.7672595907095756,1.76328,2,2,12,0.4556194523533184,1
0.0375,0.5125,-0.00339432,0.0642007,0.06429036699811566,1.4839069001072676,1.45777,1,2,7,0.34311296454041085,1
0.0625,0.5125,-0.00924172,0.0971121,0.0975508552241773,1.2468240684912208,1.17354,1,2,7,0.32501721201912176,1
0.0875,0.5125,-0.0171672,0.123418,0.12460624173708154,1.0558331016102875,0.915712,1,1,6,0.23694392630325958,1
0.11249999999999998,0.5125,-0.0265799,0.143868,0.14630274265375204,0.9116181397975801,0.6860580000000001,1,1,6,0.24904454004016202,0
0.13749999999999998,0.5125,-0.0370851,0.159224,0.16348573888266218,0.8112624009332617,0.48374800000000007,1,1,6,0.344447051750544,1
0.1625,0.5125,-0.0483425,0.170205,0.17693710558062714,0.7476688983259903,0.30617200000000006,0,1,1,0.36586486769191956,1
0.1875,0.5125,-0.0600746,0.177451,0.18734410843728175,0.7121206127335453,0.149594,0,1,1,0.33332659071146026,1
0.2125,0.5125,-0.0720704,0.181497,0.1952826248419454,0.6965484486609671,0.009754,0,0,0,0.29402564253094066,1
0.2375,0.5125,-0.08417539999999998,0.182765,0.20121765128874752,0.6949391998872995,0.117532,0,1,1,0.283815203082427,1
0.26249999999999996,0.5125,-0.0962807,0.181568,0.20551620816006216,0.703599806586102,0.236062,0,1,1,0.2564746536429622,1
0.2875,0.5125,-0.108312,0.178117,0.20846379789546196,0.7206975694949999,0.34906000000000004,0,1,1,0.22604865121240478,1
0.3125,0.5125,-0.120222,0.172536,0.21029027695069497,0.7454814811918538,0.45896,0,1,1,0.19562753812301928,0
0.3375,0.5125,-0.131979,0.164879,0.21119550440764595,0.7775584016651095,0.5673400000000001,0,1,1,0.1739688386806399,0
0.36249999999999993,0.5125,-0.143557,0.155149,0.21137602619502524,0.8166082627551599,0.67512,0,1,1,0.17678525408441234,0
0.3875,0.5125,-0.154933,0.143309,0.21104905583773645,0.8621542483801838,0.78252,0,1,1,0.21609251859042472,0
0.4125,0.5125,-0.166076,0.129301,0.21047561943607623,0.9132325283299978,0.88888,0,1,1,0.28890915073945145,0
0.4375,0.5125,-0.176943,0.11306,0.20997949625856327,0.9686002415857639,0.99306,0,1,1,0.387207173448148,1
0.4625,0.5125,-0.187468,0.09452700000000001,0.20995143427230972,1.026624814393262,1.09324,0,2,2,0.4946872707820743,1
0.4875,0.5125,-0.197559,0.07366109999999998,0.2108447678606467,1.0854068934367425,1.18703,0,2,2,0.5110260608828766,0
0.5125,0.5125,-0.207088,0.0504564,0.213146165916631,1.1426593972868733,1.2712500000000002,0,2,2,0.5742860378322959,1
0.5375,0.5125,-0.215886,0.0249585,0.21732393268632427,1.1958147497819218,1.34213,2,4,14,0.5602849888719165,1
0.5625,0.5125,-0.223729,-0.00271517,0.2237454750137506,1.2420219596001516,1.39502,2,4,14,0.45035782840785105,0
0.5874999999999999,0.5125,-0.230336,-0.0323507,0.2325967340408932,1.2783334416168577,1.42457,2,4,14,0.4085064045028237,0
0.6124999999999999,0.5125,-0.235364,-0.0636079,0.2438076648475392,1.3018414114614727,1.42449,2,4,14,0.4719747991529935,1
0.6375,0.5125,-0.238398,-0.0959863,0.2569960625995853,1.3102602259475025,1.38786,3,4,19,0.5141536994581807,1
0.6625,0.5125,-0.238964,-0.128787,0.27145880841298925,1.3028630502474157,1.30715,3,4,19,0.37162847200327576,0
0.6875,0.5125,-0.23654,-0.161076,0.2861759063513209,1.2820695204239123,1.17492,3,4,19,0.33928748786610463,0
0.7124999999999999,0.5125,-0.23059,-0.191652,0.2998370177346353,1.2557864944328712,0.98452,3,4,19,0.4284650947672339,0
0.7374999999999998,0.5125,-0.22062,-0.219035,0.31088505210929646,1.2400590450458395,0.7314,3,4,19,0.5601244680628179,1
0.7624999999999998,0.5125,-0.206262,-0.241494,0.3175899316414171,1.2589492094600163,0.415,4,4,24,0.4765499548878462,1
0.7874999999999999,0.5125,-0.187378,-0.257125,0.31815684891103635,1.3368663927259148,0.040720000000000006,4,4,24,0.35517684026783936,0
0.8125,0.5125,-0.164194,-0.264014,0.31090683786626505,1.483583052073594,0.37782,4,4,24,0.30893082514015835,1
0.8375,0.5125,-0.137414,-0.260484,0.29450725229100894,1.6844876163391644,0.8176000000000002,4,4,24,0.39837826716698077,1
0.8624999999999998,0.5125,-0.108309,-0.245411,0.268248762163034,1.9054283561330767,1.24696,3,3,18,0.2297809962589307,1
0.8874999999999998,0.5125,-0.07870149999999998,-0.218555,0.23229337943051667,2.105070436588761,1.62925,3,3,18,0.14307856543138492,0
0.9125,0.5125,-0.0508025,-0.180803,0.18780473587013183,2.2467290319074977,1.92952,3,3,18,0.502511207519809,1
0.9375,0.5125,-0.0269186,-0.134199,0.13687213970330123,2.3048185138235935,2.12319,2,3,13,0.5837533547645833,1
0.9625,0.5125,-0.009524500000000002,-0.0816979,0.0822512186211244,2.2727408486443497,2.20265,2,3,13,0.5786867067188431,1
0.9875,0.5125,-0.0013936,-0.0268175,0.026853685542398087,2.1896825241926647,2.17975,2,2,12,0.5103366768880454,1
0.012499999999999997,0.5375,-0.000519715,0.0257174,0.025722650843978442,1.8917779849483656,1.88814,2,2,12,0.42991867140027645,1
0.0375,0.5375,-0.00327709,0.0687356,0.06881367615691011,1.5828609161115323,1.55898,1,2,7,0.34055403556731983,1
0.0625,0.5375,-0.00894843,0.103903,0.10428762059067652,1.3195323316331282,1.25226,1,1,6,0.3341114005952853,1
0.0875,0.5375,-0.0166356,0.131946,0.1329905639636136,1.103054589661364,0.973502,1,1,6,0.1961193971224737,0
0.11249999999999998,0.5375,-0.0257483,0.153676,0.15581812451987093,0.9351934640062451,0.7246920000000001,1,1,6,0.2770323270496395,1
0.13749999999999998,0.5375,-0.0358848,0.169926,0.1736737295823407,0.8143542691973806,0.505084,1,0,5,0.3519488038540517,1
0.1625,0.5375,-0.0466997,0.181489,0.18740095811145152,0.7347382443101762,0.311944,0,0,0,0.32306843142988634,1
0.1875,0.5375,-0.0579141,0.189074,0.19774483673363,0.6882902926091578,0.14129,0,0,0,0.24000247392085056,1
0.2125,0.5375,-0.0693197,0.193278,0.2053329152671096,0.6668126160564152,0.011394,0,0,0,0.1965765027701544,0
0.2375,0.5375,-0.0807693,0.194577,0.21067484128744468,0.6636195390764199,0.15063,0,0,0,0.19486934310436496,1
0.26249999999999996,0.5375,-0.0921653,0.193325,0.21417048851111584,0.6742472289420255,0.28055,0,0,0,0.22601329150052243,1
0.2875,0.5375,-0.103449,0.189766,0.21613151171682485,0.6961286571690609,0.404624,0,0,0,0.27686947559481173,1
0.3125,0.5375,-0.11459,0.184047,0.21680444254904,0.7279478676388854,0.52562,0,1,1,0.2781656264856634,1
0.3375,0.5375,-0.125579,0.176235,0.2163997700229832,0.7689125593980112,0.64548,0,1,1,0.23635001477951126,0
0.36249999999999993,0.5375,-0.136415,0.166337,0.21512101197698008,0.818154948160799,0.7651799999999999,0,1,1,0.20107721883472504,0
0.3875,0.5375,-0.1471,0.154316,0.21319436637960207,0.8748469863924777,0.8851599999999998,0,1,1,0.19265447709172662,0
0.4125,0.5375,-0.157636,0.140104,0.210898647013204,0.9377750376289614,1.005,0,1,1,0.23100094979796817,0
0.4375,0.5375,-0.168009,0.123622,0.2085891247524664,1.0054869898710774,1.12374,0,1,1,0.3132394946449348,0
0.4625,0.5375,-0.17819,0.104785,0.20671616367618667,1.076233181144309,1.23971,0,1,1,0.4264977365991397,1
0.4875,0.5375,-0.188122,0.0835227,0.20582985278936097,1.1479941809347292,1.35058,0,2,2,0.4694905455045825,1
0.5125,0.5375,-0.197718,0.0597901,0.2065605566946652,1.2183854559670353,1.45332,0,2,2,0.5101467846211636,1
0.5375,0.5375,-0.206844,0.0335845,0.20955275940977247,1.2846849265107767,1.54419,2,4,14,0.5875684338084515,1
0.5625,0.5375,-0.215317,0.00496567,0.2153742518676476,1.343717510686305,1.61847,2,4,14,0.45098322280084624,0
0.5874999999999999,0.5375,-0.222885,-0.0259189,0.22438697066053095,1.3919099713645275,1.67048,2,4,14,0.3759125334667698,0
0.6124999999999999,0.5375,-0.229227,-0.0588024,0.23664898008392088,1.425395175085141,1.69349,2,4,14,0.42555468293722254,1
0.6375,0.5375,-0.233933,-0.0932604,0.2518375482273444,1.440275063008452,1.67955,3,4,19,0.5155078117416636,1
0.6625,0.5375,-0.23651,-0.128664,0.269242279361916,1.4334046122780548,1.6197500000000002,3,4,19,0.3560103865976077,0
0.6875,0.5375,-0.236383,-0.164128,0.28777582086235115,1.4038329629980915,1.50442,3,4,19,0.3407388666227704,0
0.7124999999999999,0.5375,-0.232916,-0.198461,0.3060010319868219,1.3555364020195106,1.32386,3,4,19,0.4775182095574411,1
0.7374999999999998,0.5375,-0.225466,-0.230123,0.3221669012872055,1.3019800167437288,1.0696999999999999,4,4,24,0.5651190135081311,1
0.7624999999999998,0.5375,-0.213459,-0.257222,0.3342572392110603,1.2712019907158738,0.73706,4,4,24,0.3930997505612044,0
0.7874999999999999,0.5375,-0.196514,-0.277566,0.3400891597096267,1.304116586966058,0.32708000000000004,4,4,24,0.2576202703979564,0
0.8125,0.5375,-0.174596,-0.288806,0.3374798791809669,1.4345596493697987,0.14966,4,4,24,0.1499961128705235,0
0.8375,0.5375,-0.148188,-0.288701,0.32451186533777154,1.6611382692599674,0.67054,4,4,24,0.15951700298098792,0
0.8624999999999998,0.5375,-0.118442,-0.275501,0.299882157463561,1.9444141949697855,1.2000400000000002,4,4,24,0.36715973071063795,1
0.8874999999999998,0.5375,-0.08723699999999998,-0.248394,0.2632676839359514,2.227927069460758,1.69284,3,3,18,0.1881403298207255,1
0.9125,0.5375,-0.0570404,-0.207901,0.2155839350071336,2.457924962854644,2.10187,3,3,18,0.2899597525952388,1
0.9375,0.5375,-0.0305972,-0.156024,0.15899584027212788,2.593935394831568,2.39025,2,3,13,0.7386400758937425,1
0.9625,0.5375,-0.0109766,-0.0960219,0.09664725048944744,2.62086747662544,2.54253,2,3,13,0.6129869671517427,1
0.9875,0.5375,-0.00164703,-0.0319583,0.0320007132219096,2.581553668703016,2.5705100000000005,2,2,12,0.5065306007367952,1
0.012499999999999997,0.5625,-0.000496565,0.0273634,0.027367905224171336,2.0120257983778655,2.00881,2,2,12,0.4076913502378615,1
0.0375,0.5625,-0.00315776,0.0731198,0.07318795392861861,1.679064609107452,1.6578,1,2,7,0.34529957783943555,1
0.0625,0.5625,-0.008644449999999998,0.110474,0.11081169248686033,1.3901358824734509,1.32983,1,1,6,0.27732985173403624,1
0.0875,0.5625,-0.0160693,0.140182,0.14110001958359183,1.1481035910827035,1.03102,1,1,6,0.18027736265482025,0
0.11249999999999998,0.5625,-0.0248345,0.163114,0.16499372529356987,0.9557798460419635,0.7637100000000001,1,1,6,0.32426328579465824,1
0.13749999999999998,0.5625,-0.0345263,0.180173,0.1834512886863704,0.812843477036016,0.5272680000000001,1,0,5,0.3264331889713294,1
0.1625,0.5625,-0.0447917,0.192229,0.197378531836393,0.7150724774258901,0.31892600000000004,0,0,0,0.23625306477094746,1
0.1875,0.5625,-0.0553501,0.200065,0.20758043692749564,0.6557480050293711,0.13453,0,0,0,0.15006512092411417,0
0.2125,0.5625,-0.0659977,0.204346,0.2147393399479704,0.6271487660451864,0.030704,0,0,0,0.10781767368143286,0
0.2375,0.5625,-0.07659689999999998,0.205604,0.21940850007602256,0.6222087556246697,0.181574,0,0,0,0.11656262086034486,0
0.26249999999999996,0.5625,-0.08706419999999998,0.204241,0.22202378476784873,0.6355360756306444,0.322508,0,0,0,0.15611466758792955,0
0.2875,0.5625,-0.0973588,0.200535,0.22291931760715575,0.6636084549190132,0.4573120000000001,0,0,0,0.20818520555316034,0
0.3125,0.5625,-0.107472,0.194658,0.22235549857829012,0.7040862974607587,0.5889160000000001,0,0,0,0.2685504984620039,1
0.3375,0.5625,-0.117415,0.186696,0.22054858566991536,0.7554054728422346,0.7195,0,1,1,0.3024713848772117,1
0.36249999999999993,0.5625,-0.127217,0.176663,0.2177015862551304,0.816178394715273,0.8504200000000002,0,1,1,0.24235376244973852,0
0.3875,0.5625,-0.136908,0.164522,0.214035718860194,0.8849904372364711,0.98216,0,1,1,0.18976816421541765,0
0.4125,0.5625,-0.14652,0.150201,0.2098295756107799,0.9604582978974152,1.11466,0,1,1,0.17675312840498628,0
0.4375,0.5625,-0.156075,0.133606,0.20545064823699144,1.040969328078402,1.24708,0,1,1,0.23194562140259833,0
0.4625,0.5625,-0.165582,0.114632,0.20138990577484264,1.1247851657645562,1.37796,0,1,1,0.33846312041409393,1
0.4875,0.5625,-0.175025,0.0931819,0.1982841827090855,1.2099153763879522,1.50521,0,2,2,0.4206069706948065,1
0.5125,0.5625,-0.18436,0.0691716,0.19690942041090873,1.2941331191573764,1.6261,0,2,2,0.42995659791358215,0
0.5375,0.5625,-0.193501,0.0425511,0.1981242870326856,1.3746619912531226,1.73692,0,2,2,0.513413570379012,1
0.5625,0.5625,-0.202309,0.0133206,0.20274705883282249,1.4483218952032035,1.83319,2,4,14,0.45892811738514616,1
0.5874999999999999,0.5625,-0.21058,-0.0184443,0.2113862072191324,1.5112589517167467,1.90921,2,4,14,0.33766089674645017,0
0.6124999999999999,0.5625,-0.218031,-0.0525621,0.22427726437918316,1.5589658997232752,1.95803,2,4,14,0.35249664887431487,0
0.6375,0.5625,-0.224282,-0.0887029,0.24118586192480276,1.5862891961165215,1.97112,2,4,14,0.5186957711766457,1
0.6625,0.5625,-0.228844,-0.126337,0.2614012507716824,1.5878587459846671,1.93832,3,4,19,0.33103877995906017,1
0.6875,0.5625,-0.231116,-0.164669,0.28377893688045275,1.5591452394180603,1.84802,3,4,19,0.30804237293468045,0
0.7124999999999999,0.5625,-0.230392,-0.202567,0.3067798284649758,1.4987523078881315,1.6874400000000003,3,4,19,0.4884628692205772,1
0.7374999999999998,0.5625,-0.225896,-0.238493,0.32849340003263383,1.413330268691646,1.44402,4,4,24,0.5059869176553166,1
0.7624999999999998,0.5625,-0.216852,-0.270454,0.3466556735724947,1.3262597973247927,1.10736,4,4,24,0.33968644109499346,0
0.7874999999999999,0.5625,-0.202608,-0.296009,0.35870786128129395,1.2875751549327132,0.67258,4,4,24,0.26292112293255876,0
0.8125,0.5625,-0.182812,-0.312376,0.36193782991005513,1.3647496398973695,0.14474,4,4,24,0.22921643149145904,0
0.8375,0.5625,-0.157636,-0.316691,0.35375457308280833,1.5918199350429056,0.45656,4,4,24,0.17415828904177308,0
0.8624999999999998,0.5625,-0.128004,-0.306438,0.3320982864454437,1.933113633623228,1.09418,4,4,24,0.20553416438764124,1
0.8874999999999998,0.5625,-0.0957437,-0.280027,0.2959425228295015,2.312829814231908,1.71452,3,3,18,0.46225260628671805,1
0.9125,0.5625,-0.0635259,-0.237383,0.24573609555742923,2.6533632353381247,2.25619,3,3,18,0.20862234601525473,0
0.9375,0.5625,-0.0345522,-0.180288,0.1835691081550488,2.8928982337482942,2.6658000000000004,3,3,18,0.5891694177382404,1
0.9625,0.5625,-0.0125855,-0.112237,0.11294042225549716,3.002652565394971,2.91555,2,3,13,0.6971179233146688,1
0.9875,0.5625,-0.00193905,-0.0378861,0.03793568884457616,3.0272287795615975,3.015,2,2,12,0.5423310358832584,1
0.012499999999999997,0.5874999999999999,-0.000476855,0.028947,0.028950927440947807,2.128198817192634,2.12549,2,2,12,0.38904825854288017,1
0.0375,0.5874999999999999,-0.00305632,0.07735839999999998,0.0774187518790015,1.7724637925029556,1.7543,1,2,7,0.3563301866351496,1
0.0625,0.5874999999999999,-0.00837784,0.11682,0.11712002648166366,1.4583984337594993,1.40627,1,1,6,0.2250451815220478,1
0.0875,0.5874999999999999,-0.0155464,0.148104,0.14891771341569815,1.1905884033556686,1.08822,1,1,6,0.1925704061238456,1
0.11249999999999998,0.5874999999999999,-0.0239428,0.172131,0.1737882010748716,0.972963625246083,0.803026,1,0,5,0.28413917913813774,1
0.13749999999999998,0.5874999999999999,-0.0331332,0.189882,0.19275109044111785,0.8063390848222601,0.550284,0,0,0,0.2858694080778656,1
0.1625,0.5874999999999999,-0.042754,0.202308,0.20677628340793824,0.6881586389924929,0.327174,0,0,0,0.16146002474507512,0
0.1875,0.5874999999999999,-0.0525236,0.210274,0.21673459260800984,0.613719924610567,0.129442,0,0,0,0.07868353090358572,0
0.2125,0.5874999999999999,-0.0622455,0.214518,0.22336623423035537,0.5767105621678869,0.047886,0,0,0,0.05133659806768239,0
0.2375,0.5874999999999999,-0.0717956,0.215637,0.22727499631142883,0.5701808461882949,0.209916,0,0,0,0.07767803564999264,0
0.26249999999999996,0.5874999999999999,-0.08110889999999998,0.21408,0.22892990206438735,0.5876411911532411,0.361322,0,0,0,0.11446794408402518,0
0.2875,0.5874999999999999,-0.0901664,0.210167,0.22869225517703917,0.6239294307467793,0.506126,0,0,0,0.1553657780243922,0
0.3125,0.5874999999999999,-0.0989832,0.204097,0.22683310889559313,0.6752153849905969,0.6475920000000001,0,0,0,0.20411441607837136,0
0.3375,0.5874999999999999,-0.107599,0.195974,0.2235695718942987,0.7386241512542084,0.78804,0,0,0,0.2642218415208405,1
0.36249999999999993,0.5874999999999999,-0.116068,0.185823,0.21909351417374273,0.8120135838765261,0.9290600000000001,0,1,1,0.2909278117796837,1
0.3875,0.5874999999999999,-0.124454,0.173612,0.213611621079004,0.8935277264864253,1.0713800000000002,0,1,1,0.20871089845168195,0
0.4125,0.5874999999999999,-0.132819,0.159265,0.20737942758624828,0.9815736773161758,1.21516,0,1,1,0.13905257423672995,0
0.4375,0.5874999999999999,-0.141224,0.142677,0.20075095144232807,1.0746008905635616,1.3598,0,1,1,0.14704464247318522,0
0.4625,0.5874999999999999,-0.149716,0.123729,0.19422601807430437,1.1709801731882568,1.50412,0,1,1,0.24783745734076704,1
0.4875,0.5874999999999999,-0.158322,0.102296,0.18849489993100607,1.2689672873908135,1.64635,0,2,2,0.37428112671028113,1
0.5125,0.5874999999999999,-0.167044,0.0782616,0.18446836035092848,1.366577909274111,1.78402,0,2,2,0.3421290396974102,0
0.5375,0.5874999999999999,-0.175849,0.0515302,0.1832436419443796,1.4613483169648502,1.91385,0,2,2,0.40326365669986625,1
0.5625,0.5874999999999999,-0.184653,0.0220439,0.1859641469106613,1.550259927213498,2.0316400000000003,2,4,14,0.4925223009878211,1
0.5874999999999999,0.5874999999999999,-0.193307,-0.0101958,0.193575697303768,1.6295376542826496,2.13199,2,4,14,0.3259686581172583,0
0.6124999999999999,0.5874999999999999,-0.201584,-0.0450984,0.2065671192096167,1.6944508384653716,2.20805,2,4,14,0.2729610851723079,0
0.6375,0.5874999999999999,-0.209152,-0.0824431,0.22481419848757328,1.7391601186883283,2.25117,2,4,14,0.42768710158652895,1
0.6625,0.5874999999999999,-0.21556,-0.121823,0.2476024170499957,1.7566814960031885,2.25044,3,4,19,0.3213458692611763,1
0.6875,0.5874999999999999,-0.220212,-0.162571,0.2737200302955558,1.7394555167637948,2.1927,3,4,19,0.24530692763809933,0
0.7124999999999999,0.5874999999999999,-0.222368,-0.203672,0.30154570301697214,1.6807476889765463,2.06242,3,4,19,0.46055526243946493,1
0.7374999999999998,0.5874999999999999,-0.221152,-0.243657,0.32905461667176167,1.5785222220798796,1.84266,4,4,24,0.4545585844680377,1
0.7624999999999998,0.5874999999999999,-0.215607,-0.280511,0.3537976816911044,1.4442998918507195,1.51688,4,4,24,0.2942561143886514,0
0.7874999999999999,0.5874999999999999,-0.204807,-0.31162,0.3728980177595478,1.3207222275709605,1.07248,4,4,24,0.3178965044807003,0
0.8125,0.5874999999999999,-0.188041,-0.33381,0.3831299176271673,1.299734668768976,0.5062000000000001,4,4,24,0.39509367262911155,0
0.8375,0.5874999999999999,-0.165078,-0.343567,0.38116798078143965,1.480808742410714,0.16910000000000003,4,4,24,0.40072272943155907,1
0.8624999999999998,0.5874999999999999,-0.136487,-0.337483,0.36403774043085146,1.861894708838285,0.91808,4,4,24,0.3308586835440513,1
0.8874999999999998,0.5874999999999999,-0.103908,-0.312962,0.32976064942318395,2.345584202853524,1.68093,4,4,24,0.3602993857829465,1
0.9125,0.5874999999999999,-0.070111,-0.269038,0.27802337629235424,2.820263437446935,2.38065,3,3,18,0.3998254870336894,1
0.9375,0.5874999999999999,-0.0387413,-0.207008,0.21060199521773287,3.1938014646931334,2.94249,3,3,18,0.4634587905551478,1
0.9625,0.5874999999999999,-0.0143521,-0.130467,0.1312540317986842,3.4164001133649435,3.3202100000000003,3,2,17,0.7076696083277886,1
0.9875,0.5874999999999999,-0.00227378,-0.0446868,0.0447446105104112,3.53088582495657,3.5174100000000004,2,2,12,0.6249630866278986,1
0.012499999999999997,0.6124999999999999,-0.000465682,0.030483,0.03048655685257232,2.2412354463486124,2.2392,2,2,12,0.3739703034270991,1
0.0375,0.6124999999999999,-0.00299969,0.0814837,0.08153889566204646,1.8634985906258048,1.84914,1,2,7,0.37250549972307284,1
0.0625,0.6124999999999999,-0.008212469999999998,0.122972,0.12324592264047073,1.5241102113049436,1.48179,1,1,6,0.1788018717089155,1
0.0875,0.6124999999999999,-0.0151692,0.155718,0.1564551058695113,1.229930948213354,1.14506,1,1,6,0.22595830874612244,1
0.11249999999999998,0.6124999999999999,-0.0232078,0.180701,0.1821852172428927,0.9860441982487396,0.8424720000000001,1,0,5,0.25704205205322284,1
0.13749999999999998,0.6124999999999999,-0.0318635,0.198984,0.2015190186762778,0.7941450359726493,0.573876,0,0,0,0.22175113215792244,1
0.1625,0.6124999999999999,-0.0407584,0.211615,0.2155044208260239,0.6532551491415893,0.336538,0,0,0,0.11124012984787811,0
0.1875,0.6124999999999999,-0.0496122,0.219551,0.22508667661556517,0.5612043886107806,0.126006,0,0,0,0.07392958270475157,0
0.2125,0.6124999999999999,-0.0582404,0.223611,0.231071035643068,0.5145147577358691,0.062878,0,0,0,0.09093390207879967,0
0.2375,0.6124999999999999,-0.0665391,0.224461,0.23411576698251227,0.5072902531293105,0.235422,0,0,0,0.1086806364359216,0
0.26249999999999996,0.6124999999999999,-0.07446809999999998,0.222605,0.2347306625530844,0.5315812429986596,0.396578,0,0,0,0.11788724206814231,0
0.2875,0.6124999999999999,-0.08203549999999998,0.218403,0.23330172238809127,0.5792849406293936,0.550582,0,0,0,0.12702101584269165,0
0.3125,0.6124999999999999,-0.0892854,0.212085,0.23011286334787975,0.6440117341974446,0.700882,0,0,0,0.1489929060717864,0
0.3375,0.6124999999999999,-0.096287,0.203775,0.22537843063168225,0.7212615859922114,0.850038,0,0,0,0.19264585932556932,0
0.36249999999999993,0.6124999999999999,-0.103126,0.193512,0.2192757761815016,0.808006228790348,0.999778,0,0,0,0.2589839339339237,1
0.3875,0.6124999999999999,-0.109897,0.181269,0.2119806617830976,0.9021735303942365,1.15119,0,1,1,0.24499527741706684,1
0.4125,0.6124999999999999,-0.116697,0.166967,0.20370608458757436,1.0021221750844556,1.30451,0,1,1,0.14187070649086386,0
0.4375,0.6124999999999999,-0.123621,0.150498,0.19476087811724405,1.1065353924750891,1.45948,0,1,1,0.08138812007639315,0
0.4625,0.6124999999999999,-0.130757,0.131727,0.18560548369592964,1.2141430851427684,1.61528,0,1,1,0.1747633541578891,0
0.4875,0.6124999999999999,-0.138175,0.110509,0.1769309744109267,1.3235227202598376,1.7704,0,1,1,0.32221820286272324,1
0.5125,0.6124999999999999,-0.145925,0.08669889999999998,0.1697374587008124,1.4330972316294524,1.92279,0,2,2,0.26876052519163407,1
0.5375,0.6124999999999999,-0.154026,0.0601604,0.16535804305857033,1.5409117764090197,2.06971,0,2,2,0.2976986481126446,0
0.5625,0.6124999999999999,-0.162453,0.0307815,0.165343514996053,1.6443861499100507,2.20746,0,2,2,0.43422793970748985,1
0.5874999999999999,0.6124999999999999,-0.171123,-0.00150756,0.1711296405248185,1.7401204393446448,2.33116,2,4,14,0.38209727811328686,1
0.6124999999999999,0.6124999999999999,-0.179876,-0.0367084,0.1835834469840895,1.8236128500545283,2.43446,2,4,14,0.25206822570994847,0
0.6375,0.6124999999999999,-0.188448,-0.07471569999999998,0.20271922585312424,1.8888880225296576,2.5089500000000005,2,4,14,0.34102838739524893,1
0.6625,0.6124999999999999,-0.19645,-0.115263,0.22776778013801688,1.928191240022628,2.54369,3,4,19,0.3697903695196659,1
0.6875,0.6124999999999999,-0.20333,-0.157843,0.25740532540916866,1.9318777164199603,2.52456,3,4,19,0.1870931820394457,0
0.7124999999999999,0.6124999999999999,-0.208357,-0.201609,0.2899290056720783,1.8889939596515393,2.43398,3,4,19,0.4010942022324498,1
0.7374999999999998,0.6124999999999999,-0.210602,-0.245237,0.32325591807884974,1.7894298708806666,2.25094,4,4,24,0.4194559185209483,1
0.7624999999999998,0.6124999999999999,-0.208971,-0.286787,0.3548459696967122,1.6306242331082903,1.95266,4,4,24,0.23526700793902497,0
0.7874999999999999,0.6124999999999999,-0.202283,-0.323577,0.3816025249104099,1.4341524172834628,1.51748,4,4,24,0.35894369749982286,0
0.8125,0.6124999999999999,-0.189449,-0.352128,0.39985628916524496,1.2835893107999927,0.93104,4,4,24,0.537863599850398,1
0.8375,0.6124999999999999,-0.169764,-0.368301,0.40554339138617457,1.3475616174409244,0.1952,4,3,23,0.5864091354835402,1
0.8624999999999998,0.6124999999999999,-0.143303,-0.367709,0.3946462447433144,1.7251508640116087,0.66178,4,3,23,0.43759426924425976,1
0.8874999999999998,0.6124999999999999,-0.111345,-0.346514,0.3639638185603069,2.3111734675051983,1.57792,4,3,23,0.44395559426416514,1
0.9125,0.6124999999999999,-0.0766044,-0.302504,0.31205272649884025,2.9432154278346667,2.46112,4,4,24,0.5768470249815981,1
0.9375,0.6124999999999999,-0.0431059,-0.236116,0.2400185077672345,3.4860265019239307,3.21048,3,3,18,0.46019191014932,1
0.9625,0.6124999999999999,-0.016275,-0.15081,0.15168563453735492,3.8586724799232446,3.75338,3,2,17,0.5726092682541853,1
0.9875,0.6124999999999999,-0.00265596,-0.0524473,0.05251450657496079,4.09620308390588,4.0815,2,2,12,0.753343323961508,1
0.012499999999999997,0.6375,-0.000470121,0.0320023,0.03200575290544875,2.353172244602084,2.35203,2,2,12,0.36237527967537886,1
0.0375,0.6375,-0.00302429,0.0855644,0.08561783037057234,1.95314913782096,1.9436,1,2,7,0.3929213498140212,1
0.0625,0.6375,-0.008232939999999998,0.129002,0.12926444718113175,1.5872634033701651,1.5569800000000003,1,1,6,0.1417320007240174,1
0.0875,0.6375,-0.0150705,0.163074,0.16376889034932735,1.2653680721296077,1.20154,1,0,5,0.26553985976434147,1
0.11249999999999998,0.6375,-0.0228004,0.188827,0.19019856510804703,0.993963425294915,0.881698,1,0,5,0.2520283595056669,1
0.13749999999999998,0.6375,-0.030913,0.207433,0.2097237779985856,0.7752626626608559,0.597604,0,0,0,0.17269715616384296,1
0.1625,0.6375,-0.0390139,0.220052,0.2234837065586885,0.6093126851461408,0.346466,0,0,0,0.10766533207417167,0
0.1875,0.6375,-0.0468279,0.22775,0.232514332286012,0.49688385279861935,0.123724,0,0,0,0.12948067251902418,0
0.2125,0.6375,-0.0541916,0.231439,0.23769884356378349,0.43940862429406186,0.07606000000000002,0,0,0,0.15705397118372458,0
0.2375,0.6375,-0.0610305,0.231858,0.2397558218151334,0.4341025266961713,0.25839,0,0,0,0.1639486967491595,0
0.26249999999999996,0.6375,-0.067338,0.229571,0.23924307782044604,0.47023164531962336,0.428438,0,0,0,0.15100860020635298,0
0.2875,0.6375,-0.07315729999999998,0.224979,0.23657459919503196,0.5341176128794107,0.5906480000000001,0,0,0,0.1262232848343296,0
0.3125,0.6375,-0.0785671,0.218344,0.23204932996759547,0.6153676371893472,0.748638,0,0,0,0.10667534928036522,0
0.3375,0.6375,-0.08367009999999998,0.20981,0.22587811256075696,0.7077944697608198,0.905168,0,0,0,0.12266889418145602,0
0.36249999999999993,0.6375,-0.0885851,0.199429,0.21821834474445545,0.8079388136486576,1.06217,0,0,0,0.18345019654148523,0
0.3875,0.6375,-0.0934396,0.18718,0.20920638433891064,0.91381856063444,1.22086,0,0,0,0.2738107004192341,1
0.4125,0.6375,-0.09836470000000001,0.172988,0.198998649116244,1.0241942419521797,1.38181,0,1,1,0.19022797074892006,1
0.4375,0.6375,-0.10349,0.156736,0.18782000371632407,1.1381003763622963,1.54498,0,1,1,0.11723865086399968,0
0.4625,0.6375,-0.108941,0.138283,0.17604070429875016,1.25474948271916,1.7098700000000002,0,1,1,0.17176171010328975,0
0.4875,0.6375,-0.11483,0.117466,0.16426865207945185,1.3732451694071235,1.87541,0,1,1,0.3086619459113584,1
0.5125,0.6375,-0.121253,0.0941165,0.15349334051107885,1.4925180004824063,2.03998,0,2,2,0.25613805083062247,1
0.5375,0.6375,-0.128281,0.068064,0.14521956843690179,1.6111849549322388,2.20139,0,2,2,0.2513272348531812,1
0.5625,0.6375,-0.135948,0.0391491,0.1414726501300163,1.7272849657529008,2.35657,0,2,2,0.3686586553840502,1
0.5874999999999999,0.6375,-0.144239,0.00723747,0.1444204628610534,1.83810495305056,2.50145,2,4,14,0.5151880833531924,1
0.6124999999999999,0.6375,-0.153069,-0.0277595,0.155565769375046,1.9397357850480563,2.6304200000000004,2,4,14,0.36088426457993755,1
0.6375,0.6375,-0.162259,-0.0658514,0.17511250658636576,2.026640598888713,2.73583,2,4,14,0.33401600020994515,1
0.6625,0.6375,-0.171503,-0.106919,0.20210133985206527,2.091101217373277,2.8072700000000004,3,4,19,0.4996121826002969,1
0.6875,0.6375,-0.18033,-0.150638,0.2349696064260227,2.1225505405525684,2.83054,3,4,19,0.2368106760575063,0
0.7124999999999999,0.6375,-0.188063,-0.19637,0.27189863712236584,2.1073673622792963,2.78696,3,4,19,0.3373892222587675,1
0.7374999999999998,0.6375,-0.193783,-0.243011,0.31081537479667887,2.02940936708196,2.6525200000000004,4,4,24,0.4292348305685521,1
0.7624999999999998,0.6375,-0.196314,-0.288803,0.34920818920094066,1.8736833746393764,2.39852,4,4,24,0.15963125717693435,0
0.7874999999999999,0.6375,-0.194274,-0.331126,0.3839099047328682,1.6377536943020463,1.9938,4,4,24,0.3632003256496461,1
0.8125,0.6375,-0.186213,-0.366336,0.4109468898349274,1.3669565432741453,1.41066,4,3,23,0.6344200105606445,1
0.8375,0.6375,-0.170899,-0.389759,0.42558024658341453,1.2392924608824183,0.6353,4,3,23,0.5972457144390464,0
0.8624999999999998,0.6375,-0.147789,-0.396008,0.42268655595488247,1.5267076950091003,0.31778,4,3,23,0.45936843959027956,0
0.8874999999999998,0.6375,-0.117599,-0.37979,0.3975801414821922,2.1949039571698807,1.3913000000000002,4,3,23,0.23410915341296204,0
0.9125,0.6375,-0.0827691,-0.337242,0.3472504722513851,3.0042615027297472,2.48129,4,3,23,0.5374293780819512,1
0.9375,0.6375,-0.0475711,-0.267442,0.2716398956692665,3.755880188304201,3.45712,3,3,18,0.603771987882395,1
0.9625,0.6375,-0.0183523,-0.173328,0.17429688034870275,4.323920865611211,4.20992,3,2,17,0.508888046903066,1
0.9875,0.6375,-0.00309152,-0.061256,0.061333963119224566,4.726188799782354,4.71034,2,2,12,0.9224368331901092,1
0.012499999999999997,0.6625,-0.0005003,0.0335579,0.03356162916933563,2.467435672706401,2.4675200000000004,2,2,12,0.35427837771865284,1
0.0375,0.6625,-0.00318006,0.08971669999999998,0.08977304183603003,2.043162908228808,2.03984,1,2,7,0.4172137755328533,1
0.0625,0.6625,-0.008551629999999998,0.135037,0.13530750808679057,1.6479631614096355,1.63267,1,1,6,0.12021997520372035,1
0.0875,0.6625,-0.0154213,0.170264,0.17096094931208705,1.2959397821955307,1.25763,1,0,5,0.2174836780748058,1
0.11249999999999998,0.6625,-0.0229337,0.196548,0.1978814566847788,0.9952426533062176,0.9200640000000002,1,0,5,0.2682881735957721,1
0.13749999999999998,0.6625,-0.0305187,0.215198,0.21735126006924824,0.7481961395356168,0.6204360000000001,0,0,0,0.14490505168617415,1
0.1625,0.6625,-0.0377647,0.227525,0.23063780737574227,0.5549808340978993,0.35587,0,0,0,0.14288006753316818,0
0.1875,0.6625,-0.0444114,0.234722,0.23888656248093987,0.4190334861750311,0.12143,0,0,0,0.19056746142234474,0
0.2125,0.6625,-0.0503294,0.237807,0.2430745107027061,0.35034885339044575,0.08855600000000001,0,0,0,0.2184694095686438,0
0.2375,0.6625,-0.0554876,0.237601,0.24399407565504533,0.35362305309467595,0.279888,0,0,0,0.2161755716471451,0
0.26249999999999996,0.6625,-0.0599252,0.234726,0.2422546690386792,0.41088130964549846,0.45793400000000006,0,0,0,0.18786439509831243,0
0.2875,0.6625,-0.0637301,0.229627,0.238306703168438,0.4971082038550561,0.6273080000000001,0,0,0,0.14062229279316119,0
0.3125,0.6625,-0.0670225,0.222594,0.2324652755622869,0.5974001495614142,0.791806,0,0,0,0.0825624928003665,0
0.3375,0.6625,-0.0699436,0.213791,0.22494154543338588,0.7051425967674907,0.954356,0,0,0,0.054152694754853736,0
0.36249999999999993,0.6625,-0.0726475,0.20328,0.21587129882467004,0.8175006398921043,1.11706,0,0,0,0.12264949054044894,0
0.3875,0.6625,-0.0752952,0.191047,0.20534927161312255,0.9331856223603104,1.28128,0,0,0,0.22574180363553698,1
0.4125,0.6625,-0.07805059999999998,0.177019,0.1934621992053228,1.0516120741414108,1.44785,0,1,1,0.26488630607042973,1
0.4375,0.6625,-0.08107699999999998,0.161076,0.18033013532130449,1.1724181119464163,1.61702,0,1,1,0.2180178014566736,0
0.4625,0.6625,-0.08453339999999998,0.143069,0.16617651602004418,1.295325525765628,1.78857,0,1,1,0.2542245157749366,1
0.4875,0.6625,-0.08857099999999998,0.122825,0.1514292001761879,1.4199992987899677,1.96183,1,1,6,0.3280682473110223,1
0.5125,0.6625,-0.093328,0.100156,0.13689901358300577,1.545980113108833,2.13571,0,2,2,0.3309380441301667,1
0.5375,0.6625,-0.0989241,0.07486389999999998,0.12405878076146,1.6725087058296588,2.30857,1,2,7,0.2996030356282345,1
0.5625,0.6625,-0.105451,0.0467513,0.1153498914290343,1.7983430234379647,2.47806,1,2,7,0.329644457819882,1
0.5874999999999999,0.6625,-0.112959,0.0156286,0.1140350332966146,1.9215679942591155,2.6409400000000005,1,3,8,0.470040155087162,1
0.6124999999999999,0.6625,-0.121444,-0.0186691,0.122870584074505,2.0391695913640926,2.7926200000000003,2,3,13,0.4550996578113986,1
0.6375,0.6625,-0.130816,-0.0562578,0.14240002077541983,2.1465489653730243,2.9266,2,3,13,0.3298422572778039,1
0.6625,0.6625,-0.140873,-0.097162,0.17113052437540183,2.236731240380927,3.03356,2,3,13,0.4369661039064402,1
0.6875,0.6625,-0.151254,-0.141247,0.20695044702778487,2.2994788518270832,3.1002400000000003,3,4,19,0.41274673237188136,1
0.7124999999999999,0.6625,-0.161382,-0.188115,0.2478535921648101,2.320143111792891,3.10796,3,4,19,0.3388873041431674,1
0.7374999999999998,0.6625,-0.170409,-0.23694,0.291855770683055,2.2789706829180583,3.0311800000000004,3,3,18,0.45377187679945685,1
0.7624999999999998,0.6625,-0.17716,-0.286249,0.33663653337241933,2.152014368167648,2.83664,4,4,24,0.13935528834170402,1
0.7874999999999999,0.6625,-0.180126,-0.33364,0.3791583118909567,1.9169611609002408,2.48424,4,4,24,0.3328489052464659,1
0.8125,0.6625,-0.177549,-0.375486,0.415347304790822,1.5754635862500916,1.93166,4,3,23,0.5465279709084442,1
0.8375,0.6625,-0.167671,-0.406751,0.4399544751926045,1.2363691874193563,1.14516,4,3,23,0.6122427274701762,0
0.8624999999999998,0.6625,-0.149223,-0.421111,0.4467683718102704,1.2928057700985096,0.11782,4,3,23,0.5896234142770986,0
0.8874999999999998,0.6625,-0.122144,-0.411678,0.42941580364490545,1.9843790977532492,1.10764,4,3,23,0.3131753921877952,0
0.9125,0.6625,-0.0883208,-0.372509,0.38283615136718735,2.9831081674696276,2.42292,4,3,23,0.23124208179140643,1
0.9375,0.6625,-0.0520477,-0.300686,0.305157391637971,3.9860637549246496,3.66657,3,3,18,0.8326058932822697,1
0.9625,0.6625,-0.0205851,-0.198044,0.1991109546911219,4.8039435211992245,4.68229,3,2,17,0.5686854537714138,1
0.9875,0.6625,-0.00358898,-0.0712034,0.0712937932010943,5.4231453799083935,5.40636,3,2,17,0.9841986013943619,1
0.012499999999999997,0.6875,-0.000571296,0.0352333,0.03523793138096526,2.589388379020417,2.59121,2,2,12,0.350067380156195,1
0.0375,0.6875,-0.00353714,0.0941208,0.09418724091945577,2.136209417219052,2.14108,1,1,6,0.4397866761648395,1
0.0625,0.6875,-0.00931928,0.141271,0.14157805063186313,1.7065284698469463,1.71011,1,1,6,0.12267665753289467,1
0.0875,0.6875,-0.0164412,0.177438,0.17819808332706613,1.3203316204014808,1.31299,1,0,5,0.1825285507428762,1
0.11249999999999998,0.6875,-0.0238696,0.203931,0.2053231856492588,0.9879225210855352,0.956282,0,0,0,0.23461613750956406,1
0.13749999999999998,0.6875,-0.0309578,0.222264,0.22440960558059897,0.7111601613392021,0.6405700000000001,0,0,0,0.14187916338489376,0
0.1625,0.6875,-0.0372834,0.233938,0.236890353876134,0.48875891758616535,0.362556,0,0,0,0.18858283451416447,0
0.1875,0.6875,-0.0426174,0.240306,0.24405576497751488,0.3255902607388618,0.116828,0,0,0,0.24578659618694354,0
0.2125,0.6875,-0.0468848,0.242507,0.24699763059600388,0.24744466702679208,0.102782,0,0,0,0.2707897442392876,0
0.2375,0.6875,-0.0501171,0.241447,0.2465935472014829,0.276943497060321,0.30238800000000005,0,0,0,0.25698719702788014,0
0.26249999999999996,0.6875,-0.0524153,0.237808,0.2435159307685844,0.3698572585633544,0.487604,0,0,0,0.21479404793409193,0
0.2875,0.6875,-0.0539239,0.232072,0.2382544861596734,0.4830968078967196,0.66323,0,0,0,0.15450680148994783,0
0.3125,0.6875,-0.0548128,0.224554,0.2311470137376644,0.6021352035548163,0.833164,0,0,0,0.08143316185351143,0
0.3375,0.6875,-0.0552663,0.215433,0.2224089508196332,0.7230277621613157,1.00047,0,0,0,0.029674378891335878,0
0.36249999999999993,0.6875,-0.0554761,0.20478,0.2121613679990068,0.8447875328743909,1.16742,0,0,0,0.11517716189793349,0
0.3875,0.6875,-0.0556368,0.192584,0.200459598348994,0.967280880820044,1.33557,0,0,0,0.226292010642072,1
0.4125,0.6875,-0.0559433,0.178772,0.1873207964933152,1.0906890549684636,1.50595,1,0,5,0.34408862599812395,1
0.4375,0.6875,-0.0565889,0.163222,0.17275336432964195,1.2152378160738744,1.67902,0,1,1,0.3350466283002194,1
0.4625,0.6875,-0.0577635,0.145782,0.15680884367997233,1.341192663976358,1.8549,1,1,6,0.23056175493955483,1
0.4875,0.6875,-0.0596515,0.126267,0.13964833239695343,1.4687667862543734,2.03332,1,1,6,0.20093763693482333,0
0.5125,0.6875,-0.0624284,0.104478,0.121708494405937,1.5980093773054023,2.21357,1,1,6,0.3038945249239809,1
0.5375,0.6875,-0.066257,0.0801978,0.10402729052436192,1.7288207716082082,2.39461,1,2,7,0.2171841958546913,1
0.5625,0.6875,-0.0712803,0.0531985,0.08894358644860237,1.8607152764998731,2.57484,1,2,7,0.24326872890905232,0
0.5874999999999999,0.6875,-0.0776126,0.0232484,0.08101977401424913,1.9926035226507053,2.75184,1,2,7,0.39402299382524175,1
0.6124999999999999,0.6875,-0.08532439999999998,-0.00988011,0.08589452723527907,2.122557381418227,2.9221900000000005,1,3,8,0.4492243365760274,1
0.6375,0.6875,-0.0944217,-0.0463933,0.10520359174372328,2.2471935878352807,3.0807,2,3,13,0.3800679119230954,1
0.6625,0.6875,-0.104814,-0.0864458,0.13586335390251486,2.360922816239446,3.2196800000000003,2,3,13,0.3282214866610359,0
0.6875,0.6875,-0.116271,-0.130086,0.1744743902038348,2.454804884303435,3.32758,2,3,13,0.5623313349699903,1
0.7124999999999999,0.6875,-0.128358,-0.177163,0.21877500938864108,2.5149177896106267,3.38713,3,3,18,0.4098457816829503,1
0.7374999999999998,0.6875,-0.140358,-0.227174,0.2670363167061739,2.520453598620693,3.3730600000000006,3,3,18,0.267200367985323,1
0.7624999999999998,0.6875,-0.151182,-0.27902,0.31734548606211493,2.4422758513321137,3.2496600000000004,4,4,24,0.278372705484338,1
0.7874999999999999,0.6875,-0.159299,-0.330672,0.3670424266825295,2.244267352968447,2.96972,4,4,24,0.2982955571136025,1
0.8125,0.6875,-0.162741,-0.378743,0.41222674965363415,1.8938619181978396,2.47656,4,3,23,0.42493991404405107,1
0.8375,0.6875,-0.159266,-0.418082,0.44739045304968234,1.4111918409628084,1.71358,4,3,23,0.5793177831341492,0
0.8624999999999998,0.6875,-0.146825,-0.44162,0.46538780068347296,1.1036984854569658,0.64446,4,3,23,0.7245970054153369,0
0.8874999999999998,0.6875,-0.124379,-0.440841,0.4580512230329704,1.67380100011919,0.7153800000000001,4,3,23,0.5518990855339343,0
0.9125,0.6875,-0.0929232,-0.407324,0.41778889654254814,2.8574247403184567,2.26608,4,3,23,0.10633273028474384,0
0.9375,0.6875,-0.0564345,-0.335391,0.34010583010476314,4.155192313650958,3.81931,4,3,23,0.7422781704411017,1
0.9625,0.6875,-0.0229841,-0.22493,0.22610124668566073,5.2872995608832305,5.1599900000000005,3,2,17,0.7412503237342193,1
0.9875,0.6875,-0.00416214,-0.0823869,0.08249196749374813,6.18852939588205,6.17127,3,2,17,0.9874929788084053,0
0.012499999999999997,0.7124999999999999,-0.000706523,0.0371567,0.037163416549606,2.7271038349462735,2.73143,2,2,12,0.35098585270113486,1
0.0375,0.7124999999999999,-0.00419634,0.0990422,0.09913105794974449,2.2361988777311286,2.25189,1,1,6,0.41508004662469217,1
0.0625,0.7124999999999999,-0.0107399,0.147982,0.14837121613038695,1.7634441300841823,1.79057,1,1,6,0.15106979411734542,1
0.0875,0.7124999999999999,-0.0184106,0.184799,0.18571381368481993,1.336908318766848,1.36661,1,0,5,0.17011664479473151,1
0.11249999999999998,0.7124999999999999,-0.0259218,0.211072,0.21265777413308923,0.9695863054230913,0.98786,0,0,0,0.19405528108541145,1
0.13749999999999998,0.7124999999999999,-0.0325402,0.228612,0.2309162427375779,0.6620383002153275,0.6545540000000001,0,0,0,0.15809967868108513,0
0.1625,0.7124999999999999,-0.0378505,0.239176,0.24215247123713193,0.40956180339479903,0.362504,0,0,0,0.23228762097047084,0
0.1875,0.7124999999999999,-0.0416838,0.244312,0.2478424752265842,0.21432746072307207,0.105438,0,0,0,0.2927721808550899,0
0.2125,0.7124999999999999,-0.0440493,0.245296,0.24921971921677863,0.1400946074622432,0.123476,0,0,0,0.31082340966121613,0
0.2375,0.7124999999999999,-0.0450672,0.243123,0.247264727862346,0.2390527268449369,0.330876,0,0,0,0.2776253010894711,0
0.26249999999999996,0.7124999999999999,-0.04492,0.238527,0.24271987172252704,0.37539760992845966,0.522666,0,0,0,0.223187469904186,0
0.2875,0.7124999999999999,-0.0438226,0.232021,0.23612319816519511,0.5115758728087164,0.703818,0,0,0,0.1599104743923183,0
0.3125,0.7124999999999999,-0.0420033,0.223935,0.22784021031391716,0.6440953030414056,0.87839,0,0,0,0.1033898138761791,0
0.3375,0.7124999999999999,-0.0396941,0.214454,0.21809662925137105,0.7734070800813762,1.04953,0,0,0,0.10463099705800319,0
0.36249999999999993,0.7124999999999999,-0.0371255,0.203652,0.20700830865994244,0.9004225434427994,1.2196300000000002,0,0,0,0.1795294615612558,1
0.3875,0.7124999999999999,-0.0345248,0.191517,0.19460401615598788,1.025994653299909,1.3904,1,0,5,0.2829970938155818,1
0.4125,0.7124999999999999,-0.0321152,0.177974,0.18084836396008677,1.150885582714459,1.563,1,0,5,0.2530459142981252,1
0.4375,0.7124999999999999,-0.030116,0.162901,0.1656614295996506,1.2758244847141005,1.7381900000000003,1,1,6,0.27382834182026156,1
0.4625,0.7124999999999999,-0.0287434,0.146138,0.14893790010457375,1.4014875535786968,1.91633,1,1,6,0.14485642139795205,0
0.4875,0.7124999999999999,-0.0282088,0.127498,0.13058130188292655,1.5284936517368988,2.09745,1,1,6,0.1276327688924773,0
0.5125,0.7124999999999999,-0.0287189,0.106771,0.11056591544508643,1.6574162605778913,2.28132,1,1,6,0.27725474821394236,1
0.5375,0.7124999999999999,-0.0304729,0.08372789999999998,0.08910083542156044,1.7886678100116855,2.4673300000000005,1,2,7,0.27794124836000117,1
0.5625,0.7124999999999999,-0.0336585,0.0581221,0.06716452285738357,1.9224327810979505,2.65452,1,2,7,0.3243124303090312,1
0.5874999999999999,0.7124999999999999,-0.0384457,0.0296919,0.04857654551427056,2.058498318294188,2.84134,2,2,12,0.3621044681733453,1
0.6124999999999999,0.7124999999999999,-0.0449763,-0.00183573,0.04501374752587147,2.1959750873851,3.0254200000000004,2,2,12,0.4118495782638823,1
0.6375,0.7124999999999999,-0.0533467,-0.0367372,0.06477261971489187,2.3328872991081244,3.2030500000000006,2,2,12,0.5132216903384624,1
0.6625,0.7124999999999999,-0.0635815,-0.0752739,0.09853307649444425,2.465437462609831,3.36842,2,3,13,0.4314393641213909,1
0.6875,0.7124999999999999,-0.075592,-0.117656,0.1398466474392575,2.586750931979344,3.5123,2,3,13,0.48634338570513175,1
0.7124999999999999,0.7124999999999999,-0.0891133,-0.163969,0.1866199699868425,2.685091315765629,3.620060000000001,3,3,18,0.5612333427893207,1
0.7374999999999998,0.7124999999999999,-0.103613,-0.214044,0.2378034644512144,2.7411066321389246,3.66868,3,3,18,0.19314169352509505,0
0.7624999999999998,0.7124999999999999,-0.118175,-0.267224,0.29218828997925295,2.7243804897994703,3.62284,3,3,18,0.42654136129989434,1
0.7874999999999999,0.7124999999999999,-0.131363,-0.32199,0.3477553707263196,2.590958997765113,3.43129,4,4,24,0.33556643704653627,1
0.8125,0.7124999999999999,-0.141131,-0.375436,0.4010862117512892,2.2855231009989807,3.02538,4,3,23,0.2897529724512385,1
0.8375,0.7124999999999999,-0.144869,-0.422622,0.44676210900769103,1.7630321505860296,2.3246200000000004,4,3,23,0.47787975516382425,0
0.8624999999999998,0.7124999999999999,-0.139759,-0.45605,0.4769844657648716,1.1224326670228375,1.25638,4,3,23,0.7885996798490275,0
0.8874999999999998,0.7124999999999999,-0.123617,-0.465717,0.48184384065587055,1.2775597549218587,0.2056,4,3,23,0.7932769042572708,0
0.9125,0.7124999999999999,-0.0961747,-0.440438,0.4508161540629284,2.603275548109343,1.9892,4,3,23,0.39078333833168655,0
0.9375,0.7124999999999999,-0.0606193,-0.370911,0.3758319697065298,4.23688878898184,3.89141,4,3,23,0.5584527550641015,1
0.9625,0.7124999999999999,-0.0255803,-0.253905,0.25519032264780334,5.758455926256969,5.62896,3,2,17,0.9804937878892035,1
0.9875,0.7124999999999999,-0.00483539,-0.0949211,0.09504418036714346,7.023188479309953,7.006350000000001,3,2,17,1.0641626602889702,0
0.012499999999999997,0.7374999999999998,-0.000943888,0.0395221,0.039533369613107154,2.892481680368553,2.90049,2,2,12,0.35997069106539786,1
0.0375,0.7374999999999998,-0.00530621,0.104862,0.1049961661612656,2.348503887054267,2.37837,1,1,6,0.39195619695440986,1
0.0625,0.7374999999999998,-0.013091,0.155547,0.1560969041653293,1.819232094219976,1.875,1,1,6,0.20094786591518116,1
0.0875,0.7374999999999998,-0.0216818,0.192604,0.19382053881681371,1.343411549334008,1.41583,1,0,5,0.18959997028783104,1
0.11249999999999998,0.7374999999999998,-0.0294496,0.218069,0.22004855759845368,0.937054559762664,1.00978,0,0,0,0.1611843537881048,1
0.13749999999999998,0.7374999999999998,-0.0355815,0.23419,0.23687760392711252,0.5986849370545413,0.655884,0,0,0,0.1840690511926144,0
0.1625,0.7374999999999998,-0.0397086,0.243069,0.2462911116442492,0.31860188767802367,0.348264,0,0,0,0.2695885857852435,0
0.1875,0.7374999999999998,-0.0417693,0.24649,0.2500039890131555,0.08652651665241123,0.07911000000000001,0,0,0,0.33041673221557527,0
0.2125,0.7374999999999998,-0.0419,0.245877,0.24942154904698996,0.11996057745776317,0.159452,0,0,0,0.3199885289851174,0
0.2375,0.7374999999999998,-0.0403423,0.242308,0.24564337571628103,0.2942326680774927,0.374742,0,0,0,0.2672019989808727,0
0.26249999999999996,0.7374999999999998,-0.037384,0.236557,0.2394927508401872,0.4524589812347634,0.573048,0,0,0,0.20986340419971292,0
0.2875,0.7374999999999998,-0.033325,0.229152,0.2315625071746288,0.5989118857327845,0.759526,0,0,0,0.16147385752581228,0
0.3125,0.7374999999999998,-0.0284603,0.220425,0.22225473965945025,0.7370568619936998,0.938336,0,0,0,0.1510948004114174,0
0.3375,0.7374999999999998,-0.0230727,0.210557,0.2118173735421389,0.8693098856472301,1.11277,0,0,0,0.19778545943457082,1
0.36249999999999993,0.7374999999999998,-0.0174317,0.199613,0.20037268759461704,0.9973363910757491,1.28526,1,0,5,0.266088164856988,1
0.3875,0.7374999999999998,-0.0117947,0.187577,0.187947455096072,1.122394720338616,1.45763,1,0,5,0.19520242536277513,0
0.4125,0.7374999999999998,-0.00640918,0.174367,0.17448475084451479,1.2455762243732815,1.63126,1,0,5,0.18793213144893658,1
0.4375,0.7374999999999998,-0.00151562,0.159856,0.15986318475491595,1.3678267069117347,1.80705,1,1,6,0.25067219690143655,1
0.4625,0.7374999999999998,0.00264975,0.14388,0.1439043973444262,1.4900910412874107,1.98559,1,1,6,0.16587492713929763,0
0.4875,0.7374999999999998,0.00585413,0.12625,0.12638565321292167,1.6132865860100616,2.16719,1,1,6,0.19285857750016713,0
0.5125,0.7374999999999998,0.00786726,0.106751,0.10704050532815884,1.7383241443781536,2.3519400000000004,1,1,6,0.32516641099921156,1
0.5375,0.7374999999999998,0.00846064,0.08514869999999998,0.08556800535772467,1.866073759578608,2.53968,1,2,7,0.41380269000782793,1
0.5625,0.7374999999999998,0.007409619999999999,0.0611859,0.06163291999698213,1.9972878547670991,2.72995,2,2,12,0.3510442977216306,1
0.5874999999999999,0.7374999999999998,0.00449666,0.0345848,0.034875899159671854,2.1324599731120393,2.92192,2,2,12,0.3616720667928772,0
0.6124999999999999,0.7374999999999998,-0.000482616,0.00504469,0.005067722900825971,2.271753062376719,3.11417,2,2,12,0.5248850868488729,0
0.6375,0.7374999999999998,-0.0077075,-0.0277574,0.02880761723936917,2.4145758430250233,3.30438,2,2,12,0.5024258119145286,0
0.6625,0.7374999999999998,-0.017312,-0.0641609,0.06645544697622612,2.55903556296508,3.4887,2,2,12,0.6066490519159499,1
0.6875,0.7374999999999998,-0.0293511,-0.104504,0.10854756140609516,2.700883394102752,3.66059,2,3,13,0.5741602962030331,1
0.7124999999999999,0.7374999999999998,-0.0437431,-0.149078,0.1553631516210005,2.831650068641251,3.80893,2,3,13,0.7231405487527133,1
0.7374999999999998,0.7374999999999998,-0.0601789,-0.198031,0.2069728894474105,2.9355631606586154,3.91479,3,3,18,0.4014058477516108,1
0.7624999999999998,0.7374999999999998,-0.07798579999999998,-0.251171,0.26299934646808526,2.984792045286237,3.94641,3,3,18,0.31042046820348423,1
0.7874999999999999,0.7374999999999998,-0.0959465,-0.3076,0.32221652791601174,2.9334583587458676,3.85268,4,4,24,0.4980363781657039,1
0.8125,0.7374999999999998,-0.112104,-0.365115,0.381937521122238,2.713239202226741,3.55732,4,3,23,0.26495984478088946,1
0.8375,0.7374999999999998,-0.123649,-0.419361,0.4372101594450888,2.238515167694872,2.95838,4,3,23,0.3074579770508703,0
0.8624999999999998,0.7374999999999998,-0.127101,-0.462875,0.48000826016434334,1.4574587785594488,1.94268,4,3,23,0.7471931131927791,0
0.8874999999999998,0.7374999999999998,-0.119047,-0.484529,0.498939415209903,0.8934009942259972,0.42714,4,3,23,0.9888170992029408,0
0.9125,0.7374999999999998,-0.09757710000000001,-0.470285,0.48030123013522463,2.1962534730991323,1.56945,4,3,23,0.6728510530002997,0
0.9375,0.7374999999999998,-0.064472,-0.406351,0.41143380267668817,4.198446487824277,3.85312,4,3,23,0.48735900207468047,1
0.9625,0.7374999999999998,-0.0284422,-0.284825,0.2862415751875328,6.196087145057273,6.0702,4,2,22,0.9725395930877375,1
0.9875,0.7374999999999998,-0.00565365,-0.108958,0.10910458066608617,7.927657626033965,7.91296,3,2,17,1.2172752394040665,1
0.012499999999999997,0.7624999999999998,-0.00134709,0.0426259,0.04264718047278272,3.1030676552311327,3.11651,2,2,12,0.382978331607627,1
0.0375,0.7624999999999998,-0.00708999,0.112117,0.11234095267176658,2.480077332572104,2.5280500000000004,1,1,6,0.37362992592877753,1
0.0625,0.7624999999999998,-0.0167481,0.164447,0.16529765474019892,1.8740189241584515,1.96271,1,0,5,0.25410931614326343,1
0.0875,0.7624999999999998,-0.0266801,0.201136,0.2028978024326779,1.3363173955150027,1.4544,1,0,5,0.24144859160329374,1
0.11249999999999998,0.7624999999999998,-0.0348246,0.224976,0.22765533892522707,0.8858786015024858,1.01222,0,0,0,0.14251331503557527,1
0.13749999999999998,0.7624999999999998,-0.0403344,0.238862,0.24224351150724344,0.519087868727444,0.6324040000000001,0,0,0,0.21363344870046763,0
0.1625,0.7624999999999998,-0.0429637,0.245344,0.24907741337521955,0.2274116858035224,0.305906,0,0,0,0.29672176452970583,0
0.1875,0.7624999999999998,-0.0428313,0.246483,0.2501767166398384,0.09772378019704314,0.022584000000000003,0,0,0,0.32748836278107163,0
0.2125,0.7624999999999998,-0.0402587,0.243853,0.24715389645864372,0.26657090947813494,0.227042,0,0,0,0.28242067759440254,0
0.2375,0.7624999999999998,-0.0356501,0.238596,0.24124464936244697,0.44356784712149727,0.451214,0,0,0,0.2280730228138691,0
0.26249999999999996,0.7624999999999998,-0.0294236,0.231503,0.2333653514255276,0.6049081282310564,0.656688,0,0,0,0.18633605325592947,0
0.2875,0.7624999999999998,-0.0219783,0.223094,0.22417399159333803,0.7535447656669112,0.84887,0,0,0,0.1842422540878519,0
0.3125,0.7624999999999998,-0.0136815,0.213682,0.21411954737073868,0.8926900930138073,1.03205,0,0,0,0.23264375444618834,1
0.3375,0.7624999999999998,-0.00486762,0.203427,0.20348522809645028,1.0246636166176684,1.20958,1,0,5,0.25760575364543564,1
0.36249999999999993,0.7624999999999998,0.00415742,0.192376,0.1924209175662989,1.1511543916000149,1.38395,1,0,5,0.1751919624535907,0
0.3875,0.7624999999999998,0.0131108,0.180498,0.18097353696228624,1.273477295265212,1.55715,1,0,5,0.14610930493834737,0
0.4125,0.7624999999999998,0.0217266,0.167699,0.16910056105335664,1.3927526534083503,1.7306100000000002,1,0,5,0.2034565756022357,1
0.4375,0.7624999999999998,0.0297495,0.153847,0.15669694368190468,1.5100409151079317,1.9054200000000003,1,1,6,0.30059098118982663,1
0.4625,0.7624999999999998,0.0369301,0.138773,0.143602847517067,1.6264186010261934,2.0824,1,1,6,0.28815218877091264,0
0.4875,0.7624999999999998,0.0430216,0.122286,0.12963303538280663,1.7429696212946455,2.26204,1,1,6,0.33340331431272824,1
0.5125,0.7624999999999998,0.0477768,0.104172,0.11460553303501536,1.8608470119448297,2.44473,1,1,6,0.4274701996582319,1
0.5375,0.7624999999999998,0.0509458,0.08419509999999998,0.09840878721765653,1.9812425005364689,2.6306200000000004,2,2,12,0.49081296523645623,1
0.5625,0.7624999999999998,0.0522753,0.0620987,0.08117238158253089,2.1053105622810144,2.81965,2,2,12,0.3683359306335099,0
0.5874999999999999,0.7624999999999998,0.051509,0.0376009,0.06377307238803849,2.234229130210239,3.0115700000000003,2,2,12,0.2986554937745399,0
0.6124999999999999,0.7624999999999998,0.0483899,0.0103904,0.04949285639534255,2.368983364621204,3.20576,2,2,12,0.32911214363822544,0
0.6375,0.7624999999999998,0.0426668,-0.0198784,0.04707023060066733,2.5102672578432763,3.40106,2,2,12,0.4205686109419637,0
0.6625,0.7624999999999998,0.0341069,-0.0535911,0.06352390594744628,2.6580890480568926,3.59544,2,2,12,0.5507724845833313,1
0.6875,0.7624999999999998,0.0225204,-0.0911727,0.09391288325597293,2.8109602763326276,3.78509,2,3,13,0.7552702301540917,1
0.7124999999999999,0.7624999999999998,0.0078063,-0.133073,0.13330176911312916,2.96436220723784,3.96294,3,2,17,0.7504248687840196,1
0.7374999999999998,0.7624999999999998,-0.00996661,-0.179713,0.17998915435073332,3.1076760994086885,4.115460000000001,3,3,18,0.6873862870955588,1
0.7624999999999998,0.7624999999999998,-0.0304234,-0.231343,0.23333488148273077,3.218876999387209,4.21722,3,3,18,0.4325601492763022,1
0.7874999999999999,0.7624999999999998,-0.052673,-0.287733,0.29251448548405257,3.2561421572928904,4.22234,3,3,18,0.6119412518089388,1
0.8125,0.7624999999999998,-0.0750259,-0.347573,0.3555782276796627,3.147489092403658,4.05346,4,3,23,0.4730202028589788,1
0.8375,0.7624999999999998,-0.09471,-0.407472,0.4183340948141808,2.783803636495218,3.5929400000000005,4,3,23,0.1023720504354545,0
0.8624999999999998,0.7624999999999998,-0.107793,-0.460588,0.4730334413051576,2.0328059525690096,2.68738,4,3,23,0.6179776804951926,0
0.8874999999999998,0.7624999999999998,-0.10967,-0.495286,0.5072826930775384,0.9061439066042437,1.18409,4,3,23,1.0533118799987584,0
0.9125,0.7624999999999998,-0.0964692,-0.494922,0.5042361476854272,1.6153074334169333,0.982414,4,3,23,0.9354127929191792,0
0.9375,0.7624999999999998,-0.0678152,-0.440485,0.4456746981555493,3.9991069455212127,3.66671,4,3,23,0.5574469265760587,1
0.9625,0.7624999999999998,-0.0316972,-0.317459,0.31903750432956934,6.570434714101039,6.45732,4,2,22,0.8388167294897212,1
0.9875,0.7624999999999998,-0.00670045,-0.124726,0.12490584896714205,8.902576211065762,8.89319,3,2,17,1.4386023992650783,1
0.012499999999999997,0.7874999999999999,-0.0020266,0.0469261,0.046969841055404894,3.384639438073403,3.4061100000000004,2,2,12,0.4306487085531115,1
0.0375,0.7874999999999999,-0.00988764,0.121548,0.1219495048319984,2.6391739171263424,2.70923,1,1,6,0.3692029471749216,1
0.0625,0.7874999999999999,-0.0222075,0.17526,0.17666137284717903,1.9259282713281407,2.04849,1,0,5,0.21524339753474656,1
0.0875,0.7874999999999999,-0.0338726,0.210638,0.21334413531840987,1.3086818343493578,1.46849,0,0,0,0.23414637718320724,1
0.11249999999999998,0.7874999999999999,-0.0423345,0.231716,0.2355515114497252,0.807767321869361,0.975806,0,0,0,0.14925403259916525,0
0.13749999999999998,0.7874999999999999,-0.0468337,0.242309,0.2467935309863085,0.4213950034824808,0.560924,0,0,0,0.24364182812393118,0
0.1625,0.7874999999999999,-0.0473829,0.245535,0.2500651423877586,0.19579889831150732,0.209578,0,0,0,0.3008816782846049,0
0.1875,0.7874999999999999,-0.0443895,0.243757,0.24776582241957829,0.2918909977645765,0.092076,0,0,0,0.27402656366114164,0
0.2125,0.7874999999999999,-0.0384349,0.238675,0.24174986486658065,0.4852850793379084,0.355752,0,0,0,0.21874547605401276,0
0.2375,0.7874999999999999,-0.0301316,0.231459,0.2334120433901387,0.6678804926931164,0.590918,0,0,0,0.18085737064209556,0
0.26249999999999996,0.7874999999999999,-0.0200516,0.222877,0.2237771744203595,0.8336433345340198,0.804973,0,0,0,0.1957015861134765,1
0.2875,0.7874999999999999,-0.00870248,0.213407,0.21358436461302685,0.9854111977266141,1.00368,0,0,0,0.26324818761290897,1
0.3125,0.7874999999999999,0.00347534,0.203314,0.20334370062560483,1.1261293230886051,1.19144,1,0,5,0.22978870303041157,1
0.3375,0.7874999999999999,0.0161001,0.19272,0.19339134318787385,1.2580420580588711,1.3717100000000002,1,0,5,0.15585640413271323,0
0.36249999999999993,0.7874999999999999,0.028837,0.181637,0.1839118602428892,1.38284352990351,1.54712,1,0,5,0.1508831561252123,0
0.3875,0.7874999999999999,0.0413858,0.170011,0.17497578278904768,1.501854219897524,1.7197,1,0,5,0.21882630756557622,0
0.4125,0.7874999999999999,0.0534704,0.157732,0.1665486940812206,1.6162653459082763,1.89112,1,0,5,0.3151730796971034,0
0.4375,0.7874999999999999,0.0648294,0.144656,0.15851879838164307,1.7271925194939912,2.06259,1,0,5,0.421187358251611,1
0.4625,0.7874999999999999,0.0752086,0.130612,0.150717709835175,1.8357759747300328,2.2351,1,1,6,0.4623743360384006,1
0.4875,0.7874999999999999,0.0843551,0.115407,0.14294949648393307,1.9432222055184527,2.40936,2,1,11,0.5094876545098096,1
0.5125,0.7874999999999999,0.0920128,0.0988324,0.135034064789593,2.0508240707637504,2.58596,2,1,11,0.48357424221966216,1
0.5375,0.7874999999999999,0.0979184,0.0806574,0.1268606685829773,2.1600195213358604,2.76535,2,1,11,0.4952050496006762,1
0.5625,0.7874999999999999,0.101798,0.0606329,0.11848705147150045,2.2723161287232903,2.9478100000000005,2,2,12,0.5428779802078091,1
0.5874999999999999,0.7874999999999999,0.103367,0.0384846,0.11029869050065824,2.389325932899068,3.13346,2,2,12,0.48149995599702855,1
0.6124999999999999,0.7874999999999999,0.102326,0.013907,0.10326671741175857,2.51277282149342,3.3223,2,2,12,0.4593551583025256,1
0.6375,0.7874999999999999,0.0983642,-0.0134464,0.09927900842877108,2.6444729328410608,3.5141800000000005,2,2,12,0.4979681803513093,1
0.6625,0.7874999999999999,0.0911655,-0.0439757,0.10121763967184771,2.786121907708994,3.70856,2,2,12,0.6045064986611222,0
0.6875,0.7874999999999999,0.0804217,-0.0781502,0.11213876934820537,2.9388305090392675,3.9041200000000007,2,2,12,0.77621973016222,1
0.7124999999999999,0.7874999999999999,0.0658637,-0.116519,0.13384582301547554,3.1021370272107585,4.09777,3,2,17,0.6864830275579412,1
0.7374999999999998,0.7874999999999999,0.0473239,-0.159707,0.16657093792198563,3.2714327673488874,4.282050000000001,3,2,17,0.5483788671120464,1
0.7624999999999998,0.7874999999999999,0.0248551,-0.20834,0.20981737677325488,3.4329180299121624,4.4401,3,2,17,0.6537198891512074,1
0.7874999999999999,0.7874999999999999,-0.00105928,-0.262836,0.2628381345431412,3.5540529800356095,4.53593,3,3,18,0.6485379291936904,1
0.8125,0.7874999999999999,-0.0291698,-0.322876,0.32419097551912207,3.56857543664135,4.499090000000001,4,3,23,0.8027495580222932,1
0.8375,0.7874999999999999,-0.0570169,-0.386376,0.39056029017503807,3.358786037901193,4.20624,4,3,23,0.2971629680361826,0
0.8624999999999998,0.7874999999999999,-0.080546,-0.447766,0.4549527985099114,2.746845413008165,3.4702900000000003,4,3,23,0.44836322387165906,0
0.8874999999999998,0.7874999999999999,-0.0941765,-0.495805,0.5046700022561773,1.5356108793740684,2.06183,4,3,23,0.9509473202992162,0
0.9125,0.7874999999999999,-0.0918968,-0.511948,0.5201305379943,0.8723694690852035,0.202024,4,3,23,1.1706274069540388,0
0.9375,0.7874999999999999,-0.0703443,-0.471613,0.47683030766876594,3.587829416677444,3.2827300000000004,4,3,23,0.7078215620661968,1
0.9625,0.7874999999999999,-0.0355493,-0.351438,0.3532313980586805,6.838366809949289,6.75157,4,2,22,0.8423354005622318,1
0.9875,0.7874999999999999,-0.0081279,-0.142597,0.14282845363375604,9.949271180863501,9.95065,4,2,22,1.5726336954858071,1
0.012499999999999997,0.8125,-0.00317848,0.0531458,0.05324076251097837,3.775328857552709,3.80844,2,2,12,0.519688087102514,1
0.0375,0.8125,-0.0142177,0.134149,0.13490032318082118,2.8331781393221647,2.92823,1,1,6,0.39684619322655135,1
0.0625,0.8125,-0.0300826,0.18859,0.19097421533484563,1.9664894131522803,2.11636,1,0,5,0.2293902596418958,1
0.0875,0.8125,-0.0436484,0.221169,0.22543493381363944,1.243688284986234,1.4283200000000003,0,0,0,0.18447270032516613,1
0.11249999999999998,0.8125,-0.0519439,0.237903,0.243507712724279,0.6835087904628587,0.8621880000000002,0,0,0,0.18573765688355304,0
0.13749999999999998,0.8125,-0.0545616,0.243869,0.24989809394143045,0.31448616099917653,0.397468,0,0,0,0.2690673570748883,0
0.1625,0.8125,-0.0519946,0.242851,0.24835467909858275,0.3285782483184181,0.011408,0,0,0,0.2588753902203029,0
0.1875,0.8125,-0.0450875,0.237495,0.24173695969224485,0.5579135460122832,0.31526200000000004,0,0,0,0.19344998983993972,0
0.2125,0.8125,-0.0347691,0.229567,0.23218505077590587,0.7834293313120207,0.597438,0,0,0,0.15544179554212353,0
0.2375,0.8125,-0.0219022,0.220194,0.22128060014569736,0.9837403589738504,0.846295,0,0,0,0.19948353933979077,1
0.26249999999999996,0.8125,-0.00722693,0.210064,0.21018827896251707,1.1616515729322627,1.07018,1,0,5,0.2749526913265924,1
0.2875,0.8125,0.0086428,0.199563,0.1997500662348826,1.3215767017411435,1.2754200000000002,1,0,5,0.1718674409913715,1
0.3125,0.8125,0.0252037,0.188878,0.19055215920500607,1.4670138206111079,1.46667,1,0,5,0.1303504422481222,0
0.3375,0.8125,0.0420407,0.178066,0.18296152823063647,1.6006059629090477,1.64766,1,0,5,0.18833045821430602,0
0.36249999999999993,0.8125,0.0588042,0.167092,0.17713743365432388,1.7242819607024835,1.82126,1,0,5,0.28569943046480173,1
0.3875,0.8125,0.0751908,0.155866,0.17305451846351774,1.8396624452937007,1.98974,1,0,5,0.3903116750512175,1
0.4125,0.8125,0.0909276,0.144257,0.1705224633025221,1.9480893448186611,2.15493,1,0,5,0.4953378317954319,1
0.4375,0.8125,0.105759,0.13211,0.16922771103161563,2.05084214485757,2.31829,2,1,11,0.4811229389931637,1
0.4625,0.8125,0.119436,0.119249,0.16877583386551523,2.149216367260402,2.48105,2,1,11,0.43132289924787875,1
0.4875,0.8125,0.13171,0.105484,0.16874358759964775,2.2445149275208665,2.64414,2,1,11,0.4051068009902198,1
0.5125,0.8125,0.142325,0.0906119,0.1687214332757104,2.338199053073113,2.80839,2,1,11,0.4073856303694828,1
0.5375,0.8125,0.151014,0.0744148,0.16835317239375086,2.4318594494962085,2.97446,2,1,11,0.4395296154643529,1
0.5625,0.8125,0.157493,0.0566584,0.16737448831754495,2.5272626496191486,3.14293,2,1,11,0.49924331969718294,1
0.5874999999999999,0.8125,0.161456,0.0370864,0.16566061994620204,2.626402287429708,3.31427,2,1,11,0.5832714498521767,1
0.6124999999999999,0.8125,0.162574,0.0154129,0.16330297903715657,2.7315996253025445,3.48898,2,1,11,0.689675626833764,1
0.6375,0.8125,0.160493,-0.008689769999999998,0.16072807829266453,2.845559348731985,3.66765,2,1,11,0.8183827878255325,1
0.6625,0.8125,0.154831,-0.0356088,0.15887298448269924,2.971327749322852,3.85091,2,2,12,0.8999094100468481,1
0.6875,0.8125,0.145183,-0.0658156,0.15940450649953408,3.112314852942099,4.03952,3,2,17,0.8516232272622947,1
0.7124999999999999,0.8125,0.131138,-0.0998997,0.1648548607232738,3.2716156960829,4.23383,3,2,17,0.6701949109320602,0
0.7374999999999998,0.8125,0.112315,-0.138602,0.17839611438873887,3.4505893134529937,4.432370000000001,3,2,17,0.5067222355440295,0
0.7624999999999998,0.8125,0.0884528,-0.182822,0.20309549850215783,3.644717373363812,4.62778,3,2,17,0.4845419777731719,0
0.7874999999999999,0.8125,0.0595875,-0.233524,0.24100649105833233,3.8346144189605296,4.797610000000001,3,2,17,0.7332547724532882,1
0.8125,0.8125,0.0263887,-0.291372,0.29256453283282646,3.9686505168003894,4.88656,3,3,18,0.9271474139291815,1
0.8375,0.8125,-0.00928787,-0.355803,0.35592420448479883,3.9360582763089265,4.77894,4,3,23,0.6900020001075039,1
0.8624999999999998,0.8125,-0.0437077,-0.423166,0.42541723824416183,3.537435812845231,4.2684,4,3,23,0.4124380727201255,0
0.8874999999999998,0.8125,-0.0707607,-0.483747,0.48889491373248095,2.4803098491712685,3.05167,4,3,23,0.7663457903590785,0
0.9125,0.8125,-0.0823784,-0.518391,0.5248956369294376,0.5943979867563484,0.799358,4,3,23,1.2610845578471446,0
0.9375,0.8125,-0.0714415,-0.497315,0.5024202395875886,2.903617332906663,2.63432,4,3,23,0.8807207453188505,1
0.9625,0.8125,-0.0402599,-0.386106,0.3881993080674024,6.934634848783026,6.89138,4,2,22,0.9938851280997559,1
0.9875,0.8125,-0.0101982,-0.16319,0.1635083465246958,11.069077642127912,11.0896,4,2,22,1.5172728979362646,0
0.012499999999999997,0.8375,-0.00515394,0.0624485,0.06266081909593585,4.331200592946141,4.38028,2,2,12,0.6735901481896083,1
0.0375,0.8375,-0.020855,0.15118,0.15261167525782557,3.061437567051303,3.18101,1,1,6,0.47938908553804566,1
0.0625,0.8375,-0.0410056,0.204852,0.20891577521901017,1.9678447879088432,2.12483,1,0,5,0.3223193859112911,1
0.0875,0.8375,-0.0559754,0.232287,0.23893617510573825,1.0980677398594316,1.2708,0,0,0,0.18144809854818328,1
0.11249999999999998,0.8375,-0.0627439,0.242534,0.2505185385220224,0.47161308630274457,0.595636,0,0,0,0.244518716825748,0
0.13749999999999998,0.8375,-0.0617591,0.242277,0.25002466110727956,0.3332410440807074,0.059026,0,0,0,0.2586354513956622,0
0.1625,0.8375,-0.0543273,0.23598,0.24215287717739384,0.6486455937258806,0.375268,0,0,0,0.17026894852273342,0
0.1875,0.8375,-0.0419104,0.22647,0.23031531110232337,0.9612315120781257,0.734724,0,0,0,0.1366423551356561,1
0.2125,0.8375,-0.025864,0.215448,0.21699490132258867,1.2279787938808226,1.03899,0,0,0,0.23020790730278617,1
0.2375,0.8375,-0.00731986,0.20389,0.20402135292762763,1.4550869589643087,1.30194,1,0,5,0.1982504815261103,1
0.26249999999999996,0.8375,0.0128266,0.192316,0.1927432632378107,1.6507292739722648,1.53353,1,0,5,0.11091247786561494,0
0.2875,0.8375,0.0338823,0.180967,0.1841115567863408,1.8213198938582973,1.74111,1,0,5,0.16968437481242715,1
0.3125,0.8375,0.055312,0.169911,0.17868733940881207,1.9716339757003585,1.93019,1,0,5,0.2863022257156707,1
0.3375,0.8375,0.076697,0.159116,0.17663615503344723,2.1052315572269005,2.10503,1,0,5,0.4069516650763816,1
0.36249999999999993,0.8375,0.0977001,0.148486,0.17774532830994463,2.224802429520428,2.26906,2,1,11,0.4938850688456348,1
0.3875,0.8375,0.118038,0.137886,0.181509003743616,2.332540275991821,2.4249600000000004,2,1,11,0.4354955330320443,1
0.4125,0.8375,0.137461,0.127163,0.1872590587661916,2.430283422339872,2.57493,2,1,11,0.4118818908067802,1
0.4375,0.8375,0.155736,0.116147,0.1942777066598224,2.5196488266812107,2.7208,2,1,11,0.42577167729774557,1
0.4625,0.8375,0.172635,0.10466,0.20188253719675708,2.6022329437073846,2.86409,2,1,11,0.47054423593987915,1
0.4875,0.8375,0.187925,0.0925185,0.20946474277846855,2.679578196045042,3.00606,2,0,10,0.5060285782707789,1
0.5125,0.8375,0.201363,0.07953019999999998,0.216499677785072,2.753312421849726,3.1477900000000005,2,0,10,0.42778304518121385,1
0.5375,0.8375,0.212688,0.0654948,0.22254382528176328,2.8251891231314055,3.29022,2,0,10,0.3780558687658307,1
0.5625,0.8375,0.221616,0.0502001,0.22723050300523037,2.8972109240095034,3.4342,2,0,10,0.3694907409314679,1
0.5874999999999999,0.8375,0.227835,0.0334169,0.23027261328827184,2.9717301180457154,3.5805900000000004,2,0,10,0.4074906223678672,1
0.6124999999999999,0.8375,0.230999,0.0148904,0.23147842666900953,3.05150653761515,3.73032,2,0,10,0.48629633209085854,1
0.6375,0.8375,0.230725,-0.00567221,0.23079471309214192,3.13988991649366,3.88452,2,0,10,0.5973530639903216,1
0.6625,0.8375,0.226585,-0.0286214,0.22838552222713243,3.241038779972248,4.04479,2,0,10,0.7359520558661901,1
0.6875,0.8375,0.218107,-0.0543958,0.2247878255302987,3.3599771399990206,4.2134,2,0,10,0.9015002285757115,1
0.7124999999999999,0.8375,0.204769,-0.08356819999999998,0.2211650682459597,3.50264686384968,4.39342,3,2,17,0.8643689492975141,1
0.7374999999999998,0.8375,0.18602,-0.116909,0.21970697458433128,3.6753135849170744,4.58844,3,2,17,0.6981091145922532,0
0.7624999999999998,0.8375,0.161322,-0.15546,0.2240370489093266,3.8821124372691727,4.80006,3,2,17,0.5719737550372987,0
0.7874999999999999,0.8375,0.130271,-0.200563,0.23915695768678777,4.118238359650884,5.02097,3,2,17,0.6043416956475794,0
0.8125,0.8375,0.0928792,-0.253713,0.2701792593106288,4.353602441300768,5.21793,3,2,17,0.8841019269396191,1
0.8375,0.8375,0.0501362,-0.315903,0.3198567553756525,4.500449947594129,5.298020000000001,4,3,23,1.1555383271268007,1
0.8624999999999998,0.8375,0.00493002,-0.385888,0.3859194911392794,4.364081235999165,5.05822,4,3,23,0.7163111508656983,0
0.8874999999999998,0.8375,-0.0368178,-0.456733,0.4582145607527548,3.5965031276088166,4.13963,4,3,23,0.6351629312125804,0
0.9125,0.8375,-0.0654969,-0.51062,0.5148034851373968,1.740328103351779,2.05046,4,3,23,1.0454727271928717,0
0.9375,0.8375,-0.0697751,-0.514085,0.5187985657314503,1.8999981991486203,1.62967,4,3,23,1.0597994679027425,1
0.9625,0.8375,-0.0459935,-0.420166,0.4226758445880838,6.7592445535577435,6.772360000000001,4,2,22,1.2498645135312705,1
0.9875,0.8375,-0.0133121,-0.187467,0.18793905420484053,12.258249625695996,12.3067,4,2,22,1.5547828659460938,0
0.012499999999999997,0.8624999999999998,-0.008564159999999998,0.0767178,0.07719433705490061,5.132091283438945,5.1984,2,2,12,0.9237511834287128,1
0.0375,0.8624999999999998,-0.0308648,0.174021,0.17673693535885476,3.2948860061721406,3.4292900000000004,1,0,5,0.5785313243721997,1
0.0625,0.8624999999999998,-0.0552173,0.223768,0.23048008166279796,1.8501965427337712,1.9722,0,0,0,0.36083202227738803,1
0.0875,0.8624999999999998,-0.0695063,0.242459,0.252225082853966,0.7626020245999875,0.8614699999999998,0,0,0,0.24234870815501017,0
0.11249999999999998,0.8624999999999998,-0.0717357,0.243478,0.2538258204724058,0.27337054929161625,0.027086,0,0,0,0.2912133809567875,0
0.13749999999999998,0.8624999999999998,-0.0640669,0.235297,0.243863170414497,0.7900983852381931,0.6072960000000001,0,0,0,0.17242347454832183,0
0.1625,0.8624999999999998,-0.0490382,0.222869,0.2282002108242672,1.2657703436247827,1.10082,0,0,0,0.18561391494904436,1
0.1875,0.8624999999999998,-0.0288833,0.208936,0.2109229648826557,1.6475891909235143,1.49433,1,0,5,0.28217751955006637,1
0.2125,0.8624999999999998,-0.00539962,0.194913,0.19498777773271944,1.9553146010808595,1.8153,1,0,5,0.1758777604895408,1
0.2375,0.8624999999999998,0.0200627,0.181463,0.18256870569812889,2.2060236490119505,2.08236,1,0,5,0.2240467681358127,1
0.26249999999999996,0.8624999999999998,0.0465264,0.168836,0.17512938300856315,2.412437951077706,2.30855,1,0,5,0.3502949783378473,1
0.2875,0.8624999999999998,0.0732932,0.157062,0.17332156533518847,2.583950270206453,2.50339,2,1,11,0.47314117293514424,1
0.3125,0.8624999999999998,0.0998623,0.146054,0.17693007058521737,2.727502348083316,2.67396,2,1,11,0.3710973079551004,1
0.3375,0.8624999999999998,0.125867,0.135671,0.1850651829221261,2.848326865389575,2.82566,2,1,11,0.326874344233394,1
0.36249999999999993,0.8624999999999998,0.151027,0.125746,0.19652280082728313,2.950500689082448,2.9628,2,1,11,0.3601572752719051,1
0.3875,0.8624999999999998,0.175116,0.116101,0.2101072479877836,3.0371847759555233,3.08882,2,1,11,0.4519113317296999,1
0.4125,0.8624999999999998,0.197935,0.106556,0.22479422893170545,3.111009818557312,3.2064700000000004,2,0,10,0.39621436169382523,1
0.4375,0.8624999999999998,0.219296,0.0969343,0.23976445552352,3.1742278728490807,3.31808,2,0,10,0.26955682106440754,1
0.4625,0.8624999999999998,0.239012,0.0870592,0.2543738202894315,3.228804798220543,3.42553,2,0,10,0.18095297266472574,1
0.4875,0.8624999999999998,0.256883,0.07675659999999998,0.26810529896397045,3.276678688909854,3.53052,2,0,10,0.17819267431930802,0
0.5125,0.8624999999999998,0.272691,0.0658522,0.2805296663917027,3.319687807174645,3.63439,2,0,10,0.25105669778234424,0
0.5375,0.8624999999999998,0.286195,0.054169,0.29127625819142894,3.3598556331878315,3.7384300000000006,2,0,10,0.34576374752086414,0
0.5625,0.8624999999999998,0.297125,0.0415237,0.3000124718852368,3.399425081710141,3.84382,2,0,10,0.4413156685427473,1
0.5874999999999999,0.8624999999999998,0.305176,0.0277218,0.3064325197677949,3.4409910812508655,3.95177,2,0,10,0.5323938073297894,1
0.6124999999999999,0.8624999999999998,0.310001,0.0125493,0.3102549031546319,3.4877215879450585,4.06365,2,0,10,0.6187349643297394,1
0.6375,0.8624999999999998,0.311207,-0.00423985,0.31123588028539145,3.5434843319067806,4.181150000000001,2,0,10,0.702873849124044,1
0.6625,0.8624999999999998,0.308347,-0.0229413,0.3091992491172804,3.613155441621769,4.3066,2,0,10,0.7898764300444185,1
0.6875,0.8624999999999998,0.300906,-0.0439329,0.3040962356531399,3.702867831768237,4.44338,2,0,10,0.8875064060131301,1
0.7124999999999999,0.8624999999999998,0.288296,-0.0677244,0.29614384675586286,3.820359819075161,4.596500000000001,2,0,10,1.0062529244732294,1
0.7374999999999998,0.8624999999999998,0.269845,-0.0950357,0.2860910839216944,3.975092750125461,4.77301,3,2,17,1.1476895309603092,1
0.7624999999999998,0.8624999999999998,0.244802,-0.126911,0.2757433972464255,4.177669541478838,4.981750000000001,3,2,17,0.9742709681125922,1
0.7874999999999999,0.8624999999999998,0.212383,-0.164857,0.2688575257231979,4.43627095304153,5.2296,3,2,17,0.8290863414037577,1
0.8125,0.8624999999999998,0.171945,-0.210917,0.272123251329246,4.74468156617491,5.50844,3,2,17,0.8160907399247758,0
0.8375,0.8624999999999998,0.123438,-0.267408,0.2945233069011687,5.051757541648254,5.762060000000001,3,2,17,1.0564066313844935,1
0.8624999999999998,0.8624999999999998,0.0683731,-0.335663,0.3425558791972632,5.198484097349919,5.820360000000001,4,3,23,1.2294151161949305,1
0.8874999999999998,0.8624999999999998,0.011489,-0.412655,0.41281490543099336,4.82559476977709,5.30696,4,3,23,0.8393311405091397,1
0.9125,0.8624999999999998,-0.0372074,-0.484391,0.48581789952178583,3.3235952058727007,3.57945,4,3,23,0.8165003736973706,0
0.9375,0.8624999999999998,-0.0624709,-0.516865,0.5206265855407406,0.9536627391798423,0.14342,4,3,23,1.1930607756116383,0
0.9625,0.8624999999999998,-0.0522599,-0.450968,0.4539859405003749,6.165089839074529,6.211880000000001,4,3,23,1.1844345967227743,1
0.9875,0.8624999999999998,-0.017902,-0.216715,0.21745315088312697,13.491939838187985,13.563900000000002,4,2,22,1.6938520478904466,1
0.012499999999999997,0.8874999999999998,-0.0143352,0.0990124,0.10004475654825692,6.282430644049245,6.34537,2,1,11,1.1201290180187684,1
0.0375,0.8874999999999998,-0.0452695,0.203567,0.2085398070375294,3.4159999506147543,3.52889,1,0,5,0.6514887975225498,1
0.0625,0.8874999999999998,-0.0711775,0.243203,0.25340468763472,1.394580023033458,1.40807,0,0,0,0.3288964978177238,1
0.0875,0.8874999999999998,-0.0793389,0.247994,0.2603760455364702,0.13924802178846205,0.08661600000000001,0,0,0,0.3604496235190153,0
0.11249999999999998,0.8874999999999998,-0.0712602,0.236753,0.2472448161499852,1.1180264604113803,1.12895,0,0,0,0.2339738980072092,1
0.13749999999999998,0.8874999999999998,-0.0520033,0.219352,0.22543212529471035,1.8745591950685367,1.86817,0,0,0,0.3651509520911963,1
0.1625,0.8874999999999998,-0.0256475,0.200623,0.20225573511089864,2.436081807185465,2.40584,1,0,5,0.3456337437228153,1
0.1875,0.8874999999999998,0.00485001,0.182721,0.18278535619135383,2.8571224786837544,2.80631,1,0,5,0.40933769013477417,1
0.2125,0.8874999999999998,0.0374278,0.16644,0.17059634759525188,3.1745611517342045,3.11055,2,1,11,0.5296683697352674,1
0.2375,0.8874999999999998,0.0707209,0.151932,0.16758513752958523,3.414649151245264,3.34537,2,1,11,0.36092861667810816,1
0.26249999999999996,0.8874999999999998,0.103853,0.139072,0.17356977499841383,3.5963014529513515,3.52899,2,1,11,0.25179141570948943,1
0.2875,0.8874999999999998,0.13627,0.127628,0.18670409552015724,3.7333310079873696,3.67438,2,1,11,0.27421796369918766,1
0.3125,0.8874999999999998,0.167619,0.11734,0.20460890684669616,3.835816403400976,3.79087,2,1,11,0.40867803545667847,1
0.3375,0.8874999999999998,0.197672,0.107957,0.22523084476376676,3.911336763948612,3.88555,2,0,10,0.3759786366289302,1
0.36249999999999993,0.8874999999999998,0.22627,0.0992423,0.2470772085994376,3.965598669802077,3.96386,2,0,10,0.233046317670029,1
0.3875,0.8874999999999998,0.253289,0.0909842,0.26913461719117443,4.002975520329346,4.02994,2,0,10,0.2022036483419903,1
0.4125,0.8874999999999998,0.278618,0.08298809999999998,0.2907146619378011,4.026936885437864,4.087230000000001,2,0,10,0.3060939054095606,1
0.4375,0.8874999999999998,0.302143,0.07507569999999998,0.3113306171572112,4.040355880670909,4.13849,2,0,10,0.450072098739387,1
0.4625,0.8874999999999998,0.323734,0.0670818,0.3306110564503855,4.045629426608918,4.18595,2,0,10,0.5964173522769349,1
0.4875,0.8874999999999998,0.343244,0.0588502,0.3482524796409065,4.044974872300196,4.23157,2,0,10,0.7351844250157284,1
0.5125,0.8874999999999998,0.360495,0.0502312,0.3639777719565304,4.040549011314676,4.27707,2,0,10,0.8624490630642997,1
0.5375,0.8874999999999998,0.375281,0.0410777,0.37752245813764507,4.034591611250884,4.32401,2,0,10,0.9760106121023792,1
0.5625,0.8874999999999998,0.38736,0.0312417,0.38861782437105213,4.02960216198324,4.37395,3,0,15,1.0497903218938083,1
0.5874999999999999,0.8874999999999998,0.396449,0.0205693,0.39698224859997205,4.02841423777409,4.4284300000000005,3,0,15,0.9875065963883313,1
0.6124999999999999,0.8874999999999998,0.40222,0.008894239999999998,0.4023183265837856,4.034525445496658,4.48932,3,0,15,0.9453823315647056,1
0.6375,0.8874999999999998,0.404292,-0.00397482,0.404311538863328,4.052214963142548,4.5588500000000005,3,0,15,0.9255945175671445,1
0.6625,0.8874999999999998,0.402222,-0.0182664,0.40263655901192086,4.0868162686497165,4.639970000000001,3,0,15,0.9315760790716937,1
0.6875,0.8874999999999998,0.395493,-0.0342783,0.3969757107177843,4.14509184957342,4.73693,3,0,15,0.9683223741312719,1
0.7124999999999999,0.8874999999999998,0.383491,-0.0524231,0.3870575260792768,4.235604735344412,4.85589,3,0,15,1.0423723059558196,1
0.7374999999999998,0.8874999999999998,0.365484,-0.07330499999999998,0.3727628968674323,4.369392647638342,5.00607,3,1,16,1.1113409548654625,1
0.7624999999999998,0.8874999999999998,0.340588,-0.0978484,0.35436491802456965,4.560483585026922,5.200800000000001,3,1,16,1.1170173100649197,1
0.7874999999999999,0.8874999999999998,0.307745,-0.127494,0.33310914887015636,4.82559930667684,5.457470000000001,3,1,16,1.1808872865794198,1
0.8125,0.8874999999999998,0.26575,-0.164451,0.31251750975105375,5.178990332603449,5.79124,3,2,17,1.168283962554267,1
0.8375,0.8874999999999998,0.213493,-0.211853,0.30076727657443053,5.611546245732989,6.1904,3,2,17,1.070144021702111,1
0.8624999999999998,0.8874999999999998,0.150701,-0.273273,0.312071985173293,6.029804049453016,6.5491,4,2,22,1.1029020545629475,1
0.8874999999999998,0.8874999999999998,0.0798022,-0.350204,0.35918133684928566,6.1266135784542515,6.534300000000001,4,2,22,1.0046017542228292,1
0.9125,0.8874999999999998,0.009265410000000002,-0.435145,0.4352436315989794,5.215632758975655,5.412120000000001,4,3,23,0.9739995073154039,1
0.9375,0.8874999999999998,-0.0435231,-0.498566,0.5004621030503809,2.3735078730436094,1.99231,4,3,23,0.9144741303229251,0
0.9625,0.8874999999999998,-0.0564373,-0.473414,0.4767661735350884,4.964265446755241,4.8903,4,3,23,0.9739520872394101,1
0.9875,0.8874999999999998,-0.0238232,-0.252618,0.2537388397195825,14.699177594274992,14.7319,4,2,22,1.9137637450183647,1
0.012499999999999997,0.9125,-0.0232533,0.134593,0.1365869379182724,7.879830829634352,7.821550000000002,2,1,11,1.5389464608705756,1
0.0375,0.9125,-0.0631188,0.238133,0.2463560606164176,3.032969019527895,2.99881,1,0,5,0.7473506266392389,1
0.0625,0.9125,-0.08119379999999998,0.256216,0.26877327213553065,0.30790265135591155,0.192034,0,0,0,0.4048232699674617,1
0.0875,0.9125,-0.0716255,0.240918,0.2513397998213773,1.935330520149982,2.16676,0,0,0,0.4472378189482676,1
0.11249999999999998,0.9125,-0.0439304,0.215474,0.21990662727657845,3.1704613304060345,3.3784,1,0,5,0.6207333668891478,1
0.13749999999999998,0.9125,-0.00678861,0.189273,0.1893947036079206,3.98621771659552,4.13671,1,0,5,0.7608768370537857,1
0.1625,0.9125,0.0346227,0.165747,0.16932453857692925,4.530122921621444,4.61937,2,1,11,0.6276834593949452,1
0.1875,0.9125,0.077249,0.145716,0.16492592475714665,4.888697744328238,4.92764,2,1,11,0.550496452860116,1
0.2125,0.9125,0.119339,0.128974,0.17571593438558725,5.118237259535748,5.12152,2,1,11,0.5633317296164211,1
0.2375,0.9125,0.159963,0.115009,0.19701581522811815,5.257260349725891,5.2381,2,1,11,0.6600664013994461,1
0.26249999999999996,0.9125,0.198672,0.103278,0.22391272600725487,5.33230699578372,5.301480000000001,2,0,10,0.6390782150935156,1
0.2875,0.9125,0.23528,0.0932951,0.2531020625834764,5.36168591276811,5.327770000000001,2,0,10,0.5663313948390031,1
0.3125,0.9125,0.269735,0.0846543,0.2827071289046139,5.358289530296399,5.32817,2,0,10,0.5877949742052553,1
0.3375,0.9125,0.302047,0.0770237,0.31171307410933213,5.331288178415795,5.31063,3,1,16,0.6761254485635976,1
0.36249999999999993,0.9125,0.332247,0.070132,0.33956820586297537,5.287257431896427,5.28096,3,1,16,0.6842665699851386,1
0.3875,0.9125,0.360359,0.0637556,0.3659554418400688,5.231097851350135,5.243580000000001,3,1,16,0.7567802774812168,1
0.4125,0.9125,0.386388,0.057707,0.3906735010120344,5.166508471273806,5.20187,3,1,16,0.8669615608176998,1
0.4375,0.9125,0.410314,0.051825,0.41357394649687496,5.096442543402997,5.158570000000001,3,0,15,0.7831023653919968,1
0.4625,0.9125,0.432084,0.0459686,0.434522375996864,5.023375465955137,5.11592,3,0,15,0.6582999487327784,1
0.4875,0.9125,0.451611,0.0400109,0.4533799371827231,4.949563636286335,5.07591,3,0,15,0.563374730918279,1
0.5125,0.9125,0.468772,0.033835,0.46999148418774567,4.8772315554773495,5.04035,3,0,15,0.5011380633933661,1
0.5375,0.9125,0.483406,0.0273303,0.4841779694844552,4.80871707196171,5.01098,3,0,15,0.4703016561297458,1
0.5625,0.9125,0.495314,0.020389,0.4957334666098305,4.746643086984316,4.98958,3,0,15,0.46371332622273925,0
0.5874999999999999,0.9125,0.50425,0.0129023,0.5044150392735034,4.694096686934347,4.978110000000001,3,0,15,0.4705451882291911,0
0.6124999999999999,0.9125,0.509923,0.00475461,0.5099451659200743,4.654769156568455,4.978840000000001,3,0,15,0.48044171988003387,0
0.6375,0.9125,0.511989,-0.00418663,0.5120061171429077,4.633294513848138,4.9946,3,0,15,0.4861295177750945,0
0.6625,0.9125,0.510042,-0.0140773,0.5102362316998764,4.635323906621089,5.02899,3,0,15,0.48462240107786947,0
0.6875,0.9125,0.503596,-0.025126,0.5042224182759033,4.667808423517401,5.0869,3,0,15,0.4787473142785511,0
0.7124999999999999,0.9125,0.492064,-0.0376271,0.4935005357144103,4.739564670225738,5.17525,3,0,15,0.4804139561955762,0
0.7374999999999998,0.9125,0.474723,-0.0520257,0.477565283693748,4.861923385771108,5.304270000000001,3,0,15,0.51410686112897,1
0.7624999999999998,0.9125,0.450653,-0.0690307,0.45590938129357467,5.049853063535216,5.489280000000001,3,0,15,0.6121295889336837,1
0.7874999999999999,0.9125,0.418654,-0.0898125,0.42817923451780093,5.3236221269165975,5.7531300000000005,3,0,15,0.7992298519544845,1
0.8125,0.9125,0.377148,-0.11633,0.39468124202196386,5.709778766169492,6.12717,3,0,15,1.0873514319963045,1
0.8375,0.9125,0.324136,-0.151799,0.3579204980117791,6.234492422194449,6.64126,3,1,16,1.1707059477874984,1
0.8624999999999998,0.9125,0.257477,-0.201046,0.3266709348028992,6.884659229271991,7.2757,4,2,22,1.3954361181490387,1
0.8874999999999998,0.9125,0.176332,-0.269621,0.3221621608212237,7.4789509522392255,7.81892,4,2,22,0.8535413588576978,1
0.9125,0.9125,0.08503679999999998,-0.358522,0.3684688342834981,7.3955102433368305,7.575749999999998,4,2,22,0.7294234877094717,1
0.9375,0.9125,-0.00112417,-0.449492,0.4494934057605172,5.278409840595934,4.998380000000001,4,3,23,1.01226550103873,1
0.9625,0.9125,-0.0508268,-0.477973,0.4806678191092472,3.242165811074597,2.25011,4,3,23,0.7421491504262407,1
0.9875,0.9125,-0.0284642,-0.297286,0.2986455699950026,15.695020456718112,15.4491,4,2,22,2.1521902964823445,1
0.012499999999999997,0.9375,-0.0326869,0.19125,0.19402318400544305,9.706280344512825,8.940290000000001,2,1,11,2.153714073479469,1
0.0375,0.9375,-0.0735872,0.267176,0.2771246848980437,1.527008487418456,0.196202,0,0,0,0.5259994610545422,1
0.0625,0.9375,-0.0587908,0.245063,0.25201633306918814,3.827771021064348,4.31757,1,0,5,0.9447261350680046,1
0.0875,0.9375,-0.011743,0.206208,0.20654209574079563,5.978131669158852,6.44811,2,1,11,1.2018052761382916,1
0.11249999999999998,0.9375,0.0460149,0.169633,0.1757632661024766,7.085259456604253,7.451869999999999,2,1,11,1.25609674435725,1
0.13749999999999998,0.9375,0.105105,0.139362,0.17455322417245694,7.643180187762159,7.898810000000002,2,1,11,1.3419980237417206,1
0.1625,0.9375,0.161764,0.115638,0.19884601766190843,7.891118009089967,8.050040000000001,3,1,16,1.2059130392815935,1
0.1875,0.9375,0.214459,0.0973784,0.23553177167329253,7.951037690474371,8.03855,3,1,16,0.8967724813654736,1
0.2125,0.9375,0.262797,0.0832824,0.27567774911798737,7.896171756820138,7.93587,3,1,16,0.6277060164040738,1
0.2375,0.9375,0.30693,0.07225579999999998,0.3153203538207453,7.772304779277251,7.78197,3,1,16,0.46438263177471234,1
0.26249999999999996,0.9375,0.347213,0.0634711,0.35296663851447774,7.6078241037040275,7.60013,3,1,16,0.48408447367902807,1
0.2875,0.9375,0.384035,0.0563193,0.388142686105883,7.420319629716498,7.40435,3,1,16,0.6416845113277302,1
0.3125,0.9375,0.417756,0.0503544,0.4207798012444989,7.220907259747629,7.20328,3,0,15,0.7503381590961029,1
0.3375,0.9375,0.448681,0.0452481,0.45095679428811136,7.016730540788638,7.0024500000000005,3,0,15,0.5478908159113215,1
0.36249999999999993,0.9375,0.47705,0.0407547,0.47878768579829833,6.812459995720783,6.80552,3,0,15,0.3974764490959114,1
0.3875,0.9375,0.503043,0.0366863,0.5043789690864301,6.611287730749281,6.615030000000001,3,0,15,0.3355328585546829,1
0.4125,0.9375,0.526781,0.0328952,0.5278070823170528,6.415593937085795,6.432980000000001,3,0,15,0.3785594220472192,1
0.4375,0.9375,0.548333,0.0292621,0.5491132391277868,6.227180657203066,6.26092,3,0,15,0.481514676720393,1
0.4625,0.9375,0.567716,0.0256871,0.5682968271620121,6.0477219680911265,6.10029,3,0,15,0.6013264765444483,1
0.4875,0.9375,0.584906,0.0220848,0.5853227889182515,5.878936803314354,5.95254,3,0,15,0.719073155892901,1
0.5125,0.9375,0.599832,0.0183792,0.6001135086103628,5.722636371984944,5.81915,3,0,15,0.8267886448671193,1
0.5375,0.9375,0.612384,0.0145015,0.6125556766190727,5.580999606461641,5.70179,3,0,15,0.9203474710405095,1
0.5625,0.9375,0.622411,0.0103865,0.6224976564640625,5.456558194730448,5.60235,3,0,15,0.9969442488456622,1
0.5874999999999999,0.9375,0.62972,0.00596992,0.6297482976116777,5.352492846355704,5.523140000000001,3,0,15,1.0541653432257359,1
0.6124999999999999,0.9375,0.634073,0.00118374,0.6340741049509809,5.272791541390007,5.46686,3,0,15,1.0895984414039457,1
0.6375,0.9375,0.63519,-0.00403891,0.6352028407477317,5.222163677454582,5.43694,3,0,15,1.1007284368647676,1
0.6625,0.9375,0.632732,-0.0097923,0.6328077693607198,5.206235525086145,5.43769,3,0,15,1.0847842071041642,1
0.6875,0.9375,0.626288,-0.0161964,0.6264973921070701,5.232147682434912,5.4747,3,0,15,1.0387239775721966,1
0.7124999999999999,0.9375,0.615354,-0.0234233,0.6157996397359209,5.308579129569417,5.555490000000001,3,0,15,0.9594624406664806,1
0.7374999999999998,0.9375,0.599294,-0.0317409,0.600133971017147,5.446573840413072,5.6907,3,0,15,0.8446625948404924,1
0.7624999999999998,0.9375,0.577265,-0.0415905,0.5787613065118038,5.660800763631944,5.896000000000001,3,0,15,0.695962268966275,1
0.7874999999999999,0.9375,0.548102,-0.0537331,0.5507295601650687,5.972101249953822,6.195600000000001,3,0,15,0.5339932188129308,1
0.8125,0.9375,0.510122,-0.0695285,0.5148384865142174,6.411369364878614,6.62748,3,0,15,0.4612955253681816,1
0.8375,0.9375,0.46084,-0.0914632,0.4698287161873357,7.024195168280848,7.24863,3,0,15,0.6705702192883867,1
0.8624999999999998,0.9375,0.396664,-0.12404,0.41560588361571593,7.86337889663852,8.123279999999998,3,0,15,1.1541608110461694,1
0.8874999999999998,0.9375,0.313272,-0.174721,0.3587015107648698,8.918060599681974,9.23064,3,1,16,1.4242182921557924,1
0.9125,0.9375,0.208182,-0.252602,0.3273339510774891,9.841927430605248,10.1308,4,2,22,0.9277706485885988,1
0.9375,0.9375,0.0869447,-0.357482,0.36790319539532407,9.220644619851695,9.179640000000001,4,2,22,0.545136307900738,1
0.9625,0.9375,-0.0167368,-0.445328,0.4456423993049135,4.6039272175068096,2.69579,4,3,23,0.8013316067971484,1
0.9875,0.9375,-0.0210182,-0.344874,0.3455138790370656,15.908103509120751,14.415,4,2,22,2.227048445236135,1
0.012499999999999997,0.9625,-0.011842,0.252707,0.25298430942056466,12.002643121936268,3.90926,3,1,16,2.682155529125887,1
0.0375,0.9625,-0.0191159,0.255906,0.2566189752703608,9.358613033227732,9.98956,2,1,11,2.253124925345283,1
0.0625,0.9625,0.0737165,0.184868,0.1990233649505756,12.594929816334826,13.6929,3,1,16,2.442444662458332,1
0.0875,0.9625,0.17535,0.13287,0.22000468040475868,13.536635042084868,14.2357,3,1,16,2.347326696763333,1
0.11249999999999998,0.9625,0.261817,0.0975807,0.2794103335624687,13.46453390227081,13.924100000000003,3,1,16,2.1251174469637393,1
0.13749999999999998,0.9625,0.334157,0.0731333,0.3420663389137989,13.02165918814404,13.3187,4,1,21,1.7808784306081271,1
0.1625,0.9625,0.395141,0.0562945,0.3991309066099117,12.44401486712966,12.6228,4,1,21,1.5846533591392247,1
0.1875,0.9625,0.446821,0.0446739,0.4490487316341179,11.826707496632528,11.927,4,1,21,1.5629695404908384,1
0.2125,0.9625,0.49101,0.0364944,0.49236435830730074,11.21526579902037,11.2673,3,0,15,1.6274464898574525,1
0.2375,0.9625,0.52925,0.0305676,0.5301320030612753,10.630702662908789,10.6542,3,0,15,1.466108786019711,1
0.26249999999999996,0.9625,0.562742,0.0261331,0.5633484689600301,10.081252424743663,10.0885,3,0,15,1.369641715894451,1
0.2875,0.9625,0.592381,0.0227021,0.5928158521036782,9.568604853088248,9.56741,4,0,20,1.2957564174008398,1
0.3125,0.9625,0.618828,0.0199537,0.6191496133631111,9.091802263431878,9.08717,4,0,20,1.0824942286528774,1
0.3375,0.9625,0.64257,0.0176735,0.6428130035261032,8.648912793538157,8.644240000000002,4,0,20,0.9068388135307955,1
0.36249999999999993,0.9625,0.663961,0.0157138,0.6641469212692626,8.237966493224647,8.23567,4,0,20,0.772269636042198,1
0.3875,0.9625,0.683251,0.0139698,0.6833937988546868,7.857226344843389,7.85917,4,0,20,0.6835878852488999,1
0.4125,0.9625,0.700613,0.0123643,0.7007220930465159,7.505432488571993,7.51314,4,0,20,0.6431869012303073,1
0.4375,0.9625,0.716152,0.010838,0.716234004601848,7.181891551255641,7.196670000000001,4,0,20,0.6465043663382603,1
0.4625,0.9625,0.729921,0.00934378,0.7299808028062713,6.886529676642914,6.9095200000000006,4,0,20,0.6819217808126824,1
0.4875,0.9625,0.7419299999999999,0.007842919999999998,0.7419714524792219,6.6197809962280445,6.651949999999999,4,0,20,0.7358690669452543,1
0.5125,0.9625,0.752146,0.00630235,0.7521724037290404,6.382833145204565,6.42492,4,0,20,0.7970372175292163,1
0.5375,0.9625,0.760503,0.00469297,0.760517479731019,6.177399472155658,6.22984,4,0,20,0.8573796459796017,1
0.5625,0.9625,0.7669,0.0029882,0.7669058216881913,6.005965939208625,6.06881,4,0,20,0.911327002140724,1
0.5874999999999999,0.9625,0.771204,0.0011627,0.7712048764675247,5.8717940975754805,5.94451,4,0,20,0.9548989120244914,1
0.6124999999999999,0.9625,0.7732569999999999,-0.00080714,0.7732574212537373,5.778876375381226,5.8603000000000005,4,0,20,0.9851284106461642,1
0.6375,0.9625,0.77286,-0.00294845,0.7728656241271197,5.731996798288586,5.8204,4,0,20,0.9997473919295747,1
0.6625,0.9625,0.769769,-0.00529913,0.7697872395277523,5.737028486187274,5.830010000000001,4,0,20,0.9970815390533209,1
0.6875,0.9625,0.7637,-0.00790586,0.7637409198297154,5.801137791426523,5.89566,4,0,20,0.9763065785414207,1
0.7124999999999999,0.9625,0.754294,-0.0108381,0.75437185979304,5.933010876101358,6.02576,4,0,20,0.9382144564934553,1
0.7374999999999998,0.9625,0.741091,-0.0142079,0.7412271815735105,6.143704154360299,6.23161,4,0,20,0.8868990569215603,1
0.7624999999999998,0.9625,0.723461,-0.0182055,0.7236900294679,6.448130953175268,6.5292,4,0,20,0.8335967233422754,1
0.7874999999999999,0.9625,0.700496,-0.0231691,0.7008790574776863,6.867776756250381,6.94268,4,0,20,0.8042321282833096,1
0.8125,0.9625,0.670792,-0.0297326,0.6714506197530539,7.435849970444803,7.51104,4,0,20,0.8477279899758752,1
0.8375,0.9625,0.632056,-0.039152,0.6332674523769558,8.206474072041903,8.301070000000001,4,0,20,1.0283029516819202,1
0.8624999999999998,0.9625,0.580383,-0.0540583,0.5828951247762243,9.26793337207384,9.429,3,0,15,1.2368547355148451,1
0.8874999999999998,0.9625,0.509302,-0.08013,0.5155670122341033,10.746912833818836,11.069,3,0,15,1.5452968958843212,1
0.9125,0.9625,0.408817,-0.128958,0.42867412477661854,12.734588363779176,13.287200000000002,4,1,21,1.5092528474199576,1
0.9375,0.9625,0.265132,-0.217271,0.3427851584666407,14.473139873545064,15.058500000000002,4,1,21,2.084574791543131,1
0.9625,0.9625,0.0965709,-0.338512,0.3520174894388204,12.463758599158602,11.8593,4,2,22,1.1904038316997783,1
0.9875,0.9625,0.0409883,-0.342055,0.34450205189793864,15.969017160627011,6.6943,4,2,22,2.2298456763690684,1
0.012499999999999997,0.9875,0.280463,0.141772,0.314259119761066,38.11147035321519,29.327800000000003,4,1,21,7.101584434172152,1
0.0375,0.9875,0.358052,0.123216,0.3786600287328991,34.38893934359128,34.5152,4,1,21,5.847141189059047,1
0.0625,0.9875,0.502818,0.07707519999999998,0.5086909941988751,29.430808697873047,29.9781,4,1,21,4.16554920547724,1
0.0875,0.9875,0.612755,0.0477782,0.6146148765041732,24.785237289638445,25.169,4,1,21,2.8009015840668097,1
0.11249999999999998,0.9875,0.682483,0.0305213,0.683165130142552,21.40441208744253,21.6691,4,1,21,2.073097622644453,1
0.13749999999999998,0.9875,0.7297559999999998,0.020024,0.7300306706652809,18.888479797933343,19.0597,4,1,21,1.8396960969279488,0
0.1625,0.9875,0.764444,0.013621,0.76456534107753,16.912054614664093,17.0145,4,1,21,1.913469541043568,1
0.1875,0.9875,0.791011,0.00971605,0.7910706692506065,15.312327175198453,15.37,4,0,20,2.0235852803274947,1
0.2125,0.9875,0.812056,0.00728657,0.8120886905002218,13.987360925835368,14.0186,4,0,20,1.638533439761911,1
0.2375,0.9875,0.82928,0.0057183,0.8292997150336483,12.865665412101452,12.882,4,0,20,1.3403068610108693,1
0.26249999999999996,0.9875,0.843774,0.0046584,0.8437868592047165,11.89793156067461,11.906,4,0,20,1.1193322951793696,1
0.2875,0.9875,0.856226,0.00390448,0.8562349023720478,11.050602677743164,11.0543,4,0,20,0.9723820406508107,0
0.3125,0.9875,0.867086,0.00333843,0.8670924267405783,10.300372878378157,10.302,4,0,20,0.8967270458923391,0
0.3375,0.9875,0.876653,0.0028897,0.8766577626275203,9.631108617972496,9.63201,4,0,20,0.8838752592064018,0
0.36249999999999993,0.9875,0.8851299999999999,0.00251492,0.8851335728140732,9.031227482762764,9.03225,4,0,20,0.9182255739498282,0
0.3875,0.9875,0.892652,0.00218626,0.8926546772614747,8.492835549120356,8.49454,4,0,20,0.9821920595345299,0
0.4125,0.9875,0.899306,0.00188498,0.8993079754931568,8.010600364011177,8.013389999999998,4,0,20,1.0612250106345065,0
0.4375,0.9875,0.905146,0.00159776,0.9051474101785949,7.581260893227851,7.58545,4,0,20,1.1451571874180966,0
0.4625,0.9875,0.910197,0.00131466,0.9101979494263408,7.203215089855977,7.20904,4,0,20,1.2272666727257802,0
0.4875,0.9875,0.9144620000000001,0.0010279,0.9144625777047469,6.876198298863417,6.883830000000001,4,0,20,1.3030522345837066,0
0.5125,0.9875,0.917928,0.000731138,0.9179282911789869,6.601157969670808,6.6107,4,0,20,1.369313675922909,0
0.5375,0.9875,0.9205620000000002,0.000419007,0.9205620953585184,6.380137316300978,6.391590000000001,4,0,20,1.423525227600618,0
0.5625,0.9875,0.922321,8.67611e-05,0.9223210040807313,6.216115005231666,6.22936,4,0,20,1.4635620122813622,0
0.5874999999999999,0.9875,0.92315,-0.000269781,0.9231500394203469,6.11297796051569,6.12767,4,0,20,1.4874864177481006,0
0.6124999999999999,0.9875,0.922977,-0.000650737,0.9229772293982356,6.075478421351185,6.091270000000001,4,0,20,1.4934235924899055,0
0.6375,0.9875,0.921718,-0.00106749,0.9217186181578952,6.10944164361644,6.125900000000001,4,0,20,1.4795282031689831,0
0.6625,0.9875,0.919275,-0.00152385,0.9192762630155432,6.221876753682606,6.238320000000001,4,0,20,1.4440052777384977,0
0.6875,0.9875,0.915532,-0.00202769,0.915534245427628,6.420958229300425,6.436730000000001,4,0,20,1.3852631988172175,0
0.7124999999999999,0.9875,0.91034,-0.00259249,0.9103436914728416,6.7170471935256915,6.73158,4,0,20,1.3020405063583982,0
0.7374999999999998,0.9875,0.903507,-0.00324091,0.9035128126078944,7.123473039034832,7.13644,4,0,20,1.1941576577769097,0
0.7624999999999998,0.9875,0.894764,-0.00401247,0.8947729966932958,7.658740643909862,7.670269999999999,4,0,20,1.0643344179078578,0
0.7874999999999999,0.9875,0.8837089999999999,-0.00497927,0.8837230277698622,8.350128406498312,8.361259999999998,4,0,20,0.92391582815161,0
0.8125,0.9875,0.869691,-0.00628052,0.8697136772596313,9.241131453012288,9.25489,4,0,20,0.8098454682947169,0
0.8375,0.9875,0.851568,-0.008206619999999998,0.8516075429655519,10.40621640985272,10.4304,4,0,20,0.8179069275271745,0
0.8624999999999998,0.9875,0.827136,-0.0114229,0.8272148724124888,11.98296050564734,12.0375,4,0,20,1.0831226231570164,1
0.8874999999999998,0.9875,0.7918199999999999,-0.0175992,0.7920155580799153,14.237818602640504,14.372300000000003,4,0,20,1.692442884449897,1
0.9125,0.9875,0.735403,-0.0311597,0.7360628365249056,17.732414042816508,18.0137,4,1,21,1.7348714527073072,1
0.9375,0.9875,0.630318,-0.062503,0.6334093511568961,23.5586542078044,23.9445,4,1,21,2.4585779972496935,0
0.9625,0.9875,0.451444,-0.123834,0.4681202246132931,31.13849439353804,30.9019,4,1,21,4.715226875192188,1
0.9875,0.9875,0.324834,-0.155615,0.360184891105943,37.94165037686684,27.094600000000003,4,1,21,6.955935478081384,1
