x,y,z,V,Ux,Uy,Ux_M160_interp,Uy_M160_interp,dUx,dUy,dU_mag_star
0.00125,0.00125,0.005,6.25e-08,6.77441e-05,-6.77478e-05,2.1433875000000003e-05,-2.1497624999999997e-05,4.6310225e-05,-4.6250175000000005e-05,6.54501002832024e-05
0.00375,0.00125,0.005,6.25e-08,0.000165593,-5.67887e-05,8.053915e-05,-1.2283925000000003e-05,8.505385e-05,-4.4504775e-05,9.599391854499495e-05
0.00625,0.00125,0.005,6.25e-08,0.000143018,1.78342e-06,3.354417499999998e-05,2.7194130000000007e-05,0.00010947382500000001,-2.5410710000000008e-05,0.00011238426287890457
0.00875,0.00125,0.005,6.25e-08,-5.27274e-05,6.5297e-05,-0.00017141392500000008,7.024702500000002e-05,0.00011868652500000008,-4.9500250000000204e-06,0.0001187897047899197
0.01125,0.00125,0.005,6.25e-08,-0.000417265,0.000120711,-0.00053122425,0.00010838732499999999,0.00011395925000000004,1.232367500000001e-05,0.00011462366084743644
0.01375,0.00125,0.005,6.25e-08,-0.000923369,0.000164188,-0.0010233535,0.000139214575,9.998450000000007e-05,2.4973425000000002e-05,0.00010305616040043719
0.01625,0.00125,0.005,6.25e-08,-0.00154029,0.000196013,-0.001619995,0.00016253447499999999,7.970500000000001e-05,3.3478525000000023e-05,8.645055616464032e-05
0.01875,0.00125,0.005,6.25e-08,-0.00223845,0.000217884,-0.00229374,0.000178965475,5.528999999999994e-05,3.8918525e-05,6.761387200993312e-05
0.02125,0.00125,0.005,6.25e-08,-0.00299162,0.000231651,-0.0030196575000000004,0.00018934935000000002,2.8037500000000458e-05,4.230164999999999e-05,5.074968964410053e-05
0.02375,0.00125,0.005,6.25e-08,-0.00377717,0.000238855,-0.0037757374999999997,0.00019447267500000002,-1.4325000000001663e-06,4.4382324999999985e-05,4.440543692675058e-05
0.02625,0.00125,0.005,6.25e-08,-0.00457546,0.00024059,-0.0045425349999999995,0.00019494755,-3.292500000000049e-05,4.564245e-05,5.627867151064009e-05
0.02875,0.00125,0.005,6.25e-08,-0.005369,0.000237501,-0.005302495000000001,0.000191174475,-6.650499999999882e-05,4.632652499999998e-05,8.10497498057549e-05
0.03125,0.00125,0.005,6.25e-08,-0.00614146,0.00022985,-0.006039207499999999,0.000183360625,-0.00010225250000000033,4.6489375e-05,0.00011232468893409272
0.03375,0.00125,0.005,6.25e-08,-0.00687694,0.000217608,-0.006736809999999999,0.000171564525,-0.00014013000000000046,4.6043475000000006e-05,0.00014750057115169336
0.03625,0.00125,0.005,6.25e-08,-0.00755945,0.00020057,-0.0073795350000000004,0.000155763375,-0.00017991499999999924,4.4806625000000014e-05,0.00018541046590980336
0.03875,0.00125,0.005,6.25e-08,-0.00817264,0.000178468,-0.007951567500000001,0.00013592204999999998,-0.00022107249999999898,4.254595000000003e-05,0.0002251293142121924
0.04125,0.00125,0.005,6.25e-08,-0.00869989,0.000151086,-0.008437145,0.00011206525000000001,-0.000262745,3.902075e-05,0.000265626719204907
0.04375,0.00125,0.005,6.25e-08,-0.00912465,0.00011836,-0.0088209,8.434259999999999e-05,-0.0003037500000000002,3.401740000000001e-05,0.00030564889334456965
0.04625,0.00125,0.005,6.25e-08,-0.00943103,8.04741e-05,-0.0090885475,5.308415e-05,-0.0003424824999999996,2.7389949999999997e-05,0.00034357600639051063
0.04875,0.00125,0.005,6.25e-08,-0.00960467,3.79313e-05,-0.0092274275,1.8839235e-05,-0.0003772424999999996,1.9092065e-05,0.0003777253112411371
0.05125,0.00125,0.005,6.25e-08,-0.00963367,-8.39609e-06,-0.0092276825,-1.7600045e-05,-0.00040598749999999975,9.203955e-06,0.00040609181590361043
0.05375,0.00125,0.005,6.25e-08,-0.00950967,-5.7255e-05,-0.009083005,-5.5197599999999995e-05,-0.0004266649999999997,-2.057400000000005e-06,0.00042666996041408834
0.05625,0.00125,0.005,6.25e-08,-0.00922887,-0.000107,-0.008791519999999999,-9.269465e-05,-0.0004373500000000013,-1.4305350000000004e-05,0.00043758389542877785
0.05875,0.00125,0.005,6.25e-08,-0.00879303,-0.00015566,-0.008356625,-0.00012865462499999996,-0.0004364050000000008,-2.700537500000005e-05,0.0004372397675233708
0.06125,0.00125,0.005,6.25e-08,-0.00821012,-0.000201026,-0.00778748,-0.000161532325,-0.0004226399999999993,-3.949367500000002e-05,0.0004244812362932018
0.06375,0.00125,0.005,6.25e-08,-0.00749479,-0.000240768,-0.007099217499999998,-0.00018976282500000007,-0.0003955725000000026,-5.100517499999994e-05,0.0003988472522570924
0.06625,0.00125,0.005,6.25e-08,-0.0066684,-0.000272602,-0.006312854999999997,-0.00021186275000000004,-0.00035554500000000225,-6.073924999999995e-05,0.00036069586013089214
0.06875,0.00125,0.005,6.25e-08,-0.00575853,-0.000294456,-0.005454742499999997,-0.00022654150000000003,-0.000303787500000003,-6.791449999999998e-05,0.0003112864026367066
0.07125,0.00125,0.005,6.25e-08,-0.0047981,-0.000304645,-0.0045555950000000026,-0.00023280525000000002,-0.00024250499999999703,-7.183974999999996e-05,0.0002529221712406033
0.07375,0.00125,0.005,6.25e-08,-0.00382395,-0.000302034,-0.0036491900000000027,-0.00023005075000000002,-0.00017475999999999733,-7.198325e-05,0.00018900435413122515
0.07625,0.00125,0.005,6.25e-08,-0.0028751,-0.000286151,-0.0027707325000000025,-0.00021813175000000005,-0.00010436749999999731,-6.801924999999995e-05,0.00012457605478908028
0.07875,0.00125,0.005,6.25e-08,-0.00199061,-0.00025726,-0.0019549899999999976,-0.00019740259999999994,-3.5620000000002264e-05,-5.985740000000005e-05,6.965409345300653e-05
0.08125,0.00125,0.005,6.25e-08,-0.00120742,-0.000216378,-0.0012343367499999982,-0.0001687312749999999,2.691674999999818e-05,-4.7646725000000096e-05,5.47240516938214e-05
0.08375,0.00125,0.005,6.25e-08,-0.000557943,-0.000165274,-0.0006367579999999986,-0.0001335011499999999,7.881499999999857e-05,-3.177285000000011e-05,8.49783397232629e-05
0.08625,0.00125,0.005,6.25e-08,-6.77069e-05,-0.000106556,-0.00018379172500000102,-9.362807500000011e-05,0.00011608482500000102,-1.2927924999999889e-05,0.00011680247360431406
0.08875,0.00125,0.005,6.25e-08,0.000246918,-4.39216e-05,0.0001117404499999994,-5.166372500000012e-05,0.0001351775500000006,7.742125000000119e-06,0.00013539907873954786
0.09125,0.00125,0.005,6.25e-08,0.000382228,1.74634e-05,0.00024875899999999987,-1.1130930000000106e-05,0.0001334690000000001,2.8594330000000105e-05,0.00013649765444559452
0.09375,0.00125,0.005,6.25e-08,0.000352716,6.82414e-05,0.00024304374999999998,2.2527e-05,0.00010967225000000001,4.5714400000000004e-05,0.00011881838572974513
0.09625,0.00125,0.005,6.25e-08,0.000208771,9.18138e-05,0.00013745022499999965,3.939157500000001e-05,7.132077500000036e-05,5.242222499999999e-05,8.851408148171284e-05
0.09875,0.00125,0.005,6.25e-08,5.88236e-05,5.87015e-05,2.0790487499999783e-05,2.081056499999988e-05,3.8033112500000214e-05,3.789093500000012e-05,5.36865029743222e-05
0.00125,0.00375,0.005,6.25e-08,5.91167e-05,-0.000167962,1.2587215000000001e-05,-8.0921425e-05,4.6529485e-05,-8.704057499999999e-05,9.869678146067302e-05
0.00375,0.00375,0.005,6.25e-08,4.18816e-05,-3.97273e-05,-4.241027499999997e-05,4.2380457499999965e-05,8.429187499999997e-05,-8.210775749999997e-05,0.00011767244381202602
0.00625,0.00375,0.005,6.25e-08,-0.000299335,0.000254056,-0.00038487100000000006,0.0003348065,8.553600000000004e-05,-8.075049999999999e-05,0.00011763099313637544
0.00875,0.00375,0.005,6.25e-08,-0.00102628,0.000573252,-0.0011014935,0.0006597395000000001,7.521349999999993e-05,-8.648750000000006e-05,0.00011461744299407484
0.01125,0.00375,0.005,6.25e-08,-0.00213033,0.000863167,-0.0021920125000000003,0.000957097,6.168250000000014e-05,-9.392999999999999e-05,0.0001123724864290633
0.01375,0.00375,0.005,6.25e-08,-0.00356511,0.00110234,-0.0036124624999999996,0.0012039662499999998,4.735249999999981e-05,-0.00010162624999999971,0.00011211669788801498
0.01625,0.00375,0.005,6.25e-08,-0.00526862,0.00128613,-0.005301005,0.0013946625,3.2385000000000226e-05,-0.00010853250000000011,0.00011326116625414927
0.01875,0.00375,0.005,6.25e-08,-0.0071755,0.00141767,-0.0071917325,0.0015311149999999998,1.623250000000031e-05,-0.00011344499999999978,0.00011460044537980627
0.02125,0.00375,0.005,6.25e-08,-0.00922315,0.00150261,-0.009221185,0.0016180899999999995,-1.964999999999606e-06,-0.00011547999999999962,0.00011549671694468163
0.02375,0.00375,0.005,6.25e-08,-0.011354,0.00154663,-0.01133075,0.0016606949999999998,-2.3249999999998966e-05,-0.00011406499999999978,0.0001164104236097434
0.02625,0.00375,0.005,6.25e-08,-0.0135153,0.00155426,-0.013466800000000001,0.0016632324999999997,-4.84999999999982e-05,-0.00010897249999999967,0.0001192780606660326
0.02875,0.00375,0.005,6.25e-08,-0.0156586,0.00152851,-0.015579800000000001,0.0016287049999999998,-7.88000000000004e-05,-0.00010019499999999975,0.0001274695180229376
0.03125,0.00375,0.005,6.25e-08,-0.0177376,0.00147091,-0.01762295,0.0015588549999999998,-0.00011465000000000086,-8.794499999999986e-05,0.00014449548617517495
0.03375,0.00375,0.005,6.25e-08,-0.0197077,0.00138186,-0.019551149999999996,0.0014544324999999998,-0.0001565500000000053,-7.257249999999987e-05,0.0001725533837867332
0.03625,0.00375,0.005,6.25e-08,-0.0215247,0.0012611,-0.02131995,0.0013156624999999997,-0.00020475000000000007,-5.456249999999971e-05,0.0002118953253525193
0.03875,0.00375,0.005,6.25e-08,-0.0231444,0.00110822,-0.022885774999999997,0.00114277875,-0.0002586250000000019,-3.455874999999989e-05,0.0002609237394844775
0.04125,0.00375,0.005,6.25e-08,-0.0245234,0.000923242,-0.0242058,0.0009365352499999999,-0.0003176000000000012,-1.3293249999999919e-05,0.00031787807488967097
0.04375,0.00375,0.005,6.25e-08,-0.0256197,0.000707092,-0.0252394,0.0006987122499999999,-0.0003803000000000001,8.37975000000013e-06,0.00038039231092394936
0.04625,0.00375,0.005,6.25e-08,-0.0263941,0.000462073,-0.025949450000000002,0.000432524,-0.0004446499999999978,2.9549000000000025e-05,0.0004456307506232016
0.04875,0.00375,0.005,6.25e-08,-0.0268126,0.000192182,-0.026304249999999998,0.00014290509999999998,-0.0005083500000000012,4.9276900000000016e-05,0.0005107327435886711
0.05125,0.00375,0.005,6.25e-08,-0.0268482,-9.66695e-05,-0.0262797,-0.00016333749999999998,-0.0005684999999999996,6.666799999999998e-05,0.000572395730438304
0.05375,0.00375,0.005,6.25e-08,-0.0264834,-0.000396601,-0.02586165,-0.00047753999999999993,-0.0006217500000000008,8.093899999999992e-05,0.000626996159654109
0.05625,0.00375,0.005,6.25e-08,-0.0257125,-0.000697887,-0.025047725,-0.0007893727499999999,-0.0006647749999999994,9.148574999999991e-05,0.0006710405673862511
0.05875,0.00375,0.005,6.25e-08,-0.0245434,-0.000989262,-0.023849275,-0.0010872129999999994,-0.0006941250000000003,9.795099999999933e-05,0.0007010020784748075
0.06125,0.00375,0.005,6.25e-08,-0.0229996,-0.00125842,-0.022292399999999997,-0.0013586975,-0.0007072000000000016,0.00010027750000000013,0.0007142740489519778
0.06375,0.00375,0.005,6.25e-08,-0.0211199,-0.00149267,-0.020418424999999994,-0.0015913950000000004,-0.000701475000000007,9.872500000000046e-05,0.0007083881713086476
0.06625,0.00375,0.005,6.25e-08,-0.0189592,-0.00167978,-0.018283224999999993,-0.0017736300000000004,-0.0006759750000000057,9.385000000000036e-05,0.00068245880690706
0.06875,0.00375,0.005,6.25e-08,-0.0165868,-0.0018088,-0.015956099999999994,-0.0018952900000000002,-0.0006307000000000049,8.649000000000026e-05,0.0006366027097806027
0.07125,0.00375,0.005,6.25e-08,-0.0140842,-0.00187104,-0.013517000000000006,-0.0019486399999999997,-0.0005671999999999934,7.759999999999972e-05,0.0005724837115586717
0.07375,0.00375,0.005,6.25e-08,-0.0115416,-0.0018608,-0.011053422500000007,-0.0019290750000000001,-0.0004881774999999939,6.827500000000024e-05,0.0004929287444765663
0.07625,0.00375,0.005,6.25e-08,-0.00905403,-0.00177607,-0.008656100000000007,-0.00183561,-0.0003979299999999925,5.954000000000007e-05,0.00040235966062714845
0.07875,0.00375,0.005,6.25e-08,-0.00671605,-0.00161898,-0.0064144299999999935,-0.0016712899999999993,-0.0003016200000000068,5.230999999999942e-05,0.0003061224599731356
0.08125,0.00375,0.005,6.25e-08,-0.00461642,-0.00139601,-0.0044113399999999945,-0.0014433649999999994,-0.00020508000000000592,4.735499999999936e-05,0.00021047637022953995
0.08375,0.00375,0.005,6.25e-08,-0.00283229,-0.00111817,-0.0027180024999999956,-0.001163379749999999,-0.00011428750000000432,4.5209749999999e-05,0.00012290465471784785
0.08625,0.00375,0.005,6.25e-08,-0.00142318,-0.000801304,-0.001388290000000003,-0.0008474515000000009,-3.488999999999706e-05,4.614750000000089e-05,5.785243172287469e-05
0.08875,0.00375,0.005,6.25e-08,-0.000424627,-0.000467001,-0.000452761750000002,-0.0005170145000000009,2.8134750000001962e-05,5.001350000000094e-05,5.7383920568506857e-05
0.09125,0.00375,0.005,6.25e-08,0.000158391,-0.000144397,8.866914999999906e-05,-0.00020098050000000078,6.972185000000093e-05,5.658350000000079e-05,8.979325609238547e-05
0.09375,0.00375,0.005,6.25e-08,0.000361015,0.000124287,0.00027655000000000003,5.948745e-05,8.446499999999998e-05,6.479955e-05,0.00010645805702342353
0.09625,0.00375,0.005,6.25e-08,0.000279468,0.000275178,0.00020535724999999958,0.00020224025000000013,7.411075000000043e-05,7.293774999999987e-05,0.00010398229965058978
0.09875,0.00375,0.005,6.25e-08,9.22105e-05,0.000207634,3.983162499999962e-05,0.00013792882499999944,5.237887500000037e-05,6.970517500000056e-05,8.71915016962454e-05
0.00125,0.00625,0.005,6.25e-08,7.20096e-07,-0.000149126,-2.7997460000000008e-05,-3.275876499999998e-05,2.8717556000000007e-05,-0.00011636723500000002,0.00011985838061711983
0.00375,0.00625,0.005,6.25e-08,-0.0002613,0.000302424,-0.00034757150000000003,0.00039068450000000004,8.627150000000002e-05,-8.826050000000006e-05,0.00012342077447698995
0.00625,0.00625,0.005,6.25e-08,-0.00106661,0.00103986,-0.0011444555000000003,0.0011190347500000003,7.784550000000038e-05,-7.917475000000025e-05,0.00011103406192611617
0.00875,0.00625,0.005,6.25e-08,-0.0024239,0.00182447,-0.002478980000000001,0.0019092825000000006,5.508000000000075e-05,-8.481250000000069e-05,0.0001011284656081076
0.01125,0.00625,0.005,6.25e-08,-0.00430221,0.00254567,-0.00433661,0.0026385850000000006,3.44000000000004e-05,-9.29150000000007e-05,9.907854068868878e-05
0.01375,0.00625,0.005,6.25e-08,-0.00664041,0.00315263,-0.006657400000000001,0.0032521125000000007,1.699000000000058e-05,-9.948250000000073e-05,0.0001009228809846913
0.01625,0.00625,0.005,6.25e-08,-0.00935619,0.00362836,-0.009358565,0.0037317550000000007,2.3749999999989058e-06,-0.00010339500000000048,0.00010342227347143407
0.01875,0.00625,0.005,6.25e-08,-0.0123601,0.00397401,-0.012349275,0.004077855,-1.0825000000000765e-05,-0.00010384499999999998,0.00010440768482252641
0.02125,0.00625,0.005,6.25e-08,-0.0155638,0.00419845,-0.015539025000000003,0.004298722500000001,-2.477499999999598e-05,-0.00010027250000000081,0.00010328782542608767
0.02375,0.00625,0.005,6.25e-08,-0.0188832,0.00431235,-0.018841675000000002,0.004404715000000001,-4.152499999999712e-05,-9.23650000000005e-05,0.00010127002937690823
0.02625,0.00625,0.005,6.25e-08,-0.0222394,0.00432502,-0.022176175000000003,0.00440513,-6.322499999999662e-05,-8.011000000000042e-05,0.00010205396966801263
0.02875,0.00625,0.005,6.25e-08,-0.0255576,0.00424316,-0.0254662,0.0043068525000000005,-9.139999999999843e-05,-6.369250000000035e-05,0.00011140329688231743
0.03125,0.00625,0.005,6.25e-08,-0.0287665,0.00407067,-0.028638925000000003,0.004114197500000001,-0.00012757499999999783,-4.3527500000000406e-05,0.00013479623096084506
0.03375,0.00625,0.005,6.25e-08,-0.0317965,0.00380925,-0.031623975,0.0038294975000000005,-0.00017252499999999976,-2.0247500000000317e-05,0.0001737090581439262
0.03625,0.00625,0.005,6.25e-08,-0.0345795,0.00345935,-0.034352650000000005,0.0034540825000000004,-0.00022684999999999372,5.267499999999509e-06,0.00022691114793294565
0.03875,0.00625,0.005,6.25e-08,-0.0370483,0.00302146,-0.036757975,0.0029895175000000003,-0.000290325000000001,3.194249999999982e-05,0.0002920769229693619
0.04125,0.00625,0.005,6.25e-08,-0.0391378,0.00249735,-0.038775525000000005,0.0024388400000000003,-0.00036227499999999524,5.85099999999999e-05,0.0003669694751951401
0.04375,0.00625,0.005,6.25e-08,-0.040786,0.00189125,-0.04034485,0.0018077050000000002,-0.00044115000000000126,8.354499999999976e-05,0.0004489911909213822
0.04625,0.00625,0.005,6.25e-08,-0.0419365,0.0012109,-0.041411875,0.001105349,-0.0005246250000000008,0.00010555099999999995,0.0005351377432269199
0.04875,0.00625,0.005,6.25e-08,-0.0425413,0.000468256,-0.04193135,0.00034521750000000005,-0.000609949999999998,0.00012303849999999996,0.0006222358676436513
0.05125,0.00625,0.005,6.25e-08,-0.0425635,-0.000320022,-0.04187005,-0.00045470225000000006,-0.0006934499999999982,0.00013468025000000006,0.0007064075822356808
0.05375,0.00625,0.005,6.25e-08,-0.0419805,-0.00113254,-0.041209499999999996,-0.0012719925000000002,-0.0007710000000000009,0.00013945250000000015,0.0007835100508329497
0.05625,0.00625,0.005,6.25e-08,-0.0407871,-0.00194357,-0.039949125,-0.002080305,-0.0008379749999999977,0.00013673500000000024,0.0008490574543869198
0.05875,0.00625,0.005,6.25e-08,-0.0389981,-0.00272386,-0.038108025000000004,-0.00285033,-0.0008900749999999971,0.00012647000000000005,0.000899015109175032
0.06125,0.00625,0.005,6.25e-08,-0.0366496,-0.00344189,-0.0357266,-0.0035511175000000005,-0.0009230000000000002,0.00010922750000000054,0.0009294405019990524
0.06375,0.00625,0.005,6.25e-08,-0.0338003,-0.00406555,-0.03286699999999999,-0.004151777500000002,-0.000933300000000005,8.622750000000182e-05,0.00093727481122468
0.06625,0.00625,0.005,6.25e-08,-0.0305308,-0.00456408,-0.029612099999999992,-0.004623392500000002,-0.0009187000000000084,5.931250000000207e-05,0.0009206126561460393
0.06875,0.00625,0.005,6.25e-08,-0.0269419,-0.00491027,-0.026063574999999988,-0.004941032500000001,-0.0008783250000000131,3.0762500000000755e-05,0.0008788635485849172
0.07125,0.00625,0.005,6.25e-08,-0.0231513,-0.00508257,-0.02233827500000001,-0.005085715000000001,-0.0008130249999999881,3.1450000000012718e-06,0.0008130310828313889
0.07375,0.00625,0.005,6.25e-08,-0.019289,-0.00506716,-0.01856350000000001,-0.0050461675000000004,-0.00072549999999999,-2.0992499999999796e-05,0.0007258036477286647
0.07625,0.00625,0.005,6.25e-08,-0.0154913,-0.00485955,-0.01487127500000001,-0.004820210000000001,-0.0006200249999999893,-3.933999999999882e-05,0.0006212717893361863
0.07875,0.00625,0.005,6.25e-08,-0.0118939,-0.00446587,-0.011391474999999991,-0.0044157325,-0.0005024250000000095,-5.013750000000018e-05,0.0005049204388131456
0.08125,0.00625,0.005,6.25e-08,-0.00862421,-0.00390359,-0.008244694999999991,-0.003851264999999999,-0.0003795150000000091,-5.232500000000107e-05,0.0003831051302841127
0.08375,0.00625,0.005,6.25e-08,-0.00579291,-0.00320203,-0.005534317499999994,-0.0031563649999999987,-0.000258592500000006,-4.5665000000001156e-05,0.00026259355148451993
0.08625,0.00625,0.005,6.25e-08,-0.00348566,-0.00240291,-0.0033387275000000055,-0.002372152500000003,-0.00014693249999999432,-3.075749999999688e-05,0.00015011723206380452
0.08875,0.00625,0.005,6.25e-08,-0.00175437,-0.0015618,-0.001702925000000004,-0.0015527625000000024,-5.14449999999961e-05,-9.037499999997502e-06,5.223279076642903e-05
0.09125,0.00625,0.005,6.25e-08,-0.000608847,-0.000751249,-0.0006297275000000024,-0.0007687967500000023,2.088050000000237e-05,1.7547750000002343e-05,2.727487507419019e-05
0.09375,0.00625,0.005,6.25e-08,-7.53555e-06,-6.63587e-05,-7.020477500000008e-05,-0.00011403660500000004,6.266922500000008e-05,4.767790500000004e-05,7.87439800066625e-05
0.09625,0.00625,0.005,6.25e-08,0.000157885,0.000364748,8.6535075e-05,0.0002838760000000006,7.1349925e-05,8.087199999999941e-05,0.00010784754137904828
0.09875,0.00625,0.005,6.25e-08,7.49888e-05,0.000357438,2.6211124999999758e-05,0.0002505532499999991,4.877767500000024e-05,0.00010688475000000092,0.0001174887712122667
0.00125,0.00875,0.005,6.25e-08,-6.85011e-05,5.33505e-05,-7.58896e-05,0.0001850453500000001,7.388500000000012e-06,-0.0001316948500000001,0.0001319019463418661
0.00375,0.00875,0.005,6.25e-08,-0.000620783,0.00106262,-0.0007147255,0.0011468325000000001,9.394250000000002e-05,-8.421250000000013e-05,0.00012616234962341193
0.00625,0.00875,0.005,6.25e-08,-0.00196019,0.00241833,-0.002041315000000001,0.002483637500000001,8.11250000000009e-05,-6.530750000000116e-05,0.00010414574010131331
0.00875,0.00875,0.005,6.25e-08,-0.0040058,0.00381192,-0.004056440000000001,0.003880445000000001,5.06400000000011e-05,-6.852500000000114e-05,8.520613372874201e-05
0.01125,0.00875,0.005,6.25e-08,-0.00668628,0.00508642,-0.006712250000000001,0.005163025000000002,2.5970000000001027e-05,-7.660500000000129e-05,8.088737185123677e-05
0.01375,0.00875,0.005,6.25e-08,-0.00992061,0.00616336,-0.009926472500000002,0.006245990000000001,5.862500000002047e-06,-8.263000000000107e-05,8.28377076351718e-05
0.01625,0.00875,0.005,6.25e-08,-0.0136075,0.00701256,-0.0135972,0.0070969475000000025,-1.0299999999999546e-05,-8.438750000000234e-05,8.501376451052138e-05
0.01875,0.00875,0.005,6.25e-08,-0.0176381,0.00763177,-0.017614475,0.0077126450000000015,-2.362499999999934e-05,-8.087500000000108e-05,8.425500726959878e-05
0.02125,0.00875,0.005,6.25e-08,-0.0219043,0.00803198,-0.021867700000000004,0.008103672500000002,-3.6599999999997745e-05,-7.169250000000314e-05,8.04945622775246e-05
0.02375,0.00875,0.005,6.25e-08,-0.0263018,0.00822825,-0.026249875,0.0082851,-5.1925000000001276e-05,-5.685000000000065e-05,7.699433826587645e-05
0.02625,0.00875,0.005,6.25e-08,-0.0307309,0.00823455,-0.0306586,0.008271205000000002,-7.229999999999737e-05,-3.6655000000001756e-05,8.106095869775874e-05
0.02875,0.00875,0.005,6.25e-08,-0.0350961,0.00806145,-0.034996025,0.008073070000000002,-0.00010007499999999808,-1.1620000000002115e-05,0.00010074735740951057
0.03125,0.00875,0.005,6.25e-08,-0.0393052,0.0077156,-0.039168100000000004,0.007698125000000002,-0.00013709999999999417,1.7474999999998568e-05,0.0001382092096243892
0.03375,0.00875,0.005,6.25e-08,-0.0432682,0.00720058,-0.043083525000000004,0.007150967500000002,-0.00018467499999999526,4.9612499999998096e-05,0.00019122305243157286
0.03625,0.00875,0.005,6.25e-08,-0.0468972,0.00651846,-0.046653375,0.006435010000000001,-0.00024382500000000307,8.34499999999988e-05,0.0002577101727231606
0.03875,0.00875,0.005,6.25e-08,-0.0501063,0.00567183,-0.049791800000000004,0.005554460000000001,-0.00031449999999999534,0.00011736999999999945,0.0003356873052410486
0.04125,0.00875,0.005,6.25e-08,-0.0528126,0.0046659,-0.0524166,0.004516377500000002,-0.0003960000000000005,0.00014952249999999803,0.0004232882918369581
0.04375,0.00875,0.005,6.25e-08,-0.0549388,0.00351044,-0.05445175000000001,0.0033326250000000005,-0.0004870499999999958,0.00017781499999999957,0.00051849385408604
0.04625,0.00875,0.005,6.25e-08,-0.0564149,0.00222145,-0.055830000000000005,0.0020213825000000006,-0.0005848999999999924,0.00020006749999999926,0.0006181707001761251
0.04875,0.00875,0.005,6.25e-08,-0.0571824,0.00082239,-0.0564959,0.0006082087500000001,-0.0006864999999999996,0.0002141812499999999,0.0007191354933888064
0.05125,0.00875,0.005,6.25e-08,-0.0571971,-0.000655204,-0.056409425000000006,-0.0008735260000000002,-0.0007876749999999946,0.00021832200000000018,0.0008173716420998416
0.05375,0.00875,0.005,6.25e-08,-0.056433,-0.00217174,-0.055549475000000015,-0.0023828700000000005,-0.0008835249999999822,0.00021113000000000035,0.0009084009591171559
0.05625,0.00875,0.005,6.25e-08,-0.0548856,-0.00368029,-0.053916825,-0.0038722500000000007,-0.0009687749999999981,0.00019196000000000057,0.0009876100658787336
0.05875,0.00875,0.005,6.25e-08,-0.0525749,-0.00512813,-0.05153685000000001,-0.005289147499999999,-0.0010380499999999918,0.00016101749999999915,0.0010504639155183924
0.06125,0.00875,0.005,6.25e-08,-0.0495469,-0.00645887,-0.04846085,-0.006578440000000001,-0.0010860499999999981,0.00011957000000000113,0.001092612276793555
0.06375,0.00875,0.005,6.25e-08,-0.045875,-0.00761542,-0.04476667499999999,-0.007685320000000004,-0.0011083250000000072,6.990000000000381e-05,0.0011105270440763774
0.06625,0.00875,0.005,6.25e-08,-0.0416591,-0.00854332,-0.04055747499999999,-0.008558587500000004,-0.0011016250000000088,1.5267500000004305e-05,0.0011017307916098514
0.06875,0.00875,0.005,6.25e-08,-0.0370237,-0.00919445,-0.03595939999999999,-0.009154125000000003,-0.001064300000000011,-4.032499999999731e-05,0.001065063658015343
0.07125,0.00875,0.005,6.25e-08,-0.032114,-0.0095308,-0.03111737500000002,-0.009438342500000002,-0.0009966249999999767,-9.245749999999865e-05,0.001000904480922732
0.07375,0.00875,0.005,6.25e-08,-0.0270904,-0.00952798,-0.026189325000000013,-0.009391200000000002,-0.0009010749999999873,-0.0001367799999999978,0.0009113972372269824
0.07625,0.00875,0.005,6.25e-08,-0.0221216,-0.00917822,-0.021339400000000012,-0.009008782500000003,-0.0007821999999999898,-0.00016943749999999771,0.000800341118777633
0.07875,0.00875,0.005,6.25e-08,-0.017376,-0.00849264,-0.016729674999999992,-0.008305129999999999,-0.0006463250000000066,-0.0001875100000000001,0.0006729754867192478
0.08125,0.00875,0.005,6.25e-08,-0.0130127,-0.00750274,-0.01251122499999999,-0.007313349999999998,-0.0005014750000000099,-0.00018939000000000195,0.0005360464044511544
0.08375,0.00875,0.005,6.25e-08,-0.00917089,-0.00626125,-0.008814802499999991,-0.0060863199999999975,-0.00035608750000000813,-0.00017493000000000283,0.00039673519198107037
0.08625,0.00875,0.005,6.25e-08,-0.00596039,-0.00484282,-0.0057411100000000085,-0.004697382500000005,-0.00021927999999999184,-0.0001454374999999954,0.0002631269366793242
0.08875,0.00875,0.005,6.25e-08,-0.00345132,-0.0033453,-0.0033514425000000067,-0.0032418775000000047,-9.987749999999318e-05,-0.00010342249999999512,0.00014377666191874684
0.09125,0.00875,0.005,6.25e-08,-0.00166492,-0.00189273,-0.0016586675000000042,-0.0018405700000000043,-6.252499999995827e-06,-5.215999999999576e-05,5.2533411808576694e-05
0.09375,0.00875,0.005,6.25e-08,-0.000564729,-0.000640012,-0.0006190860000000002,-0.0006461035000000003,5.435700000000021e-05,6.091500000000231e-06,5.4697256066918254e-05
0.09625,0.00875,0.005,6.25e-08,-5.05713e-05,0.000218266,-0.00012546464999999934,0.00014634885000000135,7.489334999999934e-05,7.191714999999865e-05,0.00010383202944344633
0.09875,0.00875,0.005,6.25e-08,3.83025e-05,0.000417601,-5.340764999999626e-07,0.00028221174999999916,3.8836576499999965e-05,0.00013538925000000082,0.00014084931199620065
0.00125,0.01125,0.005,6.25e-08,-0.000137115,0.000454604,-0.00012391615,0.00058637425,-1.3198849999999983e-05,-0.00013177025000000005,0.00013242963575569108
0.00375,0.01125,0.005,6.25e-08,-0.000990273,0.0022778,-0.0010935424999999998,0.0023532024999999997,0.00010326949999999975,-7.540249999999976e-05,0.0001278676137123858
0.00625,0.01125,0.005,6.25e-08,-0.00288953,0.00442524,-0.0029752600000000004,0.004477385,8.573000000000044e-05,-5.214499999999997e-05,0.00010034308110178834
0.00875,0.01125,0.005,6.25e-08,-0.00564807,0.00655177,-0.005696992500000001,0.006608185000000001,4.8922500000001326e-05,-5.641500000000063e-05,7.467304219897701e-05
0.01125,0.01125,0.005,6.25e-08,-0.00914202,0.00847165,-0.0091647625,0.0085397325,2.2742499999998944e-05,-6.808249999999856e-05,7.178055525349296e-05
0.01375,0.01125,0.005,6.25e-08,-0.0132642,0.0100879,-0.013266175,0.010165435,1.9749999999995466e-06,-7.75350000000001e-05,7.756014988381608e-05
0.01625,0.01125,0.005,6.25e-08,-0.0178923,0.0113612,-0.017877725,0.011442250000000001,-1.457499999999931e-05,-8.105000000000091e-05,8.235006451120806e-05
0.01875,0.01125,0.005,6.25e-08,-0.0228994,0.0122873,-0.022871574999999998,0.012364074999999999,-2.7825000000002154e-05,-7.677499999999941e-05,8.166168777339855e-05
0.02125,0.01125,0.005,6.25e-08,-0.0281607,0.0128793,-0.028120625000000003,0.0129436,-4.007499999999706e-05,-6.429999999999977e-05,7.576605852886724e-05
0.02375,0.01125,0.005,6.25e-08,-0.0335558,0.0131563,-0.033501449999999995,0.013200199999999999,-5.435000000000162e-05,-4.3899999999999495e-05,6.986510216123735e-05
0.02625,0.01125,0.005,6.25e-08,-0.0389686,0.0131367,-0.038895125,0.013152674999999999,-7.347499999999646e-05,-1.597499999999967e-05,7.519159693742028e-05
0.02875,0.01125,0.005,6.25e-08,-0.0442873,0.0128346,-0.044186975,0.012816224999999999,-0.00010032499999999833,1.837500000000103e-05,0.00010199385398150077
0.03125,0.01125,0.005,6.25e-08,-0.049403,0.0122595,-0.049266025,0.012201575,-0.00013697500000000445,5.792500000000034e-05,0.00014871938760632812
0.03375,0.01125,0.005,6.25e-08,-0.0542097,0.0114173,-0.054024174999999994,0.011316075,-0.00018552500000000582,0.00010122499999999993,0.00021134338468474037
0.03625,0.01125,0.005,6.25e-08,-0.0586031,0.0103123,-0.058356349999999994,0.01016588,-0.0002467500000000039,0.00014641999999999954,0.00028692225236116105
0.03875,0.01125,0.005,6.25e-08,-0.0624824,0.00895042,-0.06216115,0.00875909,-0.0003212500000000021,0.00019132999999999997,0.0003739100579016314
0.04125,0.01125,0.005,6.25e-08,-0.0657506,0.00734169,-0.06534214999999999,0.007108307500000001,-0.0004084500000000185,0.00023338249999999873,0.00047042405742719467
0.04375,0.01125,0.005,6.25e-08,-0.0683175,0.0055033,-0.067810575,0.0052335725,-0.0005069250000000053,0.0002697274999999997,0.0005742176241472001
0.04625,0.01125,0.005,6.25e-08,-0.0701025,0.00346182,-0.06948822499999999,0.0031644075,-0.0006142750000000113,0.0002974125000000001,0.0006824866084995837
0.04875,0.01125,0.005,6.25e-08,-0.0710381,0.00125484,-0.070311,0.0009412917500000001,-0.0007271000000000083,0.00031354824999999984,0.0007918250533281165
0.05125,0.01125,0.005,6.25e-08,-0.0710737,-0.00106821,-0.070232725,-0.0013837975,-0.0008409750000000077,0.00031558749999999994,0.0008982396232527615
0.05375,0.01125,0.005,6.25e-08,-0.0701798,-0.00344623,-0.069229025,-0.0037478025,-0.0009507750000000009,0.0003015724999999997,0.00099745630148957
0.05625,0.01125,0.005,6.25e-08,-0.068351,-0.00580752,-0.06730055,-0.006078065,-0.0010504499999999944,0.00027054499999999964,0.0010847302888391142
0.05875,0.01125,0.005,6.25e-08,-0.0656098,-0.00807206,-0.06447592499999999,-0.008294772499999997,-0.0011338750000000064,0.00022271249999999618,0.0011555402949621717
0.06125,0.01125,0.005,6.25e-08,-0.0620085,-0.0101547,-0.060813425,-0.0103144025,-0.0011950750000000038,0.00015970250000000089,0.0012056986124779523
0.06375,0.01125,0.005,6.25e-08,-0.0576301,-0.0119694,-0.05640154999999999,-0.012054075000000004,-0.0012285500000000088,8.467500000000454e-05,0.0012314645582090548
0.06625,0.01125,0.005,6.25e-08,-0.0525882,-0.013434,-0.05135814999999999,-0.013436150000000003,-0.0012300500000000103,2.150000000002844e-06,0.0012300518789872341
0.06875,0.01125,0.005,6.25e-08,-0.0470248,-0.014476,-0.04582762499999998,-0.014393625000000002,-0.0011971750000000156,-8.237499999999738e-05,0.0012000056755074274
0.07125,0.01125,0.005,6.25e-08,-0.0411062,-0.0150376,-0.039976850000000015,-0.014875175000000001,-0.0011293499999999873,-0.00016242499999999903,0.0011409703340249347
0.07375,0.01125,0.005,6.25e-08,-0.0350175,-0.0150813,-0.033988575000000014,-0.0148497,-0.001028924999999986,-0.0002316000000000002,0.0010546682964918267
0.07625,0.01125,0.005,6.25e-08,-0.0289543,-0.0145948,-0.02805400000000002,-0.014310325000000002,-0.0009002999999999789,-0.0002844749999999976,0.0009441748331876679
0.07875,0.01125,0.005,6.25e-08,-0.0231139,-0.0135937,-0.022363449999999986,-0.013277399999999998,-0.0007504500000000136,-0.000316300000000002,0.0008143837501448697
0.08125,0.01125,0.005,6.25e-08,-0.0176843,-0.0121247,-0.017096049999999988,-0.011800199999999997,-0.0005882500000000124,-0.0003245000000000036,0.0006718171719299953
0.08375,0.01125,0.005,6.25e-08,-0.0128327,-0.0102667,-0.012409099999999989,-0.009957942499999994,-0.0004236000000000118,-0.00030875750000000646,0.000524183320801286
0.08625,0.01125,0.005,6.25e-08,-0.00869445,-0.00813073,-0.00842731500000001,-0.007860567500000006,-0.00026713499999998953,-0.00027016249999999367,0.00037993273698279937
0.08875,0.01125,0.005,6.25e-08,-0.00536206,-0.00586129,-0.005232630000000008,-0.005649312500000006,-0.00012942999999999202,-0.000211977499999994,0.0002483678429391482
0.09125,0.01125,0.005,6.25e-08,-0.00287495,-0.00363744,-0.0028552700000000057,-0.0034992025000000057,-1.9679999999994147e-05,-0.00013823749999999435,0.00013963133174989134
0.09375,0.01125,0.005,6.25e-08,-0.00121091,-0.00167546,-0.0012669275,-0.0016236825,5.6017499999999956e-05,-5.177749999999998e-05,7.628151684713666e-05
0.09625,0.01125,0.005,6.25e-08,-0.000292369,-0.000234457,-0.0003767414999999984,-0.00028295864999999733,8.437249999999842e-05,4.8501649999997323e-05,9.731972466551668e-05
0.09875,0.01125,0.005,6.25e-08,-3.46702e-06,0.000353807,-3.141252499999962e-05,0.0002018414999999998,2.794550499999962e-05,0.00015196550000000017,0.00015451363836229816
0.00125,0.01375,0.005,6.25e-08,-0.000201479,0.00104959,-0.00016999015000000001,0.0011687382499999998,-3.148885e-05,-0.00011914824999999978,0.00012323900824164785
0.00375,0.01375,0.005,6.25e-08,-0.00135007,0.00395282,-0.0014639599999999998,0.00401571,0.00011388999999999974,-6.288999999999947e-05,0.0001301002851649445
0.00625,0.01375,0.005,6.25e-08,-0.00380868,0.00707272,-0.0038984725000000007,0.007112775,8.97925000000006e-05,-4.005499999999978e-05,9.832139177844306e-05
0.00875,0.01375,0.005,6.25e-08,-0.00728035,0.0100551,-0.007326667500000001,0.01010215,4.6317500000001184e-05,-4.704999999999987e-05,6.602282413112982e-05
0.01125,0.01375,0.005,6.25e-08,-0.0115826,0.0127039,-0.01160225,0.012767,1.964999999999953e-05,-6.309999999999996e-05,6.608882280688601e-05
0.01375,0.01375,0.005,6.25e-08,-0.0165771,0.0149157,-0.0165772,0.014992525,9.999999999940612e-08,-7.682499999999912e-05,7.682506508295234e-05
0.01625,0.01375,0.005,6.25e-08,-0.0221185,0.016649,-0.022103275,0.016732175000000002,-1.5225000000000655e-05,-8.31750000000013e-05,8.455697044005441e-05
0.01875,0.01375,0.005,6.25e-08,-0.0280613,0.0179012,-0.02803435,0.017980700000000002,-2.695000000000128e-05,-7.950000000000318e-05,8.394374604460164e-05
0.02125,0.01375,0.005,6.25e-08,-0.0342658,0.0186893,-0.03422842500000001,0.018754200000000002,-3.7374999999992276e-05,-6.490000000000315e-05,7.489259392623433e-05
0.02375,0.01375,0.005,6.25e-08,-0.0405979,0.019037,-0.040548600000000004,0.01907665,-4.929999999999518e-05,-3.9650000000002183e-05,6.326620345808415e-05
0.02625,0.01375,0.005,6.25e-08,-0.0469288,0.0189669,-0.046862825,0.018971575,-6.597500000000284e-05,-4.675000000002594e-06,6.614042825685663e-05
0.02875,0.01375,0.005,6.25e-08,-0.0531338,0.0184968,-0.053043575,0.018458,-9.022499999999933e-05,3.880000000000203e-05,9.821400422037602e-05
0.03125,0.01375,0.005,6.25e-08,-0.0590912,0.0176391,-0.0589667,0.017549925,-0.00012450000000000655,8.917500000000037e-05,0.00015314186437745135
0.03375,0.01375,0.005,6.25e-08,-0.0646822,0.016402,-0.064511175,0.016257499999999998,-0.00017102499999999132,0.00014450000000000227,0.0002238968526464758
0.03625,0.01375,0.005,6.25e-08,-0.06979,0.0147928,-0.06955905,0.0145904,-0.00023095000000000754,0.00020240000000000015,0.00030708901396826873
0.03875,0.01375,0.005,6.25e-08,-0.0743016,0.0128211,-0.07399644999999999,0.012561150000000002,-0.00030515000000000403,0.0002599499999999984,0.0004008622269558478
0.04125,0.01375,0.005,6.25e-08,-0.0781086,0.0105032,-0.077715225,0.010189050000000002,-0.00039337500000000136,0.00031414999999999915,0.000503422400301179
0.04375,0.01375,0.005,6.25e-08,-0.0811102,0.00786476,-0.080615675,0.007503695,-0.0004945249999999957,0.0003610649999999998,0.0006123094886166598
0.04625,0.01375,0.005,6.25e-08,-0.0832162,0.00494459,-0.082609775,0.00454756,-0.0006064250000000077,0.0003970299999999996,0.000724833844080841
0.04875,0.01375,0.005,6.25e-08,-0.0843508,0.0017962,-0.08362502499999999,0.0013779589999999998,-0.0007257750000000118,0.0004182410000000002,0.0008376603635758453
0.05125,0.01375,0.005,6.25e-08,-0.0844564,-0.00151107,-0.08360822500000001,-0.0019323324999999999,-0.0008481749999999927,0.0004212624999999999,0.0009470284708134373
0.05375,0.01375,0.005,6.25e-08,-0.0834981,-0.00489229,-0.08252994999999999,-0.0052956950000000004,-0.0009681500000000148,0.0004034050000000008,0.0010488326923418383
0.05625,0.01375,0.005,6.25e-08,-0.0814675,-0.00824845,-0.08038775000000001,-0.0086115925,-0.0010797499999999904,0.00036314250000000006,0.0011391806431844905
0.05875,0.01375,0.005,6.25e-08,-0.0783859,-0.0114694,-0.077209725,-0.011769824999999996,-0.0011761749999999876,0.00030042499999999653,0.0012139369057945183
0.06125,0.01375,0.005,6.25e-08,-0.074307,-0.014438,-0.07305652500000001,-0.014655175,-0.001250474999999987,0.000217175,0.001269193722900475
0.06375,0.01375,0.005,6.25e-08,-0.0693189,-0.0170358,-0.06802244999999998,-0.017152750000000005,-0.0012964500000000184,0.00011695000000000455,0.0013017142178681344
0.06625,0.01375,0.005,6.25e-08,-0.0635434,-0.0191495,-0.06223469999999999,-0.019154925000000003,-0.0013087000000000099,5.425000000003344e-06,0.0013087112441730704
0.06875,0.01375,0.005,6.25e-08,-0.0571349,-0.0206779,-0.05585132499999998,-0.02056795,-0.001283575000000023,-0.00010994999999999755,0.0012882755074614506
0.07125,0.01375,0.005,6.25e-08,-0.0502765,-0.02154,-0.04905657500000002,-0.021319,-0.0012199249999999828,-0.00022099999999999898,0.0012397814346186014
0.07375,0.01375,0.005,6.25e-08,-0.043174,-0.021682,-0.042054950000000015,-0.021362850000000003,-0.0011190499999999826,-0.0003191499999999972,0.0011636707545521453
0.07625,0.01375,0.005,6.25e-08,-0.0360477,-0.0210838,-0.03506227500000002,-0.020687425000000006,-0.0009854249999999842,-0.00039637499999999395,0.001062156095519846
0.07875,0.01375,0.005,6.25e-08,-0.0291227,-0.0197645,-0.02829644999999998,-0.019317999999999995,-0.0008262500000000214,-0.0004465000000000059,0.0009391758687807309
0.08125,0.01375,0.005,6.25e-08,-0.0226164,-0.0177852,-0.021965299999999983,-0.017320049999999993,-0.0006511000000000156,-0.0004651500000000079,0.0008001848114654686
0.08375,0.01375,0.005,6.25e-08,-0.0167267,-0.0152516,-0.016255299999999986,-0.014800499999999992,-0.00047140000000001417,-0.0004511000000000081,0.0006524639223742725
0.08625,0.01375,0.005,6.25e-08,-0.0116184,-0.0123133,-0.011319200000000014,-0.011907850000000008,-0.0002991999999999856,-0.00040544999999999123,0.0005038951701494908
0.08875,0.01375,0.005,6.25e-08,-0.00741206,-0.00916374,-0.00726531000000001,-0.008831910000000009,-0.00014674999999998977,-0.0003318299999999913,0.0003628315193033693
0.09125,0.01375,0.005,6.25e-08,-0.00417219,-0.00603916,-0.004148262500000007,-0.005804155000000008,-2.3927499999992774e-05,-0.00023500499999999213,0.00023621997223191343
0.09375,0.01375,0.005,6.25e-08,-0.0018984,-0.00321807,-0.00196297,-0.0030992375,6.457000000000012e-05,-0.00011883249999999988,0.0001352421826067961
0.09625,0.01375,0.005,6.25e-08,-0.00054289,-0.00102199,-0.0006426637499999975,-0.0010391427499999955,9.977374999999749e-05,1.715274999999558e-05,0.0001012374338949005
0.09875,0.01375,0.005,6.25e-08,-4.35471e-05,0.000160444,-6.304489999999928e-05,-4.892774999989207e-07,1.9497799999999277e-05,0.00016093327749999893,0.00016211009842613641
0.00125,0.01625,0.005,6.25e-08,-0.00026102,0.00182892,-0.00021352699999999998,0.0019242550000000001,-4.7493000000000014e-05,-9.533500000000021e-05,0.00010650984590168197
0.00375,0.01625,0.005,6.25e-08,-0.00169239,0.00607636,-0.0018179874999999998,0.0061228674999999995,0.00012559749999999982,-4.650749999999919e-05,0.00013393162271286
0.00625,0.01625,0.005,6.25e-08,-0.0046944,0.0103512,-0.00478803,0.0103800725,9.36300000000008e-05,-2.8872500000000703e-05,9.798060091798881e-05
0.00875,0.01625,0.005,6.25e-08,-0.00886242,0.0143116,-0.008905157500000002,0.01435225,4.2737500000002496e-05,-4.0649999999999714e-05,5.898233978277049e-05
0.01125,0.01625,0.005,6.25e-08,-0.0139537,0.0177686,-0.013969375000000001,0.01783015,1.567500000000145e-05,-6.155000000000049e-05,6.351462922036235e-05
0.01375,0.01625,0.005,6.25e-08,-0.0197964,0.0206247,-0.019794475,0.02070445,-1.9249999999998435e-06,-7.974999999999996e-05,7.977322937552417e-05
0.01625,0.01625,0.005,6.25e-08,-0.0262202,0.0228451,-0.026205575000000002,0.022934275,-1.4624999999997279e-05,-8.917500000000037e-05,9.036631701026653e-05
0.01875,0.01625,0.005,6.25e-08,-0.0330608,0.0244341,-0.0330376,0.024520575,-2.3200000000000998e-05,-8.647499999999905e-05,8.953304208503073e-05
0.02125,0.01625,0.005,6.25e-08,-0.0401645,0.0254154,-0.0401344,0.025485925,-3.0099999999998184e-05,-7.052499999999837e-05,7.667976020436983e-05
0.02375,0.01625,0.005,6.25e-08,-0.0473856,0.0258189,-0.0473475,0.0258603,-3.8099999999999246e-05,-4.1400000000000464e-05,5.626339840429105e-05
0.02625,0.01625,0.005,6.25e-08,-0.0545849,0.0256721,-0.054534625,0.0256722,-5.027499999999546e-05,-9.999999999940612e-08,5.027509945290555e-05
0.02875,0.01625,0.005,6.25e-08,-0.0616279,0.0249967,-0.061558325,0.024944775,-6.957500000000227e-05,5.1925000000001276e-05,8.681524203733149e-05
0.03125,0.01625,0.005,6.25e-08,-0.0683834,0.0238079,-0.06828475,0.023695024999999998,-9.86499999999918e-05,0.00011287500000000186,0.00014990859923633067
0.03375,0.01625,0.005,6.25e-08,-0.0747227,0.0221164,-0.074583,0.02193625,-0.00013970000000000649,0.00018015000000000045,0.00022796954292186045
0.03625,0.01625,0.005,6.25e-08,-0.0805197,0.0199325,-0.0803252,0.019681425000000002,-0.00019450000000000023,0.00025107499999999644,0.0003175986549483456
0.03875,0.01625,0.005,6.25e-08,-0.0856514,0.0172702,-0.08538747499999999,0.016947925,-0.00026392500000001207,0.00032227500000000034,0.00041655441571300934
0.04125,0.01625,0.005,6.25e-08,-0.0900003,0.0141519,-0.089651825,0.0137622,-0.00034847500000000087,0.00038969999999999977,0.0005227819006287425
0.04375,0.01625,0.005,6.25e-08,-0.093456,0.0106129,-0.09300884999999999,0.0101638675,-0.00044715000000000726,0.0004490325,0.00063369812099789
0.04625,0.01625,0.005,6.25e-08,-0.0959194,0.00670469,-0.09536082500000001,0.006209225,-0.0005585749999999917,0.0004954650000000005,0.0007466535989667438
0.04875,0.01625,0.005,6.25e-08,-0.0973056,0.0024976,-0.096626025,0.001973285,-0.0006795750000000017,0.000524315,0.0008583288413248167
0.05125,0.01625,0.005,6.25e-08,-0.097549,-0.00191808,-0.09674254999999998,-0.00244926,-0.0008064500000000141,0.00053118,0.0009656675384934624
0.05375,0.01625,0.005,6.25e-08,-0.0966066,-0.00643234,-0.09567287499999999,-0.0069447625,-0.0009337250000000102,0.0005124225,0.001065091167051567
0.05625,0.01625,0.005,6.25e-08,-0.0944632,-0.0109172,-0.09340784999999999,-0.011382924999999999,-0.0010553500000000104,0.00046572499999999843,0.001153543843174164
0.05875,0.01625,0.005,6.25e-08,-0.0911346,-0.0152303,-0.089970425,-0.015620949999999995,-0.0011641749999999895,0.0003906499999999941,0.0012279702167092535
0.06125,0.01625,0.005,6.25e-08,-0.0866714,-0.0192199,-0.085418625,-0.019508599999999997,-0.0012527749999999976,0.0002886999999999959,0.001285609929420659
0.06375,0.01625,0.005,6.25e-08,-0.081161,-0.0227318,-0.07984719999999998,-0.022895925000000008,-0.0013138000000000177,0.00016412500000000801,0.0013240118789591916
0.06625,0.01625,0.005,6.25e-08,-0.0747286,-0.0256174,-0.07338804999999998,-0.025640850000000007,-0.0013405500000000237,2.3450000000008187e-05,0.0013407550876278873
0.06875,0.01625,0.005,6.25e-08,-0.0675364,-0.0277428,-0.06620822499999998,-0.027618375000000004,-0.0013281750000000148,-0.00012442499999999745,0.0013339904089797793
0.07125,0.01625,0.005,6.25e-08,-0.0597805,-0.028999,-0.05850657500000002,-0.028729775,-0.0012739249999999813,-0.0002692250000000014,0.001302062596901529
0.07375,0.01625,0.005,6.25e-08,-0.0516853,-0.0293109,-0.050507000000000024,-0.028911150000000004,-0.0011782999999999794,-0.00039974999999999733,0.0012442632167270515
0.07625,0.01625,0.005,6.25e-08,-0.043495,-0.0286469,-0.04245015000000002,-0.028141425,-0.0010448499999999791,-0.0005054749999999983,0.001160696557298657
0.07875,0.01625,0.005,6.25e-08,-0.0354637,-0.0270256,-0.03458252499999998,-0.026447999999999992,-0.0008811750000000187,-0.000577600000000008,0.0010536086278239384
0.08125,0.01625,0.005,6.25e-08,-0.0278415,-0.0245209,-0.027144149999999978,-0.023910899999999992,-0.0006973500000000236,-0.0006100000000000098,0.0009264971788948118
0.08375,0.01625,0.005,6.25e-08,-0.0208609,-0.0212644,-0.020355049999999982,-0.020664374999999992,-0.0005058500000000195,-0.0006000250000000075,0.000784802027982235
0.08625,0.01625,0.005,6.25e-08,-0.0147227,-0.0174449,-0.014402025000000016,-0.01689635000000001,-0.0003206749999999838,-0.0005485499999999879,0.000635405034702257
0.08875,0.01625,0.005,6.25e-08,-0.00958191,-0.0133062,-0.009426482500000012,-0.012846950000000011,-0.00015542749999998898,-0.0004592499999999892,0.00048483839602102123
0.09125,0.01625,0.005,6.25e-08,-0.00553532,-0.0091439,-0.005514372500000009,-0.008805632500000011,-2.0947499999990522e-05,-0.00033826749999998906,0.00033891547517410917
0.09375,0.01625,0.005,6.25e-08,-0.00261059,-0.00529996,-0.002690175,-0.0051092625000000004,7.958500000000007e-05,-0.00019069749999999983,0.00020663811054897387
0.09625,0.01625,0.005,6.25e-08,-0.000794402,-0.00215824,-0.0009155302499999965,-0.0021404474999999934,0.00012112824999999648,-1.7792500000006657e-05,0.00012242804419050353
0.09875,0.01625,0.005,6.25e-08,-8.06116e-05,-0.000161931,-9.458507499999892e-05,-0.000327043999999997,1.3973474999998912e-05,0.00016511299999999698,0.00016570323102635807
0.00125,0.01875,0.005,6.25e-08,-0.000316034,0.0027816,-0.0002543575,0.00284325,-6.167649999999999e-05,-6.16499999999999e-05,8.720500646321853e-05
0.00375,0.01875,0.005,6.25e-08,-0.00201434,0.00862873,-0.0021520899999999997,0.0086547775,0.00013774999999999985,-2.6047500000001e-05,0.00014019106517981097
0.00625,0.01875,0.005,6.25e-08,-0.00553463,0.0142379,-0.005632000000000001,0.014256225,9.737000000000114e-05,-1.8325000000001326e-05,9.90793748718686e-05
0.00875,0.01875,0.005,6.25e-08,-0.0103705,0.0192967,-0.010408925000000003,0.019334175000000002,3.842500000000339e-05,-3.747500000000209e-05,5.367360850548822e-05
0.01125,0.01875,0.005,6.25e-08,-0.0162201,0.0236381,-0.016230800000000004,0.023702650000000002,1.0700000000002374e-05,-6.45500000000035e-05,6.543082224762656e-05
0.01375,0.01875,0.005,6.25e-08,-0.022878,0.0271834,-0.022873175000000003,0.027271125,-4.824999999996499e-06,-8.77250000000003e-05,8.785759073637302e-05
0.01625,0.01875,0.005,6.25e-08,-0.0301479,0.0299134,-0.030133900000000005,0.030014000000000002,-1.3999999999993185e-05,-0.00010060000000000277,0.00010156948360605348
0.01875,0.01875,0.005,6.25e-08,-0.0378473,0.0318455,-0.03782905,0.031944925,-1.8249999999997435e-05,-9.942500000000021e-05,0.00010108606790750122
0.02125,0.01875,0.005,6.25e-08,-0.045809,0.0330142,-0.04578897500000001,0.033096999999999994,-2.0024999999992965e-05,-8.279999999999399e-05,8.518709189189829e-05
0.02375,0.01875,0.005,6.25e-08,-0.0538774,0.0334576,-0.053855275,0.033508325,-2.212499999999784e-05,-5.072500000000146e-05,5.534023174870207e-05
0.02625,0.01875,0.005,6.25e-08,-0.0619051,0.0332096,-0.061877525,0.0332136,-2.7574999999994965e-05,-4.000000000004e-06,2.786360753742692e-05
0.02875,0.01875,0.005,6.25e-08,-0.0697504,0.0322959,-0.0697111,0.032240275,-3.9300000000006e-05,5.562500000000359e-05,6.810749316338746e-05
0.03125,0.01875,0.005,6.25e-08,-0.0772751,0.0307347,-0.077215125,0.030608575,-5.9975000000003775e-05,0.00012612500000000124,0.0001396585702705021
0.03375,0.01875,0.005,6.25e-08,-0.0843435,0.0285394,-0.0842516,0.02833445,-9.190000000000587e-05,0.00020494999999999888,0.00022461102488524607
0.03625,0.01875,0.005,6.25e-08,-0.0908225,0.025723,-0.09068525000000001,0.025434175,-0.00013724999999999155,0.0002888249999999995,0.0003197771773047561
0.03875,0.01875,0.005,6.25e-08,-0.0965815,0.0223036,-0.096384275,0.021929775,-0.00019722499999999532,0.00037382500000000124,0.0004226616037091601
0.04125,0.01875,0.005,6.25e-08,-0.101495,0.01831,-0.10122205000000001,0.017854425,-0.00027294999999999403,0.00045557499999999973,0.0005310840640849587
0.04375,0.01875,0.005,6.25e-08,-0.105444,0.0137864,-0.1050805,0.013257625,-0.0003635000000000027,0.0005287750000000004,0.0006416659961576602
0.04625,0.01875,0.005,6.25e-08,-0.108321,0.00879699,-0.10785125000000001,0.00820907,-0.000469749999999991,0.0005879199999999987,0.0007525390281573376
0.04875,0.01875,0.005,6.25e-08,-0.11003,0.00342876,-0.109443,0.0028014500000000005,-0.0005870000000000042,0.0006273099999999994,0.000859119803112467
0.05125,0.01875,0.005,6.25e-08,-0.110496,-0.00220711,-0.10978125,-0.00284856,-0.0007147500000000001,0.00064145,0.000960377876150841
0.05375,0.01875,0.005,6.25e-08,-0.109664,-0.00797521,-0.10881750000000001,-0.00860086,-0.0008464999999999862,0.0006256500000000002,0.0010526158712939762
0.05625,0.01875,0.005,6.25e-08,-0.107508,-0.0137179,-0.10653225,-0.014294425,-0.0009757500000000113,0.0005765249999999996,0.0011333442275518156
0.05875,0.01875,0.005,6.25e-08,-0.104034,-0.0192591,-0.10293725000000001,-0.019751824999999994,-0.0010967499999999936,0.0004927249999999925,0.0012023470747354853
0.06125,0.01875,0.005,6.25e-08,-0.0992835,-0.0244102,-0.098082475,-0.024785575,-0.0012010249999999945,0.0003753750000000007,0.0012583192922505748
0.06375,0.01875,0.005,6.25e-08,-0.0933379,-0.0289779,-0.09205767499999998,-0.02920652500000001,-0.0012802250000000237,0.00022862500000001007,0.001300478927645529
0.06625,0.01875,0.005,6.25e-08,-0.0863205,-0.0327741,-0.08499414999999998,-0.03283367500000001,-0.0013263500000000178,5.957500000000615e-05,0.0013276872761027155
0.06875,0.01875,0.005,6.25e-08,-0.0783965,-0.0356267,-0.07706407499999998,-0.03550527500000001,-0.001332425000000012,-0.00012142499999998752,0.0013379463409457157
0.07125,0.01875,0.005,6.25e-08,-0.0697717,-0.0373925,-0.06847755000000001,-0.037090599999999994,-0.001294149999999994,-0.0003019000000000077,0.0013288972242050884
0.07375,0.01875,0.005,6.25e-08,-0.0606873,-0.0379692,-0.059477100000000026,-0.0375011,-0.0012101999999999738,-0.00046809999999999907,0.001297575296466427
0.07625,0.01875,0.005,6.25e-08,-0.051412,-0.0373072,-0.05032862500000003,-0.036700925,-0.0010833749999999698,-0.0006062749999999964,0.001241479265332261
0.07875,0.01875,0.005,6.25e-08,-0.0422307,-0.0354197,-0.04131037499999997,-0.03471497499999999,-0.0009203250000000343,-0.0007047250000000102,0.0011591528938194812
0.08125,0.01875,0.005,6.25e-08,-0.0334309,-0.0323891,-0.03269894999999998,-0.03163449999999999,-0.0007319500000000229,-0.000754600000000008,0.0010512715931195163
0.08375,0.01875,0.005,6.25e-08,-0.0252861,-0.0283709,-0.02475437499999998,-0.027619349999999987,-0.0005317250000000176,-0.000751550000000014,0.0009206296096286714
0.08625,0.01875,0.005,6.25e-08,-0.01804,-0.0235926,-0.01770477500000002,-0.022897000000000015,-0.0003352249999999807,-0.0006955999999999837,0.0007721626516641195
0.08875,0.01875,0.005,6.25e-08,-0.0118905,-0.0183503,-0.011732300000000015,-0.017759075000000013,-0.0001581999999999851,-0.0005912249999999869,0.0006120247058942798
0.09125,0.01875,0.005,6.25e-08,-0.00697398,-0.0130009,-0.0069615125000000114,-0.012555475000000016,-1.2467499999988842e-05,-0.0004454249999999837,0.00044559944926047114
0.09375,0.01875,0.005,6.25e-08,-0.00335213,-0.00795325,-0.003452155,-0.007687797499999999,0.00010002500000000011,-0.0002654525000000008,0.00028367239975233833
0.09625,0.01875,0.005,6.25e-08,-0.00104983,-0.00365676,-0.0011970224999999955,-0.00360176749999999,0.00014719249999999538,-5.499250000000995e-05,0.00015712990521380625
0.09875,0.01875,0.005,6.25e-08,-0.00011601,-0.000612253,-0.00012640114999999859,-0.0007791384999999944,1.039114999999859e-05,0.0001668854999999944,0.00016720869029021967
0.00125,0.02125,0.005,6.25e-08,-0.000366805,0.00389615,-0.00029236775,0.00391526,-7.443724999999998e-05,-1.9110000000000134e-05,7.68511306849971e-05
0.00375,0.02125,0.005,6.25e-08,-0.00231438,0.0115855,-0.0024640950000000003,0.011586925000000001,0.00014971500000000035,-1.4250000000010782e-06,0.0001497217814815203
0.00625,0.02125,0.005,6.25e-08,-0.00632181,0.0187019,-0.006422675000000002,0.018709550000000002,0.00010086500000000206,-7.650000000001406e-06,0.00010115468711335348
0.00875,0.02125,0.005,6.25e-08,-0.0117882,0.0249757,-0.011821875000000004,0.025012850000000007,3.367500000000384e-05,-3.715000000000662e-05,5.0141082208113045e-05
0.01125,0.02125,0.005,6.25e-08,-0.0183563,0.0302758,-0.018360925,0.030347825000000002,4.625000000001156e-06,-7.202500000000334e-05,7.217334168514363e-05
0.01375,0.02125,0.005,6.25e-08,-0.0257875,0.0345533,-0.0257787,0.03465445,-8.79999999999978e-06,-0.00010115000000000124,0.00010153207621239825
0.01625,0.02125,0.005,6.25e-08,-0.033861,0.0378139,-0.03384672500000001,0.037931950000000006,-1.4274999999994153e-05,-0.00011805000000000843,0.0001189099580565136
0.01875,0.02125,0.005,6.25e-08,-0.0423762,0.0400946,-0.042362875,0.040213725000000006,-1.332500000000153e-05,-0.00011912500000000464,0.00011986793253410667
0.02125,0.02125,0.005,6.25e-08,-0.0511538,0.0414451,-0.051145150000000014,0.041547925000000006,-8.649999999985059e-06,-0.00010282500000000777,0.0001031881927596435
0.02375,0.02125,0.005,6.25e-08,-0.0600297,0.0419148,-0.060026575000000006,0.0419836,-3.124999999992717e-06,-6.88000000000008e-05,6.887093454426233e-05
0.02625,0.02125,0.005,6.25e-08,-0.0688503,0.0415451,-0.068850625,0.04156317500000001,3.249999999954678e-07,-1.807500000000628e-05,1.807792161727183e-05
0.02875,0.02125,0.005,6.25e-08,-0.0774688,0.0403669,-0.07746767500000001,0.040319100000000004,-1.1249999999907168e-06,4.779999999999368e-05,4.781323692241904e-05
0.03125,0.02125,0.005,6.25e-08,-0.0857425,0.0384015,-0.0857323,0.038274775000000004,-1.0200000000001874e-05,0.0001267249999999942,0.0001271348324614406
0.03375,0.02125,0.005,6.25e-08,-0.0935313,0.0356647,-0.0935019,0.03544875,-2.939999999999887e-05,0.00021594999999999948,0.00021794210813883515
0.03625,0.02125,0.005,6.25e-08,-0.100697,0.0321718,-0.10063582500000001,0.03185985000000001,-6.117499999998277e-05,0.0003119499999999914,0.0003178917789515679
0.03875,0.02125,0.005,6.25e-08,-0.107103,0.0279445,-0.10699675,0.027533800000000004,-0.00010625000000000218,0.0004106999999999965,0.00042422111274664017
0.04125,0.02125,0.005,6.25e-08,-0.112618,0.0230168,-0.11244950000000001,0.022509725000000005,-0.0001684999999999881,0.0005070749999999957,0.000534338194054095
0.04375,0.02125,0.005,6.25e-08,-0.117114,0.0174412,-0.11686800000000001,0.016845750000000003,-0.00024599999999998234,0.0005954499999999974,0.0006442644662714126
0.04625,0.02125,0.005,6.25e-08,-0.120474,0.0112933,-0.12013375000000001,0.010623862500000003,-0.0003402499999999864,0.0006694374999999964,0.0007509438253999003
0.04875,0.02125,0.005,6.25e-08,-0.122592,0.00467548,-0.12214225000000002,0.003953032500000001,-0.0004497499999999849,0.0007224474999999991,0.000851002616186481
0.05125,0.02125,0.005,6.25e-08,-0.123378,-0.00228122,-0.12280600000000001,-0.0030290399999999998,-0.0005719999999999892,0.0007478199999999997,0.0009414981425366633
0.05375,0.02125,0.005,6.25e-08,-0.122765,-0.00941676,-0.12206100000000002,-0.0101563725,-0.0007039999999999824,0.0007396125000000003,0.0010210987465256365
0.05625,0.02125,0.005,6.25e-08,-0.12071,-0.0165439,-0.11987025000000001,-0.017237050000000004,-0.0008397499999999863,0.0006931500000000035,0.0010888695904468918
0.05875,0.02125,0.005,6.25e-08,-0.117204,-0.0234521,-0.1162315,-0.024057924999999994,-0.0009725000000000011,0.0006058249999999939,0.0011457661980635468
0.06125,0.02125,0.005,6.25e-08,-0.112273,-0.0299138,-0.11117925000000001,-0.030391625000000005,-0.0010937499999999906,0.00047782500000000463,0.0011935685121202654
0.06375,0.02125,0.005,6.25e-08,-0.105987,-0.0356935,-0.10479274999999999,-0.03600605000000002,-0.0011942500000000078,0.0003125500000000156,0.0012344717757000476
0.06625,0.02125,0.005,6.25e-08,-0.0984609,-0.0405583,-0.09719639999999999,-0.04067582500000002,-0.0012645000000000156,0.00011752500000002108,0.0012699497531890953
0.06875,0.02125,0.005,6.25e-08,-0.0898587,-0.0442919,-0.08856302499999999,-0.04419582500000001,-0.00129567500000001,-9.607499999999408e-05,0.0012992321236984655
0.07125,0.02125,0.005,6.25e-08,-0.0803915,-0.0467091,-0.07911082500000004,-0.046395525,-0.0012806749999999673,-0.00031357500000000343,0.0013185058726641753
0.07375,0.02125,0.005,6.25e-08,-0.0703155,-0.0476721,-0.06909935000000003,-0.047153675000000006,-0.0012161499999999714,-0.000518424999999996,0.0013220383137885704
0.07625,0.02125,0.005,6.25e-08,-0.0599239,-0.0471052,-0.058821050000000034,-0.04641187500000001,-0.0011028499999999677,-0.0006933249999999877,0.0013026809579190569
0.07875,0.02125,0.005,6.25e-08,-0.0495357,-0.0450083,-0.04858909999999998,-0.0441856,-0.0009466000000000196,-0.0008227000000000026,0.0012541478581092587
0.08125,0.02125,0.005,6.25e-08,-0.0394806,-0.0414667,-0.03872239999999998,-0.04057207499999999,-0.0007582000000000144,-0.00089462500000001,0.0011726982265804957
0.08375,0.02125,0.005,6.25e-08,-0.0300806,-0.0366559,-0.02952842499999998,-0.03575369999999999,-0.0005521750000000193,-0.0009022000000000058,0.001057762766703873
0.08625,0.02125,0.005,6.25e-08,-0.021631,-0.0308411,-0.021285150000000023,-0.029996800000000025,-0.0003458499999999774,-0.0008442999999999749,0.0009123895618100539
0.08875,0.02125,0.005,6.25e-08,-0.0143817,-0.0243717,-0.014224350000000021,-0.023646025000000022,-0.00015734999999997973,-0.0007256749999999777,0.0007425383681163966
0.09125,0.02125,0.005,6.25e-08,-0.00851709,-0.0176703,-0.008517240000000016,-0.017115250000000023,1.5000000001645641e-07,-0.0005550499999999771,0.000555050020268421
0.09375,0.02125,0.005,6.25e-08,-0.00413964,-0.0112179,-0.004264837500000001,-0.010875777500000001,0.0001251975000000011,-0.00034212249999999826,0.00036431060787808404
0.09625,0.02125,0.005,6.25e-08,-0.0013161,-0.00553611,-0.0014939924999999947,-0.005442887499999988,0.00017789249999999477,-9.322250000001232e-05,0.00020083868168881323
0.09875,0.02125,0.005,6.25e-08,-0.000151125,-0.00119195,-0.00015946829999999822,-0.0013605687499999913,8.343299999998216e-06,0.0001686187499999913,0.0001688250381502979
0.00125,0.02375,0.005,6.25e-08,-0.00041338,0.00516062,-0.000327383,0.005129125,-8.599699999999998e-05,3.149500000000031e-05,9.158285338424446e-05
0.00375,0.02375,0.005,6.25e-08,-0.00259093,0.014919,-0.0027519099999999998,0.014891374999999998,0.0001609799999999998,2.7625000000001607e-05,0.00016333309837568142
0.00625,0.02375,0.005,6.25e-08,-0.00704956,0.0237057,-0.0071534350000000005,0.023702050000000002,0.00010387500000000067,3.6499999999974053e-06,0.00010393910777469719
0.00875,0.02375,0.005,6.25e-08,-0.0131023,0.0313062,-0.013130575000000002,0.03134505,2.8275000000001216e-05,-3.8849999999999996e-05,4.804995447448487e-05
0.01125,0.02375,0.005,6.25e-08,-0.0203406,0.0376366,-0.020338000000000002,0.037719925,-2.599999999998437e-06,-8.332500000000215e-05,8.336555418756808e-05
0.01375,0.02375,0.005,6.25e-08,-0.0284953,0.0426884,-0.0284808,0.042808075,-1.4500000000000624e-05,-0.00011967499999999964,0.00012055022034405384
0.01625,0.02375,0.005,6.25e-08,-0.0373223,0.0465008,-0.037306149999999996,0.046642425,-1.6150000000006437e-05,-0.0001416249999999994,0.0001425428466286542
0.01875,0.02375,0.005,6.25e-08,-0.0466047,0.049137,-0.0465951,0.04928295,-9.599999999998499e-06,-0.00014594999999999886,0.00014626538380628425
0.02125,0.02375,0.005,6.25e-08,-0.0561522,0.0506667,-0.05615462500000001,0.050797625,2.4250000000072824e-06,-0.00013092499999999702,0.00013094745606539768
0.02375,0.02375,0.005,6.25e-08,-0.0657939,0.0511534,-0.0658108,0.051249825,1.6900000000000248e-05,-9.642499999999721e-05,9.789479365624849e-05
0.02625,0.02375,0.005,6.25e-08,-0.0753718,0.0506481,-0.075402775,0.0506914,3.097500000000253e-05,-4.329999999999612e-05,5.32385257590762e-05
0.02875,0.02375,0.005,6.25e-08,-0.084736,0.0491878,-0.08477815,0.04916065,4.2149999999990806e-05,2.714999999999662e-05,5.013726159254254e-05
0.03125,0.02375,0.005,6.25e-08,-0.0937415,0.0467972,-0.093789175,0.046684624999999993,4.7674999999997025e-05,0.00011257500000000364,0.00012225398255271905
0.03375,0.02375,0.005,6.25e-08,-0.102246,0.0434941,-0.10229074999999999,0.0432836,4.4749999999982304e-05,0.00021050000000000235,0.00021520411822267577
0.03625,0.02375,0.005,6.25e-08,-0.110108,0.0392957,-0.11013925000000001,0.038978349999999995,3.1250000000010436e-05,0.0003173500000000079,0.00031888490870532845
0.03875,0.02375,0.005,6.25e-08,-0.117188,0.034226,-0.117192,0.033797049999999995,4.000000000004e-06,0.00042895000000000433,0.00042896864978690896
0.04125,0.02375,0.005,6.25e-08,-0.123347,0.0283229,-0.123309,0.02778295,-3.799999999999637e-05,0.0005399500000000008,0.0005412855092278017
0.04375,0.02375,0.005,6.25e-08,-0.128452,0.0216451,-0.12835524999999998,0.02100085,-9.675000000003431e-05,0.000644249999999999,0.0006514741936562071
0.04625,0.02375,0.005,6.25e-08,-0.132375,0.0142777,-0.13220075,0.013542674999999999,-0.00017424999999998692,0.000735025000000002,0.0007553971227936987
0.04875,0.02375,0.005,6.25e-08,-0.134997,0.00633612,-0.1347275,0.005531557499999999,-0.00026950000000000585,0.0008045625000000006,0.0008484993025372821
0.05125,0.02375,0.005,6.25e-08,-0.136213,-0.00203067,-0.1358315,-0.0028760825,-0.00038150000000000683,0.0008454125,0.0009275044717715679
0.05375,0.02375,0.005,6.25e-08,-0.135938,-0.0106398,-0.135429,-0.01149,-0.0005090000000000094,0.0008502000000000006,0.0009909192903561877
0.05625,0.02375,0.005,6.25e-08,-0.13411,-0.0192756,-0.133463,-0.020088175,-0.0006470000000000087,0.0008125749999999994,0.0010386949170112514
0.05875,0.02375,0.005,6.25e-08,-0.130698,-0.0276931,-0.12990825,-0.028421349999999988,-0.0007897500000000057,0.0007282499999999893,0.0010742686465684426
0.06125,0.02375,0.005,6.25e-08,-0.125708,-0.0356242,-0.12477949999999999,-0.036220150000000007,-0.0009284999999999988,0.0005959500000000048,0.0011032989859960914
0.06375,0.02375,0.005,6.25e-08,-0.119191,-0.0427878,-0.11813774999999999,-0.043205550000000016,-0.0010532500000000194,0.00041775000000001533,0.0011330713238803874
0.06625,0.02375,0.005,6.25e-08,-0.111247,-0.048901,-0.11009424999999998,-0.049101825000000016,-0.0011527500000000218,0.00020082500000001557,0.0011701124916541385
0.06875,0.02375,0.005,6.25e-08,-0.102031,-0.0536958,-0.10081624999999997,-0.053652500000000006,-0.0012147500000000283,-4.329999999999612e-05,0.0012155214734837342
0.07125,0.02375,0.005,6.25e-08,-0.0917569,-0.0569361,-0.09052570000000004,-0.056637925,-0.00123119999999996,-0.0002981750000000047,0.0012667919208081905
0.07375,0.02375,0.005,6.25e-08,-0.0806918,-0.0584379,-0.07949725000000002,-0.057893599999999996,-0.0011945499999999748,-0.0005443000000000045,0.0013127117705345468
0.07625,0.02375,0.005,6.25e-08,-0.0691531,-0.0580886,-0.06805005000000003,-0.05732820000000001,-0.0011030499999999666,-0.0007603999999999875,0.0013397490296693285
0.07875,0.02375,0.005,6.25e-08,-0.0574962,-0.0558647,-0.05653549999999997,-0.054938299999999995,-0.0009607000000000296,-0.0009264000000000078,0.001334601607222197
0.08125,0.02375,0.005,6.25e-08,-0.0460984,-0.0518456,-0.04532089999999997,-0.05081969999999999,-0.0007775000000000282,-0.0010259000000000101,0.0012872362098698376
0.08375,0.02375,0.005,6.25e-08,-0.0353383,-0.0462213,-0.03476934999999998,-0.04517244999999998,-0.0005689500000000264,-0.0010488500000000178,0.0011932268958584815
0.08625,0.02375,0.005,6.25e-08,-0.0255728,-0.0392927,-0.025218525000000026,-0.03830017500000002,-0.00035427499999997336,-0.0009925249999999802,0.0010538579843840164
0.08875,0.02375,0.005,6.25e-08,-0.0171142,-0.031464,-0.01695997500000002,-0.03060240000000002,-0.00015422499999998007,-0.0008615999999999797,0.0008752941851885907
0.09125,0.02375,0.005,6.25e-08,-0.0102052,-0.0232285,-0.010220952500000016,-0.02256182500000002,1.575250000001617e-05,-0.0006666749999999777,0.0006668610776475268
0.09375,0.02375,0.005,6.25e-08,-0.00499677,-0.0151475,-0.005151302500000001,-0.014727124999999999,0.00015453250000000036,-0.0004203750000000006,0.000447878816401547
0.09625,0.02375,0.005,6.25e-08,-0.0016031,-0.00782522,-0.0018161124999999932,-0.007693244999999982,0.00021301249999999307,-0.00013197500000001854,0.00025058277231536076
0.09875,0.02375,0.005,6.25e-08,-0.000187972,-0.00190818,-0.00019507124999999784,-0.002079399999999987,7.09924999999783e-06,0.0001712199999999869,0.00017136711397044063
0.00125,0.02625,0.005,6.25e-08,-0.000455558,0.00656233,-0.00035914225,0.0064727625,-9.641575000000002e-05,8.95675000000002e-05,0.00013159914097102813
0.00375,0.02625,0.005,6.25e-08,-0.00284191,0.018598,-0.0030131025,0.018537025,0.00017119249999999987,6.0975000000001306e-05,0.00018172733058417523
0.00625,0.02625,0.005,6.25e-08,-0.0077113,0.0292066,-0.007817457500000001,0.029190175,0.00010615750000000142,1.6425000000000467e-05,0.00010742064713662043
0.00875,0.02625,0.005,6.25e-08,-0.0142995,0.0382385,-0.014321725000000002,0.038280025,2.222500000000245e-05,-4.152500000000059e-05,4.7098580127219946e-05
0.01125,0.02625,0.005,6.25e-08,-0.0221521,0.0456674,-0.0221411,0.04576505,-1.1000000000000593e-05,-9.765000000000468e-05,9.826760656493536e-05
0.01375,0.02625,0.005,6.25e-08,-0.0309723,0.051535,-0.030950349999999998,0.051677475,-2.1950000000003217e-05,-0.00014247500000000302,0.0001441559160249797
0.01625,0.02625,0.005,6.25e-08,-0.0404951,0.0559214,-0.040474775000000004,0.0560922,-2.0324999999994653e-05,-0.00017079999999999873,0.00017200507441642339
0.01875,0.02625,0.005,6.25e-08,-0.0504889,0.0589226,-0.050480575,0.0591022,-8.325000000003469e-06,-0.00017960000000000198,0.0001797928408613668
0.02125,0.02625,0.005,6.25e-08,-0.0607542,0.0606328,-0.060765475000000006,0.0608002,1.1275000000005031e-05,-0.0001673999999999981,0.00016777927650636558
0.02375,0.02625,0.005,6.25e-08,-0.0711147,0.061133,-0.071150325,0.061267249999999995,3.5624999999997464e-05,-0.00013424999999999548,0.00013889637549266217
0.02625,0.02625,0.005,6.25e-08,-0.0814099,0.0604861,-0.08147172500000001,0.06056665,6.182500000001534e-05,-8.054999999999868e-05,0.00010154128778483009
0.02875,0.02625,0.005,6.25e-08,-0.091489,0.0587358,-0.091576275,0.058743750000000004,8.727499999999777e-05,-7.950000000006563e-06,8.763634020769989e-05
0.03125,0.02625,0.005,6.25e-08,-0.101207,0.055911,-0.101315875,0.05582912500000001,0.00010887499999999439,8.187499999999515e-05,0.00013622511240589228
0.03375,0.02625,0.005,6.25e-08,-0.11042,0.0520311,-0.11054625,0.051844749999999995,0.00012624999999999442,0.0001863500000000018,0.00022508972655365517
0.03625,0.02625,0.005,6.25e-08,-0.118987,0.047114,-0.11912125000000001,0.0468119,0.0001342500000000163,0.00030210000000000653,0.0003305865582566967
0.03875,0.02625,0.005,6.25e-08,-0.126766,0.0411846,-0.12689650000000002,0.040759624999999994,0.00013050000000003337,0.000424975000000008,0.00044456045778388284
0.04125,0.02625,0.005,6.25e-08,-0.133614,0.0342828,-0.13372625,0.033732975,0.00011224999999998042,0.0005498250000000038,0.0005611662793905206
0.04375,0.02625,0.005,6.25e-08,-0.13939,0.0264709,-0.13946799999999998,0.0258007,7.799999999999474e-05,0.0006701999999999993,0.0006747236767744246
0.04625,0.02625,0.005,6.25e-08,-0.143957,0.0178404,-0.14398075,0.01706145,2.3749999999989058e-05,0.0007789500000000005,0.0007793119818147288
0.04875,0.02625,0.005,6.25e-08,-0.147183,0.00851704,-0.14713175,0.0076490025,-5.125000000000268e-05,0.0008680375000000001,0.0008695491152926614
0.05125,0.02625,0.005,6.25e-08,-0.148945,-0.00133598,-0.14879775,-0.0022646297500000002,-0.00014724999999998767,0.0009286497500000002,0.0009402515199004249
0.05375,0.02625,0.005,6.25e-08,-0.149138,-0.0115157,-0.1488725,-0.01246785,-0.00026550000000000185,0.0009521500000000006,0.0009884735062205775
0.05625,0.02625,0.005,6.25e-08,-0.147675,-0.0217801,-0.14727375,-0.0227105,-0.0004012499999999919,0.0009304000000000014,0.0010132352749978634
0.05875,0.02625,0.005,6.25e-08,-0.144498,-0.0318505,-0.14394825,-0.032707649999999984,-0.0005497499999999877,0.0008571499999999871,0.0010182981807898728
0.06125,0.02625,0.005,6.25e-08,-0.139588,-0.041418,-0.13888325,-0.042146675,-0.0007047499999999762,0.0007286749999999981,0.0010137257114846026
0.06375,0.02625,0.005,6.25e-08,-0.132968,-0.0501526,-0.13211374999999997,-0.05069780000000002,-0.0008542500000000286,0.0005452000000000234,0.0010134032279897644
0.06625,0.02625,0.005,6.25e-08,-0.124716,-0.0577162,-0.12373024999999997,-0.058028700000000016,-0.0009857500000000213,0.00031250000000001416,0.0010340983089146074
0.06875,0.02625,0.005,6.25e-08,-0.114974,-0.0637807,-0.11388774999999998,-0.06382250000000002,-0.0010862500000000247,4.1800000000022375e-05,0.0010870539556526418
0.07125,0.02625,0.005,6.25e-08,-0.103947,-0.0680485,-0.10280565000000003,-0.06779917499999999,-0.0011413499999999716,-0.00024932500000000857,0.0011682648578661174
0.07375,0.02625,0.005,6.25e-08,-0.0919113,-0.0702769,-0.09076940000000003,-0.06973835,-0.0011418999999999735,-0.0005385499999999988,0.0012625259254763594
0.07625,0.02625,0.005,6.25e-08,-0.0792056,-0.0703024,-0.07812410000000003,-0.06950215,-0.0010814999999999714,-0.0008002500000000023,0.0013453781299322292
0.07875,0.02625,0.005,6.25e-08,-0.0662228,-0.0680649,-0.06526162499999996,-0.06705584999999999,-0.0009611750000000363,-0.0010090500000000113,0.0013935706954170258
0.08125,0.02625,0.005,6.25e-08,-0.0533929,-0.0636263,-0.05260307499999997,-0.062483099999999986,-0.0007898250000000287,-0.0011432000000000109,0.0013895070243165632
0.08375,0.02625,0.005,6.25e-08,-0.041159,-0.0571828,-0.04057609999999997,-0.05599479999999998,-0.000582900000000032,-0.0011880000000000224,0.0013232975515733755
0.08625,0.02625,0.005,6.25e-08,-0.0299506,-0.0490671,-0.02958895000000003,-0.047928925000000025,-0.00036164999999997033,-0.0011381749999999774,0.0011942499960749119
0.08875,0.02625,0.005,6.25e-08,-0.0201551,-0.0397396,-0.020004925000000028,-0.03874162500000002,-0.00015017499999997116,-0.0009979749999999774,0.001009210895328596
0.09125,0.02625,0.005,6.25e-08,-0.0120854,-0.0297708,-0.01211872500000002,-0.02899072500000003,3.33250000000198e-05,-0.0007800749999999704,0.0007807865017083448
0.09375,0.02625,0.005,6.25e-08,-0.00595107,-0.0198127,-0.0061385549999999995,-0.019312375,0.0001874849999999994,-0.0005003249999999994,0.0005342992895840301
0.09625,0.02625,0.005,6.25e-08,-0.00192212,-0.0105658,-0.0021745724999999915,-0.010394709999999977,0.0002524524999999915,-0.00017109000000002303,0.0003049656584867444
0.09875,0.02625,0.005,6.25e-08,-0.000228743,-0.00277367,-0.0002346487499999974,-0.002948882499999982,5.905749999997388e-06,0.00017521249999998163,0.00017531200198305316
0.00125,0.02875,0.005,6.25e-08,-0.000492944,0.0080874,-0.0003873055,0.0079328975,-0.00010563850000000003,0.00015450250000000054,0.0001871644068419532
0.00375,0.02875,0.005,6.25e-08,-0.00306476,0.0225881,-0.0032448449999999997,0.022489375,0.00018008499999999953,9.87250000000009e-05,0.00020537096398955723
0.00625,0.02875,0.005,6.25e-08,-0.00829985,0.0351561,-0.008407330000000001,0.0351248,0.00010748000000000181,3.1300000000004935e-05,0.00011194480961617068
0.00875,0.02875,0.005,6.25e-08,-0.0153664,0.0457158,-0.015381725000000002,0.04575997500000001,1.5325000000001796e-05,-4.41750000000074e-05,4.6757740000995654e-05
0.01125,0.02875,0.005,6.25e-08,-0.0237699,0.0543075,-0.023748975,0.05442105,-2.0925000000001498e-05,-0.00011354999999999699,0.00011546193366213549
0.01375,0.02875,0.005,6.25e-08,-0.0331894,0.061031,-0.033157575,0.061199525000000005,-3.1824999999999215e-05,-0.0001685250000000027,0.00017150366249733812
0.01625,0.02875,0.005,6.25e-08,-0.0433417,0.0660148,-0.04331405,0.06621955,-2.764999999999712e-05,-0.00020475000000000354,0.00020660853080161354
0.01875,0.02875,0.005,6.25e-08,-0.0539825,0.0693935,-0.053971849999999995,0.069613075,-1.0650000000007875e-05,-0.00021957499999999963,0.00021983312563169364
0.02125,0.02875,0.005,6.25e-08,-0.064905,0.0712904,-0.064921425,0.0715023,1.6425000000000467e-05,-0.00021190000000000098,0.0002125356220142883
0.02375,0.02875,0.005,6.25e-08,-0.0759293,0.0718072,-0.075979925,0.07198915,5.062499999999859e-05,-0.00018195000000000017,0.00018886157132937318
0.02625,0.02875,0.005,6.25e-08,-0.0868939,0.0710206,-0.08698337499999999,0.071150825,8.947499999999164e-05,-0.0001302249999999977,0.00015800103243332906
0.02875,0.02875,0.005,6.25e-08,-0.0976489,0.068983,-0.097779475,0.06904085,0.00013057500000000777,-5.784999999999818e-05,0.00014281615148505373
0.03125,0.02875,0.005,6.25e-08,-0.108051,0.0657272,-0.1082225,0.06569370000000001,0.00017150000000000498,3.349999999999187e-05,0.00017474123726241944
0.03375,0.02875,0.005,6.25e-08,-0.117959,0.0612742,-0.11816825,0.061132375,0.00020925000000000804,0.0001418249999999982,0.00025278428179972514
0.03625,0.02875,0.005,6.25e-08,-0.127232,0.0556414,-0.12747325,0.0553776,0.0002412499999999984,0.00026380000000000153,0.0003574800728712022
0.03875,0.02875,0.005,6.25e-08,-0.135728,0.048853,-0.13599175,0.048457175000000005,0.00026375000000000703,0.0003958249999999955,0.0004756484974484837
0.04125,0.02875,0.005,6.25e-08,-0.143301,0.0409481,-0.1435755,0.040415275,0.0002744999999999831,0.0005328250000000007,0.0005993769520301823
0.04375,0.02875,0.005,6.25e-08,-0.149805,0.0319898,-0.150074,0.031320975,0.0002690000000000192,0.0006688249999999979,0.0007208938067600578
0.04625,0.02875,0.005,6.25e-08,-0.155093,0.0220723,-0.155337,0.021275875,0.00024399999999999422,0.0007964249999999999,0.0008329638531322935
0.04875,0.02875,0.005,6.25e-08,-0.15902,0.011327,-0.1592155,0.010420005,0.0001955000000000151,0.0009069950000000007,0.0009278255116265166
0.05125,0.02875,0.005,6.25e-08,-0.161444,-7.22929e-05,-0.16156625,-0.001063631,0.00012224999999999042,0.0009913381,0.0009988474813561916
0.05375,0.02875,0.005,6.25e-08,-0.162237,-0.0119068,-0.16225875,-0.012946125,2.1750000000014813e-05,0.001039324999999999,0.00103955255669206
0.05625,0.02875,0.005,6.25e-08,-0.161286,-0.0239114,-0.16118,-0.0249525,-0.00010600000000002274,0.0010410999999999997,0.0010464823027648408
0.05875,0.02875,0.005,6.25e-08,-0.1585,-0.0357762,-0.15824425,-0.03676404999999998,-0.00025574999999999903,0.0009878499999999776,0.0010204193672211223
0.06125,0.02875,0.005,6.25e-08,-0.153826,-0.0471515,-0.15340399999999998,-0.048024475000000004,-0.0004220000000000057,0.000872975000000005,0.0009696233034663582
0.06375,0.02875,0.005,6.25e-08,-0.147255,-0.0576564,-0.14665999999999996,-0.05835050000000003,-0.0005950000000000399,0.0006941000000000308,0.0009142208759375877
0.06625,0.02875,0.005,6.25e-08,-0.138835,-0.0668926,-0.13807424999999995,-0.06734682500000003,-0.0007607500000000322,0.0004542250000000303,0.0008860366319318161
0.06875,0.02875,0.005,6.25e-08,-0.128682,-0.0744635,-0.12777824999999998,-0.07462690000000002,-0.0009037500000000087,0.00016340000000002186,0.0009184027561478803
0.07125,0.02875,0.005,6.25e-08,-0.116987,-0.0799982,-0.11598150000000004,-0.07983744999999998,-0.0010054999999999509,-0.00016075000000002893,0.001018268536536365
0.07375,0.02875,0.005,6.25e-08,-0.104027,-0.0831802,-0.10297427500000003,-0.08268667499999999,-0.0010527249999999627,-0.0004935250000000085,0.0011626679883999257
0.07625,0.02875,0.005,6.25e-08,-0.090157,-0.0837787,-0.08912332500000003,-0.082973775,-0.00103367499999997,-0.000804924999999998,0.0013101100187579418
0.07875,0.02875,0.005,6.25e-08,-0.0758069,-0.0816796,-0.07486152499999996,-0.0806161,-0.0009453750000000399,-0.0010635000000000089,0.001422942774894723
0.08125,0.02875,0.005,6.25e-08,-0.0614623,-0.0769117,-0.06066852499999996,-0.07567112499999999,-0.0007937750000000382,-0.0012405750000000076,0.0014727881997252965
0.08375,0.02875,0.005,6.25e-08,-0.047639,-0.0696656,-0.047045074999999964,-0.06835014999999998,-0.0005939250000000368,-0.0013154500000000097,0.0014433141058428928
0.08625,0.02875,0.005,6.25e-08,-0.0348508,-0.0602993,-0.03448202500000003,-0.059020575000000026,-0.000368774999999974,-0.0012787249999999736,0.00133083906850149
0.08875,0.02875,0.005,6.25e-08,-0.0235743,-0.0493303,-0.02342802500000003,-0.04819652500000003,-0.00014627499999997004,-0.0011337749999999688,0.0011431719583028272
0.09125,0.02875,0.005,6.25e-08,-0.0142074,-0.0374128,-0.014259500000000022,-0.03651777500000004,5.210000000002192e-05,-0.000895024999999966,0.0008965401054191281
0.09375,0.02875,0.005,6.25e-08,-0.0070319,-0.0253026,-0.007255517499999999,-0.0247207,0.00022361749999999948,-0.0005818999999999998,0.0006233878377914101
0.09625,0.02875,0.005,6.25e-08,-0.00228506,-0.0138137,-0.0025812824999999905,-0.013603074999999971,0.00029622249999999026,-0.0002106250000000285,0.0003634703015808255
0.09875,0.02875,0.005,6.25e-08,-0.000275659,-0.00380728,-0.0002797129999999969,-0.003987934999999976,4.053999999996936e-06,0.0001806549999999762,0.00018070048129706622
0.00125,0.03125,0.005,6.25e-08,-0.000525012,0.00972051,-0.00041148175000000004,0.00949482,-0.00011353025000000001,0.0002256900000000006,0.0002526362875064918
0.00375,0.03125,0.005,6.25e-08,-0.0032565,0.0268513,-0.0034440024999999996,0.026710075,0.00018750249999999972,0.00014122500000000177,0.00023473748769902602
0.00625,0.03125,0.005,6.25e-08,-0.00880755,0.0415004,-0.00891519,0.041451425,0.00010763999999999913,4.897499999999971e-05,0.00011825785481311499
0.00875,0.03125,0.005,6.25e-08,-0.0162891,0.0536746,-0.016296425000000003,0.053720175,7.3250000000024684e-06,-4.557499999999909e-05,4.6159898721725474e-05
0.01125,0.03125,0.005,6.25e-08,-0.0251727,0.063488,-0.025139925,0.06361787499999999,-3.277499999999878e-05,-0.00012987499999998764,0.0001339466918217718
0.01375,0.03125,0.005,6.25e-08,-0.0351169,0.0711058,-0.035072325,0.071302325,-4.457499999999809e-05,-0.00019652500000000295,0.00020151676419097493
0.01625,0.03125,0.005,6.25e-08,-0.0458232,0.0767113,-0.04578430000000001,0.076953375,-3.8899999999994495e-05,-0.00024207500000000826,0.0002451805775851822
0.01875,0.03125,0.005,6.25e-08,-0.0570371,0.0804827,-0.057019249999999994,0.080747325,-1.785000000000675e-05,-0.00026462499999999056,0.00026522634319576036
0.02125,0.03125,0.005,6.25e-08,-0.0685458,0.0825767,-0.068561825,0.08284037500000001,1.6025000000002843e-05,-0.0002636750000000049,0.0002641615154597707
0.02375,0.03125,0.005,6.25e-08,-0.0801679,0.0831194,-0.080227625,0.083358475,5.9724999999996586e-05,-0.00023907500000000526,0.0002464222620827958
0.02625,0.03125,0.005,6.25e-08,-0.0917424,0.0822034,-0.09185357499999999,0.08239515,0.00011117499999999114,-0.00019175000000000442,0.0002216482418721153
0.02875,0.03125,0.005,6.25e-08,-0.103122,0.0798908,-0.10329025,0.08001335000000001,0.0001682499999999948,-0.00012255000000001293,0.00020815034230094702
0.03125,0.03125,0.005,6.25e-08,-0.114168,0.0762193,-0.1143955,0.076251925,0.0002274999999999916,-3.2624999999994464e-05,0.00022982741486819152
0.03375,0.03125,0.005,6.25e-08,-0.124742,0.0712108,-0.12503,0.07113472500000001,0.0002879999999999966,7.60749999999949e-05,0.00029787817245477595
0.03625,0.03125,0.005,6.25e-08,-0.134708,0.0648816,-0.13505325,0.06468035,0.00034525000000001915,0.00020125000000000004,0.00039962372927544385
0.03875,0.03125,0.005,6.25e-08,-0.143923,0.0572528,-0.1443205,0.056913225,0.0003974999999999951,0.0003395750000000017,0.000522797695695952
0.04125,0.03125,0.005,6.25e-08,-0.152243,0.0483601,-0.1526825,0.047873700000000005,0.00043950000000000933,0.00048639999999999795,0.0006555495480892395
0.04375,0.03125,0.005,6.25e-08,-0.159517,0.0382637,-0.1599845,0.03762735,0.0004675000000000096,0.0006363500000000008,0.0007896186247170275
0.04625,0.03125,0.005,6.25e-08,-0.16559,0.0270562,-0.16606675,0.026273925,0.00047675000000002576,0.0007822749999999989,0.000916103017201135
0.04875,0.03125,0.005,6.25e-08,-0.170304,0.0148703,-0.17076524999999998,0.013954525,0.00046124999999996863,0.0009157749999999989,0.001025375742411029
0.05125,0.03125,0.005,6.25e-08,-0.173501,0.00188457,-0.17391775,0.0008576387499999999,0.00041675000000002127,0.00102693125,0.0011082726896962589
0.05375,0.03125,0.005,6.25e-08,-0.175026,-0.0116713,-0.1753665,-0.012776049999999999,0.00034050000000002134,0.001104749999999998,0.0011560332229222524
0.05625,0.03125,0.005,6.25e-08,-0.174735,-0.0255141,-0.174966,-0.026651499999999998,0.00023100000000000898,0.0011373999999999967,0.0011606204202925248
0.05875,0.03125,0.005,6.25e-08,-0.172506,-0.0393062,-0.1725935,-0.04041979999999998,8.750000000001812e-05,0.0011135999999999785,0.0011170323227194258
0.06125,0.03125,0.005,6.25e-08,-0.168244,-0.0526589,-0.16815950000000002,-0.053682524999999995,-8.449999999998736e-05,0.0010236249999999933,0.0010271068058507762
0.06375,0.03125,0.005,6.25e-08,-0.161901,-0.0651401,-0.16162349999999998,-0.06600122500000002,-0.00027750000000001385,0.0008611250000000181,0.0009047333947771791
0.06625,0.03125,0.005,6.25e-08,-0.153483,-0.0762872,-0.15300724999999996,-0.07691267500000003,-0.0004757500000000525,0.0006254750000000281,0.0007858479739269454
0.06875,0.03125,0.005,6.25e-08,-0.143071,-0.0856269,-0.14240824999999996,-0.08595085000000002,-0.0006627500000000452,0.0003239500000000173,0.0007376863595052244
0.07125,0.03125,0.005,6.25e-08,-0.130833,-0.0927028,-0.13001550000000003,-0.09267562499999998,-0.000817499999999971,-2.7175000000018157e-05,0.0008179515454016538
0.07375,0.03125,0.005,6.25e-08,-0.117034,-0.097108,-0.11611325000000003,-0.09670625,-0.0009207499999999702,-0.00040175000000000627,0.0010045813182614687
0.07625,0.03125,0.005,6.25e-08,-0.102038,-0.0985244,-0.10108385000000004,-0.09775865,-0.0009541499999999592,-0.0007657499999999956,0.0012234276786961768
0.07875,0.03125,0.005,6.25e-08,-0.0863068,-0.0967624,-0.08539804999999995,-0.09568137499999999,-0.0009087500000000553,-0.0010810250000000132,0.0014122470085382122
0.08125,0.03125,0.005,6.25e-08,-0.0703835,-0.0917973,-0.06959677499999994,-0.09048669999999998,-0.0007867250000000575,-0.0013106000000000229,0.0015285969336699425
0.08375,0.03125,0.005,6.25e-08,-0.0548624,-0.0837974,-0.05426142499999996,-0.08237159999999998,-0.0006009750000000383,-0.0014258000000000187,0.0015472803852647713
0.08625,0.03125,0.005,6.25e-08,-0.0403539,-0.0731358,-0.039978100000000044,-0.07172467500000003,-0.00037579999999995395,-0.0014111249999999714,0.0014603079831408457
0.08875,0.03125,0.005,6.25e-08,-0.02744,-0.0603848,-0.027296800000000038,-0.05911732500000004,-0.00014319999999996141,-0.0012674749999999624,0.0012755387550462329
0.09125,0.03125,0.005,6.25e-08,-0.0166215,-0.0462901,-0.016692500000000027,-0.045278975000000034,7.10000000000259e-05,-0.001011124999999967,0.0010136147027470235
0.09375,0.03125,0.005,6.25e-08,-0.00826919,-0.0317258,-0.0085316275,-0.031060300000000002,0.0002624375000000005,-0.000665499999999996,0.0007153766080927198
0.09625,0.03125,0.005,6.25e-08,-0.00270406,-0.0176396,-0.0030484424999999886,-0.017388499999999963,0.00034438249999998874,-0.0002511000000000353,0.00042620478212504844
0.09875,0.03125,0.005,6.25e-08,-0.000330956,-0.0050342,-0.0003318077499999963,-0.005221322499999969,8.517499999963077e-07,0.00018712249999996902,0.00018712443850096356
0.00125,0.03375,0.005,6.25e-08,-0.000551181,0.0114447,-0.00043126375,0.01114227,-0.00011991724999999996,0.0003024300000000011,0.00032533682814517507
0.00375,0.03375,0.005,6.25e-08,-0.00341408,0.0313454,-0.0036074099999999997,0.0311571,0.0001933299999999998,0.00018830000000000235,0.00026987659939313154
0.00625,0.03375,0.005,6.25e-08,-0.00922668,0.0481803,-0.009333200000000002,0.048109925,0.00010652000000000231,7.037500000000446e-05,0.00012766812846204458
0.00875,0.03375,0.005,6.25e-08,-0.0170537,0.0620445,-0.017051825000000003,0.06208905000000001,-1.8749999999984057e-06,-4.455000000000431e-05,4.458943961298884e-05
0.01125,0.03375,0.005,6.25e-08,-0.0263393,0.0731324,-0.026292725,0.07327729999999999,-4.657500000000009e-05,-0.00014489999999998948,0.0001522013161079659
0.01375,0.03375,0.005,6.25e-08,-0.0367254,0.0816801,-0.0366648,0.08190485,-6.060000000000093e-05,-0.0002247499999999958,0.0002327765505801609
0.01625,0.03375,0.005,6.25e-08,-0.0479009,0.0879312,-0.047846099999999996,0.088212475,-5.480000000000762e-05,-0.0002812749999999975,0.00028656354552699027
0.01875,0.03375,0.005,6.25e-08,-0.0596031,0.0921123,-0.059572150000000004,0.0924258,-3.094999999999487e-05,-0.0003135000000000082,0.000315024050669159
0.02125,0.03375,0.005,6.25e-08,-0.0716155,0.0944177,-0.0716239,0.09473875000000001,8.400000000005625e-06,-0.00032105000000001715,0.00032115987062522475
0.02375,0.03375,0.005,6.25e-08,-0.083756,0.0950005,-0.0838167,0.0953049,6.069999999999687e-05,-0.00030439999999999634,0.0003103930572677124
0.02625,0.03375,0.005,6.25e-08,-0.0958665,0.0939721,-0.095990075,0.09423625,0.00012357500000000077,-0.0002641499999999908,0.0002916264787789259
0.02875,0.03375,0.005,6.25e-08,-0.107804,0.0914057,-0.10799924999999999,0.091606775,0.00019524999999999404,-0.000201074999999995,0.0002802743622327873
0.03125,0.03375,0.005,6.25e-08,-0.119435,0.0873446,-0.11970800000000001,0.087460475,0.00027300000000000935,-0.0001158750000000014,0.0002965737945689157
0.03375,0.03375,0.005,6.25e-08,-0.130628,0.0818114,-0.13098375,0.081821425,0.0003557500000000158,-1.0024999999996842e-05,0.000355891223725749
0.03625,0.03375,0.005,6.25e-08,-0.14125,0.07482,-0.14169025,0.0747054,0.00044025000000000314,0.00011459999999999249,0.0004549211167883956
0.03875,0.03375,0.005,6.25e-08,-0.151166,0.0663868,-0.151688,0.06613122499999999,0.0005219999999999947,0.0002555750000000079,0.0005812078635264654
0.04125,0.03375,0.005,6.25e-08,-0.160232,0.0565412,-0.16082875,0.056132125,0.0005967499999999792,0.0004090750000000018,0.0007235004617310045
0.04375,0.03375,0.005,6.25e-08,-0.168296,0.0453367,-0.168956,0.04476635,0.0006599999999999939,0.0005703499999999972,0.0008722953183985277
0.04625,0.03375,0.005,6.25e-08,-0.175197,0.0328596,-0.17590375,0.032126575,0.000706750000000006,0.0007330250000000052,0.0010182441814835066
0.04875,0.03375,0.005,6.25e-08,-0.180766,0.0192383,-0.181496,0.0183491,0.0007299999999999807,0.0008891999999999997,0.0011504680091162774
0.05125,0.03375,0.005,6.25e-08,-0.184828,0.00465033,-0.1855505,0.0036214625,0.0007225000000000148,0.0010288675000000003,0.0012572090448912114
0.05375,0.03375,0.005,6.25e-08,-0.187205,-0.0106703,-0.18788425,-0.011810689999999999,0.0006792499999999924,0.001140389999999998,0.0013273544796323193
0.05625,0.03375,0.005,6.25e-08,-0.187723,-0.0264282,-0.18831825,-0.027638875,0.0005952499999999916,0.0012106750000000013,0.00134909470317135
0.05875,0.03375,0.005,6.25e-08,-0.186221,-0.0422637,-0.18668925,-0.04348949999999998,0.0004682500000000034,0.0012257999999999783,0.001312190421585202
0.06125,0.03375,0.005,6.25e-08,-0.182562,-0.0577533,-0.18286125000000003,-0.058925725000000005,0.00029925000000002866,0.0011724250000000047,0.0012100127863477427
0.06375,0.03375,0.005,6.25e-08,-0.176647,-0.072415,-0.17674299999999998,-0.07345477500000004,9.599999999998499e-05,0.0010397750000000483,0.0010441973236055997
0.06625,0.03375,0.005,6.25e-08,-0.168436,-0.0857197,-0.16830549999999997,-0.08654217500000003,-0.00013050000000003337,0.0008224750000000308,0.0008327636973506107
0.06875,0.03375,0.005,6.25e-08,-0.157962,-0.0971113,-0.15760049999999998,-0.09763415000000002,-0.0003615000000000146,0.0005228500000000191,0.0006356527137518021
0.07125,0.03375,0.005,6.25e-08,-0.145353,-0.106035,-0.14478125000000003,-0.10618999999999998,-0.000571749999999982,0.0001549999999999746,0.000592387594822825
0.07375,0.03375,0.005,6.25e-08,-0.130851,-0.111977,-0.13011250000000005,-0.11171999999999999,-0.0007384999999999475,-0.0002570000000000072,0.0007819406946821006
0.07625,0.03375,0.005,6.25e-08,-0.114816,-0.114508,-0.11398100000000005,-0.11383399999999999,-0.0008349999999999469,-0.0006740000000000079,0.0010730801461213985
0.07875,0.03375,0.005,6.25e-08,-0.0977337,-0.113337,-0.09688822499999994,-0.11228474999999999,-0.0008454750000000677,-0.0010522500000000046,0.001349836300491702
0.08125,0.03375,0.005,6.25e-08,-0.0801999,-0.10836,-0.07943499999999995,-0.10701524999999998,-0.0007649000000000544,-0.0013447500000000195,0.0015470696728008522
0.08375,0.03375,0.005,6.25e-08,-0.0628922,-0.0996994,-0.06228977499999995,-0.09818707499999997,-0.0006024250000000453,-0.0015123250000000227,0.0016278952012491845
0.08625,0.03375,0.005,6.25e-08,-0.0465288,-0.0877274,-0.04614605000000005,-0.08619635000000003,-0.00038274999999995257,-0.0015310499999999644,0.0015781671853767124
0.08875,0.03375,0.005,6.25e-08,-0.031815,-0.0730656,-0.031673025000000035,-0.07166845000000005,-0.00014197499999996782,-0.0013971499999999443,0.0014043450513049971
0.09125,0.03375,0.005,6.25e-08,-0.0193758,-0.0565568,-0.01946477500000003,-0.05542885000000005,8.897500000003278e-05,-0.001127949999999947,0.0011314538227982997
0.09375,0.03375,0.005,6.25e-08,-0.00969244,-0.0392095,-0.00999579,-0.0384583,0.0003033499999999991,-0.0007512000000000005,0.000810137434328275
0.09625,0.03375,0.005,6.25e-08,-0.00319126,-0.0221286,-0.0035882049999999867,-0.021835749999999952,0.00039694499999998667,-0.00029285000000004585,0.0004932813147941206
0.09875,0.03375,0.005,6.25e-08,-0.000396896,-0.00648604,-0.0003924834999999957,-0.006679769999999961,-4.412500000004315e-06,0.00019372999999996057,0.00019378024423618307
0.00125,0.03625,0.005,6.25e-08,-0.000570883,0.0132414,-0.00044627174999999997,0.012857582499999999,-0.00012461125000000003,0.0003838175000000013,0.0004035391392824413
0.00375,0.03625,0.005,6.25e-08,-0.00353461,0.0360248,-0.0037321524999999996,0.035784575,0.0001975424999999995,0.00024022500000000363,0.0003110162213313826
0.00625,0.03625,0.005,6.25e-08,-0.00955014,0.0551312,-0.0096542175,0.05503497500000001,0.00010407749999999903,9.622499999999146e-05,0.00014174405324826912
0.00875,0.03625,0.005,6.25e-08,-0.0176477,0.0707487,-0.01763525,0.07078835,-1.2449999999997186e-05,-3.9650000000002183e-05,4.155869343470874e-05
0.01125,0.03625,0.005,6.25e-08,-0.0272505,0.0831563,-0.027187749999999997,0.083313475,-6.275000000000377e-05,-0.0001571749999999955,0.0001692381255066336
0.01375,0.03625,0.005,6.25e-08,-0.0379875,0.0926655,-0.0379071,0.09291705,-8.04000000000013e-05,-0.00025155000000000316,0.00026408627851518863
0.01625,0.03625,0.005,6.25e-08,-0.0495378,0.0995846,-0.049461849999999995,0.099905325,-7.595000000000518e-05,-0.0003207250000000078,0.00032959509724054723
0.01875,0.03625,0.005,6.25e-08,-0.0616325,0.104193,-0.061581575,0.10455724999999999,-5.0925000000000276e-05,-0.0003642499999999965,0.0003677926292423456
0.02125,0.03625,0.005,6.25e-08,-0.0740527,0.106726,-0.07404515,0.10710800000000001,-7.549999999995061e-06,-0.00038200000000000733,0.0003820746033172128
0.02375,0.03625,0.005,6.25e-08,-0.0866175,0.107366,-0.08666902500000001,0.10774224999999998,5.152500000001059e-05,-0.00037624999999998077,0.0003797616201316118
0.02625,0.03625,0.005,6.25e-08,-0.0991724,0.106247,-0.099296975,0.10659275,0.00012457500000000177,-0.0003457500000000058,0.00036750781369244983
0.02875,0.03625,0.005,6.25e-08,-0.111581,0.103455,-0.11179025,0.10374649999999999,0.00020924999999999416,-0.0002914999999999862,0.00035882838864837536
0.03125,0.03625,0.005,6.25e-08,-0.123716,0.0990392,-0.12402025000000001,0.09925335,0.0003042500000000059,-0.00021415000000001017,0.0003720595180881789
0.03375,0.03625,0.005,6.25e-08,-0.135455,0.093023,-0.13586275,0.09313795,0.00040775000000001227,-0.00011495000000000255,0.0004236432048316255
0.03625,0.03625,0.005,6.25e-08,-0.146674,0.0854173,-0.14719000000000002,0.0854119,0.0005160000000000164,5.400000000002625e-06,0.0005160282550403776
0.03875,0.03625,0.005,6.25e-08,-0.157243,0.0762318,-0.15786975000000003,0.0760869,0.000626750000000037,0.00014490000000000336,0.0006432818763963798
0.04125,0.03625,0.005,6.25e-08,-0.167024,0.0654873,-0.16775825,0.065186125,0.0007342499999999919,0.00030117500000000075,0.0007936179453143612
0.04375,0.03625,0.005,6.25e-08,-0.175866,0.0532264,-0.17670075000000002,0.052756325,0.000834750000000023,0.00047007500000000035,0.0009580073424170812
0.04625,0.03625,0.005,6.25e-08,-0.183607,0.0395248,-0.18452775,0.0388782,0.000920749999999998,0.0006465999999999972,0.001125109826861357
0.04875,0.03625,0.005,6.25e-08,-0.19007,0.0245004,-0.19105525,0.0236769,0.0009852500000000208,0.0008234999999999978,0.001284083257620018
0.05125,0.03625,0.005,6.25e-08,-0.195066,0.00832333,-0.19608650000000002,0.0073317750000000004,0.0010205000000000353,0.0009915549999999999,0.0014228849454629394
0.05375,0.03625,0.005,6.25e-08,-0.198396,-0.00877553,-0.19941375,-0.0099145,0.0010177500000000117,0.0011389699999999996,0.0015274382879187044
0.05625,0.03625,0.005,6.25e-08,-0.199857,-0.0264965,-0.20082624999999998,-0.027748250000000002,0.0009692499999999771,0.0012517500000000029,0.001583137272948863
0.05875,0.03625,0.005,6.25e-08,-0.199249,-0.0444653,-0.20011925,-0.04577922499999998,0.0008702499999999891,0.0013139249999999797,0.0015759866649578376
0.06125,0.03625,0.005,6.25e-08,-0.19639,-0.0622301,-0.197107,-0.06353875,0.0007169999999999954,0.0013086500000000015,0.0014921976486042315
0.06375,0.03625,0.005,6.25e-08,-0.191127,-0.0792633,-0.19164024999999996,-0.08048365000000005,0.0005132499999999651,0.0012203500000000506,0.0013238880938357621
0.06625,0.03625,0.005,6.25e-08,-0.183361,-0.0949704,-0.183629,-0.09600792500000005,0.00026799999999999047,0.001037525000000053,0.0010715792670750515
0.06875,0.03625,0.005,6.25e-08,-0.173065,-0.108708,-0.17306524999999998,-0.10946450000000003,2.4999999997943334e-07,0.0007565000000000349,0.000756500041308692
0.07125,0.03625,0.005,6.25e-08,-0.160314,-0.119814,-0.16004775000000004,-0.12019899999999997,-0.0002662499999999679,0.0003849999999999687,0.0004680962107301861
0.07375,0.03625,0.005,6.25e-08,-0.145306,-0.127647,-0.14480600000000005,-0.12759325,-0.0004999999999999449,-5.375000000001906e-05,0.0005028807637004492
0.07625,0.03625,0.005,6.25e-08,-0.128382,-0.131645,-0.12771225000000005,-0.13112275,-0.0006697499999999412,-0.0005222500000000019,0.0008492997851170829
0.07875,0.03625,0.005,6.25e-08,-0.110037,-0.131383,-0.10928749999999995,-0.13041574999999997,-0.0007495000000000418,-0.0009672500000000306,0.0012236514260605927
0.08125,0.03625,0.005,6.25e-08,-0.0909091,-0.126645,-0.09018549999999995,-0.12531124999999999,-0.0007236000000000603,-0.0013337500000000224,0.0015173944847995681
0.08375,0.03625,0.005,6.25e-08,-0.0717603,-0.117475,-0.07116432499999994,-0.11590749999999997,-0.0005959750000000541,-0.0015675000000000272,0.001676974194978906
0.08625,0.03625,0.005,6.25e-08,-0.0534256,-0.104221,-0.05303635000000005,-0.10258790000000004,-0.0003892499999999452,-0.0016330999999999568,0.001678848168388022
0.08875,0.03625,0.005,6.25e-08,-0.0367522,-0.0875424,-0.03660885000000004,-0.08602255000000004,-0.0001433499999999588,-0.0015198499999999615,0.0015265953114692416
0.09125,0.03625,0.005,6.25e-08,-0.0225142,-0.0683816,-0.02261912500000003,-0.06713735000000005,0.00010492500000003,-0.0012442499999999468,0.0012486662156576808
0.09375,0.03625,0.005,6.25e-08,-0.0113299,-0.0478983,-0.01167555,-0.047059174999999995,0.00034564999999999943,-0.0008391250000000031,0.0009075266872797762
0.09625,0.03625,0.005,6.25e-08,-0.00375869,-0.0273805,-0.004212444999999985,-0.027043799999999944,0.00045375499999998495,-0.0003367000000000543,0.000565031406228913
0.09875,0.03625,0.005,6.25e-08,-0.000475796,-0.00820074,-0.0004632847499999949,-0.00839989249999995,-1.2511250000005116e-05,0.00019915249999995048,0.0001995451067623381
0.00125,0.03875,0.005,6.25e-08,-0.000583646,0.0150905,-0.00045620299999999997,0.01462165,-0.00012744299999999998,0.0004688499999999998,0.0004858621622939986
0.00375,0.03875,0.005,6.25e-08,-0.00361578,0.0408405,-0.0038159074999999996,0.0405436,0.00020012749999999977,0.0002969000000000027,0.0003580511503350485
0.00625,0.03875,0.005,6.25e-08,-0.00977229,0.0622841,-0.009872530000000001,0.062156775,0.00010024000000000144,0.00012732500000000452,0.00016204849035088674
0.00875,0.03875,0.005,6.25e-08,-0.0180609,0.0797047,-0.018036475000000003,0.07973435,-2.442499999999806e-05,-2.9649999999992183e-05,3.8414881556493726e-05
0.01125,0.03875,0.005,6.25e-08,-0.0278903,0.0934683,-0.027808899999999998,0.09363339999999999,-8.14000000000023e-05,-0.00016509999999998748,0.00018407598974335638
0.01375,0.03875,0.005,6.25e-08,-0.0388799,0.103965,-0.0387759,0.10424025,-0.00010399999999999993,-0.00027525000000000466,0.00029424235334159926
0.01625,0.03875,0.005,6.25e-08,-0.0507014,0.111571,-0.050598825,0.1119295,-0.00010257500000000058,-0.0003584999999999977,0.00037288588150397766
0.01875,0.03875,0.005,6.25e-08,-0.0630814,0.116622,-0.063003325,0.117037,-7.80749999999969e-05,-0.0004149999999999987,0.00042228036376914147
0.02125,0.03875,0.005,6.25e-08,-0.0758001,0.119398,-0.07576732500000001,0.1198435,-3.27749999999849e-05,-0.00044550000000000145,0.0004467039854590513
0.02375,0.03875,0.005,6.25e-08,-0.0886785,0.120115,-0.088709725,0.12056700000000001,3.122500000000972e-05,-0.00045200000000000795,0.00045307725679513846
0.02625,0.03875,0.005,6.25e-08,-0.101567,0.118931,-0.101679275,0.11936375,0.00011227499999999502,-0.0004327500000000095,0.0004470774408589715
0.02875,0.03875,0.005,6.25e-08,-0.114337,0.115944,-0.11454500000000001,0.11633525,0.00020800000000001373,-0.00039124999999999577,0.00044310333162819076
0.03125,0.03875,0.005,6.25e-08,-0.126871,0.111214,-0.127188,0.111539,0.00031699999999998396,-0.00032500000000000584,0.00045399779735147796
0.03375,0.03875,0.005,6.25e-08,-0.139056,0.104765,-0.13949375,0.10500024999999999,0.00043774999999998676,-0.0002352499999999924,0.0004969583735082697
0.03625,0.03875,0.005,6.25e-08,-0.150778,0.0966037,-0.1513465,0.09672689999999999,0.0005684999999999996,-0.00012319999999998998,0.0005816962179694802
0.03875,0.03875,0.005,6.25e-08,-0.161919,0.0867323,-0.16262274999999998,0.0867215,0.0007037499999999752,1.0799999999991372e-05,0.0007038328654588139
0.04125,0.03875,0.005,6.25e-08,-0.172347,0.0751601,-0.1731895,0.074994975,0.000842499999999996,0.0001651249999999882,0.0008585292747629457
0.04375,0.03875,0.005,6.25e-08,-0.181919,0.0619162,-0.182896,0.061578875,0.0009770000000000056,0.00033732499999999943,0.0010335942896635075
0.04625,0.03875,0.005,6.25e-08,-0.190473,0.0470602,-0.19157600000000002,0.046536925,0.0011030000000000206,0.0005232750000000036,0.0012208299331295286
0.04875,0.03875,0.005,6.25e-08,-0.197831,0.0306945,-0.19904125,0.029977149999999998,0.001210249999999996,0.000717350000000002,0.0014068745804086422
0.05125,0.03875,0.005,6.25e-08,-0.203794,0.0129743,-0.2050855,0.012063034999999998,0.001291500000000001,0.0009112650000000014,0.0015806252402846808
0.05375,0.03875,0.005,6.25e-08,-0.208148,-0.00588046,-0.2094825,-0.0069745275,0.0013344999999999885,0.0010940675000000004,0.0017256517448651742
0.05625,0.03875,0.005,6.25e-08,-0.210662,-0.025575,-0.21199325,-0.026826575000000002,0.001331250000000006,0.0012515750000000013,0.001827201834260523
0.05875,0.03875,0.005,6.25e-08,-0.211102,-0.0457299,-0.212373,-0.04709652499999997,0.0012709999999999944,0.0013666249999999755,0.0018663078231162507
0.06125,0.03875,0.005,6.25e-08,-0.209239,-0.0658743,-0.21038600000000002,-0.06729365,0.0011470000000000091,0.0014193499999999998,0.0018248735360292835
0.06375,0.03875,0.005,6.25e-08,-0.204862,-0.0854429,-0.20582024999999998,-0.08683237500000004,0.0009582499999999938,0.0013894750000000428,0.0016878636906234776
0.06625,0.03875,0.005,6.25e-08,-0.197806,-0.103781,-0.19851524999999998,-0.10503925000000006,0.0007092499999999669,0.001258250000000058,0.0014443782832070338
0.06875,0.03875,0.005,6.25e-08,-0.187973,-0.120157,-0.18838749999999999,-0.12117275000000004,0.0004144999999999843,0.0010157500000000375,0.0010970680528117037
0.07125,0.03875,0.005,6.25e-08,-0.175366,-0.133795,-0.17546525000000002,-0.13445399999999996,9.925000000002293e-05,0.0006589999999999652,0.0006664319638942588
0.07375,0.03875,0.005,6.25e-08,-0.16012,-0.143911,-0.15991675000000005,-0.144119,-0.0002032499999999604,0.00020799999999998597,0.00029081706019416754
0.07625,0.03875,0.005,6.25e-08,-0.142534,-0.149782,-0.14208025000000005,-0.14947874999999997,-0.00045374999999994725,-0.00030325000000003266,0.0005457560123351569
0.07875,0.03875,0.005,6.25e-08,-0.123087,-0.150818,-0.12247324999999995,-0.15000049999999998,-0.0006137500000000518,-0.0008175000000000265,0.001022250122279331
0.08125,0.03875,0.005,6.25e-08,-0.102449,-0.146645,-0.10179134999999995,-0.14537925,-0.0006576500000000512,-0.00126575000000001,0.0014264033738743372
0.08375,0.03875,0.005,6.25e-08,-0.0814567,-0.137192,-0.08087819999999994,-0.13561124999999996,-0.0005785000000000651,-0.0015807500000000474,0.0016832803725167788
0.08625,0.03875,0.005,6.25e-08,-0.0610682,-0.122746,-0.06067357500000005,-0.12103625000000004,-0.00039462499999995404,-0.0017097499999999544,0.0017547005308954596
0.08875,0.03875,0.005,6.25e-08,-0.0422904,-0.103984,-0.04214205000000005,-0.10235245000000007,-0.0001483499999999499,-0.0016315499999999261,0.0016382805391628578
0.09125,0.03875,0.005,6.25e-08,-0.0260743,-0.0819434,-0.026191625000000038,-0.08058477500000005,0.00011732500000003615,-0.0013586249999999467,0.0013636814313650618
0.09375,0.03875,0.005,6.25e-08,-0.0132077,-0.0579514,-0.013595874999999999,-0.0570223,0.0003881749999999993,-0.0009291000000000021,0.001006929312625769
0.09625,0.03875,0.005,6.25e-08,-0.0044181,-0.0335083,-0.004932532499999981,-0.03312487499999993,0.0005144324999999811,-0.00038342500000006913,0.0006416038713110166
0.09875,0.03875,0.005,6.25e-08,-0.000570049,-0.0102225,-0.000545736999999994,-0.01042413999999994,-2.4312000000006038e-05,0.00020163999999993874,0.00020310037652347074
0.00125,0.04125,0.005,6.25e-08,-0.000589175,0.0169711,-0.00046087925,0.016414525,-0.00012829575000000004,0.0005565750000000001,0.0005711703161869169
0.00375,0.04125,0.005,6.25e-08,-0.00365624,0.0457415,-0.0038573774999999997,0.045383024999999994,0.00020113749999999984,0.00035847500000000393,0.00041104819611725916
0.00625,0.04125,0.005,6.25e-08,-0.00988984,0.0695668,-0.009984905000000002,0.069402275,9.506500000000181e-05,0.0001645249999999987,0.0001900153410911864
0.00875,0.04125,0.005,6.25e-08,-0.0182871,0.0888255,-0.018249325000000004,0.08883875,-3.777499999999684e-05,-1.3249999999992434e-05,4.0031401736631215e-05
0.01125,0.04125,0.005,6.25e-08,-0.0282484,0.103971,-0.028145925,0.10413825,-0.00010247500000000118,-0.00016725000000000767,0.00019614710837787748
0.01375,0.04125,0.005,6.25e-08,-0.0393863,0.115474,-0.03925475,0.1157675,-0.0001315500000000011,-0.0002935000000000021,0.00032163279139416355
0.01625,0.04125,0.005,6.25e-08,-0.0513671,0.123781,-0.0512324,0.124173,-0.00013470000000000149,-0.00039200000000000346,0.00041449739444296044
0.01875,0.04125,0.005,6.25e-08,-0.0639145,0.129286,-0.06380185000000001,0.12974950000000002,-0.00011264999999999192,-0.0004635000000000056,0.00047699294806108334
0.02125,0.04125,0.005,6.25e-08,-0.0768084,0.132317,-0.07674117500000001,0.13282575,-6.722499999999021e-05,-0.0005087500000000023,0.0005131722548277537
0.02375,0.04125,0.005,6.25e-08,-0.089873,0.133128,-0.0898723,0.13365624999999998,-6.999999999923734e-07,-0.0005282499999999801,0.0005282504637953278
0.02625,0.04125,0.005,6.25e-08,-0.102965,0.131901,-0.10305,0.1324245,8.500000000000174e-05,-0.0005235000000000101,0.0005303557768140277
0.02875,0.04125,0.005,6.25e-08,-0.115964,0.128753,-0.11615249999999999,0.129249,0.00018849999999999423,-0.0004959999999999964,0.0005306112041787228
0.03125,0.04125,0.005,6.25e-08,-0.128763,0.123752,-0.12907174999999999,0.12419525,0.00030874999999999653,-0.00044324999999999226,0.0005401824923116177
0.03375,0.04125,0.005,6.25e-08,-0.141262,0.116925,-0.14170525,0.11729124999999999,0.00044325000000000614,-0.00036624999999998464,0.0005749866302793432
0.03625,0.04125,0.005,6.25e-08,-0.153361,0.108274,-0.153951,0.10854074999999999,0.0005900000000000072,-0.00026674999999999616,0.0006474994691117564
0.03875,0.04125,0.005,6.25e-08,-0.164952,0.0977944,-0.16570000000000001,0.097936525,0.0007480000000000264,-0.00014212499999999295,0.000761382634176166
0.04125,0.04125,0.005,6.25e-08,-0.175919,0.0854812,-0.1768305,0.0854753,0.0009115000000000095,5.899999999989247e-06,0.0009115190946985243
0.04375,0.04125,0.005,6.25e-08,-0.186127,0.0713469,-0.187204,0.07117079999999999,0.0010770000000000224,0.00017610000000001236,0.0010913020709226444
0.04625,0.04125,0.005,6.25e-08,-0.195422,0.0554319,-0.19666075,0.055065699999999995,0.001238749999999983,0.000366200000000004,0.0012917445577589868
0.04875,0.04125,0.005,6.25e-08,-0.20363,0.0378169,-0.20501724999999998,0.037244900000000004,0.0013872499999999788,0.0005719999999999961,0.0015005487537897383
0.05125,0.04125,0.005,6.25e-08,-0.210549,0.0186358,-0.21206325000000004,0.01784875,0.0015142500000000503,0.0007870500000000009,0.0017065757425324415
0.05375,0.04125,0.005,6.25e-08,-0.215954,-0.00191122,-0.21756175,-0.0029130402500000003,0.0016077499999999911,0.0010018202500000004,0.0018943346789334864
0.05625,0.04125,0.005,6.25e-08,-0.219597,-0.0235442,-0.221252,-0.0247472,0.0016550000000000176,0.0012029999999999992,0.002046028836551444
0.05875,0.04125,0.005,6.25e-08,-0.221211,-0.0458901,-0.22285625,-0.04726322499999997,0.0016452500000000148,0.0013731249999999681,0.002142969861693104
0.06125,0.04125,0.005,6.25e-08,-0.220524,-0.068471,-0.22208875,-0.0699617,0.0015647500000000036,0.0014906999999999976,0.002161163818987354
0.06375,0.04125,0.005,6.25e-08,-0.217268,-0.090696,-0.21867575,-0.09222720000000006,0.0014077500000000132,0.0015312000000000658,0.0020799840149626726
0.06625,0.04125,0.005,6.25e-08,-0.211206,-0.111859,-0.21237849999999997,-0.11332900000000004,0.0011724999999999652,0.0014700000000000407,0.0018803340793593138
0.06875,0.04125,0.005,6.25e-08,-0.202159,-0.131148,-0.20302599999999996,-0.13243375000000007,0.0008669999999999511,0.0012857500000000854,0.0015507553199973667
0.07125,0.04125,0.005,6.25e-08,-0.190039,-0.147668,-0.190554,-0.14863599999999993,0.0005149999999999877,0.0009679999999999411,0.001096471157851347
0.07375,0.04125,0.005,6.25e-08,-0.174896,-0.160483,-0.17504675000000003,-0.16100774999999998,0.0001507500000000328,0.0005247499999999905,0.0005459744728464875
0.07625,0.04125,0.005,6.25e-08,-0.156958,-0.168685,-0.15677550000000007,-0.16866975,-0.00018249999999991884,-1.5249999999994435e-05,0.0001831360491546386
0.07875,0.04125,0.005,6.25e-08,-0.136663,-0.171477,-0.13622949999999992,-0.17088474999999997,-0.0004335000000000866,-0.0005922500000000164,0.0007339498024388959
0.08125,0.04125,0.005,6.25e-08,-0.114684,-0.168286,-0.11412224999999994,-0.16715625,-0.0005617500000000553,-0.001129749999999985,0.001261704452318382
0.08375,0.04125,0.005,6.25e-08,-0.091918,-0.158868,-0.09137149999999994,-0.15732649999999998,-0.0005465000000000608,-0.001541500000000029,0.001635507413618219
0.08625,0.04125,0.005,6.25e-08,-0.0694455,-0.143402,-0.06904775000000007,-0.14164900000000005,-0.000397749999999919,-0.001752999999999949,0.0017975578050509968
0.08875,0.04125,0.005,6.25e-08,-0.0484482,-0.122546,-0.04829062500000006,-0.12081900000000007,-0.00015757499999993763,-0.001726999999999937,0.0017341738322973169
0.09125,0.04125,0.005,6.25e-08,-0.0300842,-0.0974235,-0.030208825000000043,-0.09595487500000008,0.00012462500000004484,-0.001468624999999918,0.0014739032469092976
0.09375,0.04125,0.005,6.25e-08,-0.0153487,-0.0695391,-0.01577845,-0.068518625,0.0004297499999999996,-0.0010204750000000068,0.0011072733574528982
0.09625,0.04125,0.005,6.25e-08,-0.0051807,-0.0406369,-0.005759039999999979,-0.04020329999999992,0.0005783399999999793,-0.0004336000000000756,0.0007228320106359718
0.09875,0.04125,0.005,6.25e-08,-0.000682141,-0.0126017,-0.000641331749999993,-0.012800622499999928,-4.080925000000707e-05,0.00019892249999992756,0.00020306539806619998
0.00125,0.04375,0.005,6.25e-08,-0.00058744,0.0188614,-0.0004603065,0.0182159,-0.00012713350000000004,0.0006455000000000002,0.0006579005827799898
0.00375,0.04375,0.005,6.25e-08,-0.00365605,0.0506755,-0.0038566625,0.050250899999999994,0.00020061249999999992,0.00042460000000000414,0.0004696067878089642
0.00625,0.04375,0.005,6.25e-08,-0.00990295,0.0769055,-0.009991472500000001,0.0766971,8.852250000000034e-05,0.00020839999999999748,0.00022642171496181412
0.00875,0.04375,0.005,6.25e-08,-0.0183259,0.0980214,-0.018273300000000003,0.09801080000000001,-5.25999999999964e-05,1.0599999999985621e-05,5.36574319176693e-05
0.01125,0.04375,0.005,6.25e-08,-0.0283222,0.114563,-0.028196275,0.11472475,-0.00012592499999999895,-0.00016175000000000217,0.00020498821460025559
0.01375,0.04375,0.005,6.25e-08,-0.0395,0.127081,-0.039337300000000006,0.12738675,-0.0001626999999999948,-0.0003057499999999935,0.0003463442687558065
0.01625,0.04375,0.005,6.25e-08,-0.0515218,0.136094,-0.051349725,0.136515,-0.0001720750000000007,-0.0004210000000000047,0.0004548085373264273
0.01875,0.04375,0.005,6.25e-08,-0.0641088,0.142058,-0.0639548,0.14256575,-0.00015399999999998748,-0.0005077500000000013,0.000530590296273874
0.02125,0.04375,0.005,6.25e-08,-0.0770419,0.145351,-0.07693132500000001,0.14591925000000003,-0.00011057499999998777,-0.0005682500000000201,0.0005789083633227457
0.02375,0.04375,0.005,6.25e-08,-0.0901489,0.146266,-0.090104875,0.14687,-4.402500000000309e-05,-0.0006039999999999934,0.0006056023452935039
0.02625,0.04375,0.005,6.25e-08,-0.103293,0.145015,-0.1033375,0.14563025,4.450000000000287e-05,-0.0006152499999999839,0.000616857205923689
0.02875,0.04375,0.005,6.25e-08,-0.116364,0.141736,-0.11651600000000001,0.14233774999999999,0.00015200000000001324,-0.0006017499999999842,0.0006206505155882697
0.03125,0.04375,0.005,6.25e-08,-0.129268,0.136506,-0.1295455,0.13707049999999998,0.00027750000000001385,-0.0005644999999999956,0.0006290202699436662
0.03375,0.04375,0.005,6.25e-08,-0.141917,0.129356,-0.14233825,0.12985950000000002,0.0004212500000000119,-0.0005035000000000178,0.0006564783412269044
0.03625,0.04375,0.005,6.25e-08,-0.154228,0.120287,-0.154808,0.12070499999999999,0.0005799999999999972,-0.0004179999999999878,0.0007149293671405494
0.03875,0.04375,0.005,6.25e-08,-0.166111,0.109283,-0.16686275,0.1095895,0.0007517499999999955,-0.0003065000000000012,0.00081183145572218
0.04125,0.04375,0.005,6.25e-08,-0.177462,0.0963269,-0.17839725,0.09649675,0.0009352499999999986,-0.00016985000000001305,0.000950548044551143
0.04375,0.04375,0.005,6.25e-08,-0.188165,0.0814122,-0.18928974999999998,0.08141910000000001,0.00112474999999998,-6.900000000004125e-06,0.0011247711645041205
0.04625,0.04375,0.005,6.25e-08,-0.19808,0.0645565,-0.19939500000000002,0.06437522500000001,0.0013150000000000106,0.00018127499999999463,0.0013274357331430498
0.04875,0.04375,0.005,6.25e-08,-0.207039,0.0458144,-0.2085395,0.045422225,0.001500499999999988,0.00039217500000000155,0.0015509034401357698
0.05125,0.04375,0.005,6.25e-08,-0.21485,0.0252921,-0.21651925,0.024670525000000002,0.0016692499999999832,0.0006215749999999992,0.0017812217838115902
0.05375,0.04375,0.005,6.25e-08,-0.221283,0.00316162,-0.22309525000000002,0.00229972075,0.0018122500000000152,0.00086189925,0.0020067686412864384
0.05625,0.04375,0.005,6.25e-08,-0.226081,-0.0203225,-0.22799599999999998,-0.0214243,0.0019149999999999723,0.0011018,0.0022093411325551093
0.05875,0.04375,0.005,6.25e-08,-0.228955,-0.0448064,-0.2309165,-0.04613137499999997,0.001961500000000005,0.0013249749999999644,0.0023670743546886997
0.06125,0.04375,0.005,6.25e-08,-0.229594,-0.06982,-0.23153175,-0.07132957499999999,0.0019377500000000158,0.0015095749999999991,0.0024563574135546846
0.06375,0.04375,0.005,6.25e-08,-0.227678,-0.0947624,-0.229508,-0.09639087500000007,0.0018299999999999983,0.0016284750000000736,0.002449659328483296
0.06625,0.04375,0.005,6.25e-08,-0.222897,-0.118892,-0.22452575,-0.12054300000000007,0.0016287499999999844,0.001651000000000069,0.002319186832167727
0.06875,0.04375,0.005,6.25e-08,-0.214981,-0.141327,-0.21631725,-0.14287425000000004,0.0013362499999999833,0.0015472500000000278,0.002044393950538898
0.07125,0.04375,0.005,6.25e-08,-0.20374,-0.16106,-0.20470650000000004,-0.16235424999999995,0.0009665000000000368,0.0012942499999999413,0.0016153034738091536
0.07375,0.04375,0.005,6.25e-08,-0.189113,-0.176998,-0.18966575000000002,-0.17788274999999995,0.0005527500000000185,0.000884749999999962,0.0010432234300474434
0.07625,0.04375,0.005,6.25e-08,-0.171225,-0.188025,-0.17136750000000006,-0.18836424999999998,0.00014250000000007312,0.0003392499999999854,0.000367963058607805
0.07875,0.04375,0.005,6.25e-08,-0.150437,-0.193104,-0.15023224999999993,-0.1928145,-0.00020475000000005905,-0.0002894999999999981,0.00035458822950011057
0.08125,0.04375,0.005,6.25e-08,-0.12739,-0.191405,-0.12695949999999995,-0.19048849999999998,-0.00043050000000005584,-0.0009165000000000145,0.001012572219646616
0.08375,0.04375,0.005,6.25e-08,-0.103015,-0.182447,-0.10251864999999993,-0.18100974999999997,-0.000496350000000062,-0.0014372500000000288,0.0015205429573018133
0.08625,0.04375,0.005,6.25e-08,-0.0785021,-0.166236,-0.07810490000000007,-0.16448375000000004,-0.00039719999999993094,-0.0017522499999999552,0.0017967047343678338
0.08875,0.04375,0.005,6.25e-08,-0.0552187,-0.143359,-0.05504670000000006,-0.14156025000000005,-0.00017199999999994303,-0.0017987499999999323,0.0018069547759973787
0.09125,0.04375,0.005,6.25e-08,-0.0345593,-0.114997,-0.03468452500000005,-0.11342650000000008,0.00012522500000004821,-0.0015704999999999192,0.001575484544711486
0.09375,0.04375,0.005,6.25e-08,-0.017771,-0.0828379,-0.01823975,-0.081725575,0.0004687500000000004,-0.0011123250000000112,0.0012070598444671355
0.09625,0.04375,0.005,6.25e-08,-0.00605679,-0.0489014,-0.006701339999999976,-0.0484135499999999,0.0006445499999999755,-0.00048785000000009515,0.0008083577951625514
0.09875,0.04375,0.005,6.25e-08,-0.000814627,-0.0153945,-0.0007514982499999917,-0.015582799999999914,-6.312875000000825e-05,0.00018829999999991388,0.00019860042567056876
0.00125,0.04625,0.005,6.25e-08,-0.000578754,0.0207404,-0.0004547285,0.020005975000000002,-0.0001240255,0.0007344249999999969,0.0007448237410792204
0.00375,0.04625,0.005,6.25e-08,-0.00361712,0.0555918,-0.0038157449999999997,0.055096525,0.00019862499999999958,0.0004952749999999964,0.0005336189804064285
0.00625,0.04625,0.005,6.25e-08,-0.00981626,0.0842274,-0.009896835000000001,0.083968025,8.057500000000113e-05,0.00025937499999999225,0.0002716021377861304
0.00875,0.04625,0.005,6.25e-08,-0.0181844,0.107203,-0.018115450000000005,0.1071605,-6.894999999999471e-05,4.250000000000087e-05,8.099600298779778e-05
0.01125,0.04625,0.005,6.25e-08,-0.0281199,0.125141,-0.027968125,0.1252895,-0.00015177499999999983,-0.00014849999999999586,0.0002123391170392274
0.01375,0.04625,0.005,6.25e-08,-0.0392279,0.13867,-0.039030425,0.13898149999999998,-0.0001974750000000025,-0.00031149999999999234,0.0003688205873117663
0.01625,0.04625,0.005,6.25e-08,-0.0511677,0.148383,-0.050953625,0.148827,-0.00021407500000000107,-0.00044399999999999995,0.0004929138927084532
0.01875,0.04625,0.005,6.25e-08,-0.063659,0.1548,-0.063457525,0.15534725,-0.00020147499999999263,-0.0005472499999999991,0.0005831592733764903
0.02125,0.04625,0.005,6.25e-08,-0.0764837,0.158351,-0.076321925,0.1589755,-0.0001617750000000029,-0.0006245000000000001,0.0006451134788740668
0.02375,0.04625,0.005,6.25e-08,-0.0894739,0.159373,-0.089376525,0.1600485,-9.737499999999677e-05,-0.0006755000000000233,0.000682482337225683
0.02625,0.04625,0.005,6.25e-08,-0.102501,0.15811,-0.1024905,0.15881175,-1.0499999999996623e-05,-0.000701750000000001,0.0007018285492198229
0.02875,0.04625,0.005,6.25e-08,-0.115464,0.154721,-0.11556175,0.155426,9.775000000000755e-05,-0.0007050000000000112,0.0007117443800269991
0.03125,0.04625,0.005,6.25e-08,-0.128283,0.149298,-0.12850875,0.14998275,0.0002257499999999968,-0.0006847500000000117,0.0007210032073437778
0.03375,0.04625,0.005,6.25e-08,-0.140888,0.141878,-0.14126,0.14251825,0.00037199999999998346,-0.0006402500000000089,0.0007404755650931359
0.03625,0.04625,0.005,6.25e-08,-0.153213,0.132459,-0.15374825,0.13303075,0.0005352500000000149,-0.0005717500000000098,0.0007831925848729845
0.03875,0.04625,0.005,6.25e-08,-0.165185,0.12102,-0.1659005,0.12149575,0.0007155000000000078,-0.000475749999999997,0.000859231233429051
0.04125,0.04625,0.005,6.25e-08,-0.176725,0.107527,-0.17763425,0.10788075000000001,0.0009092500000000003,-0.0003537500000000138,0.0009756406228729974
0.04375,0.04625,0.005,6.25e-08,-0.187733,0.0919552,-0.18884774999999998,0.09215785,0.00111474999999997,-0.00020264999999999866,0.001133020116767541
0.04625,0.04625,0.005,6.25e-08,-0.198091,0.0742972,-0.19941699999999998,0.07431975,0.0013259999999999939,-2.2550000000010062e-05,0.001326191729162863
0.04875,0.04625,0.005,6.25e-08,-0.207649,0.0545782,-0.20918799999999999,0.054392075,0.0015389999999999848,0.00018612500000000226,0.0015502140225223593
0.05125,0.04625,0.005,6.25e-08,-0.216227,0.0328712,-0.21797075000000002,0.032449775,0.0017437500000000161,0.00042142500000000305,0.00179395180903085
0.05375,0.04625,0.005,6.25e-08,-0.223606,0.00931255,-0.225537,0.0086341775,0.0019309999999999883,0.0006783724999999997,0.002046692514462347
0.05625,0.04625,0.005,6.25e-08,-0.229528,-0.0158791,-0.23161375,-0.01682745,0.0020857499999999973,0.0009483500000000006,0.0022912269169595555
0.05875,0.04625,0.005,6.25e-08,-0.233692,-0.0423825,-0.2358855,-0.04360017499999996,0.002193499999999987,0.0012176749999999667,0.0025088193748504218
0.06125,0.04625,0.005,6.25e-08,-0.235761,-0.0697522,-0.237996,-0.07121815000000001,0.0022350000000000148,0.0014659500000000075,0.0026728700683909213
0.06375,0.04625,0.005,6.25e-08,-0.23537,-0.0973967,-0.23756,-0.09906260000000008,0.0021899999999999975,0.0016659000000000812,0.0027516036796748655
0.06625,0.04625,0.005,6.25e-08,-0.232139,-0.12456,-0.2341835,-0.12634200000000007,0.002044499999999977,0.0017820000000000613,0.0027121032889623
0.06875,0.04625,0.005,6.25e-08,-0.225706,-0.150309,-0.22749574999999997,-0.15208700000000008,0.0017897499999999789,0.001778000000000085,0.0025227939001234777
0.07125,0.04625,0.005,6.25e-08,-0.215767,-0.173541,-0.21719725000000004,-0.17515674999999994,0.0014302500000000495,0.0016157499999999436,0.0021578376039451995
0.07375,0.04625,0.005,6.25e-08,-0.20213,-0.193006,-0.20311925000000003,-0.19427899999999992,0.0009892500000000248,0.001272999999999913,0.001612186267929307
0.07625,0.04625,0.005,6.25e-08,-0.184782,-0.207373,-0.18529650000000006,-0.20812374999999994,0.0005145000000000566,0.000750749999999939,0.000910129558084983
0.07875,0.04625,0.005,6.25e-08,-0.163965,-0.215328,-0.16403874999999996,-0.21542050000000001,7.37499999999558e-05,9.250000000002312e-05,0.00011830178570079894
0.08125,0.04625,0.005,6.25e-08,-0.140243,-0.215728,-0.13998324999999992,-0.21511024999999998,-0.0002597500000000863,-0.000617750000000028,0.000670138138744602
0.08375,0.04625,0.005,6.25e-08,-0.114539,-0.207779,-0.11411624999999992,-0.20652124999999996,-0.0004227500000000828,-0.0012577500000000297,0.001326895860646247
0.08625,0.04625,0.005,6.25e-08,-0.0881279,-0.191226,-0.08773710000000008,-0.18952875000000005,-0.00039079999999991344,-0.0016972499999999557,0.0017416607598782785
0.08875,0.04625,0.005,6.25e-08,-0.0625612,-0.166509,-0.06236960000000007,-0.1646690000000001,-0.00019159999999993071,-0.0018399999999998973,0.0018499487992913739
0.09125,0.04625,0.005,6.25e-08,-0.0394979,-0.13482,-0.039615550000000055,-0.1331595000000001,0.00011765000000005243,-0.0016604999999998982,0.0016646626602707451
0.09375,0.04625,0.005,6.25e-08,-0.0204858,-0.0980233,-0.02098985,-0.096820825,0.0005040500000000024,-0.0012024749999999945,0.0013038452853482998
0.09625,0.04625,0.005,6.25e-08,-0.00705513,-0.058444,-0.007767159999999971,-0.05789777499999989,0.0007120299999999712,-0.0005462250000001154,0.0008974120968234632
0.09875,0.04625,0.005,6.25e-08,-0.000970057,-0.0186625,-0.0008775704999999902,-0.018829124999999895,-9.248650000000973e-05,0.00016662499999989602,0.00019057188488131493
0.00125,0.04875,0.005,6.25e-08,-0.000563871,0.0225885,-0.00044468700000000003,0.021766475,-0.00011918399999999993,0.0008220250000000005,0.0008306202059190475
0.00375,0.04875,0.005,6.25e-08,-0.00354369,0.0604428,-0.0037389199999999997,0.05987287499999999,0.0001952299999999998,0.0005699250000000058,0.0006024361032715475
0.00625,0.04875,0.005,6.25e-08,-0.00964013,0.091464,-0.00971117,0.09114625,7.103999999999965e-05,0.00031775000000000553,0.00032559444728066765
0.00875,0.04875,0.005,6.25e-08,-0.0178792,0.116284,-0.017792150000000003,0.11620100000000001,-8.704999999999824e-05,8.299999999998586e-05,0.00012027760597882444
0.01125,0.04875,0.005,6.25e-08,-0.0276628,0.135602,-0.027482725,0.13572900000000002,-0.00018007500000000176,-0.000127000000000016,0.00022035427299012082
0.01375,0.04875,0.005,6.25e-08,-0.0385933,0.150125,-0.038357925,0.1504335,-0.000235374999999996,-0.00030849999999998934,0.00038803819480173795
0.01625,0.04875,0.005,6.25e-08,-0.0503267,0.160519,-0.05006675,0.1609775,-0.00025995000000000185,-0.0004585000000000006,0.0005270638030637292
0.01875,0.04875,0.005,6.25e-08,-0.0625815,0.167367,-0.062327725,0.1679475,-0.00025377499999999775,-0.0005805000000000116,0.0006335471573805791
0.02125,0.04875,0.005,6.25e-08,-0.0751409,0.171159,-0.07492185000000001,0.17183274999999998,-0.00021904999999998453,-0.000673749999999973,0.0007084645121669518
0.02375,0.04875,0.005,6.25e-08,-0.0878419,0.172277,-0.087683075,0.17301725,-0.00015882500000000133,-0.0007402499999999979,0.0007570967197954283
0.02625,0.04875,0.005,6.25e-08,-0.100564,0.170999,-0.100488525,0.17178175,-7.54750000000054e-05,-0.0007827499999999987,0.000786380339355581
0.02875,0.04875,0.005,6.25e-08,-0.113219,0.167511,-0.11324825000000001,0.1683135,2.9250000000008436e-05,-0.0008025000000000115,0.000803032883822337
0.03125,0.04875,0.005,6.25e-08,-0.125741,0.161922,-0.12589475,0.16272,0.00015375000000000805,-0.0007979999999999932,0.0008126764808335427
0.03375,0.04875,0.005,6.25e-08,-0.138078,0.154277,-0.13837525,0.1550475,0.0002972499999999989,-0.0007705000000000073,0.0008258497517708718
0.03625,0.04875,0.005,6.25e-08,-0.150183,0.144574,-0.15064275,0.145293,0.000459749999999981,-0.0007189999999999974,0.0008534231438741153
0.03875,0.04875,0.005,6.25e-08,-0.162009,0.132786,-0.16264775,0.1334265,0.0006387500000000212,-0.0006405000000000161,0.0009045671962325672
0.04125,0.04875,0.005,6.25e-08,-0.173497,0.118865,-0.1743325,0.11940124999999999,0.000835499999999989,-0.0005362499999999881,0.0009927861363354994
0.04375,0.04875,0.005,6.25e-08,-0.184576,0.102769,-0.18562175,0.10316937500000001,0.001045750000000012,-0.00040037500000000836,0.0011197737285385076
0.04625,0.04875,0.005,6.25e-08,-0.195151,0.0844625,-0.19641850000000002,0.08469682499999999,0.0012675000000000325,-0.00023432499999999357,0.0012889780663863444
0.04875,0.04875,0.005,6.25e-08,-0.205099,0.0639409,-0.2065955,0.06397595,0.001496499999999984,-3.5050000000008685e-05,0.0014969104022953253
0.05125,0.04875,0.005,6.25e-08,-0.214261,0.0412396,-0.21598799999999999,0.041042524999999996,0.0017269999999999786,0.00019707500000000489,0.0017382081450807115
0.05375,0.04875,0.005,6.25e-08,-0.222439,0.0164531,-0.22438775,0.0159931,0.001948749999999999,0.0004599999999999986,0.002002305312009134
0.05625,0.04875,0.005,6.25e-08,-0.229385,-0.0102453,-0.23153674999999999,-0.010993695,0.00215174999999998,0.0007483949999999989,0.0022781841757252446
0.05875,0.04875,0.005,6.25e-08,-0.234804,-0.0385801,-0.2371205,-0.03963254999999996,0.002316499999999999,0.0010524499999999617,0.0025443708952312583
0.06125,0.04875,0.005,6.25e-08,-0.238343,-0.0681483,-0.24076999999999998,-0.06950325,0.0024269999999999847,0.0013549500000000075,0.00277960761664303
0.06375,0.04875,0.005,6.25e-08,-0.239606,-0.0983899,-0.24206275,-0.10002032500000008,0.00245674999999998,0.0016304250000000742,0.002948543071268443
0.06625,0.04875,0.005,6.25e-08,-0.238154,-0.128559,-0.24054000000000003,-0.13040350000000006,0.002386000000000027,0.0018445000000000544,0.0030158209910404713
0.06875,0.04875,0.005,6.25e-08,-0.233539,-0.157702,-0.23573249999999996,-0.1596537500000001,0.0021934999999999594,0.0019517500000000854,0.002936114832989363
0.07125,0.04875,0.005,6.25e-08,-0.225336,-0.184642,-0.22720800000000002,-0.18654649999999992,0.0018720000000000125,0.0019044999999999201,0.002670487642734889
0.07375,0.04875,0.005,6.25e-08,-0.213203,-0.207992,-0.21463775000000004,-0.20965324999999996,0.0014347500000000402,0.0016612499999999475,0.002195053330787191
0.07625,0.04875,0.005,6.25e-08,-0.196962,-0.226202,-0.19788150000000004,-0.22740374999999996,0.0009195000000000453,0.0012017499999999737,0.0015131699549290622
0.07875,0.04875,0.005,6.25e-08,-0.17669,-0.237662,-0.17708424999999994,-0.23820675000000002,0.0003942499999999294,0.0005447500000000105,0.0006724474886561446
0.08125,0.04875,0.005,6.25e-08,-0.152814,-0.240857,-0.15276499999999993,-0.24062675,-4.900000000007676e-05,-0.0002302499999999874,0.00023540616495750852
0.08375,0.04875,0.005,6.25e-08,-0.126195,-0.234593,-0.12587074999999992,-0.23360274999999997,-0.0003242500000000814,-0.0009902500000000258,0.001041985184635609
0.08625,0.04875,0.005,6.25e-08,-0.0981482,-0.218252,-0.09777195000000007,-0.21667775000000006,-0.00037624999999993913,-0.0015742499999999437,0.001618588003477036
0.08875,0.04875,0.005,6.25e-08,-0.0703945,-0.192018,-0.07017820000000008,-0.1901770000000001,-0.00021629999999991933,-0.0018409999999998983,0.0018536630465107705
0.09125,0.04875,0.005,6.25e-08,-0.0448766,-0.157017,-0.044977700000000065,-0.1552840000000001,0.00010110000000006225,-0.0017329999999999013,0.0017359464882304612
0.09375,0.04875,0.005,6.25e-08,-0.0234952,-0.115262,-0.024029925,-0.113974,0.0005347249999999998,-0.0012879999999999975,0.0013945876901883915
0.09625,0.04875,0.005,6.25e-08,-0.00818189,-0.0694096,-0.008961949999999967,-0.06880229999999987,0.0007800599999999661,-0.00060730000000013,0.0009885883337365988
0.09875,0.04875,0.005,6.25e-08,-0.00115078,-0.0224716,-0.0010207322499999887,-0.022602349999999872,-0.0001300477500000112,0.00013074999999987055,0.00018441252609308176
0.00125,0.05125,0.005,6.25e-08,-0.000544076,0.024389,-0.00043108450000000004,0.023481775000000003,-0.00011299149999999996,0.0009072249999999976,0.0009142342586543373
0.00375,0.05125,0.005,6.25e-08,-0.0034429,0.0651879,-0.0036333375,0.06453965,0.00019043750000000007,0.0006482499999999891,0.0006756437699751519
0.00625,0.05125,0.005,6.25e-08,-0.0093919,0.098555,-0.0094514775,0.09817157500000001,5.957749999999963e-05,0.0003834249999999928,0.00038802604182096393
0.00875,0.05125,0.005,6.25e-08,-0.0174387,0.125186,-0.017331175000000004,0.1250535,-0.0001075249999999972,0.00013249999999997986,0.00017063960743330975
0.01125,0.05125,0.005,6.25e-08,-0.0269884,0.145851,-0.02677725,0.14594725,-0.00021115000000000023,-9.624999999999218e-05,0.00023205254792826256
0.01375,0.05125,0.005,6.25e-08,-0.0376395,0.161331,-0.037363375000000004,0.16162875,-0.0002761249999999951,-0.0002977499999999855,0.0004060789062792953
0.01625,0.05125,0.005,6.25e-08,-0.0490442,0.172366,-0.048735375000000004,0.17283300000000001,-0.0003088249999999987,-0.00046700000000002295,0.0005598766655478872
0.01875,0.05125,0.005,6.25e-08,-0.0609193,0.179608,-0.060610075,0.180214,-0.00030922500000000325,-0.0006060000000000232,0.0006803352854475726
0.02125,0.05125,0.005,6.25e-08,-0.07305,0.183605,-0.07276960000000002,0.18432075,-0.0002803999999999862,-0.000715750000000015,0.0007687146560980959
0.02375,0.05125,0.005,6.25e-08,-0.0852786,0.18479,-0.085052875,0.18558724999999998,-0.00022572499999999607,-0.0007972499999999716,0.0008285887629728954
0.02625,0.05125,0.005,6.25e-08,-0.0974943,0.183479,-0.09734595000000001,0.184334,-0.00014834999999999154,-0.0008549999999999947,0.0008677745804642979
0.02875,0.05125,0.005,6.25e-08,-0.109622,0.17989,-0.1095715,0.18077824999999997,-5.049999999999499e-05,-0.0008882499999999793,0.0008896843892639472
0.03125,0.05125,0.005,6.25e-08,-0.121612,0.174149,-0.12167874999999999,0.17504799999999998,6.674999999999043e-05,-0.0008989999999999831,0.0009014746599322515
0.03375,0.05125,0.005,6.25e-08,-0.133433,0.166311,-0.133635,0.16719925000000002,0.00020200000000000773,-0.0008882500000000348,0.0009109292302369405
0.03625,0.05125,0.005,6.25e-08,-0.14506,0.156381,-0.14541575,0.1572345,0.0003557500000000158,-0.000853500000000007,0.0009246730841221795
0.03875,0.05125,0.005,6.25e-08,-0.15647,0.144324,-0.156997,0.145118,0.0005269999999999997,-0.0007939999999999892,0.000952976914725631
0.04125,0.05125,0.005,6.25e-08,-0.167634,0.130085,-0.16834949999999999,0.1307915,0.00071549999999998,-0.0007064999999999988,0.0010055259817627637
0.04375,0.05125,0.005,6.25e-08,-0.178508,0.113599,-0.17942925,0.1141895,0.0009212500000000123,-0.0005904999999999938,0.0010942539981649668
0.04625,0.05125,0.005,6.25e-08,-0.189028,0.0948093,-0.19017075000000003,0.0952513,0.0011427500000000257,-0.00044199999999999795,0.0012252516323188706
0.04875,0.05125,0.005,6.25e-08,-0.199105,0.073678,-0.20048100000000002,0.07393645,0.001376000000000016,-0.0002584500000000073,0.0014000615709675228
0.05125,0.05125,0.005,6.25e-08,-0.20861,0.0502015,-0.21022924999999998,0.0502395,0.0016192499999999888,-3.799999999999637e-05,0.0016196958240669644
0.05375,0.05125,0.005,6.25e-08,-0.217376,0.0244281,-0.21923974999999998,0.024208125,0.0018637499999999696,0.00021997500000000073,0.0018766867248224694
0.05625,0.05125,0.005,6.25e-08,-0.22518,-0.00352174,-0.22728125,-0.004035571,0.002101249999999999,0.0005138309999999997,0.00216316292938396
0.05875,0.05125,0.005,6.25e-08,-0.231742,-0.0334314,-0.23405875,-0.03426847499999996,0.0023167500000000063,0.000837074999999958,0.0024633361764332855
0.06125,0.05125,0.005,6.25e-08,-0.236717,-0.0649562,-0.2392075,-0.066134775,0.002490499999999979,0.0011785750000000011,0.0027552911426244773
0.06375,0.05125,0.005,6.25e-08,-0.23969,-0.0975908,-0.24228950000000005,-0.0991083500000001,0.00259950000000006,0.0015175500000000897,0.0030100428987807773
0.06625,0.05125,0.005,6.25e-08,-0.240183,-0.13063,-0.24279775,-0.13245200000000007,0.002614749999999999,0.0018220000000000736,0.0031869423531812216
0.06875,0.05125,0.005,6.25e-08,-0.237671,-0.163132,-0.24017874999999997,-0.1651767500000001,0.0025077499999999753,0.002044750000000095,0.0032357089833605656
0.07125,0.05125,0.005,6.25e-08,-0.231614,-0.193882,-0.23387125,-0.19601349999999992,0.002257250000000016,0.002131499999999925,0.0031045885093679893
0.07375,0.05125,0.005,6.25e-08,-0.221515,-0.221388,-0.22337300000000004,-0.2234074999999999,0.001858000000000054,0.0020194999999998964,0.002744183712873426
0.07625,0.05125,0.005,6.25e-08,-0.207002,-0.2439,-0.20833650000000004,-0.24556299999999995,0.001334500000000044,0.0016629999999999423,0.0021322427746389306
0.07875,0.05125,0.005,6.25e-08,-0.18794,-0.259498,-0.18868874999999993,-0.26055000000000006,0.000748749999999937,0.001052000000000053,0.0012912515488858153
0.08125,0.05125,0.005,6.25e-08,-0.164562,-0.266254,-0.16476224999999992,-0.26649675,0.0002002499999999019,0.0002427500000000138,0.0003146865503957349
0.08375,0.05125,0.005,6.25e-08,-0.137589,-0.262483,-0.1373932499999999,-0.26185425,-0.0001957500000000778,-0.0006287500000000112,0.0006585169891506555
0.08625,0.05125,0.005,6.25e-08,-0.108315,-0.247075,-0.10796375000000008,-0.24570350000000007,-0.00035124999999991413,-0.0013714999999999145,0.0014157643915919432
0.08875,0.05125,0.005,6.25e-08,-0.078589,-0.219821,-0.07834367500000007,-0.2180295000000001,-0.0002453249999999352,-0.0017914999999998904,0.0018082191807478913
0.09125,0.05125,0.005,6.25e-08,-0.050645,-0.181662,-0.050720600000000074,-0.17987975000000012,7.560000000007144e-05,-0.0017822499999998742,0.0017838526908070527
0.09375,0.05125,0.005,6.25e-08,-0.0267887,-0.1347,-0.027350275,-0.1333355,0.0005615750000000017,-0.0013644999999999907,0.001475542859636743
0.09625,0.05125,0.005,6.25e-08,-0.00943912,-0.0819409,-0.010288189999999961,-0.08127319999999985,0.0008490699999999605,-0.000667700000000146,0.001080158856326294
0.09875,0.05125,0.005,6.25e-08,-0.00135851,-0.0268905,-0.001181948499999987,-0.02696874999999985,-0.00017656150000001296,7.824999999984927e-05,0.00019312437904684895
0.00125,0.05375,0.005,6.25e-08,-0.000521293,0.0261294,-0.00041525550000000007,0.0251406,-0.00010603749999999997,0.0009888000000000015,0.0009944694019457074
0.00375,0.05375,0.005,6.25e-08,-0.00332532,0.0697969,-0.0035095574999999997,0.06906699999999999,0.0001842374999999996,0.0007299000000000055,0.0007527931099619987
0.00625,0.05375,0.005,6.25e-08,-0.00909735,0.105453,-0.009142980000000002,0.10499675,4.5630000000001364e-05,0.00045625000000000526,0.00045852607275923246
0.00875,0.05375,0.005,6.25e-08,-0.0169049,0.133843,-0.0167739,0.133653,-0.00013099999999999917,0.00018999999999999573,0.00023078344827997993
0.01125,0.05375,0.005,6.25e-08,-0.0261534,0.1558,-0.025907975,0.1558585,-0.0002454250000000005,-5.850000000001687e-05,0.000252300774126839
0.01375,0.05375,0.005,6.25e-08,-0.0364338,0.172179,-0.036114175,0.17245875000000002,-0.00031962500000000393,-0.00027975000000002304,0.00042475899416612173
0.01625,0.05375,0.005,6.25e-08,-0.047393,0.183793,-0.04703335,0.184262,-0.0003596499999999961,-0.0004689999999999972,0.0005910237918222875
0.01875,0.05375,0.005,6.25e-08,-0.0587461,0.191367,-0.0583799,0.19199225,-0.000366200000000004,-0.0006252499999999939,0.0007245964411311963
0.02125,0.05375,0.005,6.25e-08,-0.0702806,0.195512,-0.06993742500000001,0.19626174999999998,-0.00034317499999998724,-0.0007497499999999935,0.0008245569374670141
0.02375,0.05375,0.005,6.25e-08,-0.081846,0.196714,-0.081550925,0.19755925,-0.00029507500000000575,-0.0008452499999999918,0.0008952747165674844
0.02625,0.05375,0.005,6.25e-08,-0.0933425,0.195335,-0.09311692499999999,0.19624899999999998,-0.00022557500000000563,-0.0009139999999999704,0.0009414244954455712
0.02875,0.05375,0.005,6.25e-08,-0.10471,0.191622,-0.10457274999999999,0.19258200000000003,-0.00013725000000000542,-0.0009600000000000442,0.0009697616008587297
0.03125,0.05375,0.005,6.25e-08,-0.115918,0.185726,-0.11588625,0.18670974999999998,-3.174999999999706e-05,-0.0009837499999999777,0.0009842622236985203
0.03375,0.05375,0.005,6.25e-08,-0.126956,0.177716,-0.12704600000000002,0.17870350000000002,9.000000000000674e-05,-0.0009875000000000023,0.0009915927843626162
0.03625,0.05375,0.005,6.25e-08,-0.137824,0.167603,-0.13805299999999998,0.16857125,0.00022899999999997922,-0.0009682500000000038,0.000994961839720498
0.03875,0.05375,0.005,6.25e-08,-0.148527,0.15535,-0.14891125,0.15627625,0.00038425000000000264,-0.0009262500000000173,0.0010027896713668495
0.04125,0.05375,0.005,6.25e-08,-0.159064,0.140893,-0.15962199999999999,0.14175149999999997,0.0005579999999999752,-0.0008584999999999843,0.0010239073444408655
0.04375,0.05375,0.005,6.25e-08,-0.169426,0.124153,-0.17017549999999998,0.1249155,0.0007494999999999863,-0.0007624999999999993,0.0010691849699654304
0.04625,0.05375,0.005,6.25e-08,-0.179585,0.10505,-0.180544,0.10568374999999999,0.0009590000000000154,-0.0006337499999999885,0.0011494868692160057
0.04875,0.05375,0.005,6.25e-08,-0.189487,0.0835134,-0.19067225,0.08398455,0.0011852499999999988,-0.0004711500000000035,0.0012754606559984517
0.05125,0.05375,0.005,6.25e-08,-0.199045,0.0595018,-0.20047225000000002,0.059771624999999995,0.0014272500000000188,-0.0002698249999999944,0.0014525316151895115
0.05375,0.05375,0.005,6.25e-08,-0.208128,0.0330148,-0.20980925,0.033041975,0.0016812499999999952,-2.717500000000428e-05,0.0016814696081478798
0.05625,0.05375,0.005,6.25e-08,-0.216554,0.00411474,-0.218493,0.0038566272500000004,0.0019389999999999963,0.00025811275000000005,0.0019561040850917285
0.05875,0.05375,0.005,6.25e-08,-0.224074,-0.0270489,-0.22626425000000003,-0.027633124999999953,0.0021902500000000324,0.0005842249999999521,0.0022668290436477752
0.06125,0.05375,0.005,6.25e-08,-0.230364,-0.0602057,-0.23278275,-0.061151750000000005,0.0024187499999999973,0.0009460500000000038,0.002597183506223616
0.06375,0.05375,0.005,6.25e-08,-0.235015,-0.0949276,-0.23761675000000002,-0.0962570750000001,0.0026017500000000138,0.0013294750000000938,0.0029217472235163193
0.06625,0.05375,0.005,6.25e-08,-0.237531,-0.130581,-0.24023825000000001,-0.13228950000000012,0.002707250000000022,0.0017085000000001127,0.003201277059628002
0.06875,0.05375,0.005,6.25e-08,-0.237331,-0.166273,-0.24003199999999997,-0.1683140000000001,0.002700999999999981,0.0020410000000000983,0.0033854219825599735
0.07125,0.05375,0.005,6.25e-08,-0.233776,-0.200801,-0.23632375,-0.20306774999999994,0.0025477499999999875,0.0022667499999999285,0.0034101591788360283
0.07375,0.05375,0.005,6.25e-08,-0.226215,-0.232611,-0.22843875000000005,-0.23492199999999994,0.002223750000000052,0.0023109999999999242,0.003207145937200221
0.07625,0.05375,0.005,6.25e-08,-0.21407,-0.25979,-0.21580150000000006,-0.26189024999999994,0.0017315000000000524,0.0021002499999999147,0.0027219739735162463
0.07875,0.05375,0.005,6.25e-08,-0.196956,-0.280125,-0.19807424999999992,-0.28171075000000007,0.0011182499999999318,0.0015857500000000524,0.001940382984103915
0.08125,0.05375,0.005,6.25e-08,-0.174844,-0.291242,-0.17532574999999992,-0.29203125,0.00048174999999991974,0.0007892500000000191,0.0009246613569301752
0.08375,0.05375,0.005,6.25e-08,-0.148232,-0.290887,-0.14819274999999993,-0.29071549999999996,-3.925000000007395e-05,-0.00017150000000004662,0.00017593411408826259
0.08625,0.05375,0.005,6.25e-08,-0.1183,-0.277314,-0.11798625000000008,-0.27623375000000006,-0.00031374999999991826,-0.0010802499999999493,0.001124890716914243
0.08875,0.05375,0.005,6.25e-08,-0.0869609,-0.249743,-0.08668232500000009,-0.2480595000000001,-0.000278574999999906,-0.0016834999999998934,0.0017063927685690035
0.09125,0.05375,0.005,6.25e-08,-0.0567214,-0.208759,-0.056763375000000074,-0.20695750000000013,4.197500000007598e-05,-0.0018014999999998726,0.0018019889429806576
0.09375,0.05375,0.005,6.25e-08,-0.03034,-0.156453,-0.03092795,-0.15502625,0.0005879500000000003,-0.0014267500000000044,0.001543146384825501
0.09625,0.05375,0.005,6.25e-08,-0.0108223,-0.096171,-0.011744674999999956,-0.09545084999999984,0.0009223749999999562,-0.0007201500000001693,0.0011702100935836962
0.09875,0.05375,0.005,6.25e-08,-0.00159335,-0.0319879,-0.0013619192499999852,-0.03199682499999982,-0.00023143075000001492,8.924999999819494e-06,0.00023160277992840712
0.00125,0.05625,0.005,6.25e-08,-0.000498232,0.0278041,-0.00039906,0.02673785,-9.917200000000002e-05,0.0010662500000000012,0.0010708520663863907
0.00375,0.05625,0.005,6.25e-08,-0.00320577,0.0742546,-0.0033822575,0.07343992499999999,0.00017648749999999965,0.0008146750000000147,0.0008335725483011504
0.00625,0.05625,0.005,6.25e-08,-0.00879244,0.112129,-0.008820660000000001,0.11159400000000001,2.8220000000000675e-05,0.0005349999999999938,0.0005357437525533951
0.00875,0.05625,0.005,6.25e-08,-0.0163369,0.142206,-0.016178,0.141953,-0.0001589,0.0002530000000000032,0.0002987611253158644
0.01125,0.05625,0.005,6.25e-08,-0.0252368,0.165377,-0.024953125,0.1653925,-0.0002836750000000006,-1.5500000000001624e-05,0.00028409814435332095
0.01375,0.05625,0.005,6.25e-08,-0.0350705,0.182569,-0.0347048,0.18282700000000002,-0.0003656999999999966,-0.0002580000000000082,0.00044754942743791074
0.01625,0.05625,0.005,6.25e-08,-0.0454769,0.194672,-0.0450657,0.19513875,-0.00041120000000000045,-0.000466749999999988,0.0006220458202576311
0.01875,0.05625,0.005,6.25e-08,-0.0561692,0.202489,-0.055746925,0.20312775,-0.00042227499999999973,-0.0006387499999999935,0.0007657138748416352
0.02125,0.05625,0.005,6.25e-08,-0.0669389,0.206699,-0.0665345,0.20747425,-0.0004043999999999992,-0.0007752500000000051,0.000874386597850177
0.02375,0.05625,0.005,6.25e-08,-0.0776449,0.207845,-0.077281675,0.2087265,-0.0003632250000000087,-0.0008815000000000073,0.0009534016208424544
0.02625,0.05625,0.005,6.25e-08,-0.0882016,0.206337,-0.087898175,0.20729674999999997,-0.00030342500000000994,-0.0009597499999999815,0.0010065718022699475
0.02875,0.05625,0.005,6.25e-08,-0.0985666,0.202459,-0.09833882499999999,0.203474,-0.00022777500000001338,-0.0010149999999999881,0.0010402434573814833
0.03125,0.05625,0.005,6.25e-08,-0.10873,0.196387,-0.10859250000000001,0.19743625,-0.00013749999999998486,-0.0010492500000000016,0.0010582210603177387
0.03375,0.05625,0.005,6.25e-08,-0.118706,0.18821,-0.118672,0.18927325,-3.400000000000625e-05,-0.0010632500000000156,0.0010637934773723861
0.03625,0.05625,0.005,6.25e-08,-0.128521,0.177944,-0.12860575,0.1790025,8.474999999999455e-05,-0.0010585000000000178,0.001061887382211521
0.03875,0.05625,0.005,6.25e-08,-0.138208,0.165556,-0.13842749999999998,0.16658799999999999,0.0002194999999999836,-0.0010319999999999774,0.0010550849491865316
0.04125,0.05625,0.005,6.25e-08,-0.147801,0.150976,-0.1481715,0.15195799999999998,0.0003705000000000236,-0.0009819999999999829,0.0010495686018550591
0.04375,0.05625,0.005,6.25e-08,-0.157324,0.134111,-0.15786475,0.1350175,0.0005407500000000065,-0.0009065000000000045,0.0010555343729599786
0.04625,0.05625,0.005,6.25e-08,-0.166789,0.114862,-0.16751775,0.11566225,0.0007287500000000002,-0.0008002499999999885,0.001082347737559414
0.04875,0.05625,0.005,6.25e-08,-0.176183,0.0931303,-0.17712075,0.09379145,0.0009377499999999872,-0.0006611499999999992,0.0011473858919299883
0.05125,0.05625,0.005,6.25e-08,-0.185464,0.0688362,-0.1866305,0.06932055,0.0011665000000000147,-0.0004843499999999945,0.0012630586575848445
0.05375,0.05625,0.005,6.25e-08,-0.194549,0.0419314,-0.19596275,0.042197174999999996,0.0014137499999999914,-0.0002657749999999959,0.001438515002745878
0.05625,0.05625,0.005,6.25e-08,-0.203301,0.0124182,-0.20497800000000002,0.01241977,0.0016770000000000118,-1.5699999999993497e-06,0.001677000734913387
0.05875,0.05625,0.005,6.25e-08,-0.211519,-0.0196257,-0.21346725,-0.019937424999999953,0.0019482499999999847,0.0003117249999999537,0.001973030800095354
0.06125,0.05625,0.005,6.25e-08,-0.218918,-0.054017,-0.221134,-0.05469065,0.0022159999999999958,0.0006736499999999979,0.002316130463186385
0.06375,0.05625,0.005,6.25e-08,-0.225119,-0.090424,-0.22757850000000002,-0.09150207500000011,0.0024595000000000034,0.0010780750000001088,0.002685402382442015
0.06625,0.05625,0.005,6.25e-08,-0.229631,-0.128313,-0.23228175,-0.1298217500000001,0.0026507500000000073,0.0015087500000000864,0.003050049528286434
0.06875,0.05625,0.005,6.25e-08,-0.231849,-0.166884,-0.234598,-0.1688152500000001,0.0027490000000000014,0.0019312500000001065,0.0033595725267510476
0.07125,0.05625,0.005,6.25e-08,-0.231059,-0.204996,-0.23377,-0.20728599999999991,0.002711000000000019,0.0022899999999999032,0.003548749216273201
0.07375,0.05625,0.005,6.25e-08,-0.226476,-0.241096,-0.22897075000000003,-0.2435992499999999,0.002494750000000018,0.0025032499999999014,0.003534124803257462
0.07625,0.05625,0.005,6.25e-08,-0.217315,-0.273169,-0.21939175000000005,-0.2756419999999999,0.002076750000000044,0.002472999999999892,0.003229337325597877
0.07875,0.05625,0.005,6.25e-08,-0.202918,-0.298745,-0.20439499999999994,-0.30085700000000004,0.0014769999999999506,0.0021120000000000583,0.00257722195396518
0.08125,0.05625,0.005,6.25e-08,-0.182931,-0.315014,-0.18371399999999993,-0.31639925,0.0007829999999999226,0.0013852500000000045,0.001591228004561223
0.08375,0.05625,0.005,6.25e-08,-0.15754,-0.319082,-0.15768274999999993,-0.31945775,0.00014274999999991378,0.000375750000000008,0.0004019522670666026
0.08625,0.05625,0.005,6.25e-08,-0.127694,-0.308423,-0.12742950000000008,-0.30772850000000007,-0.0002644999999999176,-0.0006944999999999313,0.000743162499053781
0.08875,0.05625,0.005,6.25e-08,-0.0952687,-0.281473,-0.09495057500000009,-0.27996375000000007,-0.0003181249999999053,-0.0015092499999999065,0.0015424133940434572
0.09125,0.05625,0.005,6.25e-08,-0.0629906,-0.238228,-0.06299020000000008,-0.23643650000000016,-3.9999999991435775e-07,-0.0017914999999998349,0.001791500044655151
0.09375,0.05625,0.005,6.25e-08,-0.0341049,-0.180591,-0.034724624999999995,-0.17912024999999998,0.0006197249999999946,-0.0014707500000000207,0.0015959839091059327
0.09625,0.05625,0.005,6.25e-08,-0.012317,-0.112216,-0.013325849999999953,-0.1114627499999998,0.0010088499999999535,-0.0007532500000001913,0.0012590329165673923
0.09875,0.05625,0.005,6.25e-08,-0.00185159,-0.0378282,-0.001561001499999983,-0.03775602499999979,-0.0002905885000000169,-7.217500000020888e-05,0.00029941761297106416
0.00125,0.05875,0.005,6.25e-08,-0.000478592,0.0294162,-0.00038500725,0.02827665,-9.358475e-05,0.0011395499999999996,0.0011433863336303095
0.00375,0.05875,0.005,6.25e-08,-0.00310436,0.0785664,-0.00327125,0.07766382499999999,0.00016688999999999983,0.0009025750000000027,0.000917874666130951
0.00625,0.05875,0.005,6.25e-08,-0.00852565,0.118581,-0.0085315825,0.11796075,5.932500000001631e-06,0.0006202500000000027,0.0006202783706177843
0.00875,0.05875,0.005,6.25e-08,-0.0158136,0.150254,-0.015620500000000004,0.149932,-0.0001930999999999964,0.00032199999999998896,0.00037546186224434504
0.01125,0.05875,0.005,6.25e-08,-0.024344,0.174532,-0.024017049999999998,0.17450124999999997,-0.00032695000000000293,3.0750000000023814e-05,0.0003283928516274424
0.01375,0.05875,0.005,6.25e-08,-0.0336749,0.192417,-0.033260825,0.19265149999999998,-0.00041407499999999986,-0.00023449999999997084,0.0004758659008848882
0.01625,0.05875,0.005,6.25e-08,-0.0434338,0.204886,-0.042971850000000006,0.20534724999999998,-0.0004619499999999957,-0.00046124999999996863,0.000652801168044273
0.01875,0.05875,0.005,6.25e-08,-0.0533323,0.212823,-0.05285727500000001,0.21346974999999996,-0.00047502499999999004,-0.000646749999999946,0.0008024551782653787
0.02125,0.05875,0.005,6.25e-08,-0.0631689,0.216982,-0.06270805000000002,0.21777525,-0.0004608499999999849,-0.0007932499999999953,0.0009174030112224282
0.02375,0.05875,0.005,6.25e-08,-0.072816,0.217971,-0.07238925000000002,0.21887625,-0.00042674999999998964,-0.0009052499999999963,0.001000796245496547
0.02625,0.05875,0.005,6.25e-08,-0.0822062,0.21625,-0.08182825000000002,0.21723925,-0.00037794999999997414,-0.000989249999999997,0.0010589909182802159
0.02875,0.05875,0.005,6.25e-08,-0.091319,0.212144,-0.09100160000000002,0.21319349999999998,-0.0003173999999999816,-0.001049499999999981,0.0010964456256467752
0.03125,0.05875,0.005,6.25e-08,-0.100169,0.205858,-0.09992290000000002,0.20694825,-0.00024609999999997134,-0.001090249999999987,0.0011176807560748093
0.03375,0.05875,0.005,6.25e-08,-0.108797,0.1975,-0.10863275000000003,0.19861349999999997,-0.00016424999999997691,-0.0011134999999999617,0.0011255488938735213
0.03625,0.05875,0.005,6.25e-08,-0.117257,0.187098,-0.11718825000000001,0.18821775,-6.874999999999243e-05,-0.0011197500000000027,0.0011218585583753441
0.03875,0.05875,0.005,6.25e-08,-0.125616,0.174624,-0.12565525000000002,0.17573075,3.925000000001844e-05,-0.0011067499999999897,0.0011074457661664424
0.04125,0.05875,0.005,6.25e-08,-0.13394,0.160003,-0.13410300000000003,0.16107724999999998,0.00016300000000002424,-0.001074249999999971,0.0010865459320709575
0.04375,0.05875,0.005,6.25e-08,-0.142289,0.143136,-0.142595,0.14415324999999998,0.0003060000000000007,-0.0010172499999999696,0.0010622775355338821
0.04625,0.05875,0.005,6.25e-08,-0.150717,0.123903,-0.15118375,0.12483699999999999,0.00046675000000001576,-0.0009339999999999904,0.001044131966036859
0.04875,0.05875,0.005,6.25e-08,-0.159253,0.102184,-0.15990300000000002,0.10300329999999999,0.0006500000000000117,-0.000819299999999995,0.0010458262236146152
0.05125,0.05875,0.005,6.25e-08,-0.167904,0.0778636,-0.16876000000000002,0.07853379999999999,0.0008560000000000234,-0.0006701999999999819,0.001087154101312236
0.05375,0.05875,0.005,6.25e-08,-0.176638,0.0508487,-0.17772425000000003,0.05132979999999999,0.0010862500000000386,-0.00048109999999999126,0.0011880220000067656
0.05625,0.05875,0.005,6.25e-08,-0.185374,0.0210829,-0.18671425000000003,0.02132937499999999,0.001340250000000015,-0.00024647499999998906,0.0013627252063879332
0.05875,0.05875,0.005,6.25e-08,-0.193968,-0.0114313,-0.195583,-0.011470769999999965,0.0016150000000000053,3.946999999996509e-05,0.00161548224406832
0.06125,0.05875,0.005,6.25e-08,-0.202193,-0.0466024,-0.20409500000000003,-0.04698442500000001,0.0019020000000000148,0.00038202500000000805,0.001939986366092572
0.06375,0.05875,0.005,6.25e-08,-0.209717,-0.0842093,-0.21190575000000006,-0.08499200000000011,0.0021887500000000726,0.0007827000000001083,0.002324488299067235
0.06625,0.05875,0.005,6.25e-08,-0.216086,-0.123844,-0.21853525000000004,-0.12507925000000014,0.0024492500000000417,0.001235250000000146,0.0027431128531288256
0.06875,0.05875,0.005,6.25e-08,-0.220703,-0.164836,-0.22334900000000005,-0.1665565000000001,0.002646000000000037,0.001720500000000097,0.003156174306023121
0.07125,0.05875,0.005,6.25e-08,-0.222818,-0.206164,-0.22554725,-0.20835524999999988,0.0027292500000000164,0.0021912499999998947,0.003500054588859955
0.07375,0.05875,0.005,6.25e-08,-0.221544,-0.246348,-0.22418700000000003,-0.24891674999999988,0.002643000000000034,0.0025687499999998697,0.0036856377416262047
0.07625,0.05875,0.005,6.25e-08,-0.215913,-0.283349,-0.21824975000000002,-0.2860922499999998,0.0023367500000000263,0.0027432499999998083,0.0036035844828446956
0.07875,0.05875,0.005,6.25e-08,-0.204983,-0.314522,-0.20678174999999996,-0.31710675000000005,0.00179874999999996,0.0025847500000000245,0.0031490370155017205
0.08125,0.05875,0.005,6.25e-08,-0.188036,-0.336653,-0.18912074999999992,-0.338651,0.0010847499999999122,0.0019979999999999998,0.002273474557258077
0.08375,0.05875,0.005,6.25e-08,-0.164849,-0.346183,-0.1651912499999999,-0.34718374999999996,0.00034224999999990513,0.0010007499999999392,0.0010576557213951114
0.08625,0.05875,0.005,6.25e-08,-0.136011,-0.339676,-0.1358020000000001,-0.33946425,-0.0002089999999999037,-0.00021174999999995503,0.00029752153283408027
0.08875,0.05875,0.005,6.25e-08,-0.103214,-0.314541,-0.10284197500000009,-0.31327625000000003,-0.0003720249999999148,-0.0012647499999999812,0.0013183304453455093
0.09125,0.05875,0.005,6.25e-08,-0.069306,-0.269878,-0.06924750000000007,-0.2681220000000001,-5.8499999999933605e-05,-0.0017559999999999243,0.0017569741745397758
0.09375,0.05875,0.005,6.25e-08,-0.0380224,-0.207134,-0.038685075,-0.20563224999999996,0.0006626750000000015,-0.0015017500000000517,0.0016414600872775302
0.09625,0.05875,0.005,6.25e-08,-0.0138953,-0.130162,-0.015021424999999946,-0.12941674999999975,0.0011261249999999466,-0.0007452500000002527,0.001350390713136482
0.09875,0.05875,0.005,6.25e-08,-0.00212028,-0.0444604,-0.0017792007499999802,-0.044315074999999746,-0.0003410792500000198,-0.0001453250000002515,0.0003707484462619488
0.00125,0.06125,0.005,6.25e-08,-0.000467399,0.0309808,-0.00037644999999999996,0.029771300000000004,-9.094900000000005e-05,0.0012094999999999953,0.0012129146592407022
0.00375,0.06125,0.005,6.25e-08,-0.00304799,0.0827652,-0.003202885,0.08177129999999999,0.00015489499999999995,0.0009939000000000059,0.0010058974455803193
0.00625,0.06125,0.005,6.25e-08,-0.00836113,0.124839,-0.008337907500000002,0.12412850000000002,-2.3222499999997828e-05,0.0007104999999999889,0.0007108794092574592
0.00875,0.06125,0.005,6.25e-08,-0.0154379,0.157996,-0.015202225000000003,0.15760325000000003,-0.00023567499999999596,0.0003927499999999695,0.0004580341342356202
0.01125,0.06125,0.005,6.25e-08,-0.0236112,0.183239,-0.02323475,0.18316300000000002,-0.0003764500000000004,7.599999999999274e-05,0.000384045052695643
0.01375,0.06125,0.005,6.25e-08,-0.032407,0.201658,-0.03194275,0.20187075,-0.0004642499999999994,-0.00021274999999998379,0.0005106766344762531
0.01625,0.06125,0.005,6.25e-08,-0.041438,0.214325,-0.04092825,0.21478225,-0.0005097500000000033,-0.00045725000000002014,0.0006847792527523171
0.01875,0.06125,0.005,6.25e-08,-0.050416,0.222218,-0.049894875,0.2228715,-0.0005211250000000042,-0.0006535000000000013,0.0008358429969946545
0.02125,0.06125,0.005,6.25e-08,-0.0591515,0.226176,-0.058642650000000004,0.22698000000000002,-0.0005088499999999982,-0.0008040000000000269,0.000951495834200046
0.02375,0.06125,0.005,6.25e-08,-0.0675367,0.226876,-0.0670549,0.22779225,-0.00048180000000000445,-0.0009162500000000073,0.0010352030247734103
0.02625,0.06125,0.005,6.25e-08,-0.075529,0.224834,-0.075083275,0.22583325,-0.00044572499999999404,-0.000999250000000007,0.0010941532516631337
0.02875,0.06125,0.005,6.25e-08,-0.0831354,0.220416,-0.08273217499999999,0.22147575,-0.00040322500000000705,-0.0010597499999999982,0.0011338696852482661
0.03125,0.06125,0.005,6.25e-08,-0.0903995,0.213859,-0.09004525,0.21496300000000002,-0.0003542500000000004,-0.0011040000000000216,0.001159443427899804
0.03375,0.06125,0.005,6.25e-08,-0.0973912,0.205292,-0.097093925,0.20642525,-0.0002972749999999996,-0.0011332500000000023,0.0011715920741132578
0.03625,0.06125,0.005,6.25e-08,-0.104198,0.194758,-0.10396775000000001,0.195907,-0.0002302499999999874,-0.0011490000000000111,0.0011718430195636358
0.03875,0.06125,0.005,6.25e-08,-0.110916,0.182234,-0.11076625000000001,0.183382,-0.00014974999999999017,-0.0011479999999999824,0.001157725814906084
0.04125,0.06125,0.005,6.25e-08,-0.117648,0.167645,-0.11759275000000001,0.16877599999999998,-5.5249999999992805e-05,-0.0011309999999999931,0.0011323486929828567
0.04375,0.06125,0.005,6.25e-08,-0.124492,0.150885,-0.124549,0.151978,5.7000000000001494e-05,-0.0010930000000000106,0.00109448526714617
0.04625,0.06125,0.005,6.25e-08,-0.131539,0.131823,-0.13172775,0.13285375,0.0001887500000000153,-0.001030749999999997,0.001047889366774947
0.04875,0.06125,0.005,6.25e-08,-0.138866,0.110316,-0.139207,0.11125750000000001,0.00034100000000000796,-0.0009415000000000118,0.0010013507127874966
0.05125,0.06125,0.005,6.25e-08,-0.146525,0.0862212,-0.14704374999999997,0.08704165000000001,0.0005187499999999845,-0.0008204500000000142,0.0009706903548506121
0.05375,0.06125,0.005,6.25e-08,-0.154539,0.0594036,-0.15526325,0.0600671,0.0007242499999999819,-0.0006634999999999974,0.0009822272204026777
0.05625,0.06125,0.005,6.25e-08,-0.162888,0.0297527,-0.16384549999999998,0.030216825,0.0009574999999999723,-0.00046412499999999926,0.0010640574540996112
0.05875,0.06125,0.005,6.25e-08,-0.171491,-0.002801,-0.17271124999999998,-0.0025861724999999523,0.0012202499999999783,-0.00021482750000004778,0.0012390161085539676
0.06125,0.06125,0.005,6.25e-08,-0.180189,-0.0382596,-0.1816995,-0.038352300000000006,0.0015105000000000257,9.270000000000805e-05,0.0015133418450568527
0.06375,0.06125,0.005,6.25e-08,-0.188722,-0.0765185,-0.19053975000000004,-0.07698585000000012,0.0018177500000000346,0.0004673500000001163,0.0018768673594583701
0.06625,0.06125,0.005,6.25e-08,-0.196697,-0.117312,-0.19882325000000003,-0.11822575000000012,0.002126250000000024,0.0009137500000001159,0.0023142770199352353
0.06875,0.06125,0.005,6.25e-08,-0.203562,-0.160135,-0.20596425000000002,-0.16156025000000013,0.0024022500000000224,0.0014252500000001278,0.0027932315738227777
0.07125,0.06125,0.005,6.25e-08,-0.208576,-0.204136,-0.2111745,-0.20610924999999988,0.002598499999999976,0.001973249999999871,0.003262808270876388
0.07375,0.06125,0.005,6.25e-08,-0.210799,-0.247983,-0.21344875,-0.2504774999999999,0.0026497500000000063,0.0024944999999998996,0.003639190200099403
0.07625,0.06125,0.005,6.25e-08,-0.209119,-0.289718,-0.2116035,-0.2925939999999999,0.0024845000000000006,0.002875999999999934,0.003800541573249742
0.07875,0.06125,0.005,6.25e-08,-0.202336,-0.326623,-0.20438799999999996,-0.32958325000000005,0.0020519999999999705,0.002960250000000053,0.0036019139443496137
0.08125,0.06125,0.005,6.25e-08,-0.189344,-0.355172,-0.19070899999999996,-0.35775825000000006,0.0013649999999999496,0.0025862500000000677,0.0029243655829085755
0.08375,0.06125,0.005,6.25e-08,-0.169432,-0.371165,-0.16998024999999992,-0.3728425,0.0005482499999999169,0.0016774999999999984,0.001764818492791795
0.08625,0.06125,0.005,6.25e-08,-0.142692,-0.37016,-0.14253525000000009,-0.3705265000000001,-0.00015674999999992778,0.00036650000000010285,0.0003986136130390591
0.08875,0.06125,0.005,6.25e-08,-0.110445,-0.348296,-0.10998725000000009,-0.3473440000000001,-0.0004577499999999096,-0.0009519999999998974,0.0010563328369882865
0.09125,0.06125,0.005,6.25e-08,-0.0754976,-0.303395,-0.0753426750000001,-0.30167875000000016,-0.00015492499999990306,-0.0017162499999998637,0.0017232283128258141
0.09375,0.06125,0.005,6.25e-08,-0.0420235,-0.236041,-0.04273665,-0.23449675,0.0007131500000000027,-0.001544249999999997,0.0017009676613622007
0.09625,0.06125,0.005,6.25e-08,-0.0155127,-0.15007,-0.016816549999999944,-0.14939299999999972,0.0013038499999999432,-0.0006770000000002885,0.0014691336979663365
0.09875,0.06125,0.005,6.25e-08,-0.00235784,-0.0518887,-0.0020162124999999784,-0.05174037499999972,-0.0003416275000000216,-0.00014832500000028226,0.00037243745029380234
0.00125,0.06375,0.005,6.25e-08,-0.000471544,0.032529,-0.00037788750000000004,0.031251175000000006,-9.365649999999997e-05,0.0012778249999999963,0.0012812526177991756
0.00375,0.06375,0.005,6.25e-08,-0.00307272,0.0869199,-0.0032122324999999995,0.08583055,0.00013951249999999936,0.001089349999999989,0.0010982473128381537
0.00625,0.06375,0.005,6.25e-08,-0.00838324,0.130976,-0.008321327500000001,0.13017325000000002,-6.191249999999877e-05,0.000802749999999991,0.0008051339765257925
0.00875,0.06375,0.005,6.25e-08,-0.0153431,0.165479,-0.015053525,0.16502050000000001,-0.00028957500000000025,0.0004584999999999728,0.0005422876825311222
0.01125,0.06375,0.005,6.25e-08,-0.0232104,0.191504,-0.022777500000000003,0.191391,-0.0004328999999999965,0.00011300000000000199,0.00044740519666181504
0.01375,0.06375,0.005,6.25e-08,-0.0314652,0.210244,-0.030950525,0.21044400000000002,-0.0005146749999999992,-0.00020000000000003348,0.0005521687745834715
0.01625,0.06375,0.005,6.25e-08,-0.0397016,0.222891,-0.0391504,0.22334825000000003,-0.0005511999999999947,-0.00045725000000002014,0.000716169674378923
0.01875,0.06375,0.005,6.25e-08,-0.0476362,0.23053,-0.047079949999999995,0.23118775000000003,-0.0005562500000000012,-0.0006577500000000125,0.0008614227330411114
0.02125,0.06375,0.005,6.25e-08,-0.0550998,0.234096,-0.054555875,0.234901,-0.0005439250000000007,-0.0008050000000000002,0.0009715345622390389
0.02375,0.06375,0.005,6.25e-08,-0.0620143,0.234342,-0.06148964999999998,0.23525225000000002,-0.0005246500000000223,-0.0009102500000000291,0.0010506249021416142
0.02625,0.06375,0.005,6.25e-08,-0.0683709,0.231843,-0.06786684999999998,0.23282925000000002,-0.0005040500000000198,-0.0009862500000000218,0.0011075899354003101
0.02875,0.06375,0.005,6.25e-08,-0.0742115,0.227009,-0.07372834999999997,0.22805175000000003,-0.0004831500000000294,-0.0010427500000000367,0.001149243875337217
0.03125,0.06375,0.005,6.25e-08,-0.0796146,0.220109,-0.07915442499999997,0.22119550000000002,-0.000460175000000021,-0.001086500000000018,0.0011799335916165192
0.03375,0.06375,0.005,6.25e-08,-0.084684,0.211294,-0.08425232499999998,0.21241375,-0.00043167500000002024,-0.0011197500000000027,0.0012000764009532992
0.03625,0.06375,0.005,6.25e-08,-0.0895404,0.20062,-0.08914649999999996,0.2017635,-0.0003939000000000442,-0.0011435000000000195,0.0012094417968633625
0.03875,0.06375,0.005,6.25e-08,-0.094315,0.188072,-0.09397134999999995,0.1892275,-0.00034365000000004253,-0.0011555000000000037,0.0012055187980699587
0.04125,0.06375,0.005,6.25e-08,-0.0991436,0.173578,-0.09886527499999995,0.17473075000000002,-0.00027832500000005145,-0.001152750000000008,0.0011858740945501114
0.04375,0.06375,0.005,6.25e-08,-0.104162,0.157026,-0.10396549999999993,0.15815875000000001,-0.00019650000000007162,-0.0011327500000000157,0.0011496672616457613
0.04625,0.06375,0.005,6.25e-08,-0.109498,0.138277,-0.10940399999999993,0.13936825,-9.400000000006625e-05,-0.001091249999999988,0.0010952910857393054
0.04875,0.06375,0.005,6.25e-08,-0.115272,0.117171,-0.11530174999999994,0.11819725000000002,2.9749999999939547e-05,-0.0010262500000000202,0.0010266811213809465
0.05125,0.06375,0.005,6.25e-08,-0.121584,0.0935411,-0.12176149999999991,0.09447405000000003,0.00017749999999991384,-0.0009329500000000296,0.0009496851859958777
0.05375,0.06375,0.005,6.25e-08,-0.128509,0.0672178,-0.12886224999999993,0.06802610000000002,0.00035324999999991613,-0.0008083000000000257,0.0008821192960705384
0.05625,0.06375,0.005,6.25e-08,-0.136085,0.0380427,-0.13664599999999993,0.03868892500000002,0.0005609999999999227,-0.0006462250000000211,0.0008557615033553101
0.05875,0.06375,0.005,6.25e-08,-0.144302,0.00588125,-0.1451039999999999,0.006319892500000071,0.0008019999999998861,-0.00043864250000007123,0.0009141177401222066
0.06125,0.06375,0.005,6.25e-08,-0.153076,-0.0293565,-0.1541552499999999,-0.029181074999999976,0.0010792499999999206,-0.00017542500000002417,0.0010934141452920924
0.06375,0.06375,0.005,6.25e-08,-0.162231,-0.0676824,-0.16361874999999992,-0.06783882500000009,0.0013877499999999376,0.00015642500000008497,0.001396538163862647
0.06625,0.06375,0.005,6.25e-08,-0.171462,-0.10898,-0.17318024999999998,-0.1095507500000001,0.0017182499999999767,0.0005707500000001059,0.0018105630684955552
0.06875,0.06375,0.005,6.25e-08,-0.180295,-0.152931,-0.18234299999999995,-0.15400425000000012,0.0020479999999999388,0.0010732500000001088,0.002312178531709864
0.07125,0.06375,0.005,6.25e-08,-0.188046,-0.198897,-0.1903819999999999,-0.20055549999999986,0.0023359999999999215,0.0016584999999998684,0.002864876655285389
0.07375,0.06375,0.005,6.25e-08,-0.193784,-0.245772,-0.19629949999999996,-0.24805599999999986,0.0025154999999999483,0.0022839999999998695,0.003397704556020012
0.07625,0.06375,0.005,6.25e-08,-0.196314,-0.291784,-0.19881749999999995,-0.2946364999999999,0.002503499999999964,0.0028524999999999245,0.0037952955747872115
0.07875,0.06375,0.005,6.25e-08,-0.194228,-0.334281,-0.19644024999999998,-0.33747875000000005,0.002212249999999971,0.0031977500000000547,0.0038884000726520187
0.08125,0.06375,0.005,6.25e-08,-0.186048,-0.369564,-0.18764824999999993,-0.37266575000000013,0.001600249999999942,0.0031017500000001252,0.0034902225036522517
0.08375,0.06375,0.005,6.25e-08,-0.170525,-0.392884,-0.17126774999999994,-0.39526325000000007,0.000742749999999931,0.002379250000000055,0.0024924903460194505
0.08625,0.06375,0.005,6.25e-08,-0.147116,-0.398773,-0.1469952500000001,-0.39980950000000015,-0.00012074999999989178,0.0010365000000001623,0.0010435098526129546
0.08875,0.06375,0.005,6.25e-08,-0.116564,-0.381877,-0.11595600000000011,-0.3813135000000002,-0.0006079999999998864,-0.000563499999999828,0.0008289730092105943
0.09125,0.06375,0.005,6.25e-08,-0.0813881,-0.338306,-0.08104395000000011,-0.33660725000000025,-0.0003441499999998904,-0.001698749999999749,0.0017332601607949892
0.09375,0.06375,0.005,6.25e-08,-0.0460655,-0.267223,-0.04679010000000001,-0.2655525000000001,0.0007246000000000058,-0.0016704999999999082,0.0018208831401272576
0.09625,0.06375,0.005,6.25e-08,-0.017121,-0.172031,-0.01869244999999994,-0.17143624999999976,0.0015714499999999396,-0.000594750000000227,0.0016802329198656002
0.09875,0.06375,0.005,6.25e-08,-0.00241282,-0.0600621,-0.002271592499999976,-0.06009462499999969,-0.00014122750000002387,3.2524999999693216e-05,0.0001449244022973246
0.00125,0.06625,0.005,6.25e-08,-0.000500681,0.0341137,-0.0003954570000000001,0.03276567500000001,-0.0001052239999999999,0.0013480249999999888,0.0013521255455026984
0.00375,0.06625,0.005,6.25e-08,-0.00322732,0.091147,-0.0033464975,0.08995715000000001,0.0001191775,0.0011898499999999923,0.0011958036205858516
0.00625,0.06625,0.005,6.25e-08,-0.00870314,0.137119,-0.008589642500000001,0.13622725000000002,-0.0001134974999999986,0.000891749999999969,0.0008989436828890863
0.00875,0.06625,0.005,6.25e-08,-0.0156997,0.172802,-0.015342300000000003,0.17228750000000004,-0.0003573999999999973,0.0005144999999999733,0.0006264543159720193
0.01125,0.06625,0.005,6.25e-08,-0.0233563,0.199366,-0.022859975,0.19923325,-0.0004963249999999989,0.00013274999999998705,0.0005137714162202832
0.01375,0.06625,0.005,6.25e-08,-0.0310892,0.21815,-0.0305271,0.21835250000000003,-0.0005620999999999994,-0.0002025000000000221,0.0005974635218990431
0.01625,0.06625,0.005,6.25e-08,-0.0384733,0.230491,-0.037892075,0.2309585,-0.0005812250000000047,-0.0004675000000000096,0.0007459080041298755
0.01875,0.06625,0.005,6.25e-08,-0.0452384,0.23761,-0.04466359999999999,0.23827075000000003,-0.0005748000000000072,-0.0006607500000000432,0.0008757771420287615
0.02125,0.06625,0.005,6.25e-08,-0.0512493,0.240547,-0.050688124999999994,0.24134100000000003,-0.000561175000000004,-0.0007940000000000169,0.0009722928471530743
0.02375,0.06625,0.005,6.25e-08,-0.0564717,0.24014,-0.05591989999999998,0.24102300000000002,-0.0005518000000000189,-0.0008830000000000227,0.001041235919472653
0.02625,0.06625,0.005,6.25e-08,-0.0609432,0.237025,-0.060392199999999986,0.2379695,-0.0005510000000000168,-0.000944499999999987,0.0010934721075546434
0.02875,0.06625,0.005,6.25e-08,-0.0647505,0.231655,-0.06419359999999996,0.2326465,-0.0005569000000000407,-0.0009915000000000063,0.0011371938533073671
0.03125,0.06625,0.005,6.25e-08,-0.0680137,0.224328,-0.06744927499999996,0.22536050000000002,-0.000564425000000035,-0.0010325000000000195,0.0011767037990187165
0.03375,0.06625,0.005,6.25e-08,-0.070875,0.215215,-0.07030769999999996,0.216286,-0.0005673000000000344,-0.0010710000000000164,0.0012119695912027142
0.03625,0.06625,0.005,6.25e-08,-0.0734912,0.204387,-0.07293132499999995,0.2054915,-0.0005598750000000569,-0.0011044999999999805,0.0012382973252111225
0.03875,0.06625,0.005,6.25e-08,-0.0760281,0.191836,-0.07548987499999994,0.19296575,-0.0005382250000000588,-0.001129749999999985,0.0012514076926106172
0.04125,0.06625,0.005,6.25e-08,-0.0786559,0.177492,-0.07815582499999994,0.17863500000000004,-0.0005000750000000581,-0.0011430000000000329,0.0012476073122682206
0.04375,0.06625,0.005,6.25e-08,-0.0815444,0.161241,-0.08110064999999994,0.162382,-0.00044375000000006215,-0.0011410000000000031,0.0012242528588898873
0.04625,0.06625,0.005,6.25e-08,-0.0848591,0.142937,-0.08449137499999992,0.14405625000000002,-0.00036772500000008257,-0.001119250000000016,0.0011781096036129646
0.04875,0.06625,0.005,6.25e-08,-0.0887575,0.122407,-0.08848717499999992,0.12348375,-0.0002703250000000851,-0.0010767500000000013,0.0011101649283440046
0.05125,0.06625,0.005,6.25e-08,-0.0933832,0.0994647,-0.09323429999999991,0.10047467500000001,-0.00014890000000009063,-0.0010099750000000102,0.0010208921150763421
0.05375,0.06625,0.005,6.25e-08,-0.0988605,0.0739144,-0.09886022499999991,0.07483045000000002,-2.7500000009117453e-07,-0.0009160500000000155,0.0009160500412777832
0.05625,0.06625,0.005,6.25e-08,-0.105285,0.0455578,-0.10546474999999991,0.04634785000000002,0.00017974999999990915,-0.0007900500000000144,0.0008102401279867531
0.05875,0.06625,0.005,6.25e-08,-0.112713,0.0142051,-0.1131072499999999,0.014829820000000068,0.0003942499999999016,-0.0006247200000000681,0.000738720610853662
0.06125,0.06625,0.005,6.25e-08,-0.12114,-0.0203104,-0.1217887499999999,-0.019901124999999974,0.0006487499999999063,-0.0004092750000000249,0.0007670610067816632
0.06375,0.06625,0.005,6.25e-08,-0.130483,-0.0581083,-0.13142549999999992,-0.057979100000000075,0.0009424999999999295,-0.0001291999999999266,0.000951314296118716
0.06625,0.06625,0.005,6.25e-08,-0.14054,-0.0992185,-0.14181349999999993,-0.09945237500000009,0.0012734999999999275,0.00023387500000009165,0.0012947971909240683
0.06875,0.06625,0.005,6.25e-08,-0.150949,-0.143514,-0.15257624999999997,-0.14421375000000008,0.001627249999999969,0.0006997500000000823,0.0017713251042651697
0.07125,0.06625,0.005,6.25e-08,-0.161129,-0.190604,-0.1631039999999999,-0.19188224999999984,0.0019749999999998935,0.001278249999999842,0.0023525620209676034
0.07375,0.06625,0.005,6.25e-08,-0.170221,-0.239668,-0.17247999999999988,-0.24162524999999985,0.0022589999999998722,0.001957249999999855,0.002988964463237871
0.07625,0.06625,0.005,6.25e-08,-0.177028,-0.289226,-0.17942074999999993,-0.2918977499999999,0.0023927499999999435,0.0026717499999999172,0.0035865722668028434
0.07875,0.06625,0.005,6.25e-08,-0.180013,-0.33685,-0.18227574999999996,-0.3401200000000001,0.0022627499999999523,0.003270000000000106,0.003976548448403524
0.08125,0.06625,0.005,6.25e-08,-0.177378,-0.378859,-0.17915099999999995,-0.3823595000000001,0.0017729999999999413,0.003500500000000073,0.003923904847215373
0.08375,0.06625,0.005,6.25e-08,-0.167334,-0.410125,-0.16825274999999995,-0.4131955000000001,0.0009187499999999404,0.003070500000000087,0.0032050073030338677
0.08625,0.06625,0.005,6.25e-08,-0.1486,-0.424219,-0.14849225000000008,-0.4260315,-0.00010774999999993429,0.0018124999999999947,0.0018156999511207699
0.08875,0.06625,0.005,6.25e-08,-0.121112,-0.414151,-0.1202597500000001,-0.41411175000000017,-0.0008522499999999017,-3.924999999982415e-05,0.0008531533420199552
0.09125,0.06625,0.005,6.25e-08,-0.0868076,-0.373885,-0.0860821250000001,-0.3722210000000003,-0.0007254749999998922,-0.0016639999999997213,0.0018152713228671673
0.09375,0.06625,0.005,6.25e-08,-0.0502592,-0.300499,-0.05074185000000001,-0.29852250000000013,0.000482650000000015,-0.001976499999999881,0.0020345769271520662
0.09625,0.06625,0.005,6.25e-08,-0.018869,-0.19627,-0.020628674999999937,-0.19554799999999975,0.0017596749999999363,-0.0007220000000002502,0.0019020357792704997
0.09875,0.06625,0.005,6.25e-08,-0.00173317,-0.069088,-0.0025451024999999733,-0.06943672499999966,0.0008119324999999733,0.0003487249999996611,0.0008836535011988411
0.00125,0.06875,0.005,6.25e-08,-0.000568633,0.0358178,-0.0004377362500000002,0.03439185,-0.00013089674999999985,0.0014259499999999953,0.0014319453067979059
0.00375,0.06875,0.005,6.25e-08,-0.0035787,0.0956257,-0.003670292500000001,0.09432992500000001,9.159250000000075e-05,0.0012957749999999851,0.00129900809723466
0.00625,0.06875,0.005,6.25e-08,-0.00946796,0.143467,-0.009286420000000005,0.14249175,-0.00018153999999999393,0.0009752500000000108,0.0009920026885548339
0.00875,0.06875,0.005,6.25e-08,-0.0167258,0.180115,-0.016284875000000004,0.17956775000000003,-0.0004409249999999948,0.0005472499999999714,0.0007027783563293366
0.01125,0.06875,0.005,6.25e-08,-0.0243122,0.206901,-0.023748050000000007,0.20677575000000004,-0.0005641499999999924,0.00012524999999996567,0.0005778864810669851
0.01375,0.06875,0.005,6.25e-08,-0.0315611,0.225363,-0.030960450000000004,0.22559125000000002,-0.0006006499999999977,-0.00022825000000001316,0.0006425562115488444
0.01625,0.06875,0.005,6.25e-08,-0.0380317,0.237033,-0.037439475,0.23752225000000005,-0.0005922250000000018,-0.0004892500000000521,0.0007681770714653316
0.01875,0.06875,0.005,6.25e-08,-0.043484,0.243297,-0.042914275,0.2439585,-0.0005697250000000001,-0.0006614999999999815,0.0008730228093383217
0.02125,0.06875,0.005,6.25e-08,-0.0478375,0.245321,-0.047281949999999996,0.246085,-0.0005555500000000019,-0.0007639999999999869,0.0009446331576331534
0.02375,0.06875,0.005,6.25e-08,-0.0511217,0.244028,-0.05056087499999999,0.24485250000000003,-0.0005608250000000078,-0.0008245000000000335,0.0009971584280469498
0.02625,0.06875,0.005,6.25e-08,-0.0534371,0.240116,-0.05285057499999998,0.24097925,-0.0005865250000000183,-0.0008632500000000098,0.0010436532652778117
0.02875,0.06875,0.005,6.25e-08,-0.0549275,0.234076,-0.05430132499999997,0.23497400000000002,-0.0006261750000000274,-0.0008980000000000099,0.0010947598506636294
0.03125,0.06875,0.005,6.25e-08,-0.0557624,0.226231,-0.05509279999999997,0.227169,-0.0006696000000000271,-0.0009380000000000221,0.0011524791364706253
0.03375,0.06875,0.005,6.25e-08,-0.0561268,0.21677,-0.055420499999999956,0.21775325,-0.0007063000000000416,-0.0009832500000000188,0.0012106363006700632
0.03625,0.06875,0.005,6.25e-08,-0.0562158,0.205773,-0.055487249999999946,0.20680349999999997,-0.0007285500000000569,-0.001030499999999962,0.0012620282692951076
0.03875,0.06875,0.005,6.25e-08,-0.0562303,0.193237,-0.055498224999999936,0.19431075,-0.0007320750000000611,-0.0010737500000000122,0.0012995664154344386
0.04125,0.06875,0.005,6.25e-08,-0.0563735,0.179096,-0.055658149999999934,0.180202,-0.0007153500000000659,-0.0011059999999999959,0.001317179419251639
0.04375,0.06875,0.005,6.25e-08,-0.0568477,0.163233,-0.05616917499999993,0.164356,-0.0006785250000000687,-0.0011230000000000129,0.001312069043772134
0.04625,0.06875,0.005,6.25e-08,-0.0578508,0.145495,-0.057229424999999924,0.14661725,-0.0006213750000000767,-0.0011222499999999913,0.0012827906895222913
0.04875,0.06875,0.005,6.25e-08,-0.0595742,0.125702,-0.059030899999999914,0.12680300000000003,-0.0005433000000000868,-0.0011010000000000186,0.0012277523732415
0.05125,0.06875,0.005,6.25e-08,-0.0621995,0.103653,-0.061756899999999906,0.10471175000000002,-0.00044260000000009153,-0.001058750000000025,0.0011475392466055937
0.05375,0.06875,0.005,6.25e-08,-0.0658943,0.0791316,-0.06557767499999989,0.08012352500000001,-0.00031662500000011196,-0.0009919250000000185,0.0010412332093484664
0.05625,0.06875,0.005,6.25e-08,-0.070806,0.0519098,-0.0706443749999999,0.05280810000000002,-0.00016162500000009572,-0.0008983000000000185,0.0009127242358045852
0.05875,0.06875,0.005,6.25e-08,-0.0770526,0.0217548,-0.07707939999999988,0.022526400000000064,2.6799999999882473e-05,-0.0007716000000000632,0.0007720652822139402
0.06125,0.06875,0.005,6.25e-08,-0.0847083,-0.011563,-0.08496174999999989,-0.010960789999999977,0.00025344999999989126,-0.0006022100000000231,0.000653371094095823
0.06375,0.06875,0.005,6.25e-08,-0.0937826,-0.0482537,-0.09430529999999993,-0.047878300000000075,0.0005226999999999316,-0.00037539999999992163,0.0006435374503475843
0.06625,0.06875,0.005,6.25e-08,-0.104189,-0.0884791,-0.10502444999999991,-0.0884078500000001,0.0008354499999999043,-7.124999999991166e-05,0.0008384827159815685
0.06875,0.06875,0.005,6.25e-08,-0.115698,-0.132298,-0.11688574999999993,-0.13263375000000008,0.001187749999999932,0.00033575000000007904,0.0012342925605381778
0.07125,0.06875,0.005,6.25e-08,-0.127873,-0.179572,-0.1294342499999999,-0.18044549999999981,0.001561249999999903,0.000873499999999805,0.0017889951963321077
0.07375,0.06875,0.005,6.25e-08,-0.139989,-0.229812,-0.14190399999999986,-0.23136599999999982,0.0019149999999998613,0.0015539999999998333,0.002466199708052645
0.07625,0.06875,0.005,6.25e-08,-0.150938,-0.281925,-0.1531072499999999,-0.2842784999999998,0.0021692499999999004,0.002353499999999842,0.0032007198897277505
0.07875,0.06875,0.005,6.25e-08,-0.159153,-0.333865,-0.16135824999999993,-0.33702825000000014,0.0022052499999999364,0.0031632500000001174,0.0038560702956508017
0.08125,0.06875,0.005,6.25e-08,-0.162619,-0.382195,-0.16449324999999995,-0.3859340000000001,0.0018742499999999385,0.0037390000000001034,0.004182455506338416
0.08375,0.06875,0.005,6.25e-08,-0.15905,-0.421663,-0.16013049999999995,-0.4253697500000001,0.0010804999999999565,0.003706750000000092,0.0038610200481868245
0.08625,0.06875,0.005,6.25e-08,-0.146366,-0.44506,-0.14628575000000005,-0.44776,-8.024999999994842e-05,0.00269999999999998,0.002701192340893163
0.08875,0.06875,0.005,6.25e-08,-0.123501,-0.443724,-0.12235225000000008,-0.4444392500000001,-0.0011487499999999207,0.0007152500000001116,0.0013532217575105631
0.09125,0.06875,0.005,6.25e-08,-0.0915327,-0.409119,-0.09015070000000011,-0.40761725000000026,-0.0013819999999998833,-0.0015017499999997463,0.002040876542689174
0.09375,0.06875,0.005,6.25e-08,-0.0550031,-0.335614,-0.05447772500000002,-0.3329962500000001,-0.0005253749999999807,-0.0026177499999999188,0.0026699501780229075
0.09625,0.06875,0.005,6.25e-08,-0.0221462,-0.222793,-0.02260619999999993,-0.2216817499999997,0.0004599999999999292,-0.0011112500000002856,0.001202695540234755
0.098125,0.069375,0.005,1.5625e-08,-0.0038914,-0.117833,-0.006354322499999956,-0.12167499999999962,0.002462922499999956,0.0038419999999996235,0.004563655469139092
0.00125,0.07125,0.005,6.25e-08,-0.000695471,0.0377655,-0.0005170492499999997,0.0362459,-0.00017842175000000037,0.001519600000000003,0.0015300387187496503
0.00375,0.07125,0.005,6.25e-08,-0.00421958,0.100618,-0.004273872499999998,0.09921164999999998,5.429249999999806e-05,0.0014063500000000145,0.0014073975977158305
0.00625,0.07125,0.005,6.25e-08,-0.0108733,0.150297,-0.010604954999999996,0.14925899999999998,-0.0002683450000000049,0.0010380000000000111,0.0010721254772763427
0.00875,0.07125,0.005,6.25e-08,-0.0186979,0.187632,-0.018159249999999995,0.18709024999999999,-0.0005386500000000051,0.0005417500000000075,0.0007639613111931871
0.01125,0.07125,0.005,6.25e-08,-0.0263944,0.214211,-0.025765049999999994,0.214136,-0.0006293500000000042,7.50000000000195e-05,0.000633803141756183
0.01375,0.07125,0.005,6.25e-08,-0.033198,0.23187,-0.032578125,0.2321555,-0.0006198749999999989,-0.0002854999999999941,0.0006824626477874048
0.01625,0.07125,0.005,6.25e-08,-0.0386671,0.242405,-0.038093475,0.242926,-0.0005736250000000012,-0.0005209999999999937,0.0007749107307458032
0.01875,0.07125,0.005,6.25e-08,-0.0426205,0.247404,-0.042087925,0.24805375,-0.0005325750000000004,-0.0006497499999999767,0.0008401257007882631
0.02125,0.07125,0.005,6.25e-08,-0.0450644,0.248174,-0.04454217500000001,0.24887900000000002,-0.0005222249999999873,-0.0007050000000000112,0.0008773505289364123
0.02375,0.07125,0.005,6.25e-08,-0.0461196,0.245731,-0.04556887500000001,0.24645374999999997,-0.000550724999999988,-0.0007227499999999665,0.000908661426563788
0.02625,0.07125,0.005,6.25e-08,-0.0459702,0.240825,-0.045357300000000024,0.24155675,-0.0006128999999999787,-0.0007317499999999755,0.0009545179267567153
0.02875,0.07125,0.005,6.25e-08,-0.0448313,0.233977,-0.04413587500000003,0.23472975000000001,-0.0006954249999999648,-0.0007527500000000242,0.001024816321652318
0.03125,0.07125,0.005,6.25e-08,-0.0429298,0.225526,-0.04214915000000003,0.22632075000000001,-0.0007806499999999661,-0.0007947500000000107,0.0011140206393958616
0.03375,0.07125,0.005,6.25e-08,-0.0404971,0.215668,-0.03964477500000004,0.21652475,-0.0008523249999999594,-0.0008567499999999895,0.001208502572659617
0.03625,0.07125,0.005,6.25e-08,-0.037768,0.204492,-0.03686747500000005,0.20541800000000002,-0.0009005249999999507,-0.0009260000000000101,0.0012916738271037816
0.03875,0.07125,0.005,6.25e-08,-0.0349786,0.191996,-0.03405675000000006,0.19298925,-0.0009218499999999394,-0.000993250000000001,0.0013551210222706644
0.04125,0.07125,0.005,6.25e-08,-0.0323639,0.178113,-0.03144622500000007,0.179162,-0.0009176749999999304,-0.0010489999999999944,0.001393746176900536
0.04375,0.07125,0.005,6.25e-08,-0.0301549,0.162723,-0.029264400000000076,0.16381175000000003,-0.0008904999999999226,-0.0010887500000000272,0.0014065442803196497
0.04625,0.07125,0.005,6.25e-08,-0.0285776,0.145669,-0.027734850000000085,0.1467775,-0.0008427499999999165,-0.0011085000000000123,0.0013924797350410118
0.04875,0.07125,0.005,6.25e-08,-0.0278519,0.126763,-0.027076500000000094,0.12787099999999998,-0.0007753999999999053,-0.0011079999999999979,0.0013523716796797576
0.05125,0.07125,0.005,6.25e-08,-0.0281906,0.105795,-0.027502525000000097,0.106881,-0.0006880749999999027,-0.0010860000000000036,0.001285629497804431
0.05375,0.07125,0.005,6.25e-08,-0.0297975,0.0825335,-0.029218900000000107,0.083577,-0.0005785999999998945,-0.0010435000000000028,0.0011931765208886252
0.05625,0.07125,0.005,6.25e-08,-0.0328643,0.056732,-0.03242037500000011,0.05770939999999999,-0.00044392499999988677,-0.0009773999999999894,0.0010734897137955625
0.05875,0.07125,0.005,6.25e-08,-0.0375642,0.0281274,-0.03728460000000011,0.029011025000000027,-0.0002795999999998869,-0.0008836250000000268,0.0009268059670853356
0.06125,0.07125,0.005,6.25e-08,-0.0440423,-0.00355521,-0.043961725000000125,-0.002801130750000021,-8.05749999998745e-05,-0.000754079249999979,0.0007583718388135932
0.06375,0.07125,0.005,6.25e-08,-0.0523991,-0.0385962,-0.052557475000000145,-0.03802015000000013,0.00015837500000014798,-0.0005760499999998697,0.000597424675691335
0.06625,0.07125,0.005,6.25e-08,-0.0626636,-0.0772643,-0.06310565000000015,-0.07693425000000015,0.00044205000000015204,-0.00033004999999984574,0.0005516712834651018
0.06875,0.07125,0.005,6.25e-08,-0.0747512,-0.119781,-0.07552340000000016,-0.11979275000000017,0.0007722000000001533,1.1750000000171346e-05,0.0007722893903843564
0.07125,0.07125,0.005,6.25e-08,-0.088399,-0.166252,-0.08954102500000008,-0.1667349999999999,0.0011420250000000742,0.0004829999999999002,0.0012399637497221736
0.07375,0.07125,0.005,6.25e-08,-0.103071,-0.216529,-0.10459752500000008,-0.2176484999999999,0.001526525000000084,0.0011194999999999122,0.0018930290081309003
0.07625,0.07125,0.005,6.25e-08,-0.117834,-0.269976,-0.11970000000000006,-0.2719124999999999,0.001866000000000062,0.0019364999999998966,0.002689235625600671
0.07875,0.07125,0.005,6.25e-08,-0.131217,-0.325077,-0.13326500000000013,-0.32796225000000023,0.002048000000000133,0.002885250000000228,0.0035382158727954773
0.08125,0.07125,0.005,6.25e-08,-0.141115,-0.378884,-0.1430175000000001,-0.3826592500000002,0.0019025000000001124,0.0037752500000001743,0.004227531053996144
0.08375,0.07125,0.005,6.25e-08,-0.144852,-0.426349,-0.14609525000000004,-0.4305587500000001,0.001243250000000029,0.004209750000000123,0.004389494916844205
0.08625,0.07125,0.005,6.25e-08,-0.139551,-0.459804,-0.13958200000000007,-0.46344149999999995,3.100000000005876e-05,0.00363749999999996,0.0036376320938214346
0.08875,0.07125,0.005,6.25e-08,-0.122986,-0.469063,-0.12161675000000008,-0.4707572499999999,-0.0013692499999999191,0.0016942499999998972,0.0021783775212298327
0.09125,0.07125,0.005,6.25e-08,-0.0951257,-0.442855,-0.09290175000000009,-0.44164775,-0.002223949999999905,-0.001207249999999993,0.0025304952410545177
0.09375,0.07125,0.005,6.25e-08,-0.0600429,-0.372067,-0.05787712499999999,-0.3684034999999999,-0.0021657750000000156,-0.0036635000000000972,0.004255797645638921
0.095625,0.071875,0.005,1.5625e-08,-0.033129,-0.287251,-0.0328386999999999,-0.2914044999999995,-0.0002903000000000974,0.0041534999999995326,0.004163632589457933
0.098125,0.070625,0.005,1.5625e-08,-0.00681319,-0.130786,-0.00668022999999995,-0.1299027499999995,-0.00013296000000004998,-0.0008832500000005017,0.0008932015025182725
0.00125,0.07375,0.005,6.25e-08,-0.000910216,0.04014,-0.0006516294999999994,0.03850002499999999,-0.0002585865000000006,0.0016399750000000088,0.001660236422503518
0.00375,0.07375,0.005,6.25e-08,-0.00527896,0.106498,-0.005285919999999996,0.10498224999999999,6.9599999999959625e-06,0.0015157500000000101,0.001515765979331912
0.00625,0.07375,0.005,6.25e-08,-0.0131787,0.157992,-0.012807624999999994,0.15693025,-0.00037107500000000543,0.0010617500000000002,0.0011247265081454265
0.00875,0.07375,0.005,6.25e-08,-0.0219615,0.195625,-0.021319599999999994,0.195148,-0.0006419000000000043,0.0004770000000000052,0.0007997278349538738
0.01125,0.07375,0.005,6.25e-08,-0.0299684,0.221412,-0.029290824999999986,0.22144175,-0.0006775750000000136,-2.9749999999995058e-05,0.0006782277958953158
0.01375,0.07375,0.005,6.25e-08,-0.03633,0.237633,-0.03572594999999999,0.23800725,-0.0006040500000000087,-0.00037424999999999264,0.0007105909266237537
0.01625,0.07375,0.005,6.25e-08,-0.0406389,0.246442,-0.040126499999999996,0.24699725,-0.0005124000000000031,-0.0005552500000000071,0.0007555503441201063
0.01875,0.07375,0.005,6.25e-08,-0.0428224,0.249679,-0.042366600000000004,0.25029025,-0.0004557999999999923,-0.0006112499999999799,0.0007624829194808028
0.02125,0.07375,0.005,6.25e-08,-0.0430198,0.248806,-0.04256030000000001,0.2494015,-0.0004594999999999877,-0.0005954999999999988,0.0007521705258782661
0.02375,0.07375,0.005,6.25e-08,-0.041479,0.244924,-0.04095470000000001,0.24548050000000002,-0.0005242999999999914,-0.0005565000000000153,0.0007645801069868402
0.02625,0.07375,0.005,6.25e-08,-0.0384934,0.238821,-0.03785740000000003,0.239353,-0.0006359999999999699,-0.0005320000000000047,0.0008291682579549018
0.02875,0.07375,0.005,6.25e-08,-0.0343646,0.231032,-0.03359287500000003,0.23157575000000002,-0.0007717249999999731,-0.0005437500000000373,0.0009440463643937193
0.03125,0.07375,0.005,6.25e-08,-0.0293835,0.221896,-0.02847985000000004,0.22249625,-0.0009036499999999607,-0.0006002499999999966,0.001084842562310276
0.03375,0.07375,0.005,6.25e-08,-0.0238296,0.211609,-0.022821625000000047,0.21229949999999997,-0.0010079749999999527,-0.0006904999999999828,0.001221803523740573
0.03625,0.07375,0.005,6.25e-08,-0.0179776,0.200256,-0.01690430000000006,0.20105300000000004,-0.0010732999999999403,-0.0007970000000000477,0.0013368552240238835
0.03875,0.07375,0.005,6.25e-08,-0.0120984,0.187836,-0.010998325000000066,0.18873525000000002,-0.0011000749999999348,-0.0008992500000000181,0.0014208502975770843
0.04125,0.07375,0.005,6.25e-08,-0.00645649,0.174276,-0.005361740000000075,0.17526100000000003,-0.0010947499999999248,-0.0009850000000000414,0.0014726515414380677
0.04375,0.07375,0.005,6.25e-08,-0.00130784,0.159452,-0.00024342750000008414,0.1605005,-0.0010644124999999159,-0.00104849999999998,0.001494097125409198
0.04625,0.07375,0.005,6.25e-08,0.00309878,0.143198,0.004113917499999908,0.14428725000000003,-0.0010151374999999075,-0.0010892500000000416,0.0014889491953744268
0.04875,0.07375,0.005,6.25e-08,0.00652164,0.125323,0.0074715774999999,0.1264295,-0.0009499374999998996,-0.0011065000000000103,0.0014583290108566317
0.05125,0.07375,0.005,6.25e-08,0.00872451,0.105608,0.009593537499999893,0.106711,-0.0008690274999998936,-0.0011030000000000068,0.0014042142983733217
0.05375,0.07375,0.005,6.25e-08,0.00947494,0.0838173,0.010246072499999887,0.084896525,-0.0007711324999998877,-0.001079225000000003,0.0013264131834315744
0.05625,0.07375,0.005,6.25e-08,0.00854559,0.0596917,0.00919887749999988,0.0607266,-0.000653287499999879,-0.0010348999999999983,0.0012238474446008736
0.05875,0.07375,0.005,6.25e-08,0.00571668,0.0329523,0.00622777659999988,0.03391937500000003,-0.0005110965999998796,-0.0009670750000000325,0.0010938253014793997
0.06125,0.07375,0.005,6.25e-08,0.000781235,0.00329677,0.0011207799999998689,0.0041663372499999825,-0.00033954499999986883,-0.0008695672499999824,0.0009335084409352938
0.06375,0.07375,0.005,6.25e-08,-0.00644375,-0.029601,-0.0063109575000001574,-0.02886935000000012,-0.00013279249999984238,-0.0007316499999998789,0.0007436031001522459
0.06625,0.07375,0.005,6.25e-08,-0.0160973,-0.0660866,-0.016212967500000168,-0.06555057500000014,0.00011566750000016959,-0.0005360249999998568,0.0005483628098085571
0.06875,0.07375,0.005,6.25e-08,-0.0282406,-0.106511,-0.028651900000000178,-0.10625285000000015,0.0004113000000001768,-0.000258149999999846,0.0004856018044654137
0.07125,0.07375,0.005,6.25e-08,-0.0427987,-0.151186,-0.043553875000000096,-0.15132549999999992,0.000755175000000094,0.00013949999999993135,0.0007679515158036494
0.07375,0.07375,0.005,6.25e-08,-0.0594653,-0.200293,-0.06060207500000008,-0.2009944999999999,0.0011367750000000829,0.0007014999999999105,0.0013357992553617714
0.07625,0.07375,0.005,6.25e-08,-0.077559,-0.253676,-0.07907790000000006,-0.2551504999999999,0.001518900000000059,0.0014744999999998787,0.0021168862652489913
0.07875,0.07375,0.005,6.25e-08,-0.0958291,-0.310465,-0.09764297500000016,-0.3129367500000002,0.0018138750000001591,0.002471750000000217,0.0030658914817923103
0.08125,0.07375,0.005,6.25e-08,-0.112253,-0.36844,-0.11410575000000013,-0.3720347500000002,0.0018527500000001251,0.003594750000000202,0.00404412043898323
0.08375,0.07375,0.005,6.25e-08,-0.123933,-0.42314,-0.12531850000000008,-0.42764725000000015,0.0013855000000000811,0.004507250000000129,0.0047153910561586925
0.08625,0.07375,0.005,6.25e-08,-0.127301,-0.466896,-0.12750200000000006,-0.4714434999999999,0.00020100000000006224,0.004547499999999927,0.004551939943584423
0.08875,0.07375,0.005,6.25e-08,-0.118856,-0.488349,-0.11734075000000006,-0.49128025,-0.0015152499999999403,0.0029312499999999964,0.003299728644146333
0.09125,0.07375,0.005,6.25e-08,-0.0966917,-0.473349,-0.09392967500000007,-0.4728705,-0.002762024999999932,-0.0004784999999999928,0.0028031668431658893
0.09375,0.07375,0.005,6.25e-08,-0.0633301,-0.408166,-0.060816024999999996,-0.40398299999999987,-0.0025140750000000045,-0.004183000000000103,0.004880375201316584
0.095625,0.074375,0.005,1.5625e-08,-0.0386804,-0.31595,-0.0352707499999999,-0.3240834999999995,-0.0034096500000000973,0.008133499999999516,0.008819270682573066
0.098125,0.073125,0.005,1.5625e-08,-0.00673901,-0.149784,-0.007367404999999945,-0.14751149999999943,0.0006283949999999448,-0.0022725000000005657,0.002357782120134832
0.00125,0.07625,0.005,6.25e-08,-0.00125326,0.0432056,-0.0008692439999999993,0.04141027499999999,-0.0003840160000000007,0.0017953250000000073,0.0018359357679072071
0.00375,0.07625,0.005,6.25e-08,-0.00693489,0.113783,-0.0068934024999999935,0.11218024999999997,-4.148750000000645e-05,0.0016027500000000278,0.0016032868661460243
0.00625,0.07625,0.005,6.25e-08,-0.016725,0.167052,-0.01625134999999999,0.16603549999999997,-0.0004736500000000095,0.0010165000000000313,0.0011214350505045188
0.00875,0.07625,0.005,6.25e-08,-0.0269341,0.204409,-0.026206024999999987,0.20408049999999997,-0.000728075000000012,0.0003285000000000371,0.0007987524370072632
0.01125,0.07625,0.005,6.25e-08,-0.0354223,0.22859,-0.034738924999999976,0.22878549999999997,-0.0006833750000000208,-0.00019549999999998735,0.0007107894488700739
0.01375,0.07625,0.005,6.25e-08,-0.0412391,0.242532,-0.040706749999999986,0.24301575,-0.0005323500000000148,-0.000483750000000005,0.0007193125780910693
0.01625,0.07625,0.005,6.25e-08,-0.0440835,0.248875,-0.04368714999999999,0.24944224999999998,-0.0003963500000000106,-0.0005672499999999636,0.0006920013619928556
0.01875,0.07625,0.005,6.25e-08,-0.0440721,0.249763,-0.043735699999999995,0.25027750000000004,-0.0003364000000000075,-0.0005145000000000288,0.0006147155521052276
0.02125,0.07625,0.005,6.25e-08,-0.0415439,0.246813,-0.041171775,0.24721925,-0.00037212500000000093,-0.0004062499999999969,0.000550922933017857
0.02375,0.07625,0.005,6.25e-08,-0.0369192,0.241192,-0.036428200000000015,0.24149500000000002,-0.0004909999999999845,-0.00030300000000002547,0.0005769662035162893
0.02625,0.07625,0.005,6.25e-08,-0.0306286,0.233703,-0.02996242500000002,0.2339485,-0.0006661749999999772,-0.0002455000000000096,0.0007099713942300594
0.02875,0.07625,0.005,6.25e-08,-0.0230754,0.224865,-0.022211350000000032,0.22512325000000002,-0.0008640499999999669,-0.0002582500000000154,0.00090181786686667
0.03125,0.07625,0.005,6.25e-08,-0.0146177,0.214991,-0.013573900000000043,0.21534050000000005,-0.0010437999999999576,-0.0003495000000000581,0.001100758234127709
0.03375,0.07625,0.005,6.25e-08,-0.00558016,0.204263,-0.004408832750000054,0.20475875000000004,-0.0011713272499999459,-0.0004957500000000448,0.0012719180748351996
0.03625,0.07625,0.005,6.25e-08,0.00372434,0.192762,0.004960488249999936,0.19342050000000002,-0.0012361482499999364,-0.0006585000000000341,0.0014006015657487857
0.03875,0.07625,0.005,6.25e-08,0.0129907,0.180478,0.014238587499999927,0.18128550000000004,-0.0012478874999999265,-0.0008075000000000443,0.0014863645120414232
0.04125,0.07625,0.005,6.25e-08,0.0219274,0.167326,0.023150124999999917,0.16825625000000002,-0.0012227249999999176,-0.0009302500000000213,0.0015363663261490856
0.04375,0.07625,0.005,6.25e-08,0.0302583,0.153173,0.03143314999999991,0.15419175000000002,-0.0011748499999999114,-0.0010187500000000127,0.001555031859802177
0.04625,0.07625,0.005,6.25e-08,0.0377196,0.137845,0.0388333999999999,0.138922,-0.001113799999999901,-0.0010769999999999946,0.0015493480693503858
0.04875,0.07625,0.005,6.25e-08,0.0440555,0.121144,0.04509979999999989,0.12225225000000002,-0.001044299999999894,-0.001108250000000019,0.0015227542653034403
0.05125,0.07625,0.005,6.25e-08,0.0490143,0.10285,0.04998119999999988,0.1039665,-0.0009668999999998817,-0.0011165000000000064,0.0014769793024953957
0.05375,0.07625,0.005,6.25e-08,0.0523439,0.0827226,0.05322387499999988,0.083828575,-0.0008799749999998802,-0.001105975000000009,0.0014133423864194441
0.05625,0.07625,0.005,6.25e-08,0.0537902,0.0605035,0.054570199999999874,0.061580224999999995,-0.0007799999999998711,-0.0010767249999999937,0.0013295626068842285
0.05875,0.07625,0.005,6.25e-08,0.0530968,0.0359092,0.053758649999999866,0.036936800000000033,-0.0006618499999998667,-0.0010276000000000313,0.00122229586536971
0.06125,0.07625,0.005,6.25e-08,0.0500054,0.00862782,0.050525299999999856,0.009581584999999988,-0.000519899999999858,-0.0009537649999999884,0.0010862613337612778
0.06375,0.07625,0.005,6.25e-08,0.0442622,-0.0216878,0.044609849999999826,-0.020841675000000108,-0.0003476499999998245,-0.0008461249999998921,0.000914761191855391
0.06625,0.07625,0.005,6.25e-08,0.0356295,-0.0554274,0.03576704999999982,-0.054737175000000124,-0.00013754999999981976,-0.0006902249999998777,0.0007037972386453229
0.06875,0.07625,0.005,6.25e-08,0.0239093,-0.0930269,0.023791774999999803,-0.09256250000000016,0.00011752500000019803,-0.00046439999999983717,0.00047904017120163866
0.07125,0.07625,0.005,6.25e-08,0.00898993,-0.134958,0.008566236249999894,-0.1348214999999999,0.00042369375000010645,-0.00013650000000009488,0.0004451389039268289
0.07375,0.07625,0.005,6.25e-08,-0.00907148,-0.181679,-0.009851514750000094,-0.1820179999999999,0.0007800347500000939,0.00033899999999989494,0.0008505146743047047
0.07625,0.07625,0.005,6.25e-08,-0.0299035,-0.233495,-0.03107250000000008,-0.23451974999999992,0.0011690000000000797,0.0010247499999999077,0.001554565393446026
0.07875,0.07625,0.005,6.25e-08,-0.0525921,-0.290238,-0.054126950000000194,-0.2922187500000002,0.0015348500000001916,0.0019807500000001976,0.0025058202419569867
0.08125,0.07625,0.005,6.25e-08,-0.0753816,-0.350614,-0.07712062500000018,-0.35383475000000025,0.0017390250000001717,0.003220750000000272,0.003660251154378255
0.08375,0.07625,0.005,6.25e-08,-0.0953933,-0.411132,-0.09689770000000014,-0.41569925000000024,0.0015044000000001417,0.004567250000000245,0.004808637220928885
0.08625,0.07625,0.005,6.25e-08,-0.108593,-0.464699,-0.10902325000000004,-0.4701007499999999,0.00043025000000004865,0.0054017499999999274,0.005418857640222638
0.08875,0.07625,0.005,6.25e-08,-0.110373,-0.499379,-0.10864750000000006,-0.50395125,-0.0017254999999999354,0.004572249999999944,0.004887005249894793
0.09125,0.07625,0.005,6.25e-08,-0.0971232,-0.498268,-0.09272857500000008,-0.49948024999999996,-0.00439462499999993,0.0012122499999999703,0.00455875848813296
0.09375,0.07625,0.005,6.25e-08,-0.0684037,-0.442308,-0.063162025,-0.43872849999999985,-0.005241675000000001,-0.0035795000000001242,0.006347281075832856
0.09625,0.07625,0.005,6.25e-08,-0.0295888,-0.316231,-0.028764674999999903,-0.3109979999999995,-0.0008241250000000956,-0.005233000000000487,0.005297496674433148
0.098125,0.076875,0.005,1.5625e-08,-0.0179969,-0.165375,-0.008535064999999939,-0.17697174999999932,-0.00946183500000006,0.011596749999999323,0.014966994759460246
0.00125,0.07875,0.005,6.25e-08,-0.00177391,0.0473302,-0.0012135467500000011,0.04535982500000001,-0.0005603632499999989,0.0019703749999999895,0.0020485078990756956
0.00375,0.07875,0.005,6.25e-08,-0.00942593,0.12319,-0.009372790000000008,0.12156175000000002,-5.313999999999319e-05,0.00162824999999997,0.0016291169148038153
0.00625,0.07875,0.005,6.25e-08,-0.0219487,0.178102,-0.02141760000000002,0.17723875000000006,-0.0005310999999999823,0.0008632499999999543,0.0010135421907843316
0.00875,0.07875,0.005,6.25e-08,-0.0340828,0.214301,-0.033332175000000026,0.21421750000000006,-0.000750624999999977,8.349999999993085e-05,0.0007552550169478876
0.01125,0.07875,0.005,6.25e-08,-0.0430877,0.235724,-0.042478375000000027,0.23612400000000003,-0.0006093249999999731,-0.0004000000000000392,0.0007288874780273006
0.01375,0.07875,0.005,6.25e-08,-0.0480196,0.246275,-0.04763525000000002,0.24684675,-0.0003843499999999847,-0.0005717500000000098,0.0006889288678811474
0.01625,0.07875,0.005,6.25e-08,-0.0488217,0.249241,-0.04859970000000001,0.24974799999999997,-0.00022199999999999304,-0.0005069999999999797,0.0005534735766050411
0.01875,0.07875,0.005,6.25e-08,-0.0459303,0.247111,-0.045744875000000004,0.2474225,-0.000185424999999996,-0.00031149999999999234,0.0003625116282617617
0.02125,0.07875,0.005,6.25e-08,-0.0399743,0.241632,-0.039693674999999984,0.24172824999999995,-0.0002806250000000135,-9.624999999993666e-05,0.00029667229922086656
0.02375,0.07875,0.005,6.25e-08,-0.0315962,0.233994,-0.031123749999999978,0.23392549999999995,-0.0004724500000000201,6.850000000005463e-05,0.0004773900423134383
0.02625,0.07875,0.005,6.25e-08,-0.0213913,0.22497,-0.02067147499999997,0.22482449999999995,-0.0007198250000000281,0.00014550000000004837,0.0007343829250636582
0.02875,0.07875,0.005,6.25e-08,-0.00987766,0.215023,-0.008895892499999959,0.21491324999999997,-0.000981767500000041,0.00010975000000001955,0.0009878828303783475
0.03125,0.07875,0.005,6.25e-08,0.00252474,0.204403,0.003725117000000053,0.20445549999999996,-0.0012003770000000528,-5.249999999995536e-05,0.0012015245283093982
0.03375,0.07875,0.005,6.25e-08,0.015457,0.193267,0.016784550000000065,0.19355774999999997,-0.0013275500000000644,-0.0002907499999999785,0.0013590160282351928
0.03625,0.07875,0.005,6.25e-08,0.0285712,0.181685,0.029931275000000077,0.18222349999999998,-0.0013600750000000751,-0.0005384999999999696,0.0014628008256851552
0.03875,0.07875,0.005,6.25e-08,0.0415285,0.169635,0.04285502500000009,0.17038299999999998,-0.0013265250000000853,-0.0007479999999999709,0.0015228829815928677
0.04125,0.07875,0.005,6.25e-08,0.0540139,0.157012,0.055273275000000094,0.15791899999999998,-0.0012593750000000972,-0.0009069999999999634,0.0015519904608679714
0.04375,0.07875,0.005,6.25e-08,0.0657396,0.143663,0.0669204750000001,0.14467974999999997,-0.001180875000000109,-0.0010167499999999552,0.0015582831347753098
0.04625,0.07875,0.005,6.25e-08,0.0764368,0.129405,0.0775397750000001,0.13049,-0.0011029750000001032,-0.0010850000000000026,0.0015471841682958216
0.04875,0.07875,0.005,6.25e-08,0.0858462,0.114033,0.08687625000000013,0.11515349999999996,-0.0010300500000001295,-0.0011204999999999687,0.0015220128949848606
0.05125,0.07875,0.005,6.25e-08,0.0937104,0.0973261,0.09467152500000013,0.09845889999999997,-0.000961125000000132,-0.0011327999999999755,0.00148559654873899
0.05375,0.07875,0.005,6.25e-08,0.0997676,0.0790493,0.10066015000000014,0.08017602499999998,-0.0008925500000001446,-0.0011267249999999812,0.0014374125114681644
0.05625,0.07875,0.005,6.25e-08,0.103747,0.0589497,0.10456532500000014,0.060054849999999986,-0.0008183250000001335,-0.0011051499999999853,0.001375140839377984
0.05875,0.07875,0.005,6.25e-08,0.105365,0.0367522,0.10609747500000016,0.03781975000000003,-0.0007324750000001629,-0.0010675500000000282,0.0012946747190415433
0.06125,0.07875,0.005,6.25e-08,0.104324,0.0121521,0.10495165000000016,0.013161867500000007,-0.00062765000000016,-0.0010097675000000066,0.001188938571397389
0.06375,0.07875,0.005,6.25e-08,0.100313,-0.0151962,0.10080892500000015,-0.014272235000000065,-0.0004959250000001469,-0.0009239649999999346,0.0010486433744843976
0.06625,0.07875,0.005,6.25e-08,0.0930116,-0.045694,0.09333957500000015,-0.044896400000000065,-0.0003279750000001469,-0.0007975999999999331,0.0008623997684513775
0.06875,0.07875,0.005,6.25e-08,0.0821028,-0.0798168,0.08221817500000013,-0.07920472500000006,-0.0001153750000001258,-0.0006120749999999342,0.0006228540729977998
0.07125,0.07875,0.005,6.25e-08,0.0673032,-0.118133,0.06715287500000022,-0.11779224999999983,0.00015032499999977078,-0.0003407500000001673,0.0003724354549785038
0.07375,0.07875,0.005,6.25e-08,0.0484246,-0.161304,0.04795100000000023,-0.16136024999999982,0.00047359999999976865,5.6249999999813394e-05,0.0004769287394357357
0.07625,0.07875,0.005,6.25e-08,0.0254998,-0.210029,0.02465017500000024,-0.2106644999999998,0.0008496249999997603,0.0006354999999998168,0.0010610008909630376
0.07875,0.07875,0.005,6.25e-08,-0.000980976,-0.264822,-0.0022374199999999223,-0.2663010000000001,0.0012564439999999224,0.001479000000000119,0.0019406422970594446
0.08125,0.07875,0.005,6.25e-08,-0.0297026,-0.325434,-0.03131889999999994,-0.3281310000000001,0.001616299999999942,0.002697000000000116,0.0031442383322516183
0.08375,0.07875,0.005,6.25e-08,-0.0580745,-0.3897,-0.059768349999999956,-0.3940365000000001,0.0016938499999999551,0.004336500000000132,0.004655573012261862
0.08625,0.07875,0.005,6.25e-08,-0.0818937,-0.45176,-0.08287382499999986,-0.4577829999999998,0.0009801249999998596,0.0060229999999997785,0.0061022269718211935
0.08875,0.07875,0.005,6.25e-08,-0.0955215,-0.499942,-0.09437102499999993,-0.5064204999999999,-0.0011504750000000674,0.006478499999999943,0.006579859799085723
0.09125,0.07875,0.005,6.25e-08,-0.093159,-0.515132,-0.08859622500000003,-0.51918675,-0.004562774999999977,0.004054749999999996,0.0061040898800005195
0.09375,0.07875,0.005,6.25e-08,-0.071901,-0.472307,-0.06475025,-0.4712812500000001,-0.007150750000000011,-0.001025749999999881,0.007223945502632195
0.09625,0.07875,0.005,6.25e-08,-0.0377745,-0.348869,-0.03102177499999991,-0.34375349999999966,-0.006752725000000091,-0.005115500000000328,0.008471578080595704
0.09875,0.07875,0.005,6.25e-08,-0.0108404,-0.138902,-0.004330809999999956,-0.13325649999999933,-0.006509590000000044,-0.005645500000000664,0.00861663694361716
0.00125,0.08125,0.005,6.25e-08,-0.00250644,0.0530121,-0.0017558402500000019,0.05093195000000002,-0.0007505997499999981,0.002080149999999982,0.002211430308013342
0.00375,0.08125,0.005,6.25e-08,-0.0130551,0.135705,-0.01314005000000001,0.13417875000000004,8.495000000001071e-05,0.0015262499999999513,0.0015286123004214813
0.00625,0.08125,0.005,6.25e-08,-0.0293842,0.191873,-0.028936100000000027,0.19130750000000005,-0.00044809999999997213,0.000565499999999941,0.0007215149755894942
0.00875,0.08125,0.005,6.25e-08,-0.0438413,0.225498,-0.043206900000000034,0.22573375000000007,-0.0006343999999999655,-0.0002357500000000623,0.000676787575609944
0.01125,0.08125,0.005,6.25e-08,-0.0530361,0.242514,-0.052624275000000026,0.24308675000000002,-0.0004118249999999768,-0.0005727500000000108,0.0007054377315716769
0.01375,0.08125,0.005,6.25e-08,-0.0562668,0.248224,-0.056113050000000025,0.2487725,-0.00015374999999997335,-0.0005485000000000073,0.0005696413893845844
0.01625,0.08125,0.005,6.25e-08,-0.0539714,0.246734,-0.05395940000000001,0.247025,-1.1999999999991184e-05,-0.0002909999999999857,0.00029124731758419935
0.01875,0.08125,0.005,6.25e-08,-0.0471039,0.240882,-0.0470583,0.24081274999999996,-4.559999999999981e-05,6.925000000004844e-05,8.291515241502419e-05
0.02125,0.08125,0.005,6.25e-08,-0.0366938,0.232459,-0.03645627499999998,0.23207699999999995,-0.0002375250000000162,0.00038200000000004897,0.0004498245498247568
0.02375,0.08125,0.005,6.25e-08,-0.0236464,0.222596,-0.023131099999999974,0.22201799999999997,-0.0005153000000000275,0.0005780000000000229,0.0007743501081552549
0.02625,0.08125,0.005,6.25e-08,-0.00873909,0.21198,-0.007913032499999957,0.21133824999999992,-0.0008260575000000429,0.0006417500000000798,0.0010460468707502659
0.02875,0.08125,0.005,6.25e-08,0.0073895,0.200957,0.008523050000000058,0.20041049999999996,-0.0011335500000000578,0.0005465000000000331,0.0012584108440808063
0.03125,0.08125,0.005,6.25e-08,0.0242769,0.189663,0.025636050000000073,0.18940049999999997,-0.0013591500000000728,0.0002625000000000266,0.0013842669440899801
0.03375,0.08125,0.005,6.25e-08,0.0415519,0.178216,0.04298925000000008,0.17833899999999997,-0.0014373500000000802,-0.00012299999999995648,0.0014426032103458733
0.03625,0.08125,0.005,6.25e-08,0.0588367,0.166689,0.0602219250000001,0.16717299999999996,-0.001385225000000101,-0.0004839999999999567,0.0014673460057618441
0.03875,0.08125,0.005,6.25e-08,0.0757575,0.155036,0.0770255750000001,0.15579449999999997,-0.0012680750000000907,-0.0007584999999999675,0.0014776117404870538
0.04125,0.08125,0.005,6.25e-08,0.0919856,0.143117,0.09312502500000011,0.14406174999999993,-0.0011394250000001105,-0.0009447499999999387,0.0014801492806893284
0.04375,0.08125,0.005,6.25e-08,0.107237,0.130753,0.10826425000000012,0.13181074999999998,-0.0010272500000001183,-0.0010577499999999684,0.0014744753728021965
0.04625,0.08125,0.005,6.25e-08,0.121254,0.117741,0.12219475000000013,0.11886074999999996,-0.000940750000000129,-0.001119749999999961,0.0014624809827823934
0.04875,0.08125,0.005,6.25e-08,0.133789,0.103874,0.13466750000000016,0.10501974999999997,-0.0008785000000001708,-0.0011457499999999732,0.0014437816013858325
0.05125,0.08125,0.005,6.25e-08,0.144592,0.0889326,0.14542700000000014,0.09008292499999998,-0.0008350000000001412,-0.0011503249999999798,0.0014214332927102804
0.05375,0.08125,0.005,6.25e-08,0.153401,0.0726926,0.15420400000000017,0.07383219999999997,-0.0008030000000001647,-0.0011395999999999767,0.0013940936697367978
0.05625,0.08125,0.005,6.25e-08,0.15994,0.0549158,0.16071300000000016,0.056033724999999986,-0.0007730000000001624,-0.001117924999999985,0.001359148743009836
0.05875,0.08125,0.005,6.25e-08,0.163911,0.035346,0.1646452500000002,0.036431350000000015,-0.0007342500000001861,-0.0010853500000000127,0.0013103845561514762
0.06125,0.08125,0.005,6.25e-08,0.164987,0.0136999,0.1656665000000002,0.014737925000000002,-0.0006795000000001938,-0.0010380250000000032,0.001240651502487814
0.06375,0.08125,0.005,6.25e-08,0.162816,-0.0103464,0.16341325000000015,-0.009377850000000059,-0.0005972500000001602,-0.0009685499999999413,0.0011378913238970045
0.06625,0.08125,0.005,6.25e-08,0.157014,-0.0371763,0.15749075000000018,-0.036311375000000055,-0.0004767500000001923,-0.000864924999999947,0.000987616230185132
0.06875,0.08125,0.005,6.25e-08,0.147168,-0.0672618,0.14747575000000018,-0.06655160000000006,-0.0003077500000001898,-0.0007101999999999387,0.0007740116940331261
0.07125,0.08125,0.005,6.25e-08,0.132852,-0.101202,0.13293050000000026,-0.10072174999999985,-7.850000000025892e-05,-0.00048025000000015416,0.0004866233784973639
0.07375,0.08125,0.005,6.25e-08,0.113656,-0.139771,0.11344000000000025,-0.13962674999999983,0.00021599999999974417,-0.00014425000000017896,0.00025973845017621307
0.07625,0.08125,0.005,6.25e-08,0.0892792,-0.183946,0.08870232500000026,-0.1842859999999998,0.0005768749999997408,0.0003399999999998127,0.0006696153863409753
0.07875,0.08125,0.005,6.25e-08,0.0597445,-0.234826,0.0587325500000001,-0.23586475000000007,0.0010119499999999004,0.0010387500000000605,0.001450187699920229
0.08125,0.08125,0.005,6.25e-08,0.0257666,-0.293214,0.02425950000000007,-0.29531675,0.0015070999999999314,0.002102750000000042,0.0025870655137626435
0.08375,0.08125,0.005,6.25e-08,-0.0106772,-0.358592,-0.012583712499999955,-0.36232825000000013,0.0019065124999999555,0.0037362500000001075,0.004194562429521926
0.08625,0.08125,0.005,6.25e-08,-0.0455578,-0.426997,-0.0473594499999998,-0.43299849999999973,0.0018016499999998006,0.006001499999999715,0.006266094874201624
0.08875,0.08125,0.005,6.25e-08,-0.0725018,-0.488124,-0.07283309999999987,-0.49603299999999984,0.0003312999999998678,0.007908999999999833,0.007915935869497508
0.09125,0.08125,0.005,6.25e-08,-0.0834249,-0.521943,-0.08043007499999999,-0.5290285,-0.0029948250000000065,0.007085499999999967,0.0076924175023606566
0.09375,0.08125,0.005,6.25e-08,-0.071598,-0.49786,-0.065305525,-0.4997285000000001,-0.006292474999999992,0.0018685000000000507,0.006564033354243799
0.09625,0.08125,0.005,6.25e-08,-0.0401749,-0.38258,-0.033577599999999916,-0.3775204999999996,-0.006597300000000084,-0.005059500000000383,0.0083140187358464
0.09875,0.08125,0.005,6.25e-08,-0.0106073,-0.159299,-0.004907764999999951,-0.15032799999999927,-0.005699535000000049,-0.008971000000000728,0.010628430750408953
0.00125,0.08375,0.005,6.25e-08,-0.00339273,0.0610075,-0.002618982500000003,0.05903735000000003,-0.0007737474999999971,0.001970149999999969,0.0021166426756200783
0.00375,0.08375,0.005,6.25e-08,-0.018246,0.152756,-0.018833000000000016,0.15146350000000006,0.0005870000000000181,0.0012924999999999465,0.0014195510734030961
0.00625,0.08375,0.005,6.25e-08,-0.0396797,0.209075,-0.039565650000000036,0.20895475000000005,-0.00011404999999996279,0.00012024999999996067,0.00016573311377024826
0.00875,0.08375,0.005,6.25e-08,-0.056382,0.237773,-0.05607402500000004,0.23831850000000004,-0.00030797499999996036,-0.0005455000000000321,0.0006264334367073732
0.01125,0.08375,0.005,6.25e-08,-0.0645943,0.248038,-0.06452595000000004,0.24860550000000003,-6.834999999995317e-05,-0.0005675000000000263,0.000571601235565515
0.01375,0.08375,0.005,6.25e-08,-0.0644072,0.247071,-0.06453667500000003,0.2473655,0.00012947500000003165,-0.00029449999999997534,0.00032170487348654456
0.01625,0.08375,0.005,6.25e-08,-0.0571867,0.239927,-0.057345450000000006,0.23978974999999997,0.0001587500000000061,0.00013725000000003318,0.0002098550094708512
0.01875,0.08375,0.005,6.25e-08,-0.0446628,0.229742,-0.044639974999999985,0.22908624999999996,-2.282500000001797e-05,0.0006557500000000382,0.0006561471200310575
0.02125,0.08375,0.005,6.25e-08,-0.0283665,0.218112,-0.02800472499999995,0.21709924999999997,-0.00036177500000005025,0.0010127500000000345,0.0010754272235372815
0.02375,0.08375,0.005,6.25e-08,-0.00946124,0.205986,-0.008738822499999946,0.20481974999999994,-0.000722417500000053,0.001166250000000063,0.0013718695662512795
0.02625,0.08375,0.005,6.25e-08,0.0111075,0.193896,0.012156735000000071,0.19273349999999995,-0.001049235000000072,0.0011625000000000663,0.001565982226982575
0.02875,0.08375,0.005,6.25e-08,0.0325989,0.182007,0.03393012500000008,0.18103174999999994,-0.0013312250000000816,0.0009752500000000663,0.0016502340934320037
0.03125,0.08375,0.005,6.25e-08,0.0545458,0.170232,0.05601792500000011,0.16973924999999992,-0.0014721250000001088,0.0004927500000000695,0.0015524028401563135
0.03375,0.08375,0.005,6.25e-08,0.0765777,0.158693,0.07799052500000012,0.15878549999999994,-0.0014128250000001175,-9.249999999993985e-05,0.0014158498262970267
0.03625,0.08375,0.005,6.25e-08,0.0983046,0.147473,0.09950915000000013,0.14804849999999994,-0.0012045500000001236,-0.000575499999999951,0.001334968521164541
0.03875,0.08375,0.005,6.25e-08,0.119324,0.136485,0.12029300000000014,0.13737724999999995,-0.0009690000000001364,-0.0008922499999999556,0.0013172209619119282
0.04125,0.08375,0.005,6.25e-08,0.139315,0.125533,0.14009525000000014,0.12660324999999994,-0.0007802500000001489,-0.0010702499999999393,0.001324471639938018
0.04375,0.08375,0.005,6.25e-08,0.15803,0.114396,0.15868675000000015,0.11555124999999995,-0.0006567500000001503,-0.001155249999999955,0.0013288804028203942
0.04625,0.08375,0.005,6.25e-08,0.175249,0.102855,0.17584250000000018,0.10403849999999996,-0.0005935000000001911,-0.0011834999999999624,0.0013239767747208174
0.04875,0.08375,0.005,6.25e-08,0.190756,0.0906977,0.19133225000000015,0.09187904999999996,-0.0005762500000001392,-0.001181349999999956,0.0013144017213166058
0.05125,0.08375,0.005,6.25e-08,0.204322,0.0777178,0.20491350000000016,0.07888089999999998,-0.0005915000000001613,-0.0011630999999999725,0.001304865456665984
0.05375,0.08375,0.005,6.25e-08,0.215701,0.0637067,0.21632600000000018,0.06484464999999998,-0.000625000000000181,-0.001137949999999971,0.001298289336973912
0.05625,0.08375,0.005,6.25e-08,0.224621,0.0484501,0.2252837500000002,0.049559599999999975,-0.0006627500000002118,-0.0011094999999999716,0.0012923729386288686
0.05875,0.08375,0.005,6.25e-08,0.230781,0.0317206,0.2314725000000002,0.03279800000000001,-0.0006915000000002058,-0.0010774000000000061,0.001280219906891116
0.06125,0.08375,0.005,6.25e-08,0.233841,0.0132687,0.2345420000000002,0.014306049999999996,-0.0007010000000002015,-0.001037349999999996,0.0012519968140935
0.06375,0.08375,0.005,6.25e-08,0.233422,-0.00719136,0.2341005000000002,-0.006209537500000055,-0.0006785000000002206,-0.0009818224999999453,0.0011934561875102253
0.06625,0.08375,0.005,6.25e-08,0.229098,-0.0300018,0.2297095000000002,-0.02910282500000005,-0.0006115000000002091,-0.0008989749999999477,0.001087238842492836
0.06875,0.08375,0.005,6.25e-08,0.22039,-0.0555938,0.22087550000000017,-0.05482232500000005,-0.00048550000000016635,-0.0007714749999999521,0.000911528346034882
0.07125,0.08375,0.005,6.25e-08,0.206765,-0.0845388,0.2070512500000003,-0.08396277499999988,-0.0002862500000002932,-0.0005760250000001188,0.0006432292461675733
0.07375,0.08375,0.005,6.25e-08,0.187638,-0.117625,0.1876422500000003,-0.11734099999999983,-4.250000000288745e-06,-0.0002840000000001591,0.00028403179839604726
0.07625,0.08375,0.005,6.25e-08,0.162418,-0.155959,0.1620542500000003,-0.1560927499999998,0.00036374999999971847,0.0001337499999998215,0.0003875604791509932
0.07875,0.08375,0.005,6.25e-08,0.130672,-0.201048,0.1298180000000001,-0.20174725000000004,0.0008539999999999104,0.0006992500000000401,0.0011037511325022063
0.08125,0.08375,0.005,6.25e-08,0.0923367,-0.254649,0.09090915000000008,-0.25613575000000005,0.0014275499999999164,0.0014867500000000367,0.0020611464200778824
0.08375,0.08375,0.005,6.25e-08,0.0483574,-0.318158,0.046438425000000054,-0.32073000000000007,0.0019189749999999478,0.0025720000000000742,0.003208995021907199
0.08625,0.08375,0.005,6.25e-08,0.00232584,-0.389632,-0.00012330974999972307,-0.39459574999999963,0.002449149749999723,0.004963749999999656,0.005535083428496837
0.08875,0.08375,0.005,6.25e-08,-0.0392696,-0.461792,-0.0414581249999998,-0.4698864999999997,0.0021885249999997955,0.008094499999999727,0.008385139946692582
0.09125,0.08375,0.005,6.25e-08,-0.0666613,-0.515541,-0.06630689999999992,-0.5250922499999999,-0.000354400000000088,0.0095512499999999,0.009557822760571476
0.09375,0.08375,0.005,6.25e-08,-0.0686211,-0.51579,-0.0642281,-0.5211927500000001,-0.004393000000000008,0.005402750000000123,0.0069633437774176705
0.09625,0.08375,0.005,6.25e-08,-0.0431047,-0.416136,-0.036677649999999916,-0.4117984999999996,-0.006427050000000087,-0.004337500000000383,0.00775376540478911
0.09875,0.08375,0.005,6.25e-08,-0.0120981,-0.182661,-0.0057097374999999445,-0.16962324999999917,-0.006388362500000056,-0.01303775000000082,0.014518749963200286
0.00125,0.08625,0.005,6.25e-08,-0.00408043,0.0722853,-0.004031957499999995,0.07115219999999994,-4.847250000000573e-05,0.0011331000000000535,0.00113413632040261
0.00375,0.08625,0.005,6.25e-08,-0.0260981,0.176306,-0.027444599999999972,0.1752684999999999,0.0013464999999999727,0.00103750000000008,0.001699843669282588
0.00625,0.08625,0.005,6.25e-08,-0.0536815,0.22998,-0.05399254999999996,0.23036674999999995,0.0003110499999999586,-0.0003867499999999635,0.0004963140789862263
0.00875,0.08625,0.005,6.25e-08,-0.0709673,0.250028,-0.07115707499999996,0.250461,0.0001897749999999615,-0.0004330000000000167,0.0004727616213537218
0.01125,0.08625,0.005,6.25e-08,-0.0752009,0.250428,-0.07556579999999999,0.250272,0.00036489999999998746,0.00015599999999998948,0.0003968475903920642
0.01375,0.08625,0.005,6.25e-08,-0.0683155,0.240581,-0.06867314999999999,0.24005100000000004,0.00035764999999998714,0.0005299999999999472,0.0006393852692234431
0.01625,0.08625,0.005,6.25e-08,-0.0532732,0.226627,-0.053360225000000025,0.22572150000000007,8.702500000002528e-05,0.0009054999999999203,0.0009096722490132696
0.01875,0.08625,0.005,6.25e-08,-0.0327295,0.211835,-0.032369900000000056,0.21033800000000008,-0.0003595999999999461,0.001496999999999915,0.0015395847362193829
0.02125,0.08625,0.005,6.25e-08,-0.00875763,0.197058,-0.007846795250000064,0.19532350000000007,-0.0009108347499999364,0.0017344999999999444,0.001959109540532957
0.02375,0.08625,0.005,6.25e-08,0.0173509,0.182921,0.018666449999999897,0.1812467500000001,-0.001315549999999898,0.001674249999999905,0.0021292686220858595
0.02625,0.08625,0.005,6.25e-08,0.0445695,0.169768,0.046101224999999885,0.16825050000000008,-0.0015317249999998866,0.0015174999999999217,0.0021561511370088173
0.02875,0.08625,0.005,6.25e-08,0.0721212,0.157584,0.07372579999999987,0.1562765000000001,-0.0016045999999998728,0.001307499999999906,0.0020698544417420625
0.03125,0.08625,0.005,6.25e-08,0.099639,0.145571,0.10103527499999984,0.14517450000000007,-0.0013962749999998358,0.00039649999999993857,0.0014514806666382067
0.03375,0.08625,0.005,6.25e-08,0.126625,0.134362,0.12767049999999983,0.13476075000000007,-0.0010454999999998382,-0.0003987500000000588,0.0011189601478603733
0.03625,0.08625,0.005,6.25e-08,0.152734,0.123909,0.15336474999999983,0.12483950000000008,-0.000630749999999819,-0.0009305000000000702,0.0011241333606382751
0.03875,0.08625,0.005,6.25e-08,0.177604,0.114019,0.17790149999999982,0.11521650000000005,-0.0002974999999998118,-0.0011975000000000596,0.001233901333170538
0.04125,0.08625,0.005,6.25e-08,0.200986,0.104411,0.2010929999999998,0.10570300000000007,-0.0001069999999998017,-0.0012920000000000709,0.0012964231562264462
0.04375,0.08625,0.005,6.25e-08,0.222715,0.0948192,0.22275899999999976,0.09611575000000006,-4.399999999976645e-05,-0.001296550000000049,0.0012972963819035753
0.04625,0.08625,0.005,6.25e-08,0.242647,0.0850174,0.24271724999999977,0.08627702500000005,-7.024999999977188e-05,-0.001259625000000042,0.0012615824202663391
0.04875,0.08625,0.005,6.25e-08,0.260616,0.0748042,0.26077149999999977,0.07601267500000004,-0.00015549999999975306,-0.0012084750000000422,0.001218438375801183
0.05125,0.08625,0.005,6.25e-08,0.276433,0.0639925,0.2767067499999998,0.06514967500000005,-0.000273749999999795,-0.001157175000000052,0.0011891143944654811
0.05375,0.08625,0.005,6.25e-08,0.289879,0.0524013,0.29028299999999974,0.053513300000000034,-0.0004039999999997379,-0.0011120000000000366,0.0011831145337624204
0.05625,0.08625,0.005,6.25e-08,0.300697,0.0398488,0.3012297499999998,0.04092310000000002,-0.0005327499999998042,-0.001074300000000021,0.001199142632258497
0.05875,0.08625,0.005,6.25e-08,0.308595,0.0261456,0.30923924999999974,0.027187225000000037,-0.0006442499999997353,-0.0010416250000000356,0.0012247614882599522
0.06125,0.08625,0.005,6.25e-08,0.313236,0.0110855,0.3139622499999998,0.012094452500000007,-0.0007262499999997618,-0.0010089525000000071,0.0012431509199433183
0.06375,0.08625,0.005,6.25e-08,0.314231,-0.00556721,0.31499874999999977,-0.004598672500000052,-0.0007677499999997894,-0.0009685374999999488,0.0012359227125535914
0.06625,0.08625,0.005,6.25e-08,0.311137,-0.0240955,0.31189049999999974,-0.02318785000000007,-0.0007534999999997405,-0.00090764999999993,0.0011796570571566474
0.06875,0.08625,0.005,6.25e-08,0.30344,-0.0448631,0.30410699999999974,-0.04405407500000009,-0.0006669999999997511,-0.0008090249999999147,0.001048527753864689
0.07125,0.08625,0.005,6.25e-08,0.290542,-0.0683661,0.2910332499999998,-0.06771777499999997,-0.0004912499999997766,-0.0006483250000000329,0.0008134198596818393
0.07375,0.08625,0.005,6.25e-08,0.271746,-0.0953212,0.2719544999999998,-0.09492607499999998,-0.00020849999999983382,-0.00039512500000001005,0.00044676169892341784
0.07625,0.08625,0.005,6.25e-08,0.246249,-0.126818,0.24605224999999986,-0.12678599999999998,0.00019675000000013432,-3.200000000000425e-05,0.0001993353016905263
0.07875,0.08625,0.005,6.25e-08,0.213249,-0.164565,0.21244574999999966,-0.16494550000000022,0.0008032500000003384,0.0003805000000002279,0.0008888142733443907
0.08125,0.08625,0.005,6.25e-08,0.171655,-0.21109,0.1703657499999996,-0.21174925000000025,0.0012892500000004081,0.0006592500000002499,0.0014480249048277388
0.08375,0.08625,0.005,6.25e-08,0.121146,-0.269603,0.11968299999999961,-0.2700915000000004,0.0014630000000003945,0.0004885000000003914,0.0015424011313538177
0.08625,0.08625,0.005,6.25e-08,0.0646906,-0.339075,0.062172774999999965,-0.3421294999999999,0.002517825000000036,0.0030544999999999045,0.003958460935846734
0.08875,0.08625,0.005,6.25e-08,0.0077051,-0.418532,0.003839712500000003,-0.4250987499999999,0.003865387499999997,0.006566749999999899,0.0076199360947225075
0.09125,0.08625,0.005,6.25e-08,-0.0396547,-0.491588,-0.042633249999999984,-0.5021969999999999,0.0029785499999999826,0.010608999999999869,0.011019194212940306
0.09375,0.08625,0.005,6.25e-08,-0.0613371,-0.521708,-0.060015825000000016,-0.5310222499999999,-0.0013212749999999829,0.009314249999999968,0.009407498109918725
0.09625,0.08625,0.005,6.25e-08,-0.0463876,-0.447165,-0.0406486999999999,-0.44558574999999945,-0.005738900000000102,-0.0015792500000005316,0.0059522267910843965
0.09875,0.08625,0.005,6.25e-08,-0.0148295,-0.208678,-0.006940974999999926,-0.19208099999999897,-0.007888525000000075,-0.016597000000001028,0.01837632269186793
0.000625,0.089375,0.005,1.5625e-08,-0.00123516,0.0547865,-0.0023161984999999965,0.05070357499999996,0.0010810384999999966,0.004082925000000043,0.004223614659756213
0.00375,0.08875,0.005,6.25e-08,-0.04087,0.209088,-0.040493274999999954,0.2076229999999999,-0.000376725000000043,0.001465000000000105,0.001512662132012744
0.00625,0.08875,0.005,6.25e-08,-0.071871,0.253717,-0.07193174999999995,0.2538862499999999,6.0749999999942794e-05,-0.00016924999999989865,0.00017982248190912822
0.00875,0.08875,0.005,6.25e-08,-0.0837405,0.259432,-0.08454702499999998,0.25799275,0.0008065249999999885,0.001439250000000003,0.0016498251841104228
0.01125,0.08875,0.005,6.25e-08,-0.0777279,0.246434,-0.07842030000000001,0.24333375000000004,0.0006924000000000097,0.0031002499999999433,0.003176628373370052
0.01375,0.08875,0.005,6.25e-08,-0.0585144,0.225467,-0.05887380000000006,0.22263775000000008,0.0003594000000000583,0.002829249999999922,0.002851985961132979
0.01625,0.08875,0.005,6.25e-08,-0.0319011,0.204883,-0.031122175000000103,0.20157975000000006,-0.0007789249999998991,0.003303249999999952,0.0033938451228841494
0.01875,0.08875,0.005,6.25e-08,-0.000653114,0.185927,0.0010608449999998629,0.18227000000000007,-0.0017139589999998629,0.003656999999999938,0.0040387255977201615
0.02125,0.08875,0.005,6.25e-08,0.0327372,0.168505,0.035236674999999856,0.1652422500000001,-0.0024994749999998553,0.0032627499999998977,0.004110098884226949
0.02375,0.08875,0.005,6.25e-08,0.0671123,0.152962,0.06990874999999981,0.1504050000000001,-0.0027964499999998116,0.0025569999999998927,0.0037892455188992965
0.02625,0.08875,0.005,6.25e-08,0.101589,0.139339,0.1041816999999998,0.13745600000000008,-0.002592699999999795,0.0018829999999999125,0.003204338042404173
0.02875,0.08875,0.005,6.25e-08,0.135409,0.127686,0.13752524999999977,0.1260505000000001,-0.002116249999999764,0.001635499999999901,0.0026745792776619423
0.03125,0.08875,0.005,6.25e-08,0.168868,0.115797,0.16962349999999976,0.1158617500000001,-0.0007554999999997702,-6.475000000009945e-05,0.0007582696172864015
0.03375,0.08875,0.005,6.25e-08,0.200409,0.105479,0.20028199999999977,0.10660000000000008,0.00012700000000023803,-0.0011210000000000803,0.0011281710863163621
0.03625,0.08875,0.005,6.25e-08,0.229996,0.0964583,0.22937074999999973,0.09801037500000007,0.0006252500000002714,-0.0015520750000000694,0.0016732825129444086
0.03875,0.08875,0.005,6.25e-08,0.25765,0.0882467,0.25678699999999977,0.08987072500000008,0.0008630000000002247,-0.0016240250000000844,0.0018390829781784349
0.04125,0.08875,0.005,6.25e-08,0.283311,0.0804379,0.28243474999999973,0.08198312500000007,0.0008762500000002449,-0.0015452250000000667,0.001776382380886963
0.04375,0.08875,0.005,6.25e-08,0.306952,0.0727467,0.3062097499999997,0.07416942500000007,0.0007422500000002774,-0.001422725000000069,0.0016047060441481513
0.04625,0.08875,0.005,6.25e-08,0.328521,0.064965,0.32799124999999973,0.06626590000000007,0.0005297500000002731,-0.001300900000000077,0.0014046265953983961
0.04875,0.08875,0.005,6.25e-08,0.347916,0.056923,0.34763449999999974,0.05811922500000005,0.00028150000000026765,-0.0011962250000000507,0.0012289005251139215
0.05125,0.08875,0.005,6.25e-08,0.364992,0.0484692,0.3649667499999998,0.049582850000000046,2.5250000000198725e-05,-0.0011136500000000493,0.0011139362122671657
0.05375,0.08875,0.005,6.25e-08,0.379561,0.0394605,0.37978224999999965,0.04051330000000003,-0.0002212499999996731,-0.0010528000000000273,0.001075797100990662
0.05625,0.08875,0.005,6.25e-08,0.391394,0.0297556,0.3918392499999997,0.03076627500000003,-0.00044524999999967507,-0.0010106750000000303,0.0011044055043890229
0.05875,0.08875,0.005,6.25e-08,0.40022,0.0192098,0.40085449999999967,0.020191800000000034,-0.0006344999999996492,-0.000982000000000035,0.0011691510809128235
0.06125,0.08875,0.005,6.25e-08,0.405716,0.00766699,0.4064977499999997,0.00862711750000001,-0.0007817499999996924,-0.00096012750000001,0.0012381348386810657
0.06375,0.08875,0.005,6.25e-08,0.407509,-0.00505141,0.4083842499999997,-0.004113855000000038,-0.0008752499999997165,-0.0009375549999999623,0.0012826035788677784
0.06625,0.08875,0.005,6.25e-08,0.405162,-0.0191583,0.4060639999999997,-0.018257800000000053,-0.0009019999999996808,-0.0009004999999999465,0.0012745604144171934
0.06875,0.08875,0.005,6.25e-08,0.398159,-0.0349324,0.39900649999999965,-0.03410075000000007,-0.000847499999999668,-0.0008316499999999338,0.0011873912465987474
0.07125,0.08875,0.005,6.25e-08,0.385886,-0.0527619,0.38657949999999974,-0.05205654999999999,-0.000693499999999736,-0.0007053500000000074,0.0009891718114158148
0.07375,0.08875,0.005,6.25e-08,0.367588,-0.0732256,0.3680137499999998,-0.07273982500000001,-0.00042574999999978047,-0.00048577499999999385,0.0006459414935772489
0.07625,0.08875,0.005,6.25e-08,0.34232,-0.0972516,0.34236174999999974,-0.09710535,-4.1749999999729503e-05,-0.00014624999999998667,0.00015209248830883634
0.07875,0.08875,0.005,6.25e-08,0.309092,-0.126431,0.30845249999999963,-0.1266730000000002,0.0006395000000003481,0.00024200000000021427,0.000683757449685595
0.08125,0.08875,0.005,6.25e-08,0.265977,-0.163681,0.26489474999999957,-0.16385350000000026,0.001082250000000451,0.00017250000000026966,0.0010959111791112768
0.083125,0.089375,0.005,1.5625e-08,0.244069,-0.185762,0.25105899999999953,-0.18439675000000028,-0.006989999999999524,-0.0013652499999997347,0.007122078879266406
0.08625,0.08875,0.005,6.25e-08,0.146025,-0.274342,0.14421074999999994,-0.27651724999999994,0.001814250000000045,0.002175249999999962,0.002832528133134779
0.08875,0.08875,0.005,6.25e-08,0.0740957,-0.355807,0.06955282499999998,-0.35959149999999995,0.004542875000000016,0.0037844999999999684,0.005912711181482223
0.09125,0.08875,0.005,6.25e-08,0.00324895,-0.444974,-0.0024893299999999676,-0.4538062499999999,0.005738279999999967,0.00883224999999993,0.01053263962266337
0.09375,0.08875,0.005,6.25e-08,-0.046427,-0.509969,-0.04870245000000005,-0.52125325,0.002275450000000047,0.011284249999999996,0.01151138439828156
0.09625,0.08875,0.005,6.25e-08,-0.0469137,-0.472034,-0.04566112499999991,-0.4763492499999995,-0.001252575000000096,0.004315249999999493,0.0044933647407172355
0.09875,0.08875,0.005,6.25e-08,-0.0170748,-0.237836,-0.009043522499999903,-0.21947474999999883,-0.008031277500000098,-0.01836125000000116,0.020040881214271753
0.000625,0.091875,0.005,1.5625e-08,-0.00668333,0.0758987,-0.004245047499999993,0.07026879999999994,-0.0024382825000000075,0.005629900000000063,0.006135225795340135
0.003125,0.090625,0.005,1.5625e-08,-0.0446917,0.221841,-0.04287969999999995,0.21738324999999986,-0.0018120000000000497,0.004457750000000149,0.0048119516895436
0.00625,0.09125,0.005,6.25e-08,-0.089747,0.27327,-0.08851409999999997,0.27254025,-0.0012329000000000229,0.000729750000000029,0.0014326819160232667
0.008125,0.091875,0.005,1.5625e-08,-0.0783191,0.253519,-0.08347740000000006,0.25453325000000004,0.00515830000000006,-0.0010142500000000498,0.005257067809387731
0.010625,0.090625,0.005,1.5625e-08,-0.0666435,0.234541,-0.07194510000000007,0.23498050000000006,0.005301600000000073,-0.00043950000000006484,0.005319785974078358
0.01375,0.09125,0.005,6.25e-08,-0.0134516,0.192749,-0.015145843250000197,0.18942575000000014,0.0016942432500001974,0.003323249999999861,0.00373020786990086
0.015625,0.091875,0.005,1.5625e-08,0.0417024,0.162628,0.04172279999999971,0.15799650000000015,-2.0399999999712315e-05,0.004631499999999844,0.004631544926911381
0.018125,0.090625,0.005,1.5625e-08,0.0456157,0.161313,0.040568724999999764,0.15876025000000013,0.005046975000000238,0.0025527499999998815,0.005655836738549549
0.020625,0.090625,0.005,1.5625e-08,0.0872241,0.142583,0.08252359999999974,0.1407412500000001,0.00470050000000026,0.001841749999999892,0.005048439690884902
0.023125,0.090625,0.005,1.5625e-08,0.128119,0.126726,0.12339074999999972,0.1258175000000001,0.004728250000000295,0.0009084999999998955,0.004814739900815266
0.025625,0.090625,0.005,1.5625e-08,0.167631,0.113194,0.16255049999999965,0.11332825000000012,0.005080500000000349,-0.00013425000000011345,0.0050822734393678164
0.028125,0.090625,0.005,1.5625e-08,0.205876,0.100454,0.1997342499999997,0.1027118250000001,0.006141750000000307,-0.002257825000000102,0.006543612671386444
0.03125,0.09125,0.005,6.25e-08,0.275214,0.0827221,0.27309399999999967,0.0829529750000001,0.002120000000000344,-0.00023087500000008865,0.002132534469973815
0.03375,0.09125,0.005,6.25e-08,0.308561,0.0737076,0.3058452499999997,0.0755801750000001,0.0027157500000002943,-0.0018725750000000985,0.0032987626760843177
0.03625,0.09125,0.005,6.25e-08,0.339036,0.0668259,0.33637499999999965,0.06890830000000008,0.0026610000000003575,-0.0020824000000000814,0.003378951133118418
0.03875,0.09125,0.005,6.25e-08,0.367099,0.0608001,0.36473424999999965,0.06271742500000008,0.0023647500000003596,-0.0019173250000000738,0.0030443681968722156
0.04125,0.09125,0.005,6.25e-08,0.39288,0.0551516,0.3909444999999997,0.056825550000000065,0.001935500000000312,-0.0016739500000000629,0.0025589585484140647
0.04375,0.09125,0.005,6.25e-08,0.416458,0.0496279,0.41499599999999964,0.05107780000000006,0.001462000000000352,-0.0014499000000000595,0.0020590420126848316
0.04625,0.09125,0.005,6.25e-08,0.437843,0.044068,0.4368424999999997,0.04533867500000006,0.0010005000000002928,-0.0012706750000000544,0.0016172863709392113
0.04875,0.09125,0.005,6.25e-08,0.456974,0.0383505,0.4564014999999996,0.03948662500000005,0.0005725000000003644,-0.0011361250000000503,0.0012722170670233645
0.05125,0.09125,0.005,6.25e-08,0.473739,0.0323694,0.4735524999999997,0.03340957500000004,0.00018650000000031142,-0.001040175000000039,0.0010567621684301521
0.05375,0.09125,0.005,6.25e-08,0.487985,0.0260257,0.4881367499999997,0.027001500000000036,-0.00015174999999967298,-0.0009758000000000371,0.0009875290894449504
0.05625,0.09125,0.005,6.25e-08,0.499513,0.0192227,0.49995349999999966,0.020158725000000027,-0.00044049999999967726,-0.0009360250000000278,0.001034496520354113
0.05875,0.09125,0.005,6.25e-08,0.508084,0.0118623,0.5087589999999996,0.012776200000000031,-0.0006749999999996481,-0.0009139000000000317,0.001136150610614448
0.06125,0.09125,0.005,6.25e-08,0.513408,0.0038398,0.5142624999999997,0.00474207750000001,-0.0008544999999997582,-0.0009022775000000101,0.0012426885921283156
0.06375,0.09125,0.005,6.25e-08,0.515147,-0.00496265,0.5161184999999997,-0.004070345000000026,-0.000971499999999681,-0.0008923049999999735,0.0013190983522938435
0.06625,0.09125,0.005,6.25e-08,0.5129,-0.0146859,0.5139182499999997,-0.013815525000000042,-0.0010182499999996653,-0.000870374999999958,0.0013395468275219963
0.06875,0.09125,0.005,6.25e-08,0.506188,-0.0255171,0.5071714999999997,-0.024697500000000056,-0.000983499999999693,-0.0008195999999999447,0.0012802407625127803
0.07125,0.09125,0.005,6.25e-08,0.49443,-0.0377193,0.4952817499999997,-0.03700735,-0.0008517499999997069,-0.0007119499999999959,0.0011101129965005792
0.07375,0.09125,0.005,6.25e-08,0.476881,-0.051688,0.4775037499999997,-0.051189350000000015,-0.0006227499999997277,-0.0004986499999999824,0.0007977903139294456
0.07625,0.09125,0.005,6.25e-08,0.452552,-0.0680277,0.4528712499999997,-0.06795837500000003,-0.0003192499999997156,-6.932499999996733e-05,0.0003266902479793572
0.07875,0.09125,0.005,6.25e-08,0.42076,-0.0875318,0.4200912499999995,-0.08850877500000018,0.0006687500000004953,0.0009769750000001715,0.001183936954878087
0.080625,0.091875,0.005,1.5625e-08,0.411475,-0.0971676,0.42029424999999954,-0.09629417500000019,-0.008819249999999557,-0.0008734249999998167,0.008862394811399278
0.083125,0.090625,0.005,1.5625e-08,0.308087,-0.154039,0.3071899999999995,-0.15513375000000026,0.0008970000000004807,0.0010947500000002552,0.0014153044063032593
0.085625,0.090625,0.005,1.5625e-08,0.241672,-0.204775,0.24129699999999948,-0.2051052500000004,0.0003750000000005138,0.00033025000000039273,0.0004996899663797991
0.08875,0.09125,0.005,6.25e-08,0.168322,-0.27222,0.16566299999999995,-0.27388075000000006,0.00265900000000005,0.0016607500000000441,0.0031350233751122835
0.09125,0.09125,0.005,6.25e-08,0.0716676,-0.371129,0.06732565000000001,-0.37316625,0.004341949999999983,0.0020372499999999905,0.004796135669995149
0.09375,0.09125,0.005,6.25e-08,-0.0180978,-0.472406,-0.019635647500000124,-0.4781847500000002,0.001537847500000123,0.005778750000000221,0.005979876796035115
0.095625,0.091875,0.005,1.5625e-08,-0.0431906,-0.492934,-0.0479432750000001,-0.50510025,0.004752675000000095,0.012166250000000045,0.013061606283996122
0.09875,0.09125,0.005,6.25e-08,-0.0156642,-0.277488,-0.01310271749999986,-0.2552572499999987,-0.002561482500000139,-0.022230750000001298,0.02237783363420965
0.000625,0.094375,0.005,1.5625e-08,-0.0163254,0.120238,-0.009465432500000027,0.10712900000000015,-0.0068599674999999735,0.013108999999999843,0.01479543967244812
0.003125,0.093125,0.005,1.5625e-08,-0.0671653,0.266939,-0.06592317499999993,0.26909499999999986,-0.001242125000000066,-0.0021559999999998802,0.002488214322686984
0.005625,0.093125,0.005,1.5625e-08,-0.0870672,0.277802,-0.09040597500000003,0.28035775,0.00333877500000003,-0.0025557500000000233,0.004204673181488107
0.008125,0.093125,0.005,1.5625e-08,-0.0587898,0.239445,-0.06392450000000018,0.23902975000000012,0.0051347000000001725,0.0004152499999998671,0.005151463544712479
0.010625,0.093125,0.005,1.5625e-08,-0.00851673,0.197692,-0.012354692500000267,0.19462750000000012,0.003837962500000267,0.0030644999999998868,0.004911325320258026
0.013125,0.093125,0.005,1.5625e-08,0.0532747,0.160388,0.046567199999999635,0.15867000000000017,0.006707500000000366,0.0017179999999998308,0.0069240219706471415
0.015625,0.093125,0.005,1.5625e-08,0.106811,0.13305,0.10484757499999958,0.13142775000000015,0.001963425000000421,0.001622249999999853,0.002546906514406482
0.018125,0.093125,0.005,1.5625e-08,0.161655,0.113248,0.15954774999999954,0.11095050000000015,0.002107250000000449,0.002297499999999855,0.0031175324878020484
0.020625,0.093125,0.005,1.5625e-08,0.212073,0.0975359,0.20989799999999956,0.09535740000000013,0.0021750000000004543,0.002178499999999861,0.003078390366734111
0.023125,0.093125,0.005,1.5625e-08,0.258615,0.0841955,0.25596499999999955,0.08323127500000013,0.00265000000000043,0.0009642249999998742,0.0028199698315100885
0.025625,0.093125,0.005,1.5625e-08,0.301264,0.0738835,0.2980964999999995,0.07357145000000012,0.0031675000000004894,0.00031204999999988325,0.003182833871332751
0.028125,0.093125,0.005,1.5625e-08,0.340024,0.0664887,0.3366952499999995,0.0656791250000001,0.003328750000000491,0.0008095749999998958,0.003425782865729832
0.030625,0.093125,0.005,1.5625e-08,0.380978,0.0558796,0.37213049999999953,0.059061775000000094,0.008847500000000452,-0.0031821750000000926,0.009402366403232412
0.03375,0.09375,0.005,6.25e-08,0.459783,0.0408977,0.45375475,0.044500075,0.006028250000000013,-0.003602374999999998,0.007022599497559656
0.03625,0.09375,0.005,6.25e-08,0.486575,0.0376802,0.48213375,0.040215249999999994,0.004441249999999952,-0.002535049999999997,0.005113822451454446
0.03875,0.09375,0.005,6.25e-08,0.511433,0.0342948,0.50810075,0.036307650000000004,0.0033322500000000366,-0.0020128500000000035,0.0038930007943744705
0.04125,0.09375,0.005,6.25e-08,0.534246,0.0309601,0.531786,0.032642275,0.0024600000000000177,-0.0016821749999999976,0.0029801531387875155
0.04375,0.09375,0.005,6.25e-08,0.554992,0.0276677,0.5532630000000001,0.029109375,0.0017289999999999806,-0.001441675,0.0022511925296662062
0.04625,0.09375,0.005,6.25e-08,0.573669,0.0243537,0.57255175,0.025616625,0.0011172499999999586,-0.0012629250000000015,0.0016861871539437462
0.04875,0.09375,0.005,6.25e-08,0.590236,0.0209533,0.5896282500000001,0.022084275,0.000607749999999907,-0.0011309749999999993,0.0012839254312945459
0.05125,0.09375,0.005,6.25e-08,0.604608,0.0174063,0.60442175,0.018441174999999997,0.00018625000000005443,-0.0010348749999999976,0.0010515014636818226
0.05375,0.09375,0.005,6.25e-08,0.616661,0.0136561,0.6168235,0.014622075,-0.00016249999999995435,-0.0009659750000000009,0.0009795478296770336
0.05625,0.09375,0.005,6.25e-08,0.626236,0.00964765,0.62668225,0.010565097499999999,-0.0004462499999999814,-0.0009174474999999981,0.0010202200633962408
0.05875,0.09375,0.005,6.25e-08,0.633134,0.00532603,0.6338064999999999,0.006209037500000006,-0.0006724999999999648,-0.0008830075000000066,0.0011099362572040857
0.06125,0.09375,0.005,6.25e-08,0.637117,0.000631546,0.637963,0.0014900785,-0.0008459999999999024,-0.0008585325000000001,0.0012053190671171203
0.06375,0.09375,0.005,6.25e-08,0.637908,-0.00449083,0.6388695,-0.003663355000000015,-0.0009614999999999485,-0.0008274749999999855,0.0012685413377674678
0.06625,0.09375,0.005,6.25e-08,0.635172,-0.0101229,0.63619025,-0.009338617500000016,-0.0010182499999999983,-0.0007842824999999849,0.0012852751076350242
0.06875,0.09375,0.005,6.25e-08,0.628508,-0.0163662,0.629518,-0.01565255000000002,-0.0010100000000000664,-0.0007136499999999824,0.0012366876414439132
0.07125,0.09375,0.005,6.25e-08,0.617432,-0.0233621,0.6183510000000001,-0.02277512499999998,-0.0009190000000001142,-0.0005869750000000208,0.0010904589174403749
0.07375,0.09375,0.005,6.25e-08,0.601324,-0.0313241,0.6020477500000001,-0.030971899999999972,-0.000723750000000134,-0.0003522000000000282,0.0008048968272395001
0.07625,0.09375,0.005,6.25e-08,0.579387,-0.0405708,0.5797485,-0.04068172499999997,-0.0003615000000000146,0.00011092499999997008,0.00037813569736934905
0.07875,0.09375,0.005,6.25e-08,0.550807,-0.0516785,0.5502404999999999,-0.05266290000000004,0.0005665000000001363,0.000984400000000038,0.0011357665297059205
0.08125,0.09375,0.005,6.25e-08,0.511557,-0.0674383,0.5117212499999999,-0.06827495000000006,-0.0001642499999998659,0.0008366500000000499,0.0008526202466514852
0.083125,0.094375,0.005,1.5625e-08,0.507234,-0.0700018,0.5145092500000004,-0.07063312499999991,-0.0072752500000003995,0.0006313249999999049,0.007302590897628779
0.085625,0.093125,0.005,1.5625e-08,0.375826,-0.1283,0.37439674999999933,-0.13108450000000033,0.0014292500000006592,0.0027845000000003284,0.0031298875079631395
0.088125,0.093125,0.005,1.5625e-08,0.291749,-0.180448,0.2907414999999998,-0.1827977500000001,0.001007500000000161,0.002349750000000095,0.0025566347632191757
0.090625,0.093125,0.005,1.5625e-08,0.1884,-0.261211,0.18320199999999992,-0.2637772500000001,0.0051980000000000914,0.0025662500000000477,0.005796968437252457
0.093125,0.093125,0.005,1.5625e-08,0.0684309,-0.372889,0.059177000000000035,-0.379928,0.009253899999999968,0.007038999999999962,0.0116267874415076
0.095625,0.093125,0.005,1.5625e-08,-0.0296855,-0.476591,-0.037757550000000244,-0.48646875000000034,0.008072050000000244,0.009877750000000352,0.012756486046910053
0.098125,0.093125,0.005,1.5625e-08,-0.0227949,-0.389128,-0.0338101499999998,-0.38619824999999897,0.011015249999999803,-0.002929750000001008,0.01139820896566656
0.000625,0.096875,0.005,1.5625e-08,-0.031698,0.217881,-0.030208125000000113,0.18979725000000036,-0.0014898749999998837,0.02808374999999963,0.028123242017557365
0.003125,0.095625,0.005,1.5625e-08,-0.0790482,0.297936,-0.08504739999999998,0.30850425000000004,0.005999199999999982,-0.010568250000000057,0.012152296437402316
0.005625,0.095625,0.005,1.5625e-08,-0.022879,0.238136,-0.03103561824999961,0.23962049999999976,0.008156618249999609,-0.0014844999999997777,0.008290606824969208
0.008125,0.095625,0.005,1.5625e-08,0.0725732,0.170941,0.06879132500000065,0.16771699999999973,0.0037818749999993517,0.003224000000000282,0.004969582931758148
0.010625,0.095625,0.005,1.5625e-08,0.166231,0.124169,0.16476525000000078,0.12007624999999975,0.0014657499999992107,0.004092750000000256,0.004347300958640865
0.013125,0.095625,0.005,1.5625e-08,0.247247,0.0934314,0.24645550000000077,0.08985634999999978,0.0007914999999992234,0.0035750500000002183,0.0036616191435620846
0.015625,0.095625,0.005,1.5625e-08,0.315617,0.0716429,0.3145857500000008,0.07017077499999982,0.0010312499999992064,0.0014721250000001712,0.0017973949421659858
0.018125,0.095625,0.005,1.5625e-08,0.374031,0.0583382,0.3718320000000007,0.056811924999999854,0.002198999999999285,0.0015262750000001463,0.0026767735009937434
0.020625,0.095625,0.005,1.5625e-08,0.423531,0.04793,0.42064550000000067,0.04735822499999987,0.002885499999999319,0.0005717750000001284,0.002941604477257474
0.023125,0.095625,0.005,1.5625e-08,0.466461,0.0399746,0.4629070000000006,0.04039787499999989,0.003553999999999391,-0.0004232749999998897,0.003579116891863212
0.025625,0.095625,0.005,1.5625e-08,0.504072,0.0341338,0.49999625000000064,0.03508149999999991,0.004075749999999323,-0.0009476999999999125,0.004184480057605044
0.028125,0.095625,0.005,1.5625e-08,0.539497,0.0281726,0.5329125000000006,0.030879049999999915,0.006584499999999438,-0.002706449999999916,0.00711902464193601
0.03125,0.09625,0.005,6.25e-08,0.629555,0.0185711,0.6244402500000006,0.020174699999999934,0.005114749999999391,-0.0016035999999999342,0.0053602425805642
0.03375,0.09625,0.005,6.25e-08,0.652671,0.0162173,0.6477702500000005,0.01802934999999994,0.004900749999999454,-0.00181204999999994,0.005225023996595081
0.03625,0.09625,0.005,6.25e-08,0.672559,0.0144186,0.6687975000000006,0.016154824999999942,0.003761499999999418,-0.001736224999999942,0.004142868511143025
0.03875,0.09625,0.005,6.25e-08,0.690548,0.012891,0.6877660000000005,0.014464599999999949,0.002781999999999507,-0.0015735999999999493,0.0031962072773831637
0.04125,0.09625,0.005,6.25e-08,0.706883,0.0114783,0.7048380000000005,0.012892849999999954,0.0020449999999995194,-0.0014145499999999537,0.0024865592095298884
0.04375,0.09625,0.005,6.25e-08,0.721568,0.0101077,0.7201142500000005,0.01138790749999996,0.0014537499999994763,-0.00128020749999996,0.0019370906807773933
0.04625,0.09625,0.005,6.25e-08,0.734618,0.008737,0.7336435000000006,0.009907487499999965,0.0009744999999994342,-0.0011704874999999646,0.001523053261594966
0.04875,0.09625,0.005,6.25e-08,0.746019,0.00733406,0.7454307500000005,0.00841608749999997,0.0005882499999995128,-0.0010820274999999695,0.0012315931037707262
0.05125,0.09625,0.005,6.25e-08,0.755715,0.00587166,0.7554427500000004,0.006882914999999975,0.00027224999999964083,-0.0010112549999999748,0.0010472615420823747
0.05375,0.09625,0.005,6.25e-08,0.763622,0.0043259,0.7636117500000004,0.0052804374999999805,1.0249999999656367e-05,-0.0009545374999999807,0.0009545925316103233
0.05625,0.09625,0.005,6.25e-08,0.769627,0.00267486,0.7698392500000004,0.0035832174999999855,-0.000212250000000469,-0.0009083574999999857,0.0009328254983148902
0.05875,0.09625,0.005,6.25e-08,0.773586,0.00089773,0.7739955000000004,0.001766709999999994,-0.00040950000000039566,-0.000868979999999994,0.0009606333798074652
0.06125,0.09625,0.005,6.25e-08,0.775341,-0.00102125,0.7759200000000004,-0.00019426487500000207,-0.0005790000000004403,-0.0008269851249999979,0.0010095273136333518
0.06375,0.09625,0.005,6.25e-08,0.774693,-0.00310801,0.7754197500000004,-0.0023277250000000014,-0.0007267500000004423,-0.0007802849999999986,0.001066306824382945
0.06625,0.09625,0.005,6.25e-08,0.771404,-0.00539269,0.7722627500000003,-0.004668079999999995,-0.0008587500000003523,-0.0007246100000000057,0.0011236152431329033
0.06875,0.09625,0.005,6.25e-08,0.765202,-0.00791014,0.7661675000000004,-0.007262137499999986,-0.0009655000000003966,-0.0006480025000000136,0.0011627972695216623
0.07125,0.09625,0.005,6.25e-08,0.755756,-0.0107094,0.7567845000000004,-0.010179482499999962,-0.0010285000000004318,-0.0005299175000000392,0.0011569895448132535
0.07375,0.09625,0.005,6.25e-08,0.742643,-0.0138617,0.7436582500000004,-0.013531224999999947,-0.0010152500000003561,-0.00033047500000005225,0.001067682672017186
0.07625,0.09625,0.005,6.25e-08,0.725276,-0.017455,0.7261660000000004,-0.017504599999999933,-0.0008900000000003905,4.959999999993442e-05,0.000891381040857774
0.07875,0.09625,0.005,6.25e-08,0.702966,-0.0216343,0.7033952500000004,-0.022430199999999945,-0.0004292500000003807,0.0007958999999999467,0.0009042745006358644
0.08125,0.09625,0.005,6.25e-08,0.673213,-0.0271174,0.6739207500000004,-0.028918549999999925,-0.0007077500000004511,0.001801149999999925,0.001935213524394755
0.083125,0.096875,0.005,1.5625e-08,0.684618,-0.0237794,0.6952832500000004,-0.025719349999999922,-0.010665250000000404,0.001939949999999923,0.010840247394086922
0.085625,0.095625,0.005,1.5625e-08,0.546323,-0.0599744,0.5471652500000004,-0.06291302499999989,-0.0008422500000003774,0.0029386249999998892,0.0030569432368176197
0.088125,0.095625,0.005,1.5625e-08,0.473821,-0.0893764,0.4749582500000008,-0.09030757499999967,-0.0011372500000008112,0.0009311749999996732,0.0014698382370608803
0.090625,0.095625,0.005,1.5625e-08,0.372903,-0.139032,0.371946500000001,-0.1393264999999995,0.0009564999999989721,0.0002944999999995035,0.0010008109212022724
0.093125,0.095625,0.005,1.5625e-08,0.230536,-0.22856,0.2241920000000011,-0.2303684999999992,0.006343999999998878,0.0018084999999991858,0.006596742245228536
0.095625,0.095625,0.005,1.5625e-08,0.0553313,-0.369339,0.04093736499999994,-0.3792905,0.014393935000000059,0.009951500000000002,0.01749907760524042
0.098125,0.095625,0.005,1.5625e-08,-0.049355,-0.429824,-0.05186959999999996,-0.43335349999999956,0.002514599999999957,0.0035294999999995746,0.00433365704803654
0.000625,0.099375,0.005,1.5625e-08,0.291533,0.144039,0.1778657875000037,0.21041299999999835,0.11366721249999628,-0.06637399999999835,0.13162728848350214
0.003125,0.098125,0.005,1.5625e-08,0.109133,0.200152,0.0977735025000015,0.20208924999999925,0.011359497499998497,-0.001937249999999252,0.01152350298368379
0.005625,0.098125,0.005,1.5625e-08,0.31992,0.0987418,0.3236277500000017,0.09227439999999948,-0.0037077500000017305,0.0064674000000005255,0.007454842239948451
0.008125,0.098125,0.005,1.5625e-08,0.459178,0.0526273,0.4654637500000016,0.04975637499999968,-0.006285750000001644,0.0028709250000003225,0.006910344667102179
0.010625,0.098125,0.005,1.5625e-08,0.551934,0.0314258,0.5555025000000015,0.031017099999999787,-0.0035685000000014178,0.0004087000000002096,0.0035918279385307823
0.013125,0.098125,0.005,1.5625e-08,0.619605,0.0161858,0.6172235000000014,0.021404349999999853,0.002381499999998593,-0.005218549999999853,0.005736271119158487
0.01625,0.09875,0.005,6.25e-08,0.781267,0.00305779,0.7767442500000011,0.006837764999999926,0.00452274999999891,-0.0037799749999999264,0.005894359894264565
0.01875,0.09875,0.005,6.25e-08,0.802044,0.00475872,0.8000540000000012,0.0053825799999999415,0.001989999999998826,-0.0006238599999999414,0.002085497854133457
0.020625,0.099375,0.005,1.5625e-08,0.887754,0.0126714,0.9063562500000011,0.0013478447499999774,-0.01860225000000104,0.011323555250000021,0.021777663064762982
0.023125,0.098125,0.005,1.5625e-08,0.755551,0.0116479,0.7493155000000009,0.008483152499999938,0.006235499999999061,0.003164747500000061,0.006992645206840179
0.025625,0.098125,0.005,1.5625e-08,0.772891,0.0067384,0.7693512500000008,0.007270544999999949,0.0035397499999991755,-0.0005321449999999483,0.003579526276411322
0.028125,0.098125,0.005,1.5625e-08,0.790957,0.00297594,0.7867345000000008,0.006332569999999954,0.004222499999999241,-0.0033566299999999542,0.0053941144970136926
0.03125,0.09875,0.005,6.25e-08,0.874005,0.000782308,0.8696987500000006,0.002448149999999973,0.004306249999999401,-0.0016658419999999732,0.0046172306235944885
0.03375,0.09875,0.005,6.25e-08,0.881339,0.00190237,0.8787370000000008,0.0021716399999999764,0.002601999999999216,-0.0002692699999999764,0.002615895703749656
0.03625,0.09875,0.005,6.25e-08,0.88877,0.00199183,0.8867847500000007,0.0019310122499999788,0.0019852499999992723,6.081775000002119e-05,0.0019861813515417407
0.03875,0.09875,0.005,6.25e-08,0.895689,0.00186685,0.8939565000000006,0.0017143314999999812,0.0017324999999993596,0.00015251850000001874,0.0017392004320491749
0.04125,0.09875,0.005,6.25e-08,0.901868,0.00166775,0.9003282500000006,0.0015127059999999835,0.0015397499999993958,0.0001550440000000165,0.0015475363338009693
0.04375,0.09875,0.005,6.25e-08,0.90731,0.00143414,0.9059452500000005,0.0013192532499999854,0.0013647499999994706,0.00011488675000001459,0.0013695771346748313
0.04625,0.09875,0.005,6.25e-08,0.912032,0.00118371,0.9108300000000006,0.0011284412499999875,0.0012019999999993702,5.5268750000012426e-05,0.0012032699758263105
0.04875,0.09875,0.005,6.25e-08,0.916024,0.000920217,0.9149850000000005,0.0009356834999999895,0.001038999999999457,-1.546649999998955e-05,0.0010391151103805204
0.05125,0.09875,0.005,6.25e-08,0.91926,0.000641649,0.9183960000000004,0.0007370837499999917,0.0008639999999995318,-9.543474999999173e-05,0.0008692547333818504
0.05375,0.09875,0.005,6.25e-08,0.921699,0.000344642,0.9210362500000004,0.0005292159999999938,0.0006627499999996012,-0.00018457399999999383,0.0006879717464950643
0.05625,0.09875,0.005,6.25e-08,0.923291,2.56579e-05,0.9228647500000003,0.00030898199999999617,0.0004262499999996283,-0.0002833240999999962,0.0005118218519568025
0.05875,0.09875,0.005,6.25e-08,0.923978,-0.000318652,0.9238295000000005,7.344094249999901e-05,0.00014849999999944075,-0.000392092942499999,0.0004192721378271414
0.06125,0.09875,0.005,6.25e-08,0.923687,-0.000683638,0.9238667500000005,-0.00018039374999999862,-0.00017975000000047814,-0.0005032442500000013,0.00053438266968366
0.06375,0.09875,0.005,6.25e-08,0.922332,-0.00108339,0.9229010000000004,-0.0004558609999999965,-0.0005690000000003748,-0.0006275290000000036,0.0008470853828519479
0.06625,0.09875,0.005,6.25e-08,0.919823,-0.0015196,0.9208407500000004,-0.0007571424999999934,-0.0010177500000004835,-0.0007624575000000067,0.001271674683953111
0.06875,0.09875,0.005,6.25e-08,0.916053,-0.00199628,0.9175775000000004,-0.0010900882499999898,-0.0015245000000003728,-0.0009061917500000102,0.0017734947808688971
0.07125,0.09875,0.005,6.25e-08,0.910893,-0.00252038,0.9129740000000005,-0.0014636599999999838,-0.0020810000000005546,-0.0010567200000000162,0.0023339276249280615
0.07375,0.09875,0.005,6.25e-08,0.904192,-0.00310026,0.9068497500000006,-0.0018924647499999794,-0.0026577500000005694,-0.0012077952500000207,0.0029193157466135176
0.07625,0.09875,0.005,6.25e-08,0.895757,-0.00373355,0.8989537500000006,-0.002401524999999974,-0.0031967500000005256,-0.0013320250000000262,0.0034631634617973825
0.07875,0.09875,0.005,6.25e-08,0.885631,-0.00436441,0.8889067500000005,-0.0030355199999999704,-0.003275750000000577,-0.0013288900000000296,0.003535037014601666
0.08125,0.09875,0.005,6.25e-08,0.872305,-0.00500596,0.8761030000000006,-0.003877964999999962,-0.003798000000000634,-0.0011279950000000383,0.003961966269421018
0.083125,0.099375,0.005,1.5625e-08,0.91336,0.00364102,0.9291995000000007,-0.0014474012499999776,-0.015839500000000784,0.005088421249999977,0.0166367602335153
0.085625,0.098125,0.005,1.5625e-08,0.771348,-0.00995452,0.7748050000000006,-0.01378934249999992,-0.0034570000000005985,0.00383482249999992,0.005163013907255119
0.088125,0.098125,0.005,1.5625e-08,0.730434,-0.0185431,0.7340507500000011,-0.020108074999999836,-0.0036167500000010566,0.0015649749999998366,0.003940815564465322
0.090625,0.098125,0.005,1.5625e-08,0.668493,-0.0315607,0.6720822500000012,-0.03250652499999973,-0.0035892500000012095,0.0009458249999997337,0.0037117786158569824
0.093125,0.098125,0.005,1.5625e-08,0.563813,-0.0611562,0.5672245000000017,-0.06086032499999948,-0.003411500000001677,-0.0002958750000005214,0.0034243063919043156
0.095625,0.098125,0.005,1.5625e-08,0.372089,-0.143117,0.36900725000000084,-0.13880287499999958,0.0030817499999991615,-0.004314125000000418,0.005301778718328731
0.098125,0.098125,0.005,1.5625e-08,0.0674854,-0.329207,0.03359490000000004,-0.34409524999999974,0.03389049999999996,0.014888249999999714,0.037016563567036975
0.099375,0.068125,0.005,1.5625e-08,0.00274448,-0.043244,-0.0008160442499999867,-0.03914682499999959,0.0035605242499999867,-0.004097175000000411,0.005428091369483967
0.096875,0.070625,0.005,1.5625e-08,-0.0168604,-0.213055,-0.017352349999999926,-0.2071594999999995,0.0004919499999999251,-0.0058955000000004976,0.005915989777924383
0.099375,0.070625,0.005,1.5625e-08,-0.000592258,-0.0464175,-0.0009120684999999846,-0.044987574999999495,0.0003198104999999846,-0.001429925000000505,0.0014652522859687626
0.096875,0.073125,0.005,1.5625e-08,-0.0206833,-0.239259,-0.01892819999999992,-0.23331049999999948,-0.0017551000000000823,-0.005948500000000523,0.006202018079625898
0.099375,0.073125,0.005,1.5625e-08,-0.00122208,-0.0529016,-0.0010175859999999829,-0.051469874999999415,-0.00020449400000001707,-0.0014317250000005846,0.0014462552581279283
0.099375,0.075625,0.005,1.5625e-08,-0.00573517,-0.0642048,-0.0011367789999999808,-0.05865572499999935,-0.004598391000000019,-0.00554907500000066,0.0072067630143160324
0.001875,0.088125,0.005,1.5625e-08,-0.00679468,0.115786,-0.011912619999999981,0.1198954999999999,0.005117939999999981,-0.004109499999999905,0.006563634670942543
0.084375,0.088125,0.005,1.5625e-08,0.178352,-0.236381,0.17065974999999958,-0.24233450000000034,0.007692250000000428,0.0059535000000003335,0.009727017647383526
0.001875,0.090625,0.005,1.5625e-08,-0.0207162,0.156219,-0.01947407499999997,0.15434674999999987,-0.0012421250000000314,0.0018722500000001308,0.0022468187684202673
0.004375,0.090625,0.005,1.5625e-08,-0.0619626,0.248348,-0.06465682499999995,0.2526604999999999,0.002694224999999946,-0.004312499999999886,0.005084929163776396
0.009375,0.090625,0.005,1.5625e-08,-0.0785709,0.248559,-0.08277967500000002,0.24892175000000005,0.004208775000000026,-0.00036275000000005053,0.00422437860082702
0.011875,0.090625,0.005,1.5625e-08,-0.0519788,0.22024,-0.0574053000000001,0.22050175000000008,0.005426500000000105,-0.0002617500000000883,0.00543280915480207
0.016875,0.090625,0.005,1.5625e-08,0.0230724,0.172905,0.019546237499999786,0.16914300000000013,0.003526162500000214,0.0037619999999998766,0.005156206549044252
0.019375,0.090625,0.005,1.5625e-08,0.0643012,0.152465,0.06162244999999975,0.14932025000000013,0.0026787500000002504,0.003144749999999863,0.004130999167877001
0.021875,0.090625,0.005,1.5625e-08,0.1056,0.13519,0.10314267499999973,0.13293575000000013,0.002457325000000274,0.0022542499999998744,0.00333467977744877
0.024375,0.090625,0.005,1.5625e-08,0.145866,0.120544,0.1432064999999997,0.11930625000000011,0.0026595000000002866,0.0012377499999998848,0.002933422116317602
0.026875,0.090625,0.005,1.5625e-08,0.184711,0.107668,0.1813979999999997,0.10781650000000009,0.003313000000000288,-0.000148500000000093,0.0033163264691525676
0.029375,0.090625,0.005,1.5625e-08,0.223178,0.0945246,0.21755099999999966,0.0979610750000001,0.005627000000000326,-0.0034364750000001054,0.0065933670780284484
0.081875,0.090625,0.005,1.5625e-08,0.340867,-0.130422,0.3348004999999995,-0.13570450000000026,0.006066500000000474,0.005282500000000245,0.008044080338982719
0.084375,0.090625,0.005,1.5625e-08,0.276381,-0.177039,0.2761049999999995,-0.17799525000000033,0.00027600000000049807,0.0009562500000003249,0.0009952839105003637
0.086875,0.090625,0.005,1.5625e-08,0.209952,-0.232338,0.20265774999999991,-0.23734950000000005,0.007294250000000085,0.005011500000000058,0.008849927418487781
0.096875,0.090625,0.005,1.5625e-08,-0.0392243,-0.45729,-0.04329617499999989,-0.4602717499999994,0.0040718749999998916,0.00298174999999945,0.005046880133123912
0.001875,0.093125,0.005,1.5625e-08,-0.0377573,0.21045,-0.034181024999999934,0.20791574999999982,-0.003576275000000066,0.002534250000000182,0.004383168481603964
0.004375,0.093125,0.005,1.5625e-08,-0.0843325,0.282411,-0.08578624999999995,0.28710999999999987,0.0014537499999999481,-0.004698999999999842,0.004918738665806343
0.006875,0.093125,0.005,1.5625e-08,-0.0763746,0.260181,-0.08189707500000008,0.2617912500000001,0.005522475000000082,-0.0016102500000000908,0.005752446017836778
0.009375,0.093125,0.005,1.5625e-08,-0.0352809,0.21776,-0.03988042500000023,0.21603675000000014,0.004599525000000236,0.0017232499999998707,0.0049117431516852265
0.011875,0.093125,0.005,1.5625e-08,0.0203699,0.179586,0.01685412249999967,0.1754712500000002,0.0035157775000003305,0.004114749999999806,0.00541219539484736
0.014375,0.093125,0.005,1.5625e-08,0.0790624,0.14654,0.07604572499999962,0.14407175000000016,0.003016675000000385,0.0024682499999998386,0.0038977668116662043
0.016875,0.093125,0.005,1.5625e-08,0.134601,0.122421,0.13272324999999957,0.12047100000000015,0.0018777500000004277,0.0019499999999998546,0.002707110094270464
0.019375,0.093125,0.005,1.5625e-08,0.187339,0.105258,0.18527299999999955,0.10264292500000015,0.0020660000000004564,0.0026150749999998557,0.0033327125972135866
0.021875,0.093125,0.005,1.5625e-08,0.235716,0.090579,0.23344774999999954,0.08893185000000013,0.0022682500000004713,0.001647149999999875,0.002803223356245757
0.024375,0.093125,0.005,1.5625e-08,0.28037,0.0787853,0.27749749999999956,0.07814255000000012,0.002872500000000444,0.0006427499999998865,0.002943532539739013
0.026875,0.093125,0.005,1.5625e-08,0.320992,0.0698669,0.31781324999999955,0.0694390500000001,0.003178750000000452,0.00042784999999989637,0.00320741440805562
0.029375,0.093125,0.005,1.5625e-08,0.358626,0.0634212,0.3547874999999995,0.06223587500000011,0.003838500000000522,0.00118532499999989,0.0040173470855315386
0.031875,0.093125,0.005,1.5625e-08,0.398065,0.0500076,0.3887612499999995,0.05611640000000008,0.009303750000000499,-0.006108800000000081,0.011130013544578923
0.084375,0.093125,0.005,1.5625e-08,0.411424,-0.109244,0.4084149999999994,-0.11259000000000027,0.0030090000000005945,0.0033460000000002793,0.004499977444388521
0.086875,0.093125,0.005,1.5625e-08,0.336618,-0.150756,0.3353912499999998,-0.1540420000000001,0.0012267500000001652,0.0032860000000000944,0.003507522139987291
0.089375,0.093125,0.005,1.5625e-08,0.247772,-0.214278,0.23997999999999986,-0.2188907500000001,0.007792000000000132,0.00461275000000011,0.009054983520830012
0.091875,0.093125,0.005,1.5625e-08,0.132944,-0.311586,0.12173747499999998,-0.318079,0.011206525000000023,0.0064930000000000265,0.012951650534801571
0.094375,0.093125,0.005,1.5625e-08,0.0144552,-0.431639,0.0024983349999995177,-0.4418935000000006,0.011956865000000483,0.01025450000000061,0.015751869440744137
0.096875,0.093125,0.005,1.5625e-08,-0.0461042,-0.477683,-0.05064599999999997,-0.48213899999999976,0.004541799999999971,0.004455999999999738,0.006362694652424977
0.099375,0.093125,0.005,1.5625e-08,-0.00063422,-0.197448,-0.006961729999999884,-0.16231767499999827,0.0063275099999998835,-0.03513032500000174,0.035695617621857245
0.001875,0.095625,0.005,1.5625e-08,-0.0660218,0.280714,-0.0635008750000001,0.2852147500000002,-0.00252092499999991,-0.004500750000000164,0.0051586639179273955
0.004375,0.095625,0.005,1.5625e-08,-0.060618,0.273969,-0.06956624999999977,0.2805534999999998,0.008948249999999776,-0.006584499999999771,0.011109762297749353
0.006875,0.095625,0.005,1.5625e-08,0.0236543,0.202164,0.017682495000000544,0.20060749999999972,0.0059718049999994555,0.0015565000000002938,0.006171316489049918
0.009375,0.095625,0.005,1.5625e-08,0.120666,0.145117,0.11837505000000072,0.14118474999999972,0.0022909499999992783,0.003932250000000276,0.0045509385806665045
0.011875,0.095625,0.005,1.5625e-08,0.208513,0.107171,0.20744775000000076,0.10328819999999976,0.0010652499999992404,0.0038828000000002416,0.00402627537589026
0.014375,0.095625,0.005,1.5625e-08,0.28263,0.0824971,0.2820535000000008,0.0790132999999998,0.0005764999999992027,0.0034838000000002034,0.003531177521734145
0.016875,0.095625,0.005,1.5625e-08,0.346006,0.0638042,0.3444037500000008,0.06288274999999985,0.0016022499999991946,0.0009214500000001569,0.001848316846484311
0.019375,0.095625,0.005,1.5625e-08,0.398985,0.0536928,0.3971622500000007,0.05170227499999987,0.0018227499999992625,0.0019905250000001318,0.00269900117416107
0.021875,0.095625,0.005,1.5625e-08,0.445757,0.0434621,0.4424985000000007,0.04362909999999988,0.0032584999999993314,-0.00016699999999988252,0.0032627766166251106
0.024375,0.095625,0.005,1.5625e-08,0.485781,0.0369315,0.4820282500000007,0.037572874999999895,0.0037527499999993053,-0.0006413749999998955,0.0038071635705758233
0.026875,0.095625,0.005,1.5625e-08,0.521834,0.0313961,0.5169252500000007,0.03286579999999991,0.004908749999999351,-0.0014696999999999072,0.005124045730913548
0.029375,0.095625,0.005,1.5625e-08,0.557078,0.0241764,0.5480407500000006,0.02908324999999992,0.00903724999999933,-0.004906849999999921,0.0102834364142045
0.084375,0.095625,0.005,1.5625e-08,0.576061,-0.0501014,0.5753817500000005,-0.053683274999999905,0.000679249999999576,0.003581874999999908,0.0036457110524729967
0.086875,0.095625,0.005,1.5625e-08,0.512896,-0.0727397,0.5140972500000007,-0.07476279999999973,-0.0012012500000007087,0.0020230999999997223,0.002352856810879187
0.089375,0.095625,0.005,1.5625e-08,0.427929,-0.110282,0.4281940000000009,-0.11109734999999958,-0.0002650000000009034,0.0008153499999995761,0.0008573334371758678
0.091875,0.095625,0.005,1.5625e-08,0.307436,-0.176968,0.3043125000000011,-0.17794074999999931,0.003123499999998891,0.0009727499999993283,0.0032714667677498674
0.094375,0.095625,0.005,1.5625e-08,0.144003,-0.294182,0.13340610000000006,-0.2989042499999999,0.010596899999999937,0.004722249999999928,0.011601462609192774
0.096875,0.095625,0.005,1.5625e-08,-0.0182507,-0.432206,-0.031559130000000116,-0.4469935,0.013308430000000114,0.014787500000000009,0.01989433249231809
0.099375,0.095625,0.005,1.5625e-08,-0.0235616,-0.254952,-0.01707425499999983,-0.21666424999999823,-0.0064873450000001685,-0.038287750000001786,0.03883345780653152
0.001875,0.098125,0.005,1.5625e-08,0.00132224,0.278262,-0.02425812499999925,0.2904587499999995,0.025580364999999248,-0.012196749999999479,0.02833929752297459
0.004375,0.098125,0.005,1.5625e-08,0.224527,0.13974,0.22192750000000178,0.1343774249999993,0.0025994999999982282,0.005362575000000702,0.005959413635637597
0.006875,0.098125,0.005,1.5625e-08,0.39687,0.0710851,0.4031462500000017,0.06633074999999959,-0.006276250000001704,0.004754350000000407,0.007873700399750123
0.009375,0.098125,0.005,1.5625e-08,0.50994,0.0401983,0.5151257500000015,0.038697624999999736,-0.005185750000001543,0.0015006750000002636,0.005398520956534465
0.011875,0.098125,0.005,1.5625e-08,0.58781,0.0242654,0.5889752500000014,0.025494599999999826,-0.0011652500000013388,-0.0012291999999998263,0.001693735576323144
0.014375,0.098125,0.005,1.5625e-08,0.649291,0.00615499,0.6414445000000012,0.018296724999999868,0.007846499999998757,-0.012141734999999869,0.014456461913628878
0.021875,0.098125,0.005,1.5625e-08,0.748897,0.0160779,0.7380605000000008,0.009235212499999933,0.01083649999999925,0.006842687500000066,0.012816087721010685
0.024375,0.098125,0.005,1.5625e-08,0.764029,0.00861096,0.7597087500000009,0.007835052499999945,0.004320249999999026,0.0007759075000000563,0.00438937267853254
0.026875,0.098125,0.005,1.5625e-08,0.78177,0.0051655,0.7783352500000008,0.006773852499999951,0.0034347499999991538,-0.0016083524999999507,0.003792664673649686
0.029375,0.098125,0.005,1.5625e-08,0.800766,2.56046e-05,0.7946115000000007,0.005936847499999958,0.0061544999999992855,-0.005911242899999959,0.008533502380194848
0.084375,0.098125,0.005,1.5625e-08,0.788819,-0.00590195,0.7904280000000006,-0.011739817499999928,-0.0016090000000005267,0.005837867499999928,0.006055541094531281
0.086875,0.098125,0.005,1.5625e-08,0.752595,-0.0140887,0.7563182500000009,-0.016476674999999868,-0.003723250000000844,0.0023879749999998687,0.004423235824951079
0.089375,0.098125,0.005,1.5625e-08,0.703096,-0.0239797,0.7066505000000011,-0.025176849999999792,-0.003554500000001015,0.0011971499999997928,0.0037506850537610756
0.091875,0.098125,0.005,1.5625e-08,0.623583,-0.0429068,0.6272242500000015,-0.04353029999999963,-0.0036412500000014836,0.0006234999999996313,0.0036942460411443015
0.094375,0.098125,0.005,1.5625e-08,0.482791,-0.0916469,0.4846257500000009,-0.08946149999999965,-0.0018347500000008843,-0.002185400000000351,0.0028534681919560236
0.096875,0.098125,0.005,1.5625e-08,0.22387,-0.225535,0.21174150000000055,-0.22402949999999958,0.01212849999999946,-0.001505500000000437,0.012221581014745523
0.099375,0.098125,0.005,1.5625e-08,0.0273562,-0.318311,-0.03874027499999965,-0.31940399999999874,0.06609647499999965,0.0010929999999987339,0.0661055115434831
0.098125,0.068125,0.005,1.5625e-08,-0.00076688,-0.108621,-0.006038139999999959,-0.11382112499999963,0.005271259999999959,0.005200124999999639,0.007404558190953787
0.095625,0.070625,0.005,1.5625e-08,-0.0287491,-0.272108,-0.03161377499999991,-0.27560099999999954,0.002864674999999907,0.0034929999999995243,0.004517456347948604
0.098125,0.071875,0.005,1.5625e-08,-0.00697536,-0.140477,-0.007017227499999949,-0.13851224999999948,4.186749999994868e-05,-0.0019647500000005147,0.001965196033493419
0.095625,0.073125,0.005,1.5625e-08,-0.0366207,-0.305042,-0.0340571249999999,-0.3075804999999995,-0.0025635750000000956,0.0025384999999994995,0.003607755400608937
0.098125,0.074375,0.005,1.5625e-08,-0.00744018,-0.158299,-0.007733849999999943,-0.1569112499999994,0.00029366999999994297,-0.0013877500000006038,0.0014184823338348781
0.098125,0.075625,0.005,1.5625e-08,-0.0123236,-0.163305,-0.008121024999999941,-0.16672524999999938,-0.004202575000000059,0.003420249999999375,0.005418463499288449
0.000625,0.088125,0.005,1.5625e-08,0.00102112,0.0501899,-0.0017793802499999978,0.04421457499999998,0.0028005002499999977,0.005975325000000024,0.006599038604666239
0.083125,0.088125,0.005,1.5625e-08,0.204656,-0.209783,0.20030274999999956,-0.21314075000000032,0.004353250000000447,0.0033577500000003258,0.0054977514153521055
0.000625,0.090625,0.005,1.5625e-08,-0.00403412,0.0634581,-0.003085433749999995,0.05911742499999996,-0.0009486862500000053,0.004340675000000044,0.0044431368487324865
0.003125,0.091875,0.005,1.5625e-08,-0.0548247,0.242848,-0.05332919999999994,0.24224424999999988,-0.0014955000000000593,0.000603750000000125,0.0016127722444599325
0.008125,0.090625,0.005,1.5625e-08,-0.0863176,0.260272,-0.08863940000000001,0.26082500000000003,0.0023218000000000127,-0.0005530000000000257,0.0023867476280495362
0.010625,0.091875,0.005,1.5625e-08,-0.0486556,0.220117,-0.05163895000000014,0.21876525000000008,0.0029833500000001414,0.0013517499999999294,0.0032753023196341207
0.015625,0.090625,0.005,1.5625e-08,0.00621362,0.182534,-0.0011872600000001916,0.1805330000000001,0.007400880000000192,0.0020009999999998918,0.0076666176228114054
0.018125,0.091875,0.005,1.5625e-08,0.0927993,0.139146,0.09046704999999967,0.13619225000000013,0.002332250000000327,0.002953749999999866,0.0037635128703115573
0.020625,0.091875,0.005,1.5625e-08,0.140155,0.121221,0.13729024999999967,0.11890300000000012,0.0028647500000003323,0.0023179999999998757,0.0036850938336087627
0.023125,0.091875,0.005,1.5625e-08,0.184604,0.106281,0.1814654999999996,0.10504042500000012,0.003138500000000377,0.0012405749999998827,0.0033747901535691187
0.025625,0.091875,0.005,1.5625e-08,0.226115,0.0940188,0.22280399999999959,0.09372945000000012,0.0033110000000004247,0.00028934999999988276,0.003323619175312169
0.028125,0.091875,0.005,1.5625e-08,0.263094,0.0835228,0.2613489999999996,0.08430940000000012,0.0017450000000003851,-0.0007866000000001233,0.0019140962776207308
0.080625,0.090625,0.005,1.5625e-08,0.364437,-0.114879,0.35923474999999955,-0.11901625000000021,0.0052022500000004634,0.004137250000000217,0.006646821994382475
0.083125,0.091875,0.005,1.5625e-08,0.369619,-0.124773,0.36930099999999944,-0.12593175000000026,0.00031800000000054007,0.0011587500000002637,0.0012015929271183958
0.085625,0.091875,0.005,1.5625e-08,0.302607,-0.168269,0.3035512499999994,-0.16803575000000034,-0.0009442499999993692,-0.00023324999999965734,0.0009726323174759561
0.095625,0.090625,0.005,1.5625e-08,-0.0415184,-0.491463,-0.05135935000000001,-0.5105872499999999,0.009840950000000015,0.019124249999999954,0.021507701759253556
0.000625,0.093125,0.005,1.5625e-08,-0.0103818,0.0940019,-0.006121017499999987,0.08549324999999991,-0.004260782500000013,0.00850865000000009,0.009515849533005863
0.003125,0.094375,0.005,1.5625e-08,-0.0784569,0.288402,-0.07905985000000007,0.2943560000000002,0.0006029500000000743,-0.005954000000000181,0.005984451913291831
0.005625,0.094375,0.005,1.5625e-08,-0.0714803,0.267648,-0.07753782499999987,0.2706229999999999,0.006057524999999869,-0.0029749999999998944,0.006748646836634941
0.008125,0.094375,0.005,1.5625e-08,-0.0136574,0.212482,-0.018879264999999652,0.21092099999999983,0.005221864999999652,0.0015610000000001734,0.005450192205621918
0.010625,0.094375,0.005,1.5625e-08,0.0589975,0.165276,0.05564145000000051,0.16154524999999978,0.0033560499999994928,0.003730750000000227,0.0050181238690369424
0.013125,0.094375,0.005,1.5625e-08,0.130959,0.129268,0.12826835000000053,0.1262877499999998,0.0026906499999994615,0.002980250000000184,0.00401515721796771
0.015625,0.094375,0.005,1.5625e-08,0.195619,0.103509,0.19393375000000057,0.10157129999999982,0.0016852499999994164,0.001937700000000181,0.002568024309172079
0.018125,0.094375,0.005,1.5625e-08,0.254251,0.0860183,0.2520980000000006,0.08394834999999985,0.0021529999999994054,0.0020699500000001536,0.002986653981046026
0.020625,0.094375,0.005,1.5625e-08,0.305602,0.0729409,0.30353625000000056,0.07103044999999987,0.002065749999999422,0.0019104500000001329,0.0028137416841277595
0.023125,0.094375,0.005,1.5625e-08,0.352023,0.0617029,0.3492582500000006,0.061268424999999876,0.002764749999999372,0.00043447500000012157,0.0027986802404207653
0.025625,0.094375,0.005,1.5625e-08,0.393774,0.0535084,0.39018025000000056,0.053662299999999906,0.0035937499999994515,-0.00015389999999990828,0.0035970438241000107
0.028125,0.094375,0.005,1.5625e-08,0.431706,0.0478066,0.4270507500000006,0.0475561249999999,0.004655249999999389,0.00025047500000009715,0.004661983514355168
0.030625,0.094375,0.005,1.5625e-08,0.463327,0.0398167,0.46045650000000055,0.042508299999999916,0.002870499999999443,-0.002691599999999919,0.0039350325043125585
0.083125,0.093125,0.005,1.5625e-08,0.444275,-0.0928381,0.43810999999999944,-0.09748970000000023,0.006165000000000531,0.004651600000000228,0.007722992137766856
0.085625,0.094375,0.005,1.5625e-08,0.454162,-0.0928084,0.4550832500000003,-0.09553424999999989,-0.0009212500000002621,0.002725849999999891,0.002877318158459347
0.088125,0.094375,0.005,1.5625e-08,0.375216,-0.134191,0.3749980000000008,-0.13535399999999959,0.00021799999999921882,0.001162999999999581,0.0011832552556395788
0.090625,0.094375,0.005,1.5625e-08,0.269637,-0.201113,0.2661237500000009,-0.20224774999999945,0.003513249999999135,0.0011347499999994626,0.003691961961476947
0.093125,0.094375,0.005,1.5625e-08,0.134495,-0.307093,0.12561195000000086,-0.31177024999999925,0.008883049999999143,0.0046772499999992445,0.01003918546820297
0.095625,0.094375,0.005,1.5625e-08,-0.00215326,-0.436437,-0.013198850000000099,-0.4475855000000001,0.011045590000000098,0.011148500000000061,0.015693760247248063
0.098125,0.094375,0.005,1.5625e-08,-0.0395648,-0.415971,-0.04252439999999991,-0.4124794999999994,0.0029595999999999095,-0.0034915000000005914,0.0045770956304193155
0.000625,0.095625,0.005,1.5625e-08,-0.0249052,0.159521,-0.016156857500000055,0.13947527500000023,-0.008748342499999943,0.020045724999999764,0.021871547436633762
0.003125,0.096875,0.005,1.5625e-08,-0.0407784,0.276293,-0.05559522499999963,0.2899392499999997,0.014816824999999631,-0.013646249999999693,0.020143446630184858
0.005625,0.096875,0.005,1.5625e-08,0.090861,0.180892,0.08434482500000087,0.17930199999999955,0.006516174999999125,0.0015900000000004522,0.006707356903476587
0.008125,0.096875,0.005,1.5625e-08,0.22197,0.114599,0.2223440000000011,0.11075039999999965,-0.0003740000000010957,0.0038486000000003545,0.0038667296207523416
0.010625,0.096875,0.005,1.5625e-08,0.327105,0.0768718,0.3283352500000011,0.07387047499999973,-0.0012302500000010985,0.0030013250000002767,0.0032436810598653752
0.013125,0.096875,0.005,1.5625e-08,0.409033,0.055299,0.408491500000001,0.0529542999999998,0.0005414999999989734,0.0023447000000001994,0.0024064164934607273
0.015625,0.096875,0.005,1.5625e-08,0.471501,0.0409194,0.47076725000000097,0.04022219999999985,0.0007337499999990338,0.0006972000000001546,0.001012164464155306
0.018125,0.096875,0.005,1.5625e-08,0.522743,0.0332238,0.5207420000000009,0.03195854999999988,0.0020009999999990313,0.0012652500000001204,0.00236745824936712
0.020625,0.096875,0.005,1.5625e-08,0.568788,0.0251153,0.5620327500000009,0.026289349999999895,0.006755249999999102,-0.0011740499999998953,0.006856514855594468
0.023125,0.096875,0.005,1.5625e-08,0.602356,0.0215989,0.5969852500000008,0.02220829999999991,0.0053707499999992026,-0.0006093999999999093,0.005405212662096777
0.025625,0.096875,0.005,1.5625e-08,0.631085,0.0178968,0.6271510000000008,0.019142999999999924,0.003933999999999216,-0.001246199999999923,0.00412666577759741
0.028125,0.096875,0.005,1.5625e-08,0.655638,0.0138477,0.6535802500000008,0.01675059999999993,0.002057749999999303,-0.0029028999999999323,0.0035582528679812425
0.083125,0.095625,0.005,1.5625e-08,0.604972,-0.0420647,0.5996780000000003,-0.04633097499999992,0.005293999999999688,0.004266274999999924,0.006799083642346301
0.085625,0.096875,0.005,1.5625e-08,0.6484,-0.0319776,0.6527267500000005,-0.0349946249999999,-0.00432675000000049,0.0030170249999998955,0.00527477065028695
0.088125,0.096875,0.005,1.5625e-08,0.590532,-0.0493192,0.593403000000001,-0.05072104999999974,-0.002871000000001067,0.0014018499999997394,0.003194968610566526
0.090625,0.096875,0.005,1.5625e-08,0.50384,-0.0798298,0.5054930000000011,-0.08038914999999958,-0.0016530000000011258,0.0005593499999995699,0.001745073471949889
0.093125,0.096875,0.005,1.5625e-08,0.368995,-0.142009,0.3671027500000014,-0.14217774999999927,0.0018922499999985964,0.00016874999999927365,0.001899759622950873
0.095625,0.096875,0.005,1.5625e-08,0.16714,-0.269145,0.15303220000000017,-0.2741449999999998,0.014107799999999837,0.004999999999999782,0.014967632439367063
0.098125,0.096875,0.005,1.5625e-08,-0.0316383,-0.414071,-0.048627625000000084,-0.4286612499999998,0.016989325000000083,0.014590249999999805,0.02239447608268883
0.000625,0.098125,0.005,1.5625e-08,-0.00105008,0.26928,-0.04621937500000002,0.26175800000000043,0.04516929500000002,0.007521999999999585,0.045791327724767066
0.003125,0.099375,0.005,1.5625e-08,0.534261,0.0765534,0.5792085000000041,0.053108849999999284,-0.04494750000000414,0.02344455000000071,0.050694424554904506
0.005625,0.099375,0.005,1.5625e-08,0.718613,0.0276302,0.7367262500000027,0.01592745499999975,-0.018113250000002745,0.01170274500000025,0.021564880386814814
0.008125,0.099375,0.005,1.5625e-08,0.796582,0.0113406,0.804578250000002,0.007473262499999878,-0.007996250000002036,0.0038673375000001214,0.00888235967530249
0.010625,0.099375,0.005,1.5625e-08,0.838268,0.00543398,0.8420845000000017,0.004399649999999927,-0.0038165000000016658,0.0010343300000000728,0.003954176374279841
0.013125,0.099375,0.005,1.5625e-08,0.860206,-0.00134791,0.8661667500000014,0.002948376499999951,-0.005960750000001402,-0.004296286499999951,0.007347694757718134
0.020625,0.098125,0.005,1.5625e-08,0.749289,0.0181514,0.7258047500000009,0.01011786749999993,0.023484249999999096,0.008033532500000072,0.024820307058757655
0.023125,0.099375,0.005,1.5625e-08,0.911563,0.00504676,0.9148047500000009,0.0011248432499999812,-0.0032417500000009314,0.003921916750000019,0.005088258450239802
0.025625,0.099375,0.005,1.5625e-08,0.922727,0.00135581,0.9219525000000008,0.0009605764999999841,0.0007744999999991231,0.00039523350000001593,0.0008695169748319491
0.028125,0.099375,0.005,1.5625e-08,0.926628,-0.0016579,0.9281187500000009,0.000834012499999986,-0.0014907500000008733,-0.002491912499999986,0.00290378433602752
0.083125,0.098125,0.005,1.5625e-08,0.80904,-0.00351938,0.8038227500000006,-0.010131949999999938,0.005217249999999396,0.006612569999999938,0.008422931767941188
0.085625,0.099375,0.005,1.5625e-08,0.910895,0.000111764,0.918145750000001,-0.00196779124999997,-0.007250750000000972,0.00207955524999997,0.0075430713638621055
0.088125,0.099375,0.005,1.5625e-08,0.897877,-0.00297204,0.902584750000001,-0.00287936199999995,-0.00470775000000101,-9.267800000004999e-05,0.004708662153329066
0.090625,0.099375,0.005,1.5625e-08,0.873164,-0.00571158,0.8786135000000014,-0.004716634999999917,-0.005449500000001328,-0.000994945000000083,0.005539581735387577
0.093125,0.099375,0.005,1.5625e-08,0.827903,-0.0122912,0.8363095000000018,-0.009210247499999833,-0.00840650000000187,-0.0030809525000001677,0.008953296072245613
0.095625,0.099375,0.005,1.5625e-08,0.724325,-0.0368064,0.7439212500000023,-0.024749414999999705,-0.019596250000002313,-0.012056985000000298,0.023008344167993116
0.098125,0.099375,0.005,1.5625e-08,0.431467,-0.128112,0.45763925000000283,-0.12122199999999918,-0.02617225000000284,-0.006890000000000826,0.027063975503659105
0.099375,0.069375,0.005,1.5625e-08,0.00106107,-0.0439576,-0.0008630342499999859,-0.04199012499999956,0.0019241042499999858,-0.0019674750000004404,0.002751932964389711
0.096875,0.071875,0.005,1.5625e-08,-0.0184215,-0.22426,-0.018132049999999924,-0.2200057499999995,-0.00028945000000007645,-0.004254250000000487,0.004264085407798979
0.099375,0.071875,0.005,1.5625e-08,-0.00104998,-0.0493377,-0.0009634434999999838,-0.04814519999999946,-8.653650000001623e-05,-0.0011925000000005403,0.001195635737101205
0.096875,0.074375,0.005,1.5625e-08,-0.0232091,-0.257055,-0.01974547499999992,-0.24706574999999947,-0.0034636250000000812,-0.009989250000000505,0.010572691885377898
0.099375,0.074375,0.005,1.5625e-08,-0.00225203,-0.057615,-0.001075083249999982,-0.054969899999999385,-0.001176946750000018,-0.002645100000000615,0.0028951265364986823
0.099375,0.076875,0.005,1.5625e-08,-0.0103386,-0.0734912,-0.0012038192499999798,-0.0625405499999993,-0.00913478075000002,-0.0109506500000007,0.014260468252237942
0.001875,0.089375,0.005,1.5625e-08,-0.0130821,0.131715,-0.015121399999999976,0.1352534999999999,0.0020392999999999765,-0.003538499999999889,0.004084082117195872
0.084375,0.089375,0.005,1.5625e-08,0.216559,-0.211257,0.22040799999999952,-0.2106665000000003,-0.0038489999999995195,-0.0005904999999996885,0.003894032774643266
0.001875,0.091875,0.005,1.5625e-08,-0.0279511,0.180932,-0.025532124999999954,0.17818674999999984,-0.0024189750000000454,0.002745250000000171,0.0036589394109668117
0.004375,0.091875,0.005,1.5625e-08,-0.0750146,0.266534,-0.07582332499999994,0.2714194999999999,0.0008087249999999407,-0.0048854999999999316,0.004951984084750701
0.009375,0.091875,0.005,1.5625e-08,-0.0654658,0.236998,-0.0699135750000001,0.2368760000000001,0.004447775000000098,0.00012199999999989997,0.004449447881549558
0.011875,0.091875,0.005,1.5625e-08,-0.0301596,0.20527,-0.030279725000000198,0.20142900000000014,0.00012012500000019646,0.0038409999999998723,0.0038428779600221583
0.016875,0.091875,0.005,1.5625e-08,0.0672991,0.150096,0.0662548499999997,0.14645600000000014,0.0010442500000003019,0.0036399999999998656,0.0037868269121389287
0.019375,0.091875,0.005,1.5625e-08,0.116516,0.13005,0.11418182499999965,0.12705575000000013,0.002334175000000341,0.002994249999999865,0.0037965650255363443
0.021875,0.091875,0.005,1.5625e-08,0.162278,0.113657,0.15972849999999966,0.11160350000000013,0.002549500000000343,0.002053499999999861,0.0032736543036797853
0.024375,0.091875,0.005,1.5625e-08,0.205372,0.100127,0.2024894999999996,0.09911167500000012,0.0028825000000003986,0.0010153249999998726,0.003056090820906185
0.026875,0.091875,0.005,1.5625e-08,0.244907,0.0888545,0.2424182499999996,0.0888172500000001,0.0024887500000004004,3.7249999999905414e-05,0.0024890287513409694
0.029375,0.091875,0.005,1.5625e-08,0.278288,0.0798882,0.2796132499999996,0.0801489750000001,-0.0013252499999996115,-0.000260775000000088,0.0013506632308329179
0.081875,0.091875,0.005,1.5625e-08,0.395582,-0.105901,0.3964304999999995,-0.10991800000000021,-0.0008484999999995302,0.004017000000000215,0.004105635304066951
0.084375,0.091875,0.005,1.5625e-08,0.338951,-0.144448,0.3384874999999995,-0.14501725000000032,0.0004635000000005052,0.0005692500000003264,0.0007340829738529834
0.086875,0.091875,0.005,1.5625e-08,0.262621,-0.197271,0.26409099999999985,-0.19602850000000008,-0.0014699999999998603,-0.0012424999999999242,0.001924761348842864
0.096875,0.091875,0.005,1.5625e-08,-0.0387659,-0.467183,-0.04746889999999991,-0.4742194999999995,0.008702999999999912,0.0070364999999995015,0.011191717529047606
0.001875,0.094375,0.005,1.5625e-08,-0.0512148,0.244827,-0.04665402500000008,0.24426300000000017,-0.00456077499999992,0.0005639999999998146,0.004595515705622609
0.004375,0.094375,0.005,1.5625e-08,-0.0844054,0.287654,-0.08876362499999998,0.293767,0.0043582249999999795,-0.0061129999999999796,0.007507522504170371
0.006875,0.094375,0.005,1.5625e-08,-0.0458865,0.239898,-0.05216189999999975,0.24059799999999984,0.006275399999999751,-0.0006999999999998396,0.00631432064120889
0.009375,0.094375,0.005,1.5625e-08,0.0221244,0.187275,0.01794976750000042,0.1843442499999998,0.0041746324999995775,0.002930750000000204,0.005100671727581958
0.011875,0.094375,0.005,1.5625e-08,0.0954998,0.146217,0.09267720000000051,0.14234799999999978,0.002822599999999481,0.0038690000000002334,0.004789178610158414
0.014375,0.094375,0.005,1.5625e-08,0.163626,0.115883,0.1620580000000006,0.1128522499999998,0.0015679999999994032,0.003030750000000193,0.0034123407746734936
0.016875,0.094375,0.005,1.5625e-08,0.22589,0.093707,0.22391750000000057,0.09204574999999984,0.001972499999999433,0.0016612500000001557,0.002578857850386151
0.019375,0.094375,0.005,1.5625e-08,0.280552,0.0794973,0.2785942500000006,0.07701397499999986,0.0019577499999994252,0.0024833250000001472,0.003162228346929342
0.021875,0.094375,0.005,1.5625e-08,0.329371,0.0669134,0.32705075000000056,0.06582747499999987,0.0023202499999994686,0.0010859250000001264,0.002561794911409344
0.024375,0.094375,0.005,1.5625e-08,0.373433,0.0573186,0.3702682500000005,0.057243099999999894,0.0031647499999994944,7.550000000010326e-05,0.003165650456461802
0.026875,0.094375,0.005,1.5625e-08,0.413201,0.0503442,0.4090817500000005,0.0504532249999999,0.004119249999999464,-0.00010902499999990156,0.004120692540474302
0.029375,0.094375,0.005,1.5625e-08,0.448364,0.0454418,0.4441557500000005,0.04492154999999991,0.004208249999999469,0.0005202500000000901,0.004240286325827022
0.031875,0.094375,0.005,1.5625e-08,0.474238,0.0358517,0.47600475000000053,0.040281724999999914,-0.0017667500000005387,-0.004430024999999914,0.004769331930483151
0.084375,0.094375,0.005,1.5625e-08,0.484422,-0.0791733,0.48693125000000026,-0.0817430999999999,-0.0025092500000002405,0.0025697999999999,0.003591685899755252
0.086875,0.094375,0.005,1.5625e-08,0.418085,-0.110637,0.4181100000000007,-0.11296852499999965,-2.500000000071889e-05,0.002331524999999654,0.0023316590285938944
0.089375,0.094375,0.005,1.5625e-08,0.327004,-0.162754,0.3246495000000008,-0.16441249999999952,0.0023544999999992045,0.0016584999999995076,0.0028799813367441497
0.091875,0.094375,0.005,1.5625e-08,0.205596,-0.247996,0.1992125000000009,-0.2510117499999993,0.006383499999999098,0.0030157499999993176,0.007060015602849924
0.094375,0.094375,0.005,1.5625e-08,0.0622597,-0.373523,0.05089507499999994,-0.381607,0.011364625000000059,0.00808399999999998,0.013946532091908225
0.096875,0.094375,0.005,1.5625e-08,-0.042149,-0.467278,-0.049008800000000054,-0.4773324999999999,0.006859800000000055,0.010054499999999855,0.012171681325519405
0.099375,0.094375,0.005,1.5625e-08,-0.0121956,-0.219802,-0.010327584999999879,-0.18479484999999835,-0.0018680150000001203,-0.03500715000000165,0.03505695410560993
0.001875,0.096875,0.005,1.5625e-08,-0.0684064,0.304831,-0.076675875,0.31749275000000005,0.008269474999999998,-0.012661750000000027,0.015122966965451113
0.004375,0.096875,0.005,1.5625e-08,0.0206474,0.226972,0.008557275000000726,0.23138174999999958,0.012090124999999273,-0.004409749999999574,0.012869227543955529
0.006875,0.096875,0.005,1.5625e-08,0.159296,0.143329,0.15720067500000104,0.13971499999999962,0.0020953249999989543,0.0036140000000003947,0.004177485231047918
0.009375,0.096875,0.005,1.5625e-08,0.277823,0.0930599,0.2791277500000011,0.0895664749999997,-0.0013047500000011314,0.0034934250000002998,0.0037291273500820597
0.011875,0.096875,0.005,1.5625e-08,0.370647,0.0645468,0.3710940000000011,0.062037749999999774,-0.0004470000000010854,0.0025090500000002278,0.0025485566312134626
0.014375,0.096875,0.005,1.5625e-08,0.442344,0.0485041,0.441460750000001,0.04585809999999982,0.0008832499999990029,0.002646000000000183,0.0027895244330349944
0.016875,0.096875,0.005,1.5625e-08,0.497512,0.0361577,0.497029250000001,0.03567684999999986,0.00048274999999903256,0.00048085000000014366,0.0006813694188905194
0.019375,0.096875,0.005,1.5625e-08,0.542725,0.030316,0.5423035000000008,0.028876174999999886,0.0004214999999991864,0.0014398250000001132,0.0015002527389158936
0.021875,0.096875,0.005,1.5625e-08,0.586581,0.0232768,0.5801897500000008,0.0240931749999999,0.006391249999999182,-0.0008163749999999005,0.006443178152365057
0.024375,0.096875,0.005,1.5625e-08,0.617088,0.0197379,0.6125915000000008,0.020573974999999915,0.004496499999999126,-0.0008360749999999154,0.004573569028189801
0.026875,0.096875,0.005,1.5625e-08,0.64409,0.0160037,0.6407810000000007,0.017878374999999926,0.0033089999999993402,-0.0018746749999999264,0.003803141774325585
0.029375,0.096875,0.005,1.5625e-08,0.665144,0.0121949,0.6656297500000007,0.015736099999999937,-0.00048575000000072865,-0.003541199999999937,0.0035743601528805493
0.084375,0.096875,0.005,1.5625e-08,0.669758,-0.0265172,0.6756272500000003,-0.02981169999999991,-0.005869250000000381,0.0032944999999999086,0.006730663103476794
0.086875,0.096875,0.005,1.5625e-08,0.622291,-0.0395034,0.6257190000000008,-0.041730774999999797,-0.0034280000000007638,0.0022273749999997955,0.004088078202606859
0.089375,0.096875,0.005,1.5625e-08,0.551771,-0.0620416,0.554102250000001,-0.06304497499999967,-0.002331250000001006,0.0010033749999996677,0.002538008658994099
0.091875,0.096875,0.005,1.5625e-08,0.443996,-0.105004,0.44444725000000124,-0.10540324999999946,-0.0004512500000012354,0.00039924999999946253,0.0006025173234029755
0.094375,0.096875,0.005,1.5625e-08,0.276307,-0.195567,0.26983550000000034,-0.19651174999999974,0.006471499999999686,0.0009447499999997444,0.006540096697488154
0.096875,0.096875,0.005,1.5625e-08,0.0524528,-0.355581,0.031405824999999936,-0.369917,0.021046975000000065,0.014336000000000015,0.025465585653006845
0.099375,0.096875,0.005,1.5625e-08,-0.0237112,-0.302915,-0.030413949999999766,-0.26297649999999817,0.0067027499999997645,-0.03993850000000182,0.040497044828143224
0.001875,0.099375,0.005,1.5625e-08,0.37979,0.125805,0.4018890000000046,0.11787062499999873,-0.022099000000004587,0.00793437500000127,0.02348020672057314
0.004375,0.099375,0.005,1.5625e-08,0.64863,0.045405,0.6769487500000034,0.027045914999999587,-0.02831875000000339,0.018359085000000414,0.03374918671019988
0.006875,0.099375,0.005,1.5625e-08,0.764326,0.0173292,0.7763942500000024,0.010496072499999832,-0.012068250000002445,0.006833127500000168,0.013868463847658743
0.009375,0.099375,0.005,1.5625e-08,0.820328,0.00778482,0.825664750000002,0.0056189149999999076,-0.005336750000002,0.002165905000000092,0.0057595177776917006
0.011875,0.099375,0.005,1.5625e-08,0.851457,0.00310814,0.8552820000000017,0.003555905999999941,-0.0038250000000016326,-0.00044776599999994107,0.003851119238710798
0.014375,0.099375,0.005,1.5625e-08,0.86895,-0.00877803,0.8753377500000015,0.002496630249999958,-0.006387750000001469,-0.011274660249999957,0.012958445655843446
0.021875,0.099375,0.005,1.5625e-08,0.902052,0.00936865,0.9107690000000009,0.0012271944999999796,-0.008717000000000974,0.00814145550000002,0.011927673145190453
0.024375,0.099375,0.005,1.5625e-08,0.918354,0.00258845,0.918517750000001,0.0010369419999999826,-0.00016375000000101725,0.0015515080000000174,0.0015601253592466176
0.026875,0.099375,0.005,1.5625e-08,0.925413,0.000368139,0.9251430000000007,0.0008935169999999851,0.00026999999999932633,-0.000525377999999985,0.0005906962357114023
0.029375,0.099375,0.005,1.5625e-08,0.928938,-0.00552192,0.9309022500000008,0.000780694999999987,-0.001964250000000778,-0.006302614999999986,0.006601608432853912
0.084375,0.099375,0.005,1.5625e-08,0.913836,0.00263355,0.9240957500000009,-0.0016755027499999742,-0.0102597500000009,0.004309052749999974,0.011127911109673766
0.086875,0.099375,0.005,1.5625e-08,0.905768,-0.00169337,0.9110980000000011,-0.0023535484999999594,-0.005330000000001056,0.0006601784999999594,0.005370729526970564
0.089375,0.099375,0.005,1.5625e-08,0.88719,-0.00417254,0.8920475000000012,-0.0036223509999999365,-0.00485750000000118,-0.0005501890000000633,0.004888559520526731
0.091875,0.099375,0.005,1.5625e-08,0.854345,-0.0080886,0.8608552500000015,-0.006411062499999885,-0.006510250000001494,-0.0016775375000001149,0.006722907639290167
0.094375,0.099375,0.005,1.5625e-08,0.788467,-0.0203768,0.8004175000000018,-0.014273844999999811,-0.011950500000001751,-0.006102955000000189,0.01341866274939754
0.096875,0.099375,0.005,1.5625e-08,0.608643,-0.0702314,0.6463250000000027,-0.050546474999999494,-0.03768200000000266,-0.019684925000000505,0.04251387298583658
0.099375,0.099375,0.005,1.5625e-08,0.314741,-0.152402,0.19948350000000287,-0.22497749999999814,0.11525749999999713,0.07257549999999813,0.13620387111422005
