x,y,z,V,Ux,Uy,Ux_M160_interp,Uy_M160_interp,dUx,dUy,dU_mag_star
0.00125,0.00125,0.005,6.25e-08,6.76768e-05,-6.76456e-05,2.1433875000000003e-05,-2.1497624999999997e-05,4.624292499999999e-05,-4.6147975e-05,6.53302664096531e-05
0.00375,0.00125,0.005,6.25e-08,0.000165431,-5.67205e-05,8.053915e-05,-1.2283925000000003e-05,8.489185e-05,-4.4436575e-05,9.58187632677083e-05
0.00625,0.00125,0.005,6.25e-08,0.000142916,1.76421e-06,3.354417499999998e-05,2.7194130000000007e-05,0.00010937182500000003,-2.5429920000000007e-05,0.00011228925565269828
0.00875,0.00125,0.005,6.25e-08,-5.25354e-05,6.51961e-05,-0.00017141392500000008,7.024702500000002e-05,0.00011887852500000008,-5.050925000000018e-06,0.00011898577877011719
0.01125,0.00125,0.005,6.25e-08,-0.000416578,0.000120546,-0.00053122425,0.00010838732499999999,0.00011464625000000002,1.2158675000000001e-05,0.00011528918430112223
0.01375,0.00125,0.005,6.25e-08,-0.000922039,0.000163981,-0.0010233535,0.000139214575,0.00010131449999999998,2.4766424999999996e-05,0.0001042976688019949
0.01625,0.00125,0.005,6.25e-08,-0.00153822,0.000195782,-0.001619995,0.00016253447499999999,8.177499999999986e-05,3.324752500000002e-05,8.827541301872002e-05
0.01875,0.00125,0.005,6.25e-08,-0.0022356,0.000217642,-0.00229374,0.000178965475,5.813999999999993e-05,3.867652499999998e-05,6.982931466136279e-05
0.02125,0.00125,0.005,6.25e-08,-0.00298797,0.000231409,-0.0030196575000000004,0.00018934935000000002,3.1687500000000465e-05,4.2059649999999976e-05,5.266034384973694e-05
0.02375,0.00125,0.005,6.25e-08,-0.00377273,0.00023862,-0.0037757374999999997,0.00019447267500000002,3.0074999999994863e-06,4.414732499999997e-05,4.424964814442731e-05
0.02625,0.00125,0.005,6.25e-08,-0.00457027,0.000240367,-0.0045425349999999995,0.00019494755,-2.7735000000000953e-05,4.541945000000001e-05,5.3218010704108e-05
0.02875,0.00125,0.005,6.25e-08,-0.00536311,0.000237294,-0.005302495000000001,0.000191174475,-6.061499999999911e-05,4.6119525e-05,7.616553558680932e-05
0.03125,0.00125,0.005,6.25e-08,-0.00613492,0.000229661,-0.006039207499999999,0.000183360625,-9.5712500000001e-05,4.6300375000000006e-05,0.00010632312721788623
0.03375,0.00125,0.005,6.25e-08,-0.00686984,0.00021744,-0.006736809999999999,0.000171564525,-0.000133030000000001,4.587547500000002e-05,0.00014071794521835476
0.03625,0.00125,0.005,6.25e-08,-0.00755185,0.000200425,-0.0073795350000000004,0.000155763375,-0.00017231499999999927,4.466162500000001e-05,0.0001780087637523512
0.03875,0.00125,0.005,6.25e-08,-0.00816464,0.000178348,-0.007951567500000001,0.00013592204999999998,-0.00021307249999999965,4.2425950000000013e-05,0.00021725526803659413
0.04125,0.00125,0.005,6.25e-08,-0.00869157,0.000150994,-0.008437145,0.00011206525000000001,-0.0002544249999999991,3.892874999999999e-05,0.0002573859518341318
0.04375,0.00125,0.005,6.25e-08,-0.00911611,0.000118298,-0.0088209,8.434259999999999e-05,-0.0002952100000000006,3.395540000000001e-05,0.00029715637850996965
0.04625,0.00125,0.005,6.25e-08,-0.00942239,8.04435e-05,-0.0090885475,5.308415e-05,-0.00033384249999999886,2.7359349999999998e-05,0.0003349617124966251
0.04875,0.00125,0.005,6.25e-08,-0.00959602,3.79332e-05,-0.0092274275,1.8839235e-05,-0.00036859250000000066,1.9093964999999998e-05,0.0003690867249789292
0.05125,0.00125,0.005,6.25e-08,-0.00962512,-8.36152e-06,-0.0092276825,-1.7600045e-05,-0.0003974374999999985,9.238525000000001e-06,0.0003975448613055191
0.05375,0.00125,0.005,6.25e-08,-0.00950132,-5.71878e-05,-0.009083005,-5.5197599999999995e-05,-0.0004183150000000007,-1.990200000000007e-06,0.00041831973431938465
0.05625,0.00125,0.005,6.25e-08,-0.00922083,-0.000106901,-0.008791519999999999,-9.269465e-05,-0.00042931000000000046,-1.4206350000000003e-05,0.0004295449877257595
0.05875,0.00125,0.005,6.25e-08,-0.00878538,-0.00015553,-0.008356625,-0.00012865462499999996,-0.00042875500000000115,-2.6875375000000036e-05,0.00042959648020717255
0.06125,0.00125,0.005,6.25e-08,-0.00820295,-0.000200867,-0.00778748,-0.000161532325,-0.00041547000000000025,-3.933467500000001e-05,0.0004173278538000499
0.06375,0.00125,0.005,6.25e-08,-0.0074882,-0.000240584,-0.007099217499999998,-0.00018976282500000007,-0.00038898250000000273,-5.0821174999999945e-05,0.00039228838516406874
0.06625,0.00125,0.005,6.25e-08,-0.00666244,-0.000272396,-0.006312854999999997,-0.00021186275000000004,-0.00034958500000000295,-6.053324999999996e-05,0.0003547871849159219
0.06875,0.00125,0.005,6.25e-08,-0.00575327,-0.000294232,-0.005454742499999997,-0.00022654150000000003,-0.000298527500000003,-6.769049999999998e-05,0.00030610565503842263
0.07125,0.00125,0.005,6.25e-08,-0.00479357,-0.00030441,-0.0045555950000000026,-0.00023280525000000002,-0.00023797499999999704,-7.160475e-05,0.0002485142668893701
0.07375,0.00125,0.005,6.25e-08,-0.00382018,-0.000301793,-0.0036491900000000027,-0.00023005075000000002,-0.00017098999999999717,-7.174225e-05,0.000185430662337871
0.07625,0.00125,0.005,6.25e-08,-0.00287209,-0.000285913,-0.0027707325000000025,-0.00021813175000000005,-0.0001013574999999974,-6.778124999999994e-05,0.0001219329350824131
0.07875,0.00125,0.005,6.25e-08,-0.00198834,-0.000257034,-0.0019549899999999976,-0.00019740259999999994,-3.33500000000023e-05,-5.963140000000007e-05,6.832368817591861e-05
0.08125,0.00125,0.005,6.25e-08,-0.00120584,-0.000216173,-0.0012343367499999982,-0.0001687312749999999,2.8496749999998338e-05,-4.744172500000009e-05,5.534240717151757e-05
0.08375,0.00125,0.005,6.25e-08,-0.000556976,-0.000165102,-0.0006367579999999986,-0.0001335011499999999,7.978199999999851e-05,-3.160085000000011e-05,8.581247720886671e-05
0.08625,0.00125,0.005,6.25e-08,-6.72467e-05,-0.000106426,-0.00018379172500000102,-9.362807500000011e-05,0.00011654502500000103,-1.2797924999999888e-05,0.00011724559580878288
0.08875,0.00125,0.005,6.25e-08,0.000247003,-4.38417e-05,0.0001117404499999994,-5.166372500000012e-05,0.00013526255000000057,7.822025000000124e-06,0.00013548852906280768
0.09125,0.00125,0.005,6.25e-08,0.000382086,1.74887e-05,0.00024875899999999987,-1.1130930000000106e-05,0.00013332700000000014,2.8619630000000107e-05,0.00013636411606554323
0.09375,0.00125,0.005,6.25e-08,0.0003525,6.82139e-05,0.00024304374999999998,2.2527e-05,0.00010945625000000002,4.5686900000000005e-05,0.00011860844613969321
0.09625,0.00125,0.005,6.25e-08,0.000208609,9.17494e-05,0.00013745022499999965,3.939157500000001e-05,7.115877500000036e-05,5.2357825e-05,8.834541922607703e-05
0.09875,0.00125,0.005,6.25e-08,5.87699e-05,5.86482e-05,2.0790487499999783e-05,2.081056499999988e-05,3.797941250000022e-05,3.7837635000000116e-05,5.361084215192303e-05
0.00125,0.00375,0.005,6.25e-08,5.90628e-05,-0.000167742,1.2587215000000001e-05,-8.0921425e-05,4.6475585e-05,-8.682057499999999e-05,9.847736919933862e-05
0.00375,0.00375,0.005,6.25e-08,4.19123e-05,-3.97265e-05,-4.241027499999997e-05,4.2380457499999965e-05,8.432257499999996e-05,-8.210695749999997e-05,0.00011769387887455073
0.00625,0.00375,0.005,6.25e-08,-0.000298779,0.000253652,-0.00038487100000000006,0.0003348065,8.609200000000007e-05,-8.115450000000001e-05,0.00011831265923074341
0.00875,0.00375,0.005,6.25e-08,-0.00102471,0.000572455,-0.0011014935,0.0006597395000000001,7.678349999999993e-05,-8.728450000000003e-05,0.00011625097768406076
0.01125,0.00375,0.005,6.25e-08,-0.00212732,0.000862048,-0.0021920125000000003,0.000957097,6.469250000000048e-05,-9.504899999999994e-05,0.00011497578856981172
0.01375,0.00375,0.005,6.25e-08,-0.00356032,0.00110099,-0.0036124624999999996,0.0012039662499999998,5.214249999999955e-05,-0.00010297624999999972,0.0001154250768694238
0.01625,0.00375,0.005,6.25e-08,-0.00526183,0.00128465,-0.005301005,0.0013946625,3.91749999999998e-05,-0.0001100125,0.00011677941077625793
0.01875,0.00375,0.005,6.25e-08,-0.00716658,0.00141612,-0.0071917325,0.0015311149999999998,2.5152500000000244e-05,-0.00011499499999999968,0.0001177136282732375
0.02125,0.00375,0.005,6.25e-08,-0.00921208,0.00150106,-0.009221185,0.0016180899999999995,9.105000000000571e-06,-0.00011702999999999952,0.00011738365271621044
0.02375,0.00375,0.005,6.25e-08,-0.0113408,0.00154513,-0.01133075,0.0016606949999999998,-1.0049999999999296e-05,-0.00011556499999999977,0.00011600117122253522
0.02625,0.00375,0.005,6.25e-08,-0.0135001,0.00155284,-0.013466800000000001,0.0016632324999999997,-3.329999999999826e-05,-0.00011039249999999969,0.00011530565491878452
0.02875,0.00375,0.005,6.25e-08,-0.0156415,0.0015272,-0.015579800000000001,0.0016287049999999998,-6.169999999999787e-05,-0.00010150499999999978,0.00011878617354305042
0.03125,0.00375,0.005,6.25e-08,-0.0177188,0.00146972,-0.01762295,0.0015588549999999998,-9.585000000000149e-05,-8.913499999999974e-05,0.00013089030034727647
0.03375,0.00375,0.005,6.25e-08,-0.0196875,0.00138082,-0.019551149999999996,0.0014544324999999998,-0.00013635000000000383,-7.361249999999976e-05,0.00015495200113664558
0.03625,0.00375,0.005,6.25e-08,-0.0215031,0.00126023,-0.02131995,0.0013156624999999997,-0.00018314999999999998,-5.5432499999999744e-05,0.000191354865514964
0.03875,0.00375,0.005,6.25e-08,-0.0231219,0.00110753,-0.022885774999999997,0.00114277875,-0.0002361250000000037,-3.5248749999999916e-05,0.00023874147105512324
0.04125,0.00375,0.005,6.25e-08,-0.0245001,0.000922735,-0.0242058,0.0009365352499999999,-0.0002943000000000008,-1.3800249999999879e-05,0.00029462338145514345
0.04375,0.00375,0.005,6.25e-08,-0.0255959,0.000706783,-0.0252394,0.0006987122499999999,-0.00035650000000000265,8.070750000000143e-06,0.0003565913445466174
0.04625,0.00375,0.005,6.25e-08,-0.0263701,0.000461966,-0.025949450000000002,0.000432524,-0.0004206499999999981,2.944200000000002e-05,0.0004216790887203187
0.04875,0.00375,0.005,6.25e-08,-0.0267887,0.00019228,-0.026304249999999998,0.00014290509999999998,-0.00048445000000000085,4.9374900000000014e-05,0.0004869596320538396
0.05125,0.00375,0.005,6.25e-08,-0.0268246,-9.63689e-05,-0.0262797,-0.00016333749999999998,-0.0005449000000000009,6.696859999999997e-05,0.0005489998209343615
0.05375,0.00375,0.005,6.25e-08,-0.0264604,-0.000396103,-0.02586165,-0.00047753999999999993,-0.0005987499999999986,8.14369999999999e-05,0.0006042628132435408
0.05625,0.00375,0.005,6.25e-08,-0.0256903,-0.000697201,-0.025047725,-0.0007893727499999999,-0.0006425749999999994,9.217174999999987e-05,0.0006491519561112496
0.05875,0.00375,0.005,6.25e-08,-0.0245224,-0.000988399,-0.023849275,-0.0010872129999999994,-0.0006731250000000001,9.881399999999937e-05,0.0006803392331925302
0.06125,0.00375,0.005,6.25e-08,-0.0229799,-0.00125739,-0.022292399999999997,-0.0013586975,-0.0006875000000000041,0.00010130750000000009,0.0006949240674751851
0.06375,0.00375,0.005,6.25e-08,-0.0211017,-0.0014915,-0.020418424999999994,-0.0015913950000000004,-0.0006832750000000075,9.989500000000045e-05,0.0006905387292904072
0.06625,0.00375,0.005,6.25e-08,-0.0189427,-0.00167849,-0.018283224999999993,-0.0017736300000000004,-0.0006594750000000066,9.51400000000005e-05,0.0006663024052372983
0.06875,0.00375,0.005,6.25e-08,-0.0165721,-0.00180742,-0.015956099999999994,-0.0018952900000000002,-0.0006160000000000054,8.787000000000031e-05,0.0006222355959763204
0.07125,0.00375,0.005,6.25e-08,-0.0140714,-0.0018696,-0.013517000000000006,-0.0019486399999999997,-0.0005543999999999931,7.903999999999984e-05,0.0005600059656825026
0.07375,0.00375,0.005,6.25e-08,-0.0115308,-0.00185933,-0.011053422500000007,-0.0019290750000000001,-0.00047737749999999385,6.974500000000018e-05,0.00048244548140825627
0.07625,0.00375,0.005,6.25e-08,-0.00904518,-0.00177462,-0.008656100000000007,-0.00183561,-0.00038907999999999304,6.099000000000013e-05,0.0003938312157511065
0.07875,0.00375,0.005,6.25e-08,-0.00670911,-0.00161759,-0.0064144299999999935,-0.0016712899999999993,-0.00029468000000000636,5.369999999999941e-05,0.00029953295711825046
0.08125,0.00375,0.005,6.25e-08,-0.00461128,-0.00139474,-0.0044113399999999945,-0.0014433649999999994,-0.00019994000000000522,4.8624999999999407e-05,0.00020576781630031948
0.08375,0.00375,0.005,6.25e-08,-0.00282877,-0.00111708,-0.0027180024999999956,-0.001163379749999999,-0.0001107675000000044,4.6299749999999034e-05,0.00012005459552350917
0.08625,0.00375,0.005,6.25e-08,-0.00142103,-0.000800441,-0.001388290000000003,-0.0008474515000000009,-3.2739999999997034e-05,4.701050000000082e-05,5.728782340297005e-05
0.08875,0.00375,0.005,6.25e-08,-0.000423545,-0.000466399,-0.000452761750000002,-0.0005170145000000009,2.9216750000001976e-05,5.061550000000093e-05,5.8442684065781146e-05
0.09125,0.00375,0.005,6.25e-08,0.000158737,-0.000144076,8.866914999999906e-05,-0.00020098050000000078,7.006785000000093e-05,5.6904500000000776e-05,9.026419956922412e-05
0.09375,0.00375,0.005,6.25e-08,0.000360964,0.00012434,0.00027655000000000003,5.948745e-05,8.4414e-05,6.485254999999999e-05,0.00010644987852272307
0.09625,0.00375,0.005,6.25e-08,0.00027932,0.000275033,0.00020535724999999958,0.00020224025000000013,7.396275000000043e-05,7.279274999999987e-05,0.00010377510703499681
0.09875,0.00375,0.005,6.25e-08,9.21448e-05,0.000207473,3.983162499999962e-05,0.00013792882499999944,5.2313175000000384e-05,6.954417500000057e-05,8.702333339404651e-05
0.00125,0.00625,0.005,6.25e-08,7.41495e-07,-0.000148984,-2.7997460000000008e-05,-3.275876499999998e-05,2.8738955000000007e-05,-0.00011622523500000003,0.00011972565633688235
0.00375,0.00625,0.005,6.25e-08,-0.00026086,0.000301889,-0.00034757150000000003,0.00039068450000000004,8.671150000000001e-05,-8.879550000000003e-05,0.00012411093848851523
0.00625,0.00625,0.005,6.25e-08,-0.00106502,0.00103835,-0.0011444555000000003,0.0011190347500000003,7.943550000000027e-05,-8.06847500000004e-05,0.00011322556046587982
0.00875,0.00625,0.005,6.25e-08,-0.00242045,0.00182201,-0.002478980000000001,0.0019092825000000006,5.853000000000065e-05,-8.72725000000006e-05,0.00010508211149501223
0.01125,0.00625,0.005,6.25e-08,-0.00429634,0.00254243,-0.00433661,0.0026385850000000006,4.0270000000000236e-05,-9.615500000000055e-05,0.00010424709552308939
0.01375,0.00625,0.005,6.25e-08,-0.00663167,0.00314882,-0.006657400000000001,0.0032521125000000007,2.5730000000000718e-05,-0.00010329250000000066,0.00010644892416671093
0.01625,0.00625,0.005,6.25e-08,-0.00934427,0.00362421,-0.009358565,0.0037317550000000007,1.4294999999999239e-05,-0.00010754500000000056,0.00010849089385750353
0.01875,0.00625,0.005,6.25e-08,-0.0123449,0.0039697,-0.012349275,0.004077855,4.374999999999171e-06,-0.0001081550000000004,0.00010824345084114825
0.02125,0.00625,0.005,6.25e-08,-0.0155452,0.00419416,-0.015539025000000003,0.004298722500000001,-6.174999999997155e-06,-0.00010456250000000136,0.00010474467543149985
0.02375,0.00625,0.005,6.25e-08,-0.0188614,0.00430819,-0.018841675000000002,0.004404715000000001,-1.9724999999998216e-05,-9.652500000000095e-05,9.851980130917903e-05
0.02625,0.00625,0.005,6.25e-08,-0.0222144,0.0043211,-0.022176175000000003,0.00440513,-3.82249999999959e-05,-8.403000000000056e-05,9.231571656548944e-05
0.02875,0.00625,0.005,6.25e-08,-0.0255297,0.00423955,-0.0254662,0.0043068525000000005,-6.349999999999759e-05,-6.730250000000059e-05,9.253040854902658e-05
0.03125,0.00625,0.005,6.25e-08,-0.028736,0.00406745,-0.028638925000000003,0.004114197500000001,-9.707499999999855e-05,-4.6747500000000365e-05,0.00010774453295295197
0.03375,0.00625,0.005,6.25e-08,-0.0317639,0.00380645,-0.031623975,0.0038294975000000005,-0.00013992499999999908,-2.3047500000000602e-05,0.0001418104117519224
0.03625,0.00625,0.005,6.25e-08,-0.034545,0.00345703,-0.034352650000000005,0.0034540825000000004,-0.00019234999999999391,2.947499999999409e-06,0.0001923725818723855
0.03875,0.00625,0.005,6.25e-08,-0.0370123,0.00301966,-0.036757975,0.0029895175000000003,-0.0002543249999999997,3.0142499999999666e-05,0.00025610500957859027
0.04125,0.00625,0.005,6.25e-08,-0.0391007,0.00249608,-0.038775525000000005,0.0024388400000000003,-0.000325174999999997,5.7239999999999635e-05,0.00033017449663018796
0.04375,0.00625,0.005,6.25e-08,-0.0407483,0.00189054,-0.04034485,0.0018077050000000002,-0.00040344999999999964,8.283499999999985e-05,0.00041186592445236316
0.04625,0.00625,0.005,6.25e-08,-0.0418987,0.00121075,-0.041411875,0.001105349,-0.0004868249999999963,0.00010540099999999998,0.0004981043579672801
0.04875,0.00625,0.005,6.25e-08,-0.0425037,0.000468664,-0.04193135,0.00034521750000000005,-0.0005723499999999992,0.00012344649999999994,0.0005855113669795396
0.05125,0.00625,0.005,6.25e-08,-0.0425265,-0.000319069,-0.04187005,-0.00045470225000000006,-0.0006564500000000029,0.00013563325000000005,0.0006703155831439146
0.05375,0.00625,0.005,6.25e-08,-0.0419445,-0.00113106,-0.041209499999999996,-0.0012719925000000002,-0.0007350000000000065,0.00014093250000000025,0.0007483895840778782
0.05625,0.00625,0.005,6.25e-08,-0.0407526,-0.0019416,-0.039949125,-0.002080305,-0.0008034749999999979,0.00013870500000000025,0.0008153595235538718
0.05875,0.00625,0.005,6.25e-08,-0.0389653,-0.00272143,-0.038108025000000004,-0.00285033,-0.0008572749999999976,0.00012889999999999993,0.000866911550058595
0.06125,0.00625,0.005,6.25e-08,-0.0366188,-0.00343905,-0.0357266,-0.0035511175000000005,-0.0008922000000000027,0.00011206750000000059,0.0008992107453518641
0.06375,0.00625,0.005,6.25e-08,-0.0337718,-0.00406234,-0.03286699999999999,-0.004151777500000002,-0.0009048000000000042,8.943750000000184e-05,0.0009092096053200593
0.06625,0.00625,0.005,6.25e-08,-0.0305049,-0.00456057,-0.029612099999999992,-0.004623392500000002,-0.0008928000000000096,6.282250000000204e-05,0.0008950075455024205
0.06875,0.00625,0.005,6.25e-08,-0.0269187,-0.00490652,-0.026063574999999988,-0.004941032500000001,-0.0008551250000000121,3.4512500000001035e-05,0.0008558211719052473
0.07125,0.00625,0.005,6.25e-08,-0.023131,-0.00507867,-0.02233827500000001,-0.005085715000000001,-0.0007927249999999872,7.045000000000662e-06,0.0007927563040745748
0.07375,0.00625,0.005,6.25e-08,-0.0192716,-0.0050632,-0.01856350000000001,-0.0050461675000000004,-0.0007080999999999893,-1.7032499999999895e-05,0.0007083048186030043
0.07625,0.00625,0.005,6.25e-08,-0.0154768,-0.00485564,-0.01487127500000001,-0.004820210000000001,-0.0006055249999999904,-3.542999999999862e-05,0.0006065606404350585
0.07875,0.00625,0.005,6.25e-08,-0.0118823,-0.00446213,-0.011391474999999991,-0.0044157325,-0.000490825000000009,-4.639749999999984e-05,0.000493013091744285
0.08125,0.00625,0.005,6.25e-08,-0.00861533,-0.00390015,-0.008244694999999991,-0.003851264999999999,-0.00037063500000000804,-4.888500000000068e-05,0.00037384494974521994
0.08375,0.00625,0.005,6.25e-08,-0.00578651,-0.00319902,-0.005534317499999994,-0.0031563649999999987,-0.00025219250000000585,-4.265500000000125e-05,0.00025577432647013864
0.08625,0.00625,0.005,6.25e-08,-0.00348141,-0.00240045,-0.0033387275000000055,-0.002372152500000003,-0.0001426824999999944,-2.829749999999718e-05,0.0001454614873858309
0.08875,0.00625,0.005,6.25e-08,-0.00175187,-0.00155999,-0.001702925000000004,-0.0015527625000000024,-4.894499999999599e-05,-7.2274999999976264e-06,4.947574942585077e-05
0.09125,0.00625,0.005,6.25e-08,-0.000607636,-0.000750134,-0.0006297275000000024,-0.0007687967500000023,2.2091500000002355e-05,1.8662750000002335e-05,2.8919415793073886e-05
0.09375,0.00625,0.005,6.25e-08,-7.14316e-06,-6.59039e-05,-7.020477500000008e-05,-0.00011403660500000004,6.306161500000009e-05,4.8132705000000035e-05,7.933173751422103e-05
0.09625,0.00625,0.005,6.25e-08,0.000157902,0.000364689,8.6535075e-05,0.0002838760000000006,7.1366925e-05,8.08129999999994e-05,0.00010781455816797436
0.09875,0.00625,0.005,6.25e-08,7.49551e-05,0.000357213,2.6211124999999758e-05,0.0002505532499999991,4.874397500000024e-05,0.0001066597500000009,0.00011727010432699096
0.00125,0.00875,0.005,6.25e-08,-6.83887e-05,5.3169e-05,-7.58896e-05,0.0001850453500000001,7.500900000000001e-06,-0.0001318763500000001,0.00013208949689559924
0.00375,0.00875,0.005,6.25e-08,-0.000619857,0.00106098,-0.0007147255,0.0011468325000000001,9.486849999999997e-05,-8.585250000000015e-05,0.00012794797399138456
0.00625,0.00875,0.005,6.25e-08,-0.00195738,0.00241491,-0.002041315000000001,0.002483637500000001,8.393500000000113e-05,-6.87275000000008e-05,0.0001084829640139423
0.00875,0.00875,0.005,6.25e-08,-0.00400023,0.00380685,-0.004056440000000001,0.003880445000000001,5.621000000000185e-05,-7.359500000000095e-05,9.260555126449142e-05
0.01125,0.00875,0.005,6.25e-08,-0.00667726,0.00507999,-0.006712250000000001,0.005163025000000002,3.4990000000001235e-05,-8.303500000000127e-05,9.010611147419634e-05
0.01375,0.00875,0.005,6.25e-08,-0.00990761,0.00615596,-0.009926472500000002,0.006245990000000001,1.886250000000117e-05,-9.003000000000049e-05,9.198475311838442e-05
0.01625,0.00875,0.005,6.25e-08,-0.0135902,0.00700456,-0.0135972,0.0070969475000000025,7.000000000000062e-06,-9.238750000000254e-05,9.265230788410221e-05
0.01875,0.00875,0.005,6.25e-08,-0.0176163,0.00762353,-0.017614475,0.0077126450000000015,-1.8250000000004374e-06,-8.911500000000159e-05,8.913368527105948e-05
0.02125,0.00875,0.005,6.25e-08,-0.0218781,0.00802379,-0.021867700000000004,0.008103672500000002,-1.0399999999997217e-05,-7.988250000000308e-05,8.055664967121233e-05
0.02375,0.00875,0.005,6.25e-08,-0.0262713,0.00822035,-0.026249875,0.0082851,-2.1425000000001998e-05,-6.475000000000057e-05,6.820258884382733e-05
0.02625,0.00875,0.005,6.25e-08,-0.0306963,0.00822714,-0.0306586,0.008271205000000002,-3.769999999999815e-05,-4.406500000000112e-05,5.799150131700298e-05
0.02875,0.00875,0.005,6.25e-08,-0.0350578,0.00805468,-0.034996025,0.008073070000000002,-6.177500000000002e-05,-1.8390000000001808e-05,6.445419090330798e-05
0.03125,0.00875,0.005,6.25e-08,-0.0392635,0.00770959,-0.039168100000000004,0.007698125000000002,-9.539999999999549e-05,1.1464999999997831e-05,9.608645182854391e-05
0.03375,0.00875,0.005,6.25e-08,-0.0432238,0.00719542,-0.043083525000000004,0.007150967500000002,-0.00014027499999999526,4.445249999999838e-05,0.00014714992484282324
0.03625,0.00875,0.005,6.25e-08,-0.0468505,0.00651424,-0.046653375,0.006435010000000001,-0.00019712500000000632,7.922999999999871e-05,0.0002124515439459132
0.03875,0.00875,0.005,6.25e-08,-0.0500577,0.00566861,-0.049791800000000004,0.005554460000000001,-0.00026589999999999253,0.0001141499999999995,0.00028936660570977416
0.04125,0.00875,0.005,6.25e-08,-0.0527629,0.00466372,-0.0524166,0.004516377500000002,-0.0003463000000000008,0.00014734249999999796,0.0003763422674989483
0.04375,0.00875,0.005,6.25e-08,-0.0548884,0.00350931,-0.05445175000000001,0.0033326250000000005,-0.0004366499999999898,0.00017668499999999934,0.0004710422610817323
0.04625,0.00875,0.005,6.25e-08,-0.0563645,0.00222139,-0.055830000000000005,0.0020213825000000006,-0.0005344999999999933,0.0002000074999999996,0.0005706954091774725
0.04875,0.00875,0.005,6.25e-08,-0.0571324,0.00082337,-0.0564959,0.0006082087500000001,-0.0006364999999999982,0.00021516124999999993,0.0006718828867455698
0.05125,0.00875,0.005,6.25e-08,-0.0571481,-0.000653217,-0.056409425000000006,-0.0008735260000000002,-0.0007386749999999942,0.00022030900000000024,0.0007708286522347178
0.05375,0.00875,0.005,6.25e-08,-0.0563855,-0.0021688,-0.055549475000000015,-0.0023828700000000005,-0.0008360249999999833,0.00021407000000000067,0.000862996967274493
0.05625,0.00875,0.005,6.25e-08,-0.05484,-0.00367646,-0.053916825,-0.0038722500000000007,-0.0009231749999999983,0.0001957900000000008,0.0009437085380163715
0.05875,0.00875,0.005,6.25e-08,-0.0525316,-0.00512348,-0.05153685000000001,-0.005289147499999999,-0.0009947499999999887,0.0001656674999999993,0.0010084509323989082
0.06125,0.00875,0.005,6.25e-08,-0.0495062,-0.0064535,-0.04846085,-0.006578440000000001,-0.0010453500000000004,0.00012494000000000133,0.0010527899249612913
0.06375,0.00875,0.005,6.25e-08,-0.0458373,-0.00760941,-0.04476667499999999,-0.007685320000000004,-0.0010706250000000056,7.591000000000455e-05,0.0010733127310923935
0.06625,0.00875,0.005,6.25e-08,-0.0416247,-0.00853677,-0.04055747499999999,-0.008558587500000004,-0.001067225000000012,2.181750000000357e-05,0.0010674479865226576
0.06875,0.00875,0.005,6.25e-08,-0.0369927,-0.00918749,-0.03595939999999999,-0.009154125000000003,-0.0010333000000000148,-3.336499999999701e-05,0.0010338385334398357
0.07125,0.00875,0.005,6.25e-08,-0.0320866,-0.00952357,-0.03111737500000002,-0.009438342500000002,-0.0009692249999999798,-8.522749999999822e-05,0.0009729649671911166
0.07375,0.00875,0.005,6.25e-08,-0.0270668,-0.00952064,-0.026189325000000013,-0.009391200000000002,-0.0008774749999999852,-0.00012943999999999803,0.0008869707375246229
0.07625,0.00875,0.005,6.25e-08,-0.0221017,-0.00917095,-0.021339400000000012,-0.009008782500000003,-0.0007622999999999866,-0.00016216749999999752,0.0007793584464520987
0.07875,0.00875,0.005,6.25e-08,-0.0173598,-0.00848565,-0.016729674999999992,-0.008305129999999999,-0.0006301250000000092,-0.00018052000000000172,0.0006554731009164389
0.08125,0.00875,0.005,6.25e-08,-0.013,-0.00749626,-0.01251122499999999,-0.007313349999999998,-0.000488775000000009,-0.00018291000000000227,0.0005218784041565713
0.08375,0.00875,0.005,6.25e-08,-0.00916144,-0.00625552,-0.008814802499999991,-0.0060863199999999975,-0.00034663750000000874,-0.00016920000000000216,0.0003857281379498478
0.08625,0.00875,0.005,6.25e-08,-0.00595383,-0.00483805,-0.0057411100000000085,-0.004697382500000005,-0.00021271999999999177,-0.0001406674999999951,0.0002550238105672588
0.08875,0.00875,0.005,6.25e-08,-0.00344719,-0.00334166,-0.0033514425000000067,-0.0032418775000000047,-9.574749999999342e-05,-9.978249999999548e-05,0.00013829002517353825
0.09125,0.00875,0.005,6.25e-08,-0.00166267,-0.0018903,-0.0016586675000000042,-0.0018405700000000043,-4.0024999999957456e-06,-4.972999999999566e-05,4.989080983757965e-05
0.09375,0.00875,0.005,6.25e-08,-0.000563775,-0.000638751,-0.0006190860000000002,-0.0006461035000000003,5.531100000000027e-05,7.352500000000245e-06,5.579754454498902e-05
0.09625,0.00875,0.005,6.25e-08,-5.03346e-05,0.00021858,-0.00012546464999999934,0.00014634885000000135,7.513004999999935e-05,7.223114999999866e-05,0.00010422026407241879
0.09875,0.00875,0.005,6.25e-08,3.83152e-05,0.000417422,-5.340764999999626e-07,0.00028221174999999916,3.8849276499999966e-05,0.00013521025000000082,0.00014068076623915642
0.00125,0.01125,0.005,6.25e-08,-0.000136909,0.000453832,-0.00012391615,0.00058637425,-1.2992849999999992e-05,-0.00013254225000000006,0.00013317755886854593
0.00375,0.01125,0.005,6.25e-08,-0.000988834,0.00227443,-0.0010935424999999998,0.0023532024999999997,0.00010470849999999975,-7.87724999999997e-05,0.00013103044199154598
0.00625,0.01125,0.005,6.25e-08,-0.00288542,0.00441908,-0.0029752600000000004,0.004477385,8.984000000000032e-05,-5.830500000000068e-05,0.0001071013474471733
0.00875,0.01125,0.005,6.25e-08,-0.00564024,0.00654309,-0.005696992500000001,0.006608185000000001,5.6752500000000795e-05,-6.509500000000112e-05,8.636090134574927e-05
0.01125,0.01125,0.005,6.25e-08,-0.00912966,0.00846096,-0.0091647625,0.0085397325,3.5102500000000134e-05,-7.877249999999926e-05,8.623973714303571e-05
0.01375,0.01125,0.005,6.25e-08,-0.0132467,0.0100758,-0.013266175,0.010165435,1.94749999999997e-05,-8.96350000000011e-05,9.172627131852786e-05
0.01625,0.01125,0.005,6.25e-08,-0.0178694,0.0113482,-0.017877725,0.011442250000000001,8.324999999999999e-06,-9.405000000000177e-05,9.441773204753614e-05
0.01875,0.01125,0.005,6.25e-08,-0.0228709,0.012274,-0.022871574999999998,0.012364074999999999,6.749999999985934e-07,-9.007499999999849e-05,9.007752910687397e-05
0.02125,0.01125,0.005,6.25e-08,-0.0281268,0.0128662,-0.028120625000000003,0.0129436,-6.174999999997155e-06,-7.740000000000004e-05,7.76459311554699e-05
0.02375,0.01125,0.005,6.25e-08,-0.0335166,0.0131438,-0.033501449999999995,0.013200199999999999,-1.5150000000005437e-05,-5.639999999999812e-05,5.8399336468832865e-05
0.02625,0.01125,0.005,6.25e-08,-0.0389245,0.013125,-0.038895125,0.013152674999999999,-2.9374999999998153e-05,-2.7674999999999575e-05,4.035834795924962e-05
0.02875,0.01125,0.005,6.25e-08,-0.0442387,0.0128239,-0.044186975,0.012816224999999999,-5.1724999999995525e-05,7.67500000000039e-06,5.229131141977167e-05
0.03125,0.01125,0.005,6.25e-08,-0.0493506,0.0122501,-0.049266025,0.012201575,-8.45750000000034e-05,4.852500000000065e-05,9.750695488015528e-05
0.03375,0.01125,0.005,6.25e-08,-0.0541539,0.0114093,-0.054024174999999994,0.011316075,-0.00012972500000000414,9.32250000000006e-05,0.00015974816509118714
0.03625,0.01125,0.005,6.25e-08,-0.0585447,0.0103059,-0.058356349999999994,0.01016588,-0.0001883500000000038,0.00014001999999999938,0.0002346941049536636
0.03875,0.01125,0.005,6.25e-08,-0.062422,0.00894563,-0.06216115,0.00875909,-0.00026084999999999997,0.00018653999999999893,0.00032068659794260123
0.04125,0.01125,0.005,6.25e-08,-0.065689,0.00733856,-0.06534214999999999,0.007108307500000001,-0.00034685000000000965,0.0002302524999999991,0.00041631855141977073
0.04375,0.01125,0.005,6.25e-08,-0.0682553,0.00550186,-0.067810575,0.0052335725,-0.0004447250000000069,0.0002682874999999996,0.0005193828147727416
0.04625,0.01125,0.005,6.25e-08,-0.0700405,0.00346206,-0.06948822499999999,0.0031644075,-0.0005522750000000187,0.0002976525,0.0006273792205526659
0.04875,0.01125,0.005,6.25e-08,-0.0709768,0.00125671,-0.070311,0.0009412917500000001,-0.000665800000000008,0.00031541825,0.0007367348996980347
0.05125,0.01125,0.005,6.25e-08,-0.0710139,-0.0010648,-0.070232725,-0.0013837975,-0.0007811750000000089,0.00031899749999999985,0.0008437972420144924
0.05375,0.01125,0.005,6.25e-08,-0.0701218,-0.00344136,-0.069229025,-0.0037478025,-0.0008927749999999984,0.0003064424999999998,0.000943903706122212
0.05625,0.01125,0.005,6.25e-08,-0.0682954,-0.00580131,-0.06730055,-0.006078065,-0.0009948500000000055,0.00027675500000000006,0.0010326276446643344
0.05875,0.01125,0.005,6.25e-08,-0.065557,-0.00806464,-0.06447592499999999,-0.008294772499999997,-0.0010810750000000147,0.00023013249999999721,0.0011052982055451282
0.06125,0.01125,0.005,6.25e-08,-0.0619589,-0.0101462,-0.060813425,-0.0103144025,-0.001145475,0.0001682025000000007,0.001157758634876566
0.06375,0.01125,0.005,6.25e-08,-0.057584,-0.01196,-0.05640154999999999,-0.012054075000000004,-0.0011824500000000154,9.407500000000422e-05,0.0011861863715812273
0.06625,0.01125,0.005,6.25e-08,-0.052546,-0.0134238,-0.05135814999999999,-0.013436150000000003,-0.0011878500000000111,1.2350000000002984e-05,0.0011879141993427077
0.06875,0.01125,0.005,6.25e-08,-0.0469866,-0.0144652,-0.04582762499999998,-0.014393625000000002,-0.0011589750000000204,-7.157499999999734e-05,0.0011611830308999728
0.07125,0.01125,0.005,6.25e-08,-0.0410722,-0.0150263,-0.039976850000000015,-0.014875175000000001,-0.001095349999999988,-0.00015112499999999848,0.0011057261813509588
0.07375,0.01125,0.005,6.25e-08,-0.0349879,-0.0150699,-0.033988575000000014,-0.0148497,-0.0009993249999999884,-0.00022020000000000026,0.0010232978528390338
0.07625,0.01125,0.005,6.25e-08,-0.0289291,-0.0145834,-0.02805400000000002,-0.014310325000000002,-0.0008750999999999794,-0.0002730749999999976,0.0009167169495678382
0.07875,0.01125,0.005,6.25e-08,-0.0230931,-0.0135827,-0.022363449999999986,-0.013277399999999998,-0.0007296500000000122,-0.0003053000000000014,0.0007909470352052777
0.08125,0.01125,0.005,6.25e-08,-0.0176677,-0.0121145,-0.017096049999999988,-0.011800199999999997,-0.0005716500000000138,-0.00031430000000000347,0.0006523558940486534
0.08375,0.01125,0.005,6.25e-08,-0.0128201,-0.0102575,-0.012409099999999989,-0.009957942499999994,-0.0004110000000000103,-0.0002995575000000056,0.0005085820443215252
0.08625,0.01125,0.005,6.25e-08,-0.00868544,-0.00812296,-0.00842731500000001,-0.007860567500000006,-0.00025812499999998927,-0.0002623924999999947,0.00036807382368383887
0.08875,0.01125,0.005,6.25e-08,-0.00535616,-0.00585518,-0.005232630000000008,-0.005649312500000006,-0.0001235299999999915,-0.00020586749999999387,0.00024008558569028123
0.09125,0.01125,0.005,6.25e-08,-0.00287154,-0.00363315,-0.0028552700000000057,-0.0034992025000000057,-1.626999999999445e-05,-0.00013394749999999424,0.00013493200382506842
0.09375,0.01125,0.005,6.25e-08,-0.00120932,-0.00167297,-0.0012669275,-0.0016236825,5.760749999999984e-05,-4.9287500000000026e-05,7.581478557972702e-05
0.09625,0.01125,0.005,6.25e-08,-0.000291902,-0.000233497,-0.0003767414999999984,-0.00028295864999999733,8.48394999999984e-05,4.946164999999734e-05,9.820486536303569e-05
0.09875,0.01125,0.005,6.25e-08,-3.43077e-06,0.000353784,-3.141252499999962e-05,0.0002018414999999998,2.798175499999962e-05,0.0001519425000000002,0.00015449757900734258
0.00125,0.01375,0.005,6.25e-08,-0.000201179,0.00104796,-0.00016999015000000001,0.0011687382499999998,-3.118884999999999e-05,-0.00012077824999999986,0.0001247402502698506
0.00375,0.01375,0.005,6.25e-08,-0.0013481,0.00394708,-0.0014639599999999998,0.00401571,0.00011585999999999975,-6.862999999999921e-05,0.00013466111725364465
0.00625,0.01375,0.005,6.25e-08,-0.00380324,0.00706291,-0.0038984725000000007,0.007112775,9.523250000000082e-05,-4.986499999999963e-05,0.0001074976617478265
0.00875,0.01375,0.005,6.25e-08,-0.00727016,0.0100418,-0.007326667500000001,0.01010215,5.6507500000000516e-05,-6.035000000000068e-05,8.267538966494285e-05
0.01125,0.01375,0.005,6.25e-08,-0.0115667,0.0126879,-0.01160225,0.012767,3.555000000000051e-05,-7.910000000000035e-05,8.672146504758837e-05
0.01375,0.01375,0.005,6.25e-08,-0.0165551,0.0148977,-0.0165772,0.014992525,2.210000000000059e-05,-9.482499999999977e-05,9.736627046878185e-05
0.01625,0.01375,0.005,6.25e-08,-0.0220899,0.01663,-0.022103275,0.016732175000000002,1.3374999999999498e-05,-0.00010217500000000296,0.00010304669451273335
0.01875,0.01375,0.005,6.25e-08,-0.028026,0.0178819,-0.02803435,0.017980700000000002,8.350000000000718e-06,-9.880000000000305e-05,9.915221883548858e-05
0.02125,0.01375,0.005,6.25e-08,-0.034224,0.0186704,-0.03422842500000001,0.018754200000000002,4.425000000009283e-06,-8.380000000000193e-05,8.391674817937361e-05
0.02375,0.01375,0.005,6.25e-08,-0.04055,0.0190189,-0.040548600000000004,0.01907665,-1.3999999999986246e-06,-5.7750000000002244e-05,5.776696720445219e-05
0.02625,0.01375,0.005,6.25e-08,-0.0468753,0.0189501,-0.046862825,0.018971575,-1.2475000000004843e-05,-2.1474999999999966e-05,2.4835483687661882e-05
0.02875,0.01375,0.005,6.25e-08,-0.0530751,0.0184817,-0.053043575,0.018458,-3.152499999999753e-05,2.3700000000001498e-05,3.944002567189726e-05
0.03125,0.01375,0.005,6.25e-08,-0.0590282,0.0176259,-0.0589667,0.017549925,-6.1500000000006e-05,7.597499999999896e-05,9.774687015449948e-05
0.03375,0.01375,0.005,6.25e-08,-0.0646155,0.0163909,-0.064511175,0.016257499999999998,-0.00010432500000000233,0.00013340000000000227,0.00016934953683137455
0.03625,0.01375,0.005,6.25e-08,-0.0697205,0.014784,-0.06955905,0.0145904,-0.00016145000000000742,0.00019360000000000037,0.0002520854269885559
0.03875,0.01375,0.005,6.25e-08,-0.0742301,0.0128147,-0.07399644999999999,0.012561150000000002,-0.0002336500000000019,0.0002535499999999982,0.0003447896822702211
0.04125,0.01375,0.005,6.25e-08,-0.0780359,0.0104992,-0.077715225,0.010189050000000002,-0.00032067500000000637,0.0003101499999999986,0.00044612271644134334
0.04375,0.01375,0.005,6.25e-08,-0.0810371,0.0078632,-0.080615675,0.007503695,-0.00042142500000000305,0.0003595050000000004,0.0005539339993627426
0.04625,0.01375,0.005,6.25e-08,-0.0831435,0.00494541,-0.082609775,0.00454756,-0.0005337249999999988,0.00039784999999999994,0.0006656928707181704
0.04875,0.01375,0.005,6.25e-08,-0.0842792,0.00179931,-0.08362502499999999,0.0013779589999999998,-0.0006541750000000068,0.00042135100000000015,0.0007781269792431112
0.05125,0.01375,0.005,6.25e-08,-0.0843865,-0.00150582,-0.08360822500000001,-0.0019323324999999999,-0.0007782749999999949,0.00042651249999999994,0.0008874823312501732
0.05375,0.01375,0.005,6.25e-08,-0.0834306,-0.00488504,-0.08252994999999999,-0.0052956950000000004,-0.0009006500000000028,0.0004106550000000002,0.000989852489780677
0.05625,0.01375,0.005,6.25e-08,-0.0814029,-0.00823939,-0.08038775000000001,-0.0086115925,-0.0010151499999999924,0.00037220250000000003,0.0010812327332754197
0.05875,0.01375,0.005,6.25e-08,-0.0783245,-0.0114587,-0.077209725,-0.011769824999999996,-0.0011147749999999984,0.00031112499999999543,0.0011573772359304436
0.06125,0.01375,0.005,6.25e-08,-0.0742494,-0.0144259,-0.07305652500000001,-0.014655175,-0.0011928749999999821,0.00022927499999999927,0.0012147089327283129
0.06375,0.01375,0.005,6.25e-08,-0.0692652,-0.0170225,-0.06802244999999998,-0.017152750000000005,-0.0012427500000000147,0.00013025000000000536,0.001249556971490311
0.06625,0.01375,0.005,6.25e-08,-0.063494,-0.0191351,-0.06223469999999999,-0.019154925000000003,-0.0012593000000000049,1.982500000000456e-05,0.0012594560415612021
0.06875,0.01375,0.005,6.25e-08,-0.05709,-0.0206626,-0.05585132499999998,-0.02056795,-0.0012386750000000224,-9.464999999999821e-05,0.0012422859486145108
0.07125,0.01375,0.005,6.25e-08,-0.0502363,-0.0215242,-0.04905657500000002,-0.021319,-0.0011797249999999787,-0.00020519999999999913,0.0011974381468889946
0.07375,0.01375,0.005,6.25e-08,-0.0431386,-0.0216659,-0.042054950000000015,-0.021362850000000003,-0.0010836499999999846,-0.0003030499999999957,0.0011252273659132024
0.07625,0.01375,0.005,6.25e-08,-0.0360172,-0.0210678,-0.03506227500000002,-0.020687425000000006,-0.0009549249999999815,-0.0003803749999999953,0.0010278943993669589
0.07875,0.01375,0.005,6.25e-08,-0.0290971,-0.0197489,-0.02829644999999998,-0.019317999999999995,-0.0008006500000000208,-0.0004309000000000049,0.0009092388203877117
0.08125,0.01375,0.005,6.25e-08,-0.0225958,-0.0177705,-0.021965299999999983,-0.017320049999999993,-0.0006305000000000165,-0.0004504500000000085,0.0007748777016407353
0.08375,0.01375,0.005,6.25e-08,-0.0167107,-0.0152383,-0.016255299999999986,-0.014800499999999992,-0.00045540000000001205,-0.0004378000000000073,0.0006317103766759079
0.08625,0.01375,0.005,6.25e-08,-0.0116068,-0.0123018,-0.011319200000000014,-0.011907850000000008,-0.0002875999999999868,-0.0003939499999999919,0.0004877605585735546
0.08875,0.01375,0.005,6.25e-08,-0.00740427,-0.00915449,-0.00726531000000001,-0.008831910000000009,-0.00013895999999999006,-0.0003225799999999907,0.0003512374382095269
0.09125,0.01375,0.005,6.25e-08,-0.00416756,-0.00603243,-0.004148262500000007,-0.005804155000000008,-1.9297499999992515e-05,-0.0002282749999999922,0.00022908921653200123
0.09375,0.01375,0.005,6.25e-08,-0.00189615,-0.00321389,-0.00196297,-0.0030992375,6.681999999999999e-05,-0.00011465249999999998,0.00013270308269309341
0.09625,0.01375,0.005,6.25e-08,-0.000542188,-0.0010201,-0.0006426637499999975,-0.0010391427499999955,0.00010047574999999748,1.9042749999995633e-05,0.00010226437632736205
0.09875,0.01375,0.005,6.25e-08,-4.34733e-05,0.000160694,-6.304489999999928e-05,-4.892774999989207e-07,1.9571599999999276e-05,0.0001611832774999989,0.0001623671656222453
0.00125,0.01625,0.005,6.25e-08,-0.000260627,0.00182614,-0.00021352699999999998,0.0019242550000000001,-4.7100000000000006e-05,-9.811500000000018e-05,0.00010883456815277046
0.00375,0.01625,0.005,6.25e-08,-0.00168989,0.00606757,-0.0018179874999999998,0.0061228674999999995,0.0001280974999999997,-5.529749999999903e-05,0.00013952341385050688
0.00625,0.01625,0.005,6.25e-08,-0.00468758,0.0103368,-0.00478803,0.0103800725,0.00010045000000000019,-4.3272500000000186e-05,0.00010937418231122943
0.00875,0.01625,0.005,6.25e-08,-0.0088498,0.0142926,-0.008905157500000002,0.01435225,5.535750000000214e-05,-5.9649999999999634e-05,8.137920684210552e-05
0.01125,0.01625,0.005,6.25e-08,-0.0139343,0.017746,-0.013969375000000001,0.01783015,3.507500000000073e-05,-8.414999999999812e-05,9.116730842248077e-05
0.01375,0.01625,0.005,6.25e-08,-0.0197696,0.0205998,-0.019794475,0.02070445,2.487500000000059e-05,-0.0001046499999999978,0.00010756573862062013
0.01625,0.01625,0.005,6.25e-08,-0.0261857,0.022819,-0.026205575000000002,0.022934275,1.987500000000253e-05,-0.00011527500000000149,0.00011697581480802109
0.01875,0.01625,0.005,6.25e-08,-0.0330186,0.0244078,-0.0330376,0.024520575,1.8999999999998185e-05,-0.00011277499999999899,0.00011436433283589645
0.02125,0.01625,0.005,6.25e-08,-0.0401148,0.0253897,-0.0401344,0.025485925,1.960000000000156e-05,-9.62249999999984e-05,9.820086875888498e-05
0.02375,0.01625,0.005,6.25e-08,-0.0473289,0.0257945,-0.0473475,0.0258603,1.860000000000056e-05,-6.57999999999978e-05,6.837835914965883e-05
0.02625,0.01625,0.005,6.25e-08,-0.0545219,0.0256497,-0.054534625,0.0256722,1.2725000000005093e-05,-2.2499999999998216e-05,2.5849093310985772e-05
0.02875,0.01625,0.005,6.25e-08,-0.0615593,0.0249766,-0.061558325,0.024944775,-9.750000000002812e-07,3.1825000000002684e-05,3.1839931689627905e-05
0.03125,0.01625,0.005,6.25e-08,-0.0683099,0.0237904,-0.06828475,0.023695024999999998,-2.515000000000156e-05,9.537500000000171e-05,9.86352529524835e-05
0.03375,0.01625,0.005,6.25e-08,-0.0746454,0.0221019,-0.074583,0.02193625,-6.240000000000412e-05,0.00016564999999999983,0.00017701322690691918
0.03625,0.01625,0.005,6.25e-08,-0.0804394,0.0199212,-0.0803252,0.019681425000000002,-0.00011419999999999486,0.00023977499999999763,0.00026558179648650184
0.03875,0.01625,0.005,6.25e-08,-0.0855692,0.0172622,-0.08538747499999999,0.016947925,-0.00018172500000000757,0.0003142749999999993,0.00036303271374629905
0.04125,0.01625,0.005,6.25e-08,-0.089917,0.0141472,-0.089651825,0.0137622,-0.0002651749999999925,0.0003849999999999999,0.00046748559402937323
0.04375,0.01625,0.005,6.25e-08,-0.0933726,0.0106115,-0.09300884999999999,0.0101638675,-0.0003637500000000099,0.00044763249999999963,0.000576791918768161
0.04625,0.01625,0.005,6.25e-08,-0.0958367,0.00670644,-0.09536082500000001,0.006209225,-0.0004758749999999867,0.0004972150000000005,0.0006882439769805384
0.04875,0.01625,0.005,6.25e-08,-0.0972245,0.00250235,-0.096626025,0.001973285,-0.0005984750000000011,0.000529065,0.0007988004130256828
0.05125,0.01625,0.005,6.25e-08,-0.09747,-0.00191055,-0.09674254999999998,-0.00244926,-0.0007274500000000184,0.00053871,0.0009052027212729901
0.05375,0.01625,0.005,6.25e-08,-0.0965304,-0.00642226,-0.09567287499999999,-0.0069447625,-0.0008575250000000118,0.0005225025,0.0010041702983713818
0.05625,0.01625,0.005,6.25e-08,-0.0943903,-0.0109048,-0.09340784999999999,-0.011382924999999999,-0.0009824500000000097,0.0004781249999999994,0.0010926168212713086
0.05875,0.01625,0.005,6.25e-08,-0.0910655,-0.0152159,-0.089970425,-0.015620949999999995,-0.001095074999999987,0.00040504999999999534,0.0011675850110912558
0.06125,0.01625,0.005,6.25e-08,-0.0866063,-0.0192038,-0.085418625,-0.019508599999999997,-0.0011876749999999991,0.00030479999999999743,0.0012261626913362665
0.06375,0.01625,0.005,6.25e-08,-0.0811002,-0.0227141,-0.07984719999999998,-0.022895925000000008,-0.001253000000000018,0.00018182500000000698,0.0012661237422246878
0.06625,0.01625,0.005,6.25e-08,-0.0746724,-0.0255984,-0.07338804999999998,-0.025640850000000007,-0.0012843500000000174,4.245000000000637e-05,0.0012850513316595743
0.06875,0.01625,0.005,6.25e-08,-0.067485,-0.0277228,-0.06620822499999998,-0.027618375000000004,-0.0012767750000000216,-0.0001044249999999948,0.0012810382434767723
0.07125,0.01625,0.005,6.25e-08,-0.0597341,-0.0289782,-0.05850657500000002,-0.028729775,-0.0012275249999999793,-0.00024842500000000003,0.0012524107178757092
0.07375,0.01625,0.005,6.25e-08,-0.0516441,-0.0292897,-0.050507000000000024,-0.028911150000000004,-0.0011370999999999742,-0.00037854999999999486,0.001198455886755928
0.07625,0.01625,0.005,6.25e-08,-0.0434592,-0.0286256,-0.04245015000000002,-0.028141425,-0.0010090499999999836,-0.0004841749999999999,0.0011191994161564626
0.07875,0.01625,0.005,6.25e-08,-0.0354333,-0.0270048,-0.03458252499999998,-0.026447999999999992,-0.0008507750000000189,-0.0005568000000000066,0.0010167813632364824
0.08125,0.01625,0.005,6.25e-08,-0.0278166,-0.0245011,-0.027144149999999978,-0.023910899999999992,-0.0006724500000000223,-0.0005902000000000095,0.0008947206505385026
0.08375,0.01625,0.005,6.25e-08,-0.0208415,-0.0212462,-0.020355049999999982,-0.020664374999999992,-0.00048645000000001673,-0.000581825000000008,0.0007583890381097459
0.08625,0.01625,0.005,6.25e-08,-0.0147083,-0.0174289,-0.014402025000000016,-0.01689635000000001,-0.00030627499999998434,-0.0005325499999999893,0.0006143401973865775
0.08875,0.01625,0.005,6.25e-08,-0.00957207,-0.0132931,-0.009426482500000012,-0.012846950000000011,-0.00014558749999998843,-0.0004461499999999889,0.0004693032523392915
0.09125,0.01625,0.005,6.25e-08,-0.00552937,-0.00913408,-0.005514372500000009,-0.008805632500000011,-1.4997499999990296e-05,-0.0003284474999999884,0.00032878972803676836
0.09375,0.01625,0.005,6.25e-08,-0.00260764,-0.00529355,-0.002690175,-0.0051092625000000004,8.25349999999999e-05,-0.00018428749999999973,0.00020192550329576966
0.09625,0.01625,0.005,6.25e-08,-0.000793455,-0.00215505,-0.0009155302499999965,-0.0021404474999999934,0.00012207524999999653,-1.460250000000652e-05,0.00012294551504146803
0.09875,0.01625,0.005,6.25e-08,-8.05024e-05,-0.000161279,-9.458507499999892e-05,-0.000327043999999997,1.408267499999892e-05,0.00016576499999999697,0.00016636212597870523
0.00125,0.01875,0.005,6.25e-08,-0.000315546,0.0027774,-0.0002543575,0.00284325,-6.11885e-05,-6.584999999999968e-05,8.989023880405457e-05
0.00375,0.01875,0.005,6.25e-08,-0.00201129,0.0086162,-0.0021520899999999997,0.0086547775,0.00014079999999999952,-3.857750000000118e-05,0.00014598925818788846
0.00625,0.01875,0.005,6.25e-08,-0.0055264,0.014218,-0.005632000000000001,0.014256225,0.00010560000000000083,-3.8225000000001105e-05,0.0001123054345301253
0.00875,0.01875,0.005,6.25e-08,-0.0103553,0.0192708,-0.010408925000000003,0.019334175000000002,5.362500000000332e-05,-6.337500000000093e-05,8.301825853389406e-05
0.01125,0.01875,0.005,6.25e-08,-0.016197,0.0236079,-0.016230800000000004,0.023702650000000002,3.3800000000003966e-05,-9.475000000000108e-05,0.00010059822314534423
0.01375,0.01875,0.005,6.25e-08,-0.0228463,0.0271504,-0.022873175000000003,0.027271125,2.687500000000259e-05,-0.00012072499999999861,0.00012368019748528784
0.01625,0.01875,0.005,6.25e-08,-0.0301074,0.029879,-0.030133900000000005,0.030014000000000002,2.6500000000005686e-05,-0.00013500000000000317,0.00013757634244302745
0.01875,0.01875,0.005,6.25e-08,-0.037798,0.0318111,-0.03782905,0.031944925,3.1050000000004685e-05,-0.00013382499999999714,0.0001373798861733388
0.02125,0.01875,0.005,6.25e-08,-0.0457513,0.0329808,-0.04578897500000001,0.033096999999999994,3.767500000000784e-05,-0.00011619999999999686,0.0001221550065490558
0.02375,0.01875,0.005,6.25e-08,-0.0538119,0.0334262,-0.053855275,0.033508325,4.3374999999998276e-05,-8.21249999999954e-05,9.287575706285842e-05
0.02625,0.01875,0.005,6.25e-08,-0.0618326,0.0331808,-0.061877525,0.0332136,4.4925000000001214e-05,-3.2799999999999496e-05,5.562459550414795e-05
0.02875,0.01875,0.005,6.25e-08,-0.0696718,0.0322703,-0.0697111,0.032240275,3.929999999999212e-05,3.0025000000002966e-05,4.945695729621424e-05
0.03125,0.01875,0.005,6.25e-08,-0.0771913,0.0307128,-0.077215125,0.030608575,2.3824999999991214e-05,0.00010422499999999946,0.00010691342876364721
0.03375,0.01875,0.005,6.25e-08,-0.0842557,0.0285215,-0.0842516,0.02833445,-4.100000000006876e-06,0.0001870500000000011,0.00018709492911353978
0.03625,0.01875,0.005,6.25e-08,-0.0907317,0.0257093,-0.09068525000000001,0.025434175,-4.6449999999989555e-05,0.00027512500000000106,0.00027901858025049085
0.03875,0.01875,0.005,6.25e-08,-0.0964889,0.0222942,-0.096384275,0.021929775,-0.00010462499999999708,0.00036442500000000155,0.0003791463718011825
0.04125,0.01875,0.005,6.25e-08,-0.101402,0.0183048,-0.10122205000000001,0.017854425,-0.00017994999999999817,0.0004503749999999994,0.0004849944774170102
0.04375,0.01875,0.005,6.25e-08,-0.105351,0.0137854,-0.1050805,0.013257625,-0.00027050000000000685,0.0005277749999999994,0.0005930570804104805
0.04625,0.01875,0.005,6.25e-08,-0.108229,0.00880007,-0.10785125000000001,0.00820907,-0.00037774999999999614,0.0005909999999999995,0.0007014100530360229
0.04875,0.01875,0.005,6.25e-08,-0.10994,0.00343559,-0.109443,0.0028014500000000005,-0.0004969999999999974,0.0006341399999999996,0.000805693824973232
0.05125,0.01875,0.005,6.25e-08,-0.110408,-0.00219684,-0.10978125,-0.00284856,-0.0006267500000000092,0.0006517200000000002,0.0009041872156251779
0.05375,0.01875,0.005,6.25e-08,-0.10958,-0.00796186,-0.10881750000000001,-0.00860086,-0.0007624999999999854,0.0006390000000000007,0.000994850365632932
0.05625,0.01875,0.005,6.25e-08,-0.107428,-0.0137018,-0.10653225,-0.014294425,-0.0008957500000000007,0.0005926249999999994,0.0010740449027508117
0.05875,0.01875,0.005,6.25e-08,-0.103958,-0.0192406,-0.10293725000000001,-0.019751824999999994,-0.001020749999999987,0.0005112249999999936,0.0011416135787231014
0.06125,0.01875,0.005,6.25e-08,-0.0992116,-0.0243897,-0.098082475,-0.024785575,-0.0011291249999999947,0.0003958750000000004,0.0011965117137955601
0.06375,0.01875,0.005,6.25e-08,-0.0932707,-0.0289557,-0.09205767499999998,-0.02920652500000001,-0.0012130250000000203,0.00025082500000001007,0.0012386859292209847
0.06625,0.01875,0.005,6.25e-08,-0.086258,-0.0327503,-0.08499414999999998,-0.03283367500000001,-0.0012638500000000247,8.337500000000359e-05,0.0012665970997618235
0.06875,0.01875,0.005,6.25e-08,-0.078339,-0.0356017,-0.07706407499999998,-0.03550527500000001,-0.001274925000000024,-9.642499999999027e-05,0.001278566203311373
0.07125,0.01875,0.005,6.25e-08,-0.0697194,-0.0373665,-0.06847755000000001,-0.037090599999999994,-0.0012418499999999888,-0.00027590000000000253,0.0012721290156662466
0.07375,0.01875,0.005,6.25e-08,-0.0606404,-0.0379426,-0.059477100000000026,-0.0375011,-0.0011632999999999713,-0.00044149999999999745,0.0012442624883841557
0.07625,0.01875,0.005,6.25e-08,-0.0513707,-0.0372804,-0.05032862500000003,-0.036700925,-0.0010420749999999687,-0.000579474999999996,0.0011923554760430843
0.07875,0.01875,0.005,6.25e-08,-0.0421953,-0.0353931,-0.04131037499999997,-0.03471497499999999,-0.0008849250000000294,-0.0006781250000000086,0.0011148747782823252
0.08125,0.01875,0.005,6.25e-08,-0.0334014,-0.0323635,-0.03269894999999998,-0.03163449999999999,-0.0007024500000000211,-0.0007290000000000144,0.001012362090607926
0.08375,0.01875,0.005,6.25e-08,-0.0252627,-0.0283471,-0.02475437499999998,-0.027619349999999987,-0.0005083250000000178,-0.0007277500000000131,0.00088770173376255
0.08625,0.01875,0.005,6.25e-08,-0.0180225,-0.0235715,-0.01770477500000002,-0.022897000000000015,-0.0003177249999999805,-0.0006744999999999841,0.0007455866318711503
0.08875,0.01875,0.005,6.25e-08,-0.0118784,-0.0183325,-0.011732300000000015,-0.017759075000000013,-0.00014609999999998582,-0.0005734249999999885,0.0005917444048108801
0.09125,0.01875,0.005,6.25e-08,-0.00696653,-0.0129873,-0.0069615125000000114,-0.012555475000000016,-5.01749999998885e-06,-0.00043182499999998465,0.0004318541489105282
0.09375,0.01875,0.005,6.25e-08,-0.0033484,-0.00794406,-0.003452155,-0.007687797499999999,0.00010375500000000008,-0.0002562624999999999,0.00027646983367313324
0.09625,0.01875,0.005,6.25e-08,-0.00104861,-0.0036519,-0.0011970224999999955,-0.00360176749999999,0.0001484124999999955,-5.0132500000010186e-05,0.00015665100610114092
0.09875,0.01875,0.005,6.25e-08,-0.000115866,-0.000611072,-0.00012640114999999859,-0.0007791384999999944,1.053514999999858e-05,0.00016806649999999434,0.0001683963711241147
0.00125,0.02125,0.005,6.25e-08,-0.000366221,0.00389023,-0.00029236775,0.00391526,-7.385325e-05,-2.5030000000000104e-05,7.797950651012421e-05
0.00375,0.02125,0.005,6.25e-08,-0.00231077,0.0115685,-0.0024640950000000003,0.011586925000000001,0.00015332500000000016,-1.8425000000000732e-05,0.00015442809410855292
0.00625,0.02125,0.005,6.25e-08,-0.00631212,0.0186754,-0.006422675000000002,0.018709550000000002,0.00011055500000000176,-3.415000000000015e-05,0.00011570924995435931
0.00875,0.02125,0.005,6.25e-08,-0.0117705,0.0249418,-0.011821875000000004,0.025012850000000007,5.137500000000454e-05,-7.105000000000652e-05,8.767835037796613e-05
0.01125,0.02125,0.005,6.25e-08,-0.0183295,0.0302367,-0.018360925,0.030347825000000002,3.142500000000159e-05,-0.00011112500000000358,0.00011548288293076553
0.01375,0.02125,0.005,6.25e-08,-0.0257508,0.0345109,-0.0257787,0.03465445,2.790000000000084e-05,-0.00014355000000000617,0.00014623615319065875
0.01625,0.02125,0.005,6.25e-08,-0.0338143,0.0377701,-0.03384672500000001,0.037931950000000006,3.242500000000953e-05,-0.00016185000000000505,0.00016506605685301338
0.01875,0.02125,0.005,6.25e-08,-0.0423196,0.0400511,-0.042362875,0.040213725000000006,4.327500000000234e-05,-0.00016262500000000651,0.00016828433156417837
0.02125,0.02125,0.005,6.25e-08,-0.0510879,0.0414032,-0.051145150000000014,0.041547925000000006,5.725000000001562e-05,-0.00014472500000000527,0.00015563703969493674
0.02375,0.02125,0.005,6.25e-08,-0.0599552,0.0418756,-0.060026575000000006,0.0419836,7.137500000000546e-05,-0.00010800000000000393,0.0001294542028093396
0.02625,0.02125,0.005,6.25e-08,-0.0687682,0.0415095,-0.068850625,0.04156317500000001,8.242499999999708e-05,-5.3675000000009965e-05,9.836099963908758e-05
0.02875,0.02125,0.005,6.25e-08,-0.0773801,0.0403355,-0.07746767500000001,0.040319100000000004,8.757500000002028e-05,1.6399999999999748e-05,8.909736598241018e-05
0.03125,0.02125,0.005,6.25e-08,-0.0856485,0.0383749,-0.0857323,0.038274775000000004,8.379999999999499e-05,0.00010012499999999952,0.00013056590529307054
0.03375,0.02125,0.005,6.25e-08,-0.0934331,0.0356432,-0.0935019,0.03544875,6.879999999999387e-05,0.0001944499999999988,0.0002062625571934923
0.03625,0.02125,0.005,6.25e-08,-0.100596,0.0321557,-0.10063582500000001,0.03185985000000001,3.9825000000007216e-05,0.00029584999999999334,0.000298518430126176
0.03875,0.02125,0.005,6.25e-08,-0.107,0.0279338,-0.10699675,0.027533800000000004,-3.2499999999963114e-06,0.0003999999999999976,0.0004000132029071016
0.04125,0.02125,0.005,6.25e-08,-0.112515,0.0230116,-0.11244950000000001,0.022509725000000005,-6.549999999999612e-05,0.0005018749999999954,0.0005061311743263745
0.04375,0.02125,0.005,6.25e-08,-0.117012,0.0174412,-0.11686800000000001,0.016845750000000003,-0.00014399999999999136,0.0005954499999999974,0.0006126146443727854
0.04625,0.02125,0.005,6.25e-08,-0.120373,0.0112982,-0.12013375000000001,0.010623862500000003,-0.00023924999999998253,0.0006743374999999968,0.0007155219258738598
0.04875,0.02125,0.005,6.25e-08,-0.122494,0.00468491,-0.12214225000000002,0.003953032500000001,-0.000351749999999984,0.0007318774999999986,0.0008120176953159559
0.05125,0.02125,0.005,6.25e-08,-0.123283,-0.00226772,-0.12280600000000001,-0.0030290399999999998,-0.0004769999999999913,0.0007613199999999998,0.0008984081157246919
0.05375,0.02125,0.005,6.25e-08,-0.122674,-0.00939966,-0.12206100000000002,-0.0101563725,-0.0006129999999999886,0.0007567124999999994,0.000973849478952592
0.05625,0.02125,0.005,6.25e-08,-0.120623,-0.0165237,-0.11987025000000001,-0.017237050000000004,-0.0007527499999999826,0.000713350000000005,0.0010370635395191468
0.05875,0.02125,0.005,6.25e-08,-0.117121,-0.0234292,-0.1162315,-0.024057924999999994,-0.0008895000000000014,0.0006287249999999932,0.0010892682753229316
0.06125,0.02125,0.005,6.25e-08,-0.112195,-0.0298887,-0.11117925000000001,-0.030391625000000005,-0.0010157499999999958,0.0005029250000000048,0.001133437963950827
0.06375,0.02125,0.005,6.25e-08,-0.105914,-0.0356665,-0.10479274999999999,-0.03600605000000002,-0.0011212500000000042,0.0003395500000000218,0.0011715356439306593
0.06625,0.02125,0.005,6.25e-08,-0.0983926,-0.0405296,-0.09719639999999999,-0.04067582500000002,-0.0011962000000000084,0.00014622500000002064,0.001205104223967797
0.06875,0.02125,0.005,6.25e-08,-0.0897953,-0.0442617,-0.08856302499999999,-0.04419582500000001,-0.001232275000000005,-6.587499999999302e-05,0.0012340345178519163
0.07125,0.02125,0.005,6.25e-08,-0.0803333,-0.0466778,-0.07911082500000004,-0.046395525,-0.001222474999999959,-0.0002822749999999985,0.0012546411045593472
0.07375,0.02125,0.005,6.25e-08,-0.0702627,-0.0476399,-0.06909935000000003,-0.047153675000000006,-0.0011633499999999658,-0.0004862249999999929,0.0012608719098801883
0.07625,0.02125,0.005,6.25e-08,-0.0598769,-0.0470725,-0.058821050000000034,-0.04641187500000001,-0.0010558499999999624,-0.0006606249999999911,0.0012454897081569597
0.07875,0.02125,0.005,6.25e-08,-0.0494948,-0.0449756,-0.04858909999999998,-0.0441856,-0.0009057000000000162,-0.000789999999999999,0.0012018288106049164
0.08125,0.02125,0.005,6.25e-08,-0.0394461,-0.0414348,-0.03872239999999998,-0.04057207499999999,-0.0007237000000000146,-0.0008627250000000086,0.001126071097056059
0.08375,0.02125,0.005,6.25e-08,-0.0300528,-0.0366258,-0.02952842499999998,-0.03575369999999999,-0.0005243750000000214,-0.0008721000000000076,0.0010176087414252276
0.08625,0.02125,0.005,6.25e-08,-0.0216099,-0.0308139,-0.021285150000000023,-0.029996800000000025,-0.00032474999999997783,-0.0008170999999999769,0.0008792695675957106
0.08875,0.02125,0.005,6.25e-08,-0.0143669,-0.0243485,-0.014224350000000021,-0.023646025000000022,-0.00014254999999997915,-0.0007024749999999767,0.0007167925977051949
0.09125,0.02125,0.005,6.25e-08,-0.00850788,-0.0176521,-0.008517240000000016,-0.017115250000000023,9.360000000015536e-06,-0.0005368499999999776,0.0005369315897765527
0.09375,0.02125,0.005,6.25e-08,-0.00413497,-0.0112053,-0.004264837500000001,-0.010875777500000001,0.00012986750000000113,-0.0003295224999999985,0.0003541901262916561
0.09625,0.02125,0.005,6.25e-08,-0.00131456,-0.00552915,-0.0014939924999999947,-0.005442887499999988,0.00017943249999999474,-8.626250000001202e-05,0.00019909103687132723
0.09875,0.02125,0.005,6.25e-08,-0.00015094,-0.00119009,-0.00015946829999999822,-0.0013605687499999913,8.528299999998229e-06,0.00017047874999999131,0.00017069193332565398
0.00125,0.02375,0.005,6.25e-08,-0.000412695,0.0051527,-0.000327383,0.005129125,-8.531199999999999e-05,2.3574999999999638e-05,8.85094230520117e-05
0.00375,0.02375,0.005,6.25e-08,-0.00258673,0.0148968,-0.0027519099999999998,0.014891374999999998,0.00016517999999999958,5.425000000001609e-06,0.00016526906251624918
0.00625,0.02375,0.005,6.25e-08,-0.00703834,0.0236717,-0.0071534350000000005,0.023702050000000002,0.00011509500000000082,-3.0350000000001903e-05,0.0001190293305240364
0.00875,0.02375,0.005,6.25e-08,-0.0130819,0.0312632,-0.013130575000000002,0.03134505,4.8675000000001495e-05,-8.185000000000137e-05,9.522960739707147e-05
0.01125,0.02375,0.005,6.25e-08,-0.0203097,0.0375873,-0.020338000000000002,0.037719925,2.8300000000001935e-05,-0.00013262500000000427,0.00013561076883861857
0.01375,0.02375,0.005,6.25e-08,-0.0284533,0.0426355,-0.0284808,0.042808075,2.7499999999999747e-05,-0.0001725750000000012,0.00017475234082838605
0.01625,0.02375,0.005,6.25e-08,-0.0372691,0.0464466,-0.037306149999999996,0.046642425,3.704999999999681e-05,-0.00019582500000000364,0.00019929910467686798
0.01875,0.02375,0.005,6.25e-08,-0.0465406,0.0490834,-0.0465951,0.04928295,5.4499999999998994e-05,-0.00019954999999999973,0.00020685853257721755
0.02125,0.02375,0.005,6.25e-08,-0.0560779,0.0506154,-0.05615462500000001,0.050797625,7.672500000000665e-05,-0.00018222500000000114,0.0001977186795677167
0.02375,0.02375,0.005,6.25e-08,-0.0657103,0.0511057,-0.0658108,0.051249825,0.00010050000000000336,-0.0001441250000000019,0.00017570505292962188
0.02625,0.02375,0.005,6.25e-08,-0.0752799,0.0506051,-0.075402775,0.0506914,0.0001228750000000084,-8.629999999999749e-05,0.00015015310727721097
0.02875,0.02375,0.005,6.25e-08,-0.0846372,0.0491503,-0.08477815,0.04916065,0.0001409500000000008,-1.0349999999999249e-05,0.00014132949090688823
0.03125,0.02375,0.005,6.25e-08,-0.0936371,0.0467658,-0.093789175,0.046684624999999993,0.00015207500000000151,8.117500000000971e-05,0.00017238383407385403
0.03375,0.02375,0.005,6.25e-08,-0.102137,0.0434692,-0.10229074999999999,0.0432836,0.0001537499999999803,0.00018560000000000104,0.00024101124973742268
0.03625,0.02375,0.005,6.25e-08,-0.109997,0.0392775,-0.11013925000000001,0.038978349999999995,0.00014225000000001042,0.00029915000000000497,0.00033124882641302435
0.03875,0.02375,0.005,6.25e-08,-0.117075,0.0342145,-0.117192,0.033797049999999995,0.00011700000000000599,0.0004174500000000067,0.00043353604521424396
0.04125,0.02375,0.005,6.25e-08,-0.123234,0.028318,-0.123309,0.02778295,7.500000000000562e-05,0.0005350499999999987,0.0005402809477484834
0.04375,0.02375,0.005,6.25e-08,-0.128341,0.0216465,-0.12835524999999998,0.02100085,1.4249999999965679e-05,0.0006456499999999976,0.0006458072351716074
0.04625,0.02375,0.005,6.25e-08,-0.132266,0.0142849,-0.13220075,0.013542674999999999,-6.524999999998893e-05,0.0007422250000000009,0.0007450875875526312
0.04875,0.02375,0.005,6.25e-08,-0.134891,0.00634873,-0.1347275,0.005531557499999999,-0.00016350000000001086,0.0008171725000000012,0.0008333685527761745
0.05125,0.02375,0.005,6.25e-08,-0.136111,-0.00201336,-0.1358315,-0.0028760825,-0.00027950000000001585,0.0008627225,0.000906868436988662
0.05375,0.02375,0.005,6.25e-08,-0.135841,-0.0106185,-0.135429,-0.01149,-0.0004119999999999957,0.0008715000000000007,0.0009639793825596053
0.05625,0.02375,0.005,6.25e-08,-0.134017,-0.0192509,-0.133463,-0.020088175,-0.0005539999999999989,0.0008372749999999984,0.0010039648527837
0.05875,0.02375,0.005,6.25e-08,-0.13061,-0.0276655,-0.12990825,-0.028421349999999988,-0.000701750000000001,0.0007558499999999885,0.0010313885228176549
0.06125,0.02375,0.005,6.25e-08,-0.125625,-0.0355943,-0.12477949999999999,-0.036220150000000007,-0.000845499999999999,0.0006258500000000042,0.001051930830663311
0.06375,0.02375,0.005,6.25e-08,-0.119113,-0.0427559,-0.11813774999999999,-0.043205550000000016,-0.0009752500000000108,0.0004496500000000167,0.0010739169823594543
0.06625,0.02375,0.005,6.25e-08,-0.111173,-0.0488674,-0.11009424999999998,-0.049101825000000016,-0.0010787500000000172,0.00023442500000001726,0.0011039278251430413
0.06875,0.02375,0.005,6.25e-08,-0.101963,-0.0536607,-0.10081624999999997,-0.053652500000000006,-0.0011467500000000297,-8.199999999992935e-06,0.0011467793172620737
0.07125,0.02375,0.005,6.25e-08,-0.0916932,-0.0568996,-0.09052570000000004,-0.056637925,-0.0011674999999999602,-0.0002616750000000029,0.0011964656516694947
0.07375,0.02375,0.005,6.25e-08,-0.0806333,-0.0584001,-0.07949725000000002,-0.057893599999999996,-0.0011360499999999857,-0.0005065000000000069,0.0012438455902964703
0.07625,0.02375,0.005,6.25e-08,-0.0691002,-0.0580498,-0.06805005000000003,-0.05732820000000001,-0.001050149999999972,-0.0007215999999999889,0.001274174863391962
0.07875,0.02375,0.005,6.25e-08,-0.0574494,-0.0558255,-0.05653549999999997,-0.054938299999999995,-0.00091390000000003,-0.0008872000000000047,0.0012737099552096085
0.08125,0.02375,0.005,6.25e-08,-0.0460584,-0.0518069,-0.04532089999999997,-0.05081969999999999,-0.0007375000000000298,-0.0009872000000000145,0.001232262183952779
0.08375,0.02375,0.005,6.25e-08,-0.0353055,-0.0461842,-0.03476934999999998,-0.04517244999999998,-0.0005361500000000199,-0.0010117500000000196,0.0011450305170605983
0.08625,0.02375,0.005,6.25e-08,-0.0255474,-0.0392586,-0.025218525000000026,-0.03830017500000002,-0.000328874999999975,-0.000958424999999978,0.0010132804381068163
0.08875,0.02375,0.005,6.25e-08,-0.0170962,-0.0314344,-0.01695997500000002,-0.03060240000000002,-0.00013622499999997942,-0.0008319999999999821,0.0008430784368165068
0.09125,0.02375,0.005,6.25e-08,-0.0101939,-0.0232048,-0.010220952500000016,-0.02256182500000002,2.705250000001498e-05,-0.0006429749999999797,0.0006435438511719498
0.09375,0.02375,0.005,6.25e-08,-0.00499095,-0.0151307,-0.005151302500000001,-0.014727124999999999,0.0001603525000000005,-0.0004035750000000015,0.00043426455632626914
0.09625,0.02375,0.005,6.25e-08,-0.00160116,-0.00781566,-0.0018161124999999932,-0.007693244999999982,0.00021495249999999326,-0.00012241500000001806,0.0002473661445736896
0.09875,0.02375,0.005,6.25e-08,-0.000187735,-0.00190549,-0.00019507124999999784,-0.002079399999999987,7.336249999997848e-06,0.00017390999999998698,0.00017406466805201435
0.00125,0.02625,0.005,6.25e-08,-0.000454767,0.00655208,-0.00035914225,0.0064727625,-9.562475000000003e-05,7.931750000000036e-05,0.00012423911871392424
0.00375,0.02625,0.005,6.25e-08,-0.0028371,0.0185698,-0.0030131025,0.018537025,0.00017600249999999993,3.277500000000225e-05,0.00017902815597343932
0.00625,0.02625,0.005,6.25e-08,-0.00769849,0.029164,-0.007817457500000001,0.029190175,0.00011896750000000168,-2.617499999999981e-05,0.00012181295777235847
0.00875,0.02625,0.005,6.25e-08,-0.0142763,0.0381851,-0.014321725000000002,0.038280025,4.5425000000001714e-05,-9.492500000000265e-05,0.00010523395958530049
0.01125,0.02625,0.005,6.25e-08,-0.0221172,0.0456068,-0.0221411,0.04576505,2.390000000000031e-05,-0.00015824999999999867,0.0001600445953476705
0.01375,0.02625,0.005,6.25e-08,-0.0309249,0.0514703,-0.030950349999999998,0.051677475,2.544999999999631e-05,-0.00020717500000000388,0.00020873232410194983
0.01625,0.02625,0.005,6.25e-08,-0.0404353,0.0558555,-0.040474775000000004,0.0560922,3.947500000000409e-05,-0.0002366999999999994,0.00023996909306200255
0.01875,0.02625,0.005,6.25e-08,-0.050417,0.0588579,-0.050480575,0.0591022,6.357500000000321e-05,-0.00024430000000000285,0.00025243666656213354
0.02125,0.02625,0.005,6.25e-08,-0.0606711,0.0605713,-0.060765475000000006,0.0608002,9.437500000000765e-05,-0.00022889999999999716,0.00024759210533658
0.02375,0.02625,0.005,6.25e-08,-0.0710216,0.0610763,-0.071150325,0.061267249999999995,0.0001287249999999962,-0.0001909499999999953,0.00023028683880108568
0.02625,0.02625,0.005,6.25e-08,-0.081308,0.0604353,-0.08147172500000001,0.06056665,0.00016372500000000345,-0.0001313500000000023,0.00020990163916701968
0.02875,0.02625,0.005,6.25e-08,-0.0913798,0.0586919,-0.091576275,0.058743750000000004,0.0001964750000000015,-5.185000000000606e-05,0.00020320149636506425
0.03125,0.02625,0.005,6.25e-08,-0.101092,0.0558747,-0.101315875,0.05582912500000001,0.00022387499999999838,4.557499999999215e-05,0.00022846683840329775
0.03375,0.02625,0.005,6.25e-08,-0.110301,0.0520027,-0.11054625,0.051844749999999995,0.0002452500000000024,0.00015795000000000392,0.0002917117841294767
0.03625,0.02625,0.005,6.25e-08,-0.118866,0.0470938,-0.11912125000000001,0.0468119,0.0002552500000000124,0.0002819000000000016,0.00038028959031244494
0.03875,0.02625,0.005,6.25e-08,-0.126644,0.0411726,-0.12689650000000002,0.040759624999999994,0.0002525000000000166,0.0004129750000000029,0.0004840502046534128
0.04125,0.02625,0.005,6.25e-08,-0.133492,0.0342787,-0.13372625,0.033732975,0.0002342499999999914,0.0005457250000000038,0.0005938761134487564
0.04375,0.02625,0.005,6.25e-08,-0.13927,0.0264743,-0.13946799999999998,0.0258007,0.00019799999999997597,0.0006735999999999999,0.0007020975430807249
0.04625,0.02625,0.005,6.25e-08,-0.14384,0.0178508,-0.14398075,0.01706145,0.00014074999999999505,0.0007893500000000012,0.0008018004645795613
0.04875,0.02625,0.005,6.25e-08,-0.14707,0.00853353,-0.14713175,0.0076490025,6.17499999999993e-05,0.0008845274999999993,0.0008866803035797337
0.05125,0.02625,0.005,6.25e-08,-0.148837,-0.0013142,-0.14879775,-0.0022646297500000002,-3.924999999999068e-05,0.0009504297500000003,0.0009512398604900145
0.05375,0.02625,0.005,6.25e-08,-0.149035,-0.0114895,-0.1488725,-0.01246785,-0.00016250000000000986,0.000978350000000001,0.0009917534837347462
0.05625,0.02625,0.005,6.25e-08,-0.147577,-0.0217503,-0.14727375,-0.0227105,-0.0003032500000000049,0.0009602000000000013,0.0010069481627670838
0.05875,0.02625,0.005,6.25e-08,-0.144406,-0.0318179,-0.14394825,-0.032707649999999984,-0.00045775000000000676,0.0008897499999999808,0.0010005948855555738
0.06125,0.02625,0.005,6.25e-08,-0.1395,-0.0413831,-0.13888325,-0.042146675,-0.0006167499999999992,0.0007635750000000024,0.0009815433475527215
0.06375,0.02625,0.005,6.25e-08,-0.132885,-0.0501158,-0.13211374999999997,-0.05069780000000002,-0.0007712500000000289,0.00058200000000002,0.0009662042033131856
0.06625,0.02625,0.005,6.25e-08,-0.124638,-0.0576779,-0.12373024999999997,-0.058028700000000016,-0.0009077500000000266,0.00035080000000001915,0.0009731755763992753
0.06875,0.02625,0.005,6.25e-08,-0.1149,-0.0637408,-0.11388774999999998,-0.06382250000000002,-0.00101225000000002,8.170000000001787e-05,0.0010155417039688934
0.07125,0.02625,0.005,6.25e-08,-0.103878,-0.0680071,-0.10280565000000003,-0.06779917499999999,-0.001072349999999972,-0.00020792500000001157,0.0010923219892160665
0.07375,0.02625,0.005,6.25e-08,-0.0918472,-0.0702338,-0.09076940000000003,-0.06973835,-0.001077799999999976,-0.0004954499999999945,0.0011862223832401506
0.07625,0.02625,0.005,6.25e-08,-0.0791466,-0.0702579,-0.07812410000000003,-0.06950215,-0.0010224999999999679,-0.0007557499999999995,0.001271481149093424
0.07875,0.02625,0.005,6.25e-08,-0.0661698,-0.0680193,-0.06526162499999996,-0.06705584999999999,-0.0009081750000000388,-0.0009634500000000185,0.0013240157601498203
0.08125,0.02625,0.005,6.25e-08,-0.0533466,-0.0635805,-0.05260307499999997,-0.062483099999999986,-0.0007435250000000296,-0.0010974000000000123,0.0013255625921189354
0.08375,0.02625,0.005,6.25e-08,-0.0411204,-0.0571381,-0.04057609999999997,-0.05599479999999998,-0.0005443000000000323,-0.0011433000000000207,0.0012662532842998206
0.08625,0.02625,0.005,6.25e-08,-0.0299203,-0.0490251,-0.02958895000000003,-0.047928925000000025,-0.00033134999999996986,-0.001096174999999977,0.001145160448638063
0.08875,0.02625,0.005,6.25e-08,-0.0201332,-0.0397024,-0.020004925000000028,-0.03874162500000002,-0.00012827499999997286,-0.0009607749999999762,0.0009693003024088806
0.09125,0.02625,0.005,6.25e-08,-0.0120713,-0.0297404,-0.01211872500000002,-0.02899072500000003,4.742500000001933e-05,-0.0007496749999999705,0.0007511735726514596
0.09375,0.02625,0.005,6.25e-08,-0.00594379,-0.0197906,-0.0061385549999999995,-0.019312375,0.00019476499999999952,-0.0004782249999999988,0.0005163647507818467
0.09625,0.02625,0.005,6.25e-08,-0.00191967,-0.010553,-0.0021745724999999915,-0.010394709999999977,0.0002549024999999915,-0.00015829000000002272,0.0003000516765596434
0.09875,0.02625,0.005,6.25e-08,-0.000228438,-0.00276992,-0.0002346487499999974,-0.002948882499999982,6.210749999997393e-06,0.00017896249999998191,0.00017907023711886348
0.00125,0.02875,0.005,6.25e-08,-0.000492042,0.0080745,-0.0003873055,0.0079328975,-0.00010473650000000003,0.00014160250000000082,0.0001761278014354924
0.00375,0.02875,0.005,6.25e-08,-0.00305929,0.0225532,-0.0032448449999999997,0.022489375,0.00018555499999999957,6.382499999999999e-05,0.0001962250968912994
0.00625,0.02875,0.005,6.25e-08,-0.00828537,0.0351037,-0.008407330000000001,0.0351248,0.00012196000000000082,-2.1099999999996122e-05,0.00012377177222614225
0.00875,0.02875,0.005,6.25e-08,-0.0153402,0.0456507,-0.015381725000000002,0.04575997500000001,4.1525000000002324e-05,-0.0001092750000000059,0.0001168988932796264
0.01125,0.02875,0.005,6.25e-08,-0.0237306,0.0542341,-0.023748975,0.05442105,1.837499999999756e-05,-0.00018694999999999823,0.00018785085340503312
0.01375,0.02875,0.005,6.25e-08,-0.0331363,0.0609532,-0.033157575,0.061199525000000005,2.1275000000001154e-05,-0.00024632500000000557,0.0002472420499227484
0.01625,0.02875,0.005,6.25e-08,-0.0432748,0.0659361,-0.04331405,0.06621955,3.924999999999762e-05,-0.00028345000000000453,0.0002861546172963183
0.01875,0.02875,0.005,6.25e-08,-0.0539025,0.0693168,-0.053971849999999995,0.069613075,6.93499999999958e-05,-0.0002962749999999986,0.0003042832531129484
0.02125,0.02875,0.005,6.25e-08,-0.0648128,0.0712178,-0.064921425,0.0715023,0.00010862500000000108,-0.00028450000000000697,0.0003045318384422295
0.02375,0.02875,0.005,6.25e-08,-0.0758263,0.0717407,-0.075979925,0.07198915,0.00015362500000000445,-0.0002484499999999973,0.0002921096423006266
0.02625,0.02875,0.005,6.25e-08,-0.0867816,0.0709616,-0.08698337499999999,0.071150825,0.00020177499999998738,-0.0001892250000000012,0.0002766211330502342
0.02875,0.02875,0.005,6.25e-08,-0.0975291,0.0689325,-0.097779475,0.06904085,0.000250375000000011,-0.00010835000000000705,0.00027281378837039566
0.03125,0.02875,0.005,6.25e-08,-0.107925,0.065686,-0.1082225,0.06569370000000001,0.0002975000000000061,-7.700000000013252e-06,0.000297599630376121
0.03375,0.02875,0.005,6.25e-08,-0.117829,0.0612426,-0.11816825,0.061132375,0.0003392499999999993,0.00011022499999999852,0.00035670732137846453
0.03625,0.02875,0.005,6.25e-08,-0.1271,0.0556198,-0.12747325,0.0553776,0.0003732500000000194,0.00024219999999999797,0.00044494539271691924
0.03875,0.02875,0.005,6.25e-08,-0.135596,0.0488411,-0.13599175,0.048457175000000005,0.00039575000000000027,0.0003839249999999933,0.0005513768839233243
0.04125,0.02875,0.005,6.25e-08,-0.14317,0.0409456,-0.1435755,0.040415275,0.0004055000000000031,0.0005303249999999982,0.0006675888372531408
0.04375,0.02875,0.005,6.25e-08,-0.149677,0.0319961,-0.150074,0.031320975,0.00039700000000000846,0.0006751249999999986,0.0007832003355623673
0.04625,0.02875,0.005,6.25e-08,-0.154969,0.0220865,-0.155337,0.021275875,0.0003680000000000072,0.0008106249999999988,0.0008902454103363878
0.04875,0.02875,0.005,6.25e-08,-0.1589,0.0113482,-0.1592155,0.010420005,0.00031549999999999634,0.0009281949999999997,0.0009803500436196232
0.05125,0.02875,0.005,6.25e-08,-0.161331,-4.52163e-05,-0.16156625,-0.001063631,0.0002352499999999924,0.0010184147,0.0010452325404789531
0.05375,0.02875,0.005,6.25e-08,-0.16213,-0.011875,-0.16225875,-0.012946125,0.0001287500000000108,0.0010711249999999992,0.0010788351718983773
0.05625,0.02875,0.005,6.25e-08,-0.161184,-0.0238759,-0.16118,-0.0249525,-4.000000000004e-06,0.0010766000000000005,0.0010766074307750253
0.05875,0.02875,0.005,6.25e-08,-0.158404,-0.0357381,-0.15824425,-0.03676404999999998,-0.0001597499999999863,0.0010259499999999769,0.0010383127972821812
0.06125,0.02875,0.005,6.25e-08,-0.153736,-0.0471115,-0.15340399999999998,-0.048024475000000004,-0.0003320000000000267,0.0009129750000000034,0.0009714665977917223
0.06375,0.02875,0.005,6.25e-08,-0.14717,-0.0576149,-0.14665999999999996,-0.05835050000000003,-0.0005100000000000382,0.0007356000000000307,0.0008951018712973871
0.06625,0.02875,0.005,6.25e-08,-0.138754,-0.0668498,-0.13807424999999995,-0.06734682500000003,-0.0006797500000000345,0.0004970250000000259,0.0008420771420274229
0.06875,0.02875,0.005,6.25e-08,-0.128605,-0.0744194,-0.12777824999999998,-0.07462690000000002,-0.000826750000000015,0.0002075000000000271,0.000852391818649168
0.07125,0.02875,0.005,6.25e-08,-0.116914,-0.0799525,-0.11598150000000004,-0.07983744999999998,-0.0009324999999999611,-0.0001150500000000193,0.0009395705149162206
0.07375,0.02875,0.005,6.25e-08,-0.103958,-0.0831325,-0.10297427500000003,-0.08268667499999999,-0.000983724999999963,-0.0004458250000000108,0.0010800346319678536
0.07625,0.02875,0.005,6.25e-08,-0.090092,-0.0837289,-0.08912332500000003,-0.082973775,-0.0009686749999999744,-0.0007551249999999954,0.001228228407605826
0.07875,0.02875,0.005,6.25e-08,-0.0757472,-0.0816277,-0.07486152499999996,-0.0806161,-0.0008856750000000441,-0.0010116000000000014,0.0013445277109918861
0.08125,0.02875,0.005,6.25e-08,-0.0614091,-0.0768585,-0.06066852499999996,-0.07567112499999999,-0.0007405750000000419,-0.0011873750000000044,0.0013993965561091225
0.08375,0.02875,0.005,6.25e-08,-0.0475936,-0.0696126,-0.047045074999999964,-0.06835014999999998,-0.0005485250000000358,-0.0012624500000000122,0.0013764663737720112
0.08625,0.02875,0.005,6.25e-08,-0.0348143,-0.0602486,-0.03448202500000003,-0.059020575000000026,-0.0003322749999999722,-0.0012280249999999729,0.0012721839789314733
0.08875,0.02875,0.005,6.25e-08,-0.0235475,-0.0492843,-0.02342802500000003,-0.04819652500000003,-0.0001194749999999696,-0.0010877749999999714,0.0010943165566918607
0.09125,0.02875,0.005,6.25e-08,-0.01419,-0.0373744,-0.014259500000000022,-0.03651777500000004,6.950000000002267e-05,-0.000856624999999965,0.0008594397248352808
0.09375,0.02875,0.005,6.25e-08,-0.00702273,-0.0252741,-0.007255517499999999,-0.0247207,0.00023278749999999966,-0.000553399999999999,0.0006003678706895038
0.09625,0.02875,0.005,6.25e-08,-0.00228193,-0.0137969,-0.0025812824999999905,-0.013603074999999971,0.0002993524999999903,-0.0001938250000000294,0.00035662312022814166
0.09875,0.02875,0.005,6.25e-08,-0.00027526,-0.00380217,-0.0002797129999999969,-0.003987934999999976,4.45299999999693e-06,0.0001857649999999762,0.00018581836409244145
0.00125,0.03125,0.005,6.25e-08,-0.000523993,0.0097046,-0.00041148175000000004,0.00949482,-0.00011251125000000001,0.00020978000000000142,0.00023804711671550046
0.00375,0.03125,0.005,6.25e-08,-0.00325035,0.0268087,-0.0034440024999999996,0.026710075,0.00019365249999999962,9.862500000000149e-05,0.00021732045780655386
0.00625,0.03125,0.005,6.25e-08,-0.00879129,0.0414371,-0.00891519,0.041451425,0.0001238999999999997,-1.432500000000253e-05,0.0001247253607932244
0.00875,0.03125,0.005,6.25e-08,-0.0162598,0.0535964,-0.016296425000000003,0.053720175,3.6625000000001934e-05,-0.00012377499999999958,0.0001290799800511297
0.01125,0.03125,0.005,6.25e-08,-0.0251288,0.0634004,-0.025139925,0.06361787499999999,1.1125000000000718e-05,-0.00021747499999999476,0.00021775936547023124
0.01375,0.03125,0.005,6.25e-08,-0.0350578,0.0710136,-0.035072325,0.071302325,1.4525000000001342e-05,-0.00028872500000000356,0.0002890901265176694
0.01625,0.03125,0.005,6.25e-08,-0.045749,0.0766185,-0.04578430000000001,0.076953375,3.5300000000008935e-05,-0.00033487499999999837,0.00033673039011202947
0.01875,0.03125,0.005,6.25e-08,-0.0569485,0.0803927,-0.057019249999999994,0.080747325,7.074999999999443e-05,-0.0003546249999999973,0.0003616136793941807
0.02125,0.03125,0.005,6.25e-08,-0.0684441,0.0824923,-0.068561825,0.08284037500000001,0.00011772500000001296,-0.00034807500000000324,0.000367444392051376
0.02375,0.03125,0.005,6.25e-08,-0.0800546,0.0830425,-0.080227625,0.083358475,0.00017302499999999332,-0.0003159749999999961,0.000360246930937649
0.02625,0.03125,0.005,6.25e-08,-0.0916194,0.0821357,-0.09185357499999999,0.08239515,0.00023417499999998925,-0.0002594499999999944,0.00034950283707717175
0.02875,0.03125,0.005,6.25e-08,-0.102992,0.0798335,-0.10329025,0.08001335000000001,0.0002982499999999999,-0.00017985000000000917,0.00034828018175027305
0.03125,0.03125,0.005,6.25e-08,-0.114031,0.0761733,-0.1143955,0.076251925,0.0003645000000000037,-7.862499999999883e-05,0.0003728835483431825
0.03375,0.03125,0.005,6.25e-08,-0.124602,0.0711764,-0.12503,0.07113472500000001,0.0004279999999999978,4.1674999999991025e-05,0.0004300241919066849
0.03625,0.03125,0.005,6.25e-08,-0.134566,0.064859,-0.13505325,0.06468035,0.0004872500000000224,0.00017865000000000242,0.0005189685780469013
0.03875,0.03125,0.005,6.25e-08,-0.143781,0.0572417,-0.1443205,0.056913225,0.0005394999999999983,0.0003284750000000017,0.0006316296981816159
0.04125,0.03125,0.005,6.25e-08,-0.152103,0.04836,-0.1526825,0.047873700000000005,0.0005795000000000106,0.00048629999999999507,0.0007565103700545072
0.04375,0.03125,0.005,6.25e-08,-0.159381,0.0382738,-0.1599845,0.03762735,0.0006035000000000068,0.0006464499999999998,0.0008843697487476649
0.04625,0.03125,0.005,6.25e-08,-0.16546,0.0270754,-0.16606675,0.026273925,0.000606750000000017,0.0008014749999999994,0.0010052401395313558
0.04875,0.03125,0.005,6.25e-08,-0.17018,0.0148973,-0.17076524999999998,0.013954525,0.0005852499999999816,0.0009427749999999999,0.0011096586245891024
0.05125,0.03125,0.005,6.25e-08,-0.173383,0.00191794,-0.17391775,0.0008576387499999999,0.0005347500000000005,0.00106030125,0.0011875168644072229
0.05375,0.03125,0.005,6.25e-08,-0.174914,-0.011633,-0.1753665,-0.012776049999999999,0.00045250000000002233,0.0011430499999999996,0.0012293573737933244
0.05625,0.03125,0.005,6.25e-08,-0.174631,-0.0254723,-0.174966,-0.026651499999999998,0.00033500000000000196,0.0011791999999999983,0.0012258619987584236
0.05875,0.03125,0.005,6.25e-08,-0.172409,-0.0392621,-0.1725935,-0.04041979999999998,0.0001845000000000041,0.0011576999999999768,0.0011723094898532331
0.06125,0.03125,0.005,6.25e-08,-0.168153,-0.0526135,-0.16815950000000002,-0.053682524999999995,6.500000000020378e-06,0.0010690249999999943,0.0010690447608145263
0.06375,0.03125,0.005,6.25e-08,-0.161814,-0.065094,-0.16162349999999998,-0.06600122500000002,-0.00019050000000003786,0.0009072250000000254,0.0009270099517400341
0.06625,0.03125,0.005,6.25e-08,-0.1534,-0.0762404,-0.15300724999999996,-0.07691267500000003,-0.0003927500000000528,0.0006722750000000277,0.0007785924724302687
0.06875,0.03125,0.005,6.25e-08,-0.142992,-0.0855794,-0.14240824999999996,-0.08595085000000002,-0.0005837500000000495,0.00037145000000002315,0.0006919097954213938
0.07125,0.03125,0.005,6.25e-08,-0.130757,-0.0926538,-0.13001550000000003,-0.09267562499999998,-0.0007414999999999783,2.1824999999989214e-05,0.0007418211244127302
0.07375,0.03125,0.005,6.25e-08,-0.11696,-0.0970568,-0.11611325000000003,-0.09670625,-0.0008467499999999656,-0.000350550000000005,0.0009164446873652252
0.07625,0.03125,0.005,6.25e-08,-0.101967,-0.0984703,-0.10108385000000004,-0.09775865,-0.0008831499999999576,-0.0007116499999999942,0.00113419559380202
0.07875,0.03125,0.005,6.25e-08,-0.0862402,-0.096705,-0.08539804999999995,-0.09568137499999999,-0.0008421500000000554,-0.001023625000000014,0.0013255281072557918
0.08125,0.03125,0.005,6.25e-08,-0.0703225,-0.0917371,-0.06959677499999994,-0.09048669999999998,-0.000725725000000052,-0.0012504000000000265,0.0014457444226505395
0.08375,0.03125,0.005,6.25e-08,-0.0548091,-0.0837358,-0.05426142499999996,-0.08237159999999998,-0.0005476750000000391,-0.0013642000000000237,0.001470030457380087
0.08625,0.03125,0.005,6.25e-08,-0.0403101,-0.0730752,-0.039978100000000044,-0.07172467500000003,-0.00033199999999995733,-0.0013505249999999774,0.0013907342577303943
0.08875,0.03125,0.005,6.25e-08,-0.0274071,-0.0603286,-0.027296800000000038,-0.05911732500000004,-0.00011029999999996251,-0.001211274999999963,0.0012162866502699527
0.09125,0.03125,0.005,6.25e-08,-0.0165997,-0.046242,-0.016692500000000027,-0.045278975000000034,9.280000000002828e-05,-0.0009630249999999646,0.0009674859123651037
0.09375,0.03125,0.005,6.25e-08,-0.00825752,-0.0316894,-0.0085316275,-0.031060300000000002,0.00027410749999999887,-0.000629099999999997,0.0006862228002305414
0.09625,0.03125,0.005,6.25e-08,-0.00270001,-0.0176175,-0.0030484424999999886,-0.017388499999999963,0.00034843249999998854,-0.0002290000000000382,0.0004169486863587167
0.09875,0.03125,0.005,6.25e-08,-0.000330426,-0.00502735,-0.0003318077499999963,-0.005221322499999969,1.3817499999963043e-06,0.0001939724999999691,0.00019397742133892928
0.00125,0.03375,0.005,6.25e-08,-0.000550037,0.0114254,-0.00043126375,0.01114227,-0.00011877324999999995,0.00028313000000000123,0.0003070336818910316
0.00375,0.03375,0.005,6.25e-08,-0.0034072,0.0312943,-0.0036074099999999997,0.0311571,0.0002002099999999997,0.00013719999999999705,0.00024270946438076756
0.00625,0.03375,0.005,6.25e-08,-0.00920852,0.0481048,-0.009333200000000002,0.048109925,0.000124680000000002,-5.124999999994717e-06,0.00012478528769450527
0.00875,0.03375,0.005,6.25e-08,-0.0170211,0.0619518,-0.017051825000000003,0.06208905000000001,3.072500000000228e-05,-0.00013725000000000542,0.00014064703382937597
0.01125,0.03375,0.005,6.25e-08,-0.0262906,0.0730291,-0.026292725,0.07327729999999999,2.1249999999986557e-06,-0.0002481999999999901,0.0002482090965798697
0.01375,0.03375,0.005,6.25e-08,-0.0366599,0.081572,-0.0366648,0.08190485,4.899999999995186e-06,-0.00033284999999999565,0.0003328860653436804
0.01625,0.03375,0.005,6.25e-08,-0.0478189,0.087823,-0.047846099999999996,0.088212475,2.719999999999806e-05,-0.00038947500000000024,0.00039042363609930185
0.01875,0.03375,0.005,6.25e-08,-0.0595055,0.0920081,-0.059572150000000004,0.0924258,6.665000000000143e-05,-0.00041770000000000695,0.00042298405702816507
0.02125,0.03375,0.005,6.25e-08,-0.0715037,0.0943204,-0.0716239,0.09473875000000001,0.00012020000000000086,-0.00041835000000001177,0.00043527550183764083
0.02375,0.03375,0.005,6.25e-08,-0.0836319,0.0949126,-0.0838167,0.0953049,0.00018479999999999885,-0.0003922999999999982,0.00043364770263429065
0.02625,0.03375,0.005,6.25e-08,-0.095732,0.0938954,-0.095990075,0.09423625,0.0002580749999999965,-0.00034084999999998977,0.00042752944708521684
0.02875,0.03375,0.005,6.25e-08,-0.107662,0.0913416,-0.10799924999999999,0.091606775,0.0003372499999999973,-0.0002651750000000064,0.00042901671660321297
0.03125,0.03375,0.005,6.25e-08,-0.119287,0.0872938,-0.11970800000000001,0.087460475,0.0004210000000000047,-0.00016667499999999114,0.0004527930604867979
0.03375,0.03375,0.005,6.25e-08,-0.130476,0.0817745,-0.13098375,0.081821425,0.0005077500000000013,-4.6925000000003214e-05,0.0005099137359642331
0.03625,0.03375,0.005,6.25e-08,-0.141098,0.074797,-0.14169025,0.0747054,0.0005922499999999886,9.159999999999724e-05,0.0005992917674221681
0.03875,0.03375,0.005,6.25e-08,-0.151015,0.0663772,-0.151688,0.06613122499999999,0.0006729999999999792,0.0002459750000000094,0.0007165421834232626
0.04125,0.03375,0.005,6.25e-08,-0.160084,0.0565445,-0.16082875,0.056132125,0.0007447499999999885,0.00041237499999999955,0.000851296483679442
0.04375,0.03375,0.005,6.25e-08,-0.168153,0.0453517,-0.168956,0.04476635,0.0008029999999999982,0.0005853499999999984,0.0009937019787139378
0.04625,0.03375,0.005,6.25e-08,-0.17506,0.032885,-0.17590375,0.032126575,0.0008437500000000042,0.0007584250000000001,0.0011345142322267303
0.04875,0.03375,0.005,6.25e-08,-0.180636,0.0192723,-0.181496,0.0183491,0.0008599999999999997,0.000923199999999999,0.0012617044978916409
0.05125,0.03375,0.005,6.25e-08,-0.184707,0.00469126,-0.1855505,0.0036214625,0.000843499999999997,0.0010697975,0.0013623358400211914
0.05375,0.03375,0.005,6.25e-08,-0.187092,-0.0106243,-0.18788425,-0.011810689999999999,0.0007922499999999943,0.001186389999999999,0.001426597804077936
0.05625,0.03375,0.005,6.25e-08,-0.187618,-0.026379,-0.18831825,-0.027638875,0.0007002499999999856,0.0012598750000000006,0.0014414003878607017
0.05875,0.03375,0.005,6.25e-08,-0.186124,-0.0422129,-0.18668925,-0.04348949999999998,0.0005652499999999894,0.001276599999999982,0.001396142944866299
0.06125,0.03375,0.005,6.25e-08,-0.182471,-0.0577022,-0.18286125000000003,-0.058925725000000005,0.0003902500000000364,0.001223525000000003,0.0012842540590261087
0.06375,0.03375,0.005,6.25e-08,-0.176562,-0.0723643,-0.17674299999999998,-0.07345477500000004,0.00018099999999998673,0.0010904750000000352,0.0011053943756076706
0.06625,0.03375,0.005,6.25e-08,-0.168355,-0.0856695,-0.16830549999999997,-0.08654217500000003,-4.950000000003563e-05,0.0008726750000000311,0.0008740777457555236
0.06875,0.03375,0.005,6.25e-08,-0.157883,-0.0970612,-0.15760049999999998,-0.09763415000000002,-0.00028250000000001885,0.0005729500000000165,0.0006388097936788615
0.07125,0.03375,0.005,6.25e-08,-0.145276,-0.105984,-0.14478125000000003,-0.10618999999999998,-0.0004947499999999605,0.00020599999999998397,0.0005359230938296598
0.07375,0.03375,0.005,6.25e-08,-0.130774,-0.111924,-0.13011250000000005,-0.11171999999999999,-0.0006614999999999538,-0.00020400000000000973,0.0006922414679863833
0.07625,0.03375,0.005,6.25e-08,-0.11474,-0.114451,-0.11398100000000005,-0.11383399999999999,-0.0007589999999999403,-0.0006170000000000064,0.000978146205840373
0.07875,0.03375,0.005,6.25e-08,-0.0976603,-0.113276,-0.09688822499999994,-0.11228474999999999,-0.0007720750000000665,-0.000991250000000013,0.0012564538861912634
0.08125,0.03375,0.005,6.25e-08,-0.0801306,-0.108294,-0.07943499999999995,-0.10701524999999998,-0.0006956000000000462,-0.001278750000000023,0.0014556994615991733
0.08375,0.03375,0.005,6.25e-08,-0.0628298,-0.0996293,-0.06228977499999995,-0.09818707499999997,-0.000540025000000055,-0.001442225000000033,0.0015400129711304884
0.08625,0.03375,0.005,6.25e-08,-0.0464762,-0.0876562,-0.04614605000000005,-0.08619635000000003,-0.0003301499999999527,-0.001459849999999971,0.0014967167551009387
0.08875,0.03375,0.005,6.25e-08,-0.0317743,-0.0729977,-0.031673025000000035,-0.07166845000000005,-0.0001012749999999632,-0.0013292499999999485,0.0013331024672263029
0.09125,0.03375,0.005,6.25e-08,-0.0193483,-0.0564971,-0.01946477500000003,-0.05542885000000005,0.00011647500000003252,-0.0010682499999999512,0.0010745810756405973
0.09375,0.03375,0.005,6.25e-08,-0.00967742,-0.0391633,-0.00999579,-0.0384583,0.0003183699999999984,-0.0007049999999999973,0.0007735531377352141
0.09625,0.03375,0.005,6.25e-08,-0.00318596,-0.0221,-0.0035882049999999867,-0.021835749999999952,0.00040224499999998685,-0.00026425000000004917,0.0004812786121624515
0.09875,0.03375,0.005,6.25e-08,-0.00039618,-0.00647693,-0.0003924834999999957,-0.006679769999999961,-3.6965000000043174e-06,0.0002028399999999611,0.00020287367920022116
0.00125,0.03625,0.005,6.25e-08,-0.000569605,0.0132184,-0.00044627174999999997,0.012857582499999999,-0.00012333325000000008,0.00036081750000000086,0.00038131398985850645
0.00375,0.03625,0.005,6.25e-08,-0.00352694,0.0359642,-0.0037321524999999996,0.035784575,0.0002052124999999995,0.0001796250000000027,0.00027272203941238555
0.00625,0.03625,0.005,6.25e-08,-0.00952996,0.0550421,-0.0096542175,0.05503497500000001,0.00012425749999999888,7.124999999989778e-06,0.0001244616082623456
0.00875,0.03625,0.005,6.25e-08,-0.0176115,0.07064,-0.01763525,0.07078835,2.3750000000002935e-05,-0.00014835000000000542,0.00015023909278214425
0.01125,0.03625,0.005,6.25e-08,-0.0271965,0.0830358,-0.027187749999999997,0.083313475,-8.750000000001812e-06,-0.0002776749999999911,0.00027781282930238317
0.01375,0.03625,0.005,6.25e-08,-0.0379151,0.09254,-0.0379071,0.09291705,-8.000000000001062e-06,-0.00037705000000000377,0.00037713485983133785
0.01625,0.03625,0.005,6.25e-08,-0.0494473,0.0994597,-0.049461849999999995,0.099905325,1.4549999999995122e-05,-0.00044562500000000504,0.00044586247108834395
0.01875,0.03625,0.005,6.25e-08,-0.0615251,0.104073,-0.061581575,0.10455724999999999,5.6475000000000275e-05,-0.00048424999999999163,0.00048753203804980034
0.02125,0.03625,0.005,6.25e-08,-0.0739302,0.106615,-0.07404515,0.10710800000000001,0.00011495000000000255,-0.0004930000000000073,0.0005062237672215794
0.02375,0.03625,0.005,6.25e-08,-0.0864818,0.107267,-0.08666902500000001,0.10774224999999998,0.00018722500000001308,-0.00047524999999998263,0.0005107991416643027
0.02625,0.03625,0.005,6.25e-08,-0.0990259,0.106161,-0.099296975,0.10659275,0.0002710749999999956,-0.00043174999999999464,0.0005097937996141116
0.02875,0.03625,0.005,6.25e-08,-0.111426,0.103384,-0.11179025,0.10374649999999999,0.0003642499999999965,-0.00036249999999998783,0.0005138913430872218
0.03125,0.03625,0.005,6.25e-08,-0.123556,0.098984,-0.12402025000000001,0.09925335,0.00046425000000001326,-0.00026935000000000153,0.0005367285021312107
0.03375,0.03625,0.005,6.25e-08,-0.135292,0.0929841,-0.13586275,0.09313795,0.0005707500000000088,-0.00015384999999999704,0.0005911221405090568
0.03625,0.03625,0.005,6.25e-08,-0.14651,0.0853947,-0.14719000000000002,0.0854119,0.0006800000000000139,-1.7199999999994997e-05,0.000680217494629489
0.03875,0.03625,0.005,6.25e-08,-0.157082,0.0762249,-0.15786975000000003,0.0760869,0.0007877500000000315,0.00013799999999999923,0.0007997462488189922
0.04125,0.03625,0.005,6.25e-08,-0.166867,0.0654952,-0.16775825,0.065186125,0.0008912500000000101,0.00030907500000000587,0.000943320686789504
0.04375,0.03625,0.005,6.25e-08,-0.175715,0.0532478,-0.17670075000000002,0.052756325,0.0009857500000000075,0.0004914749999999982,0.0011014766171485498
0.04625,0.03625,0.005,6.25e-08,-0.183464,0.0395578,-0.18452775,0.0388782,0.0010637500000000022,0.0006795999999999955,0.0012623074991855187
0.04875,0.03625,0.005,6.25e-08,-0.189936,0.0245431,-0.19105525,0.0236769,0.001119250000000016,0.000866200000000001,0.0014152819515912856
0.05125,0.03625,0.005,6.25e-08,-0.194942,0.00837337,-0.19608650000000002,0.0073317750000000004,0.0011445000000000205,0.0010415949999999993,0.0015475142629472096
0.05375,0.03625,0.005,6.25e-08,-0.198282,-0.00872047,-0.19941375,-0.0099145,0.001131749999999987,0.0011940300000000004,0.0016451643393290446
0.05625,0.03625,0.005,6.25e-08,-0.199753,-0.0264387,-0.20082624999999998,-0.027748250000000002,0.0010732499999999978,0.001309550000000003,0.00169315881269301
0.05875,0.03625,0.005,6.25e-08,-0.199155,-0.0444069,-0.20011925,-0.04577922499999998,0.0009642499999999998,0.0013723249999999798,0.001677216136377463
0.06125,0.03625,0.005,6.25e-08,-0.196303,-0.0621727,-0.197107,-0.06353875,0.0008039999999999992,0.0013660500000000075,0.0015850894619863004
0.06375,0.03625,0.005,6.25e-08,-0.191046,-0.0792079,-0.19164024999999996,-0.08048365000000005,0.0005942499999999629,0.0012757500000000477,0.0014073631816272861
0.06625,0.03625,0.005,6.25e-08,-0.183283,-0.0949173,-0.183629,-0.09600792500000005,0.0003459999999999852,0.0010906250000000534,0.0011441935547035326
0.06875,0.03625,0.005,6.25e-08,-0.172989,-0.108657,-0.17306524999999998,-0.10946450000000003,7.624999999997217e-05,0.0008075000000000304,0.0008110920493384489
0.07125,0.03625,0.005,6.25e-08,-0.160238,-0.119763,-0.16004775000000004,-0.12019899999999997,-0.0001902499999999474,0.00043599999999997807,0.0004757006017443754
0.07375,0.03625,0.005,6.25e-08,-0.145228,-0.127594,-0.14480600000000005,-0.12759325,-0.0004219999999999502,-7.500000000215667e-07,0.00042200066646861826
0.07625,0.03625,0.005,6.25e-08,-0.128303,-0.131587,-0.12771225000000005,-0.13112275,-0.0005907499999999455,-0.0004642499999999994,0.000751341217423838
0.07875,0.03625,0.005,6.25e-08,-0.109957,-0.13132,-0.10928749999999995,-0.13041574999999997,-0.0006695000000000451,-0.0009042500000000231,0.0011251214656649753
0.08125,0.03625,0.005,6.25e-08,-0.0908311,-0.126573,-0.09018549999999995,-0.12531124999999999,-0.0006456000000000517,-0.001261750000000006,0.0014173257997017064
0.08375,0.03625,0.005,6.25e-08,-0.0716875,-0.117396,-0.07116432499999994,-0.11590749999999997,-0.0005231750000000562,-0.0014885000000000315,0.0015777656133358822
0.08625,0.03625,0.005,6.25e-08,-0.0533622,-0.104138,-0.05303635000000005,-0.10258790000000004,-0.000325849999999947,-0.001550099999999957,0.0015839786085991919
0.08875,0.03625,0.005,6.25e-08,-0.0367018,-0.087461,-0.03660885000000004,-0.08602255000000004,-9.294999999995973e-05,-0.0014384499999999523,0.001441450000867132
0.09125,0.03625,0.005,6.25e-08,-0.0224792,-0.0683079,-0.02261912500000003,-0.06713735000000005,0.0001399250000000303,-0.0011705499999999508,0.0011788835006585228
0.09375,0.03625,0.005,6.25e-08,-0.0113104,-0.0478397,-0.01167555,-0.047059174999999995,0.00036514999999999985,-0.0007805250000000041,0.0008617156132535874
0.09625,0.03625,0.005,6.25e-08,-0.00375166,-0.0273434,-0.004212444999999985,-0.027043799999999944,0.00046078499999998484,-0.00029960000000005607,0.0005496207567268721
0.09875,0.03625,0.005,6.25e-08,-0.000474811,-0.00818863,-0.0004632847499999949,-0.00839989249999995,-1.1526250000005111e-05,0.00021126249999994968,0.0002115766961300118
0.00125,0.03875,0.005,6.25e-08,-0.000582225,0.0150633,-0.00045620299999999997,0.01462165,-0.00012602200000000005,0.00044165000000000003,0.00045927798443208664
0.00375,0.03875,0.005,6.25e-08,-0.00360727,0.0407694,-0.0038159074999999996,0.0405436,0.00020863749999999954,0.00022579999999999822,0.0003074333202602623
0.00625,0.03875,0.005,6.25e-08,-0.00974991,0.0621801,-0.009872530000000001,0.062156775,0.00012262000000000037,2.3325000000004592e-05,0.0001248187486918544
0.00875,0.03875,0.005,6.25e-08,-0.0180208,0.0795783,-0.018036475000000003,0.07973435,1.5675000000003186e-05,-0.00015604999999999092,0.00015683528979473104
0.01125,0.03875,0.005,6.25e-08,-0.0278306,0.0933288,-0.027808899999999998,0.09363339999999999,-2.1700000000002967e-05,-0.0003045999999999882,0.00030537198627246894
0.01375,0.03875,0.005,6.25e-08,-0.0388001,0.103821,-0.0387759,0.10424025,-2.419999999999506e-05,-0.0004192500000000099,0.0004199478568822659
0.01625,0.03875,0.005,6.25e-08,-0.0506019,0.111428,-0.050598825,0.1119295,-3.074999999998218e-06,-0.0005015000000000019,0.0005015094272543657
0.01875,0.03875,0.005,6.25e-08,-0.0629636,0.116486,-0.063003325,0.117037,3.972500000000434e-05,-0.0005509999999999959,0.0005524301545218145
0.02125,0.03875,0.005,6.25e-08,-0.0756659,0.119272,-0.07576732500000001,0.1198435,0.00010142500000001609,-0.0005715000000000026,0.0005804302547464305
0.02375,0.03875,0.005,6.25e-08,-0.0885304,0.120004,-0.088709725,0.12056700000000001,0.00017932500000000795,-0.0005630000000000079,0.0005908692373317567
0.02625,0.03875,0.005,6.25e-08,-0.101408,0.118835,-0.101679275,0.11936375,0.0002712750000000014,-0.0005287500000000084,0.0005942782918170658
0.02875,0.03875,0.005,6.25e-08,-0.11417,0.115867,-0.11454500000000001,0.11633525,0.0003750000000000142,-0.0004682500000000034,0.0005999025441686456
0.03125,0.03875,0.005,6.25e-08,-0.126698,0.111155,-0.127188,0.111539,0.0004899999999999904,-0.00038399999999999546,0.0006225399585568682
0.03375,0.03875,0.005,6.25e-08,-0.138881,0.104725,-0.13949375,0.10500024999999999,0.0006127499999999952,-0.0002752499999999908,0.0006717329268392232
0.03625,0.03875,0.005,6.25e-08,-0.150604,0.0965824,-0.1513465,0.09672689999999999,0.000742500000000007,-0.00014449999999999186,0.0007564301025210512
0.03875,0.03875,0.005,6.25e-08,-0.161747,0.0867292,-0.16262274999999998,0.0867215,0.0008757499999999807,7.699999999999374e-06,0.0008757838503306431
0.04125,0.03875,0.005,6.25e-08,-0.172181,0.0751741,-0.1731895,0.074994975,0.0010084999999999955,0.00017912499999998832,0.0010242841478930477
0.04375,0.03875,0.005,6.25e-08,-0.181761,0.0619454,-0.182896,0.061578875,0.0011349999999999971,0.0003665249999999995,0.001192713534602921
0.04625,0.03875,0.005,6.25e-08,-0.190325,0.0471027,-0.19157600000000002,0.046536925,0.0012510000000000299,0.0005657749999999975,0.0013729902951678398
0.04875,0.03875,0.005,6.25e-08,-0.197694,0.0307476,-0.19904125,0.029977149999999998,0.0013472499999999943,0.0007704500000000024,0.0015519909036460194
0.05125,0.03875,0.005,6.25e-08,-0.203669,0.0130354,-0.2050855,0.012063034999999998,0.001416500000000015,0.0009723650000000028,0.0017181286166131592
0.05375,0.03875,0.005,6.25e-08,-0.208035,-0.00581446,-0.2094825,-0.0069745275,0.0014474999999999905,0.0011600675000000005,0.0018549967262925893
0.05625,0.03875,0.005,6.25e-08,-0.210561,-0.025507,-0.21199325,-0.026826575000000002,0.001432249999999996,0.0013195750000000034,0.0019474645678740853
0.05875,0.03875,0.005,6.25e-08,-0.211012,-0.0456625,-0.212373,-0.04709652499999997,0.001361000000000001,0.0014340249999999707,0.0019770555633630833
0.06125,0.03875,0.005,6.25e-08,-0.209157,-0.0658097,-0.21038600000000002,-0.06729365,0.0012290000000000079,0.0014839499999999978,0.0019267974990901386
0.06375,0.03875,0.005,6.25e-08,-0.204787,-0.0853826,-0.20582024999999998,-0.08683237500000004,0.0010332499999999856,0.001449775000000042,0.0017802957937166205
0.06625,0.03875,0.005,6.25e-08,-0.197735,-0.103725,-0.19851524999999998,-0.10503925000000006,0.0007802499999999823,0.0013142500000000584,0.0015284119618087677
0.06875,0.03875,0.005,6.25e-08,-0.187903,-0.120106,-0.18838749999999999,-0.12117275000000004,0.0004844999999999988,0.001066750000000033,0.0011716210191440187
0.07125,0.03875,0.005,6.25e-08,-0.175295,-0.133745,-0.17546525000000002,-0.13445399999999996,0.00017025000000001067,0.0007089999999999597,0.0007291543475149458
0.07375,0.03875,0.005,6.25e-08,-0.160045,-0.143861,-0.15991675000000005,-0.144119,-0.0001282499999999409,0.0002580000000000082,0.0002881181398315439
0.07625,0.03875,0.005,6.25e-08,-0.142453,-0.149727,-0.14208025000000005,-0.14947874999999997,-0.0003727499999999495,-0.00024825000000003317,0.00044785111923492925
0.07875,0.03875,0.005,6.25e-08,-0.123002,-0.150755,-0.12247324999999995,-0.15000049999999998,-0.00052875000000005,-0.000754500000000019,0.0009213288297345751
0.08125,0.03875,0.005,6.25e-08,-0.102362,-0.146571,-0.10179134999999995,-0.14537925,-0.0005706500000000475,-0.0011917500000000192,0.0013213286816686073
0.08375,0.03875,0.005,6.25e-08,-0.0813724,-0.137107,-0.08087819999999994,-0.13561124999999996,-0.0004942000000000557,-0.0014957500000000457,0.001575278293667564
0.08625,0.03875,0.005,6.25e-08,-0.0609919,-0.122653,-0.06067357500000005,-0.12103625000000004,-0.0003183249999999527,-0.0016167499999999585,0.0016477898434341788
0.08875,0.03875,0.005,6.25e-08,-0.0422277,-0.103887,-0.04214205000000005,-0.10235245000000007,-8.564999999995104e-05,-0.0015345499999999263,0.0015369383933651229
0.09125,0.03875,0.005,6.25e-08,-0.0260296,-0.0818528,-0.026191625000000038,-0.08058477500000005,0.00016202500000003783,-0.0012680249999999504,0.0012783346593321667
0.09375,0.03875,0.005,6.25e-08,-0.0131821,-0.0578772,-0.013595874999999999,-0.0570223,0.00041377499999999817,-0.0008548999999999987,0.0009497703725769699
0.09625,0.03875,0.005,6.25e-08,-0.00440864,-0.03346,-0.004932532499999981,-0.03312487499999993,0.0005238924999999813,-0.000335125000000068,0.0006219100555396062
0.09875,0.03875,0.005,6.25e-08,-0.00056867,-0.0102064,-0.000545736999999994,-0.01042413999999994,-2.293300000000601e-05,0.00021773999999994027,0.00021894435386411376
0.00125,0.04125,0.005,6.25e-08,-0.000587599,0.0169392,-0.00046087925,0.016414525,-0.00012671974999999995,0.0005246750000000022,0.000539760827279143
0.00375,0.04125,0.005,6.25e-08,-0.00364681,0.0456587,-0.0038573774999999997,0.045383024999999994,0.00021056749999999978,0.00027567500000000994,0.00034689389974638555
0.00625,0.04125,0.005,6.25e-08,-0.00986507,0.0694462,-0.009984905000000002,0.069402275,0.00011983500000000216,4.3925000000000214e-05,0.00012763162950460414
0.00875,0.04125,0.005,6.25e-08,-0.0182428,0.0886796,-0.018249325000000004,0.08883875,6.52500000000375e-06,-0.0001591499999999968,0.00015928370326244624
0.01125,0.04125,0.005,6.25e-08,-0.0281825,0.103811,-0.028145925,0.10413825,-3.6575000000000496e-05,-0.00032725000000000115,0.0003292875538568088
0.01375,0.04125,0.005,6.25e-08,-0.0392983,0.115309,-0.03925475,0.1157675,-4.355000000000331e-05,-0.0004585000000000006,0.00046056362481203484
0.01625,0.04125,0.005,6.25e-08,-0.0512577,0.123618,-0.0512324,0.124173,-2.5300000000005873e-05,-0.0005549999999999999,0.0005555763583882959
0.01875,0.04125,0.005,6.25e-08,-0.0637853,0.129132,-0.06380185000000001,0.12974950000000002,1.655000000000406e-05,-0.0006175000000000208,0.0006177217435868887
0.02125,0.04125,0.005,6.25e-08,-0.0766617,0.132176,-0.07674117500000001,0.13282575,7.94750000000094e-05,-0.0006497500000000045,0.0006545924977610173
0.02375,0.04125,0.005,6.25e-08,-0.0897116,0.133004,-0.0898723,0.13365624999999998,0.00016069999999999973,-0.0006522499999999654,0.0006717548306487679
0.02625,0.04125,0.005,6.25e-08,-0.102792,0.131795,-0.10305,0.1324245,0.0002580000000000082,-0.0006295000000000051,0.0006803192265400197
0.02875,0.04125,0.005,6.25e-08,-0.115783,0.128669,-0.11615249999999999,0.129249,0.00036949999999999483,-0.0005799999999999972,0.0006876992438559119
0.03125,0.04125,0.005,6.25e-08,-0.128577,0.123689,-0.12907174999999999,0.12419525,0.0004947499999999883,-0.0005062499999999998,0.000707860597151719
0.03375,0.04125,0.005,6.25e-08,-0.141074,0.116884,-0.14170525,0.11729124999999999,0.0006312499999999999,-0.000407249999999984,0.0007512184269571579
0.03625,0.04125,0.005,6.25e-08,-0.153174,0.108255,-0.153951,0.10854074999999999,0.0007769999999999999,-0.0002857499999999874,0.0008278780480843738
0.03875,0.04125,0.005,6.25e-08,-0.16477,0.0977965,-0.16570000000000001,0.097936525,0.0009300000000000141,-0.00014002500000000195,0.0009404823233984926
0.04125,0.04125,0.005,6.25e-08,-0.175744,0.0855028,-0.1768305,0.0854753,0.0010864999999999903,2.7499999999999747e-05,0.0010868479654487
0.04375,0.04125,0.005,6.25e-08,-0.185962,0.0713859,-0.187204,0.07117079999999999,0.0012420000000000209,0.00021510000000000973,0.0012604887980462403
0.04625,0.04125,0.005,6.25e-08,-0.195269,0.0554858,-0.19666075,0.055065699999999995,0.0013917499999999972,0.0004201000000000066,0.0014537716713775922
0.04875,0.04125,0.005,6.25e-08,-0.20349,0.0378827,-0.20501724999999998,0.037244900000000004,0.00152724999999998,0.0006377999999999939,0.0016550774611781562
0.05125,0.04125,0.005,6.25e-08,-0.210424,0.0187101,-0.21206325000000004,0.01784875,0.0016392500000000365,0.0008613500000000003,0.0018517733082103003
0.05375,0.04125,0.005,6.25e-08,-0.215843,-0.00183205,-0.21756175,-0.0029130402500000003,0.0017187499999999911,0.0010809902500000003,0.0020304288914155632
0.05625,0.04125,0.005,6.25e-08,-0.2195,-0.0234638,-0.221252,-0.0247472,0.0017520000000000036,0.0012834000000000005,0.0021717779720772596
0.05875,0.04125,0.005,6.25e-08,-0.221128,-0.0458119,-0.22285625,-0.04726322499999997,0.0017282500000000145,0.0014513249999999686,0.0022568102087071828
0.06125,0.04125,0.005,6.25e-08,-0.220451,-0.0683979,-0.22208875,-0.0699617,0.0016377499999999934,0.001563800000000004,0.0022644415431845423
0.06375,0.04125,0.005,6.25e-08,-0.217204,-0.0906301,-0.21867575,-0.09222720000000006,0.001471749999999994,0.0015971000000000596,0.0021718140971317443
0.06625,0.04125,0.005,6.25e-08,-0.211146,-0.111801,-0.21237849999999997,-0.11332900000000004,0.0012324999999999697,0.0015280000000000432,0.001963120029442942
0.06875,0.04125,0.005,6.25e-08,-0.202099,-0.131098,-0.20302599999999996,-0.13243375000000007,0.0009269999999999556,0.00133575000000008,0.0016259019227801324
0.07125,0.04125,0.005,6.25e-08,-0.189976,-0.147623,-0.190554,-0.14863599999999993,0.0005779999999999952,0.0010129999999999306,0.001166298846779784
0.07375,0.04125,0.005,6.25e-08,-0.174827,-0.160439,-0.17504675000000003,-0.16100774999999998,0.00021975000000001854,0.000568749999999979,0.0006097266805708802
0.07625,0.04125,0.005,6.25e-08,-0.156879,-0.168637,-0.15677550000000007,-0.16866975,-0.0001034999999999231,3.274999999999806e-05,0.00010855787626876252
0.07875,0.04125,0.005,6.25e-08,-0.136575,-0.17142,-0.13622949999999992,-0.17088474999999997,-0.00034550000000008185,-0.0005352500000000149,0.0006370736319296793
0.08125,0.04125,0.005,6.25e-08,-0.114589,-0.168214,-0.11412224999999994,-0.16715625,-0.0004667500000000574,-0.0010577499999999962,0.001156153374340985
0.08375,0.04125,0.005,6.25e-08,-0.0918213,-0.158779,-0.09137149999999994,-0.15732649999999998,-0.0004498000000000557,-0.0014525000000000232,0.0015205513112026563
0.08625,0.04125,0.005,6.25e-08,-0.0693541,-0.143298,-0.06904775000000007,-0.14164900000000005,-0.0003063499999999275,-0.001648999999999956,0.001677215347681928
0.08875,0.04125,0.005,6.25e-08,-0.0483703,-0.122433,-0.04829062500000006,-0.12081900000000007,-7.967499999993882e-05,-0.001613999999999935,0.0016159653788447264
0.09125,0.04125,0.005,6.25e-08,-0.0300266,-0.0973128,-0.030208825000000043,-0.09595487500000008,0.00018222500000004277,-0.0013579249999999266,0.0013700971703677867
0.09375,0.04125,0.005,6.25e-08,-0.0153148,-0.0694451,-0.01577845,-0.068518625,0.0004636499999999995,-0.000926474999999996,0.0010360150810316384
0.09625,0.04125,0.005,6.25e-08,-0.00516782,-0.040574,-0.005759039999999979,-0.04020329999999992,0.0005912199999999791,-0.0003707000000000779,0.0006978248909289731
0.09875,0.04125,0.005,6.25e-08,-0.000680173,-0.0125801,-0.000641331749999993,-0.012800622499999928,-3.8841250000006987e-05,0.00022052249999992765,0.00022391698396455133
0.00125,0.04375,0.005,6.25e-08,-0.000585693,0.0188244,-0.0004603065,0.0182159,-0.00012538649999999996,0.0006085000000000014,0.000621284173613212
0.00375,0.04375,0.005,6.25e-08,-0.0036456,0.0505798,-0.0038566625,0.050250899999999994,0.00021106249999999988,0.00032890000000000696,0.00039079737576684745
0.00625,0.04375,0.005,6.25e-08,-0.00987555,0.0767666,-0.009991472500000001,0.0766971,0.00011592250000000068,6.950000000000012e-05,0.00013516018646868676
0.00875,0.04375,0.005,6.25e-08,-0.018277,0.097854,-0.018273300000000003,0.09801080000000001,-3.699999999998843e-06,-0.00015680000000001248,0.00015684364826158535
0.01125,0.04375,0.005,6.25e-08,-0.0282496,0.11438,-0.028196275,0.11472475,-5.33249999999999e-05,-0.0003447500000000048,0.00034884970707312236
0.01375,0.04375,0.005,6.25e-08,-0.0394032,0.126893,-0.039337300000000006,0.12738675,-6.589999999999374e-05,-0.0004937499999999873,0.0004981283694992553
0.01625,0.04375,0.005,6.25e-08,-0.0514016,0.135909,-0.051349725,0.136515,-5.187499999999984e-05,-0.0006059999999999954,0.0006082162572843597
0.01875,0.04375,0.005,6.25e-08,-0.0639673,0.141884,-0.0639548,0.14256575,-1.2499999999998623e-05,-0.000681749999999981,0.0006818645851633402
0.02125,0.04375,0.005,6.25e-08,-0.0768816,0.145193,-0.07693132500000001,0.14591925000000003,4.972500000001434e-05,-0.0007262500000000394,0.0007279502992135236
0.02375,0.04375,0.005,6.25e-08,-0.0899731,0.146128,-0.090104875,0.14687,0.00013177500000000064,-0.0007419999999999927,0.0007536104103746107
0.02625,0.04375,0.005,6.25e-08,-0.103105,0.1449,-0.1033375,0.14563025,0.0002324999999999966,-0.0007302499999999879,0.0007663689141007618
0.02875,0.04375,0.005,6.25e-08,-0.116168,0.141645,-0.11651600000000001,0.14233774999999999,0.00034800000000001496,-0.000692749999999992,0.0007752461302708961
0.03125,0.04375,0.005,6.25e-08,-0.129067,0.13644,-0.1295455,0.13707049999999998,0.0004785000000000206,-0.0006304999999999783,0.0007915127920633957
0.03375,0.04375,0.005,6.25e-08,-0.141716,0.129315,-0.14233825,0.12985950000000002,0.0006222499999999909,-0.0005445000000000033,0.00082684660760022
0.03625,0.04375,0.005,6.25e-08,-0.154029,0.120271,-0.154808,0.12070499999999999,0.0007790000000000019,-0.00043399999999998995,0.0008917381902778383
0.03875,0.04375,0.005,6.25e-08,-0.165917,0.109292,-0.16686275,0.1095895,0.0009457499999999952,-0.0002975000000000061,0.0009914380023481016
0.04125,0.04375,0.005,6.25e-08,-0.177278,0.0963579,-0.17839725,0.09649675,0.001119250000000016,-0.0001388500000000098,0.0011278297234068797
0.04375,0.04375,0.005,6.25e-08,-0.187993,0.0814631,-0.18928974999999998,0.08141910000000001,0.0012967499999999854,4.399999999998849e-05,0.0012974962668539595
0.04625,0.04375,0.005,6.25e-08,-0.197921,0.0646242,-0.19939500000000002,0.06437522500000001,0.001474000000000003,0.0002489749999999985,0.0014948794435087427
0.04875,0.04375,0.005,6.25e-08,-0.206897,0.0458954,-0.2085395,0.045422225,0.0016424999999999912,0.00047317500000000623,0.0017092983445335039
0.05125,0.04375,0.005,6.25e-08,-0.214724,0.0253822,-0.21651925,0.024670525000000002,0.0017952499999999982,0.0007116749999999984,0.0019311664527235843
0.05375,0.04375,0.005,6.25e-08,-0.221175,0.00325657,-0.22309525000000002,0.00229972075,0.0019202500000000122,0.0009568492499999999,0.00214544180758314
0.05625,0.04375,0.005,6.25e-08,-0.22599,-0.0202272,-0.22799599999999998,-0.0214243,0.00200599999999998,0.0011970999999999996,0.002336040327134769
0.05875,0.04375,0.005,6.25e-08,-0.22888,-0.044715,-0.2309165,-0.04613137499999997,0.0020364999999999966,0.0014163749999999697,0.0024806149218741915
0.06125,0.04375,0.005,6.25e-08,-0.229533,-0.0697364,-0.23153175,-0.07132957499999999,0.0019987500000000213,0.0015931749999999884,0.0025560141124659403
0.06375,0.04375,0.005,6.25e-08,-0.227627,-0.0946895,-0.229508,-0.09639087500000007,0.0018809999999999938,0.0017013750000000744,0.0025363039822988943
0.06625,0.04375,0.005,6.25e-08,-0.222851,-0.118831,-0.22452575,-0.12054300000000007,0.0016747500000000026,0.0017120000000000607,0.0023949387387781377
0.06875,0.04375,0.005,6.25e-08,-0.214936,-0.141278,-0.21631725,-0.14287425000000004,0.0013812500000000005,0.001596250000000049,0.0021108921395941002
0.07125,0.04375,0.005,6.25e-08,-0.20369,-0.161021,-0.20470650000000004,-0.16235424999999995,0.0010165000000000313,0.0013332499999999525,0.001676552359009386
0.07375,0.04375,0.005,6.25e-08,-0.189054,-0.176963,-0.18966575000000002,-0.17788274999999995,0.000611750000000022,0.0009197499999999414,0.0011046167321745216
0.07625,0.04375,0.005,6.25e-08,-0.171152,-0.187988,-0.17136750000000006,-0.18836424999999998,0.00021550000000006286,0.00037624999999999464,0.0004335946407648774
0.07875,0.04375,0.005,6.25e-08,-0.150349,-0.193057,-0.15023224999999993,-0.1928145,-0.00011675000000008207,-0.0002425000000000066,0.000269140878537658
0.08125,0.04375,0.005,6.25e-08,-0.127288,-0.19134,-0.12695949999999995,-0.19048849999999998,-0.00032850000000006485,-0.0008515000000000328,0.0009126688884804272
0.08375,0.04375,0.005,6.25e-08,-0.102905,-0.182359,-0.10251864999999993,-0.18100974999999997,-0.00038635000000006303,-0.001349250000000024,0.0014034749320882484
0.08625,0.04375,0.005,6.25e-08,-0.0783933,-0.166124,-0.07810490000000007,-0.16448375000000004,-0.00028839999999992483,-0.0016402499999999542,0.0016654112472599093
0.08875,0.04375,0.005,6.25e-08,-0.0551217,-0.143229,-0.05504670000000006,-0.14156025000000005,-7.499999999994317e-05,-0.0016687499999999411,0.0016704345430156174
0.09125,0.04375,0.005,6.25e-08,-0.0344849,-0.114862,-0.03468452500000005,-0.11342650000000008,0.00019962500000005046,-0.001435499999999923,0.0014493137654161708
0.09375,0.04375,0.005,6.25e-08,-0.0177257,-0.0827188,-0.01823975,-0.081725575,0.0005140499999999985,-0.0009932250000000004,0.0011183663546105987
0.09625,0.04375,0.005,6.25e-08,-0.00603903,-0.0488191,-0.006701339999999976,-0.0484135499999999,0.0006623099999999759,-0.0004055500000000947,0.0007766114463488449
0.09875,0.04375,0.005,6.25e-08,-0.000811767,-0.0153654,-0.0007514982499999917,-0.015582799999999914,-6.026875000000832e-05,0.00021739999999991454,0.0002255993843664613
0.00125,0.04625,0.005,6.25e-08,-0.000576819,0.0206978,-0.0004547285,0.020005975000000002,-0.0001220905,0.0006918249999999966,0.0007025154238984688
0.00375,0.04625,0.005,6.25e-08,-0.00360555,0.0554817,-0.0038157449999999997,0.055096525,0.00021019499999999983,0.0003851750000000015,0.00043879575960804483
0.00625,0.04625,0.005,6.25e-08,-0.00978593,0.0840683,-0.009896835000000001,0.083968025,0.00011090500000000142,0.0001002749999999969,0.0001495158675525768
0.00875,0.04625,0.005,6.25e-08,-0.0181303,0.107012,-0.018115450000000005,0.1071605,-1.484999999999334e-05,-0.00014850000000000974,0.00014924065297365423
0.01125,0.04625,0.005,6.25e-08,-0.0280397,0.124932,-0.027968125,0.1252895,-7.15750000000008e-05,-0.0003574999999999967,0.00036459461134936944
0.01375,0.04625,0.005,6.25e-08,-0.0391213,0.138458,-0.039030425,0.13898149999999998,-9.087499999999721e-05,-0.0005234999999999823,0.0005313290088306688
0.01625,0.04625,0.005,6.25e-08,-0.0510356,0.148176,-0.050953625,0.148827,-8.197499999999802e-05,-0.0006509999999999849,0.0006561409152194215
0.01875,0.04625,0.005,6.25e-08,-0.0635039,0.154605,-0.063457525,0.15534725,-4.6375000000001276e-05,-0.0007422499999999999,0.0007436973195628716
0.02125,0.04625,0.005,6.25e-08,-0.0763085,0.158176,-0.076321925,0.1589755,1.3424999999997467e-05,-0.0007994999999999808,0.0007996127066430156
0.02375,0.04625,0.005,6.25e-08,-0.0892823,0.159221,-0.089376525,0.1600485,9.422500000000333e-05,-0.0008275000000000088,0.000832847285296059
0.02625,0.04625,0.005,6.25e-08,-0.102297,0.157984,-0.1024905,0.15881175,0.00019349999999999923,-0.0008277499999999882,0.0008500660636091646
0.02875,0.04625,0.005,6.25e-08,-0.115252,0.154623,-0.11556175,0.155426,0.0003097500000000114,-0.0008029999999999982,0.0008606707050318397
0.03125,0.04625,0.005,6.25e-08,-0.128067,0.149229,-0.12850875,0.14998275,0.0004417500000000185,-0.0007537499999999975,0.0008736601885172589
0.03375,0.04625,0.005,6.25e-08,-0.140672,0.141838,-0.14126,0.14251825,0.0005880000000000052,-0.0006802500000000211,0.00089915741808653
0.03625,0.04625,0.005,6.25e-08,-0.153,0.132449,-0.15374825,0.13303075,0.0007482500000000059,-0.000581749999999992,0.0009477927647961866
0.03875,0.04625,0.005,6.25e-08,-0.16498,0.121037,-0.1659005,0.12149575,0.0009205000000000185,-0.0004587499999999939,0.0010284803413289087
0.04125,0.04625,0.005,6.25e-08,-0.176531,0.107569,-0.17763425,0.10788075000000001,0.00110325,-0.0003117500000000134,0.0011464504459417373
0.04375,0.04625,0.005,6.25e-08,-0.187553,0.0920202,-0.18884774999999998,0.09215785,0.0012947499999999834,-0.00013765000000000305,0.0013020464987856454
0.04625,0.04625,0.005,6.25e-08,-0.197927,0.0743811,-0.19941699999999998,0.07431975,0.0014899999999999913,6.135000000000168e-05,0.0014912624928227675
0.04875,0.04625,0.005,6.25e-08,-0.207504,0.054677,-0.20918799999999999,0.054392075,0.001683999999999991,0.0002849250000000053,0.0017079339143025918
0.05125,0.04625,0.005,6.25e-08,-0.216102,0.03298,-0.21797075000000002,0.032449775,0.0018687500000000301,0.0005302250000000022,0.0019425151513244665
0.05375,0.04625,0.005,6.25e-08,-0.223502,0.00942622,-0.225537,0.0086341775,0.0020349999999999813,0.0007920425000000012,0.002183702434354593
0.05625,0.04625,0.005,6.25e-08,-0.229443,-0.0157659,-0.23161375,-0.01682745,0.002170749999999999,0.0010615500000000014,0.0024164113815739238
0.05875,0.04625,0.005,6.25e-08,-0.233626,-0.0422751,-0.2358855,-0.04360017499999996,0.0022594999999999976,0.0013250749999999603,0.0026193823710227732
0.06125,0.04625,0.005,6.25e-08,-0.235712,-0.0696556,-0.237996,-0.07121815000000001,0.0022840000000000082,0.0015625500000000098,0.002767348641299117
0.06375,0.04625,0.005,6.25e-08,-0.235333,-0.097315,-0.23756,-0.09906260000000008,0.0022270000000000068,0.0017476000000000852,0.002830836406435442
0.06625,0.04625,0.005,6.25e-08,-0.23211,-0.124495,-0.2341835,-0.12634200000000007,0.002073499999999978,0.0018470000000000708,0.002776834753815965
0.06875,0.04625,0.005,6.25e-08,-0.225679,-0.150262,-0.22749574999999997,-0.15208700000000008,0.001816749999999978,0.0018250000000000766,0.0025751127281150627
0.07125,0.04625,0.005,6.25e-08,-0.215735,-0.17351,-0.21719725000000004,-0.17515674999999994,0.001462250000000026,0.0016467499999999469,0.002202262614903114
0.07375,0.04625,0.005,6.25e-08,-0.202086,-0.192985,-0.20311925000000003,-0.19427899999999992,0.001033250000000041,0.001293999999999934,0.0016559110974022472
0.07625,0.04625,0.005,6.25e-08,-0.18472,-0.207353,-0.18529650000000006,-0.20812374999999994,0.0005765000000000631,0.0007707499999999312,0.0009625008116879521
0.07875,0.04625,0.005,6.25e-08,-0.163882,-0.215299,-0.16403874999999996,-0.21542050000000001,0.00015674999999995554,0.00012150000000002437,0.00019832501733264005
0.08125,0.04625,0.005,6.25e-08,-0.140138,-0.215678,-0.13998324999999992,-0.21511024999999998,-0.00015475000000009231,-0.0005677500000000335,0.0005884620845900496
0.08375,0.04625,0.005,6.25e-08,-0.114418,-0.207697,-0.11411624999999992,-0.20652124999999996,-0.00030175000000008667,-0.001175750000000031,0.0012138538318101258
0.08625,0.04625,0.005,6.25e-08,-0.0879998,-0.191109,-0.08773710000000008,-0.18952875000000005,-0.00026269999999992133,-0.0015802499999999498,0.0016019367504679452
0.08875,0.04625,0.005,6.25e-08,-0.0624411,-0.166362,-0.06236960000000007,-0.1646690000000001,-7.149999999993273e-05,-0.0016929999999999168,0.001694509147216299
0.09125,0.04625,0.005,6.25e-08,-0.0394017,-0.134658,-0.039615550000000055,-0.1331595000000001,0.00021385000000005705,-0.0014984999999999027,0.0015136822891544093
0.09375,0.04625,0.005,6.25e-08,-0.020425,-0.0978724,-0.02098985,-0.096820825,0.0005648500000000022,-0.001051574999999999,0.0011936773027602563
0.09625,0.04625,0.005,6.25e-08,-0.00703037,-0.0583357,-0.007767159999999971,-0.05789777499999989,0.0007367899999999707,-0.00043792500000010975,0.0008571101502870287
0.09875,0.04625,0.005,6.25e-08,-0.000965818,-0.0186229,-0.0008775704999999902,-0.018829124999999895,-8.824750000000978e-05,0.0002062249999998933,0.00022431311125569036
0.00125,0.04875,0.005,6.25e-08,-0.000561726,0.0225396,-0.00044468700000000003,0.021766475,-0.00011703899999999999,0.0007731249999999995,0.000781933752402337
0.00375,0.04875,0.005,6.25e-08,-0.00353086,0.0603169,-0.0037389199999999997,0.05987287499999999,0.00020805999999999993,0.0004440250000000076,0.0004903541212481105
0.00625,0.04875,0.005,6.25e-08,-0.00960651,0.0912826,-0.00971117,0.09114625,0.00010465999999999948,0.0001363500000000073,0.00017188670134714285
0.00875,0.04875,0.005,6.25e-08,-0.0178193,0.116067,-0.017792150000000003,0.11620100000000001,-2.714999999999662e-05,-0.0001340000000000091,0.0001367227943687601
0.01125,0.04875,0.005,6.25e-08,-0.0275742,0.135366,-0.027482725,0.13572900000000002,-9.147500000000058e-05,-0.00036300000000002997,0.0003743483346096545
0.01375,0.04875,0.005,6.25e-08,-0.0384757,0.149886,-0.038357925,0.1504335,-0.00011777500000000052,-0.0005475000000000063,0.0005600242857457229
0.01625,0.04875,0.005,6.25e-08,-0.0501815,0.160286,-0.05006675,0.1609775,-0.0001147499999999968,-0.0006914999999999838,0.0007009563556313452
0.01875,0.04875,0.005,6.25e-08,-0.0624114,0.16715,-0.062327725,0.1679475,-8.367499999999833e-05,-0.0007975000000000065,0.0008018776437992333
0.02125,0.04875,0.005,6.25e-08,-0.0749494,0.170965,-0.07492185000000001,0.17183274999999998,-2.7549999999987307e-05,-0.0008677499999999727,0.000868187229231087
0.02375,0.04875,0.005,6.25e-08,-0.0876331,0.17211,-0.087683075,0.17301725,4.9974999999993774e-05,-0.0009072499999999983,0.0009086253700645808
0.02625,0.04875,0.005,6.25e-08,-0.100342,0.170862,-0.100488525,0.17178175,0.00014652499999999458,-0.000919749999999997,0.0009313482904504592
0.02875,0.04875,0.005,6.25e-08,-0.112989,0.167408,-0.11324825000000001,0.1683135,0.00025925000000000253,-0.0009055000000000035,0.0009418815278473231
0.03125,0.04875,0.005,6.25e-08,-0.125507,0.161852,-0.12589475,0.16272,0.00038774999999999227,-0.0008680000000000077,0.0009506703227197151
0.03375,0.04875,0.005,6.25e-08,-0.137845,0.15424,-0.13837525,0.1550475,0.0005302500000000099,-0.0008075000000000165,0.0009660338050503394
0.03625,0.04875,0.005,6.25e-08,-0.149956,0.144571,-0.15064275,0.145293,0.000686749999999986,-0.0007220000000000004,0.000996448474583599
0.03875,0.04875,0.005,6.25e-08,-0.161791,0.132813,-0.16264775,0.1334265,0.0008567500000000172,-0.0006135000000000168,0.0010537565242977383
0.04125,0.04875,0.005,6.25e-08,-0.173293,0.118921,-0.1743325,0.11940124999999999,0.0010394999999999988,-0.00048024999999998763,0.0011450765531177318
0.04375,0.04875,0.005,6.25e-08,-0.184388,0.10285,-0.18562175,0.10316937500000001,0.0012337500000000057,-0.0003193750000000106,0.001274417299445131
0.04625,0.04875,0.005,6.25e-08,-0.194982,0.0845652,-0.19641850000000002,0.08469682499999999,0.001436500000000035,-0.00013162499999999633,0.001442517726277601
0.04875,0.04875,0.005,6.25e-08,-0.204951,0.0640602,-0.2065955,0.06397595,0.0016444999999999932,8.424999999999405e-05,0.0016466567075441004
0.05125,0.04875,0.005,6.25e-08,-0.214136,0.04137,-0.21598799999999999,0.041042524999999996,0.0018519999999999925,0.0003274750000000007,0.00188072961257725
0.05375,0.04875,0.005,6.25e-08,-0.222337,0.0165887,-0.22438775,0.0159931,0.00205074999999999,0.0005956000000000017,0.002135489387119487
0.05625,0.04875,0.005,6.25e-08,-0.229307,-0.0101109,-0.23153674999999999,-0.010993695,0.002229749999999975,0.0008827949999999987,0.00239814763401357
0.05875,0.04875,0.005,6.25e-08,-0.234748,-0.0384534,-0.2371205,-0.03963254999999996,0.0023724999999999996,0.0011791499999999622,0.0026493680326636214
0.06125,0.04875,0.005,6.25e-08,-0.238308,-0.0680356,-0.24076999999999998,-0.06950325,0.002461999999999992,0.001467650000000001,0.0028662589768721114
0.06375,0.04875,0.005,6.25e-08,-0.239586,-0.0982965,-0.24206275,-0.10002032500000008,0.00247675,0.0017238250000000815,0.0030175922841108407
0.06625,0.04875,0.005,6.25e-08,-0.238145,-0.128489,-0.24054000000000003,-0.13040350000000006,0.002395000000000036,0.001914500000000069,0.0030661596908837666
0.06875,0.04875,0.005,6.25e-08,-0.233534,-0.157657,-0.23573249999999996,-0.1596537500000001,0.0021984999999999644,0.0019967500000001026,0.002969917980769882
0.07125,0.04875,0.005,6.25e-08,-0.225326,-0.18462,-0.22720800000000002,-0.18654649999999992,0.0018820000000000225,0.0019264999999999144,0.002693200001856482
0.07375,0.04875,0.005,6.25e-08,-0.21318,-0.207987,-0.21463775000000004,-0.20965324999999996,0.0014577500000000354,0.0016662499999999525,0.0022139160157964312
0.07625,0.04875,0.005,6.25e-08,-0.196918,-0.226205,-0.19788150000000004,-0.22740374999999996,0.0009635000000000338,0.0011987499999999707,0.0015379641778988206
0.07875,0.04875,0.005,6.25e-08,-0.176617,-0.237658,-0.17708424999999994,-0.23820675000000002,0.0004672499999999469,0.0005487500000000145,0.0007207281907903744
0.08125,0.04875,0.005,6.25e-08,-0.15271,-0.24083,-0.15276499999999993,-0.24062675,5.499999999991623e-05,-0.00020324999999998816,0.00021056011611885565
0.08375,0.04875,0.005,6.25e-08,-0.126063,-0.234528,-0.12587074999999992,-0.23360274999999997,-0.00019225000000008818,-0.0009252500000000163,0.0009450119708236844
0.08625,0.04875,0.005,6.25e-08,-0.0979997,-0.218138,-0.09777195000000007,-0.21667775000000006,-0.0002277499999999294,-0.0014602499999999408,0.001477903963388621
0.08875,0.04875,0.005,6.25e-08,-0.0702471,-0.191856,-0.07017820000000008,-0.1901770000000001,-6.889999999992735e-05,-0.0016789999999999028,0.0016804131069471171
0.09125,0.04875,0.005,6.25e-08,-0.0447524,-0.156823,-0.044977700000000065,-0.1552840000000001,0.0002253000000000671,-0.0015389999999999016,0.0015554038350215442
0.09375,0.04875,0.005,6.25e-08,-0.0234135,-0.115071,-0.024029925,-0.113974,0.0006164250000000003,-0.0010970000000000008,0.001258327771538482
0.09625,0.04875,0.005,6.25e-08,-0.00814708,-0.0692665,-0.008961949999999967,-0.06880229999999987,0.0008148699999999676,-0.00046420000000012285,0.0009378138178231653
0.09875,0.04875,0.005,6.25e-08,-0.00114435,-0.022417,-0.0010207322499999887,-0.022602349999999872,-0.00012361775000001123,0.00018534999999987242,0.00022279131629176658
0.00125,0.05125,0.005,6.25e-08,-0.000541692,0.024333,-0.00043108450000000004,0.023481775000000003,-0.00011060749999999993,0.0008512249999999971,0.0008583810457374074
0.00375,0.05125,0.005,6.25e-08,-0.00342862,0.0650445,-0.0036333375,0.06453965,0.00020471750000000026,0.0005048500000000011,0.0005447777320212816
0.00625,0.05125,0.005,6.25e-08,-0.00935453,0.0983488,-0.0094514775,0.09817157500000001,9.694749999999974e-05,0.0001772249999999892,0.0002020087086767452
0.00875,0.05125,0.005,6.25e-08,-0.0173722,0.12494,-0.017331175000000004,0.1250535,-4.102499999999662e-05,-0.00011350000000001637,0.0001206867872842899
0.01125,0.05125,0.005,6.25e-08,-0.0268903,0.145585,-0.02677725,0.14594725,-0.00011304999999999996,-0.0003622500000000084,0.00037948038816255854
0.01375,0.05125,0.005,6.25e-08,-0.0375097,0.161062,-0.037363375000000004,0.16162875,-0.00014632499999999576,-0.000566749999999977,0.000585334577933828
0.01625,0.05125,0.005,6.25e-08,-0.0488843,0.172106,-0.048735375000000004,0.17283300000000001,-0.0001489249999999942,-0.0007270000000000054,0.0007420967966680668
0.01875,0.05125,0.005,6.25e-08,-0.0607325,0.179367,-0.060610075,0.180214,-0.0001224250000000024,-0.0008470000000000144,0.0008558018933287219
0.02125,0.05125,0.005,6.25e-08,-0.0728403,0.183391,-0.07276960000000002,0.18432075,-7.069999999997911e-05,-0.000929750000000007,0.0009324342081348206
0.02375,0.05125,0.005,6.25e-08,-0.0850509,0.184607,-0.085052875,0.18558724999999998,1.9750000000012813e-06,-0.000980249999999988,0.000980251989605212
0.02625,0.05125,0.005,6.25e-08,-0.0972535,0.183333,-0.09734595000000001,0.184334,9.24500000000078e-05,-0.0010010000000000019,0.0010052601665738105
0.02875,0.05125,0.005,6.25e-08,-0.109373,0.179781,-0.1095715,0.18077824999999997,0.00019850000000000423,-0.0009972499999999773,0.0010168135583773243
0.03125,0.05125,0.005,6.25e-08,-0.121361,0.174078,-0.12167874999999999,0.17504799999999998,0.00031774999999999165,-0.0009699999999999709,0.0010207179152439416
0.03375,0.05125,0.005,6.25e-08,-0.133184,0.166279,-0.133635,0.16719925000000002,0.00045100000000000695,-0.0009202500000000113,0.0010248224541353624
0.03625,0.05125,0.005,6.25e-08,-0.144818,0.156386,-0.14541575,0.1572345,0.000597750000000008,-0.000848500000000002,0.0010379100695628756
0.03875,0.05125,0.005,6.25e-08,-0.15624,0.144364,-0.156997,0.145118,0.0007570000000000077,-0.0007540000000000047,0.0010684404522480504
0.04125,0.05125,0.005,6.25e-08,-0.167419,0.130156,-0.16834949999999999,0.1307915,0.000930499999999973,-0.0006355000000000111,0.001126805440171445
0.04375,0.05125,0.005,6.25e-08,-0.178311,0.113699,-0.17942925,0.1141895,0.001118250000000015,-0.0004905000000000048,0.001221095128358163
0.04625,0.05125,0.005,6.25e-08,-0.188853,0.0949333,-0.19017075000000003,0.0952513,0.0013177500000000342,-0.00031799999999999884,0.0013555770219725951
0.04875,0.05125,0.005,6.25e-08,-0.198953,0.0738205,-0.20048100000000002,0.07393645,0.0015280000000000293,-0.00011595000000000355,0.0015323930313402272
0.05125,0.05125,0.005,6.25e-08,-0.208484,0.0503564,-0.21022924999999998,0.0502395,0.001745249999999976,0.00011690000000000311,0.0017491607051668856
0.05375,0.05125,0.005,6.25e-08,-0.217276,0.0245886,-0.21923974999999998,0.024208125,0.0019637499999999863,0.0003804749999999982,0.002000268803967343
0.05625,0.05125,0.005,6.25e-08,-0.225107,-0.00336303,-0.22728125,-0.004035571,0.0021742499999999887,0.000672541,0.0022758898170124474
0.05875,0.05125,0.005,6.25e-08,-0.231695,-0.033282,-0.23405875,-0.03426847499999996,0.002363749999999998,0.000986474999999959,0.0025613369532579873
0.06125,0.05125,0.005,6.25e-08,-0.236694,-0.0648236,-0.2392075,-0.066134775,0.002513500000000002,0.0013111750000000116,0.002834936001151532
0.06375,0.05125,0.005,6.25e-08,-0.239687,-0.0974822,-0.24228950000000005,-0.0991083500000001,0.0026025000000000353,0.00162615000000009,0.0030687733823957213
0.06625,0.05125,0.005,6.25e-08,-0.240194,-0.130551,-0.24279775,-0.13245200000000007,0.0026037500000000158,0.0019010000000000693,0.0032238664771513637
0.06875,0.05125,0.005,6.25e-08,-0.237689,-0.163086,-0.24017874999999997,-0.1651767500000001,0.0024897499999999573,0.0020907500000000856,0.0032511675787323152
0.07125,0.05125,0.005,6.25e-08,-0.23163,-0.193869,-0.23387125,-0.19601349999999992,0.00224125,0.0021444999999999104,0.0031019480673440706
0.07375,0.05125,0.005,6.25e-08,-0.221518,-0.221402,-0.22337300000000004,-0.2234074999999999,0.001855000000000051,0.00200549999999991,0.002731859302745994
0.07625,0.05125,0.005,6.25e-08,-0.20698,-0.243931,-0.20833650000000004,-0.24556299999999995,0.0013565000000000382,0.001631999999999939,0.002122148969794511
0.07875,0.05125,0.005,6.25e-08,-0.187884,-0.259529,-0.18868874999999993,-0.26055000000000006,0.0008047499999999375,0.0010210000000000496,0.0013000244468855196
0.08125,0.05125,0.005,6.25e-08,-0.164465,-0.266262,-0.16476224999999992,-0.26649675,0.00029724999999991564,0.0002347500000000058,0.0003787679038672001
0.08375,0.05125,0.005,6.25e-08,-0.137452,-0.262447,-0.1373932499999999,-0.26185425,-5.875000000007957e-05,-0.0005927499999999752,0.0005956543670619565
0.08625,0.05125,0.005,6.25e-08,-0.108147,-0.246975,-0.10796375000000008,-0.24570350000000007,-0.00018324999999991265,-0.0012714999999999255,0.001284637229921264
0.08875,0.05125,0.005,6.25e-08,-0.0784107,-0.21965,-0.07834367500000007,-0.2180295000000001,-6.702499999992895e-05,-0.0016204999999999137,0.0016218855078656788
0.09125,0.05125,0.005,6.25e-08,-0.0504862,-0.181434,-0.050720600000000074,-0.17987975000000012,0.00023440000000007205,-0.001554249999999896,0.001571825824479198
0.09375,0.05125,0.005,6.25e-08,-0.0266791,-0.134459,-0.027350275,-0.1333355,0.0006711749999999995,-0.0011234999999999995,0.0013087123941588536
0.09625,0.05125,0.005,6.25e-08,-0.00938991,-0.0817512,-0.010288189999999961,-0.08127319999999985,0.0008982799999999614,-0.000478000000000145,0.0010175416248980034
0.09875,0.05125,0.005,6.25e-08,-0.00134842,-0.0268144,-0.001181948499999987,-0.02696874999999985,-0.00016647150000001281,0.00015434999999985183,0.0002270169218631257
0.00125,0.05375,0.005,6.25e-08,-0.000518633,0.0260657,-0.00041525550000000007,0.0251406,-0.00010337749999999994,0.0009251000000000016,0.0009308581618626186
0.00375,0.05375,0.005,6.25e-08,-0.00330936,0.0696339,-0.0035095574999999997,0.06906699999999999,0.00020019749999999979,0.0005669000000000091,0.0006012109854337828
0.00625,0.05375,0.005,6.25e-08,-0.0090556,0.105219,-0.009142980000000002,0.10499675,8.738000000000148e-05,0.00022224999999999329,0.00023881023198346689
0.00875,0.05375,0.005,6.25e-08,-0.0168309,0.133565,-0.0167739,0.133653,-5.6999999999998024e-05,-8.800000000000474e-05,0.0001048475083156515
0.01125,0.05375,0.005,6.25e-08,-0.0260444,0.1555,-0.025907975,0.1558585,-0.00013642499999999905,-0.0003585000000000116,0.0003835805399456652
0.01375,0.05375,0.005,6.25e-08,-0.03629,0.171877,-0.036114175,0.17245875000000002,-0.00017582500000000445,-0.0005817500000000198,0.0006077396590029521
0.01625,0.05375,0.005,6.25e-08,-0.0472165,0.183503,-0.04703335,0.184262,-0.00018314999999999998,-0.0007590000000000097,0.000780784811904032
0.01875,0.05375,0.005,6.25e-08,-0.0585407,0.1911,-0.0583799,0.19199225,-0.0001608000000000026,-0.0008922500000000111,0.0009066237932571705
0.02125,0.05375,0.005,6.25e-08,-0.0700508,0.195277,-0.06993742500000001,0.19626174999999998,-0.00011337499999998502,-0.0009847499999999787,0.0009912549889533745
0.02375,0.05375,0.005,6.25e-08,-0.0815973,0.196516,-0.081550925,0.19755925,-4.6375000000001276e-05,-0.0010432499999999956,0.0010442802320857131
0.02625,0.05375,0.005,6.25e-08,-0.0930807,0.195178,-0.09311692499999999,0.19624899999999998,3.622499999998696e-05,-0.0010709999999999886,0.0010716124535600428
0.02875,0.05375,0.005,6.25e-08,-0.104441,0.191508,-0.10457274999999999,0.19258200000000003,0.00013174999999998604,-0.0010740000000000194,0.0010820508594793677
0.03125,0.05375,0.005,6.25e-08,-0.115648,0.185655,-0.11588625,0.18670974999999998,0.0002382499999999954,-0.0010547499999999932,0.0010813235524115728
0.03375,0.05375,0.005,6.25e-08,-0.126689,0.177689,-0.12704600000000002,0.17870350000000002,0.00035700000000002396,-0.0010145000000000015,0.0010754809389291937
0.03625,0.05375,0.005,6.25e-08,-0.137566,0.167618,-0.13805299999999998,0.16857125,0.00048699999999998744,-0.0009532500000000166,0.0010704459643064751
0.03875,0.05375,0.005,6.25e-08,-0.148282,0.155404,-0.14891125,0.15627625,0.0006292499999999979,-0.0008722500000000188,0.0010755350412701718
0.04125,0.05375,0.005,6.25e-08,-0.158837,0.140983,-0.15962199999999999,0.14175149999999997,0.0007849999999999802,-0.0007684999999999775,0.001098552342858516
0.04375,0.05375,0.005,6.25e-08,-0.16922,0.124275,-0.17017549999999998,0.1249155,0.0009554999999999703,-0.0006405000000000022,0.0011503132182149112
0.04625,0.05375,0.005,6.25e-08,-0.179403,0.105198,-0.180544,0.10568374999999999,0.0011410000000000031,-0.00048574999999999313,0.0012400943764488252
0.04875,0.05375,0.005,6.25e-08,-0.189331,0.0836819,-0.19067225,0.08398455,0.0013412499999999883,-0.00030265000000000153,0.0013749722124464805
0.05125,0.05375,0.005,6.25e-08,-0.198917,0.0596841,-0.20047225000000002,0.059771624999999995,0.001555250000000008,-8.752499999999802e-05,0.001557710880787903
0.05375,0.05375,0.005,6.25e-08,-0.20803,0.0332034,-0.20980925,0.033041975,0.00177925000000001,0.00016142499999999976,0.0017865577497313194
0.05625,0.05375,0.005,6.25e-08,-0.216485,0.0043014,-0.218493,0.0038566272500000004,0.002007999999999982,0.00044477275,0.0020566688598659946
0.05875,0.05375,0.005,6.25e-08,-0.224035,-0.0268727,-0.22626425000000003,-0.027633124999999953,0.002229250000000016,0.0007604249999999535,0.002355377197632048
0.06125,0.05375,0.005,6.25e-08,-0.230352,-0.0600492,-0.23278275,-0.061151750000000005,0.0024307500000000093,0.0011025500000000077,0.0026691125987863573
0.06375,0.05375,0.005,6.25e-08,-0.235027,-0.0947995,-0.23761675000000002,-0.0962570750000001,0.0025897500000000018,0.0014575750000000998,0.00297175536394322
0.06625,0.05375,0.005,6.25e-08,-0.237562,-0.130489,-0.24023825000000001,-0.13228950000000012,0.002676250000000019,0.0018005000000001214,0.00322554093331654
0.06875,0.05375,0.005,6.25e-08,-0.237374,-0.166223,-0.24003199999999997,-0.1683140000000001,0.002657999999999966,0.002091000000000093,0.0033818996141222473
0.07125,0.05375,0.005,6.25e-08,-0.23382,-0.200794,-0.23632375,-0.20306774999999994,0.002503749999999999,0.0022737499999999355,0.003382115185057969
0.07375,0.05375,0.005,6.25e-08,-0.226249,-0.232644,-0.22843875000000005,-0.23492199999999994,0.002189750000000046,0.0022779999999999467,0.003159792566372033
0.07625,0.05375,0.005,6.25e-08,-0.214078,-0.259852,-0.21580150000000006,-0.26189024999999994,0.0017235000000000722,0.002038249999999908,0.002669253699538482
0.07875,0.05375,0.005,6.25e-08,-0.196925,-0.280197,-0.19807424999999992,-0.28171075000000007,0.001149249999999935,0.0015137500000000914,0.0019005827066981662
0.08125,0.05375,0.005,6.25e-08,-0.174762,-0.291297,-0.17532574999999992,-0.29203125,0.0005637499999999185,0.0007342500000000474,0.0009257089850487451
0.08375,0.05375,0.005,6.25e-08,-0.148096,-0.290894,-0.14819274999999993,-0.29071549999999996,9.674999999992329e-05,-0.00017850000000002586,0.0002030340180856262
0.08625,0.05375,0.005,6.25e-08,-0.118116,-0.277242,-0.11798625000000008,-0.27623375000000006,-0.00012974999999991466,-0.0010082499999999328,0.0010165643732690235
0.08875,0.05375,0.005,6.25e-08,-0.0867503,-0.249573,-0.08668232500000009,-0.2480595000000001,-6.797499999991463e-05,-0.00151349999999989,0.001515025693057598
0.09125,0.05375,0.005,6.25e-08,-0.0565218,-0.208498,-0.056763375000000074,-0.20695750000000013,0.00024157500000007714,-0.0015404999999998614,0.0015593263707847085
0.09375,0.05375,0.005,6.25e-08,-0.0301956,-0.15615,-0.03092795,-0.15502625,0.0007323499999999997,-0.0011237500000000067,0.001341324190865137
0.09625,0.05375,0.005,6.25e-08,-0.0107529,-0.0959201,-0.011744674999999956,-0.09545084999999984,0.000991774999999957,-0.00046925000000015704,0.0010971842202315261
0.09875,0.05375,0.005,6.25e-08,-0.00157662,-0.0318811,-0.0013619192499999852,-0.03199682499999982,-0.00021470075000001474,0.00011572499999981667,0.00024390302924631008
0.00125,0.05625,0.005,6.25e-08,-0.000495241,0.0277317,-0.00039906,0.02673785,-9.618099999999998e-05,0.000993850000000001,0.000998493168359705
0.00375,0.05625,0.005,6.25e-08,-0.0031878,0.0740696,-0.0033822575,0.07343992499999999,0.0001944574999999996,0.0006296750000000101,0.0006590176969788159
0.00625,0.05625,0.005,6.25e-08,-0.00874551,0.111865,-0.008820660000000001,0.11159400000000001,7.515000000000126e-05,0.00027099999999999347,0.00028122681682228785
0.00875,0.05625,0.005,6.25e-08,-0.0162539,0.141893,-0.016178,0.141953,-7.590000000000027e-05,-6.0000000000004494e-05,9.675127906131568e-05
0.01125,0.05625,0.005,6.25e-08,-0.0251152,0.165042,-0.024953125,0.1653925,-0.0001620750000000011,-0.0003505000000000036,0.00038615871817816423
0.01375,0.05625,0.005,6.25e-08,-0.0349108,0.182232,-0.0347048,0.18282700000000002,-0.00020599999999999785,-0.0005950000000000122,0.0006296514909058928
0.01625,0.05625,0.005,6.25e-08,-0.0452817,0.194351,-0.0450657,0.19513875,-0.0002160000000000009,-0.0007877500000000037,0.000816826825281838
0.01875,0.05625,0.005,6.25e-08,-0.0559429,0.202195,-0.055746925,0.20312775,-0.00019597499999999407,-0.0009327499999999822,0.0009531152937210506
0.02125,0.05625,0.005,6.25e-08,-0.0666868,0.206441,-0.0665345,0.20747425,-0.00015230000000000798,-0.0010332499999999856,0.001044414119255371
0.02375,0.05625,0.005,6.25e-08,-0.0773732,0.207631,-0.077281675,0.2087265,-9.152500000000896e-05,-0.0010954999999999993,0.0010993166402929594
0.02625,0.05625,0.005,6.25e-08,-0.0879166,0.206169,-0.087898175,0.20729674999999997,-1.8425000000002467e-05,-0.001127749999999983,0.0011279005023161225
0.02875,0.05625,0.005,6.25e-08,-0.098275,0.20234,-0.09833882499999999,0.203474,6.382499999998958e-05,-0.0011339999999999961,0.0011357947132404648
0.03125,0.05625,0.005,6.25e-08,-0.108439,0.196318,-0.10859250000000001,0.19743625,0.00015350000000001474,-0.001118250000000015,0.0011287361571687329
0.03375,0.05625,0.005,6.25e-08,-0.11842,0.18819,-0.118672,0.18927325,0.0002520000000000022,-0.0010832500000000078,0.0011121755987702742
0.03625,0.05625,0.005,6.25e-08,-0.128246,0.177971,-0.12860575,0.1790025,0.000359749999999992,-0.0010315000000000185,0.0010924341227277882
0.03875,0.05625,0.005,6.25e-08,-0.137949,0.165627,-0.13842749999999998,0.16658799999999999,0.0004784999999999928,-0.0009609999999999896,0.0010735377263980867
0.04125,0.05625,0.005,6.25e-08,-0.147562,0.151086,-0.1481715,0.15195799999999998,0.0006095000000000128,-0.0008719999999999839,0.0010638957890695814
0.04375,0.05625,0.005,6.25e-08,-0.157109,0.134256,-0.15786475,0.1350175,0.0007557499999999995,-0.000761500000000026,0.0010728654680341048
0.04625,0.05625,0.005,6.25e-08,-0.1666,0.115036,-0.16751775,0.11566225,0.000917749999999995,-0.0006262499999999949,0.001111059910625878
0.04875,0.05625,0.005,6.25e-08,-0.176022,0.0933271,-0.17712075,0.09379145,0.0010987499999999817,-0.00046435000000000226,0.0011928421878018743
0.05125,0.05625,0.005,6.25e-08,-0.185333,0.0690484,-0.1866305,0.06932055,0.001297500000000007,-0.0002721499999999988,0.0013257344653059366
0.05375,0.05625,0.005,6.25e-08,-0.194449,0.0421509,-0.19596275,0.042197174999999996,0.0015137499999999804,-4.62749999999984e-05,0.0015144571430466235
0.05625,0.05625,0.005,6.25e-08,-0.203234,0.0126361,-0.20497800000000002,0.01241977,0.0017440000000000233,0.0002163300000000007,0.0017573658324037376
0.05875,0.05625,0.005,6.25e-08,-0.211483,-0.0194193,-0.21346725,-0.019937424999999953,0.001984249999999993,0.0005181249999999527,0.002050780724047533
0.06125,0.05625,0.005,6.25e-08,-0.218914,-0.0538324,-0.221134,-0.05469065,0.0022199999999999998,0.0008582499999999979,0.0023801245897011347
0.06375,0.05625,0.005,6.25e-08,-0.225144,-0.0902718,-0.22757850000000002,-0.09150207500000011,0.002434500000000006,0.001230275000000114,0.0027277035809679375
0.06625,0.05625,0.005,6.25e-08,-0.22968,-0.128203,-0.23228175,-0.1298217500000001,0.0026017500000000138,0.0016187500000000854,0.003064221699714358
0.06875,0.05625,0.005,6.25e-08,-0.231914,-0.166825,-0.234598,-0.1688152500000001,0.002683999999999992,0.00199025000000011,0.0033413995664242843
0.07125,0.05625,0.005,6.25e-08,-0.231131,-0.204992,-0.23377,-0.20728599999999991,0.0026390000000000025,0.0022939999999999072,0.0034966779948973838
0.07375,0.05625,0.005,6.25e-08,-0.226541,-0.241146,-0.22897075000000003,-0.2435992499999999,0.002429750000000036,0.002453249999999907,0.0034528423979382143
0.07625,0.05625,0.005,6.25e-08,-0.217357,-0.273263,-0.21939175000000005,-0.2756419999999999,0.0020347500000000573,0.002378999999999909,0.0031304709809387788
0.07875,0.05625,0.005,6.25e-08,-0.202918,-0.298865,-0.20439499999999994,-0.30085700000000004,0.0014769999999999506,0.0019920000000000493,0.0024798372930496973
0.08125,0.05625,0.005,6.25e-08,-0.182875,-0.315127,-0.18371399999999993,-0.31639925,0.0008389999999999231,0.0012722500000000303,0.0015239885375224933
0.08375,0.05625,0.005,6.25e-08,-0.157415,-0.319148,-0.15768274999999993,-0.31945775,0.00026774999999992777,0.00030974999999999753,0.00040943268677520094
0.08625,0.05625,0.005,6.25e-08,-0.127503,-0.308398,-0.12742950000000008,-0.30772850000000007,-7.349999999992085e-05,-0.000669499999999934,0.0006735224569380743
0.08875,0.05625,0.005,6.25e-08,-0.0950285,-0.281319,-0.09495057500000009,-0.27996375000000007,-7.792499999990932e-05,-0.001355249999999919,0.0013574884412490466
0.09125,0.05625,0.005,6.25e-08,-0.0627473,-0.237937,-0.06299020000000008,-0.23643650000000016,0.0002429000000000736,-0.0015004999999998492,0.0015200331114813201
0.09375,0.05625,0.005,6.25e-08,-0.0339212,-0.180217,-0.034724624999999995,-0.17912024999999998,0.0008034249999999965,-0.0010967500000000074,0.0013595412068506826
0.09625,0.05625,0.005,6.25e-08,-0.0122207,-0.111886,-0.013325849999999953,-0.1114627499999998,0.001105149999999954,-0.0004232500000001943,0.00118342599472889
0.09875,0.05625,0.005,6.25e-08,-0.0018209,-0.037675,-0.001561001499999983,-0.03775602499999979,-0.00025989850000001703,8.102499999979029e-05,0.00027223570839848485
0.00125,0.05875,0.005,6.25e-08,-0.000475185,0.0293339,-0.00038500725,0.02827665,-9.017774999999997e-05,0.0010572499999999992,0.0010610888695557319
0.00375,0.05875,0.005,6.25e-08,-0.00308388,0.0783567,-0.00327125,0.07766382499999999,0.00018736999999999964,0.0006928750000000095,0.0007177626923468599
0.00625,0.05875,0.005,6.25e-08,-0.00847236,0.118283,-0.0085315825,0.11796075,5.922250000000087e-05,0.00032224999999999615,0.000327646710659893
0.00875,0.05875,0.005,6.25e-08,-0.0157199,0.149902,-0.015620500000000004,0.149932,-9.939999999999428e-05,-3.0000000000002247e-05,0.00010382851246164995
0.01125,0.05875,0.005,6.25e-08,-0.0242076,0.174156,-0.024017049999999998,0.17450124999999997,-0.00019055000000000114,-0.00034524999999996364,0.00039434358749696353
0.01375,0.05875,0.005,6.25e-08,-0.0334967,0.192042,-0.033260825,0.19265149999999998,-0.0002358749999999965,-0.000609499999999985,0.0006535497422729047
0.01625,0.05875,0.005,6.25e-08,-0.0432172,0.20453,-0.042971850000000006,0.20534724999999998,-0.0002453499999999914,-0.0008172499999999916,0.000853284351784317
0.01875,0.05875,0.005,6.25e-08,-0.0530824,0.212499,-0.05285727500000001,0.21346974999999996,-0.0002251249999999927,-0.0009707499999999647,0.0009965123321489444
0.02125,0.05875,0.005,6.25e-08,-0.0628918,0.216701,-0.06270805000000002,0.21777525,-0.00018374999999998254,-0.0010742499999999988,0.0010898518821381147
0.02375,0.05875,0.005,6.25e-08,-0.0725186,0.21774,-0.07238925000000002,0.21887625,-0.00012934999999998642,-0.0011362500000000053,0.001143588861873011
0.02625,0.05875,0.005,6.25e-08,-0.0818959,0.216073,-0.08182825000000002,0.21723925,-6.764999999997467e-05,-0.0011662500000000076,0.0011682104198302693
0.02875,0.05875,0.005,6.25e-08,-0.0910032,0.212023,-0.09100160000000002,0.21319349999999998,-1.599999999990498e-06,-0.001170499999999991,0.0011705010935492452
0.03125,0.05875,0.005,6.25e-08,-0.0998551,0.205793,-0.09992290000000002,0.20694825,6.780000000002062e-05,-0.0011552499999999966,0.0011572378331613578
0.03375,0.05875,0.005,6.25e-08,-0.108491,0.19749,-0.10863275000000003,0.19861349999999997,0.0001417500000000238,-0.0011234999999999717,0.001132406867031432
0.03625,0.05875,0.005,6.25e-08,-0.116965,0.18714,-0.11718825000000001,0.18821775,0.00022325000000000816,-0.0010777499999999884,0.0011006296493371323
0.03875,0.05875,0.005,6.25e-08,-0.125343,0.174714,-0.12565525000000002,0.17573075,0.0003122500000000139,-0.001016749999999983,0.0010636167660393353
0.04125,0.05875,0.005,6.25e-08,-0.133689,0.160137,-0.13410300000000003,0.16107724999999998,0.00041400000000002546,-0.0009402499999999758,0.001027358779833012
0.04375,0.05875,0.005,6.25e-08,-0.142065,0.143307,-0.142595,0.14415324999999998,0.0005300000000000027,-0.0008462499999999928,0.0009985184337306901
0.04625,0.05875,0.005,6.25e-08,-0.15052,0.124105,-0.15118375,0.12483699999999999,0.0006637500000000185,-0.0007319999999999965,0.0009881235056914796
0.04875,0.05875,0.005,6.25e-08,-0.159087,0.102411,-0.15990300000000002,0.10300329999999999,0.0008160000000000112,-0.0005922999999999901,0.001008303173653642
0.05125,0.05875,0.005,6.25e-08,-0.167769,0.0781074,-0.16876000000000002,0.07853379999999999,0.0009910000000000196,-0.00042639999999999345,0.0010788410262870213
0.05375,0.05875,0.005,6.25e-08,-0.176536,0.051101,-0.17772425000000003,0.05132979999999999,0.0011882500000000296,-0.00022879999999998735,0.001210077477891422
0.05625,0.05875,0.005,6.25e-08,-0.185307,0.0213341,-0.18671425000000003,0.02132937499999999,0.0014072500000000265,4.7250000000109704e-06,0.0014072579323368814
0.05875,0.05875,0.005,6.25e-08,-0.193935,-0.0111917,-0.195583,-0.011470769999999965,0.0016480000000000106,0.0002790699999999646,0.0016714616552287447
0.06125,0.05875,0.005,6.25e-08,-0.202193,-0.0463861,-0.20409500000000003,-0.04698442500000001,0.0019020000000000148,0.0005983250000000107,0.0019938898679779356
0.06375,0.05875,0.005,6.25e-08,-0.20975,-0.0840285,-0.21190575000000006,-0.08499200000000011,0.0021557500000000673,0.0009635000000001032,0.0023612687929374936
0.06625,0.05875,0.005,6.25e-08,-0.216148,-0.123711,-0.21853525000000004,-0.12507925000000014,0.002387250000000035,0.0013682500000001402,0.002751557854198336
0.06875,0.05875,0.005,6.25e-08,-0.220788,-0.164762,-0.22334900000000005,-0.1665565000000001,0.0025610000000000355,0.0017945000000001154,0.0031271314730916887
0.07125,0.05875,0.005,6.25e-08,-0.222916,-0.206158,-0.22554725,-0.20835524999999988,0.0026312500000000016,0.002197249999999873,0.0034280291896364376
0.07375,0.05875,0.005,6.25e-08,-0.221641,-0.246411,-0.22418700000000003,-0.24891674999999988,0.0025460000000000205,0.00250574999999989,0.0035722400622717884
0.07625,0.05875,0.005,6.25e-08,-0.21599,-0.283476,-0.21824975000000002,-0.2860922499999998,0.0022597500000000326,0.00261624999999982,0.003457055701749569
0.07875,0.05875,0.005,6.25e-08,-0.20502,-0.314693,-0.20678174999999996,-0.31710675000000005,0.0017617499999999509,0.002413750000000048,0.0029883025491071113
0.08125,0.05875,0.005,6.25e-08,-0.188013,-0.336833,-0.18912074999999992,-0.338651,0.0011077499999999074,0.0018179999999999863,0.0021289044277514537
0.08375,0.05875,0.005,6.25e-08,-0.164748,-0.346324,-0.1651912499999999,-0.34718374999999996,0.0004432499999998951,0.000859749999999937,0.0009672851828699738
0.08625,0.05875,0.005,6.25e-08,-0.135825,-0.33972,-0.1358020000000001,-0.33946425,-2.299999999991198e-05,-0.00025574999999999903,0.00025678213041408366
0.08875,0.05875,0.005,6.25e-08,-0.102954,-0.314428,-0.10284197500000009,-0.31327625000000003,-0.00011202499999991844,-0.0011517499999999514,0.0011571852328494648
0.09125,0.05875,0.005,6.25e-08,-0.0690236,-0.26957,-0.06924750000000007,-0.2681220000000001,0.0002239000000000685,-0.0014479999999998938,0.0014652082479974385
0.09375,0.05875,0.005,6.25e-08,-0.0378049,-0.206678,-0.038685075,-0.20563224999999996,0.0008801749999999969,-0.0010457500000000397,0.0013668581100922939
0.09625,0.05875,0.005,6.25e-08,-0.0137663,-0.12974,-0.015021424999999946,-0.12941674999999975,0.0012551249999999455,-0.00032325000000024695,0.0012960822999042241
0.09875,0.05875,0.005,6.25e-08,-0.00205097,-0.0442245,-0.0017792007499999802,-0.044315074999999746,-0.00027176925000001986,9.057499999974572e-05,0.00028646527864739077
0.00125,0.06125,0.005,6.25e-08,-0.000463426,0.0308872,-0.00037644999999999996,0.029771300000000004,-8.697600000000006e-05,0.001115899999999996,0.0011192844297031883
0.00375,0.06125,0.005,6.25e-08,-0.00302421,0.0825272,-0.003202885,0.08177129999999999,0.0001786750000000001,0.0007559000000000038,0.0007767300468148543
0.00625,0.06125,0.005,6.25e-08,-0.00829972,0.124501,-0.008337907500000002,0.12412850000000002,3.818750000000176e-05,0.00037249999999998396,0.0003744523135944525
0.00875,0.06125,0.005,6.25e-08,-0.015331,0.1576,-0.015202225000000003,0.15760325000000003,-0.0001287749999999959,-3.2500000000379448e-06,0.00012881600492562712
0.01125,0.06125,0.005,6.25e-08,-0.023457,0.182819,-0.02323475,0.18316300000000002,-0.00022225000000000023,-0.00034400000000001096,0.000409549829080672
0.01375,0.06125,0.005,6.25e-08,-0.0322073,0.201241,-0.03194275,0.20187075,-0.0002645500000000023,-0.0006297499999999845,0.0006830605866246285
0.01625,0.06125,0.005,6.25e-08,-0.041197,0.213932,-0.04092825,0.21478225,-0.00026874999999999816,-0.0008502499999999968,0.000891712748030437
0.01875,0.06125,0.005,6.25e-08,-0.0501395,0.221864,-0.049894875,0.2228715,-0.0002446249999999983,-0.0010074999999999945,0.001036772704417409
0.02125,0.06125,0.005,6.25e-08,-0.0588464,0.225871,-0.058642650000000004,0.22698000000000002,-0.0002037499999999956,-0.0011090000000000266,0.0011275615559693658
0.02375,0.06125,0.005,6.25e-08,-0.0672109,0.226628,-0.0670549,0.22779225,-0.00015600000000000336,-0.0011642500000000056,0.0011746548695255189
0.02625,0.06125,0.005,6.25e-08,-0.0751908,0.224648,-0.075083275,0.22583325,-0.0001075249999999972,-0.0011852500000000266,0.0011901173001536707
0.02875,0.06125,0.005,6.25e-08,-0.0827932,0.220294,-0.08273217499999999,0.22147575,-6.102500000000621e-05,-0.0011817500000000092,0.0011833246017577013
0.03125,0.06125,0.005,6.25e-08,-0.0900615,0.2138,-0.09004525,0.21496300000000002,-1.6250000000009313e-05,-0.0011630000000000251,0.0011631135208998555
0.03375,0.06125,0.005,6.25e-08,-0.0970646,0.205295,-0.097093925,0.20642525,2.9324999999996715e-05,-0.0011302499999999993,0.0011306303631713585
0.03625,0.06125,0.005,6.25e-08,-0.103889,0.194818,-0.10396775000000001,0.195907,7.875000000001631e-05,-0.0010890000000000066,0.0010918436529558694
0.03875,0.06125,0.005,6.25e-08,-0.110629,0.182346,-0.11076625000000001,0.183382,0.00013725000000000542,-0.0010359999999999814,0.0010450519424889668
0.04125,0.06125,0.005,6.25e-08,-0.117387,0.167804,-0.11759275000000001,0.16877599999999998,0.00020575000000000454,-0.0009719999999999729,0.000993537650267945
0.04375,0.06125,0.005,6.25e-08,-0.12426,0.151084,-0.124549,0.151978,0.00028900000000001147,-0.0008940000000000059,0.0009395514887434414
0.04625,0.06125,0.005,6.25e-08,-0.131337,0.132055,-0.13172775,0.13285375,0.00039074999999999527,-0.000798749999999987,0.0008892058957294287
0.04875,0.06125,0.005,6.25e-08,-0.138695,0.110575,-0.139207,0.11125750000000001,0.0005119999999999847,-0.0006825000000000025,0.0008532000058602834
0.05125,0.06125,0.005,6.25e-08,-0.146387,0.086498,-0.14704374999999997,0.08704165000000001,0.0006567499999999837,-0.0005436500000000066,0.0008525701642680126
0.05375,0.06125,0.005,6.25e-08,-0.154435,0.0596899,-0.15526325,0.0600671,0.0008282500000000026,-0.00037720000000000115,0.0009100977433770535
0.05625,0.06125,0.005,6.25e-08,-0.162819,0.0300386,-0.16384549999999998,0.030216825,0.0010264999999999858,-0.0001782250000000006,0.0010418571882100593
0.05875,0.06125,0.005,6.25e-08,-0.171456,-0.0025264,-0.17271124999999998,-0.0025861724999999523,0.0012552499999999855,5.97724999999525e-05,0.0012566723177726993
0.06125,0.06125,0.005,6.25e-08,-0.18019,-0.0380086,-0.1816995,-0.038352300000000006,0.0015095000000000247,0.0003437000000000093,0.0015481343417158865
0.06375,0.06125,0.005,6.25e-08,-0.188759,-0.0763049,-0.19053975000000004,-0.07698585000000012,0.0017807500000000254,0.0006809500000001245,0.001906505563852427
0.06625,0.06125,0.005,6.25e-08,-0.196768,-0.117151,-0.19882325000000003,-0.11822575000000012,0.002055250000000036,0.0010747500000001103,0.0023192973343235633
0.06875,0.06125,0.005,6.25e-08,-0.203661,-0.16004,-0.20596425000000002,-0.16156025000000013,0.0023032500000000067,0.0015202500000001395,0.002759731984269569
0.07125,0.06125,0.005,6.25e-08,-0.208694,-0.20412,-0.2111745,-0.20610924999999988,0.0024804999999999966,0.001989249999999887,0.003179621960626693
0.07375,0.06125,0.005,6.25e-08,-0.210924,-0.248053,-0.21344875,-0.2504774999999999,0.0025247499999999923,0.002424499999999913,0.003500366096924654
0.07625,0.06125,0.005,6.25e-08,-0.209231,-0.289872,-0.2116035,-0.2925939999999999,0.0023724999999999996,0.002721999999999891,0.0036108226555730213
0.07875,0.06125,0.005,6.25e-08,-0.202412,-0.326844,-0.20438799999999996,-0.32958325000000005,0.00197599999999995,0.0027392500000000264,0.0033775829467978945
0.08125,0.06125,0.005,6.25e-08,-0.189359,-0.355424,-0.19070899999999996,-0.35775825000000006,0.0013499999999999623,0.0023342500000000377,0.0026965205473906692
0.08375,0.06125,0.005,6.25e-08,-0.169366,-0.371393,-0.16998024999999992,-0.3728425,0.0006142499999999274,0.001449500000000048,0.0015742786641824407
0.08625,0.06125,0.005,6.25e-08,-0.142529,-0.370296,-0.14253525000000009,-0.3705265000000001,6.250000000096456e-06,0.00023050000000007786,0.00023058471870450803
0.08875,0.06125,0.005,6.25e-08,-0.110184,-0.34825,-0.10998725000000009,-0.3473440000000001,-0.00019674999999991227,-0.0009059999999999069,0.0009271173402001479
0.09125,0.06125,0.005,6.25e-08,-0.0751942,-0.30308,-0.0753426750000001,-0.30167875000000016,0.00014847500000009228,-0.001401249999999854,0.0014090941729084747
0.09375,0.06125,0.005,6.25e-08,-0.0418088,-0.235492,-0.04273665,-0.23449675,0.0009278500000000009,-0.000995250000000003,0.001360671960834061
0.09625,0.06125,0.005,6.25e-08,-0.0153576,-0.1496,-0.016816549999999944,-0.14939299999999972,0.0014589499999999433,-0.00020700000000029029,0.0014735617063767485
0.09875,0.06125,0.005,6.25e-08,-0.00214446,-0.051509,-0.0020162124999999784,-0.05174037499999972,-0.0001282475000000216,0.0002313749999997214,0.000264540756559602
0.00125,0.06375,0.005,6.25e-08,-0.000466706,0.0324222,-0.00037788750000000004,0.031251175000000006,-8.881849999999996e-05,0.0011710249999999922,0.0011743884691903406
0.00375,0.06375,0.005,6.25e-08,-0.00304425,0.086649,-0.0032122324999999995,0.08583055,0.00016798249999999942,0.0008184499999999983,0.000835510935180532
0.00625,0.06375,0.005,6.25e-08,-0.00831094,0.130594,-0.008321327500000001,0.13017325000000002,1.0387500000002062e-05,0.00042074999999996976,0.0004208782040641029
0.00875,0.06375,0.005,6.25e-08,-0.0152193,0.165035,-0.015053525,0.16502050000000001,-0.00016577499999999995,1.4499999999972868e-05,0.00016640793438114422
0.01125,0.06375,0.005,6.25e-08,-0.0230346,0.191035,-0.022777500000000003,0.191391,-0.0002570999999999962,-0.0003559999999999952,0.00043913142679611835
0.01375,0.06375,0.005,6.25e-08,-0.0312402,0.209782,-0.030950525,0.21044400000000002,-0.00028967499999999965,-0.0006620000000000237,0.0007226033529018747
0.01625,0.06375,0.005,6.25e-08,-0.0394326,0.222458,-0.0391504,0.22334825000000003,-0.00028219999999999634,-0.0008902500000000368,0.0009339067954030871
0.01875,0.06375,0.005,6.25e-08,-0.0473297,0.230143,-0.047079949999999995,0.23118775000000003,-0.0002497500000000069,-0.0010447500000000387,0.001074186959984194
0.02125,0.06375,0.005,6.25e-08,-0.0547635,0.233766,-0.054555875,0.234901,-0.00020762500000000295,-0.0011349999999999971,0.0011538341044643266
0.02375,0.06375,0.005,6.25e-08,-0.061657,0.234078,-0.06148964999999998,0.23525225000000002,-0.00016735000000001748,-0.0011742500000000156,0.0011861151229960953
0.02625,0.06375,0.005,6.25e-08,-0.068002,0.231649,-0.06786684999999998,0.23282925000000002,-0.0001351500000000283,-0.0011802500000000216,0.001187962787716879
0.02875,0.06375,0.005,6.25e-08,-0.0738409,0.226888,-0.07372834999999997,0.22805175000000003,-0.00011255000000003068,-0.001163750000000019,0.001169179868540359
0.03125,0.06375,0.005,6.25e-08,-0.0792516,0.22006,-0.07915442499999997,0.22119550000000002,-9.717500000003265e-05,-0.0011355000000000115,0.0011396504861689097
0.03375,0.06375,0.005,6.25e-08,-0.0843365,0.211313,-0.08425232499999998,0.21241375,-8.417500000001965e-05,-0.0011007500000000114,0.0011039637644076133
0.03625,0.06375,0.005,6.25e-08,-0.089215,0.200701,-0.08914649999999996,0.2017635,-6.850000000004075e-05,-0.0010625000000000218,0.001064705827916825
0.03875,0.06375,0.005,6.25e-08,-0.0940163,0.18821,-0.09397134999999995,0.1892275,-4.4950000000043566e-05,-0.0010175000000000045,0.0010184923919696273
0.04125,0.06375,0.005,6.25e-08,-0.0988747,0.173765,-0.09886527499999995,0.17473075000000002,-9.425000000048978e-06,-0.0009657500000000152,0.0009657959893916676
0.04375,0.06375,0.005,6.25e-08,-0.103924,0.157256,-0.10396549999999993,0.15815875000000001,4.149999999993048e-05,-0.0009027500000000077,0.0009037033874563093
0.04625,0.06375,0.005,6.25e-08,-0.109293,0.138541,-0.10940399999999993,0.13936825,0.0001109999999999306,-0.0008272500000000016,0.0008346637421740489
0.04875,0.06375,0.005,6.25e-08,-0.1151,0.117463,-0.11530174999999994,0.11819725000000002,0.00020174999999994503,-0.0007342500000000196,0.0007614631474996059
0.05125,0.06375,0.005,6.25e-08,-0.121445,0.0938513,-0.12176149999999991,0.09447405000000003,0.00031649999999991407,-0.000622750000000033,0.0006985626761429405
0.05375,0.06375,0.005,6.25e-08,-0.128403,0.0675382,-0.12886224999999993,0.06802610000000002,0.0004592499999999389,-0.0004879000000000133,0.0006700425154420851
0.05625,0.06375,0.005,6.25e-08,-0.136014,0.0383637,-0.13664599999999993,0.03868892500000002,0.0006319999999999382,-0.00032522500000001925,0.0007107709199347807
0.05875,0.06375,0.005,6.25e-08,-0.144265,0.00619179,-0.1451039999999999,0.006319892500000071,0.0008389999999998954,-0.00012810250000007146,0.0008487233062112132
0.06125,0.06375,0.005,6.25e-08,-0.153076,-0.0290692,-0.1541552499999999,-0.029181074999999976,0.0010792499999999206,0.00011187499999997658,0.001085032984809597
0.06375,0.06375,0.005,6.25e-08,-0.162268,-0.0674329,-0.16361874999999992,-0.06783882500000009,0.0013507499999999284,0.0004059250000000847,0.001410425704574642
0.06625,0.06375,0.005,6.25e-08,-0.171535,-0.108786,-0.17318024999999998,-0.1095507500000001,0.001645249999999987,0.0007647500000001056,0.001814301552939896
0.06875,0.06375,0.005,6.25e-08,-0.180401,-0.152808,-0.18234299999999995,-0.15400425000000012,0.0019419999999999438,0.0011962500000001208,0.0022808722152939808
0.07125,0.06375,0.005,6.25e-08,-0.188179,-0.198864,-0.1903819999999999,-0.20055549999999986,0.0022029999999998995,0.001691499999999846,0.0027774774976584483
0.07375,0.06375,0.005,6.25e-08,-0.193931,-0.245842,-0.19629949999999996,-0.24805599999999986,0.002368499999999968,0.002213999999999855,0.003242157961913516
0.07625,0.06375,0.005,6.25e-08,-0.196456,-0.291959,-0.19881749999999995,-0.2946364999999999,0.002361499999999961,0.0026774999999998883,0.0035701104324655304
0.07875,0.06375,0.005,6.25e-08,-0.194339,-0.334547,-0.19644024999999998,-0.33747875000000005,0.002101249999999971,0.0029317500000000662,0.0036069945418589515
0.08125,0.06375,0.005,6.25e-08,-0.186101,-0.369887,-0.18764824999999993,-0.37266575000000013,0.0015472499999999445,0.0027787500000001075,0.0031804770279001272
0.08375,0.06375,0.005,6.25e-08,-0.170499,-0.393204,-0.17126774999999994,-0.39526325000000007,0.0007687499999999292,0.002059250000000068,0.0021980644041975136
0.08625,0.06375,0.005,6.25e-08,-0.146989,-0.399008,-0.1469952500000001,-0.39980950000000015,6.250000000096456e-06,0.0008015000000001771,0.0008015243680015506
0.08875,0.06375,0.005,6.25e-08,-0.116316,-0.381902,-0.11595600000000011,-0.3813135000000002,-0.0003599999999998882,-0.0005884999999998253,0.0006898784313193984
0.09125,0.06375,0.005,6.25e-08,-0.0810967,-0.337957,-0.08104395000000011,-0.33660725000000025,-5.274999999987928e-05,-0.0013497499999997609,0.001350780376300804
0.09375,0.06375,0.005,6.25e-08,-0.0460023,-0.266535,-0.04679010000000001,-0.2655525000000001,0.0007878000000000052,-0.0009824999999999418,0.0012593391481248782
0.09625,0.06375,0.005,6.25e-08,-0.0170946,-0.171706,-0.01869244999999994,-0.17143624999999976,0.001597849999999939,-0.0002697500000002351,0.0016204597140934828
0.09875,0.06375,0.005,6.25e-08,-0.00161799,-0.0596006,-0.002271592499999976,-0.06009462499999969,0.0006536024999999762,0.0004940249999996968,0.0008193027087901756
0.00125,0.06625,0.005,6.25e-08,-0.0004943,0.0339909,-0.0003954570000000001,0.03276567500000001,-9.884299999999993e-05,0.0012252249999999895,0.0012292055317455963
0.00375,0.06625,0.005,6.25e-08,-0.00319157,0.0908368,-0.0033464975,0.08995715000000001,0.0001549275000000002,0.0008796499999999818,0.0008931890352866062
0.00625,0.06625,0.005,6.25e-08,-0.0086153,0.136686,-0.008589642500000001,0.13622725000000002,-2.5657499999998112e-05,0.00045874999999998,0.0004594669409285412
0.00875,0.06625,0.005,6.25e-08,-0.0155537,0.172303,-0.015342300000000003,0.17228750000000004,-0.000211399999999997,1.5499999999973868e-05,0.00021196747391993406
0.01125,0.06625,0.005,6.25e-08,-0.0231536,0.198845,-0.022859975,0.19923325,-0.00029362499999999875,-0.00038825000000000665,0.00048677890579297334
0.01375,0.06625,0.005,6.25e-08,-0.0308345,0.21764,-0.0305271,0.21835250000000003,-0.00030739999999999934,-0.0007125000000000326,0.0007759838980288483
0.01625,0.06625,0.005,6.25e-08,-0.0381724,0.230016,-0.037892075,0.2309585,-0.0002803250000000049,-0.0009425000000000128,0.0009833048131810537
0.01875,0.06625,0.005,6.25e-08,-0.0448985,0.237188,-0.04466359999999999,0.23827075000000003,-0.0002349000000000101,-0.0010827500000000212,0.001107937530955627
0.02125,0.06625,0.005,6.25e-08,-0.0508785,0.240191,-0.050688124999999994,0.24134100000000003,-0.0001903750000000065,-0.0011500000000000399,0.0011656511659261933
0.02375,0.06625,0.005,6.25e-08,-0.0560797,0.23986,-0.05591989999999998,0.24102300000000002,-0.00015980000000002242,-0.0011630000000000251,0.0011739271868391435
0.02625,0.06625,0.005,6.25e-08,-0.0605407,0.236826,-0.060392199999999986,0.2379695,-0.00014850000000001667,-0.0011434999999999917,0.0011531021203692179
0.02875,0.06625,0.005,6.25e-08,-0.0643492,0.231538,-0.06419359999999996,0.2326465,-0.0001556000000000335,-0.0011085000000000123,0.0011193675044416994
0.03125,0.06625,0.005,6.25e-08,-0.0676246,0.224292,-0.06744927499999996,0.22536050000000002,-0.00017532500000004558,-0.0010685000000000278,0.0010827885784515255
0.03375,0.06625,0.005,6.25e-08,-0.0705072,0.215255,-0.07030769999999996,0.216286,-0.00019950000000004686,-0.0010310000000000041,0.0010501243973930075
0.03625,0.06625,0.005,6.25e-08,-0.0731516,0.204496,-0.07293132499999995,0.2054915,-0.00022027500000004752,-0.0009954999999999825,0.0010195789943035242
0.03875,0.06625,0.005,6.25e-08,-0.0757211,0.192005,-0.07548987499999994,0.19296575,-0.00023122500000005708,-0.0009607499999999825,0.000988182960349445
0.04125,0.06625,0.005,6.25e-08,-0.0783835,0.177712,-0.07815582499999994,0.17863500000000004,-0.00022767500000005214,-0.0009230000000000349,0.0009506655066978543
0.04375,0.06625,0.005,6.25e-08,-0.081307,0.161504,-0.08110064999999994,0.162382,-0.00020635000000006343,-0.0008779999999999899,0.0009019225701245138
0.04625,0.06625,0.005,6.25e-08,-0.0846564,0.143234,-0.08449137499999992,0.14405625000000002,-0.00016502500000008247,-0.0008222500000000244,0.0008386467153247947
0.04875,0.06625,0.005,6.25e-08,-0.0885883,0.122731,-0.08848717499999992,0.12348375,-0.00010112500000007685,-0.0007527499999999965,0.0007595122303985699
0.05125,0.06625,0.005,6.25e-08,-0.0932469,0.099808,-0.09323429999999991,0.10047467500000001,-1.2600000000084766e-05,-0.0006666750000000193,0.0006667940578807132
0.05375,0.06625,0.005,6.25e-08,-0.0987565,0.0742681,-0.09886022499999991,0.07483045000000002,0.00010372499999991569,-0.000562350000000017,0.0005718359888333382
0.05625,0.06625,0.005,6.25e-08,-0.105214,0.0459129,-0.10546474999999991,0.04634785000000002,0.00025074999999991077,-0.00043495000000001727,0.0005020528508035486
0.05875,0.06625,0.005,6.25e-08,-0.112675,0.014551,-0.1131072499999999,0.014829820000000068,0.000432249999999898,-0.00027882000000006846,0.0005143740418216592
0.06125,0.06625,0.005,6.25e-08,-0.121137,-0.0199865,-0.1217887499999999,-0.019901124999999974,0.0006517499999999093,-8.53750000000264e-05,0.0006573180000006742
0.06375,0.06625,0.005,6.25e-08,-0.130516,-0.0578214,-0.13142549999999992,-0.057979100000000075,0.0009094999999999243,0.00015770000000007306,0.0009230707123508389
0.06625,0.06625,0.005,6.25e-08,-0.140611,-0.098987,-0.14181349999999993,-0.09945237500000009,0.001202499999999912,0.00046537500000008725,0.001289410772649612
0.06875,0.06625,0.005,6.25e-08,-0.151057,-0.143359,-0.15257624999999997,-0.14421375000000008,0.001519249999999972,0.0008547500000000985,0.0017431919357890808
0.07125,0.06625,0.005,6.25e-08,-0.16127,-0.190547,-0.1631039999999999,-0.19188224999999984,0.0018339999999998913,0.0013352499999998435,0.0022685785334652145
0.07375,0.06625,0.005,6.25e-08,-0.170383,-0.239729,-0.17247999999999988,-0.24162524999999985,0.0020969999999998767,0.0018962499999998494,0.0028272200237156836
0.07625,0.06625,0.005,6.25e-08,-0.177193,-0.289415,-0.17942074999999993,-0.2918977499999999,0.002227749999999945,0.0024827499999999225,0.0033357034677859738
0.07875,0.06625,0.005,6.25e-08,-0.18015,-0.337158,-0.18227574999999996,-0.3401200000000001,0.002125749999999954,0.0029620000000000757,0.0036458547780322042
0.08125,0.06625,0.005,6.25e-08,-0.177459,-0.379249,-0.17915099999999995,-0.3823595000000001,0.0016919999999999435,0.0031105000000000715,0.0035409143240129736
0.08375,0.06625,0.005,6.25e-08,-0.167335,-0.410531,-0.16825274999999995,-0.4131955000000001,0.0009177499999999394,0.002664500000000125,0.0028181244316922123
0.08625,0.06625,0.005,6.25e-08,-0.14849,-0.424543,-0.14849225000000008,-0.4260315,2.2500000000647002e-06,0.0014885000000000037,0.0014885017005364862
0.08875,0.06625,0.005,6.25e-08,-0.120851,-0.414227,-0.1202597500000001,-0.41411175000000017,-0.0005912499999999044,-0.00011524999999984464,0.0006023778921904847
0.09125,0.06625,0.005,6.25e-08,-0.0865568,-0.373489,-0.0860821250000001,-0.3722210000000003,-0.0004746749999998967,-0.0012679999999997138,0.0013539351371554607
0.09375,0.06625,0.005,6.25e-08,-0.0506649,-0.29964,-0.05074185000000001,-0.29852250000000013,7.695000000001312e-05,-0.0011174999999998825,0.001120146219249853
0.09625,0.06625,0.005,6.25e-08,-0.0200091,-0.196158,-0.020628674999999937,-0.19554799999999975,0.0006195749999999382,-0.0006100000000002492,0.000869467182028872
0.098125,0.066875,0.005,1.5625e-08,-0.00347263,-0.102763,-0.005730869999999961,-0.10633487499999966,0.002258239999999961,0.003571874999999669,0.004225865463218447
0.00125,0.06875,0.005,6.25e-08,-0.000559054,0.035674,-0.0004377362500000002,0.03439185,-0.00012131774999999984,0.0012821499999999958,0.0012878767871830953
0.00375,0.06875,0.005,6.25e-08,-0.00353036,0.095267,-0.003670292500000001,0.09432992500000001,0.00013993250000000077,0.0009370749999999956,0.0009474653873262293
0.00625,0.06875,0.005,6.25e-08,-0.00935652,0.142974,-0.009286420000000005,0.14249175,-7.009999999999482e-05,0.00048224999999998963,0.000487318245605466
0.00875,0.06875,0.005,6.25e-08,-0.0165492,0.179556,-0.016284875000000004,0.17956775000000003,-0.0002643249999999958,-1.1750000000032568e-05,0.000264586031613535
0.01125,0.06875,0.005,6.25e-08,-0.0240759,0.206324,-0.023748050000000007,0.20677575000000004,-0.0003278499999999941,-0.0004517500000000285,0.0005581789005328148
0.01375,0.06875,0.005,6.25e-08,-0.0312714,0.224803,-0.030960450000000004,0.22559125000000002,-0.00031094999999999387,-0.0007882500000000181,0.00084736530788086
0.01625,0.06875,0.005,6.25e-08,-0.0376951,0.236515,-0.037439475,0.23752225000000005,-0.0002556250000000024,-0.0010072500000000428,0.0010391807846207933
0.01875,0.06875,0.005,6.25e-08,-0.0431074,0.24284,-0.042914275,0.2439585,-0.00019312499999999538,-0.0011184999999999945,0.0011350504462908184
0.02125,0.06875,0.005,6.25e-08,-0.047429,0.244939,-0.047281949999999996,0.246085,-0.00014705000000000273,-0.0011460000000000081,0.001155395907254314
0.02375,0.06875,0.005,6.25e-08,-0.0506917,0.243732,-0.05056087499999999,0.24485250000000003,-0.00013082500000000802,-0.0011205000000000243,0.0011281114442399103
0.02625,0.06875,0.005,6.25e-08,-0.0529981,0.239913,-0.05285057499999998,0.24097925,-0.0001475250000000164,-0.0010662500000000186,0.0010764073058675532
0.02875,0.06875,0.005,6.25e-08,-0.0544935,0.233968,-0.05430132499999997,0.23497400000000002,-0.00019217500000003052,-0.0010060000000000069,0.0010241910127632568
0.03125,0.06875,0.005,6.25e-08,-0.0553468,0.226215,-0.05509279999999997,0.227169,-0.000254000000000032,-0.0009540000000000104,0.000987234521276498
0.03375,0.06875,0.005,6.25e-08,-0.0557406,0.216838,-0.055420499999999956,0.21775325,-0.00032010000000004535,-0.0009152500000000063,0.0009696115575322113
0.03625,0.06875,0.005,6.25e-08,-0.0558661,0.205915,-0.055487249999999946,0.20680349999999997,-0.00037885000000005553,-0.0008884999999999865,0.0009658983241004294
0.03875,0.06875,0.005,6.25e-08,-0.0559208,0.193442,-0.055498224999999936,0.19431075,-0.00042257500000006387,-0.0008687500000000015,0.0009660725610041187
0.04125,0.06875,0.005,6.25e-08,-0.0561049,0.179353,-0.055658149999999934,0.180202,-0.00044675000000006515,-0.0008489999999999887,0.0009593677931325602
0.04375,0.06875,0.005,6.25e-08,-0.0566184,0.163532,-0.05616917499999993,0.164356,-0.00044922500000006693,-0.0008239999999999914,0.0009384983221215934
0.04625,0.06875,0.005,6.25e-08,-0.0576585,0.145828,-0.057229424999999924,0.14661725,-0.0004290750000000773,-0.0007892499999999913,0.0008983434299448362
0.04875,0.06875,0.005,6.25e-08,-0.0594162,0.12606,-0.059030899999999914,0.12680300000000003,-0.00038530000000008835,-0.0007430000000000214,0.0008369618211125881
0.05125,0.06875,0.005,6.25e-08,-0.0620734,0.104029,-0.061756899999999906,0.10471175000000002,-0.0003165000000000945,-0.0006827500000000236,0.0007525422330341946
0.05375,0.06875,0.005,6.25e-08,-0.0657984,0.0795168,-0.06557767499999989,0.08012352500000001,-0.00022072500000011597,-0.0006067250000000163,0.0006456274089984648
0.05625,0.06875,0.005,6.25e-08,-0.0707396,0.0522966,-0.0706443749999999,0.05280810000000002,-9.522500000010148e-05,-0.0005115000000000189,0.0005202884302240812
0.05875,0.06875,0.005,6.25e-08,-0.0770162,0.0221335,-0.07707939999999988,0.022526400000000064,6.319999999987447e-05,-0.00039290000000006403,0.000397950562256211
0.06125,0.06875,0.005,6.25e-08,-0.0847037,-0.0112041,-0.08496174999999989,-0.010960789999999977,0.00025804999999988476,-0.0002433100000000226,0.0003546682373711403
0.06375,0.06875,0.005,6.25e-08,-0.0938126,-0.0479298,-0.09430529999999993,-0.047878300000000075,0.0004926999999999293,-5.1499999999926604e-05,0.000495384234710717
0.06625,0.06875,0.005,6.25e-08,-0.104256,-0.0882091,-0.10502444999999991,-0.0884078500000001,0.0007684499999999067,0.00019875000000009468,0.0007937360801928399
0.06875,0.06875,0.005,6.25e-08,-0.115804,-0.132105,-0.11688574999999993,-0.13263375000000008,0.001081749999999923,0.0005287500000000778,0.0012040596434562184
0.07125,0.06875,0.005,6.25e-08,-0.128017,-0.179485,-0.1294342499999999,-0.18044549999999981,0.0014172499999998978,0.0009604999999998087,0.0017120624441004898
0.07375,0.06875,0.005,6.25e-08,-0.140162,-0.229858,-0.14190399999999986,-0.23136599999999982,0.0017419999999998548,0.001507999999999815,0.0023040460064848826
0.07625,0.06875,0.005,6.25e-08,-0.151118,-0.282124,-0.1531072499999999,-0.2842784999999998,0.001989249999999887,0.002154499999999837,0.00293240273709101
0.07875,0.06875,0.005,6.25e-08,-0.159307,-0.334216,-0.16135824999999993,-0.33702825000000014,0.002051249999999921,0.002812250000000127,0.0034808586045687625
0.08125,0.06875,0.005,6.25e-08,-0.162707,-0.38266,-0.16449324999999995,-0.3859340000000001,0.0017862499999999615,0.00327400000000011,0.003729579743416218
0.08375,0.06875,0.005,6.25e-08,-0.159038,-0.422159,-0.16013049999999995,-0.4253697500000001,0.0010924999999999407,0.0032107500000000955,0.003391529420851378
0.08625,0.06875,0.005,6.25e-08,-0.146205,-0.445464,-0.14628575000000005,-0.44776,8.075000000004606e-05,0.0022959999999999647,0.0022974195442930848
0.08875,0.06875,0.005,6.25e-08,-0.123181,-0.443873,-0.12235225000000008,-0.4444392500000001,-0.0008287499999999198,0.0005662500000001014,0.0010037258714409936
0.09125,0.06875,0.005,6.25e-08,-0.0914099,-0.408876,-0.09015070000000011,-0.40761725000000026,-0.001259199999999891,-0.0012587499999997531,0.0017804595481220864
0.09375,0.06875,0.005,6.25e-08,-0.0554868,-0.334223,-0.05447772500000002,-0.3329962500000001,-0.0010090749999999843,-0.0012267499999998877,0.0015884419782052767
0.095625,0.069375,0.005,1.5625e-08,-0.0293985,-0.257087,-0.030382449999999925,-0.26020974999999974,0.0009839499999999245,0.00312274999999973,0.003274099137930641
0.098125,0.068125,0.005,1.5625e-08,-0.0059756,-0.114222,-0.006038139999999959,-0.11382112499999963,6.253999999995905e-05,-0.0004008750000003697,0.0004057240653760771
0.00125,0.07125,0.005,6.25e-08,-0.000678544,0.0375915,-0.0005170492499999997,0.0362459,-0.00016149475000000035,0.0013456000000000023,0.0013552564016737086
0.00375,0.07125,0.005,6.25e-08,-0.00414757,0.100197,-0.004273872499999998,0.09921164999999998,0.00012630249999999801,0.0009853500000000098,0.0009934117696133204
0.00625,0.07125,0.005,6.25e-08,-0.010724,0.149736,-0.010604954999999996,0.14925899999999998,-0.00011904500000000338,0.00047700000000003295,0.0004916306662780834
0.00875,0.07125,0.005,6.25e-08,-0.0184783,0.187009,-0.018159249999999995,0.18709024999999999,-0.00031905000000000475,-8.124999999997717e-05,0.0003292331468731533
0.01125,0.07125,0.005,6.25e-08,-0.0261159,0.213578,-0.025765049999999994,0.214136,-0.0003508500000000067,-0.0005580000000000029,0.0006591355873414878
0.01375,0.07125,0.005,6.25e-08,-0.0328685,0.23126,-0.032578125,0.2321555,-0.00029037500000000244,-0.0008954999999999935,0.0009414020876463945
0.01625,0.07125,0.005,6.25e-08,-0.0382921,0.241843,-0.038093475,0.242926,-0.00019862500000000088,-0.0010830000000000006,0.0011010635270614507
0.01875,0.07125,0.005,6.25e-08,-0.0422055,0.24691,-0.042087925,0.24805375,-0.0001175750000000017,-0.001143749999999999,0.0011497773450216341
0.02125,0.07125,0.005,6.25e-08,-0.0446164,0.247765,-0.04454217500000001,0.24887900000000002,-7.422499999999027e-05,-0.0011140000000000039,0.0011164700401824525
0.02375,0.07125,0.005,6.25e-08,-0.0456491,0.24542,-0.04556887500000001,0.24645374999999997,-8.022499999998933e-05,-0.0010337499999999722,0.0010368582897990163
0.02625,0.07125,0.005,6.25e-08,-0.0454919,0.240622,-0.045357300000000024,0.24155675,-0.0001345999999999778,-0.0009347499999999842,0.0009443911914561489
0.02875,0.07125,0.005,6.25e-08,-0.0443629,0.233884,-0.04413587500000003,0.23472975000000001,-0.00022702499999996406,-0.0008457500000000062,0.0008756902495317589
0.03125,0.07125,0.005,6.25e-08,-0.0424885,0.225538,-0.04214915000000003,0.22632075000000001,-0.00033934999999996746,-0.0007827500000000265,0.0008531447620421867
0.03375,0.07125,0.005,6.25e-08,-0.0400963,0.215775,-0.03964477500000004,0.21652475,-0.0004515249999999596,-0.0007497499999999935,0.0008752141955686927
0.03625,0.07125,0.005,6.25e-08,-0.0374153,0.204677,-0.03686747500000005,0.20541800000000002,-0.0005478249999999463,-0.0007410000000000194,0.0009215168097354328
0.03875,0.07125,0.005,6.25e-08,-0.0346765,0.192246,-0.03405675000000006,0.19298925,-0.0006197499999999398,-0.0007432500000000009,0.000967734790632189
0.04125,0.07125,0.005,6.25e-08,-0.0321104,0.178413,-0.03144622500000007,0.179162,-0.0006641749999999266,-0.0007489999999999997,0.0010010641491057914
0.04375,0.07125,0.005,6.25e-08,-0.029946,0.163062,-0.029264400000000076,0.16381175000000003,-0.0006815999999999246,-0.0007497500000000212,0.0010132638464387886
0.04625,0.07125,0.005,6.25e-08,-0.0284082,0.146038,-0.027734850000000085,0.1467775,-0.0006733499999999164,-0.000739500000000004,0.0010001302277703105
0.04875,0.07125,0.005,6.25e-08,-0.027717,0.127154,-0.027076500000000094,0.12787099999999998,-0.000640499999999905,-0.0007169999999999954,0.0009614204335252459
0.05125,0.07125,0.005,6.25e-08,-0.0280858,0.1062,-0.027502525000000097,0.106881,-0.000583274999999904,-0.000681000000000001,0.0008966441465960113
0.05375,0.07125,0.005,6.25e-08,-0.0297196,0.0829469,-0.029218900000000107,0.083577,-0.0005006999999998922,-0.0006300999999999946,0.0008048145749176547
0.05625,0.07125,0.005,6.25e-08,-0.0328114,0.0571465,-0.03242037500000011,0.05770939999999999,-0.0003910249999998852,-0.0005628999999999842,0.0006853881824374364
0.05875,0.07125,0.005,6.25e-08,-0.0375364,0.0285349,-0.03728460000000011,0.029011025000000027,-0.00025179999999988545,-0.0004761250000000286,0.0005386077010449903
0.06125,0.07125,0.005,6.25e-08,-0.0440412,-0.00316514,-0.043961725000000125,-0.002801130750000021,-7.947499999987756e-05,-0.0003640092499999788,0.0003725842316987229
0.06375,0.07125,0.005,6.25e-08,-0.0524282,-0.0382374,-0.052557475000000145,-0.03802015000000013,0.00012927500000014386,-0.00021724999999987032,0.00025280345750203036
0.06625,0.07125,0.005,6.25e-08,-0.0627276,-0.0769559,-0.06310565000000015,-0.07693425000000015,0.0003780500000001574,-2.1649999999845404e-05,0.00037866941386929093
0.06875,0.07125,0.005,6.25e-08,-0.0748549,-0.119549,-0.07552340000000016,-0.11979275000000017,0.0006685000000001551,0.00024375000000016744,0.0007115520448289702
0.07125,0.07125,0.005,6.25e-08,-0.0885446,-0.166129,-0.08954102500000008,-0.1667349999999999,0.0009964250000000785,0.0006059999999999122,0.0011662327300436435
0.07375,0.07125,0.005,6.25e-08,-0.103253,-0.216555,-0.10459752500000008,-0.2176484999999999,0.0013445250000000825,0.001093499999999914,0.0017330579117920536
0.07625,0.07125,0.005,6.25e-08,-0.118031,-0.270184,-0.11970000000000006,-0.2719124999999999,0.0016690000000000593,0.0017284999999999107,0.0024027636691942656
0.07875,0.07125,0.005,6.25e-08,-0.131385,-0.325483,-0.13326500000000013,-0.32796225000000023,0.0018800000000001316,0.0024792500000002105,0.0031114434853459156
0.08125,0.07125,0.005,6.25e-08,-0.141196,-0.379452,-0.1430175000000001,-0.3826592500000002,0.0018215000000001147,0.0032072500000001614,0.0036884027454307986
0.08375,0.07125,0.005,6.25e-08,-0.144777,-0.426977,-0.14609525000000004,-0.4305587500000001,0.0013182500000000485,0.0035817500000001057,0.0038166367557053273
0.08625,0.07125,0.005,6.25e-08,-0.13925,-0.460342,-0.13958200000000007,-0.46344149999999995,0.0003320000000000545,0.0030994999999999773,0.003117230220885184
0.08875,0.07125,0.005,6.25e-08,-0.12262,-0.469412,-0.12161675000000008,-0.4707572499999999,-0.0010032499999999278,0.001345249999999909,0.0016781561682393002
0.09125,0.07125,0.005,6.25e-08,-0.0954042,-0.443184,-0.09290175000000009,-0.44164775,-0.002502449999999906,-0.0015362500000000168,0.002936378733235817
0.093125,0.071875,0.005,1.5625e-08,-0.0682174,-0.396612,-0.06760187500000009,-0.3999710000000001,-0.0006155249999999085,0.0033590000000000564,0.0034149307497554422
0.095625,0.070625,0.005,1.5625e-08,-0.0326079,-0.276859,-0.03161377499999991,-0.27560099999999954,-0.0009941250000000956,-0.001258000000000481,0.001603386577100607
0.098125,0.070625,0.005,1.5625e-08,-0.00631764,-0.131276,-0.00668022999999995,-0.1299027499999995,0.00036258999999995,-0.0013732500000004921,0.0014203123144580967
0.00125,0.07375,0.005,6.25e-08,-0.000875517,0.0399158,-0.0006516294999999994,0.03850002499999999,-0.00022388750000000058,0.001415775000000008,0.0014333682232006097
0.00375,0.07375,0.005,6.25e-08,-0.00516009,0.105992,-0.005285919999999996,0.10498224999999999,0.00012582999999999605,0.0010097500000000176,0.0010175599497818468
0.00625,0.07375,0.005,6.25e-08,-0.0129671,0.157353,-0.012807624999999994,0.15693025,-0.00015947500000000614,0.0004227499999999995,0.00045182943477046903
0.00875,0.07375,0.005,6.25e-08,-0.0216814,0.194939,-0.021319599999999994,0.195148,-0.00036180000000000587,-0.00020899999999998697,0.00041782800289114037
0.01125,0.07375,0.005,6.25e-08,-0.0296386,0.220726,-0.029290824999999986,0.22144175,-0.00034777500000001543,-0.0007157499999999872,0.0007957672480851374
0.01375,0.07375,0.005,6.25e-08,-0.0359577,0.236977,-0.03572594999999999,0.23800725,-0.00023175000000000973,-0.0010302500000000103,0.0010559939038649918
0.01625,0.07375,0.005,6.25e-08,-0.0402261,0.245839,-0.040126499999999996,0.24699725,-9.960000000000524e-05,-0.0011582499999999996,0.001162524504042818
0.01875,0.07375,0.005,6.25e-08,-0.0423707,0.249149,-0.042366600000000004,0.25029025,-4.099999999992998e-06,-0.0011412499999999826,0.0011412573647078736
0.02125,0.07375,0.005,6.25e-08,-0.0425333,0.248368,-0.04256030000000001,0.2494015,2.7000000000006186e-05,-0.0010334999999999928,0.0010338526248938895
0.02375,0.07375,0.005,6.25e-08,-0.0409675,0.244597,-0.04095470000000001,0.24548050000000002,-1.2799999999986433e-05,-0.0008835000000000093,0.0008835927172628892
0.02625,0.07375,0.005,6.25e-08,-0.0379745,0.23862,-0.03785740000000003,0.239353,-0.00011709999999997417,-0.0007330000000000114,0.0007422946921540061
0.02875,0.07375,0.005,6.25e-08,-0.0338616,0.230962,-0.03359287500000003,0.23157575000000002,-0.0002687249999999697,-0.000613750000000024,0.0006700016329271244
0.03125,0.07375,0.005,6.25e-08,-0.0289197,0.221948,-0.02847985000000004,0.22249625,-0.0004398499999999604,-0.0005482500000000001,0.0007028841191832159
0.03375,0.07375,0.005,6.25e-08,-0.023422,0.211766,-0.022821625000000047,0.21229949999999997,-0.0006003749999999516,-0.0005334999999999646,0.0008031639873804752
0.03625,0.07375,0.005,6.25e-08,-0.0176341,0.200497,-0.01690430000000006,0.20105300000000004,-0.0007297999999999402,-0.0005560000000000287,0.0009174660974662468
0.03875,0.07375,0.005,6.25e-08,-0.0118189,0.18814,-0.010998325000000066,0.18873525000000002,-0.0008205749999999346,-0.0005952500000000194,0.001013738572376979
0.04125,0.07375,0.005,6.25e-08,-0.00623529,0.174627,-0.005361740000000075,0.17526100000000003,-0.0008735499999999253,-0.0006340000000000234,0.0010793727819895678
0.04375,0.07375,0.005,6.25e-08,-0.00113697,0.159835,-0.00024342750000008414,0.1605005,-0.0008935424999999158,-0.0006654999999999855,0.001114140228744156
0.04625,0.07375,0.005,6.25e-08,0.00322793,0.143605,0.004113917499999908,0.14428725000000003,-0.0008859874999999078,-0.0006822500000000231,0.0011182302592293405
0.04875,0.07375,0.005,6.25e-08,0.00661702,0.125745,0.0074715774999999,0.1264295,-0.0008545574999998997,-0.0006845000000000045,0.0010949012607564595
0.05125,0.07375,0.005,6.25e-08,0.00879275,0.106041,0.009593537499999893,0.106711,-0.0008007874999998929,-0.0006700000000000039,0.001044107571161173
0.05375,0.07375,0.005,6.25e-08,0.00952105,0.0842544,0.010246072499999887,0.084896525,-0.0007250224999998875,-0.0006421250000000073,0.0009684947811584201
0.05625,0.07375,0.005,6.25e-08,0.00857268,0.0601285,0.00919887749999988,0.0607266,-0.0006261974999998803,-0.0005980999999999972,0.0008659370179211054
0.05875,0.07375,0.005,6.25e-08,0.00572572,0.0333826,0.00622777659999988,0.03391937500000003,-0.0005020565999998795,-0.000536775000000031,0.000734974986124339
0.06125,0.07375,0.005,6.25e-08,0.00077087,0.00371234,0.0011207799999998689,0.0041663372499999825,-0.00034990999999986885,-0.00045399724999998234,0.0005731932580792055
0.06375,0.07375,0.005,6.25e-08,-0.00647747,-0.029212,-0.0063109575000001574,-0.02886935000000012,-0.00016651249999984248,-0.00034264999999987847,0.0003809664488588388
0.06625,0.07375,0.005,6.25e-08,-0.0161609,-0.065742,-0.016212967500000168,-0.06555057500000014,5.206750000016913e-05,-0.0001914249999998563,0.000198379825539828
0.06875,0.07375,0.005,6.25e-08,-0.0283424,-0.106237,-0.028651900000000178,-0.10625285000000015,0.0003095000000001777,1.5850000000150466e-05,0.00030990558642934266
0.07125,0.07375,0.005,6.25e-08,-0.0429462,-0.151021,-0.043553875000000096,-0.15132549999999992,0.0006076750000000991,0.0003044999999999298,0.000679697841415638
0.07375,0.07375,0.005,6.25e-08,-0.0596596,-0.200289,-0.06060207500000008,-0.2009944999999999,0.0009424750000000814,0.0007054999999999145,0.0011772804999765488
0.07625,0.07375,0.005,6.25e-08,-0.0777835,-0.25389,-0.07907790000000006,-0.2551504999999999,0.0012944000000000566,0.0012604999999998867,0.001806746138780947
0.07875,0.07375,0.005,6.25e-08,-0.0960356,-0.31094,-0.09764297500000016,-0.3129367500000002,0.0016073750000001608,0.0019967500000002136,0.002563330831774621
0.08125,0.07375,0.005,6.25e-08,-0.112354,-0.369163,-0.11410575000000013,-0.3720347500000002,0.0017517500000001351,0.0028717500000001728,0.0033638632738269055
0.08375,0.07375,0.005,6.25e-08,-0.123809,-0.423991,-0.12531850000000008,-0.42764725000000015,0.0015095000000000802,0.0036562500000001386,0.0039555978451431655
0.08625,0.07375,0.005,6.25e-08,-0.126812,-0.467681,-0.12750200000000006,-0.4714434999999999,0.0006900000000000517,0.003762499999999891,0.0038252459071279653
0.08875,0.07375,0.005,6.25e-08,-0.118018,-0.488925,-0.11734075000000006,-0.49128025,-0.0006772499999999348,0.0023552499999999754,0.0024506876841000765
0.09125,0.07375,0.005,6.25e-08,-0.0963842,-0.473662,-0.09392967500000007,-0.4728705,-0.0024545249999999297,-0.0007915000000000005,0.002578985309307646
0.093125,0.074375,0.005,1.5625e-08,-0.0723123,-0.428893,-0.07017022500000009,-0.43499200000000016,-0.00214207499999991,0.006099000000000132,0.0064642313004429405
0.095625,0.073125,0.005,1.5625e-08,-0.034586,-0.309884,-0.0340571249999999,-0.3075804999999995,-0.0005288750000000952,-0.0023035000000005135,0.00236343415724396
0.098125,0.073125,0.005,1.5625e-08,-0.00699894,-0.149325,-0.007367404999999945,-0.14751149999999943,0.0003684649999999446,-0.0018135000000005785,0.0018505536215487131
0.00125,0.07625,0.005,6.25e-08,-0.00117407,0.0428821,-0.0008692439999999993,0.04141027499999999,-0.00030482600000000066,0.00147182500000001,0.0015030594535483384
0.00375,0.07625,0.005,6.25e-08,-0.00672098,0.113161,-0.0068934024999999935,0.11218024999999997,0.00017242249999999387,0.0009807500000000302,0.0009957911834347134
0.00625,0.07625,0.005,6.25e-08,-0.0164115,0.166333,-0.01625134999999999,0.16603549999999997,-0.0001601500000000082,0.00029750000000003385,0.00033786724093942986
0.00875,0.07625,0.005,6.25e-08,-0.0265722,0.203674,-0.026206024999999987,0.20408049999999997,-0.0003661750000000137,-0.0004064999999999763,0.0005471072843830457
0.01125,0.07625,0.005,6.25e-08,-0.0350356,0.227867,-0.034738924999999976,0.22878549999999997,-0.000296675000000024,-0.0009184999999999888,0.0009652244845759941
0.01375,0.07625,0.005,6.25e-08,-0.0408272,0.241841,-0.040706749999999986,0.24301575,-0.00012045000000001499,-0.0011747500000000022,0.001180908872436823
0.01625,0.07625,0.005,6.25e-08,-0.0436404,0.248236,-0.04368714999999999,0.24944224999999998,4.6749999999984304e-05,-0.0012062499999999643,0.0012071555927053947
0.01875,0.07625,0.005,6.25e-08,-0.0435929,0.249197,-0.043735699999999995,0.25027750000000004,0.00014279999999999848,-0.0010805000000000398,0.0010898954491143109
0.02125,0.07625,0.005,6.25e-08,-0.0410269,0.246345,-0.041171775,0.24721925,0.00014487500000000264,-0.0008742499999999931,0.0008861725724287503
0.02375,0.07625,0.005,6.25e-08,-0.0363717,0.240849,-0.036428200000000015,0.24149500000000002,5.650000000001487e-05,-0.0006460000000000077,0.0006484660746716143
0.02625,0.07625,0.005,6.25e-08,-0.0300714,0.233509,-0.02996242500000002,0.2339485,-0.00010897499999997992,-0.00043950000000000933,0.0004528087903574795
0.02875,0.07625,0.005,6.25e-08,-0.0225411,0.224829,-0.022211350000000032,0.22512325000000002,-0.00032974999999996896,-0.00029425000000002366,0.0004419481021567956
0.03125,0.07625,0.005,6.25e-08,-0.0141392,0.2151,-0.013573900000000043,0.21534050000000005,-0.0005652999999999561,-0.00024050000000003235,0.0006143324344359217
0.03375,0.07625,0.005,6.25e-08,-0.00517954,0.20449,-0.004408832750000054,0.20475875000000004,-0.0007707072499999459,-0.0002687500000000398,0.0008162206979135609
0.03625,0.07625,0.005,6.25e-08,0.00403906,0.193076,0.004960488249999936,0.19342050000000002,-0.0009214282499999367,-0.00034450000000002534,0.0009837226590345286
0.03875,0.07625,0.005,6.25e-08,0.0132241,0.180849,0.014238587499999927,0.18128550000000004,-0.0010144874999999266,-0.0004365000000000341,0.001104408048529225
0.04125,0.07625,0.005,6.25e-08,0.0220913,0.167735,0.023150124999999917,0.16825625000000002,-0.001058824999999916,-0.0005212500000000286,0.0011801745392630923
0.04375,0.07625,0.005,6.25e-08,0.0303664,0.153604,0.03143314999999991,0.15419175000000002,-0.001066749999999908,-0.0005877500000000258,0.0012179514050239583
0.04625,0.07625,0.005,6.25e-08,0.0377851,0.138289,0.0388333999999999,0.138922,-0.001048299999999898,-0.0006329999999999947,0.0012245904989014816
0.04875,0.07625,0.005,6.25e-08,0.0440897,0.121595,0.04509979999999989,0.12225225000000002,-0.0010100999999998889,-0.0006572500000000259,0.0012051056271131628
0.05125,0.07625,0.005,6.25e-08,0.0490264,0.103304,0.04998119999999988,0.1039665,-0.0009547999999998807,-0.0006624999999999964,0.0011621313566029304
0.05375,0.07625,0.005,6.25e-08,0.0523407,0.0831771,0.05322387499999988,0.083828575,-0.000883174999999882,-0.0006514749999999986,0.0010974596832001573
0.05625,0.07625,0.005,6.25e-08,0.0537763,0.0609551,0.054570199999999874,0.061580224999999995,-0.0007938999999998753,-0.0006251249999999972,0.0010104743814787183
0.05875,0.07625,0.005,6.25e-08,0.0530741,0.0363542,0.053758649999999866,0.036936800000000033,-0.0006845499999998672,-0.0005826000000000303,0.0008989057027852552
0.06125,0.07625,0.005,6.25e-08,0.049973,0.00906073,0.050525299999999856,0.009581584999999988,-0.0005522999999998598,-0.0005208549999999885,0.0007591608663681455
0.06375,0.07625,0.005,6.25e-08,0.044216,-0.0212758,0.044609849999999826,-0.020841675000000108,-0.00039384999999982767,-0.00043412499999989293,0.0005861589700113539
0.06625,0.07625,0.005,6.25e-08,0.0355615,-0.055051,0.03576704999999982,-0.054737175000000124,-0.00020554999999981838,-0.0003138249999998788,0.000375149214479851
0.06875,0.07625,0.005,6.25e-08,0.0238076,-0.0927107,0.023791774999999803,-0.09256250000000016,1.582500000019832e-05,-0.00014819999999983458,0.0001490425128107992
0.07125,0.07625,0.005,6.25e-08,0.00883958,-0.134742,0.008566236249999894,-0.1348214999999999,0.00027334375000010597,7.94999999998991e-05,0.000284670082137383
0.07375,0.07625,0.005,6.25e-08,-0.0092835,-0.181626,-0.009851514750000094,-0.1820179999999999,0.0005680147500000936,0.00039199999999989243,0.0006901483581213423
0.07625,0.07625,0.005,6.25e-08,-0.0301753,-0.23369,-0.03107250000000008,-0.23451974999999992,0.0008972000000000806,0.000829749999999907,0.0012220691070884617
0.07875,0.07625,0.005,6.25e-08,-0.0528828,-0.290767,-0.054126950000000194,-0.2922187500000002,0.0012441500000001937,0.001451750000000196,0.0019119328662379992
0.08125,0.07625,0.005,6.25e-08,-0.0755865,-0.351503,-0.07712062500000018,-0.35383475000000025,0.0015341250000001777,0.0023317500000002434,0.0027911641976291327
0.08375,0.07625,0.005,6.25e-08,-0.095364,-0.412276,-0.09689770000000014,-0.41569925000000024,0.0015337000000001377,0.0034232500000002664,0.003751116667407486
0.08625,0.07625,0.005,6.25e-08,-0.108175,-0.465901,-0.10902325000000004,-0.4701007499999999,0.0008482500000000504,0.004199749999999891,0.004284556934503167
0.08875,0.07625,0.005,6.25e-08,-0.109472,-0.500421,-0.10864750000000006,-0.50395125,-0.0008244999999999364,0.003530249999999957,0.003625253827320177
0.09125,0.07625,0.005,6.25e-08,-0.0954959,-0.498837,-0.09272857500000008,-0.49948024999999996,-0.0027673249999999178,0.0006432499999999841,0.0028411015853229402
0.09375,0.07625,0.005,6.25e-08,-0.0650747,-0.441598,-0.063162025,-0.43872849999999985,-0.0019126750000000026,-0.002869500000000136,0.003448529528019992
0.095625,0.076875,0.005,1.5625e-08,-0.0409989,-0.349384,-0.037702224999999895,-0.3578549999999995,-0.003296675000000103,0.008470999999999507,0.009089879375196203
0.098125,0.075625,0.005,1.5625e-08,-0.00758087,-0.168966,-0.008121024999999941,-0.16672524999999938,0.0005401549999999415,-0.002240750000000624,0.0023049355710144555
0.00125,0.07875,0.005,6.25e-08,-0.00157917,0.0467988,-0.0012135467500000011,0.04535982500000001,-0.0003656232499999988,0.0014389749999999882,0.001484698424450409
0.00375,0.07875,0.005,6.25e-08,-0.00902161,0.122419,-0.009372790000000008,0.12156175000000002,0.0003511800000000082,0.0008572499999999761,0.000926393520540793
0.00625,0.07875,0.005,6.25e-08,-0.0214801,0.177327,-0.02141760000000002,0.17723875000000006,-6.249999999997924e-05,8.824999999995642e-05,0.00010814024459002168
0.00875,0.07875,0.005,6.25e-08,-0.0336248,0.21355,-0.033332175000000026,0.21421750000000006,-0.00029262499999997693,-0.0006675000000000708,0.0007288248353514588
0.01125,0.07875,0.005,6.25e-08,-0.0426506,0.234987,-0.042478375000000027,0.23612400000000003,-0.00017222499999997032,-0.0011370000000000269,0.0011499697607437558
0.01375,0.07875,0.005,6.25e-08,-0.0475834,0.245562,-0.04763525000000002,0.24684675,5.1850000000019936e-05,-0.0012847500000000012,0.0012857958566584375
0.01625,0.07875,0.005,6.25e-08,-0.0483686,0.248574,-0.04859970000000001,0.24974799999999997,0.00023110000000001185,-0.0011739999999999806,0.001196529652787577
0.01875,0.07875,0.005,6.25e-08,-0.0454469,0.246511,-0.045744875000000004,0.2474225,0.0002979750000000059,-0.0009114999999999818,0.0009589688997172799
0.02125,0.07875,0.005,6.25e-08,-0.0394489,0.24113,-0.039693674999999984,0.24172824999999995,0.0002447749999999818,-0.0005982499999999391,0.0006463883222374289
0.02375,0.07875,0.005,6.25e-08,-0.0310304,0.233631,-0.031123749999999978,0.23392549999999995,9.334999999997817e-05,-0.0002944999999999476,0.0003089408883588656
0.02625,0.07875,0.005,6.25e-08,-0.020809,0.224785,-0.02067147499999997,0.22482449999999995,-0.00013752500000003068,-3.949999999994236e-05,0.0001430852040743692
0.02875,0.07875,0.005,6.25e-08,-0.00932419,0.215035,-0.008895892499999959,0.21491324999999997,-0.00042829750000004073,0.00012175000000003156,0.0004452660002810596
0.03125,0.07875,0.005,6.25e-08,0.0030017,0.204594,0.003725117000000053,0.20445549999999996,-0.000723417000000053,0.00013850000000004137,0.000736555772422624
0.03375,0.07875,0.005,6.25e-08,0.0158261,0.193591,0.016784550000000065,0.19355774999999997,-0.0009584500000000655,3.325000000004019e-05,0.0009590265715818975
0.03625,0.07875,0.005,6.25e-08,0.0288254,0.182095,0.029931275000000077,0.18222349999999998,-0.0011058750000000755,-0.00012849999999997586,0.0011133156630646858
0.03875,0.07875,0.005,6.25e-08,0.0416803,0.17009,0.04285502500000009,0.17038299999999998,-0.0011747250000000847,-0.0002929999999999877,0.0012107137670090283
0.04125,0.07875,0.005,6.25e-08,0.054085,0.157487,0.055273275000000094,0.15791899999999998,-0.0011882750000000927,-0.00043199999999998795,0.0012643660370419676
0.04375,0.07875,0.005,6.25e-08,0.0657519,0.144145,0.0669204750000001,0.14467974999999997,-0.0011685750000001022,-0.0005347499999999727,0.001285116762448148
0.04625,0.07875,0.005,6.25e-08,0.0764088,0.129885,0.0775397750000001,0.13049,-0.0011309750000001034,-0.0006049999999999944,0.001282625997953116
0.04875,0.07875,0.005,6.25e-08,0.0857929,0.114508,0.08687625000000013,0.11515349999999996,-0.0010833500000001217,-0.0006454999999999655,0.0012610779010434761
0.05125,0.07875,0.005,6.25e-08,0.0936433,0.0977955,0.09467152500000013,0.09845889999999997,-0.0010282250000001325,-0.0006633999999999807,0.0012236609868036354
0.05375,0.07875,0.005,6.25e-08,0.0996952,0.0795123,0.10066015000000014,0.08017602499999998,-0.0009649500000001449,-0.00066372499999999,0.0011711786277614814
0.05625,0.07875,0.005,6.25e-08,0.103675,0.0594059,0.10456532500000014,0.060054849999999986,-0.0008903250000001361,-0.0006489499999999884,0.0011017325937473336
0.05875,0.07875,0.005,6.25e-08,0.105296,0.037201,0.10609747500000016,0.03781975000000003,-0.0008014750000001625,-0.000618750000000029,0.00101252838879969
0.06125,0.07875,0.005,6.25e-08,0.104258,0.0125912,0.10495165000000016,0.013161867500000007,-0.0006936500000001566,-0.0005706675000000071,0.0008982269858206639
0.06375,0.07875,0.005,6.25e-08,0.100246,-0.0147717,0.10080892500000015,-0.014272235000000065,-0.0005629250000001446,-0.0004994649999999351,0.0007525621847064188
0.06625,0.07875,0.005,6.25e-08,0.0929349,-0.0452939,0.09333957500000015,-0.044896400000000065,-0.0004046750000001459,-0.00039749999999993263,0.0005672460714937253
0.06875,0.07875,0.005,6.25e-08,0.0820016,-0.0794606,0.08221817500000013,-0.07920472500000006,-0.0002165750000001354,-0.0002558749999999471,0.00033522641043037105
0.07125,0.07875,0.005,6.25e-08,0.0671551,-0.117857,0.06715287500000022,-0.11779224999999983,2.224999999772548e-06,-6.475000000016884e-05,6.478821748605877e-05
0.07375,0.07875,0.005,6.25e-08,0.0482009,-0.161177,0.04795100000000023,-0.16136024999999982,0.00024989999999976836,0.00018324999999982938,0.00030988799992871894
0.07625,0.07875,0.005,6.25e-08,0.02518,-0.210159,0.02465017500000024,-0.2106644999999998,0.0005298249999997617,0.0005054999999997978,0.0007322873620543667
0.07875,0.07875,0.005,6.25e-08,-0.00137462,-0.265339,-0.0022374199999999223,-0.2663010000000001,0.0008627999999999223,0.0009620000000001294,0.0012922336630811454
0.08125,0.07875,0.005,6.25e-08,-0.0300777,-0.326414,-0.03131889999999994,-0.3281310000000001,0.0012411999999999423,0.001717000000000135,0.0021186473137358944
0.08375,0.07875,0.005,6.25e-08,-0.058329,-0.391095,-0.059768349999999956,-0.3940365000000001,0.0014393499999999573,0.002941500000000097,0.0032747749040965314
0.08625,0.07875,0.005,6.25e-08,-0.0818725,-0.453404,-0.08287382499999986,-0.4577829999999998,0.0010013249999998586,0.0043789999999998,0.0044920254624860444
0.08875,0.07875,0.005,6.25e-08,-0.095055,-0.501574,-0.09437102499999993,-0.5064204999999999,-0.0006839750000000727,0.004846499999999976,0.00489452592705615
0.09125,0.07875,0.005,6.25e-08,-0.0920828,-0.516217,-0.08859622500000003,-0.51918675,-0.003486574999999978,0.0029697499999999932,0.0045799148783710825
0.09375,0.07875,0.005,6.25e-08,-0.0694659,-0.472331,-0.06475025,-0.4712812500000001,-0.004715650000000002,-0.001049749999999905,0.004831079587938892
0.09625,0.07875,0.005,6.25e-08,-0.0319174,-0.348431,-0.03102177499999991,-0.34375349999999966,-0.0008956250000000873,-0.004677500000000334,0.0047624731380479495
0.098125,0.079375,0.005,1.5625e-08,-0.0203742,-0.185709,-0.009481572499999938,-0.1988697499999994,-0.01089262750000006,0.013160749999999388,0.017083754693165126
0.00125,0.08125,0.005,6.25e-08,-0.00201322,0.0521337,-0.0017558402500000019,0.05093195000000002,-0.00025737974999999816,0.0012017499999999806,0.0012290026030118955
0.00375,0.08125,0.005,6.25e-08,-0.0123342,0.134836,-0.01314005000000001,0.13417875000000004,0.0008058500000000107,0.0006572499999999704,0.001039890275461781
0.00625,0.08125,0.005,6.25e-08,-0.0287524,0.191119,-0.028936100000000027,0.19130750000000005,0.0001837000000000262,-0.00018850000000003586,0.00026320702878157175
0.00875,0.08125,0.005,6.25e-08,-0.0433232,0.224791,-0.043206900000000034,0.22573375000000007,-0.00011629999999996504,-0.0009427500000000755,0.0009498964430400475
0.01125,0.08125,0.005,6.25e-08,-0.0525867,0.241779,-0.052624275000000026,0.24308675000000002,3.757500000002578e-05,-0.0013077500000000242,0.0013082897015283218
0.01375,0.08125,0.005,6.25e-08,-0.0558386,0.24748,-0.056113050000000025,0.2487725,0.0002744500000000233,-0.001292500000000002,0.0013213171657478827
0.01625,0.08125,0.005,6.25e-08,-0.0535453,0.246007,-0.05395940000000001,0.247025,0.00041410000000001446,-0.0010179999999999911,0.0010990008234755759
0.01875,0.08125,0.005,6.25e-08,-0.0466607,0.240207,-0.0470583,0.24081274999999996,0.00039759999999999796,-0.0006057499999999605,0.0007245818259520112
0.02125,0.08125,0.005,6.25e-08,-0.036208,0.231874,-0.03645627499999998,0.23207699999999995,0.0002482749999999853,-0.00020299999999995322,0.00032070153667385776
0.02375,0.08125,0.005,6.25e-08,-0.0231088,0.222165,-0.023131099999999974,0.22201799999999997,2.2299999999975118e-05,0.000147000000000036,0.00014868184152750286
0.02625,0.08125,0.005,6.25e-08,-0.00817277,0.211769,-0.007913032499999957,0.21133824999999992,-0.0002597375000000426,0.0004307500000000908,0.0005030001306225977
0.02875,0.08125,0.005,6.25e-08,0.00793125,0.201011,0.008523050000000058,0.20041049999999996,-0.0005918000000000572,0.0006005000000000316,0.0008431058593083704
0.03125,0.08125,0.005,6.25e-08,0.0247277,0.189947,0.025636050000000073,0.18940049999999997,-0.0009083500000000751,0.0005465000000000331,0.0010600763993694853
0.03375,0.08125,0.005,6.25e-08,0.0418525,0.178668,0.04298925000000008,0.17833899999999997,-0.0011367500000000821,0.0003290000000000237,0.0011834025361220934
0.03625,0.08125,0.005,6.25e-08,0.058982,0.167223,0.0602219250000001,0.16717299999999996,-0.0012399250000001,5.0000000000050004e-05,0.001240932715994406
0.03875,0.08125,0.005,6.25e-08,0.0757769,0.15559,0.0770255750000001,0.15579449999999997,-0.0012486750000001018,-0.0002044999999999686,0.0012653100432800024
0.04125,0.08125,0.005,6.25e-08,0.0919171,0.143664,0.09312502500000011,0.14406174999999993,-0.0012079250000001096,-0.00039774999999994676,0.001271726333817627
0.04375,0.08125,0.005,6.25e-08,0.107113,0.131282,0.10826425000000012,0.13181074999999998,-0.0011512500000001175,-0.0005287499999999667,0.0012668674457101798
0.04625,0.08125,0.005,6.25e-08,0.121099,0.118251,0.12219475000000013,0.11886074999999996,-0.0010957500000001313,-0.0006097499999999645,0.001253978917286987
0.04875,0.08125,0.005,6.25e-08,0.13362,0.104364,0.13466750000000016,0.10501974999999997,-0.0010475000000001733,-0.0006557499999999689,0.0012358253567961463
0.05125,0.08125,0.005,6.25e-08,0.144422,0.0894059,0.14542700000000014,0.09008292499999998,-0.0010050000000001447,-0.0006770249999999839,0.001211770543719094
0.05375,0.08125,0.005,6.25e-08,0.15324,0.0731519,0.15420400000000017,0.07383219999999997,-0.0009640000000001869,-0.000680299999999967,0.001179874607744533
0.05625,0.08125,0.005,6.25e-08,0.159794,0.0553637,0.16071300000000016,0.056033724999999986,-0.0009190000000001697,-0.0006700249999999838,0.0011373189968629251
0.05875,0.08125,0.005,6.25e-08,0.163782,0.0357847,0.1646452500000002,0.036431350000000015,-0.0008632500000001764,-0.0006466500000000125,0.0010785901839903424
0.06125,0.08125,0.005,6.25e-08,0.164877,0.0141307,0.1656665000000002,0.014737925000000002,-0.0007895000000001928,-0.0006072250000000029,0.0009960082583118013
0.06375,0.08125,0.005,6.25e-08,0.162722,-0.00992381,0.16341325000000015,-0.009377850000000059,-0.0006912500000001431,-0.0005459599999999409,0.0008808512269958721
0.06625,0.08125,0.005,6.25e-08,0.156926,-0.0367658,0.15749075000000018,-0.036311375000000055,-0.0005647500000001693,-0.00045442499999994584,0.0007248756052766172
0.06875,0.08125,0.005,6.25e-08,0.147072,-0.0668745,0.14747575000000018,-0.06655160000000006,-0.0004037500000001748,-0.00032289999999994545,0.0005169898185652266
0.07125,0.08125,0.005,6.25e-08,0.13272,-0.100866,0.13293050000000026,-0.10072174999999985,-0.00021050000000025215,-0.0001442500000001512,0.0002551829000935403
0.07375,0.08125,0.005,6.25e-08,0.113446,-0.139549,0.11344000000000025,-0.13962674999999983,5.9999999997562e-06,7.774999999982102e-05,7.798116759814028e-05
0.07625,0.08125,0.005,6.25e-08,0.0889548,-0.183959,0.08870232500000026,-0.1842859999999998,0.0002524749999997383,0.0003269999999997997,0.00041312543570293133
0.07875,0.08125,0.005,6.25e-08,0.0593069,-0.235253,0.0587325500000001,-0.23586475000000007,0.0005743499999999041,0.0006117500000000775,0.00083911619278857
0.08125,0.08125,0.005,6.25e-08,0.0252421,-0.294263,0.02425950000000007,-0.29531675,0.0009825999999999308,0.00105375000000002,0.0014407955519434067
0.08375,0.08125,0.005,6.25e-08,-0.0113414,-0.360354,-0.012583712499999955,-0.36232825000000013,0.0012423124999999553,0.0019742500000001217,0.00233259585229774
0.08625,0.08125,0.005,6.25e-08,-0.046159,-0.42903,-0.0473594499999998,-0.43299849999999973,0.0012004499999998045,0.003968499999999708,0.004146091225780882
0.08875,0.08125,0.005,6.25e-08,-0.0727613,-0.490252,-0.07283309999999987,-0.49603299999999984,7.179999999987197e-05,0.005780999999999814,0.0057814458606820695
0.09125,0.08125,0.005,6.25e-08,-0.0832473,-0.523474,-0.08043007499999999,-0.5290285,-0.0028172250000000065,0.005554500000000018,0.006228099786501918
0.09375,0.08125,0.005,6.25e-08,-0.0712015,-0.497625,-0.065305525,-0.4997285000000001,-0.005895974999999998,0.0021035000000000914,0.006259970722824936
0.09625,0.08125,0.005,6.25e-08,-0.040519,-0.380096,-0.033577599999999916,-0.3775204999999996,-0.006941400000000084,-0.002575500000000397,0.007403798633809756
0.09875,0.08125,0.005,6.25e-08,-0.0125021,-0.156643,-0.004907764999999951,-0.15032799999999927,-0.007594335000000049,-0.006315000000000737,0.009876899771296408
0.00125,0.08375,0.005,6.25e-08,-0.00215158,0.0595115,-0.002618982500000003,0.05903735000000003,0.0004674025000000028,0.0004741499999999718,0.000665795253442247
0.00375,0.08375,0.005,6.25e-08,-0.0174227,0.15192,-0.018833000000000016,0.15146350000000006,0.001410300000000017,0.00045649999999994306,0.0014823421804698118
0.00625,0.08375,0.005,6.25e-08,-0.0391554,0.208434,-0.039565650000000036,0.20895475000000005,0.0004102500000000356,-0.000520750000000042,0.0006629371199443224
0.00875,0.08375,0.005,6.25e-08,-0.0559609,0.237271,-0.05607402500000004,0.23831850000000004,0.00011312500000004028,-0.0010475000000000345,0.0010535907723708867
0.01125,0.08375,0.005,6.25e-08,-0.0642211,0.247469,-0.06452595000000004,0.24860550000000003,0.00030485000000003704,-0.0011365000000000403,0.0011766757295449389
0.01375,0.08375,0.005,6.25e-08,-0.0640511,0.246401,-0.06453667500000003,0.2473655,0.00048557500000002973,-0.0009644999999999793,0.0010798348626641894
0.01625,0.08375,0.005,6.25e-08,-0.0568658,0.239218,-0.057345450000000006,0.23978974999999997,0.00047965000000000507,-0.000571749999999982,0.0007462989916916572
0.01875,0.08375,0.005,6.25e-08,-0.044346,0.229018,-0.044639974999999985,0.22908624999999996,0.000293974999999988,-6.824999999996417e-05,0.0003017935770108238
0.02125,0.08375,0.005,6.25e-08,-0.0280152,0.217426,-0.02800472499999995,0.21709924999999997,-1.0475000000051415e-05,0.0003267500000000423,0.0003269178614346862
0.02375,0.08375,0.005,6.25e-08,-0.00905417,0.205447,-0.008738822499999946,0.20481974999999994,-0.00031534750000005406,0.0006272500000000514,0.0007020588353238984
0.02625,0.08375,0.005,6.25e-08,0.0115593,0.193625,0.012156735000000071,0.19273349999999995,-0.0005974350000000715,0.000891500000000045,0.0010731732521942418
0.02875,0.08375,0.005,6.25e-08,0.0330596,0.182151,0.03393012500000008,0.18103174999999994,-0.0008705250000000803,0.0011192500000000716,0.0014179331218803304
0.03125,0.08375,0.005,6.25e-08,0.0549609,0.170595,0.05601792500000011,0.16973924999999992,-0.0010570250000001072,0.0008557500000000717,0.0013600036445264951
0.03375,0.08375,0.005,6.25e-08,0.0767832,0.159281,0.07799052500000012,0.15878549999999994,-0.00120732500000012,0.0004955000000000653,0.0013050493881939314
0.03625,0.08375,0.005,6.25e-08,0.0982837,0.148152,0.09950915000000013,0.14804849999999994,-0.0012254500000001278,0.00010350000000006188,0.0012298129746023685
0.03875,0.08375,0.005,6.25e-08,0.119146,0.137149,0.12029300000000014,0.13737724999999995,-0.001147000000000134,-0.00022824999999995765,0.0011694900865335661
0.04125,0.08375,0.005,6.25e-08,0.139052,0.126149,0.14009525000000014,0.12660324999999994,-0.0010432500000001343,-0.0004542499999999339,0.001137854834765938
0.04375,0.08375,0.005,6.25e-08,0.157727,0.114963,0.15868675000000015,0.11555124999999995,-0.000959750000000148,-0.0005882499999999569,0.0011256811826624062
0.04625,0.08375,0.005,6.25e-08,0.174933,0.103379,0.17584250000000018,0.10403849999999996,-0.0009095000000001741,-0.0006594999999999657,0.0011234458153379144
0.04875,0.08375,0.005,6.25e-08,0.190445,0.091187,0.19133225000000015,0.09187904999999996,-0.0008872500000001449,-0.000692049999999958,0.001125231427307378
0.05125,0.08375,0.005,6.25e-08,0.20403,0.078179,0.20491350000000016,0.07888089999999998,-0.0008835000000001758,-0.0007018999999999775,0.0011283775343386977
0.05375,0.08375,0.005,6.25e-08,0.215436,0.064146,0.21632600000000018,0.06484464999999998,-0.0008900000000001962,-0.0006986499999999812,0.0011314644592298614
0.05625,0.08375,0.005,6.25e-08,0.224389,0.0488732,0.2252837500000002,0.049559599999999975,-0.000894750000000194,-0.0006863999999999759,0.001127706753770817
0.05875,0.08375,0.005,6.25e-08,0.230585,0.0321324,0.2314725000000002,0.03279800000000001,-0.0008875000000001798,-0.0006656000000000092,0.0011093600001804336
0.06125,0.08375,0.005,6.25e-08,0.233682,0.0136737,0.2345420000000002,0.014306049999999996,-0.0008600000000001939,-0.0006323499999999951,0.0010674579722407468
0.06375,0.08375,0.005,6.25e-08,0.233297,-0.00678949,0.2341005000000002,-0.006209537500000055,-0.0008035000000002068,-0.000579952499999945,0.0009909375117819078
0.06625,0.08375,0.005,6.25e-08,0.229002,-0.0296004,0.2297095000000002,-0.02910282500000005,-0.0007075000000001941,-0.0004975749999999481,0.0008649492069625957
0.06875,0.08375,0.005,6.25e-08,0.220308,-0.0551942,0.22087550000000017,-0.05482232500000005,-0.0005675000000001651,-0.0003718749999999521,0.0006784889576294899
0.07125,0.08375,0.005,6.25e-08,0.20667,-0.0841536,0.2070512500000003,-0.08396277499999988,-0.00038125000000030496,-0.0001908250000001166,0.0004263399384590623
0.07375,0.08375,0.005,6.25e-08,0.187484,-0.117299,0.1876422500000003,-0.11734099999999983,-0.00015825000000027623,4.199999999983384e-05,0.0001637286245592794
0.07625,0.08375,0.005,6.25e-08,0.162162,-0.155818,0.1620542500000003,-0.1560927499999998,0.00010774999999971224,0.000274749999999796,0.00029512306754949855
0.07875,0.08375,0.005,6.25e-08,0.130234,-0.201358,0.1298180000000001,-0.20174725000000004,0.0004159999999998887,0.0003892500000000354,0.0005697118240829612
0.08125,0.08375,0.005,6.25e-08,0.0915727,-0.256004,0.09090915000000008,-0.25613575000000005,0.0006635499999999295,0.00013175000000004156,0.0006765032631110639
0.08375,0.08375,0.005,6.25e-08,0.0472057,-0.320631,0.046438425000000054,-0.32073000000000007,0.0007672749999999492,9.900000000007125e-05,0.0007736355250535851
0.08625,0.08375,0.005,6.25e-08,0.00123383,-0.391865,-0.00012330974999972307,-0.39459574999999963,0.0013571397499997232,0.0027307499999996154,0.003049397295126893
0.08875,0.08375,0.005,6.25e-08,-0.0400062,-0.464337,-0.0414581249999998,-0.4698864999999997,0.0014519249999997985,0.0055494999999997074,0.005736291175979577
0.09125,0.08375,0.005,6.25e-08,-0.066833,-0.517622,-0.06630689999999992,-0.5250922499999999,-0.0005261000000000848,0.007470249999999901,0.007488752651309736
0.09375,0.08375,0.005,6.25e-08,-0.0679207,-0.51601,-0.0642281,-0.5211927500000001,-0.003692600000000004,0.005182750000000125,0.006363661864249335
0.09625,0.08375,0.005,6.25e-08,-0.041761,-0.412166,-0.036677649999999916,-0.4117984999999996,-0.005083350000000084,-0.00036750000000035365,0.0050966168653824775
0.09875,0.08375,0.005,6.25e-08,-0.0120749,-0.178394,-0.0057097374999999445,-0.16962324999999917,-0.006365162500000055,-0.008770750000000826,0.010837035997629677
0.000625,0.086875,0.005,1.5625e-08,-2.9759e-05,0.0417182,-0.0013906234999999981,0.03912667499999998,0.001360864499999998,0.002591525000000018,0.0029271067648764266
0.00375,0.08625,0.005,6.25e-08,-0.0273637,0.175716,-0.027444599999999972,0.1752684999999999,8.089999999997058e-05,0.0004475000000001006,0.0004547538455033506
0.00625,0.08625,0.005,6.25e-08,-0.0540144,0.229639,-0.05399254999999996,0.23036674999999995,-2.1850000000038505e-05,-0.0007277499999999437,0.0007280779388224312
0.00875,0.08625,0.005,6.25e-08,-0.0706629,0.249844,-0.07115707499999996,0.250461,0.0004941749999999578,-0.0006169999999999787,0.0007905048580653582
0.01125,0.08625,0.005,6.25e-08,-0.0748874,0.250458,-0.07556579999999999,0.250272,0.0006783999999999818,0.00018600000000001948,0.0007034362515537442
0.01375,0.08625,0.005,6.25e-08,-0.0680924,0.240428,-0.06867314999999999,0.24005100000000004,0.000580749999999991,0.0003769999999999607,0.0006923868589884993
0.01625,0.08625,0.005,6.25e-08,-0.053223,0.226885,-0.053360225000000025,0.22572150000000007,0.00013722500000002552,0.0011634999999999285,0.0011715643177499222
0.01875,0.08625,0.005,6.25e-08,-0.0327589,0.211939,-0.032369900000000056,0.21033800000000008,-0.00038899999999994495,0.001600999999999908,0.0016475806505296374
0.02125,0.08625,0.005,6.25e-08,-0.00876471,0.197044,-0.007846795250000064,0.19532350000000007,-0.000917914749999936,0.0017204999999999304,0.0019500481374230753
0.02375,0.08625,0.005,6.25e-08,0.0173738,0.182963,0.018666449999999897,0.1812467500000001,-0.0012926499999998987,0.0017162499999998915,0.002148594444049264
0.02625,0.08625,0.005,6.25e-08,0.0446504,0.169955,0.046101224999999885,0.16825050000000008,-0.0014508249999998848,0.0017044999999999144,0.0022383506049375675
0.02875,0.08625,0.005,6.25e-08,0.0722507,0.158213,0.07372579999999987,0.1562765000000001,-0.0014750999999998682,0.0019364999999998966,0.0024343278867069674
0.03125,0.08625,0.005,6.25e-08,0.100028,0.146312,0.10103527499999984,0.14517450000000007,-0.0010072749999998354,0.0011374999999999302,0.0015193778909884498
0.03375,0.08625,0.005,6.25e-08,0.126736,0.135227,0.12767049999999983,0.13476075000000007,-0.0009344999999998382,0.0004662499999999459,0.0010443559319023603
0.03625,0.08625,0.005,6.25e-08,0.1525,0.12479,0.15336474999999983,0.12483950000000008,-0.0008647499999998309,-4.950000000007726e-05,0.0008661655803018931
0.03875,0.08625,0.005,6.25e-08,0.177168,0.1148,0.17790149999999982,0.11521650000000005,-0.0007334999999998315,-0.0004165000000000557,0.0008435013337273387
0.04125,0.08625,0.005,6.25e-08,0.200479,0.10508,0.2010929999999998,0.10570300000000007,-0.0006139999999998091,-0.0006230000000000679,0.0008747142390517318
0.04375,0.08625,0.005,6.25e-08,0.222201,0.0954013,0.22275899999999976,0.09611575000000006,-0.0005579999999997531,-0.0007144500000000609,0.0009065333984469692
0.04625,0.08625,0.005,6.25e-08,0.242151,0.0855333,0.24271724999999977,0.08627702500000005,-0.0005662499999997683,-0.0007437250000000423,0.000934754480130906
0.04875,0.08625,0.005,6.25e-08,0.260154,0.0752697,0.26077149999999977,0.07601267500000004,-0.000617499999999771,-0.0007429750000000485,0.0009660838993714724
0.05125,0.08625,0.005,6.25e-08,0.276015,0.0644199,0.2767067499999998,0.06514967500000005,-0.0006917499999997689,-0.0007297750000000436,0.0010055295187734392
0.05375,0.08625,0.005,6.25e-08,0.28951,0.0528004,0.29028299999999974,0.053513300000000034,-0.0007729999999997461,-0.0007129000000000371,0.001051549052588447
0.05625,0.08625,0.005,6.25e-08,0.300382,0.0402277,0.3012297499999998,0.04092310000000002,-0.0008477499999998139,-0.0006954000000000196,0.0010964767313991263
0.05875,0.08625,0.005,6.25e-08,0.308336,0.0265113,0.30923924999999974,0.027187225000000037,-0.0009032499999997445,-0.0006759250000000355,0.0011281556488909616
0.06125,0.08625,0.005,6.25e-08,0.313032,0.0114447,0.3139622499999998,0.012094452500000007,-0.0009302499999997993,-0.0006497525000000066,0.0011346996843904934
0.06375,0.08625,0.005,6.25e-08,0.314082,-0.00520766,0.31499874999999977,-0.004598672500000052,-0.0009167499999997997,-0.0006089874999999486,0.0011005890866512442
0.06625,0.08625,0.005,6.25e-08,0.311039,-0.0237284,0.31189049999999974,-0.02318785000000007,-0.0008514999999997275,-0.0005405499999999314,0.0010085864130055797
0.06875,0.08625,0.005,6.25e-08,0.303385,-0.044481,0.30410699999999974,-0.04405407500000009,-0.0007219999999997229,-0.0004269249999999114,0.0008387782517593814
0.07125,0.08625,0.005,6.25e-08,0.290511,-0.0679657,0.2910332499999998,-0.06771777499999997,-0.0005222499999997798,-0.0002479250000000377,0.0005781106019826904
0.07375,0.08625,0.005,6.25e-08,0.271699,-0.0949246,0.2719544999999998,-0.09492607499999998,-0.00025549999999979756,1.4749999999869035e-06,0.0002555042575474947
0.07625,0.08625,0.005,6.25e-08,0.24614,-0.126543,0.24605224999999986,-0.12678599999999998,8.775000000013633e-05,0.00024299999999999322,0.0002583583993216025
0.07875,0.08625,0.005,6.25e-08,0.212676,-0.164719,0.21244574999999966,-0.16494550000000022,0.00023025000000034823,0.00022650000000021264,0.00032298190738841193
0.08125,0.08625,0.005,6.25e-08,0.170576,-0.212252,0.1703657499999996,-0.21174925000000025,0.0002102500000004115,-0.0005027499999997465,0.0005449427722246787
0.083125,0.086875,0.005,1.5625e-08,0.14814,-0.24295,0.1543957499999996,-0.24089000000000033,-0.006255749999999616,-0.002059999999999673,0.006586198301182089
0.08625,0.08625,0.005,6.25e-08,0.063272,-0.340311,0.062172774999999965,-0.3421294999999999,0.00109922500000003,0.0018184999999999452,0.0021249089040768
0.08875,0.08625,0.005,6.25e-08,0.00649417,-0.421298,0.003839712500000003,-0.4250987499999999,0.0026544574999999965,0.0038007499999999084,0.0046359298076875085
0.09125,0.08625,0.005,6.25e-08,-0.0407115,-0.494901,-0.042633249999999984,-0.5021969999999999,0.001921749999999986,0.007295999999999914,0.007544848511567259
0.09375,0.08625,0.005,6.25e-08,-0.0612981,-0.524275,-0.060015825000000016,-0.5310222499999999,-0.0012822749999999855,0.006747249999999871,0.006868013667584189
0.09625,0.08625,0.005,6.25e-08,-0.0415144,-0.442583,-0.0406486999999999,-0.44558574999999945,-0.0008657000000001011,0.0030027499999994434,0.0031250510479825496
0.09875,0.08625,0.005,6.25e-08,-0.0120092,-0.20223,-0.006940974999999926,-0.19208099999999897,-0.005068225000000074,-0.010149000000001018,0.0113441220749182
0.000625,0.089375,0.005,1.5625e-08,-0.00315011,0.0533426,-0.0023161984999999965,0.05070357499999996,-0.0008339115000000033,0.002639025000000038,0.002767645450641656
0.003125,0.088125,0.005,1.5625e-08,-0.0288705,0.181204,-0.02796839999999997,0.17692399999999991,-0.0009021000000000307,0.004280000000000089,0.004374035254773425
0.00625,0.08875,0.005,6.25e-08,-0.0736583,0.253903,-0.07193174999999995,0.2538862499999999,-0.0017265500000000489,1.6750000000065324e-05,0.001726631247545396
0.008125,0.089375,0.005,1.5625e-08,-0.0830834,0.258281,-0.08613562499999998,0.2609415,0.003052224999999978,-0.00266050000000001,0.004048992183324749
0.010625,0.088125,0.005,1.5625e-08,-0.0790163,0.248417,-0.08126397499999999,0.24995750000000003,0.0022476749999999907,-0.001540500000000028,0.002724918926431582
0.01375,0.08875,0.005,6.25e-08,-0.0576989,0.223402,-0.05887380000000006,0.22263775000000008,0.001174900000000062,0.0007642499999999108,0.001401594831789847
0.015625,0.089375,0.005,1.5625e-08,-0.0274265,0.200301,-0.029000875000000124,0.1989630000000001,0.0015743750000001243,0.0013379999999998948,0.002066131806208188
0.018125,0.088125,0.005,1.5625e-08,-0.0144605,0.19509,-0.017761527500000106,0.1947492500000001,0.003301027500000107,0.0003407499999999175,0.0033185679318430265
0.020625,0.088125,0.005,1.5625e-08,0.0167252,0.177936,0.013425539999999868,0.17759500000000011,0.0032996600000001312,0.00034099999999989694,0.003317233352599843
0.023125,0.088125,0.005,1.5625e-08,0.0491625,0.162634,0.04590022499999985,0.1623467500000001,0.0032622750000001477,0.00028724999999990564,0.0032748970576379818
0.025625,0.088125,0.005,1.5625e-08,0.0818157,0.14892,0.0785695499999998,0.14886475000000007,0.0032461500000002114,5.5249999999923416e-05,0.003246620147938678
0.028125,0.088125,0.005,1.5625e-08,0.114425,0.135913,0.11075484999999981,0.13688675000000008,0.0036701500000001913,-0.0009737500000000787,0.0037971291899277742
0.03125,0.08875,0.005,6.25e-08,0.169681,0.11774,0.16962349999999976,0.1158617500000001,5.7500000000237916e-05,0.0018782499999999008,0.0018791299349698132
0.03375,0.08875,0.005,6.25e-08,0.200159,0.107275,0.20028199999999977,0.10660000000000008,-0.0001229999999997622,0.0006749999999999118,0.0006861151506852347
0.03625,0.08875,0.005,6.25e-08,0.22939,0.0977495,0.22937074999999973,0.09801037500000007,1.925000000027599e-05,-0.00026087500000006314,0.00026158426582087
0.03875,0.08875,0.005,6.25e-08,0.25688,0.0891646,0.25678699999999977,0.08987072500000008,9.300000000023179e-05,-0.0007061250000000852,0.0007122229395527522
0.04125,0.08875,0.005,6.25e-08,0.282537,0.0811325,0.28243474999999973,0.08198312500000007,0.00010225000000024798,-0.000850625000000077,0.0008567484771653708
0.04375,0.08875,0.005,6.25e-08,0.306228,0.0733076,0.3062097499999997,0.07416942500000007,1.825000000027499e-05,-0.000861825000000066,0.0008620182092769988
0.04625,0.08875,0.005,6.25e-08,0.327859,0.0654387,0.32799124999999973,0.06626590000000007,-0.00013224999999972287,-0.0008272000000000695,0.0008377051405477
0.04875,0.08875,0.005,6.25e-08,0.347321,0.0573354,0.34763449999999974,0.05811922500000005,-0.00031349999999974454,-0.0007838250000000505,0.0008441942197296301
0.05125,0.08875,0.005,6.25e-08,0.364468,0.0488374,0.3649667499999998,0.049582850000000046,-0.0004987499999997702,-0.0007454500000000433,0.0008969098421802692
0.05375,0.08875,0.005,6.25e-08,0.379109,0.0397968,0.37978224999999965,0.04051330000000003,-0.000673249999999681,-0.0007165000000000296,0.000983177406422469
0.05625,0.08875,0.005,6.25e-08,0.391017,0.0300698,0.3918392499999997,0.03076627500000003,-0.0008222499999996913,-0.0006964750000000297,0.001077577137899897
0.05875,0.08875,0.005,6.25e-08,0.399916,0.0195101,0.40085449999999967,0.020191800000000034,-0.0009384999999996757,-0.0006817000000000351,0.001159955662945545
0.06125,0.08875,0.005,6.25e-08,0.405485,0.00796129,0.4064977499999997,0.00862711750000001,-0.0010127499999997291,-0.0006658275000000109,0.0012120184908885326
0.06375,0.08875,0.005,6.25e-08,0.407351,-0.0047552,0.4083842499999997,-0.004113855000000038,-0.001033249999999708,-0.0006413449999999625,0.001216112236401044
0.06625,0.08875,0.005,6.25e-08,0.405074,-0.0188505,0.4060639999999997,-0.018257800000000053,-0.0009899999999997133,-0.000592699999999946,0.0011538601691710173
0.06875,0.08875,0.005,6.25e-08,0.39814,-0.0346012,0.39900649999999965,-0.03410075000000007,-0.0008664999999996592,-0.0005004499999999301,0.001000636023986414
0.07125,0.08875,0.005,6.25e-08,0.385925,-0.0523948,0.38657949999999974,-0.05205654999999999,-0.0006544999999997247,-0.0003382500000000052,0.0007367382930862514
0.07375,0.08875,0.005,6.25e-08,0.367656,-0.0728268,0.3680137499999998,-0.07273982500000001,-0.0003577499999998235,-8.697499999998914e-05,0.0003681707662551059
0.07625,0.08875,0.005,6.25e-08,0.342522,-0.096904,0.34236174999999974,-0.09710535,0.00016025000000025047,0.00020135000000000292,0.0002573361323251779
0.07875,0.08875,0.005,6.25e-08,0.309076,-0.126604,0.30845249999999963,-0.1266730000000002,0.0006235000000003876,6.900000000020778e-05,0.0006273063446200046
0.080625,0.089375,0.005,1.5625e-08,0.297032,-0.142108,0.3031154999999996,-0.1421070000000002,-0.006083499999999575,-9.99999999806711e-07,0.006083500082189104
0.083125,0.088125,0.005,1.5625e-08,0.200687,-0.212755,0.20030274999999956,-0.21314075000000032,0.00038425000000044673,0.00038575000000032333,0.0005444732546237628
0.085625,0.088125,0.005,1.5625e-08,0.137792,-0.275422,0.13846674999999956,-0.2756837500000004,-0.0006747499999995576,0.0002617500000003936,0.0007237407166932155
0.08875,0.08875,0.005,6.25e-08,0.0716767,-0.358262,0.06955282499999998,-0.35959149999999995,0.002123875000000011,0.001329499999999928,0.0025056766083485027
0.09125,0.08875,0.005,6.25e-08,-0.000164301,-0.450722,-0.0024893299999999676,-0.4538062499999999,0.0023250289999999676,0.0030842499999998996,0.003862429017255881
0.09375,0.08875,0.005,6.25e-08,-0.0507465,-0.517245,-0.04870245000000005,-0.52125325,-0.00204404999999995,0.0040082500000000465,0.004499356450093743
0.095625,0.089375,0.005,1.5625e-08,-0.0499018,-0.498417,-0.05168724999999996,-0.5077172499999998,0.0017854499999999593,0.009300249999999788,0.009470083514151071
0.09875,0.08875,0.005,6.25e-08,-0.00909674,-0.232937,-0.009043522499999903,-0.21947474999999883,-5.321750000009812e-05,-0.013462250000001175,0.013462355186401742
0.000625,0.091875,0.005,1.5625e-08,-0.00675208,0.075749,-0.004245047499999993,0.07026879999999994,-0.002507032500000007,0.00548020000000006,0.006026425474197531
0.003125,0.090625,0.005,1.5625e-08,-0.0441295,0.217741,-0.04287969999999995,0.21738324999999986,-0.0012498000000000509,0.0003577500000001288,0.001299994270179765
0.005625,0.090625,0.005,1.5625e-08,-0.0810348,0.266804,-0.08027449999999994,0.2673097499999999,-0.0007603000000000609,-0.000505749999999916,0.0009131479357146944
0.008125,0.090625,0.005,1.5625e-08,-0.0860056,0.259189,-0.08863940000000001,0.26082500000000003,0.0026338000000000056,-0.0016360000000000263,0.003100548087032374
0.010625,0.090625,0.005,1.5625e-08,-0.0690042,0.234576,-0.07194510000000007,0.23498050000000006,0.0029409000000000657,-0.0004045000000000576,0.0029685877214595553
0.013125,0.090625,0.005,1.5625e-08,-0.0358841,0.20558,-0.04023170000000014,0.2063425000000001,0.004347600000000139,-0.0007625000000000826,0.004413958768498108
0.015625,0.090625,0.005,1.5625e-08,0.000826287,0.180969,-0.0011872600000001916,0.1805330000000001,0.0020135470000001918,0.00043599999999988093,0.00206021055264011
0.018125,0.090625,0.005,1.5625e-08,0.0421557,0.159545,0.040568724999999764,0.15876025000000013,0.0015869750000002333,0.000784749999999862,0.0017704017095353031
0.020625,0.090625,0.005,1.5625e-08,0.0839544,0.141658,0.08252359999999974,0.1407412500000001,0.0014308000000002596,0.0009167499999999107,0.0016992996211676677
0.023125,0.090625,0.005,1.5625e-08,0.124664,0.12677,0.12339074999999972,0.1258175000000001,0.001273250000000281,0.000952499999999884,0.001590101195679223
0.025625,0.090625,0.005,1.5625e-08,0.163553,0.114356,0.16255049999999965,0.11332825000000012,0.0010025000000003503,0.001027749999999883,0.0014357145651209579
0.028125,0.090625,0.005,1.5625e-08,0.200434,0.104249,0.1997342499999997,0.1027118250000001,0.0006997500000003043,0.0015371749999998907,0.001688951462631502
0.030625,0.090625,0.005,1.5625e-08,0.239662,0.092868,0.2348462499999997,0.09351670000000009,0.004815750000000285,-0.0006487000000000853,0.0048592447718244095
0.03375,0.09125,0.005,6.25e-08,0.306405,0.0766802,0.3058452499999997,0.0755801750000001,0.0005597500000003031,0.0011000249999999073,0.0012342508104616077
0.03625,0.09125,0.005,6.25e-08,0.337543,0.068309,0.33637499999999965,0.06890830000000008,0.0011680000000003354,-0.0005993000000000803,0.0013127773954486265
0.03875,0.09125,0.005,6.25e-08,0.365889,0.0617085,0.36473424999999965,0.06271742500000008,0.0011547500000003708,-0.0010089250000000771,0.001533420104904723
0.04125,0.09125,0.005,6.25e-08,0.391863,0.055782,0.3909444999999997,0.056825550000000065,0.0009185000000003218,-0.0010435500000000666,0.00139019381832201
0.04375,0.09125,0.005,6.25e-08,0.415581,0.0501086,0.41499599999999964,0.05107780000000006,0.0005850000000003353,-0.0009692000000000589,0.0011320660934771019
0.04625,0.09125,0.005,6.25e-08,0.437076,0.0444578,0.4368424999999997,0.04533867500000006,0.00023350000000033067,-0.0008808750000000587,0.0009112974353224406
0.04875,0.09125,0.005,6.25e-08,0.456305,0.0386784,0.4564014999999996,0.03948662500000005,-9.649999999961079e-05,-0.0008082250000000513,0.0008139655401950427
0.05125,0.09125,0.005,6.25e-08,0.473166,0.0326533,0.4735524999999997,0.03340957500000004,-0.0003864999999997343,-0.0007562750000000354,0.0008493139146539683
0.05375,0.09125,0.005,6.25e-08,0.487502,0.0262786,0.4881367499999997,0.027001500000000036,-0.0006347499999996842,-0.0007229000000000367,0.0009620249334085122
0.05625,0.09125,0.005,6.25e-08,0.499119,0.0194545,0.49995349999999966,0.020158725000000027,-0.0008344999999996827,-0.000704225000000027,0.0010919354837280947
0.05875,0.09125,0.005,6.25e-08,0.507776,0.0120814,0.5087589999999996,0.012776200000000031,-0.000982999999999623,-0.0006948000000000301,0.0012037591287293735
0.06125,0.09125,0.005,6.25e-08,0.513183,0.00405428,0.5142624999999997,0.00474207750000001,-0.001079499999999789,-0.0006877975000000097,0.0012799943949118714
0.06375,0.09125,0.005,6.25e-08,0.515004,-0.00474561,0.5161184999999997,-0.004070345000000026,-0.0011144999999996852,-0.0006752649999999735,0.0013031090016665
0.06625,0.09125,0.005,6.25e-08,0.51284,-0.0144561,0.5139182499999997,-0.013815525000000042,-0.0010782499999997253,-0.0006405749999999575,0.0012541767790564269
0.06875,0.09125,0.005,6.25e-08,0.50621,-0.0252609,0.5071714999999997,-0.024697500000000056,-0.0009614999999996154,-0.0005633999999999431,0.0011144064832901846
0.07125,0.09125,0.005,6.25e-08,0.494518,-0.0374168,0.4952817499999997,-0.03700735,-0.0007637499999996744,-0.0004094499999999987,0.0008665814243332831
0.07375,0.09125,0.005,6.25e-08,0.476994,-0.0512868,0.4775037499999997,-0.051189350000000015,-0.0005097499999997535,-9.744999999998505e-05,0.0005189812761552633
0.07625,0.09125,0.005,6.25e-08,0.453146,-0.0672318,0.4528712499999997,-0.06795837500000003,0.00027475000000026784,0.0007265750000000348,0.0007767874826007418
0.078125,0.091875,0.005,1.5625e-08,0.450978,-0.0744816,0.4596469999999997,-0.0742384500000001,-0.008668999999999705,-0.0002431499999999004,0.008672409291684453
0.080625,0.090625,0.005,1.5625e-08,0.35978,-0.1184,0.35923474999999955,-0.11901625000000021,0.0005452500000004412,0.0006162500000002069,0.0008228375447199381
0.083125,0.090625,0.005,1.5625e-08,0.307166,-0.154781,0.3071899999999995,-0.15513375000000026,-2.3999999999524402e-05,0.0003527500000002626,0.0003535654995897683
0.085625,0.090625,0.005,1.5625e-08,0.241424,-0.204704,0.24129699999999948,-0.2051052500000004,0.0001270000000005156,0.0004012500000004082,0.0004208688186364708
0.088125,0.090625,0.005,1.5625e-08,0.160681,-0.274542,0.16038049999999993,-0.27552850000000007,0.0003005000000000646,0.0009865000000000568,0.0010312528787839337
0.090625,0.090625,0.005,1.5625e-08,0.0722112,-0.366414,0.06881575000000001,-0.3701735,0.0033954499999999943,0.003759499999999971,0.0050658583628541915
0.093125,0.090625,0.005,1.5625e-08,-0.00967707,-0.465113,-0.014404481999999946,-0.47288549999999996,0.0047274119999999465,0.00777249999999996,0.009097262251234866
0.095625,0.090625,0.005,1.5625e-08,-0.0503292,-0.505178,-0.05135935000000001,-0.5105872499999999,0.0010301500000000144,0.005409249999999921,0.005506468431308689
0.098125,0.090625,0.005,1.5625e-08,-0.0110961,-0.339052,-0.02267839999999985,-0.33742624999999893,0.01158229999999985,-0.0016257500000010916,0.011695842695269977
0.000625,0.094375,0.005,1.5625e-08,-0.0163432,0.120185,-0.009465432500000027,0.10712900000000015,-0.006877767499999972,0.013055999999999846,0.014756789006557348
0.003125,0.093125,0.005,1.5625e-08,-0.0674918,0.266061,-0.06592317499999993,0.26909499999999986,-0.0015686250000000734,-0.00303399999999987,0.003415514659699829
0.005625,0.093125,0.005,1.5625e-08,-0.0872668,0.276518,-0.09040597500000003,0.28035775,0.003139175000000022,-0.0038397500000000306,0.004959647138973232
0.008125,0.093125,0.005,1.5625e-08,-0.0599176,0.237721,-0.06392450000000018,0.23902975000000012,0.004006900000000174,-0.0013087500000001362,0.004215219350461106
0.010625,0.093125,0.005,1.5625e-08,-0.00947621,0.195221,-0.012354692500000267,0.19462750000000012,0.002878482500000267,0.0005934999999998858,0.002939031090820179
0.013125,0.093125,0.005,1.5625e-08,0.048215,0.15966,0.046567199999999635,0.15867000000000017,0.0016478000000003656,0.0009899999999998244,0.0019223279740982954
0.015625,0.093125,0.005,1.5625e-08,0.105655,0.132776,0.10484757499999958,0.13142775000000015,0.0008074250000004168,0.0013482499999998565,0.001571532116479102
0.018125,0.093125,0.005,1.5625e-08,0.159903,0.112056,0.15954774999999954,0.11095050000000015,0.0003552500000004455,0.0011054999999998566,0.0011611773389538736
0.020625,0.093125,0.005,1.5625e-08,0.210038,0.0963271,0.20989799999999956,0.09535740000000013,0.00014000000000044532,0.0009696999999998651,0.0009797540966997092
0.023125,0.093125,0.005,1.5625e-08,0.256063,0.0841614,0.25596499999999955,0.08323127500000013,9.800000000043108e-05,0.0009301249999998651,0.0009352734977667407
0.025625,0.093125,0.005,1.5625e-08,0.298252,0.0745924,0.2980964999999995,0.07357145000000012,0.00015550000000053021,0.0010209499999998817,0.0010327241415305072
0.028125,0.093125,0.005,1.5625e-08,0.337031,0.0669162,0.3366952499999995,0.0656791250000001,0.00033575000000052313,0.0012370749999998931,0.0012818278426236056
0.030625,0.093125,0.005,1.5625e-08,0.372694,0.0607677,0.37213049999999953,0.059061775000000094,0.0005635000000004942,0.0017059249999999068,0.001796583523141977
0.033125,0.093125,0.005,1.5625e-08,0.410586,0.0515163,0.40471249999999953,0.053364750000000086,0.0058735000000004756,-0.0018484500000000847,0.006157497028217383
0.03625,0.09375,0.005,6.25e-08,0.485476,0.0377579,0.48213375,0.040215249999999994,0.003342249999999991,-0.002457349999999997,0.004148397773237268
0.03875,0.09375,0.005,6.25e-08,0.510284,0.0346942,0.50810075,0.036307650000000004,0.00218324999999997,-0.0016134500000000024,0.0027147378261997744
0.04125,0.09375,0.005,6.25e-08,0.533204,0.0313576,0.531786,0.032642275,0.0014180000000000303,-0.001284674999999999,0.001913403735656718
0.04375,0.09375,0.005,6.25e-08,0.554103,0.0279966,0.5532630000000001,0.029109375,0.0008399999999999519,-0.0011127749999999999,0.001394226739316428
0.04625,0.09375,0.005,6.25e-08,0.572914,0.0246192,0.57255175,0.025616625,0.0003622500000000084,-0.0009974249999999997,0.001061169964296486
0.04875,0.09375,0.005,6.25e-08,0.589599,0.0211699,0.5896282500000001,0.022084275,-2.9250000000091703e-05,-0.000914375000000002,0.000914842720430681
0.05125,0.09375,0.005,6.25e-08,0.604077,0.0175872,0.60442175,0.018441174999999997,-0.0003447500000000048,-0.0008539749999999964,0.0009209374914319631
0.05375,0.09375,0.005,6.25e-08,0.616228,0.0138121,0.6168235,0.014622075,-0.000595499999999971,-0.0008099749999999992,0.0010053256938052286
0.05625,0.09375,0.005,6.25e-08,0.625893,0.00978739,0.62668225,0.010565097499999999,-0.0007892499999999636,-0.0007777074999999987,0.0011080363342671532
0.05875,0.09375,0.005,6.25e-08,0.632878,0.00545612,0.6338064999999999,0.006209037500000006,-0.0009284999999998877,-0.0007529175000000063,0.0011954066303170863
0.06125,0.09375,0.005,6.25e-08,0.636943,0.000757725,0.637963,0.0014900785,-0.0010199999999999099,-0.0007323535000000001,0.0012556837376354233
0.06375,0.09375,0.005,6.25e-08,0.637814,-0.00436077,0.6388695,-0.003663355000000015,-0.001055499999999987,-0.0006974149999999851,0.0012650960169982956
0.06625,0.09375,0.005,6.25e-08,0.63516,-0.00998047,0.63619025,-0.009338617500000016,-0.0010302500000000103,-0.0006418524999999842,0.001213832646725343
0.06875,0.09375,0.005,6.25e-08,0.628582,-0.0161984,0.629518,-0.01565255000000002,-0.0009360000000000479,-0.0005458499999999832,0.0010835350582699534
0.07125,0.09375,0.005,6.25e-08,0.617593,-0.0231466,0.6183510000000001,-0.02277512499999998,-0.0007580000000001474,-0.0003714750000000204,0.0008441313142072379
0.07375,0.09375,0.005,6.25e-08,0.60159,-0.0310035,0.6020477500000001,-0.030971899999999972,-0.00045775000000014554,-3.160000000002744e-05,0.00045883942997538364
0.07625,0.09375,0.005,6.25e-08,0.580051,-0.040077,0.5797485,-0.04068172499999997,0.00030249999999998334,0.0006047249999999657,0.0006761646069005302
0.07875,0.09375,0.005,6.25e-08,0.549671,-0.0525051,0.5502404999999999,-0.05266290000000004,-0.0005694999999998895,0.00015780000000004124,0.0005909577734490741
0.080625,0.094375,0.005,1.5625e-08,0.552271,-0.0535209,0.5594677500000004,-0.05386489999999993,-0.007196750000000418,0.0003439999999999277,0.00720496679815431
0.083125,0.093125,0.005,1.5625e-08,0.439473,-0.0958035,0.43810999999999944,-0.09748970000000023,0.0013630000000005582,0.0016862000000002347,0.002168188054575136
0.085625,0.093125,0.005,1.5625e-08,0.374574,-0.130504,0.37439674999999933,-0.13108450000000033,0.0001772500000006838,0.0005805000000003169,0.0006069578342031761
0.088125,0.093125,0.005,1.5625e-08,0.291103,-0.182925,0.2907414999999998,-0.1827977500000001,0.0003615000000001811,-0.00012724999999991216,0.00038324249829593354
0.090625,0.093125,0.005,1.5625e-08,0.1858,-0.262049,0.18320199999999992,-0.2637772500000001,0.0025980000000000725,0.0017282500000000978,0.003120328838840662
0.093125,0.093125,0.005,1.5625e-08,0.0650735,-0.37386,0.059177000000000035,-0.379928,0.005896499999999971,0.006067999999999962,0.008461048176792234
0.095625,0.093125,0.005,1.5625e-08,-0.0342937,-0.477293,-0.037757550000000244,-0.48646875000000034,0.0034638500000002403,0.009175750000000316,0.009807784912252484
0.098125,0.093125,0.005,1.5625e-08,-0.0376829,-0.393631,-0.0338101499999998,-0.38619824999999897,-0.0038727500000001955,-0.007432750000001043,0.00838116728892921
0.000625,0.096875,0.005,1.5625e-08,-0.031699,0.217899,-0.030208125000000113,0.18979725000000036,-0.0014908749999998847,0.028101749999999648,0.02814126971776691
0.003125,0.095625,0.005,1.5625e-08,-0.0792665,0.297713,-0.08504739999999998,0.30850425000000004,0.005780899999999978,-0.01079125000000003,0.012242135490693622
0.005625,0.095625,0.005,1.5625e-08,-0.0233216,0.237609,-0.03103561824999961,0.23962049999999976,0.007714018249999607,-0.0020114999999997774,0.00797196398708161
0.008125,0.095625,0.005,1.5625e-08,0.0716189,0.169845,0.06879132500000065,0.16771699999999973,0.0028275749999993466,0.0021280000000002686,0.0035388648435087837
0.010625,0.095625,0.005,1.5625e-08,0.164568,0.122395,0.16476525000000078,0.12007624999999975,-0.00019725000000078707,0.002318750000000258,0.0023271246474998943
0.013125,0.095625,0.005,1.5625e-08,0.245072,0.0914971,0.24645550000000077,0.08985634999999978,-0.0013835000000007591,0.0016407500000002184,0.0021461903020242212
0.015625,0.095625,0.005,1.5625e-08,0.312957,0.0713133,0.3145857500000008,0.07017077499999982,-0.0016287500000007893,0.0011425250000001719,0.0019895200270738577
0.018125,0.095625,0.005,1.5625e-08,0.370318,0.0575389,0.3718320000000007,0.056811924999999854,-0.001514000000000737,0.0007269750000001435,0.0016794905925986725
0.020625,0.095625,0.005,1.5625e-08,0.419351,0.0478421,0.42064550000000067,0.04735822499999987,-0.0012945000000006979,0.00048387500000012656,0.0013819787500634478
0.023125,0.095625,0.005,1.5625e-08,0.461906,0.0407788,0.4629070000000006,0.04039787499999989,-0.0010010000000006403,0.00038092500000010826,0.001071029810801905
0.025625,0.095625,0.005,1.5625e-08,0.499395,0.0354285,0.49999625000000064,0.03508149999999991,-0.0006012500000006638,0.0003470000000000903,0.000694197783416845
0.028125,0.095625,0.005,1.5625e-08,0.533067,0.0309942,0.5329125000000006,0.030879049999999915,0.00015449999999939124,0.00011515000000008463,0.0001926908729022508
0.030625,0.095625,0.005,1.5625e-08,0.565242,0.0258394,0.5623797500000006,0.027447199999999925,0.0028622499999994,-0.0016077999999999266,0.003282909670170096
0.03375,0.09625,0.005,6.25e-08,0.649787,0.0172706,0.6477702500000005,0.01802934999999994,0.0020167499999994565,-0.00075874999999994,0.0021547580200564787
0.03625,0.09625,0.005,6.25e-08,0.671092,0.0150424,0.6687975000000006,0.016154824999999942,0.002294499999999422,-0.001112424999999943,0.0025499450250196024
0.03875,0.09625,0.005,6.25e-08,0.689427,0.0132752,0.6877660000000005,0.014464599999999949,0.0016609999999994685,-0.0011893999999999499,0.0020429374341859115
0.04125,0.09625,0.005,6.25e-08,0.705944,0.0117381,0.7048380000000005,0.012892849999999954,0.0011059999999994963,-0.0011547499999999544,0.0015989632774078273
0.04375,0.09625,0.005,6.25e-08,0.720821,0.0102922,0.7201142500000005,0.01138790749999996,0.0007067499999995341,-0.0010957074999999612,0.0013038675116956884
0.04625,0.09625,0.005,6.25e-08,0.734027,0.00887066,0.7336435000000006,0.009907487499999965,0.00038349999999942597,-0.0010368274999999639,0.0011054788621930928
0.04875,0.09625,0.005,6.25e-08,0.745547,0.00743349,0.7454307500000005,0.00841608749999997,0.00011624999999948482,-0.0009825974999999694,0.0009894503067390853
0.05125,0.09625,0.005,6.25e-08,0.75534,0.00594889,0.7554427500000004,0.006882914999999975,-0.00010275000000037338,-0.0009340249999999746,0.0009396596528132031
0.05375,0.09625,0.005,6.25e-08,0.763331,0.00438928,0.7636117500000004,0.0052804374999999805,-0.00028075000000038486,-0.0008911574999999807,0.0009343351926939452
0.05625,0.09625,0.005,6.25e-08,0.769409,0.00273009,0.7698392500000004,0.0035832174999999855,-0.00043025000000040947,-0.0008531274999999854,0.0009554797715056962
0.05875,0.09625,0.005,6.25e-08,0.773435,0.000948837,0.7739955000000004,0.001766709999999994,-0.0005605000000004079,-0.000817872999999994,0.0009915021402545974
0.06125,0.09625,0.005,6.25e-08,0.775253,-0.000971839,0.7759200000000004,-0.00019426487500000207,-0.0006670000000004173,-0.0007775741249999978,0.0010244562069068978
0.06375,0.09625,0.005,6.25e-08,0.77467,-0.00305531,0.7754197500000004,-0.0023277250000000014,-0.0007497500000004376,-0.0007275849999999985,0.0010447511640221578
0.06625,0.09625,0.005,6.25e-08,0.771447,-0.0053315,0.7722627500000003,-0.004668079999999995,-0.000815750000000337,-0.0006634200000000057,0.001051462866153892
0.06875,0.09625,0.005,6.25e-08,0.76532,-0.00783118,0.7661675000000004,-0.007262137499999986,-0.0008475000000004451,-0.0005690425000000141,0.0010208161523051155
0.07125,0.09625,0.005,6.25e-08,0.75596,-0.0105929,0.7567845000000004,-0.010179482499999962,-0.0008245000000004499,-0.0004134175000000389,0.0009223417367261573
0.07375,0.09625,0.005,6.25e-08,0.742929,-0.0136517,0.7436582500000004,-0.013531224999999947,-0.0007292500000004587,-0.00012047500000005214,0.0007391344858181639
0.07625,0.09625,0.005,6.25e-08,0.725785,-0.0170496,0.7261660000000004,-0.017504599999999933,-0.0003810000000004088,0.00045499999999993115,0.0005934526097341294
0.07875,0.09625,0.005,6.25e-08,0.702599,-0.0212908,0.7033952500000004,-0.022430199999999945,-0.0007962500000003869,0.0011393999999999467,0.001390052668966358
0.080625,0.096875,0.005,1.5625e-08,0.7172,-0.0180845,0.7271950000000005,-0.019662174999999938,-0.009995000000000531,0.0015776749999999382,0.010118749102810852
0.083125,0.095625,0.005,1.5625e-08,0.598411,-0.0439849,0.5996780000000003,-0.04633097499999992,-0.0012670000000002402,0.0023460749999999198,0.0026663377328510415
0.085625,0.095625,0.005,1.5625e-08,0.545181,-0.0618108,0.5471652500000004,-0.06291302499999989,-0.001984250000000354,0.0011022249999998873,0.002269834358081258
0.088125,0.095625,0.005,1.5625e-08,0.47334,-0.0902497,0.4749582500000008,-0.09030757499999967,-0.0016182500000008204,5.787499999966583e-05,0.0016192845883684613
0.090625,0.095625,0.005,1.5625e-08,0.371831,-0.139575,0.371946500000001,-0.1393264999999995,-0.00011550000000098981,-0.0002485000000005122,0.00027403010783576905
0.093125,0.095625,0.005,1.5625e-08,0.228623,-0.229265,0.2241920000000011,-0.2303684999999992,0.00443099999999888,0.0011034999999992023,0.004566341341817135
0.095625,0.095625,0.005,1.5625e-08,0.0526582,-0.369735,0.04093736499999994,-0.3792905,0.011720835000000061,0.009555499999999995,0.015122352771550674
0.098125,0.095625,0.005,1.5625e-08,-0.0535087,-0.429384,-0.05186959999999996,-0.43335349999999956,-0.0016391000000000391,0.003969499999999571,0.004294598824104147
0.000625,0.099375,0.005,1.5625e-08,0.291541,0.144047,0.1778657875000037,0.21041299999999835,0.11367521249999629,-0.06636599999999834,0.13163016330962707
0.003125,0.098125,0.005,1.5625e-08,0.109107,0.200128,0.0977735025000015,0.20208924999999925,0.011333497499998499,-0.0019612499999992483,0.011501941885828204
0.005625,0.098125,0.005,1.5625e-08,0.319728,0.0986177,0.3236277500000017,0.09227439999999948,-0.0038997500000017005,0.0063433000000005235,0.007446173846514726
0.008125,0.098125,0.005,1.5625e-08,0.458497,0.0523274,0.4654637500000016,0.04975637499999968,-0.006966750000001631,0.0025710250000003237,0.007426020139559911
0.010625,0.098125,0.005,1.5625e-08,0.550011,0.0313075,0.5555025000000015,0.031017099999999787,-0.005491500000001426,0.0002904000000002148,0.005499173066017816
0.013125,0.098125,0.005,1.5625e-08,0.613207,0.0209306,0.6172235000000014,0.021404349999999853,-0.004016500000001422,-0.00047374999999985276,0.004044343124972371
0.015625,0.098125,0.005,1.5625e-08,0.659563,0.0152409,0.6625057500000011,0.01588272499999989,-0.002942750000001104,-0.0006418249999998894,0.003011929098290887
0.018125,0.098125,0.005,1.5625e-08,0.695378,0.0117804,0.697548750000001,0.012428884999999912,-0.0021707500000009983,-0.0006484849999999123,0.002265543722316835
0.020625,0.098125,0.005,1.5625e-08,0.7242,0.00951594,0.7258047500000009,0.01011786749999993,-0.0016047500000009318,-0.000601927499999929,0.0017139251085619685
0.023125,0.098125,0.005,1.5625e-08,0.748166,0.00794566,0.7493155000000009,0.008483152499999938,-0.0011495000000009137,-0.0005374924999999378,0.0012689556483810945
0.025625,0.098125,0.005,1.5625e-08,0.768605,0.00676785,0.7693512500000008,0.007270544999999949,-0.0007462500000008365,-0.0005026949999999489,0.0008997729299807797
0.028125,0.098125,0.005,1.5625e-08,0.786385,0.00558027,0.7867345000000008,0.006332569999999954,-0.00034950000000077974,-0.000752299999999954,0.0008295212715780565
0.030625,0.098125,0.005,1.5625e-08,0.803293,0.00272836,0.8020162500000007,0.0055787549999999604,0.0012767499999993825,-0.0028503949999999605,0.003123274278465341
0.03375,0.09875,0.005,6.25e-08,0.881402,0.000757676,0.8787370000000008,0.0021716399999999764,0.0026649999999992513,-0.0014139639999999763,0.003016872419127455
0.03625,0.09875,0.005,6.25e-08,0.888229,0.00179176,0.8867847500000007,0.0019310122499999788,0.0014442499999993696,-0.0001392522499999787,0.0014509477080957246
0.03875,0.09875,0.005,6.25e-08,0.895099,0.00183726,0.8939565000000006,0.0017143314999999812,0.0011424999999993801,0.00012292850000001883,0.0011490942807754455
0.04125,0.09875,0.005,6.25e-08,0.901436,0.00168212,0.9003282500000006,0.0015127059999999835,0.0011077499999994078,0.0001694140000000166,0.0011206298076950718
0.04375,0.09875,0.005,6.25e-08,0.907009,0.00146019,0.9059452500000005,0.0013192532499999854,0.0010637499999994748,0.0001409367500000147,0.0010730457725556023
0.04625,0.09875,0.005,6.25e-08,0.911815,0.00120697,0.9108300000000006,0.0011284412499999875,0.0009849999999994585,7.852875000001242e-05,0.0009881253789755112
0.04875,0.09875,0.005,6.25e-08,0.915864,0.000937635,0.9149850000000005,0.0009356834999999895,0.0008789999999995191,1.9515000000105065e-06,0.0008790021662950578
0.05125,0.09875,0.005,6.25e-08,0.919144,0.000654507,0.9183960000000004,0.0007370837499999917,0.0007479999999995268,-8.25767499999917e-05,0.0007525442974601915
0.05375,0.09875,0.005,6.25e-08,0.921618,0.000354711,0.9210362500000004,0.0005292159999999938,0.0005817499999996034,-0.0001745049999999938,0.0006073590844998834
0.05625,0.09875,0.005,6.25e-08,0.923239,3.43396e-05,0.9228647500000003,0.00030898199999999617,0.00037424999999968733,-0.0002746423999999962,0.00046421063147834504
0.05875,0.09875,0.005,6.25e-08,0.923952,-0.000310165,0.9238295000000005,7.344094249999901e-05,0.00012249999999947025,-0.000383605942499999,0.0004026906618251568
0.06125,0.09875,0.005,6.25e-08,0.923687,-0.000674705,0.9238667500000005,-0.00018039374999999862,-0.00017975000000047814,-0.0004943112500000015,0.0005259787774965221
0.06375,0.09875,0.005,6.25e-08,0.922359,-0.00107355,0.9229010000000004,-0.0004558609999999965,-0.0005420000000003755,-0.0006176890000000035,0.0008217686418459951
0.06625,0.09875,0.005,6.25e-08,0.91988,-0.00150722,0.9208407500000004,-0.0007571424999999934,-0.0009607500000003988,-0.0007500775000000067,0.0012188752268001129
0.06875,0.09875,0.005,6.25e-08,0.916148,-0.00197807,0.9175775000000004,-0.0010900882499999898,-0.0014295000000004165,-0.0008879817500000104,0.0016828493213399327
0.07125,0.09875,0.005,6.25e-08,0.911048,-0.00248854,0.9129740000000005,-0.0014636599999999838,-0.0019260000000005384,-0.0010248800000000162,0.0021817091956542025
0.07375,0.09875,0.005,6.25e-08,0.904443,-0.00302838,0.9068497500000006,-0.0018924647499999794,-0.002406750000000568,-0.0011359152500000204,0.0026613434610522077
0.07625,0.09875,0.005,6.25e-08,0.896426,-0.00353063,0.8989537500000006,-0.002401524999999974,-0.002527750000000606,-0.001129105000000026,0.002768464947137334
0.07875,0.09875,0.005,6.25e-08,0.885893,-0.00402138,0.8889067500000005,-0.0030355199999999704,-0.0030137500000004813,-0.0009858600000000294,0.003170900345659409
0.080625,0.099375,0.005,1.5625e-08,0.923504,0.00350249,0.9375172500000006,-0.0011140804999999828,-0.014013250000000643,0.004616570499999983,0.014754114637754043
0.083125,0.098125,0.005,1.5625e-08,0.800671,-0.00689532,0.8038227500000006,-0.010131949999999938,-0.003151750000000564,0.0032366299999999383,0.004517665527615248
0.085625,0.098125,0.005,1.5625e-08,0.771445,-0.0124504,0.7748050000000006,-0.01378934249999992,-0.0033600000000005847,0.0013389424999999192,0.0036169554902306944
0.088125,0.098125,0.005,1.5625e-08,0.730743,-0.0192428,0.7340507500000011,-0.020108074999999836,-0.003307750000001053,0.0008652749999998356,0.0034190511678142054
0.090625,0.098125,0.005,1.5625e-08,0.668382,-0.0317438,0.6720822500000012,-0.03250652499999973,-0.0037002500000011818,0.0007627249999997282,0.0037780417530955544
0.093125,0.098125,0.005,1.5625e-08,0.563305,-0.0612853,0.5672245000000017,-0.06086032499999948,-0.003919500000001741,-0.00042497500000052146,0.003942471813550364
0.095625,0.098125,0.005,1.5625e-08,0.37126,-0.143162,0.36900725000000084,-0.13880287499999958,0.0022527499999991374,-0.004359125000000436,0.004906817026150956
0.098125,0.098125,0.005,1.5625e-08,0.0667453,-0.329017,0.03359490000000004,-0.34409524999999974,0.033150399999999955,0.015078249999999738,0.036418438231512466
0.099375,0.065625,0.005,1.5625e-08,0.00234082,-0.0373736,-0.0007274742499999882,-0.03390192499999964,0.003068294249999988,-0.0034716750000003613,0.004633244749655526
0.096875,0.068125,0.005,1.5625e-08,-0.0147082,-0.187494,-0.015832324999999935,-0.1828697499999997,0.001124124999999936,-0.004624250000000302,0.00475892268041073
0.099375,0.068125,0.005,1.5625e-08,-0.000515511,-0.0402402,-0.0008160442499999867,-0.03914682499999959,0.0003005332499999867,-0.00109337500000041,0.0011339264195623325
0.094375,0.070625,0.005,1.5625e-08,-0.04915,-0.338797,-0.048245574999999895,-0.3341734999999996,-0.0009044250000001045,-0.004623500000000391,0.004711129039904215
0.096875,0.070625,0.005,1.5625e-08,-0.0171472,-0.209225,-0.017352349999999926,-0.2071594999999995,0.00020514999999992484,-0.0020655000000004975,0.0020756629718001003
0.099375,0.070625,0.005,1.5625e-08,-0.000986189,-0.045881,-0.0009120684999999846,-0.044987574999999495,-7.412050000001535e-05,-0.0008934250000005028,0.0008964943274478377
0.094375,0.073125,0.005,1.5625e-08,-0.0532007,-0.373065,-0.0512380999999999,-0.3692419999999996,-0.001962600000000099,-0.003823000000000354,0.004297339614226818
0.096875,0.073125,0.005,1.5625e-08,-0.0191664,-0.235947,-0.01892819999999992,-0.23331049999999948,-0.0002382000000000807,-0.0026365000000005134,0.00264723846489181
0.099375,0.073125,0.005,1.5625e-08,-0.00111346,-0.0526315,-0.0010175859999999829,-0.051469874999999415,-9.587400000001705e-05,-0.0011616250000005823,0.0011655747357000993
0.096875,0.075625,0.005,1.5625e-08,-0.0228325,-0.267129,-0.020590949999999913,-0.2612634999999995,-0.002241550000000085,-0.005865500000000523,0.006279222615300919
0.099375,0.075625,0.005,1.5625e-08,-0.00145152,-0.0603141,-0.0011367789999999808,-0.05865572499999935,-0.0003147410000000192,-0.0016583750000006559,0.0016879779434898394
0.099375,0.078125,0.005,1.5625e-08,-0.00646613,-0.0730611,-0.0012778009999999793,-0.06664157499999929,-0.00518832900000002,-0.006419525000000717,0.008254032895371535
0.001875,0.085625,0.005,1.5625e-08,-0.00315599,0.0932122,-0.007639662500000007,0.09735765000000003,0.004483672500000007,-0.004145450000000037,0.006106396219519056
0.084375,0.085625,0.005,1.5625e-08,0.0920278,-0.294901,0.08651472500000004,-0.30059475,0.0055130749999999645,0.005693749999999997,0.007925451723285215
0.001875,0.088125,0.005,1.5625e-08,-0.012304,0.120928,-0.011912619999999981,0.1198954999999999,-0.0003913800000000193,0.001032500000000089,0.001104189546409582
0.004375,0.088125,0.005,1.5625e-08,-0.0435644,0.212813,-0.04532132499999996,0.2162119999999999,0.0017569249999999578,-0.003398999999999902,0.003826223524001726
0.009375,0.088125,0.005,1.5625e-08,-0.0806462,0.253335,-0.08264822499999999,0.255483,0.0020020249999999906,-0.0021480000000000388,0.0029363256121597158
0.011875,0.088125,0.005,1.5625e-08,-0.0735607,0.24046,-0.07629982500000002,0.24212525000000001,0.002739125000000009,-0.001665250000000007,0.0032055987472116767
0.016875,0.088125,0.005,1.5625e-08,-0.030247,0.204968,-0.032361750000000085,0.20399875000000006,0.0021147500000000853,0.0009692499999999493,0.0023262874123805644
0.019375,0.088125,0.005,1.5625e-08,-0.000649541,0.187074,-0.0024192450000001193,0.1859347500000001,0.0017697040000001192,0.0011392499999998973,0.002104695419797408
0.021875,0.088125,0.005,1.5625e-08,0.0311847,0.170868,0.029582274999999856,0.16973650000000007,0.0016024250000001433,0.0011314999999999242,0.001961646790486322
0.024375,0.088125,0.005,1.5625e-08,0.0637407,0.156414,0.062260474999999836,0.1553997500000001,0.0014802250000001613,0.001014249999999911,0.0017943715092269207
0.026875,0.088125,0.005,1.5625e-08,0.0963413,0.143213,0.09475362499999981,0.1427055000000001,0.001587675000000191,0.0005074999999999108,0.0016668137735288595
0.029375,0.088125,0.005,1.5625e-08,0.12927,0.130121,0.12652674999999977,0.1313727500000001,0.0027432500000002247,-0.001251750000000107,0.0030153438651340414
0.081875,0.088125,0.005,1.5625e-08,0.231223,-0.183958,0.22724524999999957,-0.1876050000000003,0.003977750000000446,0.003647000000000289,0.005396582628155123
0.084375,0.088125,0.005,1.5625e-08,0.170445,-0.241592,0.17065974999999958,-0.24233450000000034,-0.00021474999999956945,0.0007425000000003401,0.000772931958519196
0.086875,0.088125,0.005,1.5625e-08,0.108979,-0.307985,0.10415397499999995,-0.3134895,0.004825025000000052,0.005504499999999968,0.007319862464597621
0.096875,0.088125,0.005,1.5625e-08,-0.0326449,-0.428258,-0.03596062499999988,-0.42593424999999935,0.0033157249999998806,-0.0023237500000006794,0.004048931505734243
0.001875,0.090625,0.005,1.5625e-08,-0.020677,0.156681,-0.01947407499999997,0.15434674999999987,-0.0012029250000000317,0.002334250000000121,0.00262597631712962
0.004375,0.090625,0.005,1.5625e-08,-0.0656556,0.250352,-0.06465682499999995,0.2526604999999999,-0.000998775000000049,-0.00230849999999988,0.0025152979447024847
0.006875,0.090625,0.005,1.5625e-08,-0.0857052,0.265485,-0.08817679999999997,0.2682224999999999,0.0024715999999999766,-0.002737499999999893,0.003688185571524201
0.009375,0.090625,0.005,1.5625e-08,-0.079782,0.24773,-0.08277967500000002,0.24892175000000005,0.002997675000000019,-0.001191750000000047,0.0032258833624489937
0.011875,0.090625,0.005,1.5625e-08,-0.0544085,0.220725,-0.0574053000000001,0.22050175000000008,0.002996800000000105,0.0002232499999999249,0.003005104125067981
0.014375,0.090625,0.005,1.5625e-08,-0.0190644,0.193408,-0.02127527750000015,0.1929520000000001,0.0022108775000001524,0.00045599999999990093,0.0022574134136233957
0.016875,0.090625,0.005,1.5625e-08,0.021258,0.169843,0.019546237499999786,0.16914300000000013,0.0017117625000002135,0.0006999999999998674,0.001849359580072733
0.019375,0.090625,0.005,1.5625e-08,0.0630671,0.150287,0.06162244999999975,0.14932025000000013,0.0014446500000002485,0.0009667499999998774,0.0017382805254044817
0.021875,0.090625,0.005,1.5625e-08,0.104438,0.133969,0.10314267499999973,0.13293575000000013,0.0012953250000002775,0.0010332499999998745,0.0016569467155359765
0.024375,0.090625,0.005,1.5625e-08,0.144306,0.120374,0.1432064999999997,0.11930625000000011,0.0010995000000002808,0.0010677499999998813,0.0015326416125436384
0.026875,0.090625,0.005,1.5625e-08,0.182124,0.109085,0.1813979999999997,0.10781650000000009,0.0007260000000003097,0.0012684999999999086,0.0014615636318683555
0.029375,0.090625,0.005,1.5625e-08,0.218656,0.0998572,0.21755099999999966,0.0979610750000001,0.001105000000000328,0.0018961249999998875,0.0021946104473517156
0.031875,0.090625,0.005,1.5625e-08,0.256206,0.087367,0.25161949999999966,0.08933685000000009,0.004586500000000326,-0.0019698500000000924,0.004991622108343475
0.079375,0.090625,0.005,1.5625e-08,0.3861,-0.100081,0.3807897499999996,-0.10451000000000019,0.005310250000000405,0.004429000000000183,0.006914824369606644
0.081875,0.090625,0.005,1.5625e-08,0.334518,-0.135294,0.3348004999999995,-0.13570450000000026,-0.00028249999999951925,0.0004105000000002579,0.000498313656244679
0.084375,0.090625,0.005,1.5625e-08,0.27619,-0.177722,0.2761049999999995,-0.17799525000000033,8.500000000050134e-05,0.0002732500000003357,0.00028616527130361
0.086875,0.090625,0.005,1.5625e-08,0.203466,-0.23604,0.20265774999999991,-0.23734950000000005,0.0008082500000000936,0.0013095000000000467,0.001538849671832916
0.089375,0.090625,0.005,1.5625e-08,0.120483,-0.315247,0.11521424999999999,-0.32002425,0.0052687500000000165,0.004777250000000011,0.0071120914030262765
0.091875,0.090625,0.005,1.5625e-08,0.0303777,-0.415742,0.024128962500000045,-0.42322599999999994,0.006248737499999955,0.007483999999999935,0.009749716731469932
0.094375,0.090625,0.005,1.5625e-08,-0.0375101,-0.500717,-0.04124590000000017,-0.5077422500000003,0.003735800000000171,0.007025250000000316,0.00795677944915565
0.096875,0.090625,0.005,1.5625e-08,-0.0425425,-0.460917,-0.04329617499999989,-0.4602717499999994,0.0007536749999998912,-0.0006452500000005967,0.0009921560200520914
0.099375,0.090625,0.005,1.5625e-08,0.00486239,-0.156756,-0.003969179999999934,-0.1324005999999986,0.008831569999999934,-0.024355400000001415,0.025907183131806663
0.001875,0.093125,0.005,1.5625e-08,-0.0377429,0.210148,-0.034181024999999934,0.20791574999999982,-0.0035618750000000685,0.0022322500000001855,0.004203557252866471
0.004375,0.093125,0.005,1.5625e-08,-0.0848722,0.282347,-0.08578624999999995,0.28710999999999987,0.000914049999999958,-0.004762999999999851,0.0048499130304056485
0.006875,0.093125,0.005,1.5625e-08,-0.0776866,0.258971,-0.08189707500000008,0.2617912500000001,0.0042104750000000885,-0.0028202500000000796,0.00506773221353755
0.009375,0.093125,0.005,1.5625e-08,-0.0363973,0.21591,-0.03988042500000023,0.21603675000000014,0.0034831250000002326,-0.00012675000000014758,0.0034854304365639914
0.011875,0.093125,0.005,1.5625e-08,0.0191283,0.176367,0.01685412249999967,0.1754712500000002,0.0022741775000003316,0.0008957499999998064,0.0024442281734746883
0.014375,0.093125,0.005,1.5625e-08,0.0771074,0.145439,0.07604572499999962,0.14407175000000016,0.0010616750000003866,0.0013672499999998478,0.001731047765986082
0.016875,0.093125,0.005,1.5625e-08,0.133287,0.121693,0.13272324999999957,0.12047100000000015,0.0005637500000004181,0.0012219999999998482,0.0013457704345467322
0.019375,0.093125,0.005,1.5625e-08,0.185489,0.103677,0.18527299999999955,0.10264292500000015,0.00021600000000043806,0.0010340749999998566,0.0010563934426267955
0.021875,0.093125,0.005,1.5625e-08,0.23355,0.0898764,0.23344774999999954,0.08893185000000013,0.00010225000000047002,0.0009445499999998636,0.0009500682949134964
0.024375,0.093125,0.005,1.5625e-08,0.277611,0.0791065,0.27749749999999956,0.07814255000000012,0.0001135000000004327,0.0009639499999998802,0.0009706090111367539
0.026875,0.093125,0.005,1.5625e-08,0.318038,0.07057,0.31781324999999955,0.0694390500000001,0.00022475000000043988,0.0011309499999998945,0.001153065681130073
0.029375,0.093125,0.005,1.5625e-08,0.355209,0.063586,0.3547874999999995,0.06223587500000011,0.0004215000000005187,0.0013501249999998965,0.0014143902451675626
0.031875,0.093125,0.005,1.5625e-08,0.389814,0.0583069,0.3887612499999995,0.05611640000000008,0.0010527500000004908,0.0021904999999999217,0.0024303441757291683
0.034375,0.093125,0.005,1.5625e-08,0.426488,0.0461077,0.4200119999999996,0.05077665000000008,0.00647600000000037,-0.004668950000000081,0.00798358754586593
0.081875,0.093125,0.005,1.5625e-08,0.466873,-0.0824863,0.4640759999999995,-0.0849632250000002,0.0027970000000004935,0.002476925000000199,0.0037360897279948655
0.084375,0.093125,0.005,1.5625e-08,0.40891,-0.111506,0.4084149999999994,-0.11259000000000027,0.0004950000000005783,0.0010840000000002792,0.001191671515142146
0.086875,0.093125,0.005,1.5625e-08,0.33562,-0.15391,0.3353912499999998,-0.1540420000000001,0.00022875000000016632,0.00013200000000010426,0.0002641033178513735
0.089375,0.093125,0.005,1.5625e-08,0.241239,-0.217992,0.23997999999999986,-0.2188907500000001,0.0012590000000001489,0.0008987500000001147,0.0015468783282794355
0.091875,0.093125,0.005,1.5625e-08,0.126054,-0.31423,0.12173747499999998,-0.318079,0.0043165250000000155,0.0038489999999999913,0.005783354482964456
0.094375,0.093125,0.005,1.5625e-08,0.0084669,-0.433464,0.0024983349999995177,-0.4418935000000006,0.005968565000000482,0.00842950000000059,0.010328612608150267
0.096875,0.093125,0.005,1.5625e-08,-0.0515885,-0.477482,-0.05064599999999997,-0.48213899999999976,-0.0009425000000000336,0.004656999999999745,0.004751416131007437
0.099375,0.093125,0.005,1.5625e-08,-0.0110687,-0.184335,-0.006961729999999884,-0.16231767499999827,-0.004106970000000117,-0.022017325000001725,0.02239709362253509
0.001875,0.095625,0.005,1.5625e-08,-0.066092,0.280614,-0.0635008750000001,0.2852147500000002,-0.0025911249999999025,-0.004600750000000209,0.005280230045000541
0.004375,0.095625,0.005,1.5625e-08,-0.0609505,0.273718,-0.06956624999999977,0.2805534999999998,0.008615749999999776,-0.006835499999999772,0.01099796382574943
0.006875,0.095625,0.005,1.5625e-08,0.022952,0.201458,0.017682495000000544,0.20060749999999972,0.005269504999999456,0.0008505000000002816,0.005337699241716392
0.009375,0.095625,0.005,1.5625e-08,0.11938,0.143648,0.11837505000000072,0.14118474999999972,0.0010049499999992828,0.0024632500000002777,0.0026603618297141324
0.011875,0.095625,0.005,1.5625e-08,0.206506,0.105272,0.20744775000000076,0.10328819999999976,-0.0009417500000007684,0.0019838000000002437,0.0021959862254810284
0.014375,0.095625,0.005,1.5625e-08,0.280459,0.0804016,0.2820535000000008,0.0790132999999998,-0.0015945000000007759,0.0013883000000002033,0.002114191840870416
0.016875,0.095625,0.005,1.5625e-08,0.342815,0.0637975,0.3444037500000008,0.06288274999999985,-0.0015887500000008048,0.0009147500000001446,0.0018332741543486673
0.019375,0.095625,0.005,1.5625e-08,0.395747,0.0522879,0.3971622500000007,0.05170227499999987,-0.0014152500000007007,0.0005856250000001312,0.0015316295907062964
0.021875,0.095625,0.005,1.5625e-08,0.441341,0.0440478,0.4424985000000007,0.04362909999999988,-0.0011575000000006996,0.000418700000000119,0.0012309004590143426
0.024375,0.095625,0.005,1.5625e-08,0.481207,0.0379367,0.4820282500000007,0.037572874999999895,-0.0008212500000007172,0.00036382500000010226,0.0008982317034742498
0.026875,0.095625,0.005,1.5625e-08,0.516615,0.0331596,0.5169252500000007,0.03286579999999991,-0.00031025000000062253,0.00029380000000008705,0.0004272862067753152
0.029375,0.095625,0.005,1.5625e-08,0.549153,0.0287006,0.5480407500000006,0.02908324999999992,0.0011122499999993707,-0.00038264999999992194,0.0011762317309945945
0.031875,0.095625,0.005,1.5625e-08,0.581288,0.022206,0.5759907500000006,0.025944899999999924,0.005297249999999476,-0.0037388999999999235,0.006483843826966677
0.081875,0.095625,0.005,1.5625e-08,0.621142,-0.0375201,0.6207580000000004,-0.04034129999999991,0.0003839999999996069,0.0028211999999999127,0.0028472136273906823
0.084375,0.095625,0.005,1.5625e-08,0.573493,-0.0519464,0.5753817500000005,-0.053683274999999905,-0.0018887500000004387,0.0017368749999999086,0.0025659523238217696
0.086875,0.095625,0.005,1.5625e-08,0.512236,-0.0742442,0.5140972500000007,-0.07476279999999973,-0.0018612500000007026,0.0005185999999997304,0.0019321484214475698
0.089375,0.095625,0.005,1.5625e-08,0.427087,-0.111264,0.4281940000000009,-0.11109734999999958,-0.0011070000000009128,-0.00016665000000042063,0.0011194736363586957
0.091875,0.095625,0.005,1.5625e-08,0.30594,-0.1779,0.3043125000000011,-0.17794074999999931,0.0016274999999988937,4.074999999931217e-05,0.0016280100775168263
0.094375,0.095625,0.005,1.5625e-08,0.141666,-0.294934,0.13340610000000006,-0.2989042499999999,0.008259899999999931,0.003970249999999953,0.009164542163823487
0.096875,0.095625,0.005,1.5625e-08,-0.021339,-0.432402,-0.031559130000000116,-0.4469935,0.010220130000000115,0.01459149999999998,0.01781468297407792
0.099375,0.095625,0.005,1.5625e-08,-0.0261117,-0.251065,-0.01707425499999983,-0.21666424999999823,-0.009037445000000172,-0.034400750000001756,0.035568061694315714
0.001875,0.098125,0.005,1.5625e-08,0.00132879,0.27827,-0.02425812499999925,0.2904587499999995,0.02558691499999925,-0.01218874999999947,0.028341768571838875
0.004375,0.098125,0.005,1.5625e-08,0.224442,0.139684,0.22192750000000178,0.1343774249999993,0.0025144999999982265,0.005306575000000702,0.005872175787612589
0.006875,0.098125,0.005,1.5625e-08,0.396486,0.0708827,0.4031462500000017,0.06633074999999959,-0.0066602500000016995,0.004551950000000415,0.008067166718559027
0.009375,0.098125,0.005,1.5625e-08,0.508795,0.0398585,0.5151257500000015,0.038697624999999736,-0.006330750000001495,0.0011608750000002624,0.0064363053321097605
0.011875,0.098125,0.005,1.5625e-08,0.584276,0.025285,0.5889752500000014,0.025494599999999826,-0.004699250000001376,-0.00020959999999982729,0.004703922057444496
0.014375,0.098125,0.005,1.5625e-08,0.638007,0.0177031,0.6414445000000012,0.018296724999999868,-0.0034375000000012035,-0.0005936249999998686,0.003488380267492797
0.016875,0.098125,0.005,1.5625e-08,0.678523,0.0133153,0.6810475000000011,0.013970429999999902,-0.002524500000001151,-0.0006551299999999014,0.0026081210798016416
0.019375,0.098125,0.005,1.5625e-08,0.710506,0.0105374,0.7123740000000011,0.01116653499999992,-0.001868000000001091,-0.0006291349999999196,0.001971099908231182
0.021875,0.098125,0.005,1.5625e-08,0.736693,0.00866507,0.7380605000000008,0.009235212499999933,-0.0013675000000007431,-0.000570142499999933,0.00148159330462452
0.024375,0.098125,0.005,1.5625e-08,0.758765,0.007325,0.7597087500000009,0.007835052499999945,-0.0009437500000009091,-0.0005100524999999446,0.0010727616768219815
0.026875,0.098125,0.005,1.5625e-08,0.777774,0.00622175,0.7783352500000008,0.006773852499999951,-0.0005612500000008458,-0.0005521024999999508,0.0007872856743312081
0.029375,0.098125,0.005,1.5625e-08,0.794728,0.00459132,0.7946115000000007,0.005936847499999958,0.00011649999999929772,-0.0013455274999999581,0.0013505615510801326
0.031875,0.098125,0.005,1.5625e-08,0.812407,2.42899e-05,0.8089917500000007,0.005251824999999963,0.0034152499999993147,-0.0052275350999999625,0.006244281846956216
0.081875,0.098125,0.005,1.5625e-08,0.8141,-0.00388599,0.8154382500000006,-0.008836829999999945,-0.0013382500000005404,0.004950839999999944,0.005128521206751601
0.084375,0.098125,0.005,1.5625e-08,0.786959,-0.00973179,0.7904280000000006,-0.011739817499999928,-0.0034690000000006105,0.0020080274999999276,0.004008258404938509
0.086875,0.098125,0.005,1.5625e-08,0.75305,-0.0154715,0.7563182500000009,-0.016476674999999868,-0.0032682500000008607,0.0010051749999998687,0.003419332514268006
0.089375,0.098125,0.005,1.5625e-08,0.703185,-0.0243488,0.7066505000000011,-0.025176849999999792,-0.0034655000000011205,0.0008280499999997921,0.0035630544554507474
0.091875,0.098125,0.005,1.5625e-08,0.623282,-0.0430626,0.6272242500000015,-0.04353029999999963,-0.003942250000001479,0.0004676999999996337,0.003969896516599812
0.094375,0.098125,0.005,1.5625e-08,0.482096,-0.091756,0.4846257500000009,-0.08946149999999965,-0.0025297500000008855,-0.002294500000000352,0.0034153133549509177
0.096875,0.098125,0.005,1.5625e-08,0.223001,-0.225497,0.21174150000000055,-0.22402949999999958,0.01125949999999945,-0.0014675000000004268,0.011354730137699835
0.099375,0.098125,0.005,1.5625e-08,0.0270319,-0.317996,-0.03874027499999965,-0.31940399999999874,0.06577217499999966,0.0014079999999987436,0.06578724396287305
0.098125,0.065625,0.005,1.5625e-08,-0.000847215,-0.0945735,-0.005432089999999963,-0.0992094999999997,0.004584874999999963,0.004635999999999696,0.006520243459075884
0.095625,0.068125,0.005,1.5625e-08,-0.0258742,-0.242112,-0.029146474999999925,-0.2452642499999998,0.0032722749999999252,0.003152249999999801,0.004543617912866712
0.098125,0.069375,0.005,1.5625e-08,-0.00616484,-0.122725,-0.006354322499999956,-0.12167499999999962,0.00018948249999995587,-0.001050000000000384,0.001066959988850116
0.093125,0.070625,0.005,1.5625e-08,-0.0641826,-0.379897,-0.0660229750000001,-0.38210200000000016,0.0018403750000000885,0.002205000000000179,0.0028721081352599026
0.095625,0.071875,0.005,1.5625e-08,-0.0336507,-0.293545,-0.0328386999999999,-0.2914044999999995,-0.0008120000000000974,-0.0021405000000004892,0.002289341444608526
0.098125,0.071875,0.005,1.5625e-08,-0.00664176,-0.140072,-0.007017227499999949,-0.13851224999999948,0.00037546749999994855,-0.001559750000000526,0.0016043054279213332
0.093125,0.073125,0.005,1.5625e-08,-0.0707946,-0.415511,-0.0689929750000001,-0.4176517500000001,-0.001801624999999904,0.00214075000000008,0.0027979748396161457
0.095625,0.074375,0.005,1.5625e-08,-0.0361856,-0.325706,-0.0352707499999999,-0.3240834999999995,-0.0009148500000000989,-0.0016225000000004708,0.0018626477854123975
0.098125,0.074375,0.005,1.5625e-08,-0.00738379,-0.159071,-0.007733849999999943,-0.1569112499999994,0.0003500599999999429,-0.0021597500000005987,0.002187935571743955
0.095625,0.075625,0.005,1.5625e-08,-0.0389193,-0.339078,-0.0364834999999999,-0.3408617499999995,-0.002435800000000099,0.0017837499999995288,0.0030190868987988407
0.098125,0.076875,0.005,1.5625e-08,-0.00849132,-0.178322,-0.008535064999999939,-0.17697174999999932,4.374499999993883e-05,-0.0013502500000006912,0.001350958432938209
0.098125,0.078125,0.005,1.5625e-08,-0.0138056,-0.183471,-0.008984667499999937,-0.1876752499999994,-0.004820932500000062,0.00420424999999941,0.006396648202930335
0.000625,0.085625,0.005,1.5625e-08,0.00162925,0.0394845,-0.0011012817500000015,0.035085925000000025,0.002730531750000002,0.004398574999999974,0.005177187042051199
0.083125,0.085625,0.005,1.5625e-08,0.115529,-0.265055,0.11287527500000008,-0.26726275000000005,0.0026537249999999263,0.002207750000000064,0.003452016285900878
0.000625,0.088125,0.005,1.5625e-08,-0.00192097,0.0465832,-0.0017793802499999978,0.04421457499999998,-0.00014158975000000211,0.00236862500000002,0.00237285314504083
0.003125,0.089375,0.005,1.5625e-08,-0.0350459,0.196986,-0.03454967499999996,0.1955829999999999,-0.0004962250000000376,0.0014030000000000986,0.0014881694294082625
0.008125,0.088125,0.005,1.5625e-08,-0.0802823,0.256449,-0.07988359999999996,0.2572115,-0.00039870000000004346,-0.0007624999999999993,0.000860446360908124
0.010625,0.089375,0.005,1.5625e-08,-0.0779889,0.243848,-0.08024297500000001,0.24485050000000003,0.002254075000000008,-0.0010025000000000173,0.0024669536589942403
0.015625,0.088125,0.005,1.5625e-08,-0.0419808,0.213116,-0.04592152500000007,0.21359325000000007,0.0039407250000000685,-0.0004772500000000679,0.0039695189995924696
0.018125,0.089375,0.005,1.5625e-08,0.00769282,0.179095,0.005707097499999841,0.1782830000000001,0.001985722500000159,0.0008119999999998961,0.002145329309688075
0.020625,0.089375,0.005,1.5625e-08,0.0443556,0.161207,0.04226932499999981,0.1603687500000001,0.002086275000000193,0.0008382499999999016,0.0022483786242814266
0.023125,0.089375,0.005,1.5625e-08,0.0810427,0.145835,0.07907522499999979,0.1450155000000001,0.0019674750000002045,0.0008194999999998898,0.0021313230927350324
0.025625,0.089375,0.005,1.5625e-08,0.116812,0.13251,0.11520699999999975,0.13181750000000012,0.0016050000000002451,0.0006924999999998738,0.0017480220965424356
0.028125,0.089375,0.005,1.5625e-08,0.150255,0.120826,0.15015224999999977,0.12035500000000009,0.0001027500000002346,0.00047099999999991593,0.0004820773407866927
0.080625,0.088125,0.005,1.5625e-08,0.254864,-0.161807,0.2514999999999996,-0.16518450000000023,0.0033640000000003667,0.0033775000000002275,0.004766969923337466
0.083125,0.089375,0.005,1.5625e-08,0.250185,-0.183636,0.25105899999999953,-0.18439675000000028,-0.0008739999999995418,0.000760750000000282,0.0011587133219651995
0.085625,0.089375,0.005,1.5625e-08,0.185047,-0.241929,0.1865759999999995,-0.24125650000000037,-0.001528999999999503,-0.0006724999999996317,0.0016703584196207666
0.095625,0.088125,0.005,1.5625e-08,-0.0435753,-0.485824,-0.05068112499999993,-0.4995424999999996,0.007105824999999934,0.013718499999999634,0.015449595178535067
0.000625,0.090625,0.005,1.5625e-08,-0.00455273,0.0627948,-0.003085433749999995,0.05911742499999996,-0.0014672962500000045,0.0036773750000000383,0.003959298571197853
0.003125,0.091875,0.005,1.5625e-08,-0.055064,0.24133,-0.05332919999999994,0.24224424999999988,-0.001734800000000064,-0.0009142499999998943,0.001960965094666407
0.005625,0.091875,0.005,1.5625e-08,-0.0870398,0.274652,-0.08830124999999996,0.27723999999999993,0.0012614499999999557,-0.0025879999999999237,0.0028790623651632646
0.008125,0.091875,0.005,1.5625e-08,-0.0802177,0.252719,-0.08347740000000006,0.25453325000000004,0.0032597000000000598,-0.0018142500000000172,0.003730569279949168
0.010625,0.091875,0.005,1.5625e-08,-0.0484776,0.218726,-0.05163895000000014,0.21876525000000008,0.003161350000000139,-3.925000000007395e-05,0.0031615936464069643
0.013125,0.091875,0.005,1.5625e-08,-0.00440427,0.185743,-0.007058395000000234,0.1854285000000001,0.0026541250000002336,0.0003144999999998843,0.00267269335420773
0.015625,0.091875,0.005,1.5625e-08,0.0433579,0.15897,0.04172279999999971,0.15799650000000015,0.001635100000000285,0.0009734999999998495,0.0019029593427082562
0.018125,0.091875,0.005,1.5625e-08,0.0915669,0.137158,0.09046704999999967,0.13619225000000013,0.0010998500000003325,0.0009657499999998764,0.0014636745147062213
0.020625,0.091875,0.005,1.5625e-08,0.138115,0.119881,0.13729024999999967,0.11890300000000012,0.0008247500000003183,0.0009779999999998817,0.0012793344216819515
0.023125,0.091875,0.005,1.5625e-08,0.182153,0.106035,0.1814654999999996,0.10504042500000012,0.0006875000000003961,0.0009945749999998865,0.001209063968789625
0.025625,0.091875,0.005,1.5625e-08,0.22337,0.0948388,0.22280399999999959,0.09372945000000012,0.0005660000000004273,0.001109349999999884,0.001245396893564548
0.028125,0.091875,0.005,1.5625e-08,0.261786,0.0856782,0.2613489999999996,0.08430940000000012,0.0004370000000004093,0.0013687999999998784,0.0014368654912691114
0.030625,0.091875,0.005,1.5625e-08,0.296827,0.0765592,0.2972302499999996,0.0762866500000001,-0.00040324999999957756,0.00027254999999989926,0.0004867176440192038
0.078125,0.090625,0.005,1.5625e-08,0.405059,-0.0880127,0.3997389999999996,-0.0917444000000001,0.00532000000000038,0.0037317000000001016,0.0064983063093397506
0.080625,0.091875,0.005,1.5625e-08,0.420355,-0.0956722,0.42029424999999954,-0.09629417500000019,6.0750000000442395e-05,0.0006219750000001911,0.0006249347670959678
0.083125,0.091875,0.005,1.5625e-08,0.370142,-0.125462,0.36930099999999944,-0.12593175000000026,0.0008410000000005913,0.00046975000000026856,0.0009632995704874195
0.085625,0.091875,0.005,1.5625e-08,0.304164,-0.167676,0.3035512499999994,-0.16803575000000034,0.0006127500000006059,0.00035975000000035284,0.0007105509306172193
0.088125,0.091875,0.005,1.5625e-08,0.220597,-0.230029,0.2198767499999999,-0.23015000000000008,0.0007202500000000889,0.0001210000000000655,0.0007303431128587056
0.090625,0.091875,0.005,1.5625e-08,0.121976,-0.317532,0.118738475,-0.32039725,0.003237525000000005,0.0028652500000000414,0.004323335019186608
0.093125,0.091875,0.005,1.5625e-08,0.020428,-0.425984,0.014947327500000064,-0.43329974999999993,0.005480672499999938,0.007315749999999954,0.0091410048197534
0.095625,0.091875,0.005,1.5625e-08,-0.0464213,-0.498248,-0.0479432750000001,-0.50510025,0.001521975000000099,0.006852250000000004,0.007019240554584617
0.098125,0.091875,0.005,1.5625e-08,-0.0239714,-0.367422,-0.027330274999999828,-0.36068674999999895,0.0033588749999998273,-0.006735250000001081,0.007526329372817695
0.000625,0.093125,0.005,1.5625e-08,-0.0103977,0.0939199,-0.006121017499999987,0.08549324999999991,-0.004276682500000012,0.008426650000000091,0.009449785364139648
0.003125,0.094375,0.005,1.5625e-08,-0.0787733,0.287934,-0.07905985000000007,0.2943560000000002,0.0002865500000000659,-0.00642200000000015,0.006428389759691144
0.005625,0.094375,0.005,1.5625e-08,-0.0719515,0.266732,-0.07753782499999987,0.2706229999999999,0.005586324999999864,-0.003890999999999867,0.006807856344373202
0.008125,0.094375,0.005,1.5625e-08,-0.0146684,0.211047,-0.018879264999999652,0.21092099999999983,0.0042108649999996525,0.00012600000000018152,0.0042127497015870905
0.010625,0.094375,0.005,1.5625e-08,0.0575133,0.163096,0.05564145000000051,0.16154524999999978,0.0018718499999994948,0.0015507500000002117,0.0024307710679944265
0.013125,0.094375,0.005,1.5625e-08,0.128632,0.127827,0.12826835000000053,0.1262877499999998,0.0003636499999994658,0.0015392500000001863,0.0015816231804700463
0.015625,0.094375,0.005,1.5625e-08,0.193611,0.102988,0.19393375000000057,0.10157129999999982,-0.00032275000000056564,0.0014167000000001734,0.001452999123365481
0.018125,0.094375,0.005,1.5625e-08,0.251533,0.0850012,0.2520980000000006,0.08394834999999985,-0.0005650000000005928,0.0010528500000001467,0.0011948715924738436
0.020625,0.094375,0.005,1.5625e-08,0.302934,0.0718535,0.30353625000000056,0.07103044999999987,-0.0006022500000005815,0.0008230500000001306,0.0010198609537583618
0.023125,0.094375,0.005,1.5625e-08,0.348769,0.0619996,0.3492582500000006,0.061268424999999876,-0.0004892500000006073,0.0007311750000001255,0.0008797627197862942
0.025625,0.094375,0.005,1.5625e-08,0.389943,0.0544245,0.39018025000000056,0.053662299999999906,-0.00023725000000057728,0.0007622000000000947,0.0007982708829090652
0.028125,0.094375,0.005,1.5625e-08,0.42736,0.0484054,0.4270507500000006,0.0475561249999999,0.00030924999999942804,0.0008492750000001006,0.0009038271893038055
0.030625,0.094375,0.005,1.5625e-08,0.461822,0.0437413,0.46045650000000055,0.042508299999999916,0.0013654999999994644,0.0012330000000000813,0.0018398041335964917
0.033125,0.094375,0.005,1.5625e-08,0.490547,0.0367064,0.49084575000000047,0.038212324999999915,-0.00029875000000045837,-0.001505924999999915,0.0015352725061450875
0.080625,0.093125,0.005,1.5625e-08,0.492731,-0.0708315,0.48681649999999954,-0.07439580000000018,0.005914500000000433,0.003564300000000173,0.006905472086686497
0.083125,0.094375,0.005,1.5625e-08,0.512968,-0.0687579,0.5145092500000004,-0.07063312499999991,-0.0015412500000003826,0.001875224999999911,0.0024273278235800466
0.085625,0.094375,0.005,1.5625e-08,0.454066,-0.0946919,0.4550832500000003,-0.09553424999999989,-0.0010172500000002471,0.0008423499999998946,0.0013207388405738377
0.088125,0.094375,0.005,1.5625e-08,0.374467,-0.135449,0.3749980000000008,-0.13535399999999959,-0.0005310000000007808,-9.500000000042808e-05,0.000539431181895254
0.090625,0.094375,0.005,1.5625e-08,0.267643,-0.201742,0.2661237500000009,-0.20224774999999945,0.0015192499999991393,0.0005057499999994441,0.001601219418130077
0.093125,0.094375,0.005,1.5625e-08,0.131499,-0.307972,0.12561195000000086,-0.31177024999999925,0.005887049999999144,0.003798249999999226,0.007006001767412284
0.095625,0.094375,0.005,1.5625e-08,-0.00599555,-0.436908,-0.013198850000000099,-0.4475855000000001,0.007203300000000099,0.010677500000000062,0.01288008296324223
0.098125,0.094375,0.005,1.5625e-08,-0.0490663,-0.416642,-0.04252439999999991,-0.4124794999999994,-0.0065419000000000935,-0.004162500000000624,0.007753893335609306
0.000625,0.095625,0.005,1.5625e-08,-0.0249163,0.159512,-0.016156857500000055,0.13947527500000023,-0.008759442499999943,0.020036724999999755,0.021867742947922642
0.003125,0.096875,0.005,1.5625e-08,-0.0408891,0.276198,-0.05559522499999963,0.2899392499999997,0.014706124999999633,-0.013741249999999705,0.02012689901793384
0.005625,0.096875,0.005,1.5625e-08,0.0905252,0.18059,0.08434482500000087,0.17930199999999955,0.0061803749999991275,0.0012880000000004554,0.006313159204440783
0.008125,0.096875,0.005,1.5625e-08,0.221089,0.113873,0.2223440000000011,0.11075039999999965,-0.0012550000000010886,0.00312260000000035,0.0033653611633827534
0.010625,0.096875,0.005,1.5625e-08,0.325139,0.0756837,0.3283352500000011,0.07387047499999973,-0.0031962500000010663,0.0018132250000002792,0.0036747515512117043
0.013125,0.096875,0.005,1.5625e-08,0.405274,0.0537352,0.408491500000001,0.0529542999999998,-0.0032175000000009835,0.0007809000000001953,0.0033109078905953627
0.015625,0.096875,0.005,1.5625e-08,0.46803,0.0405002,0.47076725000000097,0.04022219999999985,-0.002737250000000968,0.0002780000000001531,0.002751330871143161
0.018125,0.096875,0.005,1.5625e-08,0.518544,0.0319632,0.5207420000000009,0.03195854999999988,-0.0021980000000009214,4.650000000119836e-06,0.0021980049186714873
0.020625,0.096875,0.005,1.5625e-08,0.560307,0.02617,0.5620327500000009,0.026289349999999895,-0.0017257500000008585,-0.00011934999999989662,0.0017298721007643712
0.023125,0.096875,0.005,1.5625e-08,0.595695,0.0220575,0.5969852500000008,0.02220829999999991,-0.0012902500000008255,-0.00015079999999990934,0.0012990326025554952
0.025625,0.096875,0.005,1.5625e-08,0.626303,0.0189711,0.6271510000000008,0.019142999999999924,-0.000848000000000737,-0.0001718999999999228,0.0008652477159757334
0.028125,0.096875,0.005,1.5625e-08,0.653117,0.0162681,0.6535802500000008,0.01675059999999993,-0.0004632500000008033,-0.0004824999999999309,0.0006688847527793391
0.030625,0.096875,0.005,1.5625e-08,0.675569,0.012781,0.6769985000000006,0.014815699999999939,-0.0014295000000006386,-0.002034699999999938,0.0024866592730009417
0.080625,0.095625,0.005,1.5625e-08,0.644113,-0.032057,0.6391542500000003,-0.03535462499999993,0.00495874999999979,0.003297624999999929,0.00595512654803594
0.083125,0.096875,0.005,1.5625e-08,0.690984,-0.0232337,0.6952832500000004,-0.025719349999999922,-0.00429925000000031,0.0024856499999999226,0.0049660856300513265
0.085625,0.096875,0.005,1.5625e-08,0.649608,-0.0336398,0.6527267500000005,-0.0349946249999999,-0.003118750000000503,0.0013548249999998999,0.003400316506316414
0.088125,0.096875,0.005,1.5625e-08,0.59075,-0.0501416,0.593403000000001,-0.05072104999999974,-0.0026530000000010157,0.0005794499999997385,0.0027155425429377985
0.090625,0.096875,0.005,1.5625e-08,0.503432,-0.0802215,0.5054930000000011,-0.08038914999999958,-0.0020610000000010897,0.00016764999999957508,0.002067807419104678
0.093125,0.096875,0.005,1.5625e-08,0.367934,-0.142396,0.3671027500000014,-0.14217774999999927,0.0008312499999985623,-0.0002182500000007248,0.0008594240076923185
0.095625,0.096875,0.005,1.5625e-08,0.165534,-0.269305,0.15303220000000017,-0.2741449999999998,0.012501799999999813,0.004839999999999789,0.013405991318809412
0.098125,0.096875,0.005,1.5625e-08,-0.0333811,-0.413612,-0.048627625000000084,-0.4286612499999998,0.015246525000000087,0.015049249999999847,0.021422802107523727
0.000625,0.098125,0.005,1.5625e-08,-0.0010432,0.2693,-0.04621937500000002,0.26175800000000043,0.04517617500000002,0.007541999999999549,0.04580140338058016
0.003125,0.099375,0.005,1.5625e-08,0.534278,0.0765538,0.5792085000000041,0.053108849999999284,-0.04493050000000409,0.02344495000000072,0.05067953739679262
0.005625,0.099375,0.005,1.5625e-08,0.718566,0.0276085,0.7367262500000027,0.01592745499999975,-0.018160250000002653,0.01168104500000025,0.021592625879096484
0.008125,0.099375,0.005,1.5625e-08,0.796322,0.0112927,0.804578250000002,0.007473262499999878,-0.008256250000002074,0.0038194375000001213,0.00909690974336568
0.010625,0.099375,0.005,1.5625e-08,0.837905,0.00564288,0.8420845000000017,0.004399649999999927,-0.004179500000001668,0.0012432300000000734,0.004360486335595391
0.013125,0.099375,0.005,1.5625e-08,0.863654,0.00341638,0.8661667500000014,0.002948376499999951,-0.002512750000001396,0.000468003500000049,0.0025559616269653406
0.015625,0.099375,0.005,1.5625e-08,0.881542,0.00236894,0.8832052500000013,0.002151554499999964,-0.0016632500000012262,0.0002173855000000358,0.0016773959038087415
0.018125,0.099375,0.005,1.5625e-08,0.894969,0.00178525,0.8961035000000012,0.0016666609999999723,-0.0011345000000011485,0.00011858900000002765,0.0011406812003901933
0.020625,0.099375,0.005,1.5625e-08,0.905589,0.00142165,0.9063562500000011,0.0013478447499999774,-0.0007672500000011073,7.380525000002256e-05,0.000770791656304909
0.023125,0.099375,0.005,1.5625e-08,0.914321,0.00117644,0.9148047500000009,0.0011248432499999812,-0.0004837500000008932,5.1596750000018794e-05,0.00048649387160726765
0.025625,0.099375,0.005,1.5625e-08,0.921696,0.000987053,0.9219525000000008,0.0009605764999999841,-0.000256500000000881,2.6476500000015995e-05,0.00025786286094104906
0.028125,0.099375,0.005,1.5625e-08,0.927834,0.000686267,0.9281187500000009,0.000834012499999986,-0.00028475000000083295,-0.0001477454999999861,0.0003207979040934031
0.030625,0.099375,0.005,1.5625e-08,0.931042,-0.00160361,0.9335130000000007,0.0007324579999999877,-0.002471000000000667,-0.002336067999999988,0.0034004491910080412
0.080625,0.098125,0.005,1.5625e-08,0.830661,-0.00219262,0.8255975000000005,-0.007767739999999952,0.0050634999999994434,0.005575119999999952,0.007531334228700372
0.083125,0.099375,0.005,1.5625e-08,0.922871,0.000466621,0.9291995000000007,-0.0014474012499999776,-0.006328500000000736,0.0019140222499999776,0.006611610501496916
0.085625,0.099375,0.005,1.5625e-08,0.914203,-0.00190315,0.918145750000001,-0.00196779124999997,-0.003942750000000994,6.464124999996999e-05,0.0039432798599274435
0.088125,0.099375,0.005,1.5625e-08,0.898365,-0.00336284,0.902584750000001,-0.00287936199999995,-0.004219750000001077,-0.00048347800000005017,0.004247356947443096
0.090625,0.099375,0.005,1.5625e-08,0.873154,-0.0057672,0.8786135000000014,-0.004716634999999917,-0.005459500000001394,-0.001050565000000083,0.005559660697312418
0.093125,0.099375,0.005,1.5625e-08,0.827749,-0.012309,0.8363095000000018,-0.009210247499999833,-0.008560500000001858,-0.0030987525000001678,0.009104088493983848
0.095625,0.099375,0.005,1.5625e-08,0.724067,-0.0368104,0.7439212500000023,-0.024749414999999705,-0.019854250000002294,-0.012060985000000295,0.023230553205484006
0.098125,0.099375,0.005,1.5625e-08,0.431247,-0.128078,0.45763925000000283,-0.12122199999999918,-0.026392250000002837,-0.00685600000000082,0.027268215857709888
0.099375,0.066875,0.005,1.5625e-08,0.000914955,-0.0380569,-0.0007709027499999874,-0.03645239999999962,0.0016858577499999873,-0.0016045000000003765,0.0023273453983532885
0.096875,0.069375,0.005,1.5625e-08,-0.0155887,-0.196902,-0.016586249999999938,-0.1947787499999997,0.0009975499999999374,-0.0021232500000002985,0.002345910604648255
0.099375,0.069375,0.005,1.5625e-08,-0.000909868,-0.0428026,-0.0008630342499999859,-0.04199012499999956,-4.6833750000014056e-05,-0.0008124750000004441,0.000813823706809273
0.094375,0.071875,0.005,1.5625e-08,-0.0508281,-0.354753,-0.04977757499999989,-0.35163399999999956,-0.0010505250000001076,-0.003119000000000427,0.003291164501453534
0.096875,0.071875,0.005,1.5625e-08,-0.0181922,-0.222155,-0.018132049999999924,-0.2200057499999995,-6.015000000007473e-05,-0.002149250000000491,0.0021500915294475537
0.099375,0.071875,0.005,1.5625e-08,-0.00104643,-0.0491712,-0.0009634434999999838,-0.04814519999999946,-8.298650000001628e-05,-0.0010260000000005404,0.0010293506492849566
0.094375,0.074375,0.005,1.5625e-08,-0.0563654,-0.392752,-0.052618774999999895,-0.3868999999999996,-0.0037466250000001075,-0.005852000000000412,0.006948604384380408
0.096875,0.074375,0.005,1.5625e-08,-0.0206722,-0.250877,-0.01974547499999992,-0.24706574999999947,-0.000926725000000083,-0.0038112500000005434,0.003922301083309298
0.099375,0.074375,0.005,1.5625e-08,-0.00121493,-0.056286,-0.001075083249999982,-0.054969899999999385,-0.00013984675000001793,-0.0013161000000006182,0.0013235090945993512
0.096875,0.076875,0.005,1.5625e-08,-0.0252636,-0.286381,-0.02147484999999991,-0.2758969999999994,-0.0037887500000000907,-0.010484000000000604,0.011147595371312746
0.099375,0.076875,0.005,1.5625e-08,-0.00263361,-0.0656713,-0.0012038192499999798,-0.0625405499999993,-0.0014297907500000204,-0.0031307500000006955,0.003441786912533949
0.099375,0.079375,0.005,1.5625e-08,-0.0116704,-0.083555,-0.0013609377499999781,-0.07098129999999926,-0.01030946225000002,-0.012573700000000743,0.016259856812844146
0.001875,0.086875,0.005,1.5625e-08,-0.00736674,0.104061,-0.009494544999999988,0.10746967499999993,0.002127804999999988,-0.0034086749999999305,0.004018285626190537
0.084375,0.086875,0.005,1.5625e-08,0.122798,-0.272862,0.12621674999999963,-0.2724505000000003,-0.0034187499999996235,-0.000411499999999676,0.003443426173522116
0.001875,0.089375,0.005,1.5625e-08,-0.0158363,0.137131,-0.015121399999999976,0.1352534999999999,-0.0007149000000000252,0.0018775000000001152,0.002009001806868393
0.004375,0.089375,0.005,1.5625e-08,-0.0537685,0.229722,-0.05430042499999996,0.23380649999999992,0.0005319249999999609,-0.004084499999999908,0.0041189907083682776
0.009375,0.089375,0.005,1.5625e-08,-0.0825387,0.252393,-0.085534,0.25446025,0.0029952999999999924,-0.0020672500000000205,0.003639415427304231
0.011875,0.089375,0.005,1.5625e-08,-0.0698964,0.234158,-0.07115517500000006,0.23367300000000008,0.0012587750000000592,0.00048499999999992993,0.0013489772053763849
0.016875,0.089375,0.005,1.5625e-08,-0.0104551,0.189354,-0.012017232500000141,0.1882817500000001,0.001562132500000141,0.0010722499999998858,0.0018947237292165962
0.019375,0.089375,0.005,1.5625e-08,0.025665,0.17005,0.023877649999999827,0.1689845000000001,0.0017873500000001735,0.0010654999999999137,0.0020808436444145523
0.021875,0.089375,0.005,1.5625e-08,0.0624303,0.153486,0.060711399999999804,0.1523955000000001,0.0017189000000001967,0.001090499999999911,0.00203563441216749
0.024375,0.089375,0.005,1.5625e-08,0.0987721,0.139207,0.09726422499999979,0.1381737500000001,0.001507875000000214,0.0010332499999999023,0.0018279202876836406
0.026875,0.089375,0.005,1.5625e-08,0.133597,0.126711,0.13284924999999975,0.1258942500000001,0.0007477500000002413,0.000816749999999894,0.0011073439506315045
0.029375,0.089375,0.005,1.5625e-08,0.164673,0.116779,0.16708624999999971,0.1151535000000001,-0.0024132499999997004,0.001625499999999891,0.0029096435885685723
0.081875,0.089375,0.005,1.5625e-08,0.276346,-0.15997,0.27857524999999955,-0.16175825000000024,-0.002229249999999572,0.001788250000000241,0.0028578652216294164
0.084375,0.089375,0.005,1.5625e-08,0.21969,-0.210477,0.22040799999999952,-0.2106665000000003,-0.0007179999999995246,0.00018950000000031442,0.0007425861902832805
0.086875,0.089375,0.005,1.5625e-08,0.148743,-0.277721,0.14974049999999992,-0.27679375,-0.000997499999999929,-0.0009272499999999906,0.0013619099869300617
0.096875,0.089375,0.005,1.5625e-08,-0.0341222,-0.442265,-0.03935392499999988,-0.4436309999999994,0.005231724999999882,0.0013659999999993677,0.0054071159110585035
0.001875,0.091875,0.005,1.5625e-08,-0.0277112,0.180755,-0.025532124999999954,0.17818674999999984,-0.002179075000000044,0.0025682500000001607,0.003368126470031376
0.004375,0.091875,0.005,1.5625e-08,-0.076384,0.268357,-0.07582332499999994,0.2714194999999999,-0.0005606750000000521,-0.0030624999999999125,0.003113400505175093
0.006875,0.091875,0.005,1.5625e-08,-0.0872447,0.26632,-0.09032282500000001,0.269374,0.003078125000000015,-0.003054000000000001,0.004336100727107836
0.009375,0.091875,0.005,1.5625e-08,-0.0666086,0.236059,-0.0699135750000001,0.2368760000000001,0.003304975000000099,-0.0008170000000000954,0.0034044601261618277
0.011875,0.091875,0.005,1.5625e-08,-0.0273399,0.201797,-0.030279725000000198,0.20142900000000014,0.002939825000000198,0.00036799999999986843,0.002962768136494327
0.014375,0.091875,0.005,1.5625e-08,0.0189461,0.171925,0.017146431749999753,0.1709532500000001,0.001799668250000247,0.0009717499999998824,0.0020452637660112994
0.016875,0.091875,0.005,1.5625e-08,0.0676073,0.147433,0.0662548499999997,0.14645600000000014,0.0013524500000002965,0.0009769999999998669,0.0016684274040246827
0.019375,0.091875,0.005,1.5625e-08,0.115103,0.128061,0.11418182499999965,0.12705575000000013,0.0009211750000003432,0.0010052499999998743,0.0013634848525470972
0.021875,0.091875,0.005,1.5625e-08,0.160465,0.112613,0.15972849999999966,0.11160350000000013,0.0007365000000003341,0.0010094999999998716,0.0012496089388285571
0.024375,0.091875,0.005,1.5625e-08,0.203108,0.100172,0.2024894999999996,0.09911167500000012,0.0006185000000004104,0.001060324999999876,0.001227530592541483
0.026875,0.091875,0.005,1.5625e-08,0.24291,0.090081,0.2424182499999996,0.0888172500000001,0.0004917500000003738,0.001263749999999897,0.0013560538798293035
0.029375,0.091875,0.005,1.5625e-08,0.279745,0.0813624,0.2796132499999996,0.0801489750000001,0.00013175000000043013,0.001213424999999907,0.001220556550564081
0.031875,0.091875,0.005,1.5625e-08,0.31097,0.0734442,0.31421874999999966,0.0726794000000001,-0.003248749999999634,0.0007647999999998989,0.003337558329452456
0.079375,0.091875,0.005,1.5625e-08,0.439559,-0.0811785,0.44126099999999957,-0.08453437500000019,-0.0017019999999995927,0.0033558750000001886,0.003762804939885255
0.081875,0.091875,0.005,1.5625e-08,0.397166,-0.109595,0.3964304999999995,-0.10991800000000021,0.0007355000000004996,0.000323000000000212,0.0008032989792106498
0.084375,0.091875,0.005,1.5625e-08,0.339125,-0.144579,0.3384874999999995,-0.14501725000000032,0.0006375000000005127,0.00043825000000030645,0.0007736079837365449
0.086875,0.091875,0.005,1.5625e-08,0.264988,-0.195675,0.26409099999999985,-0.19602850000000008,0.0008970000000001477,0.00035350000000008985,0.0009641427539531315
0.089375,0.091875,0.005,1.5625e-08,0.173347,-0.269347,0.17109174999999996,-0.27145475,0.002255250000000042,0.0021077500000000193,0.00308686938904131
0.091875,0.091875,0.005,1.5625e-08,0.0699229,-0.370232,0.06521490000000003,-0.37583449999999996,0.004707999999999962,0.005602499999999955,0.007318009992477404
0.094375,0.091875,0.005,1.5625e-08,-0.0209527,-0.474548,-0.025379500000000298,-0.48254250000000043,0.0044268000000002965,0.007994500000000404,0.009138303370429824
0.096875,0.091875,0.005,1.5625e-08,-0.0481604,-0.4728,-0.04746889999999991,-0.4742194999999995,-0.0006915000000000879,0.0014194999999995184,0.0015789719756850514
0.099375,0.091875,0.005,1.5625e-08,-0.00262846,-0.167039,-0.005101352499999914,-0.14555109999999843,0.002472892499999914,-0.02148790000000156,0.021629725928143953
0.001875,0.094375,0.005,1.5625e-08,-0.0512968,0.244611,-0.04665402500000008,0.24426300000000017,-0.0046427749999999185,0.0003479999999998207,0.004655798932581187
0.004375,0.094375,0.005,1.5625e-08,-0.0848491,0.2873,-0.08876362499999998,0.293767,0.003914524999999988,-0.0064670000000000005,0.00755947054863136
0.006875,0.094375,0.005,1.5625e-08,-0.046771,0.239012,-0.05216189999999975,0.24059799999999984,0.005390899999999747,-0.0015859999999998375,0.005619359288210423
0.009375,0.094375,0.005,1.5625e-08,0.0208934,0.185467,0.01794976750000042,0.1843442499999998,0.002943632499999578,0.0011227500000002,0.003150482480121769
0.011875,0.094375,0.005,1.5625e-08,0.0937045,0.14396,0.09267720000000051,0.14234799999999978,0.0010272999999994814,0.0016120000000002244,0.001911514920161404
0.014375,0.094375,0.005,1.5625e-08,0.161961,0.114405,0.1620580000000006,0.1128522499999998,-9.700000000059661e-05,0.0015527500000001998,0.0015557768357000103
0.016875,0.094375,0.005,1.5625e-08,0.223448,0.0932717,0.22391750000000057,0.09204574999999984,-0.0004695000000005667,0.001225950000000156,0.0013127770764683982
0.019375,0.094375,0.005,1.5625e-08,0.277987,0.077936,0.2785942500000006,0.07701397499999986,-0.0006072500000006142,0.0009220250000001456,0.0011040301912203373
0.021875,0.094375,0.005,1.5625e-08,0.326489,0.0665905,0.32705075000000056,0.06582747499999987,-0.0005617500000005826,0.0007630250000001254,0.0009475073683754897
0.024375,0.094375,0.005,1.5625e-08,0.369884,0.0579782,0.3702682500000005,0.057243099999999894,-0.00038425000000053,0.0007351000000001065,0.0008294697538190069
0.026875,0.094375,0.005,1.5625e-08,0.409058,0.0512636,0.4090817500000005,0.0504532249999999,-2.375000000054417e-05,0.0008103750000000992,0.0008107229509056633
0.029375,0.094375,0.005,1.5625e-08,0.444989,0.0458338,0.4441557500000005,0.04492154999999991,0.000833249999999508,0.0009122500000000935,0.001235518362874203
0.031875,0.094375,0.005,1.5625e-08,0.47697,0.0418205,0.47600475000000053,0.040281724999999914,0.0009652499999994735,0.0015387750000000824,0.0018164625135477575
0.034375,0.094375,0.005,1.5625e-08,0.500551,0.0329505,0.5050170000000005,0.03627509999999992,-0.004466000000000525,-0.0033245999999999207,0.0055675956354609805
0.081875,0.094375,0.005,1.5625e-08,0.535686,-0.0596403,0.5385062500000003,-0.061507724999999916,-0.0028202500000003017,0.0018674249999999157,0.0033824674711113462
0.084375,0.094375,0.005,1.5625e-08,0.485762,-0.0803277,0.48693125000000026,-0.0817430999999999,-0.0011692500000002326,0.0014153999999999,0.0018358928951603525
0.086875,0.094375,0.005,1.5625e-08,0.417282,-0.112682,0.4181100000000007,-0.11296852499999965,-0.000828000000000717,0.00028652499999964887,0.000876173827288847
0.089375,0.094375,0.005,1.5625e-08,0.324856,-0.164316,0.3246495000000008,-0.16441249999999952,0.00020649999999916568,9.649999999952752e-05,0.0002279352978359522
0.091875,0.094375,0.005,1.5625e-08,0.202686,-0.249289,0.1992125000000009,-0.2510117499999993,0.0034734999999991023,0.0017227499999993012,0.0038772502901529785
0.094375,0.094375,0.005,1.5625e-08,0.058657,-0.374471,0.05089507499999994,-0.381607,0.007761925000000058,0.007135999999999976,0.010543717357062714
0.096875,0.094375,0.005,1.5625e-08,-0.0468377,-0.467723,-0.049008800000000054,-0.4773324999999999,0.0021711000000000508,0.009609499999999882,0.00985170875838288
0.099375,0.094375,0.005,1.5625e-08,-0.0188931,-0.21135,-0.010327584999999879,-0.18479484999999835,-0.00856551500000012,-0.026555150000001665,0.027902402024517808
0.001875,0.096875,0.005,1.5625e-08,-0.0684359,0.304806,-0.076675875,0.31749275000000005,0.00823997500000001,-0.012686750000000024,0.01512781588872385
0.004375,0.096875,0.005,1.5625e-08,0.0204432,0.226825,0.008557275000000726,0.23138174999999958,0.011885924999999275,-0.004556749999999582,0.01272946124814809
0.006875,0.096875,0.005,1.5625e-08,0.15873,0.142858,0.15720067500000104,0.13971499999999962,0.001529324999998971,0.0031430000000003955,0.0034953231546774525
0.009375,0.096875,0.005,1.5625e-08,0.276488,0.092073,0.2791277500000011,0.0895664749999997,-0.0026397500000011065,0.002506525000000301,0.00364018511042122
0.011875,0.096875,0.005,1.5625e-08,0.36778,0.0632582,0.3710940000000011,0.062037749999999774,-0.003314000000001094,0.001220450000000227,0.00353158522515142
0.014375,0.096875,0.005,1.5625e-08,0.438453,0.0463472,0.441460750000001,0.04585809999999982,-0.0030077500000010304,0.0004891000000001797,0.0030472575986460965
0.016875,0.096875,0.005,1.5625e-08,0.49457,0.0357961,0.497029250000001,0.03567684999999986,-0.0024592500000009676,0.00011925000000014008,0.002462139542147194
0.019375,0.096875,0.005,1.5625e-08,0.540348,0.0288041,0.5423035000000008,0.028876174999999886,-0.001955500000000776,-7.207499999988681e-05,0.0019568278042863194
0.021875,0.096875,0.005,1.5625e-08,0.578684,0.0239503,0.5801897500000008,0.0240931749999999,-0.0015057500000008606,-0.00014287499999990003,0.0015125132489097618
0.024375,0.096875,0.005,1.5625e-08,0.61152,0.0204208,0.6125915000000008,0.020573974999999915,-0.0010715000000008912,-0.00015317499999991518,0.0010823931035565978
0.026875,0.096875,0.005,1.5625e-08,0.640156,0.0176271,0.6407810000000007,0.017878374999999926,-0.0006250000000007638,-0.00025127499999992586,0.0006736201642067416
0.029375,0.096875,0.005,1.5625e-08,0.665037,0.0147092,0.6656297500000007,0.015736099999999937,-0.0005927500000006969,-0.0010268999999999365,0.0011856964925733295
0.031875,0.096875,0.005,1.5625e-08,0.684265,0.0112437,0.6877442500000007,0.013973599999999942,-0.003479250000000711,-0.0027298999999999414,0.004422390142502652
0.081875,0.096875,0.005,1.5625e-08,0.706678,-0.0197142,0.7123195000000005,-0.02240687499999993,-0.005641500000000521,0.002692674999999929,0.00625116156451187
0.084375,0.096875,0.005,1.5625e-08,0.672053,-0.0278972,0.6756272500000003,-0.02981169999999991,-0.003574250000000334,0.0019144999999999093,0.0040546976844768635
0.086875,0.096875,0.005,1.5625e-08,0.622886,-0.0408262,0.6257190000000008,-0.041730774999999797,-0.0028330000000007516,0.0009045749999997965,0.0029739107132913207
0.089375,0.096875,0.005,1.5625e-08,0.551646,-0.0626751,0.554102250000001,-0.06304497499999967,-0.002456250000001048,0.00036987499999967255,0.0024839427485612276
0.091875,0.096875,0.005,1.5625e-08,0.443279,-0.10547,0.44444725000000124,-0.10540324999999946,-0.0011682500000012586,-6.675000000053166e-05,0.001170155384982273
0.094375,0.096875,0.005,1.5625e-08,0.274932,-0.195922,0.26983550000000034,-0.19651174999999974,0.005096499999999671,0.0005897499999997224,0.005130508484789428
0.096875,0.096875,0.005,1.5625e-08,0.0507098,-0.355532,0.031405824999999936,-0.369917,0.019303975000000063,0.014384999999999981,0.0240742949180371
0.099375,0.096875,0.005,1.5625e-08,-0.0245998,-0.301674,-0.030413949999999766,-0.26297649999999817,0.005814149999999765,-0.03869750000000183,0.03913183929324865
0.001875,0.099375,0.005,1.5625e-08,0.379808,0.125813,0.4018890000000046,0.11787062499999873,-0.022081000000004625,0.007942375000001278,0.02346597284667417
0.004375,0.099375,0.005,1.5625e-08,0.648628,0.0453981,0.6769487500000034,0.027045914999999587,-0.028320750000003447,0.01835218500000041,0.03374711209625107
0.006875,0.099375,0.005,1.5625e-08,0.764194,0.0172926,0.7763942500000024,0.010496072499999832,-0.012200250000002355,0.00679652750000017,0.01396563232083732
0.009375,0.099375,0.005,1.5625e-08,0.819926,0.00777129,0.825664750000002,0.0056189149999999076,-0.005738750000001902,0.0021523750000000926,0.006129108393816121
0.011875,0.099375,0.005,1.5625e-08,0.852098,0.00430099,0.8552820000000017,0.003555905999999941,-0.00318400000000163,0.000745084000000059,0.0032700162334561075
0.014375,0.099375,0.005,1.5625e-08,0.873307,0.00280768,0.8753377500000015,0.002496630249999958,-0.0020307500000014134,0.000311049750000042,0.0020544336225541164
0.016875,0.099375,0.005,1.5625e-08,0.888686,0.00203972,0.8900575000000012,0.0018818062499999686,-0.0013715000000011912,0.00015791375000003146,0.0013805611186913603
0.019375,0.099375,0.005,1.5625e-08,0.900561,0.00158401,0.9014975000000012,0.0014919722499999752,-0.000936500000001228,9.203775000002487e-05,0.0009410117945208589
0.021875,0.099375,0.005,1.5625e-08,0.910151,0.0012883,0.9107690000000009,0.0012271944999999796,-0.0006180000000008956,6.110550000002044e-05,0.0006210135925495991
0.024375,0.099375,0.005,1.5625e-08,0.918156,0.00107926,0.918517750000001,0.0010369419999999826,-0.00036175000000104873,4.231800000001752e-05,0.0003642167975598603
0.026875,0.099375,0.005,1.5625e-08,0.924948,0.000878261,0.9251430000000007,0.0008935169999999851,-0.00019500000000072237,-1.5255999999985097e-05,0.00019559587300421567
0.029375,0.099375,0.005,1.5625e-08,0.929992,0.000152124,0.9309022500000008,0.000780694999999987,-0.0009102500000007785,-0.000628570999999987,0.0011061901122964358
0.031875,0.099375,0.005,1.5625e-08,0.933215,-0.00520204,0.9359665000000008,0.0006884117499999884,-0.002751500000000795,-0.005890451749999988,0.006501397855006437
0.081875,0.099375,0.005,1.5625e-08,0.924624,0.00262491,0.9336320000000007,-0.0012644822499999805,-0.009008000000000682,0.00388939224999998,0.009811800857863566
0.084375,0.099375,0.005,1.5625e-08,0.919505,-0.000997367,0.9240957500000009,-0.0016755027499999742,-0.004590750000000865,0.0006781357499999741,0.004640566092400362
0.086875,0.099375,0.005,1.5625e-08,0.907174,-0.00261499,0.9110980000000011,-0.0023535484999999594,-0.003924000000001038,-0.0002614415000000408,0.003932699792500111
0.089375,0.099375,0.005,1.5625e-08,0.887323,-0.00433079,0.8920475000000012,-0.0036223509999999365,-0.004724500000001242,-0.0007084390000000637,0.004777319966961897
0.091875,0.099375,0.005,1.5625e-08,0.854259,-0.00811625,0.8608552500000015,-0.006411062499999885,-0.0065962500000015245,-0.0017051875000001155,0.00681308876154397
0.094375,0.099375,0.005,1.5625e-08,0.788253,-0.0203908,0.8004175000000018,-0.014273844999999811,-0.012164500000001799,-0.006116955000000189,0.013615880387329755
0.096875,0.099375,0.005,1.5625e-08,0.608373,-0.0702228,0.6463250000000027,-0.050546474999999494,-0.03795200000000265,-0.019676325000000508,0.04274941016558996
0.099375,0.099375,0.005,1.5625e-08,0.31465,-0.152356,0.19948350000000287,-0.22497749999999814,0.11516649999999712,0.07262149999999815,0.1361514046365261
