x,y,z,V,Ux,Uy,Ux_M160_interp,Uy_M160_interp,dUx,dUy,dU_mag_star
0.00125,0.00125,0.005,6.25e-08,6.70162e-05,-6.70318e-05,2.1433875000000003e-05,-2.1497624999999997e-05,4.5582324999999994e-05,-4.553417500000001e-05,6.442910402400649e-05
0.00375,0.00125,0.005,6.25e-08,0.000163526,-5.64156e-05,8.053915e-05,-1.2283925000000003e-05,8.298684999999999e-05,-4.4131675e-05,9.399160606792568e-05
0.00625,0.00125,0.005,6.25e-08,0.000141294,1.96131e-06,3.354417499999998e-05,2.7194130000000007e-05,0.00010774982500000003,-2.5232820000000008e-05,0.0001106648995512264
0.00875,0.00125,0.005,6.25e-08,-5.11189e-05,6.54499e-05,-0.00017141392500000008,7.024702500000002e-05,0.00012029502500000008,-4.797125000000017e-06,0.00012039063687852253
0.01125,0.00125,0.005,6.25e-08,-0.000410125,0.000120788,-0.00053122425,0.00010838732499999999,0.00012109925000000003,1.2400675000000003e-05,0.00012173251451858756
0.01375,0.00125,0.005,6.25e-08,-0.000909233,0.000164305,-0.0010233535,0.000139214575,0.00011412050000000006,2.5090425e-05,0.00011684612936221139
0.01625,0.00125,0.005,6.25e-08,-0.00151798,0.000196258,-0.001619995,0.00016253447499999999,0.000102015,3.3723525000000005e-05,0.00010744457344801378
0.01875,0.00125,0.005,6.25e-08,-0.00220719,0.000218282,-0.00229374,0.000178965475,8.654999999999991e-05,3.9316525000000004e-05,9.506151502093584e-05
0.02125,0.00125,0.005,6.25e-08,-0.00295094,0.000232184,-0.0030196575000000004,0.00018934935000000002,6.871750000000043e-05,4.283464999999998e-05,8.097470004188072e-05
0.02375,0.00125,0.005,6.25e-08,-0.00372685,0.000239483,-0.0037757374999999997,0.00019447267500000002,4.88874999999998e-05,4.501032499999998e-05,6.645236649552523e-05
0.02625,0.00125,0.005,6.25e-08,-0.0045155,0.000241267,-0.0045425349999999995,0.00019494755,2.703499999999904e-05,4.6319450000000006e-05,5.363191841900165e-05
0.02875,0.00125,0.005,6.25e-08,-0.00529953,0.000238182,-0.005302495000000001,0.000191174475,2.965000000000606e-06,4.7007524999999995e-05,4.710094087834794e-05
0.03125,0.00125,0.005,6.25e-08,-0.00606278,0.000230497,-0.006039207499999999,0.000183360625,-2.3572500000000954e-05,4.7136374999999996e-05,5.270199810624517e-05
0.03375,0.00125,0.005,6.25e-08,-0.0067895,0.000218194,-0.006736809999999999,0.000171564525,-5.269000000000107e-05,4.6629475000000017e-05,7.036010260634745e-05
0.03625,0.00125,0.005,6.25e-08,-0.00746389,0.000201078,-0.0073795350000000004,0.000155763375,-8.43549999999995e-05,4.531462499999999e-05,9.575584193087407e-05
0.03875,0.00125,0.005,6.25e-08,-0.00806981,0.000178891,-0.007951567500000001,0.00013592204999999998,-0.00011824249999999904,4.2968950000000025e-05,0.00012580786728321993
0.04125,0.00125,0.005,6.25e-08,-0.00859086,0.000151424,-0.008437145,0.00011206525000000001,-0.00015371500000000045,3.935874999999998e-05,0.0001586739185454328
0.04375,0.00125,0.005,6.25e-08,-0.00901072,0.000118622,-0.0088209,8.434259999999999e-05,-0.00018982000000000027,3.4279400000000016e-05,0.00019289040843017597
0.04625,0.00125,0.005,6.25e-08,-0.00931372,8.06706e-05,-0.0090885475,5.308415e-05,-0.00022517249999999892,2.758645e-05,0.00022685604902636389
0.04875,0.00125,0.005,6.25e-08,-0.0094857,3.80734e-05,-0.0092274275,1.8839235e-05,-0.0002582725000000001,1.9234165e-05,0.0002589877166189495
0.05125,0.00125,0.005,6.25e-08,-0.00951491,-8.29947e-06,-0.0092276825,-1.7600045e-05,-0.000287227499999999,9.300575e-06,0.0002873780392646245
0.05375,0.00125,0.005,6.25e-08,-0.00939308,-5.71948e-05,-0.009083005,-5.5197599999999995e-05,-0.00031007499999999993,-1.9972000000000086e-06,0.0003100814319381926
0.05625,0.00125,0.005,6.25e-08,-0.00911647,-0.000106974,-0.008791519999999999,-9.269465e-05,-0.00032495000000000093,-1.427935e-05,0.0003252635890111635
0.05875,0.00125,0.005,6.25e-08,-0.00868673,-0.000155672,-0.008356625,-0.00012865462499999996,-0.0003301050000000007,-2.701737500000005e-05,0.00033120877038039174
0.06125,0.00125,0.005,6.25e-08,-0.00811171,-0.000201084,-0.00778748,-0.000161532325,-0.00032422999999999914,-3.9551675000000015e-05,0.0003266334763849307
0.06375,0.00125,0.005,6.25e-08,-0.00740582,-0.000240885,-0.007099217499999998,-0.00018976282500000007,-0.0003066025000000019,-5.112217499999994e-05,0.00031083527757154884
0.06625,0.00125,0.005,6.25e-08,-0.00659007,-0.00027279,-0.006312854999999997,-0.00021186275000000004,-0.00027721500000000253,-6.0927249999999985e-05,0.00028383143944525223
0.06875,0.00125,0.005,6.25e-08,-0.00569164,-0.000294725,-0.005454742499999997,-0.00022654150000000003,-0.000236897500000003,-6.818349999999999e-05,0.00024651453340219403
0.07125,0.00125,0.005,6.25e-08,-0.00474302,-0.000305002,-0.0045555950000000026,-0.00023280525000000002,-0.00018742499999999714,-7.219675e-05,0.00020084944942807642
0.07375,0.00125,0.005,6.25e-08,-0.00378059,-0.000302476,-0.0036491900000000027,-0.00023005075000000002,-0.00013139999999999723,-7.242524999999996e-05,0.00015003791799929033
0.07625,0.00125,0.005,6.25e-08,-0.00284287,-0.000286665,-0.0027707325000000025,-0.00021813175000000005,-7.213749999999746e-05,-6.853324999999997e-05,9.950188571988035e-05
0.07875,0.00125,0.005,6.25e-08,-0.00196852,-0.000257823,-0.0019549899999999976,-0.00019740259999999994,-1.3530000000002481e-05,-6.0420400000000076e-05,6.191676377331164e-05
0.08125,0.00125,0.005,6.25e-08,-0.00119408,-0.00021696,-0.0012343367499999982,-0.0001687312749999999,4.025674999999832e-05,-4.82287250000001e-05,6.28220967151527e-05
0.08375,0.00125,0.005,6.25e-08,-0.000551714,-0.000165847,-0.0006367579999999986,-0.0001335011499999999,8.504399999999853e-05,-3.23458500000001e-05,9.098755930467778e-05
0.08625,0.00125,0.005,6.25e-08,-6.6787e-05,-0.000107079,-0.00018379172500000102,-9.362807500000011e-05,0.00011700472500000103,-1.3450924999999883e-05,0.00011777534994930597
0.08875,0.00125,0.005,6.25e-08,0.00024449,-4.43292e-05,0.0001117404499999994,-5.166372500000012e-05,0.00013274955000000058,7.334525000000119e-06,0.00013295201496095604
0.09125,0.00125,0.005,6.25e-08,0.000378308,1.71093e-05,0.00024875899999999987,-1.1130930000000106e-05,0.00012954900000000012,2.8240230000000105e-05,0.00013259130435836635
0.09375,0.00125,0.005,6.25e-08,0.000348987,6.80287e-05,0.00024304374999999998,2.2527e-05,0.00010594325,4.5501700000000005e-05,0.00011530124424069543
0.09625,0.00125,0.005,6.25e-08,0.000207173,9.17121e-05,0.00013745022499999965,3.939157500000001e-05,6.972277500000035e-05,5.232052499999999e-05,8.717053796998329e-05
0.09875,0.00125,0.005,6.25e-08,5.88261e-05,5.8654e-05,2.0790487499999783e-05,2.081056499999988e-05,3.803561250000022e-05,3.7843435000000115e-05,5.3654761120047926e-05
0.00125,0.00375,0.005,6.25e-08,5.86337e-05,-0.000165843,1.2587215000000001e-05,-8.0921425e-05,4.6046485e-05,-8.492157499999999e-05,9.660203249070822e-05
0.00375,0.00375,0.005,6.25e-08,4.24658e-05,-4.04364e-05,-4.241027499999997e-05,4.2380457499999965e-05,8.487607499999998e-05,-8.281685749999996e-05,0.00011858574953838645
0.00625,0.00375,0.005,6.25e-08,-0.000292961,0.00024993,-0.00038487100000000006,0.0003348065,9.191000000000006e-05,-8.487650000000001e-05,0.0001251058286102211
0.00875,0.00375,0.005,6.25e-08,-0.00100883,0.000565893,-0.0011014935,0.0006597395000000001,9.266349999999994e-05,-9.384650000000003e-05,0.00013188513864154672
0.01125,0.00375,0.005,6.25e-08,-0.00209712,0.000852891,-0.0021920125000000003,0.000957097,9.489250000000024e-05,-0.00010420599999999992,0.00014093784797651065
0.01375,0.00375,0.005,6.25e-08,-0.0035124,0.00108989,-0.0036124624999999996,0.0012039662499999998,0.00010006249999999946,-0.00011407624999999972,0.000151742857229961
0.01625,0.00375,0.005,6.25e-08,-0.00519357,0.00127226,-0.005301005,0.0013946625,0.00010743500000000034,-0.00012240249999999992,0.0001628639040157458
0.01875,0.00375,0.005,6.25e-08,-0.00707614,0.00140294,-0.0071917325,0.0015311149999999998,0.00011559250000000004,-0.0001281749999999997,0.00017259912132235763
0.02125,0.00375,0.005,6.25e-08,-0.00909831,0.00148746,-0.009221185,0.0016180899999999995,0.00012287499999999972,-0.00013062999999999964,0.00017933895986371683
0.02375,0.00375,0.005,6.25e-08,-0.0112031,0.00153138,-0.01133075,0.0016606949999999998,0.00012764999999999999,-0.00012931499999999986,0.00018170550824066935
0.02625,0.00375,0.005,6.25e-08,-0.0133385,0.00153918,-0.013466800000000001,0.0016632324999999997,0.00012830000000000133,-0.00012405249999999967,0.00017846543854833702
0.02875,0.00375,0.005,6.25e-08,-0.0154562,0.00151382,-0.015579800000000001,0.0016287049999999998,0.0001236000000000015,-0.0001148849999999999,0.00016874692063857148
0.03125,0.00375,0.005,6.25e-08,-0.0175108,0.00145687,-0.01762295,0.0015588549999999998,0.00011214999999999836,-0.00010198499999999975,0.00015158681580203334
0.03375,0.00375,0.005,6.25e-08,-0.0194579,0.00136873,-0.019551149999999996,0.0014544324999999998,9.324999999999611e-05,-8.570249999999974e-05,0.00012665102054957642
0.03625,0.00375,0.005,6.25e-08,-0.0212538,0.0012492,-0.02131995,0.0013156624999999997,6.615000000000093e-05,-6.646249999999972e-05,9.377145837753665e-05
0.03875,0.00375,0.005,6.25e-08,-0.0228551,0.00109788,-0.022885774999999997,0.00114277875,3.067499999999737e-05,-4.489874999999985e-05,5.4376956301013444e-05
0.04125,0.00375,0.005,6.25e-08,-0.0242187,0.000914815,-0.0242058,0.0009365352499999999,-1.2899999999999717e-05,-2.1720249999999898e-05,2.526221011832671e-05
0.04375,0.00375,0.005,6.25e-08,-0.0253032,0.000700934,-0.0252394,0.0006987122499999999,-6.380000000000274e-05,2.2217500000000978e-06,6.383867302084882e-05
0.04625,0.00375,0.005,6.25e-08,-0.0260701,0.000458508,-0.025949450000000002,0.000432524,-0.00012064999999999645,2.5984e-05,0.0001234163309939132
0.04875,0.00375,0.005,6.25e-08,-0.0264855,0.00019148,-0.026304249999999998,0.00014290509999999998,-0.00018125000000000085,4.857490000000002e-05,0.0001876461654551201
0.05125,0.00375,0.005,6.25e-08,-0.0265229,-9.4322e-05,-0.0262797,-0.00016333749999999998,-0.00024319999999999897,6.901549999999998e-05,0.00025280304436507386
0.05375,0.00375,0.005,6.25e-08,-0.0261648,-0.000391128,-0.02586165,-0.00047753999999999993,-0.00030314999999999856,8.64119999999999e-05,0.0003152252468378748
0.05625,0.00375,0.005,6.25e-08,-0.0254057,-0.000689341,-0.025047725,-0.0007893727499999999,-0.00035797499999999996,0.00010003174999999992,0.00037168864878156077
0.05875,0.00375,0.005,6.25e-08,-0.0242532,-0.000977836,-0.023849275,-0.0010872129999999994,-0.0004039249999999994,0.00010937699999999948,0.0004184719031834747
0.06125,0.00375,0.005,6.25e-08,-0.0227302,-0.00124445,-0.022292399999999997,-0.0013586975,-0.0004378000000000021,0.0001142475,0.000452461414107603
0.06375,0.00375,0.005,6.25e-08,-0.020875,-0.00147663,-0.020418424999999994,-0.0015913950000000004,-0.00045657500000000767,0.0001147650000000004,0.0004707777988074704
0.06625,0.00375,0.005,6.25e-08,-0.0187418,-0.00166224,-0.018283224999999993,-0.0017736300000000004,-0.0004585750000000062,0.00011139000000000049,0.00047190969763823013
0.06875,0.00375,0.005,6.25e-08,-0.0163987,-0.00179045,-0.015956099999999994,-0.0018952900000000002,-0.0004426000000000048,0.00010484000000000014,0.00045484743112389264
0.07125,0.00375,0.005,6.25e-08,-0.0139262,-0.00185258,-0.013517000000000006,-0.0019486399999999997,-0.00040919999999999325,9.605999999999981e-05,0.0004203238794072905
0.07375,0.00375,0.005,6.25e-08,-0.0114135,-0.00184295,-0.011053422500000007,-0.0019290750000000001,-0.0003600774999999931,8.612500000000005e-05,0.0003702341443346967
0.07625,0.00375,0.005,6.25e-08,-0.00895444,-0.00175951,-0.008656100000000007,-0.00183561,-0.00029833999999999243,7.610000000000017e-05,0.00030789278263706587
0.07875,0.00375,0.005,6.25e-08,-0.00664267,-0.00160428,-0.0064144299999999935,-0.0016712899999999993,-0.00022824000000000629,6.700999999999929e-05,0.00023787357503514924
0.08125,0.00375,0.005,6.25e-08,-0.00456605,-0.00138366,-0.0044113399999999945,-0.0014433649999999994,-0.00015471000000000582,5.970499999999931e-05,0.0001658308509445746
0.08375,0.00375,0.005,6.25e-08,-0.00280109,-0.0011085,-0.0027180024999999956,-0.001163379749999999,-8.308750000000443e-05,5.487974999999904e-05,9.957569792029142e-05
0.08625,0.00375,0.005,6.25e-08,-0.0014069,-0.000794464,-0.001388290000000003,-0.0008474515000000009,-1.8609999999997032e-05,5.298750000000082e-05,5.616054893116676e-05
0.08875,0.00375,0.005,6.25e-08,-0.000418868,-0.000462913,-0.000452761750000002,-0.0005170145000000009,3.3893750000002e-05,5.4101500000000905e-05,6.3841668143249e-05
0.09125,0.00375,0.005,6.25e-08,0.000157932,-0.000142886,8.866914999999906e-05,-0.00020098050000000078,6.926285000000094e-05,5.8094500000000784e-05,9.040084800693366e-05
0.09375,0.00375,0.005,6.25e-08,0.000358204,0.000123794,0.00027655000000000003,5.948745e-05,8.165399999999996e-05,6.430654999999999e-05,0.00010393607693627123
0.09625,0.00375,0.005,6.25e-08,0.000277917,0.000273549,0.00020535724999999958,0.00020224025000000013,7.25597500000004e-05,7.130874999999987e-05,0.00010173423782888945
0.09875,0.00375,0.005,6.25e-08,9.221e-05,0.000206025,3.983162499999962e-05,0.00013792882499999944,5.237837500000038e-05,6.809617500000057e-05,8.591032078435842e-05
0.00125,0.00625,0.005,6.25e-08,3.88384e-07,-0.000147268,-2.7997460000000008e-05,-3.275876499999998e-05,2.838584400000001e-05,-0.00011450923500000001,0.0001179750865220177
0.00375,0.00625,0.005,6.25e-08,-0.000257004,0.000295904,-0.00034757150000000003,0.00039068450000000004,9.056750000000001e-05,-9.478050000000005e-05,0.0001310946804279259
0.00625,0.00625,0.005,6.25e-08,-0.00104908,0.00102314,-0.0011444555000000003,0.0011190347500000003,9.537550000000036e-05,-9.589475000000027e-05,0.00013524898919331198
0.00875,0.00625,0.005,6.25e-08,-0.00238639,0.00179775,-0.002478980000000001,0.0019092825000000006,9.25900000000009e-05,-0.00011153250000000051,0.00014495656817216073
0.01125,0.00625,0.005,6.25e-08,-0.00423831,0.0025102,-0.00433661,0.0026385850000000006,9.829999999999995e-05,-0.0001283850000000004,0.0001616960055938306
0.01375,0.00625,0.005,6.25e-08,-0.00654481,0.00311032,-0.006657400000000001,0.0032521125000000007,0.00011259000000000095,-0.00014179250000000056,0.00018105695555888036
0.01625,0.00625,0.005,6.25e-08,-0.00922491,0.00358115,-0.009358565,0.0037317550000000007,0.00013365499999999989,-0.0001506050000000007,0.00020135919410347314
0.01875,0.00625,0.005,6.25e-08,-0.0121904,0.00392363,-0.012349275,0.004077855,0.0001588749999999993,-0.00015422500000000002,0.00022141954803042973
0.02125,0.00625,0.005,6.25e-08,-0.0153541,0.00414634,-0.015539025000000003,0.004298722500000001,0.00018492500000000245,-0.000152382500000001,0.000239619869650351
0.02375,0.00625,0.005,6.25e-08,-0.0186328,0.00425972,-0.018841675000000002,0.004404715000000001,0.00020887500000000073,-0.00014499500000000106,0.000254268196300679
0.02625,0.00625,0.005,6.25e-08,-0.0219486,0.00427292,-0.022176175000000003,0.00440513,0.00022757500000000416,-0.0001322099999999998,0.0002631916881761311
0.02875,0.00625,0.005,6.25e-08,-0.0252274,0.00419256,-0.0254662,0.0043068525000000005,0.00023880000000000082,-0.00011429250000000082,0.0002647417903472185
0.03125,0.00625,0.005,6.25e-08,-0.0283987,0.00402253,-0.028638925000000003,0.004114197500000001,0.00024022500000000363,-9.166750000000074e-05,0.0002571205576791787
0.03375,0.00625,0.005,6.25e-08,-0.0313938,0.00376457,-0.031623975,0.0038294975000000005,0.00023017499999999913,-6.492750000000038e-05,0.0002391570841126176
0.03625,0.00625,0.005,6.25e-08,-0.0341452,0.00341921,-0.034352650000000005,0.0034540825000000004,0.00020745000000000485,-3.487250000000063e-05,0.00021036062786617668
0.03875,0.00625,0.005,6.25e-08,-0.0365866,0.00298696,-0.036757975,0.0029895175000000003,0.0001713750000000014,-2.557500000000424e-06,0.00017139408225271512
0.04125,0.00625,0.005,6.25e-08,-0.0386535,0.0024696,-0.038775525000000005,0.0024388400000000003,0.00012202500000000477,3.07599999999999e-05,0.0001258422751900217
0.04375,0.00625,0.005,6.25e-08,-0.040285,0.00187133,-0.04034485,0.0018077050000000002,5.985000000000018e-05,6.362499999999988e-05,8.735080494763632e-05
0.04625,0.00625,0.005,6.25e-08,-0.0414253,0.00119974,-0.041411875,0.001105349,-1.3424999999997467e-05,9.439099999999988e-05,9.534092251494061e-05
0.04875,0.00625,0.005,6.25e-08,-0.0420267,0.000466621,-0.04193135,0.00034521750000000005,-9.535000000000099e-05,0.00012140349999999997,0.00015437108638683016
0.05125,0.00625,0.005,6.25e-08,-0.0420529,-0.000311644,-0.04187005,-0.00045470225000000006,-0.0001828499999999983,0.00014305825000000003,0.00023216327313565745
0.05375,0.00625,0.005,6.25e-08,-0.0414813,-0.001114,-0.041209499999999996,-0.0012719925000000002,-0.0002718000000000026,0.0001579925000000002,0.00031438331707686314
0.05625,0.00625,0.005,6.25e-08,-0.0403067,-0.00191511,-0.039949125,-0.002080305,-0.00035757499999999887,0.00016519500000000014,0.0003938899194571997
0.05875,0.00625,0.005,6.25e-08,-0.0385433,-0.00268614,-0.038108025000000004,-0.00285033,-0.00043527499999999886,0.00016418999999999982,0.0004652125124338327
0.06125,0.00625,0.005,6.25e-08,-0.0362268,-0.00339598,-0.0357266,-0.0035511175000000005,-0.0005002000000000062,0.00015513750000000067,0.0005237057226212602
0.06375,0.00625,0.005,6.25e-08,-0.0334148,-0.00401292,-0.03286699999999999,-0.004151777500000002,-0.000547800000000008,0.00013885750000000238,0.0005651249820227906
0.06625,0.00625,0.005,6.25e-08,-0.0301868,-0.00450654,-0.029612099999999992,-0.004623392500000002,-0.0005747000000000078,0.0001168525000000021,0.0005864593734916848
0.06875,0.00625,0.005,6.25e-08,-0.026642,-0.00484989,-0.026063574999999988,-0.004941032500000001,-0.0005784250000000109,9.114250000000126e-05,0.0005855616414445731
0.07125,0.00625,0.005,6.25e-08,-0.0228968,-0.00502158,-0.02233827500000001,-0.005085715000000001,-0.0005585249999999868,6.413500000000075e-05,0.0005621952275233091
0.07375,0.00625,0.005,6.25e-08,-0.0190796,-0.00500778,-0.01856350000000001,-0.0050461675000000004,-0.0005160999999999881,3.8387500000000574e-05,0.0005175256613504666
0.07625,0.00625,0.005,6.25e-08,-0.0153251,-0.00480393,-0.01487127500000001,-0.004820210000000001,-0.0004538249999999893,1.6280000000001328e-05,0.0004541169111858645
0.07875,0.00625,0.005,6.25e-08,-0.0117677,-0.00441591,-0.011391474999999991,-0.0044157325,-0.00037622500000000954,-1.775000000002469e-07,0.00037622504187156014
0.08125,0.00625,0.005,6.25e-08,-0.00853348,-0.00386086,-0.008244694999999991,-0.003851264999999999,-0.0002887850000000084,-9.595000000000697e-06,0.0002889443549370793
0.08375,0.00625,0.005,6.25e-08,-0.00573228,-0.00316766,-0.005534317499999994,-0.0031563649999999987,-0.00019796250000000612,-1.1295000000001443e-05,0.00019828446341368366
0.08625,0.00625,0.005,6.25e-08,-0.00344911,-0.0023775,-0.0033387275000000055,-0.002372152500000003,-0.00011038249999999455,-5.347499999996865e-06,0.00011051195438729134
0.08875,0.00625,0.005,6.25e-08,-0.00173565,-0.00154537,-0.001702925000000004,-0.0015527625000000024,-3.272499999999604e-05,7.392500000002501e-06,3.354958541099693e-05
0.09125,0.00625,0.005,6.25e-08,-0.000601873,-0.000743097,-0.0006297275000000024,-0.0007687967500000023,2.7854500000002455e-05,2.569975000000233e-05,3.789921266085559e-05
0.09375,0.00625,0.005,6.25e-08,-6.76184e-06,-6.49859e-05,-7.020477500000008e-05,-0.00011403660500000004,6.344293500000008e-05,4.905070500000004e-05,8.019337667420711e-05
0.09625,0.00625,0.005,6.25e-08,0.000157259,0.000361901,8.6535075e-05,0.0002838760000000006,7.072392500000001e-05,7.802499999999936e-05,0.0001053079968112846
0.09875,0.00625,0.005,6.25e-08,7.48776e-05,0.000353777,2.6211124999999758e-05,0.0002505532499999991,4.866647500000024e-05,0.0001032237500000009,0.00011412084977333605
0.00125,0.00875,0.005,6.25e-08,-6.87403e-05,5.16326e-05,-7.58896e-05,0.0001850453500000001,7.149300000000003e-06,-0.0001334127500000001,0.00013360417041788976
0.00375,0.00875,0.005,6.25e-08,-0.000612288,0.0010441,-0.0007147255,0.0011468325000000001,0.00010243749999999999,-0.00010273250000000008,0.00014507724825933257
0.00625,0.00875,0.005,6.25e-08,-0.00192991,0.00238109,-0.002041315000000001,0.002483637500000001,0.00011140500000000105,-0.00010254750000000075,0.00015141685435000418
0.00875,0.00875,0.005,6.25e-08,-0.00394585,0.00375683,-0.004056440000000001,0.003880445000000001,0.00011059000000000156,-0.00012361500000000096,0.00016586384875855433
0.01125,0.00875,0.005,6.25e-08,-0.00658896,0.00501598,-0.006712250000000001,0.005163025000000002,0.0001232900000000016,-0.0001470450000000019,0.00019189230345430987
0.01375,0.00875,0.005,6.25e-08,-0.00977953,0.00608091,-0.009926472500000002,0.006245990000000001,0.00014694250000000207,-0.0001650800000000006,0.00022100566668357353
0.01625,0.00875,0.005,6.25e-08,-0.013418,0.00692149,-0.0135972,0.0070969475000000025,0.00017920000000000089,-0.00017545750000000273,0.00025079468556221695
0.01875,0.00875,0.005,6.25e-08,-0.017397,0.00753514,-0.017614475,0.0077126450000000015,0.0002174750000000017,-0.0001775050000000014,0.0002807194340440313
0.02125,0.00875,0.005,6.25e-08,-0.0216099,0.00793243,-0.021867700000000004,0.008103672500000002,0.00025780000000000247,-0.00017124250000000174,0.00030949124996718704
0.02375,0.00875,0.005,6.25e-08,-0.0259536,0.00812807,-0.026249875,0.0082851,0.0002962749999999986,-0.0001570300000000007,0.00033531671077505134
0.02625,0.00875,0.005,6.25e-08,-0.0303295,0.00813576,-0.0306586,0.008271205000000002,0.0003291000000000023,-0.0001354450000000014,0.00035588222493544393
0.02875,0.00875,0.005,6.25e-08,-0.0346431,0.00796595,-0.034996025,0.008073070000000002,0.000352924999999997,-0.00010712000000000221,0.00036882346729160054
0.03125,0.00875,0.005,6.25e-08,-0.0388034,0.00762526,-0.039168100000000004,0.007698125000000002,0.0003647000000000025,-7.286500000000182e-05,0.0003719077818828239
0.03375,0.00875,0.005,6.25e-08,-0.0427213,0.00711731,-0.043083525000000004,0.007150967500000002,0.0003622250000000077,-3.3657500000001776e-05,0.0003637853459545281
0.03625,0.00875,0.005,6.25e-08,-0.0463099,0.00644425,-0.046653375,0.006435010000000001,0.00034347499999999587,9.239999999998902e-06,0.00034359926255013575
0.03875,0.00875,0.005,6.25e-08,-0.0494843,0.00560872,-0.049791800000000004,0.005554460000000001,0.0003075000000000022,5.425999999999955e-05,0.0003122505365888125
0.04125,0.00875,0.005,6.25e-08,-0.0521628,0.00461587,-0.0524166,0.004516377500000002,0.00025379999999999847,9.94924999999985e-05,0.00027260447090289797
0.04375,0.00875,0.005,6.25e-08,-0.0542686,0.00347536,-0.05445175000000001,0.0033326250000000005,0.00018315000000000692,0.0001427349999999993,0.00023220078106027622
0.04625,0.00875,0.005,6.25e-08,-0.0557328,0.00220294,-0.055830000000000005,0.0020213825000000006,9.720000000000562e-05,0.00018155749999999946,0.00020593922842977464
0.04875,0.00875,0.005,6.25e-08,-0.0564974,0.000821677,-0.0564959,0.0006082087500000001,-1.5000000000015001e-06,0.00021346824999999995,0.00021347352003951798
0.05125,0.00875,0.005,6.25e-08,-0.0565185,-0.000637383,-0.056409425000000006,-0.0008735260000000002,-0.0001090749999999932,0.00023614300000000018,0.0002601170353398612
0.05375,0.00875,0.005,6.25e-08,-0.0557703,-0.00213526,-0.055549475000000015,-0.0023828700000000005,-0.000220824999999987,0.00024761000000000054,0.0003317746113327458
0.05625,0.00875,0.005,6.25e-08,-0.054248,-0.00362571,-0.053916825,-0.0038722500000000007,-0.00033117499999999606,0.0002465400000000008,0.00041286662764747383
0.05875,0.00875,0.005,6.25e-08,-0.051971,-0.00505674,-0.05153685000000001,-0.005289147499999999,-0.00043414999999999426,0.00023240749999999932,0.0004924423504901307
0.06125,0.00875,0.005,6.25e-08,-0.0489846,-0.00637269,-0.04846085,-0.006578440000000001,-0.0005237500000000034,0.00020575000000000107,0.0005627140703767802
0.06375,0.00875,0.005,6.25e-08,-0.0453609,-0.00751715,-0.04476667499999999,-0.007685320000000004,-0.0005942250000000107,0.00016817000000000394,0.0006175633566890235
0.06625,0.00875,0.005,6.25e-08,-0.0411983,-0.00843623,-0.04055747499999999,-0.008558587500000004,-0.0006408250000000115,0.00012235750000000496,0.0006524017461896204
0.06875,0.00875,0.005,6.25e-08,-0.0366197,-0.00908224,-0.03595939999999999,-0.009154125000000003,-0.0006603000000000095,7.188500000000243e-05,0.0006642014327182778
0.07125,0.00875,0.005,6.25e-08,-0.0317683,-0.00941743,-0.03111737500000002,-0.009438342500000002,-0.0006509249999999793,2.0912500000002873e-05,0.0006512608450392386
0.07375,0.00875,0.005,6.25e-08,-0.0268028,-0.00941742,-0.026189325000000013,-0.009391200000000002,-0.0006134749999999883,-2.621999999999694e-05,0.0006140350674228513
0.07625,0.00875,0.005,6.25e-08,-0.0218899,-0.00907427,-0.021339400000000012,-0.009008782500000003,-0.0005504999999999885,-6.548749999999749e-05,0.0005543815136313954
0.07875,0.00875,0.005,6.25e-08,-0.0171964,-0.00839867,-0.016729674999999992,-0.008305129999999999,-0.0004667250000000081,-9.354000000000133e-05,0.0004760062575481627
0.08125,0.00875,0.005,6.25e-08,-0.0128798,-0.00742154,-0.01251122499999999,-0.007313349999999998,-0.00036857500000000987,-0.00010819000000000193,0.00038412576941023846
0.08375,0.00875,0.005,6.25e-08,-0.00907821,-0.00619484,-0.008814802499999991,-0.0060863199999999975,-0.00026340750000000863,-0.00010852000000000257,0.0002848861201537469
0.08625,0.00875,0.005,6.25e-08,-0.0059006,-0.00479231,-0.0057411100000000085,-0.004697382500000005,-0.0001594899999999913,-9.492749999999526e-05,0.00018560250633072368
0.08875,0.00875,0.005,6.25e-08,-0.00341679,-0.00331077,-0.0033514425000000067,-0.0032418775000000047,-6.534749999999312e-05,-6.889249999999549e-05,9.495510682684991e-05
0.09125,0.00875,0.005,6.25e-08,-0.00164811,-0.00187308,-0.0016586675000000042,-0.0018405700000000043,1.0557500000004305e-05,-3.25099999999958e-05,3.418129468363973e-05
0.09375,0.00875,0.005,6.25e-08,-0.000558744,-0.000632781,-0.0006190860000000002,-0.0006461035000000003,6.034200000000023e-05,1.3322500000000244e-05,6.179519374716804e-05
0.09625,0.00875,0.005,6.25e-08,-4.97805e-05,0.000217079,-0.00012546464999999934,0.00014634885000000135,7.568414999999934e-05,7.073014999999866e-05,0.00010358979042475523
0.09875,0.00875,0.005,6.25e-08,3.80033e-05,0.000413564,-5.340764999999626e-07,0.00028221174999999916,3.8537376499999967e-05,0.00013135225000000084,0.0001368887978162036
0.00125,0.01125,0.005,6.25e-08,-0.000137133,0.000446346,-0.00012391615,0.00058637425,-1.3216849999999995e-05,-0.00014002825000000003,0.00014065061650055078
0.00375,0.01125,0.005,6.25e-08,-0.000977178,0.00224072,-0.0010935424999999998,0.0023532024999999997,0.00011636449999999983,-0.00011248249999999986,0.00016184254590959676
0.00625,0.01125,0.005,6.25e-08,-0.00284578,0.00435862,-0.0029752600000000004,0.004477385,0.0001294800000000004,-0.00011876500000000071,0.00017569916227745729
0.00875,0.01125,0.005,6.25e-08,-0.00556465,0.00645796,-0.005696992500000001,0.006608185000000001,0.00013234250000000117,-0.00015022500000000123,0.00020020511464807956
0.01125,0.01125,0.005,6.25e-08,-0.00901012,0.00835491,-0.0091647625,0.0085397325,0.0001546424999999997,-0.00018482249999999915,0.0002409847698766451
0.01375,0.01125,0.005,6.25e-08,-0.0130766,0.00995335,-0.013266175,0.010165435,0.00018957499999999912,-0.00021208500000000075,0.0002844621729685688
0.01625,0.01125,0.005,6.25e-08,-0.017644,0.011214,-0.017877725,0.011442250000000001,0.0002337250000000006,-0.00022825000000000102,0.00032668859503355905
0.01875,0.01125,0.005,6.25e-08,-0.0225871,0.012132,-0.022871574999999998,0.012364074999999999,0.0002844749999999993,-0.00023207499999999825,0.00036713053707094264
0.02125,0.01125,0.005,6.25e-08,-0.0277828,0.0127201,-0.028120625000000003,0.0129436,0.0003378250000000034,-0.00022349999999999974,0.00040506540289810255
0.02375,0.01125,0.005,6.25e-08,-0.033112,0.0129967,-0.033501449999999995,0.013200199999999999,0.0003894499999999926,-0.00020349999999999882,0.00043941273593285136
0.02625,0.01125,0.005,6.25e-08,-0.0384602,0.0129799,-0.038895125,0.013152674999999999,0.00043492500000000267,-0.00017277499999999828,0.00046798606416217323
0.02875,0.01125,0.005,6.25e-08,-0.0437166,0.0126837,-0.044186975,0.012816224999999999,0.00047037500000000204,-0.00013252499999999966,0.0004886875446028903
0.03125,0.01125,0.005,6.25e-08,-0.0487738,0.0121175,-0.049266025,0.012201575,0.0004922249999999989,-8.407499999999943e-05,0.0004993536384667672
0.03375,0.01125,0.005,6.25e-08,-0.0535266,0.0112872,-0.054024174999999994,0.011316075,0.0004975749999999932,-2.8874999999999387e-05,0.0004984121249026684
0.03625,0.01125,0.005,6.25e-08,-0.0578723,0.0101972,-0.058356349999999994,0.01016588,0.0004840499999999928,3.131999999999961e-05,0.0004850622072476818
0.03875,0.01125,0.005,6.25e-08,-0.0617109,0.00885337,-0.06216115,0.00875909,0.00045024999999999926,9.427999999999867e-05,0.00046001497899524866
0.04125,0.01125,0.005,6.25e-08,-0.0649467,0.0072657,-0.06534214999999999,0.007108307500000001,0.00039544999999999164,0.000157392499999999,0.0004256208424833576
0.04375,0.01125,0.005,6.25e-08,-0.0674906,0.00545113,-0.067810575,0.0052335725,0.0003199750000000001,0.0002175574999999999,0.00038693057055659227
0.04625,0.01125,0.005,6.25e-08,-0.0692626,0.0034358,-0.06948822499999999,0.0031644075,0.0002256249999999932,0.00027139250000000024,0.0003529313384799472
0.04875,0.01125,0.005,6.25e-08,-0.070196,0.00125668,-0.070311,0.0009412917500000001,0.00011500000000000399,0.00031538825,0.0003357003846260284
0.05125,0.01125,0.005,6.25e-08,-0.0702404,-0.00103757,-0.070232725,-0.0013837975,-7.674999999998655e-06,0.0003462274999999999,0.0003463125573542633
0.05375,0.01125,0.005,6.25e-08,-0.0693664,-0.00338676,-0.069229025,-0.0037478025,-0.00013737499999999514,0.00036104249999999996,0.00038629467693879584
0.05625,0.01125,0.005,6.25e-08,-0.0675683,-0.00572024,-0.06730055,-0.006078065,-0.00026774999999999716,0.000357825,0.00044691027413228985
0.05875,0.01125,0.005,6.25e-08,-0.064868,-0.00795904,-0.06447592499999999,-0.008294772499999997,-0.0003920750000000056,0.0003357324999999963,0.0005161774086312301
0.06125,0.01125,0.005,6.25e-08,-0.0613166,-0.0100191,-0.060813425,-0.0103144025,-0.0005031750000000015,0.0002953025000000005,0.0005834283564682572
0.06375,0.01125,0.005,6.25e-08,-0.0569958,-0.0118153,-0.05640154999999999,-0.012054075000000004,-0.0005942500000000114,0.00023877500000000357,0.0006404268600902177
0.06625,0.01125,0.005,6.25e-08,-0.0520176,-0.0132665,-0.05135814999999999,-0.013436150000000003,-0.0006594500000000059,0.0001696500000000021,0.0006809224809036697
0.06875,0.01125,0.005,6.25e-08,-0.0465219,-0.0143006,-0.04582762499999998,-0.014393625000000002,-0.000694275000000015,9.302500000000179e-05,0.0007004794260005222
0.07125,0.01125,0.005,6.25e-08,-0.0406732,-0.0148602,-0.039976850000000015,-0.014875175000000001,-0.0006963499999999845,1.4975000000000405e-05,0.0006965110000028559
0.07375,0.01125,0.005,6.25e-08,-0.0346541,-0.0149081,-0.033988575000000014,-0.0148497,-0.0006655249999999863,-5.840000000000012e-05,0.0006680823943384391
0.07625,0.01125,0.005,6.25e-08,-0.0286583,-0.0144313,-0.02805400000000002,-0.014310325000000002,-0.0006042999999999812,-0.00012097499999999713,0.0006162900620851976
0.07875,0.01125,0.005,6.25e-08,-0.022881,-0.013445,-0.022363449999999986,-0.013277399999999998,-0.0005175500000000124,-0.00016760000000000212,0.0005440108110139113
0.08125,0.01125,0.005,6.25e-08,-0.0175085,-0.0119952,-0.017096049999999988,-0.011800199999999997,-0.0004124500000000121,-0.00019500000000000246,0.00045622363211478967
0.08375,0.01125,0.005,6.25e-08,-0.0127067,-0.0101593,-0.012409099999999989,-0.009957942499999994,-0.0002976000000000107,-0.0002013575000000059,0.0003593196387706338
0.08625,0.01125,0.005,6.25e-08,-0.00861001,-0.00804724,-0.00842731500000001,-0.007860567500000006,-0.00018269499999998967,-0.0001866724999999951,0.0002611974067276404
0.08875,0.01125,0.005,6.25e-08,-0.00531037,-0.00580193,-0.005232630000000008,-0.005649312500000006,-7.773999999999195e-05,-0.0001526174999999944,0.00017127641082836549
0.09125,0.01125,0.005,6.25e-08,-0.00284726,-0.00360076,-0.0028552700000000057,-0.0034992025000000057,8.010000000005773e-06,-0.00010155749999999448,0.00010187289092908364
0.09375,0.01125,0.005,6.25e-08,-0.00119915,-0.00165811,-0.0012669275,-0.0016236825,6.777749999999994e-05,-3.442750000000002e-05,7.602001225006474e-05
0.09625,0.01125,0.005,6.25e-08,-0.00028983,-0.000231068,-0.0003767414999999984,-0.00028295864999999733,8.691149999999844e-05,5.189064999999734e-05,0.00010122375407814093
0.09875,0.01125,0.005,6.25e-08,-3.77235e-06,0.000350618,-3.141252499999962e-05,0.0002018414999999998,2.764017499999962e-05,0.0001487765000000002,0.0001513222595201402
0.00125,0.01375,0.005,6.25e-08,-0.000201319,0.00103211,-0.00016999015000000001,0.0011687382499999998,-3.1328849999999974e-05,-0.00013662824999999983,0.00014017409011791356
0.00375,0.01375,0.005,6.25e-08,-0.00133243,0.00389063,-0.0014639599999999998,0.00401571,0.00013152999999999993,-0.00012507999999999964,0.0001815079813672112
0.00625,0.01375,0.005,6.25e-08,-0.00375147,0.0069676,-0.0038984725000000007,0.007112775,0.00014700250000000085,-0.000145175,0.00020660473283845714
0.00875,0.01375,0.005,6.25e-08,-0.00717342,0.00991188,-0.007326667500000001,0.01010215,0.00015324750000000106,-0.00019027000000000106,0.0002443101904470027
0.01125,0.01375,0.005,6.25e-08,-0.0114161,0.0125293,-0.01160225,0.012767,0.0001861499999999995,-0.0002377000000000004,0.0003019157374169157
0.01375,0.01375,0.005,6.25e-08,-0.0163434,0.014717,-0.0165772,0.014992525,0.00023379999999999929,-0.0002755250000000004,0.0003613536572735911
0.01625,0.01375,0.005,6.25e-08,-0.0218121,0.0164334,-0.022103275,0.016732175000000002,0.0002911749999999977,-0.0002987750000000011,0.0004171922593361475
0.01875,0.01375,0.005,6.25e-08,-0.0276792,0.0176752,-0.02803435,0.017980700000000002,0.0003551499999999985,-0.0003055000000000037,0.00046846747218990694
0.02125,0.01375,0.005,6.25e-08,-0.0338065,0.0184586,-0.03422842500000001,0.018754200000000002,0.00042192500000000355,-0.0002956000000000035,0.0005151699385882343
0.02375,0.01375,0.005,6.25e-08,-0.0400619,0.0188066,-0.040548600000000004,0.01907665,0.00048670000000000657,-0.00027005000000000084,0.0005566002986883917
0.02625,0.01375,0.005,6.25e-08,-0.0463177,0.0187415,-0.046862825,0.018971575,0.0005451249999999935,-0.00023007499999999972,0.0005916889142530834
0.02875,0.01375,0.005,6.25e-08,-0.0524508,0.0182807,-0.053043575,0.018458,0.0005927750000000037,-0.0001772999999999983,0.000618722466559122
0.03125,0.01375,0.005,6.25e-08,-0.0583409,0.0174365,-0.0589667,0.017549925,0.0006257999999999958,-0.00011342500000000033,0.0006359959674596961
0.03375,0.01375,0.005,6.25e-08,-0.0638704,0.0162174,-0.064511175,0.016257499999999998,0.0006407750000000101,-4.0099999999997776e-05,0.000642028512314689
0.03625,0.01375,0.005,6.25e-08,-0.068924,0.0146304,-0.06955905,0.0145904,0.0006350499999999981,4.0000000000000105e-05,0.0006363084963286265
0.03875,0.01375,0.005,6.25e-08,-0.0733899,0.0126852,-0.07399644999999999,0.012561150000000002,0.0006065499999999974,0.00012404999999999881,0.0006191052454954622
0.04125,0.01375,0.005,6.25e-08,-0.0771608,0.0103979,-0.077715225,0.010189050000000002,0.0005544249999999973,0.00020884999999999827,0.0005924570896908874
0.04375,0.01375,0.005,6.25e-08,-0.0801369,0.00779372,-0.080615675,0.007503695,0.00047877500000000073,0.0002900249999999993,0.0005597678101230905
0.04625,0.01375,0.005,6.25e-08,-0.0822291,0.0049109,-0.082609775,0.00454756,0.000380674999999997,0.0003633400000000002,0.0005262408300626225
0.04875,0.01375,0.005,6.25e-08,-0.0833619,0.00180205,-0.08362502499999999,0.0013779589999999998,0.00026312499999998906,0.00042409100000000014,0.0004990871085351678
0.05125,0.01375,0.005,6.25e-08,-0.0834784,-0.00146457,-0.08360822500000001,-0.0019323324999999999,0.00012982500000001396,0.0004677624999999998,0.0004854444221857466
0.05375,0.01375,0.005,6.25e-08,-0.0825435,-0.00480528,-0.08252994999999999,-0.0052956950000000004,-1.3550000000014939e-05,0.0004904150000000001,0.0004906021552388458
0.05625,0.01375,0.005,6.25e-08,-0.0805484,-0.00812247,-0.08038775000000001,-0.0086115925,-0.0001606499999999983,0.0004891224999999996,0.0005148293333778185
0.05875,0.01375,0.005,6.25e-08,-0.0775136,-0.0113074,-0.077209725,-0.011769824999999996,-0.0003038749999999951,0.0004624249999999955,0.0005533325367715086
0.06125,0.01375,0.005,6.25e-08,-0.0734919,-0.0142445,-0.07305652500000001,-0.014655175,-0.00043537499999998786,0.00041067499999999924,0.0005985025866694218
0.06375,0.01375,0.005,6.25e-08,-0.0685697,-0.0168165,-0.06802244999999998,-0.017152750000000005,-0.000547250000000013,0.0003362500000000032,0.000642297925420919
0.06625,0.01375,0.005,6.25e-08,-0.0628671,-0.0189112,-0.06223469999999999,-0.019154925000000003,-0.0006324000000000052,0.00024372500000000366,0.0006777400944499361
0.06875,0.01375,0.005,6.25e-08,-0.0565363,-0.0204284,-0.05585132499999998,-0.02056795,-0.0006849750000000182,0.00013955000000000217,0.0006990457446584061
0.07125,0.01375,0.005,6.25e-08,-0.0497582,-0.0212875,-0.04905657500000002,-0.021319,-0.0007016249999999835,3.150000000000028e-05,0.0007023317525393372
0.07375,0.01375,0.005,6.25e-08,-0.042736,-0.0214347,-0.042054950000000015,-0.021362850000000003,-0.0006810499999999886,-7.18499999999983e-05,0.0006848295590875034
0.07625,0.01375,0.005,6.25e-08,-0.0356879,-0.0208497,-0.03506227500000002,-0.020687425000000006,-0.0006256249999999838,-0.00016227499999999298,0.0006463279479103295
0.07875,0.01375,0.005,6.25e-08,-0.0288365,-0.0195505,-0.02829644999999998,-0.019317999999999995,-0.0005400500000000211,-0.00023250000000000354,0.000587971302445982
0.08125,0.01375,0.005,6.25e-08,-0.0223975,-0.0175973,-0.021965299999999983,-0.017320049999999993,-0.000432200000000018,-0.00027725000000000666,0.000513482621419673
0.08375,0.01375,0.005,6.25e-08,-0.016567,-0.015094,-0.016255299999999986,-0.014800499999999992,-0.00031170000000001197,-0.0002935000000000073,0.0004281344882160415
0.08625,0.01375,0.005,6.25e-08,-0.0115089,-0.0121887,-0.011319200000000014,-0.011907850000000008,-0.0001896999999999871,-0.0002808499999999922,0.0003389141668623351
0.08875,0.01375,0.005,6.25e-08,-0.00734283,-0.00907252,-0.00726531000000001,-0.008831910000000009,-7.751999999998978e-05,-0.0002406099999999918,0.0002527894825739284
0.09125,0.01375,0.005,6.25e-08,-0.00413335,-0.00597966,-0.004148262500000007,-0.005804155000000008,1.4912500000007281e-05,-0.00017550499999999247,0.000176137411361833
0.09375,0.01375,0.005,6.25e-08,-0.00188065,-0.00318614,-0.00196297,-0.0030992375,8.232000000000009e-05,-8.690249999999998e-05,0.00011970224269515594
0.09625,0.01375,0.005,6.25e-08,-0.000538667,-0.00101103,-0.0006426637499999975,-0.0010391427499999955,0.00010399674999999741,2.8112749999995544e-05,0.00010772952577229796
0.09875,0.01375,0.005,6.25e-08,-4.40107e-05,0.000159065,-6.304489999999928e-05,-4.892774999989207e-07,1.9034199999999276e-05,0.00015955427749999893,0.00016068561926378674
0.00125,0.01625,0.005,6.25e-08,-0.000260731,0.00179946,-0.00021352699999999998,0.0019242550000000001,-4.720400000000002e-05,-0.00012479500000000024,0.00013342417187676324
0.00375,0.01625,0.005,6.25e-08,-0.00167039,0.00598253,-0.0018179874999999998,0.0061228674999999995,0.00014759749999999992,-0.00014033749999999966,0.00020366550005462359
0.00625,0.01625,0.005,6.25e-08,-0.00462408,0.0101986,-0.00478803,0.0103800725,0.00016395000000000038,-0.00018147249999999997,0.00024456465557445156
0.00875,0.01625,0.005,6.25e-08,-0.00873253,0.0141085,-0.008905157500000002,0.01435225,0.00017262750000000132,-0.0002437500000000009,0.00029868765668545944
0.01125,0.01625,0.005,6.25e-08,-0.0137535,0.0175248,-0.013969375000000001,0.01783015,0.0002158750000000008,-0.00030534999999999937,0.00037395272177776694
0.01375,0.01625,0.005,6.25e-08,-0.0195176,0.0203503,-0.019794475,0.02070445,0.00027687499999999934,-0.0003541499999999975,0.0004495353024235114
0.01625,0.01625,0.005,6.25e-08,-0.0258575,0.0225496,-0.026205575000000002,0.022934275,0.00034807500000000324,-0.000384675000000001,0.0005187784317509769
0.01875,0.01625,0.005,6.25e-08,-0.0326112,0.024126,-0.0330376,0.024520575,0.0004264000000000004,-0.0003945749999999977,0.0005809530020793408
0.02125,0.01625,0.005,6.25e-08,-0.039627,0.0251023,-0.0401344,0.025485925,0.0005073999999999981,-0.00038362499999999855,0.0006360997568188475
0.02375,0.01625,0.005,6.25e-08,-0.0467611,0.0255074,-0.0473475,0.0258603,0.0005864000000000008,-0.00035289999999999974,0.0006844000073056697
0.02625,0.01625,0.005,6.25e-08,-0.0538759,0.0253685,-0.054534625,0.0256722,0.0006587250000000058,-0.0003037000000000005,0.0007253635747850922
0.02875,0.01625,0.005,6.25e-08,-0.0608383,0.0247067,-0.061558325,0.024944775,0.0007200249999999991,-0.00023807499999999732,0.0007583638350092899
0.03125,0.01625,0.005,6.25e-08,-0.0675186,0.0235371,-0.06828475,0.023695024999999998,0.0007661500000000071,-0.00015792499999999973,0.0007822570729146595
0.03375,0.01625,0.005,6.25e-08,-0.0737896,0.0218706,-0.074583,0.02193625,0.0007933999999999997,-6.565000000000043e-05,0.0007961114761765462
0.03625,0.01625,0.005,6.25e-08,-0.0795265,0.0197173,-0.0803252,0.019681425000000002,0.0007986999999999994,3.5874999999997714e-05,0.0007995052880531803
0.03875,0.01625,0.005,6.25e-08,-0.0846078,0.0170912,-0.08538747499999999,0.016947925,0.0007796749999999936,0.00014327500000000173,0.0007927299863446509
0.04125,0.01625,0.005,6.25e-08,-0.088917,0.0140143,-0.089651825,0.0137622,0.0007348250000000084,0.0002520999999999999,0.0007768669066352435
0.04375,0.01625,0.005,6.25e-08,-0.092345,0.0105214,-0.09300884999999999,0.0101638675,0.0006638499999999936,0.0003575325000000004,0.0007540068375394495
0.04625,0.01625,0.005,6.25e-08,-0.0947934,0.00666308,-0.09536082500000001,0.006209225,0.0005674250000000103,0.0004538550000000004,0.0007266054580375873
0.04875,0.01625,0.005,6.25e-08,-0.0961782,0.00250856,-0.096626025,0.001973285,0.0004478249999999989,0.000535275,0.0006979015376469656
0.05125,0.01625,0.005,6.25e-08,-0.0964337,-0.0018533,-0.09674254999999998,-0.00244926,0.0003088499999999855,0.00059596,0.0006712351630389986
0.05375,0.01625,0.005,6.25e-08,-0.0955174,-0.00631406,-0.09567287499999999,-0.0069447625,0.00015547499999998826,0.0006307025000000001,0.0006495830348240681
0.05625,0.01625,0.005,6.25e-08,-0.0934133,-0.0107476,-0.09340784999999999,-0.011382924999999999,-5.4500000000179405e-06,0.0006353249999999991,0.0006353483754012432
0.05875,0.01625,0.005,6.25e-08,-0.0901367,-0.0150132,-0.089970425,-0.015620949999999995,-0.0001662749999999935,0.0006077499999999937,0.0006300852625835572
0.06125,0.01625,0.005,6.25e-08,-0.0857369,-0.0189612,-0.085418625,-0.019508599999999997,-0.00031827500000000675,0.0005473999999999965,0.000633202760279044
0.06375,0.01625,0.005,6.25e-08,-0.0802997,-0.022439,-0.07984719999999998,-0.022895925000000008,-0.00045250000000002233,0.0004569250000000073,0.0006430681967140242
0.06625,0.01625,0.005,6.25e-08,-0.0739485,-0.0252993,-0.07338804999999998,-0.025640850000000007,-0.0005604500000000179,0.00034155000000000643,0.0006563235520686611
0.06875,0.01625,0.005,6.25e-08,-0.0668432,-0.0274095,-0.06620822499999998,-0.027618375000000004,-0.0006349750000000237,0.0002088750000000042,0.0006684474670832644
0.07125,0.01625,0.005,6.25e-08,-0.0591773,-0.028661,-0.05850657500000002,-0.028729775,-0.0006707249999999831,6.877500000000009e-05,0.0006742418158568759
0.07375,0.01625,0.005,6.25e-08,-0.0511728,-0.0289791,-0.050507000000000024,-0.028911150000000004,-0.0006657999999999734,-6.794999999999718e-05,0.0006692584272909562
0.07625,0.01625,0.005,6.25e-08,-0.0430712,-0.0283315,-0.04245015000000002,-0.028141425,-0.0006210499999999772,-0.00019007499999999788,0.0006494856488983963
0.07875,0.01625,0.005,6.25e-08,-0.035124,-0.026736,-0.03458252499999998,-0.026447999999999992,-0.0005414750000000204,-0.000288000000000007,0.0006133018633797114
0.08125,0.01625,0.005,6.25e-08,-0.0275791,-0.0242648,-0.027144149999999978,-0.023910899999999992,-0.00043495000000002074,-0.0003539000000000077,0.0005607376503321527
0.08375,0.01625,0.005,6.25e-08,-0.0206674,-0.0210477,-0.020355049999999982,-0.020664374999999992,-0.0003123500000000168,-0.00038332500000000727,0.0004944699971939815
0.08625,0.01625,0.005,6.25e-08,-0.0145879,-0.017271,-0.014402025000000016,-0.01689635000000001,-0.00018587499999998466,-0.00037464999999999027,0.00041822498505587517
0.08875,0.01625,0.005,6.25e-08,-0.00949511,-0.0131761,-0.009426482500000012,-0.012846950000000011,-6.862749999998752e-05,-0.00032914999999998813,0.00033622827997692353
0.09125,0.01625,0.005,6.25e-08,-0.0054854,-0.00905573,-0.005514372500000009,-0.008805632500000011,2.897250000000965e-05,-0.0002500974999999888,0.0002517700642699504
0.09375,0.01625,0.005,6.25e-08,-0.00258702,-0.00524898,-0.002690175,-0.0051092625000000004,0.00010315499999999974,-0.00013971749999999988,0.00017367191434210057
0.09625,0.01625,0.005,6.25e-08,-0.000788785,-0.00213687,-0.0009155302499999965,-0.0021404474999999934,0.00012674524999999656,3.577499999993499e-06,0.00012679572904404778
0.09875,0.01625,0.005,6.25e-08,-8.14254e-05,-0.000160314,-9.458507499999892e-05,-0.000327043999999997,1.3159674999998916e-05,0.000166729999999997,0.00016724852748560925
0.00125,0.01875,0.005,6.25e-08,-0.000315633,0.0027375,-0.0002543575,0.00284325,-6.127550000000002e-05,-0.00010574999999999994,0.00012222008591164542
0.00375,0.01875,0.005,6.25e-08,-0.00198819,0.00849694,-0.0021520899999999997,0.0086547775,0.0001638999999999998,-0.00015783750000000069,0.0002275431528441367
0.00625,0.01875,0.005,6.25e-08,-0.00545175,0.0140291,-0.005632000000000001,0.014256225,0.00018025000000000072,-0.00022712500000000163,0.0002899583213584342
0.00875,0.01875,0.005,6.25e-08,-0.0102185,0.0190235,-0.010408925000000003,0.019334175000000002,0.00019042500000000274,-0.0003106750000000033,0.0003643907741011058
0.01125,0.01875,0.005,6.25e-08,-0.0159876,0.0233143,-0.016230800000000004,0.023702650000000002,0.00024320000000000244,-0.0003883500000000026,0.00045821606530107954
0.01375,0.01875,0.005,6.25e-08,-0.022556,0.0268222,-0.022873175000000003,0.027271125,0.00031717500000000287,-0.0004489249999999993,0.000549666841141069
0.01625,0.01875,0.005,6.25e-08,-0.0297312,0.029527,-0.030133900000000005,0.030014000000000002,0.00040270000000000583,-0.0004870000000000013,0.0006319306053673979
0.01875,0.01875,0.005,6.25e-08,-0.0373333,0.0314447,-0.03782905,0.031944925,0.0004957500000000031,-0.000500225,0.000704267785096694
0.02125,0.01875,0.005,6.25e-08,-0.0451971,0.0326086,-0.04578897500000001,0.033096999999999994,0.0005918750000000125,-0.000488399999999993,0.0007673659984811733
0.02375,0.01875,0.005,6.25e-08,-0.053169,0.0330557,-0.053855275,0.033508325,0.0006862750000000001,-0.00045262499999999817,0.0008220965674724585
0.02625,0.01875,0.005,6.25e-08,-0.0611034,0.0328189,-0.061877525,0.0332136,0.0007741250000000005,-0.00039470000000000477,0.000868940507529143
0.02875,0.01875,0.005,6.25e-08,-0.0688601,0.0319239,-0.0697111,0.032240275,0.0008510000000000045,-0.0003163750000000007,0.0009079064602837718
0.03125,0.01875,0.005,6.25e-08,-0.0763024,0.0303886,-0.077215125,0.030608575,0.0009127249999999892,-0.00021997499999999726,0.0009388588425583365
0.03375,0.01875,0.005,6.25e-08,-0.0832962,0.0282263,-0.0842516,0.02833445,0.0009553999999999951,-0.0001081500000000013,0.0009615017329677524
0.03625,0.01875,0.005,6.25e-08,-0.0897097,0.02545,-0.09068525000000001,0.025434175,0.0009755500000000056,1.582500000000056e-05,0.0009756783451143163
0.03875,0.01875,0.005,6.25e-08,-0.0954138,0.0220776,-0.096384275,0.021929775,0.0009704750000000123,0.00014782500000000073,0.000981668964697379
0.04125,0.01875,0.005,6.25e-08,-0.100284,0.0181372,-0.10122205000000001,0.017854425,0.0009380500000000097,0.000282774999999999,0.0009797446111742682
0.04375,0.01875,0.005,6.25e-08,-0.104203,0.0136726,-0.1050805,0.013257625,0.0008774999999999894,0.0004149749999999997,0.0009706752807324297
0.04625,0.01875,0.005,6.25e-08,-0.107063,0.0087468,-0.10785125000000001,0.00820907,0.0007882500000000042,0.0005377300000000002,0.0009541968431094325
0.04875,0.01875,0.005,6.25e-08,-0.108771,0.00344529,-0.109443,0.0028014500000000005,0.000671999999999992,0.0006438399999999997,0.0009306524300725749
0.05125,0.01875,0.005,6.25e-08,-0.109249,-0.00212242,-0.10978125,-0.00284856,0.000532249999999998,0.0007261400000000001,0.00090031625671205
0.05375,0.01875,0.005,6.25e-08,-0.108445,-0.00782289,-0.10881750000000001,-0.00860086,0.0003725000000000117,0.0007779699999999994,0.000862550619326198
0.05625,0.01875,0.005,6.25e-08,-0.106331,-0.0135006,-0.10653225,-0.014294425,0.00020125000000000004,0.0007938249999999997,0.0008189381497555232
0.05875,0.01875,0.005,6.25e-08,-0.102913,-0.0189818,-0.10293725000000001,-0.019751824999999994,2.4250000000003435e-05,0.0007700249999999936,0.0007704067517389696
0.06125,0.01875,0.005,6.25e-08,-0.0982313,-0.0240801,-0.098082475,-0.024785575,-0.00014882499999999133,0.0007054750000000005,0.0007210019807531724
0.06375,0.01875,0.005,6.25e-08,-0.0923654,-0.0286042,-0.09205767499999998,-0.02920652500000001,-0.00030772500000002256,0.0006023250000000112,0.0006763801307327318
0.06625,0.01875,0.005,6.25e-08,-0.0854367,-0.0323678,-0.08499414999999998,-0.03283367500000001,-0.00044255000000002764,0.0004658750000000045,0.0006425651858955857
0.06875,0.01875,0.005,6.25e-08,-0.0776082,-0.0352003,-0.07706407499999998,-0.03550527500000001,-0.0005441250000000203,0.0003049750000000129,0.000623764191221354
0.07125,0.01875,0.005,6.25e-08,-0.069083,-0.0369592,-0.06847755000000001,-0.037090599999999994,-0.0006054499999999935,0.0001313999999999968,0.0006195447219531382
0.07375,0.01875,0.005,6.25e-08,-0.0600994,-0.0375425,-0.059477100000000026,-0.0375011,-0.0006222999999999715,-4.1399999999996995e-05,0.000623675596764828
0.07625,0.01875,0.005,6.25e-08,-0.0509232,-0.0369002,-0.05032862500000003,-0.036700925,-0.0005945749999999722,-0.00019927499999999876,0.0006270805022084218
0.07875,0.01875,0.005,6.25e-08,-0.0418366,-0.0350441,-0.04131037499999997,-0.03471497499999999,-0.0005262250000000329,-0.00032912500000001343,0.0006206738404750465
0.08125,0.01875,0.005,6.25e-08,-0.0331245,-0.032055,-0.03269894999999998,-0.03163449999999999,-0.0004255500000000245,-0.00042050000000001114,0.0005982583492940406
0.08375,0.01875,0.005,6.25e-08,-0.0250582,-0.0280858,-0.02475437499999998,-0.027619349999999987,-0.00030382500000001797,-0.0004664500000000141,0.0005566733630460722
0.08625,0.01875,0.005,6.25e-08,-0.0178798,-0.0233612,-0.01770477500000002,-0.022897000000000015,-0.00017502499999998145,-0.00046419999999998407,0.0004961001820448957
0.08875,0.01875,0.005,6.25e-08,-0.0117862,-0.0181741,-0.011732300000000015,-0.017759075000000013,-5.389999999998521e-05,-0.00041502499999998554,0.0004185104068299693
0.09125,0.01875,0.005,6.25e-08,-0.00691306,-0.0128781,-0.0069615125000000114,-0.012555475000000016,4.8452500000011056e-05,-0.0003226249999999844,0.000326243061813184
0.09375,0.01875,0.005,6.25e-08,-0.00332282,-0.00787875,-0.003452155,-0.007687797499999999,0.00012933499999999995,-0.0001909525000000009,0.0002306304391906028
0.09625,0.01875,0.005,6.25e-08,-0.0010428,-0.00362208,-0.0011970224999999955,-0.00360176749999999,0.00015422249999999548,-2.031250000001034e-05,0.0001555544186530843
0.09875,0.01875,0.005,6.25e-08,-0.000117118,-0.000606496,-0.00012640114999999859,-0.0007791384999999944,9.283149999998587e-06,0.0001726424999999944,0.00017289190171945745
0.00125,0.02125,0.005,6.25e-08,-0.000366294,0.0038349,-0.00029236775,0.00391526,-7.392624999999996e-05,-8.036000000000024e-05,0.00010919166652754472
0.00375,0.02125,0.005,6.25e-08,-0.00228431,0.0114098,-0.0024640950000000003,0.011586925000000001,0.00017978500000000045,-0.00017712500000000193,0.00025238049023250755
0.00625,0.02125,0.005,6.25e-08,-0.00622707,0.0184285,-0.006422675000000002,0.018709550000000002,0.00019560500000000147,-0.00028105000000000144,0.0003424184844966775
0.00875,0.02125,0.005,6.25e-08,-0.0116155,0.0246229,-0.011821875000000004,0.025012850000000007,0.00020637500000000343,-0.00038995000000000696,0.0004411934305098013
0.01125,0.02125,0.005,6.25e-08,-0.0180932,0.0298616,-0.018360925,0.030347825000000002,0.0002677249999999999,-0.0004862250000000033,0.0005550598402424762
0.01375,0.02125,0.005,6.25e-08,-0.0254248,0.0340948,-0.0257787,0.03465445,0.00035390000000000074,-0.0005596500000000018,0.0006621580872420139
0.01625,0.02125,0.005,6.25e-08,-0.0333934,0.0373263,-0.03384672500000001,0.037931950000000006,0.00045332500000001136,-0.0006056500000000062,0.0007565153522070902
0.01875,0.02125,0.005,6.25e-08,-0.0418015,0.0395913,-0.042362875,0.040213725000000006,0.0005613750000000028,-0.0006224250000000028,0.0008381854038636122
0.02125,0.02125,0.005,6.25e-08,-0.0504719,0.0409377,-0.051145150000000014,0.041547925000000006,0.0006732500000000141,-0.0006102250000000059,0.0009086474085832338
0.02375,0.02125,0.005,6.25e-08,-0.0592427,0.0414136,-0.060026575000000006,0.0419836,0.0007838750000000033,-0.0005700000000000011,0.000969205868546516
0.02625,0.02125,0.005,6.25e-08,-0.067962,0.0410595,-0.068850625,0.04156317500000001,0.000888625000000004,-0.000503675000000009,0.0010214415775021185
0.02875,0.02125,0.005,6.25e-08,-0.0764845,0.0399059,-0.07746767500000001,0.040319100000000004,0.0009831750000000167,-0.00041320000000000245,0.0010664742475207899
0.03125,0.02125,0.005,6.25e-08,-0.0846692,0.0379737,-0.0857323,0.038274775000000004,0.0010630999999999974,-0.0003010750000000048,0.0011049107500721482
0.03375,0.02125,0.005,6.25e-08,-0.0923774,0.0352787,-0.0935019,0.03544875,0.0011245000000000005,-0.00017004999999999798,0.001137285035732028
0.03625,0.02125,0.005,6.25e-08,-0.0994723,0.0318362,-0.10063582500000001,0.03185985000000001,0.0011635250000000125,-2.3650000000007e-05,0.0011637653320687247
0.03875,0.02125,0.005,6.25e-08,-0.105819,0.0276674,-0.10699675,0.027533800000000004,0.0011777500000000052,0.0001335999999999976,0.001185303346194556
0.04125,0.02125,0.005,6.25e-08,-0.111287,0.0228058,-0.11244950000000001,0.022509725000000005,0.0011625000000000107,0.00029607499999999634,0.0011996110434741017
0.04375,0.02125,0.005,6.25e-08,-0.11575,0.017303,-0.11686800000000001,0.016845750000000003,0.0011180000000000079,0.00045724999999999585,0.001207891370322685
0.04625,0.02125,0.005,6.25e-08,-0.119092,0.0112333,-0.12013375000000001,0.010623862500000003,0.001041750000000008,0.0006094374999999971,0.0012069205147424843
0.04875,0.02125,0.005,6.25e-08,-0.121207,0.00469727,-0.12214225000000002,0.003953032500000001,0.0009352500000000263,0.0007442374999999989,0.0011952330395811094
0.05125,0.02125,0.005,6.25e-08,-0.122005,-0.00217593,-0.12280600000000001,-0.0030290399999999998,0.00080100000000001,0.0008531099999999998,0.0011702126610578162
0.05375,0.02125,0.005,6.25e-08,-0.12142,-0.00922862,-0.12206100000000002,-0.0101563725,0.0006410000000000166,0.0009277525000000002,0.001127654956649538
0.05625,0.02125,0.005,6.25e-08,-0.11941,-0.0162761,-0.11987025000000001,-0.017237050000000004,0.00046025000000000926,0.0009609500000000021,0.0010654834419173357
0.05875,0.02125,0.005,6.25e-08,-0.115962,-0.0231105,-0.1162315,-0.024057924999999994,0.00026950000000000585,0.0009474249999999948,0.0009850098378315789
0.06125,0.02125,0.005,6.25e-08,-0.111104,-0.0295069,-0.11117925000000001,-0.030391625000000005,7.52500000000128e-05,0.0008847250000000063,0.0008879194153328404
0.06375,0.02125,0.005,6.25e-08,-0.104903,-0.0352323,-0.10479274999999999,-0.03600605000000002,-0.00011025000000000618,0.0007737500000000175,0.0007815651764248638
0.06625,0.02125,0.005,6.25e-08,-0.0974729,-0.040056,-0.09719639999999999,-0.04067582500000002,-0.00027650000000001285,0.0006198250000000183,0.0006787011718164555
0.06875,0.02125,0.005,6.25e-08,-0.0889741,-0.0437635,-0.08856302499999999,-0.04419582500000001,-0.00041107500000001074,0.00043232500000001117,0.0005965631242794164
0.07125,0.02125,0.005,6.25e-08,-0.0796157,-0.0461708,-0.07911082500000004,-0.046395525,-0.0005048749999999602,0.000224725000000002,0.0005526301577456307
0.07375,0.02125,0.005,6.25e-08,-0.0696505,-0.0471403,-0.06909935000000003,-0.047153675000000006,-0.0005511499999999725,1.3375000000002968e-05,0.0005513122646241146
0.07625,0.02125,0.005,6.25e-08,-0.0593687,-0.046596,-0.058821050000000034,-0.04641187500000001,-0.000547649999999969,-0.00018412499999998638,0.0005777737776370272
0.07875,0.02125,0.005,6.25e-08,-0.049086,-0.0445363,-0.04858909999999998,-0.0441856,-0.0004969000000000154,-0.0003507000000000024,0.0006081941301920111
0.08125,0.02125,0.005,6.25e-08,-0.0391292,-0.0410445,-0.03872239999999998,-0.04057207499999999,-0.00040680000000001965,-0.0004724250000000055,0.0006234353379661929
0.08375,0.02125,0.005,6.25e-08,-0.0298177,-0.036293,-0.02952842499999998,-0.03575369999999999,-0.0002892750000000194,-0.0005393000000000064,0.0006119840811859555
0.08625,0.02125,0.005,6.25e-08,-0.0214451,-0.0305437,-0.021285150000000023,-0.029996800000000025,-0.00015994999999997817,-0.0005468999999999752,0.0005698101547883873
0.08875,0.02125,0.005,6.25e-08,-0.0142597,-0.0241422,-0.014224350000000021,-0.023646025000000022,-3.534999999997915e-05,-0.0004961749999999772,0.0004974326619000565
0.09125,0.02125,0.005,6.25e-08,-0.00844521,-0.0175071,-0.008517240000000016,-0.017115250000000023,7.203000000001632e-05,-0.0003918499999999783,0.0003984152901182199
0.09375,0.02125,0.005,6.25e-08,-0.00410464,-0.0111154,-0.004264837500000001,-0.010875777500000001,0.00016019750000000142,-0.0002396224999999981,0.0002882397986269411
0.09625,0.02125,0.005,6.25e-08,-0.00130773,-0.00548531,-0.0014939924999999947,-0.005442887499999988,0.00018626249999999472,-4.242250000001217e-05,0.00019103242502910094
0.09875,0.02125,0.005,6.25e-08,-0.000152579,-0.00118118,-0.00015946829999999822,-0.0013605687499999913,6.8892999999982266e-06,0.0001793887499999913,0.00017952099064190059
0.00125,0.02375,0.005,6.25e-08,-0.000412755,0.00507988,-0.000327383,0.005129125,-8.537200000000001e-05,-4.9244999999999844e-05,9.855682832254692e-05
0.00375,0.02375,0.005,6.25e-08,-0.00255719,0.0146935,-0.0027519099999999998,0.014891374999999998,0.0001947199999999998,-0.0001978749999999984,0.00027761555076219935
0.00625,0.02375,0.005,6.25e-08,-0.00694377,0.02336,-0.0071534350000000005,0.023702050000000002,0.00020966500000000037,-0.00034205000000000346,0.00040119523267980454
0.00875,0.02375,0.005,6.25e-08,-0.0129101,0.0308646,-0.013130575000000002,0.03134505,0.00022047500000000123,-0.0004804500000000003,0.0005286221979117041
0.01125,0.02375,0.005,6.25e-08,-0.0200489,0.0371224,-0.020338000000000002,0.037719925,0.00028910000000000047,-0.0005975250000000015,0.0006637883213984727
0.01375,0.02375,0.005,6.25e-08,-0.0280946,0.0421229,-0.0284808,0.042808075,0.00038619999999999974,-0.0006851750000000031,0.0007865209600671836
0.01625,0.02375,0.005,6.25e-08,-0.0368075,0.0459025,-0.037306149999999996,0.046642425,0.0004986499999999963,-0.0007399250000000024,0.0008922672403069609
0.01875,0.02375,0.005,6.25e-08,-0.0459738,0.048522,-0.0465951,0.04928295,0.0006212999999999982,-0.0007609499999999964,0.0009823739575640187
0.02125,0.02375,0.005,6.25e-08,-0.0554056,0.0500488,-0.05615462500000001,0.050797625,0.0007490250000000073,-0.0007488250000000016,0.0010591399016418998
0.02375,0.02375,0.005,6.25e-08,-0.0649343,0.0505449,-0.0658108,0.051249825,0.0008765000000000023,-0.0007049250000000021,0.0011247984288862635
0.02625,0.02375,0.005,6.25e-08,-0.0744034,0.0500602,-0.075402775,0.0506914,0.0009993750000000107,-0.0006311999999999984,0.001182016848706066
0.02875,0.02375,0.005,6.25e-08,-0.0836649,0.0486309,-0.08477815,0.04916065,0.0011132499999999962,-0.0005297500000000024,0.0012328668318192335
0.03125,0.02375,0.005,6.25e-08,-0.0925753,0.0462816,-0.093789175,0.046684624999999993,0.0012138750000000031,-0.00040302499999999436,0.0012790315345017898
0.03375,0.02375,0.005,6.25e-08,-0.100994,0.0430299,-0.10229074999999999,0.0432836,0.0012967499999999854,-0.0002536999999999956,0.0013213342697818596
0.03625,0.02375,0.005,6.25e-08,-0.10878,0.0388928,-0.11013925000000001,0.038978349999999995,0.0013592500000000063,-8.554999999999674e-05,0.001361939559965866
0.03875,0.02375,0.005,6.25e-08,-0.115796,0.0338938,-0.117192,0.033797049999999995,0.0013960000000000083,9.675000000000655e-05,0.0013993486207875521
0.04125,0.02375,0.005,6.25e-08,-0.121905,0.0280703,-0.123309,0.02778295,0.0014040000000000025,0.0002873499999999987,0.001433103632854235
0.04375,0.02375,0.005,6.25e-08,-0.126974,0.0214797,-0.12835524999999998,0.02100085,0.0013812499999999728,0.0004788499999999994,0.0014618990679933837
0.04625,0.02375,0.005,6.25e-08,-0.130875,0.0142058,-0.13220075,0.013542674999999999,0.0013257500000000144,0.0006631250000000005,0.0014823453808492267
0.04875,0.02375,0.005,6.25e-08,-0.133492,0.00636198,-0.1347275,0.005531557499999999,0.0012355000000000005,0.0008304225000000005,0.0014886442753412421
0.05125,0.02375,0.005,6.25e-08,-0.13472,-0.0019051,-0.1358315,-0.0028760825,0.0011114999999999875,0.0009709825,0.0014758859255735932
0.05375,0.02375,0.005,6.25e-08,-0.134473,-0.0104152,-0.135429,-0.01149,0.0009559999999999846,0.0010748000000000008,0.0014384474408194316
0.05625,0.02375,0.005,6.25e-08,-0.13269,-0.0189555,-0.133463,-0.020088175,0.0007729999999999959,0.0011326749999999997,0.0013713065505659167
0.05875,0.02375,0.005,6.25e-08,-0.129338,-0.0272841,-0.12990825,-0.028421349999999988,0.0005702499999999944,0.001137249999999989,0.0012722117060458013
0.06125,0.02375,0.005,6.25e-08,-0.124424,-0.0351362,-0.12477949999999999,-0.036220150000000007,0.00035549999999998083,0.0010839500000000071,0.0011407575783224067
0.06375,0.02375,0.005,6.25e-08,-0.117996,-0.0422334,-0.11813774999999999,-0.043205550000000016,0.00014174999999998217,0.0009721500000000188,0.000982429989872068
0.06625,0.02375,0.005,6.25e-08,-0.110154,-0.0482957,-0.11009424999999998,-0.049101825000000016,-5.975000000002506e-05,0.0008061250000000186,0.0008083363026148417
0.06875,0.02375,0.005,6.25e-08,-0.101049,-0.0530571,-0.10081624999999997,-0.053652500000000006,-0.00023275000000003154,0.0005954000000000029,0.0006392759361183699
0.07125,0.02375,0.005,6.25e-08,-0.0908926,-0.0562832,-0.09052570000000004,-0.056637925,-0.0003668999999999617,0.0003547250000000002,0.0005103385500086899
0.07375,0.02375,0.005,6.25e-08,-0.0799483,-0.0577906,-0.07949725000000002,-0.057893599999999996,-0.00045104999999998063,0.00010299999999999893,0.0004626608936359138
0.07625,0.02375,0.005,6.25e-08,-0.06853,-0.0574663,-0.06805005000000003,-0.05732820000000001,-0.0004799499999999651,-0.00013809999999998823,0.0004994232798938824
0.07875,0.02375,0.005,6.25e-08,-0.0569897,-0.0552853,-0.05653549999999997,-0.054938299999999995,-0.0004542000000000296,-0.000347000000000007,0.0005715825749618613
0.08125,0.02375,0.005,6.25e-08,-0.0457011,-0.0513246,-0.04532089999999997,-0.05081969999999999,-0.0003802000000000319,-0.0005049000000000095,0.000632041177456053
0.08375,0.02375,0.005,6.25e-08,-0.03504,-0.0457708,-0.03476934999999998,-0.04517244999999998,-0.00027065000000002504,-0.0005983500000000183,0.000656714660259717
0.08625,0.02375,0.005,6.25e-08,-0.0253609,-0.0389205,-0.025218525000000026,-0.03830017500000002,-0.00014237499999997238,-0.0006203249999999771,0.000636454040956583
0.08875,0.02375,0.005,6.25e-08,-0.0169745,-0.0311736,-0.01695997500000002,-0.03060240000000002,-1.4524999999980526e-05,-0.0005711999999999801,0.0005713846476980079
0.09125,0.02375,0.005,6.25e-08,-0.0101223,-0.0230187,-0.010220952500000016,-0.02256182500000002,9.865250000001477e-05,-0.00045687499999997813,0.00046740462276408107
0.09375,0.02375,0.005,6.25e-08,-0.00495611,-0.0150126,-0.005151302500000001,-0.014727124999999999,0.00019519250000000089,-0.0002854750000000003,0.0003458266728886749
0.09625,0.02375,0.005,6.25e-08,-0.00159346,-0.0077555,-0.0018161124999999932,-0.007693244999999982,0.00022265249999999306,-6.225500000001799e-05,0.0002311921728373371
0.09875,0.02375,0.005,6.25e-08,-0.000189837,-0.00189143,-0.00019507124999999784,-0.002079399999999987,5.234249999997847e-06,0.00018796999999998697,0.00018804286286125716
0.00125,0.02625,0.005,6.25e-08,-0.000454818,0.00645993,-0.00035914225,0.0064727625,-9.567575000000002e-05,-1.2832499999999684e-05,9.653249294570454e-05
0.00375,0.02625,0.005,6.25e-08,-0.00280482,0.0183177,-0.0030131025,0.018537025,0.0002082824999999999,-0.00021932499999999938,0.0003024649656261857
0.00625,0.02625,0.005,6.25e-08,-0.00759542,0.0287812,-0.007817457500000001,0.029190175,0.00022203750000000105,-0.0004089749999999989,0.00046536136714519995
0.00875,0.02625,0.005,6.25e-08,-0.0140896,0.0376997,-0.014321725000000002,0.038280025,0.00023212500000000143,-0.0005803249999999996,0.0006250272964039253
0.01125,0.02625,0.005,6.25e-08,-0.0218344,0.0450444,-0.0221411,0.04576505,0.00030670000000000003,-0.0007206500000000032,0.0007831994078777158
0.01375,0.02625,0.005,6.25e-08,-0.030537,0.0508534,-0.030950349999999998,0.051677475,0.00041334999999999636,-0.0008240750000000005,0.0009219315745352243
0.01625,0.02625,0.005,6.25e-08,-0.0399372,0.0552036,-0.040474775000000004,0.0560922,0.0005375750000000054,-0.0008886000000000033,0.0010385551697550842
0.01875,0.02625,0.005,6.25e-08,-0.0498067,0.0581876,-0.050480575,0.0591022,0.0006738749999999974,-0.0009146000000000015,0.001136046071083827
0.02125,0.02625,0.005,6.25e-08,-0.0599487,0.0598967,-0.060765475000000006,0.0608002,0.0008167750000000057,-0.0009035000000000015,0.0012179629102008862
0.02375,0.02625,0.005,6.25e-08,-0.070189,0.06041,-0.071150325,0.061267249999999995,0.000961324999999999,-0.0008572499999999969,0.0012880307908295487
0.02625,0.02625,0.005,6.25e-08,-0.0803689,0.0597891,-0.08147172500000001,0.06056665,0.0011028250000000156,-0.0007775500000000019,0.0013493728110218603
0.02875,0.02625,0.005,6.25e-08,-0.0903391,0.058077,-0.091576275,0.058743750000000004,0.0012371749999999931,-0.0006667500000000076,0.0014054029824662367
0.03125,0.02625,0.005,6.25e-08,-0.0999561,0.055302,-0.101315875,0.05582912500000001,0.0013597749999999936,-0.0005271250000000102,0.0014583719745833
0.03375,0.02625,0.005,6.25e-08,-0.109078,0.0514835,-0.11054625,0.051844749999999995,0.0014682500000000043,-0.0003612499999999935,0.001512038235296981
0.03625,0.02625,0.005,6.25e-08,-0.117565,0.0466391,-0.11912125000000001,0.0468119,0.001556250000000009,-0.0001727999999999938,0.0015658141340848938
0.03875,0.02625,0.005,6.25e-08,-0.125276,0.0407932,-0.12689650000000002,0.040759624999999994,0.0016205000000000247,3.3575000000007904e-05,0.0016208477814480546
0.04125,0.02625,0.005,6.25e-08,-0.13207,0.0339848,-0.13372625,0.033732975,0.001656249999999998,0.00025182500000000413,0.001675285018474467
0.04375,0.02625,0.005,6.25e-08,-0.137806,0.0262752,-0.13946799999999998,0.0258007,0.001661999999999969,0.00047449999999999923,0.0017284080102799501
0.04625,0.02625,0.005,6.25e-08,-0.142349,0.0177541,-0.14398075,0.01706145,0.0016317499999999874,0.0006926499999999995,0.0017726737108108637
0.04875,0.02625,0.005,6.25e-08,-0.145567,0.00854496,-0.14713175,0.0076490025,0.0015647500000000036,0.0008959575000000008,0.0018031035478602616
0.05125,0.02625,0.005,6.25e-08,-0.147338,-0.00119139,-0.14879775,-0.0022646297500000002,0.0014597500000000097,0.0010732397500000002,0.001811826046694354
0.05375,0.02625,0.005,6.25e-08,-0.147558,-0.011255,-0.1488725,-0.01246785,0.0013144999999999962,0.0012128500000000014,0.0017885511937039973
0.05625,0.02625,0.005,6.25e-08,-0.146139,-0.021407,-0.14727375,-0.0227105,0.0011347500000000177,0.0013035000000000026,0.0017282273613445792
0.05875,0.02625,0.005,6.25e-08,-0.143024,-0.0313723,-0.14394825,-0.032707649999999984,0.0009242499999999876,0.0013353499999999852,0.0016240066764025133
0.06125,0.02625,0.005,6.25e-08,-0.138191,-0.0408456,-0.13888325,-0.042146675,0.0006922500000000054,0.0013010749999999988,0.0014737727837509432
0.06375,0.02625,0.005,6.25e-08,-0.131664,-0.0495001,-0.13211374999999997,-0.05069780000000002,0.000449749999999971,0.0011977000000000237,0.0012793593523713464
0.06625,0.02625,0.005,6.25e-08,-0.123519,-0.0570013,-0.12373024999999997,-0.058028700000000016,0.0002112499999999684,0.0010274000000000186,0.0010488933799486127
0.06875,0.02625,0.005,6.25e-08,-0.113894,-0.0630237,-0.11388774999999998,-0.06382250000000002,-6.2500000000131894e-06,0.0007988000000000162,0.0007988244503644252
0.07125,0.02625,0.005,6.25e-08,-0.102994,-0.0672718,-0.10280565000000003,-0.06779917499999999,-0.00018834999999997604,0.0005273749999999827,0.0005600001010044309
0.07375,0.02625,0.005,6.25e-08,-0.0910883,-0.0695038,-0.09076940000000003,-0.06973835,-0.0003188999999999692,0.00023455000000000004,0.0003958672915258097
0.07625,0.02625,0.005,6.25e-08,-0.0785138,-0.0695561,-0.07812410000000003,-0.06950215,-0.0003896999999999651,-5.3949999999997056e-05,0.00039341669067284433
0.07875,0.02625,0.005,6.25e-08,-0.0656588,-0.067367,-0.06526162499999996,-0.06705584999999999,-0.00039717500000004125,-0.00031115000000001003,0.0005045416763014122
0.08125,0.02625,0.005,6.25e-08,-0.0529493,-0.0629958,-0.05260307499999997,-0.062483099999999986,-0.00034622500000002637,-0.0005127000000000187,0.0006186542173339137
0.08375,0.02625,0.005,6.25e-08,-0.040825,-0.0566346,-0.04057609999999997,-0.05599479999999998,-0.00024890000000003104,-0.0006398000000000237,0.0006865094682522928
0.08625,0.02625,0.005,6.25e-08,-0.0297127,-0.0486112,-0.02958895000000003,-0.047928925000000025,-0.0001237499999999711,-0.0006822749999999753,0.0006934069787108859
0.08875,0.02625,0.005,6.25e-08,-0.0199977,-0.0393808,-0.020004925000000028,-0.03874162500000002,7.2250000000273484e-06,-0.000639174999999978,0.0006392158330720323
0.09125,0.02625,0.005,6.25e-08,-0.0119916,-0.0295083,-0.01211872500000002,-0.02899072500000003,0.00012712500000001958,-0.0005175749999999715,0.0005329583907304355
0.09375,0.02625,0.005,6.25e-08,-0.00590477,-0.0196408,-0.0061385549999999995,-0.019312375,0.00023378499999999938,-0.00032842500000000024,0.00040313571765597734
0.09625,0.02625,0.005,6.25e-08,-0.00191129,-0.0104743,-0.0021745724999999915,-0.010394709999999977,0.0002632824999999916,-7.959000000002346e-05,0.0002750495280967581
0.09875,0.02625,0.005,6.25e-08,-0.000231091,-0.00274995,-0.0002346487499999974,-0.002948882499999982,3.5577499999973894e-06,0.0001989324999999817,0.0001989643112251672
0.00125,0.02875,0.005,6.25e-08,-0.000492091,0.00796138,-0.0003873055,0.0079328975,-0.00010478549999999993,2.8482500000001285e-05,0.0001085875398768204
0.00375,0.02875,0.005,6.25e-08,-0.00302466,0.0222483,-0.0032448449999999997,0.022489375,0.00022018499999999948,-0.00024107500000000032,0.00032649439482171805
0.00625,0.02875,0.005,6.25e-08,-0.00817496,0.0346446,-0.008407330000000001,0.0351248,0.00023237000000000084,-0.00048020000000000007,0.000533467765567893
0.00875,0.02875,0.005,6.25e-08,-0.0151407,0.0450723,-0.015381725000000002,0.04575997500000001,0.00024102500000000235,-0.0006876750000000056,0.0007286905764794882
0.01125,0.02875,0.005,6.25e-08,-0.023429,0.0535675,-0.023748975,0.05442105,0.0003199750000000001,-0.0008535500000000015,0.0009115544981650865
0.01375,0.02875,0.005,6.25e-08,-0.0327232,0.0602253,-0.033157575,0.061199525000000005,0.00043437500000000073,-0.0009742250000000022,0.001066675204197606
0.01625,0.02875,0.005,6.25e-08,-0.0427453,0.0651697,-0.04331405,0.06621955,0.0005687499999999998,-0.001049850000000005,0.0011940107139385352
0.01875,0.02875,0.005,6.25e-08,-0.0532547,0.068531,-0.053971849999999995,0.069613075,0.0007171499999999928,-0.0010820750000000018,0.0012981488466755242
0.02125,0.02875,0.005,6.25e-08,-0.064047,0.070429,-0.064921425,0.0715023,0.0008744249999999981,-0.0010732999999999993,0.0013844103331834081
0.02375,0.02875,0.005,6.25e-08,-0.0749449,0.0709632,-0.075979925,0.07198915,0.0010350250000000089,-0.0010259499999999977,0.0014573435261203906
0.02625,0.02875,0.005,6.25e-08,-0.0857884,0.0702086,-0.08698337499999999,0.071150825,0.001194974999999987,-0.0009422250000000049,0.0015217599026291823
0.02875,0.02875,0.005,6.25e-08,-0.0964294,0.0682167,-0.097779475,0.06904085,0.0013500750000000061,-0.0008241499999999957,0.0015817476815614458
0.03125,0.02875,0.005,6.25e-08,-0.106726,0.0650198,-0.1082225,0.06569370000000001,0.0014964999999999978,-0.000673900000000005,0.0016412353457076168
0.03375,0.02875,0.005,6.25e-08,-0.116538,0.0606386,-0.11816825,0.061132375,0.0016302499999999998,-0.0004937750000000019,0.0017033874524385228
0.03625,0.02875,0.005,6.25e-08,-0.125727,0.0550903,-0.12747325,0.0553776,0.0017462500000000047,-0.0002872999999999973,0.0017697260670793136
0.03875,0.02875,0.005,6.25e-08,-0.13415,0.0483984,-0.13599175,0.048457175000000005,0.001841750000000003,-5.877500000000396e-05,0.0018426875923837475
0.04125,0.02875,0.005,6.25e-08,-0.141665,0.0406012,-0.1435755,0.040415275,0.0019104999999999817,0.0001859249999999965,0.0019195255548246626
0.04375,0.02875,0.005,6.25e-08,-0.148126,0.0317603,-0.150074,0.031320975,0.0019480000000000053,0.00043932499999999736,0.001996925250384956
0.04625,0.02875,0.005,6.25e-08,-0.153386,0.0219683,-0.155337,0.021275875,0.0019510000000000083,0.000692425,0.00207023027236707
0.04875,0.02875,0.005,6.25e-08,-0.157302,0.0113543,-0.1592155,0.010420005,0.0019135000000000124,0.0009342949999999999,0.002129410575024236
0.05125,0.02875,0.005,6.25e-08,-0.159733,8.91786e-05,-0.16156625,-0.001063631,0.0018332499999999807,0.0011528096,0.0021655889583095146
0.05375,0.02875,0.005,6.25e-08,-0.160551,-0.0116113,-0.16225875,-0.012946125,0.0017077500000000079,0.0013348249999999996,0.002167525742205851
0.05625,0.02875,0.005,6.25e-08,-0.159642,-0.0234858,-0.16118,-0.0249525,0.0015379999999999838,0.0014666999999999979,0.0021252418427087174
0.05875,0.02875,0.005,6.25e-08,-0.156917,-0.0352281,-0.15824425,-0.03676404999999998,0.001327250000000002,0.0015359499999999804,0.0020299593505782192
0.06125,0.02875,0.005,6.25e-08,-0.152322,-0.0464925,-0.15340399999999998,-0.048024475000000004,0.0010819999999999719,0.0015319750000000049,0.0018755456274441723
0.06375,0.02875,0.005,6.25e-08,-0.145847,-0.0569022,-0.14665999999999996,-0.05835050000000003,0.0008129999999999526,0.0014483000000000273,0.0016608858750678816
0.06625,0.02875,0.005,6.25e-08,-0.137537,-0.0660628,-0.13807424999999995,-0.06734682500000003,0.0005372499999999614,0.001284025000000022,0.0013918899967759718
0.06875,0.02875,0.005,6.25e-08,-0.127507,-0.0735811,-0.12777824999999998,-0.07462690000000002,0.0002712499999999729,0.0010458000000000273,0.0010804046475742515
0.07125,0.02875,0.005,6.25e-08,-0.115946,-0.0790889,-0.11598150000000004,-0.07983744999999998,3.550000000004938e-05,0.0007485499999999728,0.0007493913213401679
0.07375,0.02875,0.005,6.25e-08,-0.103126,-0.0822712,-0.10297427500000003,-0.08268667499999999,-0.0001517249999999637,0.0004154749999999846,0.00044231205189320375
0.07625,0.02875,0.005,6.25e-08,-0.0893971,-0.0828974,-0.08912332500000003,-0.082973775,-0.00027377499999996224,7.637500000000352e-05,0.00028422858978290673
0.07875,0.02875,0.005,6.25e-08,-0.075186,-0.0808519,-0.07486152499999996,-0.0806161,-0.00032447500000004625,-0.00023580000000000823,0.00040110555421862945
0.08125,0.02875,0.005,6.25e-08,-0.0609731,-0.0761606,-0.06066852499999996,-0.07567112499999999,-0.000304575000000043,-0.0004894750000000031,0.0005764995284039955
0.08375,0.02875,0.005,6.25e-08,-0.0472701,-0.0690094,-0.047045074999999964,-0.06835014999999998,-0.0002250250000000384,-0.000659250000000014,0.0006965965928175616
0.08625,0.02875,0.005,6.25e-08,-0.0345876,-0.0597507,-0.03448202500000003,-0.059020575000000026,-0.00010557499999997583,-0.0007301249999999704,0.0007377185074606381
0.08875,0.02875,0.005,6.25e-08,-0.0233999,-0.0488954,-0.02342802500000003,-0.04819652500000003,2.8125000000028128e-05,-0.0006988749999999669,0.000699440691731583
0.09125,0.02875,0.005,6.25e-08,-0.0141032,-0.0370917,-0.014259500000000022,-0.03651777500000004,0.0001563000000000224,-0.0005739249999999613,0.0005948273662374341
0.09375,0.02875,0.005,6.25e-08,-0.00698015,-0.0250893,-0.007255517499999999,-0.0247207,0.0002753674999999992,-0.0003685999999999967,0.00046010131499078235
0.09625,0.02875,0.005,6.25e-08,-0.00227319,-0.0136978,-0.0025812824999999905,-0.013603074999999971,0.00030809249999999046,-9.472500000002812e-05,0.0003223256337638219
0.09875,0.02875,0.005,6.25e-08,-0.000278588,-0.00377558,-0.0002797129999999969,-0.003987934999999976,1.1249999999968967e-06,0.00021235499999997616,0.00021235797995363835
0.00125,0.03125,0.005,6.25e-08,-0.000524055,0.00956914,-0.00041148175000000004,0.00949482,-0.00011257325000000001,7.432000000000098e-05,0.0001348932875111384
0.00375,0.03125,0.005,6.25e-08,-0.00321379,0.0264477,-0.0034440024999999996,0.026710075,0.00023021249999999977,-0.0002623749999999987,0.0003490536288040123
0.00625,0.03125,0.005,6.25e-08,-0.00867484,0.040897,-0.00891519,0.041451425,0.00024035000000000029,-0.0005544249999999973,0.0006042807320484388
0.00875,0.03125,0.005,6.25e-08,-0.0160496,0.0529196,-0.016296425000000003,0.053720175,0.0002468250000000026,-0.0008005750000000048,0.0008377606527224878
0.01125,0.03125,0.005,6.25e-08,-0.0248115,0.062624,-0.025139925,0.06361787499999999,0.00032842500000000024,-0.0009938749999999913,0.001046733249806264
0.01375,0.03125,0.005,6.25e-08,-0.0346238,0.070169,-0.035072325,0.071302325,0.00044852499999999823,-0.0011333250000000045,0.0012188520136792687
0.01625,0.03125,0.005,6.25e-08,-0.0451935,0.075732,-0.04578430000000001,0.076953375,0.0005908000000000094,-0.0012213750000000106,0.0013567614125648759
0.01875,0.03125,0.005,6.25e-08,-0.0562697,0.0794862,-0.057019249999999994,0.080747325,0.0007495499999999947,-0.001261124999999988,0.0014670587814143514
0.02125,0.03125,0.005,6.25e-08,-0.0676426,0.0815841,-0.068561825,0.08284037500000001,0.0009192250000000096,-0.0012562750000000011,0.0015566635719544608
0.02375,0.03125,0.005,6.25e-08,-0.0791329,0.0821489,-0.080227625,0.083358475,0.0010947249999999908,-0.0012095750000000044,0.0016314087489804603
0.02625,0.03125,0.005,6.25e-08,-0.0905816,0.0812713,-0.09185357499999999,0.08239515,0.0012719749999999946,-0.0011238499999999957,0.0016973388651430146
0.02875,0.03125,0.005,6.25e-08,-0.101843,0.0790124,-0.10329025,0.08001335000000001,0.0014472499999999971,-0.0010009500000000143,0.0017596685668045619
0.03125,0.03125,0.005,6.25e-08,-0.112779,0.0754092,-0.1143955,0.076251925,0.001616499999999993,-0.0008427250000000025,0.0018229804375321699
0.03375,0.03125,0.005,6.25e-08,-0.123254,0.0704832,-0.12503,0.07113472500000001,0.0017759999999999998,-0.0006515250000000139,0.0018917348719165214
0.03625,0.03125,0.005,6.25e-08,-0.133131,0.0642504,-0.13505325,0.06468035,0.0019222500000000142,-0.0004299499999999984,0.0019697467007206925
0.03875,0.03125,0.005,6.25e-08,-0.142271,0.0567312,-0.1443205,0.056913225,0.002049499999999982,-0.00018202499999999538,0.002057567338053587
0.04125,0.03125,0.005,6.25e-08,-0.15053,0.0479605,-0.1526825,0.047873700000000005,0.0021525000000000016,8.679999999999799e-05,0.0021542494029243705
0.04375,0.03125,0.005,6.25e-08,-0.157757,0.037997,-0.1599845,0.03762735,0.0022274999999999934,0.0003696500000000061,0.0022579631025550387
0.04625,0.03125,0.005,6.25e-08,-0.163799,0.0269313,-0.16606675,0.026273925,0.002267750000000013,0.0006573749999999982,0.002361108204450837
0.04875,0.03125,0.005,6.25e-08,-0.168499,0.0148938,-0.17076524999999998,0.013954525,0.0022662499999999697,0.0009392749999999998,0.002453187026731729
0.05125,0.03125,0.005,6.25e-08,-0.171699,0.00206012,-0.17391775,0.0008576387499999999,0.0022187500000000193,0.00120248125,0.002523650672954093
0.05375,0.03125,0.005,6.25e-08,-0.173245,-0.0113434,-0.1753665,-0.012776049999999999,0.0021214999999999984,0.0014326499999999989,0.0025599313023009014
0.05625,0.03125,0.005,6.25e-08,-0.172996,-0.0250374,-0.174966,-0.026651499999999998,0.0019699999999999995,0.0016140999999999968,0.0025468056089933497
0.05875,0.03125,0.005,6.25e-08,-0.170826,-0.0386884,-0.1725935,-0.04041979999999998,0.0017675000000000052,0.0017313999999999802,0.0024742275986658845
0.06125,0.03125,0.005,6.25e-08,-0.166643,-0.0519123,-0.16815950000000002,-0.053682524999999995,0.001516500000000004,0.0017702249999999933,0.002330980223130387
0.06375,0.03125,0.005,6.25e-08,-0.160395,-0.0642816,-0.16162349999999998,-0.06600122500000002,0.0012284999999999657,0.0017196250000000302,0.002113367547452411
0.06625,0.03125,0.005,6.25e-08,-0.15209,-0.0753381,-0.15300724999999996,-0.07691267500000003,0.0009172499999999528,0.0015745750000000225,0.0018222606819895402
0.06875,0.03125,0.005,6.25e-08,-0.141807,-0.084613,-0.14240824999999996,-0.08595085000000002,0.0006012499999999699,0.0013378500000000293,0.0014667461215220725
0.07125,0.03125,0.005,6.25e-08,-0.129709,-0.0916529,-0.13001550000000003,-0.09267562499999998,0.00030650000000004285,0.0010227249999999882,0.001067665057789662
0.07375,0.03125,0.005,6.25e-08,-0.116057,-0.0960536,-0.11611325000000003,-0.09670625,5.625000000003544e-05,0.0006526499999999907,0.0006550695268442823
0.07625,0.03125,0.005,6.25e-08,-0.101213,-0.0974975,-0.10108385000000004,-0.09775865,-0.00012914999999995291,0.00026115000000000166,0.0002913400847806369
0.07875,0.03125,0.005,6.25e-08,-0.0856316,-0.0957938,-0.08539804999999995,-0.09568137499999999,-0.00023355000000005455,-0.00011242500000001321,0.0002592006618915709
0.08125,0.03125,0.005,6.25e-08,-0.069851,-0.0909147,-0.06959677499999994,-0.09048669999999998,-0.0002542250000000523,-0.0004280000000000256,0.0004978095525650834
0.08375,0.03125,0.005,6.25e-08,-0.0544609,-0.083023,-0.05426142499999996,-0.08237159999999998,-0.0001994750000000392,-0.0006514000000000242,0.0006812578334412363
0.08625,0.03125,0.005,6.25e-08,-0.0400675,-0.0724855,-0.039978100000000044,-0.07172467500000003,-8.93999999999548e-05,-0.000760824999999965,0.0007660594236904463
0.08875,0.03125,0.005,6.25e-08,-0.0272502,-0.0598667,-0.027296800000000038,-0.05911732500000004,4.660000000003897e-05,-0.0007493749999999619,0.0007508225160615167
0.09125,0.03125,0.005,6.25e-08,-0.0165079,-0.0459048,-0.016692500000000027,-0.045278975000000034,0.0001846000000000278,-0.0006258249999999688,0.0006524830194150428
0.09375,0.03125,0.005,6.25e-08,-0.0082125,-0.0314671,-0.0085316275,-0.031060300000000002,0.0003191275000000004,-0.00040679999999999536,0.000517038297668796
0.09625,0.03125,0.005,6.25e-08,-0.0026914,-0.0174965,-0.0030484424999999886,-0.017388499999999963,0.0003570424999999886,-0.00010800000000003862,0.00037301923114800686
0.09875,0.03125,0.005,6.25e-08,-0.000334601,-0.00499356,-0.0003318077499999963,-0.005221322499999969,-2.7932500000037294e-06,0.0002277624999999688,0.00022777962738532677
0.00125,0.03375,0.005,6.25e-08,-0.000550129,0.0112665,-0.00043126375,0.01114227,-0.00011886524999999998,0.00012423000000000121,0.00017193615256124234
0.00375,0.03375,0.005,6.25e-08,-0.00336919,0.0308745,-0.0036074099999999997,0.0311571,0.0002382199999999995,-0.0002826000000000009,0.0003696099679391781
0.00625,0.03375,0.005,6.25e-08,-0.00908743,0.0474801,-0.009333200000000002,0.048109925,0.00024577000000000106,-0.0006298250000000005,0.0006760787110425835
0.00875,0.03375,0.005,6.25e-08,-0.0168027,0.0611724,-0.017051825000000003,0.06208905000000001,0.0002491250000000028,-0.000916650000000005,0.0009499002516712007
0.01125,0.03375,0.005,6.25e-08,-0.0259612,0.0721383,-0.026292725,0.07327729999999999,0.0003315249999999992,-0.0011389999999999872,0.0011862671813824112
0.01375,0.03375,0.005,6.25e-08,-0.0362098,0.080606,-0.0366648,0.08190485,0.0004549999999999971,-0.0012988500000000042,0.001376239921852294
0.01625,0.03375,0.005,6.25e-08,-0.0472432,0.0868119,-0.047846099999999996,0.088212475,0.0006028999999999965,-0.0014005750000000011,0.0015248274461803863
0.01875,0.03375,0.005,6.25e-08,-0.0588027,0.0909764,-0.059572150000000004,0.0924258,0.0007694500000000049,-0.0014494000000000035,0.001640979482656629
0.02125,0.03375,0.005,6.25e-08,-0.0706747,0.0932888,-0.0716239,0.09473875000000001,0.0009492000000000111,-0.0014499500000000054,0.0017330134571029842
0.02375,0.03375,0.005,6.25e-08,-0.0826793,0.093899,-0.0838167,0.0953049,0.0011373999999999967,-0.0014059000000000016,0.0018083787131018762
0.02625,0.03375,0.005,6.25e-08,-0.0946602,0.0929159,-0.095990075,0.09423625,0.0013298749999999943,-0.001320349999999998,0.001874004172387292
0.02875,0.03375,0.005,6.25e-08,-0.106476,0.0904115,-0.10799924999999999,0.091606775,0.0015232499999999899,-0.0011952749999999956,0.0019362264557961598
0.03125,0.03375,0.005,6.25e-08,-0.117994,0.0864283,-0.11970800000000001,0.087460475,0.0017140000000000072,-0.0010321749999999963,0.0020007951495905362
0.03375,0.03375,0.005,6.25e-08,-0.129085,0.0809885,-0.13098375,0.081821425,0.0018987500000000046,-0.0008329249999999983,0.002073406766200259
0.03625,0.03375,0.005,6.25e-08,-0.139617,0.0741056,-0.14169025,0.0747054,0.0020732499999999987,-0.0005998000000000114,0.0021582691218891142
0.03875,0.03375,0.005,6.25e-08,-0.149456,0.0657952,-0.151688,0.06613122499999999,0.002231999999999984,-0.0003360249999999898,0.0022571523653986945
0.04125,0.03375,0.005,6.25e-08,-0.158457,0.0560859,-0.16082875,0.056132125,0.002371750000000006,-4.622499999999696e-05,0.0023722004158850127
0.04375,0.03375,0.005,6.25e-08,-0.166472,0.0450295,-0.168956,0.04476635,0.0024839999999999862,0.0002631499999999967,0.0024978999024180154
0.04625,0.03375,0.005,6.25e-08,-0.173339,0.0327105,-0.17590375,0.032126575,0.0025647500000000045,0.000583925000000006,0.002630382285548059
0.04875,0.03375,0.005,6.25e-08,-0.178891,0.0192548,-0.181496,0.0183491,0.002604999999999996,0.0009056999999999989,0.0027579553096451687
0.05125,0.03375,0.005,6.25e-08,-0.182953,0.0048369,-0.1855505,0.0036214625,0.0025975000000000026,0.0012154375,0.002867803090591518
0.05375,0.03375,0.005,6.25e-08,-0.185349,-0.0103127,-0.18788425,-0.011810689999999999,0.002535249999999989,0.0014979899999999994,0.0029447354045142905
0.05625,0.03375,0.005,6.25e-08,-0.185904,-0.0259026,-0.18831825,-0.027638875,0.002414249999999979,0.001736274999999999,0.002973760908029577
0.05875,0.03375,0.005,6.25e-08,-0.184459,-0.0415777,-0.18668925,-0.04348949999999998,0.002230249999999989,0.0019117999999999774,0.0029375149876213168
0.06125,0.03375,0.005,6.25e-08,-0.180877,-0.0569195,-0.18286125000000003,-0.058925725000000005,0.0019842500000000207,0.0020062250000000073,0.0028217347170003616
0.06375,0.03375,0.005,6.25e-08,-0.175058,-0.071451,-0.17674299999999998,-0.07345477500000004,0.001684999999999992,0.002003775000000041,0.0026180793056409003
0.06625,0.03375,0.005,6.25e-08,-0.166962,-0.0846485,-0.16830549999999997,-0.08654217500000003,0.0013434999999999697,0.0018936750000000252,0.0023218521175184725
0.06875,0.03375,0.005,6.25e-08,-0.156618,-0.0959609,-0.15760049999999998,-0.09763415000000002,0.0009824999999999695,0.001673250000000015,0.0019403792960398208
0.07125,0.03375,0.005,6.25e-08,-0.144155,-0.104838,-0.14478125000000003,-0.10618999999999998,0.0006262500000000226,0.0013519999999999782,0.0014899976719780369
0.07375,0.03375,0.005,6.25e-08,-0.129807,-0.110768,-0.13011250000000005,-0.11171999999999999,0.00030550000000004185,0.0009519999999999806,0.0009998171082753029
0.07625,0.03375,0.005,6.25e-08,-0.113932,-0.113326,-0.11398100000000005,-0.11383399999999999,4.9000000000049004e-05,0.0005079999999999946,0.0005103577176843702
0.07875,0.03375,0.005,6.25e-08,-0.0970101,-0.112217,-0.09688822499999994,-0.11228474999999999,-0.0001218750000000629,6.774999999999143e-05,0.0001394402313717751
0.08125,0.03375,0.005,6.25e-08,-0.0796295,-0.107335,-0.07943499999999995,-0.10701524999999998,-0.00019450000000005574,-0.0003197500000000214,0.0003742596859134515
0.08375,0.03375,0.005,6.25e-08,-0.0624628,-0.0987972,-0.06228977499999995,-0.09818707499999997,-0.00017302500000004883,-0.0006101250000000308,0.0006341846468104178
0.08625,0.03375,0.005,6.25e-08,-0.0462233,-0.0869671,-0.04614605000000005,-0.08619635000000003,-7.724999999995236e-05,-0.0007707499999999728,0.0007746115962209389
0.08875,0.03375,0.005,6.25e-08,-0.031613,-0.0724576,-0.031673025000000035,-0.07166845000000005,6.002500000003297e-05,-0.0007891499999999468,0.0007914295440056052
0.09125,0.03375,0.005,6.25e-08,-0.0192549,-0.0561023,-0.01946477500000003,-0.05542885000000005,0.00020987500000003295,-0.0006734499999999505,0.0007053952212234977
0.09375,0.03375,0.005,6.25e-08,-0.00963195,-0.038902,-0.00999579,-0.0384583,0.00036383999999999896,-0.00044369999999999826,0.0005738024360352592
0.09625,0.03375,0.005,6.25e-08,-0.00317835,-0.0219562,-0.0035882049999999867,-0.021835749999999952,0.00040985499999998676,-0.00012045000000004621,0.0004271876912142955
0.09875,0.03375,0.005,6.25e-08,-0.000401454,-0.00643555,-0.0003924834999999957,-0.006679769999999961,-8.970500000004308e-06,0.0002442199999999608,0.0002443846931995352
0.00125,0.03625,0.005,6.25e-08,-0.000569749,0.0130352,-0.00044627174999999997,0.012857582499999999,-0.00012347725000000007,0.00017761750000000118,0.00021632061291937236
0.00375,0.03625,0.005,6.25e-08,-0.00348799,0.0354837,-0.0037321524999999996,0.035784575,0.00024416249999999976,-0.00030087499999999906,0.00038748044083701733
0.00625,0.03625,0.005,6.25e-08,-0.00940572,0.0543302,-0.0096542175,0.05503497500000001,0.00024849750000000004,-0.0007047750000000047,0.0007473010157434932
0.00875,0.03625,0.005,6.25e-08,-0.0173875,0.0697548,-0.01763525,0.07078835,0.00024775000000000144,-0.0010335499999999942,0.0010628290855071612
0.01125,0.03625,0.005,6.25e-08,-0.0268588,0.0820271,-0.027187749999999997,0.083313475,0.000328949999999998,-0.0012863749999999924,0.001327768331873064
0.01375,0.03625,0.005,6.25e-08,-0.0374539,0.0914493,-0.0379071,0.09291705,0.0004532000000000008,-0.0014677500000000038,0.001536125093376191
0.01625,0.03625,0.005,6.25e-08,-0.0488579,0.0983207,-0.049461849999999995,0.099905325,0.000603949999999992,-0.0015846250000000062,0.0016958160257306834
0.01875,0.03625,0.005,6.25e-08,-0.060806,0.102913,-0.061581575,0.10455724999999999,0.0007755750000000006,-0.001644249999999986,0.0018179864254512339
0.02125,0.03625,0.005,6.25e-08,-0.0730824,0.105457,-0.07404515,0.10710800000000001,0.0009627499999999983,-0.0016510000000000136,0.0019112008168949807
0.02375,0.03625,0.005,6.25e-08,-0.0855084,0.10613,-0.08666902500000001,0.10774224999999998,0.0011606250000000123,-0.0016122499999999818,0.00198655492074218
0.02625,0.03625,0.005,6.25e-08,-0.0979314,0.105064,-0.099296975,0.10659275,0.0013655749999999939,-0.0015287499999999954,0.002049846736496407
0.02875,0.03625,0.005,6.25e-08,-0.110216,0.102343,-0.11179025,0.10374649999999999,0.0015742499999999993,-0.001403499999999988,0.0021090460669458987
0.03125,0.03625,0.005,6.25e-08,-0.122237,0.0980146,-0.12402025000000001,0.09925335,0.001783250000000014,-0.0012387500000000107,0.002171285822962992
0.03375,0.03625,0.005,6.25e-08,-0.133873,0.0921029,-0.13586275,0.09313795,0.0019897500000000123,-0.0010350499999999957,0.0022428628056571005
0.03625,0.03625,0.005,6.25e-08,-0.145,0.0846178,-0.14719000000000002,0.0854119,0.0021900000000000253,-0.000794099999999992,0.0023295267351975376
0.03875,0.03625,0.005,6.25e-08,-0.155491,0.0755683,-0.15786975000000003,0.0760869,0.0023787500000000406,-0.0005185999999999941,0.002434624719027593
0.04125,0.03625,0.005,6.25e-08,-0.165206,0.0649741,-0.16775825,0.065186125,0.002552250000000006,-0.0002120249999999907,0.0025610417144445396
0.04375,0.03625,0.005,6.25e-08,-0.173998,0.0528766,-0.17670075000000002,0.052756325,0.0027027500000000038,0.00012027500000000302,0.0027054248535350266
0.04625,0.03625,0.005,6.25e-08,-0.181703,0.0393491,-0.18452775,0.0388782,0.002824749999999987,0.0004708999999999963,0.0028637317214606404
0.04875,0.03625,0.005,6.25e-08,-0.188147,0.0245072,-0.19105525,0.0236769,0.002908250000000001,0.0008302999999999991,0.003024453033607896
0.05125,0.03625,0.005,6.25e-08,-0.193141,0.00851798,-0.19608650000000002,0.0073317750000000004,0.0029455000000000175,0.0011862049999999992,0.003175382268645005
0.05375,0.03625,0.005,6.25e-08,-0.196487,-0.00839121,-0.19941375,-0.0099145,0.0029267500000000057,0.00152329,0.003299436010381173
0.05625,0.03625,0.005,6.25e-08,-0.197982,-0.0259249,-0.20082624999999998,-0.027748250000000002,0.0028442499999999926,0.0018233500000000014,0.0033785149526086105
0.05875,0.03625,0.005,6.25e-08,-0.197429,-0.0437136,-0.20011925,-0.04577922499999998,0.002690250000000005,0.0020656249999999807,0.003391791813057657
0.06125,0.03625,0.005,6.25e-08,-0.194644,-0.0613107,-0.197107,-0.06353875,0.002462999999999993,0.0022280500000000023,0.003321231067315247
0.06375,0.03625,0.005,6.25e-08,-0.189475,-0.0781943,-0.19164024999999996,-0.08048365000000005,0.002165249999999952,0.002289350000000051,0.0031510999642981857
0.06625,0.03625,0.005,6.25e-08,-0.181822,-0.0937758,-0.183629,-0.09600792500000005,0.0018069999999999753,0.002232125000000043,0.002871868906413575
0.06875,0.03625,0.005,6.25e-08,-0.171658,-0.107418,-0.17306524999999998,-0.10946450000000003,0.001407249999999971,0.0020465000000000344,0.002483649494695268
0.07125,0.03625,0.005,6.25e-08,-0.159055,-0.118464,-0.16004775000000004,-0.12019899999999997,0.0009927500000000422,0.0017349999999999727,0.001998944111900077
0.07375,0.03625,0.005,6.25e-08,-0.144208,-0.126277,-0.14480600000000005,-0.12759325,0.0005980000000000429,0.001316249999999991,0.0014457240616729142
0.07625,0.03625,0.005,6.25e-08,-0.127451,-0.130298,-0.12771225000000005,-0.13112275,0.00026125000000004617,0.000824750000000013,0.0008651382115015181
0.07875,0.03625,0.005,6.25e-08,-0.109274,-0.130102,-0.10928749999999995,-0.13041574999999997,1.349999999995799e-05,0.00031374999999997377,0.00031404030394199784
0.08125,0.03625,0.005,6.25e-08,-0.0903095,-0.125468,-0.09018549999999995,-0.12531124999999999,-0.00012400000000005462,-0.00015675000000001105,0.00019986636160198898
0.08375,0.03625,0.005,6.25e-08,-0.0713108,-0.116435,-0.07116432499999994,-0.11590749999999997,-0.00014647500000004865,-0.000527500000000028,0.0005474588346396867
0.08625,0.03625,0.005,6.25e-08,-0.0531079,-0.103343,-0.05303635000000005,-0.10258790000000004,-7.154999999994804e-05,-0.0007550999999999669,0.0007584823086268674
0.08875,0.03625,0.005,6.25e-08,-0.0365436,-0.086839,-0.03660885000000004,-0.08602255000000004,6.52500000000375e-05,-0.0008164499999999547,0.0008190532125569931
0.09125,0.03625,0.005,6.25e-08,-0.0223901,-0.0678545,-0.02261912500000003,-0.06713735000000005,0.00022902500000003198,-0.0007171499999999442,0.0007528323672139334
0.09375,0.03625,0.005,6.25e-08,-0.0112678,-0.0475398,-0.01167555,-0.047059174999999995,0.0004077500000000001,-0.00048062500000000535,0.000630286008987194
0.09625,0.03625,0.005,6.25e-08,-0.00374645,-0.0271774,-0.004212444999999985,-0.027043799999999944,0.0004659949999999847,-0.0001336000000000566,0.0004847682951936944
0.09875,0.03625,0.005,6.25e-08,-0.000481552,-0.0081397,-0.0004632847499999949,-0.00839989249999995,-1.8267250000005106e-05,0.00026019249999995053,0.0002608329532071953
0.00125,0.03875,0.005,6.25e-08,-0.000582442,0.0148555,-0.00045620299999999997,0.01462165,-0.000126239,0.00023385000000000072,0.0002657482034200802
0.00375,0.03875,0.005,6.25e-08,-0.0035679,0.0402271,-0.0038159074999999996,0.0405436,0.0002480074999999995,-0.00031649999999999734,0.00040209447901736736
0.00625,0.03875,0.005,6.25e-08,-0.00962406,0.0613791,-0.009872530000000001,0.062156775,0.00024847000000000063,-0.0007776749999999985,0.0008164041563619075
0.00875,0.03875,0.005,6.25e-08,-0.0177939,0.0785853,-0.018036475000000003,0.07973435,0.00024257500000000182,-0.0011490499999999987,0.0011743758057474608
0.01125,0.03875,0.005,6.25e-08,-0.0274885,0.0922003,-0.027808899999999998,0.09363339999999999,0.00032039999999999846,-0.0014330999999999927,0.0014684794074143422
0.01375,0.03875,0.005,6.25e-08,-0.0383329,0.102603,-0.0387759,0.10424025,0.00044299999999999895,-0.0016372500000000068,0.0016961239820543841
0.01625,0.03875,0.005,6.25e-08,-0.050005,0.110159,-0.050598825,0.1119295,0.0005938249999999992,-0.0017704999999999943,0.001867430957391726
0.01875,0.03875,0.005,6.25e-08,-0.0622359,0.115196,-0.063003325,0.117037,0.0007674250000000021,-0.0018409999999999954,0.001994548101857909
0.02125,0.03875,0.005,6.25e-08,-0.0748087,0.117987,-0.07576732500000001,0.1198435,0.0009586250000000046,-0.001856500000000011,0.0020893908539631953
0.02375,0.03875,0.005,6.25e-08,-0.0875469,0.118743,-0.088709725,0.12056700000000001,0.0011628250000000062,-0.0018240000000000062,0.0021631315218046815
0.02625,0.03875,0.005,6.25e-08,-0.100303,0.117619,-0.101679275,0.11936375,0.0013762749999999963,-0.0017447500000000032,0.0022222253346870567
0.02875,0.03875,0.005,6.25e-08,-0.112949,0.114713,-0.11454500000000001,0.11633525,0.001596000000000014,-0.0016222500000000056,0.002275722096939796
0.03125,0.03875,0.005,6.25e-08,-0.125369,0.110081,-0.127188,0.111539,0.0018189999999999873,-0.001458000000000001,0.002331206769036148
0.03375,0.03875,0.005,6.25e-08,-0.137451,0.103747,-0.13949375,0.10500024999999999,0.00204275000000001,-0.0012532499999999835,0.0023965523413854327
0.03625,0.03875,0.005,6.25e-08,-0.149083,0.0957188,-0.1513465,0.09672689999999999,0.0022635000000000016,-0.001008099999999984,0.0024778413710324506
0.03875,0.03875,0.005,6.25e-08,-0.160145,0.0859965,-0.16262274999999998,0.0867215,0.002477749999999973,-0.0007250000000000034,0.0025816409631278844
0.04125,0.03875,0.005,6.25e-08,-0.170508,0.0745887,-0.1731895,0.074994975,0.0026815000000000033,-0.0004062750000000115,0.0027121028051357173
0.04375,0.03875,0.005,6.25e-08,-0.180029,0.0615227,-0.182896,0.061578875,0.0028670000000000084,-5.617499999999859e-05,0.0028675502838878078
0.04625,0.03875,0.005,6.25e-08,-0.188548,0.0468565,-0.19157600000000002,0.046536925,0.0030280000000000307,0.0003195750000000025,0.003044817265555552
0.04875,0.03875,0.005,6.25e-08,-0.195886,0.0306897,-0.19904125,0.029977149999999998,0.0031552499999999983,0.0007125500000000028,0.003234707106524483
0.05125,0.03875,0.005,6.25e-08,-0.201846,0.0131748,-0.2050855,0.012063034999999998,0.0032395000000000063,0.0011117650000000024,0.0034249644764909673
0.05375,0.03875,0.005,6.25e-08,-0.206213,-0.00547217,-0.2094825,-0.0069745275,0.0032694999999999808,0.0015023575,0.0035981534580679193
0.05625,0.03875,0.005,6.25e-08,-0.20876,-0.0249604,-0.21199325,-0.026826575000000002,0.003233249999999993,0.0018661750000000012,0.0037331641663774927
0.05875,0.03875,0.005,6.25e-08,-0.209251,-0.0449155,-0.212373,-0.04709652499999997,0.0031220000000000137,0.0021810249999999753,0.0038083794520274604
0.06125,0.03875,0.005,6.25e-08,-0.207458,-0.064872,-0.21038600000000002,-0.06729365,0.002928000000000014,0.0024216499999999974,0.0037996806079590517
0.06375,0.03875,0.005,6.25e-08,-0.203172,-0.0842709,-0.20582024999999998,-0.08683237500000004,0.002648249999999991,0.002561475000000049,0.003684342850241438
0.06625,0.03875,0.005,6.25e-08,-0.196227,-0.102464,-0.19851524999999998,-0.10503925000000006,0.002288249999999964,0.0025752500000000567,0.003444996462262353
0.06875,0.03875,0.005,6.25e-08,-0.186526,-0.118727,-0.18838749999999999,-0.12117275000000004,0.0018614999999999882,0.002445750000000038,0.0030735769573088847
0.07125,0.03875,0.005,6.25e-08,-0.174067,-0.132289,-0.17546525000000002,-0.13445399999999996,0.0013982500000000175,0.0021649999999999725,0.002577271437489643
0.07375,0.03875,0.005,6.25e-08,-0.158985,-0.142375,-0.15991675000000005,-0.144119,0.0009317500000000645,0.0017439999999999956,0.001977294632193216
0.07625,0.03875,0.005,6.25e-08,-0.141571,-0.148263,-0.14208025000000005,-0.14947874999999997,0.0005092500000000444,0.00121574999999996,0.001318098488353563
0.07875,0.03875,0.005,6.25e-08,-0.1223,-0.149366,-0.12247324999999995,-0.15000049999999998,0.00017324999999994428,0.0006344999999999823,0.00065772776473246
0.08125,0.03875,0.005,6.25e-08,-0.101833,-0.145307,-0.10179134999999995,-0.14537925,-4.1650000000059695e-05,7.224999999999593e-05,8.339535358762132e-05
0.08375,0.03875,0.005,6.25e-08,-0.0809991,-0.136007,-0.08087819999999994,-0.13561124999999996,-0.00012090000000006262,-0.000395750000000028,0.0004138053558136208
0.08625,0.03875,0.005,6.25e-08,-0.0607488,-0.121745,-0.06067357500000005,-0.12103625000000004,-7.522499999994964e-05,-0.0007087499999999664,0.0007127309191587978
0.08875,0.03875,0.005,6.25e-08,-0.042084,-0.103181,-0.04214205000000005,-0.10235245000000007,5.8050000000045565e-05,-0.000828549999999928,0.0008305810646769441
0.09125,0.03875,0.005,6.25e-08,-0.0259532,-0.0813421,-0.026191625000000038,-0.08058477500000005,0.0002384250000000386,-0.0007573249999999476,0.0007939695436538728
0.09375,0.03875,0.005,6.25e-08,-0.0131475,-0.0575417,-0.013595874999999999,-0.0570223,0.0004483749999999991,-0.0005194000000000032,0.0006861606959196968
0.09625,0.03875,0.005,6.25e-08,-0.00440806,-0.0332744,-0.004932532499999981,-0.03312487499999993,0.0005244724999999813,-0.0001495250000000739,0.0005453706344141134
0.09875,0.03875,0.005,6.25e-08,-0.000577413,-0.0101507,-0.000545736999999994,-0.01042413999999994,-3.1676000000006085e-05,0.0002734399999999391,0.00027526860078106813
0.00125,0.04125,0.005,6.25e-08,-0.000587913,0.0167066,-0.00046087925,0.016414525,-0.00012703375,0.0002920749999999993,0.00031850491246456793
0.00375,0.04125,0.005,6.25e-08,-0.00360755,0.0450541,-0.0038573774999999997,0.045383024999999994,0.0002498274999999995,-0.0003289249999999938,0.00041304410827567277
0.00625,0.04125,0.005,6.25e-08,-0.00973916,0.0685556,-0.009984905000000002,0.069402275,0.00024574500000000207,-0.0008466750000000051,0.0008816173550072671
0.00875,0.04125,0.005,6.25e-08,-0.0180156,0.087578,-0.018249325000000004,0.08883875,0.00023372500000000407,-0.001260749999999991,0.001282231624210298
0.01125,0.04125,0.005,6.25e-08,-0.0278398,0.102561,-0.028145925,0.10413825,0.00030612499999999737,-0.0015772500000000023,0.0016066829426258952
0.01375,0.04125,0.005,6.25e-08,-0.0388304,0.113963,-0.03925475,0.1157675,0.00042434999999999695,-0.0018045000000000005,0.001853724136029954
0.01625,0.04125,0.005,6.25e-08,-0.0506601,0.122218,-0.0512324,0.124173,0.0005722999999999978,-0.0019550000000000123,0.0020370449896848246
0.01875,0.04125,0.005,6.25e-08,-0.063057,0.127712,-0.06380185000000001,0.12974950000000002,0.0007448500000000052,-0.0020375000000000254,0.0021693795823921895
0.02125,0.04125,0.005,6.25e-08,-0.0758044,0.130763,-0.07674117500000001,0.13282575,0.0009367750000000147,-0.002062750000000002,0.0022654988331767107
0.02375,0.04125,0.005,6.25e-08,-0.0887289,0.13162,-0.0898723,0.13365624999999998,0.0011434000000000027,-0.0020362499999999895,0.0023353110333529372
0.02625,0.04125,0.005,6.25e-08,-0.101689,0.130461,-0.10305,0.1324245,0.001361000000000001,-0.001963500000000007,0.002389069536451384
0.02875,0.04125,0.005,6.25e-08,-0.114566,0.127403,-0.11615249999999999,0.129249,0.0015864999999999907,-0.0018460000000000143,0.0024340703050651645
0.03125,0.04125,0.005,6.25e-08,-0.127253,0.122511,-0.12907174999999999,0.12419525,0.00181874999999998,-0.0016842499999999982,0.0024788202082845624
0.03375,0.04125,0.005,6.25e-08,-0.139652,0.115811,-0.14170525,0.11729124999999999,0.0020532500000000065,-0.0014802499999999885,0.002531200431613426
0.03625,0.04125,0.005,6.25e-08,-0.151663,0.107306,-0.153951,0.10854074999999999,0.0022880000000000122,-0.0012347499999999928,0.0025999137605890003
0.03875,0.04125,0.005,6.25e-08,-0.163179,0.0969881,-0.16570000000000001,0.097936525,0.0025210000000000232,-0.0009484250000000027,0.002693501620683589
0.04125,0.04125,0.005,6.25e-08,-0.174084,0.084853,-0.1768305,0.0854753,0.002746500000000013,-0.0006223000000000062,0.0028161178135866546
0.04375,0.04125,0.005,6.25e-08,-0.184244,0.070911,-0.187204,0.07117079999999999,0.002960000000000018,-0.0002597999999999906,0.002971379484347313
0.04625,0.04125,0.005,6.25e-08,-0.193506,0.0552007,-0.19666075,0.055065699999999995,0.003154749999999984,0.00013500000000000317,0.003157637180313771
0.04875,0.04125,0.005,6.25e-08,-0.201695,0.0378004,-0.20501724999999998,0.037244900000000004,0.003322249999999971,0.0005554999999999935,0.003368371314522762
0.05125,0.04125,0.005,6.25e-08,-0.208611,0.018841,-0.21206325000000004,0.01784875,0.0034522500000000456,0.00099225,0.003592017556332418
0.05375,0.04125,0.005,6.25e-08,-0.214029,-0.00148094,-0.21756175,-0.0029130402500000003,0.003532750000000001,0.0014321002500000003,0.0038119855309995698
0.05625,0.04125,0.005,6.25e-08,-0.217702,-0.0228895,-0.221252,-0.0247472,0.0035499999999999976,0.0018577000000000003,0.004006688069965016
0.05875,0.04125,0.005,6.25e-08,-0.219364,-0.0450165,-0.22285625,-0.04726322499999997,0.0034922500000000023,0.0022467249999999703,0.0041525393782750435
0.06125,0.04125,0.005,6.25e-08,-0.218744,-0.0673898,-0.22208875,-0.0699617,0.0033447500000000074,0.002571900000000002,0.004219244265564635
0.06375,0.04125,0.005,6.25e-08,-0.215574,-0.0894246,-0.21867575,-0.09222720000000006,0.0031017500000000142,0.002802600000000058,0.004180361207180596
0.06625,0.04125,0.005,6.25e-08,-0.209619,-0.110422,-0.21237849999999997,-0.11332900000000004,0.0027594999999999703,0.0029070000000000346,0.004008177796705136
0.06875,0.04125,0.005,6.25e-08,-0.200699,-0.129579,-0.20302599999999996,-0.13243375000000007,0.002326999999999968,0.0028547500000000725,0.0036830050994398943
0.07125,0.04125,0.005,6.25e-08,-0.188726,-0.146006,-0.190554,-0.14863599999999993,0.0018279999999999963,0.002629999999999938,0.0032028868228521066
0.07375,0.04125,0.005,6.25e-08,-0.173747,-0.158778,-0.17504675000000003,-0.16100774999999998,0.0012997500000000162,0.002229749999999975,0.002580917496744119
0.07625,0.04125,0.005,6.25e-08,-0.155984,-0.166989,-0.15677550000000007,-0.16866975,0.000791500000000056,0.0016807500000000086,0.0018577924567884643
0.07875,0.04125,0.005,6.25e-08,-0.13587,-0.169848,-0.13622949999999992,-0.17088474999999997,0.0003594999999999293,0.0010367499999999752,0.001097310718301748
0.08125,0.04125,0.005,6.25e-08,-0.114069,-0.16678,-0.11412224999999994,-0.16715625,5.3249999999935294e-05,0.00037624999999999464,0.00037999950657861267
0.08375,0.04125,0.005,6.25e-08,-0.0914686,-0.157532,-0.09137149999999994,-0.15732649999999998,-9.710000000005825e-05,-0.0002055000000000251,0.00022728541528224292
0.08625,0.04125,0.005,6.25e-08,-0.0691395,-0.142273,-0.06904775000000007,-0.14164900000000005,-9.174999999993216e-05,-0.0006239999999999579,0.0006307091742633327
0.08875,0.04125,0.005,6.25e-08,-0.0482571,-0.121644,-0.04829062500000006,-0.12081900000000007,3.352500000006198e-05,-0.0008249999999999369,0.0008256808860721556
0.09125,0.04125,0.005,6.25e-08,-0.029976,-0.0967497,-0.030208825000000043,-0.09595487500000008,0.0002328250000000441,-0.0007948249999999157,0.0008282235575313507
0.09375,0.04125,0.005,6.25e-08,-0.0152964,-0.0690813,-0.01577845,-0.068518625,0.0004820499999999995,-0.0005626749999999986,0.0007409287132545194
0.09625,0.04125,0.005,6.25e-08,-0.00517538,-0.0403746,-0.005759039999999979,-0.04020329999999992,0.0005836599999999789,-0.00017130000000007556,0.0006082784605754188
0.09875,0.04125,0.005,6.25e-08,-0.000691716,-0.0125196,-0.000641331749999993,-0.012800622499999928,-5.038425000000702e-05,0.00028102249999992744,0.0002855034468343113
0.00125,0.04375,0.005,6.25e-08,-0.000586124,0.0185671,-0.0004603065,0.0182159,-0.00012581750000000003,0.00035119999999999943,0.0003730569437850603
0.00375,0.04375,0.005,6.25e-08,-0.00360696,0.0499133,-0.0038566625,0.050250899999999994,0.0002497024999999998,-0.00033759999999999346,0.0004199108220875541
0.00625,0.04375,0.005,6.25e-08,-0.00975105,0.0757867,-0.009991472500000001,0.0766971,0.0002404225000000003,-0.0009104000000000056,0.000941610927350708
0.00875,0.04375,0.005,6.25e-08,-0.018052,0.0966441,-0.018273300000000003,0.09801080000000001,0.00022130000000000413,-0.0013667000000000123,0.0013845008414587676
0.01125,0.04375,0.005,6.25e-08,-0.0279101,0.11301,-0.028196275,0.11472475,0.0002861749999999996,-0.001714750000000001,0.0017384659022037226
0.01375,0.04375,0.005,6.25e-08,-0.0389396,0.12542,-0.039337300000000006,0.12738675,0.00039770000000000777,-0.0019667499999999893,0.002006556964678542
0.01625,0.04375,0.005,6.25e-08,-0.0508096,0.13438,-0.051349725,0.136515,0.0005401249999999955,-0.002134999999999998,0.0022022624765511006
0.01875,0.04375,0.005,6.25e-08,-0.0632462,0.140335,-0.0639548,0.14256575,0.0007086000000000037,-0.0022307500000000036,0.0023405895672885544
0.02125,0.04375,0.005,6.25e-08,-0.0760336,0.143653,-0.07693132500000001,0.14591925000000003,0.000897725000000002,-0.002266250000000025,0.0024375806116157714
0.02375,0.04375,0.005,6.25e-08,-0.0890022,0.144622,-0.090104875,0.14687,0.0011026749999999974,-0.002248,0.0025038762260992443
0.02625,0.04375,0.005,6.25e-08,-0.102017,0.14345,-0.1033375,0.14563025,0.0013205000000000022,-0.0021802499999999947,0.0025489625953512896
0.02875,0.04375,0.005,6.25e-08,-0.11497,0.140271,-0.11651600000000001,0.14233774999999999,0.0015460000000000057,-0.0020667499999999783,0.0025810020462021972
0.03125,0.04375,0.005,6.25e-08,-0.127765,0.135161,-0.1295455,0.13707049999999998,0.0017805000000000182,-0.0019094999999999807,0.00261081797527135
0.03375,0.04375,0.005,6.25e-08,-0.14032,0.12815,-0.14233825,0.12985950000000002,0.002018249999999999,-0.0017095000000000304,0.0026449429696120295
0.03625,0.04375,0.005,6.25e-08,-0.152548,0.119239,-0.154808,0.12070499999999999,0.002260000000000012,-0.001465999999999995,0.002693836669139397
0.03875,0.04375,0.005,6.25e-08,-0.164361,0.10841,-0.16686275,0.1095895,0.002501749999999997,-0.0011795,0.0027658585127406615
0.04125,0.04375,0.005,6.25e-08,-0.175657,0.095646,-0.17839725,0.09649675,0.0027402499999999996,-0.0008507500000000112,0.0028692761500071786
0.04375,0.04375,0.005,6.25e-08,-0.186317,0.0809376,-0.18928974999999998,0.08141910000000001,0.0029727499999999685,-0.0004815000000000097,0.0030114921239312283
0.04625,0.04375,0.005,6.25e-08,-0.196203,0.0643008,-0.19939500000000002,0.06437522500000001,0.003192000000000028,-7.442500000000296e-05,0.0031928675325833956
0.04875,0.04375,0.005,6.25e-08,-0.205148,0.0457881,-0.2085395,0.045422225,0.0033914999999999917,0.0003658750000000016,0.003411178207837425
0.05125,0.04375,0.005,6.25e-08,-0.212958,0.0255027,-0.21651925,0.024670525000000002,0.003561249999999988,0.0008321749999999975,0.0036571870054899996
0.05375,0.04375,0.005,6.25e-08,-0.219405,0.00361318,-0.22309525000000002,0.00229972075,0.0036902500000000338,0.0013134592500000002,0.003917029520428817
0.05625,0.04375,0.005,6.25e-08,-0.224232,-0.0196298,-0.22799599999999998,-0.0214243,0.0037639999999999896,0.001794500000000001,0.0041698832417706765
0.05875,0.04375,0.005,6.25e-08,-0.227152,-0.0438772,-0.2309165,-0.04613137499999997,0.003764500000000004,0.0022541749999999694,0.004387797303958433
0.06125,0.04375,0.005,6.25e-08,-0.227854,-0.0686643,-0.23153175,-0.07132957499999999,0.0036777500000000074,0.0026652749999999947,0.004541974888539678
0.06375,0.04375,0.005,6.25e-08,-0.226019,-0.0933968,-0.229508,-0.09639087500000007,0.003488999999999992,0.002994075000000068,0.004597565236690542
0.06625,0.04375,0.005,6.25e-08,-0.221338,-0.117341,-0.22452575,-0.12054300000000007,0.003187749999999989,0.003202000000000066,0.004518246790791795
0.06875,0.04375,0.005,6.25e-08,-0.213543,-0.139622,-0.21631725,-0.14287425000000004,0.002774249999999978,0.00325225000000004,0.004274762347195472
0.07125,0.04375,0.005,6.25e-08,-0.202443,-0.159244,-0.20470650000000004,-0.16235424999999995,0.0022635000000000294,0.0031102499999999533,0.0038466982351751796
0.07375,0.04375,0.005,6.25e-08,-0.187977,-0.175122,-0.18966575000000002,-0.17788274999999995,0.0016887500000000166,0.0027607499999999507,0.003236296822758967
0.07625,0.04375,0.005,6.25e-08,-0.170265,-0.186149,-0.17136750000000006,-0.18836424999999998,0.0011025000000000618,0.002215249999999974,0.0024744370698201283
0.07875,0.04375,0.005,6.25e-08,-0.149661,-0.191292,-0.15023224999999993,-0.1928145,0.0005712499999999399,0.00152250000000001,0.0016261404651812714
0.08125,0.04375,0.005,6.25e-08,-0.126798,-0.189723,-0.12695949999999995,-0.19048849999999998,0.00016149999999995335,0.0007654999999999745,0.0007823506247201096
0.08375,0.04375,0.005,6.25e-08,-0.102595,-0.180954,-0.10251864999999993,-0.18100974999999997,-7.63500000000722e-05,5.574999999996555e-05,9.45377437852585e-05
0.08625,0.04375,0.005,6.25e-08,-0.0782297,-0.164977,-0.07810490000000007,-0.16448375000000004,-0.00012479999999992497,-0.0004932499999999729,0.0005087932807142352
0.08875,0.04375,0.005,6.25e-08,-0.0550609,-0.142358,-0.05504670000000006,-0.14156025000000005,-1.4199999999943425e-05,-0.0007977499999999582,0.0007978763704358788
0.09125,0.04375,0.005,6.25e-08,-0.0344785,-0.114256,-0.03468452500000005,-0.11342650000000008,0.00020602500000004714,-0.0008294999999999136,0.0008547026094641786
0.09375,0.04375,0.005,6.25e-08,-0.0177357,-0.0823394,-0.01823975,-0.081725575,0.0005040499999999989,-0.0006138249999999984,0.0007942591095637475
0.09625,0.04375,0.005,6.25e-08,-0.00606018,-0.0486168,-0.006701339999999976,-0.0484135499999999,0.0006411599999999757,-0.00020325000000009918,0.0006726044217071496
0.09875,0.04375,0.005,6.25e-08,-0.000827322,-0.015304,-0.0007514982499999917,-0.015582799999999914,-7.582375000000832e-05,0.0002787999999999142,0.000288926774571025
0.00125,0.04625,0.005,6.25e-08,-0.000577385,0.0204164,-0.0004547285,0.020005975000000002,-0.00012265650000000002,0.000410424999999999,0.0004283611765989644
0.00375,0.04625,0.005,6.25e-08,-0.00356798,0.0547543,-0.0038157449999999997,0.055096525,0.0002477649999999996,-0.00034222500000000156,0.00042249904834212453
0.00625,0.04625,0.005,6.25e-08,-0.00966422,0.0830004,-0.009896835000000001,0.083968025,0.000232615000000002,-0.0009676249999999997,0.0009951923828335908
0.00875,0.04625,0.005,6.25e-08,-0.0179101,0.105695,-0.018115450000000005,0.1071605,0.00020535000000000345,-0.0014655000000000085,0.001479817175363236
0.01125,0.04625,0.005,6.25e-08,-0.027707,0.123444,-0.027968125,0.1252895,0.00026112500000000094,-0.0018455,0.0018638821088322619
0.01375,0.04625,0.005,6.25e-08,-0.0386667,0.13686,-0.039030425,0.13898149999999998,0.00036372500000000224,-0.0021214999999999706,0.0021524539775857874
0.01625,0.04625,0.005,6.25e-08,-0.0504552,0.146519,-0.050953625,0.148827,0.0004984250000000037,-0.0023079999999999767,0.002361205514271237
0.01875,0.04625,0.005,6.25e-08,-0.0627975,0.152929,-0.063457525,0.15534725,0.0006600249999999946,-0.002418249999999983,0.0025067042233029627
0.02125,0.04625,0.005,6.25e-08,-0.0754787,0.156512,-0.076321925,0.1589755,0.000843225000000003,-0.0024634999999999796,0.0026038165547182667
0.02375,0.04625,0.005,6.25e-08,-0.0883338,0.157597,-0.089376525,0.1600485,0.0010427249999999944,-0.002451500000000023,0.0026640434823075056
0.02625,0.04625,0.005,6.25e-08,-0.101236,0.156422,-0.1024905,0.15881175,0.0012544999999999917,-0.002389749999999996,0.002699013766637725
0.02875,0.04625,0.005,6.25e-08,-0.114086,0.153145,-0.11556175,0.155426,0.001475749999999998,-0.0022810000000000052,0.0027167626069459984
0.03125,0.04625,0.005,6.25e-08,-0.126804,0.147854,-0.12850875,0.14998275,0.0017047500000000049,-0.002128749999999985,0.0027272237027790645
0.03375,0.04625,0.005,6.25e-08,-0.139322,0.140586,-0.14126,0.14251825,0.0019379999999999953,-0.0019322500000000242,0.0027366830401966678
0.03625,0.04625,0.005,6.25e-08,-0.151572,0.131339,-0.15374825,0.13303075,0.0021762499999999907,-0.0016917499999999919,0.002756461885279739
0.03875,0.04625,0.005,6.25e-08,-0.163483,0.120088,-0.1659005,0.12149575,0.002417500000000017,-0.0014077499999999993,0.002797510735010695
0.04125,0.04625,0.005,6.25e-08,-0.174975,0.1068,-0.17763425,0.10788075000000001,0.002659250000000002,-0.0010807500000000053,0.00287047576631471
0.04375,0.04625,0.005,6.25e-08,-0.18595,0.0914483,-0.18884774999999998,0.09215785,0.0028977499999999767,-0.0007095500000000032,0.0029833565433920015
0.04625,0.04625,0.005,6.25e-08,-0.196287,0.0740227,-0.19941699999999998,0.07431975,0.003129999999999994,-0.00029705000000000703,0.0031440640423661802
0.04875,0.04625,0.005,6.25e-08,-0.205837,0.0545467,-0.20918799999999999,0.054392075,0.003350999999999993,0.00015462499999999851,0.0033545655293383304
0.05125,0.04625,0.005,6.25e-08,-0.21442,0.0330901,-0.21797075000000002,0.032449775,0.003550750000000019,0.0006403249999999971,0.0036080246213302278
0.05375,0.04625,0.005,6.25e-08,-0.221817,0.00978649,-0.225537,0.0086341775,0.003720000000000001,0.0011523125000000006,0.0038943836608192907
0.05625,0.04625,0.005,6.25e-08,-0.227768,-0.0151494,-0.23161375,-0.01682745,0.003845750000000009,0.0016780500000000004,0.0041959081096945
0.05875,0.04625,0.005,6.25e-08,-0.231976,-0.0414007,-0.2358855,-0.04360017499999996,0.00390950000000001,0.0021994749999999647,0.004485741914736616
0.06125,0.04625,0.005,6.25e-08,-0.234104,-0.0685272,-0.237996,-0.07121815000000001,0.0038920000000000066,0.0026909500000000114,0.004731688483247826
0.06375,0.04625,0.005,6.25e-08,-0.233787,-0.0959436,-0.23756,-0.09906260000000008,0.0037729999999999986,0.00311900000000008,0.004895272208978832
0.06625,0.04625,0.005,6.25e-08,-0.230649,-0.122901,-0.2341835,-0.12634200000000007,0.003534499999999996,0.003441000000000069,0.004932866433423922
0.06875,0.04625,0.005,6.25e-08,-0.224329,-0.148477,-0.22749574999999997,-0.15208700000000008,0.003166749999999968,0.0036100000000000854,0.0048021251090012654
0.07125,0.04625,0.005,6.25e-08,-0.214524,-0.171577,-0.21719725000000004,-0.17515674999999994,0.0026732500000000436,0.003579749999999937,0.004467759575559073
0.07375,0.04625,0.005,6.25e-08,-0.20104,-0.190964,-0.20311925000000003,-0.19427899999999992,0.0020792500000000325,0.003314999999999929,0.003913119671374703
0.07625,0.04625,0.005,6.25e-08,-0.183865,-0.205316,-0.18529650000000006,-0.20812374999999994,0.0014315000000000577,0.0028077499999999422,0.003151611066185014
0.07875,0.04625,0.005,6.25e-08,-0.163234,-0.21333,-0.16403874999999996,-0.21542050000000001,0.0008047499999999652,0.002090500000000023,0.0022400475022865116
0.08125,0.04625,0.005,6.25e-08,-0.1397,-0.213866,-0.13998324999999992,-0.21511024999999998,0.0002832499999999294,0.0012442499999999745,0.0012760833142862955
0.08375,0.04625,0.005,6.25e-08,-0.114173,-0.206123,-0.11411624999999992,-0.20652124999999996,-5.675000000007757e-05,0.00039824999999996114,0.00040227307267573585
0.08625,0.04625,0.005,6.25e-08,-0.0879143,-0.189834,-0.08773710000000008,-0.18952875000000005,-0.0001771999999999191,-0.0003052499999999514,0.0003529552414966261
0.08875,0.04625,0.005,6.25e-08,-0.062461,-0.165414,-0.06236960000000007,-0.1646690000000001,-9.139999999993598e-05,-0.0007449999999999124,0.0007505857446020793
0.09125,0.04625,0.005,6.25e-08,-0.0394651,-0.134023,-0.039615550000000055,-0.1331595000000001,0.00015045000000005193,-0.000863499999999906,0.0008765086722331122
0.09375,0.04625,0.005,6.25e-08,-0.0204814,-0.0974981,-0.02098985,-0.096820825,0.0005084500000000006,-0.000677275000000005,0.0008468900921164489
0.09625,0.04625,0.005,6.25e-08,-0.00707358,-0.0581488,-0.007767159999999971,-0.05789777499999989,0.0006935799999999706,-0.00025102500000011296,0.0007376088170738036
0.09875,0.04625,0.005,6.25e-08,-0.000987294,-0.0185678,-0.0008775704999999902,-0.018829124999999895,-0.00010972350000000987,0.00026132499999989567,0.0002834254788779542
0.00125,0.04875,0.005,6.25e-08,-0.000562444,0.0222348,-0.00044468700000000003,0.021766475,-0.00011775700000000002,0.0004683249999999986,0.00048290269897154097
0.00375,0.04875,0.005,6.25e-08,-0.00349477,0.0595302,-0.0037389199999999997,0.05987287499999999,0.00024414999999999984,-0.0003426749999999937,0.00042075572262893296
0.00625,0.04875,0.005,6.25e-08,-0.00948878,0.0901288,-0.00971117,0.09114625,0.0002223899999999994,-0.001017450000000003,0.0010414709859616858
0.00875,0.04875,0.005,6.25e-08,-0.0176059,0.114646,-0.017792150000000003,0.11620100000000001,0.00018625000000000239,-0.0015550000000000147,0.0015661143197417125
0.01125,0.04875,0.005,6.25e-08,-0.0272514,0.133762,-0.027482725,0.13572900000000002,0.00023132500000000097,-0.0019670000000000243,0.00198055554217121
0.01375,0.04875,0.005,6.25e-08,-0.0380344,0.148166,-0.038357925,0.1504335,0.0003235249999999981,-0.0022675000000000056,0.0022904638559962096
0.01625,0.04875,0.005,6.25e-08,-0.0496181,0.158505,-0.05006675,0.1609775,0.0004486500000000018,-0.0024724999999999886,0.00251287545901104
0.01875,0.04875,0.005,6.25e-08,-0.0617264,0.165352,-0.062327725,0.1679475,0.0006013249999999998,-0.0025955000000000006,0.002664246986603345
0.02125,0.04875,0.005,6.25e-08,-0.074146,0.169183,-0.07492185000000001,0.17183274999999998,0.0007758500000000085,-0.0026497499999999785,0.002760999508330253
0.02375,0.04875,0.005,6.25e-08,-0.0867169,0.170373,-0.087683075,0.17301725,0.0009661749999999997,-0.0026442500000000146,0.0028152357260316724
0.02625,0.04875,0.005,6.25e-08,-0.0993204,0.169195,-0.100488525,0.17178175,0.001168124999999992,-0.0025867499999999988,0.0028382726398506848
0.02875,0.04875,0.005,6.25e-08,-0.11187,0.165832,-0.11324825000000001,0.1683135,0.0013782500000000114,-0.0024814999999999976,0.002838558668144807
0.03125,0.04875,0.005,6.25e-08,-0.1243,0.160389,-0.12589475,0.16272,0.0015947500000000059,-0.0023309999999999997,0.002824320902889758
0.03375,0.04875,0.005,6.25e-08,-0.136559,0.152909,-0.13837525,0.1550475,0.0018162499999999915,-0.0021385000000000154,0.002805698899115875
0.03625,0.04875,0.005,6.25e-08,-0.148601,0.143392,-0.15064275,0.145293,0.002041749999999981,-0.0019010000000000138,0.0027897211442185353
0.03875,0.04875,0.005,6.25e-08,-0.160378,0.131805,-0.16264775,0.1334265,0.002269750000000015,-0.001621499999999998,0.0027894492848051676
0.04125,0.04875,0.005,6.25e-08,-0.171831,0.118103,-0.1743325,0.11940124999999999,0.00250149999999999,-0.001298249999999987,0.0028183249125145094
0.04375,0.04875,0.005,6.25e-08,-0.182888,0.102239,-0.18562175,0.10316937500000001,0.002733750000000007,-0.0009303750000000111,0.0028877303723036643
0.04625,0.04875,0.005,6.25e-08,-0.193453,0.0841781,-0.19641850000000002,0.08469682499999999,0.00296550000000001,-0.0005187249999999838,0.00301052584702823
0.04875,0.04875,0.005,6.25e-08,-0.203403,0.0639115,-0.2065955,0.06397595,0.003192499999999987,-6.445000000000756e-05,0.003193150490111595
0.05125,0.04875,0.005,6.25e-08,-0.212578,0.0414725,-0.21598799999999999,0.041042524999999996,0.0034099999999999964,0.00042997500000000605,0.0034370013821098445
0.05375,0.04875,0.005,6.25e-08,-0.220779,0.0169527,-0.22438775,0.0159931,0.003608749999999994,0.0009596000000000014,0.00373415435172409
0.05625,0.04875,0.005,6.25e-08,-0.227759,-0.00947798,-0.23153674999999999,-0.010993695,0.0037777499999999964,0.001515714999999999,0.004070477493332321
0.05875,0.04875,0.005,6.25e-08,-0.233221,-0.0375481,-0.2371205,-0.03963254999999996,0.0038995,0.00208444999999996,0.004421654899751883
0.06125,0.04875,0.005,6.25e-08,-0.236816,-0.0668592,-0.24076999999999998,-0.06950325,0.003953999999999985,0.002644050000000009,0.004756586633553512
0.06375,0.04875,0.005,6.25e-08,-0.238147,-0.0968569,-0.24206275,-0.10002032500000008,0.003915749999999996,0.0031634250000000808,0.005033920519150603
0.06625,0.04875,0.005,6.25e-08,-0.236778,-0.126803,-0.24054000000000003,-0.13040350000000006,0.003762000000000043,0.003600500000000062,0.0052073260172569155
0.06875,0.04875,0.005,6.25e-08,-0.232264,-0.155752,-0.23573249999999996,-0.1596537500000001,0.0034684999999999577,0.0039017500000000926,0.005220550288283834
0.07125,0.04875,0.005,6.25e-08,-0.224183,-0.182538,-0.22720800000000002,-0.18654649999999992,0.0030250000000000277,0.004008499999999915,0.00502182210457514
0.07375,0.04875,0.005,6.25e-08,-0.212194,-0.205789,-0.21463775000000004,-0.20965324999999996,0.00244375000000005,0.003864249999999958,0.004572126652335861
0.07625,0.04875,0.005,6.25e-08,-0.196119,-0.223968,-0.19788150000000004,-0.22740374999999996,0.0017625000000000557,0.0034357499999999597,0.0038614484733710897
0.07875,0.04875,0.005,6.25e-08,-0.17603,-0.235476,-0.17708424999999994,-0.23820675000000002,0.001054249999999951,0.0027307500000000318,0.002927189543743293
0.08125,0.04875,0.005,6.25e-08,-0.152346,-0.238808,-0.15276499999999993,-0.24062675,0.00041899999999991944,0.0018187500000000079,0.0018663902492512012
0.08375,0.04875,0.005,6.25e-08,-0.125911,-0.23277,-0.12587074999999992,-0.23360274999999997,-4.025000000007495e-05,0.0008327499999999655,0.000833722150959148
0.08625,0.04875,0.005,6.25e-08,-0.0980228,-0.216726,-0.09777195000000007,-0.21667775000000006,-0.0002508499999999275,-4.824999999994417e-05,0.0002554482041431457
0.08875,0.04875,0.005,6.25e-08,-0.0703825,-0.190835,-0.07017820000000008,-0.1901770000000001,-0.0002042999999999212,-0.0006579999999999087,0.0006889865673580637
0.09125,0.04875,0.005,6.25e-08,-0.0449202,-0.156179,-0.044977700000000065,-0.1552840000000001,5.7500000000064444e-05,-0.0008949999999999236,0.0008968451650089165
0.09375,0.04875,0.005,6.25e-08,-0.0235426,-0.114732,-0.024029925,-0.113974,0.00048732500000000026,-0.0007579999999999948,0.0009011379781282068
0.09625,0.04875,0.005,6.25e-08,-0.00822556,-0.069124,-0.008961949999999967,-0.06880229999999987,0.000736389999999967,-0.000321700000000133,0.0008035926344237091
0.09875,0.04875,0.005,6.25e-08,-0.0011749,-0.0223806,-0.0010207322499999887,-0.022602349999999872,-0.0001541677500000113,0.00022174999999987136,0.0002700754665644566
0.00125,0.05125,0.005,6.25e-08,-0.00054258,0.0240059,-0.00043108450000000004,0.023481775000000003,-0.00011149549999999993,0.0005241249999999968,0.0005358528362761988
0.00375,0.05125,0.005,6.25e-08,-0.00339432,0.0642007,-0.0036333375,0.06453965,0.00023901749999999996,-0.0003389500000000045,0.0004147486802947697
0.00625,0.05125,0.005,6.25e-08,-0.00924172,0.0971121,-0.0094514775,0.09817157500000001,0.0002097574999999994,-0.0010594750000000042,0.0010800395754004843
0.00875,0.05125,0.005,6.25e-08,-0.0171672,0.123418,-0.017331175000000004,0.1250535,0.0001639750000000037,-0.001635500000000012,0.001643699501315566
0.01125,0.05125,0.005,6.25e-08,-0.0265799,0.143868,-0.02677725,0.14594725,0.00019734999999999892,-0.0020792500000000047,0.002088594643534264
0.01375,0.05125,0.005,6.25e-08,-0.0370851,0.159224,-0.037363375000000004,0.16162875,0.00027827500000000144,-0.0024047499999999833,0.002420797293894084
0.01625,0.05125,0.005,6.25e-08,-0.0483425,0.170205,-0.048735375000000004,0.17283300000000001,0.0003928750000000078,-0.002628000000000019,0.0026572043138654404
0.01875,0.05125,0.005,6.25e-08,-0.0600746,0.177451,-0.060610075,0.180214,0.0005354750000000005,-0.0027630000000000154,0.0028144097917014656
0.02125,0.05125,0.005,6.25e-08,-0.0720704,0.181497,-0.07276960000000002,0.18432075,0.0006992000000000109,-0.0028237500000000137,0.002909028137110415
0.02375,0.05125,0.005,6.25e-08,-0.0841754,0.182765,-0.085052875,0.18558724999999998,0.0008774750000000026,-0.0028222499999999706,0.0029555130583580305
0.02625,0.05125,0.005,6.25e-08,-0.0962807,0.181568,-0.09734595000000001,0.184334,0.0010652500000000176,-0.0027659999999999907,0.0029640367005993678
0.02875,0.05125,0.005,6.25e-08,-0.108312,0.178117,-0.1095715,0.18077824999999997,0.0012594999999999967,-0.002661249999999976,0.0029442472403824827
0.03125,0.05125,0.005,6.25e-08,-0.120222,0.172536,-0.12167874999999999,0.17504799999999998,0.0014567499999999928,-0.0025119999999999865,0.0029038361803827555
0.03375,0.05125,0.005,6.25e-08,-0.131979,0.164879,-0.133635,0.16719925000000002,0.0016559999999999908,-0.0023202500000000237,0.0028505957381747557
0.03625,0.05125,0.005,6.25e-08,-0.143557,0.155149,-0.14541575,0.1572345,0.00185875000000002,-0.00208549999999999,0.002793610891391289
0.03875,0.05125,0.005,6.25e-08,-0.154933,0.143309,-0.156997,0.145118,0.0020640000000000103,-0.001809000000000005,0.00274455406213834
0.04125,0.05125,0.005,6.25e-08,-0.166076,0.129301,-0.16834949999999999,0.1307915,0.002273499999999984,-0.0014905000000000057,0.002718527634584564
0.04375,0.05125,0.005,6.25e-08,-0.176943,0.11306,-0.17942925,0.1141895,0.002486250000000023,-0.0011295000000000055,0.0027307891373191243
0.04625,0.05125,0.005,6.25e-08,-0.187468,0.094527,-0.19017075000000003,0.0952513,0.0027027500000000315,-0.0007242999999999972,0.0027981186630484716
0.04875,0.05125,0.005,6.25e-08,-0.197559,0.0736611,-0.20048100000000002,0.07393645,0.002922000000000008,-0.00027535000000000753,0.002934944909619267
0.05125,0.05125,0.005,6.25e-08,-0.207088,0.0504564,-0.21022924999999998,0.0502395,0.0031412499999999843,0.00021689999999999904,0.0031487294536844384
0.05375,0.05125,0.005,6.25e-08,-0.215886,0.0249585,-0.21923974999999998,0.024208125,0.0033537499999999887,0.000750375000000001,0.0034366701475592515
0.05625,0.05125,0.005,6.25e-08,-0.223729,-0.00271517,-0.22728125,-0.004035571,0.003552249999999979,0.0013204010000000001,0.0037897148788927186
0.05875,0.05125,0.005,6.25e-08,-0.230336,-0.0323507,-0.23405875,-0.03426847499999996,0.003722749999999997,0.001917774999999955,0.004187687728702417
0.06125,0.05125,0.005,6.25e-08,-0.235364,-0.0636079,-0.2392075,-0.066134775,0.0038434999999999997,0.0025268750000000118,0.004599737983366559
0.06375,0.05125,0.005,6.25e-08,-0.238398,-0.0959863,-0.24228950000000005,-0.0991083500000001,0.0038915000000000477,0.0031220500000000984,0.004989084931377796
0.06625,0.05125,0.005,6.25e-08,-0.238964,-0.128787,-0.24279775,-0.13245200000000007,0.003833749999999997,0.003665000000000057,0.005303759427283669
0.06875,0.05125,0.005,6.25e-08,-0.23654,-0.161076,-0.24017874999999997,-0.1651767500000001,0.0036387499999999684,0.004100750000000097,0.005482394743631706
0.07125,0.05125,0.005,6.25e-08,-0.23059,-0.191652,-0.23387125,-0.19601349999999992,0.0032812500000000133,0.004361499999999935,0.005457956010495093
0.07375,0.05125,0.005,6.25e-08,-0.22062,-0.219035,-0.22337300000000004,-0.2234074999999999,0.002753000000000033,0.00437249999999989,0.005166988024952179
0.07625,0.05125,0.005,6.25e-08,-0.206262,-0.241494,-0.20833650000000004,-0.24556299999999995,0.0020745000000000346,0.0040689999999999615,0.004567308972469437
0.07875,0.05125,0.005,6.25e-08,-0.187378,-0.257125,-0.18868874999999993,-0.26055000000000006,0.001310749999999944,0.003425000000000067,0.003667245637055188
0.08125,0.05125,0.005,6.25e-08,-0.164194,-0.264014,-0.16476224999999992,-0.26649675,0.0005682499999999091,0.002482749999999978,0.0025469502596242016
0.08375,0.05125,0.005,6.25e-08,-0.137414,-0.260484,-0.1373932499999999,-0.26185425,-2.075000000009708e-05,0.0013702500000000173,0.0013704071019226556
0.08625,0.05125,0.005,6.25e-08,-0.108309,-0.245411,-0.10796375000000008,-0.24570350000000007,-0.000345249999999922,0.00029250000000008436,0.0004524973066218135
0.08875,0.05125,0.005,6.25e-08,-0.0787015,-0.218555,-0.07834367500000007,-0.2180295000000001,-0.0003578249999999228,-0.000525499999999901,0.0006357585867488072
0.09125,0.05125,0.005,6.25e-08,-0.0508025,-0.180803,-0.050720600000000074,-0.17987975000000012,-8.189999999992648e-05,-0.0009232499999998756,0.0009268754892107991
0.09375,0.05125,0.005,6.25e-08,-0.0269186,-0.134199,-0.027350275,-0.1333355,0.0004316749999999994,-0.000863500000000017,0.0009653888105965538
0.09625,0.05125,0.005,6.25e-08,-0.0095245,-0.0816979,-0.010288189999999961,-0.08127319999999985,0.000763689999999961,-0.00042470000000015273,0.0008738378030848003
0.09875,0.05125,0.005,6.25e-08,-0.0013936,-0.0268175,-0.001181948499999987,-0.02696874999999985,-0.00021165150000001295,0.00015124999999984942,0.0002601401928810885
0.00125,0.05375,0.005,6.25e-08,-0.000519715,0.0257174,-0.00041525550000000007,0.0251406,-0.00010445949999999995,0.0005768000000000023,0.0005861825885679757
0.00375,0.05375,0.005,6.25e-08,-0.00327709,0.0687356,-0.0035095574999999997,0.06906699999999999,0.00023246749999999983,-0.0003313999999999956,0.0004048050130078023
0.00625,0.05375,0.005,6.25e-08,-0.00894843,0.103903,-0.009142980000000002,0.10499675,0.00019455000000000167,-0.0010937500000000044,0.0011109179830212535
0.00875,0.05375,0.005,6.25e-08,-0.0166356,0.131946,-0.0167739,0.133653,0.00013830000000000092,-0.0017069999999999863,0.0017125933230046045
0.01125,0.05375,0.005,6.25e-08,-0.0257483,0.153676,-0.025907975,0.1558585,0.00015967500000000148,-0.002182500000000004,0.0021883332368780165
0.01375,0.05375,0.005,6.25e-08,-0.0358848,0.169926,-0.036114175,0.17245875000000002,0.00022937499999999694,-0.002532750000000028,0.002543115304724727
0.01625,0.05375,0.005,6.25e-08,-0.0466997,0.181489,-0.04703335,0.184262,0.0003336500000000048,-0.0027729999999999977,0.002793000415771539
0.01875,0.05375,0.005,6.25e-08,-0.0579141,0.189074,-0.0583799,0.19199225,0.0004657999999999954,-0.002918250000000011,0.0029551908064455092
0.02125,0.05375,0.005,6.25e-08,-0.0693197,0.193278,-0.06993742500000001,0.19626174999999998,0.0006177250000000134,-0.0029837499999999795,0.0030470228483102805
0.02375,0.05375,0.005,6.25e-08,-0.0807693,0.194577,-0.081550925,0.19755925,0.0007816249999999941,-0.002982249999999992,0.003082977895335116
0.02625,0.05375,0.005,6.25e-08,-0.0921653,0.193325,-0.09311692499999999,0.19624899999999998,0.0009516249999999837,-0.002923999999999982,0.0030749579087566165
0.02875,0.05375,0.005,6.25e-08,-0.103449,0.189766,-0.10457274999999999,0.19258200000000003,0.0011237499999999928,-0.0028160000000000407,0.0030319416324362533
0.03125,0.05375,0.005,6.25e-08,-0.11459,0.184047,-0.11588625,0.18670974999999998,0.0012962499999999988,-0.0026627499999999915,0.0029615032711445637
0.03375,0.05375,0.005,6.25e-08,-0.125579,0.176235,-0.12704600000000002,0.17870350000000002,0.0014670000000000238,-0.0024685000000000124,0.0028715120146013897
0.03625,0.05375,0.005,6.25e-08,-0.136415,0.166337,-0.13805299999999998,0.16857125,0.0016379999999999728,-0.002234249999999993,0.002770364066778928
0.03875,0.05375,0.005,6.25e-08,-0.1471,0.154316,-0.14891125,0.15627625,0.0018112499999999865,-0.0019602499999999967,0.002668933611950649
0.04125,0.05375,0.005,6.25e-08,-0.157636,0.140104,-0.15962199999999999,0.14175149999999997,0.0019859999999999878,-0.0016474999999999684,0.0025803976922171993
0.04375,0.05375,0.005,6.25e-08,-0.168009,0.123622,-0.17017549999999998,0.1249155,0.002166499999999988,-0.001293500000000003,0.0025232646512008913
0.04625,0.05375,0.005,6.25e-08,-0.17819,0.104785,-0.180544,0.10568374999999999,0.0023540000000000227,-0.0008987499999999898,0.0025197356136110963
0.04875,0.05375,0.005,6.25e-08,-0.188122,0.0835227,-0.19067225,0.08398455,0.002550249999999976,-0.00046184999999999976,0.00259173310450746
0.05125,0.05375,0.005,6.25e-08,-0.197718,0.0597901,-0.20047225000000002,0.059771624999999995,0.0027542500000000136,1.8475000000003905e-05,0.0027543119627458823
0.05375,0.05375,0.005,6.25e-08,-0.206844,0.0335845,-0.20980925,0.033041975,0.0029652500000000026,0.000542525000000002,0.0030144719169574326
0.05625,0.05375,0.005,6.25e-08,-0.215317,0.00496567,-0.218493,0.0038566272500000004,0.0031759999999999844,0.0011090427499999998,0.003364067749217822
0.05875,0.05375,0.005,6.25e-08,-0.222885,-0.0259189,-0.22626425000000003,-0.027633124999999953,0.003379250000000028,0.0017142249999999512,0.003789181694393266
0.06125,0.05375,0.005,6.25e-08,-0.229227,-0.0588024,-0.23278275,-0.061151750000000005,0.003555750000000024,0.002349350000000007,0.004261784073014517
0.06375,0.05375,0.005,6.25e-08,-0.233933,-0.0932604,-0.23761675000000002,-0.0962570750000001,0.0036837500000000134,0.0029966750000001013,0.004748691937589309
0.06625,0.05375,0.005,6.25e-08,-0.23651,-0.128664,-0.24023825000000001,-0.13228950000000012,0.0037282500000000163,0.0036255000000001147,0.005200394053579109
0.06875,0.05375,0.005,6.25e-08,-0.236383,-0.164128,-0.24003199999999997,-0.1683140000000001,0.003648999999999958,0.004186000000000106,0.0055531789994561305
0.07125,0.05375,0.005,6.25e-08,-0.232916,-0.198461,-0.23632375,-0.20306774999999994,0.003407749999999987,0.004606749999999937,0.005730175008234856
0.07375,0.05375,0.005,6.25e-08,-0.225466,-0.230123,-0.22843875000000005,-0.23492199999999994,0.0029727500000000517,0.004798999999999942,0.00564514336066851
0.07625,0.05375,0.005,6.25e-08,-0.213459,-0.257222,-0.21580150000000006,-0.26189024999999994,0.002342500000000053,0.004668249999999929,0.005223012953506777
0.07875,0.05375,0.005,6.25e-08,-0.196514,-0.277566,-0.19807424999999992,-0.28171075000000007,0.0015602499999999297,0.004144750000000086,0.0044286942347604545
0.08125,0.05375,0.005,6.25e-08,-0.174596,-0.288806,-0.17532574999999992,-0.29203125,0.000729749999999918,0.003225250000000013,0.003306776772780401
0.08375,0.05375,0.005,6.25e-08,-0.148188,-0.288701,-0.14819274999999993,-0.29071549999999996,4.7499999999423e-06,0.0020144999999999746,0.002014505600017011
0.08625,0.05375,0.005,6.25e-08,-0.118442,-0.275501,-0.11798625000000008,-0.27623375000000006,-0.0004557499999999215,0.0007327500000000597,0.0008629198253603958
0.08875,0.05375,0.005,6.25e-08,-0.087237,-0.248394,-0.08668232500000009,-0.2480595000000001,-0.0005546749999999073,-0.0003344999999999043,0.0006477303494702353
0.09125,0.05375,0.005,6.25e-08,-0.0570404,-0.207901,-0.056763375000000074,-0.20695750000000013,-0.00027702499999992386,-0.000943499999999875,0.0009833285822270813
0.09375,0.05375,0.005,6.25e-08,-0.0305972,-0.156024,-0.03092795,-0.15502625,0.0003307499999999977,-0.0009977499999999917,0.001051142533151419
0.09625,0.05375,0.005,6.25e-08,-0.0109766,-0.0960219,-0.011744674999999956,-0.09545084999999984,0.0007680749999999566,-0.0005710500000001562,0.0009570983795436662
0.09875,0.05375,0.005,6.25e-08,-0.00164703,-0.0319583,-0.0013619192499999852,-0.03199682499999982,-0.0002851107500000149,3.852499999981718e-05,0.00028770178204272026
0.00125,0.05625,0.005,6.25e-08,-0.000496565,0.0273634,-0.00039906,0.02673785,-9.750500000000001e-05,0.000625549999999999,0.0006331034887954723
0.00375,0.05625,0.005,6.25e-08,-0.00315776,0.0731198,-0.0033822575,0.07343992499999999,0.0002244974999999999,-0.00032012499999999056,0.000390997625480314
0.00625,0.05625,0.005,6.25e-08,-0.00864445,0.110474,-0.008820660000000001,0.11159400000000001,0.0001762100000000013,-0.0011200000000000099,0.00113377685816038
0.00875,0.05625,0.005,6.25e-08,-0.0160693,0.140182,-0.016178,0.141953,0.00010869999999999977,-0.0017709999999999948,0.0017743327450058463
0.01125,0.05625,0.005,6.25e-08,-0.0248345,0.163114,-0.024953125,0.1653925,0.00011862500000000067,-0.002278499999999989,0.0022815858828071646
0.01375,0.05625,0.005,6.25e-08,-0.0345263,0.180173,-0.0347048,0.18282700000000002,0.0001784999999999981,-0.0026540000000000175,0.002659995911651011
0.01625,0.05625,0.005,6.25e-08,-0.0447917,0.192229,-0.0450657,0.19513875,0.0002740000000000034,-0.0029097499999999887,0.002922622292137651
0.01875,0.05625,0.005,6.25e-08,-0.0553501,0.200065,-0.055746925,0.20312775,0.0003968250000000034,-0.003062750000000003,0.003088350310946772
0.02125,0.05625,0.005,6.25e-08,-0.0659977,0.204346,-0.0665345,0.20747425,0.0005367999999999901,-0.003128249999999999,0.003173972637326917
0.02375,0.05625,0.005,6.25e-08,-0.0765969,0.205604,-0.077281675,0.2087265,0.0006847749999999986,-0.0031225000000000003,0.00319670503028118
0.02625,0.05625,0.005,6.25e-08,-0.0870642,0.204241,-0.087898175,0.20729674999999997,0.0008339750000000007,-0.003055749999999968,0.003167510436150891
0.02875,0.05625,0.005,6.25e-08,-0.0973588,0.200535,-0.09833882499999999,0.203474,0.0009800249999999955,-0.002938999999999997,0.0030980913480117035
0.03125,0.05625,0.005,6.25e-08,-0.107472,0.194658,-0.10859250000000001,0.19743625,0.0011205000000000104,-0.00277825000000001,0.002995695797723807
0.03375,0.05625,0.005,6.25e-08,-0.117415,0.186696,-0.118672,0.18927325,0.0012569999999999942,-0.002577250000000003,0.0028674494873493417
0.03625,0.05625,0.005,6.25e-08,-0.127217,0.176663,-0.12860575,0.1790025,0.0013887499999999942,-0.002339500000000022,0.0027206408826782134
0.03875,0.05625,0.005,6.25e-08,-0.136908,0.164522,-0.13842749999999998,0.16658799999999999,0.0015194999999999792,-0.0020659999999999845,0.002564612300134247
0.04125,0.05625,0.005,6.25e-08,-0.14652,0.150201,-0.1481715,0.15195799999999998,0.0016515000000000002,-0.0017569999999999808,0.002411327694445517
0.04375,0.05625,0.005,6.25e-08,-0.156075,0.133606,-0.15786475,0.1350175,0.0017897500000000066,-0.00141150000000001,0.002279372131201935
0.04625,0.05625,0.005,6.25e-08,-0.165582,0.114632,-0.16751775,0.11566225,0.001935749999999986,-0.0010302499999999964,0.002192839055881653
0.04875,0.05625,0.005,6.25e-08,-0.175025,0.0931819,-0.17712075,0.09379145,0.0020957500000000073,-0.0006095500000000004,0.00218259461765121
0.05125,0.05625,0.005,6.25e-08,-0.18436,0.0691716,-0.1866305,0.06932055,0.0022705000000000086,-0.00014894999999999492,0.002275380485215613
0.05375,0.05625,0.005,6.25e-08,-0.193501,0.0425511,-0.19596275,0.042197174999999996,0.002461749999999985,0.00035392500000000493,0.0024870617137748973
0.05625,0.05625,0.005,6.25e-08,-0.202309,0.0133206,-0.20497800000000002,0.01241977,0.0026690000000000325,0.00090083,0.0028169230889217
0.05875,0.05625,0.005,6.25e-08,-0.21058,-0.0184443,-0.21346725,-0.019937424999999953,0.002887250000000008,0.0014931249999999528,0.003250482245471417
0.06125,0.05625,0.005,6.25e-08,-0.218031,-0.0525621,-0.221134,-0.05469065,0.0031029999999999947,0.00212855,0.0037628890632730545
0.06375,0.05625,0.005,6.25e-08,-0.224282,-0.0887029,-0.22757850000000002,-0.09150207500000011,0.0032965000000000078,0.002799175000000112,0.004324614772511614
0.06625,0.05625,0.005,6.25e-08,-0.228844,-0.126337,-0.23228175,-0.1298217500000001,0.003437750000000017,0.003484750000000092,0.00489505951189572
0.06875,0.05625,0.005,6.25e-08,-0.231116,-0.164669,-0.234598,-0.1688152500000001,0.003482000000000013,0.004146250000000101,0.00541439867967819
0.07125,0.05625,0.005,6.25e-08,-0.230392,-0.202567,-0.23377,-0.20728599999999991,0.003377999999999992,0.004718999999999918,0.00580343389727144
0.07375,0.05625,0.005,6.25e-08,-0.225896,-0.238493,-0.22897075000000003,-0.2435992499999999,0.003074750000000015,0.005106249999999896,0.00596052653924123
0.07625,0.05625,0.005,6.25e-08,-0.216852,-0.270454,-0.21939175000000005,-0.2756419999999999,0.002539750000000063,0.005187999999999859,0.0057763028021822795
0.07875,0.05625,0.005,6.25e-08,-0.202608,-0.296009,-0.20439499999999994,-0.30085700000000004,0.0017869999999999275,0.004848000000000019,0.005166862974765242
0.08125,0.05625,0.005,6.25e-08,-0.182812,-0.312376,-0.18371399999999993,-0.31639925,0.0009019999999999306,0.004023250000000034,0.0041231231563585565
0.08375,0.05625,0.005,6.25e-08,-0.157636,-0.316691,-0.15768274999999993,-0.31945775,4.674999999992879e-05,0.0027667499999999845,0.0027671449410899868
0.08625,0.05625,0.005,6.25e-08,-0.128004,-0.306438,-0.12742950000000008,-0.30772850000000007,-0.0005744999999999223,0.0012905000000000832,0.0014126006158855112
0.08875,0.05625,0.005,6.25e-08,-0.0957437,-0.280027,-0.09495057500000009,-0.27996375000000007,-0.0007931249999999085,-6.324999999995917e-05,0.0007956430280753107
0.09125,0.05625,0.005,6.25e-08,-0.0635259,-0.237383,-0.06299020000000008,-0.23643650000000016,-0.0005356999999999168,-0.0009464999999998502,0.001087582980741988
0.09375,0.05625,0.005,6.25e-08,-0.0345522,-0.180288,-0.034724624999999995,-0.17912024999999998,0.00017242499999999689,-0.001167750000000023,0.0011804111330909466
0.09625,0.05625,0.005,6.25e-08,-0.0125855,-0.112237,-0.013325849999999953,-0.1114627499999998,0.0007403499999999539,-0.0007742500000001984,0.0010712521575241933
0.09875,0.05625,0.005,6.25e-08,-0.00193905,-0.0378861,-0.001561001499999983,-0.03775602499999979,-0.00037804850000001705,-0.0001300750000002085,0.000399800167555389
0.00125,0.05875,0.005,6.25e-08,-0.000476855,0.028947,-0.00038500725,0.02827665,-9.184774999999997e-05,0.0006703500000000001,0.0006766129851547801
0.00375,0.05875,0.005,6.25e-08,-0.00305632,0.0773584,-0.00327125,0.07766382499999999,0.0002149299999999999,-0.00030542499999999806,0.00037346932340554933
0.00625,0.05875,0.005,6.25e-08,-0.00837784,0.11682,-0.0085315825,0.11796075,0.00015374250000000159,-0.0011407500000000098,0.0011510635598464027
0.00875,0.05875,0.005,6.25e-08,-0.0155464,0.148104,-0.015620500000000004,0.149932,7.410000000000402e-05,-0.0018279999999999963,0.0018295012462417146
0.01125,0.05875,0.005,6.25e-08,-0.0239428,0.172131,-0.024017049999999998,0.17450124999999997,7.424999999999793e-05,-0.0023702499999999627,0.002371412685510437
0.01375,0.05875,0.005,6.25e-08,-0.0331332,0.189882,-0.033260825,0.19265149999999998,0.00012762499999999927,-0.0027694999999999803,0.0027724390688750747
0.01625,0.05875,0.005,6.25e-08,-0.042754,0.202308,-0.042971850000000006,0.20534724999999998,0.00021785000000000554,-0.0030392499999999933,0.003047047617776913
0.01875,0.05875,0.005,6.25e-08,-0.0525236,0.210274,-0.05285727500000001,0.21346974999999996,0.00033367500000001243,-0.0031957499999999694,0.00321312263508955
0.02125,0.05875,0.005,6.25e-08,-0.0622455,0.214518,-0.06270805000000002,0.21777525,0.00046255000000001295,-0.003257250000000017,0.003289928580531821
0.02375,0.05875,0.005,6.25e-08,-0.0717956,0.215637,-0.07238925000000002,0.21887625,0.000593650000000015,-0.003239249999999999,0.0032931991869609117
0.02625,0.05875,0.005,6.25e-08,-0.0811089,0.21408,-0.08182825000000002,0.21723925,0.0007193500000000214,-0.0031592500000000023,0.0032401118784696377
0.02875,0.05875,0.005,6.25e-08,-0.0901664,0.210167,-0.09100160000000002,0.21319349999999998,0.000835200000000022,-0.0030264999999999875,0.0031396275718626188
0.03125,0.05875,0.005,6.25e-08,-0.0989832,0.204097,-0.09992290000000002,0.20694825,0.0009397000000000294,-0.0028512499999999996,0.0030021097002774656
0.03375,0.05875,0.005,6.25e-08,-0.107599,0.195974,-0.10863275000000003,0.19861349999999997,0.0010337500000000277,-0.0026394999999999613,0.0028347132681278107
0.03625,0.05875,0.005,6.25e-08,-0.116068,0.185823,-0.11718825000000001,0.18821775,0.0011202500000000032,-0.002394750000000001,0.0026438206491742233
0.03875,0.05875,0.005,6.25e-08,-0.124454,0.173612,-0.12565525000000002,0.17573075,0.0012012500000000287,-0.0021187500000000026,0.002435590919058469
0.04125,0.05875,0.005,6.25e-08,-0.132819,0.159265,-0.13410300000000003,0.16107724999999998,0.0012840000000000351,-0.0018122499999999875,0.002221014647070128
0.04375,0.05875,0.005,6.25e-08,-0.141224,0.142677,-0.142595,0.14415324999999998,0.001371000000000011,-0.0014762499999999845,0.0020146848543878978
0.04625,0.05875,0.005,6.25e-08,-0.149716,0.123729,-0.15118375,0.12483699999999999,0.0014677500000000177,-0.001107999999999984,0.001839008989238502
0.04875,0.05875,0.005,6.25e-08,-0.158322,0.102296,-0.15990300000000002,0.10300329999999999,0.0015810000000000268,-0.000707299999999994,0.001732002970551747
0.05125,0.05875,0.005,6.25e-08,-0.167044,0.0782616,-0.16876000000000002,0.07853379999999999,0.001716000000000023,-0.00027219999999998634,0.0017374547015678054
0.05375,0.05875,0.005,6.25e-08,-0.175849,0.0515302,-0.17772425000000003,0.05132979999999999,0.0018752500000000227,0.0002004000000000103,0.001885927549642374
0.05625,0.05875,0.005,6.25e-08,-0.184653,0.0220439,-0.18671425000000003,0.02132937499999999,0.0020612500000000145,0.000714525000000011,0.002181581430551029
0.05875,0.05875,0.005,6.25e-08,-0.193307,-0.0101958,-0.195583,-0.011470769999999965,0.0022760000000000002,0.0012749699999999656,0.002608778354115181
0.06125,0.05875,0.005,6.25e-08,-0.201584,-0.0450984,-0.20409500000000003,-0.04698442500000001,0.0025110000000000132,0.0018860250000000134,0.003140415784673284
0.06375,0.05875,0.005,6.25e-08,-0.209152,-0.0824431,-0.21190575000000006,-0.08499200000000011,0.0027537500000000548,0.002548900000000104,0.003752336641680865
0.06625,0.05875,0.005,6.25e-08,-0.21556,-0.121823,-0.21853525000000004,-0.12507925000000014,0.0029752500000000404,0.003256250000000141,0.004410813601253306
0.06875,0.05875,0.005,6.25e-08,-0.220212,-0.162571,-0.22334900000000005,-0.1665565000000001,0.0031370000000000564,0.003985500000000114,0.005071979815614536
0.07125,0.05875,0.005,6.25e-08,-0.222368,-0.203672,-0.22554725,-0.20835524999999988,0.0031792499999999946,0.004683249999999889,0.005660429411714179
0.07375,0.05875,0.005,6.25e-08,-0.221152,-0.243657,-0.22418700000000003,-0.24891674999999988,0.0030350000000000377,0.005259749999999869,0.006072577299837264
0.07625,0.05875,0.005,6.25e-08,-0.215607,-0.280511,-0.21824975000000002,-0.2860922499999998,0.002642750000000027,0.0055812499999998155,0.006175312067013139
0.07875,0.05875,0.005,6.25e-08,-0.204807,-0.31162,-0.20678174999999996,-0.31710675000000005,0.0019747499999999696,0.00548675000000004,0.005831300294531257
0.08125,0.05875,0.005,6.25e-08,-0.188041,-0.33381,-0.18912074999999992,-0.338651,0.0010797499999999072,0.004840999999999984,0.004959953735923315
0.08375,0.05875,0.005,6.25e-08,-0.165078,-0.343567,-0.1651912499999999,-0.34718374999999996,0.00011324999999989815,0.0036167499999999464,0.0036185226439804947
0.08625,0.05875,0.005,6.25e-08,-0.136487,-0.337483,-0.1358020000000001,-0.33946425,-0.0006849999999999079,0.0019812500000000455,0.002096324536540097
0.08875,0.05875,0.005,6.25e-08,-0.103908,-0.312962,-0.10284197500000009,-0.31327625000000003,-0.001066024999999915,0.0003142500000000159,0.0011113785867672764
0.09125,0.05875,0.005,6.25e-08,-0.070111,-0.269038,-0.06924750000000007,-0.2681220000000001,-0.0008634999999999338,-0.0009159999999999169,0.0012588440133708915
0.09375,0.05875,0.005,6.25e-08,-0.0387413,-0.207008,-0.038685075,-0.20563224999999996,-5.6225000000000025e-05,-0.0013757500000000367,0.0013768984396552641
0.09625,0.05875,0.005,6.25e-08,-0.0143521,-0.130467,-0.015021424999999946,-0.12941674999999975,0.0006693249999999464,-0.0010502500000002524,0.0012453999430405713
0.09875,0.05875,0.005,6.25e-08,-0.00227378,-0.0446868,-0.0017792007499999802,-0.044315074999999746,-0.0004945792500000198,-0.0003717250000002531,0.0006186987232537095
0.00125,0.06125,0.005,6.25e-08,-0.000465682,0.030483,-0.00037644999999999996,0.029771300000000004,-8.923200000000002e-05,0.0007116999999999957,0.000717272082144561
0.00375,0.06125,0.005,6.25e-08,-0.00299969,0.0814837,-0.003202885,0.08177129999999999,0.00020319499999999976,-0.0002875999999999851,0.00035213913162980245
0.00625,0.06125,0.005,6.25e-08,-0.00821247,0.122972,-0.008337907500000002,0.12412850000000002,0.00012543750000000228,-0.0011565000000000186,0.0011632827757713485
0.00875,0.06125,0.005,6.25e-08,-0.0151692,0.155718,-0.015202225000000003,0.15760325000000003,3.30250000000025e-05,-0.0018852500000000327,0.001885539236697323
0.01125,0.06125,0.005,6.25e-08,-0.0232078,0.180701,-0.02323475,0.18316300000000002,2.694999999999781e-05,-0.0024620000000000197,0.002462147498120309
0.01375,0.06125,0.005,6.25e-08,-0.0318635,0.198984,-0.03194275,0.20187075,7.924999999999599e-05,-0.0028867499999999935,0.0028878376209544683
0.01625,0.06125,0.005,6.25e-08,-0.0407584,0.211615,-0.04092825,0.21478225,0.00016984999999999917,-0.0031672500000000103,0.0031718010002205477
0.01875,0.06125,0.005,6.25e-08,-0.0496122,0.219551,-0.049894875,0.2228715,0.0002826749999999961,-0.003320500000000004,0.003332510375921585
0.02125,0.06125,0.005,6.25e-08,-0.0582404,0.223611,-0.058642650000000004,0.22698000000000002,0.00040225000000000677,-0.003369000000000011,0.003392928832513302
0.02375,0.06125,0.005,6.25e-08,-0.0665391,0.224461,-0.0670549,0.22779225,0.0005157999999999968,-0.003331250000000008,0.003370945891363439
0.02625,0.06125,0.005,6.25e-08,-0.0744681,0.222605,-0.075083275,0.22583325,0.0006151750000000095,-0.003228250000000016,0.003286341178746527
0.02875,0.06125,0.005,6.25e-08,-0.0820355,0.218403,-0.08273217499999999,0.22147575,0.0006966749999999938,-0.003072749999999985,0.003150737789490725
0.03125,0.06125,0.005,6.25e-08,-0.0892854,0.212085,-0.09004525,0.21496300000000002,0.0007598499999999925,-0.0028780000000000194,0.002976618219137298
0.03375,0.06125,0.005,6.25e-08,-0.096287,0.203775,-0.097093925,0.20642525,0.000806925,-0.002650249999999993,0.002770370556103454
0.03625,0.06125,0.005,6.25e-08,-0.103126,0.193512,-0.10396775000000001,0.195907,0.0008417500000000161,-0.0023950000000000082,0.0025386153829400912
0.03875,0.06125,0.005,6.25e-08,-0.109897,0.181269,-0.11076625000000001,0.183382,0.0008692500000000158,-0.002112999999999976,0.00228481171270193
0.04125,0.06125,0.005,6.25e-08,-0.116697,0.166967,-0.11759275000000001,0.16877599999999998,0.0008957500000000146,-0.0018089999999999773,0.0020186255379589214
0.04375,0.06125,0.005,6.25e-08,-0.123621,0.150498,-0.124549,0.151978,0.0009280000000000121,-0.001480000000000009,0.0017468783586729929
0.04625,0.06125,0.005,6.25e-08,-0.130757,0.131727,-0.13172775,0.13285375,0.0009707499999999925,-0.001126749999999982,0.0014872528786322602
0.04875,0.06125,0.005,6.25e-08,-0.138175,0.110509,-0.139207,0.11125750000000001,0.0010320000000000051,-0.000748500000000013,0.0012748632279582111
0.05125,0.06125,0.005,6.25e-08,-0.145925,0.0866989,-0.14704374999999997,0.08704165000000001,0.001118749999999974,-0.00034275000000001665,0.0011700765466412671
0.05375,0.06125,0.005,6.25e-08,-0.154026,0.0601604,-0.15526325,0.0600671,0.0012372499999999953,9.330000000000449e-05,0.0012407628510315697
0.05625,0.06125,0.005,6.25e-08,-0.162453,0.0307815,-0.16384549999999998,0.030216825,0.001392499999999991,0.0005646750000000006,0.0015026357195358346
0.05875,0.06125,0.005,6.25e-08,-0.171123,-0.00150756,-0.17271124999999998,-0.0025861724999999523,0.0015882499999999855,0.0010786124999999523,0.0019198809826799423
0.06125,0.06125,0.005,6.25e-08,-0.179876,-0.0367084,-0.1816995,-0.038352300000000006,0.0018235000000000057,0.0016439000000000037,0.0024551088489107834
0.06375,0.06125,0.005,6.25e-08,-0.188448,-0.0747157,-0.19053975000000004,-0.07698585000000012,0.002091750000000031,0.0022701500000001235,0.0030869076897440083
0.06625,0.06125,0.005,6.25e-08,-0.19645,-0.115263,-0.19882325000000003,-0.11822575000000012,0.002373250000000021,0.002962750000000111,0.003796077333906774
0.06875,0.06125,0.005,6.25e-08,-0.20333,-0.157843,-0.20596425000000002,-0.16156025000000013,0.0026342500000000046,0.0037172500000001163,0.004556009287194319
0.07125,0.06125,0.005,6.25e-08,-0.208357,-0.201609,-0.2111745,-0.20610924999999988,0.0028175000000000006,0.004500249999999872,0.00530947796986661
0.07375,0.06125,0.005,6.25e-08,-0.210602,-0.245237,-0.21344875,-0.2504774999999999,0.0028467499999999812,0.005240499999999898,0.0059637929048969186
0.07625,0.06125,0.005,6.25e-08,-0.208971,-0.286787,-0.2116035,-0.2925939999999999,0.00263250000000001,0.005806999999999896,0.006375837611639653
0.07875,0.06125,0.005,6.25e-08,-0.202283,-0.323577,-0.20438799999999996,-0.32958325000000005,0.002104999999999968,0.006006250000000046,0.006364437450592191
0.08125,0.06125,0.005,6.25e-08,-0.189449,-0.352128,-0.19070899999999996,-0.35775825000000006,0.0012599999999999556,0.005630250000000059,0.005769516016313721
0.08375,0.06125,0.005,6.25e-08,-0.169764,-0.368301,-0.16998024999999992,-0.3728425,0.0002162499999999179,0.004541500000000032,0.004546645611052202
0.08625,0.06125,0.005,6.25e-08,-0.143303,-0.367709,-0.14253525000000009,-0.3705265000000001,-0.0007677499999999282,0.002817500000000084,0.0029202305238628617
0.08875,0.06125,0.005,6.25e-08,-0.111345,-0.346514,-0.10998725000000009,-0.3473440000000001,-0.0013577499999999076,0.0008300000000001084,0.001591346933418332
0.09125,0.06125,0.005,6.25e-08,-0.0766044,-0.302504,-0.0753426750000001,-0.30167875000000016,-0.001261724999999908,-0.0008252499999998331,0.001507643040684529
0.09375,0.06125,0.005,6.25e-08,-0.0431059,-0.236116,-0.04273665,-0.23449675,-0.0003692500000000015,-0.0016192499999999888,0.0016608179084414898
0.09625,0.06125,0.005,6.25e-08,-0.016275,-0.15081,-0.016816549999999944,-0.14939299999999972,0.0005415499999999428,-0.0014170000000002791,0.0015169592619779639
0.09875,0.06125,0.005,6.25e-08,-0.00265596,-0.0524473,-0.0020162124999999784,-0.05174037499999972,-0.0006397475000000218,-0.0007069250000002816,0.0009534253087587282
0.00125,0.06375,0.005,6.25e-08,-0.000470121,0.0320023,-0.00037788750000000004,0.031251175000000006,-9.223349999999995e-05,0.0007511249999999914,0.0007567666642679479
0.00375,0.06375,0.005,6.25e-08,-0.00302429,0.0855644,-0.0032122324999999995,0.08583055,0.0001879424999999997,-0.00026615000000000666,0.0003258192839692786
0.00625,0.06375,0.005,6.25e-08,-0.00823294,0.129002,-0.008321327500000001,0.13017325000000002,8.8387500000002e-05,-0.0011712500000000126,0.0011745803134125311
0.00875,0.06375,0.005,6.25e-08,-0.0150705,0.163074,-0.015053525,0.16502050000000001,-1.697500000000067e-05,-0.0019465000000000177,0.0019465740162205672
0.01125,0.06375,0.005,6.25e-08,-0.0228004,0.188827,-0.022777500000000003,0.191391,-2.289999999999584e-05,-0.0025640000000000107,0.002564102262001275
0.01375,0.06375,0.005,6.25e-08,-0.030913,0.207433,-0.030950525,0.21044400000000002,3.752500000000006e-05,-0.0030110000000000137,0.0030112338211479165
0.01625,0.06375,0.005,6.25e-08,-0.0390139,0.220052,-0.0391504,0.22334825000000003,0.00013650000000000467,-0.0032962500000000283,0.0032990750692429216
0.01875,0.06375,0.005,6.25e-08,-0.0468279,0.22775,-0.047079949999999995,0.23118775000000003,0.0002520499999999967,-0.003437750000000017,0.003446977555047337
0.02125,0.06375,0.005,6.25e-08,-0.0541916,0.231439,-0.054555875,0.234901,0.00036427499999999724,-0.003461999999999993,0.0034811119309245066
0.02375,0.06375,0.005,6.25e-08,-0.0610305,0.231858,-0.06148964999999998,0.23525225000000002,0.00045914999999997763,-0.0033942500000000153,0.0034251644902106647
0.02625,0.06375,0.005,6.25e-08,-0.067338,0.229571,-0.06786684999999998,0.23282925000000002,0.0005288499999999835,-0.003258250000000018,0.003300890089809126
0.02875,0.06375,0.005,6.25e-08,-0.0731573,0.224979,-0.07372834999999997,0.22805175000000003,0.0005710499999999757,-0.003072750000000013,0.0031253624853767046
0.03125,0.06375,0.005,6.25e-08,-0.0785671,0.218344,-0.07915442499999997,0.22119550000000002,0.0005873249999999719,-0.002851500000000007,0.0029113575708979832
0.03375,0.06375,0.005,6.25e-08,-0.0836701,0.20981,-0.08425232499999998,0.21241375,0.0005822249999999779,-0.0026037500000000158,0.002668051726096227
0.03625,0.06375,0.005,6.25e-08,-0.0885851,0.199429,-0.08914649999999996,0.2017635,0.0005613999999999619,-0.002334500000000017,0.00240105397898507
0.03875,0.06375,0.005,6.25e-08,-0.0934396,0.18718,-0.09397134999999995,0.1892275,0.0005317499999999559,-0.00204749999999998,0.0021154229630265128
0.04125,0.06375,0.005,6.25e-08,-0.0983647,0.172988,-0.09886527499999995,0.17473075000000002,0.0005005749999999476,-0.0017427500000000151,0.0018132161738537962
0.04375,0.06375,0.005,6.25e-08,-0.10349,0.156736,-0.10396549999999993,0.15815875000000001,0.0004754999999999343,-0.0014227500000000282,0.001500105933759352
0.04625,0.06375,0.005,6.25e-08,-0.108941,0.138283,-0.10940399999999993,0.13936825,0.0004629999999999357,-0.0010852500000000098,0.0011798883686603414
0.04875,0.06375,0.005,6.25e-08,-0.11483,0.117466,-0.11530174999999994,0.11819725000000002,0.0004717499999999375,-0.0007312500000000166,0.0008702152750900005
0.05125,0.06375,0.005,6.25e-08,-0.121253,0.0941165,-0.12176149999999991,0.09447405000000003,0.0005084999999999118,-0.0003575500000000259,0.0006216222747778017
0.05375,0.06375,0.005,6.25e-08,-0.128281,0.068064,-0.12886224999999993,0.06802610000000002,0.0005812499999999221,3.789999999997962e-05,0.0005824843109474348
0.05625,0.06375,0.005,6.25e-08,-0.135948,0.0391491,-0.13664599999999993,0.03868892500000002,0.0006979999999999209,0.00046017499999997935,0.0008360412852394735
0.05875,0.06375,0.005,6.25e-08,-0.144239,0.00723747,-0.1451039999999999,0.006319892500000071,0.0008649999999998936,0.0009175774999999288,0.0012610208041527052
0.06125,0.06375,0.005,6.25e-08,-0.153069,-0.0277595,-0.1541552499999999,-0.029181074999999976,0.0010862499999998998,0.001421574999999977,0.0017890820392382001
0.06375,0.06375,0.005,6.25e-08,-0.162259,-0.0658514,-0.16361874999999992,-0.06783882500000009,0.0013597499999999374,0.0019874250000000843,0.002408065238552553
0.06625,0.06375,0.005,6.25e-08,-0.171503,-0.106919,-0.17318024999999998,-0.1095507500000001,0.0016772499999999912,0.0026317500000000993,0.0031207812523469975
0.06875,0.06375,0.005,6.25e-08,-0.18033,-0.150638,-0.18234299999999995,-0.15400425000000012,0.0020129999999999593,0.003366250000000126,0.003922219787633106
0.07125,0.06375,0.005,6.25e-08,-0.188063,-0.19637,-0.1903819999999999,-0.20055549999999986,0.0023189999999999045,0.00418549999999987,0.0047849943834866165
0.07375,0.06375,0.005,6.25e-08,-0.193783,-0.243011,-0.19629949999999996,-0.24805599999999986,0.0025164999999999493,0.005044999999999855,0.005637800745858112
0.07625,0.06375,0.005,6.25e-08,-0.196314,-0.288803,-0.19881749999999995,-0.2946364999999999,0.002503499999999964,0.005833499999999936,0.006348010278819582
0.07875,0.06375,0.005,6.25e-08,-0.194274,-0.331126,-0.19644024999999998,-0.33747875000000005,0.0021662499999999807,0.006352750000000074,0.006711935013466746
0.08125,0.06375,0.005,6.25e-08,-0.186213,-0.366336,-0.18764824999999993,-0.37266575000000013,0.0014352499999999435,0.006329750000000134,0.0064904296949432816
0.08375,0.06375,0.005,6.25e-08,-0.170899,-0.389759,-0.17126774999999994,-0.39526325000000007,0.0003687499999999455,0.005504250000000044,0.005516588132623319
0.08625,0.06375,0.005,6.25e-08,-0.147789,-0.396008,-0.1469952500000001,-0.39980950000000015,-0.0007937499999998987,0.0038015000000001242,0.003883483141781458
0.08875,0.06375,0.005,6.25e-08,-0.117599,-0.37979,-0.11595600000000011,-0.3813135000000002,-0.0016429999999998807,0.0015235000000001775,0.0022406475068604942
0.09125,0.06375,0.005,6.25e-08,-0.0827691,-0.337242,-0.08104395000000011,-0.33660725000000025,-0.0017251499999998837,-0.0006347499999997397,0.0018382192701087833
0.09375,0.06375,0.005,6.25e-08,-0.0475711,-0.267442,-0.04679010000000001,-0.2655525000000001,-0.00078099999999999,-0.001889499999999933,0.0020445467101535566
0.09625,0.06375,0.005,6.25e-08,-0.0183523,-0.173328,-0.01869244999999994,-0.17143624999999976,0.0003401499999999419,-0.0018917500000002474,0.0019220874290731148
0.09875,0.06375,0.005,6.25e-08,-0.00309152,-0.061256,-0.002271592499999976,-0.06009462499999969,-0.0008199275000000238,-0.0011613750000003045,0.001421644468874689
0.00125,0.06625,0.005,6.25e-08,-0.0005003,0.0335579,-0.0003954570000000001,0.03276567500000001,-0.00010484299999999986,0.0007922249999999936,0.0007991323452807989
0.00375,0.06625,0.005,6.25e-08,-0.00318006,0.0897167,-0.0033464975,0.08995715000000001,0.00016643749999999992,-0.00024045000000001704,0.00029243399923103704
0.00625,0.06625,0.005,6.25e-08,-0.00855163,0.135037,-0.008589642500000001,0.13622725000000002,3.8012500000001934e-05,-0.0011902500000000316,0.001190856839698343
0.00875,0.06625,0.005,6.25e-08,-0.0154213,0.170264,-0.015342300000000003,0.17228750000000004,-7.899999999999748e-05,-0.002023500000000039,0.0020250415427837914
0.01125,0.06625,0.005,6.25e-08,-0.0229337,0.196548,-0.022859975,0.19923325,-7.372500000000018e-05,-0.00268525,0.0026862618893408368
0.01375,0.06625,0.005,6.25e-08,-0.0305187,0.215198,-0.0305271,0.21835250000000003,8.400000000002156e-06,-0.0031545000000000323,0.0031545111840030307
0.01625,0.06625,0.005,6.25e-08,-0.0377647,0.227525,-0.037892075,0.2309585,0.00012737499999999902,-0.003433500000000006,0.0034358618483031358
0.01875,0.06625,0.005,6.25e-08,-0.0444114,0.234722,-0.04466359999999999,0.23827075000000003,0.0002521999999999941,-0.003548750000000045,0.003557700296891282
0.02125,0.06625,0.005,6.25e-08,-0.0503294,0.237807,-0.050688124999999994,0.24134100000000003,0.0003587249999999903,-0.003534000000000037,0.00355215985361375
0.02375,0.06625,0.005,6.25e-08,-0.0554876,0.237601,-0.05591989999999998,0.24102300000000002,0.0004322999999999827,-0.0034220000000000084,0.003449198064768105
0.02625,0.06625,0.005,6.25e-08,-0.0599252,0.234726,-0.060392199999999986,0.2379695,0.00046699999999998826,-0.0032435000000000103,0.003276946940369962
0.02875,0.06625,0.005,6.25e-08,-0.0637301,0.229627,-0.06419359999999996,0.2326465,0.00046349999999996394,-0.0030195000000000083,0.0030548670183823084
0.03125,0.06625,0.005,6.25e-08,-0.0670225,0.222594,-0.06744927499999996,0.22536050000000002,0.0004267749999999626,-0.002766500000000033,0.002799224740999756
0.03375,0.06625,0.005,6.25e-08,-0.0699436,0.213791,-0.07030769999999996,0.216286,0.00036409999999996445,-0.0024949999999999972,0.002521426939254826
0.03625,0.06625,0.005,6.25e-08,-0.0726475,0.20328,-0.07293132499999995,0.2054915,0.0002838249999999459,-0.002211500000000005,0.002229638733208811
0.03875,0.06625,0.005,6.25e-08,-0.0752952,0.191047,-0.07548987499999994,0.19296575,0.00019467499999993587,-0.0019187499999999968,0.0019286005076544397
0.04125,0.06625,0.005,6.25e-08,-0.0780506,0.177019,-0.07815582499999994,0.17863500000000004,0.00010522499999994495,-0.001616000000000034,0.001619422211971016
0.04375,0.06625,0.005,6.25e-08,-0.081077,0.161076,-0.08110064999999994,0.162382,2.364999999994455e-05,-0.0013060000000000016,0.0013062141181674623
0.04625,0.06625,0.005,6.25e-08,-0.0845334,0.143069,-0.08449137499999992,0.14405625000000002,-4.202500000007048e-05,-0.0009872500000000228,0.0009881440497847725
0.04875,0.06625,0.005,6.25e-08,-0.088571,0.122825,-0.08848717499999992,0.12348375,-8.382500000007898e-05,-0.0006587499999999996,0.0006640618895291407
0.05125,0.06625,0.005,6.25e-08,-0.093328,0.100156,-0.09323429999999991,0.10047467500000001,-9.370000000008538e-05,-0.00031867500000001825,0.0003321647868528927
0.05375,0.06625,0.005,6.25e-08,-0.0989241,0.0748639,-0.09886022499999991,0.07483045000000002,-6.387500000008817e-05,3.3449999999976554e-05,7.210352366569677e-05
0.05625,0.06625,0.005,6.25e-08,-0.105451,0.0467513,-0.10546474999999991,0.04634785000000002,1.3749999999909668e-05,0.00040344999999998576,0.0004036842392266337
0.05875,0.06625,0.005,6.25e-08,-0.112959,0.0156286,-0.1131072499999999,0.014829820000000068,0.00014824999999989152,0.0007987799999999313,0.0008124207966933503
0.06125,0.06625,0.005,6.25e-08,-0.121444,-0.0186691,-0.1217887499999999,-0.019901124999999974,0.00034474999999990763,0.0012320249999999734,0.0012793506802768625
0.06375,0.06625,0.005,6.25e-08,-0.130816,-0.0562578,-0.13142549999999992,-0.057979100000000075,0.0006094999999999295,0.0017213000000000783,0.0018260240797974663
0.06625,0.06625,0.005,6.25e-08,-0.140873,-0.097162,-0.14181349999999993,-0.09945237500000009,0.0009404999999999275,0.0022903750000000944,0.002475955954904145
0.06875,0.06625,0.005,6.25e-08,-0.151254,-0.141247,-0.15257624999999997,-0.14421375000000008,0.0013222499999999693,0.0029667500000000735,0.003248068753120899
0.07125,0.06625,0.005,6.25e-08,-0.161382,-0.188115,-0.1631039999999999,-0.19188224999999984,0.0017219999999998903,0.0037672499999998332,0.004142156028265759
0.07375,0.06625,0.005,6.25e-08,-0.170409,-0.23694,-0.17247999999999988,-0.24162524999999985,0.0020709999999998785,0.004685249999999835,0.00512255879053603
0.07625,0.06625,0.005,6.25e-08,-0.17716,-0.286249,-0.17942074999999993,-0.2918977499999999,0.0022607499999999225,0.005648749999999925,0.006084354289897885
0.07875,0.06625,0.005,6.25e-08,-0.180126,-0.33364,-0.18227574999999996,-0.3401200000000001,0.0021497499999999503,0.006480000000000097,0.006827285336244637
0.08125,0.06625,0.005,6.25e-08,-0.177549,-0.375486,-0.17915099999999995,-0.3823595000000001,0.0016019999999999368,0.006873500000000088,0.0070577196210958254
0.08375,0.06625,0.005,6.25e-08,-0.167671,-0.406751,-0.16825274999999995,-0.4131955000000001,0.0005817499999999642,0.006444500000000131,0.00647070423620966
0.08625,0.06625,0.005,6.25e-08,-0.149223,-0.421111,-0.14849225000000008,-0.4260315,-0.000730749999999919,0.004920499999999994,0.004974466384698948
0.08875,0.06625,0.005,6.25e-08,-0.122144,-0.411678,-0.1202597500000001,-0.41411175000000017,-0.0018842499999999068,0.002433750000000179,0.003077911162623203
0.09125,0.06625,0.005,6.25e-08,-0.0883208,-0.372509,-0.0860821250000001,-0.3722210000000003,-0.0022386749999998984,-0.0002879999999996774,0.002257124222461927
0.09375,0.06625,0.005,6.25e-08,-0.0520477,-0.300686,-0.05074185000000001,-0.29852250000000013,-0.0013058499999999904,-0.002163499999999874,0.002527048965196248
0.09625,0.06625,0.005,6.25e-08,-0.0205851,-0.198044,-0.020628674999999937,-0.19554799999999975,4.357499999993811e-05,-0.002496000000000248,0.002496380335731363
0.09875,0.06625,0.005,6.25e-08,-0.00358898,-0.0712034,-0.0025451024999999733,-0.06943672499999966,-0.0010438775000000265,-0.0017666750000003423,0.002052028457559133
0.00125,0.06875,0.005,6.25e-08,-0.000571296,0.0352333,-0.0004377362500000002,0.03439185,-0.00013355974999999982,0.0008414500000000005,0.0008519837494459992
0.00375,0.06875,0.005,6.25e-08,-0.00353714,0.0941208,-0.003670292500000001,0.09432992500000001,0.00013315250000000113,-0.00020912500000000445,0.00024791703023643245
0.00625,0.06875,0.005,6.25e-08,-0.00931928,0.141271,-0.009286420000000005,0.14249175,-3.2859999999993936e-05,-0.0012207499999999927,0.0012211921806578939
0.00875,0.06875,0.005,6.25e-08,-0.0164412,0.177438,-0.016284875000000004,0.17956775000000003,-0.00015632499999999536,-0.0021297500000000136,0.0021354794703122427
0.01125,0.06875,0.005,6.25e-08,-0.0238696,0.203931,-0.023748050000000007,0.20677575000000004,-0.00012154999999999458,-0.0028447500000000348,0.002847345599852641
0.01375,0.06875,0.005,6.25e-08,-0.0309578,0.222264,-0.030960450000000004,0.22559125000000002,2.650000000003344e-06,-0.0033272500000000316,0.003327251055300788
0.01625,0.06875,0.005,6.25e-08,-0.0372834,0.233938,-0.037439475,0.23752225000000005,0.00015607499999999858,-0.003584250000000039,0.0035876465082453814
0.01875,0.06875,0.005,6.25e-08,-0.0426174,0.240306,-0.042914275,0.2439585,0.000296875000000002,-0.003652500000000003,0.003664545130793865
0.02125,0.06875,0.005,6.25e-08,-0.0468848,0.242507,-0.047281949999999996,0.246085,0.0003971499999999989,-0.003577999999999998,0.003599973905808205
0.02375,0.06875,0.005,6.25e-08,-0.0501171,0.241447,-0.05056087499999999,0.24485250000000003,0.0004437749999999935,-0.0034055000000000335,0.003434292722035386
0.02625,0.06875,0.005,6.25e-08,-0.0524153,0.237808,-0.05285057499999998,0.24097925,0.000435274999999985,-0.0031712500000000143,0.003200982800348211
0.02875,0.06875,0.005,6.25e-08,-0.0539239,0.232072,-0.05430132499999997,0.23497400000000002,0.0003774249999999729,-0.0029020000000000157,0.002926440436883189
0.03125,0.06875,0.005,6.25e-08,-0.0548128,0.224554,-0.05509279999999997,0.227169,0.0002799999999999678,-0.002615000000000006,0.0026299477181115243
0.03375,0.06875,0.005,6.25e-08,-0.0552663,0.215433,-0.055420499999999956,0.21775325,0.00015419999999995854,-0.002320249999999996,0.0023253682939482876
0.03625,0.06875,0.005,6.25e-08,-0.0554761,0.20478,-0.055487249999999946,0.20680349999999997,1.1149999999945925e-05,-0.0020234999999999836,0.002023530719435693
0.03875,0.06875,0.005,6.25e-08,-0.0556368,0.192584,-0.055498224999999936,0.19431075,-0.00013857500000006434,-0.0017267499999999991,0.001732301530659433
0.04125,0.06875,0.005,6.25e-08,-0.0559433,0.178772,-0.055658149999999934,0.180202,-0.0002851500000000673,-0.0014300000000000146,0.0014581531203889666
0.04375,0.06875,0.005,6.25e-08,-0.0565889,0.163222,-0.05616917499999993,0.164356,-0.0004197250000000652,-0.0011339999999999961,0.0012091836401577083
0.04625,0.06875,0.005,6.25e-08,-0.0577635,0.145782,-0.057229424999999924,0.14661725,-0.0005340750000000782,-0.0008352500000000096,0.000991402374480261
0.04875,0.06875,0.005,6.25e-08,-0.0596515,0.126267,-0.059030899999999914,0.12680300000000003,-0.0006206000000000891,-0.0005360000000000364,0.0008200246093869072
0.05125,0.06875,0.005,6.25e-08,-0.0624284,0.104478,-0.061756899999999906,0.10471175000000002,-0.0006715000000000956,-0.00023375000000001867,0.0007110213164878654
0.05375,0.06875,0.005,6.25e-08,-0.066257,0.0801978,-0.06557767499999989,0.08012352500000001,-0.0006793250000001055,7.427499999998477e-05,0.0006833734200641265
0.05625,0.06875,0.005,6.25e-08,-0.0712803,0.0531985,-0.0706443749999999,0.05280810000000002,-0.0006359250000001065,0.0003903999999999852,0.0007461988780647717
0.05875,0.06875,0.005,6.25e-08,-0.0776126,0.0232484,-0.07707939999999988,0.022526400000000064,-0.0005332000000001225,0.0007219999999999345,0.0008975445615678567
0.06125,0.06875,0.005,6.25e-08,-0.0853244,-0.00988011,-0.08496174999999989,-0.010960789999999977,-0.00036265000000010317,0.001080679999999978,0.0011399053841876646
0.06375,0.06875,0.005,6.25e-08,-0.0944217,-0.0463933,-0.09430529999999993,-0.047878300000000075,-0.000116400000000072,0.0014850000000000765,0.00148955495366913
0.06625,0.06875,0.005,6.25e-08,-0.104814,-0.0864458,-0.10502444999999991,-0.0884078500000001,0.00021044999999990377,0.00196205000000009,0.0019733041846102476
0.06875,0.06875,0.005,6.25e-08,-0.116271,-0.130086,-0.11688574999999993,-0.13263375000000008,0.0006147499999999279,0.002547750000000071,0.002620867723674789
0.07125,0.06875,0.005,6.25e-08,-0.128358,-0.177163,-0.1294342499999999,-0.18044549999999981,0.0010762499999998898,0.0032824999999998272,0.0034544348759961633
0.07375,0.06875,0.005,6.25e-08,-0.140358,-0.227174,-0.14190399999999986,-0.23136599999999982,0.001545999999999853,0.004191999999999835,0.004467995076093768
0.07625,0.06875,0.005,6.25e-08,-0.151182,-0.27902,-0.1531072499999999,-0.2842784999999998,0.0019252499999998784,0.005258499999999833,0.005599858017173094
0.07875,0.06875,0.005,6.25e-08,-0.159299,-0.330672,-0.16135824999999993,-0.33702825000000014,0.002059249999999929,0.006356250000000119,0.006681498681059604
0.08125,0.06875,0.005,6.25e-08,-0.162741,-0.378743,-0.16449324999999995,-0.3859340000000001,0.0017522499999999552,0.007191000000000114,0.007401409397033884
0.08375,0.06875,0.005,6.25e-08,-0.159266,-0.418082,-0.16013049999999995,-0.4253697500000001,0.0008644999999999625,0.007287750000000093,0.007338845979614321
0.08625,0.06875,0.005,6.25e-08,-0.146825,-0.44162,-0.14628575000000005,-0.44776,-0.0005392499999999634,0.006139999999999979,0.006163634525383517
0.08875,0.06875,0.005,6.25e-08,-0.124379,-0.440841,-0.12235225000000008,-0.4444392500000001,-0.0020267499999999244,0.003598250000000136,0.004129784331536051
0.09125,0.06875,0.005,6.25e-08,-0.0929232,-0.407324,-0.09015070000000011,-0.40761725000000026,-0.002772499999999886,0.0002932500000002447,0.002787965532875095
0.09375,0.06875,0.005,6.25e-08,-0.0564345,-0.335391,-0.05447772500000002,-0.3329962500000001,-0.00195677499999998,-0.00239474999999989,0.0030925387569316564
0.09625,0.06875,0.005,6.25e-08,-0.0229841,-0.22493,-0.02260619999999993,-0.2216817499999997,-0.00037790000000006985,-0.0032482500000002856,0.0032701584781936652
0.09875,0.06875,0.005,6.25e-08,-0.00416214,-0.0823869,-0.0028373724999999706,-0.0798226249999996,-0.0013247675000000294,-0.0025642750000003933,0.0028862631904736868
0.00125,0.07125,0.005,6.25e-08,-0.000706523,0.0371567,-0.0005170492499999997,0.0362459,-0.00018947375000000037,0.0009108000000000033,0.00093029938296178
0.00375,0.07125,0.005,6.25e-08,-0.00419634,0.0990422,-0.004273872499999998,0.09921164999999998,7.753249999999795e-05,-0.00016944999999998767,0.00018634535426526066
0.00625,0.07125,0.005,6.25e-08,-0.0107399,0.147982,-0.010604954999999996,0.14925899999999998,-0.00013494500000000437,-0.0012769999999999726,0.0012841102573474489
0.00875,0.07125,0.005,6.25e-08,-0.0184106,0.184799,-0.018159249999999995,0.18709024999999999,-0.00025135000000000435,-0.0022912499999999947,0.002304995311275053
0.01125,0.07125,0.005,6.25e-08,-0.0259218,0.211072,-0.025765049999999994,0.214136,-0.0001567500000000041,-0.0030639999999999834,0.0030680069365143065
0.01375,0.07125,0.005,6.25e-08,-0.0325402,0.228612,-0.032578125,0.2321555,3.792500000000115e-05,-0.0035434999999999772,0.0035437029440438203
0.01625,0.07125,0.005,6.25e-08,-0.0378505,0.239176,-0.038093475,0.242926,0.00024297499999999944,-0.0037500000000000033,0.003757863335809995
0.01875,0.07125,0.005,6.25e-08,-0.0416838,0.244312,-0.042087925,0.24805375,0.00040412499999999824,-0.003741749999999988,0.003763510339845622
0.02125,0.07125,0.005,6.25e-08,-0.0440493,0.245296,-0.04454217500000001,0.24887900000000002,0.0004928750000000107,-0.0035830000000000306,0.003616740903856016
0.02375,0.07125,0.005,6.25e-08,-0.0450672,0.243123,-0.04556887500000001,0.24645374999999997,0.000501675000000007,-0.0033307499999999657,0.003368319071603042
0.02625,0.07125,0.005,6.25e-08,-0.04492,0.238527,-0.045357300000000024,0.24155675,0.0004373000000000224,-0.0030297499999999977,0.00306114624813974
0.02875,0.07125,0.005,6.25e-08,-0.0438226,0.232021,-0.04413587500000003,0.23472975000000001,0.0003132750000000295,-0.0027087500000000098,0.0027268054180900167
0.03125,0.07125,0.005,6.25e-08,-0.0420033,0.223935,-0.04214915000000003,0.22632075000000001,0.00014585000000003068,-0.00238575000000002,0.0023902040258103707
0.03375,0.07125,0.005,6.25e-08,-0.0396941,0.214454,-0.03964477500000004,0.21652475,-4.9324999999961205e-05,-0.0020707499999999823,0.0020713373742886317
0.03625,0.07125,0.005,6.25e-08,-0.0371255,0.203652,-0.03686747500000005,0.20541800000000002,-0.0002580249999999465,-0.0017660000000000176,0.0017847500947261593
0.03875,0.07125,0.005,6.25e-08,-0.0345248,0.191517,-0.03405675000000006,0.19298925,-0.0004680499999999421,-0.0014722500000000083,0.0015448594968475193
0.04125,0.07125,0.005,6.25e-08,-0.0321152,0.177974,-0.03144622500000007,0.179162,-0.0006689749999999328,-0.0011879999999999946,0.001363404397317574
0.04375,0.07125,0.005,6.25e-08,-0.030116,0.162901,-0.029264400000000076,0.16381175000000003,-0.0008515999999999246,-0.0009107500000000435,0.0012468713335785496
0.04625,0.07125,0.005,6.25e-08,-0.0287434,0.146138,-0.027734850000000085,0.1467775,-0.0010085499999999137,-0.0006395000000000151,0.0011942082534046753
0.04875,0.07125,0.005,6.25e-08,-0.0282088,0.127498,-0.027076500000000094,0.12787099999999998,-0.0011322999999999056,-0.00037299999999998446,0.0011921544740509825
0.05125,0.07125,0.005,6.25e-08,-0.0287189,0.106771,-0.027502525000000097,0.106881,-0.0012163749999999016,-0.00010999999999999899,0.0012213386674566396
0.05375,0.07125,0.005,6.25e-08,-0.0304729,0.0837279,-0.029218900000000107,0.083577,-0.001253999999999894,0.00015089999999999548,0.0012630466380936743
0.05625,0.07125,0.005,6.25e-08,-0.0336585,0.0581221,-0.03242037500000011,0.05770939999999999,-0.0012381249999998886,0.00041270000000001583,0.0013050957074577855
0.05875,0.07125,0.005,6.25e-08,-0.0384457,0.0296919,-0.03728460000000011,0.029011025000000027,-0.0011610999999998872,0.0006808749999999732,0.001346010392093873
0.06125,0.07125,0.005,6.25e-08,-0.0449763,-0.00183573,-0.043961725000000125,-0.002801130750000021,-0.0010145749999998718,0.000965400750000021,0.0014004860009030234
0.06375,0.07125,0.005,6.25e-08,-0.0533467,-0.0367372,-0.052557475000000145,-0.03802015000000013,-0.0007892249999998519,0.0012829500000001298,0.0015062658474270401
0.06625,0.07125,0.005,6.25e-08,-0.0635815,-0.0752739,-0.06310565000000015,-0.07693425000000015,-0.00047584999999984723,0.0016603500000001437,0.0017271929090290788
0.06875,0.07125,0.005,6.25e-08,-0.075592,-0.117656,-0.07552340000000016,-0.11979275000000017,-6.859999999984934e-05,0.0021367500000001732,0.0021378509121313207
0.07125,0.07125,0.005,6.25e-08,-0.0891133,-0.163969,-0.08954102500000008,-0.1667349999999999,0.0004277250000000732,0.0027659999999999074,0.0027988756091731817
0.07375,0.07125,0.005,6.25e-08,-0.103613,-0.214044,-0.10459752500000008,-0.2176484999999999,0.0009845250000000833,0.0036044999999998995,0.0037365371302349503
0.07625,0.07125,0.005,6.25e-08,-0.118175,-0.267224,-0.11970000000000006,-0.2719124999999999,0.001525000000000054,0.004688499999999873,0.004930279632028895
0.07875,0.07125,0.005,6.25e-08,-0.131363,-0.32199,-0.13326500000000013,-0.32796225000000023,0.0019020000000001258,0.005972250000000234,0.00626780456479805
0.08125,0.07125,0.005,6.25e-08,-0.141131,-0.375436,-0.1430175000000001,-0.3826592500000002,0.0018865000000000964,0.007223250000000181,0.007465535668155566
0.08375,0.07125,0.005,6.25e-08,-0.144869,-0.422622,-0.14609525000000004,-0.4305587500000001,0.0012262500000000398,0.007936750000000103,0.008030920845395112
0.08625,0.07125,0.005,6.25e-08,-0.139759,-0.45605,-0.13958200000000007,-0.46344149999999995,-0.00017699999999992722,0.00739149999999994,0.007393618954882587
0.08875,0.07125,0.005,6.25e-08,-0.123617,-0.465717,-0.12161675000000008,-0.4707572499999999,-0.0020002499999999257,0.005040249999999913,0.0054226488107749354
0.09125,0.07125,0.005,6.25e-08,-0.0961747,-0.440438,-0.09290175000000009,-0.44164775,-0.0032729499999999134,0.0012097500000000094,0.0034893691070162604
0.09375,0.07125,0.005,6.25e-08,-0.0606193,-0.370911,-0.05787712499999999,-0.3684034999999999,-0.0027421750000000134,-0.002507500000000107,0.003715787935367896
0.09625,0.07125,0.005,6.25e-08,-0.0255803,-0.253905,-0.024613624999999913,-0.2497407499999995,-0.0009666750000000869,-0.00416425000000048,0.0042749782008952
0.09875,0.07125,0.005,6.25e-08,-0.00483539,-0.0949211,-0.003151062499999965,-0.09131052499999948,-0.001684327500000035,-0.0036105750000005182,0.003984119847329534
0.00125,0.07375,0.005,6.25e-08,-0.000943888,0.0395221,-0.0006516294999999994,0.03850002499999999,-0.0002922585000000006,0.0010220750000000042,0.0010630391979824917
0.00375,0.07375,0.005,6.25e-08,-0.00530621,0.104862,-0.005285919999999996,0.10498224999999999,-2.0290000000003534e-05,-0.00012024999999998842,0.00012194977080748188
0.00625,0.07375,0.005,6.25e-08,-0.013091,0.155547,-0.012807624999999994,0.15693025,-0.00028337500000000584,-0.0013832500000000025,0.001411978028556043
0.00875,0.07375,0.005,6.25e-08,-0.0216818,0.192604,-0.021319599999999994,0.195148,-0.00036220000000000696,-0.0025439999999999907,0.0025696546149239505
0.01125,0.07375,0.005,6.25e-08,-0.0294496,0.218069,-0.029290824999999986,0.22144175,-0.00015877500000001377,-0.00337274999999998,0.003376485164061123
0.01375,0.07375,0.005,6.25e-08,-0.0355815,0.23419,-0.03572594999999999,0.23800725,0.00014444999999999042,-0.0038172499999999943,0.003819982115795826
0.01625,0.07375,0.005,6.25e-08,-0.0397086,0.243069,-0.040126499999999996,0.24699725,0.00041789999999999883,-0.003928249999999994,0.003950416240410617
0.01875,0.07375,0.005,6.25e-08,-0.0417693,0.24649,-0.042366600000000004,0.25029025,0.000597300000000002,-0.003800250000000005,0.0038469036058237853
0.02125,0.07375,0.005,6.25e-08,-0.0419,0.245877,-0.04256030000000001,0.2494015,0.0006603000000000095,-0.003524499999999986,0.003585818782370341
0.02375,0.07375,0.005,6.25e-08,-0.0403423,0.242308,-0.04095470000000001,0.24548050000000002,0.0006124000000000129,-0.0031725000000000225,0.003231066388980604
0.02625,0.07375,0.005,6.25e-08,-0.037384,0.236557,-0.03785740000000003,0.239353,0.0004734000000000266,-0.0027960000000000207,0.0028357932858373404
0.02875,0.07375,0.005,6.25e-08,-0.033325,0.229152,-0.03359287500000003,0.23157575000000002,0.0002678750000000285,-0.00242375000000003,0.002438507961464379
0.03125,0.07375,0.005,6.25e-08,-0.0284603,0.220425,-0.02847985000000004,0.22249625,1.9550000000038287e-05,-0.0020712499999999967,0.002071342261674779
0.03375,0.07375,0.005,6.25e-08,-0.0230727,0.210557,-0.022821625000000047,0.21229949999999997,-0.0002510749999999548,-0.0017424999999999802,0.0017604956420351934
0.03625,0.07375,0.005,6.25e-08,-0.0174317,0.199613,-0.01690430000000006,0.20105300000000004,-0.0005273999999999418,-0.0014400000000000246,0.0015335419003079144
0.03875,0.07375,0.005,6.25e-08,-0.0117947,0.187577,-0.010998325000000066,0.18873525000000002,-0.0007963749999999343,-0.0011582500000000273,0.0014056159515048762
0.04125,0.07375,0.005,6.25e-08,-0.00640918,0.174367,-0.005361740000000075,0.17526100000000003,-0.0010474399999999256,-0.0008940000000000337,0.001377086254960053
0.04375,0.07375,0.005,6.25e-08,-0.00151562,0.159856,-0.00024342750000008414,0.1605005,-0.001272192499999916,-0.0006444999999999923,0.0014261325348844777
0.04625,0.07375,0.005,6.25e-08,0.00264975,0.14388,0.004113917499999908,0.14428725000000003,-0.0014641674999999075,-0.00040725000000002565,0.0015197496604888584
0.04875,0.07375,0.005,6.25e-08,0.00585413,0.12625,0.0074715774999999,0.1264295,-0.0016174474999999001,-0.0001794999999999991,0.0016273772350797854
0.05125,0.07375,0.005,6.25e-08,0.00786726,0.106751,0.009593537499999893,0.106711,-0.001726277499999894,3.999999999999837e-05,0.0017267408627254651
0.05375,0.07375,0.005,6.25e-08,0.00846064,0.0851487,0.010246072499999887,0.084896525,-0.001785432499999887,0.0002521749999999934,0.0018031531944570996
0.05625,0.07375,0.005,6.25e-08,0.00740962,0.0611859,0.00919887749999988,0.0607266,-0.0017892574999998799,0.00045930000000000276,0.001847267953304507
0.05875,0.07375,0.005,6.25e-08,0.00449666,0.0345848,0.00622777659999988,0.03391937500000003,-0.0017311165999998792,0.0006654249999999695,0.0018546037618370403
0.06125,0.07375,0.005,6.25e-08,-0.000482616,0.00504469,0.0011207799999998689,0.0041663372499999825,-0.0016033959999998688,0.0008783527500000176,0.0018282183365911668
0.06375,0.07375,0.005,6.25e-08,-0.0077075,-0.0277574,-0.0063109575000001574,-0.02886935000000012,-0.0013965424999998425,0.0011119500000001184,0.0017851509058917326
0.06625,0.07375,0.005,6.25e-08,-0.017312,-0.0641609,-0.016212967500000168,-0.06555057500000014,-0.001099032499999833,0.0013896750000001318,0.0017717418101070056
0.06875,0.07375,0.005,6.25e-08,-0.0293511,-0.104504,-0.028651900000000178,-0.10625285000000015,-0.0006991999999998236,0.001748850000000149,0.0018834428482171351
0.07125,0.07375,0.005,6.25e-08,-0.0437431,-0.149078,-0.043553875000000096,-0.15132549999999992,-0.00018922499999990405,0.00224749999999993,0.0022554516954757975
0.07375,0.07375,0.005,6.25e-08,-0.0601789,-0.198031,-0.06060207500000008,-0.2009944999999999,0.0004231750000000811,0.0029634999999998968,0.002993561312320905
0.07625,0.07375,0.005,6.25e-08,-0.0779858,-0.251171,-0.07907790000000006,-0.2551504999999999,0.001092100000000068,0.003979499999999914,0.004126633332390881
0.07875,0.07375,0.005,6.25e-08,-0.0959465,-0.3076,-0.09764297500000016,-0.3129367500000002,0.0016964750000001555,0.005336750000000223,0.005599904283836279
0.08125,0.07375,0.005,6.25e-08,-0.112104,-0.365115,-0.11410575000000013,-0.3720347500000002,0.0020017500000001354,0.006919750000000169,0.007203467437630497
0.08375,0.07375,0.005,6.25e-08,-0.123649,-0.419361,-0.12531850000000008,-0.42764725000000015,0.0016695000000000876,0.008286250000000162,0.008452761046693735
0.08625,0.07375,0.005,6.25e-08,-0.127101,-0.462875,-0.12750200000000006,-0.4714434999999999,0.00040100000000006797,0.008568499999999923,0.008577878132148926
0.08875,0.07375,0.005,6.25e-08,-0.119047,-0.484529,-0.11734075000000006,-0.49128025,-0.001706249999999937,0.006751249999999986,0.006963523937274833
0.09125,0.07375,0.005,6.25e-08,-0.0975771,-0.470285,-0.09392967500000007,-0.4728705,-0.0036474249999999264,0.0025855000000000183,0.004470852198476769
0.09375,0.07375,0.005,6.25e-08,-0.064472,-0.406351,-0.060816024999999996,-0.40398299999999987,-0.0036559750000000057,-0.0023680000000001478,0.004355866986103425
0.09625,0.07375,0.005,6.25e-08,-0.0284422,-0.284825,-0.02665537499999991,-0.27957824999999953,-0.0017868250000000925,-0.005246750000000466,0.005542664444392266
0.09875,0.07375,0.005,6.25e-08,-0.00565365,-0.108958,-0.003492844999999962,-0.10396927499999942,-0.0021608050000000377,-0.004988725000000582,0.005436584899884851
0.00125,0.07625,0.005,6.25e-08,-0.00134709,0.0426259,-0.0008692439999999993,0.04141027499999999,-0.00047784600000000074,0.0012156250000000118,0.001306170333586332
0.00375,0.07625,0.005,6.25e-08,-0.00708999,0.112117,-0.0068934024999999935,0.11218024999999997,-0.00019658750000000648,-6.324999999997305e-05,0.0002065120036614074
0.00625,0.07625,0.005,6.25e-08,-0.0167481,0.164447,-0.01625134999999999,0.16603549999999997,-0.0004967500000000076,-0.001588499999999965,0.001664359580289036
0.00875,0.07625,0.005,6.25e-08,-0.0266801,0.201136,-0.026206024999999987,0.20408049999999997,-0.00047407500000001476,-0.002944499999999961,0.0029824197148665688
0.01125,0.07625,0.005,6.25e-08,-0.0348246,0.224976,-0.034738924999999976,0.22878549999999997,-8.567500000002115e-05,-0.0038094999999999657,0.0038104632862192415
0.01375,0.07625,0.005,6.25e-08,-0.0403344,0.238862,-0.040706749999999986,0.24301575,0.0003723499999999866,-0.004153750000000012,0.004170405685901563
0.01625,0.07625,0.005,6.25e-08,-0.0429637,0.245344,-0.04368714999999999,0.24944224999999998,0.0007234499999999866,-0.00409824999999997,0.004161614225874346
0.01875,0.07625,0.005,6.25e-08,-0.0428313,0.246483,-0.043735699999999995,0.25027750000000004,0.0009043999999999927,-0.003794500000000034,0.0039007908954467483
0.02125,0.07625,0.005,6.25e-08,-0.0402587,0.243853,-0.041171775,0.24721925,0.0009130749999999993,-0.003366250000000015,0.0034878854651672698
0.02375,0.07625,0.005,6.25e-08,-0.0356501,0.238596,-0.036428200000000015,0.24149500000000002,0.0007781000000000177,-0.0028990000000000127,0.0030016063382795723
0.02625,0.07625,0.005,6.25e-08,-0.0294236,0.231503,-0.02996242500000002,0.2339485,0.0005388250000000205,-0.002445500000000017,0.0025041570698790252
0.02875,0.07625,0.005,6.25e-08,-0.0219783,0.223094,-0.022211350000000032,0.22512325000000002,0.00023305000000003323,-0.002029250000000038,0.002042588520725643
0.03125,0.07625,0.005,6.25e-08,-0.0136815,0.213682,-0.013573900000000043,0.21534050000000005,-0.000107599999999956,-0.001658500000000035,0.001661986765891987
0.03375,0.07625,0.005,6.25e-08,-0.00486762,0.203427,-0.004408832750000054,0.20475875000000004,-0.00045878724999994566,-0.0013317500000000482,0.0014085608979602696
0.03625,0.07625,0.005,6.25e-08,0.00415742,0.192376,0.004960488249999936,0.19342050000000002,-0.0008030682499999362,-0.0010445000000000315,0.0013175351472192406
0.03875,0.07625,0.005,6.25e-08,0.0131108,0.180498,0.014238587499999927,0.18128550000000004,-0.0011277874999999268,-0.000787500000000052,0.0013755220445911315
0.04125,0.07625,0.005,6.25e-08,0.0217266,0.167699,0.023150124999999917,0.16825625000000002,-0.0014235249999999186,-0.0005572500000000369,0.001528708928516089
0.04375,0.07625,0.005,6.25e-08,0.0297495,0.153847,0.03143314999999991,0.15419175000000002,-0.0016836499999999081,-0.0003447500000000048,0.0017185836857714245
0.04625,0.07625,0.005,6.25e-08,0.0369301,0.138773,0.0388333999999999,0.138922,-0.0019032999999998995,-0.00014899999999998248,0.001909123330222438
0.04875,0.07625,0.005,6.25e-08,0.0430216,0.122286,0.04509979999999989,0.12225225000000002,-0.0020781999999998912,3.374999999998518e-05,0.00207847403219274
0.05125,0.07625,0.005,6.25e-08,0.0477768,0.104172,0.04998119999999988,0.1039665,-0.0022043999999998773,0.00020549999999999735,0.0022139579061037852
0.05375,0.07625,0.005,6.25e-08,0.0509458,0.0841951,0.05322387499999988,0.083828575,-0.0022780749999998795,0.00036652499999999255,0.0023073721592429437
0.05625,0.07625,0.005,6.25e-08,0.0522753,0.0620987,0.054570199999999874,0.061580224999999995,-0.0022948999999998776,0.0005184750000000043,0.0023527393258974618
0.05875,0.07625,0.005,6.25e-08,0.051509,0.0376009,0.053758649999999866,0.036936800000000033,-0.002249649999999867,0.0006640999999999661,0.0023456244227282757
0.06125,0.07625,0.005,6.25e-08,0.0483899,0.0103904,0.050525299999999856,0.009581584999999988,-0.002135399999999857,0.0008088150000000113,0.00228344364156955
0.06375,0.07625,0.005,6.25e-08,0.0426668,-0.0198784,0.044609849999999826,-0.020841675000000108,-0.0019430499999998282,0.0009632750000001071,0.0021687189832074925
0.06625,0.07625,0.005,6.25e-08,0.0341069,-0.0535911,0.03576704999999982,-0.054737175000000124,-0.0016601499999998187,0.0011460750000001213,0.0020173214736686554
0.06875,0.07625,0.005,6.25e-08,0.0225204,-0.0911727,0.023791774999999803,-0.09256250000000016,-0.001271374999999804,0.0013898000000001631,0.0018835972049843764
0.07125,0.07625,0.005,6.25e-08,0.0078063,-0.133073,0.008566236249999894,-0.1348214999999999,-0.0007599362499998933,0.001748499999999903,0.001906503436677616
0.07375,0.07625,0.005,6.25e-08,-0.00996661,-0.179713,-0.009851514750000094,-0.1820179999999999,-0.00011509524999990701,0.0023049999999998905,0.0023078717287951765
0.07625,0.07625,0.005,6.25e-08,-0.0304234,-0.231343,-0.03107250000000008,-0.23451974999999992,0.0006491000000000795,0.0031767499999999227,0.003242386678436058
0.07875,0.07625,0.005,6.25e-08,-0.052673,-0.287733,-0.054126950000000194,-0.2922187500000002,0.0014539500000001968,0.004485750000000177,0.004715498241437713
0.08125,0.07625,0.005,6.25e-08,-0.0750259,-0.347573,-0.07712062500000018,-0.35383475000000025,0.002094725000000172,0.006261750000000232,0.006602831656806694
0.08375,0.07625,0.005,6.25e-08,-0.09471,-0.407472,-0.09689770000000014,-0.41569925000000024,0.0021877000000001395,0.008227250000000241,0.008513147117987835
0.08625,0.07625,0.005,6.25e-08,-0.107793,-0.460588,-0.10902325000000004,-0.4701007499999999,0.0012302500000000438,0.009512749999999903,0.009591972040461662
0.08875,0.07625,0.005,6.25e-08,-0.10967,-0.495286,-0.10864750000000006,-0.50395125,-0.0010224999999999401,0.008665249999999958,0.008725368978587618
0.09125,0.07625,0.005,6.25e-08,-0.0964692,-0.494922,-0.09272857500000008,-0.49948024999999996,-0.003740624999999928,0.004558249999999986,0.005896602280392017
0.09375,0.07625,0.005,6.25e-08,-0.0678152,-0.440485,-0.063162025,-0.43872849999999985,-0.004653175000000009,-0.0017565000000001607,0.004973663622585031
0.09625,0.07625,0.005,6.25e-08,-0.0316972,-0.317459,-0.028764674999999903,-0.3109979999999995,-0.002932525000000099,-0.006461000000000494,0.007095366366554441
0.09875,0.07625,0.005,6.25e-08,-0.00670045,-0.124726,-0.003876847499999958,-0.11789772499999934,-0.002823602500000042,-0.006828275000000661,0.007389050720738119
0.00125,0.07875,0.005,6.25e-08,-0.0020266,0.0469261,-0.0012135467500000011,0.04535982500000001,-0.0008130532499999988,0.001566274999999985,0.0017647302805132896
0.00375,0.07875,0.005,6.25e-08,-0.00988764,0.121548,-0.009372790000000008,0.12156175000000002,-0.000514849999999992,-1.375000000002069e-05,0.0005150335765753457
0.00625,0.07875,0.005,6.25e-08,-0.0222075,0.17526,-0.02141760000000002,0.17723875000000006,-0.0007898999999999823,-0.001978750000000057,0.002130585265249949
0.00875,0.07875,0.005,6.25e-08,-0.0338726,0.210638,-0.033332175000000026,0.21421750000000006,-0.0005404249999999763,-0.0035795000000000687,0.0036200662190939916
0.01125,0.07875,0.005,6.25e-08,-0.0423345,0.231716,-0.042478375000000027,0.23612400000000003,0.0001438750000000294,-0.004408000000000023,0.004410347380380055
0.01375,0.07875,0.005,6.25e-08,-0.0468337,0.242309,-0.04763525000000002,0.24684675,0.0008015500000000189,-0.004537750000000007,0.004607999290907073
0.01625,0.07875,0.005,6.25e-08,-0.0473829,0.245535,-0.04859970000000001,0.24974799999999997,0.001216800000000011,-0.004212999999999967,0.004385199110644777
0.01875,0.07875,0.005,6.25e-08,-0.0443895,0.243757,-0.045744875000000004,0.2474225,0.0013553750000000059,-0.003665499999999988,0.003908059830737617
0.02125,0.07875,0.005,6.25e-08,-0.0384349,0.238675,-0.039693674999999984,0.24172824999999995,0.0012587749999999828,-0.003053249999999952,0.003302552053053012
0.02375,0.07875,0.005,6.25e-08,-0.0301316,0.231459,-0.031123749999999978,0.23392549999999995,0.0009921499999999764,-0.002466499999999955,0.002658568011637041
0.02625,0.07875,0.005,6.25e-08,-0.0200516,0.222877,-0.02067147499999997,0.22482449999999995,0.0006198749999999711,-0.0019474999999999631,0.0020437713339864667
0.02875,0.07875,0.005,6.25e-08,-0.00870248,0.213407,-0.008895892499999959,0.21491324999999997,0.00019341249999995855,-0.001506249999999959,0.0015186169555408337
0.03125,0.07875,0.005,6.25e-08,0.00347534,0.203314,0.003725117000000053,0.20445549999999996,-0.000249777000000053,-0.001141499999999962,0.0011685079373837987
0.03375,0.07875,0.005,6.25e-08,0.0161001,0.19272,0.016784550000000065,0.19355774999999997,-0.0006844500000000656,-0.0008377499999999705,0.0010818025998305051
0.03625,0.07875,0.005,6.25e-08,0.028837,0.181637,0.029931275000000077,0.18222349999999998,-0.001094275000000075,-0.0005864999999999898,0.0012415393773961227
0.03875,0.07875,0.005,6.25e-08,0.0413858,0.170011,0.04285502500000009,0.17038299999999998,-0.0014692250000000878,-0.00037199999999998346,0.0015155877079949037
0.04125,0.07875,0.005,6.25e-08,0.0534704,0.157732,0.055273275000000094,0.15791899999999998,-0.0018028750000000926,-0.00018699999999996497,0.0018125471761102718
0.04375,0.07875,0.005,6.25e-08,0.0648294,0.144656,0.0669204750000001,0.14467974999999997,-0.002091075000000109,-2.3749999999961302e-05,0.0020912098694596515
0.04625,0.07875,0.005,6.25e-08,0.0752086,0.130612,0.0775397750000001,0.13049,-0.002331175000000102,0.00012200000000001099,0.002334365198640838
0.04875,0.07875,0.005,6.25e-08,0.0843551,0.115407,0.08687625000000013,0.11515349999999996,-0.0025211500000001247,0.0002535000000000315,0.002533862579640152
0.05125,0.07875,0.005,6.25e-08,0.0920128,0.0988324,0.09467152500000013,0.09845889999999997,-0.0026587250000001256,0.0003735000000000266,0.0026848316289156174
0.05375,0.07875,0.005,6.25e-08,0.0979184,0.0806574,0.10066015000000014,0.08017602499999998,-0.00274175000000014,0.00048137500000002,0.0027836872944218766
0.05625,0.07875,0.005,6.25e-08,0.101798,0.0606329,0.10456532500000014,0.060054849999999986,-0.00276732500000014,0.0005780500000000174,0.0028270531403080832
0.05875,0.07875,0.005,6.25e-08,0.103367,0.0384846,0.10609747500000016,0.03781975000000003,-0.0027304750000001626,0.0006648499999999738,0.0028102525239070337
0.06125,0.07875,0.005,6.25e-08,0.102326,0.013907,0.10495165000000016,0.013161867500000007,-0.00262565000000016,0.0007451324999999918,0.002729333318789971
0.06375,0.07875,0.005,6.25e-08,0.0983642,-0.0134464,0.10080892500000015,-0.014272235000000065,-0.0024447250000001475,0.0008258350000000646,0.002580442553681602
0.06625,0.07875,0.005,6.25e-08,0.0911655,-0.0439757,0.09333957500000015,-0.044896400000000065,-0.00217407500000015,0.0009207000000000659,0.0023609935611148486
0.06875,0.07875,0.005,6.25e-08,0.0804217,-0.0781502,0.08221817500000013,-0.07920472500000006,-0.0017964750000001306,0.0010545250000000561,0.0020831095509479544
0.07125,0.07875,0.005,6.25e-08,0.0658637,-0.116519,0.06715287500000022,-0.11779224999999983,-0.0012891750000002256,0.001273249999999837,0.0018119430849574626
0.07375,0.07875,0.005,6.25e-08,0.0473239,-0.159707,0.04795100000000023,-0.16136024999999982,-0.0006271000000002275,0.0016532499999998285,0.0017681883306083993
0.07625,0.07875,0.005,6.25e-08,0.0248551,-0.20834,0.02465017500000024,-0.2106644999999998,0.00020492499999976224,0.002324499999999813,0.002333515482190772
0.07875,0.07875,0.005,6.25e-08,-0.00105928,-0.262836,-0.0022374199999999223,-0.2663010000000001,0.0011781399999999224,0.003465000000000107,0.0036598140471341654
0.08125,0.07875,0.005,6.25e-08,-0.0291698,-0.322876,-0.03131889999999994,-0.3281310000000001,0.002149099999999942,0.005255000000000121,0.005677469137740955
0.08375,0.07875,0.005,6.25e-08,-0.0570169,-0.386376,-0.059768349999999956,-0.3940365000000001,0.002751449999999954,0.0076605000000001255,0.008139639878551241
0.08625,0.07875,0.005,6.25e-08,-0.080546,-0.447766,-0.08287382499999986,-0.4577829999999998,0.002327824999999853,0.010016999999999776,0.010283922317414686
0.08875,0.07875,0.005,6.25e-08,-0.0941765,-0.495805,-0.09437102499999993,-0.5064204999999999,0.00019452499999993156,0.010615499999999944,0.010617282148724493
0.09125,0.07875,0.005,6.25e-08,-0.0918968,-0.511948,-0.08859622500000003,-0.51918675,-0.0033005749999999723,0.0072387500000000715,0.00795570844696598
0.09375,0.07875,0.005,6.25e-08,-0.0703443,-0.471613,-0.06475025,-0.4712812500000001,-0.005594050000000003,-0.0003317499999999085,0.005603878430605002
0.09625,0.07875,0.005,6.25e-08,-0.0355493,-0.351438,-0.03102177499999991,-0.34375349999999966,-0.004527525000000088,-0.007684500000000316,0.008919081952512302
0.09875,0.07875,0.005,6.25e-08,-0.0081279,-0.142597,-0.004330809999999956,-0.13325649999999933,-0.0037970900000000446,-0.009340500000000668,0.010082798853399428
0.00125,0.08125,0.005,6.25e-08,-0.00317848,0.0531458,-0.0017558402500000019,0.05093195000000002,-0.0014226397499999982,0.0022138499999999825,0.0026315462528293094
0.00375,0.08125,0.005,6.25e-08,-0.0142177,0.134149,-0.01314005000000001,0.13417875000000004,-0.001077649999999989,-2.975000000005057e-05,0.0010780605664803716
0.00625,0.08125,0.005,6.25e-08,-0.0300826,0.18859,-0.028936100000000027,0.19130750000000005,-0.001146499999999974,-0.0027175000000000393,0.0029494522372807046
0.00875,0.08125,0.005,6.25e-08,-0.0436484,0.221169,-0.043206900000000034,0.22573375000000007,-0.00044149999999996276,-0.004564750000000062,0.0045860511131583055
0.01125,0.08125,0.005,6.25e-08,-0.0519439,0.237903,-0.052624275000000026,0.24308675000000002,0.0006803750000000247,-0.005183750000000015,0.0052282094643506
0.01375,0.08125,0.005,6.25e-08,-0.0545616,0.243869,-0.056113050000000025,0.2487725,0.0015514500000000236,-0.004903500000000005,0.005143083642378385
0.01625,0.08125,0.005,6.25e-08,-0.0519946,0.242851,-0.05395940000000001,0.247025,0.0019648000000000096,-0.004173999999999983,0.004613319308263834
0.01875,0.08125,0.005,6.25e-08,-0.0450875,0.237495,-0.0470583,0.24081274999999996,0.0019707999999999948,-0.0033177499999999527,0.0038589529282565325
0.02125,0.08125,0.005,6.25e-08,-0.0347691,0.229567,-0.03645627499999998,0.23207699999999995,0.0016871749999999852,-0.0025099999999999567,0.003024344471224257
0.02375,0.08125,0.005,6.25e-08,-0.0219022,0.220194,-0.023131099999999974,0.22201799999999997,0.0012288999999999738,-0.0018239999999999645,0.0021993569992158632
0.02625,0.08125,0.005,6.25e-08,-0.00722693,0.210064,-0.007913032499999957,0.21133824999999992,0.0006861024999999564,-0.0012742499999999213,0.0014472213731858681
0.02875,0.08125,0.005,6.25e-08,0.0086428,0.199563,0.008523050000000058,0.20041049999999996,0.00011974999999994282,-0.0008474999999999733,0.0008559184029450125
0.03125,0.08125,0.005,6.25e-08,0.0252037,0.188878,0.025636050000000073,0.18940049999999997,-0.00043235000000007434,-0.0005224999999999813,0.0006781834357311043
0.03375,0.08125,0.005,6.25e-08,0.0420407,0.178066,0.04298925000000008,0.17833899999999997,-0.0009485500000000827,-0.0002729999999999677,0.0009870542550944902
0.03625,0.08125,0.005,6.25e-08,0.0588042,0.167092,0.0602219250000001,0.16717299999999996,-0.0014177250000000988,-8.099999999996998e-05,0.0014200370331879642
0.03875,0.08125,0.005,6.25e-08,0.0751908,0.155866,0.0770255750000001,0.15579449999999997,-0.001834775000000094,7.150000000002987e-05,0.001836167625960481
0.04125,0.08125,0.005,6.25e-08,0.0909276,0.144257,0.09312502500000011,0.14406174999999993,-0.002197425000000114,0.00019525000000006343,0.0022060823178488885
0.04375,0.08125,0.005,6.25e-08,0.105759,0.13211,0.10826425000000012,0.13181074999999998,-0.0025052500000001116,0.00029925000000002866,0.0025230592789311506
0.04625,0.08125,0.005,6.25e-08,0.119436,0.119249,0.12219475000000013,0.11886074999999996,-0.002758750000000129,0.0003882500000000344,0.002785936041082196
0.04875,0.08125,0.005,6.25e-08,0.13171,0.105484,0.13466750000000016,0.10501974999999997,-0.0029575000000001683,0.00046425000000002714,0.002993715803562693
0.05125,0.08125,0.005,6.25e-08,0.142325,0.0906119,0.14542700000000014,0.09008292499999998,-0.0031020000000001324,0.0005289750000000148,0.0031467790755987045
0.05375,0.08125,0.005,6.25e-08,0.151014,0.0744148,0.15420400000000017,0.07383219999999997,-0.003190000000000165,0.0005826000000000303,0.0032427646784805534
0.05625,0.08125,0.005,6.25e-08,0.157493,0.0566584,0.16071300000000016,0.056033724999999986,-0.003220000000000167,0.000624675000000012,0.003280033361968456
0.05875,0.08125,0.005,6.25e-08,0.161456,0.0370864,0.1646452500000002,0.036431350000000015,-0.003189250000000199,0.0006550499999999834,0.0032558264795595673
0.06125,0.08125,0.005,6.25e-08,0.162574,0.0154129,0.1656665000000002,0.014737925000000002,-0.0030925000000001923,0.0006749749999999978,0.0031653036980084843
0.06375,0.08125,0.005,6.25e-08,0.160493,-0.00868977,0.16341325000000015,-0.009377850000000059,-0.002920250000000152,0.0006880800000000596,0.0030002190168221
0.06625,0.08125,0.005,6.25e-08,0.154831,-0.0356088,0.15749075000000018,-0.036311375000000055,-0.002659750000000183,0.0007025750000000525,0.002750978315640828
0.06875,0.08125,0.005,6.25e-08,0.145183,-0.0658156,0.14747575000000018,-0.06655160000000006,-0.0022927500000001766,0.000736000000000056,0.002407986412441086
0.07125,0.08125,0.005,6.25e-08,0.131138,-0.0998997,0.13293050000000026,-0.10072174999999985,-0.0017925000000002522,0.0008220499999998521,0.001972009749595742
0.07375,0.08125,0.005,6.25e-08,0.112315,-0.138602,0.11344000000000025,-0.13962674999999983,-0.0011250000000002508,0.0010247499999998244,0.0015217547642442932
0.07625,0.08125,0.005,6.25e-08,0.0884528,-0.182822,0.08870232500000026,-0.1842859999999998,-0.0002495250000002641,0.0014639999999997988,0.0014851123612792882
0.07875,0.08125,0.005,6.25e-08,0.0595875,-0.233524,0.0587325500000001,-0.23586475000000007,0.000854949999999903,0.002340750000000058,0.002491997204051422
0.08125,0.08125,0.005,6.25e-08,0.0263887,-0.291372,0.02425950000000007,-0.29531675,0.002129199999999932,0.003944749999999997,0.004482693967080475
0.08375,0.08125,0.005,6.25e-08,-0.00928787,-0.355803,-0.012583712499999955,-0.36232825000000013,0.003295842499999955,0.006525250000000149,0.0073103669776084365
0.08625,0.08125,0.005,6.25e-08,-0.0437077,-0.423166,-0.0473594499999998,-0.43299849999999973,0.003651749999999801,0.009832499999999744,0.010488724150843778
0.08875,0.08125,0.005,6.25e-08,-0.0707607,-0.483747,-0.07283309999999987,-0.49603299999999984,0.002072399999999877,0.012285999999999853,0.012459560094963058
0.09125,0.08125,0.005,6.25e-08,-0.0823784,-0.518391,-0.08043007499999999,-0.5290285,-0.0019483250000000146,0.010637499999999966,0.010814452207838561
0.09375,0.08125,0.005,6.25e-08,-0.0714415,-0.497315,-0.065305525,-0.4997285000000001,-0.006135975000000002,0.0024135000000000684,0.006593570463006015
0.09625,0.08125,0.005,6.25e-08,-0.0402599,-0.386106,-0.033577599999999916,-0.3775204999999996,-0.006682300000000085,-0.008585500000000412,0.010879519453542432
0.09875,0.08125,0.005,6.25e-08,-0.0101982,-0.16319,-0.004907764999999951,-0.15032799999999927,-0.005290435000000048,-0.012862000000000734,0.013907542791206663
0.00125,0.08375,0.005,6.25e-08,-0.00515394,0.0624485,-0.002618982500000003,0.05903735000000003,-0.002534957499999997,0.003411149999999967,0.00424993574649147
0.00375,0.08375,0.005,6.25e-08,-0.020855,0.15118,-0.018833000000000016,0.15146350000000006,-0.002021999999999982,-0.0002835000000000476,0.0020417777180682414
0.00625,0.08375,0.005,6.25e-08,-0.0410056,0.204852,-0.039565650000000036,0.20895475000000005,-0.0014399499999999676,-0.004102750000000044,0.004348104594533148
0.00875,0.08375,0.005,6.25e-08,-0.0559754,0.232287,-0.05607402500000004,0.23831850000000004,9.862500000003965e-05,-0.006031500000000051,0.006032306287036959
0.01125,0.08375,0.005,6.25e-08,-0.0627439,0.242534,-0.06452595000000004,0.24860550000000003,0.001782050000000035,-0.006071500000000035,0.00632762312819755
0.01375,0.08375,0.005,6.25e-08,-0.0617591,0.242277,-0.06453667500000003,0.2473655,0.002777575000000032,-0.005088499999999996,0.005797219603450014
0.01625,0.08375,0.005,6.25e-08,-0.0543273,0.23598,-0.057345450000000006,0.23978974999999997,0.003018150000000004,-0.003809749999999973,0.004860393449608768
0.01875,0.08375,0.005,6.25e-08,-0.0419104,0.22647,-0.044639974999999985,0.22908624999999996,0.002729574999999984,-0.002616249999999959,0.0037809183729782766
0.02125,0.08375,0.005,6.25e-08,-0.025864,0.215448,-0.02800472499999995,0.21709924999999997,0.0021407249999999475,-0.0016512499999999652,0.002703577276151851
0.02375,0.08375,0.005,6.25e-08,-0.00731986,0.20389,-0.008738822499999946,0.20481974999999994,0.0014189624999999461,-0.0009297499999999514,0.0016964343898029203
0.02625,0.08375,0.005,6.25e-08,0.0128266,0.192316,0.012156735000000071,0.19273349999999995,0.0006698649999999293,-0.00041749999999995957,0.0007893195602700287
0.02875,0.08375,0.005,6.25e-08,0.0338823,0.180967,0.03393012500000008,0.18103174999999994,-4.7825000000084605e-05,-6.47499999999468e-05,8.04971622170695e-05
0.03125,0.08375,0.005,6.25e-08,0.055312,0.169911,0.05601792500000011,0.16973924999999992,-0.0007059250000001072,0.00017175000000008156,0.0007265178374446007
0.03375,0.08375,0.005,6.25e-08,0.076697,0.159116,0.07799052500000012,0.15878549999999994,-0.0012935250000001147,0.00033050000000006685,0.0013350794641613438
0.03625,0.08375,0.005,6.25e-08,0.0977001,0.148486,0.09950915000000013,0.14804849999999994,-0.0018090500000001314,0.00043750000000006284,0.0018612007286965397
0.03875,0.08375,0.005,6.25e-08,0.118038,0.137886,0.12029300000000014,0.13737724999999995,-0.002255000000000132,0.0005087500000000578,0.0023116772184932424
0.04125,0.08375,0.005,6.25e-08,0.137461,0.127163,0.14009525000000014,0.12660324999999994,-0.0026342500000001434,0.0005597500000000533,0.0026930638917413035
0.04375,0.08375,0.005,6.25e-08,0.155736,0.116147,0.15868675000000015,0.11555124999999995,-0.0029507500000001408,0.0005957500000000476,0.003010289624770495
0.04625,0.08375,0.005,6.25e-08,0.172635,0.10466,0.17584250000000018,0.10403849999999996,-0.0032075000000001685,0.0006215000000000387,0.0032671575566539683
0.04875,0.08375,0.005,6.25e-08,0.187925,0.0925185,0.19133225000000015,0.09187904999999996,-0.0034072500000001393,0.0006394500000000414,0.0034667346112734103
0.05125,0.08375,0.005,6.25e-08,0.201363,0.0795302,0.20491350000000016,0.07888089999999998,-0.0035505000000001785,0.0006493000000000193,0.003609382321118295
0.05375,0.08375,0.005,6.25e-08,0.212688,0.0654948,0.21632600000000018,0.06484464999999998,-0.0036380000000001966,0.0006501500000000299,0.0036956378370318526
0.05625,0.08375,0.005,6.25e-08,0.221616,0.0502001,0.2252837500000002,0.049559599999999975,-0.0036677500000001917,0.000640500000000023,0.003723255338074658
0.05875,0.08375,0.005,6.25e-08,0.227835,0.0334169,0.2314725000000002,0.03279800000000001,-0.0036375000000001823,0.0006188999999999917,0.0036897755297580523
0.06125,0.08375,0.005,6.25e-08,0.230999,0.0148904,0.2345420000000002,0.014306049999999996,-0.003543000000000185,0.0005843500000000043,0.0035908653445237007
0.06375,0.08375,0.005,6.25e-08,0.230725,-0.00567221,0.2341005000000002,-0.006209537500000055,-0.003375500000000198,0.000537327500000055,0.003417999574642695
0.06625,0.08375,0.005,6.25e-08,0.226585,-0.0286214,0.2297095000000002,-0.02910282500000005,-0.0031245000000001966,0.0004814250000000492,0.0031613715821817395
0.06875,0.08375,0.005,6.25e-08,0.218107,-0.0543958,0.22087550000000017,-0.05482232500000005,-0.0027685000000001736,0.0004265250000000456,0.002801163298636122
0.07125,0.08375,0.005,6.25e-08,0.204769,-0.0835682,0.2070512500000003,-0.08396277499999988,-0.002282250000000291,0.0003945749999998832,0.0023161076169138247
0.07375,0.08375,0.005,6.25e-08,0.18602,-0.116909,0.1876422500000003,-0.11734099999999983,-0.001622250000000297,0.0004319999999998353,0.0016787849959124669
0.07625,0.08375,0.005,6.25e-08,0.161322,-0.15546,0.1620542500000003,-0.1560927499999998,-0.0007322500000002952,0.000632749999999821,0.0009677616571244212
0.07875,0.08375,0.005,6.25e-08,0.130271,-0.200563,0.1298180000000001,-0.20174725000000004,0.00045299999999989793,0.0011842500000000533,0.0012679341712013418
0.08125,0.08375,0.005,6.25e-08,0.0928792,-0.253713,0.09090915000000008,-0.25613575000000005,0.0019700499999999177,0.002422750000000029,0.0031226294312645896
0.08375,0.08375,0.005,6.25e-08,0.0501362,-0.315903,0.046438425000000054,-0.32073000000000007,0.003697774999999945,0.004827000000000081,0.006080581300387766
0.08625,0.08375,0.005,6.25e-08,0.00493002,-0.385888,-0.00012330974999972307,-0.39459574999999963,0.005053329749999723,0.008707749999999626,0.010067822586077177
0.08875,0.08375,0.005,6.25e-08,-0.0368178,-0.456733,-0.0414581249999998,-0.4698864999999997,0.0046403249999997995,0.013153499999999707,0.01394801700442093
0.09125,0.08375,0.005,6.25e-08,-0.0654969,-0.51062,-0.06630689999999992,-0.5250922499999999,0.0008099999999999219,0.014472249999999964,0.014494899794841592
0.09375,0.08375,0.005,6.25e-08,-0.0697751,-0.514085,-0.0642281,-0.5211927500000001,-0.00554700000000001,0.007107750000000079,0.009016058954027599
0.09625,0.08375,0.005,6.25e-08,-0.0459935,-0.420166,-0.036677649999999916,-0.4117984999999996,-0.009315850000000084,-0.00836750000000036,0.012521985364649952
0.09875,0.08375,0.005,6.25e-08,-0.0133121,-0.187467,-0.0057097374999999445,-0.16962324999999917,-0.007602362500000056,-0.017843750000000824,0.01939575545432393
0.00125,0.08625,0.005,6.25e-08,-0.00856416,0.0767178,-0.004031957499999995,0.07115219999999994,-0.004532202500000005,0.005565600000000059,0.007177517876049279
0.00375,0.08625,0.005,6.25e-08,-0.0308648,0.174021,-0.027444599999999972,0.1752684999999999,-0.0034202000000000295,-0.0012474999999999015,0.003640607681418029
0.00625,0.08625,0.005,6.25e-08,-0.0552173,0.223768,-0.05399254999999996,0.23036674999999995,-0.0012247500000000383,-0.006598749999999959,0.006711446500196478
0.00875,0.08625,0.005,6.25e-08,-0.0695063,0.242459,-0.07115707499999996,0.250461,0.0016507749999999655,-0.008001999999999981,0.00817049950129272
0.01125,0.08625,0.005,6.25e-08,-0.0717357,0.243478,-0.07556579999999999,0.250272,0.003830099999999989,-0.0067939999999999945,0.007799237271041306
0.01375,0.08625,0.005,6.25e-08,-0.0640669,0.235297,-0.06867314999999999,0.24005100000000004,0.004606249999999992,-0.004754000000000036,0.006619520757766401
0.01625,0.08625,0.005,6.25e-08,-0.0490382,0.222869,-0.053360225000000025,0.22572150000000007,0.004322025000000028,-0.0028525000000000633,0.005178480119748033
0.01875,0.08625,0.005,6.25e-08,-0.0288833,0.208936,-0.032369900000000056,0.21033800000000008,0.003486600000000055,-0.0014020000000000699,0.003757922771958011
0.02125,0.08625,0.005,6.25e-08,-0.00539962,0.194913,-0.007846795250000064,0.19532350000000007,0.0024471752500000643,-0.0004105000000000636,0.0024813659452432506
0.02375,0.08625,0.005,6.25e-08,0.0200627,0.181463,0.018666449999999897,0.1812467500000001,0.0013962500000001023,0.0002162499999999179,0.0014128970680839601
0.02625,0.08625,0.005,6.25e-08,0.0465264,0.168836,0.046101224999999885,0.16825050000000008,0.0004251750000001178,0.0005854999999999333,0.0007235910658825342
0.02875,0.08625,0.005,6.25e-08,0.0732932,0.157062,0.07372579999999987,0.1562765000000001,-0.0004325999999998664,0.0007854999999999113,0.0008967457889501043
0.03125,0.08625,0.005,6.25e-08,0.0998623,0.146054,0.10103527499999984,0.14517450000000007,-0.0011729749999998401,0.000879499999999922,0.0014660800116721078
0.03375,0.08625,0.005,6.25e-08,0.125867,0.135671,0.12767049999999983,0.13476075000000007,-0.0018034999999998191,0.0009102499999999458,0.002020189919908336
0.03625,0.08625,0.005,6.25e-08,0.151027,0.125746,0.15336474999999983,0.12483950000000008,-0.002337749999999833,0.0009064999999999213,0.0025073526502068025
0.03875,0.08625,0.005,6.25e-08,0.175116,0.116101,0.17790149999999982,0.11521650000000005,-0.0027854999999998298,0.0008844999999999409,0.002922558895899097
0.04125,0.08625,0.005,6.25e-08,0.197935,0.106556,0.2010929999999998,0.10570300000000007,-0.0031579999999998,0.0008529999999999233,0.003271173031192114
0.04375,0.08625,0.005,6.25e-08,0.219296,0.0969343,0.22275899999999976,0.09611575000000006,-0.003462999999999772,0.0008185499999999457,0.00355842564942677
0.04625,0.08625,0.005,6.25e-08,0.239012,0.0870592,0.24271724999999977,0.08627702500000005,-0.0037052499999997712,0.0007821749999999544,0.003786908408335648
0.04875,0.08625,0.005,6.25e-08,0.256883,0.0767566,0.26077149999999977,0.07601267500000004,-0.003888499999999795,0.0007439249999999509,0.003959022184280271
0.05125,0.08625,0.005,6.25e-08,0.272691,0.0658522,0.2767067499999998,0.06514967500000005,-0.0040157499999997626,0.0007025249999999539,0.0040767375974083775
0.05375,0.08625,0.005,6.25e-08,0.286195,0.054169,0.29028299999999974,0.053513300000000034,-0.0040879999999997585,0.0006556999999999674,0.004140251983877066
0.05625,0.08625,0.005,6.25e-08,0.297125,0.0415237,0.3012297499999998,0.04092310000000002,-0.004104749999999824,0.0006005999999999789,0.0041484566916503455
0.05875,0.08625,0.005,6.25e-08,0.305176,0.0277218,0.30923924999999974,0.027187225000000037,-0.004063249999999741,0.0005345749999999642,0.004098264387899207
0.06125,0.08625,0.005,6.25e-08,0.310001,0.0125493,0.3139622499999998,0.012094452500000007,-0.00396124999999975,0.00045484749999999234,0.00398727824596607
0.06375,0.08625,0.005,6.25e-08,0.311207,-0.00423985,0.31499874999999977,-0.004598672500000052,-0.0037917499999997606,0.00035882250000005174,0.0038086902800049875
0.06625,0.08625,0.005,6.25e-08,0.308347,-0.0229413,0.31189049999999974,-0.02318785000000007,-0.003543499999999755,0.00024655000000006755,0.0035520668845755565
0.06875,0.08625,0.005,6.25e-08,0.300906,-0.0439329,0.30410699999999974,-0.04405407500000009,-0.003200999999999732,0.00012117500000009135,0.003203292740388132
0.07125,0.08625,0.005,6.25e-08,0.288296,-0.0677244,0.2910332499999998,-0.06771777499999997,-0.0027372499999998023,-6.625000000037851e-06,0.002737258017272745
0.07375,0.08625,0.005,6.25e-08,0.269845,-0.0950357,0.2719544999999998,-0.09492607499999998,-0.00210949999999982,-0.00010962500000001596,0.0021123465365853783
0.07625,0.08625,0.005,6.25e-08,0.244802,-0.126911,0.24605224999999986,-0.12678599999999998,-0.0012502499999998695,-0.000125000000000014,0.001256483212183783
0.07875,0.08625,0.005,6.25e-08,0.212383,-0.164857,0.21244574999999966,-0.16494550000000022,-6.274999999966724e-05,8.850000000021341e-05,0.00010848876669958053
0.08125,0.08625,0.005,6.25e-08,0.171945,-0.210917,0.1703657499999996,-0.21174925000000025,0.0015792500000003928,0.0008322500000002564,0.0017851248205662449
0.08375,0.08625,0.005,6.25e-08,0.123438,-0.267408,0.11968299999999961,-0.2700915000000004,0.003755000000000397,0.002683500000000394,0.004615322009351579
0.08625,0.08625,0.005,6.25e-08,0.0683731,-0.335663,0.062172774999999965,-0.3421294999999999,0.006200325000000041,0.006466499999999931,0.00895877515934096
0.08875,0.08625,0.005,6.25e-08,0.011489,-0.412655,0.003839712500000003,-0.4250987499999999,0.007649287499999996,0.01244374999999992,0.014606796819294578
0.09125,0.08625,0.005,6.25e-08,-0.0372074,-0.484391,-0.042633249999999984,-0.5021969999999999,0.005425849999999982,0.017805999999999877,0.018614335449392103
0.09375,0.08625,0.005,6.25e-08,-0.0624709,-0.516865,-0.060015825000000016,-0.5310222499999999,-0.002455074999999987,0.014157249999999899,0.014368546231895629
0.09625,0.08625,0.005,6.25e-08,-0.0522599,-0.450968,-0.0406486999999999,-0.44558574999999945,-0.0116112000000001,-0.0053822500000005324,0.012797991268261907
0.09875,0.08625,0.005,6.25e-08,-0.017902,-0.216715,-0.006940974999999926,-0.19208099999999897,-0.010961025000000076,-0.024634000000001016,0.026962530019467325
0.00125,0.08875,0.005,6.25e-08,-0.0143352,0.0990124,-0.006473252499999992,0.08981204999999993,-0.007861947500000008,0.009200350000000065,0.012101927888367935
0.00375,0.08875,0.005,6.25e-08,-0.0452695,0.203567,-0.040493274999999954,0.2076229999999999,-0.004776225000000044,-0.004055999999999893,0.006266056275730737
0.00625,0.08875,0.005,6.25e-08,-0.0711775,0.243203,-0.07193174999999995,0.2538862499999999,0.0007542499999999425,-0.010683249999999922,0.010709842371622388
0.00875,0.08875,0.005,6.25e-08,-0.0793389,0.247994,-0.08454702499999998,0.25799275,0.00520812499999998,-0.00999875,0.011273844401007352
0.01125,0.08875,0.005,6.25e-08,-0.0712602,0.236753,-0.07842030000000001,0.24333375000000004,0.0071601000000000165,-0.006580750000000052,0.009724880594254148
0.01375,0.08875,0.005,6.25e-08,-0.0520033,0.219352,-0.05887380000000006,0.22263775000000008,0.006870500000000057,-0.003285750000000087,0.007615768071081299
0.01625,0.08875,0.005,6.25e-08,-0.0256475,0.200623,-0.031122175000000103,0.20157975000000006,0.005474675000000102,-0.0009567500000000617,0.005557646706846904
0.01875,0.08875,0.005,6.25e-08,0.00485001,0.182721,0.0010608449999998629,0.18227000000000007,0.003789165000000137,0.0004509999999999237,0.0038159104283546764
0.02125,0.08875,0.005,6.25e-08,0.0374278,0.16644,0.035236674999999856,0.1652422500000001,0.002191125000000141,0.0011977499999999142,0.0024971251126296038
0.02375,0.08875,0.005,6.25e-08,0.0707209,0.151932,0.06990874999999981,0.1504050000000001,0.0008121500000001919,0.0015269999999999173,0.0017295423159032735
0.02625,0.08875,0.005,6.25e-08,0.103853,0.139072,0.1041816999999998,0.13745600000000008,-0.00032869999999979305,0.001615999999999923,0.0016490905645232513
0.02875,0.08875,0.005,6.25e-08,0.13627,0.127628,0.13752524999999977,0.1260505000000001,-0.0012552499999997635,0.0015774999999998984,0.002015975895813014
0.03125,0.08875,0.005,6.25e-08,0.167619,0.11734,0.16962349999999976,0.1158617500000001,-0.0020044999999997704,0.0014782499999999033,0.0024906311072695596
0.03375,0.08875,0.005,6.25e-08,0.197672,0.107957,0.20028199999999977,0.10660000000000008,-0.002609999999999779,0.0013569999999999138,0.002941691520196945
0.03625,0.08875,0.005,6.25e-08,0.22627,0.0992423,0.22937074999999973,0.09801037500000007,-0.0031007499999997357,0.0012319249999999393,0.0033365086195187945
0.03875,0.08875,0.005,6.25e-08,0.253289,0.0909842,0.25678699999999977,0.08987072500000008,-0.003497999999999779,0.0011134749999999194,0.003670944098678605
0.04125,0.08875,0.005,6.25e-08,0.278618,0.0829881,0.28243474999999973,0.08198312500000007,-0.003816749999999758,0.001004974999999922,0.003946841181644252
0.04375,0.08875,0.005,6.25e-08,0.302143,0.0750757,0.3062097499999997,0.07416942500000007,-0.00406674999999973,0.0009062749999999287,0.004166508122891719
0.04625,0.08875,0.005,6.25e-08,0.323734,0.0670818,0.32799124999999973,0.06626590000000007,-0.004257249999999713,0.000815899999999925,0.004334728408158628
0.04875,0.08875,0.005,6.25e-08,0.343244,0.0588502,0.34763449999999974,0.05811922500000005,-0.004390499999999742,0.0007309749999999463,0.004450934137978527
0.05125,0.08875,0.005,6.25e-08,0.360495,0.0502312,0.3649667499999998,0.049582850000000046,-0.0044717499999997745,0.0006483499999999504,0.004518507030535409
0.05375,0.08875,0.005,6.25e-08,0.375281,0.0410777,0.37978224999999965,0.04051330000000003,-0.004501249999999679,0.0005643999999999719,0.004536496326736866
0.05625,0.08875,0.005,6.25e-08,0.38736,0.0312417,0.3918392499999997,0.03076627500000003,-0.004479249999999713,0.0004754249999999703,0.004504410004997591
0.05875,0.08875,0.005,6.25e-08,0.396449,0.0205693,0.40085449999999967,0.020191800000000034,-0.0044054999999996736,0.00037749999999996467,0.004421644094677578
0.06125,0.08875,0.005,6.25e-08,0.40222,0.00889424,0.4064977499999997,0.00862711750000001,-0.0042777499999996915,0.0002671224999999892,0.0042860820678684635
0.06375,0.08875,0.005,6.25e-08,0.404292,-0.00397482,0.4083842499999997,-0.004113855000000038,-0.004092249999999742,0.0001390350000000382,0.004094611189566465
0.06625,0.08875,0.005,6.25e-08,0.402222,-0.0182664,0.4060639999999997,-0.018257800000000053,-0.003841999999999679,-8.599999999945457e-06,0.003842009625182833
0.06875,0.08875,0.005,6.25e-08,0.395493,-0.0342783,0.39900649999999965,-0.03410075000000007,-0.0035134999999996697,-0.00017754999999992915,0.0035179832649541777
0.07125,0.08875,0.005,6.25e-08,0.383491,-0.0524231,0.38657949999999974,-0.05205654999999999,-0.0030884999999997165,-0.00036655000000000715,0.003110175421499285
0.07375,0.08875,0.005,6.25e-08,0.365484,-0.073305,0.3680137499999998,-0.07273982500000001,-0.0025297499999998307,-0.0005651749999999872,0.002592114550540568
0.07625,0.08875,0.005,6.25e-08,0.340588,-0.0978484,0.34236174999999974,-0.09710535,-0.0017737499999997408,-0.0007430499999999951,0.0019230996763036161
0.07875,0.08875,0.005,6.25e-08,0.307745,-0.127494,0.30845249999999963,-0.1266730000000002,-0.000707499999999639,-0.0008209999999997941,0.00108378837878949
0.08125,0.08875,0.005,6.25e-08,0.26575,-0.164451,0.26489474999999957,-0.16385350000000026,0.0008552500000004182,-0.000597499999999751,0.0010432922948533732
0.08375,0.08875,0.005,6.25e-08,0.213493,-0.211853,0.21030474999999954,-0.2122677500000003,0.0031882500000004477,0.0004147500000002968,0.0032151136255198043
0.08625,0.08875,0.005,6.25e-08,0.150701,-0.273273,0.14421074999999994,-0.27651724999999994,0.0064902500000000585,0.0032442499999999486,0.007255928825794835
0.08875,0.08875,0.005,6.25e-08,0.0798022,-0.350204,0.06955282499999998,-0.35959149999999995,0.010249375000000019,0.009387499999999938,0.013898735343211057
0.09125,0.08875,0.005,6.25e-08,0.00926541,-0.435145,-0.0024893299999999676,-0.4538062499999999,0.011754739999999968,0.018661249999999907,0.022054844457173026
0.09375,0.08875,0.005,6.25e-08,-0.0435231,-0.498566,-0.04870245000000005,-0.52125325,0.005179350000000048,0.022687249999999992,0.02327094710116028
0.09625,0.08875,0.005,6.25e-08,-0.0564373,-0.473414,-0.04566112499999991,-0.4763492499999995,-0.010776175000000096,0.0029352499999995008,0.01116877970922178
0.09875,0.08875,0.005,6.25e-08,-0.0238232,-0.252618,-0.009043522499999903,-0.21947474999999883,-0.014779677500000097,-0.03314325000000118,0.03628930817150676
0.00125,0.09125,0.005,6.25e-08,-0.0232533,0.134593,-0.01111499749999998,0.11974497499999988,-0.01213830250000002,0.014848025000000112,0.019178170767362956
0.00375,0.09125,0.005,6.25e-08,-0.0631188,0.238133,-0.05981379999999993,0.24915799999999988,-0.0033050000000000718,-0.011024999999999868,0.011509719805451285
0.00625,0.09125,0.005,6.25e-08,-0.0811938,0.256216,-0.08851409999999997,0.27254025,0.007320299999999974,-0.016324249999999985,0.017890442424727766
0.00875,0.09125,0.005,6.25e-08,-0.0716255,0.240918,-0.08338550000000004,0.2515255,0.011760000000000048,-0.01060750000000002,0.015837192183275468
0.01125,0.09125,0.005,6.25e-08,-0.0439304,0.215474,-0.05513002500000013,0.2197030000000001,0.01119962500000013,-0.004229000000000094,0.011971467793910182
0.01375,0.09125,0.005,6.25e-08,-0.00678861,0.189273,-0.015145843250000197,0.18942575000000014,0.008357233250000196,-0.00015275000000014582,0.00835862908361227
0.01625,0.09125,0.005,6.25e-08,0.0346227,0.165747,0.02938882499999975,0.1638622500000001,0.005233875000000249,0.0018847499999999073,0.005562888645130986
0.01875,0.09125,0.005,6.25e-08,0.077249,0.145716,0.07464404999999971,0.14304550000000016,0.002604950000000286,0.0026704999999998535,0.003730594423480085
0.02125,0.09125,0.005,6.25e-08,0.119339,0.128974,0.11874679999999974,0.1261812500000001,0.0005922000000002647,0.0027927499999998995,0.0028548473518736077
0.02375,0.09125,0.005,6.25e-08,0.159963,0.115009,0.16085674999999966,0.11240000000000012,-0.0008937499999996656,0.0026089999999998753,0.0027578379326020502
0.02625,0.09125,0.005,6.25e-08,0.198672,0.103278,0.20065024999999967,0.10096617500000012,-0.0019782499999996817,0.0023118249999998786,0.00304269746986505
0.02875,0.09125,0.005,6.25e-08,0.23528,0.0932951,0.23805174999999967,0.0912994500000001,-0.002771749999999684,0.0019956499999999044,0.0034154380370602345
0.03125,0.09125,0.005,6.25e-08,0.269735,0.0846543,0.27309399999999967,0.0829529750000001,-0.003358999999999668,0.0017013249999999064,0.00376528720758755
0.03375,0.09125,0.005,6.25e-08,0.302047,0.0770237,0.3058452499999997,0.0755801750000001,-0.00379824999999967,0.001443524999999904,0.004063307456755176
0.03625,0.09125,0.005,6.25e-08,0.332247,0.070132,0.33637499999999965,0.06890830000000008,-0.004127999999999632,0.0012236999999999248,0.004305557535325336
0.03875,0.09125,0.005,6.25e-08,0.360359,0.0637556,0.36473424999999965,0.06271742500000008,-0.004375249999999664,0.001038174999999919,0.004496734358745455
0.04125,0.09125,0.005,6.25e-08,0.386388,0.057707,0.3909444999999997,0.056825550000000065,-0.004556499999999686,0.0008814499999999365,0.004640974720088122
0.04375,0.09125,0.005,6.25e-08,0.410314,0.051825,0.41499599999999964,0.05107780000000006,-0.004681999999999631,0.000747199999999941,0.004741247920115173
0.04625,0.09125,0.005,6.25e-08,0.432084,0.0459686,0.4368424999999997,0.04533867500000006,-0.004758499999999666,0.000629924999999941,0.004800013307858817
0.04875,0.09125,0.005,6.25e-08,0.451611,0.0400109,0.4564014999999996,0.03948662500000005,-0.004790499999999642,0.0005242749999999491,0.004819103083108051
0.05125,0.09125,0.005,6.25e-08,0.468772,0.033835,0.4735524999999997,0.03340957500000004,-0.004780499999999688,0.0004254249999999585,0.004799392324099165
0.05375,0.09125,0.005,6.25e-08,0.483406,0.0273303,0.4881367499999997,0.027001500000000036,-0.004730749999999673,0.00032879999999996246,0.004742162481663495
0.05625,0.09125,0.005,6.25e-08,0.495314,0.020389,0.49995349999999966,0.020158725000000027,-0.0046394999999996855,0.00023027499999997425,0.004645211171262515
0.05875,0.09125,0.005,6.25e-08,0.50425,0.0129023,0.5087589999999996,0.012776200000000031,-0.004508999999999652,0.0001260999999999693,0.004510762929926251
0.06125,0.09125,0.005,6.25e-08,0.509923,0.00475461,0.5142624999999997,0.00474207750000001,-0.004339499999999719,1.253249999999019e-05,0.00433951809692664
0.06375,0.09125,0.005,6.25e-08,0.511989,-0.00418663,0.5161184999999997,-0.004070345000000026,-0.004129499999999675,-0.0001162849999999738,0.004131136944138056
0.06625,0.09125,0.005,6.25e-08,0.510042,-0.0140773,0.5139182499999997,-0.013815525000000042,-0.0038762499999996924,-0.0002617749999999572,0.003885079177201231
0.06875,0.09125,0.005,6.25e-08,0.503596,-0.025126,0.5071714999999997,-0.024697500000000056,-0.0035754999999996206,-0.0004284999999999428,0.003601084905968927
0.07125,0.09125,0.005,6.25e-08,0.492064,-0.0376271,0.4952817499999997,-0.03700735,-0.003217749999999686,-0.0006197499999999953,0.0032768895503202384
0.07375,0.09125,0.005,6.25e-08,0.474723,-0.0520257,0.4775037499999997,-0.051189350000000015,-0.002780749999999721,-0.0008363499999999857,0.002903799560058928
0.07625,0.09125,0.005,6.25e-08,0.450653,-0.0690307,0.4528712499999997,-0.06795837500000003,-0.0022182499999996996,-0.0010723249999999712,0.0024638413033561245
0.07875,0.09125,0.005,6.25e-08,0.418654,-0.0898125,0.4200912499999995,-0.08850877500000018,-0.0014372499999995014,-0.0013037249999998252,0.0019404603675734042
0.08125,0.09125,0.005,6.25e-08,0.377148,-0.11633,0.3773934999999995,-0.11487900000000022,-0.00024549999999951,-0.0014509999999997858,0.0014716219793136883
0.08375,0.09125,0.005,6.25e-08,0.324136,-0.151799,0.3224054999999995,-0.15053125000000028,0.0017305000000004678,-0.0012677499999997066,0.00214518537951872
0.08625,0.09125,0.005,6.25e-08,0.257477,-0.201046,0.25235874999999985,-0.20104000000000005,0.005118250000000157,-5.999999999950489e-06,0.00511825351682599
0.08875,0.09125,0.005,6.25e-08,0.176332,-0.269621,0.16566299999999995,-0.27388075000000006,0.01066900000000004,0.004259750000000062,0.0114879515607658
0.09125,0.09125,0.005,6.25e-08,0.0850368,-0.358522,0.06732565000000001,-0.37316625,0.01771114999999998,0.01464424999999997,0.022981272645025523
0.09375,0.09125,0.005,6.25e-08,-0.00112417,-0.449492,-0.019635647500000124,-0.4781847500000002,0.018511477500000123,0.02869275000000021,0.034145991006200464
0.09625,0.09125,0.005,6.25e-08,-0.0508268,-0.477973,-0.050309774999999966,-0.49675574999999983,-0.000517025000000032,0.018782749999999848,0.018789864619339847
0.09875,0.09125,0.005,6.25e-08,-0.0284642,-0.297286,-0.01310271749999986,-0.2552572499999987,-0.015361482500000138,-0.04202875000000128,0.04474808343561116
0.00125,0.09375,0.005,6.25e-08,-0.0326869,0.19125,-0.021482775000000003,0.1705975,-0.011204124999999995,0.02065249999999999,0.02349591822563282
0.00375,0.09375,0.005,6.25e-08,-0.0735872,0.267176,-0.08311597500000001,0.2914985,0.009528775000000003,-0.02432249999999997,0.026122434022323105
0.00625,0.09375,0.005,6.25e-08,-0.0587908,0.245063,-0.08010287499999999,0.26602624999999996,0.021312074999999993,-0.02096324999999996,0.02989418658147639
0.00875,0.09375,0.005,6.25e-08,-0.011743,0.206208,-0.030824339999999978,0.21390724999999997,0.019081339999999978,-0.007699249999999963,0.02057610232182224
0.01125,0.09375,0.005,6.25e-08,0.0460149,0.169633,0.0339463925,0.16913224999999998,0.012068507499999999,0.000500750000000022,0.01207889166438942
0.01375,0.09375,0.005,6.25e-08,0.105105,0.139362,0.0994526,0.13574224999999998,0.005652400000000002,0.0036197500000000327,0.006712094741770281
0.01625,0.09375,0.005,6.25e-08,0.161764,0.115638,0.16052975,0.11145474999999999,0.0012342499999999923,0.004183250000000013,0.004361531110172217
0.01875,0.09375,0.005,6.25e-08,0.214459,0.0973784,0.215958,0.09360589999999999,-0.0014990000000000003,0.003772500000000012,0.004059403558406098
0.02125,0.09375,0.005,6.25e-08,0.262797,0.0832824,0.26591450000000005,0.08019272499999999,-0.003117500000000051,0.003089675000000014,0.004389179633556299
0.02375,0.09375,0.005,6.25e-08,0.30693,0.0722558,0.31098225,0.06984325,-0.004052250000000035,0.0024125499999999994,0.004716049996024245
0.02625,0.09375,0.005,6.25e-08,0.347213,0.0634711,0.35179099999999996,0.06163512499999999,-0.004577999999999971,0.0018359750000000105,0.004932432280389136
0.02875,0.09375,0.005,6.25e-08,0.384035,0.0563193,0.38889999999999997,0.054942950000000004,-0.004864999999999953,0.0013763499999999984,0.005055943465120979
0.03125,0.09375,0.005,6.25e-08,0.417756,0.0503544,0.42276775,0.049333925,-0.0050117499999999815,0.0010204749999999999,0.005114587694831795
0.03375,0.09375,0.005,6.25e-08,0.448681,0.0452481,0.45375475,0.044500075,-0.005073749999999988,0.0007480249999999994,0.005128594394483237
0.03625,0.09375,0.005,6.25e-08,0.47705,0.0407547,0.48213375,0.040215249999999994,-0.0050837500000000535,0.0005394500000000038,0.005112291107223898
0.03875,0.09375,0.005,6.25e-08,0.503043,0.0366863,0.50810075,0.036307650000000004,-0.005057749999999972,0.00037864999999999427,0.005071904068986293
0.04125,0.09375,0.005,6.25e-08,0.526781,0.0328952,0.531786,0.032642275,-0.005004999999999926,0.00025292500000000107,0.005011386640005365
0.04375,0.09375,0.005,6.25e-08,0.548333,0.0292621,0.5532630000000001,0.029109375,-0.004930000000000101,0.0001527249999999994,0.0049323650438330285
0.04625,0.09375,0.005,6.25e-08,0.567716,0.0256871,0.57255175,0.025616625,-0.0048357500000000275,7.04750000000004e-05,0.004836263515165945
0.04875,0.09375,0.005,6.25e-08,0.584906,0.0220848,0.5896282500000001,0.022084275,-0.004722250000000039,5.250000000012189e-07,0.004722250029183691
0.05125,0.09375,0.005,6.25e-08,0.599832,0.0183792,0.60442175,0.018441174999999997,-0.004589749999999948,-6.197499999999884e-05,0.0045901684024798614
0.05375,0.09375,0.005,6.25e-08,0.612384,0.0145015,0.6168235,0.014622075,-0.00443949999999993,-0.0001205749999999995,0.00444113708194471
0.05625,0.09375,0.005,6.25e-08,0.622411,0.0103865,0.62668225,0.010565097499999999,-0.004271249999999949,-0.00017859749999999883,0.004274982295811973
0.05875,0.09375,0.005,6.25e-08,0.62972,0.00596992,0.6338064999999999,0.006209037500000006,-0.004086499999999993,-0.0002391175000000063,0.004093489883804062
0.06125,0.09375,0.005,6.25e-08,0.634073,0.00118374,0.637963,0.0014900785,-0.003889999999999949,-0.00030633850000000014,0.0039020434744607667
0.06375,0.09375,0.005,6.25e-08,0.63519,-0.00403891,0.6388695,-0.003663355000000015,-0.0036794999999999467,-0.0003755549999999849,0.003698616201773928
0.06625,0.09375,0.005,6.25e-08,0.632732,-0.0097923,0.63619025,-0.009338617500000016,-0.003458249999999996,-0.0004536824999999845,0.0034878820039253348
0.06875,0.09375,0.005,6.25e-08,0.626288,-0.0161964,0.629518,-0.01565255000000002,-0.003230000000000066,-0.0005438499999999812,0.00327546528336058
0.07125,0.09375,0.005,6.25e-08,0.615354,-0.0234233,0.6183510000000001,-0.02277512499999998,-0.0029970000000001384,-0.0006481750000000217,0.003066290891390746
0.07375,0.09375,0.005,6.25e-08,0.599294,-0.0317409,0.6020477500000001,-0.030971899999999972,-0.0027537500000001103,-0.0007690000000000301,0.0028591082635151563
0.07625,0.09375,0.005,6.25e-08,0.577265,-0.0415905,0.5797485,-0.04068172499999997,-0.002483499999999972,-0.0009087750000000352,0.002644549914564844
0.07875,0.09375,0.005,6.25e-08,0.548102,-0.0537331,0.5502404999999999,-0.05266290000000004,-0.002138499999999932,-0.0010701999999999587,0.002391340688818643
0.08125,0.09375,0.005,6.25e-08,0.510122,-0.0695285,0.5117212499999999,-0.06827495000000006,-0.001599249999999941,-0.0012535499999999367,0.00203199118231346
0.08375,0.09375,0.005,6.25e-08,0.46084,-0.0914632,0.4614079999999998,-0.09002365000000007,-0.0005679999999997909,-0.0014395499999999284,0.0015475555571608911
0.08625,0.09375,0.005,6.25e-08,0.396664,-0.12404,0.3950092500000002,-0.12257374999999988,0.001654749999999816,-0.0014662500000001133,0.002210901767379031
0.08875,0.09375,0.005,6.25e-08,0.313272,-0.174721,0.30649150000000025,-0.17433099999999982,0.006780499999999745,-0.000390000000000168,0.006791706725852985
0.09125,0.09375,0.005,6.25e-08,0.208182,-0.252602,0.19048950000000037,-0.2581637499999997,0.01769249999999964,0.005561749999999699,0.01854609444903384
0.09375,0.09375,0.005,6.25e-08,0.0869447,-0.357482,0.05529534999999999,-0.38114549999999997,0.03164935000000001,0.02366349999999995,0.0395176237604502
0.09625,0.09375,0.005,6.25e-08,-0.0167368,-0.445328,-0.04379655000000013,-0.48432350000000013,0.02705975000000013,0.03899550000000013,0.047464503476940714
0.09875,0.09375,0.005,6.25e-08,-0.0210182,-0.344874,-0.022289374999999813,-0.30610574999999873,0.001271174999999812,-0.03876825000000128,0.03878908472680457
0.00125,0.09625,0.005,6.25e-08,-0.011842,0.252707,-0.04906212500000012,0.2590315000000003,0.037220125000000125,-0.006324500000000288,0.03775363565626015
0.00375,0.09625,0.005,6.25e-08,-0.0191159,0.255906,-0.06363074999999974,0.2855117499999998,0.04451484999999973,-0.029605749999999764,0.05346094185089674
0.00625,0.09625,0.005,6.25e-08,0.0737165,0.184868,0.04571223175000072,0.19188199999999964,0.028004268249999284,-0.007013999999999632,0.028869278415262007
0.00875,0.09625,0.005,6.25e-08,0.17535,0.13287,0.1635920000000009,0.12749374999999968,0.011757999999999103,0.005376250000000304,0.012928829338439045
0.01125,0.09625,0.005,6.25e-08,0.261817,0.0975807,0.2614392500000009,0.08941877499999976,0.00037774999999912184,0.00816192500000025,0.008170661831707908
0.01375,0.09625,0.005,6.25e-08,0.334157,0.0731333,0.3396047500000009,0.0663582499999998,-0.005447750000000917,0.006775050000000199,0.008693634600385082
0.01625,0.09625,0.005,6.25e-08,0.395141,0.0562945,0.40271525000000086,0.051655299999999835,-0.007574250000000837,0.004639200000000163,0.008882085323983
0.01875,0.09625,0.005,6.25e-08,0.446821,0.0446739,0.4547787500000008,0.04178062499999986,-0.007957750000000763,0.0028932750000001395,0.008467397787286125
0.02125,0.09625,0.005,6.25e-08,0.49101,0.0364944,0.49867650000000086,0.03482542499999988,-0.007666500000000853,0.001668975000000121,0.007846062694156762
0.02375,0.09625,0.005,6.25e-08,0.52925,0.0305676,0.5364040000000008,0.029712249999999902,-0.007154000000000771,0.0008553500000000984,0.0072049524372136695
0.02625,0.09625,0.005,6.25e-08,0.562742,0.0261331,0.5693430000000007,0.025804699999999913,-0.006601000000000745,0.00032840000000008626,0.0066091639077881775
0.02875,0.09625,0.005,6.25e-08,0.592381,0.0227021,0.5984605000000006,0.022709849999999924,-0.0060795000000005706,-7.749999999924484e-06,0.006079504939755122
0.03125,0.09625,0.005,6.25e-08,0.618828,0.0199537,0.6244402500000006,0.020174699999999934,-0.00561225000000054,-0.00022099999999993306,0.005616599599624851
0.03375,0.09625,0.005,6.25e-08,0.64257,0.0176735,0.6477702500000005,0.01802934999999994,-0.0052002500000005725,-0.00035584999999993885,0.005212411081736159
0.03625,0.09625,0.005,6.25e-08,0.663961,0.0157138,0.6687975000000006,0.016154824999999942,-0.0048365000000005764,-0.00044102499999994216,0.004856566204699625
0.03875,0.09625,0.005,6.25e-08,0.683251,0.0139698,0.6877660000000005,0.014464599999999949,-0.004515000000000491,-0.0004947999999999498,0.004542031708388261
0.04125,0.09625,0.005,6.25e-08,0.700613,0.0123643,0.7048380000000005,0.012892849999999954,-0.004225000000000478,-0.0005285499999999541,0.0042579326089669375
0.04375,0.09625,0.005,6.25e-08,0.716152,0.010838,0.7201142500000005,0.01138790749999996,-0.0039622500000005,-0.0005499074999999604,0.004000227908639728
0.04625,0.09625,0.005,6.25e-08,0.729921,0.00934378,0.7336435000000006,0.009907487499999965,-0.003722500000000517,-0.0005637074999999651,0.0037649398926888674
0.04875,0.09625,0.005,6.25e-08,0.74193,0.00784292,0.7454307500000005,0.00841608749999997,-0.0035007500000004965,-0.0005731674999999697,0.0035473612087803647
0.05125,0.09625,0.005,6.25e-08,0.752146,0.00630235,0.7554427500000004,0.006882914999999975,-0.0032967500000004035,-0.0005805649999999747,0.003347479093546012
0.05375,0.09625,0.005,6.25e-08,0.760503,0.00469297,0.7636117500000004,0.0052804374999999805,-0.0031087500000003265,-0.0005874674999999802,0.003163770634236663
0.05625,0.09625,0.005,6.25e-08,0.7669,0.0029882,0.7698392500000004,0.0035832174999999855,-0.002939250000000393,-0.0005950174999999856,0.0029988725194326853
0.05875,0.09625,0.005,6.25e-08,0.771204,0.0011627,0.7739955000000004,0.001766709999999994,-0.002791500000000391,-0.000604009999999994,0.002856098795578013
0.06125,0.09625,0.005,6.25e-08,0.773257,-0.00080714,0.7759200000000004,-0.00019426487500000207,-0.002663000000000415,-0.0006128751249999979,0.002732615033049107
0.06375,0.09625,0.005,6.25e-08,0.77286,-0.00294845,0.7754197500000004,-0.0023277250000000014,-0.002559750000000416,-0.0006207249999999986,0.0026339361397207653
0.06625,0.09625,0.005,6.25e-08,0.769769,-0.00529913,0.7722627500000003,-0.004668079999999995,-0.0024937500000002943,-0.0006310500000000054,0.002572355567374284
0.06875,0.09625,0.005,6.25e-08,0.7637,-0.00790586,0.7661675000000004,-0.007262137499999986,-0.0024675000000004,-0.0006437225000000147,0.002550085274458139
0.07125,0.09625,0.005,6.25e-08,0.754294,-0.0108381,0.7567845000000004,-0.010179482499999962,-0.002490500000000395,-0.0006586175000000381,0.0025761147608963906
0.07375,0.09625,0.005,6.25e-08,0.741091,-0.0142079,0.7436582500000004,-0.013531224999999947,-0.002567250000000354,-0.0006766750000000536,0.0026549315656202686
0.07625,0.09625,0.005,6.25e-08,0.723461,-0.0182055,0.7261660000000004,-0.017504599999999933,-0.0027050000000004015,-0.0007009000000000667,0.002794331012962184
0.07875,0.09625,0.005,6.25e-08,0.700496,-0.0231691,0.7033952500000004,-0.022430199999999945,-0.002899250000000353,-0.0007389000000000562,0.0029919264316660816
0.08125,0.09625,0.005,6.25e-08,0.670792,-0.0297326,0.6739207500000004,-0.028918549999999925,-0.0031287500000003465,-0.0008140500000000765,0.0032329172530397824
0.08375,0.09625,0.005,6.25e-08,0.632056,-0.039152,0.6353705000000004,-0.03815157499999991,-0.003314500000000442,-0.0010004250000000894,0.0034621901205202626
0.08625,0.09625,0.005,6.25e-08,0.580383,-0.0540583,0.5835742500000007,-0.05253604999999978,-0.003191250000000756,-0.0015222500000002179,0.0035357208069933194
0.08875,0.09625,0.005,6.25e-08,0.509302,-0.08013,0.5109445000000009,-0.07722257499999967,-0.0016425000000008794,-0.002907425000000338,0.0033393002830877394
0.09125,0.09625,0.005,6.25e-08,0.408817,-0.128958,0.4039360000000011,-0.12361449999999946,0.0048809999999988585,-0.005343500000000528,0.00723720617710968
0.09375,0.09625,0.005,6.25e-08,0.265132,-0.217271,0.24319625000000078,-0.21557924999999944,0.0219357499999992,-0.001691750000000547,0.022000889666669545
0.09625,0.09625,0.005,6.25e-08,0.0965709,-0.338512,0.035837244999999934,-0.37577649999999996,0.06073365500000007,0.03726449999999998,0.07125461255181331
0.09875,0.09625,0.005,6.25e-08,0.0409883,-0.342055,-0.04495562499999986,-0.37728949999999917,0.08594392499999987,0.03523449999999917,0.09288610356051945
0.00125,0.09875,0.005,6.25e-08,0.280463,0.141772,0.014396225000001303,0.2808182499999993,0.2660667749999987,-0.13904624999999932,0.3002089079257347
0.00375,0.09875,0.005,6.25e-08,0.358052,0.123216,0.35333175000000255,0.09655334999999923,0.004720249999997428,0.026662650000000773,0.02707725364738856
0.00625,0.09875,0.005,6.25e-08,0.502818,0.0770752,0.5436800000000022,0.039516374999999604,-0.040862000000002174,0.03755882500000039,0.055501066470661914
0.00875,0.09875,0.005,6.25e-08,0.612755,0.0477782,0.6443280000000019,0.021040174999999776,-0.03157300000000185,0.026738025000000224,0.04137361852558649
0.01125,0.09875,0.005,6.25e-08,0.682483,0.0305213,0.7053625000000014,0.01317044499999986,-0.022879500000001496,0.01735085500000014,0.028714520533714268
0.01375,0.09875,0.005,6.25e-08,0.729756,0.020024,0.7466092500000013,0.009152114999999902,-0.016853250000001374,0.010871885000000098,0.020055670495293183
0.01625,0.09875,0.005,6.25e-08,0.764444,0.013621,0.7767442500000011,0.006837764999999926,-0.012300250000001123,0.006783235000000073,0.01404665181200679
0.01875,0.09875,0.005,6.25e-08,0.791011,0.00971605,0.8000540000000012,0.0053825799999999415,-0.009043000000001133,0.004333470000000059,0.010027702191475424
0.02125,0.09875,0.005,6.25e-08,0.812056,0.00728657,0.8188652500000009,0.004402764999999952,-0.006809250000000877,0.0028838050000000483,0.007394742513471123
0.02375,0.09875,0.005,6.25e-08,0.82928,0.0057183,0.834534750000001,0.0037049349999999596,-0.005254750000000974,0.0020133650000000404,0.005627258318731725
0.02625,0.09875,0.005,6.25e-08,0.843774,0.0046584,0.8479002500000009,0.0031835849999999654,-0.004126250000000886,0.0014748150000000347,0.004381896660891538
0.02875,0.09875,0.005,6.25e-08,0.856226,0.00390448,0.8595017500000008,0.00277727499999997,-0.003275750000000799,0.00112720500000003,0.0034642645936086205
0.03125,0.09875,0.005,6.25e-08,0.867086,0.00333843,0.8696987500000006,0.002448149999999973,-0.0026127500000006076,0.0008902800000000267,0.0027602646686329235
0.03375,0.09875,0.005,6.25e-08,0.876653,0.0028897,0.8787370000000008,0.0021716399999999764,-0.002084000000000752,0.0007180600000000234,0.0022042382275069923
0.03625,0.09875,0.005,6.25e-08,0.88513,0.00251492,0.8867847500000007,0.0019310122499999788,-0.0016547500000007043,0.0005839077500000211,0.0017547495043488167
0.03875,0.09875,0.005,6.25e-08,0.892652,0.00218626,0.8939565000000006,0.0017143314999999812,-0.0013045000000005968,0.00047192850000001897,0.0013872406997755742
0.04125,0.09875,0.005,6.25e-08,0.899306,0.00188498,0.9003282500000006,0.0015127059999999835,-0.0010222500000005574,0.0003722740000000166,0.0010879260055615693
0.04375,0.09875,0.005,6.25e-08,0.905146,0.00159776,0.9059452500000005,0.0013192532499999854,-0.0007992500000004732,0.00027850675000001455,0.0008463844116572132
0.04625,0.09875,0.005,6.25e-08,0.910197,0.00131466,0.9108300000000006,0.0011284412499999875,-0.0006330000000005498,0.00018621875000001255,0.0006598230238876659
0.04875,0.09875,0.005,6.25e-08,0.914462,0.0010279,0.9149850000000005,0.0009356834999999895,-0.0005230000000004953,9.221650000001047e-05,0.0005310676820074537
0.05125,0.09875,0.005,6.25e-08,0.917928,0.000731138,0.9183960000000004,0.0007370837499999917,-0.00046800000000046804,-5.945749999991729e-06,0.0004680377676464801
0.05375,0.09875,0.005,6.25e-08,0.920562,0.000419007,0.9210362500000004,0.0005292159999999938,-0.0004742500000004535,-0.00011020899999999382,0.00048688713905938074
0.05625,0.09875,0.005,6.25e-08,0.922321,8.67611e-05,0.9228647500000003,0.00030898199999999617,-0.0005437500000003981,-0.00022222089999999616,0.0005874063252104467
0.05875,0.09875,0.005,6.25e-08,0.92315,-0.000269781,0.9238295000000005,7.344094249999901e-05,-0.0006795000000004991,-0.00034322194249999905,0.0007612631291571601
0.06125,0.09875,0.005,6.25e-08,0.922977,-0.000650737,0.9238667500000005,-0.00018039374999999862,-0.0008897500000004666,-0.00047034325000000135,0.001006418320243324
0.06375,0.09875,0.005,6.25e-08,0.921718,-0.00106749,0.9229010000000004,-0.0004558609999999965,-0.0011830000000003782,-0.0006116290000000035,0.001331757873504752
0.06625,0.09875,0.005,6.25e-08,0.919275,-0.00152385,0.9208407500000004,-0.0007571424999999934,-0.0015657500000004765,-0.0007667075000000066,0.001743391365430537
0.06875,0.09875,0.005,6.25e-08,0.915532,-0.00202769,0.9175775000000004,-0.0010900882499999898,-0.0020455000000003665,-0.0009376017500000102,0.002250148282137109
0.07125,0.09875,0.005,6.25e-08,0.91034,-0.00259249,0.9129740000000005,-0.0014636599999999838,-0.0026340000000004693,-0.001128830000000016,0.0028656959309917213
0.07375,0.09875,0.005,6.25e-08,0.903507,-0.00324091,0.9068497500000006,-0.0018924647499999794,-0.003342750000000616,-0.0013484452500000207,0.0036044808439984442
0.07625,0.09875,0.005,6.25e-08,0.894764,-0.00401247,0.8989537500000006,-0.002401524999999974,-0.004189750000000547,-0.001610945000000026,0.004488780330505122
0.07875,0.09875,0.005,6.25e-08,0.883709,-0.00497927,0.8889067500000005,-0.0030355199999999704,-0.005197750000000556,-0.0019437500000000297,0.005549303481069124
0.08125,0.09875,0.005,6.25e-08,0.869691,-0.00628052,0.8761030000000006,-0.003877964999999962,-0.006412000000000639,-0.0024025550000000384,0.006847336308962295
0.08375,0.09875,0.005,6.25e-08,0.851568,-0.00820662,0.8594935000000007,-0.0050940024999999505,-0.007925500000000696,-0.003112617500000049,0.00851480698262254
0.08625,0.09875,0.005,6.25e-08,0.827136,-0.0114229,0.8371322500000009,-0.00703433499999992,-0.009996250000000928,-0.0043885650000000795,0.010917166153436717
0.08875,0.09875,0.005,6.25e-08,0.79182,-0.0175992,0.8050927500000011,-0.010517264999999876,-0.013272750000001166,-0.0070819350000001224,0.015043925548431755
0.09125,0.09875,0.005,6.25e-08,0.735403,-0.0311597,0.7546322500000013,-0.01772228499999979,-0.019229250000001308,-0.01343741500000021,0.02345907452234169
0.09375,0.09875,0.005,6.25e-08,0.630318,-0.062503,0.6636662500000016,-0.03576454999999964,-0.03334825000000152,-0.026738450000000365,0.04274401111811011
0.09625,0.09875,0.005,6.25e-08,0.451444,-0.123834,0.4683040000000014,-0.09629889999999947,-0.016860000000001374,-0.027535100000000534,0.03228686005188606
0.09875,0.09875,0.005,6.25e-08,0.324834,-0.155615,0.05553467500000028,-0.31793274999999976,0.26929932499999976,0.16231774999999976,0.31443469657548595
