x,y,z,V,Ux,Uy,Ux_M160_interp,Uy_M160_interp,dUx,dUy,dU_mag_star
0.00125,0.00125,0.005,6.25e-08,6.77696e-05,-6.76385e-05,2.1433875000000003e-05,-2.1497624999999997e-05,4.633572499999999e-05,-4.6140875e-05,6.539097611323178e-05
0.00375,0.00125,0.005,6.25e-08,0.000165644,-5.67497e-05,8.053915e-05,-1.2283925000000003e-05,8.510485e-05,-4.4465775e-05,9.602104269311558e-05
0.00625,0.00125,0.005,6.25e-08,0.000143164,1.73692e-06,3.354417499999998e-05,2.7194130000000007e-05,0.000109619825,-2.5457210000000005e-05,0.00011253699646789374
0.00875,0.00125,0.005,6.25e-08,-5.23067e-05,6.51922e-05,-0.00017141392500000008,7.024702500000002e-05,0.00011910722500000007,-5.05482500000002e-06,0.00011921443831592408
0.01125,0.00125,0.005,6.25e-08,-0.000416447,0.000120569,-0.00053122425,0.00010838732499999999,0.00011477725000000002,1.218167500000001e-05,0.00011542187974282922
0.01375,0.00125,0.005,6.25e-08,-0.000922098,0.000164031,-0.0010233535,0.000139214575,0.00010125550000000003,2.4816424999999997e-05,0.00010425224808142331
0.01625,0.00125,0.005,6.25e-08,-0.00153856,0.000195859,-0.001619995,0.00016253447499999999,8.143499999999993e-05,3.332452500000001e-05,8.79896766187694e-05
0.01875,0.00125,0.005,6.25e-08,-0.00223631,0.000217747,-0.00229374,0.000178965475,5.742999999999981e-05,3.878152499999998e-05,6.929799117814024e-05
0.02125,0.00125,0.005,6.25e-08,-0.00298914,0.000231542,-0.0030196575000000004,0.00018934935000000002,3.0517500000000475e-05,4.219264999999998e-05,5.207242571911287e-05
0.02375,0.00125,0.005,6.25e-08,-0.00377444,0.000238781,-0.0037757374999999997,0.00019447267500000002,1.297499999999667e-06,4.4308324999999985e-05,4.432731855814902e-05
0.02625,0.00125,0.005,6.25e-08,-0.00457263,0.000240556,-0.0045425349999999995,0.00019494755,-3.0095000000000816e-05,4.5608450000000005e-05,5.464283792412826e-05
0.02875,0.00125,0.005,6.25e-08,-0.00536619,0.000237511,-0.005302495000000001,0.000191174475,-6.369499999999903e-05,4.6336525e-05,7.876627815299833e-05
0.03125,0.00125,0.005,6.25e-08,-0.00613881,0.000229902,-0.006039207499999999,0.000183360625,-9.960250000000045e-05,4.6541375000000006e-05,0.00010993979076358439
0.03375,0.00125,0.005,6.25e-08,-0.00687458,0.0002177,-0.006736809999999999,0.000171564525,-0.0001377700000000006,4.613547500000002e-05,0.00014528955555536603
0.03625,0.00125,0.005,6.25e-08,-0.00755749,0.000200695,-0.0073795350000000004,0.000155763375,-0.0001779549999999996,4.4931625000000004e-05,0.00018353973125767752
0.03875,0.00125,0.005,6.25e-08,-0.00817117,0.000178616,-0.007951567500000001,0.00013592204999999998,-0.00021960249999999903,4.269395000000003e-05,0.00022371417338392326
0.04125,0.00125,0.005,6.25e-08,-0.00869895,0.000151244,-0.008437145,0.00011206525000000001,-0.00026180500000000037,3.9178749999999995e-05,0.0002647202910178264
0.04375,0.00125,0.005,6.25e-08,-0.00912424,0.000118512,-0.0088209,8.434259999999999e-05,-0.0003033400000000009,3.416940000000002e-05,0.00030525842084430784
0.04625,0.00125,0.005,6.25e-08,-0.00943111,8.06019e-05,-0.0090885475,5.308415e-05,-0.0003425624999999991,2.7517750000000006e-05,0.00034366596132190906
0.04875,0.00125,0.005,6.25e-08,-0.00960512,3.8016e-05,-0.0092274275,1.8839235e-05,-0.0003776925000000004,1.9176765000000003e-05,0.00037817902225284196
0.05125,0.00125,0.005,6.25e-08,-0.00963433,-8.37233e-06,-0.0092276825,-1.7600045e-05,-0.0004066474999999993,9.227715e-06,0.000406752184973075
0.05375,0.00125,0.005,6.25e-08,-0.00951032,-5.73065e-05,-0.009083005,-5.5197599999999995e-05,-0.0004273149999999993,-2.108900000000003e-06,0.00042732020392699597
0.05625,0.00125,0.005,6.25e-08,-0.00922927,-0.000107135,-0.008791519999999999,-9.269465e-05,-0.00043775000000000064,-1.4440350000000001e-05,0.00043798811194839873
0.05875,0.00125,0.005,6.25e-08,-0.00879291,-0.000155881,-0.008356625,-0.00012865462499999996,-0.0004362849999999998,-2.7226375000000033e-05,0.000437133705770489
0.06125,0.00125,0.005,6.25e-08,-0.00820924,-0.000201323,-0.00778748,-0.000161532325,-0.0004217599999999993,-3.979067500000001e-05,0.00042363285450606287
0.06375,0.00125,0.005,6.25e-08,-0.00749294,-0.000241125,-0.007099217499999998,-0.00018976282500000007,-0.00039372250000000233,-5.1362174999999925e-05,0.00039705853476154174
0.06625,0.00125,0.005,6.25e-08,-0.00666544,-0.00027299,-0.006312854999999997,-0.00021186275000000004,-0.0003525850000000025,-6.112724999999994e-05,0.0003578445513313906
0.06875,0.00125,0.005,6.25e-08,-0.00575441,-0.000294839,-0.005454742499999997,-0.00022654150000000003,-0.00029966750000000233,-6.829749999999994e-05,0.0003073518489654835
0.07125,0.00125,0.005,6.25e-08,-0.00479287,-0.000304983,-0.0045555950000000026,-0.00023280525000000002,-0.00023727499999999773,-7.217774999999997e-05,0.0002480101877344183
0.07375,0.00125,0.005,6.25e-08,-0.00381781,-0.000302286,-0.0036491900000000027,-0.00023005075000000002,-0.00016861999999999737,-7.223525e-05,0.0001834410961114265
0.07625,0.00125,0.005,6.25e-08,-0.00286832,-0.000286282,-0.0027707325000000025,-0.00021813175000000005,-9.758749999999768e-05,-6.815024999999995e-05,0.00011902847025527985
0.07875,0.00125,0.005,6.25e-08,-0.00198358,-0.000257245,-0.0019549899999999976,-0.00019740259999999994,-2.859000000000238e-05,-5.984240000000008e-05,6.63211952377228e-05
0.08125,0.00125,0.005,6.25e-08,-0.00120056,-0.000216206,-0.0012343367499999982,-0.0001687312749999999,3.3776749999998206e-05,-4.74747250000001e-05,5.826421160873983e-05
0.08375,0.00125,0.005,6.25e-08,-0.000551684,-0.000164954,-0.0006367579999999986,-0.0001335011499999999,8.507399999999857e-05,-3.145285000000011e-05,9.070207962953365e-05
0.08625,0.00125,0.005,6.25e-08,-6.2452e-05,-0.000106118,-0.00018379172500000102,-9.362807500000011e-05,0.00012133972500000102,-1.248992499999989e-05,0.00012198084722439622
0.08875,0.00125,0.005,6.25e-08,0.000250891,-4.34076e-05,0.0001117404499999994,-5.166372500000012e-05,0.0001391505500000006,8.25612500000012e-06,0.00013939526234889868
0.09125,0.00125,0.005,6.25e-08,0.000384797,1.79821e-05,0.00024875899999999987,-1.1130930000000106e-05,0.0001360380000000001,2.9113030000000104e-05,0.0001391183164065068
0.09375,0.00125,0.005,6.25e-08,0.000353961,6.86632e-05,0.00024304374999999998,2.2527e-05,0.00011091725000000004,4.613620000000001e-05,0.00012012986846743199
0.09625,0.00125,0.005,6.25e-08,0.000209055,9.20249e-05,0.00013745022499999965,3.939157500000001e-05,7.160477500000036e-05,5.2633324999999985e-05,8.886793968218404e-05
0.09875,0.00125,0.005,6.25e-08,5.87904e-05,5.86687e-05,2.0790487499999783e-05,2.081056499999988e-05,3.7999912500000216e-05,3.785813500000013e-05,5.3639833479289505e-05
0.00125,0.00375,0.005,6.25e-08,5.91501e-05,-0.000167805,1.2587215000000001e-05,-8.0921425e-05,4.6562885e-05,-8.688357500000001e-05,9.857412370548293e-05
0.00375,0.00375,0.005,6.25e-08,4.21153e-05,-3.9825e-05,-4.241027499999997e-05,4.2380457499999965e-05,8.452557499999996e-05,-8.220545749999996e-05,0.00011790805770542113
0.00625,0.00375,0.005,6.25e-08,-0.000298603,0.000253641,-0.00038487100000000006,0.0003348065,8.626800000000008e-05,-8.116550000000002e-05,0.00011844832719059402
0.00875,0.00375,0.005,6.25e-08,-0.00102475,0.000572593,-0.0011014935,0.0006597395000000001,7.674349999999995e-05,-8.714650000000003e-05,0.00011612095958310023
0.01125,0.00375,0.005,6.25e-08,-0.00212779,0.000862354,-0.0021920125000000003,0.000957097,6.422250000000023e-05,-9.4743e-05,0.00011445857571737484
0.01375,0.00375,0.005,6.25e-08,-0.00356146,0.00110147,-0.0036124624999999996,0.0012039662499999998,5.1002499999999815e-05,-0.00010249624999999975,0.00011448465517401199
0.01625,0.00375,0.005,6.25e-08,-0.00526387,0.0012853,-0.005301005,0.0013946625,3.713499999999977e-05,-0.00010936249999999995,0.00011549530133840932
0.01875,0.00375,0.005,6.25e-08,-0.00716977,0.00141695,-0.0071917325,0.0015311149999999998,2.1962500000000107e-05,-0.00011416499999999984,0.00011625832714799387
0.02125,0.00375,0.005,6.25e-08,-0.00921667,0.00150207,-0.009221185,0.0016180899999999995,4.5150000000000745e-06,-0.00011601999999999945,0.00011610781896582104
0.02375,0.00375,0.005,6.25e-08,-0.011347,0.00154631,-0.01133075,0.0016606949999999998,-1.6249999999998904e-05,-0.00011438499999999983,0.0001155335047724249
0.02625,0.00375,0.005,6.25e-08,-0.0135082,0.00155419,-0.013466800000000001,0.0016632324999999997,-4.139999999999873e-05,-0.00010904249999999969,0.00011663715877133592
0.02875,0.00375,0.005,6.25e-08,-0.0156517,0.0015287,-0.015579800000000001,0.0016287049999999998,-7.189999999999974e-05,-0.0001000049999999998,0.0001231690302998279
0.03125,0.00375,0.005,6.25e-08,-0.0177313,0.00147136,-0.01762295,0.0015588549999999998,-0.00010835000000000011,-8.749499999999993e-05,0.0001392662828002529
0.03375,0.00375,0.005,6.25e-08,-0.0197023,0.00138254,-0.019551149999999996,0.0014544324999999998,-0.00015115000000000267,-7.189249999999979e-05,0.0001673763844042844
0.03625,0.00375,0.005,6.25e-08,-0.0215204,0.00126197,-0.02131995,0.0013156624999999997,-0.00020044999999999785,-5.369249999999967e-05,0.00020751647418036263
0.03875,0.00375,0.005,6.25e-08,-0.0231416,0.00110922,-0.022885774999999997,0.00114277875,-0.0002558250000000012,-3.355874999999998e-05,0.00025801670551838906
0.04125,0.00375,0.005,6.25e-08,-0.0245221,0.000924282,-0.0242058,0.0009365352499999999,-0.000316300000000002,-1.2253249999999915e-05,0.00031653725236623217
0.04375,0.00375,0.005,6.25e-08,-0.0256198,0.000708079,-0.0252394,0.0006987122499999999,-0.00038040000000000296,9.366750000000166e-06,0.0003805153032475366
0.04625,0.00375,0.005,6.25e-08,-0.0263956,0.000462901,-0.025949450000000002,0.000432524,-0.0004461499999999993,3.0376999999999997e-05,0.00044718294313289656
0.04875,0.00375,0.005,6.25e-08,-0.0268151,0.000192745,-0.026304249999999998,0.00014290509999999998,-0.0005108500000000037,4.983990000000002e-05,0.0005132754992516336
0.05125,0.00375,0.005,6.25e-08,-0.0268513,-9.64705e-05,-0.0262797,-0.00016333749999999998,-0.000571600000000002,6.686699999999998e-05,0.0005754978329142536
0.05375,0.00375,0.005,6.25e-08,-0.0264866,-0.000396842,-0.02586165,-0.00047753999999999993,-0.0006249499999999991,8.069799999999992e-05,0.0006301386115006752
0.05625,0.00375,0.005,6.25e-08,-0.0257151,-0.000698611,-0.025047725,-0.0007893727499999999,-0.0006673750000000013,9.07617499999999e-05,0.0006735184376749193
0.05875,0.00375,0.005,6.25e-08,-0.0245449,-0.000990471,-0.023849275,-0.0010872129999999994,-0.0006956250000000018,9.674199999999949e-05,0.0007023198382425221
0.06125,0.00375,0.005,6.25e-08,-0.0229992,-0.00126006,-0.022292399999999997,-0.0013586975,-0.000706800000000004,9.863750000000011e-05,0.0007136494912814383
0.06375,0.00375,0.005,6.25e-08,-0.0211172,-0.00149465,-0.020418424999999994,-0.0015913950000000004,-0.0006987750000000056,9.674500000000051e-05,0.0007054403558416601
0.06625,0.00375,0.005,6.25e-08,-0.0189539,-0.00168194,-0.018283224999999993,-0.0017736300000000004,-0.000670675000000006,9.169000000000039e-05,0.0006769135925101579
0.06875,0.00375,0.005,6.25e-08,-0.0165786,-0.00181096,-0.015956099999999994,-0.0018952900000000002,-0.000622500000000005,8.43300000000003e-05,0.0006281861180414657
0.07125,0.00375,0.005,6.25e-08,-0.0140733,-0.00187297,-0.013517000000000006,-0.0019486399999999997,-0.000556299999999994,7.566999999999969e-05,0.0005614228699474161
0.07375,0.00375,0.005,6.25e-08,-0.0115284,-0.00186229,-0.011053422500000007,-0.0019290750000000001,-0.0004749774999999925,6.67850000000002e-05,0.00047964972816758993
0.07625,0.00375,0.005,6.25e-08,-0.00903911,-0.00177694,-0.008656100000000007,-0.00183561,-0.00038300999999999266,5.867000000000003e-05,0.0003874775206382873
0.07875,0.00375,0.005,6.25e-08,-0.00670029,-0.00161908,-0.0064144299999999935,-0.0016712899999999993,-0.0002858600000000067,5.2209999999999366e-05,0.00029058875356765575
0.08125,0.00375,0.005,6.25e-08,-0.00460079,-0.0013953,-0.0044113399999999945,-0.0014433649999999994,-0.00018945000000000507,4.806499999999948e-05,0.00019545215968364707
0.08375,0.00375,0.005,6.25e-08,-0.00281781,-0.00111668,-0.0027180024999999956,-0.001163379749999999,-9.980750000000444e-05,4.669974999999883e-05,0.00011019257554986759
0.08625,0.00375,0.005,6.25e-08,-0.00141074,-0.000799186,-0.001388290000000003,-0.0008474515000000009,-2.2449999999996995e-05,4.826550000000085e-05,5.323120316365155e-05
0.08875,0.00375,0.005,6.25e-08,-0.000414903,-0.000464484,-0.000452761750000002,-0.0005170145000000009,3.785875000000198e-05,5.253050000000094e-05,6.475135814647248e-05
0.09125,0.00375,0.005,6.25e-08,0.000165058,-0.000141834,8.866914999999906e-05,-0.00020098050000000078,7.638885000000093e-05,5.9146500000000786e-05,9.661037659885575e-05
0.09375,0.00375,0.005,6.25e-08,0.000364702,0.000126464,0.00027655000000000003,5.948745e-05,8.815199999999998e-05,6.697654999999999e-05,0.00011070968048866592
0.09625,0.00375,0.005,6.25e-08,0.000280821,0.000276509,0.00020535724999999958,0.00020224025000000013,7.546375000000042e-05,7.426874999999985e-05,0.00010588023796074999
0.09875,0.00375,0.005,6.25e-08,9.24229e-05,0.000207917,3.983162499999962e-05,0.00013792882499999944,5.259127500000038e-05,6.998817500000057e-05,8.754534165765971e-05
0.00125,0.00625,0.005,6.25e-08,7.88253e-07,-0.000149155,-2.7997460000000008e-05,-3.275876499999998e-05,2.8785713000000007e-05,-0.00011639623500000001,0.00011990288067887942
0.00375,0.00625,0.005,6.25e-08,-0.00026082,0.000301801,-0.00034757150000000003,0.00039068450000000004,8.675150000000005e-05,-8.888350000000006e-05,0.0001242018491186827
0.00625,0.00625,0.005,6.25e-08,-0.00106522,0.00103857,-0.0011444555000000003,0.0011190347500000003,7.923550000000037e-05,-8.04647500000004e-05,0.00011292847494238388
0.00875,0.00625,0.005,6.25e-08,-0.0024212,0.00182264,-0.002478980000000001,0.0019092825000000006,5.7780000000000765e-05,-8.664250000000066e-05,0.00010414149608225438
0.01125,0.00625,0.005,6.25e-08,-0.00429796,0.00254351,-0.00433661,0.0026385850000000006,3.8650000000000316e-05,-9.507500000000045e-05,0.00010263078546420713
0.01375,0.00625,0.005,6.25e-08,-0.00663452,0.00315038,-0.006657400000000001,0.0032521125000000007,2.2880000000001163e-05,-0.00010173250000000082,0.00010427365897603392
0.01625,0.00625,0.005,6.25e-08,-0.00934871,0.00362625,-0.009358565,0.0037317550000000007,9.854999999999586e-06,-0.00010550500000000053,0.0001059642677981597
0.01875,0.00625,0.005,6.25e-08,-0.0123513,0.00397223,-0.012349275,0.004077855,-2.0250000000009843e-06,-0.00010562499999999982,0.00010564440945927979
0.02125,0.00625,0.005,6.25e-08,-0.0155539,0.00419717,-0.015539025000000003,0.004298722500000001,-1.4874999999997529e-05,-0.00010155250000000102,0.00010263613340948758
0.02375,0.00625,0.005,6.25e-08,-0.0188728,0.00431169,-0.018841675000000002,0.004404715000000001,-3.112499999999643e-05,-9.302500000000092e-05,9.809391545860502e-05
0.02625,0.00625,0.005,6.25e-08,-0.0222289,0.00432505,-0.022176175000000003,0.00440513,-5.2724999999996525e-05,-8.007999999999973e-05,9.587873604193784e-05
0.02875,0.00625,0.005,6.25e-08,-0.0255477,0.00424391,-0.0254662,0.0043068525000000005,-8.149999999999824e-05,-6.294250000000046e-05,0.00010297576562594605
0.03125,0.00625,0.005,6.25e-08,-0.0287576,0.00407213,-0.028638925000000003,0.004114197500000001,-0.00011867499999999864,-4.20675000000004e-05,0.00012591040537322446
0.03375,0.00625,0.005,6.25e-08,-0.0317893,0.00381133,-0.031623975,0.0038294975000000005,-0.0001653250000000009,-1.8167500000000527e-05,0.000166320214289335
0.03625,0.00625,0.005,6.25e-08,-0.0345743,0.00346193,-0.034352650000000005,0.0034540825000000004,-0.00022164999999999685,7.847499999999799e-06,0.00022178887653858705
0.03875,0.00625,0.005,6.25e-08,-0.0370455,0.00302437,-0.036757975,0.0029895175000000003,-0.00028752500000000375,3.4852499999999884e-05,0.0002896296296673601
0.04125,0.00625,0.005,6.25e-08,-0.0391375,0.00250036,-0.038775525000000005,0.0024388400000000003,-0.00036197499999999355,6.15199999999998e-05,0.00036716564521343127
0.04375,0.00625,0.005,6.25e-08,-0.0407882,0.0018941,-0.04034485,0.0018077050000000002,-0.00044334999999999514,8.639499999999974e-05,0.00045168940492886883
0.04625,0.00625,0.005,6.25e-08,-0.041941,0.00121331,-0.041411875,0.001105349,-0.0005291249999999983,0.00010796099999999995,0.0005400267059562872
0.04875,0.00625,0.005,6.25e-08,-0.0425476,0.00046994,-0.04193135,0.00034521750000000005,-0.0006162499999999987,0.00012472249999999997,0.000628744594017514
0.05125,0.00625,0.005,6.25e-08,-0.042571,-0.000319315,-0.04187005,-0.00045470225000000006,-0.0007009499999999988,0.00013538725000000008,0.0007139051827536769
0.05375,0.00625,0.005,6.25e-08,-0.0419883,-0.001133,-0.041209499999999996,-0.0012719925000000002,-0.0007788000000000031,0.00013899250000000028,0.0007911057799411246
0.05625,0.00625,0.005,6.25e-08,-0.0407944,-0.00194532,-0.039949125,-0.002080305,-0.0008452749999999995,0.00013498500000000023,0.00085598526614072
0.05875,0.00625,0.005,6.25e-08,-0.0390038,-0.0027269,-0.038108025000000004,-0.00285033,-0.0008957749999999945,0.0001234299999999999,0.0009042388044786566
0.06125,0.00625,0.005,6.25e-08,-0.0366528,-0.00344609,-0.0357266,-0.0035511175000000005,-0.000926200000000002,0.00010502750000000033,0.0009321358354640453
0.06375,0.00625,0.005,6.25e-08,-0.0338002,-0.00407064,-0.03286699999999999,-0.004151777500000002,-0.000933200000000009,8.11375000000017e-05,0.0009367206274585113
0.06625,0.00625,0.005,6.25e-08,-0.0305268,-0.00456969,-0.029612099999999992,-0.004623392500000002,-0.0009147000000000079,5.370250000000156e-05,0.0009162750943391753
0.06875,0.00625,0.005,6.25e-08,-0.0269338,-0.00491591,-0.026063574999999988,-0.004941032500000001,-0.0008702250000000127,2.512250000000129e-05,0.0008705875548336721
0.07125,0.00625,0.005,6.25e-08,-0.023139,-0.0050877,-0.02233827500000001,-0.005085715000000001,-0.0008007249999999883,-1.98499999999862e-06,0.0008007274604070858
0.07375,0.00625,0.005,6.25e-08,-0.0192731,-0.00507124,-0.01856350000000001,-0.0050461675000000004,-0.0007095999999999908,-2.5072499999999852e-05,0.0007100428087490478
0.07625,0.00625,0.005,6.25e-08,-0.0154726,-0.0048621,-0.01487127500000001,-0.004820210000000001,-0.0006013249999999894,-4.188999999999929e-05,0.0006027823220076939
0.07875,0.00625,0.005,6.25e-08,-0.0118735,-0.00446655,-0.011391474999999991,-0.0044157325,-0.0004820250000000092,-5.081749999999961e-05,0.0004846963161932003
0.08125,0.00625,0.005,6.25e-08,-0.00860354,-0.00390225,-0.008244694999999991,-0.003851264999999999,-0.00035884500000000867,-5.098500000000079e-05,0.00036244889881196536
0.08375,0.00625,0.005,6.25e-08,-0.00577337,-0.00319873,-0.005534317499999994,-0.0031563649999999987,-0.00023905250000000582,-4.236500000000124e-05,0.00024277745155028892
0.08625,0.00625,0.005,6.25e-08,-0.00346855,-0.00239799,-0.0033387275000000055,-0.002372152500000003,-0.00012982249999999446,-2.5837499999997043e-05,0.00013236864399282183
0.08875,0.00625,0.005,6.25e-08,-0.00174071,-0.00155584,-0.001702925000000004,-0.0015527625000000024,-3.778499999999591e-05,-3.0774999999975527e-06,3.7910120433067424e-05
0.09125,0.00625,0.005,6.25e-08,-0.000599226,-0.000745067,-0.0006297275000000024,-0.0007687967500000023,3.050150000000239e-05,2.372975000000232e-05,3.864508425806258e-05
0.09375,0.00625,0.005,6.25e-08,-1.97752e-06,-6.09273e-05,-7.020477500000008e-05,-0.00011403660500000004,6.822725500000009e-05,5.310930500000004e-05,8.64613011839289e-05
0.09625,0.00625,0.005,6.25e-08,0.000160149,0.000368397,8.6535075e-05,0.0002838760000000006,7.3613925e-05,8.45209999999994e-05,0.00011208393905866051
0.09875,0.00625,0.005,6.25e-08,7.54523e-05,0.000358694,2.6211124999999758e-05,0.0002505532499999991,4.924117500000025e-05,0.00010814075000000091,0.00011882388280957388
0.00125,0.00875,0.005,6.25e-08,-6.83907e-05,5.30072e-05,-7.58896e-05,0.0001850453500000001,7.4989000000000105e-06,-0.0001320381500000001,0.00013225092270616686
0.00375,0.00875,0.005,6.25e-08,-0.000620043,0.00106113,-0.0007147255,0.0011468325000000001,9.468249999999997e-05,-8.570250000000017e-05,0.00012770941356258754
0.00625,0.00875,0.005,6.25e-08,-0.00195812,0.00241569,-0.002041315000000001,0.002483637500000001,8.319500000000118e-05,-6.79475000000011e-05,0.00010741634317574931
0.00875,0.00875,0.005,6.25e-08,-0.00400193,0.00380841,-0.004056440000000001,0.003880445000000001,5.4510000000001536e-05,-7.203500000000111e-05,9.033482896978512e-05
0.01125,0.00875,0.005,6.25e-08,-0.00668035,0.0050824,-0.006712250000000001,0.005163025000000002,3.190000000000137e-05,-8.06250000000017e-05,8.670640475190031e-05
0.01375,0.00875,0.005,6.25e-08,-0.00991254,0.00615926,-0.009926472500000002,0.006245990000000001,1.3932500000002693e-05,-8.673000000000101e-05,8.784194588151068e-05
0.01625,0.00875,0.005,6.25e-08,-0.0135974,0.00700877,-0.0135972,0.0070969475000000025,-2.0000000000054696e-07,-8.817750000000239e-05,8.817772681494131e-05
0.01875,0.00875,0.005,6.25e-08,-0.0176264,0.00762866,-0.017614475,0.0077126450000000015,-1.1924999999999436e-05,-8.39850000000017e-05,8.48273885605367e-05
0.02125,0.00875,0.005,6.25e-08,-0.0218914,0.00802985,-0.021867700000000004,0.008103672500000002,-2.369999999999456e-05,-7.382250000000264e-05,7.753355084252321e-05
0.02375,0.00875,0.005,6.25e-08,-0.0262884,0.00822732,-0.026249875,0.0082851,-3.852500000000106e-05,-5.778000000000033e-05,6.944569119103157e-05
0.02625,0.00875,0.005,6.25e-08,-0.0307177,0.00823497,-0.0306586,0.008271205000000002,-5.909999999999943e-05,-3.6235000000002515e-05,6.932377099523738e-05
0.02875,0.00875,0.005,6.25e-08,-0.0350838,0.00806325,-0.034996025,0.008073070000000002,-8.777499999999827e-05,-9.820000000002396e-06,8.83226076664392e-05
0.03125,0.00875,0.005,6.25e-08,-0.0392946,0.00771874,-0.039168100000000004,0.007698125000000002,-0.00012649999999999467,2.0614999999998135e-05,0.00012816874901862223
0.03375,0.00875,0.005,6.25e-08,-0.0432601,0.00720491,-0.043083525000000004,0.007150967500000002,-0.00017657499999999826,5.39424999999984e-05,0.00018463077731312625
0.03625,0.00875,0.005,6.25e-08,-0.0468922,0.00652374,-0.046653375,0.006435010000000001,-0.000238825000000005,8.872999999999867e-05,0.00025477518231767035
0.03875,0.00875,0.005,6.25e-08,-0.0501047,0.00567773,-0.049791800000000004,0.005554460000000001,-0.0003128999999999979,0.0001232699999999991,0.0003363062635455939
0.04125,0.00875,0.005,6.25e-08,-0.0528148,0.00467198,-0.0524166,0.004516377500000002,-0.00039820000000000133,0.00015560249999999835,0.0004275223713517815
0.04375,0.00875,0.005,6.25e-08,-0.0549447,0.00351622,-0.05445175000000001,0.0033326250000000005,-0.000492949999999992,0.0001835949999999995,0.000526029301964246
0.04625,0.00875,0.005,6.25e-08,-0.0564243,0.0022264,-0.055830000000000005,0.0020213825000000006,-0.0005942999999999921,0.00020501749999999935,0.0006286689632121505
0.04875,0.00875,0.005,6.25e-08,-0.0571946,0.000825982,-0.0564959,0.0006082087500000001,-0.0006986999999999965,0.00021777324999999986,0.000731851677879854
0.05125,0.00875,0.005,6.25e-08,-0.0572113,-0.000653438,-0.056409425000000006,-0.0008735260000000002,-0.0008018749999999936,0.00022008800000000023,0.0008315300616147258
0.05375,0.00875,0.005,6.25e-08,-0.0564482,-0.00217217,-0.055549475000000015,-0.0023828700000000005,-0.0008987249999999822,0.0002107000000000003,0.0009230932323579065
0.05625,0.00875,0.005,6.25e-08,-0.0549005,-0.00368313,-0.053916825,-0.0038722500000000007,-0.0009836749999999964,0.00018912000000000052,0.001001690011942314
0.05875,0.00875,0.005,6.25e-08,-0.0525881,-0.00513338,-0.05153685000000001,-0.005289147499999999,-0.0010512499999999897,0.0001557674999999991,0.0010627276586954101
0.06125,0.00875,0.005,6.25e-08,-0.0495572,-0.00646633,-0.04846085,-0.006578440000000001,-0.0010963500000000029,0.0001121100000000012,0.0011020671370656175
0.06375,0.00875,0.005,6.25e-08,-0.0458813,-0.00762463,-0.04476667499999999,-0.007685320000000004,-0.001114625000000008,6.0690000000003866e-05,0.001116276026225153
0.06625,0.00875,0.005,6.25e-08,-0.0416605,-0.00855359,-0.04055747499999999,-0.008558587500000004,-0.0011030250000000144,4.997500000004582e-06,0.001103036321084343
0.06875,0.00875,0.005,6.25e-08,-0.0370196,-0.00920492,-0.03595939999999999,-0.009154125000000003,-0.0010602000000000111,-5.079499999999758e-05,0.001061416116339404
0.07125,0.00875,0.005,6.25e-08,-0.0321044,-0.0095405,-0.03111737500000002,-0.009438342500000002,-0.0009870249999999782,-0.00010215749999999829,0.0009922975891491455
0.07375,0.00875,0.005,6.25e-08,-0.0270758,-0.00953593,-0.026189325000000013,-0.009391200000000002,-0.0008864749999999873,-0.00014472999999999743,0.0008982119452139215
0.07625,0.00875,0.005,6.25e-08,-0.0221028,-0.00918354,-0.021339400000000012,-0.009008782500000003,-0.000763399999999987,-0.00017475749999999735,0.0007831473321197163
0.07875,0.00875,0.005,6.25e-08,-0.0173544,-0.00849468,-0.016729674999999992,-0.008305129999999999,-0.0006247250000000065,-0.00018955000000000014,0.0006528480130359656
0.08125,0.00875,0.005,6.25e-08,-0.0129899,-0.00750118,-0.01251122499999999,-0.007313349999999998,-0.00047867500000001,-0.00018783000000000168,0.0005142079973366908
0.08375,0.00875,0.005,6.25e-08,-0.00914877,-0.00625619,-0.008814802499999991,-0.0060863199999999975,-0.0003339675000000094,-0.00016987000000000252,0.000374686679715542
0.08625,0.00875,0.005,6.25e-08,-0.00594057,-0.00483479,-0.0057411100000000085,-0.004697382500000005,-0.0001994599999999916,-0.00013740749999999538,0.00024220882035187196
0.08875,0.00875,0.005,6.25e-08,-0.00343517,-0.00333528,-0.0033514425000000067,-0.0032418775000000047,-8.372749999999325e-05,-9.340249999999521e-05,0.00012543652284122822
0.09125,0.00875,0.005,6.25e-08,-0.00165332,-0.00188208,-0.0016586675000000042,-0.0018405700000000043,5.347500000004238e-06,-4.150999999999569e-05,4.185302684692814e-05
0.09375,0.00875,0.005,6.25e-08,-0.000557904,-0.000630336,-0.0006190860000000002,-0.0006461035000000003,6.118200000000023e-05,1.5767500000000252e-05,6.31810982830311e-05
0.09625,0.00875,0.005,6.25e-08,-4.76439e-05,0.000225269,-0.00012546464999999934,0.00014634885000000135,7.782074999999934e-05,7.892014999999865e-05,0.00011083527961161413
0.09875,0.00875,0.005,6.25e-08,3.89913e-05,0.000420255,-5.340764999999626e-07,0.00028221174999999916,3.9525376499999965e-05,0.00013804325000000086,0.0001435903696562882
0.00125,0.01125,0.005,6.25e-08,-0.000136961,0.000453816,-0.00012391615,0.00058637425,-1.3044849999999998e-05,-0.00013255825000000004,0.0001331985651371103
0.00375,0.01125,0.005,6.25e-08,-0.000989268,0.00227511,-0.0010935424999999998,0.0023532024999999997,0.00010427449999999986,-7.809249999999983e-05,0.00013027513157352766
0.00625,0.01125,0.005,6.25e-08,-0.00288677,0.00442081,-0.0029752600000000004,0.004477385,8.849000000000053e-05,-5.657500000000055e-05,0.00010502957071701358
0.00875,0.01125,0.005,6.25e-08,-0.005643,0.00654607,-0.005696992500000001,0.006608185000000001,5.3992500000001574e-05,-6.211500000000061e-05,8.230105273476303e-05
0.01125,0.01125,0.005,6.25e-08,-0.00913435,0.00846527,-0.0091647625,0.0085397325,3.041250000000023e-05,-7.446249999999884e-05,8.043372465887577e-05
0.01375,0.01125,0.005,6.25e-08,-0.0132539,0.0100815,-0.013266175,0.010165435,1.2274999999999092e-05,-8.393500000000026e-05,8.48278247392919e-05
0.01625,0.01125,0.005,6.25e-08,-0.0178796,0.0113554,-0.017877725,0.011442250000000001,-1.8749999999984057e-06,-8.685000000000116e-05,8.687023727952052e-05
0.01875,0.01125,0.005,6.25e-08,-0.0228848,0.0122826,-0.022871574999999998,0.012364074999999999,-1.3225000000002124e-05,-8.147499999999926e-05,8.25413608441243e-05
0.02125,0.01125,0.005,6.25e-08,-0.0281448,0.0128763,-0.028120625000000003,0.0129436,-2.417499999999781e-05,-6.72999999999993e-05,7.151028335141598e-05
0.02375,0.01125,0.005,6.25e-08,-0.0335395,0.0131553,-0.033501449999999995,0.013200199999999999,-3.805000000000475e-05,-4.489999999999876e-05,5.885416297935304e-05
0.02625,0.01125,0.005,6.25e-08,-0.0389528,0.0131379,-0.038895125,0.013152674999999999,-5.767500000000009e-05,-1.4774999999999858e-05,5.95374357022538e-05
0.02875,0.01125,0.005,6.25e-08,-0.044273,0.012838,-0.044186975,0.012816224999999999,-8.602499999999652e-05,2.1775000000001654e-05,8.873810483664542e-05
0.03125,0.01125,0.005,6.25e-08,-0.0493913,0.0122651,-0.049266025,0.012201575,-0.00012527500000000108,6.352500000000004e-05,0.000140460853087258
0.03375,0.01125,0.005,6.25e-08,-0.0542014,0.0114249,-0.054024174999999994,0.011316075,-0.00017722500000000307,0.0001088249999999999,0.00020797014509299424
0.03625,0.01125,0.005,6.25e-08,-0.0585991,0.0103215,-0.058356349999999994,0.01016588,-0.00024275000000000685,0.0001556200000000004,0.0002883490019056828
0.03875,0.01125,0.005,6.25e-08,-0.0624832,0.00896057,-0.06216115,0.00875909,-0.0003220500000000043,0.00020147999999999867,0.0003798820776240993
0.04125,0.01125,0.005,6.25e-08,-0.0657566,0.00735215,-0.06534214999999999,0.007108307500000001,-0.00041445000000001064,0.00024384249999999906,0.0004808616924919871
0.04375,0.01125,0.005,6.25e-08,-0.0683287,0.00551331,-0.067810575,0.0052335725,-0.0005181250000000082,0.0002797375000000001,0.0005888179553404079
0.04625,0.01125,0.005,6.25e-08,-0.0701186,0.00347053,-0.06948822499999999,0.0031644075,-0.0006303750000000163,0.0003061225,0.0007007735908489065
0.04875,0.01125,0.005,6.25e-08,-0.0710585,0.00126143,-0.070311,0.0009412917500000001,-0.0007474999999999982,0.00032013824999999995,0.0008131695697165873
0.05125,0.01125,0.005,6.25e-08,-0.0710974,-0.00106451,-0.070232725,-0.0013837975,-0.0008646750000000092,0.00031928749999999987,0.0009217414839754505
0.05375,0.01125,0.005,6.25e-08,-0.0702053,-0.00344601,-0.069229025,-0.0037478025,-0.0009762749999999987,0.0003017925000000001,0.001021856931610902
0.05625,0.01125,0.005,6.25e-08,-0.0683769,-0.00581116,-0.06730055,-0.006078065,-0.0010763500000000037,0.0002669049999999996,0.001108948872367436
0.05875,0.01125,0.005,6.25e-08,-0.0656344,-0.0080796,-0.06447592499999999,-0.008294772499999997,-0.001158475000000006,0.0002151724999999976,0.0011782883901580558
0.06125,0.01125,0.005,6.25e-08,-0.06203,-0.0101659,-0.060813425,-0.0103144025,-0.0012165750000000045,0.00014850249999999975,0.0012256050436952604
0.06375,0.01125,0.005,6.25e-08,-0.057647,-0.0119835,-0.05640154999999999,-0.012054075000000004,-0.001245450000000009,7.057500000000501e-05,0.00124744800818512
0.06625,0.01125,0.005,6.25e-08,-0.0525993,-0.0134501,-0.05135814999999999,-0.013436150000000003,-0.0012411500000000103,-1.3949999999996951e-05,0.0012412283935682527
0.06875,0.01125,0.005,6.25e-08,-0.0470291,-0.0144926,-0.04582762499999998,-0.014393625000000002,-0.0012014750000000143,-9.897499999999768e-05,0.0012055447840084723
0.07125,0.01125,0.005,6.25e-08,-0.0411035,-0.0150533,-0.039976850000000015,-0.014875175000000001,-0.001126649999999986,-0.00017812499999999946,0.0011406440014855503
0.07375,0.01125,0.005,6.25e-08,-0.035008,-0.0150947,-0.033988575000000014,-0.0148497,-0.0010194249999999835,-0.0002450000000000004,0.0010484523501928767
0.07625,0.01125,0.005,6.25e-08,-0.028939,-0.0146043,-0.02805400000000002,-0.014310325000000002,-0.0008849999999999796,-0.0002939749999999984,0.0009325482832673935
0.07875,0.01125,0.005,6.25e-08,-0.0230942,-0.0135983,-0.022363449999999986,-0.013277399999999998,-0.0007307500000000126,-0.00032090000000000243,0.0007981054895814337
0.08125,0.01125,0.005,6.25e-08,-0.017662,-0.0121239,-0.017096049999999988,-0.011800199999999997,-0.000565950000000013,-0.00032370000000000315,0.0006519824326621207
0.08375,0.01125,0.005,6.25e-08,-0.01281,-0.0102604,-0.012409099999999989,-0.009957942499999994,-0.0004009000000000113,-0.0003024575000000057,0.0005021965245860056
0.08625,0.01125,0.005,6.25e-08,-0.00867346,-0.00811981,-0.00842731500000001,-0.007860567500000006,-0.0002461449999999893,-0.00025924249999999434,0.00035748291543966375
0.08875,0.01125,0.005,6.25e-08,-0.00534452,-0.0058471,-0.005232630000000008,-0.005649312500000006,-0.0001118899999999921,-0.00019778749999999415,0.00022724274962305382
0.09125,0.01125,0.005,6.25e-08,-0.00286205,-0.00362197,-0.0028552700000000057,-0.0034992025000000057,-6.779999999994429e-06,-0.0001227674999999943,0.00012295457476746655
0.09375,0.01125,0.005,6.25e-08,-0.00120307,-0.0016611,-0.0012669275,-0.0016236825,6.38574999999998e-05,-3.7417500000000046e-05,7.401249632663377e-05
0.09625,0.01125,0.005,6.25e-08,-0.000289053,-0.000223794,-0.0003767414999999984,-0.00028295864999999733,8.768849999999843e-05,5.9164649999997326e-05,0.00010578151465105757
0.09875,0.01125,0.005,6.25e-08,-2.81021e-06,0.000358054,-3.141252499999962e-05,0.0002018414999999998,2.860231499999962e-05,0.0001562125000000002,0.000158809437942489
0.00125,0.01375,0.005,6.25e-08,-0.00020128,0.00104822,-0.00016999015000000001,0.0011687382499999998,-3.128984999999998e-05,-0.00012051824999999967,0.000124513867886613
0.00375,0.01375,0.005,6.25e-08,-0.00134878,0.00394858,-0.0014639599999999998,0.00401571,0.00011517999999999988,-6.712999999999945e-05,0.00013331492527095343
0.00625,0.01375,0.005,6.25e-08,-0.00380518,0.00706602,-0.0038984725000000007,0.007112775,9.329250000000063e-05,-4.675499999999989e-05,0.00010435286570693738
0.00875,0.01375,0.005,6.25e-08,-0.00727398,0.0100467,-0.007326667500000001,0.01010215,5.268750000000065e-05,-5.545000000000029e-05,7.648970621103275e-05
0.01125,0.01375,0.005,6.25e-08,-0.011573,0.0126947,-0.01160225,0.012767,2.9249999999999762e-05,-7.230000000000084e-05,7.799264388389527e-05
0.01375,0.01375,0.005,6.25e-08,-0.0165644,0.0149065,-0.0165772,0.014992525,1.2800000000000311e-05,-8.602499999999999e-05,8.697206807360629e-05
0.01625,0.01375,0.005,6.25e-08,-0.022103,0.0166409,-0.022103275,0.016732175000000002,2.7499999999749947e-07,-9.127500000000177e-05,9.127541426912464e-05
0.01875,0.01375,0.005,6.25e-08,-0.0280436,0.0178949,-0.02803435,0.017980700000000002,-9.249999999998842e-06,-8.580000000000393e-05,8.629717550418816e-05
0.02125,0.01375,0.005,6.25e-08,-0.0342467,0.0186855,-0.03422842500000001,0.018754200000000002,-1.8274999999991215e-05,-6.87000000000014e-05,7.108913858670586e-05
0.02375,0.01375,0.005,6.25e-08,-0.0405786,0.0190362,-0.040548600000000004,0.01907665,-2.9999999999995308e-05,-4.04500000000009e-05,5.036072378351796e-05
0.02625,0.01375,0.005,6.25e-08,-0.0469105,0.0189694,-0.046862825,0.018971575,-4.7675000000003964e-05,-2.1750000000000935e-06,4.772458747857731e-05
0.02875,0.01375,0.005,6.25e-08,-0.0531176,0.0185027,-0.053043575,0.018458,-7.40249999999984e-05,4.470000000000168e-05,8.647421942405675e-05
0.03125,0.01375,0.005,6.25e-08,-0.0590785,0.0176482,-0.0589667,0.017549925,-0.00011180000000000218,9.827499999999836e-05,0.00014885300005374486
0.03375,0.01375,0.005,6.25e-08,-0.0646741,0.016414,-0.064511175,0.016257499999999998,-0.00016292499999999432,0.00015650000000000386,0.00022591327013922702
0.03625,0.01375,0.005,6.25e-08,-0.0697876,0.0148072,-0.06955905,0.0145904,-0.0002285500000000079,0.00021679999999999963,0.00031501959066064993
0.03875,0.01375,0.005,6.25e-08,-0.0743057,0.0128371,-0.07399644999999999,0.012561150000000002,-0.0003092500000000109,0.00027594999999999877,0.00041446829191146346
0.04125,0.01375,0.005,6.25e-08,-0.0781197,0.0105197,-0.077715225,0.010189050000000002,-0.00040447500000000136,0.0003306499999999983,0.0005224265002131879
0.04375,0.01375,0.005,6.25e-08,-0.0811284,0.00788067,-0.080615675,0.007503695,-0.0005127250000000055,0.000376974999999999,0.0006363938059488047
0.04625,0.01375,0.005,6.25e-08,-0.0832412,0.0049587,-0.082609775,0.00454756,-0.0006314250000000049,0.00041113999999999994,0.0007534810085363838
0.04875,0.01375,0.005,6.25e-08,-0.0843818,0.00180728,-0.08362502499999999,0.0013779589999999998,-0.0007567750000000151,0.0004293210000000003,0.0008700717910988858
0.05125,0.01375,0.005,6.25e-08,-0.0844923,-0.00150414,-0.08360822500000001,-0.0019323324999999999,-0.0008840749999999981,0.00042819249999999994,0.0009823122836864285
0.05375,0.01375,0.005,6.25e-08,-0.0835374,-0.00489042,-0.08252994999999999,-0.0052956950000000004,-0.001007450000000007,0.0004052750000000001,0.0010859112892520337
0.05625,0.01375,0.005,6.25e-08,-0.0815083,-0.00825223,-0.08038775000000001,-0.0086115925,-0.001120549999999998,0.00035936249999999996,0.0011767640837934531
0.05875,0.01375,0.005,6.25e-08,-0.0784259,-0.011479,-0.077209725,-0.011769824999999996,-0.001216175,0.0002908249999999963,0.001250464238293122
0.06125,0.01375,0.005,6.25e-08,-0.0743443,-0.0144531,-0.07305652500000001,-0.014655175,-0.001287774999999991,0.00020207499999999948,0.0013035331818753125
0.06375,0.01375,0.005,6.25e-08,-0.0693512,-0.0170555,-0.06802244999999998,-0.017152750000000005,-0.0013287500000000174,9.725000000000358e-05,0.0013323040662701765
0.06625,0.01375,0.005,6.25e-08,-0.0635689,-0.0191723,-0.06223469999999999,-0.019154925000000003,-0.0013342000000000076,-1.737499999999656e-05,0.0013343131306500062
0.06875,0.01375,0.005,6.25e-08,-0.0571523,-0.0207021,-0.05585132499999998,-0.02056795,-0.0013009750000000236,-0.00013414999999999955,0.001307873148713231
0.07125,0.01375,0.005,6.25e-08,-0.0502851,-0.0215635,-0.04905657500000002,-0.021319,-0.0012285249999999803,-0.0002444999999999982,0.0012526188269481465
0.07375,0.01375,0.005,6.25e-08,-0.0431736,-0.0217026,-0.042054950000000015,-0.021362850000000003,-0.001118649999999985,-0.0003397499999999963,0.001169105591894917
0.07625,0.01375,0.005,6.25e-08,-0.0360393,-0.0210994,-0.03506227500000002,-0.020687425000000006,-0.0009770249999999855,-0.000411974999999995,0.0010603307272968974
0.07875,0.01375,0.005,6.25e-08,-0.0291076,-0.0197734,-0.02829644999999998,-0.019317999999999995,-0.0008111500000000209,-0.0004554000000000051,0.0009302437758459008
0.08125,0.01375,0.005,6.25e-08,-0.0225969,-0.0177866,-0.021965299999999983,-0.017320049999999993,-0.0006316000000000169,-0.00046655000000000654,0.000785230833895376
0.08375,0.01375,0.005,6.25e-08,-0.0167052,-0.0152452,-0.016255299999999986,-0.014800499999999992,-0.0004499000000000135,-0.00044470000000000794,0.0006325884127930413
0.08625,0.01375,0.005,6.25e-08,-0.0115975,-0.0123001,-0.011319200000000014,-0.011907850000000008,-0.00027829999999998654,-0.00039224999999999156,0.0004809479727579542
0.08875,0.01375,0.005,6.25e-08,-0.00739399,-0.00914561,-0.00726531000000001,-0.008831910000000009,-0.00012867999999998953,-0.0003136999999999914,0.00033906670789092807
0.09125,0.01375,0.005,6.25e-08,-0.0041586,-0.0060188,-0.004148262500000007,-0.005804155000000008,-1.0337499999992818e-05,-0.00021464499999999248,0.0002148937875585207
0.09375,0.01375,0.005,6.25e-08,-0.00189003,-0.00319885,-0.00196297,-0.0030992375,7.294000000000007e-05,-9.961249999999996e-05,0.00012346211465972062
0.09625,0.01375,0.005,6.25e-08,-0.000539307,-0.00100765,-0.0006426637499999975,-0.0010391427499999955,0.00010335674999999741,3.149274999999564e-05,0.0001080481886619308
0.09875,0.01375,0.005,6.25e-08,-4.28118e-05,0.000166225,-6.304489999999928e-05,-4.892774999989207e-07,2.0233099999999276e-05,0.0001667142774999989,0.00016793757369319294
0.00125,0.01625,0.005,6.25e-08,-0.00026077,0.00182682,-0.00021352699999999998,0.0019242550000000001,-4.7243000000000035e-05,-9.74350000000001e-05,0.00010828425681510688
0.00375,0.01625,0.005,6.25e-08,-0.00169079,0.00607019,-0.0018179874999999998,0.0061228674999999995,0.00012719749999999985,-5.267749999999984e-05,0.00013767397362065187
0.00625,0.01625,0.005,6.25e-08,-0.00469007,0.0103417,-0.00478803,0.0103800725,9.796000000000023e-05,-3.8372499999999796e-05,0.00010520746340564452
0.00875,0.01625,0.005,6.25e-08,-0.00885456,0.0142999,-0.008905157500000002,0.01435225,5.0597500000002654e-05,-5.234999999999962e-05,7.280542223111016e-05
0.01125,0.01625,0.005,6.25e-08,-0.013942,0.0177559,-0.013969375000000001,0.01783015,2.7375000000001357e-05,-7.424999999999793e-05,7.913566278865532e-05
0.01375,0.01625,0.005,6.25e-08,-0.0197809,0.0206123,-0.019794475,0.02070445,1.357499999999831e-05,-9.214999999999918e-05,9.314452815383093e-05
0.01625,0.01625,0.005,6.25e-08,-0.0262014,0.0228343,-0.026205575000000002,0.022934275,4.175000000002094e-06,-9.997500000000215e-05,0.00010006213694500256
0.01875,0.01625,0.005,6.25e-08,-0.0330395,0.024426,-0.0330376,0.024520575,-1.8999999999991246e-06,-9.457499999999952e-05,9.459408345663013e-05
0.02125,0.01625,0.005,6.25e-08,-0.0401417,0.0254109,-0.0401344,0.025485925,-7.3000000000017495e-06,-7.50249999999994e-05,7.537931165114162e-05
0.02375,0.01625,0.005,6.25e-08,-0.0473628,0.0258186,-0.0473475,0.0258603,-1.5299999999995872e-05,-4.169999999999868e-05,4.441823949685268e-05
0.02625,0.01625,0.005,6.25e-08,-0.0545635,0.0256765,-0.054534625,0.0256722,-2.8874999999997653e-05,4.300000000002219e-06,2.919341749435793e-05
0.02875,0.01625,0.005,6.25e-08,-0.0616094,0.0250058,-0.061558325,0.024944775,-5.107500000000459e-05,6.1025000000002744e-05,7.957830263332338e-05
0.03125,0.01625,0.005,6.25e-08,-0.0683695,0.0238216,-0.06828475,0.023695024999999998,-8.474999999999455e-05,0.0001265750000000003,0.00015232791315119876
0.03375,0.01625,0.005,6.25e-08,-0.0747148,0.0221343,-0.074583,0.02193625,-0.00013180000000000136,0.00019804999999999823,0.00023789712587587026
0.03625,0.01625,0.005,6.25e-08,-0.0805191,0.0199538,-0.0803252,0.019681425000000002,-0.00019389999999999685,0.0002723749999999983,0.0003343431629703199
0.03875,0.01625,0.005,6.25e-08,-0.0856593,0.0172938,-0.08538747499999999,0.016947925,-0.0002718250000000033,0.00034587500000000243,0.00043990720186194216
0.04125,0.01625,0.005,6.25e-08,-0.0900173,0.0141764,-0.089651825,0.0137622,-0.0003654749999999901,0.0004142,0.0005523890075164356
0.04375,0.01625,0.005,6.25e-08,-0.0934825,0.0106368,-0.09300884999999999,0.0101638675,-0.000473650000000006,0.0004729325000000003,0.0006693350969852514
0.04625,0.01625,0.005,6.25e-08,-0.095955,0.0067263,-0.09536082500000001,0.006209225,-0.0005941749999999885,0.0005170750000000005,0.0007876614033009279
0.04875,0.01625,0.005,6.25e-08,-0.0973497,0.00251519,-0.096626025,0.001973285,-0.0007236749999999931,0.0005419050000000001,0.0009040832564813873
0.05125,0.01625,0.005,6.25e-08,-0.0976002,-0.00190611,-0.09674254999999998,-0.00244926,-0.0008576500000000153,0.0005431500000000001,0.0010151726183265713
0.05375,0.01625,0.005,6.25e-08,-0.0966632,-0.00642731,-0.09567287499999999,-0.0069447625,-0.0009903250000000141,0.0005174524999999996,0.001117363278160365
0.05625,0.01625,0.005,6.25e-08,-0.0945229,-0.01092,-0.09340784999999999,-0.011382924999999999,-0.0011150500000000202,0.00046292499999999945,0.0012073259949678234
0.05875,0.01625,0.005,6.25e-08,-0.0911948,-0.0152413,-0.089970425,-0.015620949999999995,-0.0012243749999999998,0.00037964999999999527,0.0012818846528159216
0.06125,0.01625,0.005,6.25e-08,-0.0867293,-0.0192388,-0.085418625,-0.019508599999999997,-0.0013106749999999973,0.0002697999999999971,0.0013381558188884399
0.06375,0.01625,0.005,6.25e-08,-0.0812138,-0.0227576,-0.07984719999999998,-0.022895925000000008,-0.0013666000000000234,0.00013832500000000858,0.001373582675205634
0.06625,0.01625,0.005,6.25e-08,-0.0747738,-0.0256483,-0.07338804999999998,-0.025640850000000007,-0.001385750000000019,-7.449999999992185e-06,0.0013857700260144366
0.06875,0.01625,0.005,6.25e-08,-0.0675719,-0.0277765,-0.06620822499999998,-0.027618375000000004,-0.0013636750000000225,-0.00015812499999999508,0.0013728120851923106
0.07125,0.01625,0.005,6.25e-08,-0.059805,-0.0290324,-0.05850657500000002,-0.028729775,-0.001298424999999978,-0.0003026250000000008,0.0013332251764986826
0.07375,0.01625,0.005,6.25e-08,-0.0516983,-0.0293412,-0.050507000000000024,-0.028911150000000004,-0.0011912999999999785,-0.0004300499999999978,0.001266545969359165
0.07625,0.01625,0.005,6.25e-08,-0.0434972,-0.0286711,-0.04245015000000002,-0.028141425,-0.00104704999999998,-0.0005296750000000003,0.0011734007448970527
0.07875,0.01625,0.005,6.25e-08,-0.0354563,-0.0270413,-0.03458252499999998,-0.026447999999999992,-0.0008737750000000211,-0.0005933000000000084,0.0010561664833846256
0.08125,0.01625,0.005,6.25e-08,-0.027827,-0.0245265,-0.027144149999999978,-0.023910899999999992,-0.000682850000000023,-0.0006156000000000078,0.0009193734184215035
0.08375,0.01625,0.005,6.25e-08,-0.0208423,-0.0212595,-0.020355049999999982,-0.020664374999999992,-0.0004872500000000189,-0.0005951250000000088,0.0007691464932800702
0.08625,0.01625,0.005,6.25e-08,-0.0147029,-0.0174305,-0.014402025000000016,-0.01689635000000001,-0.00030087499999998345,-0.0005341499999999902,0.0006130595306534102
0.08875,0.01625,0.005,6.25e-08,-0.00956393,-0.0132847,-0.009426482500000012,-0.012846950000000011,-0.0001374474999999882,-0.0004377499999999885,0.00045882118276757526
0.09125,0.01625,0.005,6.25e-08,-0.00552139,-0.00911874,-0.005514372500000009,-0.008805632500000011,-7.0174999999908505e-06,-0.0003131074999999893,0.0003131861297415535
0.09375,0.01625,0.005,6.25e-08,-0.00260193,-0.00527561,-0.002690175,-0.0051092625000000004,8.824499999999982e-05,-0.00016634749999999959,0.000188304728515377
0.09625,0.01625,0.005,6.25e-08,-0.00079087,-0.00213971,-0.0009155302499999965,-0.0021404474999999934,0.00012466024999999647,7.374999999934517e-07,0.0001246624315353732
0.09875,0.01625,0.005,6.25e-08,-8.00053e-05,-0.000154274,-9.458507499999892e-05,-0.000327043999999997,1.457977499999892e-05,0.00017276999999999698,0.00017338409021317252
0.00125,0.01875,0.005,6.25e-08,-0.000315725,0.0027786,-0.0002543575,0.00284325,-6.13675e-05,-6.464999999999986e-05,8.913805335685755e-05
0.00375,0.01875,0.005,6.25e-08,-0.00201237,0.00862017,-0.0021520899999999997,0.0086547775,0.00013971999999999986,-3.460750000000047e-05,0.00014394220179033665
0.00625,0.01875,0.005,6.25e-08,-0.00552932,0.014225,-0.005632000000000001,0.014256225,0.00010268000000000083,-3.1225000000001044e-05,0.00010732279825368063
0.00875,0.01875,0.005,6.25e-08,-0.0103609,0.0192809,-0.010408925000000003,0.019334175000000002,4.802500000000362e-05,-5.327500000000193e-05,7.172605000974579e-05
0.01125,0.01875,0.005,6.25e-08,-0.0162059,0.0236213,-0.016230800000000004,0.023702650000000002,2.490000000000478e-05,-8.135000000000087e-05,8.507545180603145e-05
0.01375,0.01875,0.005,6.25e-08,-0.0228592,0.0271672,-0.022873175000000003,0.027271125,1.3975000000002874e-05,-0.00010392500000000124,0.0001048604131691285
0.01625,0.01875,0.005,6.25e-08,-0.0301252,0.0298995,-0.030133900000000005,0.030014000000000002,8.700000000003844e-06,-0.00011450000000000349,0.00011483004833231094
0.01875,0.01875,0.005,6.25e-08,-0.0378217,0.0318353,-0.03782905,0.031944925,7.350000000003187e-06,-0.00010962500000000208,0.00010987112052309517
0.02125,0.01875,0.005,6.25e-08,-0.0457818,0.0330089,-0.04578897500000001,0.033096999999999994,7.175000000012033e-06,-8.809999999999374e-05,8.839168866471027e-05
0.02375,0.01875,0.005,6.25e-08,-0.0538502,0.0334581,-0.053855275,0.033508325,5.075000000000218e-06,-5.022500000000096e-05,5.048075128204907e-05
0.02625,0.01875,0.005,6.25e-08,-0.0618798,0.0332164,-0.061877525,0.0332136,-2.27499999999603e-06,2.799999999997249e-06,3.607717422410815e-06
0.02875,0.01875,0.005,6.25e-08,-0.0697288,0.0323092,-0.0697111,0.032240275,-1.7699999999995497e-05,6.89250000000044e-05,7.116140544565184e-05
0.03125,0.01875,0.005,6.25e-08,-0.0772592,0.0307544,-0.077215125,0.030608575,-4.407500000000453e-05,0.0001458250000000022,0.0001523401990611836
0.03375,0.01875,0.005,6.25e-08,-0.0843353,0.0285648,-0.0842516,0.02833445,-8.370000000000599e-05,0.0002303500000000007,0.0002450853167776506
0.03625,0.01875,0.005,6.25e-08,-0.0908235,0.0257532,-0.09068525000000001,0.025434175,-0.00013824999999999255,0.00031902500000000056,0.00034769241165863587
0.03875,0.01875,0.005,6.25e-08,-0.0965933,0.0223371,-0.096384275,0.021929775,-0.00020902500000000157,0.00040732500000000005,0.0004578265023455946
0.04125,0.01875,0.005,6.25e-08,-0.101519,0.018345,-0.10122205000000001,0.017854425,-0.0002969499999999903,0.000490575,0.0005734484572522576
0.04375,0.01875,0.005,6.25e-08,-0.10548,0.0138209,-0.1050805,0.013257625,-0.00039950000000001096,0.0005632750000000002,0.0006905642443864357
0.04625,0.01875,0.005,6.25e-08,-0.108369,0.00882878,-0.10785125000000001,0.00820907,-0.0005177499999999835,0.000619709999999999,0.0008075305236336157
0.04875,0.01875,0.005,6.25e-08,-0.110089,0.00345548,-0.109443,0.0028014500000000005,-0.0006460000000000077,0.0006540299999999995,0.0009192775646669558
0.05125,0.01875,0.005,6.25e-08,-0.110565,-0.00218764,-0.10978125,-0.00284856,-0.0007837499999999997,0.0006609200000000002,0.0010252215901452718
0.05375,0.01875,0.005,6.25e-08,-0.109741,-0.00796489,-0.10881750000000001,-0.00860086,-0.0009234999999999938,0.0006359699999999996,0.0011212983951205799
0.05625,0.01875,0.005,6.25e-08,-0.107591,-0.0137181,-0.10653225,-0.014294425,-0.001058750000000011,0.0005763249999999991,0.0012054468333879444
0.05875,0.01875,0.005,6.25e-08,-0.104119,-0.0192705,-0.10293725000000001,-0.019751824999999994,-0.0011817499999999953,0.00048132499999999426,0.00127601207601064
0.06125,0.01875,0.005,6.25e-08,-0.0993674,-0.0244326,-0.098082475,-0.024785575,-0.0012849249999999923,0.0003529750000000019,0.0013325252741505436
0.06375,0.01875,0.005,6.25e-08,-0.0934169,-0.0290103,-0.09205767499999998,-0.02920652500000001,-0.0013592250000000194,0.00019622500000001167,0.0013733160056047032
0.06625,0.01875,0.005,6.25e-08,-0.0863911,-0.0328142,-0.08499414999999998,-0.03283367500000001,-0.0013969500000000218,1.9475000000004905e-05,0.0013970857447290273
0.06875,0.01875,0.005,6.25e-08,-0.0784559,-0.0356717,-0.07706407499999998,-0.03550527500000001,-0.0013918250000000132,-0.00016642499999999089,0.001401739673138359
0.07125,0.01875,0.005,6.25e-08,-0.0698176,-0.0374385,-0.06847755000000001,-0.037090599999999994,-0.0013400499999999815,-0.00034790000000000515,0.0013844740562755065
0.07375,0.01875,0.005,6.25e-08,-0.0607186,-0.0380122,-0.059477100000000026,-0.0375011,-0.0012414999999999718,-0.0005111000000000004,0.001342589088291697
0.07625,0.01875,0.005,6.25e-08,-0.0514287,-0.0373432,-0.05032862500000003,-0.036700925,-0.0011000749999999712,-0.0006422749999999977,0.0012738454306743553
0.07875,0.01875,0.005,6.25e-08,-0.0422342,-0.0354452,-0.04131037499999997,-0.03471497499999999,-0.0009238250000000309,-0.0007302250000000149,0.001177574278442799
0.08125,0.01875,0.005,6.25e-08,-0.0334237,-0.0324018,-0.03269894999999998,-0.03163449999999999,-0.000724750000000024,-0.0007673000000000124,0.0010554675989816334
0.08375,0.01875,0.005,6.25e-08,-0.0252717,-0.0283698,-0.02475437499999998,-0.027619349999999987,-0.0005173250000000199,-0.0007504500000000136,0.0009114825056604438
0.08625,0.01875,0.005,6.25e-08,-0.0180222,-0.0235787,-0.01770477500000002,-0.022897000000000015,-0.00031742499999997884,-0.0006816999999999865,0.0007519797341850166
0.08875,0.01875,0.005,6.25e-08,-0.011873,-0.0183263,-0.011732300000000015,-0.017759075000000013,-0.00014069999999998493,-0.0005672249999999872,0.000584414827519786
0.09125,0.01875,0.005,6.25e-08,-0.00695978,-0.0129712,-0.0069615125000000114,-0.012555475000000016,1.7325000000118287e-06,-0.00041572499999998486,0.00041572861001046995
0.09375,0.01875,0.005,6.25e-08,-0.00334308,-0.00792369,-0.003452155,-0.007687797499999999,0.00010907500000000014,-0.00023589250000000117,0.0002598896442362615
0.09625,0.01875,0.005,6.25e-08,-0.00104604,-0.00363376,-0.0011970224999999955,-0.00360176749999999,0.00015098249999999543,-3.199250000001036e-05,0.00015433481578211472
0.09875,0.01875,0.005,6.25e-08,-0.000115321,-0.000602432,-0.00012640114999999859,-0.0007791384999999944,1.1080149999998583e-05,0.00017670649999999442,0.00017705354237142643
0.00125,0.02125,0.005,6.25e-08,-0.000366424,0.00389203,-0.00029236775,0.00391526,-7.405625e-05,-2.3230000000000386e-05,7.76141808180858e-05
0.00375,0.02125,0.005,6.25e-08,-0.00231196,0.0115741,-0.0024640950000000003,0.011586925000000001,0.0001521350000000003,-1.282500000000103e-05,0.00015267461756952305
0.00625,0.02125,0.005,6.25e-08,-0.00631531,0.0186847,-0.006422675000000002,0.018709550000000002,0.00010736500000000163,-2.485000000000334e-05,0.00011020329271396802
0.00875,0.02125,0.005,6.25e-08,-0.0117765,0.024955,-0.011821875000000004,0.025012850000000007,4.5375000000003746e-05,-5.785000000000512e-05,7.3522194778182e-05
0.01125,0.02125,0.005,6.25e-08,-0.018339,0.0302539,-0.018360925,0.030347825000000002,2.192499999999903e-05,-9.392500000000165e-05,9.645004536028102e-05
0.01375,0.02125,0.005,6.25e-08,-0.0257648,0.0345325,-0.0257787,0.03465445,1.3900000000000717e-05,-0.00012195000000000261,0.0001227396125951221
0.01625,0.02125,0.005,6.25e-08,-0.0338335,0.0377962,-0.03384672500000001,0.037931950000000006,1.3225000000005593e-05,-0.00013575000000000392,0.0001363926798805611
0.01875,0.02125,0.005,6.25e-08,-0.0423452,0.0400819,-0.042362875,0.040213725000000006,1.7675000000001717e-05,-0.00013182500000000902,0.0001330046474752008
0.02125,0.02125,0.005,6.25e-08,-0.0511209,0.041439,-0.051145150000000014,0.041547925000000006,2.4250000000017313e-05,-0.00010892500000000971,0.00011159174756675761
0.02375,0.02125,0.005,6.25e-08,-0.0599969,0.0419164,-0.060026575000000006,0.0419836,2.967500000000678e-05,-6.720000000000337e-05,7.346050384390822e-05
0.02625,0.02125,0.005,6.25e-08,-0.0688198,0.0415551,-0.068850625,0.04156317500000001,3.0824999999998215e-05,-8.075000000010157e-06,3.186512592160988e-05
0.02875,0.02125,0.005,6.25e-08,-0.0774429,0.0403855,-0.07746767500000001,0.040319100000000004,2.4775000000018532e-05,6.639999999999424e-05,7.087143730022803e-05
0.03125,0.02125,0.005,6.25e-08,-0.0857236,0.0384286,-0.0857323,0.038274775000000004,8.700000000000374e-06,0.00015382499999999633,0.00015407082989650855
0.03375,0.02125,0.005,6.25e-08,-0.0935216,0.0356995,-0.0935019,0.03544875,-1.9699999999997497e-05,0.00025075000000000097,0.0002515226679645403
0.03625,0.02125,0.005,6.25e-08,-0.100699,0.0322131,-0.10063582500000001,0.03185985000000001,-6.317499999998477e-05,0.00035324999999999246,0.00035885462672925473
0.03875,0.02125,0.005,6.25e-08,-0.107118,0.0279905,-0.10699675,0.027533800000000004,-0.0001212500000000033,0.0004566999999999974,0.00047252137782326676
0.04125,0.02125,0.005,6.25e-08,-0.112648,0.0230653,-0.11244950000000001,0.022509725000000005,-0.00019849999999999035,0.0005555749999999957,0.0005899710421918955
0.04375,0.02125,0.005,6.25e-08,-0.11716,0.0174896,-0.11686800000000001,0.016845750000000003,-0.0002919999999999867,0.0006438499999999979,0.000706970170870023
0.04625,0.02125,0.005,6.25e-08,-0.120535,0.0113386,-0.12013375000000001,0.010623862500000003,-0.0004012499999999919,0.000714737499999998,0.0008196653319533776
0.04875,0.02125,0.005,6.25e-08,-0.122668,0.00471467,-0.12214225000000002,0.003953032500000001,-0.0005257499999999776,0.0007616374999999988,0.0009254754150739092
0.05125,0.02125,0.005,6.25e-08,-0.123469,-0.00225107,-0.12280600000000001,-0.0030290399999999998,-0.000662999999999983,0.0007779699999999998,0.0010221576790789067
0.05375,0.02125,0.005,6.25e-08,-0.122867,-0.00939826,-0.12206100000000002,-0.0101563725,-0.0008059999999999873,0.0007581124999999998,0.0011065127937155673
0.05625,0.02125,0.005,6.25e-08,-0.12082,-0.0165391,-0.11987025000000001,-0.017237050000000004,-0.0009497499999999853,0.0006979500000000027,0.0011786260072643806
0.05875,0.02125,0.005,6.25e-08,-0.117319,-0.0234621,-0.1162315,-0.024057924999999994,-0.0010875000000000051,0.0005958249999999943,0.0012400256774055143
0.06125,0.02125,0.005,6.25e-08,-0.112388,-0.0299389,-0.11117925000000001,-0.030391625000000005,-0.0012087499999999946,0.0004527250000000045,0.001290750358560861
0.06375,0.02125,0.005,6.25e-08,-0.106098,-0.0357325,-0.10479274999999999,-0.03600605000000002,-0.0013052500000000078,0.0002735500000000182,0.0013336068254924426
0.06625,0.02125,0.005,6.25e-08,-0.0985635,-0.0406088,-0.09719639999999999,-0.04067582500000002,-0.00136710000000001,6.702500000001915e-05,0.0013687420358215897
0.06875,0.02125,0.005,6.25e-08,-0.0899483,-0.0443503,-0.08856302499999999,-0.04419582500000001,-0.0013852750000000053,-0.0001544749999999942,0.001393861309904975
0.07125,0.02125,0.005,6.25e-08,-0.0804648,-0.0467707,-0.07911082500000004,-0.046395525,-0.0013539749999999656,-0.0003751749999999984,0.001404992733522101
0.07375,0.02125,0.005,6.25e-08,-0.0703704,-0.0477316,-0.06909935000000003,-0.047153675000000006,-0.001271049999999968,-0.000577924999999993,0.0013962683868529399
0.07625,0.02125,0.005,6.25e-08,-0.0599598,-0.0471571,-0.058821050000000034,-0.04641187500000001,-0.0011387499999999662,-0.0007452249999999883,0.0013609231657683344
0.07875,0.02125,0.005,6.25e-08,-0.0495537,-0.0450479,-0.04858909999999998,-0.0441856,-0.0009646000000000168,-0.0008623000000000033,0.0012938371033480367
0.08125,0.02125,0.005,6.25e-08,-0.0394833,-0.0414902,-0.03872239999999998,-0.04057207499999999,-0.0007609000000000157,-0.0009181250000000057,0.0011924438459001054
0.08375,0.02125,0.005,6.25e-08,-0.030072,-0.0366617,-0.02952842499999998,-0.03575369999999999,-0.0005435750000000218,-0.000908000000000006,0.0010582711281259803
0.08625,0.02125,0.005,6.25e-08,-0.0216159,-0.0308299,-0.021285150000000023,-0.029996800000000025,-0.0003307499999999769,-0.0008330999999999755,0.000896354378859134
0.08875,0.02125,0.005,6.25e-08,-0.0143649,-0.0243466,-0.014224350000000021,-0.023646025000000022,-0.00014054999999997889,-0.0007005749999999776,0.000714534556984449
0.09125,0.02125,0.005,6.25e-08,-0.00850253,-0.0176368,-0.008517240000000016,-0.017115250000000023,1.4710000000016724e-05,-0.0005215499999999783,0.0005217574020557618
0.09375,0.02125,0.005,6.25e-08,-0.00413,-0.0111832,-0.004264837500000001,-0.010875777500000001,0.0001348375000000011,-0.00030742249999999964,0.00033569293247326506
0.09625,0.02125,0.005,6.25e-08,-0.00131195,-0.00550851,-0.0014939924999999947,-0.005442887499999988,0.00018204249999999463,-6.56225000000123e-05,0.00019350913237493382
0.09875,0.02125,0.005,6.25e-08,-0.000150335,-0.00118006,-0.00015946829999999822,-0.0013605687499999913,9.133299999998214e-06,0.00018050874999999138,0.0001807396635922767
0.00125,0.02375,0.005,6.25e-08,-0.000412907,0.00515514,-0.000327383,0.005129125,-8.552400000000002e-05,2.6014999999999892e-05,8.939314739396973e-05
0.00375,0.02375,0.005,6.25e-08,-0.00258795,0.0149039,-0.0027519099999999998,0.014891374999999998,0.0001639599999999999,1.2525000000001077e-05,0.00016443770013290746
0.00625,0.02375,0.005,6.25e-08,-0.0070416,0.0236835,-0.0071534350000000005,0.023702050000000002,0.00011183500000000023,-1.8550000000002592e-05,0.0001133629998059338
0.00875,0.02375,0.005,6.25e-08,-0.013088,0.0312797,-0.013130575000000002,0.03134505,4.257500000000129e-05,-6.534999999999874e-05,7.79952121928003e-05
0.01125,0.02375,0.005,6.25e-08,-0.0203195,0.0376086,-0.020338000000000002,0.037719925,1.8500000000001154e-05,-0.0001113250000000024,0.00011285169748391282
0.01375,0.02375,0.005,6.25e-08,-0.0284675,0.0426621,-0.0284808,0.042808075,1.3300000000000811e-05,-0.00014597499999999958,0.00014657963918975888
0.01625,0.02375,0.005,6.25e-08,-0.0372889,0.0464786,-0.037306149999999996,0.046642425,1.7249999999996435e-05,-0.0001638249999999994,0.00016473066844094233
0.01875,0.02375,0.005,6.25e-08,-0.046567,0.0491214,-0.0465951,0.04928295,2.8100000000003122e-05,-0.00016154999999999642,0.00016397564605757472
0.02125,0.02375,0.005,6.25e-08,-0.0561122,0.0506596,-0.05615462500000001,0.050797625,4.242500000000565e-05,-0.00013802499999999995,0.00014439799600410134
0.02375,0.02375,0.005,6.25e-08,-0.0657539,0.0511562,-0.0658108,0.051249825,5.689999999999862e-05,-9.362499999999996e-05,0.0001095593475017072
0.02625,0.02375,0.005,6.25e-08,-0.0753343,0.0506618,-0.075402775,0.0506914,6.84749999999984e-05,-2.9599999999997684e-05,7.459883125759843e-05
0.02875,0.02375,0.005,6.25e-08,-0.0847039,0.0492127,-0.08477815,0.04916065,7.424999999999793e-05,5.204999999999793e-05,9.067670593928452e-05
0.03125,0.02375,0.005,6.25e-08,-0.0937177,0.0468332,-0.093789175,0.046684624999999993,7.14750000000014e-05,0.00014857500000000495,0.0001648733036303988
0.03375,0.02375,0.005,6.25e-08,-0.102233,0.0435403,-0.10229074999999999,0.0432836,5.774999999998143e-05,0.0002566999999999986,0.00026311585376027257
0.03625,0.02375,0.005,6.25e-08,-0.110109,0.0393507,-0.11013925000000001,0.038978349999999995,3.0250000000009436e-05,0.0003723500000000074,0.00037357674579663823
0.03875,0.02375,0.005,6.25e-08,-0.117205,0.0342875,-0.117192,0.033797049999999995,-1.2999999999999123e-05,0.0004904500000000034,0.0004906222605019092
0.04125,0.02375,0.005,6.25e-08,-0.123383,0.0283883,-0.123309,0.02778295,-7.400000000000462e-05,0.000605350000000001,0.0006098562310085894
0.04375,0.02375,0.005,6.25e-08,-0.128507,0.021711,-0.12835524999999998,0.02100085,-0.0001517500000000338,0.0007101499999999997,0.000726182542478136
0.04625,0.02375,0.005,6.25e-08,-0.13245,0.0143405,-0.13220075,0.013542674999999999,-0.0002492500000000064,0.000797825000000002,0.0008358530332091918
0.04875,0.02375,0.005,6.25e-08,-0.135091,0.00639191,-0.1347275,0.005531557499999999,-0.00036349999999998883,0.0008603525000000006,0.0009339907249305225
0.05125,0.02375,0.005,6.25e-08,-0.136326,-0.00198578,-0.1358315,-0.0028760825,-0.0004945000000000088,0.0008903025000000001,0.0010184148425402386
0.05375,0.02375,0.005,6.25e-08,-0.136068,-0.0106094,-0.135429,-0.01149,-0.0006390000000000007,0.0008806000000000005,0.0010880153307743425
0.05625,0.02375,0.005,6.25e-08,-0.134252,-0.0192626,-0.133463,-0.020088175,-0.0007890000000000119,0.0008255749999999985,0.0011419698247436385
0.05875,0.02375,0.005,6.25e-08,-0.130848,-0.0276993,-0.12990825,-0.028421349999999988,-0.0009397499999999892,0.000722049999999988,0.0011851102332694466
0.06125,0.02375,0.005,6.25e-08,-0.125861,-0.0356505,-0.12477949999999999,-0.036220150000000007,-0.001081500000000013,0.0005696500000000049,0.0012223515748343574
0.06375,0.02375,0.005,6.25e-08,-0.119341,-0.0428331,-0.11813774999999999,-0.043205550000000016,-0.0012032500000000168,0.0003724500000000172,0.0012595751525812397
0.06625,0.02375,0.005,6.25e-08,-0.111388,-0.0489629,-0.11009424999999998,-0.049101825000000016,-0.001293750000000024,0.0001389250000000189,0.0013011876183414396
0.06875,0.02375,0.005,6.25e-08,-0.102158,-0.05377,-0.10081624999999997,-0.053652500000000006,-0.0013417500000000304,-0.00011749999999999261,0.0013468850405658531
0.07125,0.02375,0.005,6.25e-08,-0.0918646,-0.0570168,-0.09052570000000004,-0.056637925,-0.0013388999999999623,-0.00037887500000000074,0.0013914738501405262
0.07375,0.02375,0.005,6.25e-08,-0.0807767,-0.0585183,-0.07949725000000002,-0.057893599999999996,-0.0012794499999999875,-0.0006247000000000058,0.0014238126254883315
0.07625,0.02375,0.005,6.25e-08,-0.0692136,-0.0581615,-0.06805005000000003,-0.05732820000000001,-0.0011635499999999716,-0.0008332999999999882,0.0014311664796591325
0.07875,0.02375,0.005,6.25e-08,-0.0575328,-0.0559234,-0.05653549999999997,-0.054938299999999995,-0.0009973000000000343,-0.0009851000000000026,0.0014017950278125805
0.08125,0.02375,0.005,6.25e-08,-0.0461139,-0.0518848,-0.04532089999999997,-0.05081969999999999,-0.0007930000000000298,-0.0010651000000000133,0.0013278881767679368
0.08375,0.02375,0.005,6.25e-08,-0.0353373,-0.0462381,-0.03476934999999998,-0.04517244999999998,-0.0005679500000000254,-0.0010656500000000152,0.0012075500507225617
0.08625,0.02375,0.005,6.25e-08,-0.0255611,-0.0392871,-0.025218525000000026,-0.03830017500000002,-0.00034257499999997346,-0.0009869249999999788,0.0010446906653406739
0.08875,0.02375,0.005,6.25e-08,-0.017098,-0.0314394,-0.01695997500000002,-0.03060240000000002,-0.00013802499999997914,-0.0008369999999999801,0.0008483041321512945
0.09125,0.02375,0.005,6.25e-08,-0.01019,-0.0231917,-0.010220952500000016,-0.02256182500000002,3.0952500000016106e-05,-0.0006298749999999777,0.0006306350552270488
0.09375,0.02375,0.005,6.25e-08,-0.00498623,-0.0151076,-0.005151302500000001,-0.014727124999999999,0.00016507250000000022,-0.00038047500000000165,0.00041474107088791115
0.09625,0.02375,0.005,6.25e-08,-0.00159844,-0.00779271,-0.0018161124999999932,-0.007693244999999982,0.00021767249999999315,-9.946500000001732e-05,0.00023932113045289265
0.09875,0.02375,0.005,6.25e-08,-0.000187066,-0.00189403,-0.00019507124999999784,-0.002079399999999987,8.005249999997838e-06,0.0001853699999999868,0.00018554277384893642
0.00125,0.02625,0.005,6.25e-08,-0.000454972,0.00655516,-0.00035914225,0.0064727625,-9.582975e-05,8.239750000000028e-05,0.00012638310405791017
0.00375,0.02625,0.005,6.25e-08,-0.00283826,0.0185786,-0.0030131025,0.018537025,0.00017484249999999988,4.157500000000203e-05,0.00017971750173884047
0.00625,0.02625,0.005,6.25e-08,-0.00770156,0.0291781,-0.007817457500000001,0.029190175,0.0001158975000000017,-1.207500000000028e-05,0.00011652483053517134
0.00875,0.02625,0.005,6.25e-08,-0.014282,0.0382047,-0.014321725000000002,0.038280025,3.9725000000002605e-05,-7.532500000000109e-05,8.515827176499281e-05
0.01125,0.02625,0.005,6.25e-08,-0.0221264,0.0456321,-0.0221411,0.04576505,1.4699999999999436e-05,-0.00013294999999999974,0.0001337602052181437
0.01375,0.02625,0.005,6.25e-08,-0.0309385,0.0515018,-0.030950349999999998,0.051677475,1.184999999999728e-05,-0.00017567500000000014,0.00017607421198176634
0.01625,0.02625,0.005,6.25e-08,-0.0404544,0.0558937,-0.040474775000000004,0.0560922,2.037500000000303e-05,-0.00019850000000000423,0.00019954295433565627
0.01875,0.02625,0.005,6.25e-08,-0.0504428,0.0589033,-0.050480575,0.0591022,3.777499999999684e-05,-0.00019890000000000185,0.00020245532994959774
0.02125,0.02625,0.005,6.25e-08,-0.0607051,0.0606243,-0.060765475000000006,0.0608002,6.037500000000834e-05,-0.00017589999999999967,0.0001859729835890173
0.02375,0.02625,0.005,6.25e-08,-0.0710653,0.0611371,-0.071150325,0.061267249999999995,8.502500000000246e-05,-0.00013014999999999555,0.0001554614843779618
0.02625,0.02625,0.005,6.25e-08,-0.0813632,0.060504,-0.08147172500000001,0.06056665,0.00010852500000001208,-6.264999999999743e-05,0.0001253104070897637
0.02875,0.02625,0.005,6.25e-08,-0.0914482,0.0587681,-0.091576275,0.058743750000000004,0.00012807500000000527,2.4349999999992433e-05,0.0001303691992956963
0.03125,0.02625,0.005,6.25e-08,-0.101175,0.0559575,-0.101315875,0.05582912500000001,0.00014087499999999864,0.00012837499999999308,0.0001905935629815389
0.03375,0.02625,0.005,6.25e-08,-0.110402,0.0520908,-0.11054625,0.051844749999999995,0.00014424999999999855,0.0002460500000000046,0.00028521687362426833
0.03625,0.02625,0.005,6.25e-08,-0.118985,0.0471853,-0.11912125000000001,0.0468119,0.0001362500000000183,0.0003734000000000029,0.0003974816002030876
0.03875,0.02625,0.005,6.25e-08,-0.126783,0.041265,-0.12689650000000002,0.040759624999999994,0.00011350000000001637,0.0005053750000000093,0.0005179634549126156
0.04125,0.02625,0.005,6.25e-08,-0.133653,0.0343689,-0.13372625,0.033732975,7.324999999999693e-05,0.0006359250000000025,0.0006401298056839743
0.04375,0.02625,0.005,6.25e-08,-0.139453,0.0265588,-0.13946799999999998,0.0258007,1.4999999999987246e-05,0.0007581000000000011,0.0007582483827875938
0.04625,0.02625,0.005,6.25e-08,-0.144045,0.0179255,-0.14398075,0.01706145,-6.425000000001568e-05,0.0008640500000000016,0.0008664354938482177
0.04875,0.02625,0.005,6.25e-08,-0.147296,0.00859441,-0.14713175,0.0076490025,-0.00016425000000000467,0.0009454075000000003,0.0009595693844408814
0.05125,0.02625,0.005,6.25e-08,-0.149083,-0.00127133,-0.14879775,-0.0022646297500000002,-0.0002852499999999869,0.0009932997500000003,0.0010334466390917606
0.05375,0.02625,0.005,6.25e-08,-0.149297,-0.0114685,-0.1488725,-0.01246785,-0.0004245000000000221,0.0009993500000000013,0.001085771924715325
0.05625,0.02625,0.005,6.25e-08,-0.147852,-0.0217544,-0.14727375,-0.0227105,-0.0005782500000000024,0.0009561000000000014,0.0011173630889285745
0.05875,0.02625,0.005,6.25e-08,-0.144688,-0.0318494,-0.14394825,-0.032707649999999984,-0.0007397500000000112,0.000858249999999984,0.0011330591886569692
0.06125,0.02625,0.005,6.25e-08,-0.139784,-0.041443,-0.13888325,-0.042146675,-0.000900749999999978,0.0007036750000000008,0.001143026276218076
0.06375,0.02625,0.005,6.25e-08,-0.133163,-0.0502032,-0.13211374999999997,-0.05069780000000002,-0.0010492500000000293,0.0004946000000000186,0.0011599804836720658
0.06625,0.02625,0.005,6.25e-08,-0.124904,-0.05779,-0.12373024999999997,-0.058028700000000016,-0.001173750000000029,0.0002387000000000153,0.0011977757521757046
0.06875,0.02625,0.005,6.25e-08,-0.115146,-0.0638728,-0.11388774999999998,-0.06382250000000002,-0.0012582500000000163,-5.0299999999975364e-05,0.0012592549989974384
0.07125,0.02625,0.005,6.25e-08,-0.104097,-0.0681522,-0.10280565000000003,-0.06779917499999999,-0.001291349999999969,-0.0003530250000000068,0.0013387350272271673
0.07375,0.02625,0.005,6.25e-08,-0.0920334,-0.0703835,-0.09076940000000003,-0.06973835,-0.0012639999999999735,-0.0006451499999999971,0.001419124562009949
0.07625,0.02625,0.005,6.25e-08,-0.079297,-0.0704026,-0.07812410000000003,-0.06950215,-0.0011728999999999767,-0.0009004499999999971,0.0014786834050938493
0.07875,0.02625,0.005,6.25e-08,-0.0662831,-0.0681494,-0.06526162499999996,-0.06705584999999999,-0.0010214750000000355,-0.0010935500000000126,0.0014964166458994968
0.08125,0.02625,0.005,6.25e-08,-0.0534246,-0.0636875,-0.05260307499999997,-0.062483099999999986,-0.0008215250000000313,-0.0012044000000000082,0.0014579035241143604
0.08375,0.02625,0.005,6.25e-08,-0.0411674,-0.0572159,-0.04057609999999997,-0.05599479999999998,-0.0005913000000000307,-0.0012211000000000236,0.0013567316978681135
0.08625,0.02625,0.005,6.25e-08,-0.0299429,-0.049071,-0.02958895000000003,-0.047928925000000025,-0.00035394999999997095,-0.0011420749999999716,0.0011956654666439583
0.08875,0.02625,0.005,6.25e-08,-0.0201393,-0.039718,-0.020004925000000028,-0.03874162500000002,-0.00013437499999997132,-0.0009763749999999807,0.000985578399342211
0.09125,0.02625,0.005,6.25e-08,-0.0120688,-0.0297316,-0.01211872500000002,-0.02899072500000003,4.992500000002009e-05,-0.0007408749999999707,0.000742555231110763
0.09375,0.02625,0.005,6.25e-08,-0.00593905,-0.0197673,-0.0061385549999999995,-0.019312375,0.00019950499999999913,-0.00045492500000000186,0.0004967484279290689
0.09625,0.02625,0.005,6.25e-08,-0.00191668,-0.0105278,-0.0021745724999999915,-0.010394709999999977,0.0002578924999999915,-0.0001330900000000232,0.00029020938933165447
0.09875,0.02625,0.005,6.25e-08,-0.000227672,-0.00275692,-0.0002346487499999974,-0.002948882499999982,6.976749999997392e-06,0.0001919624999999819,0.00019208924084082772
0.00125,0.02875,0.005,6.25e-08,-0.000492218,0.00807816,-0.0003873055,0.0079328975,-0.00010491249999999998,0.0001452624999999999,0.00017918656914651826
0.00375,0.02875,0.005,6.25e-08,-0.00306027,0.0225634,-0.0032448449999999997,0.022489375,0.00018457499999999976,7.402500000000187e-05,0.00019886586245507345
0.00625,0.02875,0.005,6.25e-08,-0.00828796,0.03512,-0.008407330000000001,0.0351248,0.00011937000000000059,-4.799999999999249e-06,0.00011946646768026638
0.00875,0.02875,0.005,6.25e-08,-0.0153452,0.0456733,-0.015381725000000002,0.04575997500000001,3.652500000000253e-05,-8.667500000000827e-05,9.405653220272168e-05
0.01125,0.02875,0.005,6.25e-08,-0.0237386,0.0542633,-0.023748975,0.05442105,1.0374999999999968e-05,-0.00015774999999999817,0.00015809080657963454
0.01375,0.02875,0.005,6.25e-08,-0.0331483,0.0609895,-0.033157575,0.061199525000000005,9.27500000000303e-06,-0.00021002500000000257,0.00021022969878207299
0.01625,0.02875,0.005,6.25e-08,-0.043292,0.0659804,-0.04331405,0.06621955,2.2050000000002623e-05,-0.0002391500000000074,0.0002401643707963437
0.01875,0.02875,0.005,6.25e-08,-0.0539261,0.0693696,-0.053971849999999995,0.069613075,4.574999999999718e-05,-0.000243474999999993,0.00024773602508516265
0.02125,0.02875,0.005,6.25e-08,-0.0648445,0.0712798,-0.064921425,0.0715023,7.692500000000546e-05,-0.00022250000000000048,0.0002354223983078098
0.02375,0.02875,0.005,6.25e-08,-0.0758678,0.0718123,-0.075979925,0.07198915,0.00011212500000000458,-0.00017685000000000617,0.00020939899265517783
0.02625,0.02875,0.005,6.25e-08,-0.086835,0.071043,-0.08698337499999999,0.071150825,0.00014837499999999226,-0.00010782500000000583,0.0001834158424182572
0.02875,0.02875,0.005,6.25e-08,-0.0975964,0.0690235,-0.097779475,0.06904085,0.00018307500000000476,-1.734999999999931e-05,0.00018389529119855602
0.03125,0.02875,0.005,6.25e-08,-0.108009,0.0657857,-0.1082225,0.06569370000000001,0.00021350000000000535,9.199999999999486e-05,0.00023247849362898355
0.03375,0.02875,0.005,6.25e-08,-0.117932,0.0613496,-0.11816825,0.061132375,0.0002362500000000073,0.0002172249999999945,0.00032093731962020414
0.03625,0.02875,0.005,6.25e-08,-0.127224,0.055732,-0.12747325,0.0553776,0.0002492500000000064,0.00035439999999999777,0.0004332723421821449
0.03875,0.02875,0.005,6.25e-08,-0.135742,0.0489558,-0.13599175,0.048457175000000005,0.00024974999999999303,0.0004986249999999956,0.00055767549087708
0.04125,0.02875,0.005,6.25e-08,-0.143341,0.0410593,-0.1435755,0.040415275,0.0002344999999999986,0.0006440249999999995,0.000685389269411915
0.04375,0.02875,0.005,6.25e-08,-0.149874,0.0321046,-0.150074,0.031320975,0.00020000000000000573,0.0007836249999999961,0.0008087447932598987
0.04625,0.02875,0.005,6.25e-08,-0.155192,0.0221851,-0.155337,0.021275875,0.00014500000000000624,0.0009092249999999996,0.0009207144511872295
0.04875,0.02875,0.005,6.25e-08,-0.15915,0.0114319,-0.1592155,0.010420005,6.549999999999612e-05,0.0010118950000000005,0.001014012692733676
0.05125,0.02875,0.005,6.25e-08,-0.161605,1.82124e-05,-0.16156625,-0.001063631,-3.875000000000406e-05,0.0010818434,0.0010825371608511
0.05375,0.02875,0.005,6.25e-08,-0.162427,-0.0118368,-0.16225875,-0.012946125,-0.00016824999999998091,0.0011093249999999995,0.001122011594469947
0.05625,0.02875,0.005,6.25e-08,-0.161499,-0.0238675,-0.16118,-0.0249525,-0.0003190000000000137,0.0010849999999999992,0.0011309226321901983
0.05875,0.02875,0.005,6.25e-08,-0.158733,-0.0357629,-0.15824425,-0.03676404999999998,-0.00048875000000001,0.0010011499999999784,0.0011140816330053945
0.06125,0.02875,0.005,6.25e-08,-0.154071,-0.0471715,-0.15340399999999998,-0.048024475000000004,-0.0006670000000000287,0.0008529750000000058,0.001082799774023364
0.06375,0.02875,0.005,6.25e-08,-0.147503,-0.0577102,-0.14665999999999996,-0.05835050000000003,-0.0008430000000000382,0.0006403000000000242,0.0010585995890798822
0.06625,0.02875,0.005,6.25e-08,-0.139077,-0.0669781,-0.13807424999999995,-0.06734682500000003,-0.0010027500000000522,0.00036872500000002806,0.0010683939760805117
0.06875,0.02875,0.005,6.25e-08,-0.128907,-0.0745756,-0.12777824999999998,-0.07462690000000002,-0.0011287500000000117,5.1300000000018e-05,0.0011299151527880437
0.07125,0.02875,0.005,6.25e-08,-0.117188,-0.0801288,-0.11598150000000004,-0.07983744999999998,-0.0012064999999999576,-0.00029135000000002353,0.0012411797099936461
0.07375,0.02875,0.005,6.25e-08,-0.104195,-0.0833189,-0.10297427500000003,-0.08268667499999999,-0.0012207249999999642,-0.000632225000000014,0.001374728328161579
0.07625,0.02875,0.005,6.25e-08,-0.0902866,-0.0839135,-0.08912332500000003,-0.082973775,-0.0011632749999999636,-0.0009397250000000024,0.0014954236193299609
0.07875,0.02875,0.005,6.25e-08,-0.0758968,-0.0817979,-0.07486152499999996,-0.0806161,-0.0010352750000000438,-0.0011818000000000106,0.0015711287552664535
0.08125,0.02875,0.005,6.25e-08,-0.0615144,-0.0770028,-0.06066852499999996,-0.07567112499999999,-0.0008458750000000376,-0.0013316750000000044,0.0015776130137806531
0.08375,0.02875,0.005,6.25e-08,-0.047659,-0.0697218,-0.047045074999999964,-0.06835014999999998,-0.000613925000000036,-0.001371650000000016,0.0015027733122880138
0.08625,0.02875,0.005,6.25e-08,-0.0348476,-0.060318,-0.03448202500000003,-0.059020575000000026,-0.00036557499999997217,-0.0012974249999999701,0.00134794536656717
0.08875,0.02875,0.005,6.25e-08,-0.0235582,-0.0493145,-0.02342802500000003,-0.04819652500000003,-0.00013017499999997198,-0.0011179749999999655,0.0011255281565780199
0.09125,0.02875,0.005,6.25e-08,-0.0141884,-0.0373721,-0.014259500000000022,-0.03651777500000004,7.110000000002184e-05,-0.0008543249999999614,0.0008572784936209103
0.09375,0.02875,0.005,6.25e-08,-0.00701746,-0.0252514,-0.007255517499999999,-0.0247207,0.0002380574999999996,-0.0005306999999999985,0.0005816475421647102
0.09625,0.02875,0.005,6.25e-08,-0.00227839,-0.0137694,-0.0025812824999999905,-0.013603074999999971,0.00030289249999999055,-0.0001663250000000279,0.00034555444170384145
0.09875,0.02875,0.005,6.25e-08,-0.000274335,-0.00378742,-0.0002797129999999969,-0.003987934999999976,5.377999999996912e-06,0.00020051499999997622,0.00020058710853140696
0.00125,0.03125,0.005,6.25e-08,-0.000524118,0.00970873,-0.00041148175000000004,0.00949482,-0.00011263624999999992,0.00021391000000000118,0.000241752792980894
0.00375,0.03125,0.005,6.25e-08,-0.00325103,0.02682,-0.0034440024999999996,0.026710075,0.00019297249999999976,0.0001099250000000003,0.00022208532455173614
0.00625,0.03125,0.005,6.25e-08,-0.0087931,0.0414552,-0.00891519,0.041451425,0.00012209000000000005,3.7749999999975303e-06,0.00012214834720535516
0.00875,0.03125,0.005,6.25e-08,-0.0162633,0.0536214,-0.016296425000000003,0.053720175,3.31250000000019e-05,-9.877500000000233e-05,0.0001041814102899389
0.01125,0.03125,0.005,6.25e-08,-0.0251347,0.0634329,-0.025139925,0.06361787499999999,5.225000000001062e-06,-0.00018497499999999,0.00018504878073090974
0.01375,0.03125,0.005,6.25e-08,-0.035067,0.0710543,-0.035072325,0.071302325,5.325000000000468e-06,-0.00024802499999999894,0.00024808215625070557
0.01625,0.03125,0.005,6.25e-08,-0.0457627,0.0766683,-0.04578430000000001,0.076953375,2.160000000000356e-05,-0.0002850750000000096,0.0002858921398447422
0.01875,0.03125,0.005,6.25e-08,-0.0569681,0.0804527,-0.057019249999999994,0.080747325,5.114999999999287e-05,-0.0002946249999999928,0.0002990321272455437
0.02125,0.03125,0.005,6.25e-08,-0.0684713,0.0825631,-0.068561825,0.08284037500000001,9.052500000000796e-05,-0.0002772750000000074,0.0002916782495319209
0.02375,0.03125,0.005,6.25e-08,-0.0800913,0.083125,-0.080227625,0.083358475,0.0001363249999999927,-0.00023347499999999688,0.00027036102021185774
0.02625,0.03125,0.005,6.25e-08,-0.0916679,0.0822302,-0.09185357499999999,0.08239515,0.00018567499999999626,-0.00016494999999999704,0.00024836205049281915
0.02875,0.03125,0.005,6.25e-08,-0.103054,0.07994,-0.10329025,0.08001335000000001,0.0002362499999999934,-7.335000000001368e-05,0.00024737478650824316
0.03125,0.03125,0.005,6.25e-08,-0.114111,0.076291,-0.1143955,0.076251925,0.0002844999999999931,3.907499999999953e-05,0.00028717086486096746
0.03375,0.03125,0.005,6.25e-08,-0.124702,0.071304,-0.12503,0.07113472500000001,0.00032800000000000884,0.0001692749999999965,0.00036910435600925195
0.03625,0.03125,0.005,6.25e-08,-0.134688,0.0649943,-0.13505325,0.06468035,0.0003652500000000114,0.0003139500000000073,0.0004816348876483232
0.03875,0.03125,0.005,6.25e-08,-0.143929,0.0573817,-0.1443205,0.056913225,0.0003914999999999891,0.0004684750000000029,0.0006105252456901305
0.04125,0.03125,0.005,6.25e-08,-0.152279,0.0485009,-0.1526825,0.047873700000000005,0.0004035000000000011,0.0006271999999999944,0.0007457828705461087
0.04375,0.03125,0.005,6.25e-08,-0.159587,0.0384108,-0.1599845,0.03762735,0.0003974999999999951,0.000783450000000005,0.0008785215720174456
0.04625,0.03125,0.005,6.25e-08,-0.165697,0.027203,-0.16606675,0.026273925,0.000369750000000002,0.0009290750000000014,0.0009999477076952595
0.04875,0.03125,0.005,6.25e-08,-0.170449,0.0150094,-0.17076524999999998,0.013954525,0.00031624999999999015,0.0010548750000000003,0.0011012607902422542
0.05125,0.03125,0.005,6.25e-08,-0.173684,0.00200809,-0.17391775,0.0008576387499999999,0.0002337500000000048,0.0011504512500000001,0.0011739578958065596
0.05375,0.03125,0.005,6.25e-08,-0.175245,-0.0115713,-0.1753665,-0.012776049999999999,0.00012149999999999661,0.0012047499999999992,0.0012108611863050189
0.05625,0.03125,0.005,6.25e-08,-0.174987,-0.025445,-0.174966,-0.026651499999999998,-2.0999999999993246e-05,0.0012064999999999992,0.0012066827462096231
0.05875,0.03125,0.005,6.25e-08,-0.172784,-0.0392743,-0.1725935,-0.04041979999999998,-0.00019049999999998235,0.0011454999999999799,0.0011612323195639824
0.06125,0.03125,0.005,6.25e-08,-0.168541,-0.0526688,-0.16815950000000002,-0.053682524999999995,-0.0003814999999999791,0.001013724999999993,0.0010831346295013238
0.06375,0.03125,0.005,6.25e-08,-0.162206,-0.0651937,-0.16162349999999998,-0.06600122500000002,-0.0005825000000000136,0.0008075250000000311,0.0009956921590657758
0.06625,0.03125,0.005,6.25e-08,-0.153785,-0.076383,-0.15300724999999996,-0.07691267500000003,-0.0007777500000000492,0.0005296750000000211,0.0009409838830315315
0.06875,0.03125,0.005,6.25e-08,-0.143358,-0.0857601,-0.14240824999999996,-0.08595085000000002,-0.0009497500000000547,0.0001907500000000173,0.0009687159671441937
0.07125,0.03125,0.005,6.25e-08,-0.131093,-0.0928643,-0.13001550000000003,-0.09267562499999998,-0.0010774999999999535,-0.00018867500000001314,0.0010938941930666351
0.07375,0.03125,0.005,6.25e-08,-0.117256,-0.0972853,-0.11611325000000003,-0.09670625,-0.0011427499999999702,-0.0005790500000000115,0.0012810840975517356
0.07625,0.03125,0.005,6.25e-08,-0.102214,-0.0987023,-0.10108385000000004,-0.09775865,-0.0011301499999999548,-0.0009436500000000042,0.001472315980012411
0.07875,0.03125,0.005,6.25e-08,-0.0864334,-0.0969245,-0.08539804999999995,-0.09568137499999999,-0.001035350000000046,-0.0012431250000000116,0.001617810059347241
0.08125,0.03125,0.005,6.25e-08,-0.0704609,-0.0919283,-0.06959677499999994,-0.09048669999999998,-0.0008641250000000628,-0.001441600000000029,0.0016807505988769397
0.08375,0.03125,0.005,6.25e-08,-0.0548968,-0.0838857,-0.05426142499999996,-0.08237159999999998,-0.0006353750000000422,-0.0015141000000000182,0.0016420110232958575
0.08625,0.03125,0.005,6.25e-08,-0.0403557,-0.0731758,-0.039978100000000044,-0.07172467500000003,-0.00037759999999995714,-0.0014511249999999698,0.0014994484071233927
0.08875,0.03125,0.005,6.25e-08,-0.0274226,-0.060379,-0.027296800000000038,-0.05911732500000004,-0.00012579999999996067,-0.0012616749999999621,0.0012679311675421875
0.09125,0.03125,0.005,6.25e-08,-0.0165983,-0.0462492,-0.016692500000000027,-0.045278975000000034,9.42000000000269e-05,-0.0009702249999999635,0.0009747872540328656
0.09375,0.03125,0.005,6.25e-08,-0.00825085,-0.0316679,-0.0085316275,-0.031060300000000002,0.00028077749999999915,-0.0006075999999999963,0.000669338303480568
0.09625,0.03125,0.005,6.25e-08,-0.00269544,-0.0175873,-0.0030484424999999886,-0.017388499999999963,0.0003530024999999887,-0.00019880000000003714,0.00040513233024069655
0.09875,0.03125,0.005,6.25e-08,-0.000329234,-0.00501045,-0.0003318077499999963,-0.005221322499999969,2.5737499999962618e-06,0.00021087249999996935,0.00021088820603651487
0.00125,0.03375,0.005,6.25e-08,-0.000550086,0.0114298,-0.00043126375,0.01114227,-0.00011882224999999996,0.0002875300000000011,0.0003111144933863788
0.00375,0.03375,0.005,6.25e-08,-0.00340745,0.0313062,-0.0036074099999999997,0.0311571,0.0001999599999999999,0.00014909999999999923,0.0002494289710518803
0.00625,0.03375,0.005,6.25e-08,-0.00920923,0.0481239,-0.009333200000000002,0.048109925,0.00012397000000000102,1.3974999999999405e-05,0.00012475520640438314
0.00875,0.03375,0.005,6.25e-08,-0.0170226,0.0619785,-0.017051825000000003,0.06208905000000001,2.9225000000004248e-05,-0.00011055000000000786,0.00011434772898926321
0.01125,0.03375,0.005,6.25e-08,-0.0262935,0.073064,-0.026292725,0.07327729999999999,-7.75000000001469e-07,-0.00021329999999998572,0.00021330140793017263
0.01375,0.03375,0.005,6.25e-08,-0.0366651,0.0816161,-0.0366648,0.08190485,-3.000000000016878e-07,-0.0002887500000000043,0.00028875015584411805
0.01625,0.03375,0.005,6.25e-08,-0.0478275,0.0878776,-0.047846099999999996,0.088212475,1.859999999999362e-05,-0.00033487499999999837,0.00033539115317044165
0.01875,0.03375,0.005,6.25e-08,-0.059519,0.0920744,-0.059572150000000004,0.0924258,5.315000000000181e-05,-0.0003514000000000017,0.00035539679584937366
0.02125,0.03375,0.005,6.25e-08,-0.0715239,0.0943996,-0.0716239,0.09473875000000001,0.00010000000000000286,-0.0003391500000000103,0.00035358552360073727
0.02375,0.03375,0.005,6.25e-08,-0.0836609,0.0950057,-0.0838167,0.0953049,0.0001557999999999976,-0.00029919999999999947,0.00033733407773303746
0.02625,0.03375,0.005,6.25e-08,-0.0957723,0.094003,-0.095990075,0.09423625,0.0002177749999999895,-0.0002332499999999904,0.00031911050300012213
0.02875,0.03375,0.005,6.25e-08,-0.107716,0.0914639,-0.10799924999999999,0.091606775,0.0002832499999999849,-0.00014287500000000064,0.0003172441144055972
0.03125,0.03375,0.005,6.25e-08,-0.119358,0.0874304,-0.11970800000000001,0.087460475,0.0003500000000000031,-3.0074999999990526e-05,0.00035128977443842795
0.03375,0.03375,0.005,6.25e-08,-0.130568,0.0819241,-0.13098375,0.081821425,0.00041575000000002027,0.00010267499999999652,0.00042824084126226935
0.03625,0.03375,0.005,6.25e-08,-0.141214,0.0749575,-0.14169025,0.0747054,0.00047624999999998363,0.0002520999999999912,0.0005388584902365184
0.03875,0.03375,0.005,6.25e-08,-0.151159,0.0665455,-0.151688,0.06613122499999999,0.0005290000000000017,0.0004142750000000056,0.0006719112855318077
0.04125,0.03375,0.005,6.25e-08,-0.160259,0.0567163,-0.16082875,0.056132125,0.00056974999999998,0.0005841749999999993,0.0008160119442293576
0.04375,0.03375,0.005,6.25e-08,-0.168362,0.0455217,-0.168956,0.04476635,0.0005939999999999834,0.0007553499999999949,0.0009609316429902663
0.04625,0.03375,0.005,6.25e-08,-0.175306,0.033047,-0.17590375,0.032126575,0.000597750000000008,0.0009204250000000025,0.0010974913407972812
0.04875,0.03375,0.005,6.25e-08,-0.18092,0.0194191,-0.181496,0.0183491,0.0005759999999999932,0.0010700000000000015,0.0012151855825346166
0.05125,0.03375,0.005,6.25e-08,-0.185028,0.00481508,-0.1855505,0.0036214625,0.0005225000000000091,0.0011936175000000003,0.0013029692959952127
0.05375,0.03375,0.005,6.25e-08,-0.187451,-0.0105316,-0.18788425,-0.011810689999999999,0.00043324999999999614,0.0012790899999999984,0.001350472802613956
0.05625,0.03375,0.005,6.25e-08,-0.188011,-0.0263252,-0.18831825,-0.027638875,0.00030724999999998115,0.0013136750000000003,0.0013491273357711603
0.05875,0.03375,0.005,6.25e-08,-0.186544,-0.0422052,-0.18668925,-0.04348949999999998,0.00014525000000001342,0.0012842999999999813,0.0012924875444273944
0.06125,0.03375,0.005,6.25e-08,-0.182912,-0.0577461,-0.18286125000000003,-0.058925725000000005,-5.074999999996055e-05,0.0011796250000000036,0.0011807161822914958
0.06375,0.03375,0.005,6.25e-08,-0.177014,-0.0724629,-0.17674299999999998,-0.07345477500000004,-0.0002710000000000212,0.0009918750000000448,0.0010282300402269429
0.06625,0.03375,0.005,6.25e-08,-0.168806,-0.085823,-0.16830549999999997,-0.08654217500000003,-0.0005005000000000426,0.0007191750000000302,0.0008761922908957177
0.06875,0.03375,0.005,6.25e-08,-0.158319,-0.0972654,-0.15760049999999998,-0.09763415000000002,-0.0007185000000000108,0.0003687500000000149,0.0008076006516218437
0.07125,0.03375,0.005,6.25e-08,-0.145683,-0.106231,-0.14478125000000003,-0.10618999999999998,-0.000901749999999979,-4.1000000000027126e-05,0.0009026815953036621
0.07375,0.03375,0.005,6.25e-08,-0.131138,-0.112199,-0.13011250000000005,-0.11171999999999999,-0.001025499999999957,-0.0004790000000000072,0.0011318530160758149
0.07625,0.03375,0.005,6.25e-08,-0.115049,-0.114739,-0.11398100000000005,-0.11383399999999999,-0.001067999999999944,-0.000905000000000003,0.001399874637244309
0.07875,0.03375,0.005,6.25e-08,-0.0979055,-0.113555,-0.09688822499999994,-0.11228474999999999,-0.0010172750000000674,-0.0012702500000000144,0.001627385476193386
0.08125,0.03375,0.005,6.25e-08,-0.0803089,-0.108544,-0.07943499999999995,-0.10701524999999998,-0.0008739000000000524,-0.0015287500000000231,0.0017609025448616293
0.08375,0.03375,0.005,6.25e-08,-0.0629442,-0.0998313,-0.06228977499999995,-0.09818707499999997,-0.0006544250000000557,-0.001644225000000027,0.0017696745269258304
0.08625,0.03375,0.005,6.25e-08,-0.0465361,-0.0877978,-0.04614605000000005,-0.08619635000000003,-0.0003900499999999474,-0.0016014499999999626,0.0016482660904719964
0.08875,0.03375,0.005,6.25e-08,-0.0317945,-0.0730749,-0.031673025000000035,-0.07166845000000005,-0.00012147499999996814,-0.001406449999999948,0.0014116861471746636
0.09125,0.03375,0.005,6.25e-08,-0.0193458,-0.056517,-0.01946477500000003,-0.05542885000000005,0.00011897500000003156,-0.0010881499999999475,0.0010946348583545534
0.09375,0.03375,0.005,6.25e-08,-0.00966789,-0.0391435,-0.00999579,-0.0384583,0.000327899999999999,-0.0006851999999999969,0.0007596166467370203
0.09625,0.03375,0.005,6.25e-08,-0.00317955,-0.0220661,-0.0035882049999999867,-0.021835749999999952,0.0004086549999999865,-0.00023035000000004927,0.00046910556543811293
0.09875,0.03375,0.005,6.25e-08,-0.000394544,-0.00645715,-0.0003924834999999957,-0.006679769999999961,-2.060500000004308e-06,0.00022261999999996073,0.00022262953546246404
0.00125,0.03625,0.005,6.25e-08,-0.000569556,0.0132228,-0.00044627174999999997,0.012857582499999999,-0.00012328425000000007,0.00036521750000000075,0.00038546443234663437
0.00375,0.03625,0.005,6.25e-08,-0.00352664,0.0359762,-0.0037321524999999996,0.035784575,0.00020551249999999945,0.00019162500000000082,0.0002809902636769646
0.00625,0.03625,0.005,6.25e-08,-0.00952924,0.0550615,-0.0096542175,0.05503497500000001,0.0001249774999999998,2.6524999999992527e-05,0.0001277613052972204
0.00875,0.03625,0.005,6.25e-08,-0.0176105,0.0706673,-0.01763525,0.07078835,2.4750000000000466e-05,-0.00012104999999999755,0.00012355429980376819
0.01125,0.03625,0.005,6.25e-08,-0.0271957,0.0830719,-0.027187749999999997,0.083313475,-7.950000000003093e-06,-0.00024157499999999388,0.00024170577801326367
0.01375,0.03625,0.005,6.25e-08,-0.0379151,0.0925864,-0.0379071,0.09291705,-8.000000000001062e-06,-0.0003306500000000018,0.000330746764912374
0.01625,0.03625,0.005,6.25e-08,-0.0494493,0.0995178,-0.049461849999999995,0.099905325,1.2549999999993122e-05,-0.0003875249999999997,0.0003877281626668349
0.01875,0.03625,0.005,6.25e-08,-0.0615305,0.104145,-0.061581575,0.10455724999999999,5.107499999999765e-05,-0.000412249999999989,0.00041540187544712736
0.02125,0.03625,0.005,6.25e-08,-0.0739407,0.106701,-0.07404515,0.10710800000000001,0.00010445000000000593,-0.0004070000000000046,0.00042018900806661396
0.02375,0.03625,0.005,6.25e-08,-0.0864998,0.107369,-0.08666902500000001,0.10774224999999998,0.00016922500000000895,-0.00037324999999997777,0.0004098202814954214
0.02625,0.03625,0.005,6.25e-08,-0.099054,0.106281,-0.099296975,0.10659275,0.0002429749999999925,-0.00031174999999999953,0.0003952529735814723
0.02875,0.03625,0.005,6.25e-08,-0.111467,0.103522,-0.11179025,0.10374649999999999,0.00032324999999999715,-0.0002244999999999886,0.0003935617010075968
0.03125,0.03625,0.005,6.25e-08,-0.123614,0.0991396,-0.12402025000000001,0.09925335,0.00040625000000001077,-0.00011375000000000968,0.000421874537036796
0.03375,0.03625,0.005,6.25e-08,-0.135371,0.0931565,-0.13586275,0.09313795,0.000491750000000013,1.855000000000606e-05,0.0004920997510668066
0.03625,0.03625,0.005,6.25e-08,-0.146614,0.0855819,-0.14719000000000002,0.0854119,0.0005760000000000209,0.00017000000000000348,0.0006005630691276523
0.03875,0.03625,0.005,6.25e-08,-0.157215,0.0764238,-0.15786975000000003,0.0760869,0.0006547500000000372,0.0003369000000000011,0.0007363417498010347
0.04125,0.03625,0.005,6.25e-08,-0.167034,0.0657012,-0.16775825,0.065186125,0.0007242500000000096,0.0005150750000000037,0.0008887296091191166
0.04375,0.03625,0.005,6.25e-08,-0.17592,0.0534553,-0.17670075000000002,0.052756325,0.0007807500000000245,0.0006989749999999975,0.0010479201368067295
0.04625,0.03625,0.005,6.25e-08,-0.18371,0.0397598,-0.18452775,0.0388782,0.0008177499999999782,0.0008815999999999963,0.0012024698010760842
0.04875,0.03625,0.005,6.25e-08,-0.190226,0.0247312,-0.19105525,0.0236769,0.0008292500000000036,0.0010542999999999976,0.001341344121581036
0.05125,0.03625,0.005,6.25e-08,-0.195277,0.00853842,-0.19608650000000002,0.0073317750000000004,0.0008095000000000185,0.0012066449999999992,0.0014530252599404554
0.05375,0.03625,0.005,6.25e-08,-0.198662,-0.00858834,-0.19941375,-0.0099145,0.0007517499999999955,0.0013261599999999998,0.0015244108396688843
0.05625,0.03625,0.005,6.25e-08,-0.200176,-0.0263496,-0.20082624999999998,-0.027748250000000002,0.0006502499999999911,0.0013986500000000013,0.0015424159247751535
0.05875,0.03625,0.005,6.25e-08,-0.199616,-0.0443702,-0.20011925,-0.04577922499999998,0.0005032500000000106,0.0014090249999999804,0.001496199188986866
0.06125,0.03625,0.005,6.25e-08,-0.196795,-0.0621965,-0.197107,-0.06353875,0.0003120000000000067,0.0013422500000000032,0.001378034492492845
0.06375,0.03625,0.005,6.25e-08,-0.191558,-0.0792979,-0.19164024999999996,-0.08048365000000005,8.224999999995042e-05,0.001185750000000041,0.0011885992280832463
0.06625,0.03625,0.005,6.25e-08,-0.183802,-0.0950758,-0.183629,-0.09600792500000005,-0.00017300000000000648,0.0009321250000000475,0.0009480432561993629
0.06875,0.03625,0.005,6.25e-08,-0.173499,-0.108881,-0.17306524999999998,-0.10946450000000003,-0.0004337500000000105,0.0005835000000000284,0.0007270566088689672
0.07125,0.03625,0.005,6.25e-08,-0.160722,-0.120045,-0.16004775000000004,-0.12019899999999997,-0.0006742499999999596,0.0001539999999999736,0.0006916133764611102
0.07375,0.03625,0.005,6.25e-08,-0.145669,-0.127921,-0.14480600000000005,-0.12759325,-0.0008629999999999471,-0.00032775000000001553,0.0009231408681777223
0.07625,0.03625,0.005,6.25e-08,-0.128683,-0.131938,-0.12771225000000005,-0.13112275,-0.0009707499999999369,-0.0008152499999999896,0.0012676703534436153
0.07875,0.03625,0.005,6.25e-08,-0.110264,-0.13167,-0.10928749999999995,-0.13041574999999997,-0.0009765000000000468,-0.00125425000000004,0.001589558212995105
0.08125,0.03625,0.005,6.25e-08,-0.0910575,-0.126896,-0.09018549999999995,-0.12531124999999999,-0.0008720000000000533,-0.0015847500000000236,0.0018088163429436854
0.08375,0.03625,0.005,6.25e-08,-0.0718343,-0.117665,-0.07116432499999994,-0.11590749999999997,-0.0006699750000000587,-0.0017575000000000368,0.0018808702109994746
0.08625,0.03625,0.005,6.25e-08,-0.053439,-0.104333,-0.05303635000000005,-0.10258790000000004,-0.0004026499999999489,-0.0017450999999999578,0.0017909497571120781
0.08875,0.03625,0.005,6.25e-08,-0.0367262,-0.0875738,-0.03660885000000004,-0.08602255000000004,-0.00011734999999996054,-0.0015512499999999485,0.0015556823535027423
0.09125,0.03625,0.005,6.25e-08,-0.0224734,-0.0683448,-0.02261912500000003,-0.06713735000000005,0.00014572500000003055,-0.0012074499999999433,0.0012162118557738498
0.09375,0.03625,0.005,6.25e-08,-0.0112956,-0.0478218,-0.01167555,-0.047059174999999995,0.0003799500000000004,-0.0007626250000000029,0.0008520322136662468
0.09625,0.03625,0.005,6.25e-08,-0.00374212,-0.0273039,-0.004212444999999985,-0.027043799999999944,0.000470324999999985,-0.00026010000000005473,0.0005374547568168082
0.09875,0.03625,0.005,6.25e-08,-0.000472438,-0.0081647,-0.0004632847499999949,-0.00839989249999995,-9.153250000005098e-06,0.00023519249999994982,0.00023537054624950206
0.00125,0.03875,0.005,6.25e-08,-0.000582056,0.0150674,-0.00045620299999999997,0.01462165,-0.000125853,0.00044574999999999997,0.00046317603576717995
0.00375,0.03875,0.005,6.25e-08,-0.0036063,0.0407806,-0.0038159074999999996,0.0405436,0.00020960749999999985,0.0002370000000000011,0.00031639264222837175
0.00625,0.03875,0.005,6.25e-08,-0.00974749,0.0621986,-0.009872530000000001,0.062156775,0.0001250400000000016,4.182500000000228e-05,0.00013184965765977776
0.00875,0.03875,0.005,6.25e-08,-0.0180168,0.0796048,-0.018036475000000003,0.07973435,1.9675000000003717e-05,-0.00012954999999999217,0.0001310355223784685
0.01125,0.03875,0.005,6.25e-08,-0.0278252,0.0933647,-0.027808899999999998,0.09363339999999999,-1.630000000000381e-05,-0.0002686999999999967,0.00026919394495418796
0.01375,0.03875,0.005,6.25e-08,-0.0387937,0.103867,-0.0387759,0.10424025,-1.7799999999998373e-05,-0.0003732500000000055,0.00037367419298100325
0.01625,0.03875,0.005,6.25e-08,-0.0505956,0.111488,-0.050598825,0.1119295,3.2250000000025314e-06,-0.00044149999999999745,0.0004415117785801391
0.01875,0.03875,0.005,6.25e-08,-0.0629587,0.116561,-0.063003325,0.117037,4.462499999999259e-05,-0.0004760000000000042,0.00047808722072965236
0.02125,0.03875,0.005,6.25e-08,-0.0756642,0.119364,-0.07576732500000001,0.1198435,0.00010312500000000946,-0.0004795000000000077,0.0004904640818908244
0.02375,0.03875,0.005,6.25e-08,-0.0885341,0.120114,-0.088709725,0.12056700000000001,0.0001756249999999987,-0.00045300000000000895,0.0004858530031038274
0.02625,0.03875,0.005,6.25e-08,-0.10142,0.118966,-0.101679275,0.11936375,0.00025927500000000325,-0.00039775000000000227,0.0004747932056432605
0.02875,0.03875,0.005,6.25e-08,-0.114193,0.116019,-0.11454500000000001,0.11633525,0.0003520000000000051,-0.00031625000000000403,0.0004731998124471375
0.03125,0.03875,0.005,6.25e-08,-0.126737,0.111329,-0.127188,0.111539,0.00045100000000000695,-0.00021000000000000185,0.0004974947235901172
0.03375,0.03875,0.005,6.25e-08,-0.138939,0.10492,-0.13949375,0.10500024999999999,0.0005547499999999927,-8.024999999999005e-05,0.0005605244196286103
0.03625,0.03875,0.005,6.25e-08,-0.150687,0.0967971,-0.1513465,0.09672689999999999,0.0006595000000000073,7.020000000000637e-05,0.0006632256704923375
0.03875,0.03875,0.005,6.25e-08,-0.161861,0.0869603,-0.16262274999999998,0.0867215,0.0007617499999999777,0.00023879999999999735,0.0007983035152747135
0.04125,0.03875,0.005,6.25e-08,-0.17233,0.0754171,-0.1731895,0.074994975,0.0008594999999999853,0.0004221249999999954,0.0009575644968486304
0.04375,0.03875,0.005,6.25e-08,-0.18195,0.0621943,-0.182896,0.061578875,0.0009460000000000024,0.0006154250000000028,0.0011285672025293878
0.04625,0.03875,0.005,6.25e-08,-0.19056,0.0473498,-0.19157600000000002,0.046536925,0.0010160000000000169,0.0008128749999999976,0.0013011616984929392
0.04875,0.03875,0.005,6.25e-08,-0.197979,0.0309836,-0.19904125,0.029977149999999998,0.0010622500000000146,0.0010064500000000025,0.0014633238414650518
0.05125,0.03875,0.005,6.25e-08,-0.204006,0.0132495,-0.2050855,0.012063034999999998,0.001079500000000011,0.0011864650000000029,0.0016040634171456659
0.05375,0.03875,0.005,6.25e-08,-0.208426,-0.00563386,-0.2094825,-0.0069745275,0.001056499999999988,0.0013406675,0.001706921672355303
0.05625,0.03875,0.005,6.25e-08,-0.211004,-0.0253723,-0.21199325,-0.026826575000000002,0.000989249999999997,0.0014542750000000014,0.001758843750344242
0.05875,0.03875,0.005,6.25e-08,-0.211505,-0.045586,-0.212373,-0.04709652499999997,0.0008680000000000077,0.001510524999999971,0.0017421566449733862
0.06125,0.03875,0.005,6.25e-08,-0.209692,-0.0658026,-0.21038600000000002,-0.06729365,0.0006940000000000279,0.0014910499999999938,0.0016446477137977058
0.06375,0.03875,0.005,6.25e-08,-0.205355,-0.0854538,-0.20582024999999998,-0.08683237500000004,0.00046524999999997263,0.0013785750000000485,0.001454966182811514
0.06625,0.03875,0.005,6.25e-08,-0.198321,-0.10388,-0.19851524999999998,-0.10503925000000006,0.00019424999999997916,0.001159250000000056,0.0011754121085815485
0.06875,0.03875,0.005,6.25e-08,-0.188489,-0.120345,-0.18838749999999999,-0.12117275000000004,-0.00010150000000000436,0.0008277500000000437,0.0008339498261286906
0.07125,0.03875,0.005,6.25e-08,-0.175861,-0.134062,-0.17546525000000002,-0.13445399999999996,-0.0003957499999999725,0.0003919999999999757,0.0005570296782936787
0.07375,0.03875,0.005,6.25e-08,-0.16057,-0.144241,-0.15991675000000005,-0.144119,-0.0006532499999999386,-0.00012200000000001099,0.0006645446279219497
0.07625,0.03875,0.005,6.25e-08,-0.142915,-0.150149,-0.14208025000000005,-0.14947874999999997,-0.0008347499999999397,-0.0006702500000000389,0.0010705338037633148
0.07875,0.03875,0.005,6.25e-08,-0.123381,-0.151188,-0.12247324999999995,-0.15000049999999998,-0.0009077500000000543,-0.001187500000000008,0.0014947127859559232
0.08125,0.03875,0.005,6.25e-08,-0.102647,-0.146981,-0.10179134999999995,-0.14537925,-0.000855650000000055,-0.0016017500000000129,0.00181596805726316
0.08375,0.03875,0.005,6.25e-08,-0.0815587,-0.137459,-0.08087819999999994,-0.13561124999999996,-0.0006805000000000561,-0.0018477500000000369,0.0019690760047545684
0.08625,0.03875,0.005,6.25e-08,-0.0610888,-0.122917,-0.06067357500000005,-0.12103625000000004,-0.00041522499999994966,-0.0018807499999999588,0.001926040592283767
0.08875,0.03875,0.005,6.25e-08,-0.0422555,-0.104047,-0.04214205000000005,-0.10235245000000007,-0.00011344999999995248,-0.0016945499999999336,0.001698343488520436
0.09125,0.03875,0.005,6.25e-08,-0.0260169,-0.0819119,-0.026191625000000038,-0.08058477500000005,0.00017472500000003874,-0.001327124999999943,0.0013385774505981572
0.09375,0.03875,0.005,6.25e-08,-0.0131584,-0.0578607,-0.013595874999999999,-0.0570223,0.00043747499999999793,-0.000838400000000003,0.0009456737997983254
0.09625,0.03875,0.005,6.25e-08,-0.00439393,-0.0334116,-0.004932532499999981,-0.03312487499999993,0.0005386024999999815,-0.00028672500000007095,0.0006101670907475024
0.09875,0.03875,0.005,6.25e-08,-0.000565096,-0.0101762,-0.000545736999999994,-0.01042413999999994,-1.9359000000006006e-05,0.0002479399999999396,0.000248694620932923
0.00125,0.04125,0.005,6.25e-08,-0.000587296,0.0169426,-0.00046087925,0.016414525,-0.00012641674999999995,0.0005280749999999994,0.0005429957645374058
0.00375,0.04125,0.005,6.25e-08,-0.0036451,0.0456682,-0.0038573774999999997,0.045383024999999994,0.0002122774999999996,0.00028517500000000556,0.0003555088151245381
0.00625,0.04125,0.005,6.25e-08,-0.00986075,0.0694625,-0.009984905000000002,0.069402275,0.00012415500000000253,6.0224999999997086e-05,0.00013799099481488013
0.00875,0.04125,0.005,6.25e-08,-0.0182353,0.0887038,-0.018249325000000004,0.08883875,1.4025000000004312e-05,-0.0001349499999999948,0.00013567683341307284
0.01125,0.04125,0.005,6.25e-08,-0.0281718,0.103845,-0.028145925,0.10413825,-2.587500000000159e-05,-0.0002932499999999949,0.00029438933086135626
0.01375,0.04125,0.005,6.25e-08,-0.0392846,0.115354,-0.03925475,0.1157675,-2.9850000000004873e-05,-0.0004134999999999972,0.00041457601534579635
0.01625,0.04125,0.005,6.25e-08,-0.0512418,0.123677,-0.0512324,0.124173,-9.399999999999686e-06,-0.0004960000000000103,0.0004960890645841835
0.01875,0.04125,0.005,6.25e-08,-0.0637682,0.129208,-0.06380185000000001,0.12974950000000002,3.365000000001006e-05,-0.0005415000000000281,0.0005425445350383976
0.02125,0.04125,0.005,6.25e-08,-0.076645,0.132271,-0.07674117500000001,0.13282575,9.61750000000039e-05,-0.0005547499999999927,0.0005630250377425437
0.02375,0.04125,0.005,6.25e-08,-0.0896976,0.13312,-0.0898723,0.13365624999999998,0.00017469999999999986,-0.0005362499999999881,0.0005639894967993528
0.02625,0.04125,0.005,6.25e-08,-0.102783,0.131935,-0.10305,0.1324245,0.00026700000000000335,-0.0004895000000000038,0.0005575834018333092
0.02875,0.04125,0.005,6.25e-08,-0.115783,0.128834,-0.11615249999999999,0.129249,0.00036949999999999483,-0.0004149999999999987,0.000555657493425577
0.03125,0.04125,0.005,6.25e-08,-0.12859,0.12388,-0.12907174999999999,0.12419525,0.00048174999999997525,-0.00031524999999998915,0.0005757305142164773
0.03375,0.04125,0.005,6.25e-08,-0.141105,0.117101,-0.14170525,0.11729124999999999,0.0006002499999999966,-0.00019024999999998904,0.000629678588646614
0.03625,0.04125,0.005,6.25e-08,-0.153229,0.108497,-0.153951,0.10854074999999999,0.0007220000000000004,-4.374999999999518e-05,0.0007233243134998298
0.03875,0.04125,0.005,6.25e-08,-0.164855,0.0980606,-0.16570000000000001,0.097936525,0.0008450000000000124,0.00012407500000000127,0.0008540606568769114
0.04125,0.04125,0.005,6.25e-08,-0.175865,0.0857847,-0.1768305,0.0854753,0.000965500000000008,0.00030940000000000134,0.0010138632106946265
0.04375,0.04125,0.005,6.25e-08,-0.186125,0.0716795,-0.187204,0.07117079999999999,0.0010789999999999966,0.0005087000000000008,0.001192902632237851
0.04625,0.04125,0.005,6.25e-08,-0.195481,0.0557827,-0.19666075,0.055065699999999995,0.0011797500000000072,0.0007170000000000024,0.0013805430317451247
0.04875,0.04125,0.005,6.25e-08,-0.203757,0.0381727,-0.20501724999999998,0.037244900000000004,0.0012602499999999905,0.0009277999999999925,0.0015649418208035601
0.05125,0.04125,0.005,6.25e-08,-0.210749,0.0189812,-0.21206325000000004,0.01784875,0.0013142500000000445,0.0011324500000000001,0.0017348475624676992
0.05375,0.04125,0.005,6.25e-08,-0.216231,-0.00159357,-0.21756175,-0.0029130402500000003,0.0013307499999999917,0.0013194702500000002,0.0018740056838587873
0.05625,0.04125,0.005,6.25e-08,-0.219951,-0.0232728,-0.221252,-0.0247472,0.0013009999999999966,0.0014744000000000007,0.0019663306842949875
0.05875,0.04125,0.005,6.25e-08,-0.22164,-0.0456836,-0.22285625,-0.04726322499999997,0.001216250000000002,0.0015796249999999734,0.0019936095914508743
0.06125,0.04125,0.005,6.25e-08,-0.221019,-0.0683472,-0.22208875,-0.0699617,0.0010697500000000082,0.0016145000000000048,0.0019367434813366568
0.06375,0.04125,0.005,6.25e-08,-0.217817,-0.0906697,-0.21867575,-0.09222720000000006,0.0008587499999999915,0.0015575000000000588,0.0017785549787679234
0.06625,0.04125,0.005,6.25e-08,-0.211792,-0.111941,-0.21237849999999997,-0.11332900000000004,0.000586499999999962,0.001388000000000042,0.0015068265494077519
0.06875,0.04125,0.005,6.25e-08,-0.202758,-0.131341,-0.20302599999999996,-0.13243375000000007,0.0002679999999999627,0.001092750000000059,0.0011251340197950238
0.07125,0.04125,0.005,6.25e-08,-0.190626,-0.147967,-0.190554,-0.14863599999999993,-7.199999999998874e-05,0.0006689999999999474,0.000672863284776282
0.07375,0.04125,0.005,6.25e-08,-0.175441,-0.160871,-0.17504675000000003,-0.16100774999999998,-0.0003942499999999849,0.00013674999999999105,0.00041729321226205635
0.07625,0.04125,0.005,6.25e-08,-0.157431,-0.169133,-0.15677550000000007,-0.16866975,-0.00065549999999992,-0.0004632499999999984,0.0008026710487490462
0.07875,0.04125,0.005,6.25e-08,-0.137038,-0.171947,-0.13622949999999992,-0.17088474999999997,-0.000808500000000073,-0.0010622500000000146,0.0013349334487157587
0.08125,0.04125,0.005,6.25e-08,-0.114943,-0.16873,-0.11412224999999994,-0.16715625,-0.0008207500000000645,-0.0015737499999999849,0.001774913976788751
0.08375,0.04125,0.005,6.25e-08,-0.0920562,-0.159235,-0.09137149999999994,-0.15732649999999998,-0.0006847000000000658,-0.0019085000000000074,0.0020276060613442933
0.08625,0.04125,0.005,6.25e-08,-0.0694756,-0.143652,-0.06904775000000007,-0.14164900000000005,-0.0004278499999999241,-0.0020029999999999493,0.0020481856904342763
0.08875,0.04125,0.005,6.25e-08,-0.0484006,-0.122656,-0.04829062500000006,-0.12081900000000007,-0.00010997499999994276,-0.001836999999999936,0.0018402889720434538
0.09125,0.04125,0.005,6.25e-08,-0.0300022,-0.0974012,-0.030208825000000043,-0.09595487500000008,0.00020662500000004358,-0.001446324999999915,0.0014610098891690542
0.09375,0.04125,0.005,6.25e-08,-0.0152767,-0.0694287,-0.01577845,-0.068518625,0.0005017499999999987,-0.0009100749999999963,0.0010392254654910031
0.09625,0.04125,0.005,6.25e-08,-0.00514485,-0.0405111,-0.005759039999999979,-0.04020329999999992,0.0006141899999999789,-0.00030780000000008023,0.000687000870523483
0.09875,0.04125,0.005,6.25e-08,-0.000674709,-0.0125402,-0.000641331749999993,-0.012800622499999928,-3.337725000000704e-05,0.00026042249999992835,0.00026255269818414677
0.00125,0.04375,0.005,6.25e-08,-0.000585248,0.0188267,-0.0004603065,0.0182159,-0.0001249415,0.0006107999999999981,0.0006234476869972714
0.00375,0.04375,0.005,6.25e-08,-0.00364312,0.0505867,-0.0038566625,0.050250899999999994,0.0002135424999999999,0.00033580000000000415,0.0003979472820691866
0.00625,0.04375,0.005,6.25e-08,-0.00986922,0.0767793,-0.009991472500000001,0.0766971,0.00012225250000000125,8.219999999999061e-05,0.0001473177306241471
0.00875,0.04375,0.005,6.25e-08,-0.0182659,0.0978742,-0.018273300000000003,0.09801080000000001,7.400000000001156e-06,-0.0001366000000000145,0.00013680029239736285
0.01125,0.04375,0.005,6.25e-08,-0.0282332,0.11441,-0.028196275,0.11472475,-3.692500000000015e-05,-0.00031475000000000253,0.0003169085327424959
0.01375,0.04375,0.005,6.25e-08,-0.0393815,0.126935,-0.039337300000000006,0.12738675,-4.4199999999994244e-05,-0.00045175000000000076,0.00045390715184936243
0.01625,0.04375,0.005,6.25e-08,-0.0513749,0.135966,-0.051349725,0.136515,-2.517500000000228e-05,-0.0005489999999999939,0.0005495769105639296
0.01875,0.04375,0.005,6.25e-08,-0.0639363,0.141958,-0.0639548,0.14256575,1.8500000000004624e-05,-0.0006077499999999902,0.0006080315061738071
0.02125,0.04375,0.005,6.25e-08,-0.0768477,0.145288,-0.07693132500000001,0.14591925000000003,8.362500000000384e-05,-0.0006312500000000276,0.0006367650297598287
0.02375,0.04375,0.005,6.25e-08,-0.0899381,0.146247,-0.090104875,0.14687,0.000166774999999994,-0.0006230000000000124,0.000644936353933482
0.02625,0.04375,0.005,6.25e-08,-0.103072,0.145045,-0.1033375,0.14563025,0.00026550000000000185,-0.0005852499999999816,0.0006426568388338985
0.02875,0.04375,0.005,6.25e-08,-0.11614,0.141819,-0.11651600000000001,0.14233774999999999,0.0003760000000000152,-0.0005187499999999845,0.0006406852288760803
0.03125,0.04375,0.005,6.25e-08,-0.129048,0.136645,-0.1295455,0.13707049999999998,0.0004975000000000118,-0.0004254999999999953,0.0006546422687239251
0.03375,0.04375,0.005,6.25e-08,-0.141712,0.129552,-0.14233825,0.12985950000000002,0.0006262499999999949,-0.0003075000000000161,0.0006976713499205794
0.03625,0.04375,0.005,6.25e-08,-0.154047,0.120539,-0.154808,0.12070499999999999,0.0007610000000000117,-0.00016599999999999948,0.0007788947297292603
0.03875,0.04375,0.005,6.25e-08,-0.165963,0.109588,-0.16686275,0.1095895,0.0008997500000000047,-1.5000000000015001e-06,0.0008997512503464547
0.04125,0.04375,0.005,6.25e-08,-0.177359,0.0966795,-0.17839725,0.09649675,0.0010382500000000183,0.00018274999999999542,0.001054210901575219
0.04375,0.04375,0.005,6.25e-08,-0.188117,0.0818033,-0.18928974999999998,0.08141910000000001,0.0011727499999999724,0.00038419999999998733,0.0012340794960211947
0.04625,0.04375,0.005,6.25e-08,-0.198096,0.0649744,-0.19939500000000002,0.06437522500000001,0.0012990000000000224,0.0005991749999999935,0.0014305284620115218
0.04875,0.04375,0.005,6.25e-08,-0.20713,0.0462448,-0.2085395,0.045422225,0.0014094999999999802,0.0008225750000000059,0.0016319681003699041
0.05125,0.04375,0.005,6.25e-08,-0.215022,0.0257175,-0.21651925,0.024670525000000002,0.0014972500000000055,0.0010469749999999986,0.0018269959532317016
0.05375,0.04375,0.005,6.25e-08,-0.221543,0.00356216,-0.22309525000000002,0.00229972075,0.0015522500000000328,0.00126243925,0.0020008080673669486
0.05625,0.04375,0.005,6.25e-08,-0.226431,-0.0199686,-0.22799599999999998,-0.0214243,0.001564999999999983,0.0014557000000000007,0.002137355255917918
0.05875,0.04375,0.005,6.25e-08,-0.229394,-0.044522,-0.2309165,-0.04613137499999997,0.00152250000000001,0.0016093749999999685,0.0022154218877281427
0.06125,0.04375,0.005,6.25e-08,-0.230116,-0.0696276,-0.23153175,-0.07132957499999999,0.0014157500000000212,0.0017019749999999945,0.002213835351403767
0.06375,0.04375,0.005,6.25e-08,-0.228272,-0.0946823,-0.229508,-0.09639087500000007,0.0012359999999999871,0.0017085750000000732,0.0021087732288288417
0.06625,0.04375,0.005,6.25e-08,-0.223546,-0.11894,-0.22452575,-0.12054300000000007,0.0009797500000000015,0.0016030000000000627,0.0018787014298446158
0.06875,0.04375,0.005,6.25e-08,-0.21566,-0.141512,-0.21631725,-0.14287425000000004,0.0006572499999999981,0.001362250000000037,0.001512515330500851
0.07125,0.04375,0.005,6.25e-08,-0.20442,-0.161382,-0.20470650000000004,-0.16235424999999995,0.0002865000000000506,0.0009722499999999523,0.0010135838951462954
0.07375,0.04375,0.005,6.25e-08,-0.18976,-0.177441,-0.18966575000000002,-0.17788274999999995,-9.424999999999017e-05,0.000441749999999963,0.00045169251156064726
0.07625,0.04375,0.005,6.25e-08,-0.171801,-0.188561,-0.17136750000000006,-0.18836424999999998,-0.0004334999999999478,-0.0001967500000000233,0.00047605967325532197
0.07875,0.04375,0.005,6.25e-08,-0.150906,-0.193688,-0.15023224999999993,-0.1928145,-0.000673750000000084,-0.0008734999999999993,0.0011031506300139215
0.08125,0.04375,0.005,6.25e-08,-0.127725,-0.191978,-0.12695949999999995,-0.19048849999999998,-0.0007655000000000578,-0.0014895000000000325,0.0016746941511811
0.08375,0.04375,0.005,6.25e-08,-0.103201,-0.182943,-0.10251864999999993,-0.18100974999999997,-0.0006823500000000676,-0.0019332500000000252,0.0020501358698876986
0.08625,0.04375,0.005,6.25e-08,-0.0785465,-0.166593,-0.07810490000000007,-0.16448375000000004,-0.00044159999999993094,-0.0021092499999999514,0.0021549816988781444
0.08875,0.04375,0.005,6.25e-08,-0.0551543,-0.143535,-0.05504670000000006,-0.14156025000000005,-0.00010759999999994385,-0.001974749999999942,0.0019776792769556338
0.09125,0.04375,0.005,6.25e-08,-0.0344423,-0.11499,-0.03468452500000005,-0.11342650000000008,0.00024222500000004726,-0.0015634999999999122,0.0015821520788548578
0.09375,0.04375,0.005,6.25e-08,-0.0176653,-0.0827,-0.01823975,-0.081725575,0.0005744500000000007,-0.000974425000000001,0.0011311484796988425
0.09625,0.04375,0.005,6.25e-08,-0.00600348,-0.0487329,-0.006701339999999976,-0.0484135499999999,0.0006978599999999755,-0.0003193500000001001,0.0007674587950502814
0.09875,0.04375,0.005,6.25e-08,-0.000803521,-0.0153103,-0.0007514982499999917,-0.015582799999999914,-5.202275000000826e-05,0.00027249999999991344,0.0002774213699726757
0.00125,0.04625,0.005,6.25e-08,-0.000576238,0.0206986,-0.0004547285,0.020005975000000002,-0.00012150949999999996,0.0006926249999999988,0.0007032026373779099
0.00375,0.04625,0.005,6.25e-08,-0.00360231,0.0554851,-0.0038157449999999997,0.055096525,0.00021343499999999967,0.0003885750000000021,0.000443333993564673
0.00625,0.04625,0.005,6.25e-08,-0.00977767,0.084076,-0.009896835000000001,0.083968025,0.00011916500000000094,0.00010797499999999627,0.0001608070205246009
0.00875,0.04625,0.005,6.25e-08,-0.0181156,0.107026,-0.018115450000000005,0.1071605,-1.49999999993905e-07,-0.0001345000000000096,0.00013450008364310627
0.01125,0.04625,0.005,6.25e-08,-0.0280177,0.124956,-0.027968125,0.1252895,-4.957499999999962e-05,-0.00033350000000000046,0.00033716454532616605
0.01375,0.04625,0.005,6.25e-08,-0.0390913,0.138493,-0.039030425,0.13898149999999998,-6.08750000000019e-05,-0.0004884999999999751,0.0004922783924010639
0.01625,0.04625,0.005,6.25e-08,-0.0509975,0.148226,-0.050953625,0.148827,-4.3874999999998776e-05,-0.0006009999999999904,0.0006025993823635968
0.01875,0.04625,0.005,6.25e-08,-0.0634579,0.154674,-0.063457525,0.15534725,-3.749999999969056e-07,-0.0006732499999999864,0.0006732501044374086
0.02125,0.04625,0.005,6.25e-08,-0.0762555,0.158267,-0.076321925,0.1589755,6.642499999999496e-05,-0.0007085000000000008,0.0007116070057447443
0.02375,0.04625,0.005,6.25e-08,-0.0892238,0.159338,-0.089376525,0.1600485,0.00015272499999999245,-0.0007105000000000028,0.000726729093696545
0.02625,0.04625,0.005,6.25e-08,-0.102235,0.15813,-0.1024905,0.15881175,0.00025549999999999184,-0.0006817500000000087,0.0007280544708330605
0.02875,0.04625,0.005,6.25e-08,-0.11519,0.154803,-0.11556175,0.155426,0.000371750000000004,-0.0006230000000000124,0.0007254840194656382
0.03125,0.04625,0.005,6.25e-08,-0.12801,0.149445,-0.12850875,0.14998275,0.0004987499999999923,-0.0005377500000000035,0.0007334348130543
0.03375,0.04625,0.005,6.25e-08,-0.140626,0.142091,-0.14126,0.14251825,0.0006339999999999957,-0.0004272500000000179,0.0007645250568163282
0.03625,0.04625,0.005,6.25e-08,-0.152971,0.13274,-0.15374825,0.13303075,0.0007772500000000071,-0.0002907500000000063,0.0008298512667942459
0.03875,0.04625,0.005,6.25e-08,-0.164975,0.121364,-0.1659005,0.12149575,0.0009254999999999958,-0.00013174999999999992,0.0009348306330560591
0.04125,0.04625,0.005,6.25e-08,-0.176559,0.10793,-0.17763425,0.10788075000000001,0.0010752499999999998,4.9249999999986804e-05,0.0010763773153499652
0.04375,0.04625,0.005,6.25e-08,-0.187624,0.0924076,-0.18884774999999998,0.09215785,0.001223749999999968,0.0002497500000000069,0.0012489752299384984
0.04625,0.04625,0.005,6.25e-08,-0.198049,0.074787,-0.19941699999999998,0.07431975,0.0013679999999999803,0.0004672500000000024,0.0014455955736304494
0.04875,0.04625,0.005,6.25e-08,-0.207687,0.0550899,-0.20918799999999999,0.054392075,0.0015009999999999746,0.0006978249999999991,0.0016552826739336466
0.05125,0.04625,0.005,6.25e-08,-0.216354,0.0333856,-0.21797075000000002,0.032449775,0.0016167500000000279,0.0009358250000000012,0.0018680602220284795
0.05375,0.04625,0.005,6.25e-08,-0.22383,0.00980743,-0.225537,0.0086341775,0.0017069999999999863,0.001173252500000001,0.0020713209381349397
0.05625,0.04625,0.005,6.25e-08,-0.229853,-0.0154289,-0.23161375,-0.01682745,0.0017607500000000054,0.0013985500000000001,0.0022485957095485214
0.05875,0.04625,0.005,6.25e-08,-0.234121,-0.0420041,-0.2358855,-0.04360017499999996,0.0017645000000000022,0.0015960749999999607,0.002379267882274899
0.06125,0.04625,0.005,6.25e-08,-0.236291,-0.0694733,-0.237996,-0.07121815000000001,0.001705000000000012,0.0017448500000000061,0.002439575070068569
0.06375,0.04625,0.005,6.25e-08,-0.235991,-0.0972438,-0.23756,-0.09906260000000008,0.001568999999999987,0.0018188000000000787,0.0024020396416379658
0.06625,0.04625,0.005,6.25e-08,-0.232835,-0.124556,-0.2341835,-0.12634200000000007,0.0013485000000000025,0.0017860000000000653,0.0022379115822570472
0.06875,0.04625,0.005,6.25e-08,-0.226455,-0.15047,-0.22749574999999997,-0.15208700000000008,0.0010407499999999792,0.0016170000000000906,0.0019229793453129573
0.07125,0.04625,0.005,6.25e-08,-0.216537,-0.173872,-0.21719725000000004,-0.17515674999999994,0.0006602500000000289,0.0012847499999999457,0.0014444765920567555
0.07375,0.04625,0.005,6.25e-08,-0.202881,-0.193498,-0.20311925000000003,-0.19427899999999992,0.00023825000000002317,0.0007809999999999206,0.0008165317277974488
0.07625,0.04625,0.005,6.25e-08,-0.18547,-0.207998,-0.18529650000000006,-0.20812374999999994,-0.0001734999999999376,0.0001257499999999523,0.00021427858619088922
0.07875,0.04625,0.005,6.25e-08,-0.164545,-0.216039,-0.16403874999999996,-0.21542050000000001,-0.0005062500000000414,-0.0006184999999999941,0.0007992692365530119
0.08125,0.04625,0.005,6.25e-08,-0.140673,-0.216455,-0.13998324999999992,-0.21511024999999998,-0.0006897500000000722,-0.0013447500000000334,0.001511326445543844
0.08375,0.04625,0.005,6.25e-08,-0.11479,-0.208437,-0.11411624999999992,-0.20652124999999996,-0.000673750000000084,-0.0019157500000000494,0.002030772543885775
0.08625,0.04625,0.005,6.25e-08,-0.0881962,-0.191727,-0.08773710000000008,-0.18952875000000005,-0.0004590999999999207,-0.002198249999999957,0.002245679378829431
0.08875,0.04625,0.005,6.25e-08,-0.0624782,-0.166781,-0.06236960000000007,-0.1646690000000001,-0.00010859999999993097,-0.0021119999999999195,0.0021147902874752485
0.09125,0.04625,0.005,6.25e-08,-0.0393335,-0.134841,-0.039615550000000055,-0.1331595000000001,0.0002820500000000545,-0.0016814999999998914,0.0017049910417652246
0.09375,0.04625,0.005,6.25e-08,-0.020332,-0.0978477,-0.02098985,-0.096820825,0.0006578500000000015,-0.0010268749999999965,0.0012195240416346842
0.09625,0.04625,0.005,6.25e-08,-0.00697682,-0.0582123,-0.007767159999999971,-0.05789777499999989,0.000790339999999971,-0.000314525000000114,0.0008506252354738988
0.09875,0.04625,0.005,6.25e-08,-0.000953949,-0.0185446,-0.0008775704999999902,-0.018829124999999895,-7.637850000000981e-05,0.0002845249999998932,0.0002945982873120459
0.00125,0.04875,0.005,6.25e-08,-0.000561031,0.0225385,-0.00044468700000000003,0.021766475,-0.000116344,0.0007720249999999991,0.0007807422922840793
0.00375,0.04875,0.005,6.25e-08,-0.003527,0.0603157,-0.0037389199999999997,0.05987287499999999,0.00021191999999999956,0.0004428250000000078,0.000490921650597126
0.00625,0.04875,0.005,6.25e-08,-0.00959659,0.0912839,-0.00971117,0.09114625,0.00011457999999999954,0.00013765000000000305,0.00017909801478520283
0.00875,0.04875,0.005,6.25e-08,-0.0178015,0.116073,-0.017792150000000003,0.11620100000000001,-9.349999999998249e-06,-0.000128000000000017,0.00012834103981191797
0.01125,0.04875,0.005,6.25e-08,-0.027547,0.135381,-0.027482725,0.13572900000000002,-6.427499999999906e-05,-0.00034800000000001496,0.00035388596415372324
0.01375,0.04875,0.005,6.25e-08,-0.0384378,0.149911,-0.038357925,0.1504335,-7.987500000000008e-05,-0.0005225000000000091,0.0005285700196047913
0.01625,0.04875,0.005,6.25e-08,-0.0501321,0.160326,-0.05006675,0.1609775,-6.534999999999874e-05,-0.0006514999999999993,0.0006547693277025115
0.01875,0.04875,0.005,6.25e-08,-0.06235,0.16721,-0.062327725,0.1679475,-2.2275000000002154e-05,-0.000737500000000002,0.0007378363135716506
0.02125,0.04875,0.005,6.25e-08,-0.0748761,0.171047,-0.07492185000000001,0.17183274999999998,4.575000000001106e-05,-0.000785749999999974,0.0007870807614215711
0.02375,0.04875,0.005,6.25e-08,-0.0875489,0.17222,-0.087683075,0.17301725,0.00013417500000000027,-0.0007972499999999993,0.0008084618068437118
0.02625,0.04875,0.005,6.25e-08,-0.100249,0.171005,-0.100488525,0.17178175,0.00023952499999999044,-0.0007767500000000205,0.0008128424128482884
0.02875,0.04875,0.005,6.25e-08,-0.11289,0.167587,-0.11324825000000001,0.1683135,0.0003582500000000044,-0.000726499999999991,0.0008100279701960853
0.03125,0.04875,0.005,6.25e-08,-0.125407,0.162072,-0.12589475,0.16272,0.000487750000000009,-0.0006480000000000097,0.0008110512083093283
0.03375,0.04875,0.005,6.25e-08,-0.137749,0.154504,-0.13837525,0.1550475,0.0006262499999999949,-0.0005435000000000023,0.0008292052294215203
0.03625,0.04875,0.005,6.25e-08,-0.149872,0.14488,-0.15064275,0.145293,0.0007707499999999867,-0.0004129999999999967,0.0008744281345542222
0.03875,0.04875,0.005,6.25e-08,-0.161726,0.133167,-0.16264775,0.1334265,0.000921749999999999,-0.00025949999999999585,0.0009575820134588974
0.04125,0.04875,0.005,6.25e-08,-0.173257,0.119318,-0.1743325,0.11940124999999999,0.001075500000000007,-8.324999999999305e-05,0.0010787172069175563
0.04375,0.04875,0.005,6.25e-08,-0.184392,0.103284,-0.18562175,0.10316937500000001,0.0012297500000000017,0.0001146249999999932,0.001235080545197358
0.04625,0.04875,0.005,6.25e-08,-0.195036,0.0850273,-0.19641850000000002,0.08469682499999999,0.0013825000000000365,0.0003304750000000106,0.001421449955371313
0.04875,0.04875,0.005,6.25e-08,-0.205065,0.0645391,-0.2065955,0.06397595,0.0015304999999999902,0.0005631499999999984,0.0016308182524426098
0.05125,0.04875,0.005,6.25e-08,-0.214322,0.0418507,-0.21598799999999999,0.041042524999999996,0.001665999999999973,0.0008081750000000013,0.0018516756818149642
0.05375,0.04875,0.005,6.25e-08,-0.222605,0.0170526,-0.22438775,0.0159931,0.0017827499999999996,0.0010595000000000014,0.002073822030093229
0.05625,0.04875,0.005,6.25e-08,-0.229664,-0.00968559,-0.23153674999999999,-0.010993695,0.0018727499999999786,0.0013081049999999986,0.002284366707322823
0.05875,0.04875,0.005,6.25e-08,-0.2352,-0.0380916,-0.2371205,-0.03963254999999996,0.0019205000000000194,0.0015409499999999576,0.002462284945431772
0.06125,0.04875,0.005,6.25e-08,-0.238858,-0.0677641,-0.24076999999999998,-0.06950325,0.001911999999999997,0.0017391500000000087,0.002584644409295023
0.06375,0.04875,0.005,6.25e-08,-0.240231,-0.0981429,-0.24206275,-0.10002032500000008,0.001831749999999993,0.0018774250000000714,0.002622981641781971
0.06625,0.04875,0.005,6.25e-08,-0.238878,-0.12848,-0.24054000000000003,-0.13040350000000006,0.0016620000000000246,0.0019235000000000502,0.0025420653512449824
0.06875,0.04875,0.005,6.25e-08,-0.23434,-0.157815,-0.23573249999999996,-0.1596537500000001,0.0013924999999999632,0.0018387500000000834,0.0023065250513489345
0.07125,0.04875,0.005,6.25e-08,-0.226181,-0.184961,-0.22720800000000002,-0.18654649999999992,0.0010270000000000279,0.0015854999999999342,0.0018890577677773248
0.07375,0.04875,0.005,6.25e-08,-0.214053,-0.208516,-0.21463775000000004,-0.20965324999999996,0.0005847500000000505,0.0011372499999999508,0.0012787768081256193
0.07625,0.04875,0.005,6.25e-08,-0.197766,-0.22691,-0.19788150000000004,-0.22740374999999996,0.00011550000000004612,0.0004937499999999595,0.000507079197463247
0.07875,0.04875,0.005,6.25e-08,-0.177391,-0.238505,-0.17708424999999994,-0.23820675000000002,-0.00030675000000005004,-0.00029824999999997215,0.00042784182240638197
0.08125,0.04875,0.005,6.25e-08,-0.153358,-0.241759,-0.15276499999999993,-0.24062675,-0.0005930000000000657,-0.0011322500000000013,0.001278138905792356
0.08375,0.04875,0.005,6.25e-08,-0.126533,-0.235451,-0.12587074999999992,-0.23360274999999997,-0.0006622500000000864,-0.0018482500000000235,0.001963314321498267
0.08625,0.04875,0.005,6.25e-08,-0.0982578,-0.218943,-0.09777195000000007,-0.21667775000000006,-0.0004858499999999405,-0.002265249999999941,0.0023167666660671017
0.08875,0.04875,0.005,6.25e-08,-0.0702961,-0.192429,-0.07017820000000008,-0.1901770000000001,-0.00011789999999992085,-0.002251999999999893,0.0022550841248165218
0.09125,0.04875,0.005,6.25e-08,-0.0446516,-0.157084,-0.044977700000000065,-0.1552840000000001,0.0003261000000000652,-0.0017999999999999128,0.0018293007434535549
0.09375,0.04875,0.005,6.25e-08,-0.0232753,-0.115035,-0.024029925,-0.113974,0.0007546250000000018,-0.0010609999999999925,0.0013019907413745256
0.09625,0.04875,0.005,6.25e-08,-0.00807021,-0.0690849,-0.008961949999999967,-0.06880229999999987,0.0008917399999999673,-0.00028260000000013275,0.0009354480143760084
0.09875,0.04875,0.005,6.25e-08,-0.00112885,-0.0223054,-0.0010207322499999887,-0.022602349999999872,-0.00010811775000001134,0.0002969499999998723,0.00031602017398417643
0.00125,0.05125,0.005,6.25e-08,-0.000540927,0.0243297,-0.00043108450000000004,0.023481775000000003,-0.00010984249999999992,0.0008479249999999959,0.0008550100469767845
0.00375,0.05125,0.005,6.25e-08,-0.00342437,0.065038,-0.0036333375,0.06453965,0.00020896750000000018,0.0004983499999999946,0.0005403888771581487
0.00625,0.05125,0.005,6.25e-08,-0.00934351,0.0983425,-0.0094514775,0.09817157500000001,0.00010796750000000022,0.00017092499999998845,0.00020216907943908263
0.00875,0.05125,0.005,6.25e-08,-0.017352,0.124937,-0.017331175000000004,0.1250535,-2.0824999999995153e-05,-0.00011650000000000549,0.00011834665447320882
0.01125,0.05125,0.005,6.25e-08,-0.0268589,0.145588,-0.02677725,0.14594725,-8.165000000000255e-05,-0.0003592500000000054,0.0003684118415577929
0.01375,0.05125,0.005,6.25e-08,-0.037465,0.161075,-0.037363375000000004,0.16162875,-0.00010162499999999408,-0.0005537499999999917,0.0005629979601428319
0.01625,0.05125,0.005,6.25e-08,-0.0488246,0.172132,-0.048735375000000004,0.17283300000000001,-8.922499999999833e-05,-0.0007010000000000072,0.0007066555742545372
0.01875,0.05125,0.005,6.25e-08,-0.0606563,0.179412,-0.060610075,0.180214,-4.62250000000039e-05,-0.0008020000000000249,0.000803331034272323
0.02125,0.05125,0.005,6.25e-08,-0.0727468,0.183459,-0.07276960000000002,0.18432075,2.280000000001725e-05,-0.0008617499999999945,0.0008620515660330252
0.02375,0.05125,0.005,6.25e-08,-0.0849401,0.184704,-0.085052875,0.18558724999999998,0.00011277499999999552,-0.0008832499999999743,0.000890420554078214
0.02625,0.05125,0.005,6.25e-08,-0.0971267,0.183464,-0.09734595000000001,0.184334,0.00021925000000001804,-0.0008700000000000097,0.0008972015172189717
0.02875,0.05125,0.005,6.25e-08,-0.109233,0.179953,-0.1095715,0.18077824999999997,0.00033850000000000546,-0.0008252499999999718,0.0008919752308780537
0.03125,0.05125,0.005,6.25e-08,-0.121212,0.174296,-0.12167874999999999,0.17504799999999998,0.000466749999999988,-0.0007519999999999749,0.0008850760207462132
0.03375,0.05125,0.005,6.25e-08,-0.133032,0.166547,-0.133635,0.16719925000000002,0.0006029999999999924,-0.0006522500000000209,0.0008882787076700748
0.03625,0.05125,0.005,6.25e-08,-0.14467,0.156708,-0.14541575,0.1572345,0.0007457500000000172,-0.0005265000000000131,0.0009128774904115226
0.03875,0.05125,0.005,6.25e-08,-0.156105,0.14474,-0.156997,0.145118,0.0008920000000000039,-0.00037799999999998946,0.000968786870266107
0.04125,0.05125,0.005,6.25e-08,-0.167307,0.130585,-0.16834949999999999,0.1307915,0.001042499999999974,-0.00020649999999999835,0.0010627551458355518
0.04375,0.05125,0.005,6.25e-08,-0.178235,0.114176,-0.17942925,0.1141895,0.0011942500000000078,-1.3499999999999623e-05,0.0011943263006816934
0.04625,0.05125,0.005,6.25e-08,-0.188824,0.0954503,-0.19017075000000003,0.0952513,0.0013467500000000354,0.00019900000000000473,0.0013613730431076183
0.04875,0.05125,0.005,6.25e-08,-0.198983,0.074366,-0.20048100000000002,0.07393645,0.001498000000000027,0.00042955000000000076,0.0015583700467155038
0.05125,0.05125,0.005,6.25e-08,-0.208587,0.0509149,-0.21022924999999998,0.0502395,0.001642249999999984,0.0006753999999999996,0.0017757111878061553
0.05375,0.05125,0.005,6.25e-08,-0.217463,0.0251404,-0.21923974999999998,0.024208125,0.0017767499999999936,0.0009322749999999998,0.0020064837996168765
0.05625,0.05125,0.005,6.25e-08,-0.225389,-0.00284159,-0.22728125,-0.004035571,0.0018922499999999842,0.0011939809999999998,0.0022374540645253346
0.05875,0.05125,0.005,6.25e-08,-0.232081,-0.0328182,-0.23405875,-0.03426847499999996,0.0019777500000000003,0.0014502749999999592,0.0024525074185667377
0.06125,0.05125,0.005,6.25e-08,-0.237189,-0.0644482,-0.2392075,-0.066134775,0.0020184999999999786,0.0016865750000000096,0.0026303759200207383
0.06375,0.05125,0.005,6.25e-08,-0.240293,-0.097228,-0.24228950000000005,-0.0991083500000001,0.00199650000000004,0.0018803500000001,0.0027425769583551405
0.06625,0.05125,0.005,6.25e-08,-0.240907,-0.130451,-0.24279775,-0.13245200000000007,0.0018907499999999966,0.0020010000000000583,0.0027529868438661708
0.06875,0.05125,0.005,6.25e-08,-0.238498,-0.163171,-0.24017874999999997,-0.1651767500000001,0.0016807499999999809,0.002005750000000084,0.002616859496610445
0.07125,0.05125,0.005,6.25e-08,-0.232516,-0.194164,-0.23387125,-0.19601349999999992,0.0013552500000000023,0.0018494999999999207,0.0022928918013067497
0.07375,0.05125,0.005,6.25e-08,-0.222449,-0.221922,-0.22337300000000004,-0.2234074999999999,0.0009240000000000359,0.0014854999999998897,0.00174942454824429
0.07625,0.05125,0.005,6.25e-08,-0.207916,-0.244674,-0.20833650000000004,-0.24556299999999995,0.00042050000000004584,0.0008889999999999454,0.0009834333988633604
0.07875,0.05125,0.005,6.25e-08,-0.188771,-0.26047,-0.18868874999999993,-0.26055000000000006,-8.225000000006144e-05,8.000000000008001e-05,0.00011473910623681408
0.08125,0.05125,0.005,6.25e-08,-0.165239,-0.267345,-0.16476224999999992,-0.26649675,-0.0004767500000000813,-0.0008482499999999948,0.0009730460549224115
0.08375,0.05125,0.005,6.25e-08,-0.138043,-0.263576,-0.1373932499999999,-0.26185425,-0.0006497500000000878,-0.0017217499999999664,0.0018402712096318842
0.08625,0.05125,0.005,6.25e-08,-0.108495,-0.248013,-0.10796375000000008,-0.24570350000000007,-0.0005312499999999137,-0.0023094999999999366,0.002369813666198171
0.08875,0.05125,0.005,6.25e-08,-0.0784897,-0.220432,-0.07834367500000007,-0.2180295000000001,-0.0001460249999999247,-0.002402499999999891,0.002406933640677377
0.09125,0.05125,0.005,6.25e-08,-0.0503505,-0.181811,-0.050720600000000074,-0.17987975000000012,0.00037010000000007454,-0.0019312499999998844,0.001966392781846905
0.09375,0.05125,0.005,6.25e-08,-0.0264842,-0.134406,-0.027350275,-0.1333355,0.0008660750000000009,-0.001070500000000002,0.001376973549355617
0.09625,0.05125,0.005,6.25e-08,-0.00928868,-0.0814797,-0.010288189999999961,-0.08127319999999985,0.0009995099999999604,-0.000206500000000151,0.0010206186800661564
0.09875,0.05125,0.005,6.25e-08,-0.00133224,-0.0266634,-0.001181948499999987,-0.02696874999999985,-0.00015029150000001284,0.0003053499999998502,0.00034033242201142455
0.00125,0.05375,0.005,6.25e-08,-0.00051787,0.0260601,-0.00041525550000000007,0.0251406,-0.00010261449999999996,0.0009195000000000002,0.0009252080769266178
0.00375,0.05375,0.005,6.25e-08,-0.00330509,0.0696218,-0.0035095574999999997,0.06906699999999999,0.00020446749999999958,0.0005548000000000081,0.0005912782750585877
0.00625,0.05375,0.005,6.25e-08,-0.00904437,0.105205,-0.009142980000000002,0.10499675,9.861000000000245e-05,0.00020825000000000704,0.00023041700154286231
0.00875,0.05375,0.005,6.25e-08,-0.0168098,0.133551,-0.0167739,0.133653,-3.589999999999843e-05,-0.00010199999999999099,0.00010813329736948767
0.01125,0.05375,0.005,6.25e-08,-0.0260108,0.155491,-0.025907975,0.1558585,-0.00010282500000000083,-0.0003675000000000206,0.0003816139811707838
0.01375,0.05375,0.005,6.25e-08,-0.0362408,0.171874,-0.036114175,0.17245875000000002,-0.00012662499999999827,-0.0005847500000000228,0.0005983029777002837
0.01625,0.05375,0.005,6.25e-08,-0.0471487,0.183512,-0.04703335,0.184262,-0.00011535000000000017,-0.0007500000000000007,0.0007588185702129337
0.01875,0.05375,0.005,6.25e-08,-0.0584515,0.191126,-0.0583799,0.19199225,-7.160000000000499e-05,-0.0008662500000000128,0.000869204016615215
0.02125,0.05375,0.005,6.25e-08,-0.0699383,0.195325,-0.06993742500000001,0.19626174999999998,-8.749999999835278e-07,-0.0009367499999999862,0.0009367504086601586
0.02375,0.05375,0.005,6.25e-08,-0.0814603,0.196593,-0.081550925,0.19755925,9.062499999999696e-05,-0.0009662500000000018,0.0009704905734343858
0.02625,0.05375,0.005,6.25e-08,-0.0929195,0.195291,-0.09311692499999999,0.19624899999999998,0.0001974249999999872,-0.0009579999999999866,0.000978131192951625
0.02875,0.05375,0.005,6.25e-08,-0.104258,0.191664,-0.10457274999999999,0.19258200000000003,0.00031474999999998865,-0.0009180000000000299,0.0009704594594830058
0.03125,0.05375,0.005,6.25e-08,-0.115446,0.185863,-0.11588625,0.18670974999999998,0.00044025000000000314,-0.0008467499999999795,0.0009543613702366457
0.03375,0.05375,0.005,6.25e-08,-0.126476,0.177954,-0.12704600000000002,0.17870350000000002,0.0005700000000000149,-0.000749500000000014,0.0009416210755925327
0.03625,0.05375,0.005,6.25e-08,-0.137348,0.167945,-0.13805299999999998,0.16857125,0.0007049999999999834,-0.0006262499999999949,0.0009429814751626726
0.03875,0.05375,0.005,6.25e-08,-0.14807,0.155795,-0.14891125,0.15627625,0.0008412499999999878,-0.0004812500000000164,0.0009691765190098218
0.04125,0.05375,0.005,6.25e-08,-0.158641,0.141438,-0.15962199999999999,0.14175149999999997,0.0009809999999999819,-0.0003134999999999666,0.0010298753565358982
0.04375,0.05375,0.005,6.25e-08,-0.169053,0.12479,-0.17017549999999998,0.1249155,0.0011224999999999707,-0.0001255000000000006,0.0011294939132195155
0.04625,0.05375,0.005,6.25e-08,-0.179278,0.105766,-0.180544,0.10568374999999999,0.0012660000000000171,8.225000000000593e-05,0.0012686690121935051
0.04875,0.05375,0.005,6.25e-08,-0.189263,0.0842926,-0.19067225,0.08398455,0.0014092500000000008,0.0003080499999999903,0.0014425256895459423
0.05125,0.05375,0.005,6.25e-08,-0.198919,0.0603211,-0.20047225000000002,0.059771624999999995,0.001553250000000006,0.0005494750000000076,0.001647576504483184
0.05375,0.05375,0.005,6.25e-08,-0.208117,0.0338463,-0.20980925,0.033041975,0.0016922500000000062,0.0008043250000000016,0.0018736725349230649
0.05625,0.05375,0.005,6.25e-08,-0.216671,0.00492511,-0.218493,0.0038566272500000004,0.0018219999999999903,0.0010684827499999995,0.002112188293464275
0.05875,0.05375,0.005,6.25e-08,-0.22433,-0.0262978,-0.22626425000000003,-0.027633124999999953,0.0019342500000000262,0.0013353249999999532,0.0023504076068046106
0.06125,0.05375,0.005,6.25e-08,-0.230766,-0.0595571,-0.23278275,-0.061151750000000005,0.0020167500000000116,0.001594650000000003,0.00257102881839159
0.06375,0.05375,0.005,6.25e-08,-0.235566,-0.0944278,-0.23761675000000002,-0.0962570750000001,0.002050750000000018,0.0018292750000000885,0.0027480579666603463
0.06625,0.05375,0.005,6.25e-08,-0.238225,-0.130277,-0.24023825000000001,-0.13228950000000012,0.002013250000000022,0.0020125000000001114,0.002846635173762268
0.06875,0.05375,0.005,6.25e-08,-0.238155,-0.166209,-0.24003199999999997,-0.1683140000000001,0.001876999999999962,0.002105000000000107,0.002820310975761415
0.07125,0.05375,0.005,6.25e-08,-0.234704,-0.201013,-0.23632375,-0.20306774999999994,0.0016197500000000031,0.0020547499999999386,0.0026164073889590965
0.07375,0.05375,0.005,6.25e-08,-0.22721,-0.233122,-0.22843875000000005,-0.23492199999999994,0.0012287500000000562,0.0017999999999999405,0.0021794096821157612
0.07625,0.05375,0.005,6.25e-08,-0.215079,-0.260602,-0.21580150000000006,-0.26189024999999994,0.0007225000000000703,0.0012882499999999353,0.0014770221096855438
0.07875,0.05375,0.005,6.25e-08,-0.197913,-0.281205,-0.19807424999999992,-0.28171075000000007,0.0001612499999999184,0.0005057500000000825,0.0005308338958657945
0.08125,0.05375,0.005,6.25e-08,-0.175669,-0.292521,-0.17532574999999992,-0.29203125,-0.00034325000000007266,-0.0004897499999999555,0.0005980598841253326
0.08375,0.05375,0.005,6.25e-08,-0.148835,-0.292243,-0.14819274999999993,-0.29071549999999996,-0.0006422500000000664,-0.001527500000000015,0.0016570278550767127
0.08625,0.05375,0.005,6.25e-08,-0.118594,-0.278561,-0.11798625000000008,-0.27623375000000006,-0.0006077499999999209,-0.0023272499999999474,0.002405296785222077
0.08875,0.05375,0.005,6.25e-08,-0.0868953,-0.250639,-0.08668232500000009,-0.2480595000000001,-0.000212974999999907,-0.0025794999999999013,0.00258827714911376
0.09125,0.05375,0.005,6.25e-08,-0.0563614,-0.209055,-0.056763375000000074,-0.20695750000000013,0.0004019750000000752,-0.0020974999999998634,0.0021356708900541034
0.09375,0.05375,0.005,6.25e-08,-0.0299392,-0.156076,-0.03092795,-0.15502625,0.00098875,-0.0010497499999999882,0.0014420823918902745
0.09625,0.05375,0.005,6.25e-08,-0.0106402,-0.0955121,-0.011744674999999956,-0.09545084999999984,0.0011044749999999555,-6.125000000016534e-05,0.0011061720427333725
0.09875,0.05375,0.005,6.25e-08,-0.00156821,-0.0316962,-0.0013619192499999852,-0.03199682499999982,-0.00020629075000001482,0.0003006249999998184,0.0003645974001010696
0.00125,0.05625,0.005,6.25e-08,-0.000494576,0.0277239,-0.00039906,0.02673785,-9.551600000000003e-05,0.0009860499999999987,0.00099066538687692
0.00375,0.05625,0.005,6.25e-08,-0.00318402,0.0740522,-0.0033822575,0.07343992499999999,0.00019823749999999972,0.0006122750000000093,0.0006435672319433776
0.00625,0.05625,0.005,6.25e-08,-0.00873533,0.111842,-0.008820660000000001,0.11159400000000001,8.533000000000152e-05,0.00024799999999998434,0.0002622693441864537
0.00875,0.05625,0.005,6.25e-08,-0.0162342,0.141868,-0.016178,0.141953,-5.6199999999999306e-05,-8.500000000000174e-05,0.0001018991658454583
0.01125,0.05625,0.005,6.25e-08,-0.0250823,0.165017,-0.024953125,0.1653925,-0.00012917499999999874,-0.00037550000000000083,0.00039709750770434244
0.01375,0.05625,0.005,6.25e-08,-0.0348604,0.182211,-0.0347048,0.18282700000000002,-0.0001555999999999988,-0.0006160000000000054,0.0006353482194828332
0.01625,0.05625,0.005,6.25e-08,-0.0452094,0.194338,-0.0450657,0.19513875,-0.0001436999999999966,-0.000800749999999989,0.0008135417951771018
0.01875,0.05625,0.005,6.25e-08,-0.0558442,0.202195,-0.055746925,0.20312775,-9.72749999999939e-05,-0.0009327499999999822,0.0009378086095387298
0.02125,0.05625,0.005,6.25e-08,-0.0665581,0.206462,-0.0665345,0.20747425,-2.3599999999998622e-05,-0.0010122499999999923,0.001012525072529063
0.02375,0.05625,0.005,6.25e-08,-0.0772119,0.207679,-0.077281675,0.2087265,6.977499999999415e-05,-0.0010475000000000068,0.0010498213184275758
0.02625,0.05625,0.005,6.25e-08,-0.0877219,0.206255,-0.087898175,0.20729674999999997,0.00017627499999998963,-0.0010417499999999802,0.001056558535115284
0.02875,0.05625,0.005,6.25e-08,-0.0980481,0.202472,-0.09833882499999999,0.203474,0.0002907249999999917,-0.0010019999999999751,0.0010433240271482994
0.03125,0.05625,0.005,6.25e-08,-0.108183,0.196506,-0.10859250000000001,0.19743625,0.0004095000000000071,-0.0009302500000000213,0.001016393286331647
0.03375,0.05625,0.005,6.25e-08,-0.118142,0.188442,-0.118672,0.18927325,0.0005300000000000027,-0.0008312500000000056,0.0009858380001298449
0.03625,0.05625,0.005,6.25e-08,-0.127953,0.178294,-0.12860575,0.1790025,0.0006527499999999797,-0.0007085000000000008,0.0009633560154480661
0.03875,0.05625,0.005,6.25e-08,-0.137653,0.166025,-0.13842749999999998,0.16658799999999999,0.0007744999999999835,-0.0005629999999999802,0.0009575067884876598
0.04125,0.05625,0.005,6.25e-08,-0.147274,0.151561,-0.1481715,0.15195799999999998,0.0008975000000000233,-0.0003969999999999807,0.0009813843538593972
0.04375,0.05625,0.005,6.25e-08,-0.156843,0.134805,-0.15786475,0.1350175,0.001021749999999988,-0.00021250000000000435,0.0010436135838997004
0.04625,0.05625,0.005,6.25e-08,-0.16637,0.115652,-0.16751775,0.11566225,0.001147750000000003,-1.0249999999989434e-05,0.00114779576798314
0.04875,0.05625,0.005,6.25e-08,-0.175845,0.0939999,-0.17712075,0.09379145,0.0012757499999999922,0.00020844999999999891,0.0012926675771442477
0.05125,0.05625,0.005,6.25e-08,-0.185224,0.0697626,-0.1866305,0.06932055,0.001406500000000005,0.0004420499999999994,0.0014743305099264594
0.05375,0.05625,0.005,6.25e-08,-0.194423,0.0428858,-0.19596275,0.042197174999999996,0.0015397499999999786,0.0006886250000000052,0.0016867229924101175
0.05625,0.05625,0.005,6.25e-08,-0.203307,0.0133658,-0.20497800000000002,0.01241977,0.0016710000000000336,0.0009460300000000005,0.0019202119052073687
0.05875,0.05625,0.005,6.25e-08,-0.21167,-0.0187267,-0.21346725,-0.019937424999999953,0.0017972500000000002,0.0012107249999999542,0.0021670169791962613
0.06125,0.05625,0.005,6.25e-08,-0.219225,-0.0532139,-0.221134,-0.05469065,0.001908999999999994,0.001476749999999999,0.0024135185026222554
0.06375,0.05625,0.005,6.25e-08,-0.225589,-0.0897688,-0.22757850000000002,-0.09150207500000011,0.001989500000000005,0.0017332750000001174,0.0026386270057788437
0.06625,0.05625,0.005,6.25e-08,-0.230263,-0.127861,-0.23228175,-0.1298217500000001,0.0020187500000000136,0.0019607500000000944,0.002814230289972806
0.06875,0.05625,0.005,6.25e-08,-0.232634,-0.166689,-0.234598,-0.1688152500000001,0.0019639999999999935,0.0021262500000001072,0.0028945181054020773
0.07125,0.05625,0.005,6.25e-08,-0.231978,-0.205107,-0.23377,-0.20728599999999991,0.0017920000000000158,0.0021789999999999032,0.0028212240251351247
0.07375,0.05625,0.005,6.25e-08,-0.227495,-0.241549,-0.22897075000000003,-0.2435992499999999,0.0014757500000000257,0.0020502499999998924,0.0025261360068293305
0.07625,0.05625,0.005,6.25e-08,-0.218388,-0.273979,-0.21939175000000005,-0.2756419999999999,0.0010037500000000532,0.0016629999999999145,0.0019424425506304741
0.07875,0.05625,0.005,6.25e-08,-0.203981,-0.2999,-0.20439499999999994,-0.30085700000000004,0.0004139999999999422,0.0009570000000000412,0.0010427104104208564
0.08125,0.05625,0.005,6.25e-08,-0.183905,-0.316459,-0.18371399999999993,-0.31639925,-0.00019100000000008,-5.974999999996955e-05,0.00020012761553575488
0.08375,0.05625,0.005,6.25e-08,-0.158322,-0.320706,-0.15768274999999993,-0.31945775,-0.0006392500000000634,-0.0012482500000000063,0.0014024152826463696
0.08625,0.05625,0.005,6.25e-08,-0.128161,-0.310031,-0.12742950000000008,-0.30772850000000007,-0.0007314999999999128,-0.0023024999999999296,0.0024159053168531976
0.08875,0.05625,0.005,6.25e-08,-0.0953019,-0.282752,-0.09495057500000009,-0.27996375000000007,-0.0003513249999999024,-0.0027882499999999366,0.002810296660163225
0.09125,0.05625,0.005,6.25e-08,-0.0626028,-0.238763,-0.06299020000000008,-0.23643650000000016,0.00038740000000007935,-0.0023264999999998426,0.0023585336567450823
0.09375,0.05625,0.005,6.25e-08,-0.033628,-0.180132,-0.034724624999999995,-0.17912024999999998,0.001096624999999997,-0.0010117500000000057,0.0014920537701855804
0.09625,0.05625,0.005,6.25e-08,-0.0121193,-0.111286,-0.013325849999999953,-0.1114627499999998,0.0012065499999999538,0.000176749999999809,0.0012194275152709246
0.09875,0.05625,0.005,6.25e-08,-0.00179854,-0.0374178,-0.001561001499999983,-0.03775602499999979,-0.0002375385000000169,0.0003382249999997894,0.0004133045966440678
0.00125,0.05875,0.005,6.25e-08,-0.000474709,0.0293244,-0.00038500725,0.02827665,-8.970175000000001e-05,0.00104775,0.0010515828386071459
0.00375,0.05875,0.005,6.25e-08,-0.0030812,0.0783346,-0.00327125,0.07766382499999999,0.00019004999999999977,0.0006707750000000123,0.0006971786737451286
0.00625,0.05875,0.005,6.25e-08,-0.00846487,0.118252,-0.0085315825,0.11796075,6.671250000000149e-05,0.0002912499999999929,0.00029879277125835236
0.00875,0.05875,0.005,6.25e-08,-0.0157043,0.149866,-0.015620500000000004,0.149932,-8.379999999999672e-05,-6.60000000000105e-05,0.00010666977078817052
0.01125,0.05875,0.005,6.25e-08,-0.0241794,0.174116,-0.024017049999999998,0.17450124999999997,-0.00016235000000000208,-0.0003852499999999759,0.00041806110199345514
0.01375,0.05875,0.005,6.25e-08,-0.0334502,0.192,-0.033260825,0.19265149999999998,-0.00018937499999999857,-0.0006514999999999715,0.0006784652832864497
0.01625,0.05875,0.005,6.25e-08,-0.0431458,0.204491,-0.042971850000000006,0.20534724999999998,-0.00017394999999999217,-0.0008562499999999751,0.0008737406165447241
0.01875,0.05875,0.005,6.25e-08,-0.0529797,0.212468,-0.05285727500000001,0.21346974999999996,-0.00012242499999998852,-0.001001749999999968,0.0010092031228275766
0.02125,0.05875,0.005,6.25e-08,-0.062752,0.216686,-0.06270805000000002,0.21777525,-4.3949999999987055e-05,-0.0010892500000000138,0.001090136305697608
0.02375,0.05875,0.005,6.25e-08,-0.0723373,0.21775,-0.07238925000000002,0.21887625,5.195000000002281e-05,-0.0011262499999999953,0.0011274474998863547
0.02625,0.05875,0.005,6.25e-08,-0.0816705,0.21612,-0.08182825000000002,0.21723925,0.00015775000000002593,-0.0011192499999999883,0.0011303121803289487
0.02875,0.05875,0.005,6.25e-08,-0.0907341,0.212119,-0.09100160000000002,0.21319349999999998,0.0002675000000000177,-0.0010744999999999783,0.0011072969339793021
0.03125,0.05875,0.005,6.25e-08,-0.0995453,0.20595,-0.09992290000000002,0.20694825,0.0003776000000000196,-0.000998250000000006,0.001067279168024949
0.03375,0.05875,0.005,6.25e-08,-0.108147,0.197718,-0.10863275000000003,0.19861349999999997,0.00048575000000003477,-0.0008954999999999658,0.0010187606747906852
0.03625,0.05875,0.005,6.25e-08,-0.116596,0.187449,-0.11718825000000001,0.18821775,0.0005922500000000025,-0.0007687499999999847,0.0009704311541783783
0.03875,0.05875,0.005,6.25e-08,-0.12496,0.175109,-0.12565525000000002,0.17573075,0.0006952500000000222,-0.0006217500000000042,0.0009327087567939074
0.04125,0.05875,0.005,6.25e-08,-0.133306,0.160622,-0.13410300000000003,0.16107724999999998,0.0007970000000000199,-0.0004552499999999904,0.0009178570490550384
0.04375,0.05875,0.005,6.25e-08,-0.141696,0.143881,-0.142595,0.14415324999999998,0.0008990000000000109,-0.0002722499999999739,0.0009393194677531204
0.04625,0.05875,0.005,6.25e-08,-0.150181,0.124763,-0.15118375,0.12483699999999999,0.0010027499999999967,-7.399999999999074e-05,0.0010054767836703104
0.04875,0.05875,0.005,6.25e-08,-0.158795,0.103141,-0.15990300000000002,0.10300329999999999,0.0011080000000000256,0.00013770000000000449,0.001116523752546294
0.05125,0.05875,0.005,6.25e-08,-0.167541,0.078896,-0.16876000000000002,0.07853379999999999,0.0012190000000000256,0.00036220000000000696,0.0012716720646456254
0.05375,0.05875,0.005,6.25e-08,-0.176389,0.0519268,-0.17772425000000003,0.05132979999999999,0.0013352500000000378,0.0005970000000000142,0.0014626351433286832
0.05625,0.05875,0.005,6.25e-08,-0.185258,0.0221702,-0.18671425000000003,0.02132937499999999,0.00145625000000002,0.0008408250000000103,0.0016815619950287517
0.05875,0.05875,0.005,6.25e-08,-0.194,-0.0103784,-0.195583,-0.011470769999999965,0.001583000000000001,0.0010923699999999658,0.0019233203625241243
0.06125,0.05875,0.005,6.25e-08,-0.202386,-0.0456349,-0.20409500000000003,-0.04698442500000001,0.001709000000000016,0.0013495250000000111,0.0021775901188297777
0.06375,0.05875,0.005,6.25e-08,-0.210083,-0.0833845,-0.21190575000000006,-0.08499200000000011,0.0018227500000000674,0.0016075000000001088,0.0024303238081582043
0.06625,0.05875,0.005,6.25e-08,-0.216629,-0.123224,-0.21853525000000004,-0.12507925000000014,0.0019062500000000537,0.0018552500000001415,0.0026600266211075276
0.06875,0.05875,0.005,6.25e-08,-0.221418,-0.164485,-0.22334900000000005,-0.1665565000000001,0.0019310000000000438,0.002071500000000115,0.002831938073122477
0.07125,0.05875,0.005,6.25e-08,-0.223691,-0.206143,-0.22554725,-0.20835524999999988,0.0018562500000000037,0.002212249999999888,0.0028878563200061594
0.07375,0.05875,0.005,6.25e-08,-0.222547,-0.246705,-0.22418700000000003,-0.24891674999999988,0.0016400000000000303,0.0022117499999998735,0.002753441131112038
0.07625,0.05875,0.005,6.25e-08,-0.217005,-0.284116,-0.21824975000000002,-0.2860922499999998,0.0012447500000000167,0.001976249999999846,0.002335586997951357
0.07875,0.05875,0.005,6.25e-08,-0.206112,-0.315701,-0.20678174999999996,-0.31710675000000005,0.000669749999999969,0.001405750000000039,0.0015571442210020458
0.08125,0.05875,0.005,6.25e-08,-0.189134,-0.338212,-0.18912074999999992,-0.338651,-1.3250000000075701e-05,0.0004389999999999672,0.0004391999117713632
0.08375,0.05875,0.005,6.25e-08,-0.165818,-0.348041,-0.1651912499999999,-0.34718374999999996,-0.0006267500000000925,-0.0008572500000000316,0.0010619289641968384
0.08625,0.05875,0.005,6.25e-08,-0.136704,-0.34165,-0.1358020000000001,-0.33946425,-0.0009019999999999029,-0.0021857499999999863,0.0023645521906906102
0.08875,0.05875,0.005,6.25e-08,-0.103436,-0.316265,-0.10284197500000009,-0.31327625000000003,-0.0005940249999999148,-0.0029887499999999845,0.003047210570854073
0.09125,0.05875,0.005,6.25e-08,-0.0690104,-0.270751,-0.06924750000000007,-0.2681220000000001,0.00023710000000007336,-0.002628999999999937,0.002639669943383018
0.09375,0.05875,0.005,6.25e-08,-0.0376312,-0.206588,-0.038685075,-0.20563224999999996,0.0010538750000000027,-0.000955750000000033,0.0014227124017611812
0.09625,0.05875,0.005,6.25e-08,-0.0136122,-0.128889,-0.015021424999999946,-0.12941674999999975,0.0014092249999999463,0.0005277499999997437,0.0015048040281460502
0.09875,0.05875,0.005,6.25e-08,-0.00167238,-0.0437537,-0.0017792007499999802,-0.044315074999999746,0.00010682074999998018,0.0005613749999997461,0.0005714477782398609
0.00125,0.06125,0.005,6.25e-08,-0.000463102,0.0308766,-0.00037644999999999996,0.029771300000000004,-8.665200000000005e-05,0.0011052999999999966,0.001108691417439493
0.00375,0.06125,0.005,6.25e-08,-0.00302308,0.0825023,-0.003202885,0.08177129999999999,0.0001798049999999999,0.0007310000000000094,0.000752788707423945
0.00625,0.06125,0.005,6.25e-08,-0.00829676,0.124466,-0.008337907500000002,0.12412850000000002,4.114750000000153e-05,0.0003374999999999767,0.00033999906875789294
0.00875,0.06125,0.005,6.25e-08,-0.0153233,0.157554,-0.015202225000000003,0.15760325000000003,-0.00012107499999999653,-4.925000000002844e-05,0.00013070852353615645
0.01125,0.06125,0.005,6.25e-08,-0.023439,0.182763,-0.02323475,0.18316300000000002,-0.00020425000000000304,-0.00040000000000001146,0.000449130340213184
0.01375,0.06125,0.005,6.25e-08,-0.0321714,0.201177,-0.03194275,0.20187075,-0.00022865000000000385,-0.000693749999999993,0.0007304586812407612
0.01625,0.06125,0.005,6.25e-08,-0.0411341,0.213863,-0.04092825,0.21478225,-0.00020585000000000048,-0.0009192500000000103,0.0009420163400918368
0.01875,0.06125,0.005,6.25e-08,-0.0500406,0.221796,-0.049894875,0.2228715,-0.00014572499999999933,-0.001075500000000007,0.0010853276121176568
0.02125,0.06125,0.005,6.25e-08,-0.0587029,0.225813,-0.058642650000000004,0.22698000000000002,-6.0249999999997805e-05,-0.0011670000000000014,0.0011685542616840705
0.02375,0.06125,0.005,6.25e-08,-0.067016,0.226591,-0.0670549,0.22779225,3.8899999999994495e-05,-0.0012012500000000148,0.001201879683038213
0.02625,0.06125,0.005,6.25e-08,-0.0749401,0.224645,-0.075083275,0.22583325,0.00014317500000000927,-0.0011882500000000018,0.0011968446612342835
0.02875,0.06125,0.005,6.25e-08,-0.0824857,0.220341,-0.08273217499999999,0.22147575,0.000246474999999996,-0.00113474999999999,0.0011612094936422864
0.03125,0.06125,0.005,6.25e-08,-0.0897,0.213913,-0.09004525,0.21496300000000002,0.0003452499999999914,-0.0010500000000000231,0.00110530428502745
0.03375,0.06125,0.005,6.25e-08,-0.0966558,0.205487,-0.097093925,0.20642525,0.00043812499999999754,-0.0009382500000000016,0.0010355030555845796
0.03625,0.06125,0.005,6.25e-08,-0.103443,0.195102,-0.10396775000000001,0.195907,0.0005247500000000183,-0.0008050000000000002,0.0009609305711132409
0.03875,0.06125,0.005,6.25e-08,-0.11016,0.18273,-0.11076625000000001,0.183382,0.0006062500000000165,-0.0006519999999999859,0.0008903050390175278
0.04125,0.06125,0.005,6.25e-08,-0.116909,0.168292,-0.11759275000000001,0.16877599999999998,0.0006837500000000107,-0.00048399999999998444,0.0008377171733347714
0.04375,0.06125,0.005,6.25e-08,-0.123788,0.151677,-0.124549,0.151978,0.0007610000000000117,-0.0003009999999999957,0.0008183654440407507
0.04625,0.06125,0.005,6.25e-08,-0.13089,0.132748,-0.13172775,0.13285375,0.0008377499999999982,-0.0001057499999999878,0.0008443980844364785
0.04875,0.06125,0.005,6.25e-08,-0.13829,0.111358,-0.139207,0.11125750000000001,0.0009170000000000011,0.00010049999999998949,0.0009224907858618426
0.05125,0.06125,0.005,6.25e-08,-0.146042,0.0873573,-0.14704374999999997,0.08704165000000001,0.001001749999999968,0.0003156499999999868,0.0010503037584432074
0.05375,0.06125,0.005,6.25e-08,-0.154168,0.060604,-0.15526325,0.0600671,0.001095249999999992,0.0005368999999999999,0.0012197680814400673
0.05625,0.06125,0.005,6.25e-08,-0.162647,0.0309801,-0.16384549999999998,0.030216825,0.0011984999999999635,0.0007632750000000008,0.001420912022478842
0.05875,0.06125,0.005,6.25e-08,-0.171398,-0.00159184,-0.17271124999999998,-0.0025861724999999523,0.001313249999999988,0.0009943324999999524,0.0016472166472738562
0.06125,0.06125,0.005,6.25e-08,-0.18026,-0.0371223,-0.1816995,-0.038352300000000006,0.0014395000000000102,0.0012300000000000089,0.0018934255332597719
0.06375,0.06125,0.005,6.25e-08,-0.188969,-0.0755148,-0.19053975000000004,-0.07698585000000012,0.0015707500000000374,0.0014710500000001125,0.002152032449801919
0.06625,0.06125,0.005,6.25e-08,-0.197129,-0.116511,-0.19882325000000003,-0.11822575000000012,0.001694250000000036,0.001714750000000112,0.0024105706015382553
0.06875,0.06125,0.005,6.25e-08,-0.20418,-0.159609,-0.20596425000000002,-0.16156025000000013,0.001784250000000015,0.0019512500000001265,0.00264403567014527
0.07125,0.06125,0.005,6.25e-08,-0.209369,-0.203957,-0.2111745,-0.20610924999999988,0.0018054999999999877,0.0021522499999998834,0.0028092722033472395
0.07375,0.06125,0.005,6.25e-08,-0.211743,-0.248215,-0.21344875,-0.2504774999999999,0.0017057500000000059,0.0022624999999999174,0.002833458895502041
0.07625,0.06125,0.005,6.25e-08,-0.210178,-0.290402,-0.2116035,-0.2925939999999999,0.0014254999999999962,0.0021919999999999162,0.002614749366574093
0.07875,0.06125,0.005,6.25e-08,-0.203467,-0.327772,-0.20438799999999996,-0.32958325000000005,0.0009209999999999496,0.001811250000000042,0.0020319615061560737
0.08125,0.06125,0.005,6.25e-08,-0.190502,-0.356776,-0.19070899999999996,-0.35775825000000006,0.00020699999999995722,0.0009822500000000733,0.001003824717019922
0.08375,0.06125,0.005,6.25e-08,-0.17054,-0.373181,-0.16998024999999992,-0.3728425,-0.000559750000000081,-0.00033849999999996383,0.0006541424252409151
0.08625,0.06125,0.005,6.25e-08,-0.143592,-0.372441,-0.14253525000000009,-0.3705265000000001,-0.001056749999999912,-0.0019144999999999301,0.002186785497596768
0.08875,0.06125,0.005,6.25e-08,-0.110911,-0.350475,-0.10998725000000009,-0.3473440000000001,-0.0009237499999999038,-0.003130999999999884,0.0032644256864721387
0.09125,0.06125,0.005,6.25e-08,-0.0755394,-0.304826,-0.0753426750000001,-0.30167875000000016,-0.00019672499999991155,-0.003147249999999824,0.0031533923460495454
0.09375,0.06125,0.005,6.25e-08,-0.0423716,-0.235454,-0.04273665,-0.23449675,0.0003650499999999987,-0.0009572499999999928,0.001024494541225079
0.095625,0.061875,0.005,1.5625e-08,-0.0215965,-0.174976,-0.023014124999999934,-0.17805874999999974,0.0014176249999999328,0.0030827499999997454,0.0033930824044109565
0.098125,0.060625,0.005,1.5625e-08,-0.00179924,-0.0719605,-0.004321534999999968,-0.07417507499999973,0.0025222949999999687,0.0022145749999997327,0.003356533106890003
0.00125,0.06375,0.005,6.25e-08,-0.000465957,0.0324112,-0.00037788750000000004,0.031251175000000006,-8.806949999999998e-05,0.001160024999999995,0.0011633633299426445
0.00375,0.06375,0.005,6.25e-08,-0.00304423,0.086624,-0.0032122324999999995,0.08583055,0.0001680024999999993,0.0007934500000000011,0.0008110411472337587
0.00625,0.06375,0.005,6.25e-08,-0.0083141,0.130557,-0.008321327500000001,0.13017325000000002,7.227500000001746e-06,0.00038374999999998827,0.0003838180548856985
0.00875,0.06375,0.005,6.25e-08,-0.0152239,0.164983,-0.015053525,0.16502050000000001,-0.0001703750000000004,-3.7500000000023626e-05,0.00017445311870242363
0.01125,0.06375,0.005,6.25e-08,-0.023034,0.190966,-0.022777500000000003,0.191391,-0.0002564999999999963,-0.0004250000000000087,0.0004964043210932047
0.01375,0.06375,0.005,6.25e-08,-0.031224,0.209696,-0.030950525,0.21044400000000002,-0.0002734749999999987,-0.0007480000000000264,0.0007964248712998852
0.01625,0.06375,0.005,6.25e-08,-0.0393885,0.222355,-0.0391504,0.22334825000000003,-0.00023809999999999804,-0.0009932500000000288,0.0010213898239653928
0.01875,0.06375,0.005,6.25e-08,-0.0472452,0.230031,-0.047079949999999995,0.23118775000000003,-0.00016525000000000567,-0.001156750000000012,0.0011684939559107824
0.02125,0.06375,0.005,6.25e-08,-0.0546267,0.233655,-0.054555875,0.234901,-7.082500000000352e-05,-0.0012459999999999971,0.0012480112902634307
0.02375,0.06375,0.005,6.25e-08,-0.061458,0.233981,-0.06148964999999998,0.23525225000000002,3.1649999999980305e-05,-0.0012712500000000293,0.0012716439301156883
0.02625,0.06375,0.005,6.25e-08,-0.067734,0.231584,-0.06786684999999998,0.23282925000000002,0.00013284999999997604,-0.0012452500000000033,0.0012523165274801742
0.02875,0.06375,0.005,6.25e-08,-0.0735013,0.226873,-0.07372834999999997,0.22805175000000003,0.00022704999999996478,-0.001178750000000034,0.0012004179542976121
0.03125,0.06375,0.005,6.25e-08,-0.0788431,0.220115,-0.07915442499999997,0.22119550000000002,0.00031132499999997343,-0.001080500000000012,0.001124456982558697
0.03375,0.06375,0.005,6.25e-08,-0.083867,0.211457,-0.08425232499999998,0.21241375,0.00038532499999997805,-0.0009567500000000062,0.001031429065968666
0.03625,0.06375,0.005,6.25e-08,-0.0886967,0.20095,-0.08914649999999996,0.2017635,0.00044979999999995857,-0.0008135000000000225,0.0009295710247205425
0.03875,0.06375,0.005,6.25e-08,-0.0934645,0.188573,-0.09397134999999995,0.1892275,0.0005068499999999476,-0.0006545000000000023,0.0008278086569370666
0.04125,0.06375,0.005,6.25e-08,-0.0983064,0.174249,-0.09886527499999995,0.17473075000000002,0.0005588749999999448,-0.00048175000000003076,0.0007378511558064865
0.04375,0.06375,0.005,6.25e-08,-0.103357,0.157861,-0.10396549999999993,0.15815875000000001,0.0006084999999999285,-0.0002977500000000133,0.0006774417410375013
0.04625,0.06375,0.005,6.25e-08,-0.108746,0.139265,-0.10940399999999993,0.13936825,0.0006579999999999364,-0.00010324999999999918,0.0006660514713593208
0.04875,0.06375,0.005,6.25e-08,-0.114591,0.118295,-0.11530174999999994,0.11819725000000002,0.0007107499999999406,9.77499999999798e-05,0.0007174403285290781
0.05125,0.06375,0.005,6.25e-08,-0.120993,0.0947778,-0.12176149999999991,0.09447405000000003,0.0007684999999999081,0.00030374999999996377,0.0008263512040893005
0.05375,0.06375,0.005,6.25e-08,-0.128026,0.0685378,-0.12886224999999993,0.06802610000000002,0.0008362499999999273,0.0005116999999999761,0.0009803830641641328
0.05625,0.06375,0.005,6.25e-08,-0.13573,0.0394084,-0.13664599999999993,0.03868892500000002,0.0009159999999999446,0.0007194749999999833,0.0011647747746345103
0.05875,0.06375,0.005,6.25e-08,-0.144092,0.00724594,-0.1451039999999999,0.006319892500000071,0.0010119999999999019,0.0009260474999999288,0.0013717536120805075
0.06125,0.06375,0.005,6.25e-08,-0.153028,-0.0280485,-0.1541552499999999,-0.029181074999999976,0.001127249999999913,0.001132574999999976,0.001597942018073481
0.06375,0.06375,0.005,6.25e-08,-0.162359,-0.0664962,-0.16361874999999992,-0.06783882500000009,0.0012597499999999207,0.0013426250000000833,0.0018410898818702534
0.06625,0.06375,0.005,6.25e-08,-0.171776,-0.10799,-0.17318024999999998,-0.1095507500000001,0.001404249999999968,0.0015607500000000968,0.0020994900869021056
0.06875,0.06375,0.005,6.25e-08,-0.180801,-0.152218,-0.18234299999999995,-0.15400425000000012,0.00154199999999996,0.001786250000000128,0.002359756992255841
0.07125,0.06375,0.005,6.25e-08,-0.188737,-0.198548,-0.1903819999999999,-0.20055549999999986,0.0016449999999999243,0.0020074999999998566,0.0025953961643647343
0.07375,0.06375,0.005,6.25e-08,-0.194637,-0.245862,-0.19629949999999996,-0.24805599999999986,0.0016624999999999557,0.0021939999999998627,0.0027527335959004915
0.07625,0.06375,0.005,6.25e-08,-0.19729,-0.292364,-0.19881749999999995,-0.2946364999999999,0.0015274999999999594,0.0022724999999998996,0.002738158596575337
0.07875,0.06375,0.005,6.25e-08,-0.19529,-0.335366,-0.19644024999999998,-0.33747875000000005,0.0011502499999999916,0.002112750000000052,0.002405574281746502
0.08125,0.06375,0.005,6.25e-08,-0.18717,-0.371155,-0.18764824999999993,-0.37266575000000013,0.0004782499999999301,0.0015107500000001162,0.0015846414815346354
0.08375,0.06375,0.005,6.25e-08,-0.171649,-0.394988,-0.17126774999999994,-0.39526325000000007,-0.00038125000000005516,0.00027525000000006017,0.0004702277373784698
0.08625,0.06375,0.005,6.25e-08,-0.148084,-0.401308,-0.1469952500000001,-0.39980950000000015,-0.0010887499999998884,-0.0014984999999998472,0.0018522631596237342
0.08875,0.06375,0.005,6.25e-08,-0.117232,-0.384591,-0.11595600000000011,-0.3813135000000002,-0.0012759999999998883,-0.0032774999999998222,0.00351712698803989
0.09125,0.06375,0.005,6.25e-08,-0.0820015,-0.340815,-0.08104395000000011,-0.33660725000000025,-0.0009575499999998904,-0.0042077499999997325,0.004315328731973676
0.093125,0.064375,0.005,1.5625e-08,-0.0545969,-0.292243,-0.0561120750000001,-0.2940715000000003,0.0015151750000001046,0.0018285000000003437,0.002374693144519219
0.095625,0.063125,0.005,1.5625e-08,-0.0244674,-0.190486,-0.024220649999999937,-0.1904409999999998,-0.0002467500000000629,-4.500000000018378e-05,0.0002508197809185862
0.098125,0.063125,0.005,1.5625e-08,-0.00384821,-0.0859054,-0.004859647499999967,-0.08601419999999974,0.0010114374999999668,0.00010879999999972856,0.0010172724592783016
0.00125,0.06625,0.005,6.25e-08,-0.000490767,0.0339791,-0.0003954570000000001,0.03276567500000001,-9.530999999999993e-05,0.0012134249999999902,0.0012171623666236877
0.00375,0.06625,0.005,6.25e-08,-0.00318931,0.0908158,-0.0033464975,0.08995715000000001,0.0001571875000000002,0.0008586499999999886,0.0008729190871187493
0.00625,0.06625,0.005,6.25e-08,-0.00862486,0.136656,-0.008589642500000001,0.13622725000000002,-3.521749999999858e-05,0.00042874999999997776,0.00043019395022039867
0.00875,0.06625,0.005,6.25e-08,-0.0155758,0.172253,-0.015342300000000003,0.17228750000000004,-0.0002334999999999976,-3.450000000004838e-05,0.0002360349550384481
0.01125,0.06625,0.005,6.25e-08,-0.0231796,0.198768,-0.022859975,0.19923325,-0.00031962500000000046,-0.0004652500000000004,0.000564462313290268
0.01375,0.06625,0.005,6.25e-08,-0.0308499,0.217533,-0.0305271,0.21835250000000003,-0.0003227999999999981,-0.0008195000000000285,0.0008807837929935164
0.01625,0.06625,0.005,6.25e-08,-0.0381606,0.229879,-0.037892075,0.2309585,-0.00026852500000000556,-0.001079500000000011,0.0011123964786104938
0.01875,0.06625,0.005,6.25e-08,-0.0448424,0.237027,-0.04466359999999999,0.23827075000000003,-0.00017880000000000673,-0.0012437500000000434,0.0012565363116520392
0.02125,0.06625,0.005,6.25e-08,-0.0507623,0.240019,-0.050688124999999994,0.24134100000000003,-7.417500000000965e-05,-0.0013220000000000176,0.0013240792765635478
0.02375,0.06625,0.005,6.25e-08,-0.0558896,0.239692,-0.05591989999999998,0.24102300000000002,3.0299999999983118e-05,-0.0013310000000000266,0.0013313448426309654
0.02625,0.06625,0.005,6.25e-08,-0.0602667,0.236683,-0.060392199999999986,0.2379695,0.00012549999999998673,-0.001286499999999996,0.001292606862120106
0.02875,0.06625,0.005,6.25e-08,-0.0639869,0.231445,-0.06419359999999996,0.2326465,0.00020669999999996247,-0.0012014999999999942,0.00121915017122583
0.03125,0.06625,0.005,6.25e-08,-0.0671769,0.224275,-0.06744927499999996,0.22536050000000002,0.0002723749999999636,-0.001085500000000017,0.0011191507452640225
0.03375,0.06625,0.005,6.25e-08,-0.069984,0.215338,-0.07030769999999996,0.216286,0.0003236999999999546,-0.0009480000000000044,0.0010017413288868433
0.03625,0.06625,0.005,6.25e-08,-0.0725684,0.204698,-0.07293132499999995,0.2054915,0.00036292499999994454,-0.0007935000000000025,0.000872557623097159
0.03875,0.06625,0.005,6.25e-08,-0.0750965,0.192339,-0.07548987499999994,0.19296575,0.00039337499999994585,-0.0006267499999999815,0.0007399726029556326
0.04125,0.06625,0.005,6.25e-08,-0.0777375,0.178186,-0.07815582499999994,0.17863500000000004,0.00041832499999994166,-0.0004490000000000327,0.0006136748370472596
0.04375,0.06625,0.005,6.25e-08,-0.0806597,0.162119,-0.08110064999999994,0.162382,0.00044094999999994,-0.00026299999999998547,0.0005134256543063849
0.04625,0.06625,0.005,6.25e-08,-0.0840272,0.143985,-0.08449137499999992,0.14405625000000002,0.00046417499999992784,-7.125000000002268e-05,0.0004696115342758696
0.04875,0.06625,0.005,6.25e-08,-0.0879963,0.12361,-0.08848717499999992,0.12348375,0.0004908749999999185,0.00012624999999999442,0.000506850400142802
0.05125,0.06625,0.005,6.25e-08,-0.0927104,0.100799,-0.09323429999999991,0.10047467500000001,0.0005238999999999105,0.00032432499999998643,0.0006161638707559033
0.05375,0.06625,0.005,6.25e-08,-0.0982937,0.0753507,-0.09886022499999991,0.07483045000000002,0.000566524999999915,0.000520249999999986,0.0007691622963490144
0.05625,0.06625,0.005,6.25e-08,-0.104842,0.0470579,-0.10546474999999991,0.04634785000000002,0.0006227499999999081,0.0007100499999999829,0.0009444514624901913
0.05875,0.06625,0.005,6.25e-08,-0.11241,0.0157215,-0.1131072499999999,0.014829820000000068,0.0006972499999998993,0.0008916799999999312,0.0011319234889778272
0.06125,0.06625,0.005,6.25e-08,-0.120993,-0.0188354,-0.1217887499999999,-0.019901124999999974,0.0007957499999999007,0.0010657249999999757,0.0013300330214414942
0.06375,0.06625,0.005,6.25e-08,-0.130505,-0.0567421,-0.13142549999999992,-0.057979100000000075,0.0009204999999999075,0.0012370000000000783,0.0015419109085806559
0.06625,0.06625,0.005,6.25e-08,-0.140744,-0.0980386,-0.14181349999999993,-0.09945237500000009,0.0010694999999999177,0.0014137750000000893,0.0017727351749838656
0.06875,0.06625,0.005,6.25e-08,-0.151344,-0.142611,-0.15257624999999997,-0.14421375000000008,0.0012322499999999625,0.0016027500000000972,0.0020216942461708247
0.07125,0.06625,0.005,6.25e-08,-0.161714,-0.190078,-0.1631039999999999,-0.19188224999999984,0.0013899999999998913,0.0018042499999998407,0.0022775904070967464
0.07375,0.06625,0.005,6.25e-08,-0.170969,-0.239614,-0.17247999999999988,-0.24162524999999985,0.0015109999999998736,0.0020112499999998534,0.002515600835287472
0.07625,0.06625,0.005,6.25e-08,-0.177893,-0.289704,-0.17942074999999993,-0.2918977499999999,0.0015277499999999389,0.0021937499999998833,0.00267330490685206
0.07875,0.06625,0.005,6.25e-08,-0.180949,-0.337867,-0.18227574999999996,-0.3401200000000001,0.00132674999999996,0.002253000000000116,0.0026146270408034136
0.08125,0.06625,0.005,6.25e-08,-0.178382,-0.380406,-0.17915099999999995,-0.3823595000000001,0.0007689999999999364,0.0019535000000000524,0.002099410214798458
0.08375,0.06625,0.005,6.25e-08,-0.168369,-0.412274,-0.16825274999999995,-0.4131955000000001,-0.00011625000000003993,0.0009215000000001305,0.0009288036996590021
0.08625,0.06625,0.005,6.25e-08,-0.149488,-0.426958,-0.14849225000000008,-0.4260315,-0.0009957499999999342,-0.0009264999999999968,0.0013601177568504364
0.08875,0.06625,0.005,6.25e-08,-0.121642,-0.4173,-0.1202597500000001,-0.41411175000000017,-0.0013822499999999044,-0.003188249999999837,0.003474989658257805
0.09125,0.06625,0.005,6.25e-08,-0.087332,-0.377128,-0.0860821250000001,-0.3722210000000003,-0.0012498749999999004,-0.004906999999999717,0.005063678160746591
0.093125,0.066875,0.005,1.5625e-08,-0.0603695,-0.327301,-0.060393275000000114,-0.3286227500000003,2.3775000000114677e-05,0.001321750000000288,0.0013219638093101365
0.095625,0.065625,0.005,1.5625e-08,-0.0267611,-0.217404,-0.026672224999999928,-0.21682049999999975,-8.887500000007154e-05,-0.0005835000000002366,0.0005902296295724986
0.098125,0.065625,0.005,1.5625e-08,-0.00504561,-0.0995301,-0.005432089999999963,-0.0992094999999997,0.0003864799999999634,-0.00032060000000029565,0.000502146542754365
0.00125,0.06875,0.005,6.25e-08,-0.000545093,0.0356559,-0.0004377362500000002,0.03439185,-0.00010735674999999979,0.0012640499999999957,0.0012686007544813111
0.00375,0.06875,0.005,6.25e-08,-0.00351488,0.0952553,-0.003670292500000001,0.09432992500000001,0.00015541250000000078,0.0009253749999999922,0.0009383346608653203
0.00625,0.06875,0.005,6.25e-08,-0.00936983,0.142963,-0.009286420000000005,0.14249175,-8.340999999999557e-05,0.0004712500000000064,0.0004785747492294232
0.00875,0.06875,0.005,6.25e-08,-0.0165953,0.179522,-0.016284875000000004,0.17956775000000003,-0.0003104249999999961,-4.5750000000038815e-05,0.0003137781750297511
0.01125,0.06875,0.005,6.25e-08,-0.0241408,0.206249,-0.023748050000000007,0.20677575000000004,-0.0003927499999999938,-0.000526750000000048,0.0006570526044389792
0.01375,0.06875,0.005,6.25e-08,-0.0313341,0.224678,-0.030960450000000004,0.22559125000000002,-0.00037364999999999274,-0.0009132500000000321,0.0009867319215471106
0.01625,0.06875,0.005,6.25e-08,-0.0377326,0.236342,-0.037439475,0.23752225000000005,-0.00029312499999999825,-0.0011802500000000493,0.0012161053935104125
0.01875,0.06875,0.005,6.25e-08,-0.0430975,0.242624,-0.042914275,0.2439585,-0.0001832249999999952,-0.0013344999999999885,0.0013470195435200513
0.02125,0.06875,0.005,6.25e-08,-0.0473511,0.244694,-0.047281949999999996,0.246085,-6.915000000000393e-05,-0.0013910000000000033,0.001392717746889157
0.02375,0.06875,0.005,6.25e-08,-0.0505275,0.243478,-0.05056087499999999,0.24485250000000003,3.3374999999988275e-05,-0.0013745000000000285,0.0013749051387732455
0.02625,0.06875,0.005,6.25e-08,-0.0527334,0.239675,-0.05285057499999998,0.24097925,0.00011717499999998326,-0.0013042500000000068,0.0013095029756075446
0.02875,0.06875,0.005,6.25e-08,-0.0541216,0.233779,-0.05430132499999997,0.23497400000000002,0.00017972499999997088,-0.0011950000000000294,0.0012084395208801556
0.03125,0.06875,0.005,6.25e-08,-0.0548712,0.22611,-0.05509279999999997,0.227169,0.00022159999999996766,-0.0010590000000000044,0.0010819369482553015
0.03375,0.06875,0.005,6.25e-08,-0.0551747,0.216847,-0.055420499999999956,0.21775325,0.0002457999999999558,-0.0009062499999999973,0.0009389923868168333
0.03625,0.06875,0.005,6.25e-08,-0.0552307,0.206062,-0.055487249999999946,0.20680349999999997,0.0002565499999999457,-0.0007414999999999783,0.0007846273972402059
0.03875,0.06875,0.005,6.25e-08,-0.0552397,0.193743,-0.055498224999999936,0.19431075,0.0002585249999999331,-0.0005677500000000058,0.0006238391123719096
0.04125,0.06875,0.005,6.25e-08,-0.0554019,0.179814,-0.055658149999999934,0.180202,0.0002562499999999371,-0.00038799999999999946,0.0004649817872777033
0.04375,0.06875,0.005,6.25e-08,-0.055916,0.164155,-0.05616917499999993,0.164356,0.0002531749999999319,-0.00020100000000000673,0.0003232624021208904
0.04625,0.06875,0.005,6.25e-08,-0.056977,0.146607,-0.057229424999999924,0.14661725,0.00025242499999992424,-1.025000000001719e-05,0.00025263302065439133
0.04875,0.06875,0.005,6.25e-08,-0.0587744,0.126985,-0.059030899999999914,0.12680300000000003,0.0002564999999999165,0.00018199999999995997,0.00031450953880596787
0.05125,0.06875,0.005,6.25e-08,-0.0614889,0.105084,-0.061756899999999906,0.10471175000000002,0.0002679999999999072,0.00037224999999997677,0.0004586873254188881
0.05375,0.06875,0.005,6.25e-08,-0.0652881,0.0806812,-0.06557767499999989,0.08012352500000001,0.0002895749999998892,0.0005576749999999797,0.0006283749567335678
0.05625,0.06875,0.005,6.25e-08,-0.0703194,0.0535395,-0.0706443749999999,0.05280810000000002,0.0003249749999998941,0.0007313999999999793,0.0008003466190500844
0.05875,0.06875,0.005,6.25e-08,-0.0767,0.0234161,-0.07707939999999988,0.022526400000000064,0.00037939999999987706,0.0008896999999999343,0.0009672178916871781
0.06125,0.06875,0.005,6.25e-08,-0.0845017,-0.0099296,-0.08496174999999989,-0.010960789999999977,0.0004600499999998925,0.001031189999999977,0.0011291584559307225
0.06375,0.06875,0.005,6.25e-08,-0.0937317,-0.0467169,-0.09430529999999993,-0.047878300000000075,0.0005735999999999242,0.0011614000000000763,0.0012953250248490106
0.06625,0.06875,0.005,6.25e-08,-0.104306,-0.0871158,-0.10502444999999991,-0.0884078500000001,0.0007184499999999122,0.0012920500000001,0.0014783651798524384
0.06875,0.06875,0.005,6.25e-08,-0.115998,-0.131204,-0.11688574999999993,-0.13263375000000008,0.0008877499999999233,0.0014297500000000907,0.0016829394299855604
0.07125,0.06875,0.005,6.25e-08,-0.128364,-0.178868,-0.1294342499999999,-0.18044549999999981,0.0010702499999998838,0.0015774999999998152,0.0019062899340077228
0.07375,0.06875,0.005,6.25e-08,-0.140646,-0.229619,-0.14190399999999986,-0.23136599999999982,0.0012579999999998703,0.001746999999999832,0.00215280584354444
0.07625,0.06875,0.005,6.25e-08,-0.151694,-0.282318,-0.1531072499999999,-0.2842784999999998,0.0014132499999998938,0.0019604999999998096,0.0024167821193684285
0.07875,0.06875,0.005,6.25e-08,-0.159948,-0.334827,-0.16135824999999993,-0.33702825000000014,0.0014102499999999185,0.0022012500000001545,0.0026142506813617646
0.08125,0.06875,0.005,6.25e-08,-0.163473,-0.383675,-0.16449324999999995,-0.3859340000000001,0.0010202499999999448,0.002259000000000122,0.0024787075387186037
0.08375,0.06875,0.005,6.25e-08,-0.159953,-0.423829,-0.16013049999999995,-0.4253697500000001,0.0001774999999999416,0.0015407500000000907,0.001550940621848644
0.08625,0.06875,0.005,6.25e-08,-0.147135,-0.447969,-0.14628575000000005,-0.44776,-0.0008492499999999403,-0.00020900000000001473,0.0008745893679321198
0.08875,0.06875,0.005,6.25e-08,-0.123945,-0.447236,-0.12235225000000008,-0.4444392500000001,-0.0015927499999999206,-0.0027967499999999035,0.003218487707759532
0.09125,0.06875,0.005,6.25e-08,-0.0921197,-0.412923,-0.09015070000000011,-0.40761725000000026,-0.0019689999999998875,-0.00530574999999972,0.005659323640020651
0.093125,0.069375,0.005,1.5625e-08,-0.0649988,-0.362945,-0.0642802000000001,-0.3641785000000003,-0.0007185999999998888,0.001233500000000276,0.0014275532249273654
0.095625,0.068125,0.005,1.5625e-08,-0.0293908,-0.245903,-0.029146474999999925,-0.2452642499999998,-0.0002443250000000764,-0.0006387500000002155,0.0006838832269659146
0.098125,0.068125,0.005,1.5625e-08,-0.00571792,-0.114464,-0.006038139999999959,-0.11382112499999963,0.00032021999999995963,-0.0006428750000003619,0.000718212443518935
0.00125,0.07125,0.005,6.25e-08,-0.000631145,0.0375415,-0.0005170492499999997,0.0362459,-0.0001140957500000003,0.001295600000000001,0.0013006141626816406
0.00375,0.07125,0.005,6.25e-08,-0.00408913,0.100203,-0.004273872499999998,0.09921164999999998,0.0001847424999999979,0.0009913500000000158,0.0010084168849272014
0.00625,0.07125,0.005,6.25e-08,-0.0107342,0.149768,-0.010604954999999996,0.14925899999999998,-0.00012924500000000352,0.0005090000000000372,0.0005251526159365855
0.00875,0.07125,0.005,6.25e-08,-0.0185591,0.187012,-0.018159249999999995,0.18709024999999999,-0.0003998500000000037,-7.824999999997417e-05,0.0004074347616490263
0.01125,0.07125,0.005,6.25e-08,-0.0262385,0.213518,-0.025765049999999994,0.214136,-0.0004734500000000072,-0.0006179999999999797,0.0007785106951737925
0.01375,0.07125,0.005,6.25e-08,-0.0329994,0.231125,-0.032578125,0.2321555,-0.00042127499999999873,-0.0010304999999999898,0.0011132847235208868
0.01625,0.07125,0.005,6.25e-08,-0.0384005,0.241634,-0.038093475,0.242926,-0.0003070249999999955,-0.0012920000000000154,0.0013279790475098005
0.01875,0.07125,0.005,6.25e-08,-0.0422636,0.246634,-0.042087925,0.24805375,-0.00017567500000000014,-0.0014197499999999974,0.0014305774247222668
0.02125,0.07125,0.005,6.25e-08,-0.044599,0.247438,-0.04454217500000001,0.24887900000000002,-5.682499999998952e-05,-0.0014410000000000256,0.0014421199952240702
0.02375,0.07125,0.005,6.25e-08,-0.0455327,0.245065,-0.04556887500000001,0.24645374999999997,3.617500000000634e-05,-0.0013887499999999664,0.0013892210742444512
0.02625,0.07125,0.005,6.25e-08,-0.0452569,0.24027,-0.045357300000000024,0.24155675,0.0001004000000000213,-0.0012867499999999754,0.0012906609634214328
0.02875,0.07125,0.005,6.25e-08,-0.0439992,0.233579,-0.04413587500000003,0.23472975000000001,0.00013667500000003052,-0.001150750000000006,0.001158838046547067
0.03125,0.07125,0.005,6.25e-08,-0.0420011,0.225326,-0.04214915000000003,0.22632075000000001,0.0001480500000000315,-0.0009947500000000165,0.0010057068981567353
0.03375,0.07125,0.005,6.25e-08,-0.0395048,0.215697,-0.03964477500000004,0.21652475,0.00013997500000004215,-0.0008277499999999882,0.0008395016754747975
0.03625,0.07125,0.005,6.25e-08,-0.0367486,0.204764,-0.03686747500000005,0.20541800000000002,0.00011887500000005297,-0.0006540000000000157,0.0006647159285176136
0.03875,0.07125,0.005,6.25e-08,-0.0339659,0.192513,-0.03405675000000006,0.19298925,9.085000000005894e-05,-0.0004762500000000114,0.00048483789558987814
0.04125,0.07125,0.005,6.25e-08,-0.0313847,0.178866,-0.03144622500000007,0.179162,6.152500000006916e-05,-0.0002959999999999907,0.00030232652153756374
0.04375,0.07125,0.005,6.25e-08,-0.0292297,0.163699,-0.029264400000000076,0.16381175000000003,3.470000000007495e-05,-0.00011275000000002255,0.00011796886241720859
0.04625,0.07125,0.005,6.25e-08,-0.0277217,0.14685,-0.027734850000000085,0.1467775,1.3150000000086703e-05,7.250000000000312e-05,7.36829186447085e-05
0.04875,0.07125,0.005,6.25e-08,-0.0270775,0.12813,-0.027076500000000094,0.12787099999999998,-9.99999999907325e-07,0.0002590000000000092,0.00025900193049474475
0.05125,0.07125,0.005,6.25e-08,-0.0275086,0.107323,-0.027502525000000097,0.106881,-6.074999999904074e-06,0.00044199999999999795,0.00044204174647310973
0.05375,0.07125,0.005,6.25e-08,-0.029219,0.0841937,-0.029218900000000107,0.083577,-9.999999989185326e-08,0.0006166999999999978,0.0006167000081076676
0.05625,0.07125,0.005,6.25e-08,-0.0324007,0.0584855,-0.03242037500000011,0.05770939999999999,1.967500000011474e-05,0.0007761000000000157,0.0007763493515325615
0.05875,0.07125,0.005,6.25e-08,-0.0372264,0.029924,-0.03728460000000011,0.029011025000000027,5.820000000011233e-05,0.0009129749999999721,0.0009148281754651866
0.06125,0.07125,0.005,6.25e-08,-0.0438365,-0.00177819,-0.043961725000000125,-0.002801130750000021,0.00012522500000012454,0.001022940750000021,0.001030577060988472
0.06375,0.07125,0.005,6.25e-08,-0.0523257,-0.0369079,-0.052557475000000145,-0.03802015000000013,0.00023177500000014228,0.001112250000000127,0.0011361424704346495
0.06625,0.07125,0.005,6.25e-08,-0.0627308,-0.0757336,-0.06310565000000015,-0.07693425000000015,0.0003748500000001487,0.0012006500000001502,0.0012578048119642699
0.06875,0.07125,0.005,6.25e-08,-0.0749834,-0.118504,-0.07552340000000016,-0.11979275000000017,0.0005400000000001515,0.0012887500000001717,0.0013973104746263824
0.07125,0.07125,0.005,6.25e-08,-0.088818,-0.165366,-0.08954102500000008,-0.1667349999999999,0.0007230250000000854,0.001368999999999898,0.001548200940002571
0.07375,0.07125,0.005,6.25e-08,-0.103656,-0.216194,-0.10459752500000008,-0.2176484999999999,0.0009415250000000819,0.0014544999999999142,0.0017326394823000267
0.07625,0.07125,0.005,6.25e-08,-0.118502,-0.270291,-0.11970000000000006,-0.2719124999999999,0.0011980000000000601,0.001621499999999887,0.002016052144662875
0.07875,0.07125,0.005,6.25e-08,-0.131887,-0.326008,-0.13326500000000013,-0.32796225000000023,0.0013780000000001291,0.0019542500000002128,0.002391229194891445
0.08125,0.07125,0.005,6.25e-08,-0.141832,-0.380247,-0.1430175000000001,-0.3826592500000002,0.0011855000000000893,0.002412250000000171,0.002687817016186377
0.08375,0.07125,0.005,6.25e-08,-0.145626,-0.428501,-0.14609525000000004,-0.4305587500000001,0.00046925000000003214,0.0020577500000000803,0.0021105758988959294
0.08625,0.07125,0.005,6.25e-08,-0.140197,-0.462848,-0.13958200000000007,-0.46344149999999995,-0.0006149999999999212,0.000593499999999969,0.0008546737681711463
0.08875,0.07125,0.005,6.25e-08,-0.123372,-0.472876,-0.12161675000000008,-0.4707572499999999,-0.0017552499999999166,-0.0021187500000001136,0.0027513640480678284
0.09125,0.07125,0.005,6.25e-08,-0.0956425,-0.447063,-0.09290175000000009,-0.44164775,-0.002740749999999917,-0.005415249999999983,0.006069319823917616
0.093125,0.071875,0.005,1.5625e-08,-0.0689353,-0.398925,-0.06760187500000009,-0.3999710000000001,-0.001333424999999916,0.0010460000000001024,0.0016947383959257517
0.095625,0.070625,0.005,1.5625e-08,-0.032043,-0.276591,-0.03161377499999991,-0.27560099999999954,-0.0004292250000000955,-0.000990000000000435,0.001079043141225569
0.098125,0.070625,0.005,1.5625e-08,-0.00635938,-0.130929,-0.00668022999999995,-0.1299027499999995,0.0003208499999999498,-0.0010262500000004782,0.0010752366181454897
0.00125,0.07375,0.005,6.25e-08,-0.000725871,0.0397531,-0.0006516294999999994,0.03850002499999999,-7.424150000000056e-05,0.0012530750000000063,0.0012552723831691932
0.00375,0.07375,0.005,6.25e-08,-0.0049862,0.106047,-0.005285919999999996,0.10498224999999999,0.0002997199999999964,0.001064750000000017,0.0011061304809560372
0.00625,0.07375,0.005,6.25e-08,-0.0129673,0.157486,-0.012807624999999994,0.15693025,-0.00015967500000000495,0.0005557499999999937,0.0005782336622205548
0.00875,0.07375,0.005,6.25e-08,-0.0218224,0.195018,-0.021319599999999994,0.195148,-0.0005028000000000046,-0.00012999999999999123,0.0005193340350872474
0.01125,0.07375,0.005,6.25e-08,-0.0298499,0.220701,-0.029290824999999986,0.22144175,-0.000559075000000013,-0.0007407499999999845,0.0009280492541481791
0.01375,0.07375,0.005,6.25e-08,-0.0361852,0.236838,-0.03572594999999999,0.23800725,-0.00045925000000000826,-0.0011692500000000106,0.001256207039066424
0.01625,0.07375,0.005,6.25e-08,-0.0404307,0.245592,-0.040126499999999996,0.24699725,-0.00030420000000000447,-0.0014052499999999968,0.0014377987350460404
0.01875,0.07375,0.005,6.25e-08,-0.0425212,0.248808,-0.042366600000000004,0.25029025,-0.0001545999999999978,-0.0014822499999999905,0.0014902906503430702
0.02125,0.07375,0.005,6.25e-08,-0.0426016,0.24795,-0.04256030000000001,0.2494015,-4.129999999999412e-05,-0.0014514999999999945,0.0014520874422706035
0.02375,0.07375,0.005,6.25e-08,-0.040926,0.244126,-0.04095470000000001,0.24548050000000002,2.8700000000013437e-05,-0.0013545000000000085,0.0013548040227280194
0.02625,0.07375,0.005,6.25e-08,-0.037796,0.238134,-0.03785740000000003,0.239353,6.140000000002394e-05,-0.0012189999999999979,0.0012205453535203015
0.02875,0.07375,0.005,6.25e-08,-0.0335307,0.230519,-0.03359287500000003,0.23157575000000002,6.217500000003234e-05,-0.001056750000000023,0.001058577485649989
0.03125,0.07375,0.005,6.25e-08,-0.0284446,0.221614,-0.02847985000000004,0.22249625,3.525000000003872e-05,-0.0008822500000000011,0.0008829539200887012
0.03375,0.07375,0.005,6.25e-08,-0.0228318,0.211595,-0.022821625000000047,0.21229949999999997,-1.0174999999952583e-05,-0.000704499999999969,0.0007045734742558475
0.03625,0.07375,0.005,6.25e-08,-0.0169709,0.200526,-0.01690430000000006,0.20105300000000004,-6.659999999994101e-05,-0.0005270000000000274,0.0005311916415005239
0.03875,0.07375,0.005,6.25e-08,-0.0111246,0.188382,-0.010998325000000066,0.18873525000000002,-0.00012627499999993443,-0.00035325000000002715,0.0003751412242409552
0.04125,0.07375,0.005,6.25e-08,-0.0055433,0.175083,-0.005361740000000075,0.17526100000000003,-0.0001815599999999253,-0.00017800000000003924,0.00025425977581990203
0.04375,0.07375,0.005,6.25e-08,-0.000472972,0.160497,-0.00024342750000008414,0.1605005,-0.00022954449999991586,-3.4999999999896225e-06,0.00022957118172848111
0.04625,0.07375,0.005,6.25e-08,0.00384574,0.144461,0.004113917499999908,0.14428725000000003,-0.0002681774999999079,0.00017374999999997254,0.00031954379043597615
0.04875,0.07375,0.005,6.25e-08,0.00717572,0.12678,0.0074715774999999,0.1264295,-0.00029585749999990005,0.0003505000000000036,0.00045867407852002426
0.05125,0.07375,0.005,6.25e-08,0.00928187,0.107235,0.009593537499999893,0.106711,-0.00031166749999989377,0.0005239999999999967,0.0006096824013830318
0.05375,0.07375,0.005,6.25e-08,0.00993098,0.0855848,0.010246072499999887,0.084896525,-0.00031509249999988644,0.0006882750000000021,0.0007569714388146895
0.05625,0.07375,0.005,6.25e-08,0.00889392,0.0615615,0.00919887749999988,0.0607266,-0.00030495749999987984,0.0008348999999999995,0.0008888515549888946
0.05875,0.07375,0.005,6.25e-08,0.00595063,0.0348712,0.00622777659999988,0.03391937500000003,-0.00027714659999987946,0.0009518249999999687,0.0009913531502529426
0.06125,0.07375,0.005,6.25e-08,0.000901899,0.00519528,0.0011207799999998689,0.0041663372499999825,-0.0002188809999998689,0.0010289427500000175,0.0010519658145294176
0.06375,0.07375,0.005,6.25e-08,-0.00641907,-0.0277954,-0.0063109575000001574,-0.02886935000000012,-0.00010811249999984236,0.0010739500000001186,0.0010793780223612441
0.06625,0.07375,0.005,6.25e-08,-0.0161652,-0.0644221,-0.016212967500000168,-0.06555057500000014,4.776750000016691e-05,0.0011284750000001426,0.0011294855287614747
0.06875,0.07375,0.005,6.25e-08,-0.0284337,-0.105069,-0.028651900000000178,-0.10625285000000015,0.00021820000000017867,0.0011838500000001528,0.0012037907054386324
0.07125,0.07375,0.005,6.25e-08,-0.0431555,-0.15012,-0.043553875000000096,-0.15132549999999992,0.00039837500000009657,0.001205499999999915,0.0012696191911848497
0.07375,0.07375,0.005,6.25e-08,-0.0599721,-0.199808,-0.06060207500000008,-0.2009944999999999,0.0006299750000000812,0.001186499999999896,0.0013433729008078344
0.07625,0.07375,0.005,6.25e-08,-0.0781442,-0.253941,-0.07907790000000006,-0.2551504999999999,0.000933700000000065,0.001209499999999919,0.0015279679119667158
0.07875,0.07375,0.005,6.25e-08,-0.0964371,-0.311542,-0.09764297500000016,-0.3129367500000002,0.0012058750000001617,0.0013947500000002222,0.0018437630211407348
0.08125,0.07375,0.005,6.25e-08,-0.112917,-0.369713,-0.11410575000000013,-0.3720347500000002,0.0011887500000001272,0.002321750000000178,0.0026083806518606765
0.08375,0.07375,0.005,6.25e-08,-0.124603,-0.425357,-0.12531850000000008,-0.42764725000000015,0.0007155000000000772,0.00229025000000016,0.002399413535116622
0.08625,0.07375,0.005,6.25e-08,-0.127739,-0.470095,-0.12750200000000006,-0.4714434999999999,-0.0002369999999999317,0.0013484999999999192,0.0013691680868322012
0.08875,0.07375,0.005,6.25e-08,-0.11908,-0.492432,-0.11734075000000006,-0.49128025,-0.0017392499999999422,-0.001151750000000007,0.002086029392170641
0.09125,0.07375,0.005,6.25e-08,-0.0974285,-0.478098,-0.09392967500000007,-0.4728705,-0.0034988249999999277,-0.005227499999999996,0.006290352345506923
0.093125,0.074375,0.005,1.5625e-08,-0.0721586,-0.434383,-0.07017022500000009,-0.43499200000000016,-0.0019883749999999173,0.0006090000000001372,0.002079547099881327
0.095625,0.073125,0.005,1.5625e-08,-0.0345374,-0.309148,-0.0340571249999999,-0.3075804999999995,-0.00048027500000009937,-0.001567500000000499,0.0016394268283844388
0.098125,0.073125,0.005,1.5625e-08,-0.00700433,-0.148944,-0.007367404999999945,-0.14751149999999943,0.0003630749999999454,-0.0014325000000005583,0.0014777955560992054
0.00125,0.07625,0.005,6.25e-08,-0.000724011,0.0424611,-0.0008692439999999993,0.04141027499999999,0.00014523299999999928,0.0010508250000000122,0.0010608137465710113
0.00375,0.07625,0.005,6.25e-08,-0.00629831,0.113412,-0.0068934024999999935,0.11218024999999997,0.0005950924999999939,0.0012317500000000314,0.0013679704478007997
0.00625,0.07625,0.005,6.25e-08,-0.016438,0.166685,-0.01625134999999999,0.16603549999999997,-0.00018665000000001042,0.0006495000000000251,0.0006757872982677585
0.00875,0.07625,0.005,6.25e-08,-0.0268459,0.203885,-0.026206024999999987,0.20408049999999997,-0.000639875000000012,-0.0001954999999999596,0.0006690741854420924
0.01125,0.07625,0.005,6.25e-08,-0.0353922,0.227893,-0.034738924999999976,0.22878549999999997,-0.0006532750000000226,-0.0008924999999999628,0.0011060399972989056
0.01375,0.07625,0.005,6.25e-08,-0.0411886,0.241697,-0.040706749999999986,0.24301575,-0.0004818500000000128,-0.0013187500000000074,0.0014040231426155454
0.01625,0.07625,0.005,6.25e-08,-0.043967,0.247948,-0.04368714999999999,0.24944224999999998,-0.00027985000000001203,-0.0014942499999999748,0.001520229944778069
0.01875,0.07625,0.005,6.25e-08,-0.0438575,0.248784,-0.043735699999999995,0.25027750000000004,-0.00012180000000000524,-0.0014935000000000365,0.0014984583711268426
0.02125,0.07625,0.005,6.25e-08,-0.0412051,0.245826,-0.041171775,0.24721925,-3.3325000000000715e-05,-0.0013932500000000125,0.0013936484915950057
0.02375,0.07625,0.005,6.25e-08,-0.0364359,0.240249,-0.036428200000000015,0.24149500000000002,-7.699999999985496e-06,-0.0012460000000000249,0.0012460237919077073
0.02625,0.07625,0.005,6.25e-08,-0.0299846,0.232867,-0.02996242500000002,0.2339485,-2.2174999999978462e-05,-0.001081500000000013,0.0010817273134320993
0.02875,0.07625,0.005,6.25e-08,-0.0222784,0.224225,-0.022211350000000032,0.22512325000000002,-6.704999999996783e-05,-0.0008982500000000171,0.000900749002219834
0.03125,0.07625,0.005,6.25e-08,-0.0137147,0.21463,-0.013573900000000043,0.21534050000000005,-0.00014079999999995658,-0.0007105000000000583,0.0007243168436534322
0.03375,0.07625,0.005,6.25e-08,-0.00463751,0.204228,-0.004408832750000054,0.20475875000000004,-0.00022867724999994614,-0.000530750000000052,0.000577917681999429
0.03625,0.07625,0.005,6.25e-08,0.00463715,0.19306,0.004960488249999936,0.19342050000000002,-0.0003233382499999368,-0.0003605000000000136,0.0004842601304185917
0.03875,0.07625,0.005,6.25e-08,0.0138226,0.181088,0.014238587499999927,0.18128550000000004,-0.0004159874999999265,-0.00019750000000004486,0.0004604908795581152
0.04125,0.07625,0.005,6.25e-08,0.0226549,0.168219,0.023150124999999917,0.16825625000000002,-0.0004952249999999186,-3.725000000001644e-05,0.000496623965516084
0.04375,0.07625,0.005,6.25e-08,0.0308718,0.154315,0.03143314999999991,0.15419175000000002,-0.0005613499999999084,0.00012324999999999142,0.0005747211367262344
0.04625,0.07625,0.005,6.25e-08,0.0382205,0.139207,0.0388333999999999,0.138922,-0.0006128999999999024,0.00028500000000000747,0.0006759226361055565
0.04875,0.07625,0.005,6.25e-08,0.0444508,0.1227,0.04509979999999989,0.12225225000000002,-0.0006489999999998927,0.0004477499999999829,0.0007884675405492894
0.05125,0.07625,0.005,6.25e-08,0.0493117,0.104576,0.04998119999999988,0.1039665,-0.0006694999999998785,0.0006094999999999989,0.0009053841726028991
0.05375,0.07625,0.005,6.25e-08,0.0525486,0.0845914,0.05322387499999988,0.083828575,-0.0006752749999998781,0.0007628249999999948,0.0010187729414593946
0.05625,0.07625,0.005,6.25e-08,0.0539028,0.0624778,0.054570199999999874,0.061580224999999995,-0.0006673999999998736,0.0008975750000000046,0.0011185095621517233
0.05875,0.07625,0.005,6.25e-08,0.0531133,0.0379327,0.053758649999999866,0.036936800000000033,-0.0006453499999998641,0.0009958999999999663,0.0011867153965883133
0.06125,0.07625,0.005,6.25e-08,0.0499325,0.010618,0.050525299999999856,0.009581584999999988,-0.0005927999999998587,0.0010364150000000127,0.0011939714788154945
0.06375,0.07625,0.005,6.25e-08,0.0441444,-0.0198168,0.044609849999999826,-0.020841675000000108,-0.0004654499999998257,0.001024875000000109,0.0011256164835880208
0.06625,0.07625,0.005,6.25e-08,0.0354918,-0.0536856,0.03576704999999982,-0.054737175000000124,-0.00027524999999982425,0.001051575000000124,0.0010870016297711627
0.06875,0.07625,0.005,6.25e-08,0.0237185,-0.0914665,0.023791774999999803,-0.09256250000000016,-7.327499999980336e-05,0.0010960000000001524,0.001098446733176127
0.07125,0.07625,0.005,6.25e-08,0.0087015,-0.133741,0.008566236249999894,-0.1348214999999999,0.00013526375000010547,0.001080499999999901,0.0010889336674306095
0.07375,0.07625,0.005,6.25e-08,-0.00945435,-0.181093,-0.009851514750000094,-0.1820179999999999,0.0003971647500000935,0.0009249999999998981,0.0010066602399233062
0.07625,0.07625,0.005,6.25e-08,-0.0304222,-0.233845,-0.03107250000000008,-0.23451974999999992,0.0006503000000000793,0.0006747499999999185,0.0009371113341006996
0.07875,0.07625,0.005,6.25e-08,-0.0533788,-0.291877,-0.054126950000000194,-0.2922187500000002,0.0007481500000001973,0.00034175000000019606,0.0008225092613462958
0.08125,0.07625,0.005,6.25e-08,-0.0762094,-0.352145,-0.07712062500000018,-0.35383475000000025,0.000911225000000182,0.0016897500000002674,0.0019197880255711138
0.08375,0.07625,0.005,6.25e-08,-0.09596,-0.413637,-0.09689770000000014,-0.41569925000000024,0.0009377000000001384,0.0020622500000002653,0.0022654263070118513
0.08625,0.07625,0.005,6.25e-08,-0.108622,-0.46823,-0.10902325000000004,-0.4701007499999999,0.0004012500000000474,0.001870749999999921,0.001913297448124505
0.08875,0.07625,0.005,6.25e-08,-0.110037,-0.503878,-0.10864750000000006,-0.50395125,-0.0013894999999999325,7.324999999991366e-05,0.0013914294134090308
0.09125,0.07625,0.005,6.25e-08,-0.0968649,-0.504124,-0.09272857500000008,-0.49948024999999996,-0.004136324999999927,-0.0046437500000000576,0.006218810060463732
0.093125,0.076875,0.005,1.5625e-08,-0.0747342,-0.468018,-0.07176175000000008,-0.46792025000000015,-0.002972449999999918,-9.774999999984102e-05,0.002974056836208663
0.095625,0.075625,0.005,1.5625e-08,-0.0367463,-0.343202,-0.0364834999999999,-0.3408617499999995,-0.0002628000000001046,-0.0023402500000004878,0.0023549594269333682
0.098125,0.075625,0.005,1.5625e-08,-0.00766955,-0.168451,-0.008121024999999941,-0.16672524999999938,0.0004514749999999417,-0.0017257500000006087,0.0017838281133918282
0.00125,0.07875,0.005,6.25e-08,-0.000312683,0.0458957,-0.0012135467500000011,0.04535982500000001,0.0009008637500000011,0.0005358749999999843,0.0010481972675451161
0.00375,0.07875,0.005,6.25e-08,-0.00837482,0.123248,-0.009372790000000008,0.12156175000000002,0.0009979700000000077,0.0016862499999999725,0.001959434403954346
0.00625,0.07875,0.005,6.25e-08,-0.0217908,0.178046,-0.02141760000000002,0.17723875000000006,-0.0003731999999999798,0.0008072499999999538,0.000889342904902215
0.00875,0.07875,0.005,6.25e-08,-0.0342084,0.213921,-0.033332175000000026,0.21421750000000006,-0.0008762249999999736,-0.0002965000000000606,0.0009250310808967392
0.01125,0.07875,0.005,6.25e-08,-0.0432445,0.235044,-0.042478375000000027,0.23612400000000003,-0.0007661249999999717,-0.0010800000000000254,0.0013241402930297874
0.01375,0.07875,0.005,6.25e-08,-0.048118,0.245391,-0.04763525000000002,0.24684675,-0.0004827499999999832,-0.0014557500000000057,0.0015337064989756027
0.01625,0.07875,0.005,6.25e-08,-0.0488313,0.248228,-0.04859970000000001,0.24974799999999997,-0.00023159999999999153,-0.0015199999999999658,0.001537543027040184
0.01875,0.07875,0.005,6.25e-08,-0.045831,0.246016,-0.045744875000000004,0.2474225,-8.612499999999246e-05,-0.0014064999999999772,0.0014091344029669188
0.02125,0.07875,0.005,6.25e-08,-0.0397469,0.240507,-0.039693674999999984,0.24172824999999995,-5.322500000001784e-05,-0.0012212499999999515,0.0012224092862559918
0.02375,0.07875,0.005,6.25e-08,-0.0312263,0.232894,-0.031123749999999978,0.23392549999999995,-0.00010255000000002068,-0.001031499999999963,0.0010365851400150053
0.02625,0.07875,0.005,6.25e-08,-0.0208556,0.223967,-0.02067147499999997,0.22482449999999995,-0.00018412500000002802,-0.0008574999999999555,0.0008770451901840258
0.02875,0.07875,0.005,6.25e-08,-0.00918126,0.214253,-0.008895892499999959,0.21491324999999997,-0.0002853675000000413,-0.0006602499999999734,0.0007192806632714649
0.03125,0.07875,0.005,6.25e-08,0.00330966,0.203985,0.003725117000000053,0.20445549999999996,-0.00041545700000005306,-0.00047049999999995706,0.0006276740944542827
0.03375,0.07875,0.005,6.25e-08,0.0162286,0.193257,0.016784550000000065,0.19355774999999997,-0.0005559500000000654,-0.00030074999999996077,0.0006320846185441069
0.03625,0.07875,0.005,6.25e-08,0.0292405,0.18207,0.029931275000000077,0.18222349999999998,-0.0006907750000000774,-0.0001534999999999731,0.0007076244417945855
0.03875,0.07875,0.005,6.25e-08,0.0420435,0.17037,0.04285502500000009,0.17038299999999998,-0.0008115250000000906,-1.2999999999985246e-05,0.000811629118270868
0.04125,0.07875,0.005,6.25e-08,0.0543609,0.158043,0.055273275000000094,0.15791899999999998,-0.0009123750000000971,0.000124000000000013,0.0009207628036715974
0.04375,0.07875,0.005,6.25e-08,0.0659275,0.144941,0.0669204750000001,0.14467974999999997,-0.0009929750000001042,0.0002612500000000184,0.0010267672146719608
0.04625,0.07875,0.005,6.25e-08,0.0764869,0.13089,0.0775397750000001,0.13049,-0.0010528750000001058,0.00040000000000001146,0.0011262973699806068
0.04875,0.07875,0.005,6.25e-08,0.0857845,0.115697,0.08687625000000013,0.11515349999999996,-0.0010917500000001273,0.0005435000000000301,0.0012195533249925198
0.05125,0.07875,0.005,6.25e-08,0.0935618,0.0991467,0.09467152500000013,0.09845889999999997,-0.0011097250000001307,0.00068780000000003,0.001305587383373986
0.05375,0.07875,0.005,6.25e-08,0.0995515,0.0810045,0.10066015000000014,0.08017602499999998,-0.0011086500000001415,0.0008284750000000091,0.0013840070982929706
0.05625,0.07875,0.005,6.25e-08,0.103474,0.0610086,0.10456532500000014,0.060054849999999986,-0.0010913250000001429,0.0009537500000000171,0.0014493547937359384
0.05875,0.07875,0.005,6.25e-08,0.105033,0.0388609,0.10609747500000016,0.03781975000000003,-0.0010644750000001618,0.0010411499999999699,0.0014889930651703122
0.06125,0.07875,0.005,6.25e-08,0.103938,0.0142071,0.10495165000000016,0.013161867500000007,-0.0010136500000001575,0.001045232499999993,0.001456021051206525
0.06375,0.07875,0.005,6.25e-08,0.0999434,-0.0133403,0.10080892500000015,-0.014272235000000065,-0.0008655250000001447,0.000931935000000066,0.0012718633455880287
0.06625,0.07875,0.005,6.25e-08,0.0927029,-0.0439518,0.09333957500000015,-0.044896400000000065,-0.000636675000000142,0.0009446000000000662,0.0011391330982924279
0.06875,0.07875,0.005,6.25e-08,0.0818355,-0.0782069,0.08221817500000013,-0.07920472500000006,-0.0003826750000001239,0.0009978250000000632,0.0010686883953006231
0.07125,0.07875,0.005,6.25e-08,0.0670399,-0.116837,0.06715287500000022,-0.11779224999999983,-0.00011297500000022331,0.0009552499999998382,0.0009619074348006367
0.07375,0.07875,0.005,6.25e-08,0.0481735,-0.160772,0.04795100000000023,-0.16136024999999982,0.0002224999999997715,0.0005882499999998181,0.0006289231371953844
0.07625,0.07875,0.005,6.25e-08,0.0253516,-0.210396,0.02465017500000024,-0.2106644999999998,0.0007014249999997592,0.00026849999999981056,0.0007510587730827465
0.078125,0.079375,0.005,1.5625e-08,0.0165008,-0.245316,0.019380482500000164,-0.24474449999999992,-0.0028796825000001643,-0.0005715000000000858,0.00293584460603883
0.080625,0.078125,0.005,1.5625e-08,-0.0351513,-0.318122,-0.036720300000000074,-0.3192965000000002,0.0015690000000000703,0.0011745000000001893,0.00195990082657278
0.08375,0.07875,0.005,6.25e-08,-0.0582793,-0.392175,-0.059768349999999956,-0.3940365000000001,0.001489049999999957,0.001861500000000127,0.002383789452216857
0.08625,0.07875,0.005,6.25e-08,-0.0815234,-0.455759,-0.08287382499999986,-0.4577829999999998,0.0013504249999998635,0.0020239999999997482,0.002433150977770104
0.08875,0.07875,0.005,6.25e-08,-0.0949806,-0.505053,-0.09437102499999993,-0.5064204999999999,-0.0006095750000000705,0.001367499999999966,0.0014972100489326781
0.09125,0.07875,0.005,6.25e-08,-0.0928249,-0.522628,-0.08859622500000003,-0.51918675,-0.004228674999999973,-0.0034412499999999513,0.005451962382310101
0.093125,0.079375,0.005,1.5625e-08,-0.0759177,-0.496162,-0.07206212500000007,-0.4969767500000003,-0.0038555749999999306,0.0008147500000003083,0.003940720256897839
0.095625,0.078125,0.005,1.5625e-08,-0.0384809,-0.377987,-0.03893674999999991,-0.37499349999999954,0.0004558499999999105,-0.002993500000000482,0.0030280094901606242
0.098125,0.078125,0.005,1.5625e-08,-0.00861866,-0.189495,-0.008984667499999937,-0.1876752499999994,0.0003660074999999371,-0.0018197500000005917,0.00185619275738226
0.000625,0.081875,0.005,1.5625e-08,0.000867312,0.0284755,-0.0005799202500000008,0.02707840000000001,0.0014472322500000009,0.0013970999999999914,0.0020115589962613678
0.00375,0.08125,0.005,6.25e-08,-0.0129335,0.136936,-0.01314005000000001,0.13417875000000004,0.0002065500000000102,0.002757249999999961,0.002764975671683169
0.00625,0.08125,0.005,6.25e-08,-0.0300311,0.192326,-0.028936100000000027,0.19130750000000005,-0.0010949999999999745,0.00101849999999995,0.0014954488456646862
0.00875,0.08125,0.005,6.25e-08,-0.0444438,0.225234,-0.043206900000000034,0.22573375000000007,-0.0012368999999999644,-0.0004997500000000765,0.0013340433548052284
0.01125,0.08125,0.005,6.25e-08,-0.0534882,0.241774,-0.052624275000000026,0.24308675000000002,-0.0008639249999999737,-0.0013127500000000292,0.0015715212273860735
0.01375,0.08125,0.005,6.25e-08,-0.0565513,0.247237,-0.056113050000000025,0.2487725,-0.0004382499999999734,-0.0015354999999999952,0.0015968166183065488
0.01625,0.08125,0.005,6.25e-08,-0.054121,0.245614,-0.05395940000000001,0.247025,-0.00016159999999999092,-0.0014109999999999956,0.0014202237711008728
0.01875,0.08125,0.005,6.25e-08,-0.0471296,0.23966,-0.0470583,0.24081274999999996,-7.13000000000033e-05,-0.0011527499999999524,0.0011549529222006803
0.02125,0.08125,0.005,6.25e-08,-0.0365937,0.231195,-0.03645627499999998,0.23207699999999995,-0.0001374250000000174,-0.0008819999999999384,0.0008926419386433152
0.02375,0.08125,0.005,6.25e-08,-0.0234343,0.221342,-0.023131099999999974,0.22201799999999997,-0.00030320000000002775,-0.0006759999999999544,0.0007408820688881296
0.02625,0.08125,0.005,6.25e-08,-0.00839123,0.210767,-0.007913032499999957,0.21133824999999992,-0.00047819750000004276,-0.0005712499999999121,0.0007449828263162786
0.02875,0.08125,0.005,6.25e-08,0.00787178,0.200035,0.008523050000000058,0.20041049999999996,-0.0006512700000000579,-0.0003754999999999731,0.0007517664949304772
0.03125,0.08125,0.005,6.25e-08,0.0247818,0.189208,0.025636050000000073,0.18940049999999997,-0.0008542500000000737,-0.00019249999999998435,0.0008756707786035342
0.03375,0.08125,0.005,6.25e-08,0.0419348,0.178286,0.04298925000000008,0.17833899999999997,-0.0010544500000000817,-5.299999999996974e-05,0.0010557811338057566
0.03625,0.08125,0.005,6.25e-08,0.0589939,0.167231,0.0602219250000001,0.16717299999999996,-0.0012280250000000978,5.800000000003025e-05,0.0012293939159704849
0.03875,0.08125,0.005,6.25e-08,0.0756534,0.155956,0.0770255750000001,0.15579449999999997,-0.0013721750000001004,0.00016150000000003661,0.0013816462936024137
0.04125,0.08125,0.005,6.25e-08,0.0916372,0.144326,0.09312502500000011,0.14406174999999993,-0.0014878250000001092,0.0002642500000000769,0.001511109292250354
0.04375,0.08125,0.005,6.25e-08,0.106688,0.132181,0.10826425000000012,0.13181074999999998,-0.0015762500000001123,0.0003702500000000164,0.0016191507419015582
0.04625,0.08125,0.005,6.25e-08,0.120557,0.119343,0.12219475000000013,0.11886074999999996,-0.0016377500000001322,0.00048225000000004514,0.0017072756441185695
0.04875,0.08125,0.005,6.25e-08,0.132997,0.10562,0.13466750000000016,0.10501974999999997,-0.001670500000000158,0.0006002500000000383,0.0017750691007677908
0.05125,0.08125,0.005,6.25e-08,0.143751,0.0908057,0.14542700000000014,0.09008292499999998,-0.0016760000000001496,0.0007227750000000227,0.0018252067555829213
0.05375,0.08125,0.005,6.25e-08,0.152553,0.0746807,0.15420400000000017,0.07383219999999997,-0.00165100000000018,0.0008485000000000298,0.001856274023413743
0.05625,0.08125,0.005,6.25e-08,0.159114,0.0570053,0.16071300000000016,0.056033724999999986,-0.0015990000000001559,0.0009715750000000162,0.0018710315284958534
0.05875,0.08125,0.005,6.25e-08,0.163111,0.0375103,0.1646452500000002,0.036431350000000015,-0.0015342500000001813,0.0010789499999999883,0.0018756481986237532
0.06125,0.08125,0.005,6.25e-08,0.164189,0.0158212,0.1656665000000002,0.014737925000000002,-0.001477500000000187,0.0010832749999999981,0.0018320728630776529
0.06375,0.08125,0.005,6.25e-08,0.162096,-0.00870914,0.16341325000000015,-0.009377850000000059,-0.0013172500000001586,0.0006687100000000584,0.0014772679603242249
0.06625,0.08125,0.005,6.25e-08,0.15639,-0.0355491,0.15749075000000018,-0.036311375000000055,-0.001100750000000178,0.0007622750000000553,0.0013389226034859058
0.06875,0.08125,0.005,6.25e-08,0.146653,-0.065733,0.14747575000000018,-0.06655160000000006,-0.0008227500000001775,0.0008186000000000582,0.0011606134250905368
0.07125,0.08125,0.005,6.25e-08,0.132434,-0.0999385,0.13293050000000026,-0.10072174999999985,-0.0004965000000002606,0.0007832499999998466,0.0009273579743011963
0.07375,0.08125,0.005,6.25e-08,0.11352,-0.139512,0.11344000000000025,-0.13962674999999983,7.999999999974694e-05,0.00011474999999983027,0.00013988410381426676
0.075625,0.081875,0.005,1.5625e-08,0.10904,-0.166351,0.11290200000000027,-0.1659562499999998,-0.003862000000000268,-0.00039475000000019356,0.0038821220437413122
0.078125,0.080625,0.005,1.5625e-08,0.0508596,-0.229497,0.05032927500000017,-0.2299689999999999,0.0005303249999998247,0.0004719999999998892,0.0007099497204906199
0.080625,0.080625,0.005,1.5625e-08,0.0181327,-0.287237,0.01795812250000007,-0.2883732500000001,0.0001745774999999325,0.0011362500000000608,0.0011495831270536135
0.083125,0.080625,0.005,1.5625e-08,-0.0160864,-0.353087,-0.01676818499999995,-0.3539590000000001,0.0006817849999999487,0.0008720000000000949,0.0011068942073319814
0.08625,0.08125,0.005,6.25e-08,-0.0455685,-0.431264,-0.0473594499999998,-0.43299849999999973,0.0017909499999998052,0.0017344999999997501,0.00249318915297224
0.08875,0.08125,0.005,6.25e-08,-0.0724856,-0.493807,-0.07283309999999987,-0.49603299999999984,0.0003474999999998757,0.0022259999999998392,0.00225296077418121
0.09125,0.08125,0.005,6.25e-08,-0.0832379,-0.530337,-0.08043007499999999,-0.5290285,-0.0028078250000000138,-0.0013084999999999347,0.003097749744673528
0.09375,0.08125,0.005,6.25e-08,-0.0687861,-0.506958,-0.065305525,-0.4997285000000001,-0.0034805749999999996,-0.007229499999999944,0.008023719373247308
0.095625,0.081875,0.005,1.5625e-08,-0.0443761,-0.424473,-0.04288244999999992,-0.4263442499999997,-0.0014936500000000824,0.0018712499999997134,0.002394277946479726
0.098125,0.080625,0.005,1.5625e-08,-0.0101132,-0.212804,-0.010042019999999936,-0.2105997499999994,-7.1180000000063e-05,-0.0022042500000006016,0.002205398978621025
0.000625,0.084375,0.005,1.5625e-08,-0.000850442,0.0317957,-0.0008815095000000012,0.031843625000000014,3.106750000000122e-05,-4.792500000001115e-05,5.711387905974471e-05
0.00375,0.08375,0.005,6.25e-08,-0.0188426,0.155214,-0.018833000000000016,0.15146350000000006,-9.59999999998462e-06,0.0037504999999999344,0.003750512286341628
0.00625,0.08375,0.005,6.25e-08,-0.0411637,0.209918,-0.039565650000000036,0.20895475000000005,-0.001598049999999962,0.0009632499999999433,0.0018659084556858006
0.00875,0.08375,0.005,6.25e-08,-0.0575591,0.237426,-0.05607402500000004,0.23831850000000004,-0.0014850749999999607,-0.000892500000000046,0.0017326292175837755
0.01125,0.08375,0.005,6.25e-08,-0.0653403,0.24707,-0.06452595000000004,0.24860550000000003,-0.0008143499999999637,-0.001535500000000023,0.001738081175463336
0.01375,0.08375,0.005,6.25e-08,-0.0648425,0.245883,-0.06453667500000003,0.2473655,-0.00030582499999996793,-0.0014824999999999977,0.001513715686853041
0.01625,0.08375,0.005,6.25e-08,-0.0574436,0.23869,-0.057345450000000006,0.23978974999999997,-9.81499999999913e-05,-0.001099749999999955,0.0011041211369228917
0.01875,0.08375,0.005,6.25e-08,-0.0447774,0.228403,-0.044639974999999985,0.22908624999999996,-0.0001374250000000174,-0.0006832499999999686,0.0006969334208695705
0.02125,0.08375,0.005,6.25e-08,-0.0283562,0.216783,-0.02800472499999995,0.21709924999999997,-0.00035147500000005244,-0.0003162499999999624,0.0004728094099370412
0.02375,0.08375,0.005,6.25e-08,-0.00944951,0.204748,-0.008738822499999946,0.20481974999999994,-0.0007106875000000533,-7.174999999992604e-05,0.0007143002066052587
0.02625,0.08375,0.005,6.25e-08,0.0111251,0.192474,0.012156735000000071,0.19273349999999995,-0.0010316350000000706,-0.00025949999999994033,0.001063772072967285
0.02875,0.08375,0.005,6.25e-08,0.0326444,0.180967,0.03393012500000008,0.18103174999999994,-0.0012857250000000847,-6.47499999999468e-05,0.0012873543949220862
0.03125,0.08375,0.005,6.25e-08,0.0544353,0.169822,0.05601792500000011,0.16973924999999992,-0.0015826250000001083,8.275000000007582e-05,0.0015847868794021975
0.03375,0.08375,0.005,6.25e-08,0.0761469,0.158941,0.07799052500000012,0.15878549999999994,-0.0018436250000001125,0.00015550000000005837,0.0018501711787360198
0.03625,0.08375,0.005,6.25e-08,0.0974666,0.148255,0.09950915000000013,0.14804849999999994,-0.002042550000000129,0.00020650000000005386,0.002052961946189103
0.03875,0.08375,0.005,6.25e-08,0.118099,0.137637,0.12029300000000014,0.13737724999999995,-0.0021940000000001403,0.00025975000000005855,0.002209322534737888
0.04125,0.08375,0.005,6.25e-08,0.137786,0.126924,0.14009525000000014,0.12660324999999994,-0.0023092500000001515,0.00032075000000006404,0.0023314193370135585
0.04375,0.08375,0.005,6.25e-08,0.156297,0.115943,0.15868675000000015,0.11555124999999995,-0.0023897500000001626,0.0003917500000000518,0.002421646779569807
0.04625,0.08375,0.005,6.25e-08,0.173404,0.104511,0.17584250000000018,0.10403849999999996,-0.0024385000000001766,0.00047250000000004233,0.0024838555714857703
0.04875,0.08375,0.005,6.25e-08,0.188881,0.0924394,0.19133225000000015,0.09187904999999996,-0.0024512500000001547,0.0005603500000000428,0.0025144817925371434
0.05125,0.08375,0.005,6.25e-08,0.20249,0.0795346,0.20491350000000016,0.07888089999999998,-0.0024235000000001616,0.0006537000000000209,0.0025101147264618823
0.05375,0.08375,0.005,6.25e-08,0.213981,0.0655932,0.21632600000000018,0.06484464999999998,-0.0023450000000001803,0.0007485500000000284,0.0024615751263166617
0.05625,0.08375,0.005,6.25e-08,0.223086,0.0504035,0.2252837500000002,0.049559599999999975,-0.0021977500000001926,0.0008439000000000224,0.002354203107741744
0.05875,0.08375,0.005,6.25e-08,0.229474,0.0337562,0.2314725000000002,0.03279800000000001,-0.0019985000000001807,0.0009581999999999924,0.0022163369531731196
0.06125,0.08375,0.005,6.25e-08,0.232591,0.0153895,0.2345420000000002,0.014306049999999996,-0.0019510000000002026,0.001083450000000005,0.002231650712477381
0.06375,0.08375,0.005,6.25e-08,0.232313,-0.00599034,0.2341005000000002,-0.006209537500000055,-0.0017875000000002195,0.00021919750000005435,0.0018008897228889555
0.06625,0.08375,0.005,6.25e-08,0.227914,-0.0285767,0.2297095000000002,-0.02910282500000005,-0.0017955000000001997,0.0005261250000000509,0.0018709964632852118
0.06875,0.08375,0.005,6.25e-08,0.219296,-0.0545165,0.22087550000000017,-0.05482232500000005,-0.001579500000000178,0.00030582500000004426,0.0016088347275670018
0.07125,0.08375,0.005,6.25e-08,0.206111,-0.0837862,0.2070512500000003,-0.08396277499999988,-0.0009402500000003089,0.00017657499999987336,0.0009566863608965773
0.073125,0.084375,0.005,1.5625e-08,0.208252,-0.103729,0.21311925000000032,-0.10332509999999986,-0.004867250000000323,-0.0004039000000001375,0.0048839797063975655
0.075625,0.083125,0.005,1.5625e-08,0.14975,-0.152542,0.1497182500000003,-0.1525994999999998,3.174999999969175e-05,5.749999999979383e-05,6.568342637192975e-05
0.078125,0.083125,0.005,1.5625e-08,0.119515,-0.197627,0.1195622500000002,-0.1980022499999999,-4.725000000020685e-05,0.0003752499999999104,0.00037821306825644235
0.080625,0.083125,0.005,1.5625e-08,0.0837451,-0.251148,0.08312967500000008,-0.25160925000000006,0.0006154249999999195,0.00046125000000007965,0.0007690900422739683
0.083125,0.083125,0.005,1.5625e-08,0.04256,-0.313934,0.041415225000000055,-0.3147460000000001,0.0011447749999999451,0.0008120000000000904,0.0014035148024246203
0.085625,0.083125,0.005,1.5625e-08,-0.00132411,-0.385374,-0.0025255049999999704,-0.3867052500000001,0.0012013949999999704,0.001331250000000117,0.0017932028631823117
0.088125,0.083125,0.005,1.5625e-08,-0.040017,-0.457185,-0.04226392499999979,-0.4609427499999997,0.0022469249999997956,0.003757749999999671,0.004378282427861593
0.09125,0.08375,0.005,6.25e-08,-0.0669486,-0.52422,-0.06630689999999992,-0.5250922499999999,-0.0006417000000000783,0.0008722499999999078,0.0010828660824404558
0.09375,0.08375,0.005,6.25e-08,-0.0694787,-0.526559,-0.0642281,-0.5211927500000001,-0.005250600000000008,-0.005366249999999906,0.007507692017024878
0.095625,0.084375,0.005,1.5625e-08,-0.0495559,-0.45679,-0.04588319999999992,-0.4590699999999997,-0.0036727000000000773,0.0022799999999997267,0.004322860776152676
0.098125,0.083125,0.005,1.5625e-08,-0.0116471,-0.239147,-0.011450859999999929,-0.23593599999999934,-0.00019624000000007143,-0.0032110000000006578,0.0032169910067645904
0.000625,0.086875,0.005,1.5625e-08,-0.00172967,0.03917,-0.0013906234999999981,0.03912667499999998,-0.00033904650000000187,4.3325000000024594e-05,0.00034180343004021097
0.00375,0.08625,0.005,6.25e-08,-0.0277852,0.179742,-0.027444599999999972,0.1752684999999999,-0.0003406000000000277,0.004473500000000102,0.004486447437561365
0.00625,0.08625,0.005,6.25e-08,-0.0558584,0.230819,-0.05399254999999996,0.23036674999999995,-0.0018658500000000439,0.0004522500000000429,0.0019198766327553972
0.00875,0.08625,0.005,6.25e-08,-0.0725119,0.249125,-0.07115707499999996,0.250461,-0.0013548250000000456,-0.001335999999999976,0.0019027471667631146
0.01125,0.08625,0.005,6.25e-08,-0.0760949,0.248894,-0.07556579999999999,0.250272,-0.0005291000000000046,-0.0013779999999999903,0.0014760863152268495
0.01375,0.08625,0.005,6.25e-08,-0.0688624,0.239041,-0.06867314999999999,0.24005100000000004,-0.0001892500000000158,-0.0010100000000000386,0.001027577521406577
0.01625,0.08625,0.005,6.25e-08,-0.0535634,0.225282,-0.053360225000000025,0.22572150000000007,-0.00020317499999997213,-0.00043950000000006484,0.00048419038675405945
0.01875,0.08625,0.005,6.25e-08,-0.0327872,0.210339,-0.032369900000000056,0.21033800000000008,-0.0004172999999999469,9.999999999177334e-07,0.00041730119817699486
0.02125,0.08625,0.005,6.25e-08,-0.00856255,0.195732,-0.007846795250000064,0.19532350000000007,-0.0007157547499999362,0.0004084999999999228,0.0008241220250347688
0.02375,0.08625,0.005,6.25e-08,0.0172749,0.182182,0.018666449999999897,0.1812467500000001,-0.0013915499999998977,0.0009352499999999153,0.0016766347142414643
0.02625,0.08625,0.005,6.25e-08,0.0439911,0.169001,0.046101224999999885,0.16825050000000008,-0.0021101249999998864,0.0007504999999999318,0.0022396155396907785
0.02875,0.08625,0.005,6.25e-08,0.0712177,0.15725,0.07372579999999987,0.1562765000000001,-0.0025080999999998743,0.000973499999999905,0.002690402917780009
0.03125,0.08625,0.005,6.25e-08,0.0981457,0.146077,0.10103527499999984,0.14517450000000007,-0.002889574999999839,0.000902499999999945,0.0030272347002873712
0.03375,0.08625,0.005,6.25e-08,0.124515,0.135552,0.12767049999999983,0.13476075000000007,-0.003155499999999825,0.0007912499999999378,0.003253191788459266
0.03625,0.08625,0.005,6.25e-08,0.150041,0.125553,0.15336474999999983,0.12483950000000008,-0.00332374999999982,0.0007134999999999225,0.003399470004647591
0.03875,0.08625,0.005,6.25e-08,0.174465,0.115885,0.17790149999999982,0.11521650000000005,-0.0034364999999998147,0.0006684999999999469,0.003500917665412692
0.04125,0.08625,0.005,6.25e-08,0.19758,0.106352,0.2010929999999998,0.10570300000000007,-0.003512999999999794,0.0006489999999999274,0.0035724459408084065
0.04375,0.08625,0.005,6.25e-08,0.219207,0.0967633,0.22275899999999976,0.09611575000000006,-0.00355199999999975,0.0006475499999999412,0.0036105435882285296
0.04625,0.08625,0.005,6.25e-08,0.239161,0.0869342,0.24271724999999977,0.08627702500000005,-0.003556249999999761,0.0006571749999999543,0.0036164613979860535
0.04875,0.08625,0.005,6.25e-08,0.257252,0.0766828,0.26077149999999977,0.07601267500000004,-0.0035194999999997867,0.000670124999999952,0.003582729094646068
0.05125,0.08625,0.005,6.25e-08,0.273273,0.0658252,0.2767067499999998,0.06514967500000005,-0.003433749999999791,0.0006755249999999546,0.0034995675573024024
0.05375,0.08625,0.005,6.25e-08,0.287003,0.0541686,0.29028299999999974,0.053513300000000034,-0.0032799999999997276,0.0006552999999999629,0.003344819590052379
0.05625,0.08625,0.005,6.25e-08,0.298228,0.0414982,0.3012297499999998,0.04092310000000002,-0.003001749999999803,0.0005750999999999812,0.0030563447240942567
0.05875,0.08625,0.005,6.25e-08,0.306765,0.0275641,0.30923924999999974,0.027187225000000037,-0.0024742499999997336,0.00037687499999996404,0.0025027880110236374
0.06125,0.08625,0.005,6.25e-08,0.312219,0.0122611,0.3139622499999998,0.012094452500000007,-0.001743249999999752,0.00016664749999999347,0.0017511972909285186
0.063125,0.086875,0.005,1.5625e-08,0.332019,0.000436412,0.3371314999999997,-0.00031244750000004363,-0.005112499999999687,0.0007488595000000437,0.005167053976952158
0.065625,0.085625,0.005,1.5625e-08,0.292635,-0.0187691,0.29155900000000023,-0.019428150000000043,0.0010759999999997438,0.0006590500000000429,0.0012617935260966849
0.068125,0.085625,0.005,1.5625e-08,0.285661,-0.0410196,0.2847477500000002,-0.040882175000000034,0.00091324999999981,-0.00013742499999996882,0.0009235319123477242
0.070625,0.085625,0.005,1.5625e-08,0.273697,-0.0656979,0.2728615000000003,-0.0651443999999999,0.0008354999999997115,-0.0005535000000001095,0.0010022088105777355
0.073125,0.085625,0.005,1.5625e-08,0.255016,-0.0939918,0.2552327500000003,-0.09291872499999987,-0.00021675000000026534,-0.0010730750000001316,0.0010947467826513113
0.075625,0.085625,0.005,1.5625e-08,0.230975,-0.125516,0.2311080000000003,-0.12522874999999983,-0.00013300000000029955,-0.00028725000000015544,0.0003165463038801259
0.078125,0.085625,0.005,1.5625e-08,0.200139,-0.163831,0.19969275000000025,-0.1635739999999999,0.00044624999999975934,-0.00025700000000011824,0.0005149641371006781
0.080625,0.085625,0.005,1.5625e-08,0.161304,-0.210234,0.1603117500000001,-0.21005850000000004,0.0009922499999999168,-0.00017549999999996735,0.001007650888204751
0.083125,0.085625,0.005,1.5625e-08,0.114467,-0.267122,0.11287527500000008,-0.26726275000000005,0.001591724999999919,0.0001407500000000228,0.0015979358679636515
0.085625,0.085625,0.005,1.5625e-08,0.06093,-0.336247,0.05895570000000004,-0.3371585000000001,0.0019742999999999566,0.000911500000000065,0.0021745557569305845
0.088125,0.085625,0.005,1.5625e-08,0.00649057,-0.414278,0.003756610000000298,-0.4176244999999996,0.002733959999999702,0.0033464999999996414,0.004321296047668566
0.09125,0.08625,0.005,6.25e-08,-0.0422481,-0.499823,-0.042633249999999984,-0.5021969999999999,0.0003851499999999869,0.002373999999999876,0.002405039817237836
0.09375,0.08625,0.005,6.25e-08,-0.0664248,-0.53438,-0.060015825000000016,-0.5310222499999999,-0.00640897499999999,-0.003357750000000048,0.00723529167436429
0.095625,0.086875,0.005,1.5625e-08,-0.0550899,-0.486438,-0.04916407499999992,-0.4879792499999996,-0.005925825000000079,0.0015412499999996054,0.006122977502255314
0.098125,0.085625,0.005,1.5625e-08,-0.0137546,-0.269069,-0.013512849999999918,-0.2644704999999993,-0.00024175000000008218,-0.004598500000000727,0.00460485019436102
0.000625,0.089375,0.005,1.5625e-08,-0.00329119,0.0516278,-0.0023161984999999965,0.05070357499999996,-0.0009749915000000033,0.0009242250000000424,0.0013434285525093378
0.00375,0.08875,0.005,6.25e-08,-0.0417261,0.212484,-0.040493274999999954,0.2076229999999999,-0.0012328250000000485,0.004861000000000115,0.005014895659993958
0.00625,0.08875,0.005,6.25e-08,-0.0736453,0.253739,-0.07193174999999995,0.2538862499999999,-0.0017135500000000498,-0.00014724999999993216,0.0017198651589587339
0.00875,0.08875,0.005,6.25e-08,-0.0850955,0.256908,-0.08454702499999998,0.25799275,-0.0005484750000000205,-0.0010847499999999677,0.0012155276171790389
0.01125,0.08875,0.005,6.25e-08,-0.0784183,0.243465,-0.07842030000000001,0.24333375000000004,2.000000000015878e-06,0.0001312499999999439,0.00013126523721071525
0.01375,0.08875,0.005,6.25e-08,-0.0595043,0.223971,-0.05887380000000006,0.22263775000000008,-0.0006304999999999436,0.0013332499999999248,0.001474817213250418
0.01625,0.08875,0.005,6.25e-08,-0.0322829,0.203264,-0.031122175000000103,0.20157975000000006,-0.0011607249999999007,0.0016842499999999427,0.0020454780830222986
0.01875,0.08875,0.005,6.25e-08,-0.000451772,0.183739,0.0010608449999998629,0.18227000000000007,-0.001512616999999863,0.0014689999999999426,0.0021085471748785744
0.02125,0.08875,0.005,6.25e-08,0.0338203,0.166216,0.035236674999999856,0.1652422500000001,-0.0014163749999998587,0.0009737499999999122,0.0017188098216860495
0.02375,0.08875,0.005,6.25e-08,0.0686611,0.150733,0.06990874999999981,0.1504050000000001,-0.0012476499999998086,0.0003279999999999117,0.0012900443878020107
0.025625,0.089375,0.005,1.5625e-08,0.112616,0.133396,0.11520699999999975,0.13181750000000012,-0.00259099999999976,0.0015784999999998717,0.0030339649388215336
0.028125,0.088125,0.005,1.5625e-08,0.113015,0.137035,0.11075484999999981,0.13688675000000008,0.0022601500000001967,0.0001482499999999054,0.0022650068620207004
0.030625,0.088125,0.005,1.5625e-08,0.144169,0.12588,0.14203249999999978,0.1261275000000001,0.0021365000000002077,-0.00024750000000009487,0.0021507878788948327
0.033125,0.088125,0.005,1.5625e-08,0.174233,0.115927,0.17213024999999976,0.11631450000000008,0.0021027500000002364,-0.0003875000000000822,0.0021381566389067613
0.035625,0.088125,0.005,1.5625e-08,0.202899,0.106771,0.20086274999999976,0.10719950000000009,0.0020362500000002393,-0.0004285000000000816,0.0020808474986171006
0.038125,0.088125,0.005,1.5625e-08,0.230034,0.0981281,0.22808824999999977,0.09855855000000008,0.0019457500000002181,-0.00043045000000008216,0.001992794586755223
0.040625,0.088125,0.005,1.5625e-08,0.255532,0.0897783,0.25368274999999973,0.09018945000000006,0.0018492500000002465,-0.00041115000000005453,0.001894404889404838
0.043125,0.088125,0.005,1.5625e-08,0.279283,0.0815293,0.2775234999999997,0.08190805000000008,0.0017595000000003025,-0.0003787500000000804,0.0017998032704996192
0.045625,0.088125,0.005,1.5625e-08,0.30116,0.0732039,0.29947524999999975,0.07354297500000007,0.0016847500000002347,-0.00033907500000006363,0.0017185326351646145
0.048125,0.088125,0.005,1.5625e-08,0.321017,0.0646343,0.3193854999999997,0.06493275000000005,0.0016315000000002855,-0.0002984500000000473,0.001658573077226614
0.050625,0.088125,0.005,1.5625e-08,0.338683,0.055655,0.3370769999999998,0.05592247500000003,0.0016060000000002184,-0.00026747500000002394,0.0016281212717809794
0.053125,0.088125,0.005,1.5625e-08,0.353955,0.0460962,0.35234149999999975,0.046360050000000035,0.0016135000000002675,-0.00026385000000003767,0.00163493090756181
0.055625,0.088125,0.005,1.5625e-08,0.366593,0.0357734,0.36493824999999974,0.03609255000000003,0.0016547500000002602,-0.0003191500000000319,0.001685246060669148
0.058125,0.088125,0.005,1.5625e-08,0.376269,0.0244727,0.37458724999999976,0.024961400000000022,0.0016817500000002594,-0.0004887000000000224,0.0017513168623926666
0.060625,0.088125,0.005,1.5625e-08,0.382384,0.0119831,0.38096274999999974,0.012795825000000014,0.0014212500000002626,-0.0008127250000000141,0.0016372151624407128
0.063125,0.088125,0.005,1.5625e-08,0.383076,-0.00189085,0.3836897499999998,-0.0005972375000000371,-0.0006137499999997464,-0.0012936124999999628,0.001431824836582968
0.065625,0.088125,0.005,1.5625e-08,0.381756,-0.015883,0.38232924999999973,-0.015449200000000055,-0.0005732499999997476,-0.00043379999999994603,0.0007188866409244672
0.068125,0.088125,0.005,1.5625e-08,0.376436,-0.0322352,0.37636924999999966,-0.03205615000000007,6.675000000033737e-05,-0.00017904999999993065,0.0001910875846307661
0.070625,0.088125,0.005,1.5625e-08,0.365586,-0.0508744,0.3652034999999998,-0.050823424999999985,0.0003825000000002299,-5.097500000001559e-05,0.0003858817184386654
0.073125,0.088125,0.005,1.5625e-08,0.348794,-0.0723777,0.3481052499999998,-0.072340375,0.0006887500000001823,-3.7325000000004716e-05,0.0006897606237857097
0.075625,0.088125,0.005,1.5625e-08,0.324883,-0.0978736,0.3241934999999998,-0.0975048,0.0006895000000001761,-0.00036880000000000246,0.0007819358605411601
0.078125,0.088125,0.005,1.5625e-08,0.293232,-0.128246,0.29240224999999975,-0.1277220000000001,0.00082975000000024,-0.0005239999999998857,0.000981356745786301
0.080625,0.088125,0.005,1.5625e-08,0.25262,-0.16574,0.2514999999999996,-0.16518450000000023,0.0011200000000003985,-0.0005554999999997645,0.0012501920852415562
0.083125,0.088125,0.005,1.5625e-08,0.201875,-0.213496,0.20030274999999956,-0.21314075000000032,0.0015722500000004414,-0.00035524999999966833,0.0016118848051275723
0.085625,0.088125,0.005,1.5625e-08,0.140657,-0.275276,0.13846674999999956,-0.2756837500000004,0.0021902500000004488,0.0004077500000003731,0.0022278813085535483
0.088125,0.088125,0.005,1.5625e-08,0.0718103,-0.353317,0.06857469999999999,-0.3555815,0.003235600000000005,0.0022645000000000026,0.003949312295830762
0.090625,0.088125,0.005,1.5625e-08,0.00239451,-0.442342,0.00012115200000002626,-0.4468527499999999,0.0022733579999999736,0.004510749999999897,0.005051239665533893
0.09375,0.08875,0.005,6.25e-08,-0.0528538,-0.520899,-0.04870245000000005,-0.52125325,-0.0041513499999999495,0.0003542500000000004,0.0041664373132209226
0.095625,0.089375,0.005,1.5625e-08,-0.0610487,-0.506573,-0.05168724999999996,-0.5077172499999998,-0.009361450000000035,0.0011442499999997358,0.009431121575136227
0.098125,0.088125,0.005,1.5625e-08,-0.0166856,-0.303427,-0.016829699999999885,-0.29757099999999903,0.00014409999999988668,-0.0058560000000009715,0.005857772683367916
0.000625,0.091875,0.005,1.5625e-08,-0.00711785,0.0741696,-0.004245047499999993,0.07026879999999994,-0.0028728025000000074,0.0039008000000000653,0.004844505634634642
0.00375,0.09125,0.005,6.25e-08,-0.0628399,0.254013,-0.05981379999999993,0.24915799999999988,-0.003026100000000073,0.004855000000000109,0.0057208658619129936
0.00625,0.09125,0.005,6.25e-08,-0.0890371,0.273624,-0.08851409999999997,0.27254025,-0.0005230000000000234,0.0010837499999999944,0.0012033466094604716
0.00875,0.09125,0.005,6.25e-08,-0.0824308,0.252996,-0.08338550000000004,0.2515255,0.0009547000000000444,0.0014704999999999857,0.001753231969820321
0.01125,0.09125,0.005,6.25e-08,-0.0536523,0.221006,-0.05513002500000013,0.2197030000000001,0.001477725000000131,0.0013029999999999153,0.0019701472471937644
0.013125,0.091875,0.005,1.5625e-08,-0.00525633,0.187089,-0.007058395000000234,0.1854285000000001,0.0018020650000002336,0.0016604999999998982,0.002450448635296301
0.015625,0.090625,0.005,1.5625e-08,0.00388827,0.180551,-0.0011872600000001916,0.1805330000000001,0.005075530000000192,1.7999999999879224e-05,0.005075561917748807
0.018125,0.090625,0.005,1.5625e-08,0.0457054,0.158416,0.040568724999999764,0.15876025000000013,0.005136675000000236,-0.0003442500000001292,0.005148197560129906
0.020625,0.090625,0.005,1.5625e-08,0.0875507,0.139919,0.08252359999999974,0.1407412500000001,0.005027100000000256,-0.0008222500000001076,0.005093901203645665
0.023125,0.090625,0.005,1.5625e-08,0.127671,0.12432,0.12339074999999972,0.1258175000000001,0.004280250000000291,-0.0014975000000001099,0.004534649524770664
0.025625,0.090625,0.005,1.5625e-08,0.162928,0.112136,0.16255049999999965,0.11332825000000012,0.0003775000000003359,-0.0011922500000001168,0.0012505863874601114
0.028125,0.090625,0.005,1.5625e-08,0.199872,0.102348,0.1997342499999997,0.1027118250000001,0.00013775000000029736,-0.0003638250000001092,0.00038902916744784237
0.030625,0.090625,0.005,1.5625e-08,0.23526,0.0934247,0.2348462499999997,0.09351670000000009,0.0004137500000002958,-9.200000000009201e-05,0.0004238550017402906
0.033125,0.090625,0.005,1.5625e-08,0.26839,0.0853656,0.26787199999999967,0.08538357500000009,0.0005180000000003515,-1.797500000008667e-05,0.000518311779361966
0.035625,0.090625,0.005,1.5625e-08,0.299363,0.0780354,0.2988242499999997,0.07802417500000008,0.0005387500000003098,1.1224999999920326e-05,0.0005388669252471634
0.038125,0.090625,0.005,1.5625e-08,0.328242,0.0712333,0.3277174999999997,0.07120310000000007,0.0005245000000002609,3.019999999992473e-05,0.0005253687181401926
0.040625,0.090625,0.005,1.5625e-08,0.355051,0.0647723,0.3545472499999997,0.06472375000000007,0.0005037500000003026,4.854999999993892e-05,0.0005060841481416889
0.043125,0.090625,0.005,1.5625e-08,0.379777,0.0584857,0.37928749999999967,0.05841760000000007,0.0004895000000003091,6.80999999999321e-05,0.0004942143866787909
0.045625,0.090625,0.005,1.5625e-08,0.402371,0.0522236,0.40188049999999964,0.052136425000000056,0.0004905000000003379,8.717499999994632e-05,0.0004981864416313657
0.048125,0.090625,0.005,1.5625e-08,0.42275,0.0458483,0.4222359999999996,0.04574682500000005,0.000514000000000403,0.00010147499999994813,0.0005239209631474997
0.050625,0.090625,0.005,1.5625e-08,0.440788,0.0392292,0.4402302499999997,0.03912540000000004,0.0005577500000003011,0.00010379999999995948,0.000567326627702532
0.053125,0.090625,0.005,1.5625e-08,0.456319,0.0322392,0.45570074999999965,0.032155225000000044,0.0006182500000003199,8.397499999995839e-05,0.0006239269693845495
0.055625,0.090625,0.005,1.5625e-08,0.469122,0.0247581,0.4684459999999997,0.02472215000000003,0.0006760000000002875,3.5949999999972115e-05,0.0006769552440895829
0.058125,0.090625,0.005,1.5625e-08,0.478911,0.016695,0.4782222499999997,0.016710800000000026,0.0006887500000002933,-1.5800000000024128e-05,0.0006889312030242242
0.060625,0.090625,0.005,1.5625e-08,0.485356,0.00803849,0.4847394999999997,0.007999350000000013,0.0006165000000002974,3.9139999999987865e-05,0.0006177411995329158
0.063125,0.090625,0.005,1.5625e-08,0.488228,-0.00153347,0.4876547499999997,-0.0015483317500000248,0.0005732500000003027,1.486175000002467e-05,0.0005734426162341008
0.065625,0.090625,0.005,1.5625e-08,0.48687,-0.012395,0.48656324999999967,-0.01209515000000004,0.00030675000000035535,-0.0002998499999999592,0.0004289587217905629
0.068125,0.090625,0.005,1.5625e-08,0.481227,-0.02414,0.48098324999999964,-0.023851475000000056,0.0002437500000003756,-0.00028852499999994577,0.0003777045646072494
0.070625,0.090625,0.005,1.5625e-08,0.470682,-0.0373083,0.4703337499999997,-0.037110699999999996,0.00034825000000027195,-0.0001976000000000061,0.0004004045735255678
0.073125,0.090625,0.005,1.5625e-08,0.45446,-0.0525065,0.45389749999999973,-0.05231095000000001,0.0005625000000002434,-0.0001955499999999888,0.0005955216641737473
0.075625,0.090625,0.005,1.5625e-08,0.431457,-0.0705282,0.43076399999999976,-0.07014382500000002,0.0006930000000002212,-0.0003843749999999785,0.000792460182359524
0.078125,0.090625,0.005,1.5625e-08,0.400524,-0.0923175,0.3997389999999996,-0.0917444000000001,0.0007850000000003687,-0.0005730999999998959,0.0009719406411918681
0.080625,0.090625,0.005,1.5625e-08,0.360175,-0.11972,0.35923474999999955,-0.11901625000000021,0.0009402500000004754,-0.0007037499999997809,0.0011744505630296176
0.083125,0.090625,0.005,1.5625e-08,0.30845,-0.155837,0.3071899999999995,-0.15513375000000026,0.001260000000000483,-0.0007032499999997388,0.001442969356050519
0.085625,0.090625,0.005,1.5625e-08,0.243216,-0.205481,0.24129699999999948,-0.2051052500000004,0.0019190000000005036,-0.0003757499999995917,0.0019554408869872867
0.088125,0.090625,0.005,1.5625e-08,0.163559,-0.274822,0.16038049999999993,-0.27552850000000007,0.003178500000000084,0.0007065000000000543,0.0032560719433084723
0.090625,0.090625,0.005,1.5625e-08,0.0735021,-0.367005,0.06881575000000001,-0.3701735,0.004686349999999992,0.003168499999999963,0.005656966375408262
0.093125,0.090625,0.005,1.5625e-08,-0.0111489,-0.465402,-0.014404481999999946,-0.47288549999999996,0.003255581999999946,0.007483499999999976,0.008160979500569971
0.09625,0.09125,0.005,6.25e-08,-0.0564917,-0.503158,-0.050309774999999966,-0.49675574999999983,-0.0061819250000000325,-0.006402250000000165,0.008899719196026777
0.098125,0.091875,0.005,1.5625e-08,-0.0365634,-0.360796,-0.027330274999999828,-0.36068674999999895,-0.009233125000000175,-0.00010925000000105989,0.009233771322061667
0.000625,0.094375,0.005,1.5625e-08,-0.0173558,0.118892,-0.009465432500000027,0.10712900000000015,-0.007890367499999974,0.011762999999999843,0.014164253184868313
0.00375,0.09375,0.005,6.25e-08,-0.0863835,0.295026,-0.08311597500000001,0.2914985,-0.0032675249999999934,0.0035275000000000167,0.004808323603463589
0.005625,0.094375,0.005,1.5625e-08,-0.0660086,0.266346,-0.07753782499999987,0.2706229999999999,0.011529224999999865,-0.004276999999999864,0.012296981666271635
0.008125,0.093125,0.005,1.5625e-08,-0.0553607,0.236874,-0.06392450000000018,0.23902975000000012,0.008563800000000177,-0.002155750000000123,0.008830964188722744
0.010625,0.093125,0.005,1.5625e-08,-0.00375857,0.19309,-0.012354692500000267,0.19462750000000012,0.008596122500000268,-0.0015375000000001082,0.008732538478873779
0.013125,0.093125,0.005,1.5625e-08,0.050255,0.158545,0.046567199999999635,0.15867000000000017,0.003687800000000366,-0.00012500000000018052,0.0036899178635848716
0.015625,0.093125,0.005,1.5625e-08,0.107423,0.131713,0.10484757499999958,0.13142775000000015,0.0025754250000004225,0.0002852499999998481,0.00259117376745117
0.018125,0.093125,0.005,1.5625e-08,0.161729,0.111209,0.15954774999999954,0.11095050000000015,0.0021812500000004675,0.00025849999999985607,0.0021965140137276532
0.020625,0.093125,0.005,1.5625e-08,0.211699,0.0954465,0.20989799999999956,0.09535740000000013,0.0018010000000004411,8.909999999986984e-05,0.0018032026536142758
0.023125,0.093125,0.005,1.5625e-08,0.257245,0.0833332,0.25596499999999955,0.08323127500000013,0.0012800000000004474,0.00010192499999986393,0.0012840516756058213
0.025625,0.093125,0.005,1.5625e-08,0.298907,0.0737049,0.2980964999999995,0.07357145000000012,0.0008105000000004914,0.00013344999999988227,0.0008214129001304795
0.028125,0.093125,0.005,1.5625e-08,0.337044,0.0655048,0.3366952499999995,0.0656791250000001,0.0003487500000005084,-0.0001743250000001001,0.00038989199546206316
0.030625,0.093125,0.005,1.5625e-08,0.372226,0.0588872,0.37213049999999953,0.059061775000000094,9.550000000047021e-05,-0.0001745750000000934,0.000198989147003354
0.033125,0.093125,0.005,1.5625e-08,0.404713,0.0532434,0.40471249999999953,0.053364750000000086,5.00000000458467e-07,-0.0001213500000000825,0.00012135103007399848
0.035625,0.093125,0.005,1.5625e-08,0.434647,0.0482497,0.4346844999999996,0.04832560000000008,-3.7499999999579536e-05,-7.590000000008007e-05,8.46584904187443e-05
0.038125,0.093125,0.005,1.5625e-08,0.462173,0.0437005,0.4622272499999996,0.043744050000000076,-5.424999999958935e-05,-4.35500000000727e-05,6.956770083854846e-05
0.040625,0.093125,0.005,1.5625e-08,0.487404,0.039442,0.4874624999999996,0.03946210000000007,-5.849999999957278e-05,-2.010000000007145e-05,6.185677004138584e-05
0.043125,0.093125,0.005,1.5625e-08,0.510411,0.0353487,0.5104574999999996,0.035351050000000064,-4.649999999961629e-05,-2.350000000067576e-06,4.655934385238513e-05
0.045625,0.093125,0.005,1.5625e-08,0.531211,0.0313132,0.5312312499999996,0.031302625000000056,-2.0249999999610857e-05,1.0574999999943269e-05,2.2844980301655762e-05
0.048125,0.093125,0.005,1.5625e-08,0.54978,0.0272407,0.5497564999999995,0.02722292500000005,2.3500000000509225e-05,1.777499999994908e-05,2.9465244357074715e-05
0.050625,0.093125,0.005,1.5625e-08,0.566044,0.0230446,0.5659632499999996,0.023028300000000036,8.075000000040689e-05,1.6299999999962178e-05,8.237871387721757e-05
0.053125,0.093125,0.005,1.5625e-08,0.579885,0.0186456,0.5797392499999996,0.018642025000000034,0.00014575000000038862,3.5749999999640236e-06,0.00014579383774739255
0.055625,0.093125,0.005,1.5625e-08,0.591139,0.0139753,0.5909314999999996,0.01399130000000003,0.00020750000000036017,-1.600000000002988e-05,0.0002081159532571937
0.058125,0.093125,0.005,1.5625e-08,0.599602,0.0089836,0.5993452499999996,0.009004662500000019,0.00025675000000036086,-2.106250000001933e-05,0.0002576124830174891
0.060625,0.093125,0.005,1.5625e-08,0.605055,0.00362502,0.6047424999999997,0.0036081600000000104,0.0003125000000002709,1.6859999999989644e-05,0.0003129544848698752
0.063125,0.093125,0.005,1.5625e-08,0.607251,-0.00228391,0.6068359999999996,-0.0022797325000000162,0.0004150000000003873,-4.177499999983864e-06,0.0004150210253789214
0.065625,0.093125,0.005,1.5625e-08,0.605683,-0.00892083,0.6052849999999996,-0.00875638250000003,0.0003980000000003425,-0.0001644474999999701,0.0004306355538695253
0.068125,0.093125,0.005,1.5625e-08,0.600016,-0.0161909,0.5996774999999996,-0.015948700000000045,0.0003385000000003524,-0.00024219999999995634,0.00041622480704568465
0.070625,0.093125,0.005,1.5625e-08,0.58985,-0.0242855,0.5895107499999996,-0.024036850000000016,0.0003392500000003462,-0.0002486499999999857,0.00042061548354789297
0.073125,0.093125,0.005,1.5625e-08,0.574556,-0.0335641,0.5741509999999996,-0.03329635000000002,0.00040500000000032177,-0.00026774999999997634,0.00048550495620564775
0.075625,0.093125,0.005,1.5625e-08,0.553226,-0.0445379,0.5527657499999997,-0.04417385000000003,0.00046025000000027294,-0.00036404999999996995,0.0005868240494392074
0.078125,0.093125,0.005,1.5625e-08,0.524682,-0.0579257,0.5242074999999997,-0.057428150000000094,0.0004745000000002664,-0.0004975499999999022,0.0006875363644929303
0.080625,0.093125,0.005,1.5625e-08,0.487306,-0.0750316,0.48681649999999954,-0.07439580000000018,0.0004895000000004757,-0.0006357999999998254,0.000802403819781688
0.083125,0.093125,0.005,1.5625e-08,0.4387,-0.0982479,0.43810999999999944,-0.09748970000000023,0.0005900000000005345,-0.0007581999999997646,0.0009607118402519425
0.085625,0.093125,0.005,1.5625e-08,0.375351,-0.131902,0.37439674999999933,-0.13108450000000033,0.000954250000000656,-0.0008174999999996657,0.0012565426027400365
0.088125,0.093125,0.005,1.5625e-08,0.292675,-0.183406,0.2907414999999998,-0.1827977500000001,0.001933500000000199,-0.0006082499999999214,0.002026916454247849
0.090625,0.093125,0.005,1.5625e-08,0.187171,-0.263097,0.18320199999999992,-0.2637772500000001,0.003969000000000084,0.0006802500000000489,0.004026872367297073
0.093125,0.093125,0.005,1.5625e-08,0.0653796,-0.375284,0.059177000000000035,-0.379928,0.006202599999999961,0.0046439999999999815,0.007748482610163059
0.095625,0.093125,0.005,1.5625e-08,-0.0333356,-0.475928,-0.037757550000000244,-0.48646875000000034,0.004421950000000244,0.01054075000000032,0.011430706555808742
0.098125,0.093125,0.005,1.5625e-08,-0.0436854,-0.393569,-0.0338101499999998,-0.38619824999999897,-0.009875250000000196,-0.007370750000001036,0.012322683073301007
0.000625,0.096875,0.005,1.5625e-08,-0.031816,0.217945,-0.030208125000000113,0.18979725000000036,-0.0016078749999998837,0.02814774999999964,0.028193635666194317
0.003125,0.095625,0.005,1.5625e-08,-0.0788809,0.302588,-0.08504739999999998,0.30850425000000004,0.0061664999999999776,-0.005916250000000012,0.008545626736085532
0.005625,0.095625,0.005,1.5625e-08,-0.0197884,0.238411,-0.03103561824999961,0.23962049999999976,0.011247218249999608,-0.0012094999999997524,0.011312064736957778
0.008125,0.095625,0.005,1.5625e-08,0.075051,0.169519,0.06879132500000065,0.16771699999999973,0.006259674999999354,0.0018020000000002756,0.006513887864065354
0.010625,0.095625,0.005,1.5625e-08,0.167419,0.122012,0.16476525000000078,0.12007624999999975,0.002653749999999233,0.0019357500000002498,0.0032847400391807107
0.013125,0.095625,0.005,1.5625e-08,0.247614,0.0914779,0.24645550000000077,0.08985634999999978,0.0011584999999992296,0.0016215500000002214,0.0019928739680418663
0.015625,0.095625,0.005,1.5625e-08,0.315077,0.0708316,0.3145857500000008,0.07017077499999982,0.0004912499999992215,0.0006608250000001703,0.0008234174173069574
0.018125,0.095625,0.005,1.5625e-08,0.371981,0.0570096,0.3718320000000007,0.056811924999999854,0.0001489999999992886,0.00019767500000014704,0.00024754071508510705
0.020625,0.095625,0.005,1.5625e-08,0.420628,0.04736,0.42064550000000067,0.04735822499999987,-1.7500000000669758e-05,1.7750000001273691e-06,1.758978752071479e-05
0.023125,0.095625,0.005,1.5625e-08,0.462799,0.0403872,0.4629070000000006,0.04039787499999989,-0.00010800000000060761,-1.0674999999890633e-05,0.00010852629001826659
0.025625,0.095625,0.005,1.5625e-08,0.499907,0.0350558,0.49999625000000064,0.03508149999999991,-8.925000000065131e-05,-2.5699999999913292e-05,9.287654440229676e-05
0.028125,0.095625,0.005,1.5625e-08,0.532759,0.0306966,0.5329125000000006,0.030879049999999915,-0.00015350000000058373,-0.00018244999999991393,0.0002384329098512783
0.030625,0.095625,0.005,1.5625e-08,0.562119,0.0271969,0.5623797500000006,0.027447199999999925,-0.0002607500000005869,-0.0002502999999999256,0.0003614424608430349
0.033125,0.095625,0.005,1.5625e-08,0.588593,0.024307,0.5889242500000007,0.024554724999999927,-0.0003312500000006713,-0.00024772499999992786,0.0004136353927378664
0.035625,0.095625,0.005,1.5625e-08,0.612565,0.0218201,0.6129250000000006,0.022039824999999937,-0.0003600000000005821,-0.00021972499999993803,0.00042175712871911467
0.038125,0.095625,0.005,1.5625e-08,0.634292,0.0195949,0.6346517500000005,0.01978474999999994,-0.00035975000000054713,-0.00018984999999994284,0.00040677153907368196
0.040625,0.095625,0.005,1.5625e-08,0.65395,0.0175353,0.6542890000000005,0.017700224999999948,-0.0003390000000004223,-0.00016492499999994775,0.00037698972880606323
0.043125,0.095625,0.005,1.5625e-08,0.671651,0.0155707,0.6719520000000004,0.01571624999999996,-0.0003010000000004398,-0.0001455499999999596,0.00033434383873529505
0.045625,0.095625,0.005,1.5625e-08,0.68745,0.0136449,0.6877010000000005,0.01377584999999996,-0.0002510000000004453,-0.00013094999999995957,0.0002831058150236638
0.048125,0.095625,0.005,1.5625e-08,0.701356,0.0117101,0.7015480000000005,0.011831024999999964,-0.00019200000000052508,-0.00012092499999996446,0.00022690715199215965
0.050625,0.095625,0.005,1.5625e-08,0.713334,0.00972466,0.7134620000000005,0.009840342499999967,-0.00012800000000046108,-0.00011568249999996741,0.00017252953604052988
0.053125,0.095625,0.005,1.5625e-08,0.723313,0.00765194,0.7233752500000004,0.007766822499999977,-6.22500000003745e-05,-0.0001148824999999765,0.00013066388677171372
0.055625,0.095625,0.005,1.5625e-08,0.731182,0.00546176,0.7311837500000004,0.005576317499999981,-1.7500000003556337e-06,-0.00011455749999998103,0.00011457086587019798
0.058125,0.095625,0.005,1.5625e-08,0.736806,0.00313091,0.7367507500000003,0.003236152499999988,5.5249999999618105e-05,-0.00010524249999998778,0.00011886356172606148
0.060625,0.095625,0.005,1.5625e-08,0.740027,0.000631616,0.7399037500000004,0.0007132167499999947,0.0001232499999995751,-8.160074999999476e-05,0.00014781490080657264
0.063125,0.095625,0.005,1.5625e-08,0.740643,-0.00210803,0.7404355000000005,-0.0020285900000000055,0.00020749999999958302,-7.943999999999443e-05,0.00022218677638380298
0.065625,0.095625,0.005,1.5625e-08,0.738343,-0.00516126,0.7380960000000003,-0.0050324199999999975,0.00024699999999966415,-0.00012884000000000246,0.00027858346253831136
0.068125,0.095625,0.005,1.5625e-08,0.73281,-0.00852428,0.7325842500000004,-0.008355282499999991,0.00022574999999958045,-0.000168997500000009,0.00028199861259599064
0.070625,0.095625,0.005,1.5625e-08,0.723714,-0.0122604,0.7235290000000005,-0.012079724999999958,0.00018499999999943562,-0.00018067500000004157,0.00025858935713753996
0.073125,0.095625,0.005,1.5625e-08,0.710599,-0.0165211,0.7104550000000005,-0.016334724999999946,0.00014399999999947788,-0.00018637500000005455,0.000235524182675304
0.075625,0.095625,0.005,1.5625e-08,0.692805,-0.0215466,0.6927230000000005,-0.021333999999999926,8.199999999947138e-05,-0.00021260000000007315,0.00022786566217827646
0.078125,0.095625,0.005,1.5625e-08,0.669396,-0.0277063,0.6694197500000004,-0.02744902499999993,-2.3750000000433147e-05,-0.00025727500000007064,0.00025836889929915503
0.080625,0.095625,0.005,1.5625e-08,0.63898,-0.0356677,0.6391542500000003,-0.03535462499999993,-0.00017425000000026447,-0.0003130750000000654,0.0003583001787958431
0.083125,0.095625,0.005,1.5625e-08,0.599335,-0.0467164,0.5996780000000003,-0.04633097499999992,-0.0003430000000003153,-0.00038542500000007807,0.0005159471199893226
0.085625,0.095625,0.005,1.5625e-08,0.546707,-0.0634148,0.5471652500000004,-0.06291302499999989,-0.00045825000000032645,-0.000501775000000107,0.0006795374994254597
0.088125,0.095625,0.005,1.5625e-08,0.474644,-0.0910097,0.4749582500000008,-0.09030757499999967,-0.00031425000000079306,-0.000702125000000331,0.0007692415603215698
0.090625,0.095625,0.005,1.5625e-08,0.372707,-0.140153,0.371946500000001,-0.1393264999999995,0.0007604999999989981,-0.0008265000000005074,0.0011231484763820476
0.093125,0.095625,0.005,1.5625e-08,0.228803,-0.229579,0.2241920000000011,-0.2303684999999992,0.004610999999998894,0.0007894999999991936,0.004678101244093433
0.095625,0.095625,0.005,1.5625e-08,0.0529872,-0.369495,0.04093736499999994,-0.3792905,0.012049835000000057,0.009795499999999957,0.015529016188323893
0.098125,0.095625,0.005,1.5625e-08,-0.0541723,-0.429447,-0.05186959999999996,-0.43335349999999956,-0.0023027000000000394,0.003906499999999535,0.004534663112073106
0.000625,0.099375,0.005,1.5625e-08,0.291518,0.144023,0.1778657875000037,0.21041299999999835,0.1136522124999963,-0.06638999999999834,0.13162240503099804
0.003125,0.098125,0.005,1.5625e-08,0.109817,0.200914,0.0977735025000015,0.20208924999999925,0.012043497499998501,-0.0011752499999992394,0.012100704301608579
0.005625,0.098125,0.005,1.5625e-08,0.321187,0.0986533,0.3236277500000017,0.09227439999999948,-0.0024407500000017124,0.00637890000000052,0.0068299067177023
0.008125,0.098125,0.005,1.5625e-08,0.460041,0.0523084,0.4654637500000016,0.04975637499999968,-0.0054227500000016415,0.0025520250000003186,0.0059932503003916355
0.010625,0.098125,0.005,1.5625e-08,0.551424,0.0312672,0.5555025000000015,0.031017099999999787,-0.004078500000001428,0.00025010000000021473,0.004086161066332525
0.013125,0.098125,0.005,1.5625e-08,0.614608,0.0209533,0.6172235000000014,0.021404349999999853,-0.002615500000001325,-0.00045104999999985226,0.0026541074493145146
0.015625,0.098125,0.005,1.5625e-08,0.660843,0.0151461,0.6625057500000011,0.01588272499999989,-0.0016627500000011564,-0.0007366249999998901,0.0018186131950276518
0.018125,0.098125,0.005,1.5625e-08,0.696366,0.01165,0.697548750000001,0.012428884999999912,-0.0011827500000010094,-0.0007788849999999115,0.0014161777451037881
0.020625,0.098125,0.005,1.5625e-08,0.724891,0.00940082,0.7258047500000009,0.01011786749999993,-0.0009137500000009346,-0.0007170474999999288,0.0011615059964364609
0.023125,0.098125,0.005,1.5625e-08,0.748608,0.00786642,0.7493155000000009,0.008483152499999938,-0.0007075000000008602,-0.0006167324999999373,0.0009385708425885549
0.025625,0.098125,0.005,1.5625e-08,0.768858,0.00673358,0.7693512500000008,0.007270544999999949,-0.0004932500000007778,-0.0005369649999999483,0.0007291275428385022
0.028125,0.098125,0.005,1.5625e-08,0.786395,0.00582216,0.7867345000000008,0.006332569999999954,-0.00033950000000082525,-0.0005104099999999542,0.0006130078450562551
0.030625,0.098125,0.005,1.5625e-08,0.801745,0.00509629,0.8020162500000007,0.0055787549999999604,-0.0002712500000006113,-0.0004824649999999606,0.0005534880655671752
0.033125,0.098125,0.005,1.5625e-08,0.815335,0.00450782,0.8155727500000006,0.004950744999999964,-0.00023775000000059165,-0.00044292499999996383,0.0005027003263627837
0.035625,0.098125,0.005,1.5625e-08,0.827457,0.00400887,0.8276650000000007,0.004409072499999968,-0.0002080000000006521,-0.0004002024999999673,0.00045102776079360694
0.038125,0.098125,0.005,1.5625e-08,0.838301,0.00356521,0.8384720000000006,0.003925812499999971,-0.00017100000000058735,-0.0003606024999999709,0.00039909292527734675
0.040625,0.098125,0.005,1.5625e-08,0.847986,0.0031546,0.8481140000000005,0.0034803224999999743,-0.00012800000000046108,-0.0003257224999999742,0.0003499702087411888
0.043125,0.098125,0.005,1.5625e-08,0.856585,0.00276181,0.8566672500000005,0.003056729999999978,-8.225000000050553e-05,-0.00029491999999997805,0.00030617457258902186
0.045625,0.098125,0.005,1.5625e-08,0.864134,0.00237528,0.8641715000000005,0.0026423624999999803,-3.750000000057874e-05,-0.0002670824999999803,0.0002697022651115168
0.048125,0.098125,0.005,1.5625e-08,0.870642,0.00198545,0.8706382500000005,0.0022267724999999834,3.7499999995249667e-06,-0.00024132249999998323,0.00024135163456301336
0.050625,0.098125,0.005,1.5625e-08,0.876093,0.00158418,0.8760547500000005,0.0018010999999999858,3.8249999999462325e-05,-0.0002169199999999859,0.00022026654058197935
0.053125,0.098125,0.005,1.5625e-08,0.880449,0.00116458,0.8803880000000004,0.0013575929999999894,6.099999999964467e-05,-0.0001930129999999895,0.0002024228696786818
0.055625,0.098125,0.005,1.5625e-08,0.883656,0.000721321,0.8835850000000004,0.0008892732499999928,7.099999999959916e-05,-0.0001679522499999928,0.00018234296882524195
0.058125,0.098125,0.005,1.5625e-08,0.885645,0.000250399,0.8855757500000005,0.00038957949999999625,6.924999999946557e-05,-0.00013918049999999625,0.00015545666302920226
0.060625,0.098125,0.005,1.5625e-08,0.886336,-0.000253829,0.8862742500000004,-0.00014803734999999994,6.174999999963848e-05,-0.00010579165000000008,0.00012249463543224196
0.063125,0.098125,0.005,1.5625e-08,0.885623,-0.000805531,0.8855762500000004,-0.0007306927499999976,4.674999999965124e-05,-7.48382500000024e-05,8.824016184839106e-05
0.065625,0.098125,0.005,1.5625e-08,0.883358,-0.00141871,0.8833565000000004,-0.0013669867499999933,1.4999999995435331e-06,-5.172325000000664e-05,5.174499580212387e-05
0.068125,0.098125,0.005,1.5625e-08,0.879374,-0.00209315,0.8794662500000004,-0.0020685424999999885,-9.225000000046002e-05,-2.4607500000011287e-05,9.547560712734656e-05
0.070625,0.098125,0.005,1.5625e-08,0.873494,-0.00283983,0.8737195000000004,-0.0028526449999999788,-0.0002255000000004337,1.2814999999978972e-05,0.00022586384001250633
0.073125,0.098125,0.005,1.5625e-08,0.865486,-0.00368898,0.8658767500000006,-0.0037469099999999722,-0.0003907500000006614,5.792999999997212e-05,0.00039502081894567744
0.075625,0.098125,0.005,1.5625e-08,0.855016,-0.00469057,0.8556090000000005,-0.004797909999999964,-0.0005930000000005098,0.00010733999999996448,0.0006026366032698288
0.078125,0.098125,0.005,1.5625e-08,0.841588,-0.0059234,0.8424342500000006,-0.006087739999999958,-0.0008462500000006035,0.00016433999999995817,0.0008620595676059791
0.080625,0.098125,0.005,1.5625e-08,0.824435,-0.00753149,0.8255975000000005,-0.007767739999999952,-0.0011625000000005103,0.00023624999999995178,0.0011862631716871108
0.083125,0.098125,0.005,1.5625e-08,0.802271,-0.00979949,0.8038227500000006,-0.010131949999999938,-0.001551750000000629,0.000332459999999939,0.0015869649378930561
0.085625,0.098125,0.005,1.5625e-08,0.772774,-0.0133263,0.7748050000000006,-0.01378934249999992,-0.002031000000000671,0.00046304249999992025,0.002083115300891648
0.088125,0.098125,0.005,1.5625e-08,0.731415,-0.0194848,0.7340507500000011,-0.020108074999999836,-0.002635750000001047,0.0006232749999998365,0.0027084404715869825
0.090625,0.098125,0.005,1.5625e-08,0.668681,-0.031843,0.6720822500000012,-0.03250652499999973,-0.0034012500000012436,0.0006635249999997275,0.003465366789841026
0.093125,0.098125,0.005,1.5625e-08,0.563359,-0.0613076,0.5672245000000017,-0.06086032499999948,-0.0038655000000016315,-0.0004472750000005174,0.003891290939474723
0.095625,0.098125,0.005,1.5625e-08,0.371349,-0.143112,0.36900725000000084,-0.13880287499999958,0.002341749999999143,-0.004309125000000413,0.0049043196600674945
0.098125,0.098125,0.005,1.5625e-08,0.0667231,-0.329041,0.03359490000000004,-0.34409524999999974,0.033128199999999955,0.01505424999999977,0.03638829589720423
0.096875,0.060625,0.005,1.5625e-08,-0.0103604,-0.123527,-0.011581714999999953,-0.12146574999999976,0.001221314999999952,-0.0020612500000002365,0.002395905234295768
0.099375,0.060625,0.005,1.5625e-08,0.00154158,-0.0277517,-0.0005696782499999904,-0.025047724999999726,0.0021112582499999907,-0.002703975000000275,0.0034305819038203287
0.094375,0.063125,0.005,1.5625e-08,-0.0378529,-0.239874,-0.03808617499999993,-0.23646674999999984,0.00023327499999992868,-0.003407250000000167,0.003415226169395829
0.096875,0.063125,0.005,1.5625e-08,-0.0123784,-0.140311,-0.01293994999999995,-0.14002199999999976,0.0005615499999999506,-0.0002890000000002335,0.0006315531668039354
0.099375,0.063125,0.005,1.5625e-08,-0.000167585,-0.029943,-0.0006454612499999895,-0.029214424999999686,0.00047787624999998953,-0.0007285750000003144,0.0008713135147233232
0.094375,0.065625,0.005,1.5625e-08,-0.0414419,-0.268167,-0.04158979999999993,-0.2673162499999998,0.00014789999999993003,-0.0008507500000001778,0.0008635102619542409
0.096875,0.065625,0.005,1.5625e-08,-0.0141892,-0.160919,-0.014360149999999943,-0.16048499999999974,0.00017094999999994233,-0.0004340000000002675,0.00046645460926033575
0.099375,0.065625,0.005,1.5625e-08,-0.000740434,-0.0342374,-0.0007274742499999882,-0.03390192499999964,-1.2959750000011744e-05,-0.00033547500000036257,0.0003357252310227905
0.094375,0.068125,0.005,1.5625e-08,-0.0454377,-0.300483,-0.045003574999999914,-0.3000174999999998,-0.00043412500000008375,-0.0004655000000001741,0.0006365176868125777
0.096875,0.068125,0.005,1.5625e-08,-0.015741,-0.183568,-0.015832324999999935,-0.1828697499999997,9.132499999993382e-05,-0.0006982500000003167,0.0007041969313518983
0.099375,0.068125,0.005,1.5625e-08,-0.000894261,-0.0397007,-0.0008160442499999867,-0.03914682499999959,-7.821675000001336e-05,-0.0005538750000004117,0.0005593705172835092
0.094375,0.070625,0.005,1.5625e-08,-0.0490438,-0.334852,-0.048245574999999895,-0.3341734999999996,-0.0007982250000001037,-0.0006785000000003594,0.0010476284649748942
0.096875,0.070625,0.005,1.5625e-08,-0.0173197,-0.208261,-0.017352349999999926,-0.2071594999999995,3.2649999999925794e-05,-0.0011015000000005049,0.0011019837895818192
0.099375,0.070625,0.005,1.5625e-08,-0.00101444,-0.0458432,-0.0009120684999999846,-0.044987574999999495,-0.00010237150000001532,-0.0008556250000005053,0.0008617273725709993
0.094375,0.073125,0.005,1.5625e-08,-0.0522655,-0.370451,-0.0512380999999999,-0.3692419999999996,-0.0010274000000001018,-0.0012090000000003487,0.0015865786334124925
0.096875,0.073125,0.005,1.5625e-08,-0.0188637,-0.234909,-0.01892819999999992,-0.23331049999999948,6.449999999991879e-05,-0.00159850000000053,0.0015998007688464472
0.099375,0.073125,0.005,1.5625e-08,-0.00113707,-0.0526565,-0.0010175859999999829,-0.051469874999999415,-0.00011948400000001713,-0.0011866250000005865,0.0011926253883271125
0.094375,0.075625,0.005,1.5625e-08,-0.0550834,-0.406828,-0.05391167499999989,-0.4044969999999996,-0.0011717250000001095,-0.002331000000000416,0.0026089270736506217
0.096875,0.075625,0.005,1.5625e-08,-0.0203427,-0.263291,-0.020590949999999913,-0.2612634999999995,0.0002482499999999152,-0.002027500000000515,0.0020426415036667706
0.099375,0.075625,0.005,1.5625e-08,-0.00126986,-0.0601419,-0.0011367789999999808,-0.05865572499999935,-0.00013308100000001925,-0.0014861750000006516,0.0014921215376731017
0.079375,0.078125,0.005,1.5625e-08,-0.0203153,-0.284919,-0.022867550000000077,-0.2882545000000002,0.0025522500000000753,0.0033355000000002133,0.004199945274941307
0.081875,0.078125,0.005,1.5625e-08,-0.0471372,-0.346758,-0.05049315000000008,-0.3514087500000002,0.0033559500000000797,0.004650750000000203,0.005735143935857445
0.094375,0.078125,0.005,1.5625e-08,-0.057892,-0.44398,-0.05620092499999991,-0.4389609999999997,-0.0016910750000000904,-0.005019000000000273,0.005296234101286314
0.096875,0.078125,0.005,1.5625e-08,-0.022031,-0.293014,-0.022411449999999916,-0.29095999999999944,0.00038044999999991766,-0.0020540000000005554,0.002088937098742377
0.099375,0.078125,0.005,1.5625e-08,-0.00148754,-0.0684164,-0.0012778009999999793,-0.06664157499999929,-0.00020973900000002084,-0.0017748250000007154,0.001787174929532235
0.001875,0.080625,0.005,1.5625e-08,0.000430428,0.0686366,-0.0034502475000000024,0.07195422500000001,0.0038806755000000024,-0.0033176250000000046,0.0051055144674092634
0.076875,0.080625,0.005,1.5625e-08,0.0671805,-0.200514,0.06497900000000026,-0.20359374999999977,0.0022014999999997453,0.00307974999999977,0.003785691787837127
0.079375,0.080625,0.005,1.5625e-08,0.0345205,-0.257296,0.034595250000000084,-0.25821600000000006,-7.47500000000817e-05,0.0009200000000000319,0.000923031723452705
0.081875,0.080625,0.005,1.5625e-08,0.00162146,-0.318673,0.0007000175000000594,-0.32037125000000005,0.0009214424999999405,0.0016982500000000678,0.0019321256023629443
0.084375,0.080625,0.005,1.5625e-08,-0.0307083,-0.383666,-0.03388127499999996,-0.3886107500000001,0.00317297499999996,0.004944750000000109,0.005875229605141047
0.096875,0.080625,0.005,1.5625e-08,-0.0247301,-0.323901,-0.024526549999999918,-0.32235974999999956,-0.00020355000000008353,-0.001541250000000438,0.0015546331287481896
0.099375,0.080625,0.005,1.5625e-08,-0.00184621,-0.078022,-0.001456287749999977,-0.07558957499999922,-0.0003899222500000231,-0.002432425000000779,0.0024634793974526903
0.001875,0.083125,0.005,1.5625e-08,-0.00374254,0.0810791,-0.005063262500000004,0.08227340000000002,0.001320722500000004,-0.0011943000000000231,0.001780634833986552
0.074375,0.083125,0.005,1.5625e-08,0.164454,-0.129919,0.16242525000000024,-0.13245574999999984,0.002028749999999746,0.0025367499999998377,0.0032482190697362373
0.076875,0.083125,0.005,1.5625e-08,0.135072,-0.173959,0.1354385000000003,-0.17438049999999977,-0.00036650000000029714,0.0004214999999997693,0.0005585557268527674
0.079375,0.083125,0.005,1.5625e-08,0.102387,-0.223304,0.10210197500000011,-0.22367800000000004,0.00028502499999989717,0.00037400000000004097,0.0004702289342702893
0.081875,0.083125,0.005,1.5625e-08,0.0637271,-0.281367,0.06280560000000007,-0.28195075,0.0009214999999999224,0.0005837500000000495,0.0010908374363304161
0.084375,0.083125,0.005,1.5625e-08,0.0211402,-0.348071,0.019414155000000044,-0.34983300000000006,0.0017260449999999573,0.0017620000000000413,0.0024665513053705166
0.086875,0.083125,0.005,1.5625e-08,-0.0205017,-0.419839,-0.02347914999999976,-0.42433074999999965,0.00297744999999976,0.004491749999999628,0.005388972681782236
0.089375,0.083125,0.005,1.5625e-08,-0.0550369,-0.487408,-0.05749287499999984,-0.4938319999999997,0.0024559749999998395,0.006423999999999708,0.006877469680094596
0.096875,0.083125,0.005,1.5625e-08,-0.0280636,-0.357172,-0.027180599999999912,-0.35544474999999953,-0.0008830000000000886,-0.0017272500000004576,0.0019398663774862787
0.099375,0.083125,0.005,1.5625e-08,-0.00218014,-0.0893079,-0.0017025494999999735,-0.08578977499999911,-0.0004775905000000266,-0.003518125000000885,0.0035503938093289743
0.001875,0.085625,0.005,1.5625e-08,-0.00705014,0.0963252,-0.007639662500000007,0.09735765000000003,0.000589522500000007,-0.001032450000000032,0.0011889027632680162
0.064375,0.085625,0.005,1.5625e-08,0.29503,-0.00718976,0.29324725000000024,-0.009592250000000047,0.0017827499999997776,0.002402490000000047,0.002991681093064472
0.066875,0.085625,0.005,1.5625e-08,0.290086,-0.0284425,0.2887492500000002,-0.029839125000000043,0.0013367499999998311,0.0013966250000000437,0.0019332516528182953
0.069375,0.085625,0.005,1.5625e-08,0.281044,-0.0517424,0.2794782500000002,-0.05262420000000004,0.0015657499999998103,0.0008818000000000367,0.001796981998379358
0.071875,0.085625,0.005,1.5625e-08,0.266475,-0.0779624,0.26481000000000027,-0.07853772499999988,0.00166499999999975,0.0005753249999998766,0.001761596961743527
0.074375,0.085625,0.005,1.5625e-08,0.243587,-0.108854,0.2440322500000003,-0.10842624999999985,-0.00044525000000031345,-0.00042775000000015717,0.0006174282346964816
0.076875,0.085625,0.005,1.5625e-08,0.216533,-0.143792,0.21636000000000036,-0.14353049999999978,0.00017299999999964566,-0.0002615000000002199,0.0003135462485822345
0.079375,0.085625,0.005,1.5625e-08,0.18174,-0.18588,0.1810260000000001,-0.18564325,0.0007139999999999092,-0.00023674999999998003,0.0007522277331366219
0.081875,0.085625,0.005,1.5625e-08,0.138844,-0.237218,0.13755950000000008,-0.23715875000000003,0.0012844999999999107,-5.924999999998293e-05,0.0012858657832370253
0.084375,0.085625,0.005,1.5625e-08,0.0883933,-0.300149,0.08651472500000004,-0.30059475,0.0018785749999999518,0.0004457500000000225,0.0019307348583181582
0.086875,0.085625,0.005,1.5625e-08,0.0332866,-0.374257,0.030981100000000327,-0.37653874999999964,0.0023054999999996724,0.0022817499999996382,0.0032437190557285996
0.089375,0.085625,0.005,1.5625e-08,-0.0176032,-0.45243,-0.021129487499999752,-0.4582534999999997,0.003526287499999753,0.005823499999999704,0.006807925953082264
0.096875,0.085625,0.005,1.5625e-08,-0.0323412,-0.393117,-0.03078422499999991,-0.3901417499999995,-0.0015569750000000888,-0.0029752500000004845,0.0033580178250164428
0.099375,0.085625,0.005,1.5625e-08,-0.00266831,-0.102564,-0.0020780367499999685,-0.097777399999999,-0.0005902732500000316,-0.004786600000001001,0.00482285828836751
0.001875,0.088125,0.005,1.5625e-08,-0.0116608,0.118796,-0.011912619999999981,0.1198954999999999,0.00025181999999998074,-0.001099499999999906,0.001127968777227359
0.026875,0.088125,0.005,1.5625e-08,0.095658,0.14389,0.09475362499999981,0.1427055000000001,0.0009043750000001932,0.001184499999999894,0.0014902799705508688
0.029375,0.088125,0.005,1.5625e-08,0.126958,0.132056,0.12652674999999977,0.1313727500000001,0.0004312500000002162,0.0006832499999999131,0.0008079648043077543
0.031875,0.088125,0.005,1.5625e-08,0.157676,0.121554,0.1572417499999998,0.12111900000000007,0.0004342500000002192,0.00043499999999992156,0.0006146527983342482
0.034375,0.088125,0.005,1.5625e-08,0.187123,0.112039,0.18667674999999978,0.11168450000000008,0.0004462500000002312,0.0003544999999999243,0.0005699204440096466
0.036875,0.088125,0.005,1.5625e-08,0.215112,0.103173,0.21467199999999978,0.10283262500000008,0.000440000000000218,0.0003403749999999206,0.0005562869229319864
0.039375,0.088125,0.005,1.5625e-08,0.241529,0.0947096,0.24109674999999975,0.09435182500000007,0.00043225000000024494,0.00035777499999993523,0.0005611087355630506
0.041875,0.088125,0.005,1.5625e-08,0.266266,0.0864446,0.2658302499999997,0.08604880000000006,0.00043575000000029007,0.0003957999999999323,0.0005886728314609052
0.044375,0.088125,0.005,1.5625e-08,0.289204,0.0781928,0.28874424999999976,0.07774625000000006,0.00045975000000025856,0.0004465499999999484,0.0006409188443166511
0.046875,0.088125,0.005,1.5625e-08,0.310209,0.0697814,0.30969599999999975,0.06927827500000006,0.0005130000000002632,0.0005031249999999376,0.0007185428070930829
0.049375,0.088125,0.005,1.5625e-08,0.329123,0.0610436,0.32852074999999975,0.060487200000000046,0.0006022500000002484,0.0005563999999999569,0.0008199304985791486
0.051875,0.088125,0.005,1.5625e-08,0.34576,0.0518122,0.34502674999999977,0.051219775000000044,0.0007332500000002407,0.000592424999999959,0.0009426679919915093
0.054375,0.088125,0.005,1.5625e-08,0.359901,0.0419115,0.3589897499999997,0.04132412500000003,0.0009112500000003076,0.0005873749999999664,0.001084152181718748
0.056875,0.088125,0.005,1.5625e-08,0.371272,0.0311469,0.37015024999999974,0.03064520000000003,0.0011217500000002545,0.000501699999999973,0.001228831132621787
0.059375,0.088125,0.005,1.5625e-08,0.379438,0.0193042,0.37820624999999974,0.019019325000000017,0.0012317500000002535,0.00028487499999998306,0.0012642633539439536
0.061875,0.088125,0.005,1.5625e-08,0.383795,0.00618724,0.38280824999999974,0.006266050000000007,0.0009867500000002583,-7.881000000000728e-05,0.0009898922055458922
0.064375,0.088125,0.005,1.5625e-08,0.382755,-0.00855254,0.38355049999999974,-0.007824265000000045,-0.000795499999999727,-0.0007282749999999553,0.0010785196918111884
0.066875,0.088125,0.005,1.5625e-08,0.37976,-0.0236133,0.3799597499999997,-0.023511200000000062,-0.00019974999999972098,-0.00010209999999993835,0.00022433116702740157
0.069375,0.088125,0.005,1.5625e-08,0.371748,-0.0411104,0.37147924999999965,-0.04113842500000008,0.00026875000000037286,2.8025000000084233e-05,0.00027020725957162056
0.071875,0.088125,0.005,1.5625e-08,0.357998,-0.0609912,0.3574469999999998,-0.06119122499999999,0.0005510000000001902,0.00020002499999998563,0.0005861834189272193
0.074375,0.088125,0.005,1.5625e-08,0.33775,-0.0846301,0.3370632499999998,-0.084393675,0.0006867500000001803,-0.00023642499999999844,0.0007263073337955819
0.076875,0.088125,0.005,1.5625e-08,0.310096,-0.112328,0.3093567499999998,-0.11186700000000001,0.0007392500000001911,-0.0004609999999999892,0.0008712126964755924
0.079375,0.088125,0.005,1.5625e-08,0.274126,-0.14593,0.27316999999999964,-0.1453710000000002,0.0009560000000003455,-0.0005589999999998096,0.0011074371313986395
0.081875,0.088125,0.005,1.5625e-08,0.22857,-0.188103,0.22724524999999957,-0.1876050000000003,0.0013247500000004298,-0.0004979999999996931,0.0014152620119613304
0.084375,0.088125,0.005,1.5625e-08,0.172522,-0.242412,0.17065974999999958,-0.24233450000000034,0.001862250000000426,-7.74999999996473e-05,0.001863861934935507
0.086875,0.088125,0.005,1.5625e-08,0.106768,-0.312279,0.10415397499999995,-0.3134895,0.0026140250000000476,0.0012105000000000032,0.002880700774225823
0.089375,0.088125,0.005,1.5625e-08,0.0369082,-0.39751,0.033174150000000006,-0.4008927499999999,0.0037340499999999957,0.0033827499999999344,0.0050384647428556575
0.091875,0.088125,0.005,1.5625e-08,-0.0247003,-0.480049,-0.027705299999999974,-0.4886727499999999,0.003004999999999973,0.008623749999999875,0.009132310171172334
0.096875,0.088125,0.005,1.5625e-08,-0.0383252,-0.431589,-0.03596062499999988,-0.42593424999999935,-0.0023645750000001187,-0.005654750000000652,0.006129226092512247
0.099375,0.088125,0.005,1.5625e-08,-0.00355198,-0.118769,-0.0027183544999999547,-0.11259159999999879,-0.0008336255000000454,-0.006177400000001207,0.006233394118316701
0.001875,0.090625,0.005,1.5625e-08,-0.0204843,0.153318,-0.01947407499999997,0.15434674999999987,-0.0010102250000000312,-0.0010287499999998562,0.001441832553774802
0.014375,0.090625,0.005,1.5625e-08,-0.0177832,0.194039,-0.02127527750000015,0.1929520000000001,0.003492077500000152,0.0010869999999998936,0.0036573452484017807
0.016875,0.090625,0.005,1.5625e-08,0.0226211,0.169946,0.019546237499999786,0.16914300000000013,0.003074862500000216,0.0008029999999998871,0.0031779849580996127
0.019375,0.090625,0.005,1.5625e-08,0.0645412,0.149687,0.06162244999999975,0.14932025000000013,0.0029187500000002545,0.00036674999999986024,0.0029417013997007557
0.021875,0.090625,0.005,1.5625e-08,0.105674,0.132694,0.10314267499999973,0.13293575000000013,0.0025313250000002785,-0.0002417500000001238,0.002542842763154354
0.024375,0.090625,0.005,1.5625e-08,0.144538,0.118537,0.1432064999999997,0.11930625000000011,0.0013315000000002908,-0.0007692500000001101,0.0015377378881008764
0.026875,0.090625,0.005,1.5625e-08,0.181434,0.107153,0.1813979999999997,0.10781650000000009,3.600000000031356e-05,-0.0006635000000000946,0.0006644759213095295
0.029375,0.090625,0.005,1.5625e-08,0.217787,0.0978708,0.21755099999999966,0.0979610750000001,0.00023600000000034704,-9.02750000001118e-05,0.0002526768205142371
0.031875,0.090625,0.005,1.5625e-08,0.252041,0.0893791,0.25161949999999966,0.08933685000000009,0.00042150000000035215,4.2249999999910415e-05,0.0004236122194888732
0.034375,0.090625,0.005,1.5625e-08,0.284085,0.0817085,0.28360649999999965,0.08162292500000008,0.0004785000000003259,8.557499999992113e-05,0.00048609189524749166
0.036875,0.090625,0.005,1.5625e-08,0.314009,0.0746667,0.3135282499999997,0.07455942500000008,0.0004807500000003073,0.00010727499999992063,0.000492573332738668
0.039375,0.090625,0.005,1.5625e-08,0.341856,0.0680576,0.34139099999999967,0.06793185000000007,0.00046500000000032626,0.00012574999999992453,0.0004817032930137435
0.041875,0.090625,0.005,1.5625e-08,0.367631,0.0617044,0.36718174999999964,0.06155867500000007,0.0004492500000003452,0.00014572499999992994,0.00047229369901078473
0.044375,0.090625,0.005,1.5625e-08,0.391303,0.0554494,0.3908569999999997,0.05528247500000007,0.000446000000000335,0.00016692499999993587,0.000476214190911272
0.046875,0.090625,0.005,1.5625e-08,0.412807,0.0491493,0.41234499999999963,0.04896307500000006,0.000462000000000351,0.00018622499999994269,0.0004981202170413313
0.049375,0.090625,0.005,1.5625e-08,0.432038,0.0426703,0.4315374999999997,0.04247250000000005,0.0005005000000002924,0.0001977999999999494,0.0005381682729409758
0.051875,0.090625,0.005,1.5625e-08,0.448851,0.0358839,0.4482927499999997,0.03569107500000004,0.0005582500000003154,0.00019282499999996594,0.0005906137004212982
0.054375,0.090625,0.005,1.5625e-08,0.463054,0.0286651,0.4624279999999997,0.028503675000000037,0.0006260000000003485,0.0001614249999999616,0.0006464781749026211
0.056875,0.090625,0.005,1.5625e-08,0.474396,0.0209039,0.47372199999999964,0.02079612500000003,0.000674000000000341,0.0001077749999999697,0.0006825624151866649
0.059375,0.090625,0.005,1.5625e-08,0.482557,0.0125444,0.48190849999999974,0.012450650000000018,0.0006485000000002739,9.374999999998274e-05,0.0006552414154343053
0.061875,0.090625,0.005,1.5625e-08,0.487269,0.00356282,0.48667124999999967,0.003339400000000008,0.0005977500000003411,0.00022341999999999198,0.0006381391375714266
0.064375,0.090625,0.005,1.5625e-08,0.488083,-0.00688488,0.48763774999999965,-0.006685130000000032,0.0004452500000003412,-0.00019974999999996818,0.0004880037141255086
0.066875,0.090625,0.005,1.5625e-08,0.484613,-0.0181068,0.48436774999999965,-0.01780627500000005,0.00024525000000036323,-0.00030052499999995083,0.0003878953958545378
0.069375,0.090625,0.005,1.5625e-08,0.476614,-0.0305051,0.4763329999999997,-0.030270175000000066,0.0002810000000003088,-0.0002349249999999345,0.0003662659629629032
0.071875,0.090625,0.005,1.5625e-08,0.46334,-0.0445872,0.4628902499999997,-0.044432625,0.00044975000000024856,-0.00015457499999999708,0.0004755717539186097
0.074375,0.090625,0.005,1.5625e-08,0.443876,-0.0611246,0.44323449999999975,-0.06084075000000001,0.0006415000000002391,-0.0002838499999999883,0.0007014934586297295
0.076875,0.090625,0.005,1.5625e-08,0.417063,-0.0808604,0.41632624999999973,-0.08037715000000002,0.0007367500000002858,-0.00048324999999997675,0.0008810965469234337
0.079375,0.090625,0.005,1.5625e-08,0.381639,-0.105159,0.3807897499999996,-0.10451000000000019,0.0008492500000004122,-0.0006489999999998164,0.0010688435631562093
0.081875,0.090625,0.005,1.5625e-08,0.335871,-0.136433,0.3348004999999995,-0.13570450000000026,0.0010705000000004739,-0.0007284999999997432,0.0012948677538654827
0.084375,0.090625,0.005,1.5625e-08,0.277637,-0.178597,0.2761049999999995,-0.17799525000000033,0.001532000000000533,-0.0006017499999996789,0.0016459426060775166
0.086875,0.090625,0.005,1.5625e-08,0.20512,-0.23731,0.20265774999999991,-0.23734950000000005,0.0024622500000000824,3.950000000005338e-05,0.002462566813814482
0.089375,0.090625,0.005,1.5625e-08,0.119183,-0.318334,0.11521424999999999,-0.32002425,0.003968750000000007,0.0016902500000000042,0.004313690024213617
0.091875,0.090625,0.005,1.5625e-08,0.0293461,-0.417857,0.024128962500000045,-0.42322599999999994,0.005217137499999955,0.005368999999999957,0.007486299799894827
0.094375,0.090625,0.005,1.5625e-08,-0.0402155,-0.498521,-0.04124590000000017,-0.5077422500000003,0.0010304000000001673,0.009221250000000292,0.009278640833791646
0.099375,0.090625,0.005,1.5625e-08,-0.00595284,-0.140849,-0.003969179999999934,-0.1324005999999986,-0.001983660000000066,-0.00844840000000141,0.008678154732178039
0.001875,0.093125,0.005,1.5625e-08,-0.0376825,0.205999,-0.034181024999999934,0.20791574999999982,-0.0035014750000000663,-0.0019167499999998283,0.003991773758384211
0.006875,0.093125,0.005,1.5625e-08,-0.0744701,0.259048,-0.08189707500000008,0.2617912500000001,0.007426975000000086,-0.002743250000000086,0.007917409817176747
0.009375,0.093125,0.005,1.5625e-08,-0.0324703,0.21562,-0.03988042500000023,0.21603675000000014,0.0074101250000002325,-0.0004167500000001323,0.007421834886207625
0.011875,0.093125,0.005,1.5625e-08,0.0218913,0.175652,0.01685412249999967,0.1754712500000002,0.00503717750000033,0.000180749999999813,0.005040419400110422
0.014375,0.093125,0.005,1.5625e-08,0.0789762,0.144278,0.07604572499999962,0.14407175000000016,0.0029304750000003765,0.00020624999999982463,0.002937724083049178
0.016875,0.093125,0.005,1.5625e-08,0.135001,0.120899,0.13272324999999957,0.12047100000000015,0.002277750000000439,0.00042799999999985905,0.002317612793911416
0.019375,0.093125,0.005,1.5625e-08,0.187196,0.102924,0.18527299999999955,0.10264292500000015,0.0019230000000004521,0.00028107499999985297,0.00194343308493672
0.021875,0.093125,0.005,1.5625e-08,0.234922,0.0890888,0.23344774999999954,0.08893185000000013,0.0014742500000004544,0.00015694999999986414,0.0014825809809252569
0.024375,0.093125,0.005,1.5625e-08,0.278468,0.0784606,0.27749749999999956,0.07814255000000012,0.0009705000000004294,0.00031804999999988925,0.0010212864693614437
0.026875,0.093125,0.005,1.5625e-08,0.318394,0.0693628,0.31781324999999955,0.0694390500000001,0.0005807500000004628,-7.625000000009707e-05,0.0005857342614194191
0.029375,0.093125,0.005,1.5625e-08,0.354976,0.0620531,0.3547874999999995,0.06223587500000011,0.00018850000000053546,-0.00018277500000010716,0.0002625622795171481
0.031875,0.093125,0.005,1.5625e-08,0.388797,0.0559748,0.3887612499999995,0.05611640000000008,3.575000000050066e-05,-0.00014160000000008194,0.00014604322134237864
0.034375,0.093125,0.005,1.5625e-08,0.419988,0.0506867,0.4200119999999996,0.05077665000000008,-2.3999999999635424e-05,-8.995000000008163e-05,9.3096737321977e-05
0.036875,0.093125,0.005,1.5625e-08,0.448701,0.0459368,0.44875099999999957,0.04598830000000008,-4.9999999999550404e-05,-5.150000000007926e-05,7.177917525273751e-05
0.039375,0.093125,0.005,1.5625e-08,0.475068,0.0415501,0.47512799999999955,0.04157425000000006,-5.9999999999560405e-05,-2.415000000006301e-05,6.467783623429507e-05
0.041875,0.093125,0.005,1.5625e-08,0.499182,0.0373886,0.4992377499999996,0.03739240000000006,-5.574999999957697e-05,-3.8000000000606993e-06,5.5879356653001055e-05
0.044375,0.093125,0.005,1.5625e-08,0.521086,0.0333368,0.5211227499999996,0.03332515000000005,-3.6749999999585725e-05,1.1649999999946425e-05,3.8552366982693846e-05
0.046875,0.093125,0.005,1.5625e-08,0.540777,0.0292943,0.5407782499999996,0.02927207500000005,-1.249999999619611e-06,2.2224999999948675e-05,2.2260124101108862e-05
0.049375,0.093125,0.005,1.5625e-08,0.558205,0.0251704,0.5581559999999997,0.025144900000000046,4.9000000000298805e-05,2.5499999999952644e-05,5.523812089514693e-05
0.051875,0.093125,0.005,1.5625e-08,0.573276,0.0208825,0.5731634999999996,0.020863725000000038,0.00011250000000040394,1.877499999996049e-05,0.00011405591008399961
0.054375,0.093125,0.005,1.5625e-08,0.585846,0.0163556,0.5856694999999996,0.016354175000000033,0.00017650000000035693,1.4249999999681184e-06,0.00017650575238537102
0.056875,0.093125,0.005,1.5625e-08,0.595732,0.0115298,0.5954997499999997,0.011544502500000022,0.000232250000000378,-1.4702500000022406e-05,0.00023271490284557675
0.059375,0.093125,0.005,1.5625e-08,0.602718,0.00636324,0.6024377499999995,0.006362485000000015,0.000280250000000426,7.549999999851079e-07,0.0002802510169923363
0.061875,0.093125,0.005,1.5625e-08,0.606585,0.000772158,0.6062222499999996,0.0007312242500000059,0.00036275000000041135,4.0933749999994126e-05,0.00036505223515184845
0.064375,0.093125,0.005,1.5625e-08,0.606965,-0.00552557,0.6065399999999996,-0.005437437500000022,0.00042500000000034177,-8.81324999999775e-05,0.0004340418615255175
0.066875,0.093125,0.005,1.5625e-08,0.603381,-0.0124678,0.6030172499999996,-0.012253425000000037,0.0003637500000003291,-0.00021437499999996286,0.00042222115428436726
0.069375,0.093125,0.005,1.5625e-08,0.59553,-0.020116,0.5951997499999997,-0.01986647500000005,0.00033025000000030946,-0.0002495249999999484,0.00041391761031052865
0.071875,0.093125,0.005,1.5625e-08,0.582893,-0.0287461,0.5825259999999997,-0.028497525000000017,0.0003670000000003393,-0.00024857499999998353,0.00044325898820581273
0.074375,0.093125,0.005,1.5625e-08,0.564713,-0.0388034,0.5642742499999995,-0.03849500000000003,0.00043875000000048736,-0.0003083999999999726,0.0005362948093170498
0.076875,0.093125,0.005,1.5625e-08,0.539943,-0.0508669,0.5394719999999997,-0.05043822500000004,0.00047100000000022124,-0.0004286749999999617,0.0006368698890865979
0.079375,0.093125,0.005,1.5625e-08,0.507225,-0.0658977,0.5067474999999996,-0.06533030000000015,0.00047750000000046366,-0.0005673999999998569,0.0007415854704619559
0.081875,0.093125,0.005,1.5625e-08,0.464597,-0.0856638,0.4640759999999995,-0.0849632250000002,0.0005210000000004933,-0.0007005749999998007,0.0008730671970846428
0.084375,0.093125,0.005,1.5625e-08,0.409137,-0.113392,0.4084149999999994,-0.11259000000000027,0.0007220000000005555,-0.0008019999999997335,0.0010791144517614314
0.086875,0.093125,0.005,1.5625e-08,0.336728,-0.154814,0.3353912499999998,-0.1540420000000001,0.0013367500000002197,-0.0007719999999999116,0.0015436594710299455
0.089375,0.093125,0.005,1.5625e-08,0.242778,-0.219089,0.23997999999999986,-0.2188907500000001,0.0027980000000001337,-0.0001982499999998999,0.0028050146278585978
0.091875,0.093125,0.005,1.5625e-08,0.127059,-0.315803,0.12173747499999998,-0.318079,0.005321525000000021,0.0022760000000000002,0.005787815159939477
0.094375,0.093125,0.005,1.5625e-08,0.00843949,-0.434255,0.0024983349999995177,-0.4418935000000006,0.005941155000000481,0.007638500000000603,0.009676983258435449
0.096875,0.093125,0.005,1.5625e-08,-0.0533569,-0.482151,-0.05064599999999997,-0.48213899999999976,-0.00271090000000003,-1.2000000000234046e-05,0.0027109265593151296
0.099375,0.093125,0.005,1.5625e-08,-0.014201,-0.180532,-0.006961729999999884,-0.16231767499999827,-0.007239270000000116,-0.018214325000001724,0.01960022105330931
0.001875,0.095625,0.005,1.5625e-08,-0.0674831,0.281198,-0.0635008750000001,0.2852147500000002,-0.003982224999999909,-0.00401675000000018,0.005656182149924604
0.004375,0.095625,0.005,1.5625e-08,-0.0559635,0.27414,-0.06956624999999977,0.2805534999999998,0.013602749999999775,-0.006413499999999794,0.01503887594910242
0.006875,0.095625,0.005,1.5625e-08,0.0265853,0.201522,0.017682495000000544,0.20060749999999972,0.008902804999999455,0.0009145000000002901,0.008949650670166731
0.009375,0.095625,0.005,1.5625e-08,0.12248,0.143319,0.11837505000000072,0.14118474999999972,0.004104949999999288,0.0021342500000002818,0.004626622695335698
0.011875,0.095625,0.005,1.5625e-08,0.209048,0.105352,0.20744775000000076,0.10328819999999976,0.001600249999999248,0.0020638000000002404,0.0026115264698062294
0.014375,0.095625,0.005,1.5625e-08,0.282853,0.0800913,0.2820535000000008,0.0790132999999998,0.0007994999999992314,0.0010780000000002038,0.0013421193128776631
0.016875,0.095625,0.005,1.5625e-08,0.344682,0.0632772,0.3444037500000008,0.06288274999999985,0.00027824999999920275,0.0003944500000001572,0.0004827150971325429
0.019375,0.095625,0.005,1.5625e-08,0.397214,0.0517852,0.3971622500000007,0.05170227499999987,5.1749999999295415e-05,8.292500000013636e-05,9.774772695541156e-05
0.021875,0.095625,0.005,1.5625e-08,0.442421,0.0436139,0.4424985000000007,0.04362909999999988,-7.750000000067425e-05,-1.5199999999881975e-05,7.897651549733579e-05
0.024375,0.095625,0.005,1.5625e-08,0.481919,0.0375908,0.4820282500000007,0.037572874999999895,-0.00010925000000072682,1.792500000010605e-05,0.00011071074078499616
0.026875,0.095625,0.005,1.5625e-08,0.516821,0.0327565,0.5169252500000007,0.03286579999999991,-0.00010425000000069407,-0.00010929999999990947,0.000151044869161865
0.029375,0.095625,0.005,1.5625e-08,0.54783,0.0288556,0.5480407500000006,0.02908324999999992,-0.0002107500000005924,-0.00022764999999992305,0.0003102258612691964
0.031875,0.095625,0.005,1.5625e-08,0.575689,0.0256909,0.5759907500000006,0.025944899999999924,-0.00030175000000054464,-0.0002539999999999244,0.00039442244167933743
0.034375,0.095625,0.005,1.5625e-08,0.600873,0.023024,0.6012235000000006,0.023258249999999935,-0.00035050000000058645,-0.0002342499999999359,0.0004215724285343873
0.036875,0.095625,0.005,1.5625e-08,0.623696,0.0206821,0.6240595000000005,0.02088592499999994,-0.0003635000000005162,-0.00020382499999994225,0.000416745582610484
0.039375,0.095625,0.005,1.5625e-08,0.644371,0.0185498,0.6447230000000005,0.018725899999999948,-0.00035200000000046305,-0.00017609999999994644,0.0003935926955626935
0.041875,0.095625,0.005,1.5625e-08,0.663041,0.0165455,0.6633622500000005,0.01669947499999995,-0.00032125000000049475,-0.0001539749999999486,0.00035624410609201953
0.044375,0.095625,0.005,1.5625e-08,0.679786,0.0146067,0.6800642500000005,0.014743774999999956,-0.0002782500000004795,-0.0001370749999999553,0.00031018158895275297
0.046875,0.095625,0.005,1.5625e-08,0.69464,0.0126819,0.6948632500000005,0.01280669999999996,-0.00022325000000045225,-0.0001247999999999614,0.0002557647405335464
0.049375,0.095625,0.005,1.5625e-08,0.70759,0.0107267,0.7077500000000003,0.010843839999999967,-0.00016000000000027104,-0.00011713999999996699,0.0001982972001821483
0.051875,0.095625,0.005,1.5625e-08,0.71858,0.00870188,0.7186745000000003,0.008816139999999972,-9.450000000033043e-05,-0.00011425999999997195,0.00014827541131305635
0.054375,0.095625,0.005,1.5625e-08,0.727519,0.00657375,0.7275505000000004,0.006688249999999978,-3.15000000004062e-05,-0.00011449999999997833,0.00011875394730290286
0.056875,0.095625,0.005,1.5625e-08,0.734284,0.00431587,0.7342575000000005,0.004426974999999984,2.649999999959629e-05,-0.00011110499999998375,0.00011422158738598844
0.059375,0.095625,0.005,1.5625e-08,0.738728,0.00190583,0.7386410000000003,0.001999677499999991,8.699999999972619e-05,-9.384749999999105e-05,0.00012797012642097637
0.061875,0.095625,0.005,1.5625e-08,0.740677,-0.000700326,0.7405120000000004,-0.0006278580000000015,0.00016499999999963766,-7.24679999999985e-05,0.0001802126827498004
0.064375,0.095625,0.005,1.5625e-08,0.739879,-0.00359627,0.7396417500000003,-0.003494620000000002,0.0002372499999996336,-0.00010164999999999784,0.0002581090564079953
0.066875,0.095625,0.005,1.5625e-08,0.735999,-0.00680206,0.7357580000000005,-0.006649597499999995,0.00024099999999949162,-0.00015246250000000572,0.00028517681165551786
0.069375,0.095625,0.005,1.5625e-08,0.728732,-0.0103383,0.7285265000000004,-0.010160657499999986,0.00020549999999963653,-0.00017764250000001404,0.00027163782469697697
0.071875,0.095625,0.005,1.5625e-08,0.717695,-0.0143121,0.7175300000000004,-0.014130174999999953,0.00016499999999952664,-0.00018192500000004629,0.0002456047752484887
0.074375,0.095625,0.005,1.5625e-08,0.702338,-0.0189197,0.7022202500000005,-0.018723024999999935,0.00011774999999947244,-0.00019667500000006624,0.00022922940065554814
0.076875,0.095625,0.005,1.5625e-08,0.681875,-0.0244527,0.6818402500000005,-0.02421942499999992,3.4749999999528214e-05,-0.00023327500000008133,0.00023584907912689666
0.079375,0.095625,0.005,1.5625e-08,0.655177,-0.0314013,0.6552715000000002,-0.031117424999999938,-9.450000000021941e-05,-0.00028387500000006186,0.00029919101862368227
0.081875,0.095625,0.005,1.5625e-08,0.620499,-0.0406874,0.6207580000000004,-0.04034129999999991,-0.0002590000000003423,-0.00034610000000008523,0.000432280244748978
0.084375,0.095625,0.005,1.5625e-08,0.574966,-0.0541186,0.5753817500000005,-0.053683274999999905,-0.0004157500000004921,-0.00043532500000009744,0.0006019600635636006
0.086875,0.095625,0.005,1.5625e-08,0.513654,-0.0753535,0.5140972500000007,-0.07476279999999973,-0.0004432500000006723,-0.0005907000000002771,0.0007385100219366853
0.089375,0.095625,0.005,1.5625e-08,0.428221,-0.111909,0.4281940000000009,-0.11109734999999958,2.699999999911107e-05,-0.0008116500000004134,0.0008120989610266862
0.091875,0.095625,0.005,1.5625e-08,0.306483,-0.178434,0.3043125000000011,-0.17794074999999931,0.0021704999999989094,-0.0004932500000006945,0.002225840473281037
0.094375,0.095625,0.005,1.5625e-08,0.141751,-0.294816,0.13340610000000006,-0.2989042499999999,0.008344899999999933,0.0040882499999999045,0.009292531628813437
0.096875,0.095625,0.005,1.5625e-08,-0.0214263,-0.433133,-0.031559130000000116,-0.4469935,0.010132830000000117,0.013860499999999998,0.017169382751249455
0.099375,0.095625,0.005,1.5625e-08,-0.0264562,-0.250778,-0.01707425499999983,-0.21666424999999823,-0.00938194500000017,-0.034113750000001775,0.03538034526464728
0.001875,0.098125,0.005,1.5625e-08,0.00136702,0.278489,-0.02425812499999925,0.2904587499999995,0.02562514499999925,-0.011969749999999502,0.028282909527371378
0.004375,0.098125,0.005,1.5625e-08,0.22592,0.1397,0.22192750000000178,0.1343774249999993,0.003992499999998234,0.00532257500000069,0.006653560015556953
0.006875,0.098125,0.005,1.5625e-08,0.398004,0.0709285,0.4031462500000017,0.06633074999999959,-0.00514225000000168,0.004597750000000414,0.006897973624552437
0.009375,0.098125,0.005,1.5625e-08,0.510283,0.0398127,0.5151257500000015,0.038697624999999736,-0.00484275000000145,0.0011150750000002638,0.004969468766190168
0.011875,0.098125,0.005,1.5625e-08,0.585655,0.025314,0.5889752500000014,0.025494599999999826,-0.003320250000001357,-0.00018059999999982604,0.003325158104888991
0.014375,0.098125,0.005,1.5625e-08,0.639385,0.0176633,0.6414445000000012,0.018296724999999868,-0.002059500000001213,-0.0006334249999998681,0.0021547082124106338
0.016875,0.098125,0.005,1.5625e-08,0.679663,0.0131936,0.6810475000000011,0.013970429999999902,-0.001384500000001121,-0.000776829999999902,0.0015875468808520118
0.019375,0.098125,0.005,1.5625e-08,0.711341,0.0104116,0.7123740000000011,0.01116653499999992,-0.0010330000000010608,-0.0007549349999999202,0.0012794592038150616
0.021875,0.098125,0.005,1.5625e-08,0.737251,0.00856687,0.7380605000000008,0.009235212499999933,-0.0008095000000007957,-0.0006683424999999327,0.0010497485162206462
0.024375,0.098125,0.005,1.5625e-08,0.759109,0.00726689,0.7597087500000009,0.007835052499999945,-0.0005997500000008982,-0.0005681624999999448,0.0008261408408420834
0.026875,0.098125,0.005,1.5625e-08,0.777932,0.00625272,0.7783352500000008,0.006773852499999951,-0.0004032500000008543,-0.0005211324999999508,0.000658930683044042
0.029375,0.098125,0.005,1.5625e-08,0.794313,0.00543876,0.7946115000000007,0.005936847499999958,-0.00029850000000064547,-0.0004980874999999585,0.0005806835693013829
0.031875,0.098125,0.005,1.5625e-08,0.808739,0.00478818,0.8089917500000007,0.005251824999999963,-0.0002527500000006899,-0.0004636449999999622,0.0005280617847613229
0.034375,0.098125,0.005,1.5625e-08,0.821566,0.00424968,0.8217892500000006,0.004671067499999966,-0.00022325000000056328,-0.0004213874999999664,0.0004768731358091722
0.036875,0.098125,0.005,1.5625e-08,0.83303,0.00378178,0.8332202500000006,0.00416156499999997,-0.00019025000000050252,-0.0003797849999999702,0.0004247725376306342
0.039375,0.098125,0.005,1.5625e-08,0.843283,0.00335688,0.8434330000000005,0.003699429999999973,-0.0001500000000005386,-0.00034254999999997317,0.00037395254043814594
0.041875,0.098125,0.005,1.5625e-08,0.852418,0.00295681,0.8525237500000005,0.003266644999999976,-0.00010575000000045964,-0.0003098349999999762,0.0003273847732028514
0.044375,0.098125,0.005,1.5625e-08,0.86049,0.00256844,0.8605490000000005,0.002849089999999979,-5.900000000047534e-05,-0.0002806499999999791,0.0002867846273774875
0.046875,0.098125,0.005,1.5625e-08,0.867519,0.00218136,0.8675345000000005,0.002435304999999982,-1.5500000000501224e-05,-0.000253944999999982,0.0002544175957456685
0.049375,0.098125,0.005,1.5625e-08,0.873501,0.00178676,0.8734795000000004,0.002015702499999985,2.1499999999563535e-05,-0.00022894249999998477,0.0002299498169301821
0.051875,0.098125,0.005,1.5625e-08,0.87841,0.00137709,0.8783595000000005,0.001582022499999988,5.049999999950927e-05,-0.00020493249999998793,0.00021106297533247153
0.054375,0.098125,0.005,1.5625e-08,0.8822,0.000946228,0.8821325000000004,0.001126950249999991,6.749999999955403e-05,-0.000180722249999991,0.00019291651470260146
0.056875,0.098125,0.005,1.5625e-08,0.884807,0.000489611,0.8847362500000004,0.0006437524999999946,7.074999999956422e-05,-0.00015414149999999453,0.00016960296141927078
0.059375,0.098125,0.005,1.5625e-08,0.886158,3.11173e-06,0.8860927500000004,0.00012593425749999812,6.52499999995726e-05,-0.00012282252749999813,0.0001390788832333364
0.061875,0.098125,0.005,1.5625e-08,0.886163,-0.000522412,0.8861070000000005,-0.0004332459999999979,5.5999999999500893e-05,-8.916600000000207e-05,0.00010529280866205664
0.064375,0.098125,0.005,1.5625e-08,0.884695,-0.00110444,0.8846650000000004,-0.0010415022499999955,2.9999999999641425e-05,-6.293775000000448e-05,6.972202216689897e-05
0.066875,0.098125,0.005,1.5625e-08,0.881591,-0.00174801,0.8816307500000005,-0.001708704999999991,-3.975000000044915e-05,-3.9305000000009e-05,5.590121219648475e-05
0.069375,0.098125,0.005,1.5625e-08,0.876683,-0.00245603,0.8768382500000004,-0.0024488674999999863,-0.00015525000000038425,-7.162500000013842e-06,0.00015541513409693893
0.071875,0.098125,0.005,1.5625e-08,0.869774,-0.00324893,0.8700780000000004,-0.0032836849999999754,-0.000304000000000304,3.475499999997531e-05,0.00030598024450147616
0.074375,0.098125,0.005,1.5625e-08,0.860585,-0.00416676,0.8610715000000004,-0.004248799999999968,-0.0004865000000003894,8.203999999996815e-05,0.000493368839308254
0.076875,0.098125,0.005,1.5625e-08,0.848712,-0.00527123,0.8494240000000006,-0.00540571999999996,-0.000712000000000601,0.00013448999999996023,0.000724590615520823
0.079375,0.098125,0.005,1.5625e-08,0.833541,-0.00666736,0.8345370000000005,-0.006865244999999957,-0.000996000000000552,0.00019788499999995757,0.0010154676130857561
0.081875,0.098125,0.005,1.5625e-08,0.814091,-0.00855615,0.8154382500000006,-0.008836829999999945,-0.0013472500000005772,0.00028067999999994465,0.0013761772505391607
0.084375,0.098125,0.005,1.5625e-08,0.788649,-0.0113469,0.7904280000000006,-0.011739817499999928,-0.0017790000000005302,0.0003929174999999282,0.001821874079569738
0.086875,0.098125,0.005,1.5625e-08,0.754004,-0.0159347,0.7563182500000009,-0.016476674999999868,-0.0023142500000008503,0.0005419749999998683,0.002376865575317374
0.089375,0.098125,0.005,1.5625e-08,0.70365,-0.0244918,0.7066505000000011,-0.025176849999999792,-0.0030005000000010718,0.0006850499999997914,0.003077709172827437
0.091875,0.098125,0.005,1.5625e-08,0.623439,-0.0431339,0.6272242500000015,-0.04353029999999963,-0.0037852500000015166,0.0003963999999996304,0.0038059493588999825
0.094375,0.098125,0.005,1.5625e-08,0.482131,-0.0917098,0.4846257500000009,-0.08946149999999965,-0.0024947500000009337,-0.0022483000000003417,0.0033583672301441656
0.096875,0.098125,0.005,1.5625e-08,0.223062,-0.225546,0.21174150000000055,-0.22402949999999958,0.011320499999999456,-0.0015165000000004203,0.011421623899428178
0.099375,0.098125,0.005,1.5625e-08,0.0270099,-0.317992,-0.03874027499999965,-0.31940399999999874,0.06575017499999965,0.0014119999999987476,0.06576533476331262
0.095625,0.060625,0.005,1.5625e-08,-0.0189961,-0.163463,-0.021826099999999935,-0.16622449999999978,0.0028299999999999367,0.002761499999999778,0.003954084249228691
0.098125,0.061875,0.005,1.5625e-08,-0.00273894,-0.079273,-0.004586189999999967,-0.07992914999999973,0.0018472499999999665,0.0006561499999997306,0.0019603227757182037
0.093125,0.063125,0.005,1.5625e-08,-0.0510848,-0.276746,-0.053873400000000106,-0.2773585000000003,0.0027886000000001063,0.0006125000000002934,0.0028550737661225062
0.095625,0.064375,0.005,1.5625e-08,-0.0255947,-0.203846,-0.02544144999999993,-0.2033649999999998,-0.00015325000000007,-0.0004810000000002035,0.0005048232982937864
0.098125,0.064375,0.005,1.5625e-08,-0.00458527,-0.0925833,-0.005141667499999965,-0.0924384749999997,0.0005563974999999652,-0.00014482500000029264,0.0005749369170885585
0.093125,0.065625,0.005,1.5625e-08,-0.0578498,-0.311682,-0.0582918250000001,-0.3111815000000003,0.00044202500000010275,-0.0005004999999997373,0.000667747220604345
0.095625,0.066875,0.005,1.5625e-08,-0.0280367,-0.231314,-0.027908549999999928,-0.23079299999999975,-0.00012815000000007334,-0.0005210000000002435,0.0005365290509378522
0.098125,0.066875,0.005,1.5625e-08,-0.00539475,-0.106811,-0.005730869999999961,-0.10633487499999966,0.0003361199999999606,-0.00047612500000034086,0.0005828135808518004
0.093125,0.068125,0.005,1.5625e-08,-0.0627934,-0.346964,-0.06239642500000011,-0.3463180000000003,-0.0003969749999998898,-0.0006459999999997024,0.0007582249999996888
0.095625,0.069375,0.005,1.5625e-08,-0.0307296,-0.260944,-0.030382449999999925,-0.26020974999999974,-0.0003471500000000738,-0.0007342500000002694,0.0008121798969442958
0.098125,0.069375,0.005,1.5625e-08,-0.00603723,-0.1225,-0.006354322499999956,-0.12167499999999962,0.0003170924999999561,-0.000825000000000381,0.0008838397216446265
0.093125,0.070625,0.005,1.5625e-08,-0.0668935,-0.382742,-0.0660229750000001,-0.38210200000000016,-0.0008705249999998999,-0.0006399999999998629,0.001080469238629518
0.095625,0.071875,0.005,1.5625e-08,-0.0333395,-0.292613,-0.0328386999999999,-0.2914044999999995,-0.0005008000000000998,-0.0012085000000005008,0.0013081562941794495
0.098125,0.071875,0.005,1.5625e-08,-0.00668372,-0.139745,-0.007017227499999949,-0.13851224999999948,0.0003335074999999488,-0.001232750000000532,0.0012770668796337676
0.093125,0.073125,0.005,1.5625e-08,-0.0702504,-0.41839,-0.0689929750000001,-0.4176517500000001,-0.0012574249999999093,-0.0007382499999998848,0.0014581257466777693
0.095625,0.074375,0.005,1.5625e-08,-0.035734,-0.325979,-0.0352707499999999,-0.3240834999999995,-0.00046325000000010247,-0.001895500000000494,0.0019512869631353477
0.098125,0.074375,0.005,1.5625e-08,-0.00733127,-0.158514,-0.007733849999999943,-0.1569112499999994,0.0004025799999999432,-0.0016027500000005968,0.0016525369039455267
0.093125,0.075625,0.005,1.5625e-08,-0.0728334,-0.452842,-0.07110455000000009,-0.45181600000000016,-0.0017288499999999207,-0.0010259999999998604,0.0020103726824893535
0.095625,0.076875,0.005,1.5625e-08,-0.037764,-0.360567,-0.037702224999999895,-0.3578549999999995,-6.177500000010411e-05,-0.0027120000000005473,0.002712703476354904
0.098125,0.076875,0.005,1.5625e-08,-0.00807677,-0.178755,-0.008535064999999939,-0.17697174999999932,0.0004582949999999385,-0.0017832500000006801,0.0018411993019571155
0.078125,0.078125,0.005,1.5625e-08,-0.00741643,-0.257543,-0.009297613500000001,-0.25857650000000004,0.0018811835000000013,0.0010335000000000205,0.00214638617463687
0.080625,0.079375,0.005,1.5625e-08,-0.0112901,-0.303655,-0.010614656249999934,-0.30461725000000006,-0.0006754437500000668,0.0009622500000000533,0.0011756484686819676
0.093125,0.078125,0.005,1.5625e-08,-0.0746885,-0.484105,-0.07209947500000008,-0.4830672500000002,-0.0025890249999999254,-0.001037749999999782,0.002789260746707658
0.095625,0.079375,0.005,1.5625e-08,-0.0396054,-0.395145,-0.04020037499999991,-0.3921937499999997,0.0005949749999999143,-0.0029512500000003494,0.003010626481835128
0.098125,0.079375,0.005,1.5625e-08,-0.00936857,-0.200828,-0.009481572499999938,-0.1988697499999994,0.00011300249999993822,-0.0019582500000006053,0.0019615077434230552
0.000625,0.080625,0.005,1.5625e-08,0.00203305,0.0284138,-0.0004760820000000006,0.025319000000000008,0.0025091320000000003,0.0030947999999999913,0.003984159940743337
0.075625,0.080625,0.005,1.5625e-08,0.0802994,-0.177842,0.07843897500000026,-0.1789909999999998,0.001860424999999749,0.001148999999999789,0.0021866371854113295
0.078125,0.081875,0.005,1.5625e-08,0.083342,-0.213564,0.08367352500000019,-0.2143519999999999,-0.00033152500000019347,0.0007879999999998999,0.0008548993073017257
0.080625,0.081875,0.005,1.5625e-08,0.0495142,-0.269872,0.049147850000000076,-0.27066375000000004,0.00036634999999992507,0.0007917500000000355,0.0008723992119437072
0.083125,0.081875,0.005,1.5625e-08,0.0109212,-0.335036,0.01080492750000005,-0.3354532500000001,0.00011627249999995003,0.00041725000000009116,0.0004331476154341779
0.095625,0.080625,0.005,1.5625e-08,-0.0409279,-0.409581,-0.041509449999999906,-0.4093537499999997,0.000581549999999903,-0.00022725000000028972,0.0006243740585578639
0.098125,0.081875,0.005,1.5625e-08,-0.0109314,-0.225559,-0.010688232499999933,-0.22292774999999937,-0.00024316750000006812,-0.00263125000000064,0.00264246229785018
0.000625,0.083125,0.005,1.5625e-08,-0.000184067,0.0297994,-0.0007120460000000009,0.029219225000000015,0.0005279790000000009,0.0005801749999999849,0.0007844519456703409
0.073125,0.083125,0.005,1.5625e-08,0.175704,-0.112556,0.17360875000000028,-0.11376599999999984,0.0020952499999997154,0.0012099999999998362,0.00241953974187208
0.075625,0.084375,0.005,1.5625e-08,0.188291,-0.138746,0.1890565000000003,-0.13899799999999982,-0.0007655000000003076,0.00025199999999980793,0.0008059120609597391
0.078125,0.084375,0.005,1.5625e-08,0.158336,-0.180987,0.15816900000000023,-0.1810352499999999,0.00016699999999977844,4.824999999988866e-05,0.00017383055686476774
0.080625,0.084375,0.005,1.5625e-08,0.12094,-0.231226,0.1201067500000001,-0.23135150000000004,0.0008332499999999105,0.00012550000000005612,0.0008426480952923734
0.083125,0.084375,0.005,1.5625e-08,0.0768557,-0.291463,0.07533440000000007,-0.29195850000000007,0.0015212999999999338,0.0004955000000000376,0.0015999606057649782
0.085625,0.084375,0.005,1.5625e-08,0.0279054,-0.36244,0.026235575000000032,-0.3635147500000001,0.0016698249999999686,0.0010747500000001242,0.001985800365878998
0.088125,0.084375,0.005,1.5625e-08,-0.0185484,-0.437974,-0.02120709999999975,-0.44156149999999966,0.00265869999999975,0.003587499999999688,0.004465293040775312
0.095625,0.083125,0.005,1.5625e-08,-0.0454211,-0.441635,-0.04433684999999992,-0.4429944999999997,-0.0010842500000000782,0.0013594999999996804,0.0017389187193481185
0.098125,0.084375,0.005,1.5625e-08,-0.0127892,-0.253593,-0.012372452499999922,-0.2497347499999993,-0.0004167475000000781,-0.0038582500000007014,0.003880692147189948
0.000625,0.085625,0.005,1.5625e-08,-0.00120169,0.035218,-0.0011012817500000015,0.035085925000000025,-0.00010040824999999853,0.00013207499999997457,0.00016590847565165406
0.063125,0.085625,0.005,1.5625e-08,0.297308,0.000993149,0.29387800000000025,-0.00028204500000004974,0.0034299999999997666,0.0012751940000000498,0.0036593742276015617
0.065625,0.086875,0.005,1.5625e-08,0.334345,-0.0168519,0.33536624999999975,-0.01732447500000006,-0.0010212499999997515,0.00047257500000006183,0.0011252904927726666
0.068125,0.086875,0.005,1.5625e-08,0.329301,-0.0363567,0.3290332499999997,-0.03636972500000008,0.0002677500000002886,1.3025000000083109e-05,0.00026806662068440504
0.070625,0.086875,0.005,1.5625e-08,0.318062,-0.058022,0.3175317499999998,-0.05790397499999998,0.0005302500000002319,-0.00011802500000001465,0.0005432264381685131
0.073125,0.086875,0.005,1.5625e-08,0.300789,-0.0829076,0.3001569999999998,-0.08257979999999998,0.000632000000000188,-0.00032780000000001697,0.0007119528355166855
0.075625,0.086875,0.005,1.5625e-08,0.276533,-0.111768,0.2760802499999998,-0.1113705,0.0004527500000001683,-0.00039750000000000896,0.0006024855288719883
0.078125,0.086875,0.005,1.5625e-08,0.245051,-0.146192,0.24435549999999975,-0.1457527500000001,0.0006955000000002376,-0.0004392499999998911,0.0008225939536005809
0.080625,0.086875,0.005,1.5625e-08,0.205103,-0.188326,0.20401024999999962,-0.18792575000000025,0.001092750000000392,-0.0004002499999997411,0.0011637450859190125
0.083125,0.086875,0.005,1.5625e-08,0.155999,-0.241016,0.1543957499999996,-0.24089000000000033,0.001603250000000389,-0.00012599999999968192,0.0016081935712162164
0.085625,0.086875,0.005,1.5625e-08,0.09825,-0.307074,0.0961617749999996,-0.30779100000000037,0.0020882250000004016,0.0007170000000003562,0.0022078887314869802
0.088125,0.086875,0.005,1.5625e-08,0.0362568,-0.386473,0.03337709999999999,-0.38897399999999993,0.002879700000000006,0.00250099999999992,0.003814141199536225
0.095625,0.085625,0.005,1.5625e-08,-0.0500374,-0.472382,-0.047511399999999926,-0.47423224999999974,-0.002526000000000077,0.0018502499999997202,0.0031311501181673406
0.098125,0.086875,0.005,1.5625e-08,-0.0152929,-0.285613,-0.014957349999999897,-0.28033374999999905,-0.0003355500000001028,-0.005279250000000957,0.0052899030581864325
0.000625,0.088125,0.005,1.5625e-08,-0.00224722,0.0448678,-0.0017793802499999978,0.04421457499999998,-0.00046783975000000205,0.0006532250000000211,0.0008034780222912709
0.025625,0.088125,0.005,1.5625e-08,0.0830496,0.148545,0.0785695499999998,0.14886475000000007,0.0044800500000002075,-0.00031975000000006304,0.004491446099532076
0.028125,0.089375,0.005,1.5625e-08,0.150149,0.120668,0.15015224999999977,0.12035500000000009,-3.249999999760389e-06,0.00031299999999991057,0.00031301687254833794
0.030625,0.089375,0.005,1.5625e-08,0.184453,0.110319,0.18362924999999974,0.1102482500000001,0.0008237500000002618,7.074999999989728e-05,0.0008267826951505557
0.033125,0.089375,0.005,1.5625e-08,0.216467,0.101181,0.21548049999999974,0.1011744250000001,0.000986500000000251,6.574999999897635e-06,0.0009865219108694413
0.035625,0.089375,0.005,1.5625e-08,0.246614,0.0928476,0.24561174999999974,0.09285805000000008,0.0010022500000002599,-1.0450000000078452e-05,0.0010023044771926954
0.038125,0.089375,0.005,1.5625e-08,0.274925,0.0850558,0.2739532499999997,0.08506525000000008,0.000971750000000271,-9.450000000077452e-06,0.0009717959482322038
0.040625,0.089375,0.005,1.5625e-08,0.30137,0.0775959,0.3004392499999997,0.07759290000000006,0.0009307500000003133,2.9999999999336113e-06,0.0009307548347983924
0.043125,0.089375,0.005,1.5625e-08,0.325888,0.0702846,0.3249917499999997,0.07026167500000008,0.0008962500000003204,2.29249999999237e-05,0.0008965431490595257
0.045625,0.089375,0.005,1.5625e-08,0.348392,0.0629561,0.34751424999999975,0.06290987500000006,0.0008777500000002325,4.622499999994145e-05,0.0008789663321910587
0.048125,0.089375,0.005,1.5625e-08,0.368766,0.0554555,0.36788374999999973,0.05538852500000005,0.0008822500000002509,6.697499999994833e-05,0.0008847885132196483
0.050625,0.089375,0.005,1.5625e-08,0.386862,0.0476329,0.3859482499999997,0.04755737500000004,0.0009137500000002685,7.552499999995826e-05,0.0009168659052039641
0.053125,0.089375,0.005,1.5625e-08,0.402491,0.039338,0.40152149999999975,0.03928107500000004,0.0009695000000002341,5.6924999999957704e-05,0.0009711697614863474
0.055625,0.089375,0.005,1.5625e-08,0.415414,0.0304172,0.4143809999999997,0.03042552500000003,0.0010330000000002837,-8.325000000031224e-06,0.0010330335452566808
0.058125,0.089375,0.005,1.5625e-08,0.425303,0.0207291,0.4242629999999997,0.020853500000000025,0.001040000000000263,-0.0001244000000000245,0.0010474136527659705
0.060625,0.089375,0.005,1.5625e-08,0.43169,0.0102357,0.43085724999999975,0.010418402500000014,0.0008327500000002708,-0.00018270250000001348,0.000852556605749264
0.063125,0.089375,0.005,1.5625e-08,0.434212,-0.00143848,0.43380224999999967,-0.0010443727500000306,0.0004097500000003196,-0.0003941072499999694,0.0005685205246979217
0.065625,0.089375,0.005,1.5625e-08,0.432693,-0.0141879,0.43267124999999973,-0.013732125000000048,2.1750000000264613e-05,-0.0004557749999999517,0.00045629366982785055
0.068125,0.089375,0.005,1.5625e-08,0.427097,-0.0281721,0.42696374999999964,-0.027898525000000063,0.00013325000000036225,-0.0002735749999999357,0.0003043005802246544
0.070625,0.089375,0.005,1.5625e-08,0.416423,-0.0440148,0.4160787499999997,-0.043894099999999985,0.00034425000000026795,-0.00012070000000001524,0.0003647965905819134
0.073125,0.089375,0.005,1.5625e-08,0.399917,-0.0623396,0.3992857499999998,-0.062235625,0.0006312500000002497,-0.00010397499999999921,0.0006397557058169275
0.075625,0.089375,0.005,1.5625e-08,0.376415,-0.0840969,0.3756759999999998,-0.08372555000000001,0.0007390000000002117,-0.0003713499999999925,0.0008270561181082619
0.078125,0.089375,0.005,1.5625e-08,0.344951,-0.110216,0.3440994999999997,-0.10965225000000009,0.0008515000000002826,-0.0005637499999999046,0.001021208261081144
0.080625,0.089375,0.005,1.5625e-08,0.304184,-0.142763,0.3031154999999996,-0.1421070000000002,0.0010685000000004163,-0.0006559999999997956,0.0012538055072460886
0.083125,0.089375,0.005,1.5625e-08,0.252522,-0.184952,0.25105899999999953,-0.18439675000000028,0.0014630000000004917,-0.0005552499999997296,0.001564823172917994
0.085625,0.089375,0.005,1.5625e-08,0.188723,-0.241248,0.1865759999999995,-0.24125650000000037,0.0021470000000005096,8.500000000383201e-06,0.0021470168257380273
0.088125,0.089375,0.005,1.5625e-08,0.113816,-0.316115,0.11046534999999996,-0.31761625000000004,0.0033506500000000383,0.001501250000000065,0.0036715946106563088
0.090625,0.089375,0.005,1.5625e-08,0.0344282,-0.408568,0.03015337500000002,-0.412332,0.004274824999999979,0.0037639999999999896,0.005695772535892277
0.095625,0.088125,0.005,1.5625e-08,-0.0545774,-0.496983,-0.05068112499999993,-0.4995424999999996,-0.003896275000000067,0.0025594999999996038,0.004661759230765087
0.098125,0.089375,0.005,1.5625e-08,-0.0199651,-0.322967,-0.019312499999999868,-0.316486499999999,-0.0006526000000001315,-0.006480500000000999,0.006513276211708907
0.000625,0.090625,0.005,1.5625e-08,-0.00457817,0.0614855,-0.003085433749999995,0.05911742499999996,-0.0014927362500000052,0.002368075000000039,0.0027992928960166464
0.013125,0.090625,0.005,1.5625e-08,-0.0340443,0.205782,-0.04023170000000014,0.2063425000000001,0.006187400000000141,-0.0005605000000001026,0.006212735227740023
0.015625,0.091875,0.005,1.5625e-08,0.0447197,0.158469,0.04172279999999971,0.15799650000000015,0.0029969000000002882,0.00047249999999984804,0.003033919224369954
0.018125,0.091875,0.005,1.5625e-08,0.0937053,0.136402,0.09046704999999967,0.13619225000000013,0.003238250000000331,0.00020974999999986976,0.003245035920448661
0.020625,0.091875,0.005,1.5625e-08,0.140245,0.118795,0.13729024999999967,0.11890300000000012,0.002954750000000339,-0.00010800000000012189,0.00295672311224809
0.023125,0.091875,0.005,1.5625e-08,0.183672,0.104727,0.1814654999999996,0.10504042500000012,0.0022065000000003887,-0.0003134250000001171,0.0022286492502470614
0.025625,0.091875,0.005,1.5625e-08,0.223802,0.093382,0.22280399999999959,0.09372945000000012,0.0009980000000004152,-0.00034745000000011017,0.0010567523373529416
0.028125,0.091875,0.005,1.5625e-08,0.261747,0.0839655,0.2613489999999996,0.08430940000000012,0.00039800000000039804,-0.0003439000000001191,0.0005259954467487325
0.030625,0.091875,0.005,1.5625e-08,0.29748,0.0761166,0.2972302499999996,0.0762866500000001,0.0002497500000004371,-0.00017005000000008819,0.0003021457678013186
0.033125,0.091875,0.005,1.5625e-08,0.330825,0.0692137,0.3305952499999996,0.06928962500000008,0.0002297500000003616,-7.592500000007385e-05,0.00024197038687652953
0.035625,0.091875,0.005,1.5625e-08,0.361792,0.0630065,0.36157374999999964,0.06303315000000008,0.00021825000000036399,-2.6650000000086327e-05,0.0002198710644904497
0.038125,0.091875,0.005,1.5625e-08,0.39047,0.0572961,0.3902652499999996,0.057292875000000076,0.00020475000000036436,3.2249999999262036e-06,0.00020477539677692908
0.040625,0.091875,0.005,1.5625e-08,0.416925,0.0519124,0.4167322499999996,0.05188692500000007,0.00019275000000040787,2.547499999992764e-05,0.00019442617654306105
0.043125,0.091875,0.005,1.5625e-08,0.44119,0.0467081,0.4409977499999996,0.046663775000000074,0.000192250000000449,4.432499999992845e-05,0.0001972936089313749
0.045625,0.091875,0.005,1.5625e-08,0.463251,0.0415531,0.4630442499999996,0.04149307500000006,0.00020675000000042187,6.002499999994276e-05,0.00021528716432980295
0.048125,0.091875,0.005,1.5625e-08,0.483055,0.0363301,0.48281499999999966,0.03625987500000005,0.00024000000000035104,7.022499999994464e-05,0.0002500630932887953
0.050625,0.091875,0.005,1.5625e-08,0.500503,0.0309297,0.5002127499999998,0.030859825000000035,0.00029025000000026946,6.98749999999658e-05,0.0002985424226557285
0.053125,0.091875,0.005,1.5625e-08,0.515454,0.0252491,0.5151012499999996,0.02519567500000004,0.00035275000000034584,5.342499999996114e-05,0.00035677274717281845
0.055625,0.091875,0.005,1.5625e-08,0.527712,0.0191961,0.5273022499999998,0.019173975000000027,0.00040975000000020856,2.2124999999973555e-05,0.0004103468997387086
0.058125,0.091875,0.005,1.5625e-08,0.537037,0.0127046,0.5365954999999997,0.01270140000000002,0.00044150000000031664,3.199999999979261e-06,0.00044151159667700626
0.060625,0.091875,0.005,1.5625e-08,0.54317,0.00573762,0.5427144999999997,0.005680615000000012,0.00045550000000038615,5.7004999999987586e-05,0.0004590531777750268
0.063125,0.091875,0.005,1.5625e-08,0.545864,-0.00196274,0.5453419999999997,-0.00199654250000002,0.0005220000000003555,3.380250000002e-05,0.0005230933081264016
0.065625,0.091875,0.005,1.5625e-08,0.544506,-0.0106701,0.5441004999999997,-0.010459300000000032,0.00040550000000039166,-0.0002107999999999676,0.0004570195728853459
0.068125,0.091875,0.005,1.5625e-08,0.538859,-0.0201465,0.5385392499999997,-0.01987535000000005,0.0003197500000002851,-0.0002711499999999527,0.00041924024735246574
0.070625,0.091875,0.005,1.5625e-08,0.528465,-0.0307203,0.5281089999999997,-0.030480625000000008,0.000356000000000245,-0.00023967499999999128,0.0004291620971441563
0.073125,0.091875,0.005,1.5625e-08,0.512616,-0.0428816,0.5121259999999997,-0.042631650000000014,0.0004900000000002125,-0.0002499499999999849,0.0005500681798651879
0.075625,0.091875,0.005,1.5625e-08,0.490297,-0.0572849,0.4897029999999997,-0.05689932500000003,0.000594000000000261,-0.00038557499999997136,0.0007081695281677177
0.078125,0.091875,0.005,1.5625e-08,0.460301,-0.0747907,0.4596469999999997,-0.0742384500000001,0.000654000000000321,-0.000552249999999907,0.000855976671703334
0.080625,0.091875,0.005,1.5625e-08,0.421037,-0.0969927,0.42029424999999954,-0.09629417500000019,0.0007427500000004583,-0.0006985249999998111,0.0010196149950473545
0.083125,0.091875,0.005,1.5625e-08,0.370266,-0.12671,0.36930099999999944,-0.12593175000000026,0.0009650000000005488,-0.0007782499999997305,0.0012397169283754415
0.085625,0.091875,0.005,1.5625e-08,0.305066,-0.168705,0.3035512499999994,-0.16803575000000034,0.0015147500000006198,-0.0006692499999996493,0.0016560081898956323
0.088125,0.091875,0.005,1.5625e-08,0.222605,-0.230183,0.2198767499999999,-0.23015000000000008,0.0027282500000000987,-3.299999999992198e-05,0.002728449571185169
0.090625,0.091875,0.005,1.5625e-08,0.123544,-0.318365,0.118738475,-0.32039725,0.004805525000000005,0.002032250000000013,0.005217577080228437
0.093125,0.091875,0.005,1.5625e-08,0.0222026,-0.426771,0.014947327500000064,-0.43329974999999993,0.007255272499999936,0.0065287499999999166,0.009760305098292482
0.098125,0.090625,0.005,1.5625e-08,-0.0237066,-0.337417,-0.02267839999999985,-0.33742624999999893,-0.0010282000000001526,9.249999998905967e-06,0.0010282416070653306
0.000625,0.093125,0.005,1.5625e-08,-0.0104641,0.0925537,-0.006121017499999987,0.08549324999999991,-0.0043430825000000135,0.007060450000000093,0.008289289463175217
0.005625,0.093125,0.005,1.5625e-08,-0.0869721,0.278027,-0.09040597500000003,0.28035775,0.0034338750000000307,-0.0023307499999999925,0.004150167837344072
0.008125,0.094375,0.005,1.5625e-08,-0.0104497,0.210375,-0.018879264999999652,0.21092099999999983,0.008429564999999653,-0.0005459999999998244,0.00844722925515929
0.010625,0.094375,0.005,1.5625e-08,0.0611481,0.162226,0.05564145000000051,0.16154524999999978,0.005506649999999488,0.0006807500000002298,0.005548568714992604
0.013125,0.094375,0.005,1.5625e-08,0.131328,0.127396,0.12826835000000053,0.1262877499999998,0.0030596499999994697,0.0011082500000001994,0.0032541782657065973
0.015625,0.094375,0.005,1.5625e-08,0.195746,0.102158,0.19393375000000057,0.10157129999999982,0.0018122499999994324,0.000586700000000176,0.001904853525208211
0.018125,0.094375,0.005,1.5625e-08,0.2533,0.0842604,0.2520980000000006,0.08394834999999985,0.0012019999999994258,0.00031205000000014693,0.0012418450799108203
0.020625,0.094375,0.005,1.5625e-08,0.304387,0.0711646,0.30353625000000056,0.07103044999999987,0.0008507499999994561,0.00013415000000012445,0.0008612617401226575
0.023125,0.094375,0.005,1.5625e-08,0.349809,0.0614088,0.3492582500000006,0.061268424999999876,0.0005507499999993781,0.00014037500000012304,0.0005683579005559345
0.025625,0.094375,0.005,1.5625e-08,0.390561,0.0537951,0.39018025000000056,0.053662299999999906,0.00038074999999943016,0.00013280000000009257,0.0004032448418759881
0.028125,0.094375,0.005,1.5625e-08,0.427175,0.0474362,0.4270507500000006,0.0475561249999999,0.0001242499999994373,-0.00011992499999990275,0.00017268488099667802
0.030625,0.094375,0.005,1.5625e-08,0.460371,0.0423205,0.46045650000000055,0.042508299999999916,-8.550000000057123e-05,-0.0001877999999999186,0.00020634701354773006
0.033125,0.094375,0.005,1.5625e-08,0.490654,0.0380405,0.49084575000000047,0.038212324999999915,-0.00019175000000049014,-0.00017182499999991718,0.0002574721210639309
0.035625,0.094375,0.005,1.5625e-08,0.518315,0.0343106,0.5185520000000005,0.03444829999999993,-0.00023700000000048682,-0.0001376999999999351,0.0002740990514398269
0.038125,0.094375,0.005,1.5625e-08,0.543567,0.0309453,0.5438177500000005,0.031052474999999934,-0.0002507500000005214,-0.0001071749999999351,0.000272694046735985
0.040625,0.094375,0.005,1.5625e-08,0.566565,0.027815,0.5668085000000004,0.02789874999999994,-0.00024350000000039618,-8.374999999994151e-05,0.0002575001213595503
0.043125,0.094375,0.005,1.5625e-08,0.587406,0.02482,0.5876252500000004,0.02488637499999995,-0.00021925000000044825,-6.637499999995189e-05,0.0002290768498237877
0.045625,0.094375,0.005,1.5625e-08,0.606134,0.0218778,0.6063137500000004,0.021932074999999954,-0.00017975000000047814,-5.427499999995436e-05,0.0001877653805289115
0.048125,0.094375,0.005,1.5625e-08,0.622744,0.0189173,0.6228710000000005,0.018964899999999958,-0.00012700000000054334,-4.7599999999956705e-05,0.00013562728339141017
0.050625,0.094375,0.005,1.5625e-08,0.637185,0.0158749,0.6372487500000004,0.01592254999999996,-6.375000000036213e-05,-4.764999999995814e-05,7.959010616931091e-05
0.053125,0.094375,0.005,1.5625e-08,0.649363,0.0126937,0.6493595000000004,0.01274869999999997,3.4999999996010445e-06,-5.4999999999970003e-05,5.511125111983857e-05
0.055625,0.094375,0.005,1.5625e-08,0.659142,0.00932577,0.6590740000000004,0.009390782499999977,6.799999999962392e-05,-6.50124999999769e-05,9.407776122015153e-05
0.058125,0.094375,0.005,1.5625e-08,0.666354,0.00573502,0.6662260000000004,0.005797794999999984,0.0001279999999995729,-6.277499999998368e-05,0.0001425647243356105
0.060625,0.094375,0.005,1.5625e-08,0.670808,0.00188218,0.6706085000000004,0.0019175074999999919,0.00019949999999957502,-3.532749999999186e-05,0.0002026037567669461
0.063125,0.094375,0.005,1.5625e-08,0.672275,-0.00235272,0.6719715000000004,-0.0023072775000000114,0.000303499999999568,-4.54424999999886e-05,0.0003068831549726813
0.065625,0.094375,0.005,1.5625e-08,0.67035,-0.00708853,0.6700150000000004,-0.006944867500000002,0.00033499999999964114,-0.00014366249999999813,0.000364505025899519
0.068125,0.094375,0.005,1.5625e-08,0.664684,-0.0122958,0.6643790000000004,-0.012084824999999993,0.00030499999999966665,-0.00021097500000000734,0.0003708577228868232
0.070625,0.094375,0.005,1.5625e-08,0.654904,-0.0180865,0.6546187500000005,-0.017855524999999952,0.00028524999999957057,-0.00023097500000004642,0.0003670381630359117
0.073125,0.094375,0.005,1.5625e-08,0.640467,-0.0247054,0.6401715000000004,-0.024455324999999934,0.00029549999999956,-0.00025007500000006483,0.0003871146543658253
0.075625,0.094375,0.005,1.5625e-08,0.62058,-0.0325221,0.6202857500000004,-0.032209574999999914,0.0002942499999996073,-0.00031252500000008426,0.00042924927271321213
0.078125,0.094375,0.005,1.5625e-08,0.594159,-0.0420839,0.5939075000000005,-0.04167824999999992,0.000251499999999516,-0.0004056500000000837,0.00047728835361846456
0.080625,0.094375,0.005,1.5625e-08,0.559652,-0.0543788,0.5594677500000004,-0.05386489999999993,0.00018424999999966385,-0.0005139000000000671,0.000545931563934478
0.083125,0.094375,0.005,1.5625e-08,0.51466,-0.0712689,0.5145092500000004,-0.07063312499999991,0.00015074999999964422,-0.0006357750000000884,0.000653402948512635
0.085625,0.094375,0.005,1.5625e-08,0.455365,-0.0963112,0.4550832500000003,-0.09553424999999989,0.0002817499999997475,-0.0007769500000001095,0.0008264589312240674
0.088125,0.094375,0.005,1.5625e-08,0.375885,-0.136229,0.3749980000000008,-0.13535399999999959,0.0008869999999992495,-0.0008750000000004032,0.0012459510423766154
0.090625,0.094375,0.005,1.5625e-08,0.268751,-0.202614,0.2661237500000009,-0.20224774999999945,0.0026272499999991372,-0.00036625000000053975,0.0026526555797909126
0.093125,0.094375,0.005,1.5625e-08,0.131612,-0.308706,0.12561195000000086,-0.31177024999999925,0.006000049999999146,0.003064249999999269,0.006737227030832884
0.095625,0.094375,0.005,1.5625e-08,-0.0053259,-0.436171,-0.013198850000000099,-0.4475855000000001,0.007872950000000099,0.011414500000000105,0.013866295538192743
0.098125,0.094375,0.005,1.5625e-08,-0.0512763,-0.416719,-0.04252439999999991,-0.4124794999999994,-0.00875190000000009,-0.004239500000000618,0.009724665231256386
0.000625,0.095625,0.005,1.5625e-08,-0.0254126,0.159378,-0.016156857500000055,0.13947527500000023,-0.009255742499999945,0.01990272499999976,0.021949652198882803
0.003125,0.096875,0.005,1.5625e-08,-0.0399084,0.278547,-0.05559522499999963,0.2899392499999997,0.015686824999999634,-0.011392249999999715,0.019387104957757542
0.005625,0.096875,0.005,1.5625e-08,0.0928921,0.1809,0.08434482500000087,0.17930199999999955,0.008547274999999133,0.0015980000000004602,0.008695373133202029
0.008125,0.096875,0.005,1.5625e-08,0.223562,0.1138,0.2223440000000011,0.11075039999999965,0.0012179999999989144,0.0030496000000003465,0.003283836804714794
0.010625,0.096875,0.005,1.5625e-08,0.327318,0.0755442,0.3283352500000011,0.07387047499999973,-0.0010172500000010798,0.0016737250000002785,0.001958609950482262
0.013125,0.096875,0.005,1.5625e-08,0.407349,0.053763,0.408491500000001,0.0529542999999998,-0.00114250000000099,0.0008087000000001968,0.0013997506706562351
0.015625,0.096875,0.005,1.5625e-08,0.469852,0.040254,0.47076725000000097,0.04022219999999985,-0.0009152500000009778,3.180000000015115e-05,0.0009158022726013512
0.018125,0.096875,0.005,1.5625e-08,0.519961,0.031651,0.5207420000000009,0.03195854999999988,-0.0007810000000009198,-0.00030754999999987875,0.0008393735774381764
0.020625,0.096875,0.005,1.5625e-08,0.561345,0.0258875,0.5620327500000009,0.026289349999999895,-0.0006877500000008752,-0.00040184999999989465,0.0007965447162596203
0.023125,0.096875,0.005,1.5625e-08,0.596396,0.0218429,0.5969852500000008,0.02220829999999991,-0.0005892500000007628,-0.00036539999999991163,0.0006933489182949911
0.025625,0.096875,0.005,1.5625e-08,0.626715,0.0188108,0.6271510000000008,0.019142999999999924,-0.0004360000000007691,-0.0003321999999999249,0.0005481357860974055
0.028125,0.096875,0.005,1.5625e-08,0.653226,0.0163649,0.6535802500000008,0.01675059999999993,-0.00035425000000077755,-0.00038569999999992985,0.0005236960497277946
0.030625,0.096875,0.005,1.5625e-08,0.676643,0.0144084,0.6769985000000006,0.014815699999999939,-0.0003555000000006192,-0.0004072999999999386,0.000540623288436958
0.033125,0.096875,0.005,1.5625e-08,0.697546,0.012809,0.6979152500000007,0.013196824999999945,-0.0003692500000006538,-0.00038782499999994585,0.0005354939711382761
0.035625,0.096875,0.005,1.5625e-08,0.71632,0.0114456,0.7166875000000006,0.011796954999999951,-0.0003675000000006312,-0.0003513549999999508,0.0005084354295536743
0.038125,0.096875,0.005,1.5625e-08,0.73322,0.0102326,0.7335672500000006,0.010546602499999957,-0.00034725000000057626,-0.0003140024999999571,0.0004681667785166129
0.040625,0.096875,0.005,1.5625e-08,0.748411,0.00911271,0.7487227500000007,0.00939391499999996,-0.00031175000000061015,-0.00028120499999995975,0.0004198384385991328
0.043125,0.096875,0.005,1.5625e-08,0.761998,0.0080453,0.7622625000000005,0.008298667499999966,-0.00026450000000055596,-0.0002533674999999659,0.0003662722212460656
0.045625,0.096875,0.005,1.5625e-08,0.774034,0.00699894,0.7742442500000005,0.007228529999999967,-0.00021025000000052252,-0.00022958999999996704,0.00031131435977192664
0.048125,0.096875,0.005,1.5625e-08,0.78453,0.00594747,0.7846837500000005,0.006156602499999973,-0.00015375000000050765,-0.00020913249999997274,0.00025956784287810904
0.050625,0.096875,0.005,1.5625e-08,0.793466,0.00486828,0.7935622500000005,0.005059874999999977,-9.625000000046402e-05,-0.00019159499999997671,0.0002144124682127427
0.053125,0.096875,0.005,1.5625e-08,0.800785,0.00374198,0.8008290000000003,0.003918052499999982,-4.400000000037707e-05,-0.0001760724999999826,0.00018148698371033955
0.055625,0.096875,0.005,1.5625e-08,0.806405,0.00255289,0.8064047500000004,0.002712662499999987,2.499999995908553e-07,-0.00015977249999998703,0.00015977269559047205
0.058125,0.096875,0.005,1.5625e-08,0.810223,0.00128893,0.8101840000000005,0.0014261794999999922,3.899999999956716e-05,-0.00013724949999999224,0.00014268295360768963
0.060625,0.096875,0.005,1.5625e-08,0.812116,-6.54071e-05,0.8120347500000005,4.1004299999997726e-05,8.124999999947757e-05,-0.00010641139999999772,0.00013388408624580674
0.063125,0.096875,0.005,1.5625e-08,0.811925,-0.00154739,0.8117972500000004,-0.0014619825000000005,0.00012774999999964898,-8.540749999999954e-05,0.00015367011276159147
0.065625,0.096875,0.005,1.5625e-08,0.80942,-0.00319513,0.8092795000000004,-0.003105739999999994,0.0001404999999996548,-8.939000000000603e-05,0.0001665257400521135
0.068125,0.096875,0.005,1.5625e-08,0.80435,-0.0050103,0.8042510000000004,-0.004920854999999988,9.899999999962716e-05,-8.944500000001177e-05,0.00013342191733342872
0.070625,0.096875,0.005,1.5625e-08,0.796449,-0.00702428,0.7964260000000004,-0.006952182499999968,2.2999999999551157e-05,-7.209750000003196e-05,7.567727205861719e-05
0.073125,0.096875,0.005,1.5625e-08,0.785364,-0.009317,0.7854362500000005,-0.009270587499999957,-7.225000000055104e-05,-4.641250000004399e-05,8.587306129592509e-05
0.075625,0.096875,0.005,1.5625e-08,0.770583,-0.0120194,0.7707827500000005,-0.011994464999999946,-0.00019975000000049814,-2.493500000005401e-05,0.00020130031476677253
0.078125,0.096875,0.005,1.5625e-08,0.751367,-0.0153371,0.7517425000000004,-0.015331499999999939,-0.00037550000000041717,-5.600000000060418e-06,0.00037554175533529416
0.080625,0.096875,0.005,1.5625e-08,0.726587,-0.0196438,0.7271950000000005,-0.019662174999999938,-0.000608000000000497,1.837499999993858e-05,0.0006082776016142648
0.083125,0.096875,0.005,1.5625e-08,0.694386,-0.0256699,0.6952832500000004,-0.025719349999999922,-0.0008972500000004047,4.9449999999923167e-05,0.0008986116319082001
0.085625,0.096875,0.005,1.5625e-08,0.6515,-0.0349185,0.6527267500000005,-0.0349946249999999,-0.0012267500000004983,7.612499999989919e-05,0.0012291096688767066
0.088125,0.096875,0.005,1.5625e-08,0.591871,-0.0506688,0.593403000000001,-0.05072104999999974,-0.001532000000000977,5.2249999999740004e-05,0.001532890753609978
0.090625,0.096875,0.005,1.5625e-08,0.504047,-0.0805271,0.5054930000000011,-0.08038914999999958,-0.0014460000000010576,-0.000137950000000428,0.0014525653866532743
0.093125,0.096875,0.005,1.5625e-08,0.368089,-0.142518,0.3671027500000014,-0.14217774999999927,0.0009862499999985785,-0.0003402500000007358,0.0010432924446183327
0.095625,0.096875,0.005,1.5625e-08,0.165717,-0.269213,0.15303220000000017,-0.2741449999999998,0.01268479999999983,0.004931999999999825,0.013609877848092318
0.098125,0.096875,0.005,1.5625e-08,-0.033542,-0.413664,-0.048627625000000084,-0.4286612499999998,0.015085625000000082,0.014997249999999851,0.02127189669970976
0.000625,0.098125,0.005,1.5625e-08,-0.00106363,0.269281,-0.04621937500000002,0.26175800000000043,0.04515574500000002,0.007522999999999558,0.045778126168564616
0.003125,0.099375,0.005,1.5625e-08,0.534556,0.0766969,0.5792085000000041,0.053108849999999284,-0.04465250000000409,0.023588050000000714,0.05049991939649903
0.005625,0.099375,0.005,1.5625e-08,0.719127,0.0275967,0.7367262500000027,0.01592745499999975,-0.01759925000000273,0.011669245000000248,0.021116459917150575
0.008125,0.099375,0.005,1.5625e-08,0.796892,0.0112843,0.804578250000002,0.007473262499999878,-0.007686250000002004,0.0038110375000001227,0.008579186784826286
0.010625,0.099375,0.005,1.5625e-08,0.838423,0.00563533,0.8420845000000017,0.004399649999999927,-0.0036615000000016495,0.0012356800000000731,0.003864387055201932
0.013125,0.099375,0.005,1.5625e-08,0.86419,0.00342601,0.8661667500000014,0.002948376499999951,-0.001976750000001415,0.00047763350000004905,0.0020336357399563694
0.015625,0.099375,0.005,1.5625e-08,0.882047,0.00235056,0.8832052500000013,0.002151554499999964,-0.0011582500000012486,0.00019900550000003566,0.001175221788231122
0.018125,0.099375,0.005,1.5625e-08,0.895342,0.00175883,0.8961035000000012,0.0016666609999999723,-0.0007615000000011918,9.216900000002777e-05,0.0007670576083729437
0.020625,0.099375,0.005,1.5625e-08,0.905828,0.00139988,0.9063562500000011,0.0013478447499999774,-0.0005282500000011181,5.203525000002261e-05,0.0005308066783149455
0.023125,0.099375,0.005,1.5625e-08,0.914458,0.00116422,0.9148047500000009,0.0011248432499999812,-0.00034675000000095046,3.937675000001894e-05,0.00034897863966326523
0.025625,0.099375,0.005,1.5625e-08,0.92178,0.000991904,0.9219525000000008,0.0009605764999999841,-0.00017250000000079702,3.132750000001594e-05,0.00017532159666317773
0.028125,0.099375,0.005,1.5625e-08,0.928081,0.000850558,0.9281187500000009,0.000834012499999986,-3.7750000000835726e-05,1.654550000001391e-05,4.1216696499277544e-05
0.030625,0.099375,0.005,1.5625e-08,0.933558,0.000738625,0.9335130000000007,0.0007324579999999877,4.4999999999295603e-05,6.167000000012316e-06,4.542061083843717e-05
0.033125,0.099375,0.005,1.5625e-08,0.938377,0.000648834,0.9382762500000007,0.000647824999999989,0.00010074999999931666,1.009000000011008e-06,0.00010075505238380024
0.035625,0.099375,0.005,1.5625e-08,0.942651,0.00057268,0.9425052500000006,0.0005746814999999905,0.00014574999999938942,-2.001499999990477e-06,0.0001457637420693911
0.038125,0.099375,0.005,1.5625e-08,0.946451,0.000504269,0.9462652500000005,0.0005092097499999914,0.00018574999999954045,-4.9407499999914095e-06,0.0001858156976963779
0.040625,0.099375,0.005,1.5625e-08,0.949819,0.00044006,0.9495992500000006,0.00044859649999999236,0.00021974999999940792,-8.536499999992379e-06,0.00021991574371106232
0.043125,0.099375,0.005,1.5625e-08,0.95278,0.000377762,0.9525335000000005,0.0003906844999999935,0.00024649999999948324,-1.2922499999993458e-05,0.0002468384917430729
0.045625,0.099375,0.005,1.5625e-08,0.955344,0.000315655,0.9550827500000004,0.0003337589249999943,0.00026124999999954657,-1.8103924999994297e-05,0.0002618765254851387
0.048125,0.099375,0.005,1.5625e-08,0.957513,0.000252309,0.9572485000000005,0.0002764110999999952,0.00026449999999944573,-2.410209999999523e-05,0.0002655958607059164
0.050625,0.099375,0.005,1.5625e-08,0.959277,0.000186502,0.9590255000000005,0.00021745322499999614,0.000251499999999516,-3.095122499999613e-05,0.000253397372379346
0.053125,0.099375,0.005,1.5625e-08,0.960621,0.00011724,0.9604005000000004,0.00015585549999999726,0.00022049999999951275,-3.8615499999997266e-05,0.0002238557724072241
0.055625,0.099375,0.005,1.5625e-08,0.961523,4.38224e-05,0.9613527500000004,9.069717499999831e-05,0.00017024999999959434,-4.687477499999831e-05,0.00017658512686849462
0.058125,0.099375,0.005,1.5625e-08,0.961956,-3.41977e-05,0.9618562500000004,2.1119513499999458e-05,9.974999999962098e-05,-5.531721349999946e-05,0.00011406163513350538
0.060625,0.099375,0.005,1.5625e-08,0.96189,-0.000117671,0.9618787500000004,-5.373144999999932e-05,1.12499999995741e-05,-6.393955000000069e-05,6.492171096168835e-05
0.063125,0.099375,0.005,1.5625e-08,0.961285,-0.000209268,0.9613822500000004,-0.00013479174999999821,-9.725000000049278e-05,-7.447625000000179e-05,0.00012249193571071775
0.065625,0.099375,0.005,1.5625e-08,0.960082,-0.000311387,0.9603215000000005,-0.0002232099249999968,-0.0002395000000005032,-8.817707500000319e-05,0.0002552164699932142
0.068125,0.099375,0.005,1.5625e-08,0.958219,-0.000423215,0.9586412500000004,-0.00032057364999999523,-0.00042225000000040147,-0.00010264135000000478,0.00043454609563332
0.070625,0.099375,0.005,1.5625e-08,0.955631,-0.00054648,0.9562755000000005,-0.00042929399999999283,-0.0006445000000004919,-0.00011718600000000718,0.0006550670260336997
0.073125,0.099375,0.005,1.5625e-08,0.95223,-0.000686702,0.9531355000000006,-0.0005532857499999906,-0.0009055000000005586,-0.00013341625000000933,0.0009152759943126863
0.075625,0.099375,0.005,1.5625e-08,0.947889,-0.000852796,0.9490997500000006,-0.0006992109999999882,-0.0012107500000005933,-0.00015358500000001174,0.0012204523402109728
0.078125,0.099375,0.005,1.5625e-08,0.942417,-0.00105856,0.9439892500000006,-0.0008788704999999858,-0.0015722500000006079,-0.00017968950000001429,0.001582484874781483
0.080625,0.099375,0.005,1.5625e-08,0.935514,-0.00132947,0.9375172500000006,-0.0011140804999999828,-0.002003250000000678,-0.00021538950000001716,0.0020147960688895973
0.083125,0.099375,0.005,1.5625e-08,0.926672,-0.00171649,0.9291995000000007,-0.0014474012499999776,-0.002527500000000682,-0.0002690887500000224,0.002541783823494835
0.085625,0.099375,0.005,1.5625e-08,0.914963,-0.00232879,0.918145750000001,-0.00196779124999997,-0.003182750000001011,-0.0003609987500000299,0.003203157451641742
0.088125,0.099375,0.005,1.5625e-08,0.898525,-0.00342844,0.902584750000001,-0.00287936199999995,-0.004059750000001028,-0.00054907800000005,0.00409671291556931
0.090625,0.099375,0.005,1.5625e-08,0.873179,-0.00577767,0.8786135000000014,-0.004716634999999917,-0.005434500000001341,-0.0010610350000000834,0.0055371098527336226
0.093125,0.099375,0.005,1.5625e-08,0.827718,-0.0123045,0.8363095000000018,-0.009210247499999833,-0.008591500000001862,-0.0030942525000001667,0.009131717844074535
0.095625,0.099375,0.005,1.5625e-08,0.724089,-0.0367927,0.7439212500000023,-0.024749414999999705,-0.019832250000002327,-0.012043285000000292,0.023202561359768545
0.098125,0.099375,0.005,1.5625e-08,0.43125,-0.128083,0.45763925000000283,-0.12122199999999918,-0.026389250000002806,-0.006861000000000825,0.027266569944946493
0.096875,0.061875,0.005,1.5625e-08,-0.0109674,-0.130768,-0.012252412499999947,-0.13050749999999972,0.0012850124999999463,-0.0002605000000002744,0.0013111511641135261
0.099375,0.061875,0.005,1.5625e-08,0.000699748,-0.0285676,-0.0006067999999999898,-0.027068249999999704,0.0013065479999999898,-0.0014993500000002949,0.0019887478721056766
0.094375,0.064375,0.005,1.5625e-08,-0.0392609,-0.252908,-0.039844124999999925,-0.2516402499999998,0.0005832249999999234,-0.001267750000000234,0.00139547177080925
0.096875,0.064375,0.005,1.5625e-08,-0.0133832,-0.150327,-0.013643024999999948,-0.15001349999999974,0.00025982499999994794,-0.00031350000000024414,0.00040717475440543466
0.099375,0.064375,0.005,1.5625e-08,-0.00057089,-0.0318524,-0.0006856762499999888,-0.031490799999999666,0.00011478624999998878,-0.00036160000000033665,0.000379381659004891
0.094375,0.066875,0.005,1.5625e-08,-0.0434779,-0.283667,-0.04331307499999992,-0.2834569999999998,-0.00016482500000007672,-0.00021000000000021002,0.00026695932391492433
0.096875,0.066875,0.005,1.5625e-08,-0.0149555,-0.171982,-0.015090199999999943,-0.17143749999999972,0.0001346999999999425,-0.0005445000000002809,0.0005609138436518486
0.099375,0.066875,0.005,1.5625e-08,-0.000828873,-0.0368793,-0.0007709027499999874,-0.03645239999999962,-5.7970250000012624e-05,-0.0004269000000003756,0.0004308180124894787
0.094375,0.069375,0.005,1.5625e-08,-0.0473253,-0.317174,-0.04665109999999992,-0.3169437499999998,-0.0006742000000000831,-0.00023025000000020945,0.0007124329459676948
0.096875,0.069375,0.005,1.5625e-08,-0.016529,-0.195654,-0.016586249999999938,-0.1947787499999997,5.7249999999939294e-05,-0.0008752500000002994,0.0008771203594721293
0.099375,0.069375,0.005,1.5625e-08,-0.000954324,-0.0426884,-0.0008630342499999859,-0.04199012499999956,-9.128975000001407e-05,-0.0006982750000004423,0.0007042171498058556
0.094375,0.071875,0.005,1.5625e-08,-0.0508196,-0.352259,-0.04977757499999989,-0.35163399999999956,-0.001042025000000106,-0.0006250000000004308,0.0012150889270443376
0.096875,0.071875,0.005,1.5625e-08,-0.0181048,-0.221345,-0.018132049999999924,-0.2200057499999995,2.724999999992317e-05,-0.0013392500000004859,0.0013395272020385765
0.099375,0.071875,0.005,1.5625e-08,-0.0010757,-0.0491659,-0.0009634434999999838,-0.04814519999999946,-0.00011225650000001614,-0.0010207000000005406,0.001026854425804046
0.094375,0.074375,0.005,1.5625e-08,-0.0539267,-0.38832,-0.052618774999999895,-0.3868999999999996,-0.0013079250000001055,-0.001420000000000421,0.0019305615259883513
0.096875,0.074375,0.005,1.5625e-08,-0.0196182,-0.248898,-0.01974547499999992,-0.24706574999999947,0.0001272749999999198,-0.0018322500000005348,0.0018366651812801755
0.099375,0.074375,0.005,1.5625e-08,-0.0012011,-0.0563142,-0.001075083249999982,-0.054969899999999385,-0.0001260167500000181,-0.0013443000000006172,0.0013501935828918114
0.094375,0.076875,0.005,1.5625e-08,-0.056744,-0.425151,-0.055108774999999895,-0.42190174999999963,-0.0016352250000001081,-0.00324925000000037,0.0036375247577339945
0.096875,0.076875,0.005,1.5625e-08,-0.0211322,-0.278,-0.02147484999999991,-0.2758969999999994,0.0003426499999999097,-0.002103000000000632,0.002130731804451841
0.099375,0.076875,0.005,1.5625e-08,-0.00135881,-0.0641572,-0.0012038192499999798,-0.0625405499999993,-0.00015499075000002024,-0.0016166500000006911,0.0016240626081182347
0.079375,0.079375,0.005,1.5625e-08,0.00352423,-0.272293,0.004678412500000076,-0.2738520000000001,-0.0011541825000000758,0.001559000000000088,0.001939746953421167
0.081875,0.079375,0.005,1.5625e-08,-0.0266021,-0.335289,-0.026170624999999944,-0.3368567500000001,-0.0004314750000000561,0.00156775000000009,0.0016260414318600036
0.094375,0.079375,0.005,1.5625e-08,-0.0606941,-0.46343,-0.057175749999999914,-0.45549099999999976,-0.0035183500000000867,-0.007939000000000251,0.008683692055946284
0.096875,0.079375,0.005,1.5625e-08,-0.0233134,-0.30843,-0.023419999999999917,-0.30644824999999953,0.0001065999999999151,-0.0019817500000004484,0.0019846149809224357
0.099375,0.079375,0.005,1.5625e-08,-0.00167013,-0.0730188,-0.0013609377499999781,-0.07098129999999926,-0.0003091922500000218,-0.002037500000000733,0.0020608265568608786
0.001875,0.081875,0.005,1.5625e-08,-0.00175857,0.0740487,-0.004165292500000004,0.07664050000000003,0.002406722500000004,-0.002591800000000033,0.0035369111427920323
0.076875,0.081875,0.005,1.5625e-08,0.0975102,-0.187715,0.09898850000000028,-0.18924024999999978,-0.0014783000000002794,0.0015252499999997837,0.0021240900292831674
0.079375,0.081875,0.005,1.5625e-08,0.0670543,-0.240745,0.06701697500000009,-0.24145150000000007,3.732499999990757e-05,0.0007065000000000821,0.0007074852688396479
0.081875,0.081875,0.005,1.5625e-08,0.0309164,-0.301195,0.030291850000000068,-0.30203250000000004,0.0006245499999999321,0.0008375000000000465,0.0010447339146883252
0.084375,0.081875,0.005,1.5625e-08,-0.0084658,-0.369182,-0.00879118749999996,-0.37057475000000006,0.00032538749999995974,0.0013927500000000537,0.0014302550778292568
0.096875,0.081875,0.005,1.5625e-08,-0.0267835,-0.340055,-0.025765199999999912,-0.3386924999999995,-0.0010183000000000865,-0.0013625000000004883,0.001700982404377396
0.099375,0.081875,0.005,1.5625e-08,-0.00201829,-0.0834533,-0.0015681377499999751,-0.08050759999999917,-0.0004501522500000247,-0.002945700000000828,0.002979896900596556
0.001875,0.084375,0.005,1.5625e-08,-0.00554779,0.0867205,-0.0061970575000000055,0.08908230000000003,0.0006492675000000052,-0.002361800000000025,0.0024494177933860888
0.074375,0.084375,0.005,1.5625e-08,0.199866,-0.119457,0.20190500000000028,-0.12046874999999985,-0.0020390000000002906,0.001011749999999853,0.0022762159525187603
0.076875,0.084375,0.005,1.5625e-08,0.174275,-0.159008,0.1744982500000003,-0.1591107499999998,-0.00022325000000028572,0.00010274999999979051,0.0002457602998860567
0.079375,0.084375,0.005,1.5625e-08,0.140539,-0.204974,0.14003450000000012,-0.205026,0.00050449999999988,5.200000000002425e-05,0.0005071728009267468
0.081875,0.084375,0.005,1.5625e-08,0.0996395,-0.260007,0.09847297500000009,-0.26026625000000003,0.0011665249999999183,0.00025925000000004417,0.0011949858317674032
0.084375,0.084375,0.005,1.5625e-08,0.052962,-0.325564,0.051057850000000043,-0.3264602500000001,0.0019041499999999587,0.0008962500000000984,0.0021045311318676234
0.086875,0.084375,0.005,1.5625e-08,0.00393696,-0.399347,0.0017458377500002837,-0.4023759999999997,0.002191122249999716,0.003028999999999671,0.0037384298461308357
0.089375,0.084375,0.005,1.5625e-08,-0.0380844,-0.473485,-0.0411066249999998,-0.4785692499999997,0.003022224999999802,0.005084249999999735,0.005914680212244877
0.096875,0.084375,0.005,1.5625e-08,-0.0307802,-0.374704,-0.028829749999999908,-0.3726044999999995,-0.001950450000000093,-0.002099500000000476,0.0028656858607499815
0.099375,0.084375,0.005,1.5625e-08,-0.00242866,-0.0956498,-0.001868241249999971,-0.09151169999999906,-0.0005604187500000291,-0.0041381000000009355,0.004175876050047383
0.001875,0.086875,0.005,1.5625e-08,-0.00917521,0.104651,-0.009494544999999988,0.10746967499999993,0.0003193349999999883,-0.002818674999999937,0.002836706470160358
0.064375,0.086875,0.005,1.5625e-08,0.334346,-0.00741976,0.3367862499999998,-0.008587482500000052,-0.0024402499999998106,0.0011677225000000522,0.002705253389149609
0.066875,0.086875,0.005,1.5625e-08,0.332717,-0.0259733,0.3328059999999997,-0.026567950000000073,-8.899999999972819e-05,0.0005946500000000715,0.0006012733342665686
0.069375,0.086875,0.005,1.5625e-08,0.324544,-0.0464802,0.3239699999999997,-0.046790725000000095,0.0005740000000002965,0.00031052500000009614,0.0006526115043618217
0.071875,0.086875,0.005,1.5625e-08,0.310369,-0.0694784,0.3096274999999998,-0.06979769999999998,0.0007415000000002281,0.0003192999999999807,0.0008073256715850958
0.074375,0.086875,0.005,1.5625e-08,0.289472,-0.0967695,0.28901299999999974,-0.09638284999999998,0.00045900000000026475,-0.00038665000000001615,0.0006001493334998011
0.076875,0.086875,0.005,1.5625e-08,0.261784,-0.128165,0.26123624999999984,-0.12774475,0.00054775000000018,-0.0004202500000000109,0.0006903912839833701
0.079375,0.086875,0.005,1.5625e-08,0.226194,-0.166133,0.22531549999999964,-0.16569500000000026,0.0008785000000003651,-0.00043799999999974415,0.0009816344788160293
0.081875,0.086875,0.005,1.5625e-08,0.181705,-0.213156,0.18036949999999963,-0.2128480000000003,0.001335500000000378,-0.00030799999999972516,0.0013705561827232185
0.084375,0.086875,0.005,1.5625e-08,0.128091,-0.272262,0.12621674999999963,-0.2724505000000003,0.0018742500000003826,0.00018850000000031342,0.0018837052084924413
0.086875,0.086875,0.005,1.5625e-08,0.0672196,-0.345208,0.06486447499999998,-0.34685399999999994,0.0023551250000000273,0.0016459999999999253,0.0028733133775529747
0.089375,0.086875,0.005,1.5625e-08,0.00696337,-0.429402,0.0032741175000000097,-0.4324699999999999,0.0036892524999999903,0.003067999999999904,0.004798250515422845
0.096875,0.086875,0.005,1.5625e-08,-0.0360184,-0.412204,-0.033129899999999886,-0.4079777499999993,-0.002888500000000113,-0.004226250000000709,0.005119044960977257
0.099375,0.086875,0.005,1.5625e-08,-0.00305112,-0.110151,-0.002351300499999961,-0.10473397499999886,-0.0006998195000000392,-0.005417025000001144,0.00546204240034968
0.001875,0.089375,0.005,1.5625e-08,-0.0155059,0.131878,-0.015121399999999976,0.1352534999999999,-0.0003845000000000237,-0.0033754999999998925,0.003397328435697569
0.026875,0.089375,0.005,1.5625e-08,0.131526,0.126814,0.13284924999999975,0.1258942500000001,-0.0013232499999997482,0.0009197499999999137,0.001611499495811021
0.029375,0.089375,0.005,1.5625e-08,0.16733,0.115564,0.16708624999999971,0.1151535000000001,0.00024375000000029234,0.00041049999999989706,0.00047741419386111467
0.031875,0.089375,0.005,1.5625e-08,0.200386,0.10589,0.19976499999999975,0.10560075000000009,0.0006210000000002602,0.00028924999999990764,0.0006850595320848181
0.034375,0.089375,0.005,1.5625e-08,0.231467,0.0971943,0.23076574999999974,0.09693700000000008,0.0007012500000002642,0.0002572999999999187,0.0007469637558143827
0.036875,0.089375,0.005,1.5625e-08,0.260713,0.0891632,0.26001049999999976,0.08890952500000007,0.0007025000000002168,0.0002536749999999255,0.0007468984239006445
0.039375,0.089375,0.005,1.5625e-08,0.288115,0.0815655,0.2874329999999997,0.08130070000000009,0.0006820000000002935,0.00026479999999991233,0.0007316030617762298
0.041875,0.089375,0.005,1.5625e-08,0.313625,0.0742062,0.31296274999999973,0.07392010000000007,0.0006622500000002529,0.0002860999999999281,0.0007214071475250948
0.044375,0.089375,0.005,1.5625e-08,0.337169,0.0669112,0.33651399999999976,0.06659787500000007,0.0006550000000002387,0.0003133249999999338,0.0007260837111692227
0.046875,0.089375,0.005,1.5625e-08,0.358648,0.0595205,0.35797674999999973,0.05917930000000006,0.0006712500000002897,0.0003411999999999374,0.000752990041435042
0.049375,0.089375,0.005,1.5625e-08,0.377928,0.0518821,0.37721499999999974,0.05152022500000005,0.0007130000000002412,0.00036187499999994904,0.0007995764601495638
0.051875,0.089375,0.005,1.5625e-08,0.394843,0.0438463,0.3940592499999997,0.04348322500000004,0.000783750000000305,0.0003630749999999558,0.000863763577679359
0.054375,0.089375,0.005,1.5625e-08,0.409181,0.0352609,0.4083059999999997,0.03493417500000004,0.0008750000000002922,0.0003267249999999583,0.0009340097567078644
0.056875,0.089375,0.005,1.5625e-08,0.420666,0.025975,0.41971249999999966,0.02573792500000003,0.0009535000000003291,0.00023707499999997203,0.000982530816628982
0.059375,0.089375,0.005,1.5625e-08,0.428896,0.0158831,0.42799224999999974,0.015753550000000015,0.0009037500000002585,0.00012954999999998523,0.0009129880968558481
0.061875,0.089375,0.005,1.5625e-08,0.433491,0.00498461,0.4328109999999997,0.004826830000000008,0.0006800000000002915,0.0001577799999999928,0.0006980648454122254
0.064375,0.089375,0.005,1.5625e-08,0.433936,-0.00772932,0.43377549999999965,-0.007220967500000038,0.00016050000000034093,-0.0005083524999999617,0.000533087717225149
0.066875,0.089375,0.005,1.5625e-08,0.430472,-0.0209227,0.4304244999999997,-0.020611500000000053,4.750000000031118e-05,-0.00031119999999994555,0.00031480420899345624
0.069375,0.089375,0.005,1.5625e-08,0.422447,-0.0357943,0.42221049999999966,-0.03564037500000007,0.00023650000000036142,-0.0001539249999999298,0.00028217929694637295
0.071875,0.089375,0.005,1.5625e-08,0.408959,-0.0527444,0.4084729999999998,-0.05273002499999999,0.0004860000000002085,-1.4375000000003968e-05,0.000486212546758311
0.074375,0.089375,0.005,1.5625e-08,0.389098,-0.0727649,0.3883987499999998,-0.07252097500000002,0.0006992500000002067,-0.0002439249999999782,0.0007405740801062906
0.076875,0.089375,0.005,1.5625e-08,0.361752,-0.0965053,0.3609664999999998,-0.09602705000000003,0.0007855000000002166,-0.00047824999999997175,0.0009196375984594765
0.079375,0.089375,0.005,1.5625e-08,0.325828,-0.125516,0.3248847499999996,-0.12489075000000019,0.0009432500000003952,-0.0006252499999997996,0.001131661665428539
0.081875,0.089375,0.005,1.5625e-08,0.279813,-0.162398,0.27857524999999955,-0.16175825000000024,0.001237750000000426,-0.0006397499999997447,0.001393307261518696
0.084375,0.089375,0.005,1.5625e-08,0.222167,-0.211025,0.22040799999999952,-0.2106665000000003,0.0017590000000004824,-0.0003584999999996785,0.0017951610651976235
0.086875,0.089375,0.005,1.5625e-08,0.15241,-0.27617,0.14974049999999992,-0.27679375,0.0026695000000000746,0.0006237499999999785,0.0027414037120607336
0.089375,0.089375,0.005,1.5625e-08,0.0739211,-0.360821,0.0699254,-0.36336599999999997,0.003995700000000005,0.002544999999999964,0.004737366725302133
0.091875,0.089375,0.005,1.5625e-08,-0.000361261,-0.454638,-0.005791279999999959,-0.46053049999999995,0.005430018999999959,0.005892499999999967,0.008012906001592691
0.096875,0.089375,0.005,1.5625e-08,-0.0451383,-0.45332,-0.03935392499999988,-0.4436309999999994,-0.005784375000000119,-0.009689000000000614,0.011284312789914958
0.099375,0.089375,0.005,1.5625e-08,-0.00462717,-0.129181,-0.0032288747499999463,-0.12165844999999867,-0.0013982952500000536,-0.007522550000001321,0.0076514043226516655
0.001875,0.091875,0.005,1.5625e-08,-0.0282071,0.174759,-0.025532124999999954,0.17818674999999984,-0.0026749750000000447,-0.0034277499999998406,0.00434798359163465
0.014375,0.091875,0.005,1.5625e-08,0.0193562,0.171938,0.017146431749999753,0.1709532500000001,0.002209768250000247,0.0009847499999998954,0.0024192577955250965
0.016875,0.091875,0.005,1.5625e-08,0.0690821,0.147081,0.0662548499999997,0.14645600000000014,0.002827250000000295,0.0006249999999998479,0.002895508169993909
0.019375,0.091875,0.005,1.5625e-08,0.1169,0.127396,0.11418182499999965,0.12705575000000013,0.00271817500000035,0.0003402499999998754,0.0027393877770638497
0.021875,0.091875,0.005,1.5625e-08,0.161947,0.111635,0.15972849999999966,0.11160350000000013,0.002218500000000345,3.149999999986497e-05,0.0022187236195618243
0.024375,0.091875,0.005,1.5625e-08,0.203826,0.0991628,0.2024894999999996,0.09911167500000012,0.0013365000000004068,5.112499999987419e-05,0.0013374774822874868
0.026875,0.091875,0.005,1.5625e-08,0.243067,0.0884042,0.2424182499999996,0.0888172500000001,0.0006487500000003921,-0.0004130500000000953,0.0007690818324473589
0.029375,0.091875,0.005,1.5625e-08,0.27989,0.0799301,0.2796132499999996,0.0801489750000001,0.00027675000000043637,-0.00021887500000009052,0.00035284108055225254
0.031875,0.091875,0.005,1.5625e-08,0.314443,0.0725895,0.31421874999999966,0.0726794000000001,0.00022425000000031448,-8.990000000010101e-05,0.0002415989910992163
0.034375,0.091875,0.005,1.5625e-08,0.34659,0.0660612,0.3463757499999996,0.06608402500000009,0.0002142500000004155,-2.282500000008736e-05,0.0002154623937609114
0.036875,0.091875,0.005,1.5625e-08,0.376402,0.060125,0.3762004999999996,0.060110675000000086,0.00020150000000040968,1.4324999999912325e-05,0.00020200855334654173
0.039375,0.091875,0.005,1.5625e-08,0.403963,0.0545976,0.4037744999999996,0.05455817500000007,0.00018850000000042444,3.9424999999933263e-05,0.00019257876473057652
0.041875,0.091875,0.005,1.5625e-08,0.429323,0.049321,0.42914024999999967,0.04926107500000007,0.00018275000000034236,5.992499999992601e-05,0.00019232412257726869
0.044375,0.091875,0.005,1.5625e-08,0.45249,0.0441571,0.45230074999999964,0.044079350000000066,0.00018925000000036274,7.774999999993204e-05,0.00020459869256700232
0.046875,0.091875,0.005,1.5625e-08,0.473433,0.0389827,0.4732189999999996,0.03889100000000005,0.00021400000000038055,9.169999999995154e-05,0.00023281943647417838
0.049375,0.091875,0.005,1.5625e-08,0.492075,0.0336848,0.49181799999999964,0.033586900000000044,0.0002570000000003403,9.789999999995636e-05,0.00027501529048430445
0.051875,0.091875,0.005,1.5625e-08,0.508297,0.0281575,0.5079807499999996,0.02806667500000004,0.00031625000000035097,9.08249999999576e-05,0.00032903380240518495
0.054375,0.091875,0.005,1.5625e-08,0.521929,0.0223019,0.5215502499999997,0.022235300000000034,0.00037875000000031633,6.65999999999653e-05,0.0003845609477056075
0.056875,0.091875,0.005,1.5625e-08,0.532755,0.0160365,0.5323277499999997,0.015999950000000027,0.0004272500000003232,3.654999999997202e-05,0.00042881052342529346
0.059375,0.091875,0.005,1.5625e-08,0.540514,0.00931428,0.5400697499999996,0.009265955000000018,0.000444250000000479,4.832499999998102e-05,0.0004468706391400354
0.061875,0.091875,0.005,1.5625e-08,0.544975,0.0020567,0.5444864999999997,0.0019315062500000074,0.0004885000000003359,0.00012519374999999246,0.000504287343723188
0.064375,0.091875,0.005,1.5625e-08,0.545713,-0.00622921,0.5452309999999997,-0.006120417500000027,0.0004820000000003155,-0.00010879249999997277,0.0004941252959083842
0.066875,0.091875,0.005,1.5625e-08,0.542238,-0.015291,0.5418914999999996,-0.015035500000000042,0.0003465000000003604,-0.0002554999999999589,0.0004305142274074444
0.069375,0.091875,0.005,1.5625e-08,0.534295,-0.025268,0.5339719999999997,-0.025010725000000057,0.0003230000000002953,-0.00025727499999994227,0.00041293997823553123
0.071875,0.091875,0.005,1.5625e-08,0.521278,-0.0365585,0.5208612499999996,-0.03633377500000001,0.00041675000000040985,-0.00022472499999998813,0.0004734784980601931
0.074375,0.091875,0.005,1.5625e-08,0.502336,-0.0497619,0.5017852499999997,-0.04945292500000002,0.0005507500000002663,-0.00030897499999997524,0.0006314990998610196
0.076875,0.091875,0.005,1.5625e-08,0.476345,-0.0655722,0.4757197499999998,-0.06510317500000004,0.0006252500000002437,-0.0004690249999999563,0.0007816150031347042
0.079375,0.091875,0.005,1.5625e-08,0.441951,-0.0851647,0.44126099999999957,-0.08453437500000019,0.0006900000000004125,-0.0006303249999998067,0.000934563858505841
0.081875,0.091875,0.005,1.5625e-08,0.397259,-0.110669,0.3964304999999995,-0.10991800000000021,0.0008285000000004539,-0.0007509999999997935,0.0011182187844963264
0.084375,0.091875,0.005,1.5625e-08,0.339669,-0.145778,0.3384874999999995,-0.14501725000000032,0.0011815000000005016,-0.0007607499999996714,0.0014052340774763062
0.086875,0.091875,0.005,1.5625e-08,0.266107,-0.196481,0.26409099999999985,-0.19602850000000008,0.002016000000000129,-0.0004524999999999113,0.002066158815289967
0.089375,0.091875,0.005,1.5625e-08,0.174752,-0.270734,0.17109174999999996,-0.27145475,0.0036602500000000315,0.0007207500000000477,0.003730537578553565
0.091875,0.091875,0.005,1.5625e-08,0.0713654,-0.37177,0.06521490000000003,-0.37583449999999996,0.0061504999999999616,0.004064499999999971,0.00737216457358348
0.094375,0.091875,0.005,1.5625e-08,-0.0166422,-0.472908,-0.025379500000000298,-0.48254250000000043,0.008737300000000298,0.009634500000000434,0.013006306221983765
0.099375,0.091875,0.005,1.5625e-08,-0.0103909,-0.157227,-0.005101352499999914,-0.14555109999999843,-0.005289547500000086,-0.011675900000001571,0.012818188388567
0.001875,0.094375,0.005,1.5625e-08,-0.0536709,0.239702,-0.04665402500000008,0.24426300000000017,-0.0070168749999999225,-0.004561000000000176,0.008368945917236264
0.006875,0.094375,0.005,1.5625e-08,-0.0418394,0.238411,-0.05216189999999975,0.24059799999999984,0.010322499999999749,-0.002186999999999828,0.010551633771601157
0.009375,0.094375,0.005,1.5625e-08,0.0245825,0.184918,0.01794976750000042,0.1843442499999998,0.006632732499999579,0.000573750000000206,0.006657501744577383
0.011875,0.094375,0.005,1.5625e-08,0.0964576,0.143802,0.09267720000000051,0.14234799999999978,0.0037803999999994897,0.0014540000000002329,0.004050375311004749
0.014375,0.094375,0.005,1.5625e-08,0.164433,0.113665,0.1620580000000006,0.1128522499999998,0.0023749999999994054,0.0008127500000001953,0.0025102166365669506
0.016875,0.094375,0.005,1.5625e-08,0.225346,0.0925206,0.22391750000000057,0.09204574999999984,0.0014284999999994163,0.00047485000000015154,0.0015053553641909529
0.019375,0.094375,0.005,1.5625e-08,0.279595,0.0772543,0.2785942500000006,0.07701397499999986,0.001000749999999384,0.00024032500000013834,0.0010292019569179967
0.021875,0.094375,0.005,1.5625e-08,0.327728,0.0659677,0.32705075000000056,0.06582747499999987,0.000677249999999463,0.0001402250000001326,0.0006916144974798532
0.024375,0.094375,0.005,1.5625e-08,0.37071,0.0574653,0.3702682500000005,0.057243099999999894,0.0004417499999994634,0.00022220000000010287,0.0004944854927089081
0.026875,0.094375,0.005,1.5625e-08,0.409348,0.0504383,0.4090817500000005,0.0504532249999999,0.0002662499999994683,-1.4924999999901822e-05,0.00026666799231387696
0.029375,0.094375,0.005,1.5625e-08,0.444159,0.0447527,0.4441557500000005,0.04492154999999991,3.249999999510589e-06,-0.00016884999999990796,0.0001688812748648166
0.031875,0.094375,0.005,1.5625e-08,0.475856,0.0400989,0.47600475000000053,0.040281724999999914,-0.0001487500000005304,-0.0001828249999999143,0.00023569374859152813
0.034375,0.094375,0.005,1.5625e-08,0.504797,0.0361221,0.5050170000000005,0.03627509999999992,-0.00022000000000044206,-0.00015299999999992403,0.0002679720134644125
0.036875,0.094375,0.005,1.5625e-08,0.531231,0.0325933,0.5314780000000005,0.03271292499999993,-0.0002470000000004413,-0.00011962499999992882,0.0002744433286221419
0.039375,0.094375,0.005,1.5625e-08,0.55534,0.0293595,0.5555900000000005,0.029452149999999934,-0.0002500000000005276,-9.264999999993376e-05,0.00026661587068337007
0.041875,0.094375,0.005,1.5625e-08,0.577251,0.026308,0.5774842500000004,0.02638044999999994,-0.00023325000000040674,-7.244999999993923e-05,0.0002442428402229653
0.044375,0.094375,0.005,1.5625e-08,0.597033,0.0233489,0.5972347500000004,0.02340664999999995,-0.0002017500000003336,-5.77499999999502e-05,0.000209852626860206
0.046875,0.094375,0.005,1.5625e-08,0.614706,0.020406,0.6148605000000004,0.020454174999999956,-0.00015450000000039044,-4.817499999995589e-05,0.00016183658617604485
0.049375,0.094375,0.005,1.5625e-08,0.63024,0.0174121,0.6303372500000004,0.01745672499999996,-9.725000000038175e-05,-4.462499999996136e-05,0.00010699978095805058
0.051875,0.094375,0.005,1.5625e-08,0.643564,0.014307,0.6435950000000004,0.014355424999999967,-3.1000000000336314e-05,-4.842499999996655e-05,5.749765756113558e-05
0.054375,0.094375,0.005,1.5625e-08,0.654562,0.0110378,0.6545260000000004,0.011095954999999973,3.5999999999591914e-05,-5.815499999997295e-05,6.839593573427789e-05
0.056875,0.094375,0.005,1.5625e-08,0.663081,0.00756234,0.6629825000000005,0.007626877499999981,9.849999999955728e-05,-6.453749999998145e-05,0.00011775966587147056
0.059375,0.094375,0.005,1.5625e-08,0.668938,0.00384781,0.6687777500000003,0.003896962499999988,0.00016024999999975087,-4.915249999998782e-05,0.00016761870646252153
0.061875,0.094375,0.005,1.5625e-08,0.671936,-0.000171815,0.6716847500000004,-0.00014790750000000382,0.0002512499999995921,-2.3907499999996172e-05,0.00025238488674254016
0.064375,0.094375,0.005,1.5625e-08,0.671762,-0.00466236,0.6714292500000003,-0.0045695350000000065,0.0003327499999996597,-9.282499999999343e-05,0.00034545483514458487
0.066875,0.094375,0.005,1.5625e-08,0.668004,-0.00962918,0.6676825000000004,-0.009445214999999998,0.0003214999999996415,-0.0001839650000000012,0.0003704124339500092
0.069375,0.094375,0.005,1.5625e-08,0.660338,-0.0151059,0.6600460000000004,-0.01488104999999999,0.0002919999999996259,-0.0002248500000000108,0.0003685397163126199
0.071875,0.094375,0.005,1.5625e-08,0.648311,-0.0212715,0.6480222500000005,-0.021035349999999942,0.0002887499999995047,-0.00023615000000005645,0.0003730192823430722
0.074375,0.094375,0.005,1.5625e-08,0.631264,-0.0284365,0.6309650000000004,-0.028160399999999926,0.00029899999999960514,-0.0002761000000000742,0.0004069793729414365
0.076875,0.094375,0.005,1.5625e-08,0.608268,-0.0370373,0.6079910000000005,-0.0366807749999999,0.0002769999999995276,-0.0003565250000001005,0.0004514854102014925
0.079375,0.094375,0.005,1.5625e-08,0.578041,-0.0478009,0.5778225000000003,-0.047342524999999934,0.00021849999999967729,-0.00045837500000006637,0.00050778921869701
0.081875,0.094375,0.005,1.5625e-08,0.538664,-0.0620804,0.5385062500000003,-0.061507724999999916,0.0001577499999997345,-0.0005726750000000849,0.0005940048132170425
0.084375,0.094375,0.005,1.5625e-08,0.487114,-0.0824474,0.48693125000000026,-0.0817430999999999,0.00018274999999973174,-0.0007043000000001021,0.0007276235651077044
0.086875,0.094375,0.005,1.5625e-08,0.418604,-0.113813,0.4181100000000007,-0.11296852499999965,0.0004939999999992728,-0.0008444750000003443,0.0009783527102353543
0.089375,0.094375,0.005,1.5625e-08,0.326206,-0.165194,0.3246495000000008,-0.16441249999999952,0.0015564999999991835,-0.0007815000000004901,0.0017416757735004022
0.091875,0.094375,0.005,1.5625e-08,0.203383,-0.250278,0.1992125000000009,-0.2510117499999993,0.0041704999999991055,0.0007337499999993113,0.004234555385455659
0.094375,0.094375,0.005,1.5625e-08,0.058614,-0.374462,0.05089507499999994,-0.381607,0.007718925000000057,0.007144999999999957,0.010518214114364913
0.096875,0.094375,0.005,1.5625e-08,-0.04737,-0.46973,-0.049008800000000054,-0.4773324999999999,0.0016388000000000513,0.007602499999999901,0.007777124898701233
0.099375,0.094375,0.005,1.5625e-08,-0.0199787,-0.210203,-0.010327584999999879,-0.18479484999999835,-0.00965111500000012,-0.025408150000001656,0.027179369145839488
0.001875,0.096875,0.005,1.5625e-08,-0.0687242,0.305517,-0.076675875,0.31749275000000005,0.007951675000000005,-0.011975750000000063,0.014375246897640631
0.004375,0.096875,0.005,1.5625e-08,0.0231835,0.226917,0.008557275000000726,0.23138174999999958,0.014626224999999273,-0.004464749999999573,0.015292496536311522
0.006875,0.096875,0.005,1.5625e-08,0.161198,0.143013,0.15720067500000104,0.13971499999999962,0.003997324999998969,0.003298000000000384,0.005182220678012399
0.009375,0.096875,0.005,1.5625e-08,0.278821,0.0919408,0.2791277500000011,0.0895664749999997,-0.0003067500000011325,0.002374325000000302,0.0023940582215408062
0.011875,0.096875,0.005,1.5625e-08,0.369848,0.063314,0.3710940000000011,0.062037749999999774,-0.0012460000000010796,0.0012762500000002217,0.001783628342032963
0.014375,0.096875,0.005,1.5625e-08,0.440453,0.0462201,0.441460750000001,0.04585809999999982,-0.0010077500000010287,0.0003620000000001816,0.0010707959948104983
0.016875,0.096875,0.005,1.5625e-08,0.496186,0.0354998,0.497029250000001,0.03567684999999986,-0.0008432500000009613,-0.00017704999999985926,0.0008616363879279771
0.019375,0.096875,0.005,1.5625e-08,0.541572,0.0285025,0.5423035000000008,0.028876174999999886,-0.0007315000000007732,-0.0003736749999998859,0.0008214166151387772
0.021875,0.096875,0.005,1.5625e-08,0.579546,0.0237009,0.5801897500000008,0.0240931749999999,-0.0006437500000008312,-0.00039227499999990034,0.0007538525970811481
0.024375,0.096875,0.005,1.5625e-08,0.612075,0.0202419,0.6125915000000008,0.020573974999999915,-0.000516500000000808,-0.0003320749999999144,0.0006140407605572922
0.026875,0.096875,0.005,1.5625e-08,0.640402,0.0175203,0.6407810000000007,0.017878374999999926,-0.00037900000000068435,-0.0003580749999999265,0.0005214007150220127
0.029375,0.096875,0.005,1.5625e-08,0.66528,0.0153335,0.6656297500000007,0.015736099999999937,-0.00034975000000070366,-0.00040259999999993704,0.0005333027493839138
0.031875,0.096875,0.005,1.5625e-08,0.687381,0.0135726,0.6877442500000007,0.013973599999999942,-0.0003632500000007033,-0.00040099999999994133,0.0005410652109500886
0.034375,0.096875,0.005,1.5625e-08,0.707181,0.0121042,0.7075515000000006,0.012474377499999948,-0.00037050000000060646,-0.000370177499999947,0.0005237381325688059
0.036875,0.096875,0.005,1.5625e-08,0.724992,0.0108246,0.7253517500000006,0.011156662499999952,-0.00035975000000065815,-0.0003320624999999522,0.0004895769259337003
0.039375,0.096875,0.005,1.5625e-08,0.741021,0.00966401,0.7413522500000006,0.009960789999999959,-0.00033125000000056026,-0.00029677999999995833,0.0004447526626118684
0.041875,0.096875,0.005,1.5625e-08,0.755401,0.00857473,0.7556897500000006,0.008841284999999963,-0.0002887500000006149,-0.0002665549999999635,0.00039297344760853197
0.044375,0.096875,0.005,1.5625e-08,0.768208,0.00752139,0.7684462500000006,0.007762252499999966,-0.00023825000000055052,-0.00024086249999996558,0.00033878873417883266
0.046875,0.096875,0.005,1.5625e-08,0.779475,0.0064755,0.7796572500000005,0.006694302499999971,-0.00018225000000049452,-0.00021880249999997083,0.0002847623509286603
0.049375,0.096875,0.005,1.5625e-08,0.789196,0.0054128,0.7893207500000005,0.0056126574999999755,-0.0001247500000004509,-0.00019985749999997578,0.00023559622833643328
0.051875,0.096875,0.005,1.5625e-08,0.797332,0.00431227,0.7974012500000005,0.0044957899999999796,-6.925000000046477e-05,-0.00018351999999997957,0.00019615084221092925
0.054375,0.096875,0.005,1.5625e-08,0.803813,0.00315628,0.8038342500000005,0.0033244099999999843,-2.125000000052779e-05,-0.00016812999999998423,0.0001694675762499043
0.056875,0.096875,0.005,1.5625e-08,0.808547,0.00193117,0.8085267500000004,0.0020806399999999895,2.0249999999610857e-05,-0.00014946999999998945,0.00015083548455181587
0.059375,0.096875,0.005,1.5625e-08,0.811419,0.000624831,0.8113600000000004,0.0007470652499999949,5.899999999958716e-05,-0.00012223424999999492,0.00013572844901866573
0.061875,0.096875,0.005,1.5625e-08,0.812293,-0.000786783,0.8121882500000004,-0.0006944542499999994,0.00010474999999965373,-9.232875000000061e-05,0.00013963223330051722
0.064375,0.096875,0.005,1.5625e-08,0.810978,-0.0023505,0.8108367500000003,-0.0022645949999999973,0.0001412499999996486,-8.590500000000287e-05,0.000165321600297424
0.066875,0.096875,0.005,1.5625e-08,0.807221,-0.00408089,0.8070955000000004,-0.003989512499999992,0.00012549999999955652,-9.137750000000854e-05,0.00015524206100841437
0.069375,0.096875,0.005,1.5625e-08,0.800773,-0.00598862,0.8007085000000005,-0.005905862499999984,6.449999999946776e-05,-8.275750000001636e-05,0.00010492403826666246
0.071875,0.096875,0.005,1.5625e-08,0.791332,-0.0081288,0.7913537500000005,-0.008069557499999963,-2.1750000000486658e-05,-5.924250000003718e-05,6.310892414132548e-05
0.074375,0.096875,0.005,1.5625e-08,0.778475,-0.0106066,0.7786057500000005,-0.010571627499999951,-0.0001307500000005124,-3.497250000004948e-05,0.00013534636403090942
0.076875,0.096875,0.005,1.5625e-08,0.761589,-0.0135835,0.7618687500000005,-0.01356804999999994,-0.00027975000000057815,-1.54500000000609e-05,0.000280176310562341
0.079375,0.096875,0.005,1.5625e-08,0.739766,-0.0173328,0.7402502500000004,-0.01733822499999994,-0.00048425000000040797,5.424999999940894e-06,0.00048428038688903607
0.081875,0.096875,0.005,1.5625e-08,0.711573,-0.0223736,0.7123195000000005,-0.02240687499999993,-0.0007465000000005384,3.327499999992989e-05,0.0007472412432580252
0.084375,0.096875,0.005,1.5625e-08,0.674568,-0.0297467,0.6756272500000003,-0.02981169999999991,-0.0010592500000004001,6.499999999990888e-05,0.0010612424616932908
0.086875,0.096875,0.005,1.5625e-08,0.624327,-0.0416549,0.6257190000000008,-0.041730774999999797,-0.001392000000000837,7.587499999979486e-05,0.001394066359836324
0.089375,0.096875,0.005,1.5625e-08,0.552509,-0.0630575,0.554102250000001,-0.06304497499999967,-0.0015932500000009897,-1.2525000000332409e-05,0.0015932992305678685
0.091875,0.096875,0.005,1.5625e-08,0.443648,-0.105717,0.44444725000000124,-0.10540324999999946,-0.0007992500000012503,-0.00031375000000054276,0.0008586265922986193
0.094375,0.096875,0.005,1.5625e-08,0.275027,-0.195853,0.26983550000000034,-0.19651174999999974,0.0051914999999996825,0.0006587499999997359,0.005233127536425647
0.096875,0.096875,0.005,1.5625e-08,0.0507617,-0.355741,0.031405824999999936,-0.369917,0.019355875000000064,0.014176000000000022,0.023991850137403497
0.099375,0.096875,0.005,1.5625e-08,-0.024696,-0.301621,-0.030413949999999766,-0.26297649999999817,0.005717949999999767,-0.0386445000000018,0.039065231759873593
0.001875,0.099375,0.005,1.5625e-08,0.37981,0.125828,0.4018890000000046,0.11787062499999873,-0.022079000000004623,0.007957375000001266,0.023469172501195037
0.004375,0.099375,0.005,1.5625e-08,0.649191,0.0453881,0.6769487500000034,0.027045914999999587,-0.027757750000003467,0.018342185000000413,0.03327053404496136
0.006875,0.099375,0.005,1.5625e-08,0.764758,0.0172925,0.7763942500000024,0.010496072499999832,-0.011636250000002346,0.006796427500000167,0.013475672184544752
0.009375,0.099375,0.005,1.5625e-08,0.820472,0.00775958,0.825664750000002,0.0056189149999999076,-0.005192750000001967,0.0021406650000000927,0.0056166804435311985
0.011875,0.099375,0.005,1.5625e-08,0.852612,0.00431075,0.8552820000000017,0.003555905999999941,-0.0026700000000016155,0.0007548440000000592,0.0027746512329200434
0.014375,0.099375,0.005,1.5625e-08,0.873847,0.00280266,0.8753377500000015,0.002496630249999958,-0.0014907500000014284,0.00030602975000004187,0.001521837629443216
0.016875,0.099375,0.005,1.5625e-08,0.889129,0.00201496,0.8900575000000012,0.0018818062499999686,-0.00092850000000122,0.00013315375000003148,0.0009379990251281375
0.019375,0.099375,0.005,1.5625e-08,0.900864,0.00155917,0.9014975000000012,0.0014919722499999752,-0.0006335000000011748,6.719775000002472e-05,0.0006370539911236365
0.021875,0.099375,0.005,1.5625e-08,0.910333,0.00127099,0.9107690000000009,0.0012271944999999796,-0.00043600000000099115,4.3795500000020455e-05,0.00043819407323823545
0.024375,0.099375,0.005,1.5625e-08,0.91826,0.00107342,0.918517750000001,0.0010369419999999826,-0.00025775000000105575,3.647800000001751e-05,0.000260318472230738
0.026875,0.099375,0.005,1.5625e-08,0.925046,0.000917456,0.9251430000000007,0.0008935169999999851,-9.700000000067988e-05,2.393900000001491e-05,9.991033840965914e-05
0.029375,0.099375,0.005,1.5625e-08,0.930911,0.000791252,0.9309022500000008,0.000780694999999987,8.749999999224656e-06,1.0557000000013025e-05,1.3711774100629957e-05
0.031875,0.099375,0.005,1.5625e-08,0.936041,0.000691549,0.9359665000000008,0.0006884117499999884,7.44999999992002e-05,3.137250000011531e-06,7.456602669744046e-05
0.034375,0.099375,0.005,1.5625e-08,0.940577,0.000609498,0.9404530000000006,0.0006100824999999898,0.00012399999999934685,-5.844999999898501e-07,0.000124001377573348
0.036875,0.099375,0.005,1.5625e-08,0.944607,0.000537778,0.9444407500000006,0.0005411812499999909,0.0001662499999993683,-3.403249999990891e-06,0.0001662848297661347
0.039375,0.099375,0.005,1.5625e-08,0.948187,0.000471811,0.9479832500000006,0.0004784429999999919,0.00020374999999939192,-6.6319999999919364e-06,0.00020385790620859446
0.041875,0.099375,0.005,1.5625e-08,0.951349,0.000408797,0.9511152500000005,0.0004194184999999929,0.00023374999999947743,-1.0621499999992898e-05,0.00023399119377020484
0.044375,0.099375,0.005,1.5625e-08,0.954111,0.000346788,0.9538562500000005,0.00036219227499999386,0.0002547499999995262,-1.5404274999993863e-05,0.00025521530947032555
0.046875,0.099375,0.005,1.5625e-08,0.956478,0.000284227,0.9562137500000004,0.00030521632499999477,0.00026424999999963283,-2.0989324999994756e-05,0.0002650822782906495
0.049375,0.099375,0.005,1.5625e-08,0.958446,0.000219791,0.9581867500000005,0.00024720087499999574,0.00025924999999948906,-2.740987499999574e-05,0.0002606949630262358
0.051875,0.099375,0.005,1.5625e-08,0.960003,0.000152364,0.9597645000000005,0.00018704382499999678,0.00023849999999958627,-3.467982499999678e-05,0.0002410081746784392
0.054375,0.099375,0.005,1.5625e-08,0.961129,8.10914e-05,0.9609307500000004,0.00012377602499999776,0.00019824999999962234,-4.268462499999776e-05,0.00020279309581748757
0.056875,0.099375,0.005,1.5625e-08,0.9618,5.4263e-06,0.9616622500000005,5.6513457499998876e-05,0.00013774999999949245,-5.108715749999888e-05,0.00014691820908685846
0.059375,0.099375,0.005,1.5625e-08,0.961988,-7.51297e-05,0.9619297500000004,-1.5591007499999943e-05,5.824999999959335e-05,-5.953869250000006e-05,8.32941678904483e-05
0.061875,0.099375,0.005,1.5625e-08,0.961658,-0.000162199,0.9616982500000004,-9.342077499999868e-05,-4.0250000000408015e-05,-6.877822500000132e-05,7.96900667221684e-05
0.064375,0.099375,0.005,1.5625e-08,0.960762,-0.000259064,0.9609257500000004,-0.00017799534999999754,-0.00016375000000035111,-8.106865000000245e-05,0.00018271887837040235
0.066875,0.099375,0.005,1.5625e-08,0.959237,-0.000366072,0.9595622500000004,-0.00027064807499999603,-0.00032525000000038773,-9.542392500000397e-05,0.0003389591243242444
0.069375,0.099375,0.005,1.5625e-08,0.95702,-0.000483156,0.9575492500000005,-0.00037331549999999436,-0.0005292500000004807,-0.00010984050000000564,0.0005405279807195554
0.071875,0.099375,0.005,1.5625e-08,0.954039,-0.000613987,0.9548087500000004,-0.0004890494999999918,-0.0007697500000004576,-0.00012493750000000818,0.0007798233398706122
0.074375,0.099375,0.005,1.5625e-08,0.950187,-0.000765822,0.9512390000000005,-0.0006229279999999897,-0.001052000000000497,-0.00014289400000001026,0.0010616603483398297
0.076875,0.099375,0.005,1.5625e-08,0.94531,-0.000949514,0.9466932500000005,-0.0007837777499999869,-0.0013832500000005021,-0.0001657362500000132,0.001393143591689477
0.079375,0.099375,0.005,1.5625e-08,0.939169,-0.00118352,0.9409475000000006,-0.0009875492499999846,-0.0017785000000005713,-0.0001959707500000154,0.0017892643138613146
0.081875,0.099375,0.005,1.5625e-08,0.93138,-0.00150363,0.9336320000000007,-0.0012644822499999805,-0.002252000000000698,-0.00023914775000001944,0.0022646623691696772
0.084375,0.099375,0.005,1.5625e-08,0.921261,-0.00198362,0.9240957500000009,-0.0016755027499999742,-0.002834750000000885,-0.000308117250000026,0.0028514459143130517
0.086875,0.099375,0.005,1.5625e-08,0.907515,-0.0027896,0.9110980000000011,-0.0023535484999999594,-0.003583000000001113,-0.00043605150000004074,0.0036094362316932906
0.089375,0.099375,0.005,1.5625e-08,0.887398,-0.00435512,0.8920475000000012,-0.0036223509999999365,-0.004649500000001194,-0.0007327690000000632,0.004706888638726457
0.091875,0.099375,0.005,1.5625e-08,0.854247,-0.00812106,0.8608552500000015,-0.006411062499999885,-0.0066082500000015365,-0.0017099975000001147,0.006825910892512951
0.094375,0.099375,0.005,1.5625e-08,0.788236,-0.0203725,0.8004175000000018,-0.014273844999999811,-0.012181500000001733,-0.0060986550000001905,0.013622868092258308
0.096875,0.099375,0.005,1.5625e-08,0.608401,-0.0702291,0.6463250000000027,-0.050546474999999494,-0.03792400000000273,-0.01968262500000051,0.04272745607792316
0.099375,0.099375,0.005,1.5625e-08,0.314646,-0.152356,0.19948350000000287,-0.22497749999999814,0.11516249999999711,0.07262149999999815,0.1361480211699717
