x,y,z,V,Ux,Uy,Ux_M160_interp,Uy_M160_interp,dUx,dUy,dU_mag_star
0.00125,0.00125,0.005,6.25e-08,6.77174e-05,-6.76528e-05,2.1433875000000003e-05,-2.1497624999999997e-05,4.6283525e-05,-4.6155175e-05,6.53640946216365e-05
0.00375,0.00125,0.005,6.25e-08,0.000165543,-5.67516e-05,8.053915e-05,-1.2283925000000003e-05,8.500385e-05,-4.4467675e-05,9.593241701702363e-05
0.00625,0.00125,0.005,6.25e-08,0.000143085,1.72972e-06,3.354417499999998e-05,2.7194130000000007e-05,0.00010954082500000001,-2.5464410000000007e-05,0.00011246167577592257
0.00875,0.00125,0.005,6.25e-08,-5.23314e-05,6.5172e-05,-0.00017141392500000008,7.024702500000002e-05,0.00011908252500000008,-5.07502500000001e-06,0.00011919061892249017
0.01125,0.00125,0.005,6.25e-08,-0.000416388,0.000120539,-0.00053122425,0.00010838732499999999,0.00011483625000000003,1.2151675000000013e-05,0.00011547738964562774
0.01375,0.00125,0.005,6.25e-08,-0.000921938,0.000163997,-0.0010233535,0.000139214575,0.00010141550000000005,2.4782425000000004e-05,0.00010439957964058397
0.01625,0.00125,0.005,6.25e-08,-0.0015383,0.000195828,-0.001619995,0.00016253447499999999,8.16949999999999e-05,3.329352500000001e-05,8.821865920498684e-05
0.01875,0.00125,0.005,6.25e-08,-0.00223598,0.000217727,-0.00229374,0.000178965475,5.7760000000000016e-05,3.876152499999999e-05,6.956057374925559e-05
0.02125,0.00125,0.005,6.25e-08,-0.0029888,0.000231539,-0.0030196575000000004,0.00018934935000000002,3.0857500000000624e-05,4.218964999999999e-05,5.226999017957185e-05
0.02375,0.00125,0.005,6.25e-08,-0.00377415,0.000238803,-0.0037757374999999997,0.00019447267500000002,1.5874999999996794e-06,4.433032499999998e-05,4.435874063649263e-05
0.02625,0.00125,0.005,6.25e-08,-0.00457248,0.000240607,-0.0045425349999999995,0.00019494755,-2.994500000000084e-05,4.5659449999999995e-05,5.4603007236804735e-05
0.02875,0.00125,0.005,6.25e-08,-0.00536628,0.000237596,-0.005302495000000001,0.000191174475,-6.378499999999936e-05,4.6421524999999984e-05,7.888906266603466e-05
0.03125,0.00125,0.005,6.25e-08,-0.00613926,0.000230026,-0.006039207499999999,0.000183360625,-0.00010005250000000038,4.666537500000001e-05,0.00011039999991005753
0.03375,0.00125,0.005,6.25e-08,-0.00687552,0.000217865,-0.006736809999999999,0.000171564525,-0.0001387100000000011,4.6300475000000013e-05,0.00014623336857648436
0.03625,0.00125,0.005,6.25e-08,-0.00755905,0.000200903,-0.0073795350000000004,0.000155763375,-0.00017951499999999988,4.5139625e-05,0.0001851032710951932
0.03875,0.00125,0.005,6.25e-08,-0.00817348,0.000178868,-0.007951567500000001,0.00013592204999999998,-0.0002219124999999992,4.2945950000000015e-05,0.00022602989244268587
0.04125,0.00125,0.005,6.25e-08,-0.00870214,0.000151536,-0.008437145,0.00011206525000000001,-0.0002649950000000005,3.9470749999999985e-05,0.0002679184393254088
0.04375,0.00125,0.005,6.25e-08,-0.00912842,0.00011884,-0.0088209,8.434259999999999e-05,-0.00030752000000000036,3.4497400000000006e-05,0.00030944889886176717
0.04625,0.00125,0.005,6.25e-08,-0.00943637,8.09586e-05,-0.0090885475,5.308415e-05,-0.0003478224999999991,2.7874449999999995e-05,0.00034893763979979556
0.04875,0.00125,0.005,6.25e-08,-0.00961152,3.83898e-05,-0.0092274275,1.8839235e-05,-0.00038409250000000054,1.9550565000000003e-05,0.000384589746545679
0.05125,0.00125,0.005,6.25e-08,-0.00964189,-7.99622e-06,-0.0092276825,-1.7600045e-05,-0.0004142074999999995,9.603825000000001e-06,0.0004143188222985775
0.05375,0.00125,0.005,6.25e-08,-0.00951901,-5.69457e-05,-0.009083005,-5.5197599999999995e-05,-0.0004360049999999997,-1.7481000000000045e-06,0.00043600850436500635
0.05625,0.00125,0.005,6.25e-08,-0.00923901,-0.00010681,-0.008791519999999999,-9.269465e-05,-0.0004474900000000018,-1.4115350000000007e-05,0.00044771256762081636
0.05875,0.00125,0.005,6.25e-08,-0.00880355,-0.000155611,-0.008356625,-0.00012865462499999996,-0.0004469250000000008,-2.6956375000000037e-05,0.00044773720169106047
0.06125,0.00125,0.005,6.25e-08,-0.00822058,-0.000201129,-0.00778748,-0.000161532325,-0.00043309999999999963,-3.959667500000002e-05,0.000434906319419545
0.06375,0.00125,0.005,6.25e-08,-0.00750473,-0.000241024,-0.007099217499999998,-0.00018976282500000007,-0.00040551250000000257,-5.1261174999999934e-05,0.000408739642949681
0.06625,0.00125,0.005,6.25e-08,-0.00667737,-0.000272996,-0.006312854999999997,-0.00021186275000000004,-0.00036451500000000275,-6.113324999999998e-05,0.00036960581635110196
0.06875,0.00125,0.005,6.25e-08,-0.00576615,-0.000294959,-0.005454742499999997,-0.00022654150000000003,-0.00031140750000000286,-6.841749999999999e-05,0.0003188347304835246
0.07125,0.00125,0.005,6.25e-08,-0.00480409,-0.000305217,-0.0045555950000000026,-0.00023280525000000002,-0.000248494999999997,-7.241174999999997e-05,0.0002588304977452638
0.07375,0.00125,0.005,6.25e-08,-0.00382817,-0.000302626,-0.0036491900000000027,-0.00023005075000000002,-0.00017897999999999742,-7.257524999999999e-05,0.000193134686974043
0.07625,0.00125,0.005,6.25e-08,-0.00287754,-0.00028671,-0.0027707325000000025,-0.00021813175000000005,-0.00010680749999999756,-6.857824999999997e-05,0.00012692839882907204
0.07875,0.00125,0.005,6.25e-08,-0.00199144,-0.000257736,-0.0019549899999999976,-0.00019740259999999994,-3.645000000000254e-05,-6.033340000000006e-05,7.048915984433488e-05
0.08125,0.00125,0.005,6.25e-08,-0.0012069,-0.000216728,-0.0012343367499999982,-0.0001687312749999999,2.7436749999998344e-05,-4.799672500000008e-05,5.528526803125803e-05
0.08375,0.00125,0.005,6.25e-08,-0.00055647,-0.000165472,-0.0006367579999999986,-0.0001335011499999999,8.028799999999856e-05,-3.197085000000011e-05,8.641931609149818e-05
0.08625,0.00125,0.005,6.25e-08,-6.57271e-05,-0.000106591,-0.00018379172500000102,-9.362807500000011e-05,0.00011806462500000103,-1.2962924999999884e-05,0.00011877412639521492
0.08875,0.00125,0.005,6.25e-08,0.000248958,-4.38028e-05,0.0001117404499999994,-5.166372500000012e-05,0.00013721755000000062,7.860925000000122e-06,0.00013744253406372534
0.09125,0.00125,0.005,6.25e-08,0.000383938,1.77024e-05,0.00024875899999999987,-1.1130930000000106e-05,0.00013517900000000014,2.8833330000000104e-05,0.0001382198356238675
0.09375,0.00125,0.005,6.25e-08,0.000353825,6.85326e-05,0.00024304374999999998,2.2527e-05,0.00011078125000000001,4.6005600000000006e-05,0.00011995416034020038
0.09625,0.00125,0.005,6.25e-08,0.000209234,9.2054e-05,0.00013745022499999965,3.939157500000001e-05,7.178377500000036e-05,5.266242499999999e-05,8.902944097393458e-05
0.09875,0.00125,0.005,6.25e-08,5.89059e-05,5.87836e-05,2.0790487499999783e-05,2.081056499999988e-05,3.811541250000022e-05,3.7973035000000115e-05,5.380275139020687e-05
0.00125,0.00375,0.005,6.25e-08,5.91078e-05,-0.0001678,1.2587215000000001e-05,-8.0921425e-05,4.6520584999999995e-05,-8.687857500000001e-05,9.854974187065561e-05
0.00375,0.00375,0.005,6.25e-08,4.20406e-05,-3.98308e-05,-4.241027499999997e-05,4.2380457499999965e-05,8.445087499999997e-05,-8.221125749999996e-05,0.00011785856416907903
0.00625,0.00375,0.005,6.25e-08,-0.000298608,0.000253577,-0.00038487100000000006,0.0003348065,8.626300000000005e-05,-8.12295e-05,0.00011848855151131694
0.00875,0.00375,0.005,6.25e-08,-0.00102459,0.000572461,-0.0011014935,0.0006597395000000001,7.690350000000008e-05,-8.727850000000005e-05,0.00011632577046596347
0.01125,0.00375,0.005,6.25e-08,-0.0021274,0.000862177,-0.0021920125000000003,0.000957097,6.461250000000009e-05,-9.491999999999997e-05,0.00011482413316132635
0.01375,0.00375,0.005,6.25e-08,-0.00356082,0.00110129,-0.0036124624999999996,0.0012039662499999998,5.1642499999999484e-05,-0.00010267624999999976,0.00011493198040716256
0.01625,0.00375,0.005,6.25e-08,-0.00526301,0.00128515,-0.005301005,0.0013946625,3.799499999999987e-05,-0.00010951249999999993,0.00011591638228158251
0.01875,0.00375,0.005,6.25e-08,-0.00716877,0.00141688,-0.0071917325,0.0015311149999999998,2.296250000000024e-05,-0.00011423499999999986,0.00011652000528342752
0.02125,0.00375,0.005,6.25e-08,-0.00921566,0.00150211,-0.009221185,0.0016180899999999995,5.5249999999992805e-06,-0.00011597999999999947,0.00011611152408352872
0.02375,0.00375,0.005,6.25e-08,-0.0113462,0.00154651,-0.01133075,0.0016606949999999998,-1.5450000000000186e-05,-0.00011418499999999972,0.00011522550379581745
0.02625,0.00375,0.005,6.25e-08,-0.0135078,0.00155458,-0.013466800000000001,0.0016632324999999997,-4.099999999999937e-05,-0.00010865249999999962,0.00011613081312145312
0.02875,0.00375,0.005,6.25e-08,-0.015652,0.0015293,-0.015579800000000001,0.0016287049999999998,-7.219999999999796e-05,-9.940499999999989e-05,0.0001228584308258887
0.03125,0.00375,0.005,6.25e-08,-0.0177326,0.00147219,-0.01762295,0.0015588549999999998,-0.0001096500000000028,-8.666499999999988e-05,0.000139763889202471
0.03375,0.00375,0.005,6.25e-08,-0.019705,0.00138363,-0.019551149999999996,0.0014544324999999998,-0.00015385000000000398,-7.080249999999975e-05,0.00016936002038926186
0.03625,0.00375,0.005,6.25e-08,-0.0215248,0.00126331,-0.02131995,0.0013156624999999997,-0.00020484999999999948,-5.235249999999982e-05,0.00021143393000237632
0.03875,0.00375,0.005,6.25e-08,-0.0231479,0.0011108,-0.022885774999999997,0.00114277875,-0.00026212500000000194,-3.197875000000004e-05,0.0002640684685390581
0.04125,0.00375,0.005,6.25e-08,-0.0245307,0.000926095,-0.0242058,0.0009365352499999999,-0.0003248999999999995,-1.0440249999999884e-05,0.0003250676988260479
0.04375,0.00375,0.005,6.25e-08,-0.025631,0.000710085,-0.0252394,0.0006987122499999999,-0.00039160000000000236,1.1372750000000092e-05,0.000391765107484784
0.04625,0.00375,0.005,6.25e-08,-0.0264096,0.000465048,-0.025949450000000002,0.000432524,-0.000460149999999996,3.252400000000003e-05,0.00046129798728803957
0.04875,0.00375,0.005,6.25e-08,-0.026832,0.000194964,-0.026304249999999998,0.00014290509999999998,-0.0005277500000000039,5.205890000000002e-05,0.0005303114099934246
0.05125,0.00375,0.005,6.25e-08,-0.0268712,-9.42648e-05,-0.0262797,-0.00016333749999999998,-0.0005915000000000017,6.907269999999997e-05,0.0005955193429984387
0.05375,0.00375,0.005,6.25e-08,-0.0265093,-0.000394749,-0.02586165,-0.00047753999999999993,-0.0006476499999999996,8.279099999999992e-05,0.0006529202647957862
0.05625,0.00375,0.005,6.25e-08,-0.0257404,-0.000696742,-0.025047725,-0.0007893727499999999,-0.0006926750000000002,9.263074999999994e-05,0.0006988412634286579
0.05875,0.00375,0.005,6.25e-08,-0.0245724,-0.000988936,-0.023849275,-0.0010872129999999994,-0.0007231250000000015,9.827699999999948e-05,0.0007297726593631761
0.06125,0.00375,0.005,6.25e-08,-0.0230285,-0.00125897,-0.022292399999999997,-0.0013586975,-0.0007361000000000034,9.972749999999993e-05,0.0007428248678229984
0.06375,0.00375,0.005,6.25e-08,-0.0211476,-0.00149409,-0.020418424999999994,-0.0015913950000000004,-0.0007291750000000055,9.730500000000044e-05,0.0007356387997176387
0.06625,0.00375,0.005,6.25e-08,-0.0189846,-0.00168198,-0.018283224999999993,-0.0017736300000000004,-0.0007013750000000075,9.165000000000041e-05,0.0007073376938386719
0.06875,0.00375,0.005,6.25e-08,-0.0166089,-0.00181164,-0.015956099999999994,-0.0018952900000000002,-0.0006528000000000055,8.365000000000022e-05,0.0006581376470769676
0.07125,0.00375,0.005,6.25e-08,-0.0141023,-0.00187428,-0.013517000000000006,-0.0019486399999999997,-0.0005852999999999935,7.435999999999966e-05,0.0005900046606595514
0.07375,0.00375,0.005,6.25e-08,-0.0115553,-0.00186419,-0.011053422500000007,-0.0019290750000000001,-0.0005018774999999923,6.48850000000002e-05,0.0005060544320833899
0.07625,0.00375,0.005,6.25e-08,-0.00906331,-0.00177932,-0.008656100000000007,-0.00183561,-0.0004072099999999929,5.629000000000007e-05,0.00041108216721233995
0.07875,0.00375,0.005,6.25e-08,-0.0067212,-0.00162183,-0.0064144299999999935,-0.0016712899999999993,-0.00030677000000000655,4.945999999999922e-05,0.0003107315955933737
0.08125,0.00375,0.005,6.25e-08,-0.00461804,-0.00139823,-0.0044113399999999945,-0.0014433649999999994,-0.00020670000000000584,4.5134999999999316e-05,0.0002115704568813953
0.08375,0.00375,0.005,6.25e-08,-0.00283125,-0.00111961,-0.0027180024999999956,-0.001163379749999999,-0.00011324750000000442,4.376974999999888e-05,0.00012141164388687521
0.08625,0.00375,0.005,6.25e-08,-0.00142048,-0.000801914,-0.001388290000000003,-0.0008474515000000009,-3.218999999999705e-05,4.553750000000083e-05,5.576611880209959e-05
0.08875,0.00375,0.005,6.25e-08,-0.000421277,-0.000466819,-0.000452761750000002,-0.0005170145000000009,3.148475000000196e-05,5.019550000000093e-05,5.9252659879643516e-05
0.09125,0.00375,0.005,6.25e-08,0.000161481,-0.000143595,8.866914999999906e-05,-0.00020098050000000078,7.281185000000093e-05,5.738550000000079e-05,9.270739512397447e-05
0.09375,0.00375,0.005,6.25e-08,0.000363186,0.000125406,0.00027655000000000003,5.948745e-05,8.663599999999996e-05,6.591855e-05,0.00010886253593455599
0.09625,0.00375,0.005,6.25e-08,0.000280508,0.000276181,0.00020535724999999958,0.00020224025000000013,7.515075000000043e-05,7.394074999999989e-05,0.00010542708255531426
0.09875,0.00375,0.005,6.25e-08,9.24554e-05,0.000208091,3.983162499999962e-05,0.00013792882499999944,5.2623775000000374e-05,7.016217500000057e-05,8.770400501676859e-05
0.00125,0.00625,0.005,6.25e-08,7.67235e-07,-0.000149108,-2.7997460000000008e-05,-3.275876499999998e-05,2.876469500000001e-05,-0.00011634923500000003,0.00011985220967311474
0.00375,0.00625,0.005,6.25e-08,-0.00026081,0.000301746,-0.00034757150000000003,0.00039068450000000004,8.676150000000004e-05,-8.893850000000006e-05,0.00012424819783200084
0.00625,0.00625,0.005,6.25e-08,-0.00106503,0.00103834,-0.0011444555000000003,0.0011190347500000003,7.942550000000033e-05,-8.069475000000033e-05,0.00011322567168187878
0.00875,0.00625,0.005,6.25e-08,-0.00242069,0.00182225,-0.002478980000000001,0.0019092825000000006,5.829000000000077e-05,-8.703250000000051e-05,0.00010474912962048982
0.01125,0.00625,0.005,6.25e-08,-0.00429705,0.00254302,-0.00433661,0.0026385850000000006,3.9560000000000116e-05,-9.556500000000058e-05,0.00010342950654914738
0.01375,0.00625,0.005,6.25e-08,-0.00663318,0.00314989,-0.006657400000000001,0.0032521125000000007,2.422000000000101e-05,-0.00010222250000000094,0.00010505259590438611
0.01625,0.00625,0.005,6.25e-08,-0.00934701,0.00362587,-0.009358565,0.0037317550000000007,1.1554999999999899e-05,-0.00010588500000000087,0.00010651362002110426
0.01875,0.00625,0.005,6.25e-08,-0.0123493,0.00397208,-0.012349275,0.004077855,-2.500000000071889e-08,-0.00010577499999999979,0.00010577500295438406
0.02125,0.00625,0.005,6.25e-08,-0.015552,0.00419735,-0.015539025000000003,0.004298722500000001,-1.297499999999667e-05,-0.00010137250000000122,0.00010219948327291171
0.02375,0.00625,0.005,6.25e-08,-0.0188712,0.0043123,-0.018841675000000002,0.004404715000000001,-2.9524999999998996e-05,-9.241500000000107e-05,9.701679158784906e-05
0.02625,0.00625,0.005,6.25e-08,-0.0222279,0.00432618,-0.022176175000000003,0.00440513,-5.1724999999995525e-05,-7.895000000000037e-05,9.438526434247879e-05
0.02875,0.00625,0.005,6.25e-08,-0.0255478,0.00424562,-0.0254662,0.0043068525000000005,-8.159999999999765e-05,-6.123250000000021e-05,0.00010201950331309029
0.03125,0.00625,0.005,6.25e-08,-0.0287593,0.00407447,-0.028638925000000003,0.004114197500000001,-0.00012037499999999896,-3.972750000000042e-05,0.00012676125149764725
0.03375,0.00625,0.005,6.25e-08,-0.031793,0.00381434,-0.031623975,0.0038294975000000005,-0.0001690250000000032,-1.5157500000000622e-05,0.0001697032717164024
0.03625,0.00625,0.005,6.25e-08,-0.0345805,0.00346561,-0.034352650000000005,0.0034540825000000004,-0.00022784999999999472,1.1527499999999628e-05,0.0002281414161353602
0.03875,0.00625,0.005,6.25e-08,-0.0370547,0.0030287,-0.036757975,0.0029895175000000003,-0.0002967250000000046,3.9182499999999756e-05,0.00029930084184855334
0.04125,0.00625,0.005,6.25e-08,-0.0391502,0.00250527,-0.038775525000000005,0.0024388400000000003,-0.0003746749999999979,6.64299999999997e-05,0.000380518462791227
0.04375,0.00625,0.005,6.25e-08,-0.0408047,0.0018995,-0.04034485,0.0018077050000000002,-0.00045984999999999776,9.179499999999977e-05,0.00046892253574017735
0.04625,0.00625,0.005,6.25e-08,-0.0419617,0.00121905,-0.041411875,0.001105349,-0.0005498249999999968,0.0001137009999999999,0.0005614583226081848
0.04875,0.00625,0.005,6.25e-08,-0.0425726,0.000475842,-0.04193135,0.00034521750000000005,-0.0006412500000000029,0.00013062449999999993,0.0006544190725370507
0.05125,0.00625,0.005,6.25e-08,-0.0426003,-0.000313479,-0.04187005,-0.00045470225000000006,-0.0007302500000000017,0.00014122325000000003,0.0007437802557480032
0.05375,0.00625,0.005,6.25e-08,-0.0420219,-0.00112749,-0.041209499999999996,-0.0012719925000000002,-0.0008124000000000048,0.00014450250000000008,0.0008251513391531627
0.05625,0.00625,0.005,6.25e-08,-0.0408318,-0.00194041,-0.039949125,-0.002080305,-0.0008826749999999994,0.00013989500000000012,0.0008936922102435487
0.05875,0.00625,0.005,6.25e-08,-0.0390445,-0.00272288,-0.038108025000000004,-0.00285033,-0.0009364749999999991,0.00012744999999999987,0.0009451078923197067
0.06125,0.00625,0.005,6.25e-08,-0.036696,-0.00344322,-0.0357266,-0.0035511175000000005,-0.0009694000000000022,0.00010789750000000063,0.0009753861955688395
0.06375,0.00625,0.005,6.25e-08,-0.0338451,-0.00406916,-0.03286699999999999,-0.004151777500000002,-0.0009781000000000095,8.261750000000245e-05,0.0009815830384161438
0.06625,0.00625,0.005,6.25e-08,-0.0305723,-0.00456976,-0.029612099999999992,-0.004623392500000002,-0.0009602000000000083,5.363250000000198e-05,0.000961696669982935
0.06875,0.00625,0.005,6.25e-08,-0.0269787,-0.00491762,-0.026063574999999988,-0.004941032500000001,-0.0009151250000000132,2.3412500000001037e-05,0.0009154244429669081
0.07125,0.00625,0.005,6.25e-08,-0.0231823,-0.00509104,-0.02233827500000001,-0.005085715000000001,-0.0008440249999999878,-5.3249999999987335e-06,0.0008440417976913107
0.07375,0.00625,0.005,6.25e-08,-0.0193134,-0.00507608,-0.01856350000000001,-0.0050461675000000004,-0.0007498999999999909,-2.991249999999973e-05,0.0007504963475302436
0.07625,0.00625,0.005,6.25e-08,-0.0155091,-0.00486822,-0.01487127500000001,-0.004820210000000001,-0.0006378249999999894,-4.800999999999937e-05,0.0006396293385430241
0.07875,0.00625,0.005,6.25e-08,-0.0119054,-0.0044736,-0.011391474999999991,-0.0044157325,-0.0005139250000000088,-5.7867500000000245e-05,0.0005171726531645492
0.08125,0.00625,0.005,6.25e-08,-0.00863016,-0.00390982,-0.008244694999999991,-0.003851264999999999,-0.00038546500000000844,-5.85550000000005e-05,0.0003898871044930911
0.08375,0.00625,0.005,6.25e-08,-0.0057945,-0.00320635,-0.005534317499999994,-0.0031563649999999987,-0.0002601825000000061,-4.998500000000152e-05,0.00026494043393044656
0.08625,0.00625,0.005,6.25e-08,-0.00348426,-0.00240516,-0.0033387275000000055,-0.002372152500000003,-0.0001455324999999944,-3.300749999999696e-05,0.00014922869567378177
0.08875,0.00625,0.005,6.25e-08,-0.00175143,-0.00156208,-0.001702925000000004,-0.0015527625000000024,-4.8504999999996e-05,-9.317499999997574e-06,4.939180935387533e-05
0.09125,0.00625,0.005,6.25e-08,-0.000605677,-0.000749951,-0.0006297275000000024,-0.0007687967500000023,2.405050000000241e-05,1.884575000000229e-05,3.055468611052488e-05
0.09375,0.00625,0.005,6.25e-08,-5.13232e-06,-6.41622e-05,-7.020477500000008e-05,-0.00011403660500000004,6.507245500000008e-05,4.987440500000004e-05,8.198707626102461e-05
0.09625,0.00625,0.005,6.25e-08,0.000159144,0.000366888,8.6535075e-05,0.0002838760000000006,7.260892500000001e-05,8.301199999999939e-05,0.00011028621007930015
0.09875,0.00625,0.005,6.25e-08,7.53351e-05,0.000358567,2.6211124999999758e-05,0.0002505532499999991,4.912397500000025e-05,0.00010801375000000092,0.00011865974510702165
0.00125,0.00875,0.005,6.25e-08,-6.839e-05,5.30385e-05,-7.58896e-05,0.0001850453500000001,7.499600000000005e-06,-0.0001320068500000001,0.00013221971277794595
0.00375,0.00875,0.005,6.25e-08,-0.000619919,0.00106091,-0.0007147255,0.0011468325000000001,9.480649999999997e-05,-8.592250000000017e-05,0.00012794900721967335
0.00625,0.00875,0.005,6.25e-08,-0.00195765,0.00241513,-0.002041315000000001,0.002483637500000001,8.3665000000001e-05,-6.850750000000081e-05,0.00010813468352591724
0.00875,0.00875,0.005,6.25e-08,-0.00400093,0.00380755,-0.004056440000000001,0.003880445000000001,5.551000000000167e-05,-7.28950000000012e-05,9.162445702431398e-05
0.01125,0.00875,0.005,6.25e-08,-0.00667869,0.00508139,-0.006712250000000001,0.005163025000000002,3.3560000000001054e-05,-8.163500000000178e-05,8.826407437344121e-05
0.01375,0.00875,0.005,6.25e-08,-0.00991023,0.00615828,-0.009926472500000002,0.006245990000000001,1.6242500000001117e-05,-8.771000000000039e-05,8.920124946574518e-05
0.01625,0.00875,0.005,6.25e-08,-0.0135946,0.00700803,-0.0135972,0.0070969475000000025,2.6000000000001716e-06,-8.891750000000233e-05,8.895550464277304e-05
0.01875,0.00875,0.005,6.25e-08,-0.0176231,0.00762837,-0.017614475,0.0077126450000000015,-8.624999999998217e-06,-8.427500000000171e-05,8.471520672228957e-05
0.02125,0.00875,0.005,6.25e-08,-0.0218881,0.0080302,-0.021867700000000004,0.008103672500000002,-2.039999999999681e-05,-7.347250000000298e-05,7.625200493265937e-05
0.02375,0.00875,0.005,6.25e-08,-0.0262854,0.00822848,-0.026249875,0.0082851,-3.552500000000153e-05,-5.662000000000028e-05,6.684197801531715e-05
0.02625,0.00875,0.005,6.25e-08,-0.0307155,0.0082371,-0.0306586,0.008271205000000002,-5.689999999999862e-05,-3.410500000000129e-05,6.633823200086004e-05
0.02875,0.00875,0.005,6.25e-08,-0.035083,0.00806648,-0.034996025,0.008073070000000002,-8.697500000000302e-05,-6.590000000002497e-06,8.722430122964907e-05
0.03125,0.00875,0.005,6.25e-08,-0.0392958,0.00772316,-0.039168100000000004,0.007698125000000002,-0.00012769999999999448,2.5034999999997906e-05,0.0001301308619236747
0.03375,0.00875,0.005,6.25e-08,-0.0432638,0.00721056,-0.043083525000000004,0.007150967500000002,-0.00018027499999999363,5.9592499999998674e-05,0.00018986927524285635
0.03625,0.00875,0.005,6.25e-08,-0.0468991,0.00653062,-0.046653375,0.006435010000000001,-0.0002457250000000022,9.560999999999858e-05,0.00026367033910738006
0.03875,0.00875,0.005,6.25e-08,-0.0501154,0.00568579,-0.049791800000000004,0.005554460000000001,-0.00032359999999999334,0.00013132999999999895,0.00034923420350818364
0.04125,0.00875,0.005,6.25e-08,-0.0528299,0.00468111,-0.0524166,0.004516377500000002,-0.0004132999999999984,0.0001647324999999979,0.00044491986531986627
0.04375,0.00875,0.005,6.25e-08,-0.0549646,0.00352621,-0.05445175000000001,0.0033326250000000005,-0.0005128499999999953,0.0001935849999999996,0.00054816993234306
0.04625,0.00875,0.005,6.25e-08,-0.0564494,0.002237,-0.055830000000000005,0.0020213825000000006,-0.0006193999999999922,0.00021561749999999928,0.0006558561323234235
0.04875,0.00875,0.005,6.25e-08,-0.0572252,0.00083685,-0.0564959,0.0006082087500000001,-0.0007292999999999952,0.0002286412499999999,0.0007643005372244321
0.05125,0.00875,0.005,6.25e-08,-0.0572474,-0.000642713,-0.056409425000000006,-0.0008735260000000002,-0.0008379749999999908,0.00023081300000000018,0.0008691816505161534
0.05375,0.00875,0.005,6.25e-08,-0.0564895,-0.00216205,-0.055549475000000015,-0.0023828700000000005,-0.0009400249999999832,0.00022082000000000048,0.0009656130037571825
0.05625,0.00875,0.005,6.25e-08,-0.0549468,-0.00367411,-0.053916825,-0.0038722500000000007,-0.0010299749999999955,0.00019814000000000073,0.0010488603149252005
0.05875,0.00875,0.005,6.25e-08,-0.0526386,-0.00512598,-0.05153685000000001,-0.005289147499999999,-0.0011017499999999916,0.0001631674999999994,0.0011137668946221337
0.06125,0.00875,0.005,6.25e-08,-0.0496111,-0.00646101,-0.04846085,-0.006578440000000001,-0.0011502499999999985,0.0001174300000000017,0.0011562287262475348
0.06375,0.00875,0.005,6.25e-08,-0.0459374,-0.00762181,-0.04476667499999999,-0.007685320000000004,-0.0011707250000000113,6.351000000000447e-05,0.0011724463935400319
0.06625,0.00875,0.005,6.25e-08,-0.0417175,-0.00855357,-0.04055747499999999,-0.008558587500000004,-0.001160025000000009,5.017500000004463e-06,0.0011600358511405027
0.06875,0.00875,0.005,6.25e-08,-0.0370762,-0.00920785,-0.03595939999999999,-0.009154125000000003,-0.001116800000000008,-5.3724999999997525e-05,0.001118091505926513
0.07125,0.00875,0.005,6.25e-08,-0.0321591,-0.00954637,-0.03111737500000002,-0.009438342500000002,-0.001041724999999983,-0.00010802749999999813,0.001047311279601826
0.07375,0.00875,0.005,6.25e-08,-0.0271272,-0.00954453,-0.026189325000000013,-0.009391200000000002,-0.0009378749999999873,-0.0001533299999999984,0.0009503260516922473
0.07625,0.00875,0.005,6.25e-08,-0.0221496,-0.00919447,-0.021339400000000012,-0.009008782500000003,-0.0008101999999999866,-0.00018568749999999662,0.0008312062846587645
0.07875,0.00875,0.005,6.25e-08,-0.0173956,-0.00850735,-0.016729674999999992,-0.008305129999999999,-0.0006659250000000082,-0.00020222000000000122,0.0006959518905966212
0.08125,0.00875,0.005,6.25e-08,-0.0130246,-0.00751486,-0.01251122499999999,-0.007313349999999998,-0.0005133750000000104,-0.00020151000000000197,0.0005515071810276013
0.08375,0.00875,0.005,6.25e-08,-0.00917666,-0.00627004,-0.008814802499999991,-0.0060863199999999975,-0.00036185750000000856,-0.00018372000000000267,0.00040582494835366784
0.08625,0.00875,0.005,6.25e-08,-0.00596166,-0.00484794,-0.0057411100000000085,-0.004697382500000005,-0.00022054999999999124,-0.00015055749999999535,0.00026703906700377146
0.08875,0.00875,0.005,6.25e-08,-0.00344988,-0.00334689,-0.0033514425000000067,-0.0032418775000000047,-9.843749999999306e-05,-0.00010501249999999521,0.00014393598077790565
0.09125,0.00875,0.005,6.25e-08,-0.00166246,-0.00189139,-0.0016586675000000042,-0.0018405700000000043,-3.7924999999956917e-06,-5.0819999999995695e-05,5.096131332932394e-05
0.09375,0.00875,0.005,6.25e-08,-0.000562604,-0.00063682,-0.0006190860000000002,-0.0006461035000000003,5.648200000000028e-05,9.283500000000292e-06,5.723984360784048e-05
0.09625,0.00875,0.005,6.25e-08,-4.92997e-05,0.000221852,-0.00012546464999999934,0.00014634885000000135,7.616494999999935e-05,7.550314999999865e-05,0.00010724656296788582
0.09875,0.00875,0.005,6.25e-08,3.87344e-05,0.000419519,-5.340764999999626e-07,0.00028221174999999916,3.9268476499999964e-05,0.00013730725000000082,0.00014281209384780328
0.00125,0.01125,0.005,6.25e-08,-0.000136935,0.000453762,-0.00012391615,0.00058637425,-1.3018849999999995e-05,-0.00013261225000000003,0.00013324976287177776
0.00375,0.01125,0.005,6.25e-08,-0.000988999,0.00227456,-0.0010935424999999998,0.0023532024999999997,0.00010454349999999986,-7.86424999999996e-05,0.00013082043494232814
0.00625,0.01125,0.005,6.25e-08,-0.00288591,0.0044197,-0.0029752600000000004,0.004477385,8.935000000000019e-05,-5.768500000000003e-05,0.00010635309927312903
0.00875,0.01125,0.005,6.25e-08,-0.00564131,0.00654449,-0.005696992500000001,0.006608185000000001,5.568250000000108e-05,-6.369500000000076e-05,8.460256397562793e-05
0.01125,0.01125,0.005,6.25e-08,-0.00913169,0.00846348,-0.0091647625,0.0085397325,3.3072500000000046e-05,-7.625249999999861e-05,8.311578678265515e-05
0.01375,0.01125,0.005,6.25e-08,-0.0132502,0.0100798,-0.013266175,0.010165435,1.597499999999967e-05,-8.563500000000057e-05,8.711230596190235e-05
0.01625,0.01125,0.005,6.25e-08,-0.0178751,0.0113541,-0.017877725,0.011442250000000001,2.6249999999991558e-06,-8.815000000000038e-05,8.818907599584012e-05
0.01875,0.01125,0.005,6.25e-08,-0.0228797,0.0122821,-0.022871574999999998,0.012364074999999999,-8.125000000001187e-06,-8.197499999999802e-05,8.237667297238761e-05
0.02125,0.01125,0.005,6.25e-08,-0.0281395,0.0128767,-0.028120625000000003,0.0129436,-1.887499999999806e-05,-6.689999999999995e-05,6.951169416004706e-05
0.02375,0.01125,0.005,6.25e-08,-0.0335344,0.0131571,-0.033501449999999995,0.013200199999999999,-3.295000000000381e-05,-4.309999999999904e-05,5.4252304098537315e-05
0.02625,0.01125,0.005,6.25e-08,-0.0389486,0.0131412,-0.038895125,0.013152674999999999,-5.3474999999997275e-05,-1.1474999999998639e-05,5.469233264361356e-05
0.02875,0.01125,0.005,6.25e-08,-0.0442703,0.012843,-0.044186975,0.012816224999999999,-8.332499999999521e-05,2.677500000000145e-05,8.752117600900527e-05
0.03125,0.01125,0.005,6.25e-08,-0.0493907,0.012272,-0.049266025,0.012201575,-0.00012467500000000464,7.04250000000007e-05,0.0001431905592209251
0.03375,0.01125,0.005,6.25e-08,-0.0542037,0.0114336,-0.054024174999999994,0.011316075,-0.00017952500000000676,0.00011752500000000027,0.00021457248483904568
0.03625,0.01125,0.005,6.25e-08,-0.0586051,0.0103322,-0.058356349999999994,0.01016588,-0.0002487500000000059,0.00016631999999999932,0.00029923052133765154
0.03875,0.01125,0.005,6.25e-08,-0.0624936,0.00897309,-0.06216115,0.00875909,-0.00033245000000000496,0.0002139999999999989,0.0003953719799125917
0.04125,0.01125,0.005,6.25e-08,-0.0657721,0.00736631,-0.06534214999999999,0.007108307500000001,-0.00042995000000001227,0.0002580024999999991,0.0005014202753242633
0.04375,0.01125,0.005,6.25e-08,-0.0683498,0.0055288,-0.067810575,0.0052335725,-0.0005392250000000043,0.0002952275000000001,0.0006147543227837073
0.04625,0.01125,0.005,6.25e-08,-0.0701459,0.00348696,-0.06948822499999999,0.0031644075,-0.0006576750000000103,0.0003225525,0.000732513836648335
0.04875,0.01125,0.005,6.25e-08,-0.0710921,0.00127827,-0.070311,0.0009412917500000001,-0.0007811000000000068,0.0003369782499999999,0.0008506888684901625
0.05125,0.01125,0.005,6.25e-08,-0.0711374,-0.00104788,-0.070232725,-0.0013837975,-0.0009046750000000076,0.0003359175,0.0009650271614992314
0.05375,0.01125,0.005,6.25e-08,-0.0702516,-0.0034303,-0.069229025,-0.0037478025,-0.0010225749999999978,0.00031750250000000006,0.001070732211214011
0.05625,0.01125,0.005,6.25e-08,-0.068429,-0.0057971,-0.06730055,-0.006078065,-0.001128450000000003,0.00028096499999999934,0.0011629018590255183
0.05875,0.01125,0.005,6.25e-08,-0.0656917,-0.00806798,-0.06447592499999999,-0.008294772499999997,-0.0012157750000000161,0.00022679249999999623,0.0012367472210121546
0.06125,0.01125,0.005,6.25e-08,-0.0620915,-0.0101574,-0.060813425,-0.0103144025,-0.0012780750000000035,0.00015700249999999957,0.0012876822164770542
0.06375,0.01125,0.005,6.25e-08,-0.0577115,-0.0119788,-0.05640154999999999,-0.012054075000000004,-0.001309950000000011,7.527500000000485e-05,0.0013121110197407192
0.06625,0.01125,0.005,6.25e-08,-0.0526652,-0.0134496,-0.05135814999999999,-0.013436150000000003,-0.001307050000000011,-1.3449999999998186e-05,0.001307119200761747
0.06875,0.01125,0.005,6.25e-08,-0.047095,-0.0144967,-0.04582762499999998,-0.014393625000000002,-0.001267375000000015,-0.00010307499999999761,0.0012715596117563808
0.07125,0.01125,0.005,6.25e-08,-0.0411675,-0.0150619,-0.039976850000000015,-0.014875175000000001,-0.0011906499999999876,-0.0001867249999999987,0.0012052027415024285
0.07375,0.01125,0.005,6.25e-08,-0.0350685,-0.0151074,-0.033988575000000014,-0.0148497,-0.0010799249999999885,-0.0002576999999999996,0.0011102465021899303
0.07625,0.01125,0.005,6.25e-08,-0.0289945,-0.0146207,-0.02805400000000002,-0.014310325000000002,-0.0009404999999999795,-0.00031037499999999815,0.0009903902718751635
0.07875,0.01125,0.005,6.25e-08,-0.0231434,-0.0136175,-0.022363449999999986,-0.013277399999999998,-0.0007799500000000154,-0.00034010000000000117,0.0008508760265162162
0.08125,0.01125,0.005,6.25e-08,-0.0177039,-0.0121447,-0.017096049999999988,-0.011800199999999997,-0.0006078500000000139,-0.0003445000000000028,0.0006986858181615102
0.08375,0.01125,0.005,6.25e-08,-0.012844,-0.0102817,-0.012409099999999989,-0.009957942499999994,-0.0004349000000000106,-0.00032375750000000585,0.0005421779493913996
0.08625,0.01125,0.005,6.25e-08,-0.0086994,-0.00814021,-0.00842731500000001,-0.007860567500000006,-0.0002720849999999896,-0.0002796424999999946,0.00039016685537246926
0.08875,0.01125,0.005,6.25e-08,-0.00536285,-0.00586532,-0.005232630000000008,-0.005649312500000006,-0.00013021999999999166,-0.00021600749999999436,0.00025222309263080053
0.09125,0.01125,0.005,6.25e-08,-0.0028736,-0.00363688,-0.0028552700000000057,-0.0034992025000000057,-1.8329999999994358e-05,-0.0001376774999999942,0.00013889234286399015
0.09375,0.01125,0.005,6.25e-08,-0.00120909,-0.00167184,-0.0012669275,-0.0016236825,5.783749999999999e-05,-4.8157500000000015e-05,7.526168489012188e-05
0.09625,0.01125,0.005,6.25e-08,-0.000291218,-0.000229907,-0.0003767414999999984,-0.00028295864999999733,8.552349999999844e-05,5.3051649999997326e-05,0.00010064167436987498
0.09875,0.01125,0.005,6.25e-08,-3.17484e-06,0.000356374,-3.141252499999962e-05,0.0002018414999999998,2.8237684999999622e-05,0.0001545325000000002,0.00015709124867544107
0.00125,0.01375,0.005,6.25e-08,-0.000201224,0.001048,-0.00016999015000000001,0.0011687382499999998,-3.1233849999999996e-05,-0.00012073824999999966,0.00012471278362254976
0.00375,0.01375,0.005,6.25e-08,-0.00134833,0.00394749,-0.0014639599999999998,0.00401571,0.00011562999999999981,-6.821999999999991e-05,0.00013425447962731054
0.00625,0.01375,0.005,6.25e-08,-0.00380383,0.00706404,-0.0038984725000000007,0.007112775,9.464250000000085e-05,-4.873500000000027e-05,0.00010645329037305605
0.00875,0.01375,0.005,6.25e-08,-0.0072714,0.010044,-0.007326667500000001,0.01010215,5.526750000000094e-05,-5.814999999999987e-05,8.022417999736793e-05
0.01125,0.01375,0.005,6.25e-08,-0.011569,0.0126917,-0.01160225,0.012767,3.325000000000029e-05,-7.530000000000037e-05,8.23143517255653e-05
0.01375,0.01375,0.005,6.25e-08,-0.016559,0.0149037,-0.0165772,0.014992525,1.8199999999999467e-05,-8.882499999999897e-05,9.067039552687415e-05
0.01625,0.01375,0.005,6.25e-08,-0.0220963,0.0166387,-0.022103275,0.016732175000000002,6.974999999999343e-06,-9.347500000000258e-05,9.373487211278667e-05
0.01875,0.01375,0.005,6.25e-08,-0.028036,0.0178938,-0.02803435,0.017980700000000002,-1.6499999999988746e-06,-8.690000000000087e-05,8.691566314537413e-05
0.02125,0.01375,0.005,6.25e-08,-0.0342386,0.0186859,-0.03422842500000001,0.018754200000000002,-1.0174999999994216e-05,-6.830000000000377e-05,6.90537517083641e-05
0.02375,0.01375,0.005,6.25e-08,-0.0405705,0.0190384,-0.040548600000000004,0.01907665,-2.189999999999831e-05,-3.825000000000009e-05,4.40757586434985e-05
0.02625,0.01375,0.005,6.25e-08,-0.046903,0.0189738,-0.046862825,0.018971575,-4.01750000000034e-05,2.224999999998062e-06,4.023656608111911e-05
0.02875,0.01375,0.005,6.25e-08,-0.0531116,0.0185096,-0.053043575,0.018458,-6.802499999999934e-05,5.160000000000234e-05,8.538126624148971e-05
0.03125,0.01375,0.005,6.25e-08,-0.0590748,0.0176577,-0.0589667,0.017549925,-0.00010809999999999986,0.00010777499999999746,0.00015264684937790044
0.03375,0.01375,0.005,6.25e-08,-0.0646735,0.0164263,-0.064511175,0.016257499999999998,-0.00016232499999999095,0.00016880000000000367,0.00023418549405332154
0.03625,0.01375,0.005,6.25e-08,-0.069791,0.0148221,-0.06955905,0.0145904,-0.00023195000000000854,0.00023169999999999961,0.00032785010675612686
0.03875,0.01375,0.005,6.25e-08,-0.0743138,0.0128546,-0.07399644999999999,0.012561150000000002,-0.0003173500000000079,0.0002934499999999989,0.00043223133273746404
0.04125,0.01375,0.005,6.25e-08,-0.0781333,0.0105395,-0.077715225,0.010189050000000002,-0.00041807500000000386,0.0003504499999999987,0.0005455290167580477
0.04375,0.01375,0.005,6.25e-08,-0.0811483,0.00790239,-0.080615675,0.007503695,-0.0005326250000000088,0.0003986950000000001,0.000665317287953657
0.04625,0.01375,0.005,6.25e-08,-0.0832679,0.00498176,-0.082609775,0.00454756,-0.0006581250000000094,0.00043420000000000004,0.000788453014215186
0.04875,0.01375,0.005,6.25e-08,-0.0844156,0.00183096,-0.08362502499999999,0.0013779589999999998,-0.0007905750000000017,0.0004530010000000002,0.0009111633973256404
0.05125,0.01375,0.005,6.25e-08,-0.0845335,-0.00148069,-0.08360822500000001,-0.0019323324999999999,-0.0009252749999999893,0.0004516424999999999,0.0010296187514955378
0.05375,0.01375,0.005,6.25e-08,-0.0835858,-0.00486816,-0.08252994999999999,-0.0052956950000000004,-0.001055850000000011,0.0004275350000000006,0.0011391248389553375
0.05625,0.01375,0.005,6.25e-08,-0.0815634,-0.00823219,-0.08038775000000001,-0.0086115925,-0.0011756499999999864,0.0003794024999999989,0.0012353538681309972
0.05875,0.01375,0.005,6.25e-08,-0.0784873,-0.0114622,-0.077209725,-0.011769824999999996,-0.0012775749999999891,0.0003076249999999954,0.0013140894266563327
0.06125,0.01375,0.005,6.25e-08,-0.0744108,-0.0144406,-0.07305652500000001,-0.014655175,-0.0013542749999999881,0.00021457499999999984,0.0013711685550106406
0.06375,0.01375,0.005,6.25e-08,-0.0694215,-0.0170482,-0.06802244999999998,-0.017152750000000005,-0.0013990500000000128,0.00010455000000000533,0.0014029510344270883
0.06625,0.01375,0.005,6.25e-08,-0.0636415,-0.0191709,-0.06223469999999999,-0.019154925000000003,-0.0014068000000000136,-1.5974999999997935e-05,0.0014068906996014432
0.06875,0.01375,0.005,6.25e-08,-0.0572254,-0.020707,-0.05585132499999998,-0.02056795,-0.0013740750000000232,-0.0001390499999999982,0.0013810926862904832
0.07125,0.01375,0.005,6.25e-08,-0.0503568,-0.0215747,-0.04905657500000002,-0.021319,-0.0013002249999999813,-0.0002556999999999976,0.0013251292543087826
0.07375,0.01375,0.005,6.25e-08,-0.043242,-0.0217197,-0.042054950000000015,-0.021362850000000003,-0.0011870499999999881,-0.00035684999999999883,0.0012395279847587028
0.07625,0.01375,0.005,6.25e-08,-0.0361024,-0.0211217,-0.03506227500000002,-0.020687425000000006,-0.001040124999999982,-0.0004342749999999944,0.0011271445298851241
0.07875,0.01375,0.005,6.25e-08,-0.029164,-0.0197998,-0.02829644999999998,-0.019317999999999995,-0.000867550000000019,-0.00048180000000000445,0.0009923579205609423
0.08125,0.01375,0.005,6.25e-08,-0.0226453,-0.0178155,-0.021965299999999983,-0.017320049999999993,-0.0006800000000000174,-0.0004954500000000084,0.0008413505229688944
0.08375,0.01375,0.005,6.25e-08,-0.0167447,-0.015275,-0.016255299999999986,-0.014800499999999992,-0.0004894000000000148,-0.0004745000000000079,0.0006816616536083147
0.08625,0.01375,0.005,6.25e-08,-0.0116279,-0.0123289,-0.011319200000000014,-0.011907850000000008,-0.0003086999999999864,-0.00042104999999999226,0.0005220907895184372
0.08875,0.01375,0.005,6.25e-08,-0.00741567,-0.00917159,-0.00726531000000001,-0.008831910000000009,-0.00015035999999999002,-0.0003396799999999915,0.00037147090330198306
0.09125,0.01375,0.005,6.25e-08,-0.00417239,-0.00604039,-0.004148262500000007,-0.005804155000000008,-2.4127499999992454e-05,-0.00023623499999999176,0.00023746391616674258
0.09375,0.01375,0.005,6.25e-08,-0.00189728,-0.00321478,-0.00196297,-0.0030992375,6.568999999999998e-05,-0.0001155424999999999,0.00013291066701454017
0.09625,0.01375,0.005,6.25e-08,-0.000541919,-0.00101714,-0.0006426637499999975,-0.0010391427499999955,0.00010074474999999749,2.2002749999995618e-05,0.00010311947274944873
0.09875,0.01375,0.005,6.25e-08,-4.32307e-05,0.000163348,-6.304489999999928e-05,-4.892774999989207e-07,1.981419999999928e-05,0.00016383727749999893,0.00016503107592284437
0.00125,0.01625,0.005,6.25e-08,-0.000260676,0.00182632,-0.00021352699999999998,0.0019242550000000001,-4.714900000000002e-05,-9.793500000000017e-05,0.00010869357122663712
0.00375,0.01625,0.005,6.25e-08,-0.0016901,0.00606828,-0.0018179874999999998,0.0061228674999999995,0.00012788749999999988,-5.4587499999999775e-05,0.0001390503786852087
0.00625,0.01625,0.005,6.25e-08,-0.00468809,0.0103385,-0.00478803,0.0103800725,9.994000000000062e-05,-4.1572499999999873e-05,0.00010824174959898843
0.00875,0.01625,0.005,6.25e-08,-0.00885086,0.0142957,-0.008905157500000002,0.01435225,5.42975000000015e-05,-5.65500000000007e-05,7.839720024497201e-05
0.01125,0.01625,0.005,6.25e-08,-0.0139363,0.0177513,-0.013969375000000001,0.01783015,3.3075000000000465e-05,-7.884999999999837e-05,8.550601221551485e-05
0.01375,0.01625,0.005,6.25e-08,-0.0197733,0.0206079,-0.019794475,0.02070445,2.117499999999828e-05,-9.65500000000008e-05,9.884474252584243e-05
0.01625,0.01625,0.005,6.25e-08,-0.0261919,0.0228308,-0.026205575000000002,0.022934275,1.3675000000001186e-05,-0.00010347500000000218,0.00010437471556847704
0.01875,0.01625,0.005,6.25e-08,-0.0330286,0.0244239,-0.0330376,0.024520575,9.000000000002062e-06,-9.667500000000093e-05,9.709302562491404e-05
0.02125,0.01625,0.005,6.25e-08,-0.0401299,0.0254108,-0.0401344,0.025485925,4.4999999999975615e-06,-7.51249999999988e-05,7.525965469625674e-05
0.02375,0.01625,0.005,6.25e-08,-0.0473505,0.0258211,-0.0473475,0.0258603,-2.9999999999960614e-06,-3.919999999999965e-05,3.931462832076566e-05
0.02625,0.01625,0.005,6.25e-08,-0.0545516,0.0256819,-0.054534625,0.0256722,-1.6974999999995466e-05,9.700000000001374e-06,1.9550975039620726e-05
0.02875,0.01625,0.005,6.25e-08,-0.0615988,0.0250145,-0.061558325,0.024944775,-4.047500000000509e-05,6.972499999999965e-05,8.062134487839039e-05
0.03125,0.01625,0.005,6.25e-08,-0.068361,0.0238338,-0.06828475,0.023695024999999998,-7.624999999999993e-05,0.0001387750000000007,0.0001583431814919739
0.03375,0.01625,0.005,6.25e-08,-0.0747094,0.0221501,-0.074583,0.02193625,-0.00012639999999999874,0.00021384999999999807,0.0002484125248452639
0.03625,0.01625,0.005,6.25e-08,-0.0805177,0.0199732,-0.0803252,0.019681425000000002,-0.00019249999999999823,0.0002917749999999976,0.00034955528979690456
0.03875,0.01625,0.005,6.25e-08,-0.0856629,0.0173166,-0.08538747499999999,0.016947925,-0.0002754250000000097,0.00036867500000000233,0.0004601958129427158
0.04125,0.01625,0.005,6.25e-08,-0.0900267,0.0142024,-0.089651825,0.0137622,-0.00037487499999999674,0.00044019999999999997,0.0005781931386872361
0.04375,0.01625,0.005,6.25e-08,-0.0934985,0.0106653,-0.09300884999999999,0.0101638675,-0.0004896500000000081,0.000501432500000001,0.0007008506792150943
0.04625,0.01625,0.005,6.25e-08,-0.0959783,0.00675666,-0.09536082500000001,0.006209225,-0.0006174749999999923,0.0005474350000000006,0.0008252032809253677
0.04875,0.01625,0.005,6.25e-08,-0.0973809,0.00254649,-0.096626025,0.001973285,-0.0007548750000000021,0.0005732050000000002,0.0009478397742498483
0.05125,0.01625,0.005,6.25e-08,-0.0976395,-0.00187495,-0.09674254999999998,-0.00244926,-0.0008969500000000213,0.00057431,0.0010650592840776697
0.05375,0.01625,0.005,6.25e-08,-0.0967106,-0.00639753,-0.09567287499999999,-0.0069447625,-0.0010377250000000032,0.0005472324999999997,0.00117317372314643
0.05625,0.01625,0.005,6.25e-08,-0.0945781,-0.010893,-0.09340784999999999,-0.011382924999999999,-0.0011702500000000116,0.0004899249999999987,0.0012686652703235103
0.05875,0.01625,0.005,6.25e-08,-0.0912573,-0.0152184,-0.089970425,-0.015620949999999995,-0.0012868749999999929,0.0004025499999999946,0.0013483670746962703
0.06125,0.01625,0.005,6.25e-08,-0.0867981,-0.0192214,-0.085418625,-0.019508599999999997,-0.001379475000000005,0.0002871999999999979,0.001409054688656552
0.06375,0.01625,0.005,6.25e-08,-0.0812876,-0.0227468,-0.07984719999999998,-0.022895925000000008,-0.0014404000000000222,0.0001491250000000069,0.001448098900498535
0.06625,0.01625,0.005,6.25e-08,-0.074851,-0.0256451,-0.07338804999999998,-0.025640850000000007,-0.0014629500000000184,-4.249999999993842e-06,0.0014629561733011873
0.06875,0.01625,0.005,6.25e-08,-0.0676506,-0.0277814,-0.06620822499999998,-0.027618375000000004,-0.0014423750000000235,-0.0001630249999999972,0.0014515587453665343
0.07125,0.01625,0.005,6.25e-08,-0.059883,-0.0290458,-0.05850657500000002,-0.028729775,-0.0013764249999999797,-0.00031602500000000103,0.0014122385001301815
0.07375,0.01625,0.005,6.25e-08,-0.0517734,-0.0293625,-0.050507000000000024,-0.028911150000000004,-0.001266399999999973,-0.0004513499999999962,0.0013444276784193073
0.07625,0.01625,0.005,6.25e-08,-0.0435672,-0.0286995,-0.04245015000000002,-0.028141425,-0.0011170499999999806,-0.0005580749999999982,0.0012486986858826089
0.07875,0.01625,0.005,6.25e-08,-0.0355194,-0.0270753,-0.03458252499999998,-0.026447999999999992,-0.0009368750000000176,-0.0006273000000000077,0.0011274928184361276
0.08125,0.01625,0.005,6.25e-08,-0.0278815,-0.0245642,-0.027144149999999978,-0.023910899999999992,-0.000737350000000022,-0.0006533000000000094,0.0009851324339904988
0.08375,0.01625,0.005,6.25e-08,-0.0208871,-0.0212987,-0.020355049999999982,-0.020664374999999992,-0.0005320500000000165,-0.0006343250000000085,0.000827916305024263
0.08625,0.01625,0.005,6.25e-08,-0.0147377,-0.0174688,-0.014402025000000016,-0.01689635000000001,-0.0003356749999999832,-0.0005724499999999882,0.0006636088517530302
0.08875,0.01625,0.005,6.25e-08,-0.00958885,-0.0133196,-0.009426482500000012,-0.012846950000000011,-0.00016236749999998766,-0.00047264999999998766,0.0004997611705167122
0.09125,0.01625,0.005,6.25e-08,-0.00553731,-0.00914805,-0.005514372500000009,-0.008805632500000011,-2.2937499999990847e-05,-0.0003424174999999887,0.00034318489653901123
0.09375,0.01625,0.005,6.25e-08,-0.00261033,-0.00529757,-0.002690175,-0.0051092625000000004,7.984499999999983e-05,-0.00018830749999999927,0.0002045359102486644
0.09625,0.01625,0.005,6.25e-08,-0.000793829,-0.0021531,-0.0009155302499999965,-0.0021404474999999934,0.0001217012499999965,-1.2652500000006391e-05,0.00012235718208512245
0.09875,0.01625,0.005,6.25e-08,-8.04302e-05,-0.000158576,-9.458507499999892e-05,-0.000327043999999997,1.4154874999998916e-05,0.00016846799999999698,0.00016906160862320156
0.00125,0.01875,0.005,6.25e-08,-0.000315582,0.00277768,-0.0002543575,0.00284325,-6.122450000000003e-05,-6.557000000000004e-05,8.970988964573531e-05
0.00375,0.01875,0.005,6.25e-08,-0.00201138,0.0086171,-0.0021520899999999997,0.0086547775,0.00014070999999999962,-3.7677499999999586e-05,0.00014566707969287316
0.00625,0.01875,0.005,6.25e-08,-0.00552657,0.01422,-0.005632000000000001,0.014256225,0.00010543000000000097,-3.622500000000084e-05,0.00011147975387934917
0.00875,0.01875,0.005,6.25e-08,-0.0103558,0.0192746,-0.010408925000000003,0.019334175000000002,5.312500000000282e-05,-5.957500000000268e-05,7.98213395653106e-05
0.01125,0.01875,0.005,6.25e-08,-0.0161982,0.0236144,-0.016230800000000004,0.023702650000000002,3.2600000000004153e-05,-8.825000000000152e-05,9.407881004774953e-05
0.01375,0.01875,0.005,6.25e-08,-0.0228488,0.0271606,-0.022873175000000003,0.027271125,2.437500000000356e-05,-0.0001105250000000002,0.00011318090055305365
0.01625,0.01875,0.005,6.25e-08,-0.0301123,0.029894,-0.030133900000000005,0.030014000000000002,2.160000000000356e-05,-0.00012000000000000205,0.00012192850364045581
0.01875,0.01875,0.005,6.25e-08,-0.0378066,0.0318317,-0.03782905,0.031944925,2.2450000000000248e-05,-0.00011322500000000152,0.00011542921261535294
0.02125,0.01875,0.005,6.25e-08,-0.0457651,0.0330079,-0.04578897500000001,0.033096999999999994,2.387500000000653e-05,-8.909999999999474e-05,9.22432958268479e-05
0.02375,0.01875,0.005,6.25e-08,-0.0538327,0.0334604,-0.053855275,0.033508325,2.2575000000003842e-05,-4.7924999999997275e-05,5.297580815806317e-05
0.02625,0.01875,0.005,6.25e-08,-0.0618622,0.0332225,-0.061877525,0.0332136,1.532500000000353e-05,8.899999999999186e-06,1.7721896766432585e-05
0.02875,0.01875,0.005,6.25e-08,-0.0697121,0.0323195,-0.0697111,0.032240275,-1.000000000001e-06,7.922500000000221e-05,7.923131088780717e-05
0.03125,0.01875,0.005,6.25e-08,-0.0772443,0.0307691,-0.077215125,0.030608575,-2.917500000000628e-05,0.00016052500000000164,0.0001631547003613469
0.03375,0.01875,0.005,6.25e-08,-0.0843231,0.0285841,-0.0842516,0.02833445,-7.150000000000212e-05,0.00024965000000000057,0.0002596870664858005
0.03625,0.01875,0.005,6.25e-08,-0.0908152,0.0257771,-0.09068525000000001,0.025434175,-0.0001299499999999898,0.00034292500000000087,0.0003667213630605639
0.03875,0.01875,0.005,6.25e-08,-0.0965899,0.0223654,-0.096384275,0.021929775,-0.00020562500000000095,0.000435625000000002,0.0004817164946833377
0.04125,0.01875,0.005,6.25e-08,-0.101521,0.0183773,-0.10122205000000001,0.017854425,-0.0002989499999999923,0.000522874999999999,0.0006023033854503844
0.04375,0.01875,0.005,6.25e-08,-0.105489,0.0138566,-0.1050805,0.013257625,-0.0004085000000000061,0.0005989749999999999,0.0007250126210108378
0.04625,0.01875,0.005,6.25e-08,-0.108386,0.00886696,-0.10785125000000001,0.00820907,-0.0005347499999999866,0.0006578899999999995,0.0008478070621314646
0.04875,0.01875,0.005,6.25e-08,-0.110115,0.00349508,-0.109443,0.0028014500000000005,-0.0006720000000000059,0.0006936299999999993,0.0009657673513326111
0.05125,0.01875,0.005,6.25e-08,-0.110599,-0.00214795,-0.10978125,-0.00284856,-0.000817750000000006,0.00070061,0.001076833057906382
0.05375,0.01875,0.005,6.25e-08,-0.109784,-0.00792662,-0.10881750000000001,-0.00860086,-0.0009664999999999951,0.0006742399999999996,0.0011784404217439208
0.05625,0.01875,0.005,6.25e-08,-0.107643,-0.0136829,-0.10653225,-0.014294425,-0.0011107500000000076,0.0006115249999999999,0.0012679622975960354
0.05875,0.01875,0.005,6.25e-08,-0.10418,-0.0192402,-0.10293725000000001,-0.019751824999999994,-0.001242749999999987,0.0005116249999999947,0.001343944828899223
0.06125,0.01875,0.005,6.25e-08,-0.0994359,-0.0244089,-0.098082475,-0.024785575,-0.0013534249999999914,0.0003766749999999999,0.0014048641522403428
0.06375,0.01875,0.005,6.25e-08,-0.0934919,-0.0289946,-0.09205767499999998,-0.02920652500000001,-0.001434225000000025,0.0002119250000000121,0.0014497977639140146
0.06625,0.01875,0.005,6.25e-08,-0.0864709,-0.032808,-0.08499414999999998,-0.03283367500000001,-0.0014767500000000267,2.5675000000009718e-05,0.0014769731778624415
0.06875,0.01875,0.005,6.25e-08,-0.0785384,-0.0356757,-0.07706407499999998,-0.03550527500000001,-0.0014743250000000124,-0.00017042499999998795,0.0014841424750508397
0.07125,0.01875,0.005,6.25e-08,-0.0699006,-0.0374533,-0.06847755000000001,-0.037090599999999994,-0.0014230499999999813,-0.00036270000000000746,0.0014685443787982547
0.07375,0.01875,0.005,6.25e-08,-0.0607995,-0.0380373,-0.059477100000000026,-0.0375011,-0.0013223999999999736,-0.0005362000000000006,0.001426973090145687
0.07625,0.01875,0.005,6.25e-08,-0.0515051,-0.0373776,-0.05032862500000003,-0.036700925,-0.0011764749999999685,-0.0006766749999999946,0.0013571965521802355
0.07875,0.01875,0.005,6.25e-08,-0.0423037,-0.0354871,-0.04131037499999997,-0.03471497499999999,-0.000993325000000031,-0.0007721250000000124,0.0012581222401857781
0.08125,0.01875,0.005,6.25e-08,-0.0334843,-0.0324489,-0.03269894999999998,-0.03163449999999999,-0.0007853500000000249,-0.0008144000000000137,0.0011313805648410537
0.08375,0.01875,0.005,6.25e-08,-0.025322,-0.0284193,-0.02475437499999998,-0.027619349999999987,-0.0005676250000000195,-0.0007999500000000145,0.0009808762119274
0.08625,0.01875,0.005,6.25e-08,-0.0180615,-0.0236275,-0.01770477500000002,-0.022897000000000015,-0.00035672499999998136,-0.0007304999999999846,0.0008129470927587873
0.08875,0.01875,0.005,6.25e-08,-0.0119013,-0.0183711,-0.011732300000000015,-0.017759075000000013,-0.00016899999999998513,-0.0006120249999999883,0.0006349296028891555
0.09125,0.01875,0.005,6.25e-08,-0.0069779,-0.0130093,-0.0069615125000000114,-0.012555475000000016,-1.638749999998898e-05,-0.0004538249999999841,0.00045412077774666424
0.09375,0.01875,0.005,6.25e-08,-0.00335264,-0.00795255,-0.003452155,-0.007687797499999999,9.951500000000011e-05,-0.0002647524999999998,0.0002828376238785249
0.09625,0.01875,0.005,6.25e-08,-0.00104941,-0.00365164,-0.0011970224999999955,-0.00360176749999999,0.0001476124999999955,-4.9872500000009996e-05,0.00015580987264130495
0.09875,0.01875,0.005,6.25e-08,-0.000115806,-0.000608395,-0.00012640114999999859,-0.0007791384999999944,1.059514999999859e-05,0.00017074349999999443,0.00017107191469019855
0.00125,0.02125,0.005,6.25e-08,-0.000366221,0.00389053,-0.00029236775,0.00391526,-7.385325e-05,-2.473000000000015e-05,7.788373023656807e-05
0.00375,0.02125,0.005,6.25e-08,-0.00231062,0.0115694,-0.0024640950000000003,0.011586925000000001,0.00015347500000000014,-1.7525000000000873e-05,0.0001544723316649298
0.00625,0.02125,0.005,6.25e-08,-0.00631161,0.0186774,-0.006422675000000002,0.018709550000000002,0.0001110650000000022,-3.215000000000162e-05,0.00011562463718862253
0.00875,0.02125,0.005,6.25e-08,-0.0117697,0.0249459,-0.011821875000000004,0.025012850000000007,5.2175000000004995e-05,-6.695000000000659e-05,8.487952123452043e-05
0.01125,0.02125,0.005,6.25e-08,-0.0183288,0.030244,-0.018360925,0.030347825000000002,3.21250000000009e-05,-0.00010382500000000183,0.00010868139790231094
0.01375,0.02125,0.005,6.25e-08,-0.025751,0.0345229,-0.0257787,0.03465445,2.770000000000203e-05,-0.0001315500000000011,0.00013443471463874353
0.01625,0.02125,0.005,6.25e-08,-0.0338164,0.037788,-0.03384672500000001,0.037931950000000006,3.0325000000004654e-05,-0.0001439500000000038,0.00014710951065448276
0.01875,0.02125,0.005,6.25e-08,-0.0423251,0.0400761,-0.042362875,0.040213725000000006,3.777500000000378e-05,-0.00013762500000000233,0.0001427150701572925
0.02125,0.02125,0.005,6.25e-08,-0.0510985,0.0414365,-0.051145150000000014,0.041547925000000006,4.665000000001612e-05,-0.00011142500000000527,0.00012079632910400331
0.02375,0.02125,0.005,6.25e-08,-0.0599729,0.0419179,-0.060026575000000006,0.0419836,5.3675000000003026e-05,-6.570000000000187e-05,8.483805528771019e-05
0.02625,0.02125,0.005,6.25e-08,-0.068795,0.0415613,-0.068850625,0.04156317500000001,5.562500000000359e-05,-1.8750000000053446e-06,5.565659215223673e-05
0.02875,0.02125,0.005,6.25e-08,-0.0774183,0.0403969,-0.07746767500000001,0.040319100000000004,4.9375000000018154e-05,7.779999999999593e-05,9.214516061628608e-05
0.03125,0.02125,0.005,6.25e-08,-0.0857003,0.0384454,-0.0857323,0.038274775000000004,3.200000000000425e-05,0.0001706249999999937,0.00017359980018709158
0.03375,0.02125,0.005,6.25e-08,-0.0935007,0.035722,-0.0935019,0.03544875,1.1999999999928734e-06,0.0002732499999999957,0.0002732526349369712
0.03625,0.02125,0.005,6.25e-08,-0.100681,0.0322413,-0.10063582500000001,0.03185985000000001,-4.5174999999994525e-05,0.0003814499999999915,0.0003841157158005814
0.03875,0.02125,0.005,6.25e-08,-0.107105,0.0280241,-0.10699675,0.027533800000000004,-0.00010825000000000418,0.0004902999999999956,0.0005021077100583066
0.04125,0.02125,0.005,6.25e-08,-0.112641,0.023104,-0.11244950000000001,0.022509725000000005,-0.00019149999999999723,0.0005942749999999948,0.0006243677006580279
0.04375,0.02125,0.005,6.25e-08,-0.117159,0.0175326,-0.11686800000000001,0.016845750000000003,-0.0002909999999999857,0.0006868499999999958,0.0007459516891193329
0.04625,0.02125,0.005,6.25e-08,-0.120543,0.011385,-0.12013375000000001,0.010623862500000003,-0.000409249999999986,0.0007611374999999965,0.0008641850822631882
0.04875,0.02125,0.005,6.25e-08,-0.122685,0.00476315,-0.12214225000000002,0.003953032500000001,-0.0005427499999999807,0.0008101174999999988,0.0009751245696351965
0.05125,0.02125,0.005,6.25e-08,-0.123494,-0.00220202,-0.12280600000000001,-0.0030290399999999998,-0.0006879999999999942,0.0008270199999999999,0.0010757816137116267
0.05375,0.02125,0.005,6.25e-08,-0.122903,-0.00935045,-0.12206100000000002,-0.0101563725,-0.0008419999999999817,0.0008059225000000003,0.0011655363898249679
0.05625,0.02125,0.005,6.25e-08,-0.120866,-0.0164945,-0.11987025000000001,-0.017237050000000004,-0.0009957499999999897,0.000742550000000005,0.0012421346807009242
0.05875,0.02125,0.005,6.25e-08,-0.117375,-0.0234229,-0.1162315,-0.024057924999999994,-0.0011434999999999917,0.0006350249999999939,0.001307994266281383
0.06125,0.02125,0.005,6.25e-08,-0.112454,-0.0299073,-0.11117925000000001,-0.030391625000000005,-0.0012747499999999912,0.0004843250000000042,0.001363656213319538
0.06375,0.02125,0.005,6.25e-08,-0.106172,-0.0357104,-0.10479274999999999,-0.03600605000000002,-0.0013792500000000124,0.00029565000000001534,0.0014105812578508348
0.06625,0.02125,0.005,6.25e-08,-0.0986438,-0.040598,-0.09719639999999999,-0.04067582500000002,-0.0014474000000000153,7.782500000001746e-05,0.0014494907694169864
0.06875,0.02125,0.005,6.25e-08,-0.0900331,-0.044352,-0.08856302499999999,-0.04419582500000001,-0.0014700750000000151,-0.0001561749999999945,0.0014783474342149896
0.07125,0.02125,0.005,6.25e-08,-0.0805517,-0.0467857,-0.07911082500000004,-0.046395525,-0.0014408749999999665,-0.00039017499999999955,0.0014927683330811592
0.07375,0.02125,0.005,6.25e-08,-0.0704566,-0.0477595,-0.06909935000000003,-0.047153675000000006,-0.0013572499999999627,-0.0006058249999999973,0.0014863214635888482
0.07625,0.02125,0.005,6.25e-08,-0.0600423,-0.047197,-0.058821050000000034,-0.04641187500000001,-0.0012212499999999654,-0.0007851249999999907,0.001451851517244412
0.07875,0.02125,0.005,6.25e-08,-0.0496296,-0.0450977,-0.04858909999999998,-0.0441856,-0.0010405000000000206,-0.000912099999999999,0.0013836786693448885
0.08125,0.02125,0.005,6.25e-08,-0.0395502,-0.0415472,-0.03872239999999998,-0.04057207499999999,-0.0008278000000000174,-0.0009751250000000072,0.0012791096925694227
0.08375,0.02125,0.005,6.25e-08,-0.0301281,-0.0367223,-0.02952842499999998,-0.03575369999999999,-0.0005996750000000217,-0.000968600000000007,0.0011392085259622313
0.08625,0.02125,0.005,6.25e-08,-0.02166,-0.0308902,-0.021285150000000023,-0.029996800000000025,-0.0003748499999999752,-0.0008933999999999748,0.0009688529725917841
0.08875,0.02125,0.005,6.25e-08,-0.0143967,-0.0244026,-0.014224350000000021,-0.023646025000000022,-0.00017234999999997912,-0.0007565749999999781,0.000775957636166408
0.09125,0.02125,0.005,6.25e-08,-0.00852305,-0.0176847,-0.008517240000000016,-0.017115250000000023,-5.8099999999845775e-06,-0.0005694499999999783,0.0005694796384419509
0.09375,0.02125,0.005,6.25e-08,-0.00414086,-0.0112198,-0.004264837500000001,-0.010875777500000001,0.0001239775000000014,-0.0003440224999999991,0.00036568005279547276
0.09625,0.02125,0.005,6.25e-08,-0.00131578,-0.00553147,-0.0014939924999999947,-0.005442887499999988,0.00017821249999999482,-8.858250000001212e-05,0.00019901395544659752
0.09875,0.02125,0.005,6.25e-08,-0.000150886,-0.00118783,-0.00015946829999999822,-0.0013605687499999913,8.582299999998212e-06,0.00017273874999999134,0.00017295181879601462
0.00125,0.02375,0.005,6.25e-08,-0.000412632,0.00515285,-0.000327383,0.005129125,-8.524900000000002e-05,2.3724999999999614e-05,8.84887994381209e-05
0.00375,0.02375,0.005,6.25e-08,-0.00258618,0.0148971,-0.0027519099999999998,0.014891374999999998,0.00016572999999999978,5.725000000001562e-06,0.00016582885311368449
0.00625,0.02375,0.005,6.25e-08,-0.00703679,0.0236731,-0.0071534350000000005,0.023702050000000002,0.00011664500000000029,-2.895000000000328e-05,0.00012018385301279144
0.00875,0.02375,0.005,6.25e-08,-0.0130792,0.0312668,-0.013130575000000002,0.03134505,5.137500000000281e-05,-7.825000000000193e-05,9.360797575527734e-05
0.01125,0.02375,0.005,6.25e-08,-0.0203063,0.0375948,-0.020338000000000002,0.037719925,3.170000000000256e-05,-0.0001251250000000037,0.00012907809893626838
0.01375,0.02375,0.005,6.25e-08,-0.0284498,0.0426485,-0.0284808,0.042808075,3.099999999999978e-05,-0.00015957500000000208,0.00016255823764116246
0.01625,0.02375,0.005,6.25e-08,-0.0372668,0.0464668,-0.037306149999999996,0.046642425,3.934999999999356e-05,-0.0001756249999999987,0.00017997934082832686
0.01875,0.02375,0.005,6.25e-08,-0.046541,0.0491125,-0.0465951,0.04928295,5.410000000000137e-05,-0.0001704499999999956,0.0001788295627126529
0.02125,0.02375,0.005,6.25e-08,-0.0560829,0.0506546,-0.05615462500000001,0.050797625,7.172500000000859e-05,-0.00014302499999999801,0.00016000195701928357
0.02375,0.02375,0.005,6.25e-08,-0.065722,0.0511561,-0.0658108,0.051249825,8.879999999999999e-05,-9.37249999999959e-05,0.0001291116401607509
0.02625,0.02375,0.005,6.25e-08,-0.0753009,0.0506673,-0.075402775,0.0506914,0.00010187500000000127,-2.4099999999999122e-05,0.00010468679775883976
0.02875,0.02375,0.005,6.25e-08,-0.0846699,0.0492244,-0.08477815,0.04916065,0.0001082499999999903,6.37500000000013e-05,0.00012562692784589643
0.03125,0.02375,0.005,6.25e-08,-0.0936842,0.0468515,-0.093789175,0.046684624999999993,0.00010497500000000715,0.00016687500000000383,0.00019714719437517435
0.03375,0.02375,0.005,6.25e-08,-0.102201,0.0435655,-0.10229074999999999,0.0432836,8.974999999998567e-05,0.0002819000000000016,0.0002958423101924373
0.03625,0.02375,0.005,6.25e-08,-0.11008,0.0393827,-0.11013925000000001,0.038978349999999995,5.925000000001068e-05,0.0004043500000000047,0.0004086679397750759
0.03875,0.02375,0.005,6.25e-08,-0.11718,0.0343262,-0.117192,0.033797049999999995,1.1999999999998123e-05,0.000529150000000006,0.000529286049787831
0.04125,0.02375,0.005,6.25e-08,-0.123363,0.0284331,-0.123309,0.02778295,-5.3999999999998494e-05,0.0006501499999999986,0.0006523887050677671
0.04375,0.02375,0.005,6.25e-08,-0.128494,0.0217614,-0.12835524999999998,0.02100085,-0.0001387500000000208,0.0007605499999999987,0.000773102751903008
0.04625,0.02375,0.005,6.25e-08,-0.132445,0.0143952,-0.13220075,0.013542674999999999,-0.0002442500000000014,0.0008525250000000015,0.0008868240739430811
0.04875,0.02375,0.005,6.25e-08,-0.135095,0.00644973,-0.1347275,0.005531557499999999,-0.00036749999999999283,0.0009181725000000007,0.0009889878612785125
0.05125,0.02375,0.005,6.25e-08,-0.13634,-0.00192664,-0.1358315,-0.0028760825,-0.0005084999999999951,0.0009494425,0.0010770391407958417
0.05375,0.02375,0.005,6.25e-08,-0.136092,-0.010551,-0.135429,-0.01149,-0.0006629999999999969,0.0009390000000000006,0.0011494737926547073
0.05625,0.02375,0.005,6.25e-08,-0.134288,-0.0192072,-0.133463,-0.020088175,-0.0008249999999999924,0.0008809749999999991,0.0012069556539595753
0.05875,0.02375,0.005,6.25e-08,-0.130896,-0.0276496,-0.12990825,-0.028421349999999988,-0.0009877500000000095,0.0007717499999999877,0.0012534943657631652
0.06125,0.02375,0.005,6.25e-08,-0.12592,-0.035609,-0.12477949999999999,-0.036220150000000007,-0.0011405000000000165,0.0006111500000000047,0.0012939260305365387
0.06375,0.02375,0.005,6.25e-08,-0.11941,-0.0428025,-0.11813774999999999,-0.043205550000000016,-0.0012722500000000164,0.0004030500000000159,0.001334567107716976
0.06625,0.02375,0.005,6.25e-08,-0.111466,-0.0489454,-0.11009424999999998,-0.049101825000000016,-0.0013717500000000188,0.00015642500000001558,0.0013806400121411288
0.06875,0.02375,0.005,6.25e-08,-0.102243,-0.0537674,-0.10081624999999997,-0.053652500000000006,-0.0014267500000000322,-0.00011489999999999417,0.0014313691251735489
0.07125,0.02375,0.005,6.25e-08,-0.0919541,-0.0570302,-0.09052570000000004,-0.056637925,-0.0014283999999999547,-0.0003922750000000044,0.0014812853322789888
0.07375,0.02375,0.005,6.25e-08,-0.0808673,-0.0585478,-0.07949725000000002,-0.057893599999999996,-0.0013700499999999838,-0.0006542000000000006,0.0015182274673117848
0.07625,0.02375,0.005,6.25e-08,-0.0693019,-0.0582061,-0.06805005000000003,-0.05732820000000001,-0.001251849999999971,-0.000877899999999987,0.0015289986371805257
0.07875,0.02375,0.005,6.25e-08,-0.0576154,-0.0559808,-0.05653549999999997,-0.054938299999999995,-0.0010799000000000294,-0.0010425000000000018,0.0015009964223808355
0.08125,0.02375,0.005,6.25e-08,-0.0461876,-0.0519518,-0.04532089999999997,-0.05081969999999999,-0.0008667000000000327,-0.0011321000000000109,0.0014257697219397251
0.08375,0.02375,0.005,6.25e-08,-0.0353996,-0.0463104,-0.03476934999999998,-0.04517244999999998,-0.0006302500000000266,-0.0011379500000000195,0.0013008248402456336
0.08625,0.02375,0.005,6.25e-08,-0.0256105,-0.03936,-0.025218525000000026,-0.03830017500000002,-0.000391974999999975,-0.0010598249999999795,0.0011299882438547478
0.08875,0.02375,0.005,6.25e-08,-0.017134,-0.0315079,-0.01695997500000002,-0.03060240000000002,-0.00017402499999998045,-0.0009054999999999792,0.0009220710117040637
0.09125,0.02375,0.005,6.25e-08,-0.0102132,-0.0232508,-0.010220952500000016,-0.02256182500000002,7.752500000015108e-06,-0.0006889749999999771,0.0006890186150469512
0.09375,0.02375,0.005,6.25e-08,-0.00499858,-0.0151531,-0.005151302500000001,-0.014727124999999999,0.0001527225000000007,-0.0004259750000000003,0.0004525249856430587
0.09625,0.02375,0.005,6.25e-08,-0.00160279,-0.00782144,-0.0018161124999999932,-0.007693244999999982,0.00021332249999999318,-0.00012819500000001843,0.0002488783779906399
0.09875,0.02375,0.005,6.25e-08,-0.00018769,-0.00190385,-0.00019507124999999784,-0.002079399999999987,7.381249999997852e-06,0.000175549999999987,0.00017570510906504087
0.00125,0.02625,0.005,6.25e-08,-0.000454613,0.00655185,-0.00035914225,0.0064727625,-9.547074999999999e-05,7.908749999999999e-05,0.00012397377449207753
0.00375,0.02625,0.005,6.25e-08,-0.00283599,0.0185691,-0.0030131025,0.018537025,0.00017711249999999984,3.2075000000002934e-05,0.0001799934534399797
0.00625,0.02625,0.005,6.25e-08,-0.00769547,0.0291638,-0.007817457500000001,0.029190175,0.00012198750000000109,-2.6374999999998622e-05,0.00012480621291125773
0.00875,0.02625,0.005,6.25e-08,-0.014271,0.0381872,-0.014321725000000002,0.038280025,5.072500000000146e-05,-9.282500000000471e-05,0.00010578046251553745
0.01125,0.02625,0.005,6.25e-08,-0.0221098,0.0456132,-0.0221411,0.04576505,3.1300000000001466e-05,-0.00015185000000000198,0.0001550422926172104
0.01375,0.02625,0.005,6.25e-08,-0.0309162,0.0514833,-0.030950349999999998,0.051677475,3.414999999999668e-05,-0.00019417499999999782,0.00019715514988201277
0.01625,0.02625,0.005,6.25e-08,-0.0404265,0.0558772,-0.040474775000000004,0.0560922,4.827500000000734e-05,-0.0002149999999999999,0.0002203530703779747
0.01875,0.02625,0.005,6.25e-08,-0.0504099,0.0588903,-0.050480575,0.0591022,7.067499999999921e-05,-0.00021190000000000098,0.00022337539171762028
0.02125,0.02625,0.005,6.25e-08,-0.0606678,0.060616,-0.060765475000000006,0.0608002,9.76750000000054e-05,-0.00018419999999999548,0.00020849471366200006
0.02375,0.02625,0.005,6.25e-08,-0.0710244,0.0611346,-0.071150325,0.061267249999999995,0.00012592499999999895,-0.00013264999999999805,0.0001829019631523927
0.02625,0.02625,0.005,6.25e-08,-0.0813197,0.060508,-0.08147172500000001,0.06056665,0.00015202500000001395,-5.865000000000037e-05,0.0001629460742853423
0.02875,0.02625,0.005,6.25e-08,-0.0914032,0.0587794,-0.091576275,0.058743750000000004,0.00017307499999999476,3.564999999999818e-05,0.00017670845515989906
0.03125,0.02625,0.005,6.25e-08,-0.10113,0.0559765,-0.101315875,0.05582912500000001,0.000185875000000002,0.00014737499999999126,0.00023721067903869372
0.03375,0.02625,0.005,6.25e-08,-0.110357,0.0521178,-0.11054625,0.051844749999999995,0.00018925000000000192,0.00027305000000000385,0.000332222613619246
0.03625,0.02625,0.005,6.25e-08,-0.118943,0.0472204,-0.11912125000000001,0.0468119,0.00017825000000001867,0.0004085000000000061,0.0004456964353683027
0.03875,0.02625,0.005,6.25e-08,-0.126744,0.0413081,-0.12689650000000002,0.040759624999999994,0.0001525000000000276,0.0005484750000000066,0.0005692811920527637
0.04125,0.02625,0.005,6.25e-08,-0.133618,0.0344195,-0.13372625,0.033732975,0.00010825000000000418,0.0006865250000000003,0.0006950069338682898
0.04375,0.02625,0.005,6.25e-08,-0.139425,0.0266162,-0.13946799999999998,0.0258007,4.299999999998749e-05,0.0008155000000000003,0.0008166328734504871
0.04625,0.02625,0.005,6.25e-08,-0.144024,0.0179887,-0.14398075,0.01706145,-4.325000000002244e-05,0.000927250000000001,0.0009282581133499474
0.04875,0.02625,0.005,6.25e-08,-0.147284,0.00866186,-0.14713175,0.0076490025,-0.00015224999999999267,0.0010128575000000004,0.001024236485293435
0.05125,0.02625,0.005,6.25e-08,-0.149081,-0.00120146,-0.14879775,-0.0022646297500000002,-0.0002832499999999849,0.0010631697500000003,0.0011002547340570976
0.05375,0.02625,0.005,6.25e-08,-0.149307,-0.0113985,-0.1488725,-0.01246785,-0.00043450000000000433,0.0010693500000000002,0.0011542528633276177
0.05625,0.02625,0.005,6.25e-08,-0.147874,-0.0216869,-0.14727375,-0.0227105,-0.0006002499999999966,0.001023600000000003,0.001186615785543072
0.05875,0.02625,0.005,6.25e-08,-0.144723,-0.0317874,-0.14394825,-0.032707649999999984,-0.0007747499999999907,0.0009202499999999836,0.0012029537085856445
0.06125,0.02625,0.005,6.25e-08,-0.139833,-0.0413896,-0.13888325,-0.042146675,-0.0009497499999999992,0.0007570750000000029,0.0012145730188527172
0.06375,0.02625,0.005,6.25e-08,-0.133225,-0.0501617,-0.13211374999999997,-0.05069780000000002,-0.0011112500000000358,0.0005361000000000254,0.0012338070240114972
0.06625,0.02625,0.005,6.25e-08,-0.124977,-0.0577633,-0.12373024999999997,-0.058028700000000016,-0.0012467500000000326,0.0002654000000000198,0.001274685342545403
0.06875,0.02625,0.005,6.25e-08,-0.115229,-0.0638634,-0.11388774999999998,-0.06382250000000002,-0.001341250000000016,-4.089999999998262e-05,0.001341873456217106
0.07125,0.02625,0.005,6.25e-08,-0.104187,-0.0681618,-0.10280565000000003,-0.06779917499999999,-0.0013813499999999757,-0.0003626250000000053,0.0014281543029816268
0.07375,0.02625,0.005,6.25e-08,-0.0921275,-0.0704126,-0.09076940000000003,-0.06973835,-0.0013580999999999732,-0.0006742500000000012,0.0015162614129825796
0.07625,0.02625,0.005,6.25e-08,-0.0793907,-0.0704505,-0.07812410000000003,-0.06950215,-0.001266599999999965,-0.0009483500000000006,0.0015822905177305187
0.07875,0.02625,0.005,6.25e-08,-0.0663725,-0.0682138,-0.06526162499999996,-0.06705584999999999,-0.001110875000000039,-0.0011579500000000187,0.001604646835950244
0.08125,0.02625,0.005,6.25e-08,-0.0535057,-0.0637646,-0.05260307499999997,-0.062483099999999986,-0.0009026250000000319,-0.0012815000000000187,0.0015674738085930194
0.08375,0.02625,0.005,6.25e-08,-0.0412369,-0.0573007,-0.04057609999999997,-0.05599479999999998,-0.0006608000000000308,-0.0013059000000000265,0.001463568054447797
0.08625,0.02625,0.005,6.25e-08,-0.0299986,-0.0491577,-0.02958895000000003,-0.047928925000000025,-0.00040964999999996976,-0.0012287749999999736,0.0012952610250929774
0.08875,0.02625,0.005,6.25e-08,-0.0201802,-0.0398002,-0.020004925000000028,-0.03874162500000002,-0.0001752749999999713,-0.0010585749999999783,0.0010729875843876033
0.09125,0.02625,0.005,6.25e-08,-0.0120953,-0.0298032,-0.01211872500000002,-0.02899072500000003,2.342500000001961e-05,-0.0008124749999999688,0.0008128126206266424
0.09375,0.02625,0.005,6.25e-08,-0.00595319,-0.0198229,-0.0061385549999999995,-0.019312375,0.00018536499999999984,-0.0005105250000000013,0.0005431353043671541
0.09625,0.02625,0.005,6.25e-08,-0.00192168,-0.0105631,-0.0021745724999999915,-0.010394709999999977,0.0002528924999999915,-0.00016839000000002345,0.0003038252929830787
0.09875,0.02625,0.005,6.25e-08,-0.000228386,-0.00276908,-0.0002346487499999974,-0.002948882499999982,6.262749999997398e-06,0.0001798024999999817,0.00017991153671681503
0.00125,0.02875,0.005,6.25e-08,-0.000491763,0.00807355,-0.0003873055,0.0079328975,-0.00010445749999999997,0.00014065250000000126,0.0001751984448061693
0.00375,0.02875,0.005,6.25e-08,-0.00305745,0.0225505,-0.0032448449999999997,0.022489375,0.0001873949999999995,6.112500000000215e-05,0.00019711202817179898
0.00625,0.02875,0.005,6.25e-08,-0.00828042,0.0351008,-0.008407330000000001,0.0351248,0.0001269100000000009,-2.3999999999996247e-05,0.0001291593902896729
0.00875,0.02875,0.005,6.25e-08,-0.0153315,0.0456499,-0.015381725000000002,0.04575997500000001,5.02250000000027e-05,-0.00011007500000000808,0.000120991967708613
0.01125,0.02875,0.005,6.25e-08,-0.0237182,0.0542381,-0.023748975,0.05442105,3.0775000000000247e-05,-0.00018295000000000117,0.00018552035771041527
0.01375,0.02875,0.005,6.25e-08,-0.0331209,0.0609648,-0.033157575,0.061199525000000005,3.66749999999999e-05,-0.00023472500000000507,0.00023757289670752084
0.01625,0.02875,0.005,6.25e-08,-0.0432577,0.0659579,-0.04331405,0.06621955,5.634999999999668e-05,-0.00026165000000000216,0.00026764910797535035
0.01875,0.02875,0.005,6.25e-08,-0.0538855,0.0693512,-0.053971849999999995,0.069613075,8.634999999999199e-05,-0.00026187499999999475,0.00027574415338316036
0.02125,0.02875,0.005,6.25e-08,-0.0647982,0.0712669,-0.064921425,0.0715023,0.00012322500000000458,-0.0002354000000000106,0.00026570201471762706
0.02375,0.02875,0.005,6.25e-08,-0.0758168,0.0718061,-0.075979925,0.07198915,0.00016312500000000008,-0.00018305000000000404,0.00024518782213846083
0.02625,0.02875,0.005,6.25e-08,-0.0867802,0.0710444,-0.08698337499999999,0.071150825,0.000203174999999986,-0.00010642500000000721,0.0002293607665883506
0.02875,0.02875,0.005,6.25e-08,-0.097539,0.0690332,-0.097779475,0.06904085,0.00024047500000000388,-7.649999999997936e-06,0.00024059665027801577
0.03125,0.02875,0.005,6.25e-08,-0.10795,0.0658043,-0.1082225,0.06569370000000001,0.00027249999999999497,0.00011059999999998849,0.00029408945917865656
0.03375,0.02875,0.005,6.25e-08,-0.117872,0.0613775,-0.11816825,0.061132375,0.0002962499999999979,0.0002451249999999988,0.0003845131052708063
0.03625,0.02875,0.005,6.25e-08,-0.127165,0.0557693,-0.12747325,0.0553776,0.0003082500000000099,0.00039170000000000177,0.0004984445330224893
0.03875,0.02875,0.005,6.25e-08,-0.135685,0.0490024,-0.13599175,0.048457175000000005,0.0003067499999999945,0.0005452249999999964,0.0006255924097405536
0.04125,0.02875,0.005,6.25e-08,-0.143288,0.0411149,-0.1435755,0.040415275,0.0002874999999999961,0.0006996250000000023,0.0007563936743687119
0.04375,0.02875,0.005,6.25e-08,-0.149826,0.0321685,-0.150074,0.031320975,0.000248000000000026,0.0008475250000000017,0.0008830643383270643
0.04625,0.02875,0.005,6.25e-08,-0.155152,0.0222564,-0.155337,0.021275875,0.00018499999999999073,0.0009805249999999995,0.0009978247720040807
0.04875,0.02875,0.005,6.25e-08,-0.159118,0.011509,-0.1592155,0.010420005,9.750000000000036e-05,0.0010889950000000006,0.0010933509775113393
0.05125,0.02875,0.005,6.25e-08,-0.161584,9.92605e-05,-0.16156625,-0.001063631,-1.7750000000010813e-05,0.0011628915,0.001163026957242286
0.05375,0.02875,0.005,6.25e-08,-0.162417,-0.0117542,-0.16225875,-0.012946125,-0.00015824999999999867,0.001191925,0.001202384409465209
0.05625,0.02875,0.005,6.25e-08,-0.161503,-0.0237864,-0.16118,-0.0249525,-0.0003230000000000177,0.0011660999999999998,0.0012100075247699954
0.05875,0.02875,0.005,6.25e-08,-0.158752,-0.0356866,-0.15824425,-0.03676404999999998,-0.0005077500000000013,0.0010774499999999798,0.0011910955314331248
0.06125,0.02875,0.005,6.25e-08,-0.154105,-0.0471038,-0.15340399999999998,-0.048024475000000004,-0.0007010000000000072,0.0009206750000000027,0.0011571704522778893
0.06375,0.02875,0.005,6.25e-08,-0.147553,-0.0576549,-0.14665999999999996,-0.05835050000000003,-0.0008930000000000327,0.0006956000000000254,0.0011319489211091167
0.06625,0.02875,0.005,6.25e-08,-0.139142,-0.0669391,-0.13807424999999995,-0.06734682500000003,-0.001067750000000034,0.00040772500000002543,0.0011429478282603688
0.06875,0.02875,0.005,6.25e-08,-0.128986,-0.0745562,-0.12777824999999998,-0.07462690000000002,-0.0012077500000000074,7.070000000002075e-05,0.0012098175699253259
0.07125,0.02875,0.005,6.25e-08,-0.117277,-0.0801316,-0.11598150000000004,-0.07983744999999998,-0.0012954999999999633,-0.0002941500000000208,0.0013284744907223161
0.07375,0.02875,0.005,6.25e-08,-0.104291,-0.0833451,-0.10297427500000003,-0.08268667499999999,-0.001316724999999963,-0.000658425000000018,0.0014721712557477565
0.07625,0.02875,0.005,6.25e-08,-0.0903853,-0.0839627,-0.08912332500000003,-0.082973775,-0.0012619749999999708,-0.0009889250000000016,0.0016032945943431386
0.07875,0.02875,0.005,6.25e-08,-0.075993,-0.0818681,-0.07486152499999996,-0.0806161,-0.0011314750000000484,-0.0012520000000000031,0.0016875247185226998
0.08125,0.02875,0.005,6.25e-08,-0.0616034,-0.0770897,-0.06066852499999996,-0.07567112499999999,-0.0009348750000000433,-0.0014185750000000052,0.0016989250413864928
0.08375,0.02875,0.005,6.25e-08,-0.0477365,-0.0698196,-0.047045074999999964,-0.06835014999999998,-0.0006914250000000371,-0.001469450000000011,0.0016239925594426483
0.08625,0.02875,0.005,6.25e-08,-0.0349105,-0.0604195,-0.03448202500000003,-0.059020575000000026,-0.00042847499999996985,-0.0013989249999999745,0.001463072787406663
0.08875,0.02875,0.005,6.25e-08,-0.0236049,-0.0494121,-0.02342802500000003,-0.04819652500000003,-0.0001768749999999722,-0.0012155749999999688,0.0012283758977812591
0.09125,0.02875,0.005,6.25e-08,-0.014219,-0.0374579,-0.014259500000000022,-0.03651777500000004,4.050000000002142e-05,-0.0009401249999999653,0.0009409969530370098
0.09375,0.02875,0.005,6.25e-08,-0.00703383,-0.0253185,-0.007255517499999999,-0.0247207,0.00022168749999999966,-0.000597799999999999,0.0006375815145189269
0.09625,0.02875,0.005,6.25e-08,-0.00228419,-0.0138123,-0.0025812824999999905,-0.013603074999999971,0.0002970924999999903,-0.00020922500000002814,0.0003633717850649057
0.09875,0.02875,0.005,6.25e-08,-0.000275166,-0.00380227,-0.0002797129999999969,-0.003987934999999976,4.546999999996946e-06,0.00018566499999997637,0.00018572067045429056
0.00125,0.03125,0.005,6.25e-08,-0.000523555,0.00970251,-0.00041148175000000004,0.00949482,-0.00011207324999999995,0.00020768999999999996,0.00023599904547595625
0.00375,0.03125,0.005,6.25e-08,-0.00324758,0.026803,-0.0034440024999999996,0.026710075,0.00019642249999999965,9.292500000000065e-05,0.0002172943950755518
0.00625,0.03125,0.005,6.25e-08,-0.00878392,0.04143,-0.00891519,0.041451425,0.0001312699999999993,-2.142499999999853e-05,0.00013300693036454812
0.00875,0.03125,0.005,6.25e-08,-0.0162467,0.053591,-0.016296425000000003,0.053720175,4.972500000000393e-05,-0.0001291750000000022,0.00013841515903253142
0.01125,0.03125,0.005,6.25e-08,-0.02511,0.0634002,-0.025139925,0.06361787499999999,2.992500000000009e-05,-0.00021767499999998663,0.00021972235036516922
0.01375,0.03125,0.005,6.25e-08,-0.0350338,0.0710219,-0.035072325,0.071302325,3.852500000000453e-05,-0.0002804250000000008,0.00028305892716888614
0.01625,0.03125,0.005,6.25e-08,-0.0457213,0.0766387,-0.04578430000000001,0.076953375,6.30000000000075e-05,-0.00031467500000000037,0.0003209195469662158
0.01875,0.03125,0.005,6.25e-08,-0.0569189,0.0804277,-0.057019249999999994,0.080747325,0.00010034999999999211,-0.00031962499999999006,0.00033500785531833733
0.02125,0.03125,0.005,6.25e-08,-0.0684152,0.0825445,-0.068561825,0.08284037500000001,0.00014662500000001133,-0.000295875000000001,0.0003302134253024912
0.02375,0.03125,0.005,6.25e-08,-0.0800292,0.0831139,-0.080227625,0.083358475,0.00019842500000000207,-0.0002445749999999969,0.000314943504854441
0.02625,0.03125,0.005,6.25e-08,-0.0916007,0.0822278,-0.09185357499999999,0.08239515,0.00025287499999999963,-0.00016734999999999667,0.0003032355324248771
0.02875,0.03125,0.005,6.25e-08,-0.102983,0.079947,-0.10329025,0.08001335000000001,0.000307249999999995,-6.635000000000668e-05,0.00031433244344164957
0.03125,0.03125,0.005,6.25e-08,-0.114037,0.076308,-0.1143955,0.076251925,0.0003584999999999977,5.607500000000265e-05,0.0003628590024031354
0.03375,0.03125,0.005,6.25e-08,-0.124626,0.0713315,-0.12503,0.07113472500000001,0.0004040000000000016,0.00019677499999999626,0.00044937334213880533
0.03625,0.03125,0.005,6.25e-08,-0.134612,0.0650325,-0.13505325,0.06468035,0.00044125000000000414,0.0003521499999999955,0.000564545113343478
0.03875,0.03125,0.005,6.25e-08,-0.143854,0.0574307,-0.1443205,0.056913225,0.0004664999999999808,0.0005174750000000033,0.0006967084222434702
0.04125,0.03125,0.005,6.25e-08,-0.152206,0.0485604,-0.1526825,0.047873700000000005,0.0004764999999999908,0.0006866999999999915,0.000835828415405925
0.04375,0.03125,0.005,6.25e-08,-0.159518,0.0384803,-0.1599845,0.03762735,0.0004665000000000086,0.0008529500000000051,0.0009721861717284486
0.04625,0.03125,0.005,6.25e-08,-0.165634,0.0272817,-0.16606675,0.026273925,0.0004327500000000095,0.001007774999999999,0.0010967602350217692
0.04875,0.03125,0.005,6.25e-08,-0.170394,0.0150958,-0.17076524999999998,0.013954525,0.00037124999999998964,0.0011412749999999989,0.0012001396535924432
0.05125,0.03125,0.005,6.25e-08,-0.173638,0.00210044,-0.17391775,0.0008576387499999999,0.00027975000000002304,0.0012428012499999998,0.0012738975663300306
0.05375,0.03125,0.005,6.25e-08,-0.175211,-0.0114756,-0.1753665,-0.012776049999999999,0.00015550000000000286,0.0013004499999999981,0.001309713881922306
0.05625,0.03125,0.005,6.25e-08,-0.174968,-0.025349,-0.174966,-0.026651499999999998,-2.000000000002e-06,0.001302499999999998,0.0013025015355077304
0.05875,0.03125,0.005,6.25e-08,-0.172782,-0.0391818,-0.1725935,-0.04041979999999998,-0.00018849999999998035,0.0012379999999999752,0.0012522684416689303
0.06125,0.03125,0.005,6.25e-08,-0.168557,-0.0525841,-0.16815950000000002,-0.053682524999999995,-0.0003974999999999951,0.0010984249999999932,0.0011681368629681116
0.06375,0.03125,0.005,6.25e-08,-0.16224,-0.0651214,-0.16162349999999998,-0.06600122500000002,-0.0006165000000000198,0.0008798250000000285,0.0010743203808106195
0.06625,0.03125,0.005,6.25e-08,-0.153838,-0.076328,-0.15300724999999996,-0.07691267500000003,-0.0008307500000000467,0.0005846750000000345,0.0010158692918506387
0.06875,0.03125,0.005,6.25e-08,-0.143429,-0.0857268,-0.14240824999999996,-0.08595085000000002,-0.0010207500000000425,0.0002240500000000173,0.0010450497428352845
0.07125,0.03125,0.005,6.25e-08,-0.131179,-0.0928564,-0.13001550000000003,-0.09267562499999998,-0.0011634999999999562,-0.0001807750000000219,0.0011774599146573551
0.07375,0.03125,0.005,6.25e-08,-0.117352,-0.0973051,-0.11611325000000003,-0.09670625,-0.001238749999999969,-0.0005988500000000119,0.001375908021998541
0.07625,0.03125,0.005,6.25e-08,-0.102317,-0.0987502,-0.10108385000000004,-0.09775865,-0.0012331499999999607,-0.0009915499999999938,0.0015823496216070235
0.07875,0.03125,0.005,6.25e-08,-0.0865363,-0.0969985,-0.08539804999999995,-0.09568137499999999,-0.001138250000000049,-0.0013171250000000162,0.0017408134099107676
0.08125,0.03125,0.005,6.25e-08,-0.0705584,-0.0920242,-0.06959677499999994,-0.09048669999999998,-0.0009616250000000492,-0.001537500000000025,0.0018134577168010208
0.08375,0.03125,0.005,6.25e-08,-0.0549833,-0.0839966,-0.05426142499999996,-0.08237159999999998,-0.0007218750000000385,-0.0016250000000000292,0.0017781250000000423
0.08625,0.03125,0.005,6.25e-08,-0.040427,-0.0732934,-0.039978100000000044,-0.07172467500000003,-0.0004488999999999535,-0.0015687249999999653,0.001631689105076347
0.08875,0.03125,0.005,6.25e-08,-0.0274761,-0.0604935,-0.027296800000000038,-0.05911732500000004,-0.00017929999999996213,-0.0013761749999999587,0.0013878062258920994
0.09125,0.03125,0.005,6.25e-08,-0.0166338,-0.046351,-0.016692500000000027,-0.045278975000000034,5.870000000002609e-05,-0.0010720249999999695,0.0010736308912400658
0.09375,0.03125,0.005,6.25e-08,-0.00826999,-0.0317483,-0.0085316275,-0.031060300000000002,0.00026163750000000006,-0.0006879999999999976,0.0007360694134429488
0.09625,0.03125,0.005,6.25e-08,-0.00270227,-0.017639,-0.0030484424999999886,-0.017388499999999963,0.0003461724999999885,-0.0002505000000000354,0.0004273004209642904
0.09875,0.03125,0.005,6.25e-08,-0.000330221,-0.00502845,-0.0003318077499999963,-0.005221322499999969,1.5867499999962795e-06,0.0001928724999999687,0.00019287902693605755
0.00125,0.03375,0.005,6.25e-08,-0.000549405,0.0114217,-0.00043126375,0.01114227,-0.00011814124999999997,0.00027943000000000065,0.00030337844328752635
0.00375,0.03375,0.005,6.25e-08,-0.00340329,0.0312843,-0.0036074099999999997,0.0311571,0.0002041199999999999,0.00012720000000000092,0.00024050948920988584
0.00625,0.03375,0.005,6.25e-08,-0.00919823,0.0480916,-0.009333200000000002,0.048109925,0.00013497000000000162,-1.832499999999959e-05,0.00013620832032221975
0.00875,0.03375,0.005,6.25e-08,-0.0170029,0.0619396,-0.017051825000000003,0.06208905000000001,4.8925000000001745e-05,-0.0001494500000000093,0.00015725443753676063
0.01125,0.03375,0.005,6.25e-08,-0.0262641,0.0730222,-0.026292725,0.07327729999999999,2.8625000000000872e-05,-0.0002550999999999942,0.0002567009945929254
0.01375,0.03375,0.005,6.25e-08,-0.0366256,0.0815747,-0.0366648,0.08190485,3.919999999999618e-05,-0.0003301500000000013,0.0003324690399119902
0.01625,0.03375,0.005,6.25e-08,-0.0477783,0.0878392,-0.047846099999999996,0.088212475,6.779999999999287e-05,-0.00037327499999999236,0.0003793824793331834
0.01875,0.03375,0.005,6.25e-08,-0.0594606,0.0920414,-0.059572150000000004,0.0924258,0.00011155000000000193,-0.00038440000000000696,0.0004002583696813919
0.02125,0.03375,0.005,6.25e-08,-0.0714572,0.0943737,-0.0716239,0.09473875000000001,0.00016670000000000573,-0.00036505000000000565,0.00040131084273914907
0.02375,0.03375,0.005,6.25e-08,-0.0835868,0.0949883,-0.0838167,0.0953049,0.00022989999999999122,-0.0003166000000000002,0.0003912666226500749
0.02625,0.03375,0.005,6.25e-08,-0.0956918,0.0939953,-0.095990075,0.09423625,0.0002982750000000006,-0.00024094999999998978,0.00038343823247688203
0.02875,0.03375,0.005,6.25e-08,-0.10763,0.0914667,-0.10799924999999999,0.091606775,0.00036924999999998764,-0.0001400750000000034,0.0003949260286749809
0.03125,0.03375,0.005,6.25e-08,-0.119268,0.0874444,-0.11970800000000001,0.087460475,0.00044000000000000983,-1.6074999999990403e-05,0.00044029354483686033
0.03375,0.03375,0.005,6.25e-08,-0.130475,0.0819497,-0.13098375,0.081821425,0.0005087500000000023,0.00012827499999999714,0.0005246723149976578
0.03625,0.03375,0.005,6.25e-08,-0.141119,0.0749951,-0.14169025,0.0747054,0.0005712499999999954,0.00028969999999998997,0.0006405096818159652
0.03875,0.03375,0.005,6.25e-08,-0.151063,0.0665953,-0.151688,0.06613122499999999,0.0006249999999999867,0.00046407500000000823,0.0007784539842694563
0.04125,0.03375,0.005,6.25e-08,-0.160164,0.0567782,-0.16082875,0.056132125,0.0006647499999999917,0.0006460750000000029,0.0009269873074238896
0.04375,0.03375,0.005,6.25e-08,-0.168269,0.0455955,-0.168956,0.04476635,0.0006869999999999932,0.0008291499999999938,0.0010767816503358424
0.04625,0.03375,0.005,6.25e-08,-0.175217,0.0331319,-0.17590375,0.032126575,0.000686749999999986,0.0010053250000000014,0.0012174990423507459
0.04875,0.03375,0.005,6.25e-08,-0.180838,0.0195141,-0.181496,0.0183491,0.0006579999999999919,0.0011649999999999994,0.00133797944677786
0.05125,0.03375,0.005,6.25e-08,-0.184955,0.00491841,-0.1855505,0.0036214625,0.0005954999999999988,0.0012969474999999999,0.0014271275583339592
0.05375,0.03375,0.005,6.25e-08,-0.187389,-0.0104224,-0.18788425,-0.011810689999999999,0.0004952500000000026,0.0013882899999999986,0.0014739815760721022
0.05625,0.03375,0.005,6.25e-08,-0.187964,-0.0262133,-0.18831825,-0.027638875,0.0003542500000000004,0.0014255750000000018,0.0014689306120865633
0.05875,0.03375,0.005,6.25e-08,-0.186516,-0.0420946,-0.18668925,-0.04348949999999998,0.00017325000000001367,0.0013948999999999767,0.0014056178614758493
0.06125,0.03375,0.005,6.25e-08,-0.182904,-0.0576417,-0.18286125000000003,-0.058925725000000005,-4.2749999999980304e-05,0.001284025000000008,0.0012847364566809097
0.06375,0.03375,0.005,6.25e-08,-0.177027,-0.0723702,-0.17674299999999998,-0.07345477500000004,-0.00028400000000000647,0.001084575000000046,0.0011211417977334995
0.06625,0.03375,0.005,6.25e-08,-0.168841,-0.0857479,-0.16830549999999997,-0.08654217500000003,-0.0005355000000000221,0.0007942750000000248,0.0009579316393277044
0.06875,0.03375,0.005,6.25e-08,-0.158377,-0.0972137,-0.15760049999999998,-0.09763415000000002,-0.0007765000000000133,0.00042045000000001664,0.0008830234722248524
0.07125,0.03375,0.005,6.25e-08,-0.145761,-0.106208,-0.14478125000000003,-0.10618999999999998,-0.0009797499999999737,-1.8000000000018e-05,0.0009799153343528965
0.07375,0.03375,0.005,6.25e-08,-0.131232,-0.112208,-0.13011250000000005,-0.11171999999999999,-0.00111949999999994,-0.0004880000000000162,0.0012212388177583783
0.07625,0.03375,0.005,6.25e-08,-0.115154,-0.114781,-0.11398100000000005,-0.11383399999999999,-0.0011729999999999519,-0.0009470000000000034,0.0015075602807184505
0.07875,0.03375,0.005,6.25e-08,-0.0980147,-0.11363,-0.09688822499999994,-0.11228474999999999,-0.0011264750000000573,-0.0013452500000000062,0.0017546063627278756
0.08125,0.03375,0.005,6.25e-08,-0.0804153,-0.108647,-0.07943499999999995,-0.10701524999999998,-0.000980300000000045,-0.0016317500000000151,0.0019035745723506965
0.08375,0.03375,0.005,6.25e-08,-0.0630408,-0.0999553,-0.06228977499999995,-0.09818707499999997,-0.000751025000000044,-0.001768225000000026,0.0019211085865328274
0.08625,0.03375,0.005,6.25e-08,-0.0466172,-0.0879323,-0.04614605000000005,-0.08619635000000003,-0.000471149999999948,-0.0017359499999999722,0.0017987508790824412
0.08875,0.03375,0.005,6.25e-08,-0.0318563,-0.0732083,-0.031673025000000035,-0.07166845000000005,-0.00018327499999996194,-0.0015398499999999538,0.0015507184619152645
0.09125,0.03375,0.005,6.25e-08,-0.0193871,-0.0566371,-0.01946477500000003,-0.05542885000000005,7.76750000000305e-05,-0.0012082499999999524,0.0012107441794718197
0.09375,0.03375,0.005,6.25e-08,-0.0096905,-0.0392392,-0.00999579,-0.0384583,0.00030528999999999973,-0.000780900000000001,0.0008384550042190705
0.09625,0.03375,0.005,6.25e-08,-0.00318771,-0.0221281,-0.0035882049999999867,-0.021835749999999952,0.00040049499999998683,-0.0002923500000000488,0.0004958475244720074
0.09875,0.03375,0.005,6.25e-08,-0.000395738,-0.00647887,-0.0003924834999999957,-0.006679769999999961,-3.254500000004351e-06,0.00020089999999996049,0.00020092635907275618
0.00125,0.03625,0.005,6.25e-08,-0.000568745,0.0132123,-0.00044627174999999997,0.012857582499999999,-0.00012247324999999998,0.00035471750000000066,0.0003752655083694916
0.00375,0.03625,0.005,6.25e-08,-0.00352172,0.0359482,-0.0037321524999999996,0.035784575,0.00021043249999999972,0.00016362500000000058,0.00026656139570697414
0.00625,0.03625,0.005,6.25e-08,-0.00951624,0.0550207,-0.0096542175,0.05503497500000001,0.00013797749999999893,-1.4275000000008031e-05,0.00013871397237210796
0.00875,0.03625,0.005,6.25e-08,-0.0175872,0.0706184,-0.01763525,0.07078835,4.805000000000087e-05,-0.00016995000000000204,0.000176612018277355
0.01125,0.03625,0.005,6.25e-08,-0.027161,0.0830195,-0.027187749999999997,0.083313475,2.6749999999995527e-05,-0.0002939750000000019,0.0002951895376279465
0.01375,0.03625,0.005,6.25e-08,-0.0378688,0.0925343,-0.0379071,0.09291705,3.829999999999806e-05,-0.00038275000000000114,0.0003846614777957376
0.01625,0.03625,0.005,6.25e-08,-0.0493917,0.0994692,-0.049461849999999995,0.099905325,7.014999999999799e-05,-0.0004361250000000094,0.00044173073033807364
0.01875,0.03625,0.005,6.25e-08,-0.0614623,0.104102,-0.061581575,0.10455724999999999,0.00011927500000000202,-0.0004552499999999904,0.00047061564798144115
0.02125,0.03625,0.005,6.25e-08,-0.0738628,0.106667,-0.07404515,0.10710800000000001,0.0001823499999999978,-0.00044100000000001083,0.00047721328826847304
0.02375,0.03625,0.005,6.25e-08,-0.0864132,0.107345,-0.08666902500000001,0.10774224999999998,0.00025582500000001507,-0.0003972499999999879,0.00047249761176644913
0.02625,0.03625,0.005,6.25e-08,-0.0989598,0.106267,-0.099296975,0.10659275,0.0003371749999999951,-0.00032574999999999965,0.0004688283727815505
0.02875,0.03625,0.005,6.25e-08,-0.111366,0.103519,-0.11179025,0.10374649999999999,0.00042424999999998714,-0.0002274999999999916,0.00048139828884197883
0.03125,0.03625,0.005,6.25e-08,-0.123507,0.0991491,-0.12402025000000001,0.09925335,0.0005132500000000068,-0.00010425000000000018,0.0005237304888967292
0.03375,0.03625,0.005,6.25e-08,-0.135259,0.0931787,-0.13586275,0.09313795,0.000603750000000014,4.075000000000606e-05,0.0006051236443901506
0.03625,0.03625,0.005,6.25e-08,-0.146499,0.0856172,-0.14719000000000002,0.0854119,0.0006910000000000249,0.00020530000000000548,0.0007208530294033845
0.03875,0.03625,0.005,6.25e-08,-0.157097,0.0764726,-0.15786975000000003,0.0760869,0.0007727500000000442,0.0003857000000000027,0.0008636591066503441
0.04125,0.03625,0.005,6.25e-08,-0.166914,0.0657638,-0.16775825,0.065186125,0.0008442499999999908,0.0005776749999999997,0.0010229694365546725
0.04375,0.03625,0.005,6.25e-08,-0.175801,0.0535315,-0.17670075000000002,0.052756325,0.0008997500000000047,0.0007751750000000029,0.0011876221381925368
0.04625,0.03625,0.005,6.25e-08,-0.183593,0.0398494,-0.18452775,0.0388782,0.0009347499999999842,0.0009711999999999985,0.0013479566026026089
0.04875,0.03625,0.005,6.25e-08,-0.190114,0.0248334,-0.19105525,0.0236769,0.0009412500000000046,0.0011564999999999978,0.0014911216625413245
0.05125,0.03625,0.005,6.25e-08,-0.195173,0.00865183,-0.19608650000000002,0.0073317750000000004,0.0009135000000000115,0.0013200549999999988,0.001605312260286147
0.05375,0.03625,0.005,6.25e-08,-0.198569,-0.00846592,-0.19941375,-0.0099145,0.0008447500000000052,0.0014485799999999997,0.0016768979035409425
0.05625,0.03625,0.005,6.25e-08,-0.200097,-0.0262212,-0.20082624999999998,-0.027748250000000002,0.0007292499999999869,0.001527050000000002,0.0016922432641319589
0.05875,0.03625,0.005,6.25e-08,-0.199555,-0.0442401,-0.20011925,-0.04577922499999998,0.0005642499999999884,0.0015391249999999815,0.0016392936979458348
0.06125,0.03625,0.005,6.25e-08,-0.196755,-0.06207,-0.197107,-0.06353875,0.0003519999999999912,0.0014687500000000048,0.0015103412073104567
0.06375,0.03625,0.005,6.25e-08,-0.191543,-0.0791813,-0.19164024999999996,-0.08048365000000005,9.724999999996542e-05,0.0013023500000000493,0.001305975912871337
0.06625,0.03625,0.005,6.25e-08,-0.183814,-0.0949761,-0.183629,-0.09600792500000005,-0.00018500000000001848,0.0010318250000000556,0.0010482785081385203
0.06875,0.03625,0.005,6.25e-08,-0.173538,-0.108806,-0.17306524999999998,-0.10946450000000003,-0.00047275000000002176,0.0006585000000000341,0.0008106261854270841
0.07125,0.03625,0.005,6.25e-08,-0.160787,-0.120001,-0.16004775000000004,-0.12019899999999997,-0.0007392499999999691,0.00019799999999997597,0.0007653068420574487
0.07375,0.03625,0.005,6.25e-08,-0.145757,-0.127913,-0.14480600000000005,-0.12759325,-0.0009509999999999519,-0.00031975000000000753,0.0010033150365164041
0.07625,0.03625,0.005,6.25e-08,-0.128788,-0.131971,-0.12771225000000005,-0.13112275,-0.0010757499999999587,-0.0008482499999999948,0.0013699511396396231
0.07875,0.03625,0.005,6.25e-08,-0.110378,-0.131742,-0.10928749999999995,-0.13041574999999997,-0.0010905000000000498,-0.0013262500000000288,0.0017170117391853163
0.08125,0.03625,0.005,6.25e-08,-0.0911727,-0.127004,-0.09018549999999995,-0.12531124999999999,-0.0009872000000000491,-0.0016927500000000206,0.0019595832216316223
0.08375,0.03625,0.005,6.25e-08,-0.0719419,-0.117801,-0.07116432499999994,-0.11590749999999997,-0.0007775750000000581,-0.001893500000000034,0.0020469404316259964
0.08625,0.03625,0.005,6.25e-08,-0.0535313,-0.104486,-0.05303635000000005,-0.10258790000000004,-0.0004949499999999454,-0.0018980999999999582,0.0019615705729082978
0.08875,0.03625,0.005,6.25e-08,-0.0367978,-0.0877281,-0.03660885000000004,-0.08602255000000004,-0.0001889499999999586,-0.0017055499999999585,0.0017159845293591206
0.09125,0.03625,0.005,6.25e-08,-0.022522,-0.0684857,-0.02261912500000003,-0.06713735000000005,9.712500000003121e-05,-0.0013483499999999426,0.0013518435516452528
0.09375,0.03625,0.005,6.25e-08,-0.0113226,-0.0479354,-0.01167555,-0.047059174999999995,0.00035294999999999944,-0.0008762250000000082,0.0009446395890100171
0.09625,0.03625,0.005,6.25e-08,-0.00375202,-0.0273782,-0.004212444999999985,-0.027043799999999944,0.0004604249999999848,-0.0003344000000000541,0.0005690470460559674
0.09875,0.03625,0.005,6.25e-08,-0.000473913,-0.00819092,-0.0004632847499999949,-0.00839989249999995,-1.062825000000512e-05,0.0002089724999999494,0.00020924259952096624
0.00125,0.03875,0.005,6.25e-08,-0.000581105,0.0150542,-0.00045620299999999997,0.01462165,-0.00012490199999999998,0.0004325500000000003,0.00045022218082186964
0.00375,0.03875,0.005,6.25e-08,-0.00360053,0.0407457,-0.0038159074999999996,0.0405436,0.00021537749999999984,0.00020210000000000367,0.00029535043170148136
0.00625,0.03875,0.005,6.25e-08,-0.00973227,0.0621479,-0.009872530000000001,0.062156775,0.00014026000000000143,-8.874999999998467e-06,0.00014054050385920914
0.00875,0.03875,0.005,6.25e-08,-0.0179896,0.0795444,-0.018036475000000003,0.07973435,4.6875000000001776e-05,-0.0001899499999999943,0.00019564832768259992
0.01125,0.03875,0.005,6.25e-08,-0.0277849,0.0933,-0.027808899999999998,0.09363339999999999,2.3999999999996247e-05,-0.0003333999999999976,0.00033426271105224735
0.01375,0.03875,0.005,6.25e-08,-0.0387401,0.103803,-0.0387759,0.10424025,3.5800000000002496e-05,-0.00043725000000000014,0.0004387131209571926
0.01625,0.03875,0.005,6.25e-08,-0.0505291,0.111428,-0.050598825,0.1119295,6.972499999999965e-05,-0.0005015000000000019,0.0005063238347391933
0.01875,0.03875,0.005,6.25e-08,-0.0628802,0.116507,-0.063003325,0.117037,0.0001231250000000017,-0.0005300000000000027,0.0005441137432789243
0.02125,0.03875,0.005,6.25e-08,-0.0755747,0.11932,-0.07576732500000001,0.1198435,0.0001926250000000157,-0.0005235000000000101,0.0005578141631628015
0.02375,0.03875,0.005,6.25e-08,-0.0884347,0.120081,-0.088709725,0.12056700000000001,0.0002750249999999982,-0.0004860000000000142,0.0005584216602398342
0.02625,0.03875,0.005,6.25e-08,-0.101312,0.118944,-0.101679275,0.11936375,0.00036727500000000024,-0.0004197500000000104,0.0005577463474779632
0.02875,0.03875,0.005,6.25e-08,-0.114077,0.116009,-0.11454500000000001,0.11633525,0.0004680000000000101,-0.00032625000000000015,0.0005704937006663698
0.03125,0.03875,0.005,6.25e-08,-0.126614,0.111332,-0.127188,0.111539,0.0005739999999999912,-0.00020699999999999885,0.0006101843983583892
0.03375,0.03875,0.005,6.25e-08,-0.13881,0.104937,-0.13949375,0.10500024999999999,0.0006837500000000107,-6.324999999998693e-05,0.0006866692253188671
0.03625,0.03875,0.005,6.25e-08,-0.150552,0.0968282,-0.1513465,0.09672689999999999,0.0007945000000000035,0.00010130000000001249,0.0008009319197035465
0.03875,0.03875,0.005,6.25e-08,-0.161721,0.0870062,-0.16262274999999998,0.0867215,0.000901749999999979,0.00028469999999999884,0.00094562527065427
0.04125,0.03875,0.005,6.25e-08,-0.172187,0.0754781,-0.1731895,0.074994975,0.0010024999999999895,0.0004831250000000009,0.0011128414153081202
0.04375,0.03875,0.005,6.25e-08,-0.181805,0.0622709,-0.182896,0.061578875,0.0010910000000000086,0.0006920249999999989,0.0012919673372903113
0.04625,0.03875,0.005,6.25e-08,-0.190414,0.0474419,-0.19157600000000002,0.046536925,0.0011620000000000241,0.0009049750000000023,0.001472828486492932
0.04875,0.03875,0.005,6.25e-08,-0.197835,0.031091,-0.19904125,0.029977149999999998,0.001206249999999992,0.001113850000000003,0.001641858972323746
0.05125,0.03875,0.005,6.25e-08,-0.203868,0.0133714,-0.2050855,0.012063034999999998,0.0012175000000000102,0.0013083650000000023,0.0017872115776328865
0.05375,0.03875,0.005,6.25e-08,-0.208297,-0.00549931,-0.2094825,-0.0069745275,0.0011854999999999782,0.0014752174999999998,0.0018925318814504018
0.05625,0.03875,0.005,6.25e-08,-0.210889,-0.0252278,-0.21199325,-0.026826575000000002,0.001104250000000001,0.0015987750000000002,0.0019430516110296718
0.05875,0.03875,0.005,6.25e-08,-0.211407,-0.0454357,-0.212373,-0.04709652499999997,0.0009659999999999946,0.00166082499999997,0.0019213265419040278
0.06125,0.03875,0.005,6.25e-08,-0.209617,-0.065652,-0.21038600000000002,-0.06729365,0.0007690000000000197,0.0016416499999999945,0.001812836374993621
0.06375,0.03875,0.005,6.25e-08,-0.205306,-0.08531,-0.20582024999999998,-0.08683237500000004,0.0005142499999999939,0.001522375000000048,0.001606884782156188
0.06625,0.03875,0.005,6.25e-08,-0.198302,-0.103751,-0.19851524999999998,-0.10503925000000006,0.0002132499999999704,0.0012882500000000602,0.0013057808487645017
0.06875,0.03875,0.005,6.25e-08,-0.188504,-0.12024,-0.18838749999999999,-0.12117275000000004,-0.00011650000000001937,0.0009327500000000377,0.0009399972406874793
0.07125,0.03875,0.005,6.25e-08,-0.175908,-0.13399,-0.17546525000000002,-0.13445399999999996,-0.00044274999999999176,0.00046399999999996444,0.0006413451196508474
0.07375,0.03875,0.005,6.25e-08,-0.160646,-0.14421,-0.15991675000000005,-0.144119,-0.0007292499999999591,-9.100000000000774e-05,0.0007349058187958112
0.07625,0.03875,0.005,6.25e-08,-0.143015,-0.150165,-0.14208025000000005,-0.14947874999999997,-0.0009347499999999564,-0.0006862500000000271,0.0011596105488481706
0.07875,0.03875,0.005,6.25e-08,-0.123498,-0.151252,-0.12247324999999995,-0.15000049999999998,-0.0010247500000000465,-0.0012515000000000165,0.0016175181026808127
0.08125,0.03875,0.005,6.25e-08,-0.10277,-0.147091,-0.10179134999999995,-0.14537925,-0.000978650000000053,-0.0017117500000000119,0.0019717616197198243
0.08375,0.03875,0.005,6.25e-08,-0.0816778,-0.137606,-0.08087819999999994,-0.13561124999999996,-0.000799600000000053,-0.001994750000000045,0.002149043443604681
0.08625,0.03875,0.005,6.25e-08,-0.0611936,-0.123087,-0.06067357500000005,-0.12103625000000004,-0.0005200249999999518,-0.0020507499999999623,0.0021156562960757104
0.08875,0.03875,0.005,6.25e-08,-0.0423385,-0.104224,-0.04214205000000005,-0.10235245000000007,-0.00019644999999995222,-0.0018715499999999302,0.0018818320873552241
0.09125,0.03875,0.005,6.25e-08,-0.0260744,-0.0820765,-0.026191625000000038,-0.08058477500000005,0.00011722500000003674,-0.0014917249999999438,0.0014963238874821992
0.09375,0.03875,0.005,6.25e-08,-0.013191,-0.0579951,-0.013595874999999999,-0.0570223,0.000404874999999999,-0.0009728000000000028,0.0010536904695521378
0.09625,0.03875,0.005,6.25e-08,-0.00440614,-0.0335007,-0.004932532499999981,-0.03312487499999993,0.0005263924999999812,-0.00037582500000007263,0.0006467870551281038
0.09875,0.03875,0.005,6.25e-08,-0.000566945,-0.0102079,-0.000545736999999994,-0.01042413999999994,-2.1208000000006062e-05,0.00021623999999993877,0.0002172775111786164
0.00125,0.04125,0.005,6.25e-08,-0.000586191,0.0169262,-0.00046087925,0.016414525,-0.00012531175,0.0005116749999999996,0.0005267962986895999
0.00375,0.04125,0.005,6.25e-08,-0.00363837,0.0456252,-0.0038573774999999997,0.045383024999999994,0.00021900749999999953,0.0002421750000000042,0.0003265164860788071
0.00625,0.04125,0.005,6.25e-08,-0.00984302,0.0694003,-0.009984905000000002,0.069402275,0.00014188500000000305,-1.9750000000012813e-06,0.0001418987450614024
0.00875,0.04125,0.005,6.25e-08,-0.0182038,0.0886299,-0.018249325000000004,0.08883875,4.552500000000459e-05,-0.00020884999999999654,0.00021375417685977268
0.01125,0.04125,0.005,6.25e-08,-0.0281252,0.103766,-0.028145925,0.10413825,2.0724999999999216e-05,-0.0003722500000000045,0.00037282648527834413
0.01375,0.04125,0.005,6.25e-08,-0.0392229,0.115276,-0.03925475,0.1157675,3.1849999999999934e-05,-0.0004914999999999919,0.000492530884818396
0.01625,0.04125,0.005,6.25e-08,-0.0511657,0.123604,-0.0512324,0.124173,6.669999999999593e-05,-0.0005690000000000001,0.0005728960551443862
0.01875,0.04125,0.005,6.25e-08,-0.0636789,0.129142,-0.06380185000000001,0.12974950000000002,0.00012295000000001055,-0.0006075000000000108,0.0006198168701318283
0.02125,0.04125,0.005,6.25e-08,-0.0765437,0.132216,-0.07674117500000001,0.13282575,0.0001974750000000025,-0.0006097499999999922,0.0006409301351356413
0.02375,0.04125,0.005,6.25e-08,-0.0895854,0.133076,-0.0898723,0.13365624999999998,0.0002869000000000066,-0.0005802499999999766,0.0006473033852066407
0.02625,0.04125,0.005,6.25e-08,-0.102661,0.131904,-0.10305,0.1324245,0.00038900000000000046,-0.0005205000000000071,0.0006498009310550483
0.02875,0.04125,0.005,6.25e-08,-0.115652,0.128816,-0.11615249999999999,0.129249,0.0005004999999999871,-0.00043299999999998895,0.0006618075626645388
0.03125,0.04125,0.005,6.25e-08,-0.128451,0.123876,-0.12907174999999999,0.12419525,0.0006207499999999755,-0.00031924999999999315,0.0006980337563470446
0.03375,0.04125,0.005,6.25e-08,-0.140958,0.117111,-0.14170525,0.11729124999999999,0.0007472500000000049,-0.00018024999999997904,0.0007686823954013776
0.03625,0.04125,0.005,6.25e-08,-0.153075,0.108522,-0.153951,0.10854074999999999,0.0008760000000000157,-1.8749999999997935e-05,0.0008762006405498842
0.03875,0.04125,0.005,6.25e-08,-0.164694,0.0981013,-0.16570000000000001,0.097936525,0.0010060000000000069,0.0001647750000000059,0.0010194051209529093
0.04125,0.04125,0.005,6.25e-08,-0.175698,0.0858417,-0.1768305,0.0854753,0.0011325000000000085,0.00036640000000000283,0.0011902962698421018
0.04375,0.04125,0.005,6.25e-08,-0.185953,0.0717536,-0.187204,0.07117079999999999,0.0012510000000000021,0.0005828000000000083,0.0013800930548336279
0.04625,0.04125,0.005,6.25e-08,-0.195306,0.0558745,-0.19666075,0.055065699999999995,0.001354749999999988,0.0008088000000000053,0.0015778165300503022
0.04875,0.04125,0.005,6.25e-08,-0.203581,0.0382826,-0.20501724999999998,0.037244900000000004,0.0014362499999999723,0.0010376999999999956,0.0017719016204349246
0.05125,0.04125,0.005,6.25e-08,-0.210576,0.019109,-0.21206325000000004,0.01784875,0.0014872500000000233,0.001260250000000001,0.001949395451159172
0.05375,0.04125,0.005,6.25e-08,-0.216064,-0.00144891,-0.21756175,-0.0029130402500000003,0.0014977499999999921,0.0014641302500000002,0.0020945005255346774
0.05625,0.04125,0.005,6.25e-08,-0.219795,-0.0231134,-0.221252,-0.0247472,0.0014570000000000138,0.0016338000000000012,0.0021890983166591776
0.05875,0.04125,0.005,6.25e-08,-0.221499,-0.0455133,-0.22285625,-0.04726322499999997,0.0013572500000000043,0.0017499249999999716,0.0022145801110199
0.06125,0.04125,0.005,6.25e-08,-0.220901,-0.0681713,-0.22208875,-0.0699617,0.0011877500000000152,0.0017903999999999975,0.0021485535186492395
0.06375,0.04125,0.005,6.25e-08,-0.217728,-0.0904959,-0.21867575,-0.09222720000000006,0.0009477499999999972,0.0017313000000000606,0.0019737349752436887
0.06625,0.04125,0.005,6.25e-08,-0.211736,-0.111778,-0.21237849999999997,-0.11332900000000004,0.0006424999999999625,0.0015510000000000385,0.0016788112609820293
0.06875,0.04125,0.005,6.25e-08,-0.20274,-0.131201,-0.20302599999999996,-0.13243375000000007,0.00028599999999995296,0.0012327500000000602,0.0012654914312235075
0.07125,0.04125,0.005,6.25e-08,-0.190647,-0.14786,-0.190554,-0.14863599999999993,-9.300000000000974e-05,0.0007759999999999434,0.0007815529412649625
0.07375,0.04125,0.005,6.25e-08,-0.1755,-0.16081,-0.17504675000000003,-0.16100774999999998,-0.00045324999999996063,0.00019774999999996878,0.0004945104902830191
0.07625,0.04125,0.005,6.25e-08,-0.157522,-0.169125,-0.15677550000000007,-0.16866975,-0.0007464999999999278,-0.0004552499999999904,0.0008743653770020193
0.07875,0.04125,0.005,6.25e-08,-0.137154,-0.171997,-0.13622949999999992,-0.17088474999999997,-0.000924500000000078,-0.0011122500000000368,0.00144630574654885
0.08125,0.04125,0.005,6.25e-08,-0.115073,-0.168836,-0.11412224999999994,-0.16715625,-0.0009507500000000557,-0.0016797500000000076,0.0019301517103585747
0.08375,0.04125,0.005,6.25e-08,-0.0921872,-0.15939,-0.09137149999999994,-0.15732649999999998,-0.000815700000000058,-0.0020635000000000236,0.0022188733041794417
0.08625,0.04125,0.005,6.25e-08,-0.0695944,-0.14384,-0.06904775000000007,-0.14164900000000005,-0.0005466499999999264,-0.002190999999999943,0.002258164569401369
0.08875,0.04125,0.005,6.25e-08,-0.048497,-0.122857,-0.04829062500000006,-0.12081900000000007,-0.00020637499999993925,-0.0020379999999999288,0.002048422476108062
0.09125,0.04125,0.005,6.25e-08,-0.0300706,-0.0975925,-0.030208825000000043,-0.09595487500000008,0.00013822500000004387,-0.0016376249999999204,0.001643448140724176
0.09375,0.04125,0.005,6.25e-08,-0.0153165,-0.0695875,-0.01577845,-0.068518625,0.00046194999999999917,-0.001068874999999997,0.001164427571008602
0.09625,0.04125,0.005,6.25e-08,-0.00516017,-0.0406183,-0.005759039999999979,-0.04020329999999992,0.0005988699999999788,-0.00041500000000008197,0.0007286084523940432
0.09875,0.04125,0.005,6.25e-08,-0.000677005,-0.0125787,-0.000641331749999993,-0.012800622499999928,-3.567325000000698e-05,0.000221922499999928,0.0002247713877960917
0.00125,0.04375,0.005,6.25e-08,-0.00058397,0.0188065,-0.0004603065,0.0182159,-0.00012366349999999994,0.0005906000000000002,0.0006034078398829851
0.00375,0.04375,0.005,6.25e-08,-0.00363528,0.0505342,-0.0038566625,0.050250899999999994,0.00022138250000000017,0.00028330000000000716,0.00035954012475140256
0.00625,0.04375,0.005,6.25e-08,-0.00984858,0.0767038,-0.009991472500000001,0.0766971,0.00014289250000000184,6.699999999998374e-06,0.00014304948988462177
0.00875,0.04375,0.005,6.25e-08,-0.0182292,0.0977849,-0.018273300000000003,0.09801080000000001,4.410000000000178e-05,-0.00022590000000001498,0.00023016433259740078
0.01125,0.04375,0.005,6.25e-08,-0.0281795,0.114315,-0.028196275,0.11472475,1.6775000000000123e-05,-0.0004097500000000004,0.0004100932371120016
0.01375,0.04375,0.005,6.25e-08,-0.0393109,0.126841,-0.039337300000000006,0.12738675,2.640000000000281e-05,-0.0005457499999999837,0.0005463881610174057
0.01625,0.04375,0.005,6.25e-08,-0.0512886,0.135878,-0.051349725,0.136515,6.112500000000215e-05,-0.0006369999999999987,0.0006399259844896115
0.01875,0.04375,0.005,6.25e-08,-0.0638357,0.141879,-0.0639548,0.14256575,0.00011910000000001086,-0.000686749999999986,0.0006970009845760502
0.02125,0.04375,0.005,6.25e-08,-0.0767344,0.145221,-0.07693132500000001,0.14591925000000003,0.00019692500000001445,-0.0006982500000000391,0.0007254877794457053
0.02375,0.04375,0.005,6.25e-08,-0.0898135,0.146193,-0.090104875,0.14687,0.0002913749999999965,-0.0006770000000000109,0.0007370402910458917
0.02625,0.04375,0.005,6.25e-08,-0.102937,0.145004,-0.1033375,0.14563025,0.0004004999999999981,-0.0006262499999999949,0.0007433635130271003
0.02875,0.04375,0.005,6.25e-08,-0.115996,0.141792,-0.11651600000000001,0.14233774999999999,0.0005200000000000066,-0.0005457499999999837,0.0007538189852345118
0.03125,0.04375,0.005,6.25e-08,-0.128895,0.136632,-0.1295455,0.13707049999999998,0.0006504999999999983,-0.00043849999999998057,0.0007844950605325573
0.03375,0.04375,0.005,6.25e-08,-0.141549,0.129554,-0.14233825,0.12985950000000002,0.0007892499999999913,-0.0003055000000000141,0.000846313070027868
0.03625,0.04375,0.005,6.25e-08,-0.153875,0.120556,-0.154808,0.12070499999999999,0.0009329999999999894,-0.00014899999999999636,0.0009448227346968209
0.03875,0.04375,0.005,6.25e-08,-0.165782,0.109622,-0.16686275,0.1095895,0.0010807499999999914,3.249999999999087e-05,0.001081238554852712
0.04125,0.04375,0.005,6.25e-08,-0.17717,0.0967298,-0.17839725,0.09649675,0.001227250000000013,0.00023304999999999854,0.0012491816781397458
0.04375,0.04375,0.005,6.25e-08,-0.18792,0.0818719,-0.18928974999999998,0.08141910000000001,0.0013697499999999752,0.0004527999999999893,0.0014426513447468596
0.04625,0.04375,0.005,6.25e-08,-0.197893,0.0650626,-0.19939500000000002,0.06437522500000001,0.0015020000000000033,0.0006873749999999901,0.0016518136670414724
0.04875,0.04375,0.005,6.25e-08,-0.206923,0.0463537,-0.2085395,0.045422225,0.001616499999999993,0.000931475000000001,0.001865668224959888
0.05125,0.04375,0.005,6.25e-08,-0.214813,0.0258478,-0.21651925,0.024670525000000002,0.0017062499999999925,0.0011772749999999985,0.002072984681111988
0.05375,0.04375,0.005,6.25e-08,-0.221336,0.00371379,-0.22309525000000002,0.00229972075,0.0017592500000000177,0.0014140692499999999,0.0022571115183560655
0.05625,0.04375,0.005,6.25e-08,-0.226231,-0.0197969,-0.22799599999999998,-0.0214243,0.0017649999999999888,0.001627400000000001,0.002400761495859171
0.05875,0.04375,0.005,6.25e-08,-0.229208,-0.044333,-0.2309165,-0.04613137499999997,0.0017085000000000017,0.0017983749999999701,0.00248054931227438
0.06125,0.04375,0.005,6.25e-08,-0.229951,-0.0694265,-0.23153175,-0.07132957499999999,0.0015807500000000196,0.0019030749999999902,0.0024739573598033223
0.06375,0.04375,0.005,6.25e-08,-0.228135,-0.0944768,-0.229508,-0.09639087500000007,0.0013729999999999853,0.0019140750000000706,0.002355591667845943
0.06625,0.04375,0.005,6.25e-08,-0.223444,-0.118741,-0.22452575,-0.12054300000000007,0.0010817499999999924,0.0018020000000000674,0.0021017580884821704
0.06875,0.04375,0.005,6.25e-08,-0.215601,-0.141331,-0.21631725,-0.14287425000000004,0.0007162500000000016,0.0015432500000000238,0.0017013625789349181
0.07125,0.04375,0.005,6.25e-08,-0.204407,-0.161233,-0.20470650000000004,-0.16235424999999995,0.00029950000000003585,0.0011212499999999626,0.0011605609904265857
0.07375,0.04375,0.005,6.25e-08,-0.189793,-0.17734,-0.18966575000000002,-0.17788274999999995,-0.00012724999999996767,0.000542749999999953,0.0005574675999553164
0.07625,0.04375,0.005,6.25e-08,-0.171876,-0.188519,-0.17136750000000006,-0.18836424999999998,-0.0005084999999999396,-0.00015475000000000905,0.0005315259283421095
0.07875,0.04375,0.005,6.25e-08,-0.151017,-0.193714,-0.15023224999999993,-0.1928145,-0.000784750000000084,-0.0008994999999999975,0.0011937054965526998
0.08125,0.04375,0.005,6.25e-08,-0.127859,-0.192074,-0.12695949999999995,-0.19048849999999998,-0.000899500000000053,-0.0015855000000000175,0.0018228852130620157
0.08375,0.04375,0.005,6.25e-08,-0.103343,-0.183102,-0.10251864999999993,-0.18100974999999997,-0.0008243500000000709,-0.0020922500000000177,0.002248791449868171
0.08625,0.04375,0.005,6.25e-08,-0.0786806,-0.166799,-0.07810490000000007,-0.16448375000000004,-0.000575699999999929,-0.002315249999999963,0.0023857520936802607
0.08875,0.04375,0.005,6.25e-08,-0.0552661,-0.143763,-0.05504670000000006,-0.14156025000000005,-0.0002193999999999391,-0.002202749999999948,0.0022136494579087593
0.09125,0.04375,0.005,6.25e-08,-0.0345237,-0.115211,-0.03468452500000005,-0.11342650000000008,0.0001608250000000519,-0.0017844999999999112,0.0017917323825350424
0.09375,0.04375,0.005,6.25e-08,-0.0177148,-0.082887,-0.01823975,-0.081725575,0.0005249499999999997,-0.0011614250000000076,0.001274551110440463
0.09625,0.04375,0.005,6.25e-08,-0.0060229,-0.0488625,-0.006701339999999976,-0.0484135499999999,0.0006784399999999755,-0.00044895000000010066,0.0008135336109221654
0.09875,0.04375,0.005,6.25e-08,-0.000806086,-0.0153573,-0.0007514982499999917,-0.015582799999999914,-5.458775000000832e-05,0.00022549999999991327,0.00023201308680767188
0.00125,0.04625,0.005,6.25e-08,-0.000574754,0.0206741,-0.0004547285,0.020005975000000002,-0.00012002550000000001,0.0006681249999999986,0.0006788204006033172
0.00375,0.04625,0.005,6.25e-08,-0.00359312,0.0554215,-0.0038157449999999997,0.055096525,0.00022262499999999973,0.0003249749999999982,0.00039391704869172484
0.00625,0.04625,0.005,6.25e-08,-0.00975346,0.083985,-0.009896835000000001,0.083968025,0.00014337500000000114,1.6975000000002405e-05,0.00014437638743922224
0.00875,0.04625,0.005,6.25e-08,-0.0180729,0.106919,-0.018115450000000005,0.1071605,4.255000000000578e-05,-0.0002415000000000056,0.0002452198044612286
0.01125,0.04625,0.005,6.25e-08,-0.0279557,0.124843,-0.027968125,0.1252895,1.2424999999999936e-05,-0.00044650000000000245,0.0004466728451842603
0.01375,0.04625,0.005,6.25e-08,-0.0390107,0.138382,-0.039030425,0.13898149999999998,1.9724999999998216e-05,-0.000599499999999975,0.000599824412328283
0.01625,0.04625,0.005,6.25e-08,-0.0509,0.148123,-0.050953625,0.148827,5.362500000000159e-05,-0.0007039999999999824,0.0007060394044421142
0.01875,0.04625,0.005,6.25e-08,-0.0633455,0.154582,-0.063457525,0.15534725,0.0001120250000000017,-0.0007652499999999951,0.0007734062083568976
0.02125,0.04625,0.005,6.25e-08,-0.0761302,0.158187,-0.076321925,0.1589755,0.0001917250000000037,-0.0007884999999999975,0.0008114744146459563
0.02375,0.04625,0.005,6.25e-08,-0.0890872,0.159273,-0.089376525,0.1600485,0.00028932499999999306,-0.0007755000000000123,0.0008277132387638941
0.02625,0.04625,0.005,6.25e-08,-0.102088,0.158079,-0.1024905,0.15881175,0.0004025000000000001,-0.0007327500000000042,0.0008360196244706258
0.02875,0.04625,0.005,6.25e-08,-0.115034,0.154766,-0.11556175,0.155426,0.0005277500000000074,-0.0006600000000000217,0.0008450562481279199
0.03125,0.04625,0.005,6.25e-08,-0.127844,0.149423,-0.12850875,0.14998275,0.0006647499999999917,-0.0005597499999999977,0.0008690297031747456
0.03375,0.04625,0.005,6.25e-08,-0.14045,0.142084,-0.14126,0.14251825,0.0008100000000000052,-0.0004342500000000249,0.0009190609677818061
0.03625,0.04625,0.005,6.25e-08,-0.152785,0.132747,-0.15374825,0.13303075,0.0009632499999999988,-0.0002837499999999993,0.0010041736030189188
0.03875,0.04625,0.005,6.25e-08,-0.16478,0.121388,-0.1659005,0.12149575,0.0011204999999999965,-0.00010775000000000368,0.0011256688289634715
0.04125,0.04625,0.005,6.25e-08,-0.176353,0.107971,-0.17763425,0.10788075000000001,0.0012812499999999838,9.024999999998617e-05,0.0012844246279949463
0.04375,0.04625,0.005,6.25e-08,-0.187407,0.0924675,-0.18884774999999998,0.09215785,0.0014407499999999906,0.00030964999999999465,0.0014736497837003098
0.04625,0.04625,0.005,6.25e-08,-0.197822,0.0748678,-0.19941699999999998,0.07431975,0.0015949999999999853,0.0005480499999999944,0.001686530107202343
0.04875,0.04625,0.005,6.25e-08,-0.207451,0.0551936,-0.20918799999999999,0.054392075,0.0017369999999999886,0.0008015250000000043,0.0019130110625986895
0.05125,0.04625,0.005,6.25e-08,-0.216111,0.033514,-0.21797075000000002,0.032449775,0.0018597500000000211,0.001064225000000002,0.0021427190467079634
0.05375,0.04625,0.005,6.25e-08,-0.223585,0.00996163,-0.225537,0.0086341775,0.0019519999999999815,0.0013274525000000013,0.0023606003769711175
0.05625,0.04625,0.005,6.25e-08,-0.229611,-0.0152487,-0.23161375,-0.01682745,0.0020027499999999976,0.0015787500000000003,0.002550188056791105
0.05875,0.04625,0.005,6.25e-08,-0.233887,-0.0417996,-0.2358855,-0.04360017499999996,0.0019984999999999864,0.001800574999999964,0.002689994903457034
0.06125,0.04625,0.005,6.25e-08,-0.236074,-0.0692486,-0.237996,-0.07121815000000001,0.001922000000000007,0.0019695500000000143,0.00275194680226564
0.06375,0.04625,0.005,6.25e-08,-0.2358,-0.0970061,-0.23756,-0.09906260000000008,0.0017599999999999838,0.002056500000000086,0.002706804804562068
0.06625,0.04625,0.005,6.25e-08,-0.232681,-0.124316,-0.2341835,-0.12634200000000007,0.00150249999999999,0.0020260000000000694,0.002522336664682225
0.06875,0.04625,0.005,6.25e-08,-0.226346,-0.150242,-0.22749574999999997,-0.15208700000000008,0.0011497499999999772,0.0018450000000000966,0.0021739250360811213
0.07125,0.04625,0.005,6.25e-08,-0.216479,-0.173673,-0.21719725000000004,-0.17515674999999994,0.0007182500000000314,0.0014837499999999504,0.0016484529489797085
0.07375,0.04625,0.005,6.25e-08,-0.202878,-0.193347,-0.20311925000000003,-0.19427899999999992,0.00024125000000002617,0.0009319999999999329,0.0009627178000327446
0.07625,0.04625,0.005,6.25e-08,-0.185521,-0.207912,-0.18529650000000006,-0.20812374999999994,-0.00022449999999993309,0.00021174999999992727,0.0003086070519284016
0.07875,0.04625,0.005,6.25e-08,-0.164643,-0.21603,-0.16403874999999996,-0.21542050000000001,-0.0006042500000000561,-0.000609499999999985,0.0008582588843117499
0.08125,0.04625,0.005,6.25e-08,-0.140806,-0.21653,-0.13998324999999992,-0.21511024999999998,-0.0008227500000000665,-0.0014197500000000252,0.0016409167026391622
0.08375,0.04625,0.005,6.25e-08,-0.114942,-0.208592,-0.11411624999999992,-0.20652124999999996,-0.0008257500000000834,-0.002070750000000038,0.0022293202158954854
0.08625,0.04625,0.005,6.25e-08,-0.0883464,-0.191946,-0.08773710000000008,-0.18952875000000005,-0.0006092999999999238,-0.002417249999999954,0.0024928586106114574
0.08875,0.04625,0.005,6.25e-08,-0.0626073,-0.167036,-0.06236960000000007,-0.1646690000000001,-0.00023769999999993796,-0.002366999999999897,0.0023789052713379497
0.09125,0.04625,0.005,6.25e-08,-0.0394304,-0.135094,-0.039615550000000055,-0.1331595000000001,0.0001851500000000575,-0.0019344999999998946,0.0019433401072636806
0.09375,0.04625,0.005,6.25e-08,-0.0203944,-0.0980665,-0.02098985,-0.096820825,0.0005954500000000008,-0.0012456750000000016,0.001380676250293676
0.09625,0.04625,0.005,6.25e-08,-0.00700134,-0.058371,-0.007767159999999971,-0.05789777499999989,0.0007658199999999709,-0.00047322500000011175,0.0009002345100167296
0.09875,0.04625,0.005,6.25e-08,-0.000955512,-0.0186019,-0.0008775704999999902,-0.018829124999999895,-7.794150000000981e-05,0.00022722499999989348,0.0002402208942769199
0.00125,0.04875,0.005,6.25e-08,-0.00055928,0.0225089,-0.00044468700000000003,0.021766475,-0.00011459299999999996,0.000742424999999998,0.0007512166373783245
0.00375,0.04875,0.005,6.25e-08,-0.00351602,0.060239,-0.0037389199999999997,0.05987287499999999,0.00022289999999999983,0.0003661250000000088,0.00042863962208947317
0.00625,0.04875,0.005,6.25e-08,-0.00956776,0.0911748,-0.00971117,0.09114625,0.00014341000000000007,2.8550000000002185e-05,0.0001462242476472358
0.00875,0.04875,0.005,6.25e-08,-0.0177511,0.115946,-0.017792150000000003,0.11620100000000001,4.105000000000428e-05,-0.0002550000000000191,0.0002582829891804919
0.01125,0.04875,0.005,6.25e-08,-0.0274748,0.135248,-0.027482725,0.13572900000000002,7.924999999998905e-06,-0.0004810000000000092,0.0004810652820823893
0.01375,0.04875,0.005,6.25e-08,-0.0383454,0.149782,-0.038357925,0.1504335,1.2524999999999342e-05,-0.0006514999999999993,0.0006516203845990387
0.01625,0.04875,0.005,6.25e-08,-0.050022,0.160207,-0.05006675,0.1609775,4.475000000000312e-05,-0.0007705000000000073,0.0007717984273759642
0.01875,0.04875,0.005,6.25e-08,-0.0622251,0.167103,-0.062327725,0.1679475,0.00010262500000000202,-0.000844499999999998,0.0008507127250870279
0.02125,0.04875,0.005,6.25e-08,-0.0747389,0.170956,-0.07492185000000001,0.17183274999999998,0.00018295000000001505,-0.0008767499999999817,0.0008956345599629201
0.02375,0.04875,0.005,6.25e-08,-0.0874013,0.172144,-0.087683075,0.17301725,0.000281774999999998,-0.0008732500000000198,0.0009175852620465488
0.02625,0.04875,0.005,6.25e-08,-0.100092,0.170944,-0.100488525,0.17178175,0.0003965249999999948,-0.0008377499999999982,0.000926853353085046
0.02875,0.04875,0.005,6.25e-08,-0.112724,0.167541,-0.11324825000000001,0.1683135,0.0005242500000000039,-0.0007725000000000093,0.000933592155333376
0.03125,0.04875,0.005,6.25e-08,-0.125232,0.162041,-0.12589475,0.16272,0.0006627499999999897,-0.0006790000000000129,0.0009488301020203797
0.03375,0.04875,0.005,6.25e-08,-0.137565,0.154487,-0.13837525,0.1550475,0.0008102500000000123,-0.0005604999999999916,0.000985223483530519
0.03625,0.04875,0.005,6.25e-08,-0.149677,0.144877,-0.15064275,0.145293,0.0009657499999999875,-0.0004159999999999997,0.0010515365245677278
0.03875,0.04875,0.005,6.25e-08,-0.16152,0.13318,-0.16264775,0.1334265,0.0011277500000000107,-0.0002465000000000106,0.0011543752910124286
0.04125,0.04875,0.005,6.25e-08,-0.173038,0.119347,-0.1743325,0.11940124999999999,0.001294500000000004,-5.4249999999991805e-05,0.0012956362577899744
0.04375,0.04875,0.005,6.25e-08,-0.18416,0.103332,-0.18562175,0.10316937500000001,0.0014617500000000117,0.0001626249999999857,0.0014707684906622896
0.04625,0.04875,0.005,6.25e-08,-0.19479,0.0850966,-0.19641850000000002,0.08469682499999999,0.0016285000000000327,0.000399775000000005,0.0016768519018163501
0.04875,0.04875,0.005,6.25e-08,-0.204806,0.0646328,-0.2065955,0.06397595,0.0017894999999999994,0.0006568500000000005,0.0019062429468721972
0.05125,0.04875,0.005,6.25e-08,-0.214051,0.0419718,-0.21598799999999999,0.041042524999999996,0.0019369999999999943,0.0009292750000000002,0.0021483763696394024
0.05375,0.04875,0.005,6.25e-08,-0.222325,0.0172038,-0.22438775,0.0159931,0.002062750000000002,0.001210700000000002,0.002391805186987438
0.05625,0.04875,0.005,6.25e-08,-0.229381,-0.00950254,-0.23153674999999999,-0.010993695,0.002155749999999984,0.0014911549999999992,0.0026212213368055986
0.05875,0.04875,0.005,6.25e-08,-0.234919,-0.0378765,-0.2371205,-0.03963254999999996,0.002201500000000023,0.0017560499999999604,0.0028160812936596775
0.06125,0.04875,0.005,6.25e-08,-0.238588,-0.0675194,-0.24076999999999998,-0.06950325,0.0021819999999999895,0.0019838500000000092,0.0029490311667562945
0.06375,0.04875,0.005,6.25e-08,-0.239984,-0.0978749,-0.24206275,-0.10002032500000008,0.0020787499999999903,0.0021454250000000757,0.002987314846668373
0.06625,0.04875,0.005,6.25e-08,-0.238665,-0.128199,-0.24054000000000003,-0.13040350000000006,0.0018750000000000433,0.0022045000000000536,0.002894036152158504
0.06875,0.04875,0.005,6.25e-08,-0.234173,-0.157537,-0.23573249999999996,-0.1596537500000001,0.0015594999999999637,0.002116750000000084,0.0026291958490192854
0.07125,0.04875,0.005,6.25e-08,-0.226071,-0.184706,-0.22720800000000002,-0.18654649999999992,0.0011370000000000269,0.0018404999999999117,0.002163379127661108
0.07375,0.04875,0.005,6.25e-08,-0.214005,-0.208306,-0.21463775000000004,-0.20965324999999996,0.000632750000000043,0.0013472499999999665,0.0014884405009942335
0.07625,0.04875,0.005,6.25e-08,-0.197783,-0.226767,-0.19788150000000004,-0.22740374999999996,9.850000000005688e-05,0.0006367499999999637,0.0006443235309221331
0.07875,0.04875,0.005,6.25e-08,-0.177468,-0.238448,-0.17708424999999994,-0.23820675000000002,-0.0003837500000000438,-0.00024124999999997065,0.0004532831620521762
0.08125,0.04875,0.005,6.25e-08,-0.153484,-0.241801,-0.15276499999999993,-0.24062675,-0.0007190000000000807,-0.0011742499999999878,0.001376889270239291
0.08375,0.04875,0.005,6.25e-08,-0.126691,-0.235592,-0.12587074999999992,-0.23360274999999997,-0.0008202500000000779,-0.0019892500000000257,0.0021517261965687527
0.08625,0.04875,0.005,6.25e-08,-0.0984243,-0.219171,-0.09777195000000007,-0.21667775000000006,-0.0006523499999999405,-0.002493249999999947,0.0025771798705173177
0.08875,0.04875,0.005,6.25e-08,-0.0704444,-0.192711,-0.07017820000000008,-0.1901770000000001,-0.00026619999999992483,-0.0025339999999998974,0.002547943963276948
0.09125,0.04875,0.005,6.25e-08,-0.0447668,-0.157372,-0.044977700000000065,-0.1552840000000001,0.00021090000000006243,-0.0020879999999999233,0.002098624027785755
0.09375,0.04875,0.005,6.25e-08,-0.0233563,-0.115288,-0.024029925,-0.113974,0.0006736250000000006,-0.0013139999999999957,0.0014766064609857935
0.09625,0.04875,0.005,6.25e-08,-0.00810068,-0.0692837,-0.008961949999999967,-0.06880229999999987,0.0008612699999999661,-0.0004814000000001317,0.0009866772384625423
0.09875,0.04875,0.005,6.25e-08,-0.00112439,-0.0223739,-0.0010207322499999887,-0.022602349999999872,-0.00010365775000001137,0.0002284499999998732,0.0002508671593393741
0.00125,0.05125,0.005,6.25e-08,-0.000538783,0.0242941,-0.00043108450000000004,0.023481775000000003,-0.00010769849999999999,0.0008123249999999957,0.0008194332630100165
0.00375,0.05125,0.005,6.25e-08,-0.00341083,0.0649456,-0.0036333375,0.06453965,0.0002225075,0.00040595000000000214,0.00046293086962985274
0.00625,0.05125,0.005,6.25e-08,-0.00930825,0.0982121,-0.0094514775,0.09817157500000001,0.00014322749999999898,4.052499999998571e-05,0.00014885023473696154
0.00875,0.05125,0.005,6.25e-08,-0.0172914,0.124787,-0.017331175000000004,0.1250535,3.977500000000578e-05,-0.0002665000000000167,0.0002694518521461847
0.01125,0.05125,0.005,6.25e-08,-0.0267737,0.145433,-0.02677725,0.14594725,3.549999999997999e-06,-0.0005142499999999939,0.0005142622531354928
0.01375,0.05125,0.005,6.25e-08,-0.0373582,0.160926,-0.037363375000000004,0.16162875,5.175000000003094e-06,-0.0007027499999999742,0.0007027690539038866
0.01625,0.05125,0.005,6.25e-08,-0.0487,0.171997,-0.048735375000000004,0.17283300000000001,3.537500000000415e-05,-0.0008360000000000034,0.0008367481046438085
0.01875,0.05125,0.005,6.25e-08,-0.0605179,0.179292,-0.060610075,0.180214,9.21749999999999e-05,-0.0009220000000000061,0.0009265960450082934
0.02125,0.05125,0.005,6.25e-08,-0.0725976,0.183357,-0.07276960000000002,0.18432075,0.00017200000000001936,-0.0009637500000000132,0.0009789780704898513
0.02375,0.05125,0.005,6.25e-08,-0.0847824,0.184619,-0.085052875,0.18558724999999998,0.00027047500000000613,-0.0009682499999999761,0.0010053182521594626
0.02625,0.05125,0.005,6.25e-08,-0.0969617,0.183395,-0.09734595000000001,0.184334,0.0003842500000000165,-0.0009389999999999954,0.001014578268296736
0.02875,0.05125,0.005,6.25e-08,-0.109061,0.179899,-0.1095715,0.18077824999999997,0.0005104999999999971,-0.0008792499999999703,0.0010167058633154156
0.03125,0.05125,0.005,6.25e-08,-0.121032,0.174255,-0.12167874999999999,0.17504799999999998,0.0006467499999999876,-0.0007929999999999882,0.0010232959310482795
0.03375,0.05125,0.005,6.25e-08,-0.132843,0.16652,-0.133635,0.16719925000000002,0.0007920000000000149,-0.0006792500000000201,0.0010433813121290083
0.03625,0.05125,0.005,6.25e-08,-0.144472,0.156693,-0.14541575,0.1572345,0.000943750000000021,-0.0005415000000000003,0.0010880653989995455
0.03875,0.05125,0.005,6.25e-08,-0.155895,0.14474,-0.156997,0.145118,0.0011019999999999919,-0.00037799999999998946,0.0011650270383128341
0.04125,0.05125,0.005,6.25e-08,-0.167083,0.1306,-0.16834949999999999,0.1307915,0.001266499999999976,-0.0001915000000000111,0.001280895975479642
0.04375,0.05125,0.005,6.25e-08,-0.177995,0.114209,-0.17942925,0.1141895,0.0014342500000000258,1.9500000000005624e-05,0.0014343825544463633
0.04625,0.05125,0.005,6.25e-08,-0.188567,0.0955043,-0.19017075000000003,0.0952513,0.0016037500000000149,0.0002530000000000032,0.0016235834017690773
0.04875,0.05125,0.005,6.25e-08,-0.198709,0.0744447,-0.20048100000000002,0.07393645,0.0017720000000000236,0.0005082500000000018,0.0018434484160127955
0.05125,0.05125,0.005,6.25e-08,-0.208295,0.0510227,-0.21022924999999998,0.0502395,0.0019342499999999707,0.0007831999999999978,0.002086797858562224
0.05375,0.05125,0.005,6.25e-08,-0.217156,0.0252817,-0.21923974999999998,0.024208125,0.0020837499999999953,0.0010735750000000002,0.002344051480476694
0.05625,0.05125,0.005,6.25e-08,-0.22507,-0.00266293,-0.22728125,-0.004035571,0.002211249999999998,0.001372641,0.002602646706216768
0.05875,0.05125,0.005,6.25e-08,-0.231756,-0.0325995,-0.23405875,-0.03426847499999996,0.00230275000000002,0.0016689749999999615,0.002843964682116317
0.06125,0.05125,0.005,6.25e-08,-0.236868,-0.0641897,-0.2392075,-0.066134775,0.0023394999999999944,0.0019450750000000044,0.003042462326081457
0.06375,0.05125,0.005,6.25e-08,-0.239987,-0.0969338,-0.24228950000000005,-0.0991083500000001,0.0023025000000000406,0.0021745500000000945,0.0031670449874450154
0.06625,0.05125,0.005,6.25e-08,-0.240631,-0.130131,-0.24279775,-0.13245200000000007,0.002166749999999995,0.002321000000000073,0.0031751923662197727
0.06875,0.05125,0.005,6.25e-08,-0.238267,-0.16284,-0.24017874999999997,-0.1651767500000001,0.001911749999999962,0.002336750000000082,0.00301913706628239
0.07125,0.05125,0.005,6.25e-08,-0.232343,-0.193846,-0.23387125,-0.19601349999999992,0.0015282500000000088,0.0021674999999999334,0.0026520943257168925
0.07375,0.05125,0.005,6.25e-08,-0.222346,-0.221643,-0.22337300000000004,-0.2234074999999999,0.0010270000000000556,0.0017644999999998912,0.0020416143734799013
0.07625,0.05125,0.005,6.25e-08,-0.207887,-0.244463,-0.20833650000000004,-0.24556299999999995,0.0004495000000000471,0.0010999999999999344,0.0011882972060894101
0.07875,0.05125,0.005,6.25e-08,-0.188815,-0.260351,-0.18868874999999993,-0.26055000000000006,-0.0001262500000000777,0.00019900000000006024,0.000235669392369997
0.08125,0.05125,0.005,6.25e-08,-0.165348,-0.267338,-0.16476224999999992,-0.26649675,-0.0005857500000000793,-0.0008412500000000156,0.0010250876182064238
0.08375,0.05125,0.005,6.25e-08,-0.138202,-0.263691,-0.1373932499999999,-0.26185425,-0.0008087500000000802,-0.001836749999999998,0.0020069198103063617
0.08625,0.05125,0.005,6.25e-08,-0.108676,-0.248243,-0.10796375000000008,-0.24570350000000007,-0.0007122499999999143,-0.002539499999999917,0.002637491291454714
0.08875,0.05125,0.005,6.25e-08,-0.0786591,-0.220742,-0.07834367500000007,-0.2180295000000001,-0.0003154249999999248,-0.0027124999999998956,0.0027307781273154335
0.09125,0.05125,0.005,6.25e-08,-0.0504864,-0.182137,-0.050720600000000074,-0.17987975000000012,0.00023420000000007324,-0.0022572499999998774,0.0022693671370008603
0.09375,0.05125,0.005,6.25e-08,-0.0265938,-0.134694,-0.027350275,-0.1333355,0.0007564749999999995,-0.0013585000000000125,0.0015549201508839715
0.09625,0.05125,0.005,6.25e-08,-0.00932605,-0.081747,-0.010288189999999961,-0.08127319999999985,0.0009621399999999603,-0.0004738000000001491,0.001072473691798575
0.09875,0.05125,0.005,6.25e-08,-0.00130221,-0.0267318,-0.001181948499999987,-0.02696874999999985,-0.00012026150000001294,0.00023694999999985047,0.0002657219051606063
0.00125,0.05375,0.005,6.25e-08,-0.000515058,0.0260168,-0.00041525550000000007,0.0251406,-9.980249999999992e-05,0.0008762000000000006,0.0008818656241209603
0.00375,0.05375,0.005,6.25e-08,-0.00328757,0.0695098,-0.0035095574999999997,0.06906699999999999,0.00022198749999999962,0.0004428000000000071,0.0004953284669350794
0.00625,0.05375,0.005,6.25e-08,-0.00899961,0.105049,-0.009142980000000002,0.10499675,0.00014337000000000204,5.225000000000368e-05,0.00015259429674794852
0.00875,0.05375,0.005,6.25e-08,-0.0167348,0.133374,-0.0167739,0.133653,3.9100000000000246e-05,-0.00027900000000000147,0.0002817264808284817
0.01125,0.05375,0.005,6.25e-08,-0.0259081,0.155312,-0.025907975,0.1558585,-1.25000000000125e-07,-0.0005465000000000053,0.000546500014295522
0.01375,0.05375,0.005,6.25e-08,-0.0361156,0.171706,-0.036114175,0.17245875000000002,-1.4249999999993435e-06,-0.0007527500000000242,0.0007527513488031997
0.01625,0.05375,0.005,6.25e-08,-0.0470067,0.183361,-0.04703335,0.184262,2.665000000000306e-05,-0.0009010000000000129,0.0009013940439674667
0.01875,0.05375,0.005,6.25e-08,-0.0582979,0.190995,-0.0583799,0.19199225,8.199999999999874e-05,-0.000997250000000005,0.0010006155917733892
0.02125,0.05375,0.005,6.25e-08,-0.069777,0.195214,-0.06993742500000001,0.19626174999999998,0.0001604250000000057,-0.0010477499999999862,0.0010599604913037906
0.02375,0.05375,0.005,6.25e-08,-0.0812938,0.196501,-0.081550925,0.19755925,0.00025712499999999694,-0.0010582499999999828,0.001089039176579503
0.02625,0.05375,0.005,6.25e-08,-0.0927491,0.195216,-0.09311692499999999,0.19624899999999998,0.0003678249999999883,-0.0010329999999999784,0.0010965328224111428
0.02875,0.05375,0.005,6.25e-08,-0.104083,0.191604,-0.10457274999999999,0.19258200000000003,0.0004897499999999971,-0.0009780000000000344,0.0010937728569040577
0.03125,0.05375,0.005,6.25e-08,-0.115267,0.185815,-0.11588625,0.18670974999999998,0.0006192500000000017,-0.000894749999999972,0.0010881397543514124
0.03375,0.05375,0.005,6.25e-08,-0.126289,0.177918,-0.12704600000000002,0.17870350000000002,0.0007570000000000077,-0.0007855000000000223,0.001090898368318537
0.03625,0.05375,0.005,6.25e-08,-0.137153,0.167919,-0.13805299999999998,0.16857125,0.0008999999999999841,-0.0006522499999999931,0.0011114990159689583
0.03875,0.05375,0.005,6.25e-08,-0.147863,0.155782,-0.14891125,0.15627625,0.0010482500000000006,-0.0004942500000000016,0.0011589267125232737
0.04125,0.05375,0.005,6.25e-08,-0.15842,0.141438,-0.15962199999999999,0.14175149999999997,0.0012019999999999809,-0.0003134999999999666,0.0012422102277794742
0.04375,0.05375,0.005,6.25e-08,-0.168815,0.124806,-0.17017549999999998,0.1249155,0.0013604999999999867,-0.00010949999999999849,0.0013648994468457973
0.04625,0.05375,0.005,6.25e-08,-0.179021,0.105801,-0.180544,0.10568374999999999,0.0015229999999999966,0.00011725000000001318,0.001527506648921697
0.04875,0.05375,0.005,6.25e-08,-0.188984,0.0843514,-0.19067225,0.08398455,0.0016882499999999745,0.0003668500000000019,0.001727647818567174
0.05125,0.05375,0.005,6.25e-08,-0.198618,0.0604092,-0.20047225000000002,0.059771624999999995,0.0018542500000000295,0.0006375750000000083,0.0019608021172788244
0.05375,0.05375,0.005,6.25e-08,-0.207793,0.03397,-0.20980925,0.033041975,0.002016249999999997,0.000928024999999999,0.0022195707835356336
0.05625,0.05375,0.005,6.25e-08,-0.216326,0.00509066,-0.218493,0.0038566272500000004,0.0021670000000000023,0.00123403275,0.0024937373213858296
0.05875,0.05375,0.005,6.25e-08,-0.223969,-0.0260848,-0.22626425000000003,-0.027633124999999953,0.0022952500000000264,0.0015483249999999546,0.002768660843824137
0.06125,0.05375,0.005,6.25e-08,-0.230398,-0.0592936,-0.23278275,-0.061151750000000005,0.002384750000000019,0.0018581500000000029,0.003023202604027739
0.06375,0.05375,0.005,6.25e-08,-0.235204,-0.0941147,-0.23761675000000002,-0.0962570750000001,0.002412750000000019,0.002142375000000099,0.003226628767479382
0.06625,0.05375,0.005,6.25e-08,-0.237885,-0.129922,-0.24023825000000001,-0.13228950000000012,0.002353250000000001,0.0023675000000001056,0.003338089545308889
0.06875,0.05375,0.005,6.25e-08,-0.237855,-0.165827,-0.24003199999999997,-0.1683140000000001,0.0021769999999999567,0.0024870000000001002,0.0033052228366632574
0.07125,0.05375,0.005,6.25e-08,-0.234462,-0.20063,-0.23632375,-0.20306774999999994,0.0018617499999999954,0.002437749999999933,0.0030673666433929376
0.07375,0.05375,0.005,6.25e-08,-0.227041,-0.232768,-0.22843875000000005,-0.23492199999999994,0.0013977500000000587,0.0021539999999999337,0.0025677657725150633
0.07625,0.05375,0.005,6.25e-08,-0.214991,-0.260311,-0.21580150000000006,-0.26189024999999994,0.000810500000000075,0.001579249999999921,0.0017750889590383554
0.07875,0.05375,0.005,6.25e-08,-0.197909,-0.28101,-0.19807424999999992,-0.28171075000000007,0.0001652499999999224,0.0007007500000000833,0.0007199709195516796
0.08125,0.05375,0.005,6.25e-08,-0.175746,-0.292448,-0.17532574999999992,-0.29203125,-0.00042025000000009416,-0.00041674999999996576,0.0005918535502977495
0.08375,0.05375,0.005,6.25e-08,-0.148985,-0.292312,-0.14819274999999993,-0.29071549999999996,-0.0007922500000000776,-0.0015965000000000562,0.0017822660610863638
0.08625,0.05375,0.005,6.25e-08,-0.118789,-0.278779,-0.11798625000000008,-0.27623375000000006,-0.0008027499999999216,-0.0025452499999999434,0.0026688396589153846
0.08875,0.05375,0.005,6.25e-08,-0.087089,-0.250976,-0.08668232500000009,-0.2480595000000001,-0.00040667499999991197,-0.0029164999999998775,0.0029447167615280446
0.09125,0.05375,0.005,6.25e-08,-0.0565216,-0.209422,-0.056763375000000074,-0.20695750000000013,0.00024177500000007596,-0.0024644999999998696,0.0024763310361549796
0.09375,0.05375,0.005,6.25e-08,-0.0300994,-0.15639,-0.03092795,-0.15502625,0.0008285500000000008,-0.001363749999999997,0.0015957158785322634
0.09625,0.05375,0.005,6.25e-08,-0.0106861,-0.0959352,-0.011744674999999956,-0.09545084999999984,0.0010585749999999557,-0.00048435000000016104,0.0011641202485675878
0.09875,0.05375,0.005,6.25e-08,-0.00142472,-0.0317026,-0.0013619192499999852,-0.03199682499999982,-6.280075000001479e-05,0.0002942249999998217,0.00030085259650775736
0.00125,0.05625,0.005,6.25e-08,-0.000490456,0.0276705,-0.00039906,0.02673785,-9.139599999999999e-05,0.0009326500000000001,0.0009371175226811205
0.00375,0.05625,0.005,6.25e-08,-0.00315975,0.0739147,-0.0033822575,0.07343992499999999,0.0002225075,0.0004747750000000106,0.000524328988499835
0.00625,0.05625,0.005,6.25e-08,-0.00867564,0.111654,-0.008820660000000001,0.11159400000000001,0.0001450200000000009,5.9999999999990616e-05,0.00015694202878769963
0.00875,0.05625,0.005,6.25e-08,-0.0161378,0.14166,-0.016178,0.141953,4.020000000000065e-05,-0.0002929999999999877,0.0002957448900657336
0.01125,0.05625,0.005,6.25e-08,-0.0249552,0.164812,-0.024953125,0.1653925,-2.0750000000006874e-06,-0.0005805000000000116,0.0005805037085368305
0.01375,0.05625,0.005,6.25e-08,-0.0347111,0.182023,-0.0347048,0.18282700000000002,-6.3000000000007494e-06,-0.0008040000000000269,0.0008040246824569774
0.01625,0.05625,0.005,6.25e-08,-0.0450459,0.194174,-0.0450657,0.19513875,1.9800000000000373e-05,-0.0009647499999999865,0.0009649531607803427
0.01875,0.05625,0.005,6.25e-08,-0.0556732,0.202057,-0.055746925,0.20312775,7.372500000000365e-05,-0.0010707500000000092,0.0010732851150207106
0.02125,0.05625,0.005,6.25e-08,-0.0663843,0.206347,-0.0665345,0.20747425,0.0001502000000000031,-0.0011272499999999963,0.0011372126461220843
0.02375,0.05625,0.005,6.25e-08,-0.0770381,0.207585,-0.077281675,0.2087265,0.00024357499999999588,-0.0011415000000000175,0.001167197939779298
0.02625,0.05625,0.005,6.25e-08,-0.087549,0.206178,-0.087898175,0.20729674999999997,0.00034917499999999324,-0.001118749999999974,0.001171974719490543
0.02875,0.05625,0.005,6.25e-08,-0.0978754,0.202409,-0.09833882499999999,0.203474,0.00046342499999998954,-0.0010649999999999826,0.0011614593107917958
0.03125,0.05625,0.005,6.25e-08,-0.108009,0.196454,-0.10859250000000001,0.19743625,0.0005835000000000146,-0.0009822500000000178,0.001142491712223792
0.03375,0.05625,0.005,6.25e-08,-0.117964,0.188399,-0.118672,0.18927325,0.0007080000000000003,-0.0008742499999999931,0.0011249786942426902
0.03625,0.05625,0.005,6.25e-08,-0.127769,0.178259,-0.12860575,0.1790025,0.0008367499999999972,-0.000743500000000008,0.0011193492808323983
0.03875,0.05625,0.005,6.25e-08,-0.137458,0.165999,-0.13842749999999998,0.16658799999999999,0.0009694999999999843,-0.0005889999999999784,0.0011343946623640045
0.04125,0.05625,0.005,6.25e-08,-0.147066,0.151545,-0.1481715,0.15195799999999998,0.0011055000000000093,-0.00041299999999996895,0.0011801267940352827
0.04375,0.05625,0.005,6.25e-08,-0.156618,0.134802,-0.15786475,0.1350175,0.001246749999999991,-0.00021550000000000735,0.0012652374530102957
0.04625,0.05625,0.005,6.25e-08,-0.166124,0.115665,-0.16751775,0.11566225,0.0013937499999999992,2.750000000009689e-06,0.001393752713001843
0.04875,0.05625,0.005,6.25e-08,-0.175574,0.0940343,-0.17712075,0.09379145,0.0015467499999999856,0.00024285000000000279,0.0015656984655418032
0.05125,0.05625,0.005,6.25e-08,-0.184926,0.0698248,-0.1866305,0.06932055,0.0017044999999999977,0.0005042500000000116,0.0017775230835350645
0.05375,0.05625,0.005,6.25e-08,-0.194096,0.0429838,-0.19596275,0.042197174999999996,0.0018667500000000004,0.0007866250000000061,0.002025718256106957
0.05625,0.05625,0.005,6.25e-08,-0.202949,0.0135083,-0.20497800000000002,0.01241977,0.0020290000000000308,0.0010885300000000007,0.002302550446982677
0.05875,0.05625,0.005,6.25e-08,-0.211285,-0.0185307,-0.21346725,-0.019937424999999953,0.0021822499999999967,0.0014067249999999525,0.0025963609703053333
0.06125,0.05625,0.005,6.25e-08,-0.218821,-0.052957,-0.221134,-0.05469065,0.0023130000000000095,0.0017336500000000032,0.0028905901339518984
0.06375,0.05625,0.005,6.25e-08,-0.225177,-0.0894476,-0.22757850000000002,-0.09150207500000011,0.0024015000000000286,0.002054475000000111,0.0031603907631218
0.06625,0.05625,0.005,6.25e-08,-0.229861,-0.127479,-0.23228175,-0.1298217500000001,0.0024207499999999993,0.002342750000000088,0.0033687546845979164
0.06875,0.05625,0.005,6.25e-08,-0.232264,-0.16626,-0.234598,-0.1688152500000001,0.0023340000000000027,0.00255525000000012,0.0034607598244461614
0.07125,0.05625,0.005,6.25e-08,-0.231662,-0.204658,-0.23377,-0.20728599999999991,0.0021079999999999988,0.002627999999999908,0.0033689832294031253
0.07375,0.05625,0.005,6.25e-08,-0.227253,-0.241115,-0.22897075000000003,-0.2435992499999999,0.0017177500000000179,0.00248424999999991,0.0030202918940062094
0.07625,0.05625,0.005,6.25e-08,-0.21823,-0.273602,-0.21939175000000005,-0.2756419999999999,0.0011617500000000447,0.0020399999999998752,0.0023476079448024522
0.07875,0.05625,0.005,6.25e-08,-0.203913,-0.299615,-0.20439499999999994,-0.30085700000000004,0.00048199999999992693,0.0012420000000000209,0.001332249225933339
0.08125,0.05625,0.005,6.25e-08,-0.183931,-0.316297,-0.18371399999999993,-0.31639925,-0.00021700000000007824,0.00010225000000002593,0.00023988343523478076
0.08375,0.05625,0.005,6.25e-08,-0.158444,-0.3207,-0.15768274999999993,-0.31945775,-0.0007612500000000744,-0.0012422500000000003,0.0014569442765597158
0.08625,0.05625,0.005,6.25e-08,-0.128363,-0.310204,-0.12742950000000008,-0.30772850000000007,-0.0009334999999999205,-0.0024754999999999083,0.002645661070507596
0.08875,0.05625,0.005,6.25e-08,-0.0955266,-0.283091,-0.09495057500000009,-0.27996375000000007,-0.0005760249999999106,-0.003127249999999915,0.0031798580727957597
0.09125,0.05625,0.005,6.25e-08,-0.062799,-0.239165,-0.06299020000000008,-0.23643650000000016,0.00019120000000008575,-0.0027284999999998283,0.002735190978706806
0.09375,0.05625,0.005,6.25e-08,-0.0338865,-0.180379,-0.034724624999999995,-0.17912024999999998,0.0008381249999999951,-0.0012587500000000307,0.0015122516583310694
0.09625,0.05625,0.005,6.25e-08,-0.012239,-0.112035,-0.013325849999999953,-0.1114627499999998,0.0010868499999999535,-0.0005722500000001907,0.0012282967821337467
0.09875,0.05625,0.005,6.25e-08,-0.00117657,-0.0372881,-0.001561001499999983,-0.03775602499999979,0.000384431499999983,0.0004679249999997928,0.0006055917633332235
0.00125,0.05875,0.005,6.25e-08,-0.000467735,0.0292563,-0.00038500725,0.02827665,-8.272774999999998e-05,0.0009796499999999986,0.000983136818108273
0.00375,0.05875,0.005,6.25e-08,-0.0030446,0.0781625,-0.00327125,0.07766382499999999,0.00022664999999999968,0.000498675000000004,0.0005477654407910413
0.00625,0.05875,0.005,6.25e-08,-0.00838072,0.118023,-0.0085315825,0.11796075,0.00015086250000000134,6.22499999999998e-05,0.00016320096937901557
0.00875,0.05875,0.005,6.25e-08,-0.0155756,0.149622,-0.015620500000000004,0.149932,4.4900000000003965e-05,-0.0003100000000000047,0.00031323475222267924
0.01125,0.05875,0.005,6.25e-08,-0.0240178,0.173884,-0.024017049999999998,0.17450124999999997,-7.500000000007501e-07,-0.0006172499999999581,0.0006172504556498506
0.01375,0.05875,0.005,6.25e-08,-0.0332686,0.191795,-0.033260825,0.19265149999999998,-7.77500000000153e-06,-0.0008564999999999823,0.0008565352886046024
0.01625,0.05875,0.005,6.25e-08,-0.0429554,0.204318,-0.042971850000000006,0.20534724999999998,1.6450000000008125e-05,-0.0010292499999999816,0.0010293814477636374
0.01875,0.05875,0.005,6.25e-08,-0.0527886,0.212328,-0.05285727500000001,0.21346974999999996,6.867500000001109e-05,-0.0011417499999999692,0.0011438134979641266
0.02125,0.05875,0.005,6.25e-08,-0.0625654,0.216573,-0.06270805000000002,0.21777525,0.00014265000000002193,-0.0012022500000000158,0.0012106833132574531
0.02375,0.05875,0.005,6.25e-08,-0.0721578,0.21766,-0.07238925000000002,0.21887625,0.00023145000000002192,-0.001216250000000002,0.001238076397077343
0.02625,0.05875,0.005,6.25e-08,-0.0814986,0.216047,-0.08182825000000002,0.21723925,0.00032965000000001465,-0.0011922500000000058,0.0012369839065242618
0.02875,0.05875,0.005,6.25e-08,-0.0905682,0.212057,-0.09100160000000002,0.21319349999999998,0.00043340000000001433,-0.0011364999999999847,0.0012163337576504148
0.03125,0.05875,0.005,6.25e-08,-0.0993829,0.205897,-0.09992290000000002,0.20694825,0.0005400000000000266,-0.0010512500000000036,0.0011818318672721752
0.03375,0.05875,0.005,6.25e-08,-0.107984,0.197671,-0.10863275000000003,0.19861349999999997,0.0006487500000000312,-0.0009424999999999573,0.001144195268518429
0.03625,0.05875,0.005,6.25e-08,-0.11643,0.187407,-0.11718825000000001,0.18821775,0.000758250000000002,-0.000810749999999999,0.0011100714504030816
0.03875,0.05875,0.005,6.25e-08,-0.124787,0.175073,-0.12565525000000002,0.17573075,0.0008682500000000287,-0.0006577499999999847,0.0010892626519807011
0.04125,0.05875,0.005,6.25e-08,-0.133121,0.160591,-0.13410300000000003,0.16107724999999998,0.0009820000000000384,-0.0004862499999999659,0.0010957933484467052
0.04375,0.05875,0.005,6.25e-08,-0.141495,0.143858,-0.142595,0.14415324999999998,0.0010999999999999899,-0.00029524999999996915,0.0011389348368102362
0.04625,0.05875,0.005,6.25e-08,-0.14996,0.124753,-0.15118375,0.12483699999999999,0.0012237499999999957,-8.399999999998686e-05,0.0012266295538996227
0.04875,0.05875,0.005,6.25e-08,-0.158547,0.103148,-0.15990300000000002,0.10300329999999999,0.0013560000000000239,0.00014470000000001149,0.0013636986800609832
0.05125,0.05875,0.005,6.25e-08,-0.167263,0.0789269,-0.16876000000000002,0.07853379999999999,0.001497000000000026,0.00039310000000000733,0.00154775211516576
0.05375,0.05875,0.005,6.25e-08,-0.176075,0.051991,-0.17772425000000003,0.05132979999999999,0.0016492500000000188,0.0006612000000000146,0.0017768542434595139
0.05625,0.05875,0.005,6.25e-08,-0.184905,0.0222791,-0.18671425000000003,0.02132937499999999,0.0018092500000000122,0.0009497250000000089,0.0020433705337322113
0.05875,0.05875,0.005,6.25e-08,-0.193608,-0.0102122,-0.195583,-0.011470769999999965,0.0019750000000000045,0.0012585699999999658,0.0023419272928295472
0.06125,0.05875,0.005,6.25e-08,-0.20196,-0.045399,-0.20409500000000003,-0.04698442500000001,0.0021350000000000258,0.0015854250000000084,0.002659285135261944
0.06375,0.05875,0.005,6.25e-08,-0.209632,-0.0830694,-0.21190575000000006,-0.08499200000000011,0.0022737500000000466,0.0019226000000001076,0.0029776382961166767
0.06625,0.05875,0.005,6.25e-08,-0.216172,-0.122827,-0.21853525000000004,-0.12507925000000014,0.002363250000000039,0.002252250000000136,0.0032645950169968704
0.06875,0.05875,0.005,6.25e-08,-0.22098,-0.164017,-0.22334900000000005,-0.1665565000000001,0.0023690000000000377,0.002539500000000111,0.0034729268996051073
0.07125,0.05875,0.005,6.25e-08,-0.2233,-0.205631,-0.22554725,-0.20835524999999988,0.002247250000000006,0.0027242499999998726,0.0035315252547588175
0.07375,0.05875,0.005,6.25e-08,-0.222228,-0.246192,-0.22418700000000003,-0.24891674999999988,0.0019590000000000163,0.002724749999999887,0.003355881935125169
0.07625,0.05875,0.005,6.25e-08,-0.21677,-0.283651,-0.21824975000000002,-0.2860922499999998,0.0014797500000000297,0.0024412499999998394,0.0028547086760297106
0.07875,0.05875,0.005,6.25e-08,-0.205964,-0.315322,-0.20678174999999996,-0.31710675000000005,0.0008177499999999505,0.0017847500000000571,0.0019631728464402014
0.08125,0.05875,0.005,6.25e-08,-0.18908,-0.337949,-0.18912074999999992,-0.338651,4.074999999992279e-05,0.0007019999999999804,0.0007031817421548758
0.08375,0.05875,0.005,6.25e-08,-0.165874,-0.347928,-0.1651912499999999,-0.34718374999999996,-0.000682750000000093,-0.0007442500000000574,0.0010099780319394141
0.08625,0.05875,0.005,6.25e-08,-0.136873,-0.341729,-0.1358020000000001,-0.33946425,-0.0010709999999999054,-0.002264749999999982,0.0025052212601883524
0.08875,0.05875,0.005,6.25e-08,-0.103692,-0.316562,-0.10284197500000009,-0.31327625000000003,-0.000850024999999921,-0.003285749999999976,0.0033939203825553584
0.09125,0.05875,0.005,6.25e-08,-0.0692753,-0.271215,-0.06924750000000007,-0.2681220000000001,-2.7799999999925107e-05,-0.0030929999999999014,0.0030931249311981217
0.09375,0.05875,0.005,6.25e-08,-0.0379333,-0.206477,-0.038685075,-0.20563224999999996,0.0007517749999999962,-0.000844750000000033,0.0011308263408344582
0.09625,0.05875,0.005,6.25e-08,-0.0145576,-0.130095,-0.015021424999999946,-0.12941674999999975,0.00046382499999994553,-0.0006782500000002412,0.0008216791911234436
0.098125,0.059375,0.005,1.5625e-08,-0.00243656,-0.0664119,-0.004065937499999971,-0.06874294999999975,0.0016293774999999707,0.0023310499999997514,0.0028440578650943435
0.00125,0.06125,0.005,6.25e-08,-0.000449494,0.0307849,-0.00037644999999999996,0.029771300000000004,-7.304400000000003e-05,0.0010135999999999964,0.0010162285106884144
0.00375,0.06125,0.005,6.25e-08,-0.00296281,0.0822805,-0.003202885,0.08177129999999999,0.00024007499999999975,0.0005092000000000152,0.0005629570548674343
0.00625,0.06125,0.005,6.25e-08,-0.00817145,0.124185,-0.008337907500000002,0.12412850000000002,0.00016645750000000153,5.6499999999987116e-05,0.0001757849518765729
0.00875,0.06125,0.005,6.25e-08,-0.0151449,0.157269,-0.015202225000000003,0.15760325000000003,5.73250000000039e-05,-0.0003342500000000359,0.00033913009026776797
0.01125,0.06125,0.005,6.25e-08,-0.0232282,0.182506,-0.02323475,0.18316300000000002,6.54999999999753e-06,-0.0006570000000000187,0.0006570326494931774
0.01375,0.06125,0.005,6.25e-08,-0.0319469,0.20096,-0.03194275,0.20187075,-4.150000000001375e-06,-0.000910749999999988,0.0009107594550703155
0.01625,0.06125,0.005,6.25e-08,-0.0409101,0.213689,-0.04092825,0.21478225,1.8150000000001498e-05,-0.0010932500000000178,0.001093400651636919
0.01875,0.06125,0.005,6.25e-08,-0.0498262,0.221661,-0.049894875,0.2228715,6.867499999999721e-05,-0.0012105000000000032,0.0012124464959844651
0.02125,0.06125,0.005,6.25e-08,-0.0585035,0.22571,-0.058642650000000004,0.22698000000000002,0.00013915000000000455,-0.0012700000000000211,0.0012776003766828087
0.02375,0.06125,0.005,6.25e-08,-0.0668333,0.226512,-0.0670549,0.22779225,0.00022160000000000235,-0.0012802500000000105,0.0012992869669553482
0.02625,0.06125,0.005,6.25e-08,-0.0747733,0.224582,-0.075083275,0.22583325,0.000309975000000004,-0.0012512500000000093,0.001289073722920852
0.02875,0.06125,0.005,6.25e-08,-0.0823322,0.220287,-0.08273217499999999,0.22147575,0.00039997499999999686,-0.0011887499999999884,0.0012542354496365385
0.03125,0.06125,0.005,6.25e-08,-0.0895558,0.213864,-0.09004525,0.21496300000000002,0.0004894499999999885,-0.0010990000000000166,0.001203063715062517
0.03375,0.06125,0.005,6.25e-08,-0.0965165,0.20544,-0.097093925,0.20642525,0.0005774249999999925,-0.000985249999999993,0.0011419882631292573
0.03625,0.06125,0.005,6.25e-08,-0.103304,0.195056,-0.10396775000000001,0.195907,0.0006637500000000046,-0.0008509999999999907,0.0010792428190634351
0.03875,0.06125,0.005,6.25e-08,-0.110017,0.182685,-0.11076625000000001,0.183382,0.0007492500000000069,-0.0006970000000000032,0.0010233203616170326
0.04125,0.06125,0.005,6.25e-08,-0.116758,0.168249,-0.11759275000000001,0.16877599999999998,0.0008347500000000091,-0.0005269999999999719,0.0009871861843137725
0.04375,0.06125,0.005,6.25e-08,-0.123624,0.151637,-0.124549,0.151978,0.0009250000000000091,-0.00034100000000000796,0.0009858529302081637
0.04625,0.06125,0.005,6.25e-08,-0.130707,0.132715,-0.13172775,0.13285375,0.0010207500000000147,-0.00013874999999999305,0.001030136944779687
0.04875,0.06125,0.005,6.25e-08,-0.138081,0.111336,-0.139207,0.11125750000000001,0.0011259999999999881,7.849999999999524e-05,0.001128733028665314
0.05125,0.06125,0.005,6.25e-08,-0.145801,0.0873527,-0.14704374999999997,0.08704165000000001,0.001242749999999987,0.0003110499999999933,0.001281085346493341
0.05375,0.06125,0.005,6.25e-08,-0.153887,0.0606275,-0.15526325,0.0600671,0.0013762499999999955,0.0005604000000000026,0.001485971810802611
0.05625,0.06125,0.005,6.25e-08,-0.162319,0.031045,-0.16384549999999998,0.030216825,0.0015264999999999862,0.0008281750000000004,0.001736685371800246
0.05875,0.06125,0.005,6.25e-08,-0.17102,-0.00146942,-0.17271124999999998,-0.0025861724999999523,0.0016912499999999775,0.0011167524999999524,0.0020266876199247054
0.06125,0.06125,0.005,6.25e-08,-0.179831,-0.0369242,-0.1816995,-0.038352300000000006,0.001868500000000023,0.0014281000000000085,0.002351757185595509
0.06375,0.06125,0.005,6.25e-08,-0.188497,-0.075224,-0.19053975000000004,-0.07698585000000012,0.0020427500000000376,0.0017618500000001203,0.002697580950592693
0.06625,0.06125,0.005,6.25e-08,-0.196631,-0.116116,-0.19882325000000003,-0.11822575000000012,0.0021922500000000344,0.0021097500000001185,0.0030425326826511905
0.06875,0.06125,0.005,6.25e-08,-0.203683,-0.159114,-0.20596425000000002,-0.16156025000000013,0.0022812500000000124,0.002446250000000122,0.0033448827520558403
0.07125,0.06125,0.005,6.25e-08,-0.208909,-0.20339,-0.2111745,-0.20610924999999988,0.002265499999999976,0.0027192499999998954,0.0035393234964466473
0.07375,0.06125,0.005,6.25e-08,-0.211351,-0.247627,-0.21344875,-0.2504774999999999,0.0020977499999999816,0.002850499999999895,0.0035391955742088235
0.07625,0.06125,0.005,6.25e-08,-0.209865,-0.289855,-0.2116035,-0.2925939999999999,0.001738500000000004,0.002738999999999936,0.003244149079496758
0.07875,0.06125,0.005,6.25e-08,-0.203229,-0.32731,-0.20438799999999996,-0.32958325000000005,0.0011589999999999656,0.00227325000000006,0.0025516556512390526
0.08125,0.06125,0.005,6.25e-08,-0.190339,-0.356417,-0.19070899999999996,-0.35775825000000006,0.0003699999999999537,0.0013412500000000716,0.001391348828475504
0.08375,0.06125,0.005,6.25e-08,-0.170472,-0.372956,-0.16998024999999992,-0.3728425,-0.0004917500000000963,-0.00011349999999998861,0.0005046784248410983
0.08625,0.06125,0.005,6.25e-08,-0.14364,-0.372426,-0.14253525000000009,-0.3705265000000001,-0.0011047499999999044,-0.0018994999999998874,0.0021974013771952
0.08875,0.06125,0.005,6.25e-08,-0.111155,-0.350815,-0.10998725000000009,-0.3473440000000001,-0.001167749999999912,-0.003470999999999891,0.003662168901416077
0.09125,0.06125,0.005,6.25e-08,-0.0761226,-0.305751,-0.0753426750000001,-0.30167875000000016,-0.0007799249999999036,-0.004072249999999833,0.004146263748017423
0.093125,0.061875,0.005,1.5625e-08,-0.0501228,-0.259571,-0.051594050000000086,-0.2610982500000002,0.0014712500000000836,0.001527250000000202,0.0021206294171780375
0.095625,0.060625,0.005,1.5625e-08,-0.0202828,-0.165392,-0.021826099999999935,-0.16622449999999978,0.001543299999999935,0.000832499999999764,0.0017535196434598063
0.098125,0.060625,0.005,1.5625e-08,-0.00426118,-0.0745306,-0.004321534999999968,-0.07417507499999973,6.035499999996856e-05,-0.000355525000000273,0.00036061163548919257
0.00125,0.06375,0.005,6.25e-08,-0.000436597,0.0322774,-0.00037788750000000004,0.031251175000000006,-5.870949999999995e-05,0.0010262249999999917,0.0010279029895934894
0.00375,0.06375,0.005,6.25e-08,-0.00293727,0.0863287,-0.0032122324999999995,0.08583055,0.0002749624999999994,0.0004981499999999889,0.0005689971870811301
0.00625,0.06375,0.005,6.25e-08,-0.00811917,0.13021,-0.008321327500000001,0.13017325000000002,0.00020215750000000116,3.67499999999743e-05,0.00020547072128711814
0.00875,0.06375,0.005,6.25e-08,-0.01497,0.164655,-0.015053525,0.16502050000000001,8.352499999999922e-05,-0.0003655000000000186,0.00037492222610164557
0.01125,0.06375,0.005,6.25e-08,-0.0227545,0.190689,-0.022777500000000003,0.191391,2.3000000000002185e-05,-0.0007020000000000082,0.0007023766795673185
0.01375,0.06375,0.005,6.25e-08,-0.030944,0.209478,-0.030950525,0.21044400000000002,6.5250000000002806e-06,-0.0009660000000000224,0.0009660220368216468
0.01625,0.06375,0.005,6.25e-08,-0.0391241,0.222193,-0.0391504,0.22334825000000003,2.6299999999999935e-05,-0.0011552500000000243,0.0011555493293235284
0.01875,0.06375,0.005,6.25e-08,-0.0470054,0.229915,-0.047079949999999995,0.23118775000000003,7.454999999999268e-05,-0.001272750000000017,0.0012749314746291433
0.02125,0.06375,0.005,6.25e-08,-0.0544154,0.233574,-0.054555875,0.234901,0.00014047499999999408,-0.0013269999999999949,0.0013344145628795365
0.02375,0.06375,0.005,6.25e-08,-0.0612754,0.233923,-0.06148964999999998,0.23525225000000002,0.00021424999999997835,-0.0013292500000000318,0.0013464058173522852
0.02625,0.06375,0.005,6.25e-08,-0.0675777,0.23154,-0.06786684999999998,0.23282925000000002,0.00028914999999997415,-0.0012892500000000195,0.0013212771416323055
0.02875,0.06375,0.005,6.25e-08,-0.0733666,0.226834,-0.07372834999999997,0.22805175000000003,0.00036174999999996627,-0.0012177500000000174,0.0012703456714611256
0.03125,0.06375,0.005,6.25e-08,-0.0787241,0.220076,-0.07915442499999997,0.22119550000000002,0.00043032499999996754,-0.0011195000000000233,0.0011993581014963896
0.03375,0.06375,0.005,6.25e-08,-0.0837579,0.211415,-0.08425232499999998,0.21241375,0.0004944249999999789,-0.0009987500000000205,0.0011144315336192798
0.03625,0.06375,0.005,6.25e-08,-0.0885922,0.200904,-0.08914649999999996,0.2017635,0.0005542999999999659,-0.000859500000000013,0.001022735909216052
0.03875,0.06375,0.005,6.25e-08,-0.0933602,0.188524,-0.09397134999999995,0.1892275,0.0006111499999999492,-0.0007034999999999958,0.0009318887125080612
0.04125,0.06375,0.005,6.25e-08,-0.098198,0.174197,-0.09886527499999995,0.17473075000000002,0.0006672749999999533,-0.0005337500000000273,0.0008544852182015596
0.04375,0.06375,0.005,6.25e-08,-0.10324,0.157807,-0.10396549999999993,0.15815875000000001,0.0007254999999999345,-0.0003517500000000118,0.000806274340717794
0.04625,0.06375,0.005,6.25e-08,-0.108614,0.13921,-0.10940399999999993,0.13936825,0.0007899999999999296,-0.00015824999999999867,0.0008056941494760207
0.04875,0.06375,0.005,6.25e-08,-0.114437,0.118244,-0.11530174999999994,0.11819725000000002,0.000864749999999942,4.6749999999984304e-05,0.0008660127741551497
0.05125,0.06375,0.005,6.25e-08,-0.120807,0.0947361,-0.12176149999999991,0.09447405000000003,0.0009544999999999138,0.00026204999999997203,0.0009898183936964502
0.05375,0.06375,0.005,6.25e-08,-0.127799,0.0685157,-0.12886224999999993,0.06802610000000002,0.0010632499999999323,0.0004895999999999789,0.0011705591495092572
0.05625,0.06375,0.005,6.25e-08,-0.135451,0.0394203,-0.13664599999999993,0.03868892500000002,0.001194999999999946,0.0007313749999999786,0.0014010476046961574
0.05875,0.06375,0.005,6.25e-08,-0.143753,0.00731112,-0.1451039999999999,0.006319892500000071,0.0013509999999999078,0.0009912274999999285,0.0016756291226747819
0.06125,0.06375,0.005,6.25e-08,-0.152623,-0.0279066,-0.1541552499999999,-0.029181074999999976,0.0015322499999999017,0.0012744749999999763,0.001993006921243536
0.06375,0.06375,0.005,6.25e-08,-0.161889,-0.0662517,-0.16361874999999992,-0.06783882500000009,0.0017297499999999189,0.001587125000000092,0.002347552092739373
0.06625,0.06375,0.005,6.25e-08,-0.171254,-0.107619,-0.17318024999999998,-0.1095507500000001,0.0019262499999999905,0.0019317500000000931,0.002728020733975518
0.06875,0.06375,0.005,6.25e-08,-0.180258,-0.151712,-0.18234299999999995,-0.15400425000000012,0.002084999999999948,0.0022922500000001067,0.0030986505228083197
0.07125,0.06375,0.005,6.25e-08,-0.188216,-0.197932,-0.1903819999999999,-0.20055549999999986,0.002165999999999918,0.002623499999999862,0.003402103503716329
0.07375,0.06375,0.005,6.25e-08,-0.194179,-0.245199,-0.19629949999999996,-0.24805599999999986,0.0021204999999999696,0.0028569999999998597,0.0035579445259867485
0.07625,0.06375,0.005,6.25e-08,-0.196912,-0.291739,-0.19881749999999995,-0.2946364999999999,0.001905499999999949,0.0028974999999998863,0.003467915295966605
0.07875,0.06375,0.005,6.25e-08,-0.194971,-0.334836,-0.19644024999999998,-0.33747875000000005,0.0014692499999999775,0.002642750000000027,0.003023710158894215
0.08125,0.06375,0.005,6.25e-08,-0.186896,-0.370719,-0.18764824999999993,-0.37266575000000013,0.0007522499999999266,0.0019467500000001081,0.0020870351278788556
0.08375,0.06375,0.005,6.25e-08,-0.17145,-0.394659,-0.17126774999999994,-0.39526325000000007,-0.00018225000000005043,0.0006042500000000839,0.000631136375912623
0.08625,0.06375,0.005,6.25e-08,-0.14799,-0.40116,-0.1469952500000001,-0.39980950000000015,-0.0009947499999999054,-0.0013504999999998657,0.0016773126758298374
0.08875,0.06375,0.005,6.25e-08,-0.11719,-0.384771,-0.11595600000000011,-0.3813135000000002,-0.001233999999999888,-0.00345749999999978,0.003671111854738044
0.09125,0.06375,0.005,6.25e-08,-0.082013,-0.341471,-0.08104395000000011,-0.33660725000000025,-0.0009690499999998881,-0.004863749999999778,0.004959346929283898
0.093125,0.064375,0.005,1.5625e-08,-0.0558452,-0.293242,-0.0561120750000001,-0.2940715000000003,0.00026687500000010383,0.0008295000000003161,0.0008713739241138559
0.095625,0.063125,0.005,1.5625e-08,-0.0235817,-0.191244,-0.024220649999999937,-0.1904409999999998,0.0006389499999999368,-0.0008030000000001924,0.001026190090821495
0.098125,0.063125,0.005,1.5625e-08,-0.00451995,-0.0869648,-0.004859647499999967,-0.08601419999999974,0.0003396974999999667,-0.0009506000000002596,0.0010094725115161486
0.00125,0.06625,0.005,6.25e-08,-0.000423792,0.0337575,-0.0003954570000000001,0.03276567500000001,-2.8334999999999884e-05,0.0009918249999999948,0.0009922296623514084
0.00375,0.06625,0.005,6.25e-08,-0.00298965,0.0904079,-0.0033464975,0.08995715000000001,0.00035684750000000015,0.0004507499999999859,0.0005749049493231358
0.00625,0.06625,0.005,6.25e-08,-0.00831473,0.136229,-0.008589642500000001,0.13622725000000002,0.0002749125000000019,1.7499999999670557e-06,0.0002749180698976532
0.00875,0.06625,0.005,6.25e-08,-0.0152117,0.171887,-0.015342300000000003,0.17228750000000004,0.00013060000000000328,-0.00040050000000002584,0.00042125599105534574
0.01125,0.06625,0.005,6.25e-08,-0.0228092,0.198486,-0.022859975,0.19923325,5.077499999999943e-05,-0.0007472500000000049,0.0007489730723630905
0.01375,0.06625,0.005,6.25e-08,-0.0305023,0.217332,-0.0305271,0.21835250000000003,2.4800000000001904e-05,-0.0010205000000000353,0.0010208012980007775
0.01625,0.06625,0.005,6.25e-08,-0.037851,0.229746,-0.037892075,0.2309585,4.107499999999459e-05,-0.0012125000000000052,0.0012131955347861334
0.01875,0.06625,0.005,6.25e-08,-0.0445771,0.236946,-0.04466359999999999,0.23827075000000003,8.649999999998936e-05,-0.0013247500000000412,0.0013275710197575522
0.02125,0.06625,0.005,6.25e-08,-0.0505422,0.239973,-0.050688124999999994,0.24134100000000003,0.0001459249999999912,-0.0013680000000000359,0.0013757609187737146
0.02375,0.06625,0.005,6.25e-08,-0.0557123,0.239667,-0.05591989999999998,0.24102300000000002,0.0002075999999999814,-0.0013560000000000239,0.0013717994605626789
0.02625,0.06625,0.005,6.25e-08,-0.0601275,0.236667,-0.060392199999999986,0.2379695,0.0002646999999999858,-0.001302500000000012,0.0013291246517915555
0.02875,0.06625,0.005,6.25e-08,-0.0638784,0.231429,-0.06419359999999996,0.2326465,0.00031519999999995996,-0.0012175000000000102,0.0012576395707832987
0.03125,0.06625,0.005,6.25e-08,-0.0670904,0.224252,-0.06744927499999996,0.22536050000000002,0.00035887499999996686,-0.0011085000000000123,0.0011651452766179003
0.03375,0.06625,0.005,6.25e-08,-0.0699117,0.215306,-0.07030769999999996,0.216286,0.0003959999999999658,-0.0009800000000000086,0.0010569843896671275
0.03625,0.06625,0.005,6.25e-08,-0.0725042,0.204657,-0.07293132499999995,0.2054915,0.0004271249999999449,-0.000834499999999988,0.0009374572073566521
0.03875,0.06625,0.005,6.25e-08,-0.0750365,0.19229,-0.07548987499999994,0.19296575,0.00045337499999993647,-0.0006757500000000027,0.0008137487039159854
0.04125,0.06625,0.005,6.25e-08,-0.0776783,0.178129,-0.07815582499999994,0.17863500000000004,0.00047752499999993703,-0.0005060000000000342,0.0006957486080654236
0.04375,0.06625,0.005,6.25e-08,-0.0805973,0.162055,-0.08110064999999994,0.162382,0.0005033499999999441,-0.00032699999999999396,0.0006002418033592293
0.04625,0.06625,0.005,6.25e-08,-0.0839561,0.143915,-0.08449137499999992,0.14405625000000002,0.0005352749999999185,-0.00014125000000003718,0.0005535981287223821
0.04875,0.06625,0.005,6.25e-08,-0.0879082,0.123533,-0.08848717499999992,0.12348375,0.0005789749999999122,4.925000000000068e-05,0.0005810659283806773
0.05125,0.06625,0.005,6.25e-08,-0.0925948,0.100722,-0.09323429999999991,0.10047467500000001,0.000639499999999904,0.0002473249999999927,0.0006856601969086974
0.05375,0.06625,0.005,6.25e-08,-0.0981386,0.0752814,-0.09886022499999991,0.07483045000000002,0.0007216249999999064,0.00045094999999997776,0.0008509397999417143
0.05625,0.06625,0.005,6.25e-08,-0.104635,0.0470113,-0.10546474999999991,0.04634785000000002,0.000829749999999907,0.0006634499999999821,0.0010623798590898746
0.05875,0.06625,0.005,6.25e-08,-0.112137,0.0157183,-0.1131072499999999,0.014829820000000068,0.0009702499999998948,0.0008884799999999329,0.001315591795694879
0.06125,0.06625,0.005,6.25e-08,-0.120643,-0.0187676,-0.1217887499999999,-0.019901124999999974,0.0011457499999999038,0.0011335249999999755,0.0016117139907951175
0.06375,0.06625,0.005,6.25e-08,-0.13007,-0.0565686,-0.13142549999999992,-0.057979100000000075,0.0013554999999999262,0.0014105000000000784,0.0019562439776265182
0.06625,0.06625,0.005,6.25e-08,-0.140226,-0.0977194,-0.14181349999999993,-0.09945237500000009,0.0015874999999999362,0.0017329750000000949,0.002350182673884123
0.06875,0.06625,0.005,6.25e-08,-0.150774,-0.142114,-0.15257624999999997,-0.14421375000000008,0.0018022499999999775,0.0020997500000000946,0.0027671384361828226
0.07125,0.06625,0.005,6.25e-08,-0.16114,-0.18942,-0.1631039999999999,-0.19188224999999984,0.0019639999999998825,0.0024622499999998326,0.003149598555768451
0.07375,0.06625,0.005,6.25e-08,-0.170451,-0.238862,-0.17247999999999988,-0.24162524999999985,0.002028999999999892,0.002763249999999856,0.0034281761276951286
0.07625,0.06625,0.005,6.25e-08,-0.177468,-0.288995,-0.17942074999999993,-0.2918977499999999,0.0019527499999999476,0.0029027499999998985,0.0034984553913118867
0.07875,0.06625,0.005,6.25e-08,-0.180578,-0.337295,-0.18227574999999996,-0.3401200000000001,0.0016977499999999701,0.0028250000000000774,0.0032959035274868612
0.08125,0.06625,0.005,6.25e-08,-0.178023,-0.379923,-0.17915099999999995,-0.3823595000000001,0.0011279999999999624,0.0024365000000000636,0.0026849425040399327
0.08375,0.06625,0.005,6.25e-08,-0.168061,-0.411853,-0.16825274999999995,-0.4131955000000001,0.00019174999999996278,0.0013425000000000797,0.0013561247407595659
0.08625,0.06625,0.005,6.25e-08,-0.149302,-0.426647,-0.14849225000000008,-0.4260315,-0.0008097499999999147,-0.0006154999999999911,0.0010171210903819913
0.08875,0.06625,0.005,6.25e-08,-0.121647,-0.417247,-0.1202597500000001,-0.41411175000000017,-0.0013872499999999094,-0.003135249999999812,0.0034284479177899975
0.09125,0.06625,0.005,6.25e-08,-0.0876588,-0.377567,-0.0860821250000001,-0.3722210000000003,-0.0015766749999998886,-0.005345999999999684,0.005573654102617176
0.093125,0.066875,0.005,1.5625e-08,-0.0608243,-0.328028,-0.060393275000000114,-0.3286227500000003,-0.0004310249999998836,0.0005947500000003103,0.0007345135214039758
0.095625,0.065625,0.005,1.5625e-08,-0.0265506,-0.217945,-0.026672224999999928,-0.21682049999999975,0.00012162499999992735,-0.0011245000000002503,0.0011310583055817878
0.098125,0.065625,0.005,1.5625e-08,-0.00502575,-0.100156,-0.005432089999999963,-0.0992094999999997,0.0004063399999999634,-0.0009465000000002943,0.0010300361380070737
0.00125,0.06875,0.005,6.25e-08,-0.000387507,0.0352359,-0.0004377362500000002,0.03439185,5.022925000000019e-05,0.000844049999999999,0.0008455432455265437
0.00375,0.06875,0.005,6.25e-08,-0.0031315,0.0946793,-0.003670292500000001,0.09432992500000001,0.0005387925000000008,0.0003493749999999851,0.0006421528234627957
0.00625,0.06875,0.005,6.25e-08,-0.00887889,0.142455,-0.009286420000000005,0.14249175,0.0004075300000000049,-3.675000000000206e-05,0.00040918365485439925
0.00875,0.06875,0.005,6.25e-08,-0.0160841,0.179139,-0.016284875000000004,0.17956775000000003,0.00020077500000000373,-0.00042875000000003327,0.0004734312654705327
0.01125,0.06875,0.005,6.25e-08,-0.0236623,0.20599,-0.023748050000000007,0.20677575000000004,8.575000000000596e-05,-0.0007857500000000295,0.0007904151599001928
0.01375,0.06875,0.005,6.25e-08,-0.0309139,0.224522,-0.030960450000000004,0.22559125000000002,4.655000000000284e-05,-0.0010692500000000216,0.0010702628018388971
0.01625,0.06875,0.005,6.25e-08,-0.0373798,0.236262,-0.037439475,0.23752225000000005,5.967500000000209e-05,-0.001260250000000046,0.001261662065739125
0.01875,0.06875,0.005,6.25e-08,-0.0428122,0.242598,-0.042914275,0.2439585,0.00010207500000000008,-0.0013604999999999867,0.001364323845582479
0.02125,0.06875,0.005,6.25e-08,-0.0471293,0.2447,-0.047281949999999996,0.246085,0.00015264999999999723,-0.0013849999999999973,0.0013933868890225686
0.02375,0.06875,0.005,6.25e-08,-0.0503634,0.243501,-0.05056087499999999,0.24485250000000003,0.00019747499999998863,-0.0013515000000000332,0.0013658508797175061
0.02625,0.06875,0.005,6.25e-08,-0.0526198,0.2397,-0.05285057499999998,0.24097925,0.0002307749999999817,-0.0012792500000000095,0.0012998990972860223
0.02875,0.06875,0.005,6.25e-08,-0.0540479,0.233793,-0.05430132499999997,0.23497400000000002,0.00025342499999996687,-0.0011810000000000154,0.0012078846098137932
0.03125,0.06875,0.005,6.25e-08,-0.0548246,0.226106,-0.05509279999999997,0.227169,0.00026819999999996846,-0.0010630000000000084,0.0010963121088449223
0.03375,0.06875,0.005,6.25e-08,-0.0551444,0.216827,-0.055420499999999956,0.21775325,0.00027609999999995277,-0.0009262500000000173,0.0009665248431882163
0.03625,0.06875,0.005,6.25e-08,-0.0552104,0.206029,-0.055487249999999946,0.20680349999999997,0.0002768499999999466,-0.0007744999999999835,0.0008224938738373344
0.03875,0.06875,0.005,6.25e-08,-0.0552266,0.193699,-0.055498224999999936,0.19431075,0.0002716249999999351,-0.0006117499999999942,0.0006693416191489647
0.04125,0.06875,0.005,6.25e-08,-0.0553946,0.17976,-0.055658149999999934,0.180202,0.0002635499999999319,-0.00044199999999999795,0.000514609174519812
0.04375,0.06875,0.005,6.25e-08,-0.0559124,0.164089,-0.05616917499999993,0.164356,0.00025677499999993136,-0.00026699999999998947,0.0003704354203163611
0.04625,0.06875,0.005,6.25e-08,-0.0569728,0.146527,-0.057229424999999924,0.14661725,0.00025662499999992705,-9.025000000001393e-05,0.00027203208105840214
0.04875,0.06875,0.005,6.25e-08,-0.0587614,0.12689,-0.059030899999999914,0.12680300000000003,0.00026949999999991564,8.699999999997599e-05,0.00028319472099590833
0.05125,0.06875,0.005,6.25e-08,-0.0614552,0.104975,-0.061756899999999906,0.10471175000000002,0.0003016999999999048,0.0002632499999999788,0.0004004041114922915
0.05375,0.06875,0.005,6.25e-08,-0.0652204,0.0805673,-0.06557767499999989,0.08012352500000001,0.0003572749999998931,0.0004437749999999796,0.0005697207002118718
0.05625,0.06875,0.005,6.25e-08,-0.0702035,0.0534336,-0.0706443749999999,0.05280810000000002,0.0004408749999998962,0.0006254999999999802,0.000765258789969043
0.05875,0.06875,0.005,6.25e-08,-0.0765199,0.0233382,-0.07707939999999988,0.022526400000000064,0.0005594999999998795,0.0008117999999999355,0.000985930773431766
0.06125,0.06875,0.005,6.25e-08,-0.0842405,-0.00995019,-0.08496174999999989,-0.010960789999999977,0.0007212499999998956,0.0010105999999999778,0.0012415771915188377
0.06375,0.06875,0.005,6.25e-08,-0.0933705,-0.0466411,-0.09430529999999993,-0.047878300000000075,0.0009347999999999301,0.0012372000000000771,0.0015506498250733658
0.06625,0.06875,0.005,6.25e-08,-0.103831,-0.0868866,-0.10502444999999991,-0.0884078500000001,0.0011934499999999015,0.001521250000000099,0.0019335264324544586
0.06875,0.06875,0.005,6.25e-08,-0.11543,-0.130755,-0.11688574999999993,-0.13263375000000008,0.0014557499999999224,0.0018787500000000679,0.0023767434916288355
0.07125,0.06875,0.005,6.25e-08,-0.127746,-0.1782,-0.1294342499999999,-0.18044549999999981,0.0016882499999998912,0.002245499999999817,0.002809351938169871
0.07375,0.06875,0.005,6.25e-08,-0.140054,-0.228786,-0.14190399999999986,-0.23136599999999982,0.0018499999999998518,0.0025799999999998324,0.003174728334834114
0.07625,0.06875,0.005,6.25e-08,-0.151245,-0.281563,-0.1531072499999999,-0.2842784999999998,0.0018622499999998987,0.0027154999999998153,0.003292706381154964
0.07875,0.06875,0.005,6.25e-08,-0.159564,-0.334294,-0.16135824999999993,-0.33702825000000014,0.001794249999999914,0.00273425000000016,0.003270390821446355
0.08125,0.06875,0.005,6.25e-08,-0.163035,-0.383201,-0.16449324999999995,-0.3859340000000001,0.0014582499999999388,0.0027330000000000965,0.0030977059354464795
0.08375,0.06875,0.005,6.25e-08,-0.159526,-0.423337,-0.16013049999999995,-0.4253697500000001,0.0006044999999999523,0.002032750000000083,0.0021207293114634596
0.08625,0.06875,0.005,6.25e-08,-0.146811,-0.447487,-0.14628575000000005,-0.44776,-0.0005252499999999494,0.0002729999999999677,0.0005919599331879896
0.08875,0.06875,0.005,6.25e-08,-0.123839,-0.446928,-0.12235225000000008,-0.4444392500000001,-0.0014867499999999256,-0.002488749999999873,0.002899017441306476
0.09125,0.06875,0.005,6.25e-08,-0.0924136,-0.413088,-0.09015070000000011,-0.40761725000000026,-0.0022628999999998872,-0.005470749999999747,0.005920289010892687
0.093125,0.069375,0.005,1.5625e-08,-0.0653774,-0.363847,-0.0642802000000001,-0.3641785000000003,-0.0010971999999998955,0.00033150000000031765,0.001146185015606111
0.095625,0.068125,0.005,1.5625e-08,-0.0292286,-0.246772,-0.029146474999999925,-0.2452642499999998,-8.21250000000752e-05,-0.0015077500000001964,0.0015099849595693344
0.098125,0.068125,0.005,1.5625e-08,-0.00560882,-0.114905,-0.006038139999999959,-0.11382112499999963,0.00042931999999995963,-0.0010838750000003589,0.0011658047340896086
0.00125,0.07125,0.005,6.25e-08,-0.000268491,0.0367776,-0.0005170492499999997,0.0362459,0.00024855824999999967,0.000531700000000003,0.0005869293770489474
0.00375,0.07125,0.005,6.25e-08,-0.00337269,0.099462,-0.004273872499999998,0.09921164999999998,0.0009011824999999979,0.0002503500000000103,0.0009353101201239359
0.00625,0.07125,0.005,6.25e-08,-0.0100012,0.149232,-0.010604954999999996,0.14925899999999998,0.0006037549999999958,-2.699999999997149e-05,0.0006043584201655449
0.00875,0.07125,0.005,6.25e-08,-0.0178888,0.18667,-0.018159249999999995,0.18709024999999999,0.000270449999999995,-0.00042024999999998314,0.0004997532040917628
0.01125,0.07125,0.005,6.25e-08,-0.0256586,0.21333,-0.025765049999999994,0.214136,0.00010644999999999405,-0.0008060000000000012,0.0008129991405284513
0.01375,0.07125,0.005,6.25e-08,-0.0325203,0.231051,-0.032578125,0.2321555,5.782499999999746e-05,-0.0011044999999999805,0.0011060126493964509
0.01625,0.07125,0.005,6.25e-08,-0.0380196,0.241635,-0.038093475,0.242926,7.387500000000102e-05,-0.0012910000000000144,0.001293111950151663
0.01875,0.07125,0.005,6.25e-08,-0.0419725,0.246684,-0.042087925,0.24805375,0.00011542499999999539,-0.001369750000000003,0.0013746046679409345
0.02125,0.07125,0.005,6.25e-08,-0.0443876,0.247513,-0.04454217500000001,0.24887900000000002,0.00015457500000001095,-0.001366000000000006,0.0013747179458438083
0.02375,0.07125,0.005,6.25e-08,-0.0453927,0.245149,-0.04556887500000001,0.24645374999999997,0.00017617500000000758,-0.0013047499999999657,0.0013165903664864457
0.02625,0.07125,0.005,6.25e-08,-0.0451796,0.240346,-0.045357300000000024,0.24155675,0.00017770000000002367,-0.0012107499999999827,0.0012237209046592145
0.02875,0.07125,0.005,6.25e-08,-0.0439703,0.23363,-0.04413587500000003,0.23472975000000001,0.00016557500000003583,-0.0010997500000000104,0.0011121443895129061
0.03125,0.07125,0.005,6.25e-08,-0.0420014,0.225346,-0.04214915000000003,0.22632075000000001,0.0001477500000000298,-0.0009747500000000242,0.0009858841843746434
0.03375,0.07125,0.005,6.25e-08,-0.0395194,0.215691,-0.03964477500000004,0.21652475,0.00012537500000003865,-0.0008337499999999942,0.0008431239251290406
0.03625,0.07125,0.005,6.25e-08,-0.0367716,0.20474,-0.03686747500000005,0.20541800000000002,9.587500000005078e-05,-0.0006780000000000119,0.0006847452194977529
0.03875,0.07125,0.005,6.25e-08,-0.0339972,0.192477,-0.03405675000000006,0.19298925,5.955000000006094e-05,-0.0005122499999999919,0.0005156997818498656
0.04125,0.07125,0.005,6.25e-08,-0.0314263,0.178819,-0.03144622500000007,0.179162,1.9925000000073356e-05,-0.0003429999999999822,0.00034357823799680725
0.04375,0.07125,0.005,6.25e-08,-0.0292827,0.163638,-0.029264400000000076,0.16381175000000003,-1.8299999999922545e-05,-0.00017375000000002805,0.00017471105431542366
0.04625,0.07125,0.005,6.25e-08,-0.0277841,0.14677,-0.027734850000000085,0.1467775,-4.9249999999913946e-05,-7.499999999993623e-06,4.9817793006027754e-05
0.04875,0.07125,0.005,6.25e-08,-0.0271417,0.128024,-0.027076500000000094,0.12787099999999998,-6.519999999990769e-05,0.00015300000000001424,0.00016631307825902423
0.05125,0.07125,0.005,6.25e-08,-0.0275606,0.10719,-0.027502525000000097,0.106881,-5.807499999990404e-05,0.00030899999999998984,0.0003144100914808279
0.05375,0.07125,0.005,6.25e-08,-0.0292455,0.0840427,-0.029218900000000107,0.083577,-2.659999999989407e-05,0.00046569999999999945,0.0004664590550091121
0.05625,0.07125,0.005,6.25e-08,-0.0323888,0.0583265,-0.03242037500000011,0.05770939999999999,3.157500000010999e-05,0.0006171000000000162,0.0006179072670110192
0.05875,0.07125,0.005,6.25e-08,-0.0371601,0.0297747,-0.03728460000000011,0.029011025000000027,0.00012450000000011063,0.0007636749999999741,0.0007737569099045178
0.06125,0.07125,0.005,6.25e-08,-0.0436996,-0.00189007,-0.043961725000000125,-0.002801130750000021,0.00026212500000012684,0.0009110607500000211,0.0009480196231174054
0.06375,0.07125,0.005,6.25e-08,-0.0520922,-0.0369478,-0.052557475000000145,-0.03802015000000013,0.0004652750000001468,0.0010723500000001246,0.0011689377007032512
0.06625,0.07125,0.005,6.25e-08,-0.0623632,-0.0756377,-0.06310565000000015,-0.07693425000000015,0.0007424500000001513,0.0012965500000001462,0.0014940796180259617
0.06875,0.07125,0.005,6.25e-08,-0.0744912,-0.118162,-0.07552340000000016,-0.11979275000000017,0.0010322000000001635,0.0016307500000001668,0.0019299695340861942
0.07125,0.07125,0.005,6.25e-08,-0.0882066,-0.164796,-0.08954102500000008,-0.1667349999999999,0.0013344250000000835,0.001938999999999913,0.0023538077832790183
0.07375,0.07125,0.005,6.25e-08,-0.102984,-0.215389,-0.10459752500000008,-0.2176484999999999,0.001613525000000074,0.0022594999999999144,0.0027764731541336488
0.07625,0.07125,0.005,6.25e-08,-0.118049,-0.269635,-0.11970000000000006,-0.2719124999999999,0.0016510000000000552,0.002277499999999877,0.002812971249408643
0.07875,0.07125,0.005,6.25e-08,-0.131507,-0.32555,-0.13326500000000013,-0.32796225000000023,0.0017580000000001206,0.0024122500000002267,0.002984880912616367
0.08125,0.07125,0.005,6.25e-08,-0.141284,-0.37984,-0.1430175000000001,-0.3826592500000002,0.00173350000000011,0.002819250000000162,0.0033095608186738757
0.08375,0.07125,0.005,6.25e-08,-0.145061,-0.42798,-0.14609525000000004,-0.4305587500000001,0.001034250000000042,0.002578750000000074,0.0027784212468595307
0.08625,0.07125,0.005,6.25e-08,-0.139696,-0.462226,-0.13958200000000007,-0.46344149999999995,-0.00011399999999991972,0.001215499999999925,0.0012208342434580541
0.08875,0.07125,0.005,6.25e-08,-0.123017,-0.472335,-0.12161675000000008,-0.4707572499999999,-0.0014002499999999224,-0.0015777500000001,0.002109501155486789
0.09125,0.07125,0.005,6.25e-08,-0.0957412,-0.446916,-0.09290175000000009,-0.44164775,-0.00283944999999991,-0.005268249999999974,0.005984725086835587
0.093125,0.071875,0.005,1.5625e-08,-0.0696325,-0.399956,-0.06760187500000009,-0.3999710000000001,-0.002030624999999911,1.5000000000098268e-05,0.002030680400906219
0.095625,0.070625,0.005,1.5625e-08,-0.0314725,-0.27779,-0.03161377499999991,-0.27560099999999954,0.00014127499999990606,-0.0021890000000004406,0.002193554108205882
0.098125,0.070625,0.005,1.5625e-08,-0.00611827,-0.131058,-0.00668022999999995,-0.1299027499999995,0.0005619599999999499,-0.0011552500000004962,0.0012846795725398182
0.00125,0.07375,0.005,6.25e-08,-3.49312e-05,0.0386646,-0.0006516294999999994,0.03850002499999999,0.0006166982999999994,0.00016457500000000708,0.0006382802862754666
0.00375,0.07375,0.005,6.25e-08,-0.00393952,0.105322,-0.005285919999999996,0.10498224999999999,0.0013463999999999959,0.00033975000000001365,0.0013886047034703572
0.00625,0.07375,0.005,6.25e-08,-0.0120922,0.157034,-0.012807624999999994,0.15693025,0.0007154249999999935,0.00010375000000001355,0.0007229087031741931
0.00875,0.07375,0.005,6.25e-08,-0.0210829,0.19479,-0.021319599999999994,0.195148,0.00023669999999999247,-0.0003579999999999972,0.0004291746614142014
0.01125,0.07375,0.005,6.25e-08,-0.0292348,0.220636,-0.029290824999999986,0.22144175,5.6024999999987335e-05,-0.000805749999999994,0.0008076954024414085
0.01375,0.07375,0.005,6.25e-08,-0.0356952,0.23688,-0.03572594999999999,0.23800725,3.074999999998912e-05,-0.0011272499999999963,0.0011276693331823788
0.01625,0.07375,0.005,6.25e-08,-0.0400571,0.2457,-0.040126499999999996,0.24699725,6.939999999999724e-05,-0.0012972499999999998,0.0012991050467533406
0.01875,0.07375,0.005,6.25e-08,-0.0422502,0.248949,-0.042366600000000004,0.25029025,0.00011640000000000261,-0.0013412499999999883,0.0013462913958352289
0.02125,0.07375,0.005,6.25e-08,-0.0424188,0.248106,-0.04256030000000001,0.2494015,0.00014150000000000967,-0.001295500000000005,0.001303204703797533
0.02375,0.07375,0.005,6.25e-08,-0.0408226,0.244282,-0.04095470000000001,0.24548050000000002,0.00013210000000001,-0.001198500000000019,0.0012057581266572697
0.02625,0.07375,0.005,6.25e-08,-0.0377665,0.238272,-0.03785740000000003,0.239353,9.090000000002568e-05,-0.0010809999999999986,0.0010848151040615177
0.02875,0.07375,0.005,6.25e-08,-0.0335573,0.230611,-0.03359287500000003,0.23157575000000002,3.557500000003072e-05,-0.0009647500000000142,0.0009654056883637209
0.03125,0.07375,0.005,6.25e-08,-0.0284972,0.221653,-0.02847985000000004,0.22249625,-1.7349999999961147e-05,-0.0008432500000000176,0.0008434284705889578
0.03375,0.07375,0.005,6.25e-08,-0.0228897,0.211597,-0.022821625000000047,0.21229949999999997,-6.80749999999522e-05,-0.000702499999999967,0.0007057906599162014
0.03625,0.07375,0.005,6.25e-08,-0.0170302,0.200509,-0.01690430000000006,0.20105300000000004,-0.00012589999999993925,-0.0005440000000000444,0.0005583787334775861
0.03875,0.07375,0.005,6.25e-08,-0.0111906,0.188357,-0.010998325000000066,0.18873525000000002,-0.0001922749999999345,-0.0003782500000000244,0.00042431443308588184
0.04125,0.07375,0.005,6.25e-08,-0.00562361,0.17505,-0.005361740000000075,0.17526100000000003,-0.0002618699999999254,-0.00021100000000001673,0.0003362988208423693
0.04375,0.07375,0.005,6.25e-08,-0.000572819,0.160452,-0.00024342750000008414,0.1605005,-0.0003293914999999159,-4.8499999999979115e-05,0.000332942953480311
0.04625,0.07375,0.005,6.25e-08,0.00372477,0.144393,0.004113917499999908,0.14428725000000003,-0.00038914749999990764,0.00010574999999996004,0.0004032602624313108
0.04875,0.07375,0.005,6.25e-08,0.00704028,0.126675,0.0074715774999999,0.1264295,-0.00043129749999989975,0.0002455000000000096,0.000496273899682593
0.05125,0.07375,0.005,6.25e-08,0.00915072,0.107087,0.009593537499999893,0.106711,-0.0004428174999998938,0.00037600000000000133,0.0005809159477120222
0.05375,0.07375,0.005,6.25e-08,0.00981639,0.0854095,0.010246072499999887,0.084896525,-0.00042968249999988765,0.0005129749999999988,0.0006691564850101598
0.05625,0.07375,0.005,6.25e-08,0.00880386,0.0613639,0.00919887749999988,0.0607266,-0.0003950174999998793,0.0006373000000000004,0.0007497933817433674
0.05875,0.07375,0.005,6.25e-08,0.00589784,0.0346682,0.00622777659999988,0.03391937500000003,-0.00032993659999987993,0.0007488249999999738,0.0008182890935631744
0.06125,0.07375,0.005,6.25e-08,0.000891647,0.00501498,0.0011207799999998689,0.0041663372499999825,-0.00022913299999986888,0.0008486427500000171,0.0008790315402854049
0.06375,0.07375,0.005,6.25e-08,-0.00637092,-0.0279335,-0.0063109575000001574,-0.02886935000000012,-5.9962499999842954e-05,0.0009358500000001199,0.000937769014153515
0.06625,0.07375,0.005,6.25e-08,-0.0160112,-0.0644669,-0.016212967500000168,-0.06555057500000014,0.00020176750000016827,0.001083675000000145,0.0011022983396892295
0.06875,0.07375,0.005,6.25e-08,-0.0282107,-0.104807,-0.028651900000000178,-0.10625285000000015,0.00044120000000017964,0.0014458500000001512,0.0015116678413264588
0.07125,0.07375,0.005,6.25e-08,-0.0428102,-0.14971,-0.043553875000000096,-0.15132549999999992,0.0007436750000000963,0.0016154999999999087,0.0017784523484268135
0.07375,0.07375,0.005,6.25e-08,-0.0592063,-0.199026,-0.06060207500000008,-0.2009944999999999,0.0013957750000000782,0.001968499999999901,0.002413126623413042
0.075625,0.074375,0.005,1.5625e-08,-0.0638929,-0.236333,-0.06286140000000007,-0.23643599999999987,-0.0010314999999999352,0.00010299999999988096,0.0010366297555057166
0.07875,0.07375,0.005,6.25e-08,-0.0959875,-0.310521,-0.09764297500000016,-0.3129367500000002,0.0016554750000001561,0.0024157500000002163,0.002928556903685937
0.08125,0.07375,0.005,6.25e-08,-0.112266,-0.369302,-0.11410575000000013,-0.3720347500000002,0.001839750000000126,0.0027327500000001725,0.0032943288580530947
0.08375,0.07375,0.005,6.25e-08,-0.123949,-0.424805,-0.12531850000000008,-0.42764725000000015,0.001369500000000079,0.002842250000000157,0.0031549826168302594
0.08625,0.07375,0.005,6.25e-08,-0.127169,-0.469395,-0.12750200000000006,-0.4714434999999999,0.0003330000000000555,0.0020484999999998976,0.00207538942128932
0.08875,0.07375,0.005,6.25e-08,-0.118495,-0.491816,-0.11734075000000006,-0.49128025,-0.00115424999999994,-0.0005357500000000015,0.001272525490903763
0.09125,0.07375,0.005,6.25e-08,-0.0968947,-0.477586,-0.09392967500000007,-0.4728705,-0.0029650249999999267,-0.004715499999999984,0.005570216647548317
0.093125,0.074375,0.005,1.5625e-08,-0.0721729,-0.432693,-0.07017022500000009,-0.43499200000000016,-0.002002674999999912,0.002299000000000162,0.0030489519766020248
0.095625,0.073125,0.005,1.5625e-08,-0.0328367,-0.31051,-0.0340571249999999,-0.3075804999999995,0.0012204249999999,-0.002929500000000529,0.0031735480822933588
0.098125,0.073125,0.005,1.5625e-08,-0.00671735,-0.148396,-0.007367404999999945,-0.14751149999999943,0.0006500549999999446,-0.0008845000000005654,0.0010976847238738125
0.000625,0.076875,0.005,1.5625e-08,-0.00178631,0.0253865,-0.00027737052499999984,0.021622249999999996,-0.0015089394750000002,0.0037642500000000037,0.004055425551247773
0.00375,0.07625,0.005,6.25e-08,-0.00602596,0.112445,-0.0068934024999999935,0.11218024999999997,0.0008674424999999932,0.0002647500000000358,0.0009069449009208097
0.00625,0.07625,0.005,6.25e-08,-0.015957,0.166198,-0.01625134999999999,0.16603549999999997,0.00029434999999999184,0.00016250000000003761,0.00033622637091698714
0.00875,0.07625,0.005,6.25e-08,-0.0262769,0.203727,-0.026206024999999987,0.20408049999999997,-7.08750000000119e-05,-0.00035349999999997883,0.00036053504077271977
0.01125,0.07625,0.005,6.25e-08,-0.0348707,0.227937,-0.034738924999999976,0.22878549999999997,-0.00013177500000002146,-0.0008484999999999743,0.0008586715906707069
0.01375,0.07625,0.005,6.25e-08,-0.0407664,0.241856,-0.040706749999999986,0.24301575,-5.9650000000015246e-05,-0.001159750000000015,0.0011612829909199724
0.01625,0.07625,0.005,6.25e-08,-0.0436528,0.248166,-0.04368714999999999,0.24944224999999998,3.4349999999988556e-05,-0.0012762499999999788,0.0012767121778223724
0.01875,0.07625,0.005,6.25e-08,-0.0436424,0.249023,-0.043735699999999995,0.25027750000000004,9.329999999999755e-05,-0.0012545000000000472,0.0012579646815392385
0.02125,0.07625,0.005,6.25e-08,-0.0410724,0.246067,-0.041171775,0.24721925,9.937499999999877e-05,-0.0011522499999999936,0.0011565273248501243
0.02375,0.07625,0.005,6.25e-08,-0.0363796,0.240486,-0.036428200000000015,0.24149500000000002,4.8600000000016685e-05,-0.0010090000000000099,0.0010101697679103358
0.02625,0.07625,0.005,6.25e-08,-0.0300119,0.233078,-0.02996242500000002,0.2339485,-4.9474999999979397e-05,-0.0008704999999999963,0.0008719048260131328
0.02875,0.07625,0.005,6.25e-08,-0.0223699,0.224359,-0.022211350000000032,0.22512325000000002,-0.00015854999999996913,-0.0007642500000000219,0.0007805230073482931
0.03125,0.07625,0.005,6.25e-08,-0.0138201,0.214676,-0.013573900000000043,0.21534050000000005,-0.00024619999999995687,-0.0006645000000000401,0.0007086428508071128
0.03375,0.07625,0.005,6.25e-08,-0.0047279,0.204226,-0.004408832750000054,0.20475875000000004,-0.00031906724999994623,-0.000532750000000054,0.0006209883030481216
0.03625,0.07625,0.005,6.25e-08,0.0045582,0.193045,0.004960488249999936,0.19342050000000002,-0.00040228824999993633,-0.0003755000000000286,0.0005503054479905072
0.03875,0.07625,0.005,6.25e-08,0.0137406,0.181075,0.014238587499999927,0.18128550000000004,-0.000497987499999927,-0.0002105000000000301,0.0005406494244482185
0.04125,0.07625,0.005,6.25e-08,0.0225546,0.168206,0.023150124999999917,0.16825625000000002,-0.0005955249999999163,-5.025000000002944e-05,0.0005976412704331112
0.04375,0.07625,0.005,6.25e-08,0.030744,0.154295,0.03143314999999991,0.15419175000000002,-0.0006891499999999093,0.00010324999999997142,0.0006968416498745386
0.04625,0.07625,0.005,6.25e-08,0.0380591,0.139163,0.0388333999999999,0.138922,-0.0007742999999999015,0.00024100000000001898,0.0008109386474942827
0.04875,0.07625,0.005,6.25e-08,0.0442604,0.122607,0.04509979999999989,0.12225225000000002,-0.000839399999999893,0.00035474999999997314,0.0009112847647688406
0.05125,0.07625,0.005,6.25e-08,0.0491218,0.104416,0.04998119999999988,0.1039665,-0.0008593999999998783,0.0004494999999999916,0.0009698549427619489
0.05375,0.07625,0.005,6.25e-08,0.0523694,0.0844047,0.05322387499999988,0.083828575,-0.0008544749999998755,0.0005761249999999968,0.0010305569083023914
0.05625,0.07625,0.005,6.25e-08,0.0537349,0.0622599,0.054570199999999874,0.061580224999999995,-0.0008352999999998723,0.0006796750000000046,0.0010768863429465492
0.05875,0.07625,0.005,6.25e-08,0.0529679,0.0377033,0.053758649999999866,0.036936800000000033,-0.000790749999999868,0.0007664999999999686,0.0011012755388637955
0.06125,0.07625,0.005,6.25e-08,0.0497946,0.0104193,0.050525299999999856,0.009581584999999988,-0.0007306999999998551,0.0008377150000000114,0.0011116154511452273
0.06375,0.07625,0.005,6.25e-08,0.0439969,-0.01999,0.044609849999999826,-0.020841675000000108,-0.0006129499999998275,0.0008516750000001072,0.0010493131125288444
0.06625,0.07625,0.005,6.25e-08,0.0353735,-0.0538885,0.03576704999999982,-0.054737175000000124,-0.00039354999999981904,0.000848675000000125,0.0009354842906885555
0.06875,0.07625,0.005,6.25e-08,0.0234556,-0.0910155,0.023791774999999803,-0.09256250000000016,-0.0003361749999998033,0.0015470000000001594,0.0015831053757174097
0.07125,0.07625,0.005,6.25e-08,0.0081365,-0.133367,0.008566236249999894,-0.1348214999999999,-0.00042973624999989406,0.0014544999999998864,0.001516655364466048
0.07375,0.07625,0.005,6.25e-08,-0.0101421,-0.180493,-0.009851514750000094,-0.1820179999999999,-0.00029058524999990565,0.0015249999999999153,0.0015524383361400378
0.075625,0.076875,0.005,1.5625e-08,-0.0157196,-0.217645,-0.012173222500000089,-0.2153434999999999,-0.003546377499999911,-0.002301500000000095,0.004227729369591443
0.07875,0.07625,0.005,6.25e-08,-0.0544377,-0.290524,-0.054126950000000194,-0.2922187500000002,-0.00031074999999980424,0.0016947500000001892,0.0017230040989505858
0.08125,0.07625,0.005,6.25e-08,-0.0759603,-0.351598,-0.07712062500000018,-0.35383475000000025,0.0011603250000001841,0.0022367500000002316,0.002519802505778273
0.08375,0.07625,0.005,6.25e-08,-0.0954152,-0.413066,-0.09689770000000014,-0.41569925000000024,0.0014825000000001365,0.0026332500000002534,0.003021888782285301
0.08625,0.07625,0.005,6.25e-08,-0.108335,-0.467459,-0.10902325000000004,-0.4701007499999999,0.000688250000000043,0.0026417499999998872,0.002729932439640121
0.08875,0.07625,0.005,6.25e-08,-0.109736,-0.503324,-0.10864750000000006,-0.50395125,-0.0010884999999999367,0.0006272499999999681,0.0012562940788286086
0.09125,0.07625,0.005,6.25e-08,-0.0956495,-0.503003,-0.09272857500000008,-0.49948024999999996,-0.0029209249999999215,-0.003522750000000019,0.004576196064213669
0.09375,0.07625,0.005,6.25e-08,-0.0644059,-0.445928,-0.063162025,-0.43872849999999985,-0.0012438750000000054,-0.007199500000000136,0.007306163512105856
0.095625,0.076875,0.005,1.5625e-08,-0.0373282,-0.355689,-0.037702224999999895,-0.3578549999999995,0.00037402499999989597,0.0021659999999995017,0.0021980561186245367
0.098125,0.075625,0.005,1.5625e-08,-0.00783407,-0.167382,-0.008121024999999941,-0.16672524999999938,0.0002869549999999412,-0.0006567500000006221,0.0007167033797365431
0.00125,0.07875,0.005,6.25e-08,-0.00215469,0.0451395,-0.0012135467500000011,0.04535982500000001,-0.0009411432499999988,-0.00022032500000001426,0.0009665887039716358
0.00375,0.07875,0.005,6.25e-08,-0.00953594,0.121682,-0.009372790000000008,0.12156175000000002,-0.00016314999999999212,0.00012024999999997454,0.0002026770460609472
0.00625,0.07875,0.005,6.25e-08,-0.0217704,0.177211,-0.02141760000000002,0.17723875000000006,-0.0003527999999999795,-2.775000000004857e-05,0.0003538896756052488
0.00875,0.07875,0.005,6.25e-08,-0.0338415,0.213678,-0.033332175000000026,0.21421750000000006,-0.0005093249999999702,-0.0005395000000000538,0.000741938141373678
0.01125,0.07875,0.005,6.25e-08,-0.0428679,0.23513,-0.042478375000000027,0.23612400000000003,-0.0003895249999999739,-0.0009940000000000226,0.0010675981105383358
0.01375,0.07875,0.005,6.25e-08,-0.0478155,0.245639,-0.04763525000000002,0.24684675,-0.00018024999999997904,-0.0012077500000000074,0.001221126580252846
0.01625,0.07875,0.005,6.25e-08,-0.0486219,0.248543,-0.04859970000000001,0.24974799999999997,-2.219999999999306e-05,-0.0012049999999999839,0.0012052044805757904
0.01875,0.07875,0.005,6.25e-08,-0.0457085,0.246341,-0.045744875000000004,0.2474225,3.637500000000515e-05,-0.0010814999999999853,0.0010821115425985292
0.02125,0.07875,0.005,6.25e-08,-0.039685,0.240819,-0.039693674999999984,0.24172824999999995,8.674999999985777e-06,-0.0009092499999999448,0.0009092913824098959
0.02375,0.07875,0.005,6.25e-08,-0.0312205,0.233213,-0.031123749999999978,0.23392549999999995,-9.67500000000239e-05,-0.0007124999999999493,0.000719038811539358
0.02625,0.07875,0.005,6.25e-08,-0.0209401,0.224264,-0.02067147499999997,0.22482449999999995,-0.00026862500000002926,-0.0005604999999999638,0.0006215461693430144
0.02875,0.07875,0.005,6.25e-08,-0.00933803,0.214422,-0.008895892499999959,0.21491324999999997,-0.0004421375000000418,-0.0004912499999999709,0.0006609176434369553
0.03125,0.07875,0.005,6.25e-08,0.00316583,0.204009,0.003725117000000053,0.20445549999999996,-0.0005592870000000528,-0.0004464999999999608,0.0007156564807007787
0.03375,0.07875,0.005,6.25e-08,0.0161374,0.193228,0.016784550000000065,0.19355774999999997,-0.000647150000000065,-0.000329749999999962,0.0007263182394791275
0.03625,0.07875,0.005,6.25e-08,0.029175,0.18205,0.029931275000000077,0.18222349999999998,-0.000756275000000077,-0.0001734999999999931,0.0007759214687229075
0.03875,0.07875,0.005,6.25e-08,0.041972,0.17037,0.04285502500000009,0.17038299999999998,-0.0008830250000000858,-1.2999999999985246e-05,0.0008831206885953648
0.04125,0.07875,0.005,6.25e-08,0.0542656,0.158056,0.055273275000000094,0.15791899999999998,-0.0010076750000000967,0.000137000000000026,0.0010169453798632461
0.04375,0.07875,0.005,6.25e-08,0.0657991,0.144955,0.0669204750000001,0.14467974999999997,-0.001121375000000105,0.0002752500000000324,0.0011546620514788096
0.04625,0.07875,0.005,6.25e-08,0.076315,0.130885,0.0775397750000001,0.13049,-0.0012247750000001084,0.00039500000000000646,0.0012868950231566174
0.04875,0.07875,0.005,6.25e-08,0.0855675,0.115627,0.08687625000000013,0.11515349999999996,-0.0013087500000001223,0.00047350000000002945,0.0013917718248694173
0.05125,0.07875,0.005,6.25e-08,0.093349,0.0989461,0.09467152500000013,0.09845889999999997,-0.0013225250000001298,0.00048720000000002095,0.0014094098820518338
0.05375,0.07875,0.005,6.25e-08,0.0993499,0.0808117,0.10066015000000014,0.08017602499999998,-0.0013102500000001377,0.0006356750000000161,0.0014563096401951684
0.05625,0.07875,0.005,6.25e-08,0.103279,0.0607665,0.10456532500000014,0.060054849999999986,-0.0012863250000001436,0.000711650000000015,0.0014700604505003838
0.05875,0.07875,0.005,6.25e-08,0.104858,0.038605,0.10609747500000016,0.03781975000000003,-0.0012394750000001564,0.0007852499999999735,0.0014672817855222444
0.06125,0.07875,0.005,6.25e-08,0.103752,0.0140268,0.10495165000000016,0.013161867500000007,-0.001199650000000163,0.0008649324999999933,0.0014789416324036016
0.06375,0.07875,0.005,6.25e-08,0.0996696,-0.013407,0.10080892500000015,-0.014272235000000065,-0.0011393250000001492,0.0008652350000000648,0.0014306268069802315
0.06625,0.07875,0.005,6.25e-08,0.0924128,-0.0444923,0.09333957500000015,-0.044896400000000065,-0.0009267750000001435,0.0004041000000000669,0.0010110433772224216
0.06875,0.07875,0.005,6.25e-08,0.0813043,-0.0774568,0.08221817500000013,-0.07920472500000006,-0.0009138750000001333,0.001747925000000053,0.001972412056658149
0.07125,0.07875,0.005,6.25e-08,0.0664173,-0.116488,0.06715287500000022,-0.11779224999999983,-0.0007355750000002242,0.0013042499999998403,0.0014973772547774704
0.07375,0.07875,0.005,6.25e-08,0.0479481,-0.160064,0.04795100000000023,-0.16136024999999982,-2.900000000229108e-06,0.0012962499999998045,0.0012962532439687448
0.07625,0.07875,0.005,6.25e-08,0.0247873,-0.209184,0.02465017500000024,-0.2106644999999998,0.00013712499999976244,0.0014804999999998014,0.00148683674814162
0.078125,0.079375,0.005,1.5625e-08,0.0153031,-0.245652,0.019380482500000164,-0.24474449999999992,-0.004077382500000164,-0.0009075000000000888,0.004177152654776666
0.08125,0.07875,0.005,6.25e-08,-0.030153,-0.326296,-0.03131889999999994,-0.3281310000000001,0.001165899999999942,0.001835000000000142,0.0021740625129007644
0.08375,0.07875,0.005,6.25e-08,-0.0580982,-0.392064,-0.059768349999999956,-0.3940365000000001,0.0016701499999999536,0.001972500000000099,0.002584600021763568
0.08625,0.07875,0.005,6.25e-08,-0.0816939,-0.454982,-0.08287382499999986,-0.4577829999999998,0.0011799249999998596,0.002800999999999776,0.003039378884842002
0.08875,0.07875,0.005,6.25e-08,-0.0948096,-0.50477,-0.09437102499999993,-0.5064204999999999,-0.000438575000000066,0.0016504999999998882,0.0017077758285631898
0.09125,0.07875,0.005,6.25e-08,-0.0910267,-0.521157,-0.08859622500000003,-0.51918675,-0.0024304749999999736,-0.001970249999999951,0.003128752752795382
0.09375,0.07875,0.005,6.25e-08,-0.0677303,-0.478558,-0.06475025,-0.4712812500000001,-0.002980049999999998,-0.0072767499999998875,0.007863319182444418
0.095625,0.079375,0.005,1.5625e-08,-0.0414381,-0.389283,-0.04020037499999991,-0.3921937499999997,-0.0012377250000000853,0.0029107499999996844,0.0031629778276370153
0.098125,0.078125,0.005,1.5625e-08,-0.00877177,-0.188596,-0.008984667499999937,-0.1876752499999994,0.00021289749999993737,-0.0009207500000006086,0.0009450428074999271
0.00125,0.08125,0.005,6.25e-08,-0.00155979,0.0503413,-0.0017558402500000019,0.05093195000000002,0.00019605025000000195,-0.0005906500000000189,0.0006223368244167186
0.00375,0.08125,0.005,6.25e-08,-0.0127121,0.133962,-0.01314005000000001,0.13417875000000004,0.00042795000000001027,-0.0002167500000000433,0.00047971008432179905
0.00625,0.08125,0.005,6.25e-08,-0.0293841,0.19097,-0.028936100000000027,0.19130750000000005,-0.0004479999999999727,-0.0003375000000000461,0.0005609012836498118
0.00875,0.08125,0.005,6.25e-08,-0.0439942,0.22491,-0.043206900000000034,0.22573375000000007,-0.000787299999999963,-0.0008237500000000675,0.001139475911329438
0.01125,0.08125,0.005,6.25e-08,-0.0532112,0.24192,-0.052624275000000026,0.24308675000000002,-0.0005869249999999743,-0.001166750000000022,0.0013060576243508633
0.01375,0.08125,0.005,6.25e-08,-0.0563886,0.247571,-0.056113050000000025,0.2487725,-0.00027554999999997165,-0.0012014999999999942,0.0012326921969818623
0.01625,0.08125,0.005,6.25e-08,-0.0540521,0.246012,-0.05395940000000001,0.247025,-9.269999999998724e-05,-0.0010129999999999861,0.001017232662668659
0.01875,0.08125,0.005,6.25e-08,-0.0471389,0.240043,-0.0470583,0.24081274999999996,-8.060000000000012e-05,-0.000769749999999958,0.000773958282144416
0.02125,0.08125,0.005,6.25e-08,-0.0366282,0.231503,-0.03645627499999998,0.23207699999999995,-0.0001719250000000172,-0.0005739999999999634,0.0005991946308378973
0.02375,0.08125,0.005,6.25e-08,-0.023475,0.221693,-0.023131099999999974,0.22201799999999997,-0.00034390000000002544,-0.0003249999999999642,0.0004731724949740784
0.02625,0.08125,0.005,6.25e-08,-0.00851096,0.211178,-0.007913032499999957,0.21133824999999992,-0.0005979275000000429,-0.0001602499999999174,0.0006190293674425107
0.02875,0.08125,0.005,6.25e-08,0.00768951,0.200241,0.008523050000000058,0.20041049999999996,-0.0008335400000000579,-0.00016949999999996135,0.0008505993073122523
0.03125,0.08125,0.005,6.25e-08,0.0246604,0.189149,0.025636050000000073,0.18940049999999997,-0.0009756500000000744,-0.0002514999999999601,0.0010075441293065654
0.03375,0.08125,0.005,6.25e-08,0.0419085,0.178201,0.04298925000000008,0.17833899999999997,-0.0010807500000000816,-0.00013799999999997148,0.0010895249251394704
0.03625,0.08125,0.005,6.25e-08,0.0589887,0.167204,0.0602219250000001,0.16717299999999996,-0.0012332250000001016,3.1000000000031e-05,0.0012336145672880378
0.03875,0.08125,0.005,6.25e-08,0.0756222,0.155974,0.0770255750000001,0.15579449999999997,-0.0014033750000000955,0.00017950000000002686,0.00141480798719306
0.04125,0.08125,0.005,6.25e-08,0.0915732,0.144371,0.09312502500000011,0.14406174999999993,-0.0015518250000001177,0.0003092500000000664,0.00158233889958043
0.04375,0.08125,0.005,6.25e-08,0.106596,0.132242,0.10826425000000012,0.13181074999999998,-0.001668250000000121,0.0004312500000000219,0.0017230886875028873
0.04625,0.08125,0.005,6.25e-08,0.120425,0.119417,0.12219475000000013,0.11886074999999996,-0.0017697500000001254,0.0005562500000000359,0.0018551089253735166
0.04875,0.08125,0.005,6.25e-08,0.132787,0.105653,0.13466750000000016,0.10501974999999997,-0.0018805000000001737,0.0006332500000000296,0.0019842595123876036
0.05125,0.08125,0.005,6.25e-08,0.143559,0.0904812,0.14542700000000014,0.09008292499999998,-0.0018680000000001473,0.00039827500000001737,0.001909986119223269
0.05375,0.08125,0.005,6.25e-08,0.152375,0.0745724,0.15420400000000017,0.07383219999999997,-0.0018290000000001638,0.0007402000000000242,0.001973103403271262
0.05625,0.08125,0.005,6.25e-08,0.158962,0.0566969,0.16071300000000016,0.056033724999999986,-0.001751000000000169,0.0006631750000000158,0.0018723787225413595
0.05875,0.08125,0.005,6.25e-08,0.162971,0.0371659,0.1646452500000002,0.036431350000000015,-0.0016742500000001825,0.0007345499999999866,0.0018282988719026743
0.06125,0.08125,0.005,6.25e-08,0.164097,0.0156144,0.1656665000000002,0.014737925000000002,-0.0015695000000001957,0.0008764749999999981,0.001797648095603144
0.06375,0.08125,0.005,6.25e-08,0.16208,-0.0082958,0.16341325000000015,-0.009377850000000059,-0.0013332500000001468,0.0010820500000000583,0.001717086999834463
0.065625,0.081875,0.005,1.5625e-08,0.170933,-0.0279663,0.1764780000000002,-0.027612600000000057,-0.005545000000000189,-0.00035369999999994295,0.005556269314027359
0.068125,0.080625,0.005,1.5625e-08,0.133929,-0.0616068,0.13343000000000016,-0.061456625000000056,0.0004989999999998329,-0.00015017499999994688,0.0005211079836510061
0.07125,0.08125,0.005,6.25e-08,0.132078,-0.099442,0.13293050000000026,-0.10072174999999985,-0.0008525000000002558,0.0012797499999998435,0.001537698381510508
0.07375,0.08125,0.005,6.25e-08,0.112912,-0.138964,0.11344000000000025,-0.13962674999999983,-0.0005280000000002505,0.0006627499999998232,0.000847361529985891
0.07625,0.08125,0.005,6.25e-08,0.0881422,-0.183388,0.08870232500000026,-0.1842859999999998,-0.0005601250000002583,0.0008979999999998156,0.0010583685632259484
0.078125,0.081875,0.005,1.5625e-08,0.0797036,-0.214836,0.08367352500000019,-0.2143519999999999,-0.0039699250000001934,-0.00048400000000009546,0.003999320005404247
0.080625,0.080625,0.005,1.5625e-08,0.0178445,-0.287912,0.01795812250000007,-0.2883732500000001,-0.00011362250000006985,0.00046125000000007965,0.0004750385615993078
0.08375,0.08125,0.005,6.25e-08,-0.0113097,-0.361264,-0.012583712499999955,-0.36232825000000013,0.0012740124999999543,0.0010642500000001553,0.0016600409370423562
0.08625,0.08125,0.005,6.25e-08,-0.0459768,-0.431079,-0.0473594499999998,-0.43299849999999973,0.0013826499999998049,0.0019194999999997409,0.0023656291494015846
0.08875,0.08125,0.005,6.25e-08,-0.0724296,-0.494043,-0.07283309999999987,-0.49603299999999984,0.0004034999999998762,0.0019899999999998252,0.0020304955675891547
0.09125,0.08125,0.005,6.25e-08,-0.0823395,-0.52967,-0.08043007499999999,-0.5290285,-0.0019094250000000063,-0.0006414999999999615,0.0020143053593298546
0.09375,0.08125,0.005,6.25e-08,-0.0699318,-0.507069,-0.065305525,-0.4997285000000001,-0.004626274999999999,-0.0073404999999999165,0.008676713699645953
0.095625,0.081875,0.005,1.5625e-08,-0.0455827,-0.423562,-0.04288244999999992,-0.4263442499999997,-0.0027002500000000776,0.0027822499999997086,0.0038771465183816303
0.098125,0.080625,0.005,1.5625e-08,-0.0100619,-0.212241,-0.010042019999999936,-0.2105997499999994,-1.9880000000064083e-05,-0.0016412500000006214,0.0016413703960112239
0.000625,0.084375,0.005,1.5625e-08,0.000420645,0.0336119,-0.0008815095000000012,0.031843625000000014,0.0013021545000000013,0.0017682749999999858,0.002195996998516893
0.00375,0.08375,0.005,6.25e-08,-0.0192625,0.151436,-0.018833000000000016,0.15146350000000006,-0.000429499999999982,-2.7500000000069136e-05,0.0004303794837117452
0.00625,0.08375,0.005,6.25e-08,-0.0406446,0.2086,-0.039565650000000036,0.20895475000000005,-0.0010789499999999674,-0.00035475000000004253,0.0011357731573690055
0.00875,0.08375,0.005,6.25e-08,-0.0572336,0.237248,-0.05607402500000004,0.23831850000000004,-0.0011595749999999613,-0.0010705000000000575,0.0015781585568709609
0.01125,0.08375,0.005,6.25e-08,-0.0652961,0.24736,-0.06452595000000004,0.24860550000000003,-0.0007701499999999556,-0.0012455000000000382,0.0014643774351238916
0.01375,0.08375,0.005,6.25e-08,-0.0649042,0.246326,-0.06453667500000003,0.2473655,-0.0003675249999999658,-0.0010394999999999988,0.0011025583320736243
0.01625,0.08375,0.005,6.25e-08,-0.0575659,0.2392,-0.057345450000000006,0.23978974999999997,-0.00022044999999999704,-0.0005897499999999722,0.0006296056424460997
0.01875,0.08375,0.005,6.25e-08,-0.0450001,0.228907,-0.044639974999999985,0.22908624999999996,-0.0003601250000000167,-0.00017924999999996416,0.0004022692855849166
0.02125,0.08375,0.005,6.25e-08,-0.028581,0.216962,-0.02800472499999995,0.21709924999999997,-0.0005762750000000497,-0.00013724999999997767,0.0005923938201273297
0.02375,0.08375,0.005,6.25e-08,-0.00952565,0.204976,-0.008738822499999946,0.20481974999999994,-0.0007868275000000539,0.00015625000000005218,0.0008021917334754523
0.02625,0.08375,0.005,6.25e-08,0.0110844,0.193141,0.012156735000000071,0.19273349999999995,-0.0010723350000000718,0.0004075000000000606,0.0011471523884058314
0.02875,0.08375,0.005,6.25e-08,0.0326103,0.181252,0.03393012500000008,0.18103174999999994,-0.00131982500000008,0.00022025000000006068,0.00133807626581045
0.03125,0.08375,0.005,6.25e-08,0.0544984,0.16955,0.05601792500000011,0.16973924999999992,-0.0015195250000001048,-0.00018924999999991865,0.001531264767479905
0.03375,0.08375,0.005,6.25e-08,0.0763008,0.158797,0.07799052500000012,0.15878549999999994,-0.001689725000000114,1.1500000000053134e-05,0.0016897641331337894
0.03625,0.08375,0.005,6.25e-08,0.0975651,0.148255,0.09950915000000013,0.14804849999999994,-0.0019440500000001276,0.00020650000000005386,0.0019549866118468737
0.03875,0.08375,0.005,6.25e-08,0.118115,0.137693,0.12029300000000014,0.13737724999999995,-0.002178000000000138,0.00031575000000005904,0.002200768516337109
0.04125,0.08375,0.005,6.25e-08,0.137765,0.126992,0.14009525000000014,0.12660324999999994,-0.0023302500000001447,0.0003887500000000488,0.0023624545762830473
0.04375,0.08375,0.005,6.25e-08,0.156298,0.116011,0.15868675000000015,0.11555124999999995,-0.0023887500000001616,0.0004597500000000504,0.0024325905173293795
0.04625,0.08375,0.005,6.25e-08,0.173454,0.104619,0.17584250000000018,0.10403849999999996,-0.002388500000000182,0.0005805000000000393,0.0024580302073003327
0.04875,0.08375,0.005,6.25e-08,0.188758,0.092685,0.19133225000000015,0.09187904999999996,-0.002574250000000139,0.0008059500000000414,0.0026974651925466583
0.05125,0.08375,0.005,6.25e-08,0.202388,0.0792025,0.20491350000000016,0.07888089999999998,-0.0025255000000001526,0.0003216000000000191,0.002545894108167263
0.05375,0.08375,0.005,6.25e-08,0.213788,0.0659169,0.21632600000000018,0.06484464999999998,-0.002538000000000179,0.0010722500000000246,0.002755206718651245
0.05625,0.08375,0.005,6.25e-08,0.223058,0.0501237,0.2252837500000002,0.049559599999999975,-0.002225750000000193,0.0005641000000000257,0.0022961210491829233
0.05875,0.08375,0.005,6.25e-08,0.229344,0.0334705,0.2314725000000002,0.03279800000000001,-0.0021285000000001997,0.0006724999999999925,0.0022322115715139638
0.06125,0.08375,0.005,6.25e-08,0.232448,0.0151184,0.2345420000000002,0.014306049999999996,-0.002094000000000207,0.0008123500000000051,0.0022460517630947144
0.06375,0.08375,0.005,6.25e-08,0.23214,-0.00543084,0.2341005000000002,-0.006209537500000055,-0.001960500000000198,0.0007786975000000545,0.00210948573033977
0.06625,0.08375,0.005,6.25e-08,0.227331,-0.0290045,0.2297095000000002,-0.02910282500000005,-0.0023785000000002,9.832500000005184e-05,0.002380531464951884
0.06875,0.08375,0.005,6.25e-08,0.218709,-0.0532769,0.22087550000000017,-0.05482232500000005,-0.002166500000000182,0.0015454250000000447,0.0026612141365598384
0.07125,0.08375,0.005,6.25e-08,0.206028,-0.0822851,0.2070512500000003,-0.08396277499999988,-0.0010232500000003086,0.0016776749999998786,0.0019651040603808297
0.073125,0.084375,0.005,1.5625e-08,0.207116,-0.104312,0.21311925000000032,-0.10332509999999986,-0.006003250000000321,-0.0009869000000001377,0.006083829564715314
0.075625,0.083125,0.005,1.5625e-08,0.150118,-0.151428,0.1497182500000003,-0.1525994999999998,0.00039974999999969896,0.0011714999999997977,0.0012378256389731493
0.078125,0.083125,0.005,1.5625e-08,0.120014,-0.198151,0.1195622500000002,-0.1980022499999999,0.0004517499999997926,-0.0001487500000000863,0.0004756097402280974
0.080625,0.083125,0.005,1.5625e-08,0.082952,-0.251488,0.08312967500000008,-0.25160925000000006,-0.0001776750000000854,0.00012125000000007269,0.00021510455161397206
0.083125,0.083125,0.005,1.5625e-08,0.0416727,-0.314636,0.041415225000000055,-0.3147460000000001,0.00025747499999994455,0.0001100000000000545,0.00027998817050901175
0.085625,0.083125,0.005,1.5625e-08,-0.000504523,-0.384992,-0.0025255049999999704,-0.3867052500000001,0.0020209819999999707,0.0017132500000001105,0.002649451604922094
0.08875,0.08375,0.005,6.25e-08,-0.0394811,-0.467683,-0.0414581249999998,-0.4698864999999997,0.001977024999999799,0.002203499999999692,0.002960412150465345
0.09125,0.08375,0.005,6.25e-08,-0.0669222,-0.524205,-0.06630689999999992,-0.5250922499999999,-0.0006153000000000824,0.0008872499999998951,0.0010797252671397087
0.09375,0.08375,0.005,6.25e-08,-0.0701696,-0.527353,-0.0642281,-0.5211927500000001,-0.005941500000000002,-0.006160249999999867,0.008558627361469735
0.095625,0.084375,0.005,1.5625e-08,-0.0500565,-0.456805,-0.04588319999999992,-0.4590699999999997,-0.004173300000000074,0.002264999999999684,0.0047483321166488755
0.098125,0.083125,0.005,1.5625e-08,-0.0117166,-0.238864,-0.011450859999999929,-0.23593599999999934,-0.00026574000000007154,-0.0029280000000006523,0.002940034310616775
0.000625,0.086875,0.005,1.5625e-08,-0.00161347,0.0405288,-0.0013906234999999981,0.03912667499999998,-0.00022284650000000197,0.001402125000000018,0.001419723592178175
0.003125,0.085625,0.005,1.5625e-08,-0.0192855,0.151916,-0.01861957500000002,0.1478370000000001,-0.0006659249999999804,0.004078999999999888,0.004133000980598004
0.00625,0.08625,0.005,6.25e-08,-0.0570083,0.230546,-0.05399254999999996,0.23036674999999995,-0.0030157500000000392,0.00017925000000004743,0.003021072429618372
0.00875,0.08625,0.005,6.25e-08,-0.0728757,0.249233,-0.07115707499999996,0.250461,-0.001718625000000043,-0.001227999999999979,0.002112263215280022
0.01125,0.08625,0.005,6.25e-08,-0.0764505,0.249271,-0.07556579999999999,0.250272,-0.000884700000000016,-0.0010010000000000019,0.0013359248070157362
0.01375,0.08625,0.005,6.25e-08,-0.069157,0.239526,-0.06867314999999999,0.24005100000000004,-0.0004838500000000079,-0.0005250000000000532,0.00071395785764992
0.01625,0.08625,0.005,6.25e-08,-0.0537661,0.225928,-0.053360225000000025,0.22572150000000007,-0.00040587499999997223,0.00020649999999991508,0.0004553863915675812
0.01875,0.08625,0.005,6.25e-08,-0.0332657,0.211309,-0.032369900000000056,0.21033800000000008,-0.0008957999999999466,0.0009709999999999164,0.0013210975134333354
0.02125,0.08625,0.005,6.25e-08,-0.00937444,0.196432,-0.007846795250000064,0.19532350000000007,-0.0015276447499999353,0.001108499999999929,0.001887450855572724
0.02375,0.08625,0.005,6.25e-08,0.0169637,0.182548,0.018666449999999897,0.1812467500000001,-0.0017027499999998953,0.0013012499999998928,0.002143037359683532
0.02625,0.08625,0.005,6.25e-08,0.04431,0.169792,0.046101224999999885,0.16825050000000008,-0.0017912249999998825,0.001541499999999918,0.002363198944360023
0.02875,0.08625,0.005,6.25e-08,0.0719971,0.157183,0.07372579999999987,0.1562765000000001,-0.0017286999999998748,0.0009064999999998935,0.0019519595128996334
0.03125,0.08625,0.005,6.25e-08,0.0987914,0.145581,0.10103527499999984,0.14517450000000007,-0.0022438749999998397,0.0004064999999999208,0.0022803984883401885
0.03375,0.08625,0.005,6.25e-08,0.124941,0.135601,0.12767049999999983,0.13476075000000007,-0.0027294999999998293,0.0008402499999999313,0.0028559044648760494
0.03625,0.08625,0.005,6.25e-08,0.150178,0.125726,0.15336474999999983,0.12483950000000008,-0.0031867499999998217,0.000886499999999929,0.0033077572178892966
0.03875,0.08625,0.005,6.25e-08,0.174439,0.116024,0.17790149999999982,0.11521650000000005,-0.003462499999999813,0.0008074999999999471,0.003555413126487359
0.04125,0.08625,0.005,6.25e-08,0.197526,0.106406,0.2010929999999998,0.10570300000000007,-0.0035669999999997926,0.0007029999999999259,0.0036356152161633407
0.04375,0.08625,0.005,6.25e-08,0.219268,0.0966742,0.22275899999999976,0.09611575000000006,-0.003490999999999772,0.0005584499999999465,0.0035353850430325617
0.04625,0.08625,0.005,6.25e-08,0.239588,0.0865837,0.24271724999999977,0.08627702500000005,-0.003129249999999778,0.00030667499999995074,0.0031442415807510053
0.04875,0.08625,0.005,6.25e-08,0.258073,0.0759852,0.26077149999999977,0.07601267500000004,-0.0026984999999997705,-2.747500000004066e-05,0.002698639865862758
0.050625,0.086875,0.005,1.5625e-08,0.287635,0.0650003,0.2931787499999998,0.06402667500000003,-0.005543749999999847,0.0009736249999999641,0.005628597489883536
0.053125,0.085625,0.005,1.5625e-08,0.268191,0.0590341,0.2674390000000002,0.05968857499999996,0.0007519999999998084,-0.00065447499999996,0.000996916007306864
0.05625,0.08625,0.005,6.25e-08,0.299123,0.0418402,0.3012297499999998,0.04092310000000002,-0.0021067499999997685,0.0009170999999999832,0.0022977092880734486
0.05875,0.08625,0.005,6.25e-08,0.306542,0.0282172,0.30923924999999974,0.027187225000000037,-0.0026972499999997623,0.0010299749999999643,0.0028872142392146177
0.06125,0.08625,0.005,6.25e-08,0.311089,0.0130367,0.3139622499999998,0.012094452500000007,-0.002873249999999772,0.000942247499999993,0.0030238048736244416
0.06375,0.08625,0.005,6.25e-08,0.312149,-0.0038445,0.31499874999999977,-0.004598672500000052,-0.002849749999999762,0.0007541725000000518,0.0029478553597920933
0.06625,0.08625,0.005,6.25e-08,0.309026,-0.0228686,0.31189049999999974,-0.02318785000000007,-0.0028644999999997145,0.0003192500000000695,0.0028822353846447743
0.06875,0.08625,0.005,6.25e-08,0.30147,-0.0434989,0.30410699999999974,-0.04405407500000009,-0.002636999999999723,0.0005551750000000882,0.002694807651878634
0.07125,0.08625,0.005,6.25e-08,0.289144,-0.0675038,0.2910332499999998,-0.06771777499999997,-0.001889249999999787,0.0002139749999999635,0.0019013287099089887
0.07375,0.08625,0.005,6.25e-08,0.27019,-0.0961015,0.2719544999999998,-0.09492607499999998,-0.0017644999999998356,-0.0011754250000000216,0.0021201613572142267
0.075625,0.086875,0.005,1.5625e-08,0.270318,-0.111868,0.2760802499999998,-0.1113705,-0.005762249999999802,-0.0004974999999999979,0.005783686654072618
0.078125,0.085625,0.005,1.5625e-08,0.200708,-0.162608,0.19969275000000025,-0.1635739999999999,0.0010152499999997455,0.0009659999999998836,0.0014013880841862681
0.080625,0.085625,0.005,1.5625e-08,0.161211,-0.210077,0.1603117500000001,-0.21005850000000004,0.0008992499999999071,-1.8499999999976868e-05,0.0008994402773390972
0.083125,0.085625,0.005,1.5625e-08,0.113933,-0.267399,0.11287527500000008,-0.26726275000000005,0.001057724999999926,-0.0001362499999999489,0.0010664643632699734
0.085625,0.085625,0.005,1.5625e-08,0.0609245,-0.335764,0.05895570000000004,-0.3371585000000001,0.001968799999999958,0.0013945000000000762,0.0024126341807244726
0.088125,0.085625,0.005,1.5625e-08,0.00557256,-0.414998,0.003756610000000298,-0.4176244999999996,0.0018159499999997018,0.002626499999999643,0.0031931452601623124
0.09125,0.08625,0.005,6.25e-08,-0.0416394,-0.499953,-0.042633249999999984,-0.5021969999999999,0.0009938499999999836,0.0022439999999999127,0.0024542358938169687
0.09375,0.08625,0.005,6.25e-08,-0.0663586,-0.53474,-0.060015825000000016,-0.5310222499999999,-0.006342774999999988,-0.003717750000000075,0.007352037796633353
0.095625,0.086875,0.005,1.5625e-08,-0.0551626,-0.486525,-0.04916407499999992,-0.4879792499999996,-0.005998525000000081,0.0014542499999996017,0.006172288492781653
0.098125,0.085625,0.005,1.5625e-08,-0.013797,-0.269009,-0.013512849999999918,-0.2644704999999993,-0.0002841500000000819,-0.0045385000000007225,0.004547386444157414
0.000625,0.089375,0.005,1.5625e-08,-0.00281023,0.0526789,-0.0023161984999999965,0.05070357499999996,-0.0004940315000000035,0.0019753250000000416,0.002036166982007472
0.003125,0.088125,0.005,1.5625e-08,-0.0288969,0.179756,-0.02796839999999997,0.17692399999999991,-0.00092850000000003,0.0028320000000000844,0.0029803248564544997
0.00625,0.08875,0.005,6.25e-08,-0.0758306,0.254307,-0.07193174999999995,0.2538862499999999,-0.003898850000000051,0.0004207500000000808,0.0039214872032177365
0.00875,0.08875,0.005,6.25e-08,-0.0858445,0.25712,-0.08454702499999998,0.25799275,-0.0012974750000000201,-0.0008727499999999777,0.0015636924052143419
0.01125,0.08875,0.005,6.25e-08,-0.0790384,0.243666,-0.07842030000000001,0.24333375000000004,-0.0006180999999999826,0.00033224999999995064,0.0007017390344707537
0.01375,0.08875,0.005,6.25e-08,-0.0598289,0.224088,-0.05887380000000006,0.22263775000000008,-0.0009550999999999379,0.0014502499999999308,0.0017365025403090204
0.01625,0.08875,0.005,6.25e-08,-0.0319841,0.203125,-0.031122175000000103,0.20157975000000006,-0.0008619249999998989,0.0015452499999999425,0.0017693818887183875
0.01875,0.08875,0.005,6.25e-08,0.000228143,0.183161,0.0010608449999998629,0.18227000000000007,-0.0008327019999998629,0.0008909999999999196,0.001219538281811452
0.020625,0.089375,0.005,1.5625e-08,0.0407365,0.161907,0.04226932499999981,0.1603687500000001,-0.0015328249999998073,0.0015382499999999077,0.002171581346190864
0.023125,0.088125,0.005,1.5625e-08,0.0482967,0.162156,0.04590022499999985,0.1623467500000001,0.002396475000000148,-0.00019075000000010056,0.00240405448942526
0.025625,0.088125,0.005,1.5625e-08,0.081651,0.147312,0.0785695499999998,0.14886475000000007,0.0030814500000002076,-0.001552750000000075,0.003450560340727505
0.02875,0.08875,0.005,6.25e-08,0.137479,0.126311,0.13752524999999977,0.1260505000000001,-4.624999999977564e-05,0.0002604999999999136,0.0002645738318502686
0.030625,0.089375,0.005,1.5625e-08,0.180577,0.11241,0.18362924999999974,0.1102482500000001,-0.0030522499999997565,0.002161749999999893,0.003740239714911071
0.033125,0.088125,0.005,1.5625e-08,0.174421,0.116794,0.17213024999999976,0.11631450000000008,0.00229075000000023,0.00047949999999991055,0.002340396507539047
0.035625,0.088125,0.005,1.5625e-08,0.202684,0.107192,0.20086274999999976,0.10719950000000009,0.0018212500000002463,-7.500000000090767e-06,0.0018212654426252365
0.038125,0.088125,0.005,1.5625e-08,0.229761,0.0983441,0.22808824999999977,0.09855855000000008,0.0016727500000002227,-0.0002144500000000743,0.0016864404421742195
0.040625,0.088125,0.005,1.5625e-08,0.255266,0.0898496,0.25368274999999973,0.09018945000000006,0.001583250000000258,-0.00033985000000005816,0.0016193142329396283
0.043125,0.088125,0.005,1.5625e-08,0.279036,0.0814265,0.2775234999999997,0.08190805000000008,0.0015125000000003053,-0.0004815500000000805,0.001587307989175699
0.045625,0.088125,0.005,1.5625e-08,0.300879,0.0728254,0.29947524999999975,0.07354297500000007,0.001403750000000259,-0.0007175750000000675,0.0015765240065174471
0.048125,0.088125,0.005,1.5625e-08,0.320298,0.0638404,0.3193854999999997,0.06493275000000005,0.0009125000000003158,-0.0010923500000000474,0.0014233357904938244
0.050625,0.088125,0.005,1.5625e-08,0.335193,0.0549016,0.3370769999999998,0.05592247500000003,-0.0018839999999997747,-0.0010208750000000252,0.0021428116495913036
0.053125,0.088125,0.005,1.5625e-08,0.350051,0.0468276,0.35234149999999975,0.046360050000000035,-0.002290499999999751,0.00046754999999996244,0.002337732502340425
0.055625,0.088125,0.005,1.5625e-08,0.365087,0.0365392,0.36493824999999974,0.03609255000000003,0.00014875000000025285,0.00044664999999997207,0.00047076829226281827
0.058125,0.088125,0.005,1.5625e-08,0.375405,0.0253265,0.37458724999999976,0.024961400000000022,0.000817750000000228,0.00036509999999997586,0.0008955518256920452
0.060625,0.088125,0.005,1.5625e-08,0.382119,0.0130985,0.38096274999999974,0.012795825000000014,0.0011562500000002474,0.00030267499999998664,0.0011952096962983374
0.063125,0.088125,0.005,1.5625e-08,0.384986,-0.000402033,0.3836897499999998,-0.0005972375000000371,0.0012962500000002208,0.00019520450000003707,0.001310865690801631
0.065625,0.088125,0.005,1.5625e-08,0.383676,-0.0154348,0.38232924999999973,-0.015449200000000055,0.0013467500000002852,1.4400000000054994e-05,0.0013468269831350907
0.068125,0.088125,0.005,1.5625e-08,0.377747,-0.0320726,0.37636924999999966,-0.03205615000000007,0.001377750000000344,-1.6449999999931797e-05,0.001377848201000729
0.070625,0.088125,0.005,1.5625e-08,0.366742,-0.0510168,0.3652034999999998,-0.050823424999999985,0.0015385000000002202,-0.00019337500000001645,0.0015506050885463018
0.073125,0.088125,0.005,1.5625e-08,0.349424,-0.0732426,0.3481052499999998,-0.072340375,0.0013187500000002017,-0.0009022250000000065,0.0015978458978028963
0.075625,0.088125,0.005,1.5625e-08,0.32415,-0.0990206,0.3241934999999998,-0.0975048,-4.349999999980758e-05,-0.0015157999999999977,0.0015164240468945277
0.078125,0.088125,0.005,1.5625e-08,0.292405,-0.128441,0.29240224999999975,-0.1277220000000001,2.750000000273367e-06,-0.0007189999999998864,0.000719005259020988
0.080625,0.088125,0.005,1.5625e-08,0.252296,-0.165813,0.2514999999999996,-0.16518450000000023,0.0007960000000004075,-0.0006284999999997543,0.0010142131186295807
0.083125,0.088125,0.005,1.5625e-08,0.201657,-0.213609,0.20030274999999956,-0.21314075000000032,0.0013542500000004454,-0.0004682499999996703,0.0014329169986432911
0.085625,0.088125,0.005,1.5625e-08,0.14064,-0.275329,0.13846674999999956,-0.2756837500000004,0.0021732500000004318,0.00035475000000040335,0.0022020134252547516
0.088125,0.088125,0.005,1.5625e-08,0.0716217,-0.353713,0.06857469999999999,-0.3555815,0.003047000000000008,0.0018684999999999952,0.0035742833197719556
0.090625,0.088125,0.005,1.5625e-08,0.00248686,-0.442326,0.00012115200000002626,-0.4468527499999999,0.0023657079999999738,0.004526749999999913,0.005107645240594053
0.09375,0.08875,0.005,6.25e-08,-0.0528113,-0.520997,-0.04870245000000005,-0.52125325,-0.004108849999999949,0.0002562499999999579,0.004116832809940131
0.095625,0.089375,0.005,1.5625e-08,-0.0610605,-0.506618,-0.05168724999999996,-0.5077172499999998,-0.009373250000000034,0.001099249999999774,0.009437487278137128
0.098125,0.088125,0.005,1.5625e-08,-0.016698,-0.303422,-0.016829699999999885,-0.29757099999999903,0.000131699999999884,-0.005851000000000994,0.005852482028166478
0.000625,0.091875,0.005,1.5625e-08,-0.00693595,0.0744935,-0.004245047499999993,0.07026879999999994,-0.002690902500000007,0.004224700000000067,0.005008896720287499
0.00375,0.09125,0.005,6.25e-08,-0.0626052,0.252123,-0.05981379999999993,0.24915799999999988,-0.002791400000000069,0.0029650000000001064,0.004072240042040869
0.00625,0.09125,0.005,6.25e-08,-0.0910508,0.273562,-0.08851409999999997,0.27254025,-0.0025367000000000306,0.0010217500000000435,0.002734743123677294
0.00875,0.09125,0.005,6.25e-08,-0.0836167,0.25301,-0.08338550000000004,0.2515255,-0.00023119999999995922,0.0014844999999999997,0.0015023959830883402
0.01125,0.09125,0.005,6.25e-08,-0.0546589,0.220969,-0.05513002500000013,0.2197030000000001,0.0004711250000001277,0.001265999999999906,0.0013508200345067741
0.013125,0.091875,0.005,1.5625e-08,-0.00629312,0.186977,-0.007058395000000234,0.1854285000000001,0.0007652750000002335,0.0015484999999998972,0.0017272805434048746
0.015625,0.090625,0.005,1.5625e-08,0.00313781,0.180215,-0.0011872600000001916,0.1805330000000001,0.004325070000000191,-0.00031800000000012374,0.004336744689845337
0.018125,0.090625,0.005,1.5625e-08,0.0444351,0.157679,0.040568724999999764,0.15876025000000013,0.003866375000000234,-0.0010812500000001168,0.004014717574515929
0.020625,0.090625,0.005,1.5625e-08,0.0829092,0.140152,0.08252359999999974,0.1407412500000001,0.0003856000000002635,-0.0005892500000000966,0.0007042037507002623
0.023125,0.090625,0.005,1.5625e-08,0.123323,0.125772,0.12339074999999972,0.1258175000000001,-6.774999999971387e-05,-4.550000000011489e-05,8.161073765119197e-05
0.025625,0.090625,0.005,1.5625e-08,0.162312,0.113934,0.16255049999999965,0.11332825000000012,-0.00023849999999964178,0.0006057499999998772,0.0006510109926104784
0.028125,0.090625,0.005,1.5625e-08,0.202433,0.102162,0.1997342499999997,0.1027118250000001,0.002698750000000305,-0.0005498250000001009,0.0027541893713262998
0.030625,0.090625,0.005,1.5625e-08,0.234263,0.0928309,0.2348462499999997,0.09351670000000009,-0.0005832499999997021,-0.0006858000000000974,0.0009002789581567405
0.033125,0.090625,0.005,1.5625e-08,0.267288,0.0854341,0.26787199999999967,0.08538357500000009,-0.0005839999999996404,5.0524999999912446e-05,0.0005861815210534797
0.035625,0.090625,0.005,1.5625e-08,0.298628,0.0782205,0.2988242499999997,0.07802417500000008,-0.00019624999999967585,0.00019632499999991393,0.00027759244968989877
0.038125,0.090625,0.005,1.5625e-08,0.327672,0.0713679,0.3277174999999997,0.07120310000000007,-4.549999999969856e-05,0.00016479999999992334,0.0001709657568051196
0.040625,0.090625,0.005,1.5625e-08,0.354548,0.0648207,0.3545472499999997,0.06472375000000007,7.500000002713669e-07,9.694999999992904e-05,9.69529009364168e-05
0.043125,0.090625,0.005,1.5625e-08,0.379267,0.058432,0.37928749999999967,0.05841760000000007,-2.04999999996458e-05,1.4399999999928359e-05,2.505214561636218e-05
0.045625,0.090625,0.005,1.5625e-08,0.401748,0.0520966,0.40188049999999964,0.052136425000000056,-0.0001324999999996468,-3.982500000005579e-05,0.00013835563098374724
0.048125,0.090625,0.005,1.5625e-08,0.421865,0.0458305,0.4222359999999996,0.04574682500000005,-0.00037099999999962163,8.367499999994976e-05,0.00038031895249212975
0.050625,0.090625,0.005,1.5625e-08,0.43966,0.0393774,0.4402302499999997,0.03912540000000004,-0.0005702499999997168,0.0002519999999999606,0.0006234493263286577
0.053125,0.090625,0.005,1.5625e-08,0.454964,0.0323372,0.45570074999999965,0.032155225000000044,-0.0007367499999996752,0.00018197499999995925,0.0007588909428399488
0.055625,0.090625,0.005,1.5625e-08,0.467887,0.0247176,0.4684459999999997,0.02472215000000003,-0.0005589999999996986,-4.550000000030224e-06,0.000559018517134865
0.058125,0.090625,0.005,1.5625e-08,0.477947,0.0168925,0.4782222499999997,0.016710800000000026,-0.0002752499999996716,0.00018169999999997563,0.0003298142697031321
0.060625,0.090625,0.005,1.5625e-08,0.484855,0.00830011,0.4847394999999997,0.007999350000000013,0.00011550000000026817,0.00030075999999998673,0.000322175150500553
0.063125,0.090625,0.005,1.5625e-08,0.488103,-0.00125288,0.4876547499999997,-0.0015483317500000248,0.00044825000000031645,0.0002954517500000247,0.0005368610612424418
0.065625,0.090625,0.005,1.5625e-08,0.487267,-0.0118836,0.48656324999999967,-0.01209515000000004,0.000703750000000336,0.00021155000000004122,0.000734858806166525
0.068125,0.090625,0.005,1.5625e-08,0.481875,-0.0237208,0.48098324999999964,-0.023851475000000056,0.0008917500000003575,0.00013067500000005575,0.0009012735534373857
0.070625,0.090625,0.005,1.5625e-08,0.47141,-0.0370768,0.4703337499999997,-0.037110699999999996,0.0010762500000002784,3.389999999999643e-05,0.0010767837631115167
0.073125,0.090625,0.005,1.5625e-08,0.45505,-0.0524097,0.45389749999999973,-0.05231095000000001,0.0011525000000002783,-9.874999999998774e-05,0.00115672287627618
0.075625,0.090625,0.005,1.5625e-08,0.431941,-0.0704183,0.43076399999999976,-0.07014382500000002,0.0011770000000002612,-0.00027447499999998237,0.001208579962445847
0.078125,0.090625,0.005,1.5625e-08,0.40071,-0.0924305,0.3997389999999996,-0.0917444000000001,0.0009710000000003882,-0.0006860999999998979,0.0011889382700546794
0.080625,0.090625,0.005,1.5625e-08,0.360255,-0.119859,0.35923474999999955,-0.11901625000000021,0.0010202500000004444,-0.0008427499999997812,0.0013233055675090837
0.083125,0.090625,0.005,1.5625e-08,0.308495,-0.155979,0.3071899999999995,-0.15513375000000026,0.0013050000000005002,-0.000845249999999742,0.0015548223572166917
0.085625,0.090625,0.005,1.5625e-08,0.243273,-0.205612,0.24129699999999948,-0.2051052500000004,0.001976000000000505,-0.0005067499999995839,0.00203994400964869
0.088125,0.090625,0.005,1.5625e-08,0.163564,-0.274978,0.16038049999999993,-0.27552850000000007,0.0031835000000000613,0.0005505000000000648,0.0032307464307804257
0.090625,0.090625,0.005,1.5625e-08,0.0735181,-0.367066,0.06881575000000001,-0.3701735,0.004702349999999994,0.0031074999999999853,0.005636368668965849
0.093125,0.090625,0.005,1.5625e-08,-0.0111214,-0.465463,-0.014404481999999946,-0.47288549999999996,0.003283081999999946,0.007422499999999943,0.008116164960664784
0.09625,0.09125,0.005,6.25e-08,-0.0564959,-0.503184,-0.050309774999999966,-0.49675574999999983,-0.006186125000000035,-0.006428250000000135,0.008921353068796637
0.098125,0.091875,0.005,1.5625e-08,-0.0365652,-0.360807,-0.027330274999999828,-0.36068674999999895,-0.009234925000000171,-0.00012025000000104313,0.009235707867734255
0.000625,0.094375,0.005,1.5625e-08,-0.0173011,0.118924,-0.009465432500000027,0.10712900000000015,-0.007835667499999973,0.011794999999999847,0.014160498231720246
0.00375,0.09375,0.005,6.25e-08,-0.0867288,0.293689,-0.08311597500000001,0.2914985,-0.003612824999999986,0.002190499999999984,0.00422502008641673
0.005625,0.094375,0.005,1.5625e-08,-0.0671418,0.265883,-0.07753782499999987,0.2706229999999999,0.010396024999999864,-0.004739999999999911,0.011425626276078758
0.008125,0.093125,0.005,1.5625e-08,-0.0565666,0.236771,-0.06392450000000018,0.23902975000000012,0.007357900000000174,-0.002258750000000115,0.007696794395883463
0.010625,0.093125,0.005,1.5625e-08,-0.00489714,0.193015,-0.012354692500000267,0.19462750000000012,0.007457552500000267,-0.0016125000000001277,0.007629891581160289
0.013125,0.093125,0.005,1.5625e-08,0.0491067,0.158452,0.046567199999999635,0.15867000000000017,0.002539500000000368,-0.0002180000000001625,0.0025488397850790736
0.015625,0.093125,0.005,1.5625e-08,0.106175,0.131632,0.10484757499999958,0.13142775000000015,0.0013274250000004234,0.00020424999999985038,0.0013430469809824462
0.018125,0.093125,0.005,1.5625e-08,0.160232,0.111366,0.15954774999999954,0.11095050000000015,0.0006842500000004692,0.0004154999999998604,0.0008005237738509245
0.020625,0.093125,0.005,1.5625e-08,0.210122,0.0958806,0.20989799999999956,0.09535740000000013,0.00022400000000044606,0.0005231999999998627,0.0005691346413635846
0.023125,0.093125,0.005,1.5625e-08,0.255773,0.0834537,0.25596499999999955,0.08323127500000013,-0.0001919999999995814,0.00022242499999987342,0.0002938313812797791
0.025625,0.093125,0.005,1.5625e-08,0.297742,0.0737486,0.2980964999999995,0.07357145000000012,-0.00035449999999948023,0.00017714999999987602,0.0003962983377451734
0.028125,0.093125,0.005,1.5625e-08,0.336313,0.0656372,0.3366952499999995,0.0656791250000001,-0.0003822499999995288,-4.192500000009536e-05,0.0003845422839229098
0.030625,0.093125,0.005,1.5625e-08,0.371612,0.0592355,0.37213049999999953,0.059061775000000094,-0.0005184999999995332,0.00017372499999990937,0.0005468296129732592
0.033125,0.093125,0.005,1.5625e-08,0.404057,0.0533551,0.40471249999999953,0.053364750000000086,-0.0006554999999995315,-9.650000000083203e-06,0.0006555710278065888
0.035625,0.093125,0.005,1.5625e-08,0.433992,0.048322,0.4346844999999996,0.04832560000000008,-0.0006924999999995962,-3.6000000000827037e-06,0.0006925093573370987
0.038125,0.093125,0.005,1.5625e-08,0.46157,0.0437533,0.4622272499999996,0.043744050000000076,-0.0006572499999996095,9.249999999925984e-06,0.0006573150880662069
0.040625,0.093125,0.005,1.5625e-08,0.48684,0.0394627,0.4874624999999996,0.03946210000000007,-0.0006224999999995817,5.999999999339867e-07,0.000622500289156141
0.043125,0.093125,0.005,1.5625e-08,0.509846,0.0353358,0.5104574999999996,0.035351050000000064,-0.000611499999999543,-1.5250000000063824e-05,0.000611690127842066
0.045625,0.093125,0.005,1.5625e-08,0.530602,0.0313043,0.5312312499999996,0.031302625000000056,-0.0006292499999995815,1.6749999999440823e-06,0.000629252229336117
0.048125,0.093125,0.005,1.5625e-08,0.54912,0.0273241,0.5497564999999995,0.02722292500000005,-0.0006364999999994847,0.00010117499999994992,0.0006444909856812071
0.050625,0.093125,0.005,1.5625e-08,0.565411,0.0232092,0.5659632499999996,0.023028300000000036,-0.0005522499999995878,0.00018089999999996303,0.0005811238013534907
0.053125,0.093125,0.005,1.5625e-08,0.57925,0.0187395,0.5797392499999996,0.018642025000000034,-0.0004892499999995525,9.747499999996495e-05,0.0004988656513777585
0.055625,0.093125,0.005,1.5625e-08,0.590486,0.0139585,0.5909314999999996,0.01399130000000003,-0.0004454999999996545,-3.2800000000028987e-05,0.00044670582042289763
0.058125,0.093125,0.005,1.5625e-08,0.598966,0.00897626,0.5993452499999996,0.009004662500000019,-0.00037924999999960907,-2.8402500000019107e-05,0.00038031206200428956
0.060625,0.093125,0.005,1.5625e-08,0.604538,0.00364202,0.6047424999999997,0.0036081600000000104,-0.0002044999999997188,3.385999999998973e-05,0.00020728422419442414
0.063125,0.093125,0.005,1.5625e-08,0.60685,-0.00221447,0.6068359999999996,-0.0022797325000000162,1.400000000040258e-05,6.526250000001618e-05,6.674723894112313e-05
0.065625,0.093125,0.005,1.5625e-08,0.605507,-0.00870564,0.6052849999999996,-0.00875638250000003,0.00022200000000038855,5.074250000002868e-05,0.00022772527594982825
0.068125,0.093125,0.005,1.5625e-08,0.600077,-0.0159328,0.5996774999999996,-0.015948700000000045,0.00039950000000033015,1.590000000004435e-05,0.00039981628281032425
0.070625,0.093125,0.005,1.5625e-08,0.590069,-0.0240625,0.5895107499999996,-0.024036850000000016,0.0005582500000003154,-2.5649999999984713e-05,0.0005588389615983762
0.073125,0.093125,0.005,1.5625e-08,0.574845,-0.0333783,0.5741509999999996,-0.03329635000000002,0.0006940000000004165,-8.194999999997649e-05,0.0006988217244051406
0.075625,0.093125,0.005,1.5625e-08,0.553575,-0.0443838,0.5527657499999997,-0.04417385000000003,0.0008092500000003167,-0.00020994999999997266,0.0008360410067697044
0.078125,0.093125,0.005,1.5625e-08,0.525001,-0.0579011,0.5242074999999997,-0.057428150000000094,0.0007935000000003356,-0.0004729499999999026,0.0009237553531647005
0.080625,0.093125,0.005,1.5625e-08,0.487552,-0.0750889,0.48681649999999954,-0.07439580000000018,0.0007355000000004441,-0.0006930999999998216,0.0010106175636710485
0.083125,0.093125,0.005,1.5625e-08,0.438882,-0.0983418,0.43810999999999944,-0.09748970000000023,0.00077200000000055,-0.0008520999999997586,0.00114980798831824
0.085625,0.093125,0.005,1.5625e-08,0.375483,-0.132005,0.37439674999999933,-0.13108450000000033,0.001086250000000677,-0.0009204999999996855,0.0014238185672693314
0.088125,0.093125,0.005,1.5625e-08,0.292754,-0.183503,0.2907414999999998,-0.1827977500000001,0.0020125000000001947,-0.0007052499999999073,0.002132494739149584
0.090625,0.093125,0.005,1.5625e-08,0.187217,-0.263158,0.18320199999999992,-0.2637772500000001,0.004015000000000074,0.0006192500000000711,0.004062474069148095
0.093125,0.093125,0.005,1.5625e-08,0.0654071,-0.375325,0.059177000000000035,-0.379928,0.006230099999999961,0.004602999999999968,0.007746079976994765
0.095625,0.093125,0.005,1.5625e-08,-0.0333279,-0.47595,-0.037757550000000244,-0.48646875000000034,0.004429650000000243,0.010518750000000354,0.011413408810912259
0.098125,0.093125,0.005,1.5625e-08,-0.0436849,-0.393579,-0.0338101499999998,-0.38619824999999897,-0.009874750000000196,-0.007380750000001046,0.012328266630999644
0.000625,0.096875,0.005,1.5625e-08,-0.031808,0.217958,-0.030208125000000113,0.18979725000000036,-0.0015998749999998896,0.02816074999999965,0.028206159621226443
0.003125,0.095625,0.005,1.5625e-08,-0.0791177,0.301932,-0.08504739999999998,0.30850425000000004,0.005929699999999982,-0.006572250000000057,0.00885188184243896
0.005625,0.095625,0.005,1.5625e-08,-0.0206877,0.23805,-0.03103561824999961,0.23962049999999976,0.010347918249999609,-0.0015704999999997526,0.010466416882518783
0.008125,0.095625,0.005,1.5625e-08,0.0740727,0.169407,0.06879132500000065,0.16771699999999973,0.0052813749999993526,0.0016900000000002746,0.005545180059350561
0.010625,0.095625,0.005,1.5625e-08,0.166389,0.121953,0.16476525000000078,0.12007624999999975,0.00162374999999923,0.0018767500000002602,0.002481683828572543
0.013125,0.095625,0.005,1.5625e-08,0.246539,0.0914385,0.24645550000000077,0.08985634999999978,8.349999999923696e-05,0.0015821500000002264,0.0015843518777407337
0.015625,0.095625,0.005,1.5625e-08,0.313956,0.0708474,0.3145857500000008,0.07017077499999982,-0.0006297500000007616,0.0006766250000001806,0.0009243410913327416
0.018125,0.095625,0.005,1.5625e-08,0.370869,0.0571701,0.3718320000000007,0.056811924999999854,-0.0009630000000007133,0.00035817500000014796,0.0010274523495649225
0.020625,0.095625,0.005,1.5625e-08,0.419679,0.0475909,0.42064550000000067,0.04735822499999987,-0.0009665000000006474,0.00023267500000012653,0.0009941126222045016
0.023125,0.095625,0.005,1.5625e-08,0.461954,0.040431,0.4629070000000006,0.04039787499999989,-0.0009530000000006478,3.3125000000112925e-05,0.0009535755164779778
0.025625,0.095625,0.005,1.5625e-08,0.499047,0.0349944,0.49999625000000064,0.03508149999999991,-0.0009492500000006232,-8.709999999990947e-05,0.0009532376264610873
0.028125,0.095625,0.005,1.5625e-08,0.531953,0.0307209,0.5329125000000006,0.030879049999999915,-0.0009595000000005571,-0.000158149999999916,0.0009724462311619304
0.030625,0.095625,0.005,1.5625e-08,0.561466,0.0273472,0.5623797500000006,0.027447199999999925,-0.0009137500000006016,-9.999999999992654e-05,0.0009192056693151347
0.033125,0.095625,0.005,1.5625e-08,0.588048,0.0244017,0.5889242500000007,0.024554724999999927,-0.000876250000000689,-0.00015302499999992822,0.0008895115025260694
0.035625,0.095625,0.005,1.5625e-08,0.612058,0.0218663,0.6129250000000006,0.022039824999999937,-0.0008670000000006173,-0.00017352499999993484,0.0008841945066703637
0.038125,0.095625,0.005,1.5625e-08,0.633812,0.0196156,0.6346517500000005,0.01978474999999994,-0.0008397500000004721,-0.00016914999999994088,0.0008566164748595329
0.040625,0.095625,0.005,1.5625e-08,0.653488,0.0175408,0.6542890000000005,0.017700224999999948,-0.0008010000000004958,-0.0001594249999999492,0.0008167112896402119
0.043125,0.095625,0.005,1.5625e-08,0.671192,0.0155692,0.6719520000000004,0.01571624999999996,-0.000760000000000427,-0.00014704999999995937,0.0007740954091716583
0.045625,0.095625,0.005,1.5625e-08,0.686985,0.0136577,0.6877010000000005,0.01377584999999996,-0.000716000000000494,-0.00011814999999995926,0.0007256827285396131
0.048125,0.095625,0.005,1.5625e-08,0.700905,0.0117698,0.7015480000000005,0.011831024999999964,-0.0006430000000005043,-6.122499999996339e-05,0.0006459082757061129
0.050625,0.095625,0.005,1.5625e-08,0.71295,0.00982156,0.7134620000000005,0.009840342499999967,-0.000512000000000512,-1.878249999996695e-05,0.0005123443981413021
0.053125,0.095625,0.005,1.5625e-08,0.722993,0.00771917,0.7233752500000004,0.007766822499999977,-0.00038225000000036147,-4.7652499999976776e-05,0.00038520880474948147
0.055625,0.095625,0.005,1.5625e-08,0.730879,0.00546684,0.7311837500000004,0.005576317499999981,-0.00030475000000040886,-0.00010947749999998171,0.0003238176732460648
0.058125,0.095625,0.005,1.5625e-08,0.73649,0.00310519,0.7367507500000003,0.003236152499999988,-0.00026075000000036486,-0.00013096249999998812,0.00029179057371073034
0.060625,0.095625,0.005,1.5625e-08,0.739709,0.000601746,0.7399037500000004,0.0007132167499999947,-0.00019475000000046538,-0.00011147074999999474,0.00022439538900285495
0.063125,0.095625,0.005,1.5625e-08,0.740334,-0.00211526,0.7404355000000005,-0.0020285900000000055,-0.0001015000000004207,-8.666999999999443e-05,0.00013346886865514535
0.065625,0.095625,0.005,1.5625e-08,0.738097,-0.00510694,0.7380960000000003,-0.0050324199999999975,9.999999996956888e-07,-7.45200000000024e-05,7.45267093061256e-05
0.068125,0.095625,0.005,1.5625e-08,0.732677,-0.00842797,0.7325842500000004,-0.008355282499999991,9.274999999964173e-05,-7.268750000000851e-05,0.00011783902221329224
0.070625,0.095625,0.005,1.5625e-08,0.723699,-0.0121546,0.7235290000000005,-0.012079724999999958,0.00016999999999944837,-7.487500000004192e-05,0.00018575862193938327
0.073125,0.095625,0.005,1.5625e-08,0.710684,-0.0164186,0.7104550000000005,-0.016334724999999946,0.00022899999999947962,-8.387500000005266e-05,0.00024387705022156246
0.075625,0.095625,0.005,1.5625e-08,0.692981,-0.0214588,0.6927230000000005,-0.021333999999999926,0.00025799999999942536,-0.00012480000000007416,0.00028659909281036113
0.078125,0.095625,0.005,1.5625e-08,0.66962,-0.0276694,0.6694197500000004,-0.02744902499999993,0.00020024999999956883,-0.0002203750000000712,0.00029776702827018757
0.080625,0.095625,0.005,1.5625e-08,0.639199,-0.0356797,0.6391542500000003,-0.03535462499999993,4.474999999970475e-05,-0.00032507500000007045,0.0003281406986721083
0.083125,0.095625,0.005,1.5625e-08,0.599519,-0.0467576,0.5996780000000003,-0.04633097499999992,-0.00015900000000024228,-0.0004266250000000832,0.00045529099554586847
0.085625,0.095625,0.005,1.5625e-08,0.546844,-0.0634662,0.5471652500000004,-0.06291302499999989,-0.00032125000000038373,-0.000553175000000114,0.0006396906620589147
0.088125,0.095625,0.005,1.5625e-08,0.474733,-0.0910573,0.4749582500000008,-0.09030757499999967,-0.00022525000000078732,-0.0007497250000003258,0.00078283148769441
0.090625,0.095625,0.005,1.5625e-08,0.372759,-0.140185,0.371946500000001,-0.1393264999999995,0.0008124999999989946,-0.0008585000000005116,0.0011820230539203729
0.093125,0.095625,0.005,1.5625e-08,0.22883,-0.229598,0.2241920000000011,-0.2303684999999992,0.004637999999998893,0.0007704999999992024,0.00470156508515925
0.095625,0.095625,0.005,1.5625e-08,0.0529983,-0.369505,0.04093736499999994,-0.3792905,0.012060935000000057,0.009785500000000003,0.015531328446859477
0.098125,0.095625,0.005,1.5625e-08,-0.0541701,-0.429452,-0.05186959999999996,-0.43335349999999956,-0.0023005000000000386,0.003901499999999558,0.004529238622549791
0.000625,0.099375,0.005,1.5625e-08,0.291528,0.144033,0.1778657875000037,0.21041299999999835,0.1136622124999963,-0.06637999999999836,0.13162599648395487
0.003125,0.098125,0.005,1.5625e-08,0.109701,0.200784,0.0977735025000015,0.20208924999999925,0.01192749749999851,-0.0013052499999992584,0.011998703020533876
0.005625,0.098125,0.005,1.5625e-08,0.320738,0.0985607,0.3236277500000017,0.09227439999999948,-0.0028897500000016896,0.006286300000000522,0.006918686490405265
0.008125,0.098125,0.005,1.5625e-08,0.459473,0.0522833,0.4654637500000016,0.04975637499999968,-0.005990750000001599,0.0025269250000003185,0.006501879383543328
0.010625,0.098125,0.005,1.5625e-08,0.55081,0.0312574,0.5555025000000015,0.031017099999999787,-0.004692500000001432,0.00024030000000021048,0.0046986487781077585
0.013125,0.098125,0.005,1.5625e-08,0.613968,0.020949,0.6172235000000014,0.021404349999999853,-0.00325550000000141,-0.0004553499999998545,0.003287190878624034
0.015625,0.098125,0.005,1.5625e-08,0.660198,0.0151589,0.6625057500000011,0.01588272499999989,-0.002307750000001163,-0.0007238249999998898,0.0024186013919474635
0.018125,0.098125,0.005,1.5625e-08,0.695777,0.0116997,0.697548750000001,0.012428884999999912,-0.001771750000001071,-0.0007291849999999118,0.0019159354964947716
0.020625,0.098125,0.005,1.5625e-08,0.724436,0.00946269,0.7258047500000009,0.01011786749999993,-0.0013687500000009178,-0.0006551774999999302,0.0015174762334246527
0.023125,0.098125,0.005,1.5625e-08,0.748244,0.00787594,0.7493155000000009,0.008483152499999938,-0.0010715000000008912,-0.0006072124999999384,0.0012315921687628924
0.025625,0.098125,0.005,1.5625e-08,0.768471,0.00670621,0.7693512500000008,0.007270544999999949,-0.000880250000000804,-0.0005643349999999488,0.0010456165906900855
0.028125,0.098125,0.005,1.5625e-08,0.785974,0.00581544,0.7867345000000008,0.006332569999999954,-0.00076050000000083,-0.0005171299999999542,0.0009196649862320599
0.030625,0.098125,0.005,1.5625e-08,0.80137,0.00512634,0.8020162500000007,0.0055787549999999604,-0.0006462500000006255,-0.0004524149999999604,0.0007888715958416634
0.033125,0.098125,0.005,1.5625e-08,0.815034,0.00453252,0.8155727500000006,0.004950744999999964,-0.0005387500000005874,-0.00041822499999996394,0.000682029114573273
0.035625,0.098125,0.005,1.5625e-08,0.827198,0.00401988,0.8276650000000007,0.004409072499999968,-0.00046700000000066133,-0.00038919249999996765,0.0006079143048628174
0.038125,0.098125,0.005,1.5625e-08,0.83806,0.00356805,0.8384720000000006,0.003925812499999971,-0.00041200000000052306,-0.00035776249999997086,0.0005456537422273031
0.040625,0.098125,0.005,1.5625e-08,0.847751,0.00315392,0.8481140000000005,0.0034803224999999743,-0.0003630000000004463,-0.0003264024999999741,0.00048816758598513803
0.043125,0.098125,0.005,1.5625e-08,0.85635,0.00276107,0.8566672500000005,0.003056729999999978,-0.00031725000000060177,-0.000295659999999978,0.0004336616170476341
0.045625,0.098125,0.005,1.5625e-08,0.863902,0.00237997,0.8641715000000005,0.0026423624999999803,-0.0002695000000005887,-0.0002623924999999804,0.0003761383708910287
0.048125,0.098125,0.005,1.5625e-08,0.870431,0.00200204,0.8706382500000005,0.0022267724999999834,-0.00020725000000054727,-0.00022473249999998331,0.0003057078001236955
0.050625,0.098125,0.005,1.5625e-08,0.87593,0.00160922,0.8760547500000005,0.0018010999999999858,-0.0001247500000005619,-0.00019187999999998586,0.00022886785903690097
0.053125,0.098125,0.005,1.5625e-08,0.880339,0.00118223,0.8803880000000004,0.0013575929999999894,-4.900000000040983e-05,-0.00017536299999998937,0.00018208015204584062
0.055625,0.098125,0.005,1.5625e-08,0.88357,0.000722676,0.8835850000000004,0.0008892732499999928,-1.5000000000431335e-05,-0.0001665972499999928,0.00016727116818977814
0.058125,0.098125,0.005,1.5625e-08,0.885551,0.000241088,0.8855757500000005,0.00038957949999999625,-2.4750000000572925e-05,-0.00014849149999999624,0.0001505399882831045
0.060625,0.098125,0.005,1.5625e-08,0.886221,-0.000266021,0.8862742500000004,-0.00014803734999999994,-5.325000000033775e-05,-0.00011798365000000008,0.0001294438263006718
0.063125,0.098125,0.005,1.5625e-08,0.885489,-0.000812968,0.8855762500000004,-0.0007306927499999976,-8.725000000042726e-05,-8.22752500000024e-05,0.00011992405622992183
0.065625,0.098125,0.005,1.5625e-08,0.883227,-0.0014127,0.8833565000000004,-0.0013669867499999933,-0.0001295000000004487,-4.571325000000677e-05,0.00013733153762220582
0.068125,0.098125,0.005,1.5625e-08,0.879279,-0.00207631,0.8794662500000004,-0.0020685424999999885,-0.00018725000000041625,-7.76750000001155e-06,0.00018741103637834688
0.070625,0.098125,0.005,1.5625e-08,0.873452,-0.00281887,0.8737195000000004,-0.0028526449999999788,-0.0002675000000004202,3.377499999997896e-05,0.000269623813164237
0.073125,0.098125,0.005,1.5625e-08,0.865501,-0.0036674,0.8658767500000006,-0.0037469099999999722,-0.00037575000000067416,7.950999999997233e-05,0.0003840701792648086
0.075625,0.098125,0.005,1.5625e-08,0.855086,-0.00467174,0.8556090000000005,-0.004797909999999964,-0.0005230000000004953,0.00012616999999996454,0.0005380035956204281
0.078125,0.098125,0.005,1.5625e-08,0.841696,-0.00591496,0.8424342500000006,-0.006087739999999958,-0.0007382500000006065,0.00017277999999995748,0.0007581991762728846
0.080625,0.098125,0.005,1.5625e-08,0.82455,-0.00753415,0.8255975000000005,-0.007767739999999952,-0.0010475000000005341,0.00023358999999995196,0.0010732290240676016
0.083125,0.098125,0.005,1.5625e-08,0.802372,-0.00980903,0.8038227500000006,-0.010131949999999938,-0.0014507500000006113,0.0003229199999999384,0.001486254651431488
0.085625,0.098125,0.005,1.5625e-08,0.772849,-0.013338,0.7748050000000006,-0.01378934249999992,-0.001956000000000624,0.00045134249999992035,0.0020073978311009053
0.088125,0.098125,0.005,1.5625e-08,0.731462,-0.0194949,0.7340507500000011,-0.020108074999999836,-0.0025887500000011388,0.0006131749999998375,0.0026603778196208705
0.090625,0.098125,0.005,1.5625e-08,0.668706,-0.0318492,0.6720822500000012,-0.03250652499999973,-0.003376250000001191,0.0006573249999997297,0.003439642454984629
0.093125,0.098125,0.005,1.5625e-08,0.56337,-0.0613105,0.5672245000000017,-0.06086032499999948,-0.0038545000000016483,-0.0004501750000005175,0.003880699393232897
0.095625,0.098125,0.005,1.5625e-08,0.371354,-0.143113,0.36900725000000084,-0.13880287499999958,0.002346749999999176,-0.004310125000000414,0.004907587297045739
0.098125,0.098125,0.005,1.5625e-08,0.0667241,-0.329041,0.03359490000000004,-0.34409524999999974,0.033129199999999956,0.01505424999999977,0.0363892063076744
0.099375,0.058125,0.005,1.5625e-08,0.00144334,-0.023454,-0.0005000372499999916,-0.02136532499999976,0.0019433772499999917,-0.0020886750000002376,0.002852942058900517
0.094375,0.060625,0.005,1.5625e-08,-0.034378,-0.210725,-0.034572624999999926,-0.20773899999999978,0.0001946249999999275,-0.0029860000000002107,0.0029923360256873272
0.096875,0.060625,0.005,1.5625e-08,-0.0109494,-0.125281,-0.011581714999999953,-0.12146574999999976,0.0006323149999999528,-0.003815250000000242,0.0038672929578358536
0.099375,0.060625,0.005,1.5625e-08,-0.000378199,-0.0255692,-0.0005696782499999904,-0.025047724999999726,0.00019147924999999042,-0.0005214750000002745,0.0005555182074476453
0.094375,0.063125,0.005,1.5625e-08,-0.0376393,-0.237475,-0.03808617499999993,-0.23646674999999984,0.00044687499999992997,-0.0010082500000001549,0.0011028441993886759
0.096875,0.063125,0.005,1.5625e-08,-0.0122851,-0.14156,-0.01293994999999995,-0.14002199999999976,0.0006548499999999499,-0.0015380000000002336,0.0016716077657454973
0.099375,0.063125,0.005,1.5625e-08,-0.000696066,-0.0296549,-0.0006454612499999895,-0.029214424999999686,-5.060475000001044e-05,-0.0004404750000003149,0.0004433723788733811
0.094375,0.065625,0.005,1.5625e-08,-0.041748,-0.268313,-0.04158979999999993,-0.2673162499999998,-0.00015820000000007356,-0.0009967500000002127,0.0010092263385883503
0.096875,0.065625,0.005,1.5625e-08,-0.0139955,-0.161671,-0.014360149999999943,-0.16048499999999974,0.00036464999999994384,-0.0011860000000002702,0.001240792336573933
0.099375,0.065625,0.005,1.5625e-08,-0.00077319,-0.0344681,-0.0007274742499999882,-0.03390192499999964,-4.571575000001174e-05,-0.0005661750000003629,0.0005680176585489879
0.094375,0.068125,0.005,1.5625e-08,-0.0455597,-0.301423,-0.045003574999999914,-0.3000174999999998,-0.0005561250000000878,-0.0014055000000001705,0.0015115241531730736
0.096875,0.068125,0.005,1.5625e-08,-0.015531,-0.184245,-0.015832324999999935,-0.1828697499999997,0.00030132499999993567,-0.0013752500000002998,0.001407874041995869
0.099375,0.068125,0.005,1.5625e-08,-0.000872414,-0.0398712,-0.0008160442499999867,-0.03914682499999959,-5.636975000001328e-05,-0.0007243750000004157,0.0007265649931979012
0.094375,0.070625,0.005,1.5625e-08,-0.0490565,-0.336644,-0.048245574999999895,-0.3341734999999996,-0.0008109250000001081,-0.002470500000000375,0.0026001864559348485
0.096875,0.070625,0.005,1.5625e-08,-0.0168079,-0.208776,-0.017352349999999926,-0.2071594999999995,0.0005444499999999255,-0.0016165000000004925,0.0017057250811609447
0.099375,0.070625,0.005,1.5625e-08,-0.000961249,-0.0458358,-0.0009120684999999846,-0.044987574999999495,-4.918050000001536e-05,-0.0008482250000005076,0.0008496495584687328
0.076875,0.073125,0.005,1.5625e-08,-0.0902192,-0.268337,-0.09435932500000006,-0.2738739999999999,0.004140125000000064,0.005536999999999903,0.006913682377403843
0.094375,0.073125,0.005,1.5625e-08,-0.0525896,-0.37478,-0.0512380999999999,-0.3692419999999996,-0.0013515000000001026,-0.005538000000000376,0.0057005259625761235
0.096875,0.073125,0.005,1.5625e-08,-0.0179072,-0.234716,-0.01892819999999992,-0.23331049999999948,0.0010209999999999178,-0.0014055000000005313,0.0017372021327414164
0.099375,0.073125,0.005,1.5625e-08,-0.00108832,-0.0523152,-0.0010175859999999829,-0.051469874999999415,-7.073400000001716e-05,-0.0008453250000005838,0.000848279231374899
0.001875,0.075625,0.005,1.5625e-08,-0.000355139,0.0546919,-0.0017632699999999982,0.059504449999999987,0.0014081309999999982,-0.004812549999999985,0.005014326516658129
0.076875,0.075625,0.005,1.5625e-08,-0.0461799,-0.249291,-0.04920645000000007,-0.2540597499999999,0.0030265500000000653,0.004768749999999905,0.005648095383843964
0.096875,0.075625,0.005,1.5625e-08,-0.0200429,-0.261738,-0.020590949999999913,-0.2612634999999995,0.0005480499999999146,-0.00047450000000054393,0.0007249200317969028
0.099375,0.075625,0.005,1.5625e-08,-0.00134615,-0.0596961,-0.0011367789999999808,-0.05865572499999935,-0.00020937100000001916,-0.0010403750000006554,0.001061233412717189
0.079375,0.078125,0.005,1.5625e-08,-0.0194343,-0.283616,-0.022867550000000077,-0.2882545000000002,0.003433250000000075,0.004638500000000212,0.005770865430115528
0.096875,0.078125,0.005,1.5625e-08,-0.0223409,-0.290994,-0.022411449999999916,-0.29095999999999944,7.054999999991582e-05,-3.40000000005336e-05,7.831540397664055e-05
0.099375,0.078125,0.005,1.5625e-08,-0.00152905,-0.0682147,-0.0012778009999999793,-0.06664157499999929,-0.00025124900000002065,-0.0015731250000007163,0.0015930625617433436
0.066875,0.080625,0.005,1.5625e-08,0.139714,-0.0432602,0.13857650000000016,-0.04581437500000006,0.001137499999999847,0.0025541750000000613,0.0027960179149327646
0.069375,0.080625,0.005,1.5625e-08,0.129659,-0.0751857,0.12720900000000013,-0.07806240000000006,0.002449999999999869,0.0028767000000000653,0.003778611238272566
0.079375,0.080625,0.005,1.5625e-08,0.0348357,-0.256434,0.034595250000000084,-0.25821600000000006,0.00024044999999991296,0.0017820000000000613,0.0017981491046351458
0.081875,0.080625,0.005,1.5625e-08,0.00356724,-0.315998,0.0007000175000000594,-0.32037125000000005,0.0028672224999999408,0.004373250000000051,0.005229367115340665
0.096875,0.080625,0.005,1.5625e-08,-0.0251112,-0.32268,-0.024526549999999918,-0.32235974999999956,-0.0005846500000000823,-0.000320250000000466,0.0006666150950889087
0.099375,0.080625,0.005,1.5625e-08,-0.0018042,-0.0779174,-0.001456287749999977,-0.07558957499999922,-0.000347912250000023,-0.0023278250000007827,0.0023536805569848943
0.001875,0.083125,0.005,1.5625e-08,-0.00148627,0.0778779,-0.005063262500000004,0.08227340000000002,0.003576992500000004,-0.004395500000000024,0.005667035873810619
0.074375,0.083125,0.005,1.5625e-08,0.164962,-0.128055,0.16242525000000024,-0.13245574999999984,0.0025367499999997545,0.004400749999999842,0.005079537491248329
0.076875,0.083125,0.005,1.5625e-08,0.137298,-0.172092,0.1354385000000003,-0.17438049999999977,0.0018594999999997086,0.002288499999999777,0.002948723876526572
0.079375,0.083125,0.005,1.5625e-08,0.101974,-0.223869,0.10210197500000011,-0.22367800000000004,-0.00012797500000011341,-0.00019099999999996897,0.0002299099837436756
0.081875,0.083125,0.005,1.5625e-08,0.063286,-0.28099,0.06280560000000007,-0.28195075,0.00048039999999992256,0.0009607500000000102,0.001074162335264063
0.084375,0.083125,0.005,1.5625e-08,0.02214,-0.346694,0.019414155000000044,-0.34983300000000006,0.002725844999999956,0.0031390000000000584,0.004157349151084754
0.086875,0.083125,0.005,1.5625e-08,-0.0192248,-0.418498,-0.02347914999999976,-0.42433074999999965,0.004254349999999761,0.005832749999999665,0.007219450566697861
0.096875,0.083125,0.005,1.5625e-08,-0.0284005,-0.356743,-0.027180599999999912,-0.35544474999999953,-0.0012199000000000862,-0.0012982500000004449,0.0017814626216963872
0.099375,0.083125,0.005,1.5625e-08,-0.00218,-0.0892172,-0.0017025494999999735,-0.08578977499999911,-0.00047745050000002655,-0.003427425000000886,0.0034605203525743563
0.001875,0.085625,0.005,1.5625e-08,-0.00784414,0.0979688,-0.007639662500000007,0.09735765000000003,-0.00020447749999999258,0.0006111499999999631,0.0006444496648352002
0.004375,0.085625,0.005,1.5625e-08,-0.030547,0.18356,-0.031464800000000036,0.18647975000000006,0.0009178000000000346,-0.0029197500000000542,0.003060604009423692
0.051875,0.085625,0.005,1.5625e-08,0.26111,0.0670268,0.2608840000000002,0.06581227499999996,0.00022599999999978193,0.0012145250000000357,0.0012353732130918932
0.054375,0.085625,0.005,1.5625e-08,0.274338,0.0528612,0.27336625000000025,0.05332042499999996,0.0009717499999997714,-0.0004592249999999659,0.0010747956378421549
0.076875,0.085625,0.005,1.5625e-08,0.217527,-0.141677,0.21636000000000036,-0.14353049999999978,0.0011669999999996405,0.0018534999999997859,0.0021902856548857656
0.079375,0.085625,0.005,1.5625e-08,0.181896,-0.18534,0.1810260000000001,-0.18564325,0.0008699999999998986,0.0003032500000000049,0.0009213362917522715
0.081875,0.085625,0.005,1.5625e-08,0.13861,-0.237318,0.13755950000000008,-0.23715875000000003,0.0010504999999999265,-0.00015924999999997191,0.0010625021470565773
0.084375,0.085625,0.005,1.5625e-08,0.0878949,-0.299746,0.08651472500000004,-0.30059475,0.0013801749999999557,0.0008487500000000092,0.0016202652847990336
0.086875,0.085625,0.005,1.5625e-08,0.0336268,-0.374096,0.030981100000000327,-0.37653874999999964,0.0026456999999996712,0.0024427499999996605,0.003600938218367069
0.089375,0.085625,0.005,1.5625e-08,-0.0171021,-0.451033,-0.021129487499999752,-0.4582534999999997,0.004027387499999754,0.0072204999999996855,0.008267736711165258
0.096875,0.085625,0.005,1.5625e-08,-0.0324641,-0.393078,-0.03078422499999991,-0.3901417499999995,-0.001679875000000091,-0.002936250000000473,0.003382830778819432
0.099375,0.085625,0.005,1.5625e-08,-0.00267344,-0.10254,-0.0020780367499999685,-0.097777399999999,-0.0005954032500000315,-0.004762600000001005,0.004799673300352866
0.001875,0.088125,0.005,1.5625e-08,-0.0113964,0.121621,-0.011912619999999981,0.1198954999999999,0.0005162199999999822,0.001725500000000102,0.0018010645014547185
0.004375,0.088125,0.005,1.5625e-08,-0.0472105,0.215088,-0.04532132499999996,0.2162119999999999,-0.0018891750000000415,-0.0011239999999999029,0.0021982625367832974
0.021875,0.088125,0.005,1.5625e-08,0.0304171,0.170686,0.029582274999999856,0.16973650000000007,0.0008348250000001431,0.0009494999999999365,0.0012643112870749508
0.024375,0.088125,0.005,1.5625e-08,0.0631036,0.15548,0.062260474999999836,0.1553997500000001,0.0008431250000001597,8.024999999992066e-05,0.000846935551340984
0.026875,0.088125,0.005,1.5625e-08,0.0970723,0.140682,0.09475362499999981,0.1427055000000001,0.0023186750000001866,-0.0020235000000000947,0.003077467466217352
0.031875,0.088125,0.005,1.5625e-08,0.158608,0.122662,0.1572417499999998,0.12111900000000007,0.0013662500000002076,0.0015429999999999194,0.0020609434884295876
0.034375,0.088125,0.005,1.5625e-08,0.187043,0.112637,0.18667674999999978,0.11168450000000008,0.0003662500000002067,0.0009524999999999256,0.001020487781651505
0.036875,0.088125,0.005,1.5625e-08,0.214865,0.103478,0.21467199999999978,0.10283262500000008,0.00019300000000022077,0.0006453749999999203,0.0006736155362111108
0.039375,0.088125,0.005,1.5625e-08,0.24126,0.0948583,0.24109674999999975,0.09435182500000007,0.00016325000000025347,0.0005064749999999368,0.0005321348401721304
0.041875,0.088125,0.005,1.5625e-08,0.266005,0.0864456,0.2658302499999997,0.08604880000000006,0.00017475000000027885,0.0003967999999999333,0.00043357560182746043
0.044375,0.088125,0.005,1.5625e-08,0.288942,0.077988,0.28874424999999976,0.07774625000000006,0.00019775000000021858,0.0002417499999999434,0.0003123269520871663
0.046875,0.088125,0.005,1.5625e-08,0.309769,0.0692559,0.30969599999999975,0.06927827500000006,7.30000000002673e-05,-2.237500000006054e-05,7.635208330518385e-05
0.049375,0.088125,0.005,1.5625e-08,0.327934,0.0601898,0.32852074999999975,0.060487200000000046,-0.0005867499999997472,-0.00029740000000004485,0.0006578163288485093
0.051875,0.088125,0.005,1.5625e-08,0.342708,0.0509203,0.34502674999999977,0.051219775000000044,-0.0023187499999997585,-0.00029947500000004207,0.00233800916125748
0.054375,0.088125,0.005,1.5625e-08,0.357121,0.0427675,0.3589897499999997,0.04132412500000003,-0.001868749999999697,0.001443374999999969,0.0023612619408112643
0.056875,0.088125,0.005,1.5625e-08,0.370196,0.0319235,0.37015024999999974,0.03064520000000003,4.5750000000288615e-05,0.0012782999999999718,0.0012791184278634854
0.059375,0.088125,0.005,1.5625e-08,0.378904,0.0202504,0.37820624999999974,0.019019325000000017,0.0006977500000002745,0.0012310749999999843,0.0014150620898481254
0.061875,0.088125,0.005,1.5625e-08,0.383928,0.00741585,0.38280824999999974,0.006266050000000007,0.0011197500000002525,0.0011497999999999925,0.0016049548599572974
0.064375,0.088125,0.005,1.5625e-08,0.384981,-0.00680108,0.38355049999999974,-0.007824265000000045,0.0014305000000002788,0.0010231850000000453,0.0017587603003894222
0.066875,0.088125,0.005,1.5625e-08,0.381655,-0.0226613,0.3799597499999997,-0.023511200000000062,0.0016952500000003146,0.0008499000000000631,0.001896365622052133
0.069375,0.088125,0.005,1.5625e-08,0.373555,-0.0402935,0.37147924999999965,-0.04113842500000008,0.002075750000000376,0.0008449250000000796,0.0022411238962017905
0.071875,0.088125,0.005,1.5625e-08,0.359911,-0.0606495,0.3574469999999998,-0.06119122499999999,0.0024640000000001883,0.000541724999999986,0.0025228479890048693
0.074375,0.088125,0.005,1.5625e-08,0.33941,-0.0846016,0.3370632499999998,-0.084393675,0.002346750000000175,-0.0002079249999999977,0.0023559432013794007
0.076875,0.088125,0.005,1.5625e-08,0.30903,-0.112941,0.3093567499999998,-0.11186700000000001,-0.00032674999999976473,-0.0010739999999999916,0.0011226048113649916
0.079375,0.088125,0.005,1.5625e-08,0.273612,-0.146,0.27316999999999964,-0.1453710000000002,0.00044200000000038653,-0.0006289999999997964,0.0007687684957125166
0.081875,0.088125,0.005,1.5625e-08,0.228331,-0.18821,0.22724524999999957,-0.1876050000000003,0.0010857500000004405,-0.0006049999999996891,0.0012429312380419846
0.084375,0.088125,0.005,1.5625e-08,0.172366,-0.24245,0.17065974999999958,-0.24233450000000034,0.0017062500000004088,-0.00011549999999965754,0.0017101547627338632
0.086875,0.088125,0.005,1.5625e-08,0.106803,-0.312511,0.10415397499999995,-0.3134895,0.002649025000000041,0.0009784999999999933,0.0028239680771257316
0.089375,0.088125,0.005,1.5625e-08,0.0367522,-0.397395,0.033174150000000006,-0.4008927499999999,0.0035780499999999923,0.0034977499999999107,0.00500366834082749
0.091875,0.088125,0.005,1.5625e-08,-0.0245608,-0.480075,-0.027705299999999974,-0.4886727499999999,0.0031444999999999737,0.008597749999999904,0.009154735676823126
0.096875,0.088125,0.005,1.5625e-08,-0.0383549,-0.431601,-0.03596062499999988,-0.42593424999999935,-0.0023942750000001192,-0.005666750000000664,0.006151797163279451
0.099375,0.088125,0.005,1.5625e-08,-0.00355378,-0.118766,-0.0027183544999999547,-0.11259159999999879,-0.0008354255000000452,-0.006174400000001204,0.006230662173963951
0.001875,0.090625,0.005,1.5625e-08,-0.0194535,0.154428,-0.01947407499999997,0.15434674999999987,2.0574999999970617e-05,8.125000000014371e-05,8.38146355061104e-05
0.014375,0.090625,0.005,1.5625e-08,-0.0185802,0.193871,-0.02127527750000015,0.1929520000000001,0.0026950775000001495,0.0009189999999998921,0.00284745565918187
0.016875,0.090625,0.005,1.5625e-08,0.0217059,0.169468,0.019546237499999786,0.16914300000000013,0.0021596625000002145,0.00032499999999988094,0.0021839796505249537
0.019375,0.090625,0.005,1.5625e-08,0.0626224,0.149123,0.06162244999999975,0.14932025000000013,0.0009999500000002423,-0.00019725000000012094,0.0010192190956808708
0.021875,0.090625,0.005,1.5625e-08,0.103152,0.132707,0.10314267499999973,0.13293575000000013,9.325000000268147e-06,-0.00022875000000013856,0.00022893998804286768
0.024375,0.090625,0.005,1.5625e-08,0.142977,0.119591,0.1432064999999997,0.11930625000000011,-0.00022949999999971604,0.00028474999999988926,0.000365722316108556
0.026875,0.090625,0.005,1.5625e-08,0.181267,0.108971,0.1813979999999997,0.10781650000000009,-0.00013099999999968692,0.0011544999999999056,0.0011619084516431145
0.029375,0.090625,0.005,1.5625e-08,0.217902,0.0978247,0.21755099999999966,0.0979610750000001,0.00035100000000035103,-0.00013637500000010516,0.00037656226659780334
0.031875,0.090625,0.005,1.5625e-08,0.250834,0.0891333,0.25161949999999966,0.08933685000000009,-0.0007854999999996615,-0.00020355000000009393,0.000811444916491259
0.034375,0.090625,0.005,1.5625e-08,0.283197,0.0818805,0.28360649999999965,0.08162292500000008,-0.000409499999999674,0.00025757499999991273,0.000483771775349377
0.036875,0.090625,0.005,1.5625e-08,0.313373,0.0748335,0.3135282499999997,0.07455942500000008,-0.0001552499999996626,0.00027407499999991536,0.00031499153659241203
0.039375,0.090625,0.005,1.5625e-08,0.341329,0.0681525,0.34139099999999967,0.06793185000000007,-6.199999999967343e-05,0.0002206499999999334,0.00022919516247061174
0.041875,0.090625,0.005,1.5625e-08,0.367134,0.0617033,0.36718174999999964,0.06155867500000007,-4.774999999962448e-05,0.000144624999999933,0.00015230381848445153
0.044375,0.090625,0.005,1.5625e-08,0.390753,0.0553508,0.3908569999999997,0.05528247500000007,-0.00010399999999965992,6.832499999993163e-05,0.00012443594988957138
0.046875,0.090625,0.005,1.5625e-08,0.412067,0.0490432,0.41234499999999963,0.04896307500000006,-0.0002779999999996119,8.012499999994482e-05,0.0002893164627614118
0.049375,0.090625,0.005,1.5625e-08,0.431037,0.0428133,0.4315374999999997,0.04247250000000005,-0.0005004999999996818,0.0003407999999999467,0.0006055120890615191
0.051875,0.090625,0.005,1.5625e-08,0.447607,0.035866,0.4482927499999997,0.03569107500000004,-0.0006857499999997074,0.0001749249999999647,0.0007077088512408095
0.054375,0.090625,0.005,1.5625e-08,0.461762,0.0286495,0.4624279999999997,0.028503675000000037,-0.0006659999999996669,0.00014582499999996404,0.000681777772169602
0.056875,0.090625,0.005,1.5625e-08,0.473258,0.0209724,0.47372199999999964,0.02079612500000003,-0.0004639999999996314,0.00017627499999996882,0.0004963555939290369
0.059375,0.090625,0.005,1.5625e-08,0.48182,0.0128132,0.48190849999999974,0.012450650000000018,-8.849999999971381e-05,0.00036254999999998233,0.00037319532754301267
0.061875,0.090625,0.005,1.5625e-08,0.486958,0.00375757,0.48667124999999967,0.003339400000000008,0.00028675000000033535,0.000418169999999992,0.00050704211994684
0.064375,0.090625,0.005,1.5625e-08,0.488227,-0.00631166,0.48763774999999965,-0.006685130000000032,0.0005892500000003742,0.00037347000000003197,0.0006976355806583154
0.066875,0.090625,0.005,1.5625e-08,0.485177,-0.0175295,0.48436774999999965,-0.01780627500000005,0.0008092500000003722,0.0002767750000000485,0.0008552718650380295
0.069375,0.090625,0.005,1.5625e-08,0.47734,-0.0300634,0.4763329999999997,-0.030270175000000066,0.0010070000000003132,0.00020677500000006524,0.0010280101656236955
0.071875,0.090625,0.005,1.5625e-08,0.464055,-0.0443317,0.4628902499999997,-0.044432625,0.0011647500000002697,0.00010092500000000171,0.0011691143734150345
0.074375,0.090625,0.005,1.5625e-08,0.444422,-0.0608365,0.44323449999999975,-0.06084075000000001,0.00118750000000023,4.250000000011189e-06,0.0011875076052390344
0.076875,0.090625,0.005,1.5625e-08,0.417391,-0.080916,0.41632624999999973,-0.08037715000000002,0.0010647500000002807,-0.0005388499999999796,0.001193336450880713
0.079375,0.090625,0.005,1.5625e-08,0.381752,-0.105289,0.3807897499999996,-0.10451000000000019,0.0009622500000003864,-0.0007789999999998076,0.0012380492972819959
0.081875,0.090625,0.005,1.5625e-08,0.335931,-0.136577,0.3348004999999995,-0.13570450000000026,0.0011305000000004783,-0.0008724999999997485,0.0014280358889049822
0.084375,0.090625,0.005,1.5625e-08,0.277682,-0.178726,0.2761049999999995,-0.17799525000000033,0.0015770000000004947,-0.0007307499999996692,0.0017380807123091484
0.086875,0.090625,0.005,1.5625e-08,0.205168,-0.237465,0.20265774999999991,-0.23734950000000005,0.002510250000000075,-0.00011549999999996285,0.002512905750819232
0.089375,0.090625,0.005,1.5625e-08,0.119174,-0.318421,0.11521424999999999,-0.32002425,0.003959750000000012,0.0016032500000000005,0.004272005457042406
0.091875,0.090625,0.005,1.5625e-08,0.0293781,-0.417909,0.024128962500000045,-0.42322599999999994,0.005249137499999956,0.005316999999999961,0.007471541574126813
0.094375,0.090625,0.005,1.5625e-08,-0.0402014,-0.498577,-0.04124590000000017,-0.5077422500000003,0.0010445000000001703,0.009165250000000291,0.009224575210409728
0.099375,0.090625,0.005,1.5625e-08,-0.00595341,-0.140852,-0.003969179999999934,-0.1324005999999986,-0.001984230000000066,-0.008451400000001413,0.008681205599046952
0.001875,0.093125,0.005,1.5625e-08,-0.0373317,0.20601,-0.034181024999999934,0.20791574999999982,-0.003150675000000068,-0.0019057499999998173,0.0036822053199305348
0.006875,0.093125,0.005,1.5625e-08,-0.0758411,0.25884,-0.08189707500000008,0.2617912500000001,0.006055975000000088,-0.002951250000000072,0.006736817480318618
0.009375,0.093125,0.005,1.5625e-08,-0.0336471,0.215547,-0.03988042500000023,0.21603675000000014,0.006233325000000234,-0.0004897500000001498,0.006252535135297367
0.011875,0.093125,0.005,1.5625e-08,0.0207529,0.175565,0.01685412249999967,0.1754712500000002,0.003898777500000332,9.374999999980926e-05,0.0038999044933188814
0.014375,0.093125,0.005,1.5625e-08,0.0777956,0.144182,0.07604572499999962,0.14407175000000016,0.0017498750000003865,0.00011024999999983964,0.001753344683205877
0.016875,0.093125,0.005,1.5625e-08,0.13364,0.120896,0.13272324999999957,0.12047100000000015,0.000916750000000438,0.00042499999999985605,0.0010104729400140712
0.019375,0.093125,0.005,1.5625e-08,0.185626,0.103326,0.18527299999999955,0.10264292500000015,0.00035300000000046405,0.0006830749999998526,0.0007688956077551271
0.021875,0.093125,0.005,1.5625e-08,0.233466,0.089256,0.23344774999999954,0.08893185000000013,1.825000000046928e-05,0.0003241499999998704,0.0003246633410164029
0.024375,0.093125,0.005,1.5625e-08,0.277174,0.078351,0.27749749999999956,0.07814255000000012,-0.000323499999999588,0.0002084499999998879,0.00038484237357610027
0.026875,0.093125,0.005,1.5625e-08,0.317448,0.0695055,0.31781324999999955,0.0694390500000001,-0.00036524999999953955,6.644999999989853e-05,0.000371245424213754
0.029375,0.093125,0.005,1.5625e-08,0.354263,0.0624757,0.3547874999999995,0.06223587500000011,-0.0005244999999994837,0.00023982499999989498,0.0005767289490084645
0.031875,0.093125,0.005,1.5625e-08,0.388188,0.0561623,0.3887612499999995,0.05611640000000008,-0.0005732499999995255,4.589999999991823e-05,0.0005750846655053919
0.034375,0.093125,0.005,1.5625e-08,0.419318,0.0507708,0.4200119999999996,0.05077665000000008,-0.0006939999999995838,-5.850000000084954e-06,0.0006940246555414463
0.036875,0.093125,0.005,1.5625e-08,0.448071,0.0460004,0.44875099999999957,0.04598830000000008,-0.0006799999999995698,1.2099999999917732e-05,0.0006801076458910111
0.039375,0.093125,0.005,1.5625e-08,0.474488,0.0415884,0.47512799999999955,0.04157425000000006,-0.0006399999999995298,1.4149999999935048e-05,0.0006401564047163759
0.041875,0.093125,0.005,1.5625e-08,0.498623,0.037391,0.4992377499999996,0.03739240000000006,-0.0006147499999996087,-1.4000000000610746e-06,0.0006147515941415029
0.044375,0.093125,0.005,1.5625e-08,0.520504,0.0333178,0.5211227499999996,0.03332515000000005,-0.0006187499999996682,-7.3500000000517596e-06,0.0006187936530052568
0.046875,0.093125,0.005,1.5625e-08,0.540137,0.0293196,0.5407782499999996,0.02927207500000005,-0.0006412499999995935,4.752499999995108e-05,0.0006430086998824153
0.049375,0.093125,0.005,1.5625e-08,0.55755,0.0253178,0.5581559999999997,0.025144900000000046,-0.0006059999999996624,0.00017289999999995503,0.000630182838547334
0.051875,0.093125,0.005,1.5625e-08,0.572648,0.0210096,0.5731634999999996,0.020863725000000038,-0.000515499999999558,0.000145874999999962,0.0005357422567098223
0.054375,0.093125,0.005,1.5625e-08,0.585208,0.0163879,0.5856694999999996,0.016354175000000033,-0.0004614999999996705,3.3724999999967115e-05,0.0004627306188536627
0.056875,0.093125,0.005,1.5625e-08,0.595072,0.0115049,0.5954997499999997,0.011544502500000022,-0.00042774999999961594,-3.960250000002198e-05,0.00042957935297907785
0.059375,0.093125,0.005,1.5625e-08,0.602135,0.00637377,0.6024377499999995,0.006362485000000015,-0.0003027499999995742,1.1284999999985022e-05,0.0003029602510639669
0.061875,0.093125,0.005,1.5625e-08,0.606125,0.000794944,0.6062222499999996,0.0007312242500000059,-9.72499999996046e-05,6.371974999999413e-05,0.00011626594101448991
0.064375,0.093125,0.005,1.5625e-08,0.606661,-0.00536595,0.6065399999999996,-0.005437437500000022,0.00012100000000037081,7.148750000002171e-05,0.00014053989702693978
0.066875,0.093125,0.005,1.5625e-08,0.603331,-0.0122113,0.6030172499999996,-0.012253425000000037,0.0003137500000003346,4.2125000000036925e-05,0.0003165652825646127
0.069375,0.093125,0.005,1.5625e-08,0.595681,-0.0198613,0.5951997499999997,-0.01986647500000005,0.0004812500000003217,5.175000000051666e-06,0.00048127782322200365
0.071875,0.093125,0.005,1.5625e-08,0.583156,-0.0285385,0.5825259999999997,-0.028497525000000017,0.0006300000000003525,-4.0974999999984774e-05,0.0006313310942963628
0.074375,0.093125,0.005,1.5625e-08,0.56503,-0.0386099,0.5642742499999995,-0.03849500000000003,0.0007557500000004991,-0.00011489999999997336,0.000764434478880138
0.076875,0.093125,0.005,1.5625e-08,0.540291,-0.0507809,0.5394719999999997,-0.05043822500000004,0.0008190000000002362,-0.000342674999999959,0.0008877990513766946
0.079375,0.093125,0.005,1.5625e-08,0.507508,-0.0659204,0.5067474999999996,-0.06533030000000015,0.0007605000000003859,-0.0005900999999998574,0.0009625893516969834
0.081875,0.093125,0.005,1.5625e-08,0.464809,-0.0857444,0.4640759999999995,-0.0849632250000002,0.0007330000000005388,-0.0007811749999998008,0.0010712251773672416
0.084375,0.093125,0.005,1.5625e-08,0.409293,-0.113492,0.4084149999999994,-0.11259000000000027,0.0008780000000006005,-0.0009019999999997225,0.001258764473601219
0.086875,0.093125,0.005,1.5625e-08,0.336836,-0.154919,0.3353912499999998,-0.1540420000000001,0.0014447500000002167,-0.0008769999999999056,0.001690098092567547
0.089375,0.093125,0.005,1.5625e-08,0.242836,-0.219167,0.23997999999999986,-0.2188907500000001,0.002856000000000136,-0.00027624999999989464,0.0028693292007890485
0.091875,0.093125,0.005,1.5625e-08,0.127096,-0.315851,0.12173747499999998,-0.318079,0.005358525000000003,0.0022280000000000078,0.005803255480816355
0.094375,0.093125,0.005,1.5625e-08,0.00845558,-0.434288,0.0024983349999995177,-0.4418935000000006,0.005957245000000483,0.007605500000000598,0.009660869434995997
0.096875,0.093125,0.005,1.5625e-08,-0.0533535,-0.482168,-0.05064599999999997,-0.48213899999999976,-0.0027075000000000293,-2.900000000022329e-05,0.002707655304871758
0.099375,0.093125,0.005,1.5625e-08,-0.0142011,-0.180536,-0.006961729999999884,-0.16231767499999827,-0.0072393700000001155,-0.01821832500000173,0.01960397520409036
0.001875,0.095625,0.005,1.5625e-08,-0.0674541,0.281007,-0.0635008750000001,0.2852147500000002,-0.0039532249999999075,-0.004207750000000177,0.005773486638343052
0.004375,0.095625,0.005,1.5625e-08,-0.0565279,0.273436,-0.06956624999999977,0.2805534999999998,0.013038349999999775,-0.007117499999999777,0.01485454061802286
0.006875,0.095625,0.005,1.5625e-08,0.0256303,0.201338,0.017682495000000544,0.20060749999999972,0.007947804999999458,0.0007305000000002726,0.007981305317303478
0.009375,0.095625,0.005,1.5625e-08,0.121473,0.143243,0.11837505000000072,0.14118474999999972,0.0030979499999992804,0.002058250000000289,0.0037193665139371155
0.011875,0.095625,0.005,1.5625e-08,0.207996,0.105302,0.20744775000000076,0.10328819999999976,0.000548249999999223,0.002013800000000246,0.002087095709952023
0.014375,0.095625,0.005,1.5625e-08,0.281754,0.0800708,0.2820535000000008,0.0790132999999998,-0.00029950000000078525,0.0010575000000001972,0.0010990934901094116
0.016875,0.095625,0.005,1.5625e-08,0.343552,0.0633549,0.3444037500000008,0.06288274999999985,-0.0008517500000007616,0.00047215000000015717,0.0009738601978731064
0.019375,0.095625,0.005,1.5625e-08,0.396169,0.0520201,0.3971622500000007,0.05170227499999987,-0.0009932500000007227,0.0003178250000001326,0.0010428606297710735
0.021875,0.095625,0.005,1.5625e-08,0.441548,0.0437535,0.4424985000000007,0.04362909999999988,-0.0009505000000006869,0.00012440000000012164,0.0009586060765514352
0.024375,0.095625,0.005,1.5625e-08,0.481073,0.0375406,0.4820282500000007,0.037572874999999895,-0.0009552500000007402,-3.2274999999894194e-05,0.0009557950816605029
0.026875,0.095625,0.005,1.5625e-08,0.515978,0.032727,0.5169252500000007,0.03286579999999991,-0.0009472500000006212,-0.00013879999999991122,0.0009573651354113289
0.029375,0.095625,0.005,1.5625e-08,0.547085,0.0289736,0.5480407500000006,0.02908324999999992,-0.0009557500000005881,-0.000109649999999923,0.0009620193267295139
0.031875,0.095625,0.005,1.5625e-08,0.575106,0.0258187,0.5759907500000006,0.025944899999999924,-0.0008847500000005448,-0.0001261999999999236,0.0008937052100670247
0.034375,0.095625,0.005,1.5625e-08,0.600349,0.0230908,0.6012235000000006,0.023258249999999935,-0.0008745000000005554,-0.00016744999999993362,0.0008903874170836811
0.036875,0.095625,0.005,1.5625e-08,0.623204,0.0207135,0.6240595000000005,0.02088592499999994,-0.0008555000000005641,-0.00017242499999994138,0.0008727030598238699
0.039375,0.095625,0.005,1.5625e-08,0.643902,0.0185622,0.6447230000000005,0.018725899999999948,-0.0008210000000005158,-0.00016369999999994722,0.0008371610896361761
0.041875,0.095625,0.005,1.5625e-08,0.662582,0.0165459,0.6633622500000005,0.01669947499999995,-0.000780250000000482,-0.00015357499999995097,0.0007952203110621213
0.044375,0.095625,0.005,1.5625e-08,0.679324,0.0146085,0.6800642500000005,0.014743774999999956,-0.0007402500000004419,-0.00013527499999995557,0.0007525087296009545
0.046875,0.095625,0.005,1.5625e-08,0.694177,0.0127147,0.6948632500000005,0.01280669999999996,-0.0006862500000004434,-9.199999999996017e-05,0.000692389386473104
0.049375,0.095625,0.005,1.5625e-08,0.707167,0.0108123,0.7077500000000003,0.010843839999999967,-0.0005830000000003333,-3.153999999996708e-05,0.0005838525255579413
0.051875,0.095625,0.005,1.5625e-08,0.718232,0.00879014,0.7186745000000003,0.008816139999999972,-0.0004425000000003454,-2.5999999999972226e-05,0.00044326318367342917
0.054375,0.095625,0.005,1.5625e-08,0.727215,0.00660981,0.7275505000000004,0.006688249999999978,-0.0003355000000004882,-7.843999999997825e-05,0.00034454765069627763
0.056875,0.095625,0.005,1.5625e-08,0.733975,0.00430013,0.7342575000000005,0.004426974999999984,-0.0002825000000004074,-0.00012684499999998395,0.00030967063797723236
0.059375,0.095625,0.005,1.5625e-08,0.738409,0.00187644,0.7386410000000003,0.001999677499999991,-0.00023200000000034304,-0.00012323749999999106,0.0002627003643058132
0.061875,0.095625,0.005,1.5625e-08,0.740361,-0.00072526,0.7405120000000004,-0.0006278580000000015,-0.0001510000000003453,-9.74019999999985e-05,0.00017968903584833436
0.064375,0.095625,0.005,1.5625e-08,0.739592,-0.0035727,0.7396417500000003,-0.003494620000000002,-4.9750000000292616e-05,-7.807999999999773e-05,9.258265982368816e-05
0.066875,0.095625,0.005,1.5625e-08,0.735806,-0.00672183,0.7357580000000005,-0.006649597499999995,4.799999999949289e-05,-7.223250000000514e-05,8.672677819567645e-05
0.069375,0.095625,0.005,1.5625e-08,0.72866,-0.0102333,0.7285265000000004,-0.010160657499999986,0.00013349999999956452,-7.264250000001485e-05,0.00015198415314149
0.071875,0.095625,0.005,1.5625e-08,0.717732,-0.0142071,0.7175300000000004,-0.014130174999999953,0.0002019999999995914,-7.69250000000471e-05,0.00021615146454475426
0.074375,0.095625,0.005,1.5625e-08,0.70247,-0.0188194,0.7022202500000005,-0.018723024999999935,0.00024974999999949343,-9.637500000006516e-05,0.0002676998377376414
0.076875,0.095625,0.005,1.5625e-08,0.682083,-0.0243883,0.6818402500000005,-0.02421942499999992,0.0002427499999995142,-0.00016887500000008215,0.00029571325321126865
0.079375,0.095625,0.005,1.5625e-08,0.655404,-0.0313907,0.6552715000000002,-0.031117424999999938,0.0001324999999997578,-0.00027327500000006236,0.0003037029397700488
0.081875,0.095625,0.005,1.5625e-08,0.620703,-0.0407167,0.6207580000000004,-0.04034129999999991,-5.5000000000360316e-05,-0.00037540000000008816,0.00037940764357100905
0.084375,0.095625,0.005,1.5625e-08,0.575128,-0.0541668,0.5753817500000005,-0.053683274999999905,-0.00025375000000049663,-0.0004835250000000957,0.0005460636301067345
0.086875,0.095625,0.005,1.5625e-08,0.513768,-0.0754049,0.5140972500000007,-0.07476279999999973,-0.0003292500000007248,-0.0006421000000002702,0.0007215940496573017
0.089375,0.095625,0.005,1.5625e-08,0.428289,-0.111949,0.4281940000000009,-0.11109734999999958,9.499999999906805e-05,-0.0008516500000004257,0.0008569321574667086
0.091875,0.095625,0.005,1.5625e-08,0.306521,-0.178459,0.3043125000000011,-0.17794074999999931,0.002208499999998892,-0.0005182500000006918,0.002268491858591479
0.094375,0.095625,0.005,1.5625e-08,0.14177,-0.29483,0.13340610000000006,-0.2989042499999999,0.008363899999999952,0.004074249999999946,0.009303458296380908
0.096875,0.095625,0.005,1.5625e-08,-0.0214203,-0.43314,-0.031559130000000116,-0.4469935,0.010138830000000116,0.013853499999999963,0.017167275148342598
0.099375,0.095625,0.005,1.5625e-08,-0.0264558,-0.25078,-0.01707425499999983,-0.21666424999999823,-0.009381545000000172,-0.03411575000000178,0.03538216760812782
0.001875,0.098125,0.005,1.5625e-08,0.00136067,0.278459,-0.02425812499999925,0.2904587499999995,0.02561879499999925,-0.011999749999999476,0.02828986845700195
0.004375,0.098125,0.005,1.5625e-08,0.225624,0.139548,0.22192750000000178,0.1343774249999993,0.003696499999998215,0.0051705750000007045,0.006356017470131677
0.006875,0.098125,0.005,1.5625e-08,0.397477,0.070881,0.4031462500000017,0.06633074999999959,-0.00566925000000168,0.004550250000000408,0.007269468386685698
0.009375,0.098125,0.005,1.5625e-08,0.509688,0.0397983,0.5151257500000015,0.038697624999999736,-0.005437750000001462,0.001100675000000266,0.005548027624132876
0.011875,0.098125,0.005,1.5625e-08,0.585026,0.0253066,0.5889752500000014,0.025494599999999826,-0.0039492500000013475,-0.0001879999999998272,0.003953722241446733
0.014375,0.098125,0.005,1.5625e-08,0.638738,0.017665,0.6414445000000012,0.018296724999999868,-0.0027065000000011663,-0.0006317249999998678,0.0027792478704914297
0.016875,0.098125,0.005,1.5625e-08,0.679036,0.0132232,0.6810475000000011,0.013970429999999902,-0.002011500000001165,-0.0007472299999999026,0.0021458063572709777
0.019375,0.098125,0.005,1.5625e-08,0.710814,0.0104764,0.7123740000000011,0.01116653499999992,-0.001560000000001116,-0.0006901349999999199,0.001705838889880393
0.021875,0.098125,0.005,1.5625e-08,0.736856,0.00860586,0.7380605000000008,0.009235212499999933,-0.00120450000000083,-0.0006293524999999335,0.00135900876349572
0.024375,0.098125,0.005,1.5625e-08,0.758743,0.00724966,0.7597087500000009,0.007835052499999945,-0.0009657500000009867,-0.0005853924999999448,0.001129317245754306
0.026875,0.098125,0.005,1.5625e-08,0.777521,0.00623039,0.7783352500000008,0.006773852499999951,-0.0008142500000007935,-0.0005434624999999509,0.0009789558475270929
0.029375,0.098125,0.005,1.5625e-08,0.793904,0.00545499,0.7946115000000007,0.005936847499999958,-0.0007075000000006382,-0.00048185749999995857,0.0008560040305437311
0.031875,0.098125,0.005,1.5625e-08,0.808404,0.00481887,0.8089917500000007,0.005251824999999963,-0.0005877500000006641,-0.00043295499999996233,0.0007300000647436602
0.034375,0.098125,0.005,1.5625e-08,0.821289,0.00426708,0.8217892500000006,0.004671067499999966,-0.000500250000000535,-0.00040398749999996566,0.0006430054141737514
0.036875,0.098125,0.005,1.5625e-08,0.832782,0.00378796,0.8332202500000006,0.00416156499999997,-0.0004382500000005285,-0.00037360499999997045,0.000575885195612321
0.039375,0.098125,0.005,1.5625e-08,0.843046,0.00335754,0.8434330000000005,0.003699429999999973,-0.0003870000000005813,-0.0003418899999999732,0.0005163891672957825
0.041875,0.098125,0.005,1.5625e-08,0.852184,0.0029556,0.8525237500000005,0.003266644999999976,-0.0003397500000004161,-0.00031104499999997596,0.00046062897707945796
0.044375,0.098125,0.005,1.5625e-08,0.860255,0.00256955,0.8605490000000005,0.002849089999999979,-0.00029400000000046056,-0.0002795399999999792,0.00040568289537551265
0.046875,0.098125,0.005,1.5625e-08,0.867293,0.00219145,0.8675345000000005,0.002435304999999982,-0.0002415000000005607,-0.00024385499999998164,0.0003432018517217847
0.049375,0.098125,0.005,1.5625e-08,0.873311,0.00180918,0.8734795000000004,0.002015702499999985,-0.00016850000000045995,-0.00020652249999998477,0.00026654041533395777
0.051875,0.098125,0.005,1.5625e-08,0.878276,0.00140024,0.8783595000000005,0.001582022499999988,-8.350000000056923e-05,-0.00018178249999998793,0.000200042813683323
0.054375,0.098125,0.005,1.5625e-08,0.882107,0.00095591,0.8821325000000004,0.001126950249999991,-2.5500000000455714e-05,-0.000171040249999991,0.00017293067142668087
0.056875,0.098125,0.005,1.5625e-08,0.88472,0.000484412,0.8847362500000004,0.0006437524999999946,-1.6250000000495035e-05,-0.0001593404999999946,0.00016016696738174312
0.059375,0.098125,0.005,1.5625e-08,0.886055,-8.36662e-06,0.8860927500000004,0.00012593425749999812,-3.775000000039164e-05,-0.00013430087749999813,0.00013950551314302628
0.061875,0.098125,0.005,1.5625e-08,0.886037,-0.000533578,0.8861070000000005,-0.0004332459999999979,-7.00000000005696e-05,-0.00010033200000000213,0.00012233768930333845
0.064375,0.098125,0.005,1.5625e-08,0.884558,-0.00110549,0.8846650000000004,-0.0010415022499999955,-0.00010700000000041232,-6.398775000000453e-05,0.0001246733016734189
0.066875,0.098125,0.005,1.5625e-08,0.881475,-0.00173571,0.8816307500000005,-0.001708704999999991,-0.00015575000000045414,-2.7005000000008975e-05,0.00015807381986003232
0.069375,0.098125,0.005,1.5625e-08,0.876614,-0.00243635,0.8768382500000004,-0.0024488674999999863,-0.00022425000000037,1.2517499999986376e-05,0.00022459908794653552
0.071875,0.098125,0.005,1.5625e-08,0.869761,-0.00322741,0.8700780000000004,-0.0032836849999999754,-0.0003170000000003448,5.627499999997544e-05,0.00032195632564870633
0.074375,0.098125,0.005,1.5625e-08,0.860629,-0.00414561,0.8610715000000004,-0.004248799999999968,-0.0004425000000004564,0.00010318999999996831,0.0004543725631025683
0.076875,0.098125,0.005,1.5625e-08,0.848804,-0.00525698,0.8494240000000006,-0.00540571999999996,-0.0006200000000006201,0.0001487399999999606,0.0006375920228490607
0.079375,0.098125,0.005,1.5625e-08,0.833656,-0.00666481,0.8345370000000005,-0.006865244999999957,-0.0008810000000005758,0.00020043499999995718,0.0009035126945571918
0.081875,0.098125,0.005,1.5625e-08,0.814201,-0.00856289,0.8154382500000006,-0.008836829999999945,-0.0012372500000006337,0.0002739399999999448,0.0012672137491763328
0.084375,0.098125,0.005,1.5625e-08,0.788738,-0.011358,0.7904280000000006,-0.011739817499999928,-0.0016900000000005244,0.0003818174999999282,0.0017325947602679537
0.086875,0.098125,0.005,1.5625e-08,0.754064,-0.015946,0.7563182500000009,-0.016476674999999868,-0.0022542500000009014,0.0005306749999998694,0.0023158711143172295
0.089375,0.098125,0.005,1.5625e-08,0.703685,-0.0245001,0.7066505000000011,-0.025176849999999792,-0.0029655000000010645,0.0006767499999997921,0.0030417397673874126
0.091875,0.098125,0.005,1.5625e-08,0.623456,-0.0431383,0.6272242500000015,-0.04353029999999963,-0.003768250000001472,0.0003919999999996357,0.0037885844404620056
0.094375,0.098125,0.005,1.5625e-08,0.482139,-0.0917116,0.4846257500000009,-0.08946149999999965,-0.0024867500000009257,-0.002250100000000352,0.003353636171755396
0.096875,0.098125,0.005,1.5625e-08,0.223065,-0.225546,0.21174150000000055,-0.22402949999999958,0.011323499999999459,-0.0015165000000004203,0.01142459734520167
0.099375,0.098125,0.005,1.5625e-08,0.02701,-0.317992,-0.03874027499999965,-0.31940399999999874,0.06575027499999965,0.0014119999999987476,0.06576543474026135
0.098125,0.058125,0.005,1.5625e-08,-0.000857573,-0.0607977,-0.003819649999999972,-0.06362329999999977,0.0029620769999999723,0.0028255999999997686,0.00409364330565421
0.093125,0.060625,0.005,1.5625e-08,-0.0468299,-0.244963,-0.049291275000000086,-0.2453372500000002,0.002461375000000085,0.0003742500000002147,0.0024896646266366037
0.095625,0.061875,0.005,1.5625e-08,-0.0219649,-0.178365,-0.023014124999999934,-0.17805874999999974,0.001049224999999935,-0.0003062500000002577,0.0010930060215410624
0.098125,0.061875,0.005,1.5625e-08,-0.00444851,-0.0807797,-0.004586189999999967,-0.07992914999999973,0.00013767999999996644,-0.0008505500000002691,0.0008616211957121579
0.093125,0.063125,0.005,1.5625e-08,-0.0533682,-0.278236,-0.053873400000000106,-0.2773585000000003,0.0005052000000001083,-0.000877499999999698,0.0010125380437295082
0.095625,0.064375,0.005,1.5625e-08,-0.0250735,-0.204309,-0.02544144999999993,-0.2033649999999998,0.0003679499999999329,-0.0009440000000001947,0.0010131748133961475
0.098125,0.064375,0.005,1.5625e-08,-0.00473689,-0.093369,-0.005141667499999965,-0.0924384749999997,0.0004047774999999653,-0.0009305250000002929,0.0010147519894692333
0.093125,0.065625,0.005,1.5625e-08,-0.0585381,-0.312446,-0.0582918250000001,-0.3111815000000003,-0.00024627499999990005,-0.0012644999999997242,0.0012882591453679858
0.095625,0.066875,0.005,1.5625e-08,-0.0279173,-0.232028,-0.027908549999999928,-0.23079299999999975,-8.7500000000712e-06,-0.0012350000000002637,0.0012350309965748442
0.098125,0.066875,0.005,1.5625e-08,-0.00532235,-0.10734,-0.005730869999999961,-0.10633487499999966,0.00040851999999996086,-0.0010051250000003425,0.0010849722835287806
0.093125,0.068125,0.005,1.5625e-08,-0.0631614,-0.347743,-0.06239642500000011,-0.3463180000000003,-0.000764974999999897,-0.001424999999999732,0.001617347133618531
0.095625,0.069375,0.005,1.5625e-08,-0.0304229,-0.261965,-0.030382449999999925,-0.26020974999999974,-4.045000000007376e-05,-0.0017552500000002635,0.0017557160262983678
0.098125,0.069375,0.005,1.5625e-08,-0.00587268,-0.12282,-0.006354322499999956,-0.12167499999999962,0.0004816424999999564,-0.0011450000000003818,0.001242177321402658
0.093125,0.070625,0.005,1.5625e-08,-0.0673678,-0.383738,-0.0660229750000001,-0.38210200000000016,-0.0013448249999999107,-0.0016359999999998598,0.0021177937294798803
0.095625,0.071875,0.005,1.5625e-08,-0.0323273,-0.293995,-0.0328386999999999,-0.2914044999999995,0.000511399999999898,-0.002590500000000495,0.002640496205261894
0.098125,0.071875,0.005,1.5625e-08,-0.00637433,-0.13958,-0.007017227499999949,-0.13851224999999948,0.0006428974999999485,-0.0010677500000005336,0.0012463575963612221
0.075625,0.073125,0.005,1.5625e-08,-0.0824943,-0.24426,-0.08545837500000009,-0.2457864999999999,0.00296407500000008,0.001526499999999903,0.003334058016235647
0.093125,0.073125,0.005,1.5625e-08,-0.0711502,-0.418958,-0.0689929750000001,-0.4176517500000001,-0.0021572249999999016,-0.0013062499999998978,0.002521885953631589
0.095625,0.074375,0.005,1.5625e-08,-0.0334905,-0.32687,-0.0352707499999999,-0.3240834999999995,0.0017802499999999,-0.002786500000000469,0.003306640638548776
0.098125,0.074375,0.005,1.5625e-08,-0.00725386,-0.157634,-0.007733849999999943,-0.1569112499999994,0.0004799899999999432,-0.0007227500000006049,0.0008676162530755287
0.000625,0.075625,0.005,1.5625e-08,0.000477546,0.0244329,-0.00023642069999999985,0.02075125,0.0007139666999999999,0.0036816500000000016,0.0037502393485228246
0.075625,0.075625,0.005,1.5625e-08,-0.0361405,-0.225349,-0.03844572500000008,-0.2262609999999999,0.0023052250000000843,0.0009119999999999129,0.002479073677934004
0.095625,0.075625,0.005,1.5625e-08,-0.0349293,-0.341381,-0.0364834999999999,-0.3408617499999995,0.0015541999999998946,-0.0005192500000004707,0.0016386452338746666
0.098125,0.076875,0.005,1.5625e-08,-0.00831695,-0.177677,-0.008535064999999939,-0.17697174999999932,0.0002181149999999389,-0.0007052500000006845,0.0007382084500504846
0.078125,0.078125,0.005,1.5625e-08,-0.00784949,-0.257376,-0.009297613500000001,-0.25857650000000004,0.0014481235000000005,0.0012005000000000488,0.001881026826297905
0.095625,0.078125,0.005,1.5625e-08,-0.0386799,-0.374046,-0.03893674999999991,-0.37499349999999954,0.00025684999999990576,0.0009474999999995459,0.0009816965786326706
0.098125,0.079375,0.005,1.5625e-08,-0.00944493,-0.200033,-0.009481572499999938,-0.1988697499999994,3.664249999993721e-05,-0.0011632500000005874,0.0011638269782521852
0.065625,0.080625,0.005,1.5625e-08,0.144304,-0.0307773,0.14270000000000016,-0.031058450000000064,0.0016039999999998278,0.0002811500000000633,0.0016284536599177402
0.068125,0.081875,0.005,1.5625e-08,0.163998,-0.0567166,0.16784950000000015,-0.05591025000000005,-0.0038515000000001465,-0.0008063499999999488,0.003935003503492855
0.078125,0.080625,0.005,1.5625e-08,0.0511504,-0.228476,0.05032927500000017,-0.2299689999999999,0.0008211249999998255,0.0014929999999998833,0.0017039058852015168
0.080625,0.081875,0.005,1.5625e-08,0.0471174,-0.270881,0.049147850000000076,-0.27066375000000004,-0.0020304500000000794,-0.00021724999999994665,0.0020420393642141916
0.095625,0.080625,0.005,1.5625e-08,-0.0423729,-0.407901,-0.041509449999999906,-0.4093537499999997,-0.0008634500000000919,0.0014527499999996696,0.001689978835666056
0.098125,0.081875,0.005,1.5625e-08,-0.0109582,-0.225117,-0.010688232499999933,-0.22292774999999937,-0.0002699675000000668,-0.002189250000000642,0.0022058327256524
0.000625,0.083125,0.005,1.5625e-08,0.00170705,0.0324623,-0.0007120460000000009,0.029219225000000015,0.002419096000000001,0.003243074999999984,0.00404593140238943
0.073125,0.083125,0.005,1.5625e-08,0.175963,-0.112063,0.17360875000000028,-0.11376599999999984,0.0023542499999997246,0.0017029999999998435,0.002905632816186204
0.075625,0.084375,0.005,1.5625e-08,0.188306,-0.138164,0.1890565000000003,-0.13899799999999982,-0.0007505000000002926,0.0008339999999998071,0.0011219653515149733
0.078125,0.084375,0.005,1.5625e-08,0.159234,-0.180589,0.15816900000000023,-0.1810352499999999,0.0010649999999997606,0.0004462499999998981,0.0011547138444218113
0.080625,0.084375,0.005,1.5625e-08,0.120858,-0.231318,0.1201067500000001,-0.23135150000000004,0.0007512499999998978,3.350000000004738e-05,0.0007519965508563517
0.083125,0.084375,0.005,1.5625e-08,0.075998,-0.2921,0.07533440000000007,-0.29195850000000007,0.0006635999999999309,-0.0001414999999999611,0.0006785183932657222
0.085625,0.084375,0.005,1.5625e-08,0.0276902,-0.362298,0.026235575000000032,-0.3635147500000001,0.0014546249999999698,0.0012167500000000997,0.0018964214861483602
0.095625,0.083125,0.005,1.5625e-08,-0.046164,-0.441359,-0.04433684999999992,-0.4429944999999997,-0.001827150000000076,0.0016354999999996789,0.002452210711276506
0.098125,0.084375,0.005,1.5625e-08,-0.0128653,-0.253448,-0.012372452499999922,-0.2497347499999993,-0.0004928475000000772,-0.003713250000000695,0.003745814226675088
0.000625,0.085625,0.005,1.5625e-08,-0.000989384,0.03657,-0.0011012817500000015,0.035085925000000025,0.00011189775000000146,0.0014840749999999736,0.0014882875098850977
0.003125,0.086875,0.005,1.5625e-08,-0.0229884,0.16348,-0.022760524999999976,0.1611332499999999,-0.0002278750000000232,0.002346750000000092,0.0023577876448326388
0.050625,0.085625,0.005,1.5625e-08,0.256566,0.0717445,0.2537342500000002,0.07171512499999995,0.0028317499999997997,2.9375000000053664e-05,0.0028319023558597265
0.053125,0.086875,0.005,1.5625e-08,0.304163,0.0532544,0.3077964999999998,0.053211425000000034,-0.0036334999999997897,4.297499999996596e-05,0.0036337541332103727
0.075625,0.085625,0.005,1.5625e-08,0.233312,-0.123291,0.2311080000000003,-0.12522874999999983,0.0022039999999996784,0.0019377499999998354,0.00293470459544022
0.078125,0.086875,0.005,1.5625e-08,0.243653,-0.145444,0.24435549999999975,-0.1457527500000001,-0.000702499999999745,0.00030875000000010755,0.0007673544243045114
0.080625,0.086875,0.005,1.5625e-08,0.204708,-0.18819,0.20401024999999962,-0.18792575000000025,0.0006977500000003856,-0.00026424999999974386,0.0007461120056669793
0.083125,0.086875,0.005,1.5625e-08,0.155643,-0.241118,0.1543957499999996,-0.24089000000000033,0.0012472500000003939,-0.0002279999999996729,0.0012679182002403914
0.085625,0.086875,0.005,1.5625e-08,0.0982603,-0.30693,0.0961617749999996,-0.30779100000000037,0.0020985250000003924,0.0008610000000003892,0.002268287498450608
0.088125,0.086875,0.005,1.5625e-08,0.0357902,-0.387106,0.03337709999999999,-0.38897399999999993,0.0024131000000000083,0.0018679999999999253,0.0030516349077174616
0.095625,0.085625,0.005,1.5625e-08,-0.0502117,-0.47247,-0.047511399999999926,-0.47423224999999974,-0.002700300000000072,0.0017622499999997432,0.0032244604436245583
0.098125,0.086875,0.005,1.5625e-08,-0.0153153,-0.28559,-0.014957349999999897,-0.28033374999999905,-0.0003579500000001033,-0.0052562500000009615,0.005268424077939264
0.000625,0.088125,0.005,1.5625e-08,-0.00206985,0.0457923,-0.0017793802499999978,0.04421457499999998,-0.000290469750000002,0.0015777250000000229,0.0016042408956544324
0.003125,0.089375,0.005,1.5625e-08,-0.0370685,0.199468,-0.03454967499999996,0.1955829999999999,-0.002518825000000037,0.0038850000000001106,0.004630086865343462
0.020625,0.088125,0.005,1.5625e-08,0.0172135,0.177143,0.013425539999999868,0.17759500000000011,0.0037879600000001318,-0.000452000000000119,0.0038148322324318674
0.023125,0.089375,0.005,1.5625e-08,0.0790868,0.145172,0.07907522499999979,0.1450155000000001,1.1575000000207947e-05,0.00015649999999989284,0.00015692746931296404
0.025625,0.089375,0.005,1.5625e-08,0.114586,0.131483,0.11520699999999975,0.13181750000000012,-0.0006209999999997606,-0.00033450000000012636,0.000705358951172938
0.030625,0.088125,0.005,1.5625e-08,0.147552,0.126178,0.14203249999999978,0.1261275000000001,0.005519500000000205,5.0499999999925604e-05,0.005519731016997318
0.033125,0.089375,0.005,1.5625e-08,0.21509,0.101962,0.21548049999999974,0.1011744250000001,-0.0003904999999997383,0.0007875749999999015,0.0008790703217744531
0.035625,0.089375,0.005,1.5625e-08,0.245997,0.0932184,0.24561174999999974,0.09285805000000008,0.00038525000000025345,0.000360349999999926,0.000527512734443579
0.038125,0.089375,0.005,1.5625e-08,0.274469,0.085251,0.2739532499999997,0.08506525000000008,0.0005157500000003146,0.00018574999999991515,0.0005481798290709837
0.040625,0.089375,0.005,1.5625e-08,0.300968,0.0776592,0.3004392499999997,0.07759290000000006,0.0005287500000002998,6.629999999993585e-05,0.0005328904695153672
0.043125,0.089375,0.005,1.5625e-08,0.325481,0.0701993,0.3249917499999997,0.07026167500000008,0.0004892500000003297,-6.237500000007279e-05,0.0004932101003885988
0.045625,0.089375,0.005,1.5625e-08,0.347862,0.0627005,0.34751424999999975,0.06290987500000006,0.0003477500000002576,-0.00020937500000005327,0.00040591618977961626
0.048125,0.089375,0.005,1.5625e-08,0.367803,0.0551513,0.36788374999999973,0.05538852500000005,-8.074999999974075e-05,-0.0002372250000000492,0.00025059182573456274
0.050625,0.089375,0.005,1.5625e-08,0.38511,0.0473962,0.3859482499999997,0.04755737500000004,-0.0008382499999997073,-0.00016117500000004115,0.0008536043832622479
0.053125,0.089375,0.005,1.5625e-08,0.400345,0.0395729,0.40152149999999975,0.03928107500000004,-0.0011764999999997472,0.00029182499999996087,0.0012121526639101126
0.055625,0.089375,0.005,1.5625e-08,0.413852,0.0306125,0.4143809999999997,0.03042552500000003,-0.0005289999999997241,0.0001869749999999712,0.0005610709853705655
0.058125,0.089375,0.005,1.5625e-08,0.424278,0.0212317,0.4242629999999997,0.020853500000000025,1.5000000000264802e-05,0.0003781999999999744,0.0003784973447727059
0.060625,0.089375,0.005,1.5625e-08,0.431359,0.0108558,0.43085724999999975,0.010418402500000014,0.0005017500000002451,0.0004373974999999867,0.0006656347613417468
0.063125,0.089375,0.005,1.5625e-08,0.434625,-0.000680199,0.43380224999999967,-0.0010443727500000306,0.0008227500000003163,0.0003641737500000306,0.0008997444541032777
0.065625,0.089375,0.005,1.5625e-08,0.433712,-0.0135009,0.43267124999999973,-0.013732125000000048,0.0010407500000002567,0.0002312250000000484,0.0010661264292407147
0.068125,0.089375,0.005,1.5625e-08,0.428156,-0.0277597,0.42696374999999964,-0.027898525000000063,0.0011922500000003389,0.0001388250000000646,0.0012003051458382681
0.070625,0.089375,0.005,1.5625e-08,0.417458,-0.0439023,0.4160787499999997,-0.043894099999999985,0.001379250000000276,-8.200000000013752e-06,0.0013792743753513156
0.073125,0.089375,0.005,1.5625e-08,0.400615,-0.0625412,0.3992857499999998,-0.062235625,0.001329250000000226,-0.00030557500000000237,0.0013639214211697104
0.075625,0.089375,0.005,1.5625e-08,0.376757,-0.084435,0.3756759999999998,-0.08372555000000001,0.0010810000000002207,-0.0007094499999999865,0.0012930121045452196
0.078125,0.089375,0.005,1.5625e-08,0.34481,-0.110476,0.3440994999999997,-0.10965225000000009,0.0007105000000002804,-0.0008237499999999148,0.0010878300935809131
0.080625,0.089375,0.005,1.5625e-08,0.304078,-0.142917,0.3031154999999996,-0.1421070000000002,0.0009625000000004214,-0.0008099999999997831,0.001257977046690622
0.083125,0.089375,0.005,1.5625e-08,0.252446,-0.185092,0.25105899999999953,-0.18439675000000028,0.0013870000000004712,-0.0006952499999997308,0.0015514965557489751
0.085625,0.089375,0.005,1.5625e-08,0.188732,-0.241364,0.1865759999999995,-0.24125650000000037,0.0021560000000005186,-0.00010749999999962179,0.002158678357236704
0.088125,0.089375,0.005,1.5625e-08,0.113754,-0.316333,0.11046534999999996,-0.31761625000000004,0.003288650000000032,0.001283250000000069,0.003530148634972809
0.090625,0.089375,0.005,1.5625e-08,0.0344448,-0.408596,0.03015337500000002,-0.412332,0.004291424999999977,0.0037359999999999616,0.0056898176183973175
0.095625,0.088125,0.005,1.5625e-08,-0.0546052,-0.497034,-0.05068112499999993,-0.4995424999999996,-0.0039240750000000685,0.002508499999999636,0.004657352988084939
0.098125,0.089375,0.005,1.5625e-08,-0.0199716,-0.322973,-0.019312499999999868,-0.316486499999999,-0.0006591000000001311,-0.006486500000001005,0.006519899927147135
0.000625,0.090625,0.005,1.5625e-08,-0.00436294,0.0619903,-0.003085433749999995,0.05911742499999996,-0.001277506250000005,0.0028728750000000386,0.0031441108416234782
0.013125,0.090625,0.005,1.5625e-08,-0.0348795,0.205698,-0.04023170000000014,0.2063425000000001,0.00535220000000014,-0.0006445000000001033,0.005390864966774964
0.015625,0.091875,0.005,1.5625e-08,0.0435982,0.158251,0.04172279999999971,0.15799650000000015,0.0018754000000002838,0.00025449999999985207,0.0018925896042198342
0.018125,0.091875,0.005,1.5625e-08,0.092102,0.136246,0.09046704999999967,0.13619225000000013,0.0016349500000003292,5.374999999988028e-05,0.0016358332937683668
0.020625,0.091875,0.005,1.5625e-08,0.1379,0.119042,0.13729024999999967,0.11890300000000012,0.0006097500000003253,0.00013899999999987533,0.0006253927266129356
0.023125,0.091875,0.005,1.5625e-08,0.181483,0.105134,0.1814654999999996,0.10504042500000012,1.7500000000392202e-05,9.35749999998875e-05,9.519732467350473e-05
0.025625,0.091875,0.005,1.5625e-08,0.222684,0.0941175,0.22280399999999959,0.09372945000000012,-0.00011999999999959265,0.00038804999999988987,0.0004061807510207946
0.028125,0.091875,0.005,1.5625e-08,0.261676,0.0842017,0.2613489999999996,0.08430940000000012,0.0003270000000004103,-0.00010770000000011326,0.00034427937783186016
0.030625,0.091875,0.005,1.5625e-08,0.29691,0.0762012,0.2972302499999996,0.0762866500000001,-0.0003202499999995778,-8.545000000009795e-05,0.0003314540164181848
0.033125,0.091875,0.005,1.5625e-08,0.330055,0.0692404,0.3305952499999996,0.06928962500000008,-0.0005402499999996313,-4.922500000008323e-05,0.000542487938229607
0.035625,0.091875,0.005,1.5625e-08,0.361083,0.0631018,0.36157374999999964,0.06303315000000008,-0.0004907499999996512,6.864999999992016e-05,0.0004955283897009803
0.038125,0.091875,0.005,1.5625e-08,0.389858,0.0573799,0.3902652499999996,0.057292875000000076,-0.00040724999999963707,8.702499999992119e-05,0.0004164443697838772
0.040625,0.091875,0.005,1.5625e-08,0.416369,0.0519454,0.4167322499999996,0.05188692500000007,-0.00036324999999959307,5.8474999999932886e-05,0.0003679264710845042
0.043125,0.091875,0.005,1.5625e-08,0.440629,0.0466796,0.4409977499999996,0.046663775000000074,-0.0003687499999995847,1.5824999999927702e-05,0.000369089410745813
0.045625,0.091875,0.005,1.5625e-08,0.462613,0.0415039,0.4630442499999996,0.04149307500000006,-0.00043124999999960556,1.0824999999943519e-05,0.0004313858401995348
0.048125,0.091875,0.005,1.5625e-08,0.482287,0.0363956,0.48281499999999966,0.03625987500000005,-0.0005279999999996399,0.0001357249999999477,0.000545165365393479
0.050625,0.091875,0.005,1.5625e-08,0.499683,0.0311158,0.5002127499999998,0.030859825000000035,-0.0005297499999997735,0.00025597499999996387,0.000588352159106042
0.053125,0.091875,0.005,1.5625e-08,0.514542,0.0253387,0.5151012499999996,0.02519567500000004,-0.000559249999999567,0.00014302499999995985,0.000577249264291003
0.055625,0.091875,0.005,1.5625e-08,0.526801,0.0191554,0.5273022499999998,0.019173975000000027,-0.0005012499999997866,-1.8575000000027597e-05,0.0005015940521226175
0.058125,0.091875,0.005,1.5625e-08,0.536224,0.0127572,0.5365954999999997,0.01270140000000002,-0.000371499999999636,5.579999999997913e-05,0.00037566725968565215
0.060625,0.091875,0.005,1.5625e-08,0.542612,0.00583617,0.5427144999999997,0.005680615000000012,-0.0001024999999996723,0.00015555499999998779,0.00018628904429656895
0.063125,0.091875,0.005,1.5625e-08,0.545524,-0.00181474,0.5453419999999997,-0.00199654250000002,0.00018200000000034855,0.00018180250000002013,0.0002572472526702359
0.065625,0.091875,0.005,1.5625e-08,0.544526,-0.0103185,0.5441004999999997,-0.010459300000000032,0.00042550000000030064,0.0001408000000000329,0.000448190684865566
0.068125,0.091875,0.005,1.5625e-08,0.539159,-0.0197913,0.5385392499999997,-0.01987535000000005,0.0006197500000003631,8.405000000004728e-05,0.0006254234285669653
0.070625,0.091875,0.005,1.5625e-08,0.528906,-0.0304602,0.5281089999999997,-0.030480625000000008,0.0007970000000002697,2.0425000000007937e-05,0.0007972616763807415
0.073125,0.091875,0.005,1.5625e-08,0.513053,-0.0426937,0.5121259999999997,-0.042631650000000014,0.0009270000000002332,-6.204999999998712e-05,0.0009290743794231067
0.075625,0.091875,0.005,1.5625e-08,0.490736,-0.0571165,0.4897029999999997,-0.05689932500000003,0.0010330000000002837,-0.00021717499999997225,0.0010555822945775351
0.078125,0.091875,0.005,1.5625e-08,0.460607,-0.0748127,0.4596469999999997,-0.0742384500000001,0.000960000000000294,-0.0005742499999999012,0.001118643402743006
0.080625,0.091875,0.005,1.5625e-08,0.421233,-0.0970905,0.42029424999999954,-0.09629417500000019,0.0009387500000004878,-0.0007963249999998062,0.0012310097758042409
0.083125,0.091875,0.005,1.5625e-08,0.370399,-0.126832,0.36930099999999944,-0.12593175000000026,0.001098000000000543,-0.0009002499999997415,0.0014198781857964883
0.085625,0.091875,0.005,1.5625e-08,0.305167,-0.168829,0.3035512499999994,-0.16803575000000034,0.0016157500000006375,-0.0007932499999996623,0.001799970451146775
0.088125,0.091875,0.005,1.5625e-08,0.222656,-0.230307,0.2198767499999999,-0.23015000000000008,0.002779250000000094,-0.00015699999999993497,0.0027836809376256652
0.090625,0.091875,0.005,1.5625e-08,0.123576,-0.318432,0.118738475,-0.32039725,0.004837525000000009,0.0019652500000000295,0.005221480220026233
0.093125,0.091875,0.005,1.5625e-08,0.022228,-0.426822,0.014947327500000064,-0.43329974999999993,0.0072806724999999375,0.006477749999999949,0.009745226375757246
0.098125,0.090625,0.005,1.5625e-08,-0.0237098,-0.337426,-0.02267839999999985,-0.33742624999999893,-0.001031400000000151,2.4999999892472147e-07,0.0010314000302987735
0.000625,0.093125,0.005,1.5625e-08,-0.0103634,0.0926928,-0.006121017499999987,0.08549324999999991,-0.004242382500000013,0.007199550000000096,0.008356514194256344
0.005625,0.093125,0.005,1.5625e-08,-0.0883606,0.277596,-0.09040597500000003,0.28035775,0.00204537500000003,-0.0027617500000000073,0.0034366876426473736
0.008125,0.094375,0.005,1.5625e-08,-0.0115608,0.210242,-0.018879264999999652,0.21092099999999983,0.007318464999999653,-0.0006789999999998186,0.007349895982680277
0.010625,0.094375,0.005,1.5625e-08,0.0600252,0.162149,0.05564145000000051,0.16154524999999978,0.004383749999999492,0.0006037500000002083,0.004425130294691423
0.013125,0.094375,0.005,1.5625e-08,0.130172,0.127331,0.12826835000000053,0.1262877499999998,0.0019036499999994794,0.0010432500000001899,0.002170772647008068
0.015625,0.094375,0.005,1.5625e-08,0.194515,0.102147,0.19393375000000057,0.10157129999999982,0.0005812499999994225,0.0005757000000001788,0.0008180966034030055
0.018125,0.094375,0.005,1.5625e-08,0.251987,0.0844581,0.2520980000000006,0.08394834999999985,-0.00011100000000058285,0.000509750000000142,0.0005216953732785774
0.020625,0.094375,0.005,1.5625e-08,0.303183,0.0715072,0.30353625000000056,0.07103044999999987,-0.00035325000000058226,0.0004767500000001368,0.0005933600298305758
0.023125,0.094375,0.005,1.5625e-08,0.348697,0.0614729,0.3492582500000006,0.061268424999999876,-0.0005612500000006237,0.00020447500000012053,0.0005973370808226704
0.025625,0.094375,0.005,1.5625e-08,0.389509,0.0537334,0.39018025000000056,0.053662299999999906,-0.0006712500000005672,7.11000000000947e-05,0.0006750050166485986
0.028125,0.094375,0.005,1.5625e-08,0.42631,0.0475037,0.4270507500000006,0.0475561249999999,-0.0007407500000005673,-5.242499999989769e-05,0.0007426028165350774
0.030625,0.094375,0.005,1.5625e-08,0.459701,0.0425765,0.46045650000000055,0.042508299999999916,-0.0007555000000005196,6.820000000008763e-05,0.0007585720071297102
0.033125,0.094375,0.005,1.5625e-08,0.490049,0.0381609,0.49084575000000047,0.038212324999999915,-0.0007967500000004568,-5.142499999991751e-05,0.0007984078488627973
0.035625,0.094375,0.005,1.5625e-08,0.517725,0.0343709,0.5185520000000005,0.03444829999999993,-0.0008270000000004663,-7.739999999992891e-05,0.0008306140860837602
0.038125,0.094375,0.005,1.5625e-08,0.54301,0.0309791,0.5438177500000005,0.031052474999999934,-0.0008077500000005511,-7.33749999999346e-05,0.000811075799864526
0.040625,0.094375,0.005,1.5625e-08,0.566034,0.0278267,0.5668085000000004,0.02789874999999994,-0.0007745000000003444,-7.20499999999416e-05,0.0007778441055253456
0.043125,0.094375,0.005,1.5625e-08,0.586877,0.0248152,0.5876252500000004,0.02488637499999995,-0.0007482500000004499,-7.117499999995114e-05,0.0007516275295155615
0.045625,0.094375,0.005,1.5625e-08,0.605585,0.0218866,0.6063137500000004,0.021932074999999954,-0.0007287500000003888,-4.547499999995458e-05,0.0007301674726564876
0.048125,0.094375,0.005,1.5625e-08,0.622187,0.0189951,0.6228710000000005,0.018964899999999958,-0.000684000000000462,3.0200000000042693e-05,0.0006846663713084166
0.050625,0.094375,0.005,1.5625e-08,0.636687,0.0160094,0.6372487500000004,0.01592254999999996,-0.0005617500000003606,8.685000000004106e-05,0.0005684241242245198
0.053125,0.094375,0.005,1.5625e-08,0.64891,0.0127801,0.6493595000000004,0.01274869999999997,-0.00044950000000043566,3.140000000003036e-05,0.0004505953950057563
0.055625,0.094375,0.005,1.5625e-08,0.658687,0.00932389,0.6590740000000004,0.009390782499999977,-0.0003870000000003593,-6.689249999997787e-05,0.0003927385982514644
0.058125,0.094375,0.005,1.5625e-08,0.665888,0.00570869,0.6662260000000004,0.005797794999999984,-0.00033800000000039354,-8.91049999999843e-05,0.00034954785226813114
0.060625,0.094375,0.005,1.5625e-08,0.670382,0.00186144,0.6706085000000004,0.0019175074999999919,-0.00022650000000035142,-5.606749999999185e-05,0.00023333626926907072
0.063125,0.094375,0.005,1.5625e-08,0.671898,-0.002336,0.6719715000000004,-0.0023072775000000114,-7.35000000003927e-05,-2.8722499999988584e-05,7.891281268784601e-05
0.065625,0.094375,0.005,1.5625e-08,0.670101,-0.0069729,0.6700150000000004,-0.006944867500000002,8.599999999958641e-05,-2.8032499999997885e-05,9.045341926195352e-05
0.068125,0.094375,0.005,1.5625e-08,0.664607,-0.0121289,0.6643790000000004,-0.012084824999999993,0.0002279999999995619,-4.407500000000626e-05,0.00023222102752507313
0.070625,0.094375,0.005,1.5625e-08,0.654974,-0.0179221,0.6546187500000005,-0.017855524999999952,0.00035524999999947404,-6.657500000004785e-05,0.00036143435520801377
0.073125,0.094375,0.005,1.5625e-08,0.640635,-0.0245556,0.6401715000000004,-0.024455324999999934,0.000463499999999506,-0.00010027500000006628,0.00047422286493225456
0.075625,0.094375,0.005,1.5625e-08,0.620835,-0.0323964,0.6202857500000004,-0.032209574999999914,0.0005492499999996125,-0.00018682500000008484,0.0005801544131734293
0.078125,0.094375,0.005,1.5625e-08,0.59444,-0.0420427,0.5939075000000005,-0.04167824999999992,0.0005324999999994917,-0.00036445000000008554,0.0006452751757967457
0.080625,0.094375,0.005,1.5625e-08,0.5599,-0.0544069,0.5594677500000004,-0.05386489999999993,0.0004322499999995788,-0.0005420000000000702,0.0006932561305172223
0.083125,0.094375,0.005,1.5625e-08,0.514857,-0.0713342,0.5145092500000004,-0.07063312499999991,0.00034774999999964695,-0.0007010750000000926,0.0007825830423187588
0.085625,0.094375,0.005,1.5625e-08,0.455509,-0.0963883,0.4550832500000003,-0.09553424999999989,0.00042574999999972496,-0.0008540500000001061,0.000954287412156289
0.088125,0.094375,0.005,1.5625e-08,0.375977,-0.136301,0.3749980000000008,-0.13535399999999959,0.0009789999999992305,-0.0009470000000004197,0.0013620756219826005
0.090625,0.094375,0.005,1.5625e-08,0.268804,-0.202661,0.2661237500000009,-0.20224774999999945,0.002680249999999107,-0.000413250000000559,0.0027119210211574516
0.093125,0.094375,0.005,1.5625e-08,0.131641,-0.308735,0.12561195000000086,-0.31177024999999925,0.006029049999999148,0.0030352499999992677,0.006749976775144139
0.095625,0.094375,0.005,1.5625e-08,-0.00531501,-0.436188,-0.013198850000000099,-0.4475855000000001,0.007883840000000098,0.01139750000000006,0.013858497010700795
0.098125,0.094375,0.005,1.5625e-08,-0.0512744,-0.416727,-0.04252439999999991,-0.4124794999999994,-0.008750000000000091,-0.004247500000000626,0.009726446229225087
0.000625,0.095625,0.005,1.5625e-08,-0.0253919,0.159383,-0.016156857500000055,0.13947527500000023,-0.009235042499999943,0.019907724999999765,0.021945467063893193
0.003125,0.096875,0.005,1.5625e-08,-0.0401039,0.278212,-0.05559522499999963,0.2899392499999997,0.015491324999999632,-0.01172724999999969,0.01942960480344637
0.005625,0.096875,0.005,1.5625e-08,0.0922123,0.180685,0.08434482500000087,0.17930199999999955,0.007867474999999124,0.0013830000000004672,0.007988106901864328
0.008125,0.096875,0.005,1.5625e-08,0.222759,0.113732,0.2223440000000011,0.11075039999999965,0.00041499999999891624,0.002981600000000348,0.0030103427645371507
0.010625,0.096875,0.005,1.5625e-08,0.326454,0.0755114,0.3283352500000011,0.07387047499999973,-0.0018812500000010557,0.001640925000000279,0.0024963446112525986
0.013125,0.096875,0.005,1.5625e-08,0.406444,0.0537449,0.408491500000001,0.0529542999999998,-0.002047500000000979,0.0007906000000001967,0.0021948358959166673
0.015625,0.096875,0.005,1.5625e-08,0.468926,0.0402742,0.47076725000000097,0.04022219999999985,-0.0018412500000009602,5.200000000015609e-05,0.0018419841374190907
0.018125,0.096875,0.005,1.5625e-08,0.519083,0.0317565,0.5207420000000009,0.03195854999999988,-0.0016590000000009653,-0.00020204999999987733,0.0016712585684157772
0.020625,0.096875,0.005,1.5625e-08,0.560631,0.0260268,0.5620327500000009,0.026289349999999895,-0.0014017500000008676,-0.0002625499999998962,0.0014261260691125373
0.023125,0.096875,0.005,1.5625e-08,0.595789,0.0218695,0.5969852500000008,0.02220829999999991,-0.001196250000000787,-0.00033879999999991,0.0012433018549418407
0.025625,0.096875,0.005,1.5625e-08,0.626082,0.0187624,0.6271510000000008,0.019142999999999924,-0.0010690000000007638,-0.00038059999999992544,0.0011347322856081854
0.028125,0.096875,0.005,1.5625e-08,0.652583,0.0163635,0.6535802500000008,0.01675059999999993,-0.0009972500000007267,-0.00038709999999993194,0.0010697448165340167
0.030625,0.096875,0.005,1.5625e-08,0.676093,0.0144858,0.6769985000000006,0.014815699999999939,-0.0009055000000005586,-0.0003298999999999386,0.0009637241617812491
0.033125,0.096875,0.005,1.5625e-08,0.697098,0.0128679,0.6979152500000007,0.013196824999999945,-0.0008172500000006577,-0.00032892499999994523,0.0008809592601965422
0.035625,0.096875,0.005,1.5625e-08,0.715921,0.0114741,0.7166875000000006,0.011796954999999951,-0.0007665000000005584,-0.0003228549999999518,0.0008317196649267257
0.038125,0.096875,0.005,1.5625e-08,0.732846,0.0102431,0.7335672500000006,0.010546602499999957,-0.0007212500000005617,-0.000303502499999957,0.0007825058018999183
0.040625,0.096875,0.005,1.5625e-08,0.748049,0.00911409,0.7487227500000007,0.00939391499999996,-0.0006737500000006946,-0.0002798249999999593,0.0007295485543306307
0.043125,0.096875,0.005,1.5625e-08,0.761638,0.0080445,0.7622625000000005,0.008298667499999966,-0.0006245000000004719,-0.00025416749999996636,0.000674241327757964
0.045625,0.096875,0.005,1.5625e-08,0.773674,0.00700876,0.7742442500000005,0.007228529999999967,-0.0005702500000005495,-0.00021976999999996725,0.0006111333041167142
0.048125,0.096875,0.005,1.5625e-08,0.784194,0.00598465,0.7846837500000005,0.006156602499999973,-0.0004897500000005106,-0.00017195249999997237,0.0005190594616773117
0.050625,0.096875,0.005,1.5625e-08,0.793191,0.00492643,0.7935622500000005,0.005059874999999977,-0.00037125000000048924,-0.00013344499999997685,0.00039450491825243075
0.053125,0.096875,0.005,1.5625e-08,0.800576,0.00378388,0.8008290000000003,0.003918052499999982,-0.0002530000000003918,-0.0001341724999999825,0.00028637608097821916
0.055625,0.096875,0.005,1.5625e-08,0.806223,0.00255782,0.8064047500000004,0.002712662499999987,-0.00018175000000042463,-0.00015484249999998681,0.0002387661247044904
0.058125,0.096875,0.005,1.5625e-08,0.810031,0.00127087,0.8101840000000005,0.0014261794999999922,-0.00015300000000051384,-0.00015530949999999232,0.0002180138545836132
0.060625,0.096875,0.005,1.5625e-08,0.811905,-8.91501e-05,0.8120347500000005,4.1004299999997726e-05,-0.00012975000000048365,-0.00013015439999999773,0.00018378038616643756
0.063125,0.096875,0.005,1.5625e-08,0.811702,-0.00155937,0.8117972500000004,-0.0014619825000000005,-9.525000000032424e-05,-9.738749999999951e-05,0.00013622366775385133
0.065625,0.096875,0.005,1.5625e-08,0.809221,-0.00317387,0.8092795000000004,-0.003105739999999994,-5.850000000040545e-05,-6.813000000000608e-05,8.979948162460776e-05
0.068125,0.096875,0.005,1.5625e-08,0.804218,-0.00496301,0.8042510000000004,-0.004920854999999988,-3.3000000000393825e-05,-4.215500000001246e-05,5.353544643530157e-05
0.070625,0.096875,0.005,1.5625e-08,0.796402,-0.00696788,0.7964260000000004,-0.006952182499999968,-2.400000000035707e-05,-1.569750000003211e-05,2.8677717940382695e-05
0.073125,0.096875,0.005,1.5625e-08,0.7854,-0.00926005,0.7854362500000005,-0.009270587499999957,-3.625000000051504e-05,1.0537499999956068e-05,3.7750515311534684e-05
0.075625,0.096875,0.005,1.5625e-08,0.770698,-0.0119699,0.7707827500000005,-0.011994464999999946,-8.475000000052191e-05,2.4564999999945186e-05,8.823832344897408e-05
0.078125,0.096875,0.005,1.5625e-08,0.751533,-0.0153143,0.7517425000000004,-0.015331499999999939,-0.00020950000000041769,1.7199999999939486e-05,0.00021020487625212915
0.080625,0.096875,0.005,1.5625e-08,0.72676,-0.0196489,0.7271950000000005,-0.019662174999999938,-0.0004350000000005183,1.3274999999937642e-05,0.0004352025110514061
0.083125,0.096875,0.005,1.5625e-08,0.694537,-0.0256926,0.6952832500000004,-0.025719349999999922,-0.0007462500000003924,2.674999999992267e-05,0.0007467292849490916
0.085625,0.096875,0.005,1.5625e-08,0.651613,-0.0349475,0.6527267500000005,-0.0349946249999999,-0.0011137500000004685,4.712499999989794e-05,0.0011147465308876427
0.088125,0.096875,0.005,1.5625e-08,0.591944,-0.0506953,0.593403000000001,-0.05072104999999974,-0.0014590000000009873,2.5749999999741258e-05,0.0014592272141455104
0.090625,0.096875,0.005,1.5625e-08,0.504089,-0.0805446,0.5054930000000011,-0.08038914999999958,-0.001404000000001071,-0.00015545000000041775,0.0014125794499790579
0.093125,0.096875,0.005,1.5625e-08,0.36811,-0.142528,0.3671027500000014,-0.14217774999999927,0.0010072499999985718,-0.00035025000000071804,0.0010664087513695796
0.095625,0.096875,0.005,1.5625e-08,0.165726,-0.269218,0.15303220000000017,-0.2741449999999998,0.012693799999999839,0.004926999999999793,0.013616456493522604
0.098125,0.096875,0.005,1.5625e-08,-0.0335401,-0.413667,-0.048627625000000084,-0.4286612499999998,0.01508752500000008,0.01499424999999982,0.021271129346795904
0.000625,0.098125,0.005,1.5625e-08,-0.00105551,0.2693,-0.04621937500000002,0.26175800000000043,0.04516386500000002,0.007541999999999549,0.045789261467490606
0.003125,0.099375,0.005,1.5625e-08,0.534527,0.0766724,0.5792085000000041,0.053108849999999284,-0.04468150000000415,0.023563550000000717,0.05051413001183832
0.005625,0.099375,0.005,1.5625e-08,0.71894,0.0275779,0.7367262500000027,0.01592745499999975,-0.017786250000002668,0.011650445000000249,0.021262256647887254
0.008125,0.099375,0.005,1.5625e-08,0.79665,0.0112817,0.804578250000002,0.007473262499999878,-0.00792825000000208,0.0038084375000001225,0.008795529788133296
0.010625,0.099375,0.005,1.5625e-08,0.838169,0.00563519,0.8420845000000017,0.004399649999999927,-0.003915500000001626,0.001235540000000073,0.004105812872210924
0.013125,0.099375,0.005,1.5625e-08,0.86393,0.00342623,0.8661667500000014,0.002948376499999951,-0.002236750000001453,0.00047785350000004905,0.002287224197574168
0.015625,0.099375,0.005,1.5625e-08,0.88179,0.00235424,0.8832052500000013,0.002151554499999964,-0.0014152500000013113,0.00020268550000003592,0.0014296901672789025
0.018125,0.099375,0.005,1.5625e-08,0.895118,0.00177058,0.8961035000000012,0.0016666609999999723,-0.0009855000000011938,0.0001039190000000276,0.0009909638785361244
0.020625,0.099375,0.005,1.5625e-08,0.905673,0.00141363,0.9063562500000011,0.0013478447499999774,-0.0006832500000011343,6.578525000002248e-05,0.0006864096893394757
0.023125,0.099375,0.005,1.5625e-08,0.914345,0.00116492,0.9148047500000009,0.0011248432499999812,-0.0004597500000009802,4.0076750000018905e-05,0.00046149345433219886
0.025625,0.099375,0.005,1.5625e-08,0.921648,0.000983942,0.9219525000000008,0.0009605764999999841,-0.000304500000000818,2.336550000001591e-05,0.0003053951482763747
0.028125,0.099375,0.005,1.5625e-08,0.927924,0.000847922,0.9281187500000009,0.000834012499999986,-0.00019475000000090947,1.3909500000013932e-05,0.00019524609263850743
0.030625,0.099375,0.005,1.5625e-08,0.933416,0.00074482,0.9335130000000007,0.0007324579999999877,-9.700000000067988e-05,1.236200000001228e-05,9.778455422065491e-05
0.033125,0.099375,0.005,1.5625e-08,0.938268,0.000653621,0.9382762500000007,0.000647824999999989,-8.250000000709079e-06,5.79600000001092e-06,1.0082465770426715e-05
0.035625,0.099375,0.005,1.5625e-08,0.94256,0.000574287,0.9425052500000006,0.0005746814999999905,5.474999999932617e-05,-3.9449999999043635e-07,5.475142126170067e-05
0.038125,0.099375,0.005,1.5625e-08,0.946366,0.000504211,0.9462652500000005,0.0005092097499999914,0.00010074999999953871,-4.998749999991455e-06,0.00010087393122838757
0.040625,0.099375,0.005,1.5625e-08,0.949734,0.000439479,0.9495992500000006,0.00044859649999999236,0.00013474999999940618,-9.117499999992365e-06,0.00013505810344473901
0.043125,0.099375,0.005,1.5625e-08,0.952694,0.000377427,0.9525335000000005,0.0003906844999999935,0.00016049999999956377,-1.3257499999993474e-05,0.0001610466122155626
0.045625,0.099375,0.005,1.5625e-08,0.955259,0.000316721,0.9550827500000004,0.0003337589249999943,0.00017624999999954483,-1.7037924999994318e-05,0.00017707160525658817
0.048125,0.099375,0.005,1.5625e-08,0.957438,0.000256033,0.9572485000000005,0.0002764110999999952,0.0001894999999995095,-2.0378099999995196e-05,0.00019059254172035145
0.050625,0.099375,0.005,1.5625e-08,0.959227,0.00019187,0.9590255000000005,0.00021745322499999614,0.0002014999999995215,-2.558322499999615e-05,0.00020311758023668853
0.053125,0.099375,0.005,1.5625e-08,0.960595,0.000120643,0.9604005000000004,0.00015585549999999726,0.00019449999999954226,-3.521249999999726e-05,0.00019766175693864443
0.055625,0.099375,0.005,1.5625e-08,0.961507,4.35084e-05,0.9613527500000004,9.069717499999831e-05,0.00015424999999957834,-4.7188774999998316e-05,0.00016130667371770576
0.058125,0.099375,0.005,1.5625e-08,0.961934,-3.67439e-05,0.9618562500000004,2.1119513499999458e-05,7.774999999954346e-05,-5.786341349999946e-05,9.691871399167928e-05
0.060625,0.099375,0.005,1.5625e-08,0.961856,-0.000120709,0.9618787500000004,-5.373144999999932e-05,-2.275000000040439e-05,-6.697755000000068e-05,7.073580920595304e-05
0.063125,0.099375,0.005,1.5625e-08,0.961238,-0.000211238,0.9613822500000004,-0.00013479174999999821,-0.000144250000000401,-7.64462500000018e-05,0.00016325468336062662
0.065625,0.099375,0.005,1.5625e-08,0.960034,-0.000310539,0.9603215000000005,-0.0002232099249999968,-0.0002875000000004402,-8.732907500000317e-05,0.00030047065970009333
0.068125,0.099375,0.005,1.5625e-08,0.958184,-0.000420285,0.9586412500000004,-0.00032057364999999523,-0.0004572500000004087,-9.971135000000478e-05,0.0004679956365386297
0.070625,0.099375,0.005,1.5625e-08,0.955616,-0.000542884,0.9562755000000005,-0.00042929399999999283,-0.0006595000000004791,-0.00011359000000000716,0.0006692106828948815
0.073125,0.099375,0.005,1.5625e-08,0.952237,-0.000683018,0.9531355000000006,-0.0005532857499999906,-0.0008985000000005794,-0.00012973225000000933,0.0009078175514337152
0.075625,0.099375,0.005,1.5625e-08,0.947918,-0.000849622,0.9490997500000006,-0.0006992109999999882,-0.0011817500000005365,-0.00015041100000001174,0.0011912835646571607
0.078125,0.099375,0.005,1.5625e-08,0.94246,-0.00105746,0.9439892500000006,-0.0008788704999999858,-0.0015292500000005926,-0.0001785895000000143,0.001539642741681351
0.080625,0.099375,0.005,1.5625e-08,0.935559,-0.00133046,0.9375172500000006,-0.0011140804999999828,-0.0019582500000006053,-0.00021637950000001735,0.0019701683051258916
0.083125,0.099375,0.005,1.5625e-08,0.92671,-0.00171861,0.9291995000000007,-0.0014474012499999776,-0.0024895000000006995,-0.00027120875000002237,0.002504229309803728
0.085625,0.099375,0.005,1.5625e-08,0.914989,-0.00233107,0.918145750000001,-0.00196779124999997,-0.0031567500000009296,-0.00036327875000003026,0.0031775843045791017
0.088125,0.099375,0.005,1.5625e-08,0.89854,-0.00343022,0.902584750000001,-0.00287936199999995,-0.004044750000001041,-0.0005508580000000499,0.004082088570655036
0.090625,0.099375,0.005,1.5625e-08,0.873185,-0.00577856,0.8786135000000014,-0.004716634999999917,-0.0054285000000013905,-0.0010619250000000833,0.0055313919546204895
0.093125,0.099375,0.005,1.5625e-08,0.827719,-0.0123048,0.8363095000000018,-0.009210247499999833,-0.008590500000001833,-0.0030945525000001667,0.009130878677613058
0.095625,0.099375,0.005,1.5625e-08,0.724089,-0.0367927,0.7439212500000023,-0.024749414999999705,-0.019832250000002327,-0.012043285000000292,0.023202561359768545
0.098125,0.099375,0.005,1.5625e-08,0.43125,-0.128083,0.45763925000000283,-0.12122199999999918,-0.026389250000002806,-0.006861000000000825,0.027266569944946493
0.099375,0.059375,0.005,1.5625e-08,0.000591676,-0.023991,-0.0005340914999999911,-0.023148324999999744,0.001125767499999991,-0.0008426750000002543,0.0014062196200030983
0.094375,0.061875,0.005,1.5625e-08,-0.035554,-0.22294,-0.036325874999999924,-0.22182474999999974,0.0007718749999999219,-0.0011152500000002619,0.001356308806328951
0.096875,0.061875,0.005,1.5625e-08,-0.0113953,-0.132676,-0.012252412499999947,-0.13050749999999972,0.0008571124999999461,-0.0021685000000002674,0.0023317448590395385
0.099375,0.061875,0.005,1.5625e-08,-0.000655602,-0.0274496,-0.0006067999999999898,-0.027068249999999704,-4.8802000000010217e-05,-0.0003813500000002974,0.0003844599559176844
0.094375,0.064375,0.005,1.5625e-08,-0.0396635,-0.252241,-0.039844124999999925,-0.2516402499999998,0.00018062499999992737,-0.0006007500000002053,0.000627316469674773
0.096875,0.064375,0.005,1.5625e-08,-0.0131508,-0.151244,-0.013643024999999948,-0.15001349999999974,0.0004922249999999469,-0.0012305000000002453,0.0013252983440061906
0.099375,0.064375,0.005,1.5625e-08,-0.000727381,-0.0319943,-0.0006856762499999888,-0.031490799999999666,-4.170475000001125e-05,-0.000503500000000337,0.0005052242434532441
0.094375,0.066875,0.005,1.5625e-08,-0.0436809,-0.284299,-0.04331307499999992,-0.2834569999999998,-0.0003678250000000785,-0.0008420000000002315,0.0009188358017760559
0.096875,0.066875,0.005,1.5625e-08,-0.0147853,-0.172683,-0.015090199999999943,-0.17143749999999972,0.00030489999999994306,-0.001245500000000288,0.001282276982559027
0.099375,0.066875,0.005,1.5625e-08,-0.000823086,-0.037094,-0.0007709027499999874,-0.03645239999999962,-5.218325000001258e-05,-0.0006416000000003808,0.0006437186121132838
0.094375,0.069375,0.005,1.5625e-08,-0.0473818,-0.318443,-0.04665109999999992,-0.3169437499999998,-0.0007307000000000841,-0.001499250000000174,0.0016678348396950596
0.096875,0.069375,0.005,1.5625e-08,-0.0162054,-0.196283,-0.016586249999999938,-0.1947787499999997,0.00038084999999993957,-0.0015042500000003178,0.001551713499651566
0.099375,0.069375,0.005,1.5625e-08,-0.000918093,-0.0427893,-0.0008630342499999859,-0.04199012499999956,-5.505875000001411e-05,-0.0007991750000004433,0.0008010693768814737
0.094375,0.071875,0.005,1.5625e-08,-0.0508721,-0.355033,-0.04977757499999989,-0.35163399999999956,-0.00109452500000011,-0.0033990000000004295,0.0035708802802149726
0.096875,0.071875,0.005,1.5625e-08,-0.0173494,-0.221608,-0.018132049999999924,-0.2200057499999995,0.000782649999999923,-0.001602250000000499,0.0017831842543611356
0.099375,0.071875,0.005,1.5625e-08,-0.00101066,-0.0490028,-0.0009634434999999838,-0.04814519999999946,-4.7216500000016206e-05,-0.0008576000000005413,0.0008588988053741721
0.076875,0.074375,0.005,1.5625e-08,-0.0729831,-0.261089,-0.07273140000000008,-0.2644877499999999,-0.00025169999999991033,0.003398749999999895,0.0034080572842162204
0.094375,0.074375,0.005,1.5625e-08,-0.0553078,-0.395571,-0.052618774999999895,-0.3868999999999996,-0.0026890250000001018,-0.008671000000000428,0.009078386225020005
0.096875,0.074375,0.005,1.5625e-08,-0.0187933,-0.248144,-0.01974547499999992,-0.24706574999999947,0.0009521749999999198,-0.0010782500000005302,0.0014384923681153095
0.099375,0.074375,0.005,1.5625e-08,-0.00121669,-0.0558564,-0.001075083249999982,-0.054969899999999385,-0.0001416067500000181,-0.000886500000000616,0.0008977386711324514
0.001875,0.076875,0.005,1.5625e-08,-0.00317793,0.0560705,-0.0020556699999999977,0.06191449999999998,-0.001122260000000002,-0.005843999999999981,0.005950781756004817
0.076875,0.076875,0.005,1.5625e-08,-0.0247256,-0.239073,-0.02374085000000008,-0.24266924999999992,-0.0009847499999999197,0.003596249999999912,0.0037286387093682337
0.096875,0.076875,0.005,1.5625e-08,-0.0213637,-0.275795,-0.02147484999999991,-0.2758969999999994,0.00011114999999991063,0.00010199999999938036,0.00015085861758565113
0.099375,0.076875,0.005,1.5625e-08,-0.00143816,-0.0638242,-0.0012038192499999798,-0.0625405499999993,-0.0002343407500000202,-0.0012836500000006912,0.0013048650924951384
0.079375,0.079375,0.005,1.5625e-08,0.00216658,-0.272932,0.004678412500000076,-0.2738520000000001,-0.002511832500000076,0.0009200000000000874,0.0026750144874480197
0.096875,0.079375,0.005,1.5625e-08,-0.0240236,-0.306257,-0.023419999999999917,-0.30644824999999953,-0.0006036000000000825,0.00019124999999953207,0.0006331741644286513
0.099375,0.079375,0.005,1.5625e-08,-0.00166522,-0.0728866,-0.0013609377499999781,-0.07098129999999926,-0.0003042822500000219,-0.0019053000000007342,0.00192944442202098
0.066875,0.081875,0.005,1.5625e-08,0.169091,-0.039262,0.17270175000000018,-0.041345725000000055,-0.00361075000000019,0.002083725000000057,0.00416886380661765
0.069375,0.081875,0.005,1.5625e-08,0.158088,-0.0698935,0.16186300000000015,-0.07138315000000006,-0.0037750000000001394,0.0014896500000000645,0.004058285613716862
0.079375,0.081875,0.005,1.5625e-08,0.0648863,-0.241046,0.06701697500000009,-0.24145150000000007,-0.0021306750000000957,0.0004055000000000586,0.0021689182109119413
0.081875,0.081875,0.005,1.5625e-08,0.0286613,-0.301683,0.030291850000000068,-0.30203250000000004,-0.0016305500000000674,0.0003495000000000581,0.001667586145451041
0.096875,0.081875,0.005,1.5625e-08,-0.0272026,-0.339229,-0.025765199999999912,-0.3386924999999995,-0.0014374000000000886,-0.0005365000000004949,0.0015342591078435174
0.099375,0.081875,0.005,1.5625e-08,-0.00199853,-0.0833388,-0.0015681377499999751,-0.08050759999999917,-0.00043039225000002495,-0.0028312000000008386,0.002863726755272722
0.001875,0.084375,0.005,1.5625e-08,-0.00447838,0.0858374,-0.0061970575000000055,0.08908230000000003,0.0017186775000000059,-0.0032449000000000366,0.003671951573619471
0.074375,0.084375,0.005,1.5625e-08,0.200276,-0.117237,0.20190500000000028,-0.12046874999999985,-0.0016290000000002691,0.003231749999999853,0.0036190950612687593
0.076875,0.084375,0.005,1.5625e-08,0.175095,-0.157801,0.1744982500000003,-0.1591107499999998,0.0005967499999997017,0.0013097499999998041,0.0014392899725208714
0.079375,0.084375,0.005,1.5625e-08,0.140852,-0.204963,0.14003450000000012,-0.205026,0.0008174999999998878,6.30000000000075e-05,0.00081992392939822
0.081875,0.084375,0.005,1.5625e-08,0.0994459,-0.260142,0.09847297500000009,-0.26026625000000003,0.0009729249999999162,0.00012425000000004793,0.0009808267523496944
0.084375,0.084375,0.005,1.5625e-08,0.0522301,-0.325073,0.051057850000000043,-0.3264602500000001,0.001172249999999958,0.0013872500000001176,0.0018162138158818824
0.086875,0.084375,0.005,1.5625e-08,0.00380459,-0.400223,0.0017458377500002837,-0.4023759999999997,0.0020587522499997163,0.002152999999999683,0.0029789041318709015
0.096875,0.084375,0.005,1.5625e-08,-0.031039,-0.374537,-0.028829749999999908,-0.3726044999999995,-0.002209250000000093,-0.0019325000000005033,0.0029351902515002935
0.099375,0.084375,0.005,1.5625e-08,-0.00243704,-0.0955972,-0.001868241249999971,-0.09151169999999906,-0.0005687987500000292,-0.004085500000000936,0.004124905122303935
0.001875,0.086875,0.005,1.5625e-08,-0.00947214,0.108895,-0.009494544999999988,0.10746967499999993,2.2404999999987504e-05,0.0014253250000000744,0.0014255010837071335
0.004375,0.086875,0.005,1.5625e-08,-0.0378381,0.19734,-0.037756049999999965,0.20039949999999992,-8.205000000003487e-05,-0.0030594999999999373,0.0030606000151113546
0.051875,0.086875,0.005,1.5625e-08,0.296772,0.0595607,0.30079574999999975,0.058713100000000046,-0.0040237499999997706,0.0008475999999999553,0.004112054209576776
0.054375,0.086875,0.005,1.5625e-08,0.309331,0.0479837,0.31414824999999974,0.047500200000000034,-0.004817249999999718,0.0004834999999999631,0.004841453274843954
0.076875,0.086875,0.005,1.5625e-08,0.258846,-0.127196,0.26123624999999984,-0.12774475,-0.002390249999999816,0.0005487499999999867,0.0024524317778480825
0.079375,0.086875,0.005,1.5625e-08,0.225522,-0.165741,0.22531549999999964,-0.16569500000000026,0.00020650000000035917,-4.599999999974069e-05,0.0002115614567924046
0.081875,0.086875,0.005,1.5625e-08,0.181391,-0.213193,0.18036949999999963,-0.2128480000000003,0.0010215000000003693,-0.00034499999999970665,0.0010781870199555142
0.084375,0.086875,0.005,1.5625e-08,0.127809,-0.27213,0.12621674999999963,-0.2724505000000003,0.001592250000000378,0.0003205000000003344,0.00162418604614786
0.086875,0.086875,0.005,1.5625e-08,0.0673884,-0.345375,0.06486447499999998,-0.34685399999999994,0.002523925000000024,0.0014789999999999526,0.0029253441516554905
0.089375,0.086875,0.005,1.5625e-08,0.00668506,-0.429037,0.0032741175000000097,-0.4324699999999999,0.00341094249999999,0.0034329999999999083,0.004839423285713448
0.096875,0.086875,0.005,1.5625e-08,-0.0360784,-0.412204,-0.033129899999999886,-0.4079777499999993,-0.0029485000000001108,-0.004226250000000709,0.005153138976634207
0.099375,0.086875,0.005,1.5625e-08,-0.00305392,-0.110142,-0.002351300499999961,-0.10473397499999886,-0.000702619500000039,-0.005408025000001149,0.005453476740797354
0.001875,0.089375,0.005,1.5625e-08,-0.0142183,0.136864,-0.015121399999999976,0.1352534999999999,0.0009030999999999761,0.0016105000000001257,0.0018464289479967438
0.004375,0.089375,0.005,1.5625e-08,-0.0559914,0.231035,-0.05430042499999996,0.23380649999999992,-0.001690975000000039,-0.002771499999999927,0.0032466303609472893
0.021875,0.089375,0.005,1.5625e-08,0.0598439,0.153211,0.060711399999999804,0.1523955000000001,-0.0008674999999998059,0.0008154999999999135,0.0011906286154798743
0.024375,0.089375,0.005,1.5625e-08,0.0969479,0.138291,0.09726422499999979,0.1381737500000001,-0.00031632499999978414,0.00011724999999990215,0.0003373559961299643
0.026875,0.089375,0.005,1.5625e-08,0.129969,0.12659,0.13284924999999975,0.1258942500000001,-0.002880249999999751,0.0006957499999999117,0.002963090974809657
0.031875,0.089375,0.005,1.5625e-08,0.198085,0.107116,0.19976499999999975,0.10560075000000009,-0.0016799999999997373,0.0015152499999999125,0.0022623842649954168
0.034375,0.089375,0.005,1.5625e-08,0.230627,0.0977181,0.23076574999999974,0.09693700000000008,-0.00013874999999974325,0.0007810999999999235,0.0007933276577176729
0.036875,0.089375,0.005,1.5625e-08,0.260202,0.0894344,0.26001049999999976,0.08890952500000007,0.00019150000000023315,0.0005248749999999247,0.0005587181898104001
0.039375,0.089375,0.005,1.5625e-08,0.287694,0.0816962,0.2874329999999997,0.08130070000000009,0.0002610000000002888,0.0003954999999999098,0.00047385783733107064
0.041875,0.089375,0.005,1.5625e-08,0.313228,0.0742017,0.31296274999999973,0.07392010000000007,0.0002652500000002722,0.0002815999999999236,0.0003868541359480358
0.044375,0.089375,0.005,1.5625e-08,0.336723,0.0667458,0.33651399999999976,0.06659787500000007,0.00020900000000023677,0.0001479249999999238,0.00025605234938402035
0.046875,0.089375,0.005,1.5625e-08,0.357945,0.0592192,0.35797674999999973,0.05917930000000006,-3.17499999997195e-05,3.9899999999939983e-05,5.099090605174024e-05
0.049375,0.089375,0.005,1.5625e-08,0.376692,0.0517173,0.37721499999999974,0.05152022500000005,-0.0005229999999997181,0.00019707499999994937,0.0005588985199700258
0.051875,0.089375,0.005,1.5625e-08,0.392945,0.0434376,0.3940592499999997,0.04348322500000004,-0.0011142499999997058,-4.562500000004216e-05,0.0011151837082401931
0.054375,0.089375,0.005,1.5625e-08,0.407334,0.0354925,0.4083059999999997,0.03493417500000004,-0.0009719999999997508,0.0005583249999999637,0.0011209419278555312
0.056875,0.089375,0.005,1.5625e-08,0.419352,0.0263151,0.41971249999999966,0.02573792500000003,-0.00036049999999965276,0.0005771749999999715,0.0006805080680085407
0.059375,0.089375,0.005,1.5625e-08,0.428218,0.0164806,0.42799224999999974,0.015753550000000015,0.0002257500000002466,0.000727049999999986,0.0007612915111835223
0.061875,0.089375,0.005,1.5625e-08,0.433468,0.00553764,0.4328109999999997,0.004826830000000008,0.0006570000000002962,0.0007108099999999923,0.0009679358739608623
0.064375,0.089375,0.005,1.5625e-08,0.434737,-0.00661451,0.43377549999999965,-0.007220967500000038,0.0009615000000003371,0.0006064575000000383,0.001136781838923786
0.066875,0.089375,0.005,1.5625e-08,0.431594,-0.020155,0.4304244999999997,-0.020611500000000053,0.0011695000000002675,0.0004565000000000541,0.0012554371748521212
0.069375,0.089375,0.005,1.5625e-08,0.423609,-0.0352685,0.42221049999999966,-0.03564037500000007,0.0013985000000003578,0.00037187500000007007,0.0014470982225219036
0.071875,0.089375,0.005,1.5625e-08,0.410043,-0.0525563,0.4084729999999998,-0.05273002499999999,0.0015700000000001824,0.00017372499999999264,0.0015795823421479395
0.074375,0.089375,0.005,1.5625e-08,0.389815,-0.0726211,0.3883987499999998,-0.07252097500000002,0.0014162500000002298,-0.0001001249999999787,0.0014197848703679183
0.076875,0.089375,0.005,1.5625e-08,0.36176,-0.0968907,0.3609664999999998,-0.09602705000000003,0.0007935000000002246,-0.0008636499999999658,0.0011728314339666623
0.079375,0.089375,0.005,1.5625e-08,0.325688,-0.125697,0.3248847499999996,-0.12489075000000019,0.0008032500000003662,-0.0008062499999998141,0.001138090341317546
0.081875,0.089375,0.005,1.5625e-08,0.279729,-0.162549,0.27857524999999955,-0.16175825000000024,0.001153750000000453,-0.0007907499999997569,0.0013987224974957187
0.084375,0.089375,0.005,1.5625e-08,0.22212,-0.211133,0.22040799999999952,-0.2106665000000003,0.001712000000000491,-0.0004664999999996755,0.0017744199756544047
0.086875,0.089375,0.005,1.5625e-08,0.15243,-0.276354,0.14974049999999992,-0.27679375,0.0026895000000000946,0.0004397500000000165,0.002725213810419381
0.089375,0.089375,0.005,1.5625e-08,0.0738553,-0.360858,0.0699254,-0.36336599999999997,0.0039299,0.0025079999999999547,0.004661992922560026
0.091875,0.089375,0.005,1.5625e-08,-0.000308389,-0.454673,-0.005791279999999959,-0.46053049999999995,0.0054828909999999585,0.00585749999999996,0.008023241238295162
0.096875,0.089375,0.005,1.5625e-08,-0.0451531,-0.45334,-0.03935392499999988,-0.4436309999999994,-0.005799175000000122,-0.009709000000000634,0.01130907209635869
0.099375,0.089375,0.005,1.5625e-08,-0.00462824,-0.129182,-0.0032288747499999463,-0.12165844999999867,-0.0013993652500000533,-0.007523550000001322,0.007652583074062484
0.001875,0.091875,0.005,1.5625e-08,-0.0274078,0.175142,-0.025532124999999954,0.17818674999999984,-0.0018756750000000454,-0.003044749999999846,0.0035761234973255935
0.014375,0.091875,0.005,1.5625e-08,0.0183002,0.171778,0.017146431749999753,0.1709532500000001,0.0011537682500002457,0.0008247499999998742,0.001418236135912642
0.016875,0.091875,0.005,1.5625e-08,0.0677753,0.146861,0.0662548499999997,0.14645600000000014,0.001520450000000298,0.0004049999999998499,0.0015734653483635364
0.019375,0.091875,0.005,1.5625e-08,0.114999,0.127531,0.11418182499999965,0.12705575000000013,0.0008171750000003503,0.0004752499999998716,0.0009453240413347427
0.021875,0.091875,0.005,1.5625e-08,0.160017,0.111658,0.15972849999999966,0.11160350000000013,0.00028850000000033016,5.4499999999860216e-05,0.00029360262260438896
0.024375,0.091875,0.005,1.5625e-08,0.202354,0.0993659,0.2024894999999996,0.09911167500000012,-0.00013549999999959428,0.0002542249999998719,0.000288080892502132
0.026875,0.091875,0.005,1.5625e-08,0.242366,0.0892106,0.2424182499999996,0.0888172500000001,-5.2249999999615104e-05,0.0003933499999999035,0.00039680509699332724
0.029375,0.091875,0.005,1.5625e-08,0.279414,0.0804119,0.2796132499999996,0.0801489750000001,-0.00019924999999959558,0.00026292499999990004,0.00032989410137919455
0.031875,0.091875,0.005,1.5625e-08,0.313766,0.0725571,0.31421874999999966,0.0726794000000001,-0.0004527499999996687,-0.00012230000000010288,0.00046897745414862445
0.034375,0.091875,0.005,1.5625e-08,0.345831,0.0661364,0.3463757499999996,0.06608402500000009,-0.0005447499999995942,5.237499999991013e-05,0.0005472620059208829
0.036875,0.091875,0.005,1.5625e-08,0.375746,0.0602213,0.3762004999999996,0.060110675000000086,-0.00045449999999958024,0.00011062499999991288,0.0004677693241594613
0.039375,0.091875,0.005,1.5625e-08,0.403386,0.0546593,0.4037744999999996,0.05455817500000007,-0.00038849999999956975,0.00010112499999993113,0.00040144553257528195
0.041875,0.091875,0.005,1.5625e-08,0.428773,0.0493226,0.42914024999999967,0.04926107500000007,-0.0003672499999996526,6.152499999993039e-05,0.0003723679472306072
0.044375,0.091875,0.005,1.5625e-08,0.451901,0.0441083,0.45230074999999964,0.044079350000000066,-0.00039974999999964345,2.894999999993736e-05,0.00040079691241289684
0.046875,0.091875,0.005,1.5625e-08,0.47273,0.0389694,0.4732189999999996,0.03889100000000005,-0.0004889999999996286,7.839999999995073e-05,0.0004952449494943175
0.049375,0.091875,0.005,1.5625e-08,0.491274,0.0338537,0.49181799999999964,0.033586900000000044,-0.0005439999999996559,0.00026679999999995596,0.0006059028304931427
0.051875,0.091875,0.005,1.5625e-08,0.507432,0.028261,0.5079807499999996,0.02806667500000004,-0.0005487499999996537,0.0001943249999999605,0.0005821415361616147
0.054375,0.091875,0.005,1.5625e-08,0.52102,0.0223062,0.5215502499999997,0.022235300000000034,-0.0005302499999996213,7.089999999996752e-05,0.0005349690388233638
0.056875,0.091875,0.005,1.5625e-08,0.531865,0.0160281,0.5323277499999997,0.015999950000000027,-0.0004627499999996232,2.8149999999973335e-05,0.0004636054195106543
0.059375,0.091875,0.005,1.5625e-08,0.539823,0.0094085,0.5400697499999996,0.009265955000000018,-0.0002467499999995182,0.00014254499999998178,0.0002849642776292443
0.061875,0.091875,0.005,1.5625e-08,0.544528,0.00214078,0.5444864999999997,0.0019315062500000074,4.150000000036069e-05,0.00020927374999999272,0.00021334889837796068
0.064375,0.091875,0.005,1.5625e-08,0.545542,-0.00592017,0.5452309999999997,-0.006120417500000027,0.00031100000000028327,0.00020024750000002724,0.00036989195889669877
0.066875,0.091875,0.005,1.5625e-08,0.542419,-0.0148922,0.5418914999999996,-0.015035500000000042,0.0005275000000003471,0.00014330000000004235,0.0005466179104277305
0.069375,0.091875,0.005,1.5625e-08,0.534687,-0.0249215,0.5339719999999997,-0.025010725000000057,0.0007150000000003542,8.922500000005731e-05,0.0007205456964173173
0.071875,0.091875,0.005,1.5625e-08,0.521736,-0.0363135,0.5208612499999996,-0.03633377500000001,0.0008747500000003683,2.0275000000014032e-05,0.0008749849359421252
0.074375,0.091875,0.005,1.5625e-08,0.502771,-0.0495189,0.5017852499999997,-0.04945292500000002,0.0009857500000002295,-6.597499999997508e-05,0.000987955344702102
0.076875,0.091875,0.005,1.5625e-08,0.47673,-0.0655173,0.4757197499999998,-0.06510317500000004,0.0010102500000002124,-0.00041412499999995966,0.0010918354171418857
0.079375,0.091875,0.005,1.5625e-08,0.442193,-0.0852331,0.44126099999999957,-0.08453437500000019,0.0009320000000004325,-0.0006987249999998169,0.0011648350207757105
0.081875,0.091875,0.005,1.5625e-08,0.39742,-0.110784,0.3964304999999995,-0.10991800000000021,0.0009895000000004761,-0.0008659999999997836,0.0013149396373980699
0.084375,0.091875,0.005,1.5625e-08,0.339783,-0.1459,0.3384874999999995,-0.14501725000000032,0.0012955000000005046,-0.0008827499999996824,0.0015676631693386008
0.086875,0.091875,0.005,1.5625e-08,0.266188,-0.196612,0.26409099999999985,-0.19602850000000008,0.0020970000000001265,-0.0005834999999999313,0.0021766674642674406
0.089375,0.091875,0.005,1.5625e-08,0.174783,-0.270825,0.17109174999999996,-0.27145475,0.0036912500000000348,0.00062975000000004,0.003744584306034557
0.091875,0.091875,0.005,1.5625e-08,0.0713974,-0.371825,0.06521490000000003,-0.37583449999999996,0.006182499999999966,0.004009499999999944,0.0073688124212792335
0.094375,0.091875,0.005,1.5625e-08,-0.0166291,-0.472952,-0.025379500000000298,-0.48254250000000043,0.008750400000000297,0.009590500000000446,0.012982572565174199
0.099375,0.091875,0.005,1.5625e-08,-0.0103913,-0.157231,-0.005101352499999914,-0.14555109999999843,-0.005289947500000085,-0.011679900000001575,0.012821997058289864
0.001875,0.094375,0.005,1.5625e-08,-0.0535163,0.239511,-0.04665402500000008,0.24426300000000017,-0.006862274999999925,-0.004752000000000173,0.008346994799065446
0.006875,0.094375,0.005,1.5625e-08,-0.0429842,0.238181,-0.05216189999999975,0.24059799999999984,0.009177699999999747,-0.002416999999999836,0.00949063044744629
0.009375,0.094375,0.005,1.5625e-08,0.0234638,0.184827,0.01794976750000042,0.1843442499999998,0.0055140324999995785,0.0004827500000001983,0.005535124386457074
0.011875,0.094375,0.005,1.5625e-08,0.0953215,0.143729,0.09267720000000051,0.14234799999999978,0.0026442999999994887,0.0013810000000002154,0.0029832002095062093
0.014375,0.094375,0.005,1.5625e-08,0.163245,0.113615,0.1620580000000006,0.1128522499999998,0.0011869999999994107,0.0007627500000001869,0.001410941728952293
0.016875,0.094375,0.005,1.5625e-08,0.224065,0.0925908,0.22391750000000057,0.09204574999999984,0.000147499999999412,0.0005450500000001579,0.0005646554281152344
0.019375,0.094375,0.005,1.5625e-08,0.278311,0.0775925,0.2785942500000006,0.07701397499999986,-0.0002832500000006233,0.0005785250000001352,0.0006441441904771861
0.021875,0.094375,0.005,1.5625e-08,0.3266,0.0661484,0.32705075000000056,0.06582747499999987,-0.0004507500000005549,0.0003209250000001246,0.0005533248757516511
0.024375,0.094375,0.005,1.5625e-08,0.36963,0.0573792,0.3702682500000005,0.057243099999999894,-0.0006382500000005065,0.0001361000000001042,0.000652599626494434
0.026875,0.094375,0.005,1.5625e-08,0.408386,0.0504394,0.4090817500000005,0.0504532249999999,-0.0006957500000004946,-1.3824999999897947e-05,0.0006958873422657473
0.029375,0.094375,0.005,1.5625e-08,0.443374,0.0449912,0.4441557500000005,0.04492154999999991,-0.0007817500000005251,6.965000000009464e-05,0.0007848465996618919
0.031875,0.094375,0.005,1.5625e-08,0.475243,0.0402809,0.47600475000000053,0.040281724999999914,-0.0007617500000005051,-8.249999999127011e-07,0.0007617504467512764
0.034375,0.094375,0.005,1.5625e-08,0.504196,0.0362052,0.5050170000000005,0.03627509999999992,-0.0008210000000005158,-6.989999999992141e-05,0.00082397027252252
0.036875,0.094375,0.005,1.5625e-08,0.530657,0.0326388,0.5314780000000005,0.03271292499999993,-0.0008210000000004047,-7.412499999992495e-05,0.0008243394419931958
0.039375,0.094375,0.005,1.5625e-08,0.554799,0.0293822,0.5555900000000005,0.029452149999999934,-0.0007910000000004302,-6.994999999993326e-05,0.0007940868985826875
0.041875,0.094375,0.005,1.5625e-08,0.576725,0.0263098,0.5774842500000004,0.02638044999999994,-0.0007592500000003222,-7.064999999993951e-05,0.0007625299895744958
0.044375,0.094375,0.005,1.5625e-08,0.596496,0.0233451,0.5972347500000004,0.02340664999999995,-0.0007387500000003433,-6.154999999994845e-05,0.0007413096282934014
0.046875,0.094375,0.005,1.5625e-08,0.614147,0.0204427,0.6148605000000004,0.020454174999999956,-0.0007135000000003666,-1.1474999999955271e-05,0.0007135922684737568
0.049375,0.094375,0.005,1.5625e-08,0.629706,0.0175313,0.6303372500000004,0.01745672499999996,-0.0006312500000004162,7.45750000000385e-05,0.0006356398297192611
0.051875,0.094375,0.005,1.5625e-08,0.643095,0.0144235,0.6435950000000004,0.014355424999999967,-0.000500000000000389,6.807500000003373e-05,0.0005046129265341839
0.054375,0.094375,0.005,1.5625e-08,0.654116,0.0110782,0.6545260000000004,0.011095954999999973,-0.0004100000000003545,-1.7754999999973486e-05,0.00041038425898819484
0.056875,0.094375,0.005,1.5625e-08,0.662614,0.00753929,0.6629825000000005,0.007626877499999981,-0.0003685000000004379,-8.75874999999816e-05,0.00037876618137918484
0.059375,0.094375,0.005,1.5625e-08,0.668488,0.00382443,0.6687777500000003,0.003896962499999988,-0.0002897500000003106,-7.253249999998775e-05,0.0002986905188592839
0.061875,0.094375,0.005,1.5625e-08,0.671532,-0.000185112,0.6716847500000004,-0.00014790750000000382,-0.00015275000000036787,-3.720449999999618e-05,0.00015721557594704826
0.064375,0.094375,0.005,1.5625e-08,0.671437,-0.00459225,0.6714292500000003,-0.0045695350000000065,7.74999999963999e-06,-2.271499999999347e-05,2.400070259376011e-05
0.066875,0.094375,0.005,1.5625e-08,0.667842,-0.00947805,0.6676825000000004,-0.009445214999999998,0.00015949999999964604,-3.283500000000189e-05,0.00016284467208013657
0.069375,0.094375,0.005,1.5625e-08,0.66034,-0.0149332,0.6600460000000004,-0.01488104999999999,0.0002939999999996834,-5.2150000000011215e-05,0.00029858938778833886
0.071875,0.094375,0.005,1.5625e-08,0.648434,-0.0211136,0.6480222500000005,-0.021035349999999942,0.0004117499999994889,-7.825000000005744e-05,0.00041911946387585973
0.074375,0.094375,0.005,1.5625e-08,0.631477,-0.0282884,0.6309650000000004,-0.028160399999999926,0.0005119999999995128,-0.0001280000000000725,0.0005277575200786055
0.076875,0.094375,0.005,1.5625e-08,0.608548,-0.0369525,0.6079910000000005,-0.0366807749999999,0.0005569999999994746,-0.0002717250000000976,0.0006197446858380213
0.079375,0.094375,0.005,1.5625e-08,0.578309,-0.0477981,0.5778225000000003,-0.047342524999999934,0.00048649999999961224,-0.0004555750000000691,0.0006665064370466993
0.081875,0.094375,0.005,1.5625e-08,0.538887,-0.0621311,0.5385062500000003,-0.061507724999999916,0.0003807499999997077,-0.0006233750000000857,0.0007304566743653482
0.084375,0.094375,0.005,1.5625e-08,0.487284,-0.0825207,0.48693125000000026,-0.0817430999999999,0.0003527499999997352,-0.0007776000000001004,0.0008538702023726845
0.086875,0.094375,0.005,1.5625e-08,0.418722,-0.11389,0.4181100000000007,-0.11296852499999965,0.0006119999999992798,-0.0009214750000003519,0.0011061917445112158
0.089375,0.094375,0.005,1.5625e-08,0.326275,-0.165254,0.3246495000000008,-0.16441249999999952,0.0016254999999991693,-0.0008415000000004946,0.0018304022781886315
0.091875,0.094375,0.005,1.5625e-08,0.203423,-0.250315,0.1992125000000009,-0.2510117499999993,0.00421049999999909,0.0006967499999993021,0.00426775946047705
0.094375,0.094375,0.005,1.5625e-08,0.0586327,-0.374485,0.05089507499999994,-0.381607,0.00773762500000006,0.007121999999999962,0.010516355102440455
0.096875,0.094375,0.005,1.5625e-08,-0.0473644,-0.469742,-0.049008800000000054,-0.4773324999999999,0.0016444000000000528,0.007590499999999889,0.007766578500858566
0.099375,0.094375,0.005,1.5625e-08,-0.0199784,-0.210207,-0.010327584999999879,-0.18479484999999835,-0.009650815000000122,-0.02541215000000166,0.027183002001008125
0.001875,0.096875,0.005,1.5625e-08,-0.068739,0.305414,-0.076675875,0.31749275000000005,0.00793687500000001,-0.012078750000000027,0.014453033810523166
0.004375,0.096875,0.005,1.5625e-08,0.0227208,0.226545,0.008557275000000726,0.23138174999999958,0.014163524999999273,-0.0048367499999995844,0.014966615882960997
0.006875,0.096875,0.005,1.5625e-08,0.160438,0.142898,0.15720067500000104,0.13971499999999962,0.0032373249999989584,0.00318300000000038,0.004540017858513408
0.009375,0.096875,0.005,1.5625e-08,0.277983,0.0918963,0.2791277500000011,0.0895664749999997,-0.001144750000001138,0.002329825000000299,0.0025958692365234807
0.011875,0.096875,0.005,1.5625e-08,0.368962,0.0632882,0.3710940000000011,0.062037749999999774,-0.0021320000000010775,0.0012504500000002292,0.0024716490856319323
0.014375,0.096875,0.005,1.5625e-08,0.439533,0.0462157,0.441460750000001,0.04585809999999982,-0.001927750000001005,0.00035760000000018,0.0019606370960746416
0.016875,0.096875,0.005,1.5625e-08,0.49527,0.0355582,0.497029250000001,0.03567684999999986,-0.0017592500000009892,-0.00011864999999985915,0.0017632465468570885
0.019375,0.096875,0.005,1.5625e-08,0.540766,0.0286459,0.5423035000000008,0.028876174999999886,-0.0015375000000008576,-0.00023027499999988751,0.0015546487788653698
0.021875,0.096875,0.005,1.5625e-08,0.578905,0.0237897,0.5801897500000008,0.0240931749999999,-0.0012847500000008338,-0.00030347499999990035,0.0013201059192834042
0.024375,0.096875,0.005,1.5625e-08,0.611466,0.020211,0.6125915000000008,0.020573974999999915,-0.0011255000000008897,-0.00036297499999991475,0.0011825823864014468
0.026875,0.096875,0.005,1.5625e-08,0.639755,0.0174854,0.6407810000000007,0.017878374999999926,-0.0010260000000007485,-0.00039297499999992394,0.0010986834624342337
0.029375,0.096875,0.005,1.5625e-08,0.664669,0.0153839,0.6656297500000007,0.015736099999999937,-0.0009607500000007319,-0.00035219999999993624,0.0010232719103451249
0.031875,0.096875,0.005,1.5625e-08,0.68689,0.0136468,0.6877442500000007,0.013973599999999942,-0.0008542500000007225,-0.0003267999999999414,0.0009146263185045553
0.034375,0.096875,0.005,1.5625e-08,0.706761,0.0121465,0.7075515000000006,0.012474377499999948,-0.0007905000000005824,-0.0003278774999999484,0.0008558001548300497
0.036875,0.096875,0.005,1.5625e-08,0.724608,0.0108425,0.7253517500000006,0.011156662499999952,-0.0007437500000005981,-0.0003141624999999527,0.0008073797984264344
0.039375,0.096875,0.005,1.5625e-08,0.740655,0.00966913,0.7413522500000006,0.009960789999999959,-0.0006972500000006487,-0.00029165999999995924,0.0007557930391984838
0.041875,0.096875,0.005,1.5625e-08,0.755041,0.00857393,0.7556897500000006,0.008841284999999963,-0.0006487500000006419,-0.0002673549999999622,0.0007016803107725146
0.044375,0.096875,0.005,1.5625e-08,0.767847,0.00752377,0.7684462500000006,0.007762252499999966,-0.0005992500000006062,-0.00023848249999996584,0.0006449608246296517
0.046875,0.096875,0.005,1.5625e-08,0.779123,0.0064974,0.7796572500000005,0.006694302499999971,-0.0005342500000005135,-0.00019690249999997078,0.000569380063759513
0.049375,0.096875,0.005,1.5625e-08,0.788886,0.00546424,0.7893207500000005,0.0056126574999999755,-0.00043475000000048336,-0.0001484174999999751,0.0004593858038802058
0.051875,0.096875,0.005,1.5625e-08,0.797093,0.00436636,0.7974012500000005,0.0044957899999999796,-0.000308250000000454,-0.00012942999999997987,0.0003343204860613161
0.054375,0.096875,0.005,1.5625e-08,0.803624,0.00318006,0.8038342500000005,0.0033244099999999843,-0.00021025000000052252,-0.00014434999999998407,0.0002550333017474681
0.056875,0.096875,0.005,1.5625e-08,0.808362,0.00192172,0.8085267500000004,0.0020806399999999895,-0.00016475000000037987,-0.00015891999999998949,0.00022890637583982196
0.059375,0.096875,0.005,1.5625e-08,0.811217,0.00060243,0.8113600000000004,0.0007470652499999949,-0.00014300000000044832,-0.00014463524999999483,0.00020339212261709946
0.061875,0.096875,0.005,1.5625e-08,0.812075,-0.000807995,0.8121882500000004,-0.0006944542499999994,-0.00011325000000039775,-0.00011354075000000066,0.00016036540902156156
0.064375,0.096875,0.005,1.5625e-08,0.81076,-0.0023465,0.8108367500000003,-0.0022645949999999973,-7.675000000029186e-05,-8.190500000000277e-05,0.00011224522940884951
0.066875,0.096875,0.005,1.5625e-08,0.807052,-0.00404435,0.8070955000000004,-0.003989512499999992,-4.3500000000418204e-05,-5.48375000000087e-05,6.99957242000348e-05
0.069375,0.096875,0.005,1.5625e-08,0.800683,-0.00593476,0.8007085000000005,-0.005905862499999984,-2.5500000000455714e-05,-2.8897500000016167e-05,3.853979120693541e-05
0.071875,0.096875,0.005,1.5625e-08,0.791327,-0.0080715,0.7913537500000005,-0.008069557499999963,-2.6750000000519414e-05,-1.94250000003747e-06,2.682043635509934e-05
0.074375,0.096875,0.005,1.5625e-08,0.778552,-0.010551,0.7786057500000005,-0.010571627499999951,-5.375000000051866e-05,2.0627499999951657e-05,5.757218300797497e-05
0.076875,0.096875,0.005,1.5625e-08,0.761734,-0.0135459,0.7618687500000005,-0.01356804999999994,-0.0001347500000005164,2.214999999993958e-05,0.00013655835748915734
0.079375,0.096875,0.005,1.5625e-08,0.73994,-0.0173248,0.7402502500000004,-0.01733822499999994,-0.0003102500000004005,1.3424999999938486e-05,0.0003105403244753358
0.081875,0.096875,0.005,1.5625e-08,0.711738,-0.0223891,0.7123195000000005,-0.02240687499999993,-0.0005815000000005677,1.7774999999931734e-05,0.0005817716052074541
0.084375,0.096875,0.005,1.5625e-08,0.674702,-0.0297738,0.6756272500000003,-0.02981169999999991,-0.0009252500000003216,3.789999999991023e-05,0.0009260259027157871
0.086875,0.096875,0.005,1.5625e-08,0.62442,-0.0416837,0.6257190000000008,-0.041730774999999797,-0.0012990000000008273,4.707499999979936e-05,0.0012998527053582382
0.089375,0.096875,0.005,1.5625e-08,0.552565,-0.0630798,0.554102250000001,-0.06304497499999967,-0.0015372500000010447,-3.482500000033528e-05,0.0015376444137472861
0.091875,0.096875,0.005,1.5625e-08,0.443678,-0.10573,0.44444725000000124,-0.10540324999999946,-0.0007692500000012203,-0.0003267500000005419,0.0008357697799048681
0.094375,0.096875,0.005,1.5625e-08,0.27504,-0.195859,0.26983550000000034,-0.19651174999999974,0.005204499999999668,0.0006527499999997299,0.005245274331481261
0.096875,0.096875,0.005,1.5625e-08,0.0507664,-0.355745,0.031405824999999936,-0.369917,0.019360575000000067,0.014172000000000018,0.02399327923253985
0.099375,0.096875,0.005,1.5625e-08,-0.0246956,-0.301622,-0.030413949999999766,-0.26297649999999817,0.005718349999999765,-0.03864550000000183,0.03906627953840292
0.001875,0.099375,0.005,1.5625e-08,0.379824,0.125829,0.4018890000000046,0.11787062499999873,-0.02206500000000461,0.007958375000001267,0.02345634152294105
0.004375,0.099375,0.005,1.5625e-08,0.649079,0.0453563,0.6769487500000034,0.027045914999999587,-0.027869750000003468,0.018310385000000415,0.033346561500564545
0.006875,0.099375,0.005,1.5625e-08,0.764533,0.0172846,0.7763942500000024,0.010496072499999832,-0.011861250000002377,0.006788527500000169,0.01366650493655254
0.009375,0.099375,0.005,1.5625e-08,0.820223,0.00775893,0.825664750000002,0.0056189149999999076,-0.00544175000000191,0.0021400150000000923,0.005847418854738062
0.011875,0.099375,0.005,1.5625e-08,0.852354,0.00431065,0.8552820000000017,0.003555905999999941,-0.002928000000001707,0.0007547440000000589,0.003023710056461447
0.014375,0.099375,0.005,1.5625e-08,0.873586,0.002804,0.8753377500000015,0.002496630249999958,-0.0017517500000014952,0.00030736975000004215,0.0017785118008380846
0.016875,0.099375,0.005,1.5625e-08,0.888884,0.00202233,0.8900575000000012,0.0018818062499999686,-0.0011735000000011597,0.00014052375000003152,0.0011818837397632616
0.019375,0.099375,0.005,1.5625e-08,0.900673,0.00157405,0.9014975000000012,0.0014919722499999752,-0.000824500000001227,8.207775000002482e-05,0.0008285752874947997
0.021875,0.099375,0.005,1.5625e-08,0.910207,0.00127894,0.9107690000000009,0.0012271944999999796,-0.0005620000000009506,5.1745500000020296e-05,0.0005643771759836861
0.024375,0.099375,0.005,1.5625e-08,0.918143,0.00106778,0.918517750000001,0.0010369419999999826,-0.00037475000000097847,3.083800000001739e-05,0.0003760166814713603
0.026875,0.099375,0.005,1.5625e-08,0.924898,0.000910907,0.9251430000000007,0.0008935169999999851,-0.00024500000000071687,1.7390000000014902e-05,0.0002456163921654086
0.029375,0.099375,0.005,1.5625e-08,0.930756,0.000794123,0.9309022500000008,0.000780694999999987,-0.00014625000000079158,1.3428000000013018e-05,0.00014686515476528762
0.031875,0.099375,0.005,1.5625e-08,0.935917,0.000697839,0.9359665000000008,0.0006884117499999884,-4.950000000081278e-05,9.427250000011581e-06,5.038971167453912e-05
0.034375,0.099375,0.005,1.5625e-08,0.940479,0.000612549,0.9404530000000006,0.0006100824999999898,2.5999999999304357e-05,2.4665000000101585e-06,2.611673069535842e-05
0.036875,0.099375,0.005,1.5625e-08,0.94452,0.000538362,0.9444407500000006,0.0005411812499999909,7.924999999942006e-05,-2.8192499999909115e-06,7.930013033072851e-05
0.039375,0.099375,0.005,1.5625e-08,0.948103,0.000471391,0.9479832500000006,0.0004784429999999919,0.00011974999999941893,-7.051999999991936e-06,0.00011995746414400699
0.041875,0.099375,0.005,1.5625e-08,0.951264,0.000408232,0.9511152500000005,0.0004194184999999929,0.0001487499999994757,-1.1186499999992904e-05,0.0001491700381514125
0.044375,0.099375,0.005,1.5625e-08,0.954025,0.000346974,0.9538562500000005,0.00036219227499999386,0.0001687499999994957,-1.5218274999993862e-05,0.00016943482048801313
0.046875,0.099375,0.005,1.5625e-08,0.956397,0.00028653,0.9562137500000004,0.00030521632499999477,0.0001832499999996351,-1.868632499999476e-05,0.00018420027481486474
0.049375,0.099375,0.005,1.5625e-08,0.958383,0.000224722,0.9581867500000005,0.00024720087499999574,0.0001962499999994538,-2.247887499999573e-05,0.0001975331929601986
0.051875,0.099375,0.005,1.5625e-08,0.959966,0.000157139,0.9597645000000005,0.00018704382499999678,0.0002014999999995215,-2.990482499999679e-05,0.00020370701646749332
0.054375,0.099375,0.005,1.5625e-08,0.961111,8.264e-05,0.9609307500000004,0.00012377602499999776,0.00018024999999965985,-4.1136024999997766e-05,0.00018488438293343714
0.056875,0.099375,0.005,1.5625e-08,0.961783,3.70678e-06,0.9616622500000005,5.6513457499998876e-05,0.00012074999999955871,-5.2806677499998874e-05,0.00013179191055782716
0.059375,0.099375,0.005,1.5625e-08,0.96196,-7.80706e-05,0.9619297500000004,-1.5591007499999943e-05,3.024999999967637e-05,-6.247959250000007e-05,6.941730316676444e-05
0.061875,0.099375,0.005,1.5625e-08,0.961617,-0.000164983,0.9616982500000004,-9.342077499999868e-05,-8.125000000036575e-05,-7.156222500000133e-05,0.00010827148538285715
0.064375,0.099375,0.005,1.5625e-08,0.960713,-0.000259674,0.9609257500000004,-0.00017799534999999754,-0.00021275000000031685,-8.167865000000246e-05,0.00022789024631597932
0.066875,0.099375,0.005,1.5625e-08,0.959194,-0.000363983,0.9595622500000004,-0.00027064807499999603,-0.000368250000000403,-9.333492500000399e-05,0.0003798940256506453
0.069375,0.099375,0.005,1.5625e-08,0.956995,-0.000479745,0.9575492500000005,-0.00037331549999999436,-0.0005542500000004225,-0.00010642950000000565,0.0005643760279908419
0.071875,0.099375,0.005,1.5625e-08,0.954034,-0.000610318,0.9548087500000004,-0.0004890494999999918,-0.0007747500000003793,-0.0001212685000000082,0.0007841834043084818
0.074375,0.099375,0.005,1.5625e-08,0.950205,-0.000762202,0.9512390000000005,-0.0006229279999999897,-0.0010340000000005345,-0.0001392740000000103,0.0010433375518388611
0.076875,0.099375,0.005,1.5625e-08,0.945347,-0.000947258,0.9466932500000005,-0.0007837777499999869,-0.0013462500000004374,-0.00016348025000001312,0.0013561396884691653
0.079375,0.099375,0.005,1.5625e-08,0.939215,-0.00118356,0.9409475000000006,-0.0009875492499999846,-0.0017325000000005808,-0.00019601075000001537,0.001743552828026034
0.081875,0.099375,0.005,1.5625e-08,0.931422,-0.00150532,0.9336320000000007,-0.0012644822499999805,-0.0022100000000007114,-0.0002408377500000196,0.0022230840788931526
0.084375,0.099375,0.005,1.5625e-08,0.921294,-0.00198592,0.9240957500000009,-0.0016755027499999742,-0.0028017500000009354,-0.0003104172500000258,0.0028188937425172346
0.086875,0.099375,0.005,1.5625e-08,0.907535,-0.00279171,0.9110980000000011,-0.0023535484999999594,-0.003563000000001093,-0.0004381615000000408,0.003589840456077411
0.089375,0.099375,0.005,1.5625e-08,0.887408,-0.00435646,0.8920475000000012,-0.0036223509999999365,-0.00463950000000124,-0.0007341090000000639,0.004697220058065472
0.091875,0.099375,0.005,1.5625e-08,0.854251,-0.00812158,0.8608552500000015,-0.006411062499999885,-0.0066042500000015325,-0.001710517500000115,0.006822168876561683
0.094375,0.099375,0.005,1.5625e-08,0.788237,-0.0203726,0.8004175000000018,-0.014273844999999811,-0.012180500000001815,-0.00609875500000019,0.013622018675661532
0.096875,0.099375,0.005,1.5625e-08,0.608402,-0.070229,0.6463250000000027,-0.050546474999999494,-0.037923000000002705,-0.019682525000000506,0.04272652243485128
0.099375,0.099375,0.005,1.5625e-08,0.314646,-0.152356,0.19948350000000287,-0.22497749999999814,0.11516249999999711,0.07262149999999815,0.1361480211699717
