x,y,z,V,Ux,Uy,Ux_M160_interp,Uy_M160_interp,dUx,dUy,dU_mag_star
0.00125,0.00125,0.005,6.25e-08,6.78513e-05,-6.78061e-05,2.1433875000000003e-05,-2.1497624999999997e-05,4.6417425e-05,-4.6308475000000004e-05,6.556715794097111e-05
0.00375,0.00125,0.005,6.25e-08,0.000165902,-5.68943e-05,8.053915e-05,-1.2283925000000003e-05,8.536284999999999e-05,-4.4610375e-05,9.631667414193206e-05
0.00625,0.00125,0.005,6.25e-08,0.00014347,1.69651e-06,3.354417499999998e-05,2.7194130000000007e-05,0.00010992582500000003,-2.5497620000000006e-05,0.00011284420954393287
0.00875,0.00125,0.005,6.25e-08,-5.22536e-05,6.52599e-05,-0.00017141392500000008,7.024702500000002e-05,0.00011916032500000007,-4.987125000000014e-06,0.00011926464048439197
0.01125,0.00125,0.005,6.25e-08,-0.000416948,0.000120733,-0.00053122425,0.00010838732499999999,0.00011427625000000005,1.2345675000000004e-05,0.00011494118933292858
0.01375,0.00125,0.005,6.25e-08,-0.000923431,0.000164279,-0.0010233535,0.000139214575,9.992250000000007e-05,2.5064425e-05,0.00010301811203293642
0.01625,0.00125,0.005,6.25e-08,-0.00154099,0.000196185,-0.001619995,0.00016253447499999999,7.900500000000005e-05,3.365052500000002e-05,8.587285867941997e-05
0.01875,0.00125,0.005,6.25e-08,-0.00224009,0.00021815,-0.00229374,0.000178965475,5.3649999999999705e-05,3.9184524999999985e-05,6.643605571883082e-05
0.02125,0.00125,0.005,6.25e-08,-0.00299453,0.000232027,-0.0030196575000000004,0.00018934935000000002,2.5127500000000393e-05,4.2677649999999976e-05,4.9525478955508525e-05
0.02375,0.00125,0.005,6.25e-08,-0.00378174,0.000239357,-0.0037757374999999997,0.00019447267500000002,-6.002500000000348e-06,4.4884324999999975e-05,4.528391145821689e-05
0.02625,0.00125,0.005,6.25e-08,-0.00458214,0.000241233,-0.0045425349999999995,0.00019494755,-3.9605000000000716e-05,4.628545000000001e-05,6.0917147887130743e-05
0.02875,0.00125,0.005,6.25e-08,-0.00537825,0.000238298,-0.005302495000000001,0.000191174475,-7.57549999999994e-05,4.712352499999998e-05,8.92157308630352e-05
0.03125,0.00125,0.005,6.25e-08,-0.00615377,0.000230807,-0.006039207499999999,0.000183360625,-0.00011456250000000095,4.7446375e-05,0.00012399889074863067
0.03375,0.00125,0.005,6.25e-08,-0.0068928,0.000218726,-0.006736809999999999,0.000171564525,-0.00015599000000000082,4.716147500000002e-05,0.0001629634462822135
0.03625,0.00125,0.005,6.25e-08,-0.00757931,0.000201839,-0.0073795350000000004,0.000155763375,-0.00019977499999999926,4.607562499999999e-05,0.0002050195450295906
0.03875,0.00125,0.005,6.25e-08,-0.0081969,0.000179867,-0.007951567500000001,0.00013592204999999998,-0.0002453324999999989,4.3944950000000024e-05,0.00024923722472125216
0.04125,0.00125,0.005,6.25e-08,-0.00872886,0.00015258,-0.008437145,0.00011206525000000001,-0.0002917149999999997,4.051475e-05,0.00029451500164263673
0.04375,0.00125,0.005,6.25e-08,-0.00915848,0.000119903,-0.0088209,8.434259999999999e-05,-0.0003375800000000005,3.5560400000000006e-05,0.0003394477845680545
0.04625,0.00125,0.005,6.25e-08,-0.00946973,8.20069e-05,-0.0090885475,5.308415e-05,-0.0003811825000000005,2.8922749999999997e-05,0.0003822782020646912
0.04875,0.00125,0.005,6.25e-08,-0.00964803,3.93819e-05,-0.0092274275,1.8839235e-05,-0.00042060250000000056,2.0542665000000003e-05,0.00042110386378131545
0.05125,0.00125,0.005,6.25e-08,-0.00968125,-7.10778e-06,-0.0092276825,-1.7600045e-05,-0.00045356749999999994,1.0492265e-05,0.00045368884125695683
0.05375,0.00125,0.005,6.25e-08,-0.00956079,-5.62132e-05,-0.009083005,-5.5197599999999995e-05,-0.00047778499999999967,-1.0156000000000043e-06,0.00047778607939993363
0.05625,0.00125,0.005,6.25e-08,-0.00928262,-0.000106286,-0.008791519999999999,-9.269465e-05,-0.0004911000000000013,-1.359135000000001e-05,0.0004912880364865643
0.05875,0.00125,0.005,6.25e-08,-0.00884826,-0.000155347,-0.008356625,-0.00012865462499999996,-0.0004916350000000007,-2.6692375000000027e-05,0.0004923590723325216
0.06125,0.00125,0.005,6.25e-08,-0.00826552,-0.000201167,-0.00778748,-0.000161532325,-0.0004780399999999999,-3.963467500000002e-05,0.00047968025711129234
0.06375,0.00125,0.005,6.25e-08,-0.00754893,-0.000241395,-0.007099217499999998,-0.00018976282500000007,-0.000449712500000002,-5.163217499999992e-05,0.0004526667804814955
0.06625,0.00125,0.005,6.25e-08,-0.00671981,-0.000273714,-0.006312854999999997,-0.00021186275000000004,-0.00040695500000000225,-6.185124999999995e-05,0.00041162841149702524
0.06875,0.00125,0.005,6.25e-08,-0.0058058,-0.000296014,-0.005454742499999997,-0.00022654150000000003,-0.00035105750000000244,-6.947249999999996e-05,0.0003578656124336365
0.07125,0.00125,0.005,6.25e-08,-0.00483999,-0.000306577,-0.0045555950000000026,-0.00023280525000000002,-0.0002843949999999972,-7.377174999999997e-05,0.0002938073980060082
0.07375,0.00125,0.005,6.25e-08,-0.0038595,-0.000304231,-0.0036491900000000027,-0.00023005075000000002,-0.0002103099999999974,-7.418025e-05,0.0002230089809627886
0.07625,0.00125,0.005,6.25e-08,-0.00290369,-0.000288475,-0.0027707325000000025,-0.00021813175000000005,-0.00013295749999999752,-7.034324999999995e-05,0.00015041898027447147
0.07875,0.00125,0.005,6.25e-08,-0.00201205,-0.000259556,-0.0019549899999999976,-0.00019740259999999994,-5.706000000000244e-05,-6.215340000000004e-05,8.437350728493087e-05
0.08125,0.00125,0.005,6.25e-08,-0.00122196,-0.000218484,-0.0012343367499999982,-0.0001687312749999999,1.2376749999998228e-05,-4.975272500000008e-05,5.126907045664168e-05
0.08375,0.00125,0.005,6.25e-08,-0.000566309,-0.000167036,-0.0006367579999999986,-0.0001335011499999999,7.044899999999858e-05,-3.3534850000000094e-05,7.802337960843728e-05
0.08625,0.00125,0.005,6.25e-08,-7.10146e-05,-0.000107843,-0.00018379172500000102,-9.362807500000011e-05,0.00011277712500000103,-1.4214924999999892e-05,0.0001136694506717679
0.08875,0.00125,0.005,6.25e-08,0.000247223,-4.4647e-05,0.0001117404499999994,-5.166372500000012e-05,0.00013548255000000057,7.0167250000001204e-06,0.00013566412858316042
0.09125,0.00125,0.005,6.25e-08,0.000384516,1.73361e-05,0.00024875899999999987,-1.1130930000000106e-05,0.00013575700000000013,2.8467030000000107e-05,0.00013870953408479512
0.09375,0.00125,0.005,6.25e-08,0.000355375,6.86553e-05,0.00024304374999999998,2.2527e-05,0.00011233125000000002,4.612830000000001e-05,0.00012143364355668699
0.09625,0.00125,0.005,6.25e-08,0.000210544,9.25512e-05,0.00013745022499999965,3.939157500000001e-05,7.309377500000036e-05,5.315962499999999e-05,9.038056026542047e-05
0.09875,0.00125,0.005,6.25e-08,5.9369e-05,5.92423e-05,2.0790487499999783e-05,2.081056499999988e-05,3.857851250000022e-05,3.8431735000000124e-05,5.445456713465738e-05
0.00125,0.00375,0.005,6.25e-08,5.92396e-05,-0.000168192,1.2587215000000001e-05,-8.0921425e-05,4.6652385e-05,-8.7270575e-05,9.895755800856673e-05
0.00375,0.00375,0.005,6.25e-08,4.21956e-05,-4.00149e-05,-4.241027499999997e-05,4.2380457499999965e-05,8.460587499999997e-05,-8.239535749999997e-05,0.00011809804834148794
0.00625,0.00375,0.005,6.25e-08,-0.000299034,0.000253951,-0.00038487100000000006,0.0003348065,8.583700000000007e-05,-8.085550000000002e-05,0.00011792201850905544
0.00875,0.00375,0.005,6.25e-08,-0.00102636,0.000573461,-0.0011014935,0.0006597395000000001,7.513349999999997e-05,-8.627850000000002e-05,0.0001144072654358105
0.01125,0.00375,0.005,6.25e-08,-0.00213128,0.000863766,-0.0021920125000000003,0.000957097,6.0732500000000144e-05,-9.333099999999999e-05,0.00011135130047399543
0.01375,0.00375,0.005,6.25e-08,-0.00356752,0.0011034,-0.0036124624999999996,0.0012039662499999998,4.494249999999981e-05,-0.00010056624999999972,0.00011015170877164107
0.01625,0.00375,0.005,6.25e-08,-0.00527321,0.00128774,-0.005301005,0.0013946625,2.779499999999973e-05,-0.00010692250000000013,0.00011047616499159451
0.01875,0.00375,0.005,6.25e-08,-0.00718309,0.00141991,-0.0071917325,0.0015311149999999998,8.642500000000282e-06,-0.00011120499999999985,0.00011154032827300614
0.02125,0.00375,0.005,6.25e-08,-0.0092347,0.00150557,-0.009221185,0.0016180899999999995,-1.3515000000000402e-05,-0.00011251999999999963,0.00011332875021370318
0.02375,0.00375,0.005,6.25e-08,-0.0113705,0.0015504,-0.01133075,0.0016606949999999998,-3.9749999999999855e-05,-0.00011029499999999984,0.00011723928319893444
0.02625,0.00375,0.005,6.25e-08,-0.0135381,0.00155891,-0.013466800000000001,0.0016632324999999997,-7.129999999999984e-05,-0.00010432249999999975,0.00012636009657423472
0.02875,0.00375,0.005,6.25e-08,-0.0156887,0.00153407,-0.015579800000000001,0.0016287049999999998,-0.00010889999999999858,-9.463499999999981e-05,0.00014427402131014322
0.03125,0.00375,0.005,6.25e-08,-0.0177763,0.00147741,-0.01762295,0.0015588549999999998,-0.00015335000000000001,-8.144499999999987e-05,0.00017363614406280733
0.03375,0.00375,0.005,6.25e-08,-0.0197563,0.00138926,-0.019551149999999996,0.0014544324999999998,-0.00020515000000000463,-6.51724999999998e-05,0.0002152532862844418
0.03625,0.00375,0.005,6.25e-08,-0.0215841,0.00126931,-0.02131995,0.0013156624999999997,-0.0002641499999999977,-4.6352499999999675e-05,0.00026818608606012497
0.03875,0.00375,0.005,6.25e-08,-0.0232157,0.00111709,-0.022885774999999997,0.00114277875,-0.00032992500000000174,-2.568874999999988e-05,0.0003309235825709066
0.04125,0.00375,0.005,6.25e-08,-0.0246072,0.000932539,-0.0242058,0.0009365352499999999,-0.0004013999999999997,-3.996249999999903e-06,0.0004014198923995449
0.04375,0.00375,0.005,6.25e-08,-0.0257162,0.000716523,-0.0252394,0.0006987122499999999,-0.0004768000000000029,1.7810750000000195e-05,0.00047713254218881914
0.04625,0.00375,0.005,6.25e-08,-0.0265032,0.000471276,-0.025949450000000002,0.000432524,-0.0005537499999999987,3.8752000000000025e-05,0.000555104296510123
0.04875,0.00375,0.005,6.25e-08,-0.0269336,0.000200743,-0.026304249999999998,0.00014290509999999998,-0.0006293500000000007,5.783790000000002e-05,0.000632002092699392
0.05125,0.00375,0.005,6.25e-08,-0.0269798,-8.92013e-05,-0.0262797,-0.00016333749999999998,-0.0007001000000000021,7.413619999999998e-05,0.000704014336608597
0.05375,0.00375,0.005,6.25e-08,-0.0266239,-0.000390685,-0.02586165,-0.00047753999999999993,-0.000762249999999999,8.685499999999994e-05,0.0007671824121582811
0.05625,0.00375,0.005,6.25e-08,-0.0258594,-0.000693958,-0.025047725,-0.0007893727499999999,-0.0008116750000000013,9.541474999999987e-05,0.0008172638987148305
0.05875,0.00375,0.005,6.25e-08,-0.0246939,-0.000987695,-0.023849275,-0.0010872129999999994,-0.0008446250000000016,9.95179999999994e-05,0.0008504676495605242
0.06125,0.00375,0.005,6.25e-08,-0.0231502,-0.00125949,-0.022292399999999997,-0.0013586975,-0.0008578000000000023,9.920749999999998e-05,0.0008635177867631065
0.06375,0.00375,0.005,6.25e-08,-0.0212673,-0.00149652,-0.020418424999999994,-0.0015913950000000004,-0.0008488750000000059,9.487500000000034e-05,0.0008541604247739473
0.06625,0.00375,0.005,6.25e-08,-0.0190997,-0.00168636,-0.018283224999999993,-0.0017736300000000004,-0.0008164750000000075,8.72700000000004e-05,0.0008211257385595779
0.06875,0.00375,0.005,6.25e-08,-0.0167169,-0.00181792,-0.015956099999999994,-0.0018952900000000002,-0.0007608000000000059,7.737000000000022e-05,0.0007647239743201523
0.07125,0.00375,0.005,6.25e-08,-0.0142009,-0.00188227,-0.013517000000000006,-0.0019486399999999997,-0.0006838999999999942,6.636999999999984e-05,0.0006871129360592712
0.07375,0.00375,0.005,6.25e-08,-0.0116425,-0.00187355,-0.011053422500000007,-0.0019290750000000001,-0.0005890774999999931,5.552500000000006e-05,0.0005916885385329362
0.07625,0.00375,0.005,6.25e-08,-0.0091375,-0.0017896,-0.008656100000000007,-0.00183561,-0.00048139999999999294,4.601000000000019e-05,0.00048359371387559746
0.07875,0.00375,0.005,6.25e-08,-0.00678152,-0.00163246,-0.0064144299999999935,-0.0016712899999999993,-0.00036709000000000654,3.882999999999925e-05,0.0003691379647232248
0.08125,0.00375,0.005,6.25e-08,-0.00466437,-0.00140858,-0.0044113399999999945,-0.0014433649999999994,-0.00025303000000000565,3.478499999999942e-05,0.0002554098219039409
0.08375,0.00375,0.005,6.25e-08,-0.00286424,-0.00112903,-0.0027180024999999956,-0.001163379749999999,-0.00014623750000000452,3.434974999999888e-05,0.00015021754801391795
0.08625,0.00375,0.005,6.25e-08,-0.00144159,-0.000809766,-0.001388290000000003,-0.0008474515000000009,-5.329999999999701e-05,3.7685500000000905e-05,6.527700138831248e-05
0.08875,0.00375,0.005,6.25e-08,-0.000432699,-0.000472606,-0.000452761750000002,-0.0005170145000000009,2.006275000000199e-05,4.440850000000094e-05,4.873016324426446e-05
0.09125,0.00375,0.005,6.25e-08,0.000157051,-0.000146986,8.866914999999906e-05,-0.00020098050000000078,6.838185000000095e-05,5.399450000000079e-05,8.712911935554448e-05
0.09375,0.00375,0.005,6.25e-08,0.00036283,0.000124428,0.00027655000000000003,5.948745e-05,8.628e-05,6.494055e-05,0.00010798848750817143
0.09625,0.00375,0.005,6.25e-08,0.000281493,0.000277117,0.00020535724999999958,0.00020224025000000013,7.613575000000043e-05,7.487674999999988e-05,0.00010678567375179616
0.09875,0.00375,0.005,6.25e-08,9.29705e-05,0.0002094,3.983162499999962e-05,0.00013792882499999944,5.313887500000037e-05,7.147117500000055e-05,8.906104025973628e-05
0.00125,0.00625,0.005,6.25e-08,7.81479e-07,-0.000149498,-2.7997460000000008e-05,-3.275876499999998e-05,2.8778939000000007e-05,-0.00011673923500000002,0.00012023425601030245
0.00375,0.00625,0.005,6.25e-08,-0.000261277,0.000302168,-0.00034757150000000003,0.00039068450000000004,8.62945e-05,-8.851650000000003e-05,0.0001236200287271444
0.00625,0.00625,0.005,6.25e-08,-0.00106704,0.00104018,-0.0011444555000000003,0.0011190347500000003,7.741550000000034e-05,-7.885475000000042e-05,0.00011050443990090452
0.00875,0.00625,0.005,6.25e-08,-0.00242536,0.00182566,-0.002478980000000001,0.0019092825000000006,5.362000000000075e-05,-8.36225000000006e-05,9.933693626365864e-05
0.01125,0.00625,0.005,6.25e-08,-0.00430545,0.00254795,-0.00433661,0.0026385850000000006,3.116000000000056e-05,-9.063500000000037e-05,9.584179059783943e-05
0.01375,0.00625,0.005,6.25e-08,-0.00664637,0.00315622,-0.006657400000000001,0.0032521125000000007,1.1030000000000414e-05,-9.58925000000008e-05,9.652477638539322e-05
0.01625,0.00625,0.005,6.25e-08,-0.00936597,0.00363349,-0.009358565,0.0037317550000000007,-7.405000000000259e-06,-9.826500000000059e-05,9.854361597790148e-05
0.01875,0.00625,0.005,6.25e-08,-0.012375,0.00398091,-0.012349275,0.004077855,-2.5725000000000747e-05,-9.694500000000019e-05,0.00010030009297104402
0.02125,0.00625,0.005,6.25e-08,-0.0155853,0.00420737,-0.015539025000000003,0.004298722500000001,-4.6274999999996666e-05,-9.135250000000088e-05,0.00010240436944412993
0.02375,0.00625,0.005,6.25e-08,-0.0189129,0.00432348,-0.018841675000000002,0.004404715000000001,-7.122499999999768e-05,-8.123500000000068e-05,0.00010803761312616907
0.02625,0.00625,0.005,6.25e-08,-0.022279,0.00433854,-0.022176175000000003,0.00440513,-0.00010282499999999736,-6.659000000000005e-05,0.0001225039131007637
0.02875,0.00625,0.005,6.25e-08,-0.025609,0.00425916,-0.0254662,0.0043068525000000005,-0.00014279999999999848,-4.7692500000000825e-05,0.00015055369326672012
0.03125,0.00625,0.005,6.25e-08,-0.0288315,0.00408915,-0.028638925000000003,0.004114197500000001,-0.00019257499999999692,-2.5047500000000868e-05,0.00019419708515126805
0.03375,0.00625,0.005,6.25e-08,-0.031877,0.00383005,-0.031623975,0.0038294975000000005,-0.00025302500000000394,5.524999999997546e-07,0.00025302560321290013
0.03625,0.00625,0.005,6.25e-08,-0.0346769,0.0034822,-0.034352650000000005,0.0034540825000000004,-0.0003242499999999912,2.811749999999955e-05,0.0003254668282732424
0.03875,0.00625,0.005,6.25e-08,-0.037164,0.0030459,-0.036757975,0.0029895175000000003,-0.0004060250000000043,5.638249999999952e-05,0.0004099210740267612
0.04125,0.00625,0.005,6.25e-08,-0.0392725,0.00252275,-0.038775525000000005,0.0024388400000000003,-0.0004969749999999967,8.390999999999954e-05,0.0005040089669093167
0.04375,0.00625,0.005,6.25e-08,-0.04094,0.0019168,-0.04034485,0.0018077050000000002,-0.0005951499999999957,0.00010909499999999981,0.0006050663116758318
0.04625,0.00625,0.005,6.25e-08,-0.0421096,0.00123563,-0.041411875,0.001105349,-0.0006977249999999963,0.0001302809999999999,0.0007097839914974095
0.04875,0.00625,0.005,6.25e-08,-0.0427323,0.000491079,-0.04193135,0.00034521750000000005,-0.0008009500000000017,0.0001458614999999999,0.0008141231354544916
0.05125,0.00625,0.005,6.25e-08,-0.0427704,-0.000300267,-0.04187005,-0.00045470225000000006,-0.0009003500000000011,0.00015443525000000005,0.0009134989704113326
0.05375,0.00625,0.005,6.25e-08,-0.0422005,-0.00111702,-0.041209499999999996,-0.0012719925000000002,-0.0009910000000000058,0.00015497250000000014,0.001003044104591748
0.05625,0.00625,0.005,6.25e-08,-0.0410168,-0.00193339,-0.039949125,-0.002080305,-0.001067674999999997,0.00014691500000000028,0.0010777355533014552
0.05875,0.00625,0.005,6.25e-08,-0.039233,-0.00271994,-0.038108025000000004,-0.00285033,-0.0011249749999999933,0.00013038999999999976,0.0011325062042765969
0.06125,0.00625,0.005,6.25e-08,-0.036885,-0.0034449,-0.0357266,-0.0035511175000000005,-0.0011584000000000039,0.00010621750000000063,0.0011632595227662051
0.06375,0.00625,0.005,6.25e-08,-0.034031,-0.00407581,-0.03286699999999999,-0.004151777500000002,-0.0011640000000000053,7.596750000000204e-05,0.0011664763439762774
0.06625,0.00625,0.005,6.25e-08,-0.0307515,-0.0045815,-0.029612099999999992,-0.004623392500000002,-0.0011394000000000092,4.189250000000231e-05,0.0011401698739908325
0.06875,0.00625,0.005,6.25e-08,-0.0271476,-0.00493427,-0.026063574999999988,-0.004941032500000001,-0.0010840250000000128,6.7625000000010385e-06,0.0010840460931303972
0.07125,0.00625,0.005,6.25e-08,-0.0233374,-0.00511211,-0.02233827500000001,-0.005085715000000001,-0.0009991249999999896,-2.6394999999998503e-05,0.0009994735922724419
0.07375,0.00625,0.005,6.25e-08,-0.0194519,-0.00510075,-0.01856350000000001,-0.0050461675000000004,-0.0008883999999999906,-5.4582499999999805e-05,0.0008900751705930422
0.07625,0.00625,0.005,6.25e-08,-0.0156285,-0.00489534,-0.01487127500000001,-0.004820210000000001,-0.0007572249999999899,-7.512999999999877e-05,0.0007609429791548014
0.07875,0.00625,0.005,6.25e-08,-0.0120043,-0.00450178,-0.011391474999999991,-0.0044157325,-0.0006128250000000095,-8.604750000000029e-05,0.0006188365316311422
0.08125,0.00625,0.005,6.25e-08,-0.00870824,-0.00393746,-0.008244694999999991,-0.003851264999999999,-0.00046354500000000964,-8.619500000000115e-05,0.00047149076878557136
0.08375,0.00625,0.005,6.25e-08,-0.00585242,-0.00323181,-0.005534317499999994,-0.0031563649999999987,-0.0003181025000000056,-7.544500000000124e-05,0.00032692682442903606
0.08625,0.00625,0.005,6.25e-08,-0.00352387,-0.0024269,-0.0033387275000000055,-0.002372152500000003,-0.00018514249999999465,-5.474749999999709e-05,0.0001930674339770892
0.08875,0.00625,0.005,6.25e-08,-0.00177558,-0.00157883,-0.001702925000000004,-0.0015527625000000024,-7.265499999999591e-05,-2.606749999999763e-05,7.718978935875704e-05
0.09125,0.00625,0.005,6.25e-08,-0.00061797,-0.000760913,-0.0006297275000000024,-0.0007687967500000023,1.1757500000002382e-05,7.883750000002294e-06,1.4155999445909575e-05
0.09375,0.00625,0.005,6.25e-08,-9.56302e-06,-6.92748e-05,-7.020477500000008e-05,-0.00011403660500000004,6.0641755000000084e-05,4.4761805000000037e-05,7.537268494844842e-05
0.09625,0.00625,0.005,6.25e-08,0.000158578,0.000366627,8.6535075e-05,0.0002838760000000006,7.204292500000002e-05,8.27509999999994e-05,0.00010971741449540055
0.09875,0.00625,0.005,6.25e-08,7.553e-05,0.00036022,2.6211124999999758e-05,0.0002505532499999991,4.931887500000025e-05,0.00010966675000000092,0.00012024619531123782
0.00125,0.00875,0.005,6.25e-08,-6.85283e-05,5.30372e-05,-7.58896e-05,0.0001850453500000001,7.361300000000007e-06,-0.00013200815000000008,0.00013221323838448446
0.00375,0.00875,0.005,6.25e-08,-0.000621165,0.00106282,-0.0007147255,0.0011468325000000001,9.356049999999997e-05,-8.401250000000023e-05,0.00012574445242832796
0.00625,0.00875,0.005,6.25e-08,-0.00196158,0.00241971,-0.002041315000000001,0.002483637500000001,7.973500000000092e-05,-6.392750000000112e-05,0.00010219782522759616
0.00875,0.00875,0.005,6.25e-08,-0.00400897,0.00381496,-0.004056440000000001,0.003880445000000001,4.747000000000171e-05,-6.548500000000098e-05,8.088069068078172e-05
0.01125,0.00875,0.005,6.25e-08,-0.0066922,0.00509153,-0.006712250000000001,0.005163025000000002,2.005000000000149e-05,-7.149500000000128e-05,7.425319875264797e-05
0.01375,0.00875,0.005,6.25e-08,-0.00993048,0.00617096,-0.009926472500000002,0.006245990000000001,-4.007499999998318e-06,-7.50300000000011e-05,7.513694800995149e-05
0.01625,0.00875,0.005,6.25e-08,-0.0136228,0.00702309,-0.0135972,0.0070969475000000025,-2.5599999999998888e-05,-7.385750000000243e-05,7.816834593523329e-05
0.01875,0.00875,0.005,6.25e-08,-0.0176605,0.00764569,-0.017614475,0.0077126450000000015,-4.602499999999815e-05,-6.695500000000135e-05,8.124821628811312e-05
0.02125,0.00875,0.005,6.25e-08,-0.0219357,0.00804972,-0.021867700000000004,0.008103672500000002,-6.799999999999515e-05,-5.395250000000268e-05,8.680364195268325e-05
0.02375,0.00875,0.005,6.25e-08,-0.0263443,0.00825019,-0.026249875,0.0082851,-9.442500000000215e-05,-3.491000000000084e-05,0.0001006716878024823
0.02625,0.00875,0.005,6.25e-08,-0.0307868,0.00826097,-0.0306586,0.008271205000000002,-0.00012819999999999845,-1.0235000000002534e-05,0.00012860791276200566
0.02875,0.00875,0.005,6.25e-08,-0.0351678,0.00809247,-0.034996025,0.008073070000000002,-0.000171774999999999,1.9399999999997544e-05,0.00017286703163124994
0.03125,0.00875,0.005,6.25e-08,-0.039395,0.00775115,-0.039168100000000004,0.007698125000000002,-0.00022689999999999516,5.302499999999821e-05,0.0002330134344302869
0.03375,0.00875,0.005,6.25e-08,-0.0433784,0.00724036,-0.043083525000000004,0.007150967500000002,-0.00029487499999999306,8.939249999999864e-05,0.0003081270593135982
0.03625,0.00875,0.005,6.25e-08,-0.0470297,0.00656189,-0.046653375,0.006435010000000001,-0.00037632500000000374,0.0001268799999999985,0.0003971385652703631
0.03875,0.00875,0.005,6.25e-08,-0.0502626,0.00571803,-0.049791800000000004,0.005554460000000001,-0.00047079999999999345,0.00016356999999999917,0.0004984052416457852
0.04125,0.00875,0.005,6.25e-08,-0.0529939,0.00471367,-0.0524166,0.004516377500000002,-0.0005772999999999959,0.00019729249999999796,0.0006100816507290188
0.04375,0.00875,0.005,6.25e-08,-0.0551452,0.00355827,-0.05445175000000001,0.0033326250000000005,-0.0006934499999999913,0.00022564499999999958,0.0007292383482270991
0.04625,0.00875,0.005,6.25e-08,-0.056646,0.00226757,-0.055830000000000005,0.0020213825000000006,-0.0008159999999999973,0.00024618749999999944,0.0008523287424205788
0.04875,0.00875,0.005,6.25e-08,-0.0574366,0.000864815,-0.0564959,0.0006082087500000001,-0.0009406999999999957,0.0002566062499999999,0.0009750708987243206
0.05125,0.00875,0.005,6.25e-08,-0.057472,-0.000618575,-0.056409425000000006,-0.0008735260000000002,-0.0010625749999999962,0.0002549510000000002,0.001092733106950637
0.05375,0.00875,0.005,6.25e-08,-0.0567251,-0.002143,-0.055549475000000015,-0.0023828700000000005,-0.0011756249999999857,0.00023987000000000053,0.0011998465558249382
0.05625,0.00875,0.005,6.25e-08,-0.0551904,-0.00366141,-0.053916825,-0.0038722500000000007,-0.001273574999999999,0.00021084000000000077,0.0012909092865980157
0.05875,0.00875,0.005,6.25e-08,-0.052887,-0.00512074,-0.05153685000000001,-0.005289147499999999,-0.0013501499999999944,0.00016840749999999863,0.0013606124020294076
0.06125,0.00875,0.005,6.25e-08,-0.0498602,-0.00646417,-0.04846085,-0.006578440000000001,-0.0013993500000000006,0.00011427000000000138,0.0014040078544652098
0.06375,0.00875,0.005,6.25e-08,-0.0461829,-0.00763398,-0.04476667499999999,-0.007685320000000004,-0.001416225000000007,5.134000000000388e-05,0.0014171552653908536
0.06625,0.00875,0.005,6.25e-08,-0.041955,-0.00857497,-0.04055747499999999,-0.008558587500000004,-0.0013975250000000106,-1.638249999999508e-05,0.001397621018706888
0.06875,0.00875,0.005,6.25e-08,-0.0373012,-0.0092382,-0.03595939999999999,-0.009154125000000003,-0.001341800000000011,-8.40749999999977e-05,0.0013444314209453115
0.07125,0.00875,0.005,6.25e-08,-0.0323671,-0.00958482,-0.03111737500000002,-0.009438342500000002,-0.0012497249999999828,-0.00014647749999999876,0.001258279870947321
0.07375,0.00875,0.005,6.25e-08,-0.0273143,-0.00958965,-0.026189325000000013,-0.009391200000000002,-0.0011249749999999864,-0.0001984499999999976,0.0011423445859831299
0.07625,0.00875,0.005,6.25e-08,-0.0223129,-0.00924428,-0.021339400000000012,-0.009008782500000003,-0.0009734999999999883,-0.00023549749999999744,0.0010015794139788547
0.07875,0.00875,0.005,6.25e-08,-0.0175329,-0.00855937,-0.016729674999999992,-0.008305129999999999,-0.0008032250000000081,-0.00025424000000000106,0.0008425012630406043
0.08125,0.00875,0.005,6.25e-08,-0.0131351,-0.0075663,-0.01251122499999999,-0.007313349999999998,-0.0006238750000000098,-0.0002529500000000018,0.0006732040687080056
0.08375,0.00875,0.005,6.25e-08,-0.00926075,-0.00631799,-0.008814802499999991,-0.0060863199999999975,-0.00044594750000000877,-0.0002316700000000024,0.0005025337418087057
0.08625,0.00875,0.005,6.25e-08,-0.00602132,-0.00488963,-0.0057411100000000085,-0.004697382500000005,-0.0002802099999999917,-0.00019224749999999496,0.00033981869483041015
0.08875,0.00875,0.005,6.25e-08,-0.00348835,-0.00338001,-0.0033514425000000067,-0.0032418775000000047,-0.00013690749999999315,-0.0001381324999999954,0.00019448457808396238
0.09125,0.00875,0.005,6.25e-08,-0.00168397,-0.0019145,-0.0016586675000000042,-0.0018405700000000043,-2.5302499999995667e-05,-7.392999999999571e-05,7.814001155777459e-05
0.09375,0.00875,0.005,6.25e-08,-0.000571973,-0.000649716,-0.0006190860000000002,-0.0006461035000000003,4.711300000000021e-05,-3.6124999999997964e-06,4.7251295487531537e-05
0.09625,0.00875,0.005,6.25e-08,-5.18241e-05,0.00021766,-0.00012546464999999934,0.00014634885000000135,7.364054999999935e-05,7.131114999999865e-05,0.00010250956403489731
0.09875,0.00875,0.005,6.25e-08,3.84891e-05,0.000420507,-5.340764999999626e-07,0.00028221174999999916,3.902317649999996e-05,0.00013829525000000082,0.00014369545739762574
0.00125,0.01125,0.005,6.25e-08,-0.00013723,0.000454587,-0.00012391615,0.00058637425,-1.3313850000000005e-05,-0.00013178725000000005,0.00013245806077542057
0.00375,0.01125,0.005,6.25e-08,-0.000991056,0.00227895,-0.0010935424999999998,0.0023532024999999997,0.0001024864999999999,-7.425249999999965e-05,0.0001265579568359885
0.00625,0.01125,0.005,6.25e-08,-0.00289184,0.00442835,-0.0029752600000000004,0.004477385,8.342000000000028e-05,-4.9035000000000224e-05,9.676428899650981e-05
0.00875,0.01125,0.005,6.25e-08,-0.00565286,0.00655749,-0.005696992500000001,0.006608185000000001,4.413250000000115e-05,-5.0695000000000774e-05,6.721354462643806e-05
0.01125,0.01125,0.005,6.25e-08,-0.00915041,0.00848064,-0.0091647625,0.0085397325,1.4352500000000198e-05,-5.909249999999991e-05,6.081050741853742e-05
0.01375,0.01125,0.005,6.25e-08,-0.0132776,0.0101008,-0.013266175,0.010165435,-1.142500000000067e-05,-6.463500000000039e-05,6.563698538171955e-05
0.01625,0.01125,0.005,6.25e-08,-0.0179125,0.0113788,-0.017877725,0.011442250000000001,-3.477500000000078e-05,-6.345000000000135e-05,7.235470354441532e-05
0.01875,0.01125,0.005,6.25e-08,-0.0229284,0.0123103,-0.022871574999999998,0.012364074999999999,-5.68250000000034e-05,-5.377499999999896e-05,7.823574151243327e-05
0.02125,0.01125,0.005,6.25e-08,-0.0282009,0.0129084,-0.028120625000000003,0.0129436,-8.027499999999771e-05,-3.519999999999912e-05,8.765338342014855e-05
0.02375,0.01125,0.005,6.25e-08,-0.0336096,0.0131921,-0.033501449999999995,0.013200199999999999,-0.00010815000000000824,-8.099999999998733e-06,0.00010845290452542874
0.02625,0.01125,0.005,6.25e-08,-0.0390389,0.0131794,-0.038895125,0.013152674999999999,-0.00014377499999999876,2.6725000000001747e-05,0.00014623773880226588
0.02875,0.01125,0.005,6.25e-08,-0.0443769,0.0128845,-0.044186975,0.012816224999999999,-0.00018992499999999357,6.827500000000132e-05,0.00020182413445868594
0.03125,0.01125,0.005,6.25e-08,-0.0495148,0.0123165,-0.049266025,0.012201575,-0.0002487749999999997,0.0001149250000000001,0.0002740378737510563
0.03375,0.01125,0.005,6.25e-08,-0.0543461,0.0114808,-0.054024174999999994,0.011316075,-0.0003219250000000076,0.00016472499999999925,0.00036162139213548284
0.03625,0.01125,0.005,6.25e-08,-0.0587667,0.0103814,-0.058356349999999994,0.01016588,-0.00041035000000000377,0.0002155200000000003,0.00046350403763074514
0.03875,0.01125,0.005,6.25e-08,-0.0626748,0.00902369,-0.06216115,0.00875909,-0.0005136500000000044,0.0002645999999999985,0.000577797094575599
0.04125,0.01125,0.005,6.25e-08,-0.0659732,0.00741722,-0.06534214999999999,0.007108307500000001,-0.000631050000000008,0.00030891249999999947,0.0007026030423761769
0.04375,0.01125,0.005,6.25e-08,-0.0685706,0.00557876,-0.067810575,0.0052335725,-0.0007600249999999975,0.0003451875,0.0008347409243479358
0.04625,0.01125,0.005,6.25e-08,-0.0703855,0.00353448,-0.06948822499999999,0.0031644075,-0.0008972750000000168,0.0003700725000000001,0.0009705957350417733
0.04875,0.01125,0.005,6.25e-08,-0.0713494,0.00132165,-0.070311,0.0009412917500000001,-0.0010383999999999949,0.0003803582499999999,0.0011058693224531783
0.05125,0.01125,0.005,6.25e-08,-0.0714105,-0.00101046,-0.070232725,-0.0013837975,-0.001177775000000006,0.0003733375,0.001235530185601009
0.05375,0.01125,0.005,6.25e-08,-0.0705379,-0.00340074,-0.069229025,-0.0037478025,-0.001308875000000001,0.0003470624999999997,0.001354107139236498
0.05625,0.01125,0.005,6.25e-08,-0.0687253,-0.00577726,-0.06730055,-0.006078065,-0.0014247500000000024,0.0003008049999999995,0.0014561580307525027
0.05875,0.01125,0.005,6.25e-08,-0.065994,-0.00805957,-0.06447592499999999,-0.008294772499999997,-0.0015180750000000076,0.0002352024999999966,0.0015361874630497644
0.06125,0.01125,0.005,6.25e-08,-0.0623955,-0.0101618,-0.060813425,-0.0103144025,-0.0015820750000000022,0.00015260249999999968,0.0015894177640353895
0.06375,0.01125,0.005,6.25e-08,-0.0580121,-0.011997,-0.05640154999999999,-0.012054075000000004,-0.0016105500000000092,5.707500000000365e-05,0.001611561000435612
0.06625,0.01125,0.005,6.25e-08,-0.0529573,-0.013482,-0.05135814999999999,-0.013436150000000003,-0.0015991500000000075,-4.584999999999659e-05,0.0015998071586913291
0.06875,0.01125,0.005,6.25e-08,-0.0473731,-0.0145429,-0.04582762499999998,-0.014393625000000002,-0.0015454750000000184,-0.00014927499999999733,0.001552667382683766
0.07125,0.01125,0.005,6.25e-08,-0.0414266,-0.0151208,-0.039976850000000015,-0.014875175000000001,-0.0014497499999999858,-0.0002456249999999993,0.001470410385955213
0.07375,0.01125,0.005,6.25e-08,-0.0353037,-0.0151769,-0.033988575000000014,-0.0148497,-0.0013151249999999864,-0.0003271999999999997,0.0013552171802426961
0.07625,0.01125,0.005,6.25e-08,-0.0292017,-0.0146978,-0.02805400000000002,-0.014310325000000002,-0.0011476999999999807,-0.00038747499999999824,0.0012113431246451
0.07875,0.01125,0.005,6.25e-08,-0.0233197,-0.0136986,-0.022363449999999986,-0.013277399999999998,-0.0009562500000000126,-0.0004212000000000018,0.0010449035852651792
0.08125,0.01125,0.005,6.25e-08,-0.0178479,-0.0122257,-0.017096049999999988,-0.011800199999999997,-0.0007518500000000122,-0.000425500000000004,0.0008639031615291275
0.08375,0.01125,0.005,6.25e-08,-0.0129557,-0.0103581,-0.012409099999999989,-0.009957942499999994,-0.0005466000000000117,-0.0004001575000000066,0.000677419799538121
0.08625,0.01125,0.005,6.25e-08,-0.00878056,-0.00820766,-0.00842731500000001,-0.007860567500000006,-0.0003532449999999899,-0.00034709249999999477,0.0004952325045685503
0.08875,0.01125,0.005,6.25e-08,-0.00541686,-0.00592026,-0.005232630000000008,-0.005649312500000006,-0.00018422999999999183,-0.0002709474999999942,0.0003276480438767243
0.09125,0.01125,0.005,6.25e-08,-0.00290527,-0.00367686,-0.0028552700000000057,-0.0034992025000000057,-4.999999999999449e-05,-0.00017765749999999443,0.0001845594411192434
0.09375,0.01125,0.005,6.25e-08,-0.00122417,-0.0016962,-0.0012669275,-0.0016236825,4.275749999999999e-05,-7.251749999999998e-05,8.418427176438598e-05
0.09625,0.01125,0.005,6.25e-08,-0.000295756,-0.000240272,-0.0003767414999999984,-0.00028295864999999733,8.098549999999843e-05,4.2686649999997326e-05,9.154671648110607e-05
0.09875,0.01125,0.005,6.25e-08,-3.55641e-06,0.000355769,-3.141252499999962e-05,0.0002018414999999998,2.785611499999962e-05,0.00015392750000000016,0.00015642774178240655
0.00125,0.01375,0.005,6.25e-08,-0.000201665,0.00105008,-0.00016999015000000001,0.0011687382499999998,-3.167484999999997e-05,-0.00011865824999999987,0.00012281317688092337
0.00375,0.01375,0.005,6.25e-08,-0.00135116,0.00395533,-0.0014639599999999998,0.00401571,0.00011279999999999992,-6.0379999999999635e-05,0.0001279436766706348
0.00625,0.01375,0.005,6.25e-08,-0.00381169,0.0070781,-0.0038984725000000007,0.007112775,8.67825000000007e-05,-3.467499999999964e-05,9.34535067894731e-05
0.00875,0.01375,0.005,6.25e-08,-0.00728631,0.0100642,-0.007326667500000001,0.01010215,4.035750000000102e-05,-3.7950000000000136e-05,5.539792691292782e-05
0.01125,0.01375,0.005,6.25e-08,-0.0115927,0.0127177,-0.01160225,0.012767,9.55000000000053e-06,-4.9300000000000385e-05,5.021645646598382e-05
0.01375,0.01375,0.005,6.25e-08,-0.0165931,0.0149351,-0.0165772,0.014992525,-1.5899999999999248e-05,-5.742499999999984e-05,5.9585573967194085e-05
0.01625,0.01375,0.005,6.25e-08,-0.0221423,0.0166751,-0.022103275,0.016732175000000002,-3.902500000000156e-05,-5.707500000000018e-05,6.914120515293425e-05
0.01875,0.01375,0.005,6.25e-08,-0.0280952,0.0179351,-0.02803435,0.017980700000000002,-6.085000000000118e-05,-4.560000000000328e-05,7.60400059179406e-05
0.02125,0.01375,0.005,6.25e-08,-0.0343126,0.0187319,-0.03422842500000001,0.018754200000000002,-8.41749999999919e-05,-2.2300000000002873e-05,8.707881846349756e-05
0.02375,0.01375,0.005,6.25e-08,-0.0406605,0.0190891,-0.040548600000000004,0.01907665,-0.00011189999999999811,1.2450000000000655e-05,0.00011259046362814035
0.02625,0.01375,0.005,6.25e-08,-0.0470105,0.0190291,-0.046862825,0.018971575,-0.0001476749999999999,5.7524999999999243e-05,0.00015848353621117836
0.02875,0.01375,0.005,6.25e-08,-0.0532377,0.0185692,-0.053043575,0.018458,-0.00019412499999999638,0.00011120000000000227,0.000223718474036006
0.03125,0.01375,0.005,6.25e-08,-0.0592207,0.0177215,-0.0589667,0.017549925,-0.0002540000000000042,0.0001715750000000002,0.0003065191358218965
0.03375,0.01375,0.005,6.25e-08,-0.0648403,0.0164936,-0.064511175,0.016257499999999998,-0.00032912499999999956,0.00023610000000000297,0.0004050512012388077
0.03625,0.01375,0.005,6.25e-08,-0.0699795,0.0148922,-0.06955905,0.0145904,-0.00042045000000000277,0.00030179999999999964,0.0005175533233397328
0.03875,0.01375,0.005,6.25e-08,-0.0745247,0.0129264,-0.07399644999999999,0.012561150000000002,-0.0005282500000000079,0.0003652499999999975,0.0006422270821134893
0.04125,0.01375,0.005,6.25e-08,-0.0783668,0.0106116,-0.077715225,0.010189050000000002,-0.0006515750000000015,0.00042254999999999897,0.0007765941559946231
0.04375,0.01375,0.005,6.25e-08,-0.081404,0.00797303,-0.080615675,0.007503695,-0.0007883250000000064,0.0004693350000000004,0.0009174593439766202
0.04625,0.01375,0.005,6.25e-08,-0.0835451,0.00504891,-0.082609775,0.00454756,-0.0009353250000000007,0.0005013500000000002,0.0010612184874591102
0.04875,0.01375,0.005,6.25e-08,-0.0847131,0.00189232,-0.08362502499999999,0.0013779589999999998,-0.0010880750000000078,0.0005143610000000003,0.001203525838503693
0.05125,0.01375,0.005,6.25e-08,-0.0848492,-0.00142761,-0.08360822500000001,-0.0019323324999999999,-0.0012409749999999914,0.0005047224999999999,0.0013396879310612708
0.05375,0.01375,0.005,6.25e-08,-0.0839172,-0.00482595,-0.08252994999999999,-0.0052956950000000004,-0.0013872500000000065,0.0004697450000000006,0.0014646238177515136
0.05625,0.01375,0.005,6.25e-08,-0.081907,-0.00820341,-0.08038775000000001,-0.0086115925,-0.0015192499999999859,0.0004081824999999997,0.0015731285757388705
0.05875,0.01375,0.005,6.25e-08,-0.0788389,-0.0114492,-0.077209725,-0.011769824999999996,-0.0016291749999999966,0.00032062499999999626,0.0016604251176280088
0.06125,0.01375,0.005,6.25e-08,-0.0747656,-0.0144454,-0.07305652500000001,-0.014655175,-0.0017090749999999905,0.00020977499999999885,0.0017219009571546116
0.06375,0.01375,0.005,6.25e-08,-0.0697742,-0.0170722,-0.06802244999999998,-0.017152750000000005,-0.0017517500000000102,8.055000000000562e-05,0.001753600970859687
0.06625,0.01375,0.005,6.25e-08,-0.0639862,-0.0192148,-0.06223469999999999,-0.019154925000000003,-0.001751500000000003,-5.987499999999743e-05,0.0017525231141485725
0.06875,0.01375,0.005,6.25e-08,-0.0575559,-0.0207704,-0.05585132499999998,-0.02056795,-0.0017045750000000207,-0.00020244999999999985,0.0017165552519872672
0.07125,0.01375,0.005,6.25e-08,-0.0506668,-0.0216562,-0.04905657500000002,-0.021319,-0.001610224999999979,-0.0003371999999999993,0.0016451529991538573
0.07375,0.01375,0.005,6.25e-08,-0.0435259,-0.0218167,-0.042054950000000015,-0.021362850000000003,-0.0014709499999999848,-0.0004538499999999987,0.001539374458992988
0.07625,0.01375,0.005,6.25e-08,-0.0363551,-0.0212303,-0.03506227500000002,-0.020687425000000006,-0.0012928249999999836,-0.0005428749999999948,0.0014021803543945235
0.07875,0.01375,0.005,6.25e-08,-0.0293815,-0.019915,-0.02829644999999998,-0.019317999999999995,-0.0010850500000000214,-0.0005970000000000038,0.001238443580668918
0.08125,0.01375,0.005,6.25e-08,-0.0228251,-0.0179316,-0.021965299999999983,-0.017320049999999993,-0.0008598000000000182,-0.0006115500000000058,0.0010551063654911947
0.08375,0.01375,0.005,6.25e-08,-0.0168862,-0.0153858,-0.016255299999999986,-0.014800499999999992,-0.0006309000000000141,-0.0005853000000000073,0.0008605875318641482
0.08625,0.01375,0.005,6.25e-08,-0.0117325,-0.0124283,-0.011319200000000014,-0.011907850000000008,-0.00041329999999998625,-0.0005204499999999918,0.0006645939305320054
0.08875,0.01375,0.005,6.25e-08,-0.0074866,-0.00925424,-0.00726531000000001,-0.008831910000000009,-0.00022128999999999031,-0.0004223299999999916,0.0004767933441229949
0.09125,0.01375,0.005,6.25e-08,-0.00421495,-0.00610245,-0.004148262500000007,-0.005804155000000008,-6.668749999999297e-05,-0.00029829499999999183,0.00030565851809044055
0.09375,0.01375,0.005,6.25e-08,-0.00191811,-0.00325462,-0.00196297,-0.0030992375,4.486000000000008e-05,-0.0001553825000000001,0.00016172860262257273
0.09625,0.01375,0.005,6.25e-08,-0.000548512,-0.00103604,-0.0006426637499999975,-0.0010391427499999955,9.415174999999744e-05,3.102749999995538e-06,9.420286134520804e-05
0.09875,0.01375,0.005,6.25e-08,-4.39504e-05,0.000160263,-6.304489999999928e-05,-4.892774999989207e-07,1.909449999999928e-05,0.00016075227749999893,0.00016188234817819588
0.00125,0.01625,0.005,6.25e-08,-0.000261247,0.00183005,-0.00021352699999999998,0.0019242550000000001,-4.772000000000001e-05,-9.42050000000002e-05,0.00010560199062991208
0.00375,0.01625,0.005,6.25e-08,-0.00169363,0.00608048,-0.0018179874999999998,0.0061228674999999995,0.0001243574999999998,-4.238749999999937e-05,0.00013138298201251144
0.00625,0.01625,0.005,6.25e-08,-0.00469769,0.0103592,-0.00478803,0.0103800725,9.034000000000039e-05,-2.087249999999964e-05,9.271988382353623e-05
0.00875,0.01625,0.005,6.25e-08,-0.00886881,0.0143245,-0.008905157500000002,0.01435225,3.634750000000228e-05,-2.7749999999999997e-05,4.572967588175282e-05
0.01125,0.01625,0.005,6.25e-08,-0.0139645,0.0177876,-0.013969375000000001,0.01783015,4.875000000001406e-06,-4.254999999999884e-05,4.282835655263829e-05
0.01375,0.01625,0.005,6.25e-08,-0.0198134,0.0206513,-0.019794475,0.02070445,-1.8924999999999498e-05,-5.314999999999834e-05,5.641877457903357e-05
0.01625,0.01625,0.005,6.25e-08,-0.0262456,0.0228807,-0.026205575000000002,0.022934275,-4.002499999999909e-05,-5.357500000000015e-05,6.687511682232745e-05
0.01875,0.01625,0.005,6.25e-08,-0.0330972,0.0244801,-0.0330376,0.024520575,-5.959999999999993e-05,-4.047499999999815e-05,7.204433097058951e-05
0.02125,0.01625,0.005,6.25e-08,-0.0402149,0.0254732,-0.0401344,0.025485925,-8.049999999999724e-05,-1.2724999999998154e-05,8.149954371037612e-05
0.02375,0.01625,0.005,6.25e-08,-0.0474534,0.0258895,-0.0473475,0.0258603,-0.00010589999999999905,2.920000000000006e-05,0.00010985194581799542
0.02625,0.01625,0.005,6.25e-08,-0.0546737,0.0257562,-0.054534625,0.0256722,-0.00013907499999999545,8.400000000000074e-05,0.0001624741691008108
0.02875,0.01625,0.005,6.25e-08,-0.0617415,0.0250946,-0.061558325,0.024944775,-0.0001831750000000007,0.00014982500000000273,0.00023664448282180822
0.03125,0.01625,0.005,6.25e-08,-0.0685255,0.0239191,-0.06828475,0.023695024999999998,-0.0002407499999999979,0.00022407500000000066,0.0003288923351569618
0.03375,0.01625,0.005,6.25e-08,-0.0748968,0.0222399,-0.074583,0.02193625,-0.00031380000000000297,0.00030364999999999906,0.00043666206899615323
0.03625,0.01625,0.005,6.25e-08,-0.080729,0.0200665,-0.0803252,0.019681425000000002,-0.00040379999999999583,0.0003850749999999986,0.0005579759812258907
0.03875,0.01625,0.005,6.25e-08,-0.0858986,0.017412,-0.08538747499999999,0.016947925,-0.000511125000000015,0.0004640750000000013,0.0006903726321704942
0.04125,0.01625,0.005,6.25e-08,-0.0902872,0.0142981,-0.089651825,0.0137622,-0.0006353749999999936,0.0005358999999999989,0.0008311980513842598
0.04375,0.01625,0.005,6.25e-08,-0.0937837,0.0107591,-0.09300884999999999,0.0101638675,-0.0007748500000000075,0.0005952325000000008,0.0009770845672490496
0.04625,0.01625,0.005,6.25e-08,-0.0962876,0.00684598,-0.09536082500000001,0.006209225,-0.0009267749999999908,0.0006367550000000001,0.0011244415639107188
0.04875,0.01625,0.005,6.25e-08,-0.0977129,0.00262839,-0.096626025,0.001973285,-0.001086875000000001,0.000655105,0.0012690389381929943
0.05125,0.01625,0.005,6.25e-08,-0.0979924,-0.00180367,-0.09674254999999998,-0.00244926,-0.0012498500000000107,0.0006455899999999999,0.0014067378826917354
0.05375,0.01625,0.005,6.25e-08,-0.0970819,-0.00634018,-0.09567287499999999,-0.0069447625,-0.0014090250000000082,0.0006045825,0.0015332551809569316
0.05625,0.01625,0.005,6.25e-08,-0.0949644,-0.0108529,-0.09340784999999999,-0.011382924999999999,-0.0015565500000000176,0.0005300249999999982,0.0016443157857069467
0.05875,0.01625,0.005,6.25e-08,-0.0916543,-0.0151987,-0.089970425,-0.015620949999999995,-0.0016838749999999875,0.0004222499999999938,0.001736009815100408
0.06125,0.01625,0.005,6.25e-08,-0.0872008,-0.0192247,-0.085418625,-0.019508599999999997,-0.001782174999999997,0.00028389999999999666,0.0018046459322052586
0.06375,0.01625,0.005,6.25e-08,-0.0816903,-0.0227752,-0.07984719999999998,-0.022895925000000008,-0.0018431000000000142,0.00012072500000000902,0.0018470495758438792
0.06625,0.01625,0.005,6.25e-08,-0.0752472,-0.0256997,-0.07338804999999998,-0.025640850000000007,-0.0018591500000000177,-5.884999999999224e-05,0.0018600811931203608
0.06875,0.01625,0.005,6.25e-08,-0.0680334,-0.0278622,-0.06620822499999998,-0.027618375000000004,-0.0018251750000000122,-0.00024382499999999613,0.001841389261196568
0.07125,0.01625,0.005,6.25e-08,-0.0602454,-0.0291511,-0.05850657500000002,-0.028729775,-0.0017388249999999786,-0.00042132500000000017,0.0017891414522753436
0.07375,0.01625,0.005,6.25e-08,-0.0521083,-0.0294894,-0.050507000000000024,-0.028911150000000004,-0.0016012999999999791,-0.0005782499999999954,0.0017025083707576676
0.07625,0.01625,0.005,6.25e-08,-0.0438683,-0.028843,-0.04245015000000002,-0.028141425,-0.0014181499999999791,-0.0007015749999999994,0.0015822000199484704
0.07875,0.01625,0.005,6.25e-08,-0.0357814,-0.0272293,-0.03458252499999998,-0.026447999999999992,-0.001198875000000016,-0.0007813000000000091,0.0014309895022763279
0.08125,0.01625,0.005,6.25e-08,-0.0281006,-0.0247212,-0.027144149999999978,-0.023910899999999992,-0.0009564500000000219,-0.0008103000000000068,0.0012535480415604553
0.08375,0.01625,0.005,6.25e-08,-0.0210617,-0.0214504,-0.020355049999999982,-0.020664374999999992,-0.000706650000000017,-0.0007860250000000096,0.0010569718648691833
0.08625,0.01625,0.005,6.25e-08,-0.0148683,-0.0176068,-0.014402025000000016,-0.01689635000000001,-0.000466274999999983,-0.0007104499999999875,0.0008497950212403967
0.08875,0.01625,0.005,6.25e-08,-0.00967874,-0.0134365,-0.009426482500000012,-0.012846950000000011,-0.0002522574999999881,-0.000589549999999989,0.0006412511589121933
0.09125,0.01625,0.005,6.25e-08,-0.00559205,-0.00923807,-0.005514372500000009,-0.008805632500000011,-7.767749999999102e-05,-0.0004324374999999884,0.00043935860684922126
0.09375,0.01625,0.005,6.25e-08,-0.00263747,-0.00535772,-0.002690175,-0.0051092625000000004,5.270500000000011e-05,-0.0002484574999999994,0.0002539861144457502
0.09625,0.01625,0.005,6.25e-08,-0.000802517,-0.00218398,-0.0009155302499999965,-0.0021404474999999934,0.00011301324999999653,-4.353250000000645e-05,0.00012110769270286788
0.09875,0.01625,0.005,6.25e-08,-8.13948e-05,-0.000165366,-9.458507499999892e-05,-0.000327043999999997,1.3190274999998915e-05,0.000161677999999997,0.0001622151627887314
0.00125,0.01875,0.005,6.25e-08,-0.000316263,0.00278341,-0.0002543575,0.00284325,-6.190550000000002e-05,-5.9839999999999807e-05,8.609945720066985e-05
0.00375,0.01875,0.005,6.25e-08,-0.00201551,0.00863447,-0.0021520899999999997,0.0086547775,0.00013657999999999986,-2.0307500000000395e-05,0.00013808146492650625
0.00625,0.01875,0.005,6.25e-08,-0.00553765,0.0142485,-0.005632000000000001,0.014256225,9.435000000000086e-05,-7.725000000000093e-06,9.466571779160692e-05
0.00875,0.01875,0.005,6.25e-08,-0.0103763,0.0193133,-0.010408925000000003,0.019334175000000002,3.262500000000314e-05,-2.087500000000353e-05,3.87318505883769e-05
0.01125,0.01875,0.005,6.25e-08,-0.0162301,0.0236625,-0.016230800000000004,0.023702650000000002,7.000000000027817e-07,-4.0150000000002684e-05,4.015610165342522e-05
0.01375,0.01875,0.005,6.25e-08,-0.0228939,0.0272174,-0.022873175000000003,0.027271125,-2.0724999999995747e-05,-5.3725000000000994e-05,5.758386275685168e-05
0.01625,0.01875,0.005,6.25e-08,-0.0301722,0.0299589,-0.030133900000000005,0.030014000000000002,-3.829999999999459e-05,-5.510000000000237e-05,6.710365116742789e-05
0.01875,0.01875,0.005,6.25e-08,-0.0378829,0.0319044,-0.03782905,0.031944925,-5.384999999999418e-05,-4.052499999999959e-05,6.739508976920604e-05
0.02125,0.01875,0.005,6.25e-08,-0.0458591,0.0330882,-0.04578897500000001,0.033096999999999994,-7.012499999999033e-05,-8.79999999999631e-06,7.067499999998995e-05
0.02375,0.01875,0.005,6.25e-08,-0.0539459,0.0335481,-0.053855275,0.033508325,-9.062499999999696e-05,3.977499999999884e-05,9.89693955220469e-05
0.02625,0.01875,0.005,6.25e-08,-0.061996,0.0333175,-0.061877525,0.0332136,-0.00011847499999999983,0.00010389999999999705,0.00015758025138004871
0.02875,0.01875,0.005,6.25e-08,-0.0698679,0.0324215,-0.0697111,0.032240275,-0.0001567999999999986,0.00018122500000000014,0.00023964294403340902
0.03125,0.01875,0.005,6.25e-08,-0.0774233,0.0308776,-0.077215125,0.030608575,-0.00020817500000000488,0.0002690250000000026,0.0003401636095322417
0.03375,0.01875,0.005,6.25e-08,-0.0845267,0.0286982,-0.0842516,0.02833445,-0.00027510000000000034,0.0003637499999999995,0.00045606367154159494
0.03625,0.01875,0.005,6.25e-08,-0.0910442,0.0258955,-0.09068525000000001,0.025434175,-0.00035894999999999677,0.00046132499999999854,0.0005845219055989231
0.03875,0.01875,0.005,6.25e-08,-0.0968452,0.0224865,-0.096384275,0.021929775,-0.0004609250000000009,0.000556725000000001,0.0007227686913875019
0.04125,0.01875,0.005,6.25e-08,-0.101803,0.0184988,-0.10122205000000001,0.017854425,-0.0005809499999999967,0.0006443749999999991,0.0008675955527346802
0.04375,0.01875,0.005,6.25e-08,-0.105798,0.0139759,-0.1050805,0.013257625,-0.0007175000000000098,0.0007182749999999991,0.0010152463866594222
0.04625,0.01875,0.005,6.25e-08,-0.108721,0.00898095,-0.10785125000000001,0.00820907,-0.0008697499999999886,0.0007718799999999991,0.00116286877888263
0.04875,0.01875,0.005,6.25e-08,-0.110475,0.00360019,-0.109443,0.0028014500000000005,-0.0010320000000000051,0.0007987399999999996,0.0013049940948525436
0.05125,0.01875,0.005,6.25e-08,-0.110984,-0.0020556,-0.10978125,-0.00284856,-0.0012027500000000024,0.0007929600000000001,0.0014406224779934561
0.05375,0.01875,0.005,6.25e-08,-0.11019,-0.00785114,-0.10881750000000001,-0.00860086,-0.0013724999999999848,0.0007497200000000006,0.0015639169825793053
0.05625,0.01875,0.005,6.25e-08,-0.108067,-0.0136284,-0.10653225,-0.014294425,-0.0015347500000000014,0.0006660249999999989,0.0016730352247113635
0.05875,0.01875,0.005,6.25e-08,-0.104618,-0.0192107,-0.10293725000000001,-0.019751824999999994,-0.0016807499999999947,0.000541124999999993,0.001765711422663674
0.06125,0.01875,0.005,6.25e-08,-0.0998835,-0.0244079,-0.098082475,-0.024785575,-0.0018010249999999978,0.0003776750000000009,0.0018401982111310707
0.06375,0.01875,0.005,6.25e-08,-0.0939429,-0.0290251,-0.09205767499999998,-0.02920652500000001,-0.0018852250000000181,0.00018142500000000936,0.0018939346164136902
0.06625,0.01875,0.005,6.25e-08,-0.0869184,-0.0328717,-0.08499414999999998,-0.03283367500000001,-0.00192425000000003,-3.802499999999015e-05,0.0019246256683119226
0.06875,0.01875,0.005,6.25e-08,-0.0789747,-0.0357729,-0.07706407499999998,-0.03550527500000001,-0.001910625000000013,-0.00026762499999999356,0.001929277333938811
0.07125,0.01875,0.005,6.25e-08,-0.0703176,-0.0375826,-0.06847755000000001,-0.037090599999999994,-0.001840049999999982,-0.0004920000000000063,0.0019046910517193964
0.07375,0.01875,0.005,6.25e-08,-0.061189,-0.0381955,-0.059477100000000026,-0.0375011,-0.0017118999999999746,-0.0006943999999999978,0.0018473746155016609
0.07625,0.01875,0.005,6.25e-08,-0.051859,-0.0375591,-0.05032862500000003,-0.036700925,-0.0015303749999999727,-0.0008581749999999957,0.0017545688847263618
0.07875,0.01875,0.005,6.25e-08,-0.0426152,-0.0356844,-0.04131037499999997,-0.03471497499999999,-0.0013048250000000303,-0.0009694250000000099,0.0016255316395721426
0.08125,0.01875,0.005,6.25e-08,-0.0337478,-0.0326525,-0.03269894999999998,-0.03163449999999999,-0.0010488500000000248,-0.001018000000000012,0.0014616464423724625
0.08375,0.01875,0.005,6.25e-08,-0.0255343,-0.0286186,-0.02475437499999998,-0.027619349999999987,-0.0007799250000000181,-0.000999250000000014,0.0012675896686724203
0.08625,0.01875,0.005,6.25e-08,-0.0182222,-0.0238116,-0.01770477500000002,-0.022897000000000015,-0.0005174249999999811,-0.0009145999999999842,0.0010508195804346965
0.08875,0.01875,0.005,6.25e-08,-0.0120132,-0.0185297,-0.011732300000000015,-0.017759075000000013,-0.000280899999999985,-0.0007706249999999866,0.0008202241770546457
0.09125,0.01875,0.005,6.25e-08,-0.00704681,-0.013134,-0.0069615125000000114,-0.012555475000000016,-8.529749999998826e-05,-0.0005785249999999843,0.0005847793080566632
0.09375,0.01875,0.005,6.25e-08,-0.0033872,-0.00803838,-0.003452155,-0.007687797499999999,6.495500000000022e-05,-0.00035058250000000006,0.0003565490728234335
0.09625,0.01875,0.005,6.25e-08,-0.00106062,-0.00369796,-0.0011970224999999955,-0.00360176749999999,0.0001364024999999955,-9.61925000000103e-05,0.00016690907423654578
0.09875,0.01875,0.005,6.25e-08,-0.000117102,-0.000620109,-0.00012640114999999859,-0.0007791384999999944,9.299149999998581e-06,0.0001590294999999944,0.00015930114896312172
0.00125,0.02125,0.005,6.25e-08,-0.000366988,0.00389854,-0.00029236775,0.00391526,-7.462024999999999e-05,-1.672000000000045e-05,7.647051791417732e-05
0.00375,0.02125,0.005,6.25e-08,-0.00231521,0.0115926,-0.0024640950000000003,0.011586925000000001,0.0001488850000000005,5.67499999999839e-06,0.00014899311678732052
0.00625,0.02125,0.005,6.25e-08,-0.00632386,0.0187145,-0.006422675000000002,0.018709550000000002,9.88150000000021e-05,4.949999999996624e-06,9.89389040014108e-05
0.00875,0.02125,0.005,6.25e-08,-0.0117923,0.0249955,-0.011821875000000004,0.025012850000000007,2.9575000000003904e-05,-1.735000000000625e-05,3.4288527600357054e-05
0.01125,0.02125,0.005,6.25e-08,-0.0183637,0.030305,-0.018360925,0.030347825000000002,-2.7749999999999997e-06,-4.282500000000328e-05,4.2914813875866694e-05
0.01375,0.02125,0.005,6.25e-08,-0.0258,0.0345942,-0.0257787,0.03465445,-2.1299999999998404e-05,-6.0250000000004744e-05,6.390424477294528e-05
0.01625,0.02125,0.005,6.25e-08,-0.0338811,0.037869,-0.03384672500000001,0.037931950000000006,-3.4374999999989275e-05,-6.295000000000606e-05,7.17240763272698e-05
0.01875,0.02125,0.005,6.25e-08,-0.0424071,0.0401664,-0.042362875,0.040213725000000006,-4.42250000000019e-05,-4.732500000000778e-05,6.477272767145834e-05
0.02125,0.02125,0.005,6.25e-08,-0.0511991,0.0415358,-0.051145150000000014,0.041547925000000006,-5.394999999998318e-05,-1.2125000000008657e-05,5.529573333448427e-05
0.02375,0.02125,0.005,6.25e-08,-0.0600936,0.0420261,-0.060026575000000006,0.0419836,-6.70249999999914e-05,4.249999999999393e-05,7.936372360844929e-05
0.02625,0.02125,0.005,6.25e-08,-0.0689372,0.0416782,-0.068850625,0.04156317500000001,-8.65750000000054e-05,0.00011502499999999083,0.00014396520847065385
0.02875,0.02125,0.005,6.25e-08,-0.0775834,0.0405221,-0.07746767500000001,0.040319100000000004,-0.0001157249999999832,0.00020299999999999485,0.00023366915848051925
0.03125,0.02125,0.005,6.25e-08,-0.0858896,0.0385784,-0.0857323,0.038274775000000004,-0.0001572999999999991,0.00030362499999999487,0.0003419523806394636
0.03375,0.02125,0.005,6.25e-08,-0.0937155,0.0358617,-0.0935019,0.03544875,-0.00021359999999999435,0.0004129500000000022,0.00046492221123538443
0.03625,0.02125,0.005,6.25e-08,-0.100923,0.0323863,-0.10063582500000001,0.03185985000000001,-0.00028717499999998675,0.0005264499999999908,0.0005996824852578093
0.03875,0.02125,0.005,6.25e-08,-0.107374,0.0281725,-0.10699675,0.027533800000000004,-0.00037724999999999564,0.0006386999999999955,0.0007417919199478995
0.04125,0.02125,0.005,6.25e-08,-0.112938,0.0232532,-0.11244950000000001,0.022509725000000005,-0.0004884999999999889,0.0007434749999999969,0.0008895995310390989
0.04375,0.02125,0.005,6.25e-08,-0.117485,0.0176796,-0.11686800000000001,0.016845750000000003,-0.0006169999999999926,0.0008338499999999971,0.001037301702736473
0.04625,0.02125,0.005,6.25e-08,-0.120897,0.0115261,-0.12013375000000001,0.010623862500000003,-0.0007632499999999931,0.0009022374999999964,0.0011817711575877257
0.04875,0.02125,0.005,6.25e-08,-0.123067,0.00489428,-0.12214225000000002,0.003953032500000001,-0.0009247499999999742,0.000941247499999999,0.0013195110529117217
0.05125,0.02125,0.005,6.25e-08,-0.123904,-0.00208545,-0.12280600000000001,-0.0030290399999999998,-0.0010979999999999879,0.0009435899999999998,0.0014477451737443206
0.05375,0.02125,0.005,6.25e-08,-0.123337,-0.0092533,-0.12206100000000002,-0.0101563725,-0.0012759999999999855,0.0009030724999999993,0.0015632389261581903
0.05625,0.02125,0.005,6.25e-08,-0.121323,-0.0164218,-0.11987025000000001,-0.017237050000000004,-0.0014527499999999888,0.0008152500000000035,0.001665867679319091
0.05875,0.02125,0.005,6.25e-08,-0.11785,-0.0233797,-0.1162315,-0.024057924999999994,-0.001618499999999995,0.0006782249999999941,0.0017548593677628346
0.06125,0.02125,0.005,6.25e-08,-0.112943,-0.029898,-0.11117925000000001,-0.030391625000000005,-0.0017637499999999945,0.0004936250000000045,0.001831523874571387
0.06375,0.02125,0.005,6.25e-08,-0.106669,-0.0357391,-0.10479274999999999,-0.03600605000000002,-0.0018762500000000099,0.0002669500000000158,0.001895145473308064
0.06625,0.02125,0.005,6.25e-08,-0.099142,-0.0406674,-0.09719639999999999,-0.04067582500000002,-0.0019456000000000057,8.425000000020222e-06,0.0019456182412346526
0.06875,0.02125,0.005,6.25e-08,-0.090524,-0.0444632,-0.08856302499999999,-0.04419582500000001,-0.0019609750000000037,-0.0002673749999999933,0.0019791190821297267
0.07125,0.02125,0.005,6.25e-08,-0.0810261,-0.0469379,-0.07911082500000004,-0.046395525,-0.0019152749999999663,-0.0005423749999999977,0.0019905901050316383
0.07375,0.02125,0.005,6.25e-08,-0.0709047,-0.0479494,-0.06909935000000003,-0.047153675000000006,-0.0018053499999999695,-0.0007957249999999971,0.001972933576713845
0.07625,0.02125,0.005,6.25e-08,-0.0604544,-0.0474186,-0.058821050000000034,-0.04641187500000001,-0.001633349999999964,-0.001006724999999986,0.0019186785682142945
0.07875,0.02125,0.005,6.25e-08,-0.0499966,-0.0453422,-0.04858909999999998,-0.0441856,-0.0014075000000000198,-0.0011566000000000007,0.0018217518519271655
0.08125,0.02125,0.005,6.25e-08,-0.0398645,-0.0418033,-0.03872239999999998,-0.04057207499999999,-0.001142100000000014,-0.0012312250000000094,0.0016793770900619834
0.08375,0.02125,0.005,6.25e-08,-0.0303844,-0.0369767,-0.02952842499999998,-0.03575369999999999,-0.0008559750000000192,-0.0012230000000000088,0.0014927900725236131
0.08625,0.02125,0.005,6.25e-08,-0.0218563,-0.0311287,-0.021285150000000023,-0.029996800000000025,-0.0005711499999999751,-0.001131899999999974,0.0012678367136583135
0.08875,0.02125,0.005,6.25e-08,-0.0145349,-0.0246113,-0.014224350000000021,-0.023646025000000022,-0.0003105499999999789,-0.0009652749999999773,0.0010140005562744741
0.09125,0.02125,0.005,6.25e-08,-0.00860906,-0.017852,-0.008517240000000016,-0.017115250000000023,-9.181999999998379e-05,-0.000736749999999977,0.0007424496446897682
0.09375,0.02125,0.005,6.25e-08,-0.0041844,-0.0113377,-0.004264837500000001,-0.010875777500000001,8.043750000000151e-05,-0.00046192249999999803,0.0004688737435733616
0.09625,0.02125,0.005,6.25e-08,-0.00133005,-0.00559724,-0.0014939924999999947,-0.005442887499999988,0.0001639424999999948,-0.00015435250000001184,0.00022517068539777097
0.09875,0.02125,0.005,6.25e-08,-0.000152576,-0.00120572,-0.00015946829999999822,-0.0013605687499999913,6.89229999999822e-06,0.00015484874999999133,0.00015500206184386643
0.00125,0.02375,0.005,6.25e-08,-0.000413459,0.00516335,-0.000327383,0.005129125,-8.607600000000003e-05,3.422499999999971e-05,9.263060186029229e-05
0.00375,0.02375,0.005,6.25e-08,-0.0025911,0.0149267,-0.0027519099999999998,0.014891374999999998,0.00016080999999999995,3.532500000000098e-05,0.00016464419736206937
0.00625,0.02375,0.005,6.25e-08,-0.00704984,0.0237195,-0.0071534350000000005,0.023702050000000002,0.0001035950000000006,1.7449999999998717e-05,0.00010505439793269046
0.00875,0.02375,0.005,6.25e-08,-0.0131031,0.0313281,-0.013130575000000002,0.03134505,2.7475000000002497e-05,-1.6950000000001686e-05,3.2282783724458995e-05
0.01125,0.02375,0.005,6.25e-08,-0.0203432,0.0376694,-0.020338000000000002,0.037719925,-5.199999999996874e-06,-5.052500000000265e-05,5.079188542474315e-05
0.01375,0.02375,0.005,6.25e-08,-0.0285014,0.0427352,-0.0284808,0.042808075,-2.059999999999909e-05,-7.287500000000002e-05,7.573061220536887e-05
0.01625,0.02375,0.005,6.25e-08,-0.0373347,0.0465647,-0.037306149999999996,0.046642425,-2.8550000000002185e-05,-7.772500000000071e-05,8.280264564010159e-05
0.01875,0.02375,0.005,6.25e-08,-0.0466266,0.0492211,-0.0465951,0.04928295,-3.149999999999681e-05,-6.185000000000218e-05,6.940945540774736e-05
0.02125,0.02375,0.005,6.25e-08,-0.0561876,0.0507736,-0.05615462500000001,0.050797625,-3.297499999999065e-05,-2.4024999999996965e-05,4.079891236294465e-05
0.02375,0.02375,0.005,6.25e-08,-0.0658472,0.0512854,-0.0658108,0.051249825,-3.6399999999991994e-05,3.5575000000002965e-05,5.0897353811368506e-05
0.02625,0.02375,0.005,6.25e-08,-0.0754479,0.0508067,-0.075402775,0.0506914,-4.512499999999309e-05,0.00011530000000000568,0.0001238158133075121
0.02875,0.02375,0.005,6.25e-08,-0.0848402,0.0493736,-0.08477815,0.04916065,-6.205000000000793e-05,0.00021294999999999648,0.00022180600758320206
0.03125,0.02375,0.005,6.25e-08,-0.0938791,0.0470097,-0.093789175,0.046684624999999993,-8.992499999999071e-05,0.000325075000000008,0.00033728365102685234
0.03375,0.02375,0.005,6.25e-08,-0.102422,0.0437317,-0.10229074999999999,0.0432836,-0.0001312500000000133,0.0004480999999999999,0.0004669263030714841
0.03625,0.02375,0.005,6.25e-08,-0.110328,0.0395553,-0.11013925000000001,0.038978349999999995,-0.00018874999999998754,0.0005769500000000066,0.0006070402499011106
0.03875,0.02375,0.005,6.25e-08,-0.117457,0.0345031,-0.117192,0.033797049999999995,-0.00026500000000000135,0.0007060500000000067,0.0007541429589275565
0.04125,0.02375,0.005,6.25e-08,-0.123669,0.0286115,-0.123309,0.02778295,-0.0003599999999999992,0.0008285500000000008,0.0009033798218357552
0.04375,0.02375,0.005,6.25e-08,-0.12883,0.0219379,-0.12835524999999998,0.02100085,-0.00047475000000002376,0.0009370499999999983,0.0010504524096788103
0.04625,0.02375,0.005,6.25e-08,-0.132811,0.0145658,-0.13220075,0.013542674999999999,-0.0006102500000000066,0.0010231250000000015,0.0011912975397124813
0.04875,0.02375,0.005,6.25e-08,-0.135492,0.00660975,-0.1347275,0.005531557499999999,-0.0007645000000000013,0.001078192500000001,0.0013217258857479693
0.05125,0.02375,0.005,6.25e-08,-0.136767,-0.00178237,-0.1358315,-0.0028760825,-0.0009355000000000058,0.0010937125000000001,0.0014392245421254674
0.05375,0.02375,0.005,6.25e-08,-0.136548,-0.0104281,-0.135429,-0.01149,-0.0011190000000000089,0.001061900000000001,0.0015426576451047142
0.05625,0.02375,0.005,6.25e-08,-0.134771,-0.0191117,-0.133463,-0.020088175,-0.0013080000000000036,0.000976475000000001,0.0016322890141225025
0.05875,0.02375,0.005,6.25e-08,-0.131403,-0.0275875,-0.12990825,-0.028421349999999988,-0.0014947499999999891,0.0008338499999999867,0.0017116025779952383
0.06125,0.02375,0.005,6.25e-08,-0.126447,-0.0355862,-0.12477949999999999,-0.036220150000000007,-0.0016675000000000162,0.0006339500000000081,0.0017839419420205536
0.06375,0.02375,0.005,6.25e-08,-0.119951,-0.0428241,-0.11813774999999999,-0.043205550000000016,-0.0018132500000000162,0.0003814500000000193,0.0018529381168835815
0.06625,0.02375,0.005,6.25e-08,-0.112014,-0.0490155,-0.11009424999999998,-0.049101825000000016,-0.0019197500000000256,8.632500000001903e-05,0.0019216898990537213
0.06875,0.02375,0.005,6.25e-08,-0.102789,-0.0538884,-0.10081624999999997,-0.053652500000000006,-0.001972750000000037,-0.00023589999999999722,0.0019868043115767956
0.07125,0.02375,0.005,6.25e-08,-0.0924883,-0.0572023,-0.09052570000000004,-0.056637925,-0.0019625999999999533,-0.0005643749999999989,0.0020421356224856408
0.07375,0.02375,0.005,6.25e-08,-0.0813785,-0.0587683,-0.07949725000000002,-0.057893599999999996,-0.001881249999999987,-0.000874700000000006,0.0020746569963490257
0.07625,0.02375,0.005,6.25e-08,-0.0697782,-0.0584687,-0.06805005000000003,-0.05732820000000001,-0.00172814999999997,-0.0011404999999999887,0.0020705657856006096
0.07875,0.02375,0.005,6.25e-08,-0.0580452,-0.0562759,-0.05653549999999997,-0.054938299999999995,-0.0015097000000000305,-0.0013376000000000013,0.002017019546261289
0.08125,0.02375,0.005,6.25e-08,-0.0465606,-0.0522662,-0.04532089999999997,-0.05081969999999999,-0.001239700000000031,-0.0014465000000000103,0.0019050507447309919
0.08375,0.02375,0.005,6.25e-08,-0.0357078,-0.0466278,-0.03476934999999998,-0.04517244999999998,-0.0009384500000000212,-0.001455350000000015,0.001731684736030229
0.08625,0.02375,0.005,6.25e-08,-0.0258496,-0.0396622,-0.025218525000000026,-0.03830017500000002,-0.000631074999999974,-0.001362024999999982,0.001501122165664713
0.08875,0.02375,0.005,6.25e-08,-0.0173043,-0.0317768,-0.01695997500000002,-0.03060240000000002,-0.00034432499999998215,-0.0011743999999999817,0.0012238362086590448
0.09125,0.02375,0.005,6.25e-08,-0.0103204,-0.02347,-0.010220952500000016,-0.02256182500000002,-9.94474999999849e-05,-0.0009081749999999798,0.0009136036536054408
0.09375,0.02375,0.005,6.25e-08,-0.00505339,-0.0153106,-0.005151302500000001,-0.014727124999999999,9.791250000000095e-05,-0.0005834750000000017,0.0005916332760090934
0.09625,0.02375,0.005,6.25e-08,-0.00162095,-0.00791164,-0.0018161124999999932,-0.007693244999999982,0.00019516249999999326,-0.00021839500000001705,0.0002928903846684879
0.09875,0.02375,0.005,6.25e-08,-0.00018988,-0.00192958,-0.00019507124999999784,-0.002079399999999987,5.191249999997847e-06,0.00014981999999998693,0.00014990991120189006
0.00125,0.02625,0.005,6.25e-08,-0.000455471,0.00656496,-0.00035914225,0.0064727625,-9.632875e-05,9.21975000000002e-05,0.0001333401930507547
0.00375,0.02625,0.005,6.25e-08,-0.00284108,0.0186052,-0.0030131025,0.018537025,0.0001720224999999997,6.817500000000018e-05,0.00018503937724508783
0.00625,0.02625,0.005,6.25e-08,-0.00770894,0.0292199,-0.007817457500000001,0.029190175,0.00010851750000000129,2.9725000000001278e-05,0.0001125149920288419
0.00875,0.02625,0.005,6.25e-08,-0.0142956,0.0382606,-0.014321725000000002,0.038280025,2.612500000000184e-05,-1.9425000000003467e-05,3.255527990972019e-05
0.01125,0.02625,0.005,6.25e-08,-0.0221476,0.0457019,-0.0221411,0.04576505,-6.499999999999562e-06,-6.315000000000487e-05,6.34836396247144e-05
0.01375,0.02625,0.005,6.25e-08,-0.030969,0.0515856,-0.030950349999999998,0.051677475,-1.8650000000002e-05,-9.187499999999821e-05,9.374880332569448e-05
0.01625,0.02625,0.005,6.25e-08,-0.0404957,0.0559922,-0.040474775000000004,0.0560922,-2.092499999999803e-05,-0.00010000000000000286,0.00010216582415367915
0.01875,0.02625,0.005,6.25e-08,-0.0504969,0.0590174,-0.050480575,0.0591022,-1.632499999999759e-05,-8.480000000000293e-05,8.63570820778494e-05
0.02125,0.02625,0.005,6.25e-08,-0.0607738,0.0607548,-0.060765475000000006,0.0608002,-8.32499999999653e-06,-4.5400000000000995e-05,4.615696724222718e-05
0.02375,0.02625,0.005,6.25e-08,-0.0711508,0.0612851,-0.071150325,0.061267249999999995,-4.7499999999978115e-07,1.785000000000675e-05,1.785631890956926e-05
0.02625,0.02625,0.005,6.25e-08,-0.0814677,0.06067,-0.08147172500000001,0.06056665,4.025000000004719e-06,0.00010335000000000205,0.00010342834778241632
0.02875,0.02625,0.005,6.25e-08,-0.0915743,0.0589525,-0.091576275,0.058743750000000004,1.9750000000012813e-06,0.00020874999999999366,0.0002087593426053008
0.03125,0.02625,0.005,6.25e-08,-0.101325,0.0561601,-0.101315875,0.05582912500000001,-9.124999999998717e-06,0.0003309749999999903,0.0003311007644962384
0.03375,0.02625,0.005,6.25e-08,-0.110578,0.0523108,-0.11054625,0.051844749999999995,-3.174999999999706e-05,0.0004660500000000026,0.00046713024415038915
0.03625,0.02625,0.005,6.25e-08,-0.119191,0.0474211,-0.11912125000000001,0.0468119,-6.974999999999343e-05,0.0006092000000000042,0.0006131799919273331
0.03875,0.02625,0.005,6.25e-08,-0.127021,0.0415142,-0.12689650000000002,0.040759624999999994,-0.00012449999999997186,0.0007545750000000073,0.000764776882904422
0.04125,0.02625,0.005,6.25e-08,-0.133926,0.0346281,-0.13372625,0.033732975,-0.00019974999999999854,0.0008951250000000036,0.0009171416619721327
0.04375,0.02625,0.005,6.25e-08,-0.139763,0.0268238,-0.13946799999999998,0.0258007,-0.00029500000000001747,0.001023099999999999,0.0010647810150448815
0.04625,0.02625,0.005,6.25e-08,-0.144394,0.0181909,-0.14398075,0.01706145,-0.0004132500000000039,0.0011294500000000006,0.0012026773736127261
0.04875,0.02625,0.005,6.25e-08,-0.147687,0.0088536,-0.14713175,0.0076490025,-0.0005552500000000071,0.0012045974999999997,0.0013264078179452416
0.05125,0.02625,0.005,6.25e-08,-0.149517,-0.00102593,-0.14879775,-0.0022646297500000002,-0.0007192500000000046,0.0012386997500000003,0.001432374822855411
0.05375,0.02625,0.005,6.25e-08,-0.149776,-0.0112455,-0.1488725,-0.01246785,-0.0009035000000000015,0.0012223500000000005,0.0015200170303322276
0.05625,0.02625,0.005,6.25e-08,-0.148375,-0.0215633,-0.14727375,-0.0227105,-0.001101249999999998,0.001147200000000001,0.0015902262111096013
0.05875,0.02625,0.005,6.25e-08,-0.145255,-0.0317005,-0.14394825,-0.032707649999999984,-0.0013067499999999954,0.0010071499999999844,0.0016498323202677164
0.06125,0.02625,0.005,6.25e-08,-0.140391,-0.0413465,-0.13888325,-0.042146675,-0.0015077499999999744,0.0008001750000000002,0.0017069241615036456
0.06375,0.02625,0.005,6.25e-08,-0.133804,-0.0501692,-0.13211374999999997,-0.05069780000000002,-0.001690250000000032,0.0005286000000000249,0.0017709779847587417
0.06625,0.02625,0.005,6.25e-08,-0.125571,-0.0578273,-0.12373024999999997,-0.058028700000000016,-0.001840750000000016,0.00020140000000001823,0.0018517350033144771
0.06875,0.02625,0.005,6.25e-08,-0.115829,-0.0639881,-0.11388774999999998,-0.06382250000000002,-0.0019412500000000193,-0.00016559999999998798,0.0019483005216085303
0.07125,0.02625,0.005,6.25e-08,-0.104783,-0.0683488,-0.10280565000000003,-0.06779917499999999,-0.001977349999999975,-0.0005496250000000119,0.002052315926733726
0.07375,0.02625,0.005,6.25e-08,-0.0927055,-0.0706604,-0.09076940000000003,-0.06973835,-0.0019360999999999684,-0.0009220499999999937,0.0021444485101069378
0.07625,0.02625,0.005,6.25e-08,-0.0799373,-0.0707534,-0.07812410000000003,-0.06950215,-0.0018131999999999732,-0.0012512499999999954,0.002203025374910578
0.07875,0.02625,0.005,6.25e-08,-0.0668731,-0.0685617,-0.06526162499999996,-0.06705584999999999,-0.0016114750000000427,-0.001505850000000017,0.002205546621163377
0.08125,0.02625,0.005,6.25e-08,-0.0539466,-0.0641424,-0.05260307499999997,-0.062483099999999986,-0.001343525000000026,-0.0016593000000000163,0.0021350259753982206
0.08375,0.02625,0.005,6.25e-08,-0.0416065,-0.0576891,-0.04057609999999997,-0.05599479999999998,-0.0010304000000000285,-0.0016943000000000236,0.0019830221002298835
0.08625,0.02625,0.005,6.25e-08,-0.0302894,-0.0495341,-0.02958895000000003,-0.047928925000000025,-0.0007004499999999705,-0.0016051749999999726,0.001751347190914717
0.08875,0.02625,0.005,6.25e-08,-0.0203902,-0.0401409,-0.020004925000000028,-0.03874162500000002,-0.00038527499999997314,-0.0013992749999999776,0.0014513467370859097
0.09125,0.02625,0.005,6.25e-08,-0.0122292,-0.0300858,-0.01211872500000002,-0.02899072500000003,-0.00011047499999998142,-0.0010950749999999697,0.0011006334454530852
0.09375,0.02625,0.005,6.25e-08,-0.00602244,-0.0200297,-0.0061385549999999995,-0.019312375,0.0001161149999999991,-0.0007173250000000013,0.0007266621283994382
0.09625,0.02625,0.005,6.25e-08,-0.00194488,-0.0106841,-0.0021745724999999915,-0.010394709999999977,0.0002296924999999916,-0.00028939000000002303,0.00036946612382769207
0.09875,0.02625,0.005,6.25e-08,-0.00023125,-0.0028048,-0.0002346487499999974,-0.002948882499999982,3.3987499999973796e-06,0.00014408249999998176,0.0001441225808393925
0.00125,0.02875,0.005,6.25e-08,-0.000492624,0.00808933,-0.0003873055,0.0079328975,-0.00010531849999999998,0.00015643250000000122,0.00018858184827416549
0.00375,0.02875,0.005,6.25e-08,-0.00306255,0.0225934,-0.0032448449999999997,0.022489375,0.00018229499999999985,0.00010402500000000064,0.00020988727367327463
0.00625,0.02875,0.005,6.25e-08,-0.00829392,0.0351668,-0.008407330000000001,0.0351248,0.00011341000000000129,4.200000000000037e-05,0.00012093728994813933
0.00875,0.02875,0.005,6.25e-08,-0.0153562,0.0457356,-0.015381725000000002,0.04575997500000001,2.5525000000001935e-05,-2.437500000000703e-05,3.5293997364997376e-05
0.01125,0.02875,0.005,6.25e-08,-0.023756,0.0543409,-0.023748975,0.05442105,-7.025000000000781e-06,-8.015000000000105e-05,8.045727515271804e-05
0.01375,0.02875,0.005,6.25e-08,-0.0331734,0.0610828,-0.033157575,0.061199525000000005,-1.582499999999709e-05,-0.00011672500000000502,0.00011779285313634728
0.01625,0.02875,0.005,6.25e-08,-0.0433264,0.0660899,-0.04331405,0.06621955,-1.2350000000001249e-05,-0.00012965000000000892,0.00013023688033733896
0.01875,0.02875,0.005,6.25e-08,-0.0539715,0.0694966,-0.053971849999999995,0.069613075,3.499999999961867e-07,-0.00011647499999999089,0.00011647552586272309
0.02125,0.02875,0.005,6.25e-08,-0.0649028,0.0714253,-0.064921425,0.0715023,1.862500000000822e-05,-7.700000000000762e-05,7.922051896447964e-05
0.02375,0.02875,0.005,6.25e-08,-0.075941,0.0719774,-0.075979925,0.07198915,3.892500000000909e-05,-1.1750000000004812e-05,4.0659785107656694e-05
0.02625,0.02875,0.005,6.25e-08,-0.0869253,0.0712285,-0.08698337499999999,0.071150825,5.807499999999077e-05,7.767499999999927e-05,9.698510839298379e-05
0.02875,0.02875,0.005,6.25e-08,-0.0977063,0.0692298,-0.097779475,0.06904085,7.317500000000865e-05,0.0001889499999999933,0.00020262448796973858
0.03125,0.02875,0.005,6.25e-08,-0.108141,0.0660127,-0.1082225,0.06569370000000001,8.149999999999824e-05,0.00031899999999998596,0.00032924648821208523
0.03375,0.02875,0.005,6.25e-08,-0.118088,0.0615967,-0.11816825,0.061132375,8.025000000000393e-05,0.0004643249999999946,0.0004712088370616532
0.03625,0.02875,0.005,6.25e-08,-0.127408,0.0559978,-0.12747325,0.0553776,6.525000000001668e-05,0.0006202000000000013,0.0006236229650197335
0.03875,0.02875,0.005,6.25e-08,-0.135956,0.0492378,-0.13599175,0.048457175000000005,3.575000000000106e-05,0.0007806249999999931,0.0007814431861146333
0.04125,0.02875,0.005,6.25e-08,-0.143589,0.0413543,-0.1435755,0.040415275,-1.3499999999999623e-05,0.0009390249999999961,0.0009391220371309539
0.04375,0.02875,0.005,6.25e-08,-0.150158,0.0324082,-0.150074,0.031320975,-8.400000000000074e-05,0.0010872249999999972,0.0010904651304030745
0.04625,0.02875,0.005,6.25e-08,-0.155517,0.0224919,-0.155337,0.021275875,-0.00017999999999998573,0.001216024999999999,0.0012292749084826357
0.04875,0.02875,0.005,6.25e-08,-0.159518,0.011735,-0.1592155,0.010420005,-0.00030249999999998334,0.001314995000000001,0.0013493398756521623
0.05125,0.02875,0.005,6.25e-08,-0.162019,0.000309577,-0.16156625,-0.001063631,-0.00045275000000000176,0.001373208,0.0014459193524412077
0.05375,0.02875,0.005,6.25e-08,-0.16289,-0.0115666,-0.16225875,-0.012946125,-0.0006312499999999999,0.0013795249999999995,0.0015170912260391589
0.05625,0.02875,0.005,6.25e-08,-0.162013,-0.0236291,-0.16118,-0.0249525,-0.0008330000000000004,0.0013233999999999989,0.0015637380087469889
0.05875,0.02875,0.005,6.25e-08,-0.159297,-0.0355681,-0.15824425,-0.03676404999999998,-0.0010527499999999912,0.0011959499999999804,0.001593291864348756
0.06125,0.02875,0.005,6.25e-08,-0.154685,-0.0470327,-0.15340399999999998,-0.048024475000000004,-0.0012810000000000044,0.0009917750000000072,0.00162005513814346
0.06375,0.02875,0.005,6.25e-08,-0.148164,-0.05764,-0.14665999999999996,-0.05835050000000003,-0.001504000000000033,0.0007105000000000306,0.0016633779636631427
0.06625,0.02875,0.005,6.25e-08,-0.139777,-0.0669882,-0.13807424999999995,-0.06734682500000003,-0.0017027500000000584,0.00035862500000002906,0.0017401061614525765
0.06875,0.02875,0.005,6.25e-08,-0.129637,-0.0746758,-0.12777824999999998,-0.07462690000000002,-0.00185875000000002,-4.889999999997674e-05,0.001859393119407532
0.07125,0.02875,0.005,6.25e-08,-0.117933,-0.0803258,-0.11598150000000004,-0.07983744999999998,-0.0019514999999999533,-0.0004883500000000263,0.0020116754143001906
0.07375,0.02875,0.005,6.25e-08,-0.104938,-0.0836144,-0.10297427500000003,-0.08268667499999999,-0.0019637249999999717,-0.0009277250000000181,0.0021718401302236595
0.07625,0.02875,0.005,6.25e-08,-0.0910075,-0.0843028,-0.08912332500000003,-0.082973775,-0.001884174999999974,-0.0013290249999999976,0.002305736949708248
0.07875,0.02875,0.005,6.25e-08,-0.0765725,-0.0822689,-0.07486152499999996,-0.0806161,-0.001710975000000045,-0.0016528000000000098,0.0023789038002040323
0.08125,0.02875,0.005,6.25e-08,-0.0621223,-0.0775351,-0.06066852499999996,-0.07567112499999999,-0.001453775000000039,-0.0018639750000000038,0.002363866441077018
0.08375,0.02875,0.005,6.25e-08,-0.0481788,-0.0702871,-0.047045074999999964,-0.06835014999999998,-0.0011337250000000368,-0.0019369500000000206,0.0022443501683394157
0.08625,0.02875,0.005,6.25e-08,-0.0352641,-0.0608815,-0.03448202500000003,-0.059020575000000026,-0.0007820749999999724,-0.0018609249999999716,0.00201858444491427
0.08875,0.02875,0.005,6.25e-08,-0.0238642,-0.049838,-0.02342802500000003,-0.04819652500000003,-0.0004361749999999692,-0.0016414749999999687,0.001698437165823296
0.09125,0.02875,0.005,6.25e-08,-0.0143867,-0.0378177,-0.014259500000000022,-0.03651777500000004,-0.00012719999999997837,-0.0012999249999999657,0.0013061335481584207
0.09375,0.02875,0.005,6.25e-08,-0.00712179,-0.0255866,-0.007255517499999999,-0.0247207,0.00013372749999999902,-0.0008658999999999993,0.0008761654263072977
0.09625,0.02875,0.005,6.25e-08,-0.00231409,-0.0139722,-0.0025812824999999905,-0.013603074999999971,0.0002671924999999905,-0.00036912500000002915,0.00045568091652083305
0.09875,0.02875,0.005,6.25e-08,-0.00027896,-0.00385085,-0.0002797129999999969,-0.003987934999999976,7.529999999968942e-07,0.00013708499999997648,0.000137087068077166
0.00125,0.03125,0.005,6.25e-08,-0.000524392,0.00972093,-0.00041148175000000004,0.00949482,-0.00011291025,0.00022610999999999985,0.0002527339641897433
0.00375,0.03125,0.005,6.25e-08,-0.00325255,0.0268525,-0.0034440024999999996,0.026710075,0.00019145249999999968,0.00014242500000000158,0.00023861881816246246
0.00625,0.03125,0.005,6.25e-08,-0.00879709,0.0415056,-0.00891519,0.041451425,0.00011809999999999946,5.417499999999659e-05,0.00012993283120520195
0.00875,0.03125,0.005,6.25e-08,-0.0162708,0.0536887,-0.016296425000000003,0.053720175,2.562500000000481e-05,-3.147500000000303e-05,4.058714390050669e-05
0.01125,0.03125,0.005,6.25e-08,-0.0251467,0.0635167,-0.025139925,0.06361787499999999,-6.775000000000531e-06,-0.00010117499999999502,0.00010140158406060035
0.01375,0.03125,0.005,6.25e-08,-0.0350848,0.0711551,-0.035072325,0.071302325,-1.2474999999997904e-05,-0.00014722500000000083,0.00014775258457976357
0.01625,0.03125,0.005,6.25e-08,-0.0457877,0.0767871,-0.04578430000000001,0.076953375,-3.399999999993686e-06,-0.0001662750000000074,0.00016630975805707377
0.01875,0.03125,0.005,6.25e-08,-0.0570018,0.0805906,-0.057019249999999994,0.080747325,1.7449999999995247e-05,-0.00015672499999999645,0.00015769346253094555
0.02125,0.03125,0.005,6.25e-08,-0.0685156,0.0827215,-0.068561825,0.08284037500000001,4.622500000001084e-05,-0.0001188750000000044,0.0001275461338104846
0.02375,0.03125,0.005,6.25e-08,-0.080148,0.083305,-0.080227625,0.083358475,7.962499999999983e-05,-5.3474999999997275e-05,9.591515130572272e-05
0.02625,0.03125,0.005,6.25e-08,-0.0917391,0.0824329,-0.09185357499999999,0.08239515,0.00011447499999998889,3.775000000000306e-05,0.00012053874117891595
0.02875,0.03125,0.005,6.25e-08,-0.103142,0.0801659,-0.10329025,0.08001335000000001,0.00014825000000000255,0.00015254999999998742,0.00021271945139078588
0.03125,0.03125,0.005,6.25e-08,-0.114218,0.0765402,-0.1143955,0.076251925,0.0001774999999999971,0.0002882750000000045,0.0003385391050159517
0.03375,0.03125,0.005,6.25e-08,-0.124831,0.071576,-0.12503,0.07113472500000001,0.00019900000000000473,0.000441274999999991,0.00048407088904931466
0.03625,0.03125,0.005,6.25e-08,-0.134842,0.0652879,-0.13505325,0.06468035,0.00021125000000002392,0.0006075499999999984,0.000643229014426439
0.03875,0.03125,0.005,6.25e-08,-0.144111,0.0576947,-0.1443205,0.056913225,0.00020950000000000135,0.0007814750000000037,0.0008090694813333441
0.04125,0.03125,0.005,6.25e-08,-0.152492,0.0488303,-0.1526825,0.047873700000000005,0.0001905000000000101,0.000956599999999995,0.0009753839295374895
0.04375,0.03125,0.005,6.25e-08,-0.159835,0.0387525,-0.1599845,0.03762735,0.00014949999999999686,0.0011251500000000053,0.00113503866564096
0.04625,0.03125,0.005,6.25e-08,-0.165984,0.0275516,-0.16606675,0.026273925,8.275000000002031e-05,0.001277674999999999,0.0012803518923034404
0.04875,0.03125,0.005,6.25e-08,-0.17078,0.0153581,-0.17076524999999998,0.013954525,-1.4750000000007812e-05,0.001403574999999999,0.0014036525008437799
0.05125,0.03125,0.005,6.25e-08,-0.174062,0.00234864,-0.17391775,0.0008576387499999999,-0.00014424999999998467,0.00149100125,0.001497962880047953
0.05375,0.03125,0.005,6.25e-08,-0.175675,-0.0112489,-0.1753665,-0.012776049999999999,-0.00030849999999998934,0.0015271499999999997,0.001557998514922268
0.05625,0.03125,0.005,6.25e-08,-0.175474,-0.0251523,-0.174966,-0.026651499999999998,-0.0005079999999999807,0.0014991999999999991,0.0015829291329683645
0.05875,0.03125,0.005,6.25e-08,-0.17333,-0.0390245,-0.1725935,-0.04041979999999998,-0.000736500000000001,0.0013952999999999813,0.0015777497710346687
0.06125,0.03125,0.005,6.25e-08,-0.169147,-0.0524765,-0.16815950000000002,-0.053682524999999995,-0.0009874999999999745,0.0012060249999999925,0.0015587342783890176
0.06375,0.03125,0.005,6.25e-08,-0.162871,-0.0650741,-0.16162349999999998,-0.06600122500000002,-0.0012475000000000125,0.0009271250000000286,0.001554289875031387
0.06625,0.03125,0.005,6.25e-08,-0.154504,-0.0763514,-0.15300724999999996,-0.07691267500000003,-0.0014967500000000467,0.0005612750000000277,0.0015985275062147574
0.06875,0.03125,0.005,6.25e-08,-0.144124,-0.0858303,-0.14240824999999996,-0.08595085000000002,-0.0017157500000000436,0.0001205500000000248,0.001719979757148367
0.07125,0.03125,0.005,6.25e-08,-0.131891,-0.0930472,-0.13001550000000003,-0.09267562499999998,-0.0018754999999999744,-0.00037157500000001287,0.001911954034652746
0.07375,0.03125,0.005,6.25e-08,-0.118068,-0.0975867,-0.11611325000000003,-0.09670625,-0.0019547499999999773,-0.0008804500000000048,0.0021438842704306405
0.07625,0.03125,0.005,6.25e-08,-0.103018,-0.0991208,-0.10108385000000004,-0.09775865,-0.001934149999999954,-0.0013621499999999925,0.0023656687944426627
0.07875,0.03125,0.005,6.25e-08,-0.0872017,-0.0974496,-0.08539804999999995,-0.09568137499999999,-0.0018036500000000455,-0.0017682250000000121,0.002525821247262998
0.08125,0.03125,0.005,6.25e-08,-0.0711657,-0.0925392,-0.06959677499999994,-0.09048669999999998,-0.0015689250000000543,-0.0020525000000000265,0.0025834631612673097
0.08375,0.03125,0.005,6.25e-08,-0.0555107,-0.0845504,-0.05426142499999996,-0.08237159999999998,-0.0012492750000000427,-0.0021788000000000224,0.002511544836475193
0.08625,0.03125,0.005,6.25e-08,-0.0408566,-0.0738529,-0.039978100000000044,-0.07172467500000003,-0.0008784999999999557,-0.0021282249999999697,0.002302412626056588
0.08875,0.03125,0.005,6.25e-08,-0.0277968,-0.0610202,-0.027296800000000038,-0.05911732500000004,-0.0004999999999999623,-0.0019028749999999567,0.001967468745780933
0.09125,0.03125,0.005,6.25e-08,-0.0168447,-0.0468049,-0.016692500000000027,-0.045278975000000034,-0.00015219999999997388,-0.0015259249999999697,0.001533496640239195
0.09375,0.03125,0.005,6.25e-08,-0.00838241,-0.032093,-0.0085316275,-0.031060300000000002,0.00014921749999999984,-0.001032700000000001,0.0010434247228747514
0.09625,0.03125,0.005,6.25e-08,-0.00274113,-0.0178485,-0.0030484424999999886,-0.017388499999999963,0.0003073124999999886,-0.00046000000000003677,0.0005532097004358083
0.09875,0.03125,0.005,6.25e-08,-0.000335316,-0.00509371,-0.0003318077499999963,-0.005221322499999969,-3.5082500000037115e-06,0.00012761249999996855,0.00012766071429497997
0.00125,0.03375,0.005,6.25e-08,-0.000550192,0.0114426,-0.00043126375,0.01114227,-0.00011892825,0.00030033000000000143,0.0003230201813324724
0.00375,0.03375,0.005,6.25e-08,-0.00340801,0.0313402,-0.0036074099999999997,0.0311571,0.00019939999999999975,0.00018309999999999854,0.0002707138156799526
0.00625,0.03375,0.005,6.25e-08,-0.00921076,0.0481766,-0.009333200000000002,0.048109925,0.00012244000000000144,6.667500000000215e-05,0.00013941703348228522
0.00875,0.03375,0.005,6.25e-08,-0.0170257,0.0620488,-0.017051825000000003,0.06208905000000001,2.612500000000184e-05,-4.025000000000556e-05,4.7985186516262954e-05
0.01125,0.03375,0.005,6.25e-08,-0.0262989,0.0731519,-0.026292725,0.07327729999999999,-6.1750000000006244e-06,-0.00012539999999998386,0.00012555194393156944
0.01375,0.03375,0.005,6.25e-08,-0.0366739,0.0817223,-0.0366648,0.08190485,-9.100000000004937e-06,-0.00018255000000000354,0.00018277667383996622
0.01625,0.03375,0.005,6.25e-08,-0.0478409,0.0880031,-0.047846099999999996,0.088212475,5.199999999996874e-06,-0.00020937499999999776,0.00020943956317992794
0.01875,0.03375,0.005,6.25e-08,-0.0595383,0.0922206,-0.059572150000000004,0.0924258,3.3850000000001934e-05,-0.0002052000000000026,0.00020797322544020228
0.02125,0.03375,0.005,6.25e-08,-0.0715508,0.094568,-0.0716239,0.09473875000000001,7.310000000000649e-05,-0.00017075000000001117,0.00018573952864160275
0.02375,0.03375,0.005,6.25e-08,-0.0836971,0.0951977,-0.0838167,0.0953049,0.00011959999999999749,-0.00010720000000000174,0.00016061133210331011
0.02625,0.03375,0.005,6.25e-08,-0.0958198,0.0942197,-0.095990075,0.09423625,0.0001702749999999975,-1.6549999999990184e-05,0.00017107740389951803
0.02875,0.03375,0.005,6.25e-08,-0.107777,0.0917062,-0.10799924999999999,0.091606775,0.00022224999999999329,9.942500000000021e-05,0.00024347565201678187
0.03125,0.03375,0.005,6.25e-08,-0.119435,0.0876985,-0.11970800000000001,0.087460475,0.00027300000000000935,0.00023802500000000282,0.0003621945618379802
0.03375,0.03375,0.005,6.25e-08,-0.130663,0.0822177,-0.13098375,0.081821425,0.00032075000000000853,0.0003962750000000015,0.000509818044134382
0.03625,0.03375,0.005,6.25e-08,-0.141329,0.0752757,-0.14169025,0.0747054,0.00036124999999997964,0.0005702999999999958,0.0006750878850194103
0.03875,0.03375,0.005,6.25e-08,-0.151299,0.0668866,-0.151688,0.06613122499999999,0.00038900000000000046,0.0007553750000000164,0.0008496542771180671
0.04125,0.03375,0.005,6.25e-08,-0.160426,0.0570776,-0.16082875,0.056132125,0.0004027499999999795,0.0009454750000000012,0.0010276821192007702
0.04375,0.03375,0.005,6.25e-08,-0.168561,0.0458995,-0.168956,0.04476635,0.00039500000000000646,0.0011331499999999994,0.0012000224674980065
0.04625,0.03375,0.005,6.25e-08,-0.175542,0.0334364,-0.17590375,0.032126575,0.000361749999999994,0.0013098250000000006,0.0013588615062341699
0.04875,0.03375,0.005,6.25e-08,-0.181198,0.0198137,-0.181496,0.0183491,0.0002979999999999927,0.0014646,0.0014946093670253763
0.05125,0.03375,0.005,6.25e-08,-0.185355,0.00520669,-0.1855505,0.0036214625,0.0001955000000000151,0.0015852275,0.0015972371385477662
0.05375,0.03375,0.005,6.25e-08,-0.187831,-0.010153,-0.18788425,-0.011810689999999999,5.325000000000468e-05,0.0016576899999999981,0.0016585450547392418
0.05625,0.03375,0.005,6.25e-08,-0.188451,-0.0259718,-0.18831825,-0.027638875,-0.0001327500000000148,0.0016670750000000005,0.0016723521214520001
0.05875,0.03375,0.005,6.25e-08,-0.187051,-0.0418914,-0.18668925,-0.04348949999999998,-0.000361749999999994,0.0015980999999999773,0.001638531864963243
0.06125,0.03375,0.005,6.25e-08,-0.183489,-0.0574883,-0.18286125000000003,-0.058925725000000005,-0.0006277499999999825,0.001437425000000006,0.0015685218178670627
0.06375,0.03375,0.005,6.25e-08,-0.177663,-0.0722795,-0.17674299999999998,-0.07345477500000004,-0.0009200000000000041,0.001175275000000045,0.001492538550800318
0.06625,0.03375,0.005,6.25e-08,-0.169525,-0.0857328,-0.16830549999999997,-0.08654217500000003,-0.00121950000000004,0.0008093750000000288,0.001463648913033841
0.06875,0.03375,0.005,6.25e-08,-0.159104,-0.0972872,-0.15760049999999998,-0.09763415000000002,-0.0015035000000000187,0.0003469500000000125,0.0015430121686169766
0.07125,0.03375,0.005,6.25e-08,-0.146521,-0.106381,-0.14478125000000003,-0.10618999999999998,-0.0017397499999999844,-0.00019100000000002448,0.0017502031489229914
0.07375,0.03375,0.005,6.25e-08,-0.132012,-0.112489,-0.13011250000000005,-0.11171999999999999,-0.001899499999999943,-0.0007690000000000197,0.002049258707435402
0.07625,0.03375,0.005,6.25e-08,-0.115934,-0.115172,-0.11398100000000005,-0.11383399999999999,-0.001952999999999941,-0.0013380000000000059,0.0023673725942486928
0.07875,0.03375,0.005,6.25e-08,-0.0987708,-0.114125,-0.09688822499999994,-0.11228474999999999,-0.0018825750000000668,-0.0018402500000000155,0.0026326049253781528
0.08125,0.03375,0.005,6.25e-08,-0.0811204,-0.10923,-0.07943499999999995,-0.10701524999999998,-0.0016854000000000452,-0.0022147500000000153,0.0027831081047095924
0.08375,0.03375,0.005,6.25e-08,-0.0636666,-0.100601,-0.06228977499999995,-0.09818707499999997,-0.0013768250000000537,-0.002413925000000025,0.0027789712100434343
0.08625,0.03375,0.005,6.25e-08,-0.0471379,-0.0886012,-0.04614605000000005,-0.08619635000000003,-0.0009918499999999539,-0.0024048499999999723,0.0026013592495077982
0.08875,0.03375,0.005,6.25e-08,-0.0322532,-0.0738531,-0.031673025000000035,-0.07166845000000005,-0.0005801749999999675,-0.0021846499999999547,0.002260375776972662
0.09125,0.03375,0.005,6.25e-08,-0.0196534,-0.0572051,-0.01946477500000003,-0.05542885000000005,-0.00018862499999997007,-0.0017762499999999515,0.001786237233159363
0.09375,0.03375,0.005,6.25e-08,-0.00983507,-0.0396796,-0.00999579,-0.0384583,0.0001607199999999996,-0.0012213000000000016,0.001231829780610943
0.09625,0.03375,0.005,6.25e-08,-0.00323867,-0.0224012,-0.0035882049999999867,-0.021835749999999952,0.00034953499999998677,-0.0005654500000000472,0.0006647619263503619
0.09875,0.03375,0.005,6.25e-08,-0.000402671,-0.00656597,-0.0003924834999999957,-0.006679769999999961,-1.0187500000004334e-05,0.00011379999999996081,0.00011425508809782244
0.00125,0.03625,0.005,6.25e-08,-0.000569462,0.0132356,-0.00044627174999999997,0.012857582499999999,-0.00012319025,0.00037801750000000106,0.00039758403891669656
0.00375,0.03625,0.005,6.25e-08,-0.00352608,0.0360102,-0.0037321524999999996,0.035784575,0.0002060724999999996,0.00022562500000000013,0.00030556916709846544
0.00625,0.03625,0.005,6.25e-08,-0.00952787,0.0551145,-0.0096542175,0.05503497500000001,0.00012634749999999861,7.952499999999002e-05,0.0001492913808002594
0.00875,0.03625,0.005,6.25e-08,-0.0176084,0.0707384,-0.01763525,0.07078835,2.6850000000001872e-05,-4.9949999999993056e-05,5.670912624965585e-05
0.01125,0.03625,0.005,6.25e-08,-0.0271933,0.0831614,-0.027187749999999997,0.083313475,-5.550000000003469e-06,-0.00015207500000000151,0.00015217624034323
0.01375,0.03625,0.005,6.25e-08,-0.0379133,0.0926951,-0.0379071,0.09291705,-6.199999999997874e-06,-0.00022194999999999854,0.00022203657919360792
0.01625,0.03625,0.005,6.25e-08,-0.0494491,0.0996471,-0.049461849999999995,0.099905325,1.2749999999991934e-05,-0.0002582250000000008,0.0002585395774828299
0.01875,0.03625,0.005,6.25e-08,-0.061533,0.104296,-0.061581575,0.10455724999999999,4.857500000000209e-05,-0.00026124999999999066,0.00026572747905513145
0.02125,0.03625,0.005,6.25e-08,-0.0739474,0.106876,-0.07404515,0.10710800000000001,9.775000000000755e-05,-0.00023200000000000998,0.0002517519860894966
0.02375,0.03625,0.005,6.25e-08,-0.0865123,0.10757,-0.08666902500000001,0.10774224999999998,0.00015672500000001033,-0.00017224999999998492,0.00023287934241790972
0.02625,0.03625,0.005,6.25e-08,-0.0990739,0.106509,-0.099296975,0.10659275,0.00022307499999998925,-8.374999999999355e-05,0.00023827823678421436
0.02875,0.03625,0.005,6.25e-08,-0.111496,0.103777,-0.11179025,0.10374649999999999,0.0002942499999999959,3.0500000000002747e-05,0.0002958264905311858
0.03125,0.03625,0.005,6.25e-08,-0.123654,0.0994225,-0.12402025000000001,0.09925335,0.0003662500000000124,0.00016914999999999292,0.0004034238280022719
0.03375,0.03625,0.005,6.25e-08,-0.135424,0.0934675,-0.13586275,0.09313795,0.0004387500000000155,0.0003295499999999979,0.0005487301385927441
0.03625,0.03625,0.005,6.25e-08,-0.146684,0.0859204,-0.14719000000000002,0.0854119,0.0005060000000000064,0.0005084999999999951,0.000717362007636313
0.03875,0.03625,0.005,6.25e-08,-0.157304,0.0767886,-0.15786975000000003,0.0760869,0.0005657500000000315,0.0007016999999999995,0.0009013633853779701
0.04125,0.03625,0.005,6.25e-08,-0.167146,0.0660904,-0.16775825,0.065186125,0.0006122500000000086,0.000904274999999996,0.0010920454835422395
0.04375,0.03625,0.005,6.25e-08,-0.176059,0.0538657,-0.17670075000000002,0.052756325,0.0006417500000000242,0.0011093750000000027,0.001281622391004869
0.04625,0.03625,0.005,6.25e-08,-0.183882,0.0401873,-0.18452775,0.0388782,0.0006457500000000005,0.0013091000000000005,0.0014597040359264621
0.04875,0.03625,0.005,6.25e-08,-0.190437,0.0251701,-0.19105525,0.0236769,0.0006182500000000146,0.0014932,0.0016161309670011334
0.05125,0.03625,0.005,6.25e-08,-0.195534,0.00898119,-0.19608650000000002,0.0073317750000000004,0.0005525000000000113,0.0016494149999999996,0.0017394901816983651
0.05375,0.03625,0.005,6.25e-08,-0.198973,-0.00815137,-0.19941375,-0.0099145,0.00044074999999998976,0.00176313,0.0018173849232895024
0.05625,0.03625,0.005,6.25e-08,-0.200549,-0.0259306,-0.20082624999999998,-0.027748250000000002,0.0002772499999999789,0.0018176500000000005,0.0018386731860230055
0.05875,0.03625,0.005,6.25e-08,-0.20006,-0.0439844,-0.20011925,-0.04577922499999998,5.925000000001068e-05,0.001794824999999979,0.0017958027016142185
0.06125,0.03625,0.005,6.25e-08,-0.197318,-0.061862,-0.197107,-0.06353875,-0.00021099999999998897,0.0016767500000000046,0.001689973834856626
0.06375,0.03625,0.005,6.25e-08,-0.192166,-0.0790356,-0.19164024999999996,-0.08048365000000005,-0.000525750000000047,0.001448050000000048,0.0015405394720682064
0.06625,0.03625,0.005,6.25e-08,-0.184498,-0.0949086,-0.183629,-0.09600792500000005,-0.0008690000000000087,0.0010993250000000537,0.0014013124047210649
0.06875,0.03625,0.005,6.25e-08,-0.174281,-0.108833,-0.17306524999999998,-0.10946450000000003,-0.0012157500000000154,0.0006315000000000348,0.001369978216067716
0.07125,0.03625,0.005,6.25e-08,-0.161581,-0.120139,-0.16004775000000004,-0.12019899999999997,-0.0015332499999999583,5.999999999997674e-05,0.001534423527745801
0.07375,0.03625,0.005,6.25e-08,-0.14659,-0.128175,-0.14480600000000005,-0.12759325,-0.0017839999999999523,-0.0005817500000000198,0.0018764565176150106
0.07625,0.03625,0.005,6.25e-08,-0.129641,-0.132365,-0.12771225000000005,-0.13112275,-0.0019287499999999513,-0.0012422500000000003,0.0022941799460809115
0.07875,0.03625,0.005,6.25e-08,-0.111226,-0.132268,-0.10928749999999995,-0.13041574999999997,-0.0019385000000000513,-0.0018522500000000275,0.002681158763016525
0.08125,0.03625,0.005,6.25e-08,-0.0919831,-0.127649,-0.09018549999999995,-0.12531124999999999,-0.001797600000000052,-0.0023377500000000273,0.0029489728419401077
0.08375,0.03625,0.005,6.25e-08,-0.0726791,-0.118539,-0.07116432499999994,-0.11590749999999997,-0.0015147750000000515,-0.0026315000000000366,0.003036335875792622
0.08625,0.03625,0.005,6.25e-08,-0.0541599,-0.105274,-0.05303635000000005,-0.10258790000000004,-0.0011235499999999454,-0.002686099999999969,0.002911614296657391
0.08875,0.03625,0.005,6.25e-08,-0.0372887,-0.0885094,-0.03660885000000004,-0.08602255000000004,-0.000679849999999961,-0.002486849999999957,0.0025781037498517653
0.09125,0.03625,0.005,6.25e-08,-0.0228591,-0.0691916,-0.02261912500000003,-0.06713735000000005,-0.00023997499999996869,-0.002054249999999952,0.00206821929763862
0.09375,0.03625,0.005,6.25e-08,-0.0115096,-0.0484957,-0.01167555,-0.047059174999999995,0.00016594999999999978,-0.001436525000000008,0.0014460786555803328
0.09625,0.03625,0.005,6.25e-08,-0.00381942,-0.0277331,-0.004212444999999985,-0.027043799999999944,0.0003930249999999848,-0.0006893000000000558,0.0007934753560288215
0.09875,0.03625,0.005,6.25e-08,-0.000483465,-0.0083069,-0.0004632847499999949,-0.00839989249999995,-2.0180250000005086e-05,9.29924999999495e-05,9.51569626790563e-05
0.00125,0.03875,0.005,6.25e-08,-0.000581737,0.0150796,-0.00045620299999999997,0.01462165,-0.00012553400000000006,0.00045795000000000037,0.00047484417197223803
0.00375,0.03875,0.005,6.25e-08,-0.00360447,0.0408132,-0.0038159074999999996,0.0405436,0.00021143749999999982,0.0002696000000000018,0.0003426222065281976
0.00625,0.03875,0.005,6.25e-08,-0.00974288,0.0622497,-0.009872530000000001,0.062156775,0.00012965000000000025,9.292500000000065e-05,0.00015951231339617698
0.00875,0.03875,0.005,6.25e-08,-0.0180089,0.0796742,-0.018036475000000003,0.07973435,2.7575000000001904e-05,-6.014999999999493e-05,6.616950298286587e-05
0.01125,0.03875,0.005,6.25e-08,-0.0278142,0.0934529,-0.027808899999999998,0.09363339999999999,-5.300000000003219e-06,-0.00018049999999998623,0.00018057779486967677
0.01375,0.03875,0.005,6.25e-08,-0.0387801,0.103976,-0.0387759,0.10424025,-4.199999999995874e-06,-0.00026425000000000753,0.0002642833753757583
0.01625,0.03875,0.005,6.25e-08,-0.0505802,0.111618,-0.050598825,0.1119295,1.862500000000128e-05,-0.0003115000000000062,0.0003120563100227328
0.01875,0.03875,0.005,6.25e-08,-0.0629425,0.116714,-0.063003325,0.117037,6.082500000000046e-05,-0.00032300000000000384,0.00032867716778778923
0.02125,0.03875,0.005,6.25e-08,-0.0756484,0.119543,-0.07576732500000001,0.1198435,0.00011892500000000583,-0.0003005000000000091,0.0003231770499664338
0.02375,0.03875,0.005,6.25e-08,-0.0885201,0.120319,-0.088709725,0.12056700000000001,0.00018962499999999882,-0.0002480000000000121,0.00031218846971822257
0.02625,0.03875,0.005,6.25e-08,-0.101409,0.119199,-0.101679275,0.11936375,0.0002702750000000004,-0.00016475000000000517,0.0003165298376535803
0.02875,0.03875,0.005,6.25e-08,-0.114187,0.116282,-0.11454500000000001,0.11633525,0.0003580000000000111,-5.325000000000468e-05,0.00036193861703334235
0.03125,0.03875,0.005,6.25e-08,-0.126737,0.111622,-0.127188,0.111539,0.00045100000000000695,8.299999999999974e-05,0.00045857387627295805
0.03375,0.03875,0.005,6.25e-08,-0.138948,0.105243,-0.13949375,0.10500024999999999,0.0005457500000000115,0.0002427500000000138,0.0005973027917229412
0.03625,0.03875,0.005,6.25e-08,-0.150706,0.0971505,-0.1513465,0.09672689999999999,0.0006404999999999883,0.0004236000000000101,0.0007679044276470827
0.03875,0.03875,0.005,6.25e-08,-0.161893,0.0873434,-0.16262274999999998,0.0867215,0.0007297499999999735,0.0006218999999999947,0.0009587985567886274
0.04125,0.03875,0.005,6.25e-08,-0.172379,0.0758286,-0.1731895,0.074994975,0.0008104999999999918,0.0008336249999999906,0.001162686927175571
0.04375,0.03875,0.005,6.25e-08,-0.18202,0.0626321,-0.182896,0.061578875,0.0008760000000000157,0.001053224999999998,0.0013699120047014053
0.04625,0.03875,0.005,6.25e-08,-0.190656,0.0478106,-0.19157600000000002,0.046536925,0.0009200000000000319,0.0012736750000000019,0.0015711931789646567
0.04875,0.03875,0.005,6.25e-08,-0.198108,0.031463,-0.19904125,0.029977149999999998,0.0009332499999999966,0.0014858500000000004,0.001754624115017229
0.05125,0.03875,0.005,6.25e-08,-0.204177,0.0137411,-0.2050855,0.012063034999999998,0.0009085000000000065,0.0016780650000000012,0.001908212355642059
0.05375,0.03875,0.005,6.25e-08,-0.208647,-0.00513882,-0.2094825,-0.0069745275,0.000835499999999989,0.0018357075000000004,0.002016899173373878
0.05625,0.03875,0.005,6.25e-08,-0.211288,-0.0248854,-0.21199325,-0.026826575000000002,0.0007052499999999906,0.0019411750000000033,0.0020653178794376907
0.05875,0.03875,0.005,6.25e-08,-0.211862,-0.0451225,-0.212373,-0.04709652499999997,0.0005110000000000114,0.0019740249999999696,0.002039091881359173
0.06125,0.03875,0.005,6.25e-08,-0.210134,-0.0653814,-0.21038600000000002,-0.06729365,0.00025200000000003,0.0019122499999999903,0.0019287830522119326
0.06375,0.03875,0.005,6.25e-08,-0.205892,-0.0850981,-0.20582024999999998,-0.08683237500000004,-7.17500000000093e-05,0.001734275000000049,0.0017357585771429077
0.06625,0.03875,0.005,6.25e-08,-0.198962,-0.103617,-0.19851524999999998,-0.10503925000000006,-0.0004467500000000235,0.0014222500000000554,0.0014907651139600023
0.06875,0.03875,0.005,6.25e-08,-0.189238,-0.120203,-0.18838749999999999,-0.12117275000000004,-0.000850500000000004,0.0009697500000000331,0.0012898702696395755
0.07125,0.03875,0.005,6.25e-08,-0.176714,-0.134072,-0.17546525000000002,-0.13445399999999996,-0.001248749999999993,0.0003819999999999657,0.001305871571977871
0.07375,0.03875,0.005,6.25e-08,-0.161515,-0.144431,-0.15991675000000005,-0.144119,-0.00159824999999994,-0.0003120000000000067,0.001628418577178427
0.07625,0.03875,0.005,6.25e-08,-0.14393,-0.15054,-0.14208025000000005,-0.14947874999999997,-0.0018497499999999556,-0.0010612500000000413,0.0021325633929616073
0.07875,0.03875,0.005,6.25e-08,-0.124433,-0.15179,-0.12247324999999995,-0.15000049999999998,-0.0019597500000000517,-0.0017895000000000272,0.002653851976373268
0.08125,0.03875,0.005,6.25e-08,-0.103689,-0.147785,-0.10179134999999995,-0.14537925,-0.0018976500000000562,-0.002405750000000012,0.0030640999632845323
0.08375,0.03875,0.005,6.25e-08,-0.0825377,-0.138433,-0.08087819999999994,-0.13561124999999996,-0.0016595000000000637,-0.0028217500000000395,0.003273562785788663
0.08625,0.03875,0.005,6.25e-08,-0.0619481,-0.124003,-0.06067357500000005,-0.12103625000000004,-0.00127452499999995,-0.0029667499999999625,0.0032289347373591574
0.08875,0.03875,0.005,6.25e-08,-0.0429445,-0.105161,-0.04214205000000005,-0.10235245000000007,-0.0008024499999999476,-0.0028085499999999375,0.002920938052235885
0.09125,0.03875,0.005,6.25e-08,-0.0265019,-0.0829481,-0.026191625000000038,-0.08058477500000005,-0.0003102749999999606,-0.002363324999999944,0.002383605594734521
0.09375,0.03875,0.005,6.25e-08,-0.0134341,-0.0587057,-0.013595874999999999,-0.0570223,0.00016177499999999942,-0.0016834000000000016,0.0016911554365654877
0.09625,0.03875,0.005,6.25e-08,-0.00449601,-0.0339615,-0.004932532499999981,-0.03312487499999993,0.0004365224999999815,-0.00083662500000007,0.0009436595167915973
0.09875,0.03875,0.005,6.25e-08,-0.000580267,-0.0103624,-0.000545736999999994,-0.01042413999999994,-3.453000000000603e-05,6.173999999993865e-05,7.074000636127227e-05
0.00125,0.04125,0.005,6.25e-08,-0.000586734,0.0169535,-0.00046087925,0.016414525,-0.00012585475,0.0005389750000000006,0.0005534740000420644
0.00375,0.04125,0.005,6.25e-08,-0.0036419,0.0456977,-0.0038573774999999997,0.045383024999999994,0.00021547749999999968,0.0003146750000000073,0.0003813802677528748
0.00625,0.04125,0.005,6.25e-08,-0.00985264,0.0695095,-0.009984905000000002,0.069402275,0.00013226500000000294,0.00010722500000000246,0.000170268114601652
0.00875,0.04125,0.005,6.25e-08,-0.0182213,0.0887686,-0.018249325000000004,0.08883875,2.8025000000004435e-05,-7.014999999999105e-05,7.554087056024039e-05
0.01125,0.04125,0.005,6.25e-08,-0.0281515,0.103928,-0.028145925,0.10413825,-5.575000000000718e-06,-0.00021024999999999516,0.0002103239005082351
0.01375,0.04125,0.005,6.25e-08,-0.0392583,0.115458,-0.03925475,0.1157675,-3.550000000004938e-06,-0.00030949999999999034,0.00030952035878112127
0.01625,0.04125,0.005,6.25e-08,-0.0512101,0.123804,-0.0512324,0.124173,2.2299999999995934e-05,-0.0003690000000000082,0.00036967322056108675
0.01875,0.04125,0.005,6.25e-08,-0.063732,0.129359,-0.06380185000000001,0.12974950000000002,6.985000000001018e-05,-0.00039050000000001583,0.0003966979613005514
0.02125,0.04125,0.005,6.25e-08,-0.0766053,0.132448,-0.07674117500000001,0.13282575,0.00013587500000000752,-0.00037774999999998227,0.0004014437421669301
0.02375,0.04125,0.005,6.25e-08,-0.0896554,0.133325,-0.0898723,0.13365624999999998,0.00021690000000000598,-0.0003312499999999774,0.00039594465838042013
0.02625,0.04125,0.005,6.25e-08,-0.10274,0.13217,-0.10305,0.1324245,0.0003100000000000047,-0.00025449999999999084,0.00040108633733898025
0.02875,0.04125,0.005,6.25e-08,-0.115739,0.129099,-0.11615249999999999,0.129249,0.0004134999999999972,-0.00015000000000001124,0.00043986617282987456
0.03125,0.04125,0.005,6.25e-08,-0.128547,0.124177,-0.12907174999999999,0.12419525,0.0005247499999999905,-1.8249999999997435e-05,0.0005250672575965768
0.03375,0.04125,0.005,6.25e-08,-0.141065,0.117431,-0.14170525,0.11729124999999999,0.0006402500000000089,0.00013975000000000792,0.0006553244425473641
0.03625,0.04125,0.005,6.25e-08,-0.153193,0.10886,-0.153951,0.10854074999999999,0.0007580000000000087,0.00031925000000000703,0.0008224868160037689
0.03875,0.04125,0.005,6.25e-08,-0.164825,0.0984553,-0.16570000000000001,0.097936525,0.0008750000000000147,0.0005187749999999991,0.001017227850889379
0.04125,0.04125,0.005,6.25e-08,-0.175844,0.0862116,-0.1768305,0.0854753,0.0009865000000000013,0.0007362999999999953,0.0012309833223890549
0.04375,0.04125,0.005,6.25e-08,-0.186117,0.0721374,-0.187204,0.07117079999999999,0.0010870000000000046,0.0009666000000000119,0.0014546080434261434
0.04625,0.04125,0.005,6.25e-08,-0.195492,0.05627,-0.19666075,0.055065699999999995,0.0011687499999999962,0.0012043000000000054,0.001678188026563175
0.04875,0.04125,0.005,6.25e-08,-0.203793,0.0386863,-0.20501724999999998,0.037244900000000004,0.0012242499999999823,0.0014413999999999955,0.001891143046546174
0.05125,0.04125,0.005,6.25e-08,-0.210819,0.0195163,-0.21206325000000004,0.01784875,0.00124425000000003,0.0016675500000000003,0.0020805963243743547
0.05375,0.04125,0.005,6.25e-08,-0.216346,-0.00104395,-0.21756175,-0.0029130402500000003,0.0012157499999999877,0.0018690902500000002,0.0022296964872253427
0.05625,0.04125,0.005,6.25e-08,-0.220123,-0.0227189,-0.221252,-0.0247472,0.0011289999999999911,0.0020283000000000002,0.0023213448451274922
0.05875,0.04125,0.005,6.25e-08,-0.221883,-0.0451397,-0.22285625,-0.04726322499999997,0.0009732500000000088,0.0021235249999999734,0.0023359310752085354
0.06125,0.04125,0.005,6.25e-08,-0.22135,-0.0678323,-0.22208875,-0.0699617,0.0007387500000000102,0.0021294000000000035,0.002253906813180179
0.06375,0.04125,0.005,6.25e-08,-0.218251,-0.0902083,-0.21867575,-0.09222720000000006,0.0004247500000000015,0.0020189000000000595,0.0020630971311356725
0.06625,0.04125,0.005,6.25e-08,-0.212343,-0.111563,-0.21237849999999997,-0.11332900000000004,3.5499999999966114e-05,0.0017660000000000453,0.0017663567731350759
0.06875,0.04125,0.005,6.25e-08,-0.203437,-0.131081,-0.20302599999999996,-0.13243375000000007,-0.0004110000000000502,0.0013527500000000692,0.001413808177406054
0.07125,0.04125,0.005,6.25e-08,-0.191437,-0.147864,-0.190554,-0.14863599999999993,-0.0008829999999999949,0.0007719999999999394,0.0011728908730141512
0.07375,0.04125,0.005,6.25e-08,-0.176379,-0.160963,-0.17504675000000003,-0.16100774999999998,-0.0013322499999999793,4.4749999999982304e-05,0.001333001359714214
0.07625,0.04125,0.005,6.25e-08,-0.158478,-0.169454,-0.15677550000000007,-0.16866975,-0.0017024999999999402,-0.0007842499999999863,0.0018744477353342703
0.07875,0.04125,0.005,6.25e-08,-0.138162,-0.172519,-0.13622949999999992,-0.17088474999999997,-0.001932500000000087,-0.0016342500000000315,0.002530875206820842
0.08125,0.04125,0.005,6.25e-08,-0.116096,-0.169556,-0.11412224999999994,-0.16715625,-0.0019737500000000657,-0.002399750000000006,0.003107167379624131
0.08375,0.04125,0.005,6.25e-08,-0.0931767,-0.160293,-0.09137149999999994,-0.15732649999999998,-0.0018052000000000623,-0.002966500000000011,0.003472588269576497
0.08625,0.04125,0.005,6.25e-08,-0.0704917,-0.144883,-0.06904775000000007,-0.14164900000000005,-0.00144394999999993,-0.003233999999999959,0.003541715347469293
0.08875,0.04125,0.005,6.25e-08,-0.0492419,-0.123966,-0.04829062500000006,-0.12081900000000007,-0.000951274999999939,-0.0031469999999999415,0.0032876333624089708
0.09125,0.04125,0.005,6.25e-08,-0.0306131,-0.0986609,-0.030208825000000043,-0.09595487500000008,-0.00040427499999995745,-0.0027060249999999175,0.0027360573050010336
0.09375,0.04125,0.005,6.25e-08,-0.015634,-0.0704863,-0.01577845,-0.068518625,0.00014445000000000083,-0.001967675000000002,0.001972970022105001
0.09625,0.04125,0.005,6.25e-08,-0.00528088,-0.0412169,-0.005759039999999979,-0.04020329999999992,0.0004781599999999792,-0.0010136000000000797,0.0011207238489476976
0.09875,0.04125,0.005,6.25e-08,-0.000695812,-0.0127851,-0.000641331749999993,-0.012800622499999928,-5.4480250000007004e-05,1.552249999992733e-05,5.664843904567016e-05
0.00125,0.04375,0.005,6.25e-08,-0.000584434,0.0188356,-0.0004603065,0.0182159,-0.00012412749999999998,0.0006197000000000008,0.0006320092770333763
0.00375,0.04375,0.005,6.25e-08,-0.00363849,0.0506113,-0.0038566625,0.050250899999999994,0.00021817250000000015,0.00036040000000000377,0.0004212925346552592
0.00625,0.04375,0.005,6.25e-08,-0.00985745,0.0768196,-0.009991472500000001,0.0766971,0.00013402250000000074,0.0001224999999999976,0.0001815716952232633
0.00875,0.04375,0.005,6.25e-08,-0.0182453,0.0979314,-0.018273300000000003,0.09801080000000001,2.8000000000003716e-05,-7.940000000000724e-05,8.419239870677969e-05
0.01125,0.04375,0.005,6.25e-08,-0.0282031,0.114486,-0.028196275,0.11472475,-6.824999999998499e-06,-0.0002387499999999959,0.00023884753112602615
0.01375,0.04375,0.005,6.25e-08,-0.0393419,0.127031,-0.039337300000000006,0.12738675,-4.599999999993498e-06,-0.000355749999999988,0.0003557797387429355
0.01625,0.04375,0.005,6.25e-08,-0.0513263,0.136086,-0.051349725,0.136515,2.342500000000053e-05,-0.00042899999999998495,0.00042963907017982793
0.01875,0.04375,0.005,6.25e-08,-0.0638793,0.142103,-0.0639548,0.14256575,7.550000000000612e-05,-0.000462749999999984,0.0004688686516498902
0.02125,0.04375,0.005,6.25e-08,-0.0767831,0.14546,-0.07693132500000001,0.14591925000000003,0.00014822500000000183,-0.00045925000000002214,0.00048257767574248696
0.02375,0.04375,0.005,6.25e-08,-0.0898668,0.146448,-0.090104875,0.14687,0.00023807500000000426,-0.0004220000000000057,0.00048452420540671324
0.02625,0.04375,0.005,6.25e-08,-0.102995,0.145277,-0.1033375,0.14563025,0.0003424999999999956,-0.0003532499999999994,0.0004920282639239301
0.02875,0.04375,0.005,6.25e-08,-0.116058,0.142083,-0.11651600000000001,0.14233774999999999,0.00045800000000001395,-0.00025474999999999803,0.000524081637247492
0.03125,0.04375,0.005,6.25e-08,-0.128961,0.136941,-0.1295455,0.13707049999999998,0.0005845000000000156,-0.00012949999999997686,0.0005986739513291121
0.03375,0.04375,0.005,6.25e-08,-0.141621,0.129882,-0.14233825,0.12985950000000002,0.0007172500000000026,2.249999999998087e-05,0.0007176028236427187
0.03625,0.04375,0.005,6.25e-08,-0.153953,0.120903,-0.154808,0.12070499999999999,0.0008549999999999947,0.00019800000000000373,0.0008776269138990624
0.03875,0.04375,0.005,6.25e-08,-0.165868,0.109987,-0.16686275,0.1095895,0.0009947500000000165,0.0003974999999999951,0.0010712300464886283
0.04125,0.04375,0.005,6.25e-08,-0.177265,0.0971134,-0.17839725,0.09649675,0.0011322500000000013,0.0006166499999999964,0.0012892816934246753
0.04375,0.04375,0.005,6.25e-08,-0.188027,0.0822727,-0.18928974999999998,0.08141910000000001,0.0012627499999999792,0.000853599999999996,0.0015241950408330098
0.04625,0.04375,0.005,6.25e-08,-0.198015,0.065479,-0.19939500000000002,0.06437522500000001,0.00138000000000002,0.0011037749999999874,0.0017671217418800064
0.04875,0.04375,0.005,6.25e-08,-0.207064,0.0467835,-0.2085395,0.045422225,0.0014754999999999907,0.001361275000000002,0.0020075283000807183
0.05125,0.04375,0.005,6.25e-08,-0.21498,0.0262877,-0.21651925,0.024670525000000002,0.001539249999999992,0.0016171749999999985,0.002232609581437151
0.05375,0.04375,0.005,6.25e-08,-0.221535,0.00415915,-0.22309525000000002,0.00229972075,0.001560250000000013,0.0018594292500000004,0.002427314812350389
0.05625,0.04375,0.005,6.25e-08,-0.226472,-0.0193528,-0.22799599999999998,-0.0214243,0.0015239999999999698,0.0020715000000000004,0.0025717092079004405
0.05875,0.04375,0.005,6.25e-08,-0.2295,-0.0438995,-0.2309165,-0.04613137499999997,0.0014164999999999872,0.0022318749999999665,0.0026434330454212025
0.06125,0.04375,0.005,6.25e-08,-0.230307,-0.0690163,-0.23153175,-0.07132957499999999,0.0012247499999999967,0.0023132749999999896,0.002617489978610223
0.06375,0.04375,0.005,6.25e-08,-0.228569,-0.0941066,-0.229508,-0.09639087500000007,0.0009389999999999954,0.0022842750000000717,0.0024697435647502595
0.06625,0.04375,0.005,6.25e-08,-0.223969,-0.118432,-0.22452575,-0.12054300000000007,0.0005567499999999947,0.002111000000000071,0.0021831838132645395
0.06875,0.04375,0.005,6.25e-08,-0.216228,-0.141111,-0.21631725,-0.14287425000000004,8.924999999998517e-05,0.0017632500000000495,0.0017655073279372623
0.07125,0.04375,0.005,6.25e-08,-0.205147,-0.161133,-0.20470650000000004,-0.16235424999999995,-0.0004404999999999548,0.0012212499999999515,0.0012982649238502293
0.07375,0.04375,0.005,6.25e-08,-0.190649,-0.177396,-0.18966575000000002,-0.17788274999999995,-0.000983249999999991,0.0004867499999999525,0.0010971354178039901
0.07625,0.04375,0.005,6.25e-08,-0.172843,-0.188766,-0.17136750000000006,-0.18836424999999998,-0.0014754999999999352,-0.00040175000000000627,0.0015292165682138726
0.07875,0.04375,0.005,6.25e-08,-0.152075,-0.194184,-0.15023224999999993,-0.1928145,-0.0018427500000000596,-0.0013694999999999957,0.002295921996170647
0.08125,0.04375,0.005,6.25e-08,-0.128974,-0.192786,-0.12695949999999995,-0.19048849999999998,-0.002014500000000058,-0.0022975000000000356,0.003055604113755641
0.08375,0.04375,0.005,6.25e-08,-0.104462,-0.184055,-0.10251864999999993,-0.18100974999999997,-0.0019433500000000659,-0.003045250000000027,0.0036125000740485002
0.08625,0.04375,0.005,6.25e-08,-0.0797345,-0.167959,-0.07810490000000007,-0.16448375000000004,-0.0016295999999999256,-0.0034752499999999575,0.0038383536473987727
0.08875,0.04375,0.005,6.25e-08,-0.0561757,-0.145054,-0.05504670000000006,-0.14156025000000005,-0.0011289999999999425,-0.0034937499999999344,0.003671638607284139
0.09125,0.04375,0.005,6.25e-08,-0.0352115,-0.11651,-0.03468452500000005,-0.11342650000000008,-0.0005269749999999504,-0.0030834999999999196,0.0031282063392021396
0.09375,0.04375,0.005,6.25e-08,-0.0181304,-0.0840212,-0.01823975,-0.081725575,0.00010934999999999764,-0.0022956250000000095,0.002298227918010971
0.09625,0.04375,0.005,6.25e-08,-0.00618603,-0.0496411,-0.006701339999999976,-0.0484135499999999,0.0005153099999999754,-0.001227550000000098,0.0013313239269990664
0.09875,0.04375,0.005,6.25e-08,-0.000833038,-0.0156342,-0.0007514982499999917,-0.015582799999999914,-8.153975000000833e-05,-5.140000000008679e-05,9.638822972787072e-05
0.00125,0.04625,0.005,6.25e-08,-0.000575167,0.0207047,-0.0004547285,0.020005975000000002,-0.00012043850000000001,0.0006987249999999973,0.0007090289542093794
0.00375,0.04625,0.005,6.25e-08,-0.00359624,0.0555029,-0.0038157449999999997,0.055096525,0.00021950499999999961,0.0004063750000000005,0.0004618691217758557
0.00625,0.04625,0.005,6.25e-08,-0.00976218,0.084107,-0.009896835000000001,0.083968025,0.00013465500000000089,0.00013897499999999952,0.000193509740452516
0.00875,0.04625,0.005,6.25e-08,-0.0180884,0.107073,-0.018115450000000005,0.1071605,2.7050000000004154e-05,-8.750000000000424e-05,9.15857658154419e-05
0.01125,0.04625,0.005,6.25e-08,-0.0279777,0.125021,-0.027968125,0.1252895,-9.57500000000125e-06,-0.00026850000000000485,0.00026867067317629334
0.01375,0.04625,0.005,6.25e-08,-0.0390383,0.138579,-0.039030425,0.13898149999999998,-7.874999999997467e-06,-0.0004024999999999723,0.0004025770306723642
0.01625,0.04625,0.005,6.25e-08,-0.0509318,0.148335,-0.050953625,0.148827,2.1825000000003092e-05,-0.0004919999999999924,0.0004924838379327718
0.01875,0.04625,0.005,6.25e-08,-0.06338,0.154809,-0.063457525,0.15534725,7.752499999999496e-05,-0.0005382499999999901,0.0005438043656729768
0.02125,0.04625,0.005,6.25e-08,-0.0761661,0.15843,-0.076321925,0.1589755,0.00015582499999999833,-0.0005455000000000043,0.0005673197340345249
0.02375,0.04625,0.005,6.25e-08,-0.0891235,0.159531,-0.089376525,0.1600485,0.00025302500000000394,-0.0005175000000000041,0.0005760450508640849
0.02625,0.04625,0.005,6.25e-08,-0.102125,0.158354,-0.1024905,0.15881175,0.0003655000000000047,-0.00045775000000000676,0.0005857689924364465
0.02875,0.04625,0.005,6.25e-08,-0.11507,0.155059,-0.11556175,0.155426,0.0004917499999999991,-0.0003670000000000062,0.0006136017132472852
0.03125,0.04625,0.005,6.25e-08,-0.12788,0.149734,-0.12850875,0.14998275,0.0006287500000000112,-0.00024874999999999203,0.0006761679709953809
0.03375,0.04625,0.005,6.25e-08,-0.140486,0.142415,-0.14126,0.14251825,0.0007739999999999969,-0.00010324999999999918,0.0007808563008005986
0.03625,0.04625,0.005,6.25e-08,-0.152822,0.133098,-0.15374825,0.13303075,0.0009262499999999896,6.724999999999093e-05,0.0009286881204150182
0.03875,0.04625,0.005,6.25e-08,-0.164817,0.121759,-0.1659005,0.12149575,0.001083500000000015,0.00026325000000000653,0.0011150214403768369
0.04125,0.04625,0.005,6.25e-08,-0.176393,0.108362,-0.17763425,0.10788075000000001,0.0012412499999999993,0.00048124999999998863,0.0013312787555579738
0.04375,0.04625,0.005,6.25e-08,-0.187452,0.0928782,-0.18884774999999998,0.09215785,0.0013957499999999734,0.0007203499999999946,0.0015706757096867316
0.04625,0.04625,0.005,6.25e-08,-0.197875,0.0752979,-0.19941699999999998,0.07431975,0.0015419999999999878,0.000978149999999997,0.0018260726772228856
0.04875,0.04625,0.005,6.25e-08,-0.207515,0.0556421,-0.20918799999999999,0.054392075,0.00167299999999998,0.0012500250000000018,0.0020884184208689927
0.05125,0.04625,0.005,6.25e-08,-0.216192,0.0339792,-0.21797075000000002,0.032449775,0.0017787500000000234,0.001529425000000001,0.0023458670876938203
0.05375,0.04625,0.005,6.25e-08,-0.223689,0.0104406,-0.225537,0.0086341775,0.0018479999999999885,0.0018064225,0.0025842341706018455
0.05625,0.04625,0.005,6.25e-08,-0.229749,-0.0147608,-0.23161375,-0.01682745,0.0018647499999999984,0.0020666500000000015,0.002783583083904628
0.05875,0.04625,0.005,6.25e-08,-0.23407,-0.04131,-0.2358855,-0.04360017499999996,0.0018154999999999977,0.0022901749999999638,0.0029224889701459653
0.06125,0.04625,0.005,6.25e-08,-0.236316,-0.0687683,-0.237996,-0.07121815000000001,0.0016800000000000148,0.0024498500000000034,0.0029705496162326706
0.06375,0.04625,0.005,6.25e-08,-0.236118,-0.0965507,-0.23756,-0.09906260000000008,0.0014419999999999988,0.0025119000000000807,0.00289637801572937
0.06625,0.04625,0.005,6.25e-08,-0.233091,-0.123906,-0.2341835,-0.12634200000000007,0.0010924999999999963,0.002436000000000063,0.002669766328726224
0.06875,0.04625,0.005,6.25e-08,-0.226867,-0.149907,-0.22749574999999997,-0.15208700000000008,0.0006287499999999557,0.0021800000000000708,0.0022688601901616266
0.07125,0.04625,0.005,6.25e-08,-0.217129,-0.173448,-0.21719725000000004,-0.17515674999999994,6.825000000004744e-05,0.0017087499999999534,0.0017101124597522371
0.07375,0.04625,0.005,6.25e-08,-0.20367,-0.193274,-0.20311925000000003,-0.19427899999999992,-0.000550749999999961,0.0010049999999999226,0.001146015079525484
0.07625,0.04625,0.005,6.25e-08,-0.186458,-0.208038,-0.18529650000000006,-0.20812374999999994,-0.0011614999999999542,8.574999999994004e-05,0.0011646610290122544
0.07875,0.04625,0.005,6.25e-08,-0.165716,-0.216404,-0.16403874999999996,-0.21542050000000001,-0.0016772500000000468,-0.0009834999999999983,0.0019443353138026767
0.08125,0.04625,0.005,6.25e-08,-0.141986,-0.217189,-0.13998324999999992,-0.21511024999999998,-0.002002750000000081,-0.002078750000000018,0.0028865566207854645
0.08375,0.04625,0.005,6.25e-08,-0.116178,-0.209555,-0.11411624999999992,-0.20652124999999996,-0.0020617500000000843,-0.0030337500000000295,0.003668031096514931
0.08625,0.04625,0.005,6.25e-08,-0.0895628,-0.193198,-0.08773710000000008,-0.18952875000000005,-0.0018256999999999163,-0.0036692499999999573,0.004098362606273313
0.08875,0.04625,0.005,6.25e-08,-0.0637063,-0.16851,-0.06236960000000007,-0.1646690000000001,-0.0013366999999999268,-0.0038409999999999,0.004066945769247364
0.09125,0.04625,0.005,6.25e-08,-0.0402993,-0.136655,-0.039615550000000055,-0.1331595000000001,-0.0006837499999999483,-0.0034954999999999015,0.0035617459640602165
0.09375,0.04625,0.005,6.25e-08,-0.020939,-0.099494,-0.02098985,-0.096820825,5.085000000000159e-05,-0.002673175,0.002673658598835124
0.09625,0.04625,0.005,6.25e-08,-0.00722261,-0.0593846,-0.007767159999999971,-0.05789777499999989,0.0005445499999999709,-0.0014868250000001151,0.0015834087542783482
0.09875,0.04625,0.005,6.25e-08,-0.000995087,-0.0189754,-0.0008775704999999902,-0.018829124999999895,-0.00011751650000000973,-0.00014627500000010535,0.0001876339612044768
0.00125,0.04875,0.005,6.25e-08,-0.000559704,0.0225411,-0.00044468700000000003,0.021766475,-0.00011501699999999992,0.000774625000000001,0.0007831173608814975
0.00375,0.04875,0.005,6.25e-08,-0.00351949,0.060325,-0.0037389199999999997,0.05987287499999999,0.00021942999999999963,0.0004521250000000046,0.0005025599869916068
0.00625,0.04875,0.005,6.25e-08,-0.00957742,0.091303,-0.00971117,0.09114625,0.0001337500000000002,0.00015674999999999717,0.00020605733425432633
0.00875,0.04875,0.005,6.25e-08,-0.0177677,0.116106,-0.017792150000000003,0.11620100000000001,2.4450000000002248e-05,-9.500000000001174e-05,9.809588421540601e-05
0.01125,0.04875,0.005,6.25e-08,-0.0274972,0.135431,-0.027482725,0.13572900000000002,-1.4474999999999905e-05,-0.00029800000000002047,0.0002983513459413451
0.01375,0.04875,0.005,6.25e-08,-0.0383716,0.149982,-0.038357925,0.1504335,-1.3674999999997717e-05,-0.0004514999999999936,0.0004517070462423562
0.01625,0.04875,0.005,6.25e-08,-0.0500496,0.160421,-0.05006675,0.1609775,1.7150000000000498e-05,-0.0005564999999999876,0.0005567641982922269
0.01875,0.04875,0.005,6.25e-08,-0.0622517,0.167331,-0.062327725,0.1679475,7.60250000000004e-05,-0.0006164999999999921,0.0006211699047965783
0.02125,0.04875,0.005,6.25e-08,-0.0747627,0.171197,-0.07492185000000001,0.17183274999999998,0.00015915000000001067,-0.0006357499999999905,0.0006553676716164685
0.02375,0.04875,0.005,6.25e-08,-0.0874209,0.1724,-0.087683075,0.17301725,0.0002621750000000034,-0.0006172500000000136,0.0006706215722186535
0.02625,0.04875,0.005,6.25e-08,-0.100107,0.171216,-0.100488525,0.17178175,0.0003815249999999937,-0.0005657500000000037,0.0006823740822488787
0.02875,0.04875,0.005,6.25e-08,-0.112734,0.167831,-0.11324825000000001,0.1683135,0.0005142500000000078,-0.0004824999999999968,0.0007051661594971819
0.03125,0.04875,0.005,6.25e-08,-0.125236,0.162349,-0.12589475,0.16272,0.0006587500000000135,-0.0003710000000000102,0.000756037408135355
0.03375,0.04875,0.005,6.25e-08,-0.137564,0.154815,-0.13837525,0.1550475,0.0008112500000000133,-0.0002324999999999966,0.0008439092442318783
0.03625,0.04875,0.005,6.25e-08,-0.14967,0.145226,-0.15064275,0.145293,0.0009727499999999945,-6.70000000000115e-05,0.000975054645904521
0.03875,0.04875,0.005,6.25e-08,-0.161509,0.133549,-0.16264775,0.1334265,0.001138749999999994,0.0001224999999999976,0.0011453199607533197
0.04125,0.04875,0.005,6.25e-08,-0.173023,0.119738,-0.1743325,0.11940124999999999,0.0013094999999999912,0.00033675000000001065,0.0013521060655510661
0.04375,0.04875,0.005,6.25e-08,-0.184141,0.103744,-0.18562175,0.10316937500000001,0.001480750000000003,0.0005746249999999953,0.0015883370086744826
0.04625,0.04875,0.005,6.25e-08,-0.194771,0.085532,-0.19641850000000002,0.08469682499999999,0.001647500000000024,0.0008351750000000074,0.0018470986791790773
0.04875,0.04875,0.005,6.25e-08,-0.204789,0.065091,-0.2065955,0.06397595,0.0018064999999999887,0.0011150499999999924,0.0021229175095843792
0.05125,0.04875,0.005,6.25e-08,-0.214041,0.0424528,-0.21598799999999999,0.041042524999999996,0.0019469999999999765,0.0014102750000000025,0.002404097455517333
0.05375,0.04875,0.005,6.25e-08,-0.222328,0.0177067,-0.22438775,0.0159931,0.002059749999999999,0.0017135999999999992,0.0026793646676964286
0.05625,0.04875,0.005,6.25e-08,-0.229406,-0.00897996,-0.23153674999999999,-0.010993695,0.002130749999999987,0.002013734999999999,0.0029317612816743693
0.05875,0.04875,0.005,6.25e-08,-0.234979,-0.037339,-0.2371205,-0.03963254999999996,0.0021415000000000184,0.0022935499999999637,0.0031378964056354556
0.06125,0.04875,0.005,6.25e-08,-0.238698,-0.0669751,-0.24076999999999998,-0.06950325,0.0020719999999999905,0.0025281500000000068,0.003268749978585085
0.06375,0.04875,0.005,6.25e-08,-0.240162,-0.0973367,-0.24206275,-0.10002032500000008,0.0019007500000000066,0.0026836250000000783,0.0032885701608944646
0.06625,0.04875,0.005,6.25e-08,-0.238932,-0.127687,-0.24054000000000003,-0.13040350000000006,0.001608000000000026,0.002716500000000066,0.0031567445652127832
0.06875,0.04875,0.005,6.25e-08,-0.234553,-0.157077,-0.23573249999999996,-0.1596537500000001,0.0011794999999999445,0.0025767500000001,0.0028338773460579382
0.07125,0.04875,0.005,6.25e-08,-0.226589,-0.184337,-0.22720800000000002,-0.18654649999999992,0.0006190000000000084,0.00220949999999992,0.0022945699488138636
0.07375,0.04875,0.005,6.25e-08,-0.214685,-0.208075,-0.21463775000000004,-0.20965324999999996,-4.724999999994317e-05,0.0015782499999999478,0.0015789571320969514
0.07625,0.04875,0.005,6.25e-08,-0.19864,-0.226733,-0.19788150000000004,-0.22740374999999996,-0.0007584999999999675,0.00067074999999997,0.0010125353388894189
0.07875,0.04875,0.005,6.25e-08,-0.178507,-0.238675,-0.17708424999999994,-0.23820675000000002,-0.001422750000000056,-0.00046824999999997563,0.0014978236294704848
0.08125,0.04875,0.005,6.25e-08,-0.154687,-0.24235,-0.15276499999999993,-0.24062675,-0.0019220000000000625,-0.0017232500000000095,0.002581409413963673
0.08375,0.04875,0.005,6.25e-08,-0.128015,-0.236509,-0.12587074999999992,-0.23360274999999997,-0.0021442500000000697,-0.002906250000000027,0.003611661269416119
0.08625,0.04875,0.005,6.25e-08,-0.0997947,-0.220468,-0.09777195000000007,-0.21667775000000006,-0.0020227499999999343,-0.0037902499999999395,0.004296220737462087
0.08875,0.04875,0.005,6.25e-08,-0.071751,-0.194348,-0.07017820000000008,-0.1901770000000001,-0.001572799999999916,-0.004170999999999897,0.004457683349005274
0.09125,0.04875,0.005,6.25e-08,-0.0458563,-0.159221,-0.044977700000000065,-0.1552840000000001,-0.0008785999999999378,-0.003936999999999913,0.004033845182948796
0.09375,0.04875,0.005,6.25e-08,-0.0240666,-0.11708,-0.024029925,-0.113974,-3.66749999999999e-05,-0.0031059999999999977,0.0031062165178275944
0.09625,0.04875,0.005,6.25e-08,-0.00840027,-0.0706033,-0.008961949999999967,-0.06880229999999987,0.0005616799999999672,-0.001801000000000122,0.0018865538482641842
0.09875,0.04875,0.005,6.25e-08,-0.00118525,-0.0228801,-0.0010207322499999887,-0.022602349999999872,-0.0001645177500000114,-0.0002777500000001286,0.0003228175220850592
0.00125,0.05125,0.005,6.25e-08,-0.000539349,0.024328,-0.00043108450000000004,0.023481775000000003,-0.0001082644999999999,0.0008462249999999956,0.0008531224722073863
0.00375,0.05125,0.005,6.25e-08,-0.00341547,0.0650369,-0.0036333375,0.06453965,0.00021786750000000023,0.0004972499999999908,0.0005428847115698147
0.00625,0.05125,0.005,6.25e-08,-0.00932078,0.0983473,-0.0094514775,0.09817157500000001,0.0001306974999999988,0.0001757249999999877,0.00021900025600725986
0.00875,0.05125,0.005,6.25e-08,-0.0173119,0.124953,-0.017331175000000004,0.1250535,1.9275000000002623e-05,-0.00010050000000001724,0.00010233169413726897
0.01125,0.05125,0.005,6.25e-08,-0.0267997,0.14562,-0.02677725,0.14594725,-2.2450000000000248e-05,-0.00032725000000000115,0.0003280191534041888
0.01375,0.05125,0.005,6.25e-08,-0.037386,0.161128,-0.037363375000000004,0.16162875,-2.262499999999834e-05,-0.0005007499999999943,0.0005012608633486103
0.01625,0.05125,0.005,6.25e-08,-0.0487259,0.17221,-0.048735375000000004,0.17283300000000001,9.475000000001843e-06,-0.0006230000000000124,0.00062307204689748
0.01875,0.05125,0.005,6.25e-08,-0.0605385,0.179516,-0.060610075,0.180214,7.157499999999734e-05,-0.0006980000000000042,0.0007016601603518654
0.02125,0.05125,0.005,6.25e-08,-0.0726107,0.183593,-0.07276960000000002,0.18432075,0.00015890000000001736,-0.0007277499999999992,0.000744895477567158
0.02375,0.05125,0.005,6.25e-08,-0.0847863,0.184868,-0.085052875,0.18558724999999998,0.000266575000000005,-0.0007192499999999769,0.0007670611404086179
0.02625,0.05125,0.005,6.25e-08,-0.0969556,0.18366,-0.09734595000000001,0.184334,0.0003903500000000115,-0.0006740000000000079,0.0007788768339731383
0.02875,0.05125,0.005,6.25e-08,-0.109045,0.180181,-0.1095715,0.18077824999999997,0.0005264999999999992,-0.0005972499999999659,0.0007961845342004316
0.03125,0.05125,0.005,6.25e-08,-0.121005,0.174556,-0.12167874999999999,0.17504799999999998,0.0006737499999999869,-0.0004919999999999924,0.0008342679800279853
0.03375,0.05125,0.005,6.25e-08,-0.132806,0.16684,-0.133635,0.16719925000000002,0.0008289999999999964,-0.00035925000000003315,0.0009034940854814811
0.03625,0.05125,0.005,6.25e-08,-0.144424,0.157034,-0.14541575,0.1572345,0.0009917500000000135,-0.00020049999999999235,0.0010118143666206878
0.03875,0.05125,0.005,6.25e-08,-0.155836,0.145102,-0.156997,0.145118,0.0011609999999999954,-1.5999999999988246e-05,0.0011611102445504428
0.04125,0.05125,0.005,6.25e-08,-0.167014,0.130984,-0.16834949999999999,0.1307915,0.0013354999999999895,0.00019249999999998435,0.0013493022270788578
0.04375,0.05125,0.005,6.25e-08,-0.177915,0.114616,-0.17942925,0.1141895,0.0015142500000000225,0.0004264999999999963,0.0015731672868770394
0.04625,0.05125,0.005,6.25e-08,-0.188477,0.0959355,-0.19017075000000003,0.0952513,0.0016937500000000216,0.0006842000000000098,0.0018267234882433866
0.04875,0.05125,0.005,6.25e-08,-0.198611,0.0749023,-0.20048100000000002,0.07393645,0.0018700000000000105,0.0009658500000000042,0.0021047009817311453
0.05125,0.05125,0.005,6.25e-08,-0.208193,0.0515082,-0.21022924999999998,0.0502395,0.0020362499999999895,0.0012686999999999976,0.002399148547401755
0.05375,0.05125,0.005,6.25e-08,-0.217055,0.0257967,-0.21923974999999998,0.024208125,0.0021847499999999853,0.0015885749999999983,0.0027012410283284477
0.05625,0.05125,0.005,6.25e-08,-0.224978,-0.00211799,-0.22728125,-0.004035571,0.002303249999999979,0.0019175809999999998,0.0029970114204088214
0.05875,0.05125,0.005,6.25e-08,-0.231685,-0.0320261,-0.23405875,-0.03426847499999996,0.002373750000000008,0.002242374999999956,0.003265414935827427
0.06125,0.05125,0.005,6.25e-08,-0.236832,-0.0635923,-0.2392075,-0.066134775,0.0023755000000000026,0.0025424750000000024,0.0034795372358440175
0.06375,0.05125,0.005,6.25e-08,-0.240006,-0.0963214,-0.24228950000000005,-0.0991083500000001,0.0022835000000000494,0.0027869500000000935,0.00360297967694806
0.06625,0.05125,0.005,6.25e-08,-0.240729,-0.129519,-0.24279775,-0.13245200000000007,0.002068750000000008,0.0029330000000000744,0.0035891803468898675
0.06875,0.05125,0.005,6.25e-08,-0.238473,-0.162254,-0.24017874999999997,-0.1651767500000001,0.0017057499999999781,0.002922750000000085,0.003384087857163348
0.07125,0.05125,0.005,6.25e-08,-0.232688,-0.193321,-0.23387125,-0.19601349999999992,0.0011832499999999968,0.002692499999999931,0.0029410264895950227
0.07375,0.05125,0.005,6.25e-08,-0.222864,-0.221231,-0.22337300000000004,-0.2234074999999999,0.0005090000000000372,0.002176499999999887,0.002235225547903286
0.07625,0.05125,0.005,6.25e-08,-0.208609,-0.24423,-0.20833650000000004,-0.24556299999999995,-0.00027249999999995334,0.0013329999999999453,0.0013605679880108266
0.07875,0.05125,0.005,6.25e-08,-0.18976,-0.260379,-0.18868874999999993,-0.26055000000000006,-0.001071250000000079,0.00017100000000003224,0.001084812224534818
0.08125,0.05125,0.005,6.25e-08,-0.166516,-0.267711,-0.16476224999999992,-0.26649675,-0.0017537500000000816,-0.0012142499999999723,0.0021330827749996527
0.08375,0.05125,0.005,6.25e-08,-0.139564,-0.264486,-0.1373932499999999,-0.26185425,-0.0021707500000000823,-0.0026317499999999883,0.003411489942092794
0.08625,0.05125,0.005,6.25e-08,-0.11017,-0.249511,-0.10796375000000008,-0.24570350000000007,-0.0022062499999999236,-0.003807499999999936,0.004400522163618674
0.08875,0.05125,0.005,6.25e-08,-0.0801755,-0.22249,-0.07834367500000007,-0.2180295000000001,-0.0018318249999999259,-0.004460499999999895,0.00482199575701014
0.09125,0.05125,0.005,6.25e-08,-0.0518346,-0.18428,-0.050720600000000074,-0.17987975000000012,-0.0011139999999999275,-0.004400249999999883,0.004539074361860446
0.09375,0.05125,0.005,6.25e-08,-0.0275093,-0.136933,-0.027350275,-0.1333355,-0.00015902500000000014,-0.0035975000000000035,0.0036010130797631138
0.09625,0.05125,0.005,6.25e-08,-0.00972603,-0.0834535,-0.010288189999999961,-0.08127319999999985,0.0005621599999999609,-0.002180300000000149,0.002251606527704298
0.09875,0.05125,0.005,6.25e-08,-0.00140679,-0.0274253,-0.001181948499999987,-0.02696874999999985,-0.0002248415000000129,-0.0004565500000001492,0.0005089121757458668
0.00125,0.05375,0.005,6.25e-08,-0.000516046,0.0260534,-0.00041525550000000007,0.0251406,-0.00010079049999999997,0.0009128000000000018,0.000918347736366924
0.00375,0.05375,0.005,6.25e-08,-0.00329488,0.0696086,-0.0035095574999999997,0.06906699999999999,0.00021467749999999966,0.0005416000000000171,0.0005825950471865242
0.00625,0.05375,0.005,6.25e-08,-0.00901832,0.105193,-0.009142980000000002,0.10499675,0.00012466000000000213,0.00019624999999999504,0.00023249554425837623
0.00875,0.05375,0.005,6.25e-08,-0.0167638,0.133547,-0.0167739,0.133653,1.0100000000002468e-05,-0.00010599999999999499,0.00010648009203601857
0.01125,0.05375,0.005,6.25e-08,-0.0259426,0.155502,-0.025907975,0.1558585,-3.4624999999999934e-05,-0.0003565000000000096,0.0003581775266889407
0.01375,0.05375,0.005,6.25e-08,-0.0361497,0.171906,-0.036114175,0.17245875000000002,-3.552500000000153e-05,-0.0005527500000000185,0.0005538904116565123
0.01625,0.05375,0.005,6.25e-08,-0.0470348,0.183568,-0.04703335,0.184262,-1.4500000000000624e-06,-0.0006940000000000002,0.0006940015147677994
0.01875,0.05375,0.005,6.25e-08,-0.0583155,0.19121,-0.0583799,0.19199225,6.439999999999918e-05,-0.0007822500000000121,0.000784896440621321
0.02125,0.05375,0.005,6.25e-08,-0.0697813,0.195439,-0.06993742500000001,0.19626174999999998,0.00015612500000000695,-0.0008227499999999832,0.0008374321334442419
0.02375,0.05375,0.005,6.25e-08,-0.0812833,0.196738,-0.081550925,0.19755925,0.00026762499999999356,-0.0008212499999999956,0.0008637561595294064
0.02625,0.05375,0.005,6.25e-08,-0.0927232,0.195468,-0.09311692499999999,0.19624899999999998,0.00039372499999998367,-0.0007809999999999762,0.0008746315656463298
0.02875,0.05375,0.005,6.25e-08,-0.104042,0.191873,-0.10457274999999999,0.19258200000000003,0.0005307499999999965,-0.0007090000000000429,0.0008856503613165057
0.03125,0.05375,0.005,6.25e-08,-0.11521,0.186103,-0.11588625,0.18670974999999998,0.0006762499999999894,-0.0006067499999999892,0.0009085480862342799
0.03375,0.05375,0.005,6.25e-08,-0.126218,0.178225,-0.12704600000000002,0.17870350000000002,0.0008280000000000232,-0.0004785000000000206,0.0009563191151493617
0.03625,0.05375,0.005,6.25e-08,-0.137066,0.168247,-0.13805299999999998,0.16857125,0.0009869999999999879,-0.00032424999999999815,0.0010388970413375788
0.03875,0.05375,0.005,6.25e-08,-0.14776,0.15613,-0.14891125,0.15627625,0.0011512499999999926,-0.00014625000000001442,0.0011605023158098337
0.04125,0.05375,0.005,6.25e-08,-0.1583,0.141808,-0.15962199999999999,0.14175149999999997,0.0013219999999999898,5.650000000001487e-05,0.0013232068054540736
0.04375,0.05375,0.005,6.25e-08,-0.168677,0.125198,-0.17017549999999998,0.1249155,0.001498499999999986,0.00028250000000000497,0.0015248962259773484
0.04625,0.05375,0.005,6.25e-08,-0.178864,0.106219,-0.180544,0.10568374999999999,0.0016800000000000148,0.000535250000000001,0.0017632051958011157
0.04875,0.05375,0.005,6.25e-08,-0.188809,0.0847974,-0.19067225,0.08398455,0.001863249999999983,0.00081284999999999,0.002032836856464365
0.05125,0.05375,0.005,6.25e-08,-0.198427,0.0608871,-0.20047225000000002,0.059771624999999995,0.002045250000000026,0.0011154750000000047,0.0023296635031963557
0.05375,0.05375,0.005,6.25e-08,-0.20759,0.0344836,-0.20980925,0.033041975,0.002219250000000006,0.001441625000000002,0.0026463849310191124
0.05625,0.05375,0.005,6.25e-08,-0.216117,0.00564333,-0.218493,0.0038566272500000004,0.0023759999999999892,0.0017867027499999999,0.002972824030590696
0.05875,0.05375,0.005,6.25e-08,-0.223765,-0.0254909,-0.22626425000000003,-0.027633124999999953,0.002499250000000036,0.0021422249999999525,0.0032917136134732283
0.06125,0.05375,0.005,6.25e-08,-0.230213,-0.0586586,-0.23278275,-0.061151750000000005,0.0025697500000000095,0.0024931500000000065,0.0035804206435836672
0.06375,0.05375,0.005,6.25e-08,-0.235055,-0.0934428,-0.23761675000000002,-0.0962570750000001,0.0025617500000000293,0.0028142750000000882,0.0038056151721010422
0.06625,0.05375,0.005,6.25e-08,-0.237798,-0.129223,-0.24023825000000001,-0.13228950000000012,0.002440250000000005,0.003066500000000111,0.003918959340501085
0.06875,0.05375,0.005,6.25e-08,-0.23786,-0.165121,-0.24003199999999997,-0.1683140000000001,0.0021719999999999795,0.0031930000000001124,0.003861713738743542
0.07125,0.05375,0.005,6.25e-08,-0.234599,-0.199947,-0.23632375,-0.20306774999999994,0.0017247499999999971,0.003120749999999922,0.0035656476445380166
0.07375,0.05375,0.005,6.25e-08,-0.227352,-0.23216,-0.22843875000000005,-0.23492199999999994,0.001086750000000053,0.002761999999999931,0.002968108751797975
0.07625,0.05375,0.005,6.25e-08,-0.215523,-0.25985,-0.21580150000000006,-0.26189024999999994,0.00027850000000007036,0.00204024999999991,0.0020591702971098995
0.07875,0.05375,0.005,6.25e-08,-0.198697,-0.280791,-0.19807424999999992,-0.28171075000000007,-0.0006227500000000885,0.0009197500000000525,0.0011107464269581094
0.08125,0.05375,0.005,6.25e-08,-0.176808,-0.29258,-0.17532574999999992,-0.29203125,-0.0014822500000000738,-0.0005487499999999867,0.0015805668682470236
0.08375,0.05375,0.005,6.25e-08,-0.15031,-0.292902,-0.14819274999999993,-0.29071549999999996,-0.0021172500000000705,-0.0021865000000000356,0.0030436047398603606
0.08625,0.05375,0.005,6.25e-08,-0.12034,-0.279919,-0.11798625000000008,-0.27623375000000006,-0.0023537499999999184,-0.0036852499999999178,0.004372780193995464
0.08875,0.05375,0.005,6.25e-08,-0.0887843,-0.25274,-0.08668232500000009,-0.2480595000000001,-0.0021019749999999088,-0.004680499999999921,0.0051308263613792145
0.09125,0.05375,0.005,6.25e-08,-0.0581516,-0.211828,-0.056763375000000074,-0.20695750000000013,-0.0013882249999999235,-0.004870499999999861,0.005064478146919328
0.09375,0.05375,0.005,6.25e-08,-0.0312474,-0.159175,-0.03092795,-0.15502625,-0.00031945000000000237,-0.004148750000000007,0.004161030505175377
0.09625,0.05375,0.005,6.25e-08,-0.0112024,-0.098085,-0.011744674999999956,-0.09545084999999984,0.0005422749999999567,-0.0026341500000001683,0.0026893881084971427
0.09875,0.05375,0.005,6.25e-08,-0.00166232,-0.0326911,-0.0013619192499999852,-0.03199682499999982,-0.0003004007500000147,-0.0006942750000001816,0.0007564776177956778
0.00125,0.05625,0.005,6.25e-08,-0.000492524,0.0277115,-0.00039906,0.02673785,-9.346400000000003e-05,0.0009736499999999995,0.0009781256779146528
0.00375,0.05625,0.005,6.25e-08,-0.00317267,0.0740253,-0.0033822575,0.07343992499999999,0.00020958749999999996,0.000585375000000013,0.0006217642726799805
0.00625,0.05625,0.005,6.25e-08,-0.00870637,0.111811,-0.008820660000000001,0.11159400000000001,0.00011429000000000127,0.0002169999999999811,0.00024525742414857106
0.00875,0.05625,0.005,6.25e-08,-0.0161828,0.141842,-0.016178,0.141953,-4.799999999999249e-06,-0.00011099999999999999,0.00011110373531074457
0.01125,0.05625,0.005,6.25e-08,-0.0250058,0.165004,-0.024953125,0.1653925,-5.2675000000002026e-05,-0.0003884999999999861,0.00039205472274287095
0.01375,0.05625,0.005,6.25e-08,-0.0347579,0.182218,-0.0347048,0.18282700000000002,-5.310000000000037e-05,-0.0006090000000000262,0.0006113105675514141
0.01625,0.05625,0.005,6.25e-08,-0.0450812,0.19437,-0.0450657,0.19513875,-1.5500000000001624e-05,-0.0007687500000000125,0.0007689062442847107
0.01875,0.05625,0.005,6.25e-08,-0.0556914,0.202257,-0.055746925,0.20312775,5.552500000000071e-05,-0.0008707500000000035,0.0008725185316799903
0.02125,0.05625,0.005,6.25e-08,-0.0663823,0.206554,-0.0665345,0.20747425,0.00015219999999999123,-0.0009202500000000113,0.000932751254354567
0.02375,0.05625,0.005,6.25e-08,-0.0770147,0.207804,-0.077281675,0.2087265,0.00026697499999998875,-0.0009225000000000205,0.0009603550909038968
0.02625,0.05625,0.005,6.25e-08,-0.0875045,0.206412,-0.087898175,0.20729674999999997,0.0003936749999999961,-0.000884749999999962,0.0009683814166561281
0.02875,0.05625,0.005,6.25e-08,-0.0978107,0.20266,-0.09833882499999999,0.203474,0.0005281249999999904,-0.0008139999999999814,0.000970315420688015
0.03125,0.05625,0.005,6.25e-08,-0.107925,0.196724,-0.10859250000000001,0.19743625,0.0006675000000000153,-0.0007122499999999976,0.0009761435921523109
0.03375,0.05625,0.005,6.25e-08,-0.117861,0.188688,-0.118672,0.18927325,0.0008110000000000062,-0.0005852500000000094,0.0010001192741368506
0.03625,0.05625,0.005,6.25e-08,-0.127647,0.178568,-0.12860575,0.1790025,0.0009587499999999805,-0.00043450000000000433,0.0010526119002272234
0.03875,0.05625,0.005,6.25e-08,-0.137316,0.166327,-0.13842749999999998,0.16658799999999999,0.0011114999999999875,-0.00026099999999998347,0.001141732565008095
0.04125,0.05625,0.005,6.25e-08,-0.146901,0.151893,-0.1481715,0.15195799999999998,0.0012705000000000077,-6.499999999998174e-05,0.001272161644603396
0.04375,0.05625,0.005,6.25e-08,-0.156428,0.135172,-0.15786475,0.1350175,0.0014367499999999866,0.0001544999999999741,0.0014450331527338582
0.04625,0.05625,0.005,6.25e-08,-0.165908,0.11606,-0.16751775,0.11566225,0.0016097499999999931,0.00039775000000000227,0.0016581616703445958
0.04875,0.05625,0.005,6.25e-08,-0.17533,0.0944577,-0.17712075,0.09379145,0.0017907499999999799,0.0006662500000000071,0.001910673866728683
0.05125,0.05625,0.005,6.25e-08,-0.184654,0.0702823,-0.1866305,0.06932055,0.001976499999999992,0.0009617500000000112,0.002198070816079407
0.05375,0.05625,0.005,6.25e-08,-0.193798,0.0434814,-0.19596275,0.042197174999999996,0.002164749999999993,0.0012842250000000069,0.0025170173644861863
0.05625,0.05625,0.005,6.25e-08,-0.20263,0.0140524,-0.20497800000000002,0.01241977,0.0023480000000000167,0.0016326299999999995,0.0028598224974463148
0.05875,0.05625,0.005,6.25e-08,-0.210953,-0.0179342,-0.21346725,-0.019937424999999953,0.0025142499999999957,0.0020032249999999523,0.0032147104788961614
0.06125,0.05625,0.005,6.25e-08,-0.218487,-0.0523037,-0.221134,-0.05469065,0.0026470000000000105,0.002386949999999999,0.0035642866470726015
0.06375,0.05625,0.005,6.25e-08,-0.224859,-0.0887361,-0.22757850000000002,-0.09150207500000011,0.0027195000000000136,0.002765975000000115,0.003878955780957771
0.06625,0.05625,0.005,6.25e-08,-0.229582,-0.126713,-0.23228175,-0.1298217500000001,0.0026997500000000008,0.0031087500000001045,0.004117399254991026
0.06875,0.05625,0.005,6.25e-08,-0.232055,-0.16545,-0.234598,-0.1688152500000001,0.0025429999999999897,0.0033652500000000973,0.0042180275677739
0.07125,0.05625,0.005,6.25e-08,-0.231564,-0.203827,-0.23377,-0.20728599999999991,0.0022060000000000135,0.0034589999999999066,0.0041025744356439665
0.07375,0.05625,0.005,6.25e-08,-0.227319,-0.240309,-0.22897075000000003,-0.2435992499999999,0.0016517500000000351,0.0032902499999999113,0.003681578890231681
0.07625,0.05625,0.005,6.25e-08,-0.218519,-0.272893,-0.21939175000000005,-0.2756419999999999,0.000872750000000061,0.0027489999999998904,0.0028842145486248946
0.07875,0.05625,0.005,6.25e-08,-0.204481,-0.299113,-0.20439499999999994,-0.30085700000000004,-8.600000000005825e-05,0.0017440000000000233,0.0017461191253749246
0.08125,0.05625,0.005,6.25e-08,-0.184812,-0.316133,-0.18371399999999993,-0.31639925,-0.0010980000000000711,0.0002662500000000234,0.001129819924811104
0.08375,0.05625,0.005,6.25e-08,-0.159643,-0.321007,-0.15768274999999993,-0.31945775,-0.00196025000000008,-0.001549250000000002,0.002498550704908812
0.08625,0.05625,0.005,6.25e-08,-0.129869,-0.311114,-0.12742950000000008,-0.30772850000000007,-0.002439499999999928,-0.0033854999999999302,0.004172861188680876
0.08875,0.05625,0.005,6.25e-08,-0.0973148,-0.284753,-0.09495057500000009,-0.27996375000000007,-0.0023642249999999143,-0.004789249999999912,0.0053410182000367444
0.09125,0.05625,0.005,6.25e-08,-0.0646839,-0.241759,-0.06299020000000008,-0.23643650000000016,-0.001693699999999923,-0.005322499999999841,0.005585483501004908
0.09375,0.05625,0.005,6.25e-08,-0.0352418,-0.183877,-0.034724624999999995,-0.17912024999999998,-0.0005171750000000017,-0.004756750000000032,0.004784782183456767
0.09625,0.05625,0.005,6.25e-08,-0.0128236,-0.114633,-0.013325849999999953,-0.1114627499999998,0.0005022499999999541,-0.0031702500000001937,0.0032097881744752536
0.09875,0.05625,0.005,6.25e-08,-0.00195227,-0.0387581,-0.001561001499999983,-0.03775602499999979,-0.00039126850000001704,-0.0010020750000002063,0.0010757533847112343
0.00125,0.05875,0.005,6.25e-08,-0.000472508,0.0293056,-0.00038500725,0.02827665,-8.750075e-05,0.0010289500000000007,0.0010326637805939376
0.00375,0.05875,0.005,6.25e-08,-0.00306909,0.0782929,-0.00327125,0.07766382499999999,0.00020215999999999984,0.0006290750000000067,0.0006607601843520903
0.00625,0.05875,0.005,6.25e-08,-0.00843377,0.1182,-0.0085315825,0.11796075,9.781250000000068e-05,0.0002392499999999964,0.00025847214096735534
0.00875,0.05875,0.005,6.25e-08,-0.0156485,0.149815,-0.015620500000000004,0.149932,-2.7999999999995043e-05,-0.00011700000000000599,0.00012030378215168933
0.01125,0.05875,0.005,6.25e-08,-0.0240956,0.174076,-0.024017049999999998,0.17450124999999997,-7.855000000000015e-05,-0.0004252499999999604,0.00043244382872225886
0.01375,0.05875,0.005,6.25e-08,-0.0333372,0.19198,-0.033260825,0.19265149999999998,-7.637499999999658e-05,-0.0006714999999999638,0.000675829409411096
0.01625,0.05875,0.005,6.25e-08,-0.0430041,0.204497,-0.042971850000000006,0.20534724999999998,-3.224999999999756e-05,-0.0008502499999999691,0.0008508614017570355
0.01875,0.05875,0.005,6.25e-08,-0.0528112,0.212505,-0.05285727500000001,0.21346974999999996,4.607500000000653e-05,-0.0009647499999999587,0.0009658496094759893
0.02125,0.05875,0.005,6.25e-08,-0.0625591,0.216756,-0.06270805000000002,0.21777525,0.0001489500000000088,-0.0010192499999999993,0.001030076048163436
0.02375,0.05875,0.005,6.25e-08,-0.0721226,0.217854,-0.07238925000000002,0.21887625,0.00026665000000002104,-0.0010222500000000023,0.0010564550558353233
0.02625,0.05875,0.005,6.25e-08,-0.0814361,0.216257,-0.08182825000000002,0.21723925,0.00039215000000002165,-0.00098224999999999,0.001057637312598226
0.02875,0.05875,0.005,6.25e-08,-0.0904809,0.212287,-0.09100160000000002,0.21319349999999998,0.0005207000000000128,-0.0009064999999999768,0.0010454045819681351
0.03125,0.05875,0.005,6.25e-08,-0.0992731,0.206146,-0.09992290000000002,0.20694825,0.0006498000000000198,-0.0008022500000000043,0.0010323977443311434
0.03375,0.05875,0.005,6.25e-08,-0.107853,0.19794,-0.10863275000000003,0.19861349999999997,0.0007797500000000235,-0.0006734999999999658,0.00103034572474485
0.03625,0.05875,0.005,6.25e-08,-0.116278,0.187695,-0.11718825000000001,0.18821775,0.0009102500000000013,-0.0005227499999999885,0.00104967739091589
0.03875,0.05875,0.005,6.25e-08,-0.124611,0.175378,-0.12565525000000002,0.17573075,0.0010442500000000243,-0.000352749999999985,0.0011022207696283173
0.04125,0.05875,0.005,6.25e-08,-0.132919,0.160914,-0.13410300000000003,0.16107724999999998,0.0011840000000000184,-0.00016324999999997591,0.0011952014736018508
0.04375,0.05875,0.005,6.25e-08,-0.141263,0.1442,-0.142595,0.14415324999999998,0.0013319999999999999,4.675000000001206e-05,0.0013328201538467224
0.04625,0.05875,0.005,6.25e-08,-0.149694,0.125116,-0.15118375,0.12483699999999999,0.001489750000000012,0.00027900000000001535,0.0015156503760762386
0.04875,0.05875,0.005,6.25e-08,-0.158244,0.103538,-0.15990300000000002,0.10300329999999999,0.0016590000000000216,0.0005347000000000129,0.00174303903857604
0.05125,0.05875,0.005,6.25e-08,-0.16692,0.0793511,-0.16876000000000002,0.07853379999999999,0.0018400000000000083,0.0008173000000000069,0.002013350265105414
0.05375,0.05875,0.005,6.25e-08,-0.175693,0.0524576,-0.17772425000000003,0.05132979999999999,0.00203125000000004,0.0011278000000000121,0.0023233401392177147
0.05625,0.05875,0.005,6.25e-08,-0.184485,0.0227974,-0.18671425000000003,0.02132937499999999,0.002229250000000016,0.0014680250000000082,0.002669204556253622
0.05875,0.05875,0.005,6.25e-08,-0.193157,-0.00963253,-0.195583,-0.011470769999999965,0.0024260000000000115,0.001838239999999965,0.003043780921419925
0.06125,0.05875,0.005,6.25e-08,-0.201487,-0.0447492,-0.20409500000000003,-0.04698442500000001,0.002608000000000027,0.0022352250000000073,0.0034348063701794274
0.06375,0.05875,0.005,6.25e-08,-0.209152,-0.0823425,-0.21190575000000006,-0.08499200000000011,0.0027537500000000548,0.00264950000000011,0.0038213857843066414
0.06625,0.05875,0.005,6.25e-08,-0.215703,-0.122019,-0.21853525000000004,-0.12507925000000014,0.002832250000000036,0.0030602500000001392,0.004169744611484144
0.06875,0.05875,0.005,6.25e-08,-0.220552,-0.163129,-0.22334900000000005,-0.1665565000000001,0.0027970000000000494,0.003427500000000111,0.004423908368174124
0.07125,0.05875,0.005,6.25e-08,-0.222953,-0.204674,-0.22554725,-0.20835524999999988,0.0025942499999999924,0.003681249999999886,0.004503524689062903
0.07375,0.05875,0.005,6.25e-08,-0.22202,-0.245197,-0.22418700000000003,-0.24891674999999988,0.00216700000000003,0.003719749999999883,0.004304930784867425
0.07625,0.05875,0.005,6.25e-08,-0.216776,-0.282687,-0.21824975000000002,-0.2860922499999998,0.0014737500000000237,0.0034052499999998043,0.003710480646088689
0.07875,0.05875,0.005,6.25e-08,-0.20626,-0.314511,-0.20678174999999996,-0.31710675000000005,0.0005217499999999597,0.0025957500000000633,0.002647667109929095
0.08125,0.05875,0.005,6.25e-08,-0.189716,-0.337449,-0.18912074999999992,-0.338651,-0.0005952500000000749,0.0012019999999999809,0.0013413152360649764
0.08375,0.05875,0.005,6.25e-08,-0.166866,-0.347901,-0.1651912499999999,-0.34718374999999996,-0.001674750000000086,-0.0007172500000000581,0.0018218768138928523
0.08625,0.05875,0.005,6.25e-08,-0.138232,-0.342338,-0.1358020000000001,-0.33946425,-0.0024299999999999045,-0.0028737499999999527,0.003763421191216745
0.08875,0.05875,0.005,6.25e-08,-0.105433,-0.318019,-0.10284197500000009,-0.31327625000000003,-0.0025910249999999135,-0.004742749999999962,0.0054043582517375914
0.09125,0.05875,0.005,6.25e-08,-0.0712626,-0.273848,-0.06924750000000007,-0.2681220000000001,-0.0020150999999999225,-0.005725999999999898,0.006070230968422743
0.09375,0.05875,0.005,6.25e-08,-0.0394288,-0.211042,-0.038685075,-0.20563224999999996,-0.0007437250000000006,-0.0054097500000000465,0.005460633840327101
0.09625,0.05875,0.005,6.25e-08,-0.0145697,-0.13321,-0.015021424999999946,-0.12941674999999975,0.00045172499999994627,-0.003793250000000248,0.003820052491540768
0.09875,0.05875,0.005,6.25e-08,-0.0022707,-0.0457012,-0.0017792007499999802,-0.044315074999999746,-0.0004914992500000199,-0.0013861250000002517,0.0014706848841190556
0.00125,0.06125,0.005,6.25e-08,-0.000461055,0.0308513,-0.00037644999999999996,0.029771300000000004,-8.460500000000002e-05,0.0010799999999999976,0.0010833088230163155
0.00375,0.06125,0.005,6.25e-08,-0.00301126,0.0824449,-0.003202885,0.08177129999999999,0.00019162499999999996,0.0006736000000000103,0.0007003264243372614
0.00625,0.06125,0.005,6.25e-08,-0.00826519,0.124391,-0.008337907500000002,0.12412850000000002,7.271750000000139e-05,0.00026249999999998497,0.0002723859115414054
0.00875,0.06125,0.005,6.25e-08,-0.0152647,0.157475,-0.015202225000000003,0.15760325000000003,-6.24749999999976e-05,-0.00012825000000002418,0.00014265759049207968
0.01125,0.06125,0.005,6.25e-08,-0.0233491,0.182693,-0.02323475,0.18316300000000002,-0.00011435000000000264,-0.00047000000000002595,0.00048371057720503175
0.01375,0.06125,0.005,6.25e-08,-0.0320485,0.201126,-0.03194275,0.20187075,-0.00010575000000000168,-0.0007447499999999885,0.0007522204630292791
0.01625,0.06125,0.005,6.25e-08,-0.0409793,0.213839,-0.04092825,0.21478225,-5.105000000000387e-05,-0.0009432500000000066,0.0009446304383196705
0.01875,0.06125,0.005,6.25e-08,-0.0498568,0.221806,-0.049894875,0.2228715,3.807499999999853e-05,-0.001065499999999997,0.0010661800765466374
0.02125,0.06125,0.005,6.25e-08,-0.0584939,0.225859,-0.058642650000000004,0.22698000000000002,0.00014875000000000305,-0.0011210000000000109,0.0011308260531576134
0.02375,0.06125,0.005,6.25e-08,-0.0667858,0.226674,-0.0670549,0.22779225,0.00026909999999999434,-0.001118250000000015,0.0011501729750346382
0.02625,0.06125,0.005,6.25e-08,-0.0746922,0.224764,-0.075083275,0.22583325,0.0003910750000000046,-0.0010692500000000216,0.0011385232620043605
0.02875,0.06125,0.005,6.25e-08,-0.0822222,0.220491,-0.08273217499999999,0.22147575,0.0005099749999999958,-0.0009847500000000065,0.0011089666645688718
0.03125,0.06125,0.005,6.25e-08,-0.0894213,0.214091,-0.09004525,0.21496300000000002,0.0006239499999999981,-0.0008720000000000117,0.001072239526645058
0.03375,0.06125,0.005,6.25e-08,-0.0963602,0.205688,-0.097093925,0.20642525,0.0007337250000000045,-0.0007372499999999949,0.0010401393839889917
0.03625,0.06125,0.005,6.25e-08,-0.103126,0.195321,-0.10396775000000001,0.195907,0.0008417500000000161,-0.0005860000000000032,0.0010256408057892543
0.03875,0.06125,0.005,6.25e-08,-0.109815,0.182964,-0.11076625000000001,0.183382,0.0009512500000000146,-0.0004180000000000017,0.0010390382873118917
0.04125,0.06125,0.005,6.25e-08,-0.116527,0.168541,-0.11759275000000001,0.16877599999999998,0.0010657500000000042,-0.00023499999999998522,0.0010913514843990462
0.04375,0.06125,0.005,6.25e-08,-0.123359,0.151943,-0.124549,0.151978,0.0011900000000000105,-3.500000000000725e-05,0.0011905145946186572
0.04625,0.06125,0.005,6.25e-08,-0.130402,0.133038,-0.13172775,0.13285375,0.0013257500000000144,0.00018424999999999692,0.0013384921086805246
0.04875,0.06125,0.005,6.25e-08,-0.13773,0.111683,-0.139207,0.11125750000000001,0.001477000000000006,0.0004254999999999953,0.0015370683947046775
0.05125,0.06125,0.005,6.25e-08,-0.145399,0.0877312,-0.14704374999999997,0.08704165000000001,0.0016447499999999726,0.0006895499999999832,0.001783446597181953
0.05375,0.06125,0.005,6.25e-08,-0.153432,0.0610484,-0.15526325,0.0600671,0.0018312499999999787,0.0009813000000000044,0.0020776010811750967
0.05625,0.06125,0.005,6.25e-08,-0.161812,0.0315205,-0.16384549999999998,0.030216825,0.002033499999999966,0.0013036750000000007,0.0024155104544639964
0.05875,0.06125,0.005,6.25e-08,-0.170462,-0.000926182,-0.17271124999999998,-0.0025861724999999523,0.0022492499999999804,0.0016599904999999523,0.0027954774230156115
0.06125,0.06125,0.005,6.25e-08,-0.179232,-0.0363003,-0.1816995,-0.038352300000000006,0.0024675000000000114,0.002052000000000005,0.003209246056319159
0.06375,0.06125,0.005,6.25e-08,-0.187867,-0.0745077,-0.19053975000000004,-0.07698585000000012,0.0026727500000000293,0.0024781500000001233,0.0036448346992697445
0.06625,0.06125,0.005,6.25e-08,-0.195984,-0.115297,-0.19882325000000003,-0.11822575000000012,0.002839250000000043,0.0029287500000001188,0.004079082877927457
0.06875,0.06125,0.005,6.25e-08,-0.203042,-0.158183,-0.20596425000000002,-0.16156025000000013,0.002922250000000015,0.003377250000000137,0.004466023133057084
0.07125,0.06125,0.005,6.25e-08,-0.208308,-0.202339,-0.2111745,-0.20610924999999988,0.002866499999999994,0.0037702499999998917,0.004736201781227142
0.07375,0.06125,0.005,6.25e-08,-0.21085,-0.246467,-0.21344875,-0.2504774999999999,0.002598749999999983,0.004010499999999917,0.004778871395266799
0.07625,0.06125,0.005,6.25e-08,-0.209557,-0.28864,-0.2116035,-0.2925939999999999,0.0020465000000000066,0.003953999999999902,0.004452221720669272
0.07875,0.06125,0.005,6.25e-08,-0.203216,-0.326172,-0.20438799999999996,-0.32958325000000005,0.0011719999999999509,0.0034112500000000323,0.0036069669477970137
0.08125,0.06125,0.005,6.25e-08,-0.190693,-0.355548,-0.19070899999999996,-0.35775825000000006,1.599999999996049e-05,0.00221025000000008,0.002210307911242312
0.08375,0.06125,0.005,6.25e-08,-0.171223,-0.372546,-0.16998024999999992,-0.3728425,-0.0012427500000000702,0.00029650000000003285,0.0012776305461674724
0.08625,0.06125,0.005,6.25e-08,-0.144824,-0.372648,-0.14253525000000009,-0.3705265000000001,-0.002288749999999923,-0.0021214999999998874,0.003120759332678374
0.08875,0.06125,0.005,6.25e-08,-0.112733,-0.351838,-0.10998725000000009,-0.3473440000000001,-0.002745749999999908,-0.004493999999999887,0.005266419947411949
0.09125,0.06125,0.005,6.25e-08,-0.0776718,-0.307719,-0.0753426750000001,-0.30167875000000016,-0.002329124999999904,-0.006040249999999858,0.0064737503294553175
0.09375,0.06125,0.005,6.25e-08,-0.043718,-0.240594,-0.04273665,-0.23449675,-0.0009813499999999989,-0.0060972499999999985,0.006175719017652922
0.09625,0.06125,0.005,6.25e-08,-0.0163956,-0.153891,-0.016816549999999944,-0.14939299999999972,0.0004209499999999443,-0.0044980000000002796,0.004517654579812678
0.09875,0.06125,0.005,6.25e-08,-0.00259448,-0.0535703,-0.0020162124999999784,-0.05174037499999972,-0.0005782675000000218,-0.0018299250000002806,0.0019191192790398157
0.00125,0.06375,0.005,6.25e-08,-0.000465111,0.03238,-0.00037788750000000004,0.031251175000000006,-8.722349999999994e-05,0.001128824999999993,0.0011321898337192551
0.00375,0.06375,0.005,6.25e-08,-0.00303554,0.0865515,-0.0032122324999999995,0.08583055,0.0001766924999999993,0.000720949999999998,0.0007422864285814789
0.00625,0.06375,0.005,6.25e-08,-0.00828572,0.130458,-0.008321327500000001,0.13017325000000002,3.560750000000147e-05,0.0002847499999999725,0.00028696769253042136
0.00875,0.06375,0.005,6.25e-08,-0.0151657,0.164874,-0.015053525,0.16502050000000001,-0.00011217500000000082,-0.0001465000000000216,0.000184514174591023
0.01125,0.06375,0.005,6.25e-08,-0.0229396,0.190862,-0.022777500000000003,0.191391,-0.00016209999999999836,-0.0005290000000000017,0.0005532787814474736
0.01375,0.06375,0.005,6.25e-08,-0.0310917,0.209611,-0.030950525,0.21044400000000002,-0.00014117500000000033,-0.0008330000000000282,0.0008448783229702648
0.01625,0.06375,0.005,6.25e-08,-0.0392202,0.2223,-0.0391504,0.22334825000000003,-6.979999999999487e-05,-0.0010482500000000283,0.0010505713219482334
0.01875,0.06375,0.005,6.25e-08,-0.0470454,0.230013,-0.047079949999999995,0.23118775000000003,3.454999999999431e-05,-0.00117475000000003,0.0011752579567907932
0.02125,0.06375,0.005,6.25e-08,-0.0544012,0.233678,-0.054555875,0.234901,0.00015467499999999995,-0.0012230000000000019,0.0012327422097198606
0.02375,0.06375,0.005,6.25e-08,-0.0612128,0.234046,-0.06148964999999998,0.23525225000000002,0.0002768499999999813,-0.0012062500000000198,0.001237612615077932
0.02625,0.06375,0.005,6.25e-08,-0.0674746,0.231687,-0.06786684999999998,0.23282925000000002,0.0003922499999999829,-0.0011422500000000113,0.001207723116032815
0.02875,0.06375,0.005,6.25e-08,-0.0732316,0.227011,-0.07372834999999997,0.22805175000000003,0.0004967499999999764,-0.0010407500000000347,0.0011532220623106588
0.03125,0.06375,0.005,6.25e-08,-0.0785645,0.22028,-0.07915442499999997,0.22119550000000002,0.0005899249999999773,-0.0009155000000000135,0.0010891059432511594
0.03375,0.06375,0.005,6.25e-08,-0.0835783,0.211641,-0.08425232499999998,0.21241375,0.0006740249999999809,-0.0007727500000000165,0.0010254034635815308
0.03625,0.06375,0.005,6.25e-08,-0.0883932,0.201146,-0.08914649999999996,0.2017635,0.0007532999999999568,-0.0006175000000000208,0.0009740467853239702
0.03875,0.06375,0.005,6.25e-08,-0.0931386,0.188776,-0.09397134999999995,0.1892275,0.0008327499999999516,-0.0004514999999999936,0.0009472723011362222
0.04125,0.06375,0.005,6.25e-08,-0.0979476,0.174457,-0.09886527499999995,0.17473075000000002,0.0009176749999999512,-0.00027375000000001704,0.0009576358744976713
0.04375,0.06375,0.005,6.25e-08,-0.102952,0.158074,-0.10396549999999993,0.15815875000000001,0.0010134999999999311,-8.475000000002231e-05,0.0010170372719324815
0.04625,0.06375,0.005,6.25e-08,-0.10828,0.139487,-0.10940399999999993,0.13936825,0.0011239999999999306,0.0001187500000000008,0.0011302555297364593
0.04875,0.06375,0.005,6.25e-08,-0.114049,0.118537,-0.11530174999999994,0.11819725000000002,0.0012527499999999414,0.0003397499999999859,0.001298003322414794
0.05125,0.06375,0.005,6.25e-08,-0.120357,0.0950568,-0.12176149999999991,0.09447405000000003,0.0014044999999999058,0.0005827499999999652,0.0015205978470653227
0.05375,0.06375,0.005,6.25e-08,-0.127283,0.0688764,-0.12886224999999993,0.06802610000000002,0.001579249999999921,0.0008502999999999844,0.0017936110650025898
0.05625,0.06375,0.005,6.25e-08,-0.134867,0.0398362,-0.13664599999999993,0.03868892500000002,0.0017789999999999473,0.0011472749999999823,0.002116856378128845
0.05875,0.06375,0.005,6.25e-08,-0.143101,0.00779884,-0.1451039999999999,0.006319892500000071,0.0020029999999998938,0.0014789474999999282,0.0024898382894789797
0.06125,0.06375,0.005,6.25e-08,-0.15191,-0.0273302,-0.1541552499999999,-0.029181074999999976,0.002245249999999921,0.0018508749999999775,0.0029097913719242077
0.06375,0.06375,0.005,6.25e-08,-0.161123,-0.0655713,-0.16361874999999992,-0.06783882500000009,0.0024957499999999355,0.0022675250000000896,0.0033720079608632425
0.06625,0.06375,0.005,6.25e-08,-0.170447,-0.106821,-0.17318024999999998,-0.1095507500000001,0.0027332499999999926,0.0027297500000001,0.0038629251384152538
0.06875,0.06375,0.005,6.25e-08,-0.179419,-0.150779,-0.18234299999999995,-0.15400425000000012,0.0029239999999999544,0.003225250000000124,0.004353391041762793
0.07125,0.06375,0.005,6.25e-08,-0.18737,-0.196834,-0.1903819999999999,-0.20055549999999986,0.0030119999999999036,0.00372149999999985,0.004787661877158652
0.07375,0.06375,0.005,6.25e-08,-0.19338,-0.243915,-0.19629949999999996,-0.24805599999999986,0.002919499999999964,0.004140999999999867,0.005066691351365177
0.07625,0.06375,0.005,6.25e-08,-0.196264,-0.290292,-0.19881749999999995,-0.2946364999999999,0.0025534999999999586,0.004344499999999918,0.0050393494123744855
0.07875,0.06375,0.005,6.25e-08,-0.194613,-0.333357,-0.19644024999999998,-0.33747875000000005,0.0018272499999999747,0.004121750000000035,0.004508621255439427
0.08125,0.06375,0.005,6.25e-08,-0.18693,-0.369446,-0.18764824999999993,-0.37266575000000013,0.0007182499999999203,0.0032197500000001322,0.003298889680635098
0.08375,0.06375,0.005,6.25e-08,-0.171923,-0.393812,-0.17126774999999994,-0.39526325000000007,-0.0006552500000000516,0.0014512500000000705,0.0015923187887481177
0.08625,0.06375,0.005,6.25e-08,-0.148975,-0.400931,-0.1469952500000001,-0.39980950000000015,-0.0019797499999998913,-0.001121499999999831,0.0022753400432680804
0.08875,0.06375,0.005,6.25e-08,-0.118744,-0.385308,-0.11595600000000011,-0.3813135000000002,-0.002787999999999888,-0.00399449999999979,0.004871239498320494
0.09125,0.06375,0.005,6.25e-08,-0.0836514,-0.342833,-0.08104395000000011,-0.33660725000000025,-0.0026074499999998862,-0.006225749999999752,0.006749722850976648
0.09375,0.06375,0.005,6.25e-08,-0.0479949,-0.272367,-0.04679010000000001,-0.2655525000000001,-0.001204799999999992,-0.006814499999999946,0.006920184483812497
0.09625,0.06375,0.005,6.25e-08,-0.0182123,-0.176722,-0.01869244999999994,-0.17143624999999976,0.00048014999999993965,-0.005285750000000228,0.005307513267529564
0.09875,0.06375,0.005,6.25e-08,-0.00284909,-0.0623356,-0.002271592499999976,-0.06009462499999969,-0.0005774975000000238,-0.0022409750000003045,0.002314189342541496
0.00125,0.06625,0.005,6.25e-08,-0.000494417,0.0339453,-0.0003954570000000001,0.03276567500000001,-9.895999999999993e-05,0.0011796249999999897,0.0011837686523239984
0.00375,0.06625,0.005,6.25e-08,-0.00319122,0.0907304,-0.0033464975,0.08995715000000001,0.00015527750000000028,0.0007732499999999892,0.0007886866706786882
0.00625,0.06625,0.005,6.25e-08,-0.00860759,0.136532,-0.008589642500000001,0.13622725000000002,-1.7947499999998798e-05,0.00030474999999996477,0.0003052780294358382
0.00875,0.06625,0.005,6.25e-08,-0.0155234,0.172109,-0.015342300000000003,0.17228750000000004,-0.00018109999999999654,-0.00017850000000002586,0.0002542822447596528
0.01125,0.06625,0.005,6.25e-08,-0.0230832,0.198624,-0.022859975,0.19923325,-0.0002232250000000005,-0.0006092500000000056,0.0006488566583807298
0.01375,0.06625,0.005,6.25e-08,-0.030708,0.217408,-0.0305271,0.21835250000000003,-0.00018089999999999773,-0.0009445000000000425,0.0009616678532633185
0.01625,0.06625,0.005,6.25e-08,-0.0379769,0.229788,-0.037892075,0.2309585,-8.482500000000365e-05,-0.0011705000000000187,0.0011735695678676422
0.01875,0.06625,0.005,6.25e-08,-0.044624,0.23698,-0.04466359999999999,0.23827075000000003,3.959999999999381e-05,-0.001290750000000035,0.0012913573179024038
0.02125,0.06625,0.005,6.25e-08,-0.0505176,0.24002,-0.050688124999999994,0.24134100000000003,0.00017052499999999082,-0.0013210000000000166,0.0013319608761615488
0.02375,0.06625,0.005,6.25e-08,-0.0556275,0.239741,-0.05591989999999998,0.24102300000000002,0.0002923999999999774,-0.0012820000000000054,0.001314922720162672
0.02625,0.06625,0.005,6.25e-08,-0.0599954,0.236777,-0.060392199999999986,0.2379695,0.00039679999999998883,-0.001192500000000013,0.0012567841859285238
0.02875,0.06625,0.005,6.25e-08,-0.0637126,0.231577,-0.06419359999999996,0.2326465,0.00048099999999996756,-0.001069500000000001,0.0011726854863943576
0.03125,0.06625,0.005,6.25e-08,-0.0669024,0.224434,-0.06744927499999996,0.22536050000000002,0.0005468749999999606,-0.0009265000000000245,0.0010758598959088503
0.03375,0.06625,0.005,6.25e-08,-0.0697088,0.215514,-0.07030769999999996,0.216286,0.0005988999999999578,-0.0007719999999999949,0.0009770697058040137
0.03625,0.06625,0.005,6.25e-08,-0.0722878,0.20488,-0.07293132499999995,0.2054915,0.0006435249999999504,-0.000611499999999987,0.0008877255632372655
0.03875,0.06625,0.005,6.25e-08,-0.0748017,0.192518,-0.07548987499999994,0.19296575,0.0006881749999999437,-0.00044774999999999676,0.0008210145511042539
0.04125,0.06625,0.005,6.25e-08,-0.077416,0.178356,-0.07815582499999994,0.17863500000000004,0.000739824999999944,-0.000279000000000057,0.0007906845329364606
0.04375,0.06625,0.005,6.25e-08,-0.0802959,0.162278,-0.08110064999999994,0.162382,0.0008047499999999375,-0.00010399999999999299,0.0008114422730545271
0.04625,0.06625,0.005,6.25e-08,-0.0836034,0.144138,-0.08449137499999992,0.14405625000000002,0.0008879749999999298,8.17499999999638e-05,0.0008917301515171893
0.04875,0.06625,0.005,6.25e-08,-0.0874929,0.123764,-0.08848717499999992,0.12348375,0.0009942749999999195,0.0002802499999999958,0.0010330163784397794
0.05125,0.06625,0.005,6.25e-08,-0.0921073,0.100973,-0.09323429999999991,0.10047467500000001,0.0011269999999999059,0.00049832499999998,0.001232256793702014
0.05375,0.06625,0.005,6.25e-08,-0.0975711,0.0755672,-0.09886022499999991,0.07483045000000002,0.0012891249999999188,0.0007367499999999805,0.0014848043063396476
0.05625,0.06625,0.005,6.25e-08,-0.103982,0.0473506,-0.10546474999999991,0.04634785000000002,0.0014827499999999078,0.0010027499999999828,0.001789987465039823
0.05875,0.06625,0.005,6.25e-08,-0.111399,0.016132,-0.1131072499999999,0.014829820000000068,0.0017082499999998974,0.0013021799999999323,0.002147973653213529
0.06125,0.06625,0.005,6.25e-08,-0.119823,-0.0182585,-0.1217887499999999,-0.019901124999999974,0.001965749999999905,0.001642624999999974,0.002561716212449096
0.06375,0.06625,0.005,6.25e-08,-0.129179,-0.0559461,-0.13142549999999992,-0.057979100000000075,0.002246499999999929,0.0020330000000000764,0.0030298269340013452
0.06625,0.06625,0.005,6.25e-08,-0.139274,-0.0969713,-0.14181349999999993,-0.09945237500000009,0.002539499999999917,0.0024810750000000964,0.0035503230001825265
0.06875,0.06625,0.005,6.25e-08,-0.149759,-0.141224,-0.15257624999999997,-0.14421375000000008,0.0028172499999999656,0.0029897500000000965,0.004107980358400023
0.07125,0.06625,0.005,6.25e-08,-0.160069,-0.188336,-0.1631039999999999,-0.19188224999999984,0.003034999999999899,0.0035462499999998343,0.004667666875699058
0.07375,0.06625,0.005,6.25e-08,-0.169361,-0.237525,-0.17247999999999988,-0.24162524999999985,0.003118999999999872,0.004100249999999861,0.005151719233663463
0.07625,0.06625,0.005,6.25e-08,-0.176457,-0.287359,-0.17942074999999993,-0.2918977499999999,0.0029637499999999317,0.004538749999999925,0.005420707114851245
0.07875,0.06625,0.005,6.25e-08,-0.179828,-0.335464,-0.18227574999999996,-0.3401200000000001,0.0024477499999999708,0.0046560000000001045,0.005260210648111046
0.08125,0.06625,0.005,6.25e-08,-0.177673,-0.378217,-0.17915099999999995,-0.3823595000000001,0.0014779999999999516,0.004142500000000049,0.004398271279718915
0.08375,0.06625,0.005,6.25e-08,-0.168169,-0.410522,-0.16825274999999995,-0.4131955000000001,8.374999999993804e-05,0.0026735000000001063,0.0026748114536356686
0.08625,0.06625,0.005,6.25e-08,-0.149967,-0.425924,-0.14849225000000008,-0.4260315,-0.0014747499999999136,0.00010749999999998261,0.001478662846121367
0.08875,0.06625,0.005,6.25e-08,-0.122933,-0.417314,-0.1202597500000001,-0.41411175000000017,-0.002673249999999905,-0.003202249999999851,0.004171411107167278
0.09125,0.06625,0.005,6.25e-08,-0.0889082,-0.378453,-0.0860821250000001,-0.3722210000000003,-0.0028260749999999,-0.006231999999999682,0.006842844723184976
0.09375,0.06625,0.005,6.25e-08,-0.0521511,-0.30611,-0.05074185000000001,-0.29852250000000013,-0.001409249999999987,-0.007587499999999858,0.007717262585431301
0.09625,0.06625,0.005,6.25e-08,-0.0198779,-0.201819,-0.020628674999999937,-0.19554799999999975,0.0007507749999999362,-0.006271000000000249,0.006315782144804238
0.09875,0.06625,0.005,6.25e-08,-0.00279008,-0.0718495,-0.0025451024999999733,-0.06943672499999966,-0.0002449775000000266,-0.002412775000000339,0.0024251798234631796
0.00125,0.06875,0.005,6.25e-08,-0.000562942,0.0356309,-0.0004377362500000002,0.03439185,-0.0001252057499999998,0.0012390499999999985,0.0012453599408737454
0.00375,0.06875,0.005,6.25e-08,-0.00354604,0.0951631,-0.003670292500000001,0.09432992500000001,0.00012425250000000108,0.0008331749999999916,0.0008423890219971034
0.00625,0.06875,0.005,6.25e-08,-0.00937965,0.142809,-0.009286420000000005,0.14249175,-9.32299999999945e-05,0.00031724999999999115,0.0003306650804061314
0.00875,0.06875,0.005,6.25e-08,-0.0165579,0.179333,-0.016284875000000004,0.17956775000000003,-0.0002730249999999962,-0.00023475000000003354,0.0003600697336975349
0.01125,0.06875,0.005,6.25e-08,-0.0240451,0.206054,-0.023748050000000007,0.20677575000000004,-0.00029704999999999315,-0.0007217500000000487,0.0007804881581421119
0.01375,0.06875,0.005,6.25e-08,-0.0311808,0.224506,-0.030960450000000004,0.22559125000000002,-0.00022034999999999763,-0.0010852500000000098,0.0011073940965166918
0.01625,0.06875,0.005,6.25e-08,-0.0375293,0.23621,-0.037439475,0.23752225000000005,-8.982500000000171e-05,-0.0013122500000000425,0.0013153207187317898
0.01875,0.06875,0.005,6.25e-08,-0.042855,0.242546,-0.042914275,0.2439585,5.927500000000446e-05,-0.0014124999999999832,0.0014137431788075771
0.02125,0.06875,0.005,6.25e-08,-0.0470815,0.244673,-0.047281949999999996,0.246085,0.00020044999999999785,-0.0014119999999999966,0.0014261571450930608
0.02375,0.06875,0.005,6.25e-08,-0.0502432,0.243516,-0.05056087499999999,0.24485250000000003,0.0003176749999999895,-0.0013365000000000182,0.0013737356571134937
0.02625,0.06875,0.005,6.25e-08,-0.0524462,0.239767,-0.05285057499999998,0.24097925,0.0004043749999999846,-0.001212249999999998,0.0012779159609007875
0.02875,0.06875,0.005,6.25e-08,-0.0538404,0.233913,-0.05430132499999997,0.23497400000000002,0.00046092499999997316,-0.0010610000000000064,0.0011567942148995164
0.03125,0.06875,0.005,6.25e-08,-0.054601,0.226273,-0.05509279999999997,0.227169,0.0004917999999999728,-0.0008960000000000079,0.0010220974708901238
0.03375,0.06875,0.005,6.25e-08,-0.0549157,0.217025,-0.055420499999999956,0.21775325,0.0005047999999999581,-0.0007282500000000136,0.0008860988107993247
0.03625,0.06875,0.005,6.25e-08,-0.0549779,0.206239,-0.055487249999999946,0.20680349999999997,0.0005093499999999432,-0.0005644999999999678,0.0007603273456215459
0.03875,0.06875,0.005,6.25e-08,-0.0549829,0.193906,-0.055498224999999936,0.19431075,0.0005153249999999346,-0.00040475000000000927,0.0006552727814619955
0.04125,0.06875,0.005,6.25e-08,-0.0551264,0.179953,-0.055658149999999934,0.180202,0.000531749999999935,-0.0002489999999999992,0.0005871618707817552
0.04375,0.06875,0.005,6.25e-08,-0.0556035,0.164265,-0.05616917499999993,0.164356,0.0005656749999999322,-9.100000000000774e-05,0.0005729478210316579
0.04625,0.06875,0.005,6.25e-08,-0.0566067,0.146689,-0.057229424999999924,0.14661725,0.0006227249999999213,7.17500000000093e-05,0.0006268448676705452
0.04875,0.06875,0.005,6.25e-08,-0.0583235,0.127048,-0.059030899999999914,0.12680300000000003,0.0007073999999999137,0.00024499999999996747,0.0007486252467021546
0.05125,0.06875,0.005,6.25e-08,-0.0609336,0.105144,-0.061756899999999906,0.10471175000000002,0.0008232999999999088,0.00043224999999998126,0.0009298725463738746
0.05375,0.06875,0.005,6.25e-08,-0.0646043,0.0807626,-0.06557767499999989,0.08012352500000001,0.0009733749999998875,0.000639074999999989,0.0011644207771462029
0.05625,0.06875,0.005,6.25e-08,-0.0694843,0.0536783,-0.0706443749999999,0.05280810000000002,0.0011600749999998994,0.0008701999999999807,0.0014501800045596867
0.05875,0.06875,0.005,6.25e-08,-0.0756943,0.0236588,-0.07707939999999988,0.022526400000000064,0.0013850999999998753,0.0011323999999999362,0.0017890868536769003
0.06125,0.06875,0.005,6.25e-08,-0.0833126,-0.00952657,-0.08496174999999989,-0.010960789999999977,0.001649149999999891,0.0014342199999999774,0.0021855623374544995
0.06375,0.06875,0.005,6.25e-08,-0.0923551,-0.0460918,-0.09430529999999993,-0.047878300000000075,0.0019501999999999298,0.0017865000000000728,0.0026447801969161798
0.06625,0.06875,0.005,6.25e-08,-0.102743,-0.0862058,-0.10502444999999991,-0.0884078500000001,0.002281449999999907,0.002202050000000094,0.003170810354625453
0.06875,0.06875,0.005,6.25e-08,-0.11426,-0.12994,-0.11688574999999993,-0.13263375000000008,0.0026257499999999268,0.002693750000000078,0.003761761837889267
0.07125,0.06875,0.005,6.25e-08,-0.126485,-0.17718,-0.1294342499999999,-0.18044549999999981,0.0029492499999999033,0.0032654999999998102,0.004400177929640822
0.07375,0.06875,0.005,6.25e-08,-0.138711,-0.227467,-0.14190399999999986,-0.23136599999999982,0.0031929999999998626,0.0038989999999998193,0.005039588276833507
0.07625,0.06875,0.005,6.25e-08,-0.149853,-0.279758,-0.1531072499999999,-0.2842784999999998,0.003254249999999903,0.004520499999999816,0.005570014659989479
0.07875,0.06875,0.005,6.25e-08,-0.158366,-0.332075,-0.16135824999999993,-0.33702825000000014,0.0029922499999999186,0.004953250000000131,0.005786902938964918
0.08125,0.06875,0.005,6.25e-08,-0.162242,-0.381053,-0.16449324999999995,-0.3859340000000001,0.0022512499999999547,0.004881000000000135,0.005375154654751909
0.08375,0.06875,0.005,6.25e-08,-0.159177,-0.421508,-0.16013049999999995,-0.4253697500000001,0.0009534999999999405,0.003861750000000108,0.003977722377504584
0.08625,0.06875,0.005,6.25e-08,-0.147038,-0.446243,-0.14628575000000005,-0.44776,-0.0007522499999999543,0.0015169999999999906,0.001693271703684882
0.08875,0.06875,0.005,6.25e-08,-0.124701,-0.446515,-0.12235225000000008,-0.4444392500000001,-0.0023487499999999273,-0.0020757499999998763,0.003134543766642786
0.09125,0.06875,0.005,6.25e-08,-0.0931225,-0.413583,-0.09015070000000011,-0.40761725000000026,-0.0029717999999998856,-0.005965749999999714,0.006664965739033916
0.09375,0.06875,0.005,6.25e-08,-0.0562076,-0.341418,-0.05447772500000002,-0.3329962500000001,-0.001729874999999985,-0.008421749999999895,0.008597577599424339
0.09625,0.06875,0.005,6.25e-08,-0.0214311,-0.229526,-0.02260619999999993,-0.2216817499999997,0.001175099999999929,-0.007844250000000302,0.00793177899796159
0.09875,0.06875,0.005,6.25e-08,-0.00166789,-0.0821157,-0.0028373724999999706,-0.0798226249999996,0.0011694824999999706,-0.002293075000000394,0.0025740789174834924
0.00125,0.07125,0.005,6.25e-08,-0.000690954,0.0375626,-0.0005170492499999997,0.0362459,-0.00017390475000000037,0.001316700000000004,0.0013281346889802152
0.00375,0.07125,0.005,6.25e-08,-0.00419413,0.100115,-0.004273872499999998,0.09921164999999998,7.974249999999784e-05,0.0009033500000000111,0.0009068627728638273
0.00625,0.07125,0.005,6.25e-08,-0.0108003,0.149574,-0.010604954999999996,0.14925899999999998,-0.00019534500000000475,0.00031500000000003747,0.00037065437947638694
0.00875,0.07125,0.005,6.25e-08,-0.0185488,0.186761,-0.018159249999999995,0.18709024999999999,-0.00038955000000000586,-0.0003292499999999754,0.0005100536883505386
0.01125,0.07125,0.005,6.25e-08,-0.026144,0.213257,-0.025765049999999994,0.214136,-0.00037895000000000637,-0.0008789999999999909,0.0009572064053797325
0.01375,0.07125,0.005,6.25e-08,-0.032829,0.230892,-0.032578125,0.2321555,-0.00025087499999999763,-0.0012635000000000007,0.001288165562194938
0.01625,0.07125,0.005,6.25e-08,-0.038169,0.241454,-0.038093475,0.242926,-7.55249999999999e-05,-0.001472000000000001,0.0014739362352642678
0.01875,0.07125,0.005,6.25e-08,-0.0419874,0.246521,-0.042087925,0.24805375,0.00010052499999999714,-0.0015327499999999994,0.0015360429154567907
0.02125,0.07125,0.005,6.25e-08,-0.0442942,0.247397,-0.04454217500000001,0.24887900000000002,0.0002479750000000114,-0.001482000000000011,0.0015026029417730547
0.02375,0.07125,0.005,6.25e-08,-0.045216,0.245097,-0.04556887500000001,0.24645374999999997,0.00035287500000000943,-0.0013567499999999622,0.001401888486337235
0.02625,0.07125,0.005,6.25e-08,-0.0449446,0.240368,-0.045357300000000024,0.24155675,0.00041270000000002277,-0.0011887499999999884,0.0012583512436915186
0.02875,0.07125,0.005,6.25e-08,-0.0437038,0.233728,-0.04413587500000003,0.23472975000000001,0.00043207500000003174,-0.0010017500000000235,0.0010909591505299703
0.03125,0.07125,0.005,6.25e-08,-0.0417294,0.225507,-0.04214915000000003,0.22632075000000001,0.0004197500000000312,-0.000813750000000002,0.0009156304522022132
0.03375,0.07125,0.005,6.25e-08,-0.039258,0.215891,-0.03964477500000004,0.21652475,0.00038677500000004056,-0.0006337499999999885,0.0007424513203739466
0.03625,0.07125,0.005,6.25e-08,-0.0365212,0.204948,-0.03686747500000005,0.20541800000000002,0.00034627500000005557,-0.00047000000000002595,0.0005837862413804071
0.03875,0.07125,0.005,6.25e-08,-0.0337456,0.192669,-0.03405675000000006,0.19298925,0.0003111500000000586,-0.00032024999999999415,0.00044651358881901086
0.04125,0.07125,0.005,6.25e-08,-0.031154,0.17898,-0.03144622500000007,0.179162,0.0002922250000000695,-0.00018199999999998773,0.00034426654008926885
0.04375,0.07125,0.005,6.25e-08,-0.0289672,0.163763,-0.029264400000000076,0.16381175000000003,0.00029720000000007726,-4.8750000000041815e-05,0.0003011717159695611
0.04625,0.07125,0.005,6.25e-08,-0.0274036,0.146864,-0.027734850000000085,0.1467775,0.00033125000000008495,8.649999999998936e-05,0.00034235772592429464
0.04875,0.07125,0.005,6.25e-08,-0.0266783,0.128099,-0.027076500000000094,0.12787099999999998,0.000398200000000095,0.00022800000000000598,0.000458854268804463
0.05125,0.07125,0.005,6.25e-08,-0.0270016,0.107263,-0.027502525000000097,0.106881,0.0005009250000000964,0.00038199999999999346,0.0006299602016199845
0.05375,0.07125,0.005,6.25e-08,-0.0285771,0.0841303,-0.029218900000000107,0.083577,0.0006418000000001055,0.0005533000000000066,0.00084737720644359
0.05625,0.07125,0.005,6.25e-08,-0.0315975,0.058456,-0.03242037500000011,0.05770939999999999,0.0008228750000001117,0.0007466000000000139,0.001111096226987206
0.05875,0.07125,0.005,6.25e-08,-0.0362381,0.0299797,-0.03728460000000011,0.029011025000000027,0.0010465000000001098,0.0009686749999999744,0.001426006138004034
0.06125,0.07125,0.005,6.25e-08,-0.0426474,-0.00157316,-0.043961725000000125,-0.002801130750000021,0.001314325000000123,0.001227970750000021,0.0017987113077091992
0.06375,0.07125,0.005,6.25e-08,-0.0509305,-0.0364844,-0.052557475000000145,-0.03802015000000013,0.0016269750000001484,0.0015357500000001273,0.0022373143974698494
0.06625,0.07125,0.005,6.25e-08,-0.0611233,-0.0750277,-0.06310565000000015,-0.07693425000000015,0.0019823500000001534,0.0019065500000001456,0.002750389867818954
0.06875,0.07125,0.005,6.25e-08,-0.0731507,-0.117435,-0.07552340000000016,-0.11979275000000017,0.002372700000000158,0.002357750000000172,0.0033449499775783736
0.07125,0.07125,0.005,6.25e-08,-0.0867635,-0.163826,-0.08954102500000008,-0.1667349999999999,0.002777525000000086,0.0029089999999999117,0.004022054963028846
0.07375,0.07125,0.005,6.25e-08,-0.101445,-0.214085,-0.10459752500000008,-0.2176484999999999,0.0031525250000000865,0.003563499999999914,0.004757829980739637
0.07625,0.07125,0.005,6.25e-08,-0.116286,-0.267619,-0.11970000000000006,-0.2719124999999999,0.003414000000000056,0.004293499999999895,0.005485393171870133
0.07875,0.07125,0.005,6.25e-08,-0.129843,-0.322983,-0.13326500000000013,-0.32796225000000023,0.003422000000000147,0.004979250000000213,0.006041772468614084
0.08125,0.07125,0.005,6.25e-08,-0.140034,-0.37732,-0.1430175000000001,-0.3826592500000002,0.002983500000000111,0.005339250000000184,0.00611627851005026
0.08375,0.07125,0.005,6.25e-08,-0.144181,-0.425676,-0.14609525000000004,-0.4305587500000001,0.001914250000000034,0.004882750000000102,0.0052445782123066035
0.08625,0.07125,0.005,6.25e-08,-0.139378,-0.460435,-0.13958200000000007,-0.46344149999999995,0.00020400000000006524,0.0030064999999999675,0.0030134130566518477
0.08875,0.07125,0.005,6.25e-08,-0.123354,-0.471361,-0.12161675000000008,-0.4707572499999999,-0.0017372499999999264,-0.0006037500000000695,0.0018391714506809387
0.09125,0.07125,0.005,6.25e-08,-0.0958714,-0.446968,-0.09290175000000009,-0.44164775,-0.002969649999999907,-0.005320249999999971,0.0060929369917141875
0.09375,0.07125,0.005,6.25e-08,-0.0603327,-0.377699,-0.05787712499999999,-0.3684034999999999,-0.0024555750000000154,-0.009295500000000123,0.009614373033673457
0.09625,0.07125,0.005,6.25e-08,-0.0244122,-0.260035,-0.024613624999999913,-0.2497407499999995,0.00020142499999991487,-0.010294250000000504,0.010296220427571244
0.098125,0.071875,0.005,1.5625e-08,-0.00314154,-0.137083,-0.007017227499999949,-0.13851224999999948,0.0038756874999999486,0.0014292499999994657,0.0041308242712749625
0.00125,0.07375,0.005,6.25e-08,-0.000907563,0.0399255,-0.0006516294999999994,0.03850002499999999,-0.00025593350000000057,0.0014254750000000094,0.0014482682527927197
0.00375,0.07375,0.005,6.25e-08,-0.0052667,0.105965,-0.005285919999999996,0.10498224999999999,1.921999999999601e-05,0.0009827500000000183,0.000982937928304751
0.00625,0.07375,0.005,6.25e-08,-0.013134,0.157212,-0.012807624999999994,0.15693025,-0.0003263750000000055,0.0002817499999999973,0.0004311655170871182
0.00875,0.07375,0.005,6.25e-08,-0.0218461,0.194665,-0.021319599999999994,0.195148,-0.0005265000000000061,-0.00048299999999998344,0.0007144867038650827
0.01125,0.07375,0.005,6.25e-08,-0.0297477,0.220346,-0.029290824999999986,0.22144175,-0.0004568750000000128,-0.0010957500000000064,0.0011871827273528814
0.01375,0.07375,0.005,6.25e-08,-0.0359834,0.236529,-0.03572594999999999,0.23800725,-0.0002574500000000063,-0.0014782500000000143,0.001500501104631398
0.01625,0.07375,0.005,6.25e-08,-0.0401561,0.245355,-0.040126499999999996,0.24699725,-2.9600000000004623e-05,-0.0016422500000000118,0.001642516734313547
0.01875,0.07375,0.005,6.25e-08,-0.0421963,0.248655,-0.042366600000000004,0.25029025,0.00017030000000000517,-0.0016352500000000048,0.0016440938697349424
0.02125,0.07375,0.005,6.25e-08,-0.0422463,0.247889,-0.04256030000000001,0.2494015,0.0003140000000000087,-0.0015125,0.0015447498988509453
0.02375,0.07375,0.005,6.25e-08,-0.0405607,0.244156,-0.04095470000000001,0.24548050000000002,0.0003940000000000124,-0.0013245000000000062,0.0013818597070614754
0.02625,0.07375,0.005,6.25e-08,-0.0374425,0.238248,-0.03785740000000003,0.239353,0.0004149000000000305,-0.0011050000000000226,0.0011803249594921203
0.02875,0.07375,0.005,6.25e-08,-0.0332057,0.230695,-0.03359287500000003,0.23157575000000002,0.00038717500000003124,-0.0008807500000000135,0.0009620940926567671
0.03125,0.07375,0.005,6.25e-08,-0.0281563,0.221827,-0.02847985000000004,0.22249625,0.00032355000000004047,-0.0006692500000000101,0.0007433573602245691
0.03375,0.07375,0.005,6.25e-08,-0.022583,0.211818,-0.022821625000000047,0.21229949999999997,0.00023862500000004783,-0.00048149999999996806,0.0005373863978786512
0.03625,0.07375,0.005,6.25e-08,-0.016755,0.20073,-0.01690430000000006,0.20105300000000004,0.0001493000000000605,-0.0003230000000000455,0.0003558363247337847
0.03875,0.07375,0.005,6.25e-08,-0.0109257,0.188542,-0.010998325000000066,0.18873525000000002,7.262500000006569e-05,-0.00019325000000003367,0.0002064460053501219
0.04125,0.07375,0.005,6.25e-08,-0.00534055,0.175179,-0.005361740000000075,0.17526100000000003,2.1190000000074517e-05,-8.20000000000265e-05,8.469366032949281e-05
0.04375,0.07375,0.005,6.25e-08,-0.000241229,0.16052,-0.00024342750000008414,0.1605005,2.198500000084137e-06,1.9500000000005624e-05,1.96235420413999e-05
0.04625,0.07375,0.005,6.25e-08,0.00413307,0.144406,0.004113917499999908,0.14428725000000003,1.9152500000092255e-05,0.00011874999999997304,0.00012028458237133773
0.04875,0.07375,0.005,6.25e-08,0.00754578,0.126654,0.0074715774999999,0.1264295,7.420250000010013e-05,0.0002244999999999886,0.00023644504859746956
0.05125,0.07375,0.005,6.25e-08,0.00976235,0.107052,0.009593537499999893,0.106711,0.00016881250000010638,0.0003409999999999941,0.00038049791084351816
0.05375,0.07375,0.005,6.25e-08,0.0105503,0.08537,0.010246072499999887,0.084896525,0.00030422750000011316,0.000473475000000001,0.0005627903227502405
0.05625,0.07375,0.005,6.25e-08,0.00968069,0.0613539,0.00919887749999988,0.0607266,0.00048181250000012103,0.0006273000000000042,0.0007909795036259612
0.05875,0.07375,0.005,6.25e-08,0.00693162,0.0347275,0.00622777659999988,0.03391937500000003,0.0007038434000001207,0.0008081249999999721,0.0010716629821677544
0.06125,0.07375,0.005,6.25e-08,0.00209367,0.00518989,0.0011207799999998689,0.0041663372499999825,0.0009728900000001313,0.0010235527500000174,0.0014121526773450716
0.06375,0.07375,0.005,6.25e-08,-0.00501999,-0.0275853,-0.0063109575000001574,-0.02886935000000012,0.0012909675000001572,0.0012840500000001198,0.001820818906030186
0.06625,0.07375,0.005,6.25e-08,-0.0145531,-0.0639463,-0.016212967500000168,-0.06555057500000014,0.0016598675000001686,0.001604275000000141,0.0023084320204810587
0.06875,0.07375,0.005,6.25e-08,-0.0265733,-0.10425,-0.028651900000000178,-0.10625285000000015,0.002078600000000177,0.002002850000000153,0.002886517985826755
0.07125,0.07375,0.005,6.25e-08,-0.0410157,-0.148822,-0.043553875000000096,-0.15132549999999992,0.002538175000000094,0.0025034999999999086,0.0035650868966443186
0.07375,0.07375,0.005,6.25e-08,-0.0575896,-0.197864,-0.06060207500000008,-0.2009944999999999,0.003012475000000084,0.0031304999999998973,0.0043445409280641915
0.07625,0.07375,0.005,6.25e-08,-0.0756358,-0.251261,-0.07907790000000006,-0.2551504999999999,0.003442100000000059,0.003889499999999879,0.005193867793850693
0.07875,0.07375,0.005,6.25e-08,-0.0939338,-0.308211,-0.09764297500000016,-0.3129367500000002,0.0037091750000001616,0.004725750000000195,0.00600755293302756
0.08125,0.07375,0.005,6.25e-08,-0.11049,-0.366593,-0.11410575000000013,-0.3720347500000002,0.003615750000000126,0.0054417500000001895,0.006533474659398548
0.08375,0.07375,0.005,6.25e-08,-0.122417,-0.422066,-0.12531850000000008,-0.42764725000000015,0.0029015000000000846,0.005581250000000149,0.006290393772451939
0.08625,0.07375,0.005,6.25e-08,-0.126126,-0.467048,-0.12750200000000006,-0.4714434999999999,0.0013760000000000716,0.004395499999999886,0.004605843706640423
0.08875,0.07375,0.005,6.25e-08,-0.11812,-0.490146,-0.11734075000000006,-0.49128025,-0.0007792499999999397,0.0011342499999999478,0.0013761372115453413
0.09125,0.07375,0.005,6.25e-08,-0.0965654,-0.477004,-0.09392967500000007,-0.4728705,-0.002635724999999922,-0.004133499999999957,0.004902332967641451
0.09375,0.07375,0.005,6.25e-08,-0.0633742,-0.413629,-0.060816024999999996,-0.40398299999999987,-0.0025581750000000097,-0.009646000000000154,0.009979457667159474
0.09625,0.07375,0.005,6.25e-08,-0.0262941,-0.291936,-0.02665537499999991,-0.27957824999999953,0.0003612749999999075,-0.012357750000000445,0.012363029753589366
0.098125,0.074375,0.005,1.5625e-08,-0.00693494,-0.156523,-0.007733849999999943,-0.1569112499999994,0.0007989099999999435,0.000388249999999396,0.0008882540462049361
0.00125,0.07625,0.005,6.25e-08,-0.00125244,0.0429871,-0.0008692439999999993,0.04141027499999999,-0.0003831960000000008,0.0015768250000000109,0.001622718784953522
0.00375,0.07625,0.005,6.25e-08,-0.00694478,0.113241,-0.0068934024999999935,0.11218024999999997,-5.1377500000006696e-05,0.001060750000000027,0.0010619935075160808
0.00625,0.07625,0.005,6.25e-08,-0.0167298,0.166227,-0.01625134999999999,0.16603549999999997,-0.00047845000000000873,0.00019150000000003886,0.0005153509993199036
0.00875,0.07625,0.005,6.25e-08,-0.0268742,0.20336,-0.026206024999999987,0.20408049999999997,-0.0006681750000000139,-0.0007204999999999573,0.000982638326458396
0.01125,0.07625,0.005,6.25e-08,-0.0352466,0.227404,-0.034738924999999976,0.22878549999999997,-0.0005076750000000269,-0.00138149999999998,0.0014718274884051364
0.01375,0.07625,0.005,6.25e-08,-0.0409253,0.241293,-0.040706749999999986,0.24301575,-0.0002185500000000118,-0.0017227499999999951,0.0017365574177089533
0.01625,0.07625,0.005,6.25e-08,-0.043626,0.247646,-0.04368714999999999,0.24944224999999998,6.114999999998899e-05,-0.0017962499999999715,0.0017972905677713597
0.01875,0.07625,0.005,6.25e-08,-0.0434645,0.24859,-0.043735699999999995,0.25027750000000004,0.0002711999999999923,-0.0016875000000000362,0.0017091535010057223
0.02125,0.07625,0.005,6.25e-08,-0.0407792,0.245744,-0.041171775,0.24721925,0.0003925749999999992,-0.0014752500000000113,0.0015265902178138808
0.02375,0.07625,0.005,6.25e-08,-0.0359983,0.240281,-0.036428200000000015,0.24149500000000002,0.00042990000000001777,-0.0012140000000000206,0.0012878703389705292
0.02625,0.07625,0.005,6.25e-08,-0.0295643,0.233005,-0.02996242500000002,0.2339485,0.00039812500000002,-0.0009435000000000138,0.0010240584776393593
0.02875,0.07625,0.005,6.25e-08,-0.0218974,0.224438,-0.022211350000000032,0.22512325000000002,0.00031395000000003156,-0.0006852500000000261,0.0007537454245300966
0.03125,0.07625,0.005,6.25e-08,-0.0133807,0.214885,-0.013573900000000043,0.21534050000000005,0.00019320000000004264,-0.0004555000000000531,0.0004947792335982432
0.03375,0.07625,0.005,6.25e-08,-0.00435595,0.204492,-0.004408832750000054,0.20475875000000004,5.2882750000054005e-05,-0.0002667500000000378,0.0002719414417619874
0.03625,0.07625,0.005,6.25e-08,0.00487455,0.193295,0.004960488249999936,0.19342050000000002,-8.593824999993636e-05,-0.00012550000000002837,0.00015210401971367713
0.03875,0.07625,0.005,6.25e-08,0.0140375,0.181258,0.014238587499999927,0.18128550000000004,-0.0002010874999999277,-2.750000000004138e-05,0.00020295918963235738
0.04125,0.07625,0.005,6.25e-08,0.0228721,0.1683,0.023150124999999917,0.16825625000000002,-0.0002780249999999179,4.3749999999981304e-05,0.00028144619934359163
0.04375,0.07625,0.005,6.25e-08,0.0311208,0.154294,0.03143314999999991,0.15419175000000002,-0.00031234999999990923,0.00010224999999997042,0.00032866028813949706
0.04625,0.07625,0.005,6.25e-08,0.0385295,0.139082,0.0388333999999999,0.138922,-0.0003038999999998987,0.00016000000000002124,0.00034344608019301257
0.04875,0.07625,0.005,6.25e-08,0.0448465,0.122476,0.04509979999999989,0.12225225000000002,-0.0002532999999998939,0.0002237499999999809,0.00033797182205020835
0.05125,0.07625,0.005,6.25e-08,0.0498199,0.104266,0.04998119999999988,0.1039665,-0.0001612999999998782,0.0002994999999999942,0.0003401733969609576
0.05375,0.07625,0.005,6.25e-08,0.0531958,0.0842215,0.05322387499999988,0.083828575,-2.8074999999877503e-05,0.0003929250000000023,0.0003939267206600676
0.05625,0.07625,0.005,6.25e-08,0.0547172,0.0620873,0.054570199999999874,0.061580224999999995,0.0001470000000001262,0.0005070750000000027,0.0005279527020719184
0.05875,0.07625,0.005,6.25e-08,0.0541245,0.0375838,0.053758649999999866,0.036936800000000033,0.00036585000000013274,0.000646999999999967,0.000743273316149621
0.06125,0.07625,0.005,6.25e-08,0.0511573,0.0104009,0.050525299999999856,0.009581584999999988,0.0006320000000001463,0.0008193150000000114,0.0010347468623896395
0.06375,0.07625,0.005,6.25e-08,0.0455589,-0.0198087,0.044609849999999826,-0.020841675000000108,0.0009490500000001734,0.0010329750000001095,0.0014027591572060955
0.06625,0.07625,0.005,6.25e-08,0.0370887,-0.0534358,0.03576704999999982,-0.054737175000000124,0.001321650000000181,0.0013013750000001253,0.0018548141721277107
0.06875,0.07625,0.005,6.25e-08,0.0255455,-0.0909205,0.023791774999999803,-0.09256250000000016,0.0017537250000001954,0.0016420000000001572,0.00240243946346754
0.07125,0.07625,0.005,6.25e-08,0.0108113,-0.132743,0.008566236249999894,-0.1348214999999999,0.0022450637500001057,0.0020784999999999,0.0030594890899567073
0.07375,0.07625,0.005,6.25e-08,-0.00706615,-0.179377,-0.009851514750000094,-0.1820179999999999,0.0027853647500000935,0.0026409999999998934,0.0038383769734801347
0.07625,0.07625,0.005,6.25e-08,-0.0277317,-0.231163,-0.03107250000000008,-0.23451974999999992,0.0033408000000000777,0.0033567499999999084,0.004735896451834637
0.07875,0.07625,0.005,6.25e-08,-0.0502981,-0.287991,-0.054126950000000194,-0.2922187500000002,0.003828850000000196,0.004227750000000197,0.005703855045931933
0.08125,0.07625,0.005,6.25e-08,-0.0730392,-0.348677,-0.07712062500000018,-0.35383475000000025,0.00408142500000018,0.0051577500000002385,0.006577265016184837
0.08375,0.07625,0.005,6.25e-08,-0.0930832,-0.409884,-0.09689770000000014,-0.41569925000000024,0.0038145000000001372,0.005815250000000216,0.006954677764821571
0.08625,0.07625,0.005,6.25e-08,-0.106353,-0.464648,-0.10902325000000004,-0.4701007499999999,0.0026702500000000406,0.005452749999999895,0.006071467501765868
0.08875,0.07625,0.005,6.25e-08,-0.108138,-0.501011,-0.10864750000000006,-0.50395125,0.0005095000000000655,0.0029402499999999776,0.002984067745963542
0.09125,0.07625,0.005,6.25e-08,-0.0946692,-0.501893,-0.09272857500000008,-0.49948024999999996,-0.0019406249999999181,-0.0024127500000000746,0.003096350747755338
0.09375,0.07625,0.005,6.25e-08,-0.0657213,-0.44802,-0.063162025,-0.43872849999999985,-0.0025592749999999997,-0.009291500000000119,0.009637523581067245
0.09625,0.07625,0.005,6.25e-08,-0.0284795,-0.32486,-0.028764674999999903,-0.3109979999999995,0.0002851749999999015,-0.013862000000000485,0.013864933060806257
0.098125,0.076875,0.005,1.5625e-08,-0.00814499,-0.176456,-0.008535064999999939,-0.17697174999999932,0.00039007499999993943,0.0005157499999993154,0.0006466502672420746
0.00125,0.07875,0.005,6.25e-08,-0.00177126,0.0471175,-0.0012135467500000011,0.04535982500000001,-0.0005577132499999988,0.0017576749999999863,0.0018440351067294009
0.00375,0.07875,0.005,6.25e-08,-0.00947008,0.122675,-0.009372790000000008,0.12156175000000002,-9.728999999999294e-05,0.0011132499999999823,0.0011174931349229665
0.00625,0.07875,0.005,6.25e-08,-0.0220382,0.17725,-0.02141760000000002,0.17723875000000006,-0.0006205999999999816,1.1249999999934923e-05,0.0006207019594781184
0.00875,0.07875,0.005,6.25e-08,-0.0341112,0.213153,-0.033332175000000026,0.21421750000000006,-0.0007790249999999749,-0.0010645000000000515,0.0013191058337468872
0.01125,0.07875,0.005,6.25e-08,-0.0429728,0.234397,-0.042478375000000027,0.23612400000000003,-0.000494424999999972,-0.001727000000000034,0.001796381106732391
0.01375,0.07875,0.005,6.25e-08,-0.0477439,0.244888,-0.04763525000000002,0.24684675,-0.00010864999999998098,-0.001958750000000009,0.0019617610417683473
0.01625,0.07875,0.005,6.25e-08,-0.0483957,0.247861,-0.04859970000000001,0.24974799999999997,0.00020400000000000973,-0.001886999999999972,0.0018979949947246697
0.01875,0.07875,0.005,6.25e-08,-0.0453509,0.245778,-0.045744875000000004,0.2474225,0.00039397500000000474,-0.0016444999999999932,0.0016910341660135023
0.02125,0.07875,0.005,6.25e-08,-0.0392303,0.240399,-0.039693674999999984,0.24172824999999995,0.00046337499999998116,-0.0013292499999999485,0.0014077009459131742
0.02375,0.07875,0.005,6.25e-08,-0.0306879,0.232926,-0.031123749999999978,0.23392549999999995,0.00043584999999997723,-0.0009994999999999588,0.0010903969334604246
0.02625,0.07875,0.005,6.25e-08,-0.0203329,0.224138,-0.02067147499999997,0.22482449999999995,0.00033857499999996946,-0.000686499999999951,0.0007654510308471158
0.02875,0.07875,0.005,6.25e-08,-0.00870238,0.214507,-0.008895892499999959,0.21491324999999997,0.0001935124999999597,-0.00040624999999996914,0.00044998461102154294
0.03125,0.07875,0.005,6.25e-08,0.00374098,0.204285,0.003725117000000053,0.20445549999999996,1.5862999999947166e-05,-0.00017049999999996235,0.0001712363418465411
0.03375,0.07875,0.005,6.25e-08,0.0166059,0.193567,0.016784550000000065,0.19355774999999997,-0.00017865000000006487,9.25000000001619e-06,0.00017888930935084822
0.03625,0.07875,0.005,6.25e-08,0.0295679,0.18234,0.029931275000000077,0.18222349999999998,-0.00036337500000007544,0.00011650000000001937,0.00038159355422367835
0.03875,0.07875,0.005,6.25e-08,0.0423476,0.170547,0.04285502500000009,0.17038299999999998,-0.0005074250000000891,0.00016400000000002524,0.0005332692852819282
0.04125,0.07875,0.005,6.25e-08,0.0546766,0.158098,0.055273275000000094,0.15791899999999998,-0.000596675000000095,0.00017900000000001248,0.0006229462702554032
0.04375,0.07875,0.005,6.25e-08,0.0662876,0.144865,0.0669204750000001,0.14467974999999997,-0.0006328750000001021,0.00018525000000002567,0.0006594303057375653
0.04625,0.07875,0.005,6.25e-08,0.0769181,0.130684,0.0775397750000001,0.13049,-0.0006216750000000992,0.00019399999999999973,0.0006512417413104931
0.04875,0.07875,0.005,6.25e-08,0.0863088,0.115367,0.08687625000000013,0.11515349999999996,-0.000567450000000122,0.0002135000000000331,0.0006062852072252404
0.05125,0.07875,0.005,6.25e-08,0.0941982,0.0987081,0.09467152500000013,0.09845889999999997,-0.00047332500000013544,0.00024920000000001885,0.0005349179335422749
0.05375,0.07875,0.005,6.25e-08,0.100319,0.08048,0.10066015000000014,0.08017602499999998,-0.0003411500000001372,0.0003039750000000119,0.00045692901322317105
0.05625,0.07875,0.005,6.25e-08,0.104395,0.0604354,0.10456532500000014,0.060054849999999986,-0.00017032500000013773,0.0003805500000000142,0.00041692794116616566
0.05875,0.07875,0.005,6.25e-08,0.106138,0.038302,0.10609747500000016,0.03781975000000003,4.0524999999833056e-05,0.00048224999999997575,0.0004839497268569981
0.06125,0.07875,0.005,6.25e-08,0.105249,0.0137759,0.10495165000000016,0.013161867500000007,0.00029734999999983525,0.0006140324999999933,0.0006822411110129202
0.06375,0.07875,0.005,6.25e-08,0.101413,-0.0134887,0.10080892500000015,-0.014272235000000065,0.0006040749999998568,0.000783535000000066,0.0009893602487718671
0.06625,0.07875,0.005,6.25e-08,0.0943091,-0.0438945,0.09333957500000015,-0.044896400000000065,0.0009695249999998601,0.0010019000000000625,0.0013941959459218257
0.06875,0.07875,0.005,6.25e-08,0.0836191,-0.07792,0.08221817500000013,-0.07920472500000006,0.0014009249999998724,0.001284725000000056,0.0019008180294940876
0.07125,0.07875,0.005,6.25e-08,0.0690572,-0.116139,0.06715287500000022,-0.11779224999999983,0.0019043249999997763,0.0016532499999998285,0.0025218424352293663
0.07375,0.07875,0.005,6.25e-08,0.0504317,-0.159227,0.04795100000000023,-0.16136024999999982,0.0024806999999997734,0.002133249999999809,0.0032717927887471816
0.07625,0.07875,0.005,6.25e-08,0.027767,-0.207906,0.02465017500000024,-0.2106644999999998,0.0031168249999997608,0.0027584999999998028,0.004162201380354201
0.07875,0.07875,0.005,6.25e-08,0.00153031,-0.262744,-0.0022374199999999223,-0.2663010000000001,0.0037677299999999223,0.0035570000000001434,0.005181509273648021
0.08125,0.07875,0.005,6.25e-08,-0.0269968,-0.323609,-0.03131889999999994,-0.3281310000000001,0.00432209999999994,0.004522000000000137,0.006255320328328575
0.08375,0.07875,0.005,6.25e-08,-0.0552298,-0.388535,-0.059768349999999956,-0.3940365000000001,0.004538549999999954,0.0055015000000001035,0.007131965952842226
0.08625,0.07875,0.005,6.25e-08,-0.0789136,-0.451836,-0.08287382499999986,-0.4577829999999998,0.003960224999999859,0.005946999999999758,0.0071449416408128205
0.08875,0.07875,0.005,6.25e-08,-0.0923038,-0.50187,-0.09437102499999993,-0.5064204999999999,0.0020672249999999226,0.004550499999999902,0.004998046563470951
0.09125,0.07875,0.005,6.25e-08,-0.0894708,-0.51946,-0.08859622500000003,-0.51918675,-0.0008745749999999747,-0.00027325000000000266,0.0009162679701511764
0.09375,0.07875,0.005,6.25e-08,-0.0672033,-0.479603,-0.06475025,-0.4712812500000001,-0.0024530499999999983,-0.008321749999999906,0.008675769554627325
0.09625,0.07875,0.005,6.25e-08,-0.0308613,-0.35886,-0.03102177499999991,-0.34375349999999966,0.00016047499999991,-0.015106500000000356,0.015107352331750118
0.098125,0.079375,0.005,1.5625e-08,-0.00912592,-0.197816,-0.009481572499999938,-0.1988697499999994,0.0003556524999999387,0.0010537499999994093,0.0011121500632805634
0.00125,0.08125,0.005,6.25e-08,-0.00248537,0.0528135,-0.0017558402500000019,0.05093195000000002,-0.0007295297499999983,0.0018815499999999818,0.0020180297467170772
0.00375,0.08125,0.005,6.25e-08,-0.0131467,0.135304,-0.01314005000000001,0.13417875000000004,-6.649999999989997e-06,0.0011252499999999666,0.0011252696499061568
0.00625,0.08125,0.005,6.25e-08,-0.0296211,0.19103,-0.028936100000000027,0.19130750000000005,-0.0006849999999999738,-0.0002775000000000416,0.0007390745902816489
0.00875,0.08125,0.005,6.25e-08,-0.0440096,0.224232,-0.043206900000000034,0.22573375000000007,-0.0008026999999999687,-0.0015017500000000794,0.0017028154193864315
0.01125,0.08125,0.005,6.25e-08,-0.0529972,0.241016,-0.052624275000000026,0.24308675000000002,-0.00037292499999997536,-0.00207075000000001,0.002104062408324673
0.01375,0.08125,0.005,6.25e-08,-0.0560257,0.246676,-0.056113050000000025,0.2487725,8.735000000002768e-05,-0.002096500000000001,0.002098318915822857
0.01625,0.08125,0.005,6.25e-08,-0.0535763,0.245202,-0.05395940000000001,0.247025,0.0003831000000000112,-0.0018229999999999913,0.001862818995501167
0.01875,0.08125,0.005,6.25e-08,-0.0465574,0.239382,-0.0470583,0.24081274999999996,0.0005008999999999986,-0.001430749999999953,0.001515897876672391
0.02125,0.08125,0.005,6.25e-08,-0.0359778,0.231051,-0.03645627499999998,0.23207699999999995,0.00047847499999998516,-0.0010259999999999436,0.0011320840629674416
0.02375,0.08125,0.005,6.25e-08,-0.0227681,0.221365,-0.023131099999999974,0.22201799999999997,0.00036299999999997445,-0.0006529999999999592,0.0007471131105796017
0.02625,0.08125,0.005,6.25e-08,-0.00771989,0.211009,-0.007913032499999957,0.21133824999999992,0.00019314249999995668,-0.0003292499999999199,0.00038171925260088794
0.02875,0.08125,0.005,6.25e-08,0.00851554,0.200359,0.008523050000000058,0.20041049999999996,-7.510000000057748e-06,-5.149999999995436e-05,5.204469329332402e-05
0.03125,0.08125,0.005,6.25e-08,0.0254057,0.189576,0.025636050000000073,0.18940049999999997,-0.00023035000000007355,0.00017550000000002286,0.0002895882810129614
0.03375,0.08125,0.005,6.25e-08,0.0425206,0.178671,0.04298925000000008,0.17833899999999997,-0.0004686500000000843,0.0003320000000000267,0.0005743316311157664
0.03625,0.08125,0.005,6.25e-08,0.0595347,0.167558,0.0602219250000001,0.16717299999999996,-0.0006872250000000968,0.00038500000000005197,0.0007877202553096962
0.03875,0.08125,0.005,6.25e-08,0.0761849,0.156149,0.0770255750000001,0.15579449999999997,-0.0008406750000000962,0.00035450000000003534,0.0009123621570545256
0.04125,0.08125,0.005,6.25e-08,0.0922066,0.144359,0.09312502500000011,0.14406174999999993,-0.0009184250000001115,0.0002972500000000544,0.0009653300177272212
0.04375,0.08125,0.005,6.25e-08,0.107327,0.132053,0.10826425000000012,0.13181074999999998,-0.0009372500000001116,0.00024225000000002717,0.0009680509413250019
0.04625,0.08125,0.005,6.25e-08,0.121284,0.119062,0.12219475000000013,0.11886074999999996,-0.0009107500000001267,0.00020125000000004167,0.0009327202822927395
0.04875,0.08125,0.005,6.25e-08,0.133822,0.105198,0.13466750000000016,0.10501974999999997,-0.0008455000000001656,0.00017825000000003255,0.0008640852460841416
0.05125,0.08125,0.005,6.25e-08,0.144679,0.0902595,0.14542700000000014,0.09008292499999998,-0.0007480000000001374,0.00017657500000002602,0.0007685588660767728
0.05375,0.08125,0.005,6.25e-08,0.153585,0.0740305,0.15420400000000017,0.07383219999999997,-0.000619000000000175,0.00019830000000002623,0.0006499876075743499
0.05625,0.08125,0.005,6.25e-08,0.160254,0.0562767,0.16071300000000016,0.056033724999999986,-0.00045900000000015373,0.00024297500000001332,0.0005193436729422508
0.05875,0.08125,0.005,6.25e-08,0.164381,0.0367431,0.1646452500000002,0.036431350000000015,-0.00026425000000018795,0.00031174999999998565,0.0004086760636495492
0.06125,0.08125,0.005,6.25e-08,0.165639,0.0151457,0.1656665000000002,0.014737925000000002,-2.7500000000180158e-05,0.0004077749999999974,0.0004087012363879118
0.06375,0.08125,0.005,6.25e-08,0.163671,-0.00884068,0.16341325000000015,-0.009377850000000059,0.00025774999999986226,0.000537170000000059,0.0005958075791730014
0.06625,0.08125,0.005,6.25e-08,0.158095,-0.035602,0.15749075000000018,-0.036311375000000055,0.0006042499999998341,0.0007093750000000537,0.0009318427727491777
0.06875,0.08125,0.005,6.25e-08,0.148496,-0.0656131,0.14747575000000018,-0.06655160000000006,0.001020249999999806,0.0009385000000000643,0.001386251172226637
0.07125,0.08125,0.005,6.25e-08,0.134449,-0.0994793,0.13293050000000026,-0.10072174999999985,0.0015184999999997562,0.0012424499999998395,0.0019620204516005587
0.07375,0.08125,0.005,6.25e-08,0.115545,-0.137984,0.11344000000000025,-0.13962674999999983,0.002104999999999746,0.0016427499999998318,0.0026701409255877073
0.07625,0.08125,0.005,6.25e-08,0.0914826,-0.182124,0.08870232500000026,-0.1842859999999998,0.002780274999999735,0.002161999999999803,0.003521955859408615
0.07875,0.08125,0.005,6.25e-08,0.0622587,-0.233042,0.0587325500000001,-0.23586475000000007,0.0035261499999999016,0.0028227500000000683,0.004516818723947165
0.08125,0.08125,0.005,6.25e-08,0.0285587,-0.291662,0.02425950000000007,-0.29531675,0.00429919999999993,0.00365475000000004,0.005642722587767335
0.08375,0.08125,0.005,6.25e-08,-0.00761738,-0.35765,-0.012583712499999955,-0.36232825000000013,0.004966332499999955,0.004678250000000106,0.0068227913322229635
0.08625,0.08125,0.005,6.25e-08,-0.0422722,-0.427276,-0.0473594499999998,-0.43299849999999973,0.0050872499999998,0.005722499999999742,0.007656834777667271
0.08875,0.08125,0.005,6.25e-08,-0.0690399,-0.490352,-0.07283309999999987,-0.49603299999999984,0.0037931999999998717,0.005680999999999825,0.006830968250548164
0.09125,0.08125,0.005,6.25e-08,-0.079828,-0.526843,-0.08043007499999999,-0.5290285,0.0006020749999999936,0.0021855000000000624,0.0022669152069773727
0.09375,0.08125,0.005,6.25e-08,-0.0674912,-0.506263,-0.065305525,-0.4997285000000001,-0.002185674999999998,-0.006534499999999943,0.006890345815387226
0.09625,0.08125,0.005,6.25e-08,-0.0337592,-0.393586,-0.033577599999999916,-0.3775204999999996,-0.00018160000000008725,-0.0160655000000004,0.01606652634548031
0.098125,0.081875,0.005,1.5625e-08,-0.010413,-0.22096,-0.010688232499999933,-0.22292774999999937,0.00027523249999993234,0.0019677499999993797,0.0019869053806242944
0.00125,0.08375,0.005,6.25e-08,-0.00329293,0.0607888,-0.002618982500000003,0.05903735000000003,-0.000673947499999997,0.001751449999999967,0.0018766412377586
0.00375,0.08375,0.005,6.25e-08,-0.0183811,0.152658,-0.018833000000000016,0.15146350000000006,0.0004519000000000155,0.0011944999999999317,0.0012771232751774008
0.00625,0.08375,0.005,6.25e-08,-0.0401718,0.208319,-0.039565650000000036,0.20895475000000005,-0.000606149999999965,-0.000635750000000046,0.0008784053079302379
0.00875,0.08375,0.005,6.25e-08,-0.0567676,0.236376,-0.05607402500000004,0.23831850000000004,-0.0006935749999999602,-0.0019425000000000414,0.0020626081864050442
0.01125,0.08375,0.005,6.25e-08,-0.0646517,0.246348,-0.06452595000000004,0.24860550000000003,-0.00012574999999996617,-0.0022575000000000234,0.0022609996268244045
0.01375,0.08375,0.005,6.25e-08,-0.0642018,0.245395,-0.06453667500000003,0.2473655,0.0003348750000000261,-0.001970499999999986,0.0019987524898358385
0.01625,0.08375,0.005,6.25e-08,-0.0568244,0.238321,-0.057345450000000006,0.23978974999999997,0.000521050000000009,-0.0014687499999999631,0.0015584350050611355
0.01875,0.08375,0.005,6.25e-08,-0.0441474,0.228127,-0.044639974999999985,0.22908624999999996,0.0004925749999999812,-0.0009592499999999671,0.0010783277299248677
0.02125,0.08375,0.005,6.25e-08,-0.0276709,0.216579,-0.02800472499999995,0.21709924999999997,0.00033382499999995083,-0.0005202499999999721,0.0006181417257595043
0.02375,0.08375,0.005,6.25e-08,-0.00862566,0.204653,-0.008738822499999946,0.20481974999999994,0.00011316249999994595,-0.00016674999999993778,0.00020152248982735653
0.02625,0.08375,0.005,6.25e-08,0.0120321,0.192849,0.012156735000000071,0.19273349999999995,-0.0001246350000000708,0.00011550000000004612,0.00016992390421900123
0.02875,0.08375,0.005,6.25e-08,0.0335714,0.18138,0.03393012500000008,0.18103174999999994,-0.0003587250000000805,0.00034825000000007766,0.0004999616866571996
0.03125,0.08375,0.005,6.25e-08,0.0554233,0.17028,0.05601792500000011,0.16973924999999992,-0.0005946250000001055,0.000540750000000062,0.0008037346907563418
0.03375,0.08375,0.005,6.25e-08,0.077144,0.159449,0.07799052500000012,0.15878549999999994,-0.0008465250000001118,0.0006635000000000668,0.0010755634921404118
0.03625,0.08375,0.005,6.25e-08,0.0984414,0.148686,0.09950915000000013,0.14804849999999994,-0.001067750000000131,0.0006375000000000686,0.001243582048961936
0.03875,0.08375,0.005,6.25e-08,0.119102,0.137874,0.12029300000000014,0.13737724999999995,-0.0011910000000001364,0.0004967500000000458,0.0012904423902291688
0.04125,0.08375,0.005,6.25e-08,0.138877,0.126955,0.14009525000000014,0.12660324999999994,-0.0012182500000001428,0.0003517500000000673,0.0012680146391112349
0.04375,0.08375,0.005,6.25e-08,0.157493,0.115788,0.15868675000000015,0.11555124999999995,-0.00119375000000016,0.00023675000000004942,0.001217000256779104
0.04625,0.08375,0.005,6.25e-08,0.174702,0.104189,0.17584250000000018,0.10403849999999996,-0.001140500000000183,0.0001505000000000395,0.0011503871087596685
0.04875,0.08375,0.005,6.25e-08,0.19027,0.0919727,0.19133225000000015,0.09187904999999996,-0.0010622500000001533,9.365000000004231e-05,0.0010663701913502337
0.05125,0.08375,0.005,6.25e-08,0.203949,0.0789476,0.20491350000000016,0.07888089999999998,-0.0009645000000001736,6.670000000003062e-05,0.0009668035684669037
0.05375,0.08375,0.005,6.25e-08,0.215479,0.0649109,0.21632600000000018,0.06484464999999998,-0.0008470000000001809,6.625000000001768e-05,0.0008495869952514038
0.05625,0.08375,0.005,6.25e-08,0.224575,0.0496486,0.2252837500000002,0.049559599999999975,-0.0007087500000002023,8.900000000002656e-05,0.0007143161502446178
0.05875,0.08375,0.005,6.25e-08,0.230932,0.0329314,0.2314725000000002,0.03279800000000001,-0.0005405000000001936,0.00013339999999999186,0.0005567187889771704
0.06125,0.08375,0.005,6.25e-08,0.234206,0.014507,0.2345420000000002,0.014306049999999996,-0.00033600000000019725,0.0002009500000000053,0.00039150594184524795
0.06375,0.08375,0.005,6.25e-08,0.234017,-0.00591358,0.2341005000000002,-0.006209537500000055,-8.350000000020841e-05,0.0002959575000000547,0.00030751112468708705
0.06625,0.08375,0.005,6.25e-08,0.229939,-0.0286755,0.2297095000000002,-0.02910282500000005,0.0002294999999997993,0.0004273250000000513,0.0004850535080019025
0.06875,0.08375,0.005,6.25e-08,0.221495,-0.0542135,0.22087550000000017,-0.05482232500000005,0.0006194999999998285,0.0006088250000000489,0.0008685897366564073
0.07125,0.08375,0.005,6.25e-08,0.208148,-0.0831047,0.2070512500000003,-0.08396277499999988,0.0010967499999997021,0.0008580749999998749,0.0013925348355154825
0.07375,0.08375,0.005,6.25e-08,0.189317,-0.116147,0.1876422500000003,-0.11734099999999983,0.001674749999999725,0.001193999999999834,0.0020567993491098454
0.07625,0.08375,0.005,6.25e-08,0.164408,-0.154465,0.1620542500000003,-0.1560927499999998,0.0023537499999997102,0.0016277499999998168,0.002861766783823944
0.07875,0.08375,0.005,6.25e-08,0.132955,-0.1996,0.1298180000000001,-0.20174725000000004,0.00313699999999989,0.002147250000000045,0.0038015064859210097
0.08125,0.08375,0.005,6.25e-08,0.0949443,-0.253378,0.09090915000000008,-0.25613575000000005,0.004035149999999918,0.0027577500000000588,0.004887496351405253
0.08375,0.08375,0.005,6.25e-08,0.0514759,-0.317206,0.046438425000000054,-0.32073000000000007,0.005037474999999944,0.0035240000000000826,0.00614774189240448
0.08625,0.08375,0.005,6.25e-08,0.00576158,-0.389866,-0.00012330974999972307,-0.39459574999999963,0.005884889749999723,0.004729749999999644,0.0075499975120624
0.08875,0.08375,0.005,6.25e-08,-0.0359683,-0.463921,-0.0414581249999998,-0.4698864999999997,0.0054898249999997956,0.005965499999999735,0.008107118401788614
0.09125,0.08375,0.005,6.25e-08,-0.0638503,-0.520419,-0.06630689999999992,-0.5250922499999999,0.00245659999999992,0.004673249999999962,0.005279597439436008
0.09375,0.08375,0.005,6.25e-08,-0.0658972,-0.524933,-0.0642281,-0.5211927500000001,-0.0016691000000000067,-0.0037402499999998895,0.004095774026054074
0.09625,0.08375,0.005,6.25e-08,-0.0377676,-0.428377,-0.036677649999999916,-0.4117984999999996,-0.0010899500000000825,-0.016578500000000385,0.01661429063344303
0.098125,0.084375,0.005,1.5625e-08,-0.0124728,-0.246588,-0.012372452499999922,-0.2497347499999993,-0.0001003475000000767,0.00314674999999931,0.003148349596733489
0.00125,0.08625,0.005,6.25e-08,-0.00374958,0.0718422,-0.004031957499999995,0.07115219999999994,0.0002823774999999944,0.0006900000000000517,0.0007455448024809228
0.00375,0.08625,0.005,6.25e-08,-0.0262023,0.176734,-0.027444599999999972,0.1752684999999999,0.0012422999999999705,0.0014655000000000917,0.0019211974234836448
0.00625,0.08625,0.005,6.25e-08,-0.0545615,0.229268,-0.05399254999999996,0.23036674999999995,-0.0005689500000000403,-0.001098749999999954,0.0012373179320610951
0.00875,0.08625,0.005,6.25e-08,-0.0716595,0.24819,-0.07115707499999996,0.250461,-0.0005024250000000424,-0.0022709999999999952,0.00232591312834874
0.01125,0.08625,0.005,6.25e-08,-0.0754021,0.24818,-0.07556579999999999,0.250272,0.00016369999999998885,-0.0020919999999999828,0.0020983950271576427
0.01375,0.08625,0.005,6.25e-08,-0.0682046,0.23863,-0.06867314999999999,0.24005100000000004,0.00046854999999998426,-0.0014210000000000333,0.0014962553600572598
0.01625,0.08625,0.005,6.25e-08,-0.0529572,0.224974,-0.053360225000000025,0.22572150000000007,0.0004030250000000221,-0.0007475000000000676,0.0008492263541748565
0.01875,0.08625,0.005,6.25e-08,-0.0322277,0.21011,-0.032369900000000056,0.21033800000000008,0.00014220000000005756,-0.00022800000000008924,0.0002687095830074861
0.02125,0.08625,0.005,6.25e-08,-0.00803496,0.195454,-0.007846795250000064,0.19532350000000007,-0.0001881647499999365,0.00013049999999992234,0.00022898956994264681
0.02375,0.08625,0.005,6.25e-08,0.0181525,0.181616,0.018666449999999897,0.1812467500000001,-0.0005139499999998985,0.0003692499999999044,0.0006328429228488102
0.02625,0.08625,0.005,6.25e-08,0.0453059,0.168785,0.046101224999999885,0.16825050000000008,-0.0007953249999998815,0.00053449999999991,0.0009582442828552203
0.02875,0.08625,0.005,6.25e-08,0.0727082,0.156947,0.07372579999999987,0.1562765000000001,-0.0010175999999998686,0.0006704999999999073,0.0012186385887536994
0.03125,0.08625,0.005,6.25e-08,0.099834,0.145982,0.10103527499999984,0.14517450000000007,-0.0012012749999998351,0.0008074999999999333,0.0014474522014990671
0.03375,0.08625,0.005,6.25e-08,0.126287,0.135664,0.12767049999999983,0.13476075000000007,-0.0013834999999998154,0.0009032499999999388,0.0016522508321981195
0.03625,0.08625,0.005,6.25e-08,0.151853,0.125595,0.15336474999999983,0.12483950000000008,-0.0015117499999998396,0.0007554999999999368,0.0016900202106777953
0.03875,0.08625,0.005,6.25e-08,0.176375,0.115698,0.17790149999999982,0.11521650000000005,-0.0015264999999998197,0.0004814999999999403,0.0016006387787378489
0.04125,0.08625,0.005,6.25e-08,0.199645,0.10597,0.2010929999999998,0.10570300000000007,-0.0014479999999998105,0.0002669999999999201,0.0014724106084918734
0.04375,0.08625,0.005,6.25e-08,0.2214,0.0962354,0.22275899999999976,0.09611575000000006,-0.0013589999999997493,0.00011964999999994341,0.0013642569855050423
0.04625,0.08625,0.005,6.25e-08,0.241439,0.0862879,0.24271724999999977,0.08627702500000005,-0.0012782499999997865,1.0874999999951895e-05,0.0012782962599196062
0.04875,0.08625,0.005,6.25e-08,0.259578,0.0759525,0.26077149999999977,0.07601267500000004,-0.001193499999999792,-6.017500000003728e-05,0.001195016016890363
0.05125,0.08625,0.005,6.25e-08,0.275601,0.0650551,0.2767067499999998,0.06514967500000005,-0.0011057499999997944,-9.457500000004115e-05,0.0011097871386552256
0.05375,0.08625,0.005,6.25e-08,0.289271,0.0534126,0.29028299999999974,0.053513300000000034,-0.0010119999999997353,-0.00010070000000003687,0.0010169977826915218
0.05625,0.08625,0.005,6.25e-08,0.300322,0.0408368,0.3012297499999998,0.04092310000000002,-0.0009077499999998184,-8.63000000000183e-05,0.0009118430525587579
0.05875,0.08625,0.005,6.25e-08,0.308459,0.027132,0.30923924999999974,0.027187225000000037,-0.0007802499999997603,-5.522500000003719e-05,0.000782201932447517
0.06125,0.08625,0.005,6.25e-08,0.313344,0.0120869,0.3139622499999998,0.012094452500000007,-0.0006182499999997648,-7.5525000000076226e-06,0.0006182961286923599
0.06375,0.08625,0.005,6.25e-08,0.314591,-0.00453863,0.31499874999999977,-0.004598672500000052,-0.00040774999999976247,6.004250000005151e-05,0.0004121470178298788
0.06625,0.08625,0.005,6.25e-08,0.311757,-0.0230309,0.31189049999999974,-0.02318785000000007,-0.00013349999999973106,0.00015695000000006884,0.00020604745205886384
0.06875,0.08625,0.005,6.25e-08,0.304326,-0.043756,0.30410699999999974,-0.04405407500000009,0.00021900000000024678,0.0002980750000000851,0.00036987796044798184
0.07125,0.08625,0.005,6.25e-08,0.291699,-0.0672141,0.2910332499999998,-0.06771777499999997,0.000665750000000187,0.0005036749999999673,0.0008348122951449721
0.07375,0.08625,0.005,6.25e-08,0.273174,-0.0941302,0.2719544999999998,-0.09492607499999998,0.001219500000000151,0.0007958749999999876,0.001456227065270162
0.07625,0.08625,0.005,6.25e-08,0.247935,-0.125605,0.24605224999999986,-0.12678599999999998,0.0018827500000001274,0.0011809999999999876,0.0022225005202475097
0.07875,0.08625,0.005,6.25e-08,0.215125,-0.16334,0.21244574999999966,-0.16494550000000022,0.002679250000000355,0.001605500000000204,0.003123461351209993
0.08125,0.08625,0.005,6.25e-08,0.174018,-0.209782,0.1703657499999996,-0.21174925000000025,0.003652250000000412,0.0019672500000002535,0.0041483734915029056
0.08375,0.08625,0.005,6.25e-08,0.124442,-0.268049,0.11968299999999961,-0.2700915000000004,0.004759000000000388,0.0020425000000003912,0.005178792064758469
0.08625,0.08625,0.005,6.25e-08,0.0683551,-0.339261,0.062172774999999965,-0.3421294999999999,0.006182325000000037,0.0028684999999999405,0.0068153822090639285
0.08875,0.08625,0.005,6.25e-08,0.0105918,-0.42063,0.003839712500000003,-0.4250987499999999,0.006752087499999997,0.00446874999999991,0.008096938444261226
0.09125,0.08625,0.005,6.25e-08,-0.0382499,-0.496205,-0.042633249999999984,-0.5021969999999999,0.00438334999999998,0.005991999999999886,0.0074241377426943304
0.09375,0.08625,0.005,6.25e-08,-0.0607381,-0.531319,-0.060015825000000016,-0.5310222499999999,-0.0007222749999999875,-0.0002967500000000678,0.0007808596148636592
0.09625,0.08625,0.005,6.25e-08,-0.0437543,-0.461976,-0.0406486999999999,-0.44558574999999945,-0.003105600000000104,-0.01639025000000055,0.01668187778466557
0.098125,0.086875,0.005,1.5625e-08,-0.0162177,-0.276239,-0.014957349999999897,-0.28033374999999905,-0.0012603500000001044,0.004094749999999037,0.004284327214976976
0.000625,0.089375,0.005,1.5625e-08,-0.00101509,0.0539052,-0.0023161984999999965,0.05070357499999996,0.0013011084999999965,0.0032016250000000412,0.0034559059549411214
0.00375,0.08875,0.005,6.25e-08,-0.0410115,0.21059,-0.040493274999999954,0.2076229999999999,-0.0005182250000000457,0.0029670000000001084,0.0030119173545477126
0.00625,0.08875,0.005,6.25e-08,-0.0731072,0.252539,-0.07193174999999995,0.2538862499999999,-0.00117545000000005,-0.001347249999999911,0.0017879500174780832
0.00875,0.08875,0.005,6.25e-08,-0.0849204,0.256101,-0.08454702499999998,0.25799275,-0.0003733750000000091,-0.0018917499999999698,0.0019282445262789917
0.01125,0.08875,0.005,6.25e-08,-0.0782513,0.242242,-0.07842030000000001,0.24333375000000004,0.00016900000000001636,-0.0010917500000000302,0.0011047529418381611
0.01375,0.08875,0.005,6.25e-08,-0.0588548,0.222395,-0.05887380000000006,0.22263775000000008,1.9000000000060635e-05,-0.0002427500000000693,0.0002434924280137597
0.01625,0.08875,0.005,6.25e-08,-0.0316001,0.201888,-0.031122175000000103,0.20157975000000006,-0.0004779249999998965,0.0003082499999999544,0.0005687093881103713
0.01875,0.08875,0.005,6.25e-08,2.75816e-05,0.182855,0.0010608449999998629,0.18227000000000007,-0.0010332633999998629,0.0005849999999999189,0.001187374521277588
0.02125,0.08875,0.005,6.25e-08,0.0337125,0.165926,0.035236674999999856,0.1652422500000001,-0.001524174999999857,0.0006837499999998997,0.001670515936207861
0.02375,0.08875,0.005,6.25e-08,0.0680009,0.151092,0.06990874999999981,0.1504050000000001,-0.0019078499999998083,0.0006869999999999099,0.002027772330045744
0.02625,0.08875,0.005,6.25e-08,0.102015,0.138107,0.1041816999999998,0.13745600000000008,-0.0021666999999997993,0.0006509999999999294,0.002262385884414734
0.02875,0.08875,0.005,6.25e-08,0.135235,0.126677,0.13752524999999977,0.1260505000000001,-0.0022902499999997716,0.0006264999999999188,0.0023743940937634702
0.03125,0.08875,0.005,6.25e-08,0.16733,0.116566,0.16962349999999976,0.1158617500000001,-0.002293499999999754,0.0007042499999999063,0.0023991895115848478
0.03375,0.08875,0.005,6.25e-08,0.198072,0.107561,0.20028199999999977,0.10660000000000008,-0.0022099999999997677,0.0009609999999999203,0.0024099006203573666
0.03625,0.08875,0.005,6.25e-08,0.227428,0.098487,0.22937074999999973,0.09801037500000007,-0.0019427499999997433,0.0004766249999999389,0.002000362205482783
0.03875,0.08875,0.005,6.25e-08,0.255086,0.0899445,0.25678699999999977,0.08987072500000008,-0.001700999999999786,7.377499999991488e-05,0.00170259911624089
0.04125,0.08875,0.005,6.25e-08,0.280948,0.0818887,0.28243474999999973,0.08198312500000007,-0.001486749999999759,-9.442500000007847e-05,0.001489745496091295
0.04375,0.08875,0.005,6.25e-08,0.30485,0.073998,0.3062097499999997,0.07416942500000007,-0.0013597499999997154,-0.00017142500000007221,0.001370513259010744
0.04625,0.08875,0.005,6.25e-08,0.326708,0.066017,0.32799124999999973,0.06626590000000007,-0.001283249999999736,-0.00024890000000006574,0.0013071655490026332
0.04875,0.08875,0.005,6.25e-08,0.346419,0.0578198,0.34763449999999974,0.05811922500000005,-0.0012154999999997584,-0.0002994250000000545,0.0012518368825947114
0.05125,0.08875,0.005,6.25e-08,0.363812,0.0492688,0.3649667499999998,0.049582850000000046,-0.0011547499999997601,-0.00031405000000004485,0.0011966933462669014
0.05375,0.08875,0.005,6.25e-08,0.378681,0.0402083,0.37978224999999965,0.04051330000000003,-0.001101249999999665,-0.00030500000000002747,0.0011427058075022104
0.05625,0.08875,0.005,6.25e-08,0.390797,0.0304828,0.3918392499999997,0.03076627500000003,-0.0010422499999996893,-0.00028347500000002954,0.0010801125580810404
0.05875,0.08875,0.005,6.25e-08,0.399892,0.0199374,0.40085449999999967,0.020191800000000034,-0.0009624999999996442,-0.00025440000000003307,0.0009955529167248378
0.06125,0.08875,0.005,6.25e-08,0.405651,0.00840978,0.4064977499999997,0.00862711750000001,-0.0008467499999997297,-0.00021733750000000988,0.0008741974327380494
0.06375,0.08875,0.005,6.25e-08,0.407704,-0.00428417,0.4083842499999997,-0.004113855000000038,-0.0006802499999997158,-0.00017031499999996258,0.0007012469334867716
0.06625,0.08875,0.005,6.25e-08,0.405616,-0.0183583,0.4060639999999997,-0.018257800000000053,-0.0004479999999997264,-0.00010049999999994785,0.0004591342396290483
0.06875,0.08875,0.005,6.25e-08,0.398872,-0.0340919,0.39900649999999965,-0.03410075000000007,-0.0001344999999996488,8.850000000067137e-06,0.00013479084724085205
0.07125,0.08875,0.005,6.25e-08,0.386852,-0.0518743,0.38657949999999974,-0.05205654999999999,0.0002725000000002309,0.00018224999999999492,0.00032782817526888074
0.07375,0.08875,0.005,6.25e-08,0.368801,-0.0722915,0.3680137499999998,-0.07273982500000001,0.0007872500000001836,0.0004483250000000133,0.0009059568798377222
0.07625,0.08875,0.005,6.25e-08,0.343765,-0.0962813,0.34236174999999974,-0.09710535,0.0014032500000002446,0.0008240500000000067,0.001627319564498841
0.07875,0.08875,0.005,6.25e-08,0.310627,-0.125488,0.30845249999999963,-0.1266730000000002,0.0021745000000003567,0.0011850000000002137,0.0024764238833451064
0.08125,0.08875,0.005,6.25e-08,0.268062,-0.162582,0.26489474999999957,-0.16385350000000026,0.0031672500000004544,0.0012715000000002585,0.0034129437165742326
0.08375,0.08875,0.005,6.25e-08,0.214459,-0.212485,0.21030474999999954,-0.2122677500000003,0.00415425000000047,-0.00021724999999969685,0.004159926757168181
0.08625,0.08875,0.005,6.25e-08,0.149911,-0.275879,0.14421074999999994,-0.27651724999999994,0.0057002500000000456,0.0006382499999999514,0.005735870738170488
0.08875,0.08875,0.005,6.25e-08,0.0760755,-0.359217,0.06955282499999998,-0.35959149999999995,0.006522675000000019,0.0003744999999999443,0.006533417130845482
0.09125,0.08875,0.005,6.25e-08,0.0030545,-0.449824,-0.0024893299999999676,-0.4538062499999999,0.0055438299999999675,0.0039822499999999095,0.006825860101950443
0.09375,0.08875,0.005,6.25e-08,-0.0473646,-0.518596,-0.04870245000000005,-0.52125325,0.0013378500000000501,0.0026572500000000554,0.002975032804020895
0.09625,0.08875,0.005,6.25e-08,-0.0518904,-0.491112,-0.04566112499999991,-0.4763492499999995,-0.0062292750000000965,-0.01476275000000049,0.016023191148711317
0.098125,0.089375,0.005,1.5625e-08,-0.0232564,-0.31255,-0.019312499999999868,-0.316486499999999,-0.003943900000000132,0.00393649999999901,0.005572286735263473
0.000625,0.091875,0.005,1.5625e-08,-0.00687711,0.0740843,-0.004245047499999993,0.07026879999999994,-0.002632062500000007,0.003815500000000069,0.004635277041764258
0.00375,0.09125,0.005,6.25e-08,-0.0628478,0.252433,-0.05981379999999993,0.24915799999999988,-0.0030340000000000644,0.003275000000000139,0.004464390327917274
0.00625,0.09125,0.005,6.25e-08,-0.0892384,0.272164,-0.08851409999999997,0.27254025,-0.0007243000000000249,-0.0003762499999999669,0.0008161951681430191
0.00875,0.09125,0.005,6.25e-08,-0.0840721,0.253688,-0.08338550000000004,0.2515255,-0.0006865999999999539,0.0021625000000000116,0.0022688820617211437
0.01125,0.09125,0.005,6.25e-08,-0.0565318,0.222839,-0.05513002500000013,0.2197030000000001,-0.001401774999999869,0.0031359999999999166,0.0034350355384805136
0.01375,0.09125,0.005,6.25e-08,-0.0175762,0.192484,-0.015145843250000197,0.18942575000000014,-0.0024303567499998034,0.003058249999999846,0.003906344454188425
0.01625,0.09125,0.005,6.25e-08,0.0260125,0.166452,0.02938882499999975,0.1638622500000001,-0.0033763249999997497,0.0025897499999998908,0.00425515870069763
0.01875,0.09125,0.005,6.25e-08,0.0705779,0.145094,0.07464404999999971,0.14304550000000016,-0.004066149999999713,0.002048499999999842,0.00455301307624929
0.02125,0.09125,0.005,6.25e-08,0.114241,0.127733,0.11874679999999974,0.1261812500000001,-0.004505799999999741,0.0015517499999999074,0.004765517988896629
0.02375,0.09125,0.005,6.25e-08,0.156113,0.113525,0.16085674999999966,0.11240000000000012,-0.004743749999999658,0.001124999999999876,0.004875324508429821
0.02625,0.09125,0.005,6.25e-08,0.195846,0.101717,0.20065024999999967,0.10096617500000012,-0.004804249999999677,0.0007508249999998856,0.004862566836879646
0.02875,0.09125,0.005,6.25e-08,0.233402,0.0917005,0.23805174999999967,0.0912994500000001,-0.004649749999999675,0.0004010499999999029,0.004667013623828079
0.03125,0.09125,0.005,6.25e-08,0.268926,0.083103,0.27309399999999967,0.0829529750000001,-0.004167999999999672,0.00015002499999990093,0.004170699162085685
0.03375,0.09125,0.005,6.25e-08,0.30238,0.0763083,0.3058452499999997,0.0755801750000001,-0.0034652499999996977,0.000728124999999899,0.0035409212894560024
0.03625,0.09125,0.005,6.25e-08,0.334443,0.0687034,0.33637499999999965,0.06890830000000008,-0.0019319999999996562,-0.00020490000000007724,0.001942835044464327
0.03875,0.09125,0.005,6.25e-08,0.363466,0.0619477,0.36473424999999965,0.06271742500000008,-0.0012682499999996377,-0.0007697250000000752,0.0014835547304107783
0.04125,0.09125,0.005,6.25e-08,0.389881,0.0561075,0.3909444999999997,0.056825550000000065,-0.0010634999999997174,-0.0007180500000000672,0.001283210057823541
0.04375,0.09125,0.005,6.25e-08,0.413948,0.050439,0.41499599999999964,0.05107780000000006,-0.0010479999999996603,-0.0006388000000000643,0.0012273424298048896
0.04625,0.09125,0.005,6.25e-08,0.435766,0.044695,0.4368424999999997,0.04533867500000006,-0.0010764999999997027,-0.0006436750000000588,0.0012542606410249966
0.04875,0.09125,0.005,6.25e-08,0.45533,0.0388528,0.4564014999999996,0.03948662500000005,-0.0010714999999996144,-0.0006338250000000531,0.0012449282632442085
0.05125,0.09125,0.005,6.25e-08,0.472485,0.0328147,0.4735524999999997,0.03340957500000004,-0.0010674999999997214,-0.0005948750000000363,0.0012220607659296032
0.05375,0.09125,0.005,6.25e-08,0.487064,0.0264554,0.4881367499999997,0.027001500000000036,-0.0010727499999996781,-0.0005461000000000354,0.001203751541016396
0.05625,0.09125,0.005,6.25e-08,0.498884,0.0196589,0.49995349999999966,0.020158725000000027,-0.001069499999999668,-0.0004998250000000266,0.001180531778743934
0.05875,0.09125,0.005,6.25e-08,0.50772,0.012317,0.5087589999999996,0.012776200000000031,-0.001038999999999679,-0.0004592000000000311,0.001135951425017532
0.06125,0.09125,0.005,6.25e-08,0.513293,0.00432101,0.5142624999999997,0.00474207750000001,-0.0009694999999997345,-0.00042106750000000994,0.0010569901085420543
0.06375,0.09125,0.005,6.25e-08,0.515275,-0.00445195,0.5161184999999997,-0.004070345000000026,-0.000843499999999664,-0.00038160499999997325,0.0009258048531004861
0.06625,0.09125,0.005,6.25e-08,0.513268,-0.014138,0.5139182499999997,-0.013815525000000042,-0.0006502499999997413,-0.0003224749999999575,0.000725820355270253
0.06875,0.09125,0.005,6.25e-08,0.50679,-0.0249208,0.5071714999999997,-0.024697500000000056,-0.0003814999999997015,-0.00022329999999994368,0.00044204653601147823
0.07125,0.09125,0.005,6.25e-08,0.49525,-0.0370599,0.4952817499999997,-0.03700735,-3.174999999966399e-05,-5.254999999999843e-05,6.139678330318697e-05
0.07375,0.09125,0.005,6.25e-08,0.477919,-0.0509646,0.4775037499999997,-0.051189350000000015,0.0004152500000002557,0.0002247500000000166,0.00047217065241310775
0.07625,0.09125,0.005,6.25e-08,0.453779,-0.0673194,0.4528712499999997,-0.06795837500000003,0.0009077500000002625,0.0006389750000000277,0.0011100896869737653
0.07875,0.09125,0.005,6.25e-08,0.421546,-0.0876091,0.4200912499999995,-0.08850877500000018,0.0014547500000004487,0.000899675000000183,0.0017104714753911083
0.08125,0.09125,0.005,6.25e-08,0.379812,-0.113638,0.3773934999999995,-0.11487900000000022,0.0024185000000004897,0.0012410000000002142,0.0027183125740066942
0.083125,0.091875,0.005,1.5625e-08,0.363797,-0.12846,0.36930099999999944,-0.12593175000000026,-0.005503999999999454,-0.002528249999999732,0.0060569021836655605
0.08625,0.09125,0.005,6.25e-08,0.257456,-0.198975,0.25235874999999985,-0.20104000000000005,0.005097250000000164,0.002065000000000039,0.005499652949277966
0.088125,0.091875,0.005,1.5625e-08,0.216678,-0.231087,0.2198767499999999,-0.23015000000000008,-0.003198749999999889,-0.0009369999999999101,0.003333162246650937
0.090625,0.090625,0.005,1.5625e-08,0.0768117,-0.363589,0.06881575000000001,-0.3701735,0.007995949999999988,0.006584499999999993,0.010358129978548238
0.09375,0.09125,0.005,6.25e-08,-0.0144287,-0.473351,-0.019635647500000124,-0.4781847500000002,0.005206947500000125,0.004833750000000192,0.007104747802016579
0.09625,0.09125,0.005,6.25e-08,-0.0586082,-0.506454,-0.050309774999999966,-0.49675574999999983,-0.008298425000000033,-0.00969825000000013,0.012764008404225063
0.098125,0.091875,0.005,1.5625e-08,-0.0363047,-0.358157,-0.027330274999999828,-0.36068674999999895,-0.008974425000000175,0.0025297499999989426,0.009324158897354913
0.000625,0.094375,0.005,1.5625e-08,-0.0175147,0.119055,-0.009465432500000027,0.10712900000000015,-0.008049267499999974,0.01192599999999984,0.014388195970536127
0.00375,0.09375,0.005,6.25e-08,-0.0871961,0.29583,-0.08311597500000001,0.2914985,-0.00408012499999999,0.004331499999999988,0.005950572431760227
0.00625,0.09375,0.005,6.25e-08,-0.0774962,0.26831,-0.08010287499999999,0.26602624999999996,0.002606674999999989,0.002283750000000029,0.0034655834455579156
0.008125,0.094375,0.005,1.5625e-08,-0.0130374,0.213207,-0.018879264999999652,0.21092099999999983,0.005841864999999653,0.0022860000000001768,0.00627321151231343
0.010625,0.093125,0.005,1.5625e-08,-0.00418518,0.195311,-0.012354692500000267,0.19462750000000012,0.008169512500000267,0.0006834999999998925,0.00819805505822329
0.013125,0.093125,0.005,1.5625e-08,0.0546092,0.159407,0.046567199999999635,0.15867000000000017,0.008042000000000361,0.0007369999999998211,0.008075700155404828
0.015625,0.093125,0.005,1.5625e-08,0.112465,0.131928,0.10484757499999958,0.13142775000000015,0.0076174250000004134,0.0005002499999998411,0.0076338334860757305
0.018125,0.093125,0.005,1.5625e-08,0.166667,0.111146,0.15954774999999954,0.11095050000000015,0.0071192500000004655,0.00019549999999984857,0.007121933783215523
0.020625,0.093125,0.005,1.5625e-08,0.216531,0.0952785,0.20989799999999956,0.09535740000000013,0.006633000000000444,-7.890000000013164e-05,0.00663346924391799
0.023125,0.093125,0.005,1.5625e-08,0.262151,0.0829202,0.25596499999999955,0.08323127500000013,0.006186000000000469,-0.0003110750000001328,0.006193816566191711
0.025625,0.093125,0.005,1.5625e-08,0.303882,0.0730387,0.2980964999999995,0.07357145000000012,0.005785500000000499,-0.0005327500000001234,0.00580997700619425
0.028125,0.093125,0.005,1.5625e-08,0.342146,0.0648546,0.3366952499999995,0.0656791250000001,0.005450750000000504,-0.0008245250000001036,0.0055127594758097925
0.030625,0.093125,0.005,1.5625e-08,0.377453,0.0576354,0.37213049999999953,0.059061775000000094,0.005322500000000452,-0.0014263750000000908,0.005510313229810994
0.033125,0.093125,0.005,1.5625e-08,0.41108,0.0498926,0.40471249999999953,0.053364750000000086,0.00636750000000047,-0.0034721500000000835,0.007252646542642663
0.03625,0.09375,0.005,6.25e-08,0.4832,0.0400405,0.48213375,0.040215249999999994,0.0010662499999999908,-0.00017474999999999435,0.0010804751848145235
0.03875,0.09375,0.005,6.25e-08,0.508461,0.0352091,0.50810075,0.036307650000000004,0.0003602500000000619,-0.0010985500000000037,0.0011561107927011375
0.04125,0.09375,0.005,6.25e-08,0.531629,0.0319804,0.531786,0.032642275,-0.00015699999999996272,-0.0006618749999999993,0.0006802407776846279
0.04375,0.09375,0.005,6.25e-08,0.552879,0.0281697,0.5532630000000001,0.029109375,-0.00038400000000005097,-0.0009396750000000009,0.00101510842062562
0.04625,0.09375,0.005,6.25e-08,0.571991,0.0245407,0.57255175,0.025616625,-0.0005607499999999987,-0.0010759250000000019,0.0012132828063254678
0.04875,0.09375,0.005,6.25e-08,0.588976,0.0210421,0.5896282500000001,0.022084275,-0.0006522500000000209,-0.0010421749999999994,0.0012294546730664884
0.05125,0.09375,0.005,6.25e-08,0.603686,0.0175007,0.60442175,0.018441174999999997,-0.000735750000000035,-0.0009404749999999962,0.0011940775888211973
0.05375,0.09375,0.005,6.25e-08,0.616002,0.0137884,0.6168235,0.014622075,-0.0008214999999999195,-0.0008336750000000007,0.0011704171289010038
0.05625,0.09375,0.005,6.25e-08,0.625798,0.00982155,0.62668225,0.010565097499999999,-0.0008842500000000308,-0.0007435474999999987,0.0011553185479582255
0.05875,0.09375,0.005,6.25e-08,0.632901,0.00553731,0.6338064999999999,0.006209037500000006,-0.0009054999999998925,-0.0006717275000000062,0.0011274520319091467
0.06125,0.09375,0.005,6.25e-08,0.637079,0.000875453,0.637963,0.0014900785,-0.0008839999999999959,-0.0006146255000000001,0.0010766710292611401
0.06375,0.09375,0.005,6.25e-08,0.638065,-0.0042104,0.6388695,-0.003663355000000015,-0.0008044999999999858,-0.0005470449999999856,0.0009728712566547341
0.06625,0.09375,0.005,6.25e-08,0.635528,-0.0097982,0.63619025,-0.009338617500000016,-0.0006622499999999754,-0.00045958249999998417,0.0008060962329686219
0.06875,0.09375,0.005,6.25e-08,0.629058,-0.0159749,0.629518,-0.01565255000000002,-0.00046000000000001595,-0.0003223499999999817,0.0005617023433278544
0.07125,0.09375,0.005,6.25e-08,0.618141,-0.022854,0.6183510000000001,-0.02277512499999998,-0.00021000000000004349,-7.88750000000199e-05,0.00022432401927796632
0.07375,0.09375,0.005,6.25e-08,0.602152,-0.0306233,0.6020477500000001,-0.030971899999999972,0.00010424999999991691,0.00034859999999997324,0.0003638543973898955
0.07625,0.09375,0.005,6.25e-08,0.580044,-0.039646,0.5797485,-0.04068172499999997,0.0002955000000000041,0.0010357249999999665,0.0010770545601894701
0.07875,0.09375,0.005,6.25e-08,0.550545,-0.0519395,0.5502404999999999,-0.05266290000000004,0.00030450000000004085,0.0007234000000000407,0.0007848743912245346
0.08125,0.09375,0.005,6.25e-08,0.512471,-0.0675259,0.5117212499999999,-0.06827495000000006,0.0007497500000001045,0.0007490500000000566,0.0010598117592290819
0.083125,0.094375,0.005,1.5625e-08,0.507661,-0.0717764,0.5145092500000004,-0.07063312499999991,-0.006848250000000333,-0.0011432750000000963,0.006943025694042172
0.085625,0.093125,0.005,1.5625e-08,0.376495,-0.128817,0.37439674999999933,-0.13108450000000033,0.00209825000000069,0.0022675000000003387,0.0030893703747696603
0.088125,0.093125,0.005,1.5625e-08,0.293977,-0.182862,0.2907414999999998,-0.1827977500000001,0.003235500000000169,-6.424999999990466e-05,0.0032361378698227737
0.090625,0.093125,0.005,1.5625e-08,0.188273,-0.261118,0.18320199999999992,-0.2637772500000001,0.0050710000000000754,0.0026592500000000574,0.00572596293757662
0.093125,0.093125,0.005,1.5625e-08,0.0662468,-0.372202,0.059177000000000035,-0.379928,0.0070697999999999595,0.007726000000000011,0.010472494833610546
0.09625,0.09375,0.005,6.25e-08,-0.0482817,-0.485426,-0.04379655000000013,-0.48432350000000013,-0.004485149999999868,-0.0011024999999998952,0.0046186661248133745
0.098125,0.094375,0.005,1.5625e-08,-0.0582813,-0.408706,-0.04252439999999991,-0.4124794999999994,-0.015756900000000094,0.0037734999999993746,0.01620244425572877
0.000625,0.096875,0.005,1.5625e-08,-0.0317543,0.218152,-0.030208125000000113,0.18979725000000036,-0.0015461749999998858,0.02835474999999965,0.02839687491068524
0.003125,0.095625,0.005,1.5625e-08,-0.0783696,0.303428,-0.08504739999999998,0.30850425000000004,0.006677799999999984,-0.00507625000000006,0.008388165884297973
0.005625,0.095625,0.005,1.5625e-08,-0.0164524,0.236509,-0.03103561824999961,0.23962049999999976,0.01458321824999961,-0.0031114999999997672,0.014911461590907856
0.008125,0.095625,0.005,1.5625e-08,0.0749059,0.169551,0.06879132500000065,0.16771699999999973,0.006114574999999345,0.0018340000000002799,0.00638369669005491
0.010625,0.095625,0.005,1.5625e-08,0.167736,0.122081,0.16476525000000078,0.12007624999999975,0.002970749999999217,0.0020047500000002494,0.0035839054291368164
0.013125,0.095625,0.005,1.5625e-08,0.24842,0.0913242,0.24645550000000077,0.08985634999999978,0.0019644999999992308,0.0014678500000002148,0.0024523139832610358
0.015625,0.095625,0.005,1.5625e-08,0.316385,0.0711043,0.3145857500000008,0.07017077499999982,0.0017992499999992528,0.000933525000000171,0.0020270099871788076
0.018125,0.095625,0.005,1.5625e-08,0.373694,0.0573472,0.3718320000000007,0.056811924999999854,0.0018619999999993087,0.0005352750000001474,0.0019374115013653097
0.020625,0.095625,0.005,1.5625e-08,0.422596,0.0476104,0.42064550000000067,0.04735822499999987,0.0019504999999993555,0.0002521750000001252,0.0019667339628486992
0.023125,0.095625,0.005,1.5625e-08,0.464911,0.0404418,0.4629070000000006,0.04039787499999989,0.002003999999999395,4.3925000000111236e-05,0.0020044813308241574
0.025625,0.095625,0.005,1.5625e-08,0.501994,0.0349479,0.49999625000000064,0.03508149999999991,0.0019977499999994097,-0.00013359999999991434,0.0020022122820764084
0.028125,0.095625,0.005,1.5625e-08,0.534805,0.0305518,0.5329125000000006,0.030879049999999915,0.0018924999999994085,-0.0003272499999999144,0.0019205855389692241
0.030625,0.095625,0.005,1.5625e-08,0.56395,0.0268973,0.5623797500000006,0.027447199999999925,0.0015702499999993291,-0.0005498999999999261,0.0016637533087864355
0.033125,0.095625,0.005,1.5625e-08,0.58994,0.0243512,0.5889242500000007,0.024554724999999927,0.0010157499999993158,-0.00020352499999992668,0.0010359394229990382
0.035625,0.095625,0.005,1.5625e-08,0.619342,0.0198196,0.6129250000000006,0.022039824999999937,0.00641699999999934,-0.002220224999999937,0.006790234756664622
0.03875,0.09625,0.005,6.25e-08,0.688828,0.013224,0.6877660000000005,0.014464599999999949,0.0010619999999994523,-0.0012405999999999494,0.0016330745114656316
0.04125,0.09625,0.005,6.25e-08,0.704396,0.0133495,0.7048380000000005,0.012892849999999954,-0.00044200000000049755,0.00045665000000004626,0.000635525941642418
0.04375,0.09625,0.005,6.25e-08,0.720254,0.0103794,0.7201142500000005,0.01138790749999996,0.00013974999999943893,-0.0010085074999999603,0.0010181441155632208
0.04625,0.09625,0.005,6.25e-08,0.733891,0.00860504,0.7336435000000006,0.009907487499999965,0.000247499999999401,-0.001302447499999965,0.001325754781343768
0.04875,0.09625,0.005,6.25e-08,0.745585,0.00715452,0.7454307500000005,0.00841608749999997,0.00015424999999957834,-0.0012615674999999693,0.0012709624776349783
0.05125,0.09625,0.005,6.25e-08,0.755421,0.00575644,0.7554427500000004,0.006882914999999975,-2.1750000000375636e-05,-0.001126474999999975,0.0011266849551338474
0.05375,0.09625,0.005,6.25e-08,0.763414,0.00428577,0.7636117500000004,0.0052804374999999805,-0.0001977500000003296,-0.00099466749999998,0.0010141343589763344
0.05625,0.09625,0.005,6.25e-08,0.769501,0.00269165,0.7698392500000004,0.0035832174999999855,-0.0003382500000004285,-0.0008915674999999857,0.0009535752039333417
0.05875,0.09625,0.005,6.25e-08,0.773557,0.000953555,0.7739955000000004,0.001766709999999994,-0.0004385000000003414,-0.000813154999999994,0.0009238524254583573
0.06125,0.09625,0.005,6.25e-08,0.775427,-0.000939569,0.7759200000000004,-0.00019426487500000207,-0.0004930000000004098,-0.000745304124999998,0.0008936035131658877
0.06375,0.09625,0.005,6.25e-08,0.774912,-0.00299904,0.7754197500000004,-0.0023277250000000014,-0.0005077500000003621,-0.0006713149999999987,0.0008417089115159503
0.06625,0.09625,0.005,6.25e-08,0.771767,-0.00524783,0.7722627500000003,-0.004668079999999995,-0.0004957500000003501,-0.0005797500000000056,0.0007628093634718661
0.06875,0.09625,0.005,6.25e-08,0.765727,-0.00769669,0.7661675000000004,-0.007262137499999986,-0.0004405000000003989,-0.000434552500000014,0.0006187698483738632
0.07125,0.09625,0.005,6.25e-08,0.756426,-0.0103252,0.7567845000000004,-0.010179482499999962,-0.0003585000000003724,-0.00014571750000003797,0.000386982996792531
0.07375,0.09625,0.005,6.25e-08,0.743456,-0.0130201,0.7436582500000004,-0.013531224999999947,-0.0002022500000004035,0.0005111249999999474,0.0005496852082102168
0.07625,0.09625,0.005,6.25e-08,0.725396,-0.0153884,0.7261660000000004,-0.017504599999999933,-0.0007700000000003815,0.0021161999999999327,0.002251933045185914
0.07875,0.09625,0.005,6.25e-08,0.702215,-0.021458,0.7033952500000004,-0.022430199999999945,-0.0011802500000003269,0.0009721999999999439,0.0015291052620734333
0.08125,0.09625,0.005,6.25e-08,0.672056,-0.0285736,0.6739207500000004,-0.028918549999999925,-0.0018647500000004147,0.0003449499999999238,0.0018963868447659865
0.083125,0.096875,0.005,1.5625e-08,0.682542,-0.0258561,0.6952832500000004,-0.025719349999999922,-0.01274125000000037,-0.00013675000000007778,0.012741983837888412
0.085625,0.095625,0.005,1.5625e-08,0.546398,-0.0616904,0.5471652500000004,-0.06291302499999989,-0.0007672500000003302,0.001222624999999887,0.0014434280214562936
0.088125,0.095625,0.005,1.5625e-08,0.474783,-0.0895126,0.4749582500000008,-0.09030757499999967,-0.00017525000000079283,0.0007949749999996703,0.0008140625363722086
0.090625,0.095625,0.005,1.5625e-08,0.373484,-0.139235,0.371946500000001,-0.1393264999999995,0.0015374999999989702,9.149999999949476e-05,0.0015402202764529301
0.093125,0.095625,0.005,1.5625e-08,0.230445,-0.229387,0.2241920000000011,-0.2303684999999992,0.006252999999998898,0.0009814999999991914,0.0063295616949347
0.095625,0.095625,0.005,1.5625e-08,0.0542283,-0.369038,0.04093736499999994,-0.3792905,0.01329093500000006,0.010252499999999998,0.016785788912774595
0.098125,0.095625,0.005,1.5625e-08,-0.0563792,-0.429352,-0.05186959999999996,-0.43335349999999956,-0.004509600000000037,0.004001499999999547,0.006028971256358476
0.000625,0.099375,0.005,1.5625e-08,0.291529,0.144029,0.1778657875000037,0.21041299999999835,0.11366321249999628,-0.06638399999999836,0.13162887727174113
0.003125,0.098125,0.005,1.5625e-08,0.110173,0.200976,0.0977735025000015,0.20208924999999925,0.012399497499998496,-0.0011132499999992607,0.012449372024924283
0.005625,0.098125,0.005,1.5625e-08,0.321259,0.0982558,0.3236277500000017,0.09227439999999948,-0.002368750000001696,0.005981400000000525,0.006433360126909911
0.008125,0.098125,0.005,1.5625e-08,0.460107,0.0526711,0.4654637500000016,0.04975637499999968,-0.005356750000001631,0.002914725000000319,0.006098392606920641
0.010625,0.098125,0.005,1.5625e-08,0.551836,0.0313036,0.5555025000000015,0.031017099999999787,-0.0036665000000014603,0.00028650000000021367,0.0036776765083420307
0.013125,0.098125,0.005,1.5625e-08,0.614916,0.0208577,0.6172235000000014,0.021404349999999853,-0.00230750000000135,-0.0005466499999998535,0.00237136721587064
0.015625,0.098125,0.005,1.5625e-08,0.661155,0.0151682,0.6625057500000011,0.01588272499999989,-0.0013507500000010664,-0.0007145249999998896,0.0015280940868047763
0.018125,0.098125,0.005,1.5625e-08,0.696859,0.0117258,0.697548750000001,0.012428884999999912,-0.0006897500000010437,-0.0007030849999999124,0.0009849282104429321
0.020625,0.098125,0.005,1.5625e-08,0.725576,0.00946252,0.7258047500000009,0.01011786749999993,-0.00022875000000088797,-0.0006553474999999292,0.0006941231218282269
0.023125,0.098125,0.005,1.5625e-08,0.749402,0.00787525,0.7493155000000009,0.008483152499999938,8.649999999910118e-05,-0.0006079024999999377,0.0006140258133873679
0.025625,0.098125,0.005,1.5625e-08,0.769635,0.00669891,0.7693512500000008,0.007270544999999949,0.00028374999999913886,-0.0005716349999999489,0.0006381854242494519
0.028125,0.098125,0.005,1.5625e-08,0.787104,0.00578285,0.7867345000000008,0.006332569999999954,0.00036949999999924543,-0.0005497199999999541,0.0006623611766999874
0.030625,0.098125,0.005,1.5625e-08,0.802356,0.00505079,0.8020162500000007,0.0055787549999999604,0.0003397499999993059,-0.0005279649999999601,0.0006278352520562112
0.033125,0.098125,0.005,1.5625e-08,0.81581,0.00447746,0.8155727500000006,0.004950744999999964,0.00023724999999941154,-0.00047328499999996394,0.0005294206774623434
0.035625,0.098125,0.005,1.5625e-08,0.827694,0.00426178,0.8276650000000007,0.004409072499999968,2.8999999999390624e-05,-0.0001472924999999679,0.00015012022034424676
0.038125,0.098125,0.005,1.5625e-08,0.842381,0.00421188,0.8384720000000006,0.003925812499999971,0.003908999999999496,0.0002860675000000293,0.0039194534841674455
0.040625,0.098125,0.005,1.5625e-08,0.854219,0.00114707,0.8481140000000005,0.0034803224999999743,0.006104999999999472,-0.0023332524999999742,0.006535678406160273
0.04375,0.09875,0.005,6.25e-08,0.909166,-0.00100731,0.9059452500000005,0.0013192532499999854,0.0032207499999995504,-0.0023265632499999854,0.0039731759486269416
0.04625,0.09875,0.005,6.25e-08,0.91279,0.000169172,0.9108300000000006,0.0011284412499999875,0.0019599999999994067,-0.0009592692499999875,0.002182154324055293
0.04875,0.09875,0.005,6.25e-08,0.916349,0.000473897,0.9149850000000005,0.0009356834999999895,0.0013639999999994767,-0.00046178649999998955,0.001440049572612281
0.05125,0.09875,0.005,6.25e-08,0.919417,0.00044321,0.9183960000000004,0.0007370837499999917,0.0010209999999996056,-0.00029387374999999174,0.0010624513075610817
0.05375,0.09875,0.005,6.25e-08,0.921779,0.000261552,0.9210362500000004,0.0005292159999999938,0.0007427499999995701,-0.0002676639999999938,0.0007895071750119553
0.05625,0.09875,0.005,6.25e-08,0.923349,-3.00585e-06,0.9228647500000003,0.00030898199999999617,0.0004842499999996308,-0.0003119878499999962,0.0005760507625611328
0.05875,0.09875,0.005,6.25e-08,0.92405,-0.000320672,0.9238295000000005,7.344094249999901e-05,0.00022049999999951275,-0.000394112942499999,0.000451602990961965
0.06125,0.09875,0.005,6.25e-08,0.923797,-0.000671612,0.9238667500000005,-0.00018039374999999862,-6.975000000053466e-05,-0.0004912182500000015,0.0004961455750413768
0.06375,0.09875,0.005,6.25e-08,0.922497,-0.0010624,0.9229010000000004,-0.0004558609999999965,-0.00040400000000040404,-0.0006065390000000036,0.0007287698940827144
0.06625,0.09875,0.005,6.25e-08,0.920061,-0.00148628,0.9208407500000004,-0.0007571424999999934,-0.0007797500000004121,-0.0007291375000000066,0.0010675446390699089
0.06875,0.09875,0.005,6.25e-08,0.916405,-0.00193438,0.9175775000000004,-0.0010900882499999898,-0.0011725000000003538,-0.0008442917500000103,0.001444847676787733
0.07125,0.09875,0.005,6.25e-08,0.911449,-0.00237246,0.9129740000000005,-0.0014636599999999838,-0.0015250000000005537,-0.000908800000000016,0.0017752584149925098
0.07375,0.09875,0.005,6.25e-08,0.905431,-0.00267043,0.9068497500000006,-0.0018924647499999794,-0.0014187500000005793,-0.0007779652500000207,0.001618048668214043
0.07625,0.09875,0.005,6.25e-08,0.89652,-0.00254078,0.8989537500000006,-0.002401524999999974,-0.0024337500000005674,-0.00013925500000002604,0.0024377307106257184
0.078125,0.099375,0.005,1.5625e-08,0.932668,0.00411798,0.9439892500000006,-0.0008788704999999858,-0.011321250000000505,0.0049968504999999865,0.012374943090045365
0.080625,0.098125,0.005,1.5625e-08,0.829123,-0.00405181,0.8255975000000005,-0.007767739999999952,0.003525499999999515,0.0037159299999999515,0.0051222344748065
0.083125,0.098125,0.005,1.5625e-08,0.802331,-0.0116218,0.8038227500000006,-0.010131949999999938,-0.001491750000000569,-0.0014898500000000616,0.002108310006854277
0.085625,0.098125,0.005,1.5625e-08,0.771362,-0.0138584,0.7748050000000006,-0.01378934249999992,-0.00344300000000064,-6.905750000008037e-05,0.0034436924860258167
0.088125,0.098125,0.005,1.5625e-08,0.730728,-0.0192872,0.7340507500000011,-0.020108074999999836,-0.00332275000000104,0.0008208749999998356,0.0034226456620765817
0.090625,0.098125,0.005,1.5625e-08,0.668666,-0.031678,0.6720822500000012,-0.03250652499999973,-0.003416250000001231,0.000828524999999733,0.0035152834506100594
0.093125,0.098125,0.005,1.5625e-08,0.563632,-0.0613089,0.5672245000000017,-0.06086032499999948,-0.003592500000001664,-0.0004485750000005201,0.003620397185480817
0.095625,0.098125,0.005,1.5625e-08,0.3716,-0.143147,0.36900725000000084,-0.13880287499999958,0.0025927499999991444,-0.004344125000000421,0.005059029015347136
0.098125,0.098125,0.005,1.5625e-08,0.0665128,-0.328939,0.03359490000000004,-0.34409524999999974,0.03291789999999996,0.01515624999999976,0.036239481984052836
0.099375,0.070625,0.005,1.5625e-08,0.00346918,-0.0510943,-0.0009120684999999846,-0.044987574999999495,0.004381248499999985,-0.006106725000000507,0.007515811908528799
0.099375,0.073125,0.005,1.5625e-08,-8.33498e-05,-0.05353,-0.0010175859999999829,-0.051469874999999415,0.0009342361999999829,-0.002060125000000586,0.0022620593036032062
0.099375,0.075625,0.005,1.5625e-08,-0.00106628,-0.0598802,-0.0011367789999999808,-0.05865572499999935,7.049899999998083e-05,-0.001224475000000655,0.0012265028066121989
0.099375,0.078125,0.005,1.5625e-08,-0.00126596,-0.0679998,-0.0012778009999999793,-0.06664157499999929,1.1840999999979248e-05,-0.0013582250000007123,0.0013582766139148294
0.099375,0.080625,0.005,1.5625e-08,-0.00143392,-0.0770655,-0.001456287749999977,-0.07558957499999922,2.236774999997697e-05,-0.00147592500000078,0.0014760944827033817
0.099375,0.083125,0.005,1.5625e-08,-0.0017156,-0.0873773,-0.0017025494999999735,-0.08578977499999911,-1.3050500000026536e-05,-0.0015875250000008945,0.0015875786409428954
0.099375,0.085625,0.005,1.5625e-08,-0.00229671,-0.0997636,-0.0020780367499999685,-0.097777399999999,-0.00021867325000003148,-0.0019862000000009927,0.0019982012987358206
0.001875,0.088125,0.005,1.5625e-08,-0.00606273,0.11495,-0.011912619999999981,0.1198954999999999,0.005849889999999982,-0.004945499999999908,0.00766023389082206
0.099375,0.088125,0.005,1.5625e-08,-0.00355978,-0.116014,-0.0027183544999999547,-0.11259159999999879,-0.0008414255000000451,-0.0034224000000012134,0.0035243181797418107
0.001875,0.090625,0.005,1.5625e-08,-0.019136,0.152242,-0.01947407499999997,0.15434674999999987,0.00033807499999996896,-0.0021047499999998776,0.0021317287041564327
0.084375,0.090625,0.005,1.5625e-08,0.288578,-0.173891,0.2761049999999995,-0.17799525000000033,0.012473000000000511,0.004104250000000337,0.013130902370458608
0.089375,0.090625,0.005,1.5625e-08,0.12674,-0.312077,0.11521424999999999,-0.32002425,0.011525750000000001,0.007947250000000017,0.014000060557904752
0.091875,0.090625,0.005,1.5625e-08,0.0351833,-0.41093,0.024128962500000045,-0.42322599999999994,0.011054337499999956,0.012295999999999918,0.01653450917214972
0.099375,0.090625,0.005,1.5625e-08,-0.00634125,-0.139659,-0.003969179999999934,-0.1324005999999986,-0.0023720700000000655,-0.007258400000001414,0.007636169631753922
0.001875,0.093125,0.005,1.5625e-08,-0.0380857,0.205762,-0.034181024999999934,0.20791574999999982,-0.0039046750000000657,-0.0021537499999998155,0.004459274147002482
0.009375,0.093125,0.005,1.5625e-08,-0.0332604,0.217626,-0.03988042500000023,0.21603675000000014,0.006620025000000231,0.0015892499999998477,0.006808116227204671
0.011875,0.093125,0.005,1.5625e-08,0.022551,0.177559,0.01685412249999967,0.1754712500000002,0.005696877500000332,0.002087749999999805,0.006067381091748665
0.014375,0.093125,0.005,1.5625e-08,0.08107,0.145902,0.07604572499999962,0.14407175000000016,0.005024275000000383,0.001830249999999839,0.005347256711448241
0.016875,0.093125,0.005,1.5625e-08,0.13721,0.121829,0.13272324999999957,0.12047100000000015,0.004486750000000428,0.0013579999999998593,0.004687759546148187
0.019375,0.093125,0.005,1.5625e-08,0.189342,0.103554,0.18527299999999955,0.10264292500000015,0.004069000000000461,0.0009110749999998446,0.00416975043085656
0.021875,0.093125,0.005,1.5625e-08,0.237187,0.0894801,0.23344774999999954,0.08893185000000013,0.0037392500000004714,0.0005482499999998752,0.0037792285753845832
0.024375,0.093125,0.005,1.5625e-08,0.280969,0.078396,0.27749749999999956,0.07814255000000012,0.0034715000000004603,0.0002534499999998774,0.0034807397421386067
0.026875,0.093125,0.005,1.5625e-08,0.32107,0.0694048,0.31781324999999955,0.0694390500000001,0.0032567500000004745,-3.42500000000967e-05,0.003256930092127109
0.029375,0.093125,0.005,1.5625e-08,0.357914,0.0617818,0.3547874999999995,0.06223587500000011,0.0031265000000005316,-0.00045407500000010925,0.0031593015613626415
0.031875,0.093125,0.005,1.5625e-08,0.392284,0.054579,0.3887612499999995,0.05611640000000008,0.0035227500000005185,-0.0015374000000000776,0.0038436137062020023
0.034375,0.093125,0.005,1.5625e-08,0.426364,0.0458606,0.4200119999999996,0.05077665000000008,0.006352000000000413,-0.0049160500000000815,0.008032151119252304
0.084375,0.093125,0.005,1.5625e-08,0.41114,-0.109907,0.4084149999999994,-0.11259000000000027,0.002725000000000588,0.0026830000000002685,0.0038241487941769008
0.086875,0.093125,0.005,1.5625e-08,0.342676,-0.150954,0.3353912499999998,-0.1540420000000001,0.007284750000000173,0.0030880000000000907,0.007912226397323517
0.089375,0.093125,0.005,1.5625e-08,0.243362,-0.217631,0.23997999999999986,-0.2188907500000001,0.003382000000000135,0.001259750000000115,0.0036090018097115445
0.091875,0.093125,0.005,1.5625e-08,0.128959,-0.313212,0.12173747499999998,-0.318079,0.007221525000000006,0.00486700000000001,0.00870850804246199
0.094375,0.093125,0.005,1.5625e-08,0.0124094,-0.427542,0.0024983349999995177,-0.4418935000000006,0.009911065000000482,0.014351500000000628,0.017441180054235225
0.099375,0.093125,0.005,1.5625e-08,-0.0129261,-0.177356,-0.006961729999999884,-0.16231767499999827,-0.0059643700000001154,-0.01503832500000174,0.016177914831725957
0.001875,0.095625,0.005,1.5625e-08,-0.0674173,0.281876,-0.0635008750000001,0.2852147500000002,-0.003916424999999904,-0.003338750000000168,0.005146419759709207
0.004375,0.095625,0.005,1.5625e-08,-0.0547901,0.274357,-0.06956624999999977,0.2805534999999998,0.014776149999999773,-0.006196499999999772,0.016022834364509
0.006875,0.095625,0.005,1.5625e-08,0.0277026,0.201557,0.017682495000000544,0.20060749999999972,0.010020104999999457,0.0009495000000002696,0.010064991528114398
0.009375,0.095625,0.005,1.5625e-08,0.122563,0.143356,0.11837505000000072,0.14118474999999972,0.004187949999999288,0.002171250000000291,0.0047173352398356535
0.011875,0.095625,0.005,1.5625e-08,0.209639,0.105212,0.20744775000000076,0.10328819999999976,0.0021912499999992285,0.0019238000000002392,0.00291591889504793
0.014375,0.095625,0.005,1.5625e-08,0.283773,0.0803433,0.2820535000000008,0.0790132999999998,0.0017194999999992078,0.001330000000000206,0.0021738399780107604
0.016875,0.095625,0.005,1.5625e-08,0.346115,0.0637248,0.3444037500000008,0.06288274999999985,0.0017112499999992203,0.0008420500000001496,0.001907203388471608
0.019375,0.095625,0.005,1.5625e-08,0.398969,0.0521898,0.3971622500000007,0.05170227499999987,0.001806749999999302,0.0004875250000001344,0.0018713701365904631
0.021875,0.095625,0.005,1.5625e-08,0.444389,0.0438619,0.4424985000000007,0.04362909999999988,0.0018904999999992955,0.00023280000000012319,0.0019047798009211967
0.024375,0.095625,0.005,1.5625e-08,0.483953,0.0376082,0.4820282500000007,0.037572874999999895,0.001924749999999309,3.53250000001068e-05,0.0019250741331497724
0.026875,0.095625,0.005,1.5625e-08,0.518809,0.0327142,0.5169252500000007,0.03286579999999991,0.0018837499999992957,-0.00015159999999991153,0.0018898403695808068
0.029375,0.095625,0.005,1.5625e-08,0.549741,0.0287122,0.5480407500000006,0.02908324999999992,0.0017002499999994036,-0.00037104999999992144,0.0017402666936414987
0.031875,0.095625,0.005,1.5625e-08,0.577171,0.0254431,0.5759907500000006,0.025944899999999924,0.0011802499999994387,-0.0005017999999999238,0.0012824949522312354
0.034375,0.095625,0.005,1.5625e-08,0.602696,0.0238176,0.6012235000000006,0.023258249999999935,0.0014724999999994326,0.000559350000000066,0.0015751598879156373
0.036875,0.095625,0.005,1.5625e-08,0.631301,0.0160724,0.6240595000000005,0.02088592499999994,0.007241499999999457,-0.00481352499999994,0.008695363429760515
0.084375,0.095625,0.005,1.5625e-08,0.576004,-0.0518648,0.5753817500000005,-0.053683274999999905,0.0006222499999994913,0.0018184749999999028,0.00192199021540798
0.086875,0.095625,0.005,1.5625e-08,0.513407,-0.0734334,0.5140972500000007,-0.07476279999999973,-0.0006902500000007805,0.0013293999999997308,0.001497915025126713
0.089375,0.095625,0.005,1.5625e-08,0.428642,-0.110741,0.4281940000000009,-0.11109734999999958,0.00044799999999911577,0.00035634999999957506,0.000572441545049715
0.091875,0.095625,0.005,1.5625e-08,0.307704,-0.177814,0.3043125000000011,-0.17794074999999931,0.0033914999999988815,0.0001267499999993149,0.003393867677516647
0.094375,0.095625,0.005,1.5625e-08,0.14378,-0.295094,0.13340610000000006,-0.2989042499999999,0.010373899999999936,0.003810249999999904,0.011051506968395665
0.096875,0.095625,0.005,1.5625e-08,-0.019671,-0.435145,-0.031559130000000116,-0.4469935,0.011888130000000115,0.011848499999999984,0.016784355428401246
0.099375,0.095625,0.005,1.5625e-08,-0.0271803,-0.250318,-0.01707425499999983,-0.21666424999999823,-0.010106045000000171,-0.03365375000000176,0.03513839829310162
0.001875,0.098125,0.005,1.5625e-08,0.00154453,0.27863,-0.02425812499999925,0.2904587499999995,0.025802654999999248,-0.0118287499999995,0.02838479049793171
0.004375,0.098125,0.005,1.5625e-08,0.226284,0.139461,0.22192750000000178,0.1343774249999993,0.004356499999998237,0.005083575000000701,0.006694910531935193
0.006875,0.098125,0.005,1.5625e-08,0.397801,0.0711252,0.4031462500000017,0.06633074999999959,-0.005345250000001689,0.004794450000000408,0.007180421182982372
0.009375,0.098125,0.005,1.5625e-08,0.510618,0.0400108,0.5151257500000015,0.038697624999999736,-0.004507750000001476,0.0013131750000002634,0.004695129246691618
0.011875,0.098125,0.005,1.5625e-08,0.586037,0.0252392,0.5889752500000014,0.025494599999999826,-0.0029382500000013634,-0.0002553999999998259,0.002949329113969467
0.014375,0.098125,0.005,1.5625e-08,0.639655,0.0176372,0.6414445000000012,0.018296724999999868,-0.0017895000000012207,-0.0006595249999998692,0.001907166347131051
0.016875,0.098125,0.005,1.5625e-08,0.680052,0.0132619,0.6810475000000011,0.013970429999999902,-0.0009955000000011482,-0.0007085299999999017,0.0012218981180532797
0.019375,0.098125,0.005,1.5625e-08,0.711932,0.0104942,0.7123740000000011,0.01116653499999992,-0.00044200000000105266,-0.0006723349999999198,0.000804610683638878
0.021875,0.098125,0.005,1.5625e-08,0.738002,0.00861143,0.7380605000000008,0.009235212499999933,-5.850000000073852e-05,-0.0006237824999999336,0.000626519638404299
0.024375,0.098125,0.005,1.5625e-08,0.759905,0.00725314,0.7597087500000009,0.007835052499999945,0.00019624999999912074,-0.0005819124999999446,0.0006141141751790464
0.026875,0.098125,0.005,1.5625e-08,0.778674,0.00622028,0.7783352500000008,0.006773852499999951,0.0003387499999991661,-0.0005535724999999507,0.0006489946650440438
0.029375,0.098125,0.005,1.5625e-08,0.794978,0.00540094,0.7946115000000007,0.005936847499999958,0.0003664999999992702,-0.0005359074999999585,0.0006492450219721909
0.031875,0.098125,0.005,1.5625e-08,0.80928,0.0047532,0.8089917500000007,0.005251824999999963,0.00028824999999932377,-0.0004986249999999626,0.0005759470054827726
0.034375,0.098125,0.005,1.5625e-08,0.821893,0.00421032,0.8217892500000006,0.004671067499999966,0.00010374999999940293,-0.000460747499999966,0.0004722841530859306
0.036875,0.098125,0.005,1.5625e-08,0.833467,0.00542404,0.8332202500000006,0.00416156499999997,0.00024674999999940717,0.0012624750000000294,0.0012863625803500277
0.039375,0.098125,0.005,1.5625e-08,0.847379,0.00347787,0.8434330000000005,0.003699429999999973,0.00394599999999945,-0.0002215599999999731,0.003952215180578564
0.041875,0.098125,0.005,1.5625e-08,0.85953,-0.00248189,0.8525237500000005,0.003266644999999976,0.0070062499999995476,-0.0057485349999999765,0.009062736546359404
0.079375,0.098125,0.005,1.5625e-08,0.841415,-0.00131733,0.8345370000000005,-0.006865244999999957,0.006877999999999496,0.005547914999999957,0.008836642170373178
0.081875,0.098125,0.005,1.5625e-08,0.820516,-0.00843708,0.8154382500000006,-0.008836829999999945,0.005077749999999437,0.0003997499999999453,0.005093461016341859
0.084375,0.098125,0.005,1.5625e-08,0.78744,-0.0127087,0.7904280000000006,-0.011739817499999928,-0.0029880000000005458,-0.0009688825000000716,0.0031411585917953348
0.086875,0.098125,0.005,1.5625e-08,0.752884,-0.0159293,0.7563182500000009,-0.016476674999999868,-0.0034342500000008602,0.0005473749999998674,0.0034775986618830476
0.089375,0.098125,0.005,1.5625e-08,0.703342,-0.0242749,0.7066505000000011,-0.025176849999999792,-0.0033085000000010467,0.0009019499999997939,0.0034292398651168386
0.091875,0.098125,0.005,1.5625e-08,0.623622,-0.0430559,0.6272242500000015,-0.04353029999999963,-0.0036022500000014723,0.00047439999999963206,0.003633353880715483
0.094375,0.098125,0.005,1.5625e-08,0.482438,-0.091713,0.4846257500000009,-0.08946149999999965,-0.002187750000000932,-0.0022515000000003504,0.0031393474341820876
0.096875,0.098125,0.005,1.5625e-08,0.223068,-0.22584,0.21174150000000055,-0.22402949999999958,0.011326499999999434,-0.0018105000000004368,0.011470288248339218
0.099375,0.098125,0.005,1.5625e-08,0.0269479,-0.317899,-0.03874027499999965,-0.31940399999999874,0.06568817499999965,0.0015049999999987573,0.06570541347431409
0.098125,0.070625,0.005,1.5625e-08,0.00016002,-0.127356,-0.00668022999999995,-0.1299027499999995,0.0068402499999999505,0.0025467499999995147,0.007298969490619676
0.098125,0.073125,0.005,1.5625e-08,-0.00517998,-0.148669,-0.007367404999999945,-0.14751149999999943,0.002187424999999945,-0.0011575000000005609,0.0024747998667823744
0.098125,0.075625,0.005,1.5625e-08,-0.00698666,-0.168205,-0.008121024999999941,-0.16672524999999938,0.001134364999999942,-0.0014797500000006125,0.0018645224631864002
0.098125,0.078125,0.005,1.5625e-08,-0.00773957,-0.188864,-0.008984667499999937,-0.1876752499999994,0.001245097499999937,-0.001188750000000599,0.0017214512328287193
0.098125,0.080625,0.005,1.5625e-08,-0.00855183,-0.211098,-0.010042019999999936,-0.2105997499999994,0.0014901899999999364,-0.0004982500000006163,0.0015712795100173696
0.098125,0.083125,0.005,1.5625e-08,-0.00981366,-0.235348,-0.011450859999999929,-0.23593599999999934,0.001637199999999929,0.000587999999999339,0.0017395884110901032
0.098125,0.085625,0.005,1.5625e-08,-0.0121548,-0.262622,-0.013512849999999918,-0.2644704999999993,0.001358049999999918,0.0018484999999992535,0.0022937419324102304
0.000625,0.088125,0.005,1.5625e-08,0.00123238,0.049555,-0.0017793802499999978,0.04421457499999998,0.0030117602499999977,0.005340425000000024,0.0061311368427156565
0.098125,0.088125,0.005,1.5625e-08,-0.0166747,-0.294836,-0.016829699999999885,-0.29757099999999903,0.0001549999999998844,0.0027349999999990438,0.002739388617920928
0.000625,0.090625,0.005,1.5625e-08,-0.0037104,0.0621933,-0.003085433749999995,0.05911742499999996,-0.0006249662500000049,0.0030758750000000404,0.003138724235937958
0.083125,0.090625,0.005,1.5625e-08,0.315727,-0.152266,0.3071899999999995,-0.15513375000000026,0.008537000000000461,0.002867750000000252,0.00900579585947346
0.088125,0.090625,0.005,1.5625e-08,0.169316,-0.269187,0.16038049999999993,-0.27552850000000007,0.008935500000000068,0.006341500000000055,0.010957088230912532
0.090625,0.091875,0.005,1.5625e-08,0.124222,-0.316155,0.118738475,-0.32039725,0.005483525000000003,0.004242250000000003,0.00693294536889806
0.098125,0.090625,0.005,1.5625e-08,-0.0250677,-0.334519,-0.02267839999999985,-0.33742624999999893,-0.0023893000000001496,0.0029072499999989176,0.003763091422287588
0.000625,0.093125,0.005,1.5625e-08,-0.0105378,0.0924338,-0.006121017499999987,0.08549324999999991,-0.004416782500000013,0.006940550000000087,0.008226737017481936
0.008125,0.093125,0.005,1.5625e-08,-0.055555,0.238596,-0.06392450000000018,0.23902975000000012,0.008369500000000175,-0.00043375000000012154,0.008380732027245773
0.010625,0.094375,0.005,1.5625e-08,0.0608372,0.163284,0.05564145000000051,0.16154524999999978,0.0051957499999994924,0.0017387500000002332,0.0054789661091300375
0.013125,0.094375,0.005,1.5625e-08,0.13292,0.127876,0.12826835000000053,0.1262877499999998,0.00465164999999948,0.0015882500000001798,0.004915321534243282
0.015625,0.094375,0.005,1.5625e-08,0.19818,0.102762,0.19393375000000057,0.10157129999999982,0.004246249999999424,0.0011907000000001833,0.004410034643004015
0.018125,0.094375,0.005,1.5625e-08,0.256086,0.0847349,0.2520980000000006,0.08394834999999985,0.003987999999999381,0.0007865500000001496,0.004064825322507143
0.020625,0.094375,0.005,1.5625e-08,0.307329,0.0714838,0.30353625000000056,0.07103044999999987,0.0037927499999994563,0.00045335000000013004,0.0038197485237900144
0.023125,0.094375,0.005,1.5625e-08,0.352874,0.0614543,0.3492582500000006,0.061268424999999876,0.003615749999999418,0.0001858750000001269,0.003620524489369025
0.025625,0.094375,0.005,1.5625e-08,0.393616,0.0536061,0.39018025000000056,0.053662299999999906,0.00343574999999946,-5.61999999999091e-05,0.00343620961271228
0.028125,0.094375,0.005,1.5625e-08,0.430263,0.0472054,0.4270507500000006,0.0475561249999999,0.003212249999999417,-0.00035072499999989903,0.0032313399833693115
0.030625,0.094375,0.005,1.5625e-08,0.463197,0.0416263,0.46045650000000055,0.042508299999999916,0.0027404999999994795,-0.0008819999999999176,0.0028789345685508384
0.033125,0.094375,0.005,1.5625e-08,0.491377,0.0360696,0.49084575000000047,0.038212324999999915,0.000531249999999539,-0.002142724999999915,0.0022075998251775944
0.083125,0.093125,0.005,1.5625e-08,0.443477,-0.0949441,0.43810999999999944,-0.09748970000000023,0.005367000000000566,0.002545600000000231,0.005940098345987821
0.085625,0.094375,0.005,1.5625e-08,0.454381,-0.0944706,0.4550832500000003,-0.09553424999999989,-0.0007022500000002929,0.0010636499999998883,0.0012745612519609146
0.088125,0.094375,0.005,1.5625e-08,0.376893,-0.134832,0.3749980000000008,-0.13535399999999959,0.0018949999999992029,0.0005219999999995784,0.0019655810845641904
0.090625,0.094375,0.005,1.5625e-08,0.270033,-0.201209,0.2661237500000009,-0.20224774999999945,0.003909249999999143,0.0010387499999994498,0.004044902610075075
0.093125,0.094375,0.005,1.5625e-08,0.134856,-0.307822,0.12561195000000086,-0.31177024999999925,0.009244049999999143,0.003948249999999265,0.010051922127880733
0.098125,0.093125,0.005,1.5625e-08,-0.039751,-0.380938,-0.0338101499999998,-0.38619824999999897,-0.005940850000000199,0.005260249999998967,0.007934981334886144
0.000625,0.095625,0.005,1.5625e-08,-0.0254137,0.1597,-0.016156857500000055,0.13947527500000023,-0.009256842499999945,0.020224724999999777,0.022242496136796814
0.003125,0.096875,0.005,1.5625e-08,-0.0393019,0.278916,-0.05559522499999963,0.2899392499999997,0.01629332499999963,-0.011023249999999707,0.01967192110898441
0.005625,0.096875,0.005,1.5625e-08,0.0936565,0.180204,0.08434482500000087,0.17930199999999955,0.009311674999999131,0.000902000000000458,0.00935526030132832
0.008125,0.096875,0.005,1.5625e-08,0.223798,0.114151,0.2223440000000011,0.11075039999999965,0.0014539999999989006,0.0034006000000003506,0.0036984045695406535
0.010625,0.096875,0.005,1.5625e-08,0.327845,0.0755392,0.3283352500000011,0.07387047499999973,-0.0004902500000010801,0.0016687250000002735,0.0017392493174145482
0.013125,0.096875,0.005,1.5625e-08,0.407857,0.0535779,0.408491500000001,0.0529542999999998,-0.0006345000000009815,0.0006236000000001962,0.0008896444289723228
0.015625,0.096875,0.005,1.5625e-08,0.470546,0.0403469,0.47076725000000097,0.04022219999999985,-0.00022125000000094985,0.00012470000000015108,0.00025397175532026784
0.018125,0.096875,0.005,1.5625e-08,0.520961,0.0318369,0.5207420000000009,0.03195854999999988,0.00021899999999908104,-0.00012164999999987602,0.0002505189064712828
0.020625,0.096875,0.005,1.5625e-08,0.562599,0.0260339,0.5620327500000009,0.026289349999999895,0.0005662499999991022,-0.00025544999999989673,0.0006212034811548712
0.023125,0.096875,0.005,1.5625e-08,0.597792,0.0218701,0.5969852500000008,0.02220829999999991,0.0008067499999991901,-0.0003381999999999101,0.0008747712858219756
0.025625,0.096875,0.005,1.5625e-08,0.628092,0.0187385,0.6271510000000008,0.019142999999999924,0.0009409999999991925,-0.0004044999999999223,0.0010242564376162922
0.028125,0.096875,0.005,1.5625e-08,0.654535,0.0162737,0.6535802500000008,0.01675059999999993,0.000954749999999227,-0.00047689999999993293,0.0010672306088650475
0.030625,0.096875,0.005,1.5625e-08,0.67781,0.01428,0.6769985000000006,0.014815699999999939,0.0008114999999994099,-0.0005356999999999393,0.0009723717087610979
0.033125,0.096875,0.005,1.5625e-08,0.698451,0.0127774,0.6979152500000007,0.013196824999999945,0.0005357499999993909,-0.00041942499999994554,0.0006804009061753971
0.035625,0.096875,0.005,1.5625e-08,0.716094,0.0097303,0.7166875000000006,0.011796954999999951,-0.0005935000000005797,-0.0020666549999999503,0.0021501872334811875
0.083125,0.095625,0.005,1.5625e-08,0.604546,-0.0436411,0.5996780000000003,-0.04633097499999992,0.004867999999999761,0.002689874999999918,0.005561730981953571
0.085625,0.096875,0.005,1.5625e-08,0.648079,-0.034004,0.6527267500000005,-0.0349946249999999,-0.004647750000000506,0.0009906249999998978,0.004752148772200792
0.088125,0.096875,0.005,1.5625e-08,0.591024,-0.0497651,0.593403000000001,-0.05072104999999974,-0.002379000000001019,0.0009559499999997403,0.002563880145893008
0.090625,0.096875,0.005,1.5625e-08,0.504251,-0.0800229,0.5054930000000011,-0.08038914999999958,-0.0012420000000010756,0.0003662499999995822,0.0012948756938418319
0.093125,0.096875,0.005,1.5625e-08,0.36881,-0.142473,0.3671027500000014,-0.14217774999999927,0.0017072499999986057,-0.00029525000000071855,0.001732592024971737
0.095625,0.096875,0.005,1.5625e-08,0.166391,-0.269114,0.15303220000000017,-0.2741449999999998,0.013358799999999837,0.005030999999999786,0.014274750381004689
0.098125,0.096875,0.005,1.5625e-08,-0.0341739,-0.41377,-0.048627625000000084,-0.4286612499999998,0.014453725000000084,0.0148912499999998,0.02075233704762241
0.000625,0.098125,0.005,1.5625e-08,-0.00102096,0.269347,-0.04621937500000002,0.26175800000000043,0.04519841500000002,0.007588999999999568,0.04583109904325032
0.003125,0.099375,0.005,1.5625e-08,0.534685,0.0766999,0.5792085000000041,0.053108849999999284,-0.04452350000000416,0.023591050000000717,0.05038729693437528
0.005625,0.099375,0.005,1.5625e-08,0.719033,0.0274802,0.7367262500000027,0.01592745499999975,-0.017693250000002658,0.01155274500000025,0.021130949164616927
0.008125,0.099375,0.005,1.5625e-08,0.796844,0.0113915,0.804578250000002,0.007473262499999878,-0.007734250000002052,0.003918237500000123,0.00867013311137372
0.010625,0.099375,0.005,1.5625e-08,0.838614,0.00564811,0.8420845000000017,0.004399649999999927,-0.0034705000000017083,0.0012484600000000727,0.003688227571830681
0.013125,0.099375,0.005,1.5625e-08,0.8643,0.00339867,0.8661667500000014,0.002948376499999951,-0.0018667500000014714,0.0004502935000000488,0.001920291592089021
0.015625,0.099375,0.005,1.5625e-08,0.88211,0.00235173,0.8832052500000013,0.002151554499999964,-0.0010952500000013243,0.00020017550000003565,0.0011133924704717403
0.018125,0.099375,0.005,1.5625e-08,0.895475,0.00177398,0.8961035000000012,0.0016666609999999723,-0.000628500000001142,0.00010731900000002779,0.0006375967516874921
0.020625,0.099375,0.005,1.5625e-08,0.906045,0.00141195,0.9063562500000011,0.0013478447499999774,-0.00031125000000109537,6.410525000002248e-05,0.0003177830165037887
0.023125,0.099375,0.005,1.5625e-08,0.914719,0.00116431,0.9148047500000009,0.0011248432499999812,-8.575000000099475e-05,3.946675000001884e-05,9.439643454990547e-05
0.025625,0.099375,0.005,1.5625e-08,0.922024,0.000982927,0.9219525000000008,0.0009605764999999841,7.149999999911394e-05,2.2350500000015865e-05,7.491191393980001e-05
0.028125,0.099375,0.005,1.5625e-08,0.928287,0.000842253,0.9281187500000009,0.000834012499999986,0.00016824999999909274,8.240500000013902e-06,0.00016845167954029113
0.030625,0.099375,0.005,1.5625e-08,0.933722,0.000731357,0.9335130000000007,0.0007324579999999877,0.0002089999999993486,-1.1009999999877368e-06,0.00020900289998162152
0.033125,0.099375,0.005,1.5625e-08,0.938524,0.000657012,0.9382762500000007,0.000647824999999989,0.0002477499999993249,9.18700000001097e-06,0.0002479202764371355
0.035625,0.099375,0.005,1.5625e-08,0.942887,0.000749752,0.9425052500000006,0.0005746814999999905,0.0003817499999994034,0.00017507050000000954,0.00041997945481868257
0.038125,0.099375,0.005,1.5625e-08,0.947309,0.000593304,0.9462652500000005,0.0005092097499999914,0.0010437499999994548,8.40942500000086e-05,0.00104713222917735
0.040625,0.099375,0.005,1.5625e-08,0.949294,-0.00138459,0.9495992500000006,0.00044859649999999236,-0.00030525000000058977,-0.0018331864999999925,0.0018584268364083053
0.078125,0.098125,0.005,1.5625e-08,0.8532,0.00209493,0.8424342500000006,-0.006087739999999958,0.010765749999999352,0.008182669999999958,0.013522479853613588
0.080625,0.099375,0.005,1.5625e-08,0.934412,0.000914121,0.9375172500000006,-0.0011140804999999828,-0.0031052500000006145,0.0020282014999999827,0.0037089323109361265
0.083125,0.099375,0.005,1.5625e-08,0.927511,-0.00199368,0.9291995000000007,-0.0014474012499999776,-0.0016885000000007588,-0.0005462787500000222,0.0017746697503209293
0.085625,0.099375,0.005,1.5625e-08,0.914838,-0.00256699,0.918145750000001,-0.00196779124999997,-0.003307750000000942,-0.00059919875000003,0.003361584329524968
0.088125,0.099375,0.005,1.5625e-08,0.898308,-0.00342843,0.902584750000001,-0.00287936199999995,-0.0042767500000010505,-0.0005490680000000501,0.004311851833160903
0.090625,0.099375,0.005,1.5625e-08,0.873177,-0.00575861,0.8786135000000014,-0.004716634999999917,-0.0054365000000013985,-0.001041975000000083,0.0055354533825731364
0.093125,0.099375,0.005,1.5625e-08,0.827788,-0.0123142,0.8363095000000018,-0.009210247499999833,-0.008521500000001847,-0.003103952500000168,0.009069205222746301
0.095625,0.099375,0.005,1.5625e-08,0.724146,-0.0368003,0.7439212500000023,-0.024749414999999705,-0.019775250000002353,-0.012050885000000296,0.023157813839950983
0.098125,0.099375,0.005,1.5625e-08,0.431162,-0.128044,0.45763925000000283,-0.12122199999999918,-0.02647725000000284,-0.0068220000000008135,0.027341990629115895
0.099375,0.071875,0.005,1.5625e-08,0.00149993,-0.0515211,-0.0009634434999999838,-0.04814519999999946,0.0024633734999999837,-0.0033759000000005424,0.00417910394827717
0.099375,0.074375,0.005,1.5625e-08,-0.000966317,-0.0560538,-0.001075083249999982,-0.054969899999999385,0.00010876624999998203,-0.0010839000000006163,0.001089343521181631
0.099375,0.076875,0.005,1.5625e-08,-0.00141294,-0.0635553,-0.0012038192499999798,-0.0625405499999993,-0.00020912075000002013,-0.0010147500000006887,0.0010360738634778743
0.099375,0.079375,0.005,1.5625e-08,-0.00164415,-0.0721317,-0.0013609377499999781,-0.07098129999999926,-0.0002832122500000219,-0.0011504000000007453,0.001184748639396471
0.099375,0.081875,0.005,1.5625e-08,-0.00194425,-0.0817525,-0.0015681377499999751,-0.08050759999999917,-0.00037611225000002487,-0.0012449000000008398,0.0013004754648212984
0.099375,0.084375,0.005,1.5625e-08,-0.00245589,-0.0929566,-0.001868241249999971,-0.09151169999999906,-0.0005876487500000292,-0.0014449000000009427,0.0015598291776278968
0.099375,0.086875,0.005,1.5625e-08,-0.00346783,-0.107002,-0.002351300499999961,-0.10473397499999886,-0.001116529500000039,-0.002268025000001145,0.002527958766475539
0.001875,0.089375,0.005,1.5625e-08,-0.0120447,0.130246,-0.015121399999999976,0.1352534999999999,0.0030766999999999756,-0.005007499999999887,0.005877171015037654
0.099375,0.089375,0.005,1.5625e-08,-0.0056028,-0.12647,-0.0032288747499999463,-0.12165844999999867,-0.0023739252500000535,-0.00481155000000133,0.005365308424974339
0.001875,0.091875,0.005,1.5625e-08,-0.0278983,0.173901,-0.025532124999999954,0.17818674999999984,-0.0023661750000000467,-0.004285749999999838,0.004895552797501405
0.084375,0.091875,0.005,1.5625e-08,0.336569,-0.146946,0.3384874999999995,-0.14501725000000032,-0.00191849999999949,-0.0019287499999996738,0.0027204262189033514
0.089375,0.091875,0.005,1.5625e-08,0.173731,-0.2679,0.17109174999999996,-0.27145475,0.0026392500000000374,0.0035547499999999954,0.004427401961082838
0.091875,0.091875,0.005,1.5625e-08,0.0740997,-0.370493,0.06521490000000003,-0.37583449999999996,0.00888479999999997,0.0053414999999999435,0.010366836223747285
0.099375,0.091875,0.005,1.5625e-08,-0.0103727,-0.156363,-0.005101352499999914,-0.14555109999999843,-0.0052713475000000865,-0.010811900000001567,0.012028478128000692
0.001875,0.094375,0.005,1.5625e-08,-0.0541759,0.240081,-0.04665402500000008,0.24426300000000017,-0.007521874999999921,-0.004182000000000186,0.008606260948613246
0.009375,0.094375,0.005,1.5625e-08,0.0232225,0.186314,0.01794976750000042,0.1843442499999998,0.005272732499999579,0.0019697500000002144,0.005628643093948367
0.011875,0.094375,0.005,1.5625e-08,0.097111,0.144424,0.09267720000000051,0.14234799999999978,0.004433799999999488,0.0020760000000002166,0.004895749017259398
0.014375,0.094375,0.005,1.5625e-08,0.165925,0.114597,0.1620580000000006,0.1128522499999998,0.0038669999999993987,0.0017447500000001975,0.004242386305193816
0.016875,0.094375,0.005,1.5625e-08,0.227466,0.0933304,0.22391750000000057,0.09204574999999984,0.003548499999999427,0.001284650000000151,0.003773881009318699
0.019375,0.094375,0.005,1.5625e-08,0.281949,0.07789,0.2785942500000006,0.07701397499999986,0.003354749999999407,0.0008760250000001413,0.0034672420398814486
0.021875,0.094375,0.005,1.5625e-08,0.330257,0.0663791,0.32705075000000056,0.06582747499999987,0.0032062499999994665,0.0005516250000001249,0.0032533566055877915
0.024375,0.094375,0.005,1.5625e-08,0.373334,0.0575286,0.3702682500000005,0.057243099999999894,0.0030657499999994786,0.0002855000000001051,0.0030790149906255514
0.026875,0.094375,0.005,1.5625e-08,0.411986,0.0504731,0.4090817500000005,0.0504532249999999,0.0029042499999994975,1.9875000000099674e-05,0.0029043180056808663
0.029375,0.094375,0.005,1.5625e-08,0.446801,0.04456,0.4441557500000005,0.04492154999999991,0.0026452499999994883,-0.000361549999999905,0.0026698438091014285
0.031875,0.094375,0.005,1.5625e-08,0.477636,0.0390958,0.47600475000000053,0.040281724999999914,0.0016312499999994734,-0.0011859249999999141,0.002016778289282954
0.034375,0.094375,0.005,1.5625e-08,0.502494,0.0342302,0.5050170000000005,0.03627509999999992,-0.002523000000000497,-0.002044899999999919,0.003247636834684903
0.084375,0.094375,0.005,1.5625e-08,0.484842,-0.0808372,0.48693125000000026,-0.0817430999999999,-0.0020892500000002645,0.000905899999999904,0.0022771957255582867
0.086875,0.094375,0.005,1.5625e-08,0.419439,-0.111417,0.4181100000000007,-0.11296852499999965,0.001328999999999303,0.001551524999999651,0.002042907444213287
0.089375,0.094375,0.005,1.5625e-08,0.327153,-0.163857,0.3246495000000008,-0.16441249999999952,0.0025034999999992147,0.0005554999999995147,0.0025643893035176093
0.091875,0.094375,0.005,1.5625e-08,0.205371,-0.248907,0.1992125000000009,-0.2510117499999993,0.006158499999999095,0.0021047499999993224,0.00650823284866837
0.094375,0.094375,0.005,1.5625e-08,0.0657921,-0.37457,0.05089507499999994,-0.381607,0.014897025000000064,0.00703699999999996,0.016475458198503202
0.099375,0.094375,0.005,1.5625e-08,-0.0219002,-0.207467,-0.010327584999999879,-0.18479484999999835,-0.011572615000000123,-0.022672150000001667,0.02545489743764063
0.001875,0.096875,0.005,1.5625e-08,-0.068468,0.305925,-0.076675875,0.31749275000000005,0.008207875000000003,-0.011567750000000043,0.014183865907365525
0.004375,0.096875,0.005,1.5625e-08,0.0240133,0.226764,0.008557275000000726,0.23138174999999958,0.015456024999999275,-0.0046177499999995875,0.016131098036497662
0.006875,0.096875,0.005,1.5625e-08,0.161255,0.143154,0.15720067500000104,0.13971499999999962,0.0040543249999989706,0.003439000000000386,0.005316415353000489
0.009375,0.096875,0.005,1.5625e-08,0.279313,0.092102,0.2791277500000011,0.0895664749999997,0.00018524999999885994,0.002535525000000302,0.0025422833414326792
0.011875,0.096875,0.005,1.5625e-08,0.370373,0.063143,0.3710940000000011,0.062037749999999774,-0.0007210000000010819,0.001105250000000231,0.0013196281910076303
0.014375,0.096875,0.005,1.5625e-08,0.440991,0.0462312,0.441460750000001,0.04585809999999982,-0.0004697500000009902,0.0003731000000001816,0.0005998905504348821
0.016875,0.096875,0.005,1.5625e-08,0.497015,0.035696,0.497029250000001,0.03567684999999986,-1.4250000000992635e-05,1.9150000000141276e-05,2.3870169669143556e-05
0.019375,0.096875,0.005,1.5625e-08,0.54269,0.02871,0.5423035000000008,0.028876174999999886,0.00038649999999917917,-0.00016617499999988655,0.00042070937786591804
0.021875,0.096875,0.005,1.5625e-08,0.580872,0.0238194,0.5801897500000008,0.0240931749999999,0.0006822499999992182,-0.0002737749999998998,0.0007351311536888356
0.024375,0.096875,0.005,1.5625e-08,0.613463,0.0202259,0.6125915000000008,0.020573974999999915,0.0008714999999991369,-0.00034807499999991304,0.0009384393723749206
0.026875,0.096875,0.005,1.5625e-08,0.641731,0.0174602,0.6407810000000007,0.017878374999999926,0.0009499999999993403,-0.00041817499999992694,0.0010379645131812962
0.029375,0.096875,0.005,1.5625e-08,0.666521,0.0152424,0.6656297500000007,0.015736099999999937,0.000891249999999344,-0.0004936999999999372,0.0010188553638759373
0.031875,0.096875,0.005,1.5625e-08,0.688416,0.01348,0.6877442500000007,0.013973599999999942,0.0006717499999993048,-0.0004935999999999413,0.0008336000374874081
0.034375,0.096875,0.005,1.5625e-08,0.707613,0.0118913,0.7075515000000006,0.012474377499999948,6.149999999949252e-05,-0.0005830774999999472,0.0005863118803214941
0.036875,0.096875,0.005,1.5625e-08,0.722546,0.00825768,0.7253517500000006,0.011156662499999952,-0.0028057500000006064,-0.0028989824999999525,0.004034393708825327
0.084375,0.096875,0.005,1.5625e-08,0.668694,-0.0288776,0.6756272500000003,-0.02981169999999991,-0.006933250000000335,0.00093409999999991,0.006995891535215828
0.086875,0.096875,0.005,1.5625e-08,0.62247,-0.0406207,0.6257190000000008,-0.041730774999999797,-0.0032490000000008346,0.0011100749999997939,0.003433404652182723
0.089375,0.096875,0.005,1.5625e-08,0.552277,-0.0623511,0.554102250000001,-0.06304497499999967,-0.0018252500000009997,0.0006938749999996704,0.0019526904716642092
0.091875,0.096875,0.005,1.5625e-08,0.44418,-0.105442,0.44444725000000124,-0.10540324999999946,-0.0002672500000012179,-3.8750000000531415e-05,0.0002700446722316368
0.094375,0.096875,0.005,1.5625e-08,0.27586,-0.195881,0.26983550000000034,-0.19651174999999974,0.006024499999999655,0.0006307499999997357,0.006057428977090488
0.096875,0.096875,0.005,1.5625e-08,0.0509365,-0.357017,0.031405824999999936,-0.369917,0.019530675000000067,0.012900000000000023,0.02340635097480229
0.099375,0.096875,0.005,1.5625e-08,-0.0248661,-0.301484,-0.030413949999999766,-0.26297649999999817,0.0055478499999997676,-0.038507500000001804,0.03890509215864469
0.001875,0.099375,0.005,1.5625e-08,0.379872,0.125854,0.4018890000000046,0.11787062499999873,-0.022017000000004616,0.007983375000001264,0.023419704639274348
0.004375,0.099375,0.005,1.5625e-08,0.649284,0.0453098,0.6769487500000034,0.027045914999999587,-0.027664750000003457,0.01826388500000041,0.033149779604937514
0.006875,0.099375,0.005,1.5625e-08,0.764556,0.017344,0.7763942500000024,0.010496072499999832,-0.011838250000002382,0.0068479275000001665,0.013676193699557452
0.009375,0.099375,0.005,1.5625e-08,0.820599,0.0078216,0.825664750000002,0.0056189149999999076,-0.005065750000001978,0.002202685000000092,0.005523915664792997
0.011875,0.099375,0.005,1.5625e-08,0.852782,0.00429092,0.8552820000000017,0.003555905999999941,-0.002500000000001612,0.000735014000000059,0.002605809966249294
0.014375,0.099375,0.005,1.5625e-08,0.873913,0.002791,0.8753377500000015,0.002496630249999958,-0.001424750000001418,0.00029436975000004216,0.0014548422980581528
0.016875,0.099375,0.005,1.5625e-08,0.889219,0.00202751,0.8900575000000012,0.0018818062499999686,-0.0008385000000011855,0.00014570375000003155,0.0008510651166427043
0.019375,0.099375,0.005,1.5625e-08,0.901041,0.00157576,0.9014975000000012,0.0014919722499999752,-0.00045650000000119206,8.378775000002486e-05,0.0004641256694594202
0.021875,0.099375,0.005,1.5625e-08,0.91058,0.00127891,0.9107690000000009,0.0012271944999999796,-0.00018900000000099393,5.1715500000020474e-05,0.0001959476790896688
0.024375,0.099375,0.005,1.5625e-08,0.918518,0.00106849,0.918517750000001,0.0010369419999999826,2.4999999892472147e-07,3.1548000000017513e-05,3.154899053853495e-05
0.026875,0.099375,0.005,1.5625e-08,0.92527,0.000909624,0.9251430000000007,0.0008935169999999851,0.0001269999999993221,1.6107000000014976e-05,0.00012801732479952974
0.029375,0.099375,0.005,1.5625e-08,0.931096,0.000784156,0.9309022500000008,0.000780694999999987,0.00019374999999921538,3.4610000000130777e-06,0.00019378090984587736
0.031875,0.099375,0.005,1.5625e-08,0.936187,0.000689673,0.9359665000000008,0.0006884117499999884,0.00022049999999917969,1.2612500000115916e-06,0.00022050360711607593
0.034375,0.099375,0.005,1.5625e-08,0.940746,0.000644883,0.9404530000000006,0.0006100824999999898,0.0002929999999993216,3.4800500000010124e-05,0.0002950594428244132
0.036875,0.099375,0.005,1.5625e-08,0.944948,0.00101497,0.9444407500000006,0.0005411812499999909,0.000507249999999404,0.0004737887500000091,0.0006941025443880512
0.039375,0.099375,0.005,1.5625e-08,0.948635,0.000184436,0.9479832500000006,0.0004784429999999919,0.0006517499999993959,-0.0002940069999999919,0.0007149952297380786
0.041875,0.099375,0.005,1.5625e-08,0.950417,-0.00449149,0.9511152500000005,0.0004194184999999929,-0.0006982500000005665,-0.004910908499999993,0.004960299926201336
0.079375,0.099375,0.005,1.5625e-08,0.935186,0.00278827,0.9409475000000006,-0.0009875492499999846,-0.005761500000000641,0.0037758192499999844,0.006888518945221667
0.081875,0.099375,0.005,1.5625e-08,0.932532,-0.000915118,0.9336320000000007,-0.0012644822499999805,-0.001100000000000656,0.00034936424999998047,0.001154147035337999
0.084375,0.099375,0.005,1.5625e-08,0.921579,-0.00239405,0.9240957500000009,-0.0016755027499999742,-0.0025167500000008447,-0.0007185472500000258,0.00261731555472145
0.086875,0.099375,0.005,1.5625e-08,0.907239,-0.00286598,0.9110980000000011,-0.0023535484999999594,-0.003859000000001056,-0.0005124315000000408,0.0038928738795651267
0.089375,0.099375,0.005,1.5625e-08,0.887297,-0.00433276,0.8920475000000012,-0.0036223509999999365,-0.004750500000001212,-0.0007104090000000633,0.004803325014746827
0.091875,0.099375,0.005,1.5625e-08,0.854305,-0.00811743,0.8608552500000015,-0.006411062499999885,-0.006550250000001534,-0.0017063675000001154,0.006768859956268614
0.094375,0.099375,0.005,1.5625e-08,0.788302,-0.0203756,0.8004175000000018,-0.014273844999999811,-0.012115500000001833,-0.0061017550000001895,0.013565277524992687
0.096875,0.099375,0.005,1.5625e-08,0.608381,-0.0702677,0.6463250000000027,-0.050546474999999494,-0.03794400000000275,-0.01972122500000051,0.042762996287688426
0.099375,0.099375,0.005,1.5625e-08,0.314615,-0.152331,0.19948350000000287,-0.22497749999999814,0.11513149999999711,0.07264649999999814,0.1361351396756145
