x,y,z,V,Ux,Uy,Ux_M160_interp,Uy_M160_interp,dUx,dUy,dU_mag_star
0.00125,0.00125,0.005,6.25e-08,6.71835e-05,-6.7175e-05,2.1433875000000003e-05,-2.1497624999999997e-05,4.5749625e-05,-4.567737500000001e-05,6.464867186981687e-05
0.00375,0.00125,0.005,6.25e-08,0.000164256,-5.63362e-05,8.053915e-05,-1.2283925000000003e-05,8.371684999999999e-05,-4.4052274999999997e-05,9.459975637705481e-05
0.00625,0.00125,0.005,6.25e-08,0.000141949,1.7374e-06,3.354417499999998e-05,2.7194130000000007e-05,0.00010840482500000001,-2.5456730000000005e-05,0.00011135372102257529
0.00875,0.00125,0.005,6.25e-08,-5.21049e-05,6.47415e-05,-0.00017141392500000008,7.024702500000002e-05,0.00011930902500000007,-5.505525000000012e-06,0.00011943598390759908
0.01125,0.00125,0.005,6.25e-08,-0.000413635,0.000119736,-0.00053122425,0.00010838732499999999,0.00011758925000000006,1.1348675e-05,0.00011813561757496398
0.01375,0.00125,0.005,6.25e-08,-0.000915693,0.000162906,-0.0010233535,0.000139214575,0.00010766050000000004,2.3691424999999983e-05,0.00011023641357909207
0.01625,0.00125,0.005,6.25e-08,-0.0015278,0.000194522,-0.001619995,0.00016253447499999999,9.2195e-05,3.198752500000002e-05,9.75864733486441e-05
0.01875,0.00125,0.005,6.25e-08,-0.00222064,0.00021626,-0.00229374,0.000178965475,7.309999999999999e-05,3.729452499999999e-05,8.206394820489458e-05
0.02125,0.00125,0.005,6.25e-08,-0.00296815,0.000229947,-0.0030196575000000004,0.00018934935000000002,5.1507500000000286e-05,4.0597649999999996e-05,6.5583471559323e-05
0.02375,0.00125,0.005,6.25e-08,-0.00374785,0.00023711,-0.0037757374999999997,0.00019447267500000002,2.7887499999999614e-05,4.2637324999999994e-05,5.094756264440531e-05
0.02625,0.00125,0.005,6.25e-08,-0.00454026,0.000238835,-0.0045425349999999995,0.00019494755,2.2749999999994996e-06,4.388745000000001e-05,4.394637519184601e-05
0.02875,0.00125,0.005,6.25e-08,-0.00532797,0.000235766,-0.005302495000000001,0.000191174475,-2.5474999999998763e-05,4.459152499999998e-05,5.135542548578057e-05
0.03125,0.00125,0.005,6.25e-08,-0.00609479,0.000228168,-0.006039207499999999,0.000183360625,-5.5582500000000805e-05,4.4807375e-05,7.139408351285641e-05
0.03375,0.00125,0.005,6.25e-08,-0.00682494,0.000216019,-0.006736809999999999,0.000171564525,-8.81300000000005e-05,4.4454475000000004e-05,9.870712865606877e-05
0.03625,0.00125,0.005,6.25e-08,-0.00750257,0.000199122,-0.0073795350000000004,0.000155763375,-0.00012303499999999964,4.335862500000001e-05,0.00013045145298880553
0.03875,0.00125,0.005,6.25e-08,-0.00811151,0.000177217,-0.007951567500000001,0.00013592204999999998,-0.00015994249999999946,4.1294950000000014e-05,0.00016518739722434133
0.04125,0.00125,0.005,6.25e-08,-0.00863531,0.00015009,-0.008437145,0.00011206525000000001,-0.00019816500000000015,3.8024749999999985e-05,0.0002017801993198603
0.04375,0.00125,0.005,6.25e-08,-0.0090576,0.000117681,-0.0088209,8.434259999999999e-05,-0.00023670000000000115,3.333840000000001e-05,0.00023903627112754363
0.04625,0.00125,0.005,6.25e-08,-0.00936265,8.01685e-05,-0.0090885475,5.308415e-05,-0.00027410249999999976,2.7084350000000004e-05,0.00027543736587684023
0.04875,0.00125,0.005,6.25e-08,-0.00953625,3.80464e-05,-0.0092274275,1.8839235e-05,-0.0003088225,1.9207165000000002e-05,0.0003094192167490365
0.05125,0.00125,0.005,6.25e-08,-0.0095666,-7.82872e-06,-0.0092276825,-1.7600045e-05,-0.0003389174999999991,9.771325e-06,0.0003390583291979494
0.05375,0.00125,0.005,6.25e-08,-0.00944537,-5.62242e-05,-0.009083005,-5.5197599999999995e-05,-0.0003623649999999999,-1.026600000000008e-06,0.0003623664542042488
0.05625,0.00125,0.005,6.25e-08,-0.00916876,-0.00010552,-0.008791519999999999,-9.269465e-05,-0.0003772400000000009,-1.2825350000000011e-05,0.0003774579542182456
0.05875,0.00125,0.005,6.25e-08,-0.0087384,-0.000153773,-0.008356625,-0.00012865462499999996,-0.00038177500000000086,-2.5118375000000046e-05,0.000382600422618221
0.06125,0.00125,0.005,6.25e-08,-0.0081621,-0.000198802,-0.00778748,-0.000161532325,-0.00037462,-3.7269675000000025e-05,0.0003764693521053283
0.06375,0.00125,0.005,6.25e-08,-0.00745425,-0.000238306,-0.007099217499999998,-0.00018976282500000007,-0.00035503250000000226,-4.854317499999994e-05,0.0003583357586054345
0.06625,0.00125,0.005,6.25e-08,-0.00663586,-0.00027002,-0.006312854999999997,-0.00021186275000000004,-0.00032300500000000294,-5.8157249999999956e-05,0.0003281988661658727
0.06875,0.00125,0.005,6.25e-08,-0.00573417,-0.000291886,-0.005454742499999997,-0.00022654150000000003,-0.00027942750000000283,-6.534449999999996e-05,0.0002869662548741604
0.07125,0.00125,0.005,6.25e-08,-0.00478167,-0.000302225,-0.0045555950000000026,-0.00023280525000000002,-0.00022607499999999746,-6.941974999999996e-05,0.00023649314432993898
0.07375,0.00125,0.005,6.25e-08,-0.00381485,-0.000299892,-0.0036491900000000027,-0.00023005075000000002,-0.00016565999999999716,-6.984124999999999e-05,0.00017978052119615616
0.07625,0.00125,0.005,6.25e-08,-0.00287234,-0.0002844,-0.0027707325000000025,-0.00021813175000000005,-0.00010160749999999765,-6.626824999999992e-05,0.0001213077285844229
0.07875,0.00125,0.005,6.25e-08,-0.00199295,-0.000255983,-0.0019549899999999976,-0.00019740259999999994,-3.7960000000002245e-05,-5.858040000000005e-05,6.980418944562122e-05
0.08125,0.00125,0.005,6.25e-08,-0.00121339,-0.000215623,-0.0012343367499999982,-0.0001687312749999999,2.094674999999829e-05,-4.689172500000008e-05,5.135757207109835e-05
0.08375,0.00125,0.005,6.25e-08,-0.00056602,-0.000165049,-0.0006367579999999986,-0.0001335011499999999,7.073799999999858e-05,-3.1547850000000115e-05,7.745406047214249e-05
0.08625,0.00125,0.005,6.25e-08,-7.63702e-05,-0.000106824,-0.00018379172500000102,-9.362807500000011e-05,0.00010742152500000102,-1.3195924999999893e-05,0.00010822900013365857
0.08875,0.00125,0.005,6.25e-08,0.000238998,-4.46122e-05,0.0001117404499999994,-5.166372500000012e-05,0.0001272575500000006,7.051525000000122e-06,0.00012745276786648566
0.09125,0.00125,0.005,6.25e-08,0.000376086,1.64893e-05,0.00024875899999999987,-1.1130930000000106e-05,0.0001273270000000001,2.7620230000000107e-05,0.0001302883035205115
0.09375,0.00125,0.005,6.25e-08,0.000348969,6.72042e-05,0.00024304374999999998,2.2527e-05,0.00010592525000000004,4.4677200000000007e-05,0.00011496177968091182
0.09625,0.00125,0.005,6.25e-08,0.000207324,9.10277e-05,0.00013745022499999965,3.939157500000001e-05,6.987377500000035e-05,5.1636124999999993e-05,8.68828742489928e-05
0.09875,0.00125,0.005,6.25e-08,5.86088e-05,5.84839e-05,2.0790487499999783e-05,2.081056499999988e-05,3.781831250000022e-05,3.7673335000000115e-05,5.3380754306865186e-05
0.00125,0.00375,0.005,6.25e-08,5.86448e-05,-0.000166577,1.2587215000000001e-05,-8.0921425e-05,4.6057584999999997e-05,-8.5655575e-05,9.725316788985771e-05
0.00375,0.00375,0.005,6.25e-08,4.16705e-05,-3.95158e-05,-4.241027499999997e-05,4.2380457499999965e-05,8.408077499999996e-05,-8.189625749999996e-05,0.00011737365001186134
0.00625,0.00375,0.005,6.25e-08,-0.000296506,0.000251803,-0.00038487100000000006,0.0003348065,8.836500000000008e-05,-8.300350000000001e-05,0.00012123511965288778
0.00875,0.00375,0.005,6.25e-08,-0.00101727,0.000568453,-0.0011014935,0.0006597395000000001,8.422349999999998e-05,-9.128650000000006e-05,0.00012420476252744903
0.01125,0.00375,0.005,6.25e-08,-0.00211221,0.000856172,-0.0021920125000000003,0.000957097,7.980250000000008e-05,-0.00010092499999999997,0.00012866349377834417
0.01375,0.00375,0.005,6.25e-08,-0.00353544,0.00109363,-0.0036124624999999996,0.0012039662499999998,7.702249999999968e-05,-0.00011033624999999981,0.00013456059441869454
0.01625,0.00375,0.005,6.25e-08,-0.00522553,0.00127619,-0.005301005,0.0013946625,7.54750000000002e-05,-0.00011847250000000006,0.0001404713810042816
0.01875,0.00375,0.005,6.25e-08,-0.00711765,0.0014069,-0.0071917325,0.0015311149999999998,7.408250000000022e-05,-0.00012421499999999979,0.00014462912234833612
0.02125,0.00375,0.005,6.25e-08,-0.0091497,0.00149135,-0.009221185,0.0016180899999999995,7.14849999999996e-05,-0.00012673999999999954,0.00014550990627788826
0.02375,0.00375,0.005,6.25e-08,-0.0112645,0.00153515,-0.01133075,0.0016606949999999998,6.625000000000034e-05,-0.0001255449999999997,0.00014195284260979055
0.02625,0.00375,0.005,6.25e-08,-0.0134097,0.0015428,-0.013466800000000001,0.0016632324999999997,5.71000000000009e-05,-0.0001204324999999997,0.00013328314618229128
0.02875,0.00375,0.005,6.25e-08,-0.0155371,0.00151729,-0.015579800000000001,0.0016287049999999998,4.270000000000142e-05,-0.00011141499999999991,0.00011931719165736386
0.03125,0.00375,0.005,6.25e-08,-0.0176009,0.00146019,-0.01762295,0.0015588549999999998,2.2049999999999154e-05,-9.866499999999973e-05,0.00010109888587417721
0.03375,0.00375,0.005,6.25e-08,-0.0195568,0.00137192,-0.019551149999999996,0.0014544324999999998,-5.650000000002875e-06,-8.251249999999982e-05,8.270571416927613e-05
0.03625,0.00375,0.005,6.25e-08,-0.021361,0.00125224,-0.02131995,0.0013156624999999997,-4.105000000000081e-05,-6.342249999999978e-05,7.554810392226954e-05
0.03875,0.00375,0.005,6.25e-08,-0.0229697,0.00110077,-0.022885774999999997,0.00114277875,-8.392500000000205e-05,-4.2008749999999885e-05,9.385169525140627e-05
0.04125,0.00375,0.005,6.25e-08,-0.0243401,0.00091754,-0.0242058,0.0009365352499999999,-0.0001343000000000004,-1.8995249999999926e-05,0.0001356366820685415
0.04375,0.00375,0.005,6.25e-08,-0.0254303,0.000703464,-0.0252394,0.0006987122499999999,-0.0001909000000000008,4.751750000000143e-06,0.00019095912947032095
0.04625,0.00375,0.005,6.25e-08,-0.0262018,0.000460808,-0.025949450000000002,0.000432524,-0.0002523499999999984,2.8284000000000002e-05,0.0002539301225849332
0.04875,0.00375,0.005,6.25e-08,-0.0266208,0.000193505,-0.026304249999999998,0.00014290509999999998,-0.00031655000000000225,5.059990000000003e-05,0.00032056863910871167
0.05125,0.00375,0.005,6.25e-08,-0.0266604,-9.26297e-05,-0.0262797,-0.00016333749999999998,-0.0003807000000000012,7.070779999999997e-05,0.00038721064419878863
0.05375,0.00375,0.005,6.25e-08,-0.0263033,-0.000389834,-0.02586165,-0.00047753999999999993,-0.00044165000000000176,8.770599999999995e-05,0.00045027443291397476
0.05625,0.00375,0.005,6.25e-08,-0.0255436,-0.000688521,-0.025047725,-0.0007893727499999999,-0.0004958749999999998,0.00010085174999999993,0.0005060267691565954
0.05875,0.00375,0.005,6.25e-08,-0.024389,-0.000977575,-0.023849275,-0.0010872129999999994,-0.0005397250000000013,0.00010963799999999936,0.0005507481880760039
0.06125,0.00375,0.005,6.25e-08,-0.0228624,-0.00124484,-0.022292399999999997,-0.0013586975,-0.0005700000000000045,0.00011385749999999993,0.0005812602947959331
0.06375,0.00375,0.005,6.25e-08,-0.021002,-0.00147775,-0.020418424999999994,-0.0015913950000000004,-0.0005835750000000063,0.00011364500000000054,0.0005945376074311931
0.06625,0.00375,0.005,6.25e-08,-0.0188619,-0.00166419,-0.018283224999999993,-0.0017736300000000004,-0.0005786750000000077,0.00010944000000000036,0.0005889328223363077
0.06875,0.00375,0.005,6.25e-08,-0.0165106,-0.00179328,-0.015956099999999994,-0.0018952900000000002,-0.0005545000000000064,0.00010201000000000025,0.0005638051880747526
0.07125,0.00375,0.005,6.25e-08,-0.0140285,-0.00185632,-0.013517000000000006,-0.0019486399999999997,-0.0005114999999999929,9.231999999999969e-05,0.0005197645932535157
0.07375,0.00375,0.005,6.25e-08,-0.0115049,-0.00184758,-0.011053422500000007,-0.0019290750000000001,-0.0004514774999999933,8.149500000000022e-05,0.00045877376563099593
0.07625,0.00375,0.005,6.25e-08,-0.00903416,-0.00176496,-0.008656100000000007,-0.00183561,-0.00037805999999999257,7.065000000000001e-05,0.0003846047140896668
0.07875,0.00375,0.005,6.25e-08,-0.00671002,-0.00161043,-0.0064144299999999935,-0.0016712899999999993,-0.00029559000000000616,6.085999999999939e-05,0.00030179030418488195
0.08125,0.00375,0.005,6.25e-08,-0.00462081,-0.00139029,-0.0044113399999999945,-0.0014433649999999994,-0.00020947000000000587,5.3074999999999433e-05,0.00021608941789222905
0.08375,0.00375,0.005,6.25e-08,-0.00284348,-0.00111533,-0.0027180024999999956,-0.001163379749999999,-0.00012547750000000421,4.804974999999883e-05,0.00013436287240645552
0.08625,0.00375,0.005,6.25e-08,-0.0014376,-0.000801165,-0.001388290000000003,-0.0008474515000000009,-4.930999999999707e-05,4.628650000000091e-05,6.763073400643967e-05
0.08875,0.00375,0.005,6.25e-08,-0.000439099,-0.000469139,-0.000452761750000002,-0.0005170145000000009,1.3662750000001996e-05,4.787550000000094e-05,4.978688821178368e-05
0.09125,0.00375,0.005,6.25e-08,0.000146406,-0.0001481,8.866914999999906e-05,-0.00020098050000000078,5.773685000000093e-05,5.288050000000079e-05,7.829362124830279e-05
0.09375,0.00375,0.005,6.25e-08,0.000353139,0.000120015,0.00027655000000000003,5.948745e-05,7.658899999999995e-05,6.0527549999999996e-05,9.761894913387714e-05
0.09625,0.00375,0.005,6.25e-08,0.000275917,0.000271642,0.00020535724999999958,0.00020224025000000013,7.05597500000004e-05,6.940174999999987e-05,9.897111307409368e-05
0.09875,0.00375,0.005,6.25e-08,9.14392e-05,0.000206203,3.983162499999962e-05,0.00013792882499999944,5.160757500000038e-05,6.827417500000055e-05,8.558448906964021e-05
0.00125,0.00625,0.005,6.25e-08,7.61126e-07,-0.000147992,-2.7997460000000008e-05,-3.275876499999998e-05,2.8758586000000008e-05,-0.00011523323500000002,0.0001187676501295055
0.00375,0.00625,0.005,6.25e-08,-0.000258849,0.000299555,-0.00034757150000000003,0.00039068450000000004,8.872250000000002e-05,-9.112950000000002e-05,0.00012718595746583034
0.00625,0.00625,0.005,6.25e-08,-0.00105709,0.00103084,-0.0011444555000000003,0.0011190347500000003,8.736550000000044e-05,-8.819475000000025e-05,0.00012414122811464618
0.00875,0.00625,0.005,6.25e-08,-0.00240279,0.00180921,-0.002478980000000001,0.0019092825000000006,7.619000000000072e-05,-0.0001000725000000007,0.0001257752811813603
0.01125,0.00625,0.005,6.25e-08,-0.0042655,0.00252494,-0.00433661,0.0026385850000000006,7.11100000000001e-05,-0.00011364500000000076,0.00013405900986133003
0.01375,0.00625,0.005,6.25e-08,-0.00658471,0.00312755,-0.006657400000000001,0.0032521125000000007,7.269000000000112e-05,-0.00012456250000000054,0.00014422084629570823
0.01625,0.00625,0.005,6.25e-08,-0.00927887,0.00360006,-0.009358565,0.0037317550000000007,7.969499999999942e-05,-0.00013169500000000068,0.00015393136798586598
0.01875,0.00625,0.005,6.25e-08,-0.0122593,0.00394352,-0.012349275,0.004077855,8.997499999999908e-05,-0.00013433500000000018,0.0001616830011163817
0.02125,0.00625,0.005,6.25e-08,-0.0154383,0.00416667,-0.015539025000000003,0.004298722500000001,0.0001007250000000029,-0.00013205250000000116,0.0001660824746361003
0.02375,0.00625,0.005,6.25e-08,-0.0187324,0.00428004,-0.018841675000000002,0.004404715000000001,0.00010927500000000243,-0.00012467500000000117,0.0001657856485043287
0.02625,0.00625,0.005,6.25e-08,-0.0220633,0.0042929,-0.022176175000000003,0.00440513,0.00011287500000000186,-0.00011223000000000049,0.00015917392539295037
0.02875,0.00625,0.005,6.25e-08,-0.0253568,0.00421193,-0.0254662,0.0043068525000000005,0.00010940000000000255,-9.492250000000049e-05,0.00014484005318367795
0.03125,0.00625,0.005,6.25e-08,-0.0285421,0.00404105,-0.028638925000000003,0.004114197500000001,9.682500000000177e-05,-7.314750000000057e-05,0.00012134923725038582
0.03375,0.00625,0.005,6.25e-08,-0.0315503,0.00378202,-0.031623975,0.0038294975000000005,7.367499999999527e-05,-4.747750000000037e-05,8.764769609778308e-05
0.03625,0.00625,0.005,6.25e-08,-0.0343138,0.00343534,-0.034352650000000005,0.0034540825000000004,3.8850000000006935e-05,-1.874250000000058e-05,4.313471694877063e-05
0.03875,0.00625,0.005,6.25e-08,-0.0367661,0.00300156,-0.036757975,0.0029895175000000003,-8.125000000004656e-06,1.2042499999999606e-05,1.4527127425959551e-05
0.04125,0.00625,0.005,6.25e-08,-0.0388426,0.00248242,-0.038775525000000005,0.0024388400000000003,-6.707499999999283e-05,4.357999999999966e-05,7.998919942716647e-05
0.04375,0.00625,0.005,6.25e-08,-0.0404821,0.00188213,-0.04034485,0.0018077050000000002,-0.00013724999999999848,7.442499999999993e-05,0.00015613021208273425
0.04625,0.00625,0.005,6.25e-08,-0.0416287,0.00120827,-0.041411875,0.001105349,-0.00021682499999999688,0.00010292099999999996,0.00024001210983198043
0.04875,0.00625,0.005,6.25e-08,-0.0422347,0.000472654,-0.04193135,0.00034521750000000005,-0.00030335000000000084,0.00012743649999999993,0.00032903082535265673
0.05125,0.00625,0.005,6.25e-08,-0.0422634,-0.000308337,-0.04187005,-0.00045470225000000006,-0.00039335000000000064,0.00014636525000000006,0.00041969871206326456
0.05375,0.00625,0.005,6.25e-08,-0.0416924,-0.00111361,-0.041209499999999996,-0.0012719925000000002,-0.0004829000000000014,0.00015838250000000027,0.0005082100218475147
0.05625,0.00625,0.005,6.25e-08,-0.0405162,-0.0019178,-0.039949125,-0.002080305,-0.0005670750000000002,0.00016250500000000007,0.0005898999327428341
0.05875,0.00625,0.005,6.25e-08,-0.0387491,-0.00269203,-0.038108025000000004,-0.00285033,-0.0006410749999999979,0.00015829999999999967,0.000660330254967162
0.06125,0.00625,0.005,6.25e-08,-0.0364266,-0.00340513,-0.0357266,-0.0035511175000000005,-0.0007000000000000062,0.00014598750000000037,0.0007150610814163072
0.06375,0.00625,0.005,6.25e-08,-0.0336064,-0.00402531,-0.03286699999999999,-0.004151777500000002,-0.0007394000000000081,0.00012646750000000224,0.0007501375797520495
0.06625,0.00625,0.005,6.25e-08,-0.030368,-0.00452209,-0.029612099999999992,-0.004623392500000002,-0.0007559000000000073,0.00010130250000000163,0.0007626578567786877
0.06875,0.00625,0.005,6.25e-08,-0.0268108,-0.00486838,-0.026063574999999988,-0.004941032500000001,-0.0007472250000000111,7.265250000000091e-05,0.000750748683902454
0.07125,0.00625,0.005,6.25e-08,-0.0230513,-0.00504268,-0.02233827500000001,-0.005085715000000001,-0.0007130249999999887,4.303500000000116e-05,0.0007143225194896097
0.07375,0.00625,0.005,6.25e-08,-0.019218,-0.00503104,-0.01856350000000001,-0.0050461675000000004,-0.0006544999999999884,1.51275000000008e-05,0.0006546747980915676
0.07625,0.00625,0.005,6.25e-08,-0.0154463,-0.00482875,-0.01487127500000001,-0.004820210000000001,-0.0005750249999999894,-8.539999999998722e-06,0.0005750884125288805
0.07875,0.00625,0.005,6.25e-08,-0.0118707,-0.00444154,-0.011391474999999991,-0.0044157325,-0.00047922500000000846,-2.5807499999999824e-05,0.0004799193970671097
0.08125,0.00625,0.005,6.25e-08,-0.00861806,-0.00388643,-0.008244694999999991,-0.003851264999999999,-0.0003733650000000092,-3.5165000000001063e-05,0.00037501733353274076
0.08375,0.00625,0.005,6.25e-08,-0.00579867,-0.00319218,-0.005534317499999994,-0.0031563649999999987,-0.0002643525000000056,-3.581500000000154e-05,0.00026676761137974203
0.08625,0.00625,0.005,6.25e-08,-0.00349826,-0.00239993,-0.0033387275000000055,-0.002372152500000003,-0.00015953249999999452,-2.777749999999723e-05,0.0001619327269655461
0.08875,0.00625,0.005,6.25e-08,-0.00176921,-0.00156466,-0.001702925000000004,-0.0015527625000000024,-6.628499999999601e-05,-1.1897499999997648e-05,6.73442776429402e-05
0.09125,0.00625,0.005,6.25e-08,-0.000622163,-0.000758264,-0.0006297275000000024,-0.0007687967500000023,7.5645000000023905e-06,1.0532750000002262e-05,1.2967670677981603e-05
0.09375,0.00625,0.005,6.25e-08,-1.67863e-05,-7.52408e-05,-7.020477500000008e-05,-0.00011403660500000004,5.341847500000008e-05,3.879580500000003e-05,6.602005723205382e-05
0.09625,0.00625,0.005,6.25e-08,0.000153433,0.000356891,8.6535075e-05,0.0002838760000000006,6.6897925e-05,7.301499999999941e-05,9.902788796246004e-05
0.09875,0.00625,0.005,6.25e-08,7.39179e-05,0.000353715,2.6211124999999758e-05,0.0002505532499999991,4.7706775000000244e-05,0.0001031617500000009,0.00011365862503111382
0.00125,0.00875,0.005,6.25e-08,-6.78424e-05,5.26099e-05,-7.58896e-05,0.0001850453500000001,8.0472e-06,-0.0001324354500000001,0.00013267971150308748
0.00375,0.00875,0.005,6.25e-08,-0.000615128,0.00105299,-0.0007147255,0.0011468325000000001,9.959749999999994e-05,-9.384250000000018e-05,0.00013684325636471832
0.00625,0.00875,0.005,6.25e-08,-0.00194274,0.00239739,-0.002041315000000001,0.002483637500000001,9.857500000000092e-05,-8.624750000000084e-05,0.00013097962391628068
0.00875,0.00875,0.005,6.25e-08,-0.00397078,0.00377991,-0.004056440000000001,0.003880445000000001,8.566000000000129e-05,-0.00010053500000000099,0.00013207922556178326
0.01125,0.00875,0.005,6.25e-08,-0.00662879,0.00504477,-0.006712250000000001,0.005163025000000002,8.346000000000135e-05,-0.000118255000000002,0.0001447405148014912
0.01375,0.00875,0.005,6.25e-08,-0.0098366,0.00611399,-0.009926472500000002,0.006245990000000001,8.987250000000273e-05,-0.00013200000000000104,0.0001596905327696378
0.01625,0.00875,0.005,6.25e-08,-0.0134938,0.00695744,-0.0135972,0.0070969475000000025,0.00010340000000000002,-0.00013950750000000286,0.00017364879082864586
0.01875,0.00875,0.005,6.25e-08,-0.0174926,0.00757275,-0.017614475,0.0077126450000000015,0.00012187500000000046,-0.00013989500000000186,0.00018553739959911218
0.02125,0.00875,0.005,6.25e-08,-0.0217255,0.0079707,-0.021867700000000004,0.008103672500000002,0.00014220000000000552,-0.00013297250000000177,0.000194685710200446
0.02375,0.00875,0.005,6.25e-08,-0.0260892,0.00816617,-0.026249875,0.0082851,0.000160674999999999,-0.00011892999999999973,0.00019990197729137052
0.02625,0.00875,0.005,6.25e-08,-0.0304846,0.00817306,-0.0306586,0.008271205000000002,0.00017400000000000054,-9.81450000000026e-05,0.00019977097142728396
0.02875,0.00875,0.005,6.25e-08,-0.034817,0.0080019,-0.034996025,0.008073070000000002,0.00017902499999999932,-7.117000000000234e-05,0.00019265284717595037
0.03125,0.00875,0.005,6.25e-08,-0.038995,0.00765939,-0.039168100000000004,0.007698125000000002,0.00017310000000000242,-3.8735000000001546e-05,0.00017738097481128284
0.03375,0.00875,0.005,6.25e-08,-0.0429293,0.00714919,-0.043083525000000004,0.007150967500000002,0.00015422500000000783,-1.7775000000020205e-06,0.00015423524283137243
0.03625,0.00875,0.005,6.25e-08,-0.0465329,0.00647347,-0.046653375,0.006435010000000001,0.00012047499999999489,3.845999999999884e-05,0.0001264650039536578
0.03875,0.00875,0.005,6.25e-08,-0.0497205,0.00563486,-0.049791800000000004,0.005554460000000001,7.13000000000033e-05,8.039999999999957e-05,0.00010746092313022629
0.04125,0.00875,0.005,6.25e-08,-0.0524102,0.00463851,-0.0524166,0.004516377500000002,6.400000000003625e-06,0.0001221324999999985,0.00012230007177532512
0.04375,0.00875,0.005,6.25e-08,-0.0545253,0.0034941,-0.05445175000000001,0.0033326250000000005,-7.354999999999168e-05,0.00016147499999999947,0.00017743668765224008
0.04625,0.00875,0.005,6.25e-08,-0.0559966,0.00221738,-0.055830000000000005,0.0020213825000000006,-0.00016659999999999592,0.00019599749999999957,0.0002572364282255693
0.04875,0.00875,0.005,6.25e-08,-0.0567658,0.000831448,-0.0564959,0.0006082087500000001,-0.00026989999999999653,0.00022323924999999994,0.00035025957908465627
0.05125,0.00875,0.005,6.25e-08,-0.0567892,-0.000632616,-0.056409425000000006,-0.0008735260000000002,-0.0003797749999999919,0.0002409100000000002,0.0004497406794198118
0.05375,0.00875,0.005,6.25e-08,-0.0560408,-0.00213578,-0.055549475000000015,-0.0023828700000000005,-0.0004913249999999869,0.0002470900000000006,0.0005499579290500205
0.05625,0.00875,0.005,6.25e-08,-0.0545157,-0.00363177,-0.053916825,-0.0038722500000000007,-0.0005988749999999987,0.00024048000000000081,0.0006453540857738478
0.05875,0.00875,0.005,6.25e-08,-0.0522332,-0.00506848,-0.05153685000000001,-0.005289147499999999,-0.0006963499999999914,0.00022066749999999878,0.0007304775616377532
0.06125,0.00875,0.005,6.25e-08,-0.0492387,-0.00639019,-0.04846085,-0.006578440000000001,-0.0007778500000000035,0.00018825000000000178,0.0008003053698432906
0.06375,0.00875,0.005,6.25e-08,-0.0456043,-0.00754035,-0.04476667499999999,-0.007685320000000004,-0.0008376250000000085,0.0001449700000000038,0.0008500776091187295
0.06625,0.00875,0.005,6.25e-08,-0.0414284,-0.00846494,-0.04055747499999999,-0.008558587500000004,-0.0008709250000000085,9.364750000000373e-05,0.0008759453235683524
0.06875,0.00875,0.005,6.25e-08,-0.0368342,-0.0091161,-0.03595939999999999,-0.009154125000000003,-0.0008748000000000089,3.802500000000229e-05,0.0008756260278366648
0.07125,0.00875,0.005,6.25e-08,-0.0319649,-0.00945587,-0.03111737500000002,-0.009438342500000002,-0.0008475249999999775,-1.7527499999997823e-05,0.0008477062220375711
0.07375,0.00875,0.005,6.25e-08,-0.0269796,-0.00945967,-0.026189325000000013,-0.009391200000000002,-0.0007902749999999861,-6.846999999999756e-05,0.0007932355996329071
0.07625,0.00875,0.005,6.25e-08,-0.0220453,-0.00911929,-0.021339400000000012,-0.009008782500000003,-0.0007058999999999885,-0.00011050749999999727,0.0007144975280266777
0.07875,0.00875,0.005,6.25e-08,-0.0173293,-0.0084452,-0.016729674999999992,-0.008305129999999999,-0.0005996250000000064,-0.00014007000000000082,0.0006157676067519368
0.08125,0.00875,0.005,6.25e-08,-0.0129897,-0.00746807,-0.01251122499999999,-0.007313349999999998,-0.00047847500000000945,-0.00015472000000000229,0.000502868376441599
0.08375,0.00875,0.005,6.25e-08,-0.00916541,-0.00623968,-0.008814802499999991,-0.0060863199999999975,-0.00035060750000000945,-0.00015336000000000256,0.000382681210221063
0.08625,0.00875,0.005,6.25e-08,-0.00596611,-0.00483364,-0.0057411100000000085,-0.004697382500000005,-0.0002249999999999917,-0.00013625749999999527,0.00026304202384076384
0.08875,0.00875,0.005,6.25e-08,-0.00346244,-0.00334675,-0.0033514425000000067,-0.0032418775000000047,-0.00011099749999999306,-0.00010487249999999518,0.00015270457184543443
0.09125,0.00875,0.005,6.25e-08,-0.00167658,-0.001902,-0.0016586675000000042,-0.0018405700000000043,-1.7912499999995753e-05,-6.142999999999578e-05,6.398830015127242e-05
0.09375,0.00875,0.005,6.25e-08,-0.000573439,-0.00065334,-0.0006190860000000002,-0.0006461035000000003,4.564700000000022e-05,-7.23649999999972e-06,4.621704816677517e-05
0.09625,0.00875,0.005,6.25e-08,-5.50323e-05,0.000205584,-0.00012546464999999934,0.00014634885000000135,7.043234999999935e-05,5.923514999999865e-05,9.202998925374679e-05
0.09875,0.00875,0.005,6.25e-08,3.71227e-05,0.000411332,-5.340764999999626e-07,0.00028221174999999916,3.765677649999997e-05,0.00012912025000000083,0.00013449933745722937
0.00125,0.01125,0.005,6.25e-08,-0.000135822,0.000450196,-0.00012391615,0.00058637425,-1.190584999999998e-05,-0.00013617825000000007,0.00013669771408946464
0.00375,0.01125,0.005,6.25e-08,-0.000981239,0.00225734,-0.0010935424999999998,0.0023532024999999997,0.00011230349999999975,-9.586249999999968e-05,0.000147653970547696
0.00625,0.01125,0.005,6.25e-08,-0.00286365,0.00438684,-0.0029752600000000004,0.004477385,0.00011161000000000027,-9.054500000000004e-05,0.0001437191327729195
0.00875,0.01125,0.005,6.25e-08,-0.00559831,0.00649645,-0.005696992500000001,0.006608185000000001,9.868250000000158e-05,-0.00011173500000000083,0.00014907362620950257
0.01125,0.01125,0.005,6.25e-08,-0.00906269,0.00840182,-0.0091647625,0.0085397325,0.00010207249999999966,-0.00013791249999999845,0.00017157695915390127
0.01375,0.01125,0.005,6.25e-08,-0.0131507,0.0100065,-0.013266175,0.010165435,0.0001154750000000003,-0.00015893500000000067,0.00019645561801587727
0.01625,0.01125,0.005,6.25e-08,-0.0177412,0.0112712,-0.017877725,0.011442250000000001,0.00013652500000000192,-0.00017105000000000072,0.00021885423944945816
0.01875,0.01125,0.005,6.25e-08,-0.0227083,0.0121915,-0.022871574999999998,0.012364074999999999,0.00016327499999999745,-0.00017257499999999946,0.00023757284409207837
0.02125,0.01125,0.005,6.25e-08,-0.0279282,0.0127803,-0.028120625000000003,0.0129436,0.000192425000000003,-0.0001632999999999999,0.0002523772387221184
0.02375,0.01125,0.005,6.25e-08,-0.0332814,0.0130564,-0.033501449999999995,0.013200199999999999,0.00022004999999999247,-0.00014379999999999948,0.00026286963023521096
0.02625,0.01125,0.005,6.25e-08,-0.0386527,0.013038,-0.038895125,0.013152674999999999,0.00024242500000000444,-0.00011467499999999985,0.00026817948514008697
0.02875,0.01125,0.005,6.25e-08,-0.043931,0.0127393,-0.044186975,0.012816224999999999,0.0002559750000000055,-7.692499999999852e-05,0.0002672838495869187
0.03125,0.01125,0.005,6.25e-08,-0.0490086,0.0121699,-0.049266025,0.012201575,0.00025742499999999863,-3.167499999999837e-05,0.0002593664131108714
0.03375,0.01125,0.005,6.25e-08,-0.0537801,0.0113357,-0.054024174999999994,0.011316075,0.00024407499999999638,1.9625000000000545e-05,0.00024486270898198904
0.03625,0.01125,0.005,6.25e-08,-0.0581425,0.0102412,-0.058356349999999994,0.01016588,0.0002138499999999946,7.532000000000025e-05,0.00022672654211626332
0.03875,0.01125,0.005,6.25e-08,-0.0619957,0.00889232,-0.06216115,0.00875909,0.00016544999999999754,0.0001332299999999998,0.00021242395203931015
0.04125,0.01125,0.005,6.25e-08,-0.0652437,0.00729897,-0.06534214999999999,0.007108307500000001,9.844999999998605e-05,0.00019066249999999917,0.0002145800349665526
0.04375,0.01125,0.005,6.25e-08,-0.0677971,0.00547816,-0.067810575,0.0052335725,1.3474999999998905e-05,0.00024458749999999984,0.000244958406226955
0.04625,0.01125,0.005,6.25e-08,-0.0695761,0.00345606,-0.06948822499999999,0.0031644075,-8.787500000001502e-05,0.00029165250000000005,0.00030460334269546795
0.04875,0.01125,0.005,6.25e-08,-0.0705137,0.00126972,-0.070311,0.0009412917500000001,-0.0002027000000000001,0.00032842824999999994,0.000385943526177163
0.05125,0.01125,0.005,6.25e-08,-0.0705596,-0.00103217,-0.070232725,-0.0013837975,-0.00032687500000000425,0.0003516274999999999,0.00048009287057948773
0.05375,0.01125,0.005,6.25e-08,-0.0696841,-0.00338935,-0.069229025,-0.0037478025,-0.00045507499999999923,0.0003584524999999997,0.0005792939239982145
0.05625,0.01125,0.005,6.25e-08,-0.0678818,-0.00573108,-0.06730055,-0.006078065,-0.0005812500000000054,0.0003469849999999993,0.0006769417646481902
0.05875,0.01125,0.005,6.25e-08,-0.0651743,-0.00797831,-0.06447592499999999,-0.008294772499999997,-0.000698375000000015,0.00031646249999999626,0.0007667308227345947
0.06125,0.01125,0.005,6.25e-08,-0.061613,-0.0100468,-0.060813425,-0.0103144025,-0.0007995750000000038,0.0002676025000000002,0.0008431674084256673
0.06375,0.01125,0.005,6.25e-08,-0.0572795,-0.0118515,-0.05640154999999999,-0.012054075000000004,-0.0008779500000000093,0.00020257500000000518,0.0009010176652680115
0.06625,0.01125,0.005,6.25e-08,-0.0522859,-0.0133107,-0.05135814999999999,-0.013436150000000003,-0.0009277500000000119,0.00012545000000000264,0.0009361932305886551
0.06875,0.01125,0.005,6.25e-08,-0.0467722,-0.0143524,-0.04582762499999998,-0.014393625000000002,-0.0009445750000000169,4.122500000000237e-05,0.0009454741832805549
0.07125,0.01125,0.005,6.25e-08,-0.040903,-0.0149188,-0.039976850000000015,-0.014875175000000001,-0.0009261499999999867,-4.3624999999998526e-05,0.0009271768780146403
0.07375,0.01125,0.005,6.25e-08,-0.0348614,-0.0149723,-0.033988575000000014,-0.0148497,-0.0008728249999999868,-0.00012259999999999875,0.0008813933518157355
0.07625,0.01125,0.005,6.25e-08,-0.0288413,-0.0144997,-0.02805400000000002,-0.014310325000000002,-0.0007872999999999804,-0.00018937499999999857,0.0008097556301903486
0.07875,0.01125,0.005,6.25e-08,-0.0230385,-0.0135159,-0.022363449999999986,-0.013277399999999998,-0.0006750500000000138,-0.0002385000000000026,0.0007159432606708579
0.08125,0.01125,0.005,6.25e-08,-0.0176397,-0.0120663,-0.017096049999999988,-0.011800199999999997,-0.0005436500000000136,-0.0002661000000000035,0.0006052805403282156
0.08375,0.01125,0.005,6.25e-08,-0.0128118,-0.0102281,-0.012409099999999989,-0.009957942499999994,-0.00040270000000001104,-0.0002701575000000067,0.0004849251125753981
0.08625,0.01125,0.005,6.25e-08,-0.00868977,-0.00811119,-0.00842731500000001,-0.007860567500000006,-0.00026245499999998957,-0.0002506224999999952,0.00036289704398250773
0.08875,0.01125,0.005,6.25e-08,-0.00536673,-0.00585823,-0.005232630000000008,-0.005649312500000006,-0.00013409999999999204,-0.00020891749999999397,0.00024825255649488356
0.09125,0.01125,0.005,6.25e-08,-0.0028831,-0.00364682,-0.0028552700000000057,-0.0034992025000000057,-2.7829999999994318e-05,-0.00014761749999999416,0.00015021795900040701
0.09375,0.01125,0.005,6.25e-08,-0.00121815,-0.00169186,-0.0012669275,-0.0016236825,4.87774999999998e-05,-6.817749999999995e-05,8.382968455445823e-05
0.09625,0.01125,0.005,6.25e-08,-0.000296213,-0.000251102,-0.0003767414999999984,-0.00028295864999999733,8.052849999999845e-05,3.185664999999732e-05,8.660072437036586e-05
0.09875,0.01125,0.005,6.25e-08,-4.36491e-06,0.000345266,-3.141252499999962e-05,0.0002018414999999998,2.704761499999962e-05,0.00014342450000000019,0.00014595259736448085
0.00125,0.01375,0.005,6.25e-08,-0.000199568,0.00103972,-0.00016999015000000001,0.0011687382499999998,-2.9577849999999997e-05,-0.0001290182499999997,0.00013236524484805262
0.00375,0.01375,0.005,6.25e-08,-0.00133765,0.00391733,-0.0014639599999999998,0.00401571,0.00012630999999999992,-9.837999999999947e-05,0.00016010259367043334
0.00625,0.01375,0.005,6.25e-08,-0.00377428,0.00701107,-0.0038984725000000007,0.007112775,0.00012419250000000057,-0.00010170499999999968,0.00016052315746100334
0.00875,0.01375,0.005,6.25e-08,-0.00721563,0.0099697,-0.007326667500000001,0.01010215,0.00011103750000000107,-0.00013245000000000097,0.00017283613310373064
0.01125,0.01375,0.005,6.25e-08,-0.0114811,0.0125986,-0.01160225,0.012767,0.00012115000000000042,-0.00016840000000000084,0.00020745091588132453
0.01375,0.01375,0.005,6.25e-08,-0.0164339,0.0147945,-0.0165772,0.014992525,0.00014329999999999898,-0.00019802499999999924,0.00024443565743360646
0.01625,0.01375,0.005,6.25e-08,-0.0219299,0.0165163,-0.022103275,0.016732175000000002,0.00017337499999999992,-0.0002158750000000008,0.00027687705981175166
0.01875,0.01375,0.005,6.25e-08,-0.0278248,0.0177608,-0.02803435,0.017980700000000002,0.00020954999999999932,-0.00021990000000000204,0.00030375518514092994
0.02125,0.01375,0.005,6.25e-08,-0.0339799,0.0185447,-0.03422842500000001,0.018754200000000002,0.0002485250000000064,-0.00020950000000000135,0.00032504603616257766
0.02375,0.01375,0.005,6.25e-08,-0.0402624,0.0188914,-0.040548600000000004,0.01907665,0.0002862000000000073,-0.00018525000000000139,0.0003409222821993375
0.02625,0.01375,0.005,6.25e-08,-0.0465442,0.0188235,-0.046862825,0.018971575,0.000318624999999996,-0.00014807500000000098,0.0003513518126465235
0.02875,0.01375,0.005,6.25e-08,-0.0527016,0.0183588,-0.053043575,0.018458,0.0003419750000000013,-9.919999999999721e-05,0.0003560723811600674
0.03125,0.01375,0.005,6.25e-08,-0.0586141,0.0175096,-0.0589667,0.017549925,0.0003525999999999946,-4.032500000000078e-05,0.00035489838774640305
0.03375,0.01375,0.005,6.25e-08,-0.0641637,0.0162844,-0.064511175,0.016257499999999998,0.00034747499999999987,2.690000000000331e-05,0.0003485146849488556
0.03625,0.01375,0.005,6.25e-08,-0.069235,0.0146906,-0.06955905,0.0145904,0.0003240499999999924,0.00010019999999999994,0.0003391879162057444
0.03875,0.01375,0.005,6.25e-08,-0.0737157,0.0127378,-0.07399644999999999,0.012561150000000002,0.0002807499999999963,0.00017664999999999868,0.0003317013491078947
0.04125,0.01375,0.005,6.25e-08,-0.0774987,0.0104421,-0.077715225,0.010189050000000002,0.0002165249999999952,0.0002530499999999977,0.00033304260707152285
0.04375,0.01375,0.005,6.25e-08,-0.0804841,0.0078289,-0.080615675,0.007503695,0.0001315749999999949,0.0003252049999999994,0.00035081372927808606
0.04625,0.01375,0.005,6.25e-08,-0.0825824,0.00493644,-0.082609775,0.00454756,2.7374999999996152e-05,0.0003888800000000003,0.000389842333546525
0.04875,0.01375,0.005,6.25e-08,-0.0837184,0.00181744,-0.08362502499999999,0.0013779589999999998,-9.337500000000665e-05,0.00043948100000000025,0.00044929104151540954
0.05125,0.01375,0.005,6.25e-08,-0.083835,-0.00145976,-0.08360822500000001,-0.0019323324999999999,-0.0002267749999999985,0.00047257249999999983,0.0005241675956993613
0.05375,0.01375,0.005,6.25e-08,-0.0828973,-0.0048114,-0.08252994999999999,-0.0052956950000000004,-0.0003673500000000024,0.00048429500000000004,0.0006078549740892163
0.05625,0.01375,0.005,6.25e-08,-0.0808964,-0.00813977,-0.08038775000000001,-0.0086115925,-0.0005086499999999855,0.00047182249999999995,0.0006937876433075435
0.05875,0.01375,0.005,6.25e-08,-0.077853,-0.011336,-0.077209725,-0.011769824999999996,-0.0006432749999999987,0.0004338249999999953,0.0007758910079708323
0.06125,0.01375,0.005,6.25e-08,-0.0738198,-0.0142844,-0.07305652500000001,-0.014655175,-0.0007632749999999938,0.00037077500000000027,0.0008485651573391349
0.06375,0.01375,0.005,6.25e-08,-0.0688834,-0.0168676,-0.06802244999999998,-0.017152750000000005,-0.0008609500000000131,0.00028515000000000484,0.0009069429006282729
0.06625,0.01375,0.005,6.25e-08,-0.0631639,-0.018973,-0.06223469999999999,-0.019154925000000003,-0.000929200000000005,0.00018192500000000292,0.000946841774334556
0.06875,0.01375,0.005,6.25e-08,-0.0568136,-0.0205003,-0.05585132499999998,-0.02056795,-0.0009622750000000194,6.765000000000243e-05,0.0009646500391981735
0.07125,0.01375,0.005,6.25e-08,-0.0500135,-0.0213685,-0.04905657500000002,-0.021319,-0.0009569249999999835,-4.949999999999746e-05,0.0009582044174522304
0.07375,0.01375,0.005,6.25e-08,-0.0429671,-0.0215235,-0.042054950000000015,-0.021362850000000003,-0.0009121499999999866,-0.0001606499999999983,0.0009261889898935178
0.07625,0.01375,0.005,6.25e-08,-0.0358928,-0.0209443,-0.03506227500000002,-0.020687425000000006,-0.0008305249999999847,-0.0002568749999999932,0.0008693425914160488
0.07875,0.01375,0.005,6.25e-08,-0.0290138,-0.0196486,-0.02829644999999998,-0.019317999999999995,-0.0007173500000000194,-0.0003306000000000038,0.0007898654204989799
0.08125,0.01375,0.005,6.25e-08,-0.0225462,-0.017696,-0.021965299999999983,-0.017320049999999993,-0.0005809000000000161,-0.00037595000000000683,0.0006919416250667566
0.08375,0.01375,0.005,6.25e-08,-0.016687,-0.0151902,-0.016255299999999986,-0.014800499999999992,-0.000431700000000014,-0.0003897000000000067,0.0005815762890627655
0.08625,0.01375,0.005,6.25e-08,-0.0116007,-0.0122786,-0.011319200000000014,-0.011907850000000008,-0.0002814999999999866,-0.0003707499999999926,0.00046550812291515066
0.08875,0.01375,0.005,6.25e-08,-0.00740839,-0.0091524,-0.00726531000000001,-0.008831910000000009,-0.00014307999999998988,-0.000320489999999991,0.0003509782422031191
0.09125,0.01375,0.005,6.25e-08,-0.00417551,-0.00604591,-0.004148262500000007,-0.005804155000000008,-2.7247499999993006e-05,-0.00024175499999999194,0.0002432856475035996
0.09375,0.01375,0.005,6.25e-08,-0.00190324,-0.00323563,-0.00196297,-0.0030992375,5.9730000000000026e-05,-0.0001363925000000001,0.00014889790783033195
0.09625,0.01375,0.005,6.25e-08,-0.000545861,-0.00104136,-0.0006426637499999975,-0.0010391427499999955,9.680274999999744e-05,-2.2172500000045264e-06,9.68281395314633e-05
0.09875,0.01375,0.005,6.25e-08,-4.42873e-05,0.000149779,-6.304489999999928e-05,-4.892774999989207e-07,1.875759999999928e-05,0.00015026827749999892,0.0001514344834592724
0.00125,0.01625,0.005,6.25e-08,-0.000258515,0.00181181,-0.00021352699999999998,0.0019242550000000001,-4.498800000000004e-05,-0.00011244500000000008,0.00012111068561031277
0.00375,0.01625,0.005,6.25e-08,-0.00167667,0.00602163,-0.0018179874999999998,0.0061228674999999995,0.00014131749999999992,-0.00010123749999999942,0.0001738380488054898
0.00625,0.01625,0.005,6.25e-08,-0.00465162,0.0102605,-0.00478803,0.0103800725,0.00013641,-0.00011957249999999982,0.00018139810047585934
0.00875,0.01625,0.005,6.25e-08,-0.00878295,0.0141894,-0.008905157500000002,0.01435225,0.00012220750000000238,-0.00016285000000000084,0.000203604507701207
0.01125,0.01625,0.005,6.25e-08,-0.0138304,0.0176203,-0.013969375000000001,0.01783015,0.00013897500000000125,-0.000209850000000001,0.00025169639076673465
0.01375,0.01625,0.005,6.25e-08,-0.019624,0.0204562,-0.019794475,0.02070445,0.0001704749999999998,-0.00024824999999999847,0.0003011474524630736
0.01625,0.01625,0.005,6.25e-08,-0.0259946,0.0226618,-0.026205575000000002,0.022934275,0.00021097500000000213,-0.0002724750000000012,0.00034460568226598
0.01875,0.01625,0.005,6.25e-08,-0.0327797,0.0242411,-0.0330376,0.024520575,0.0002578999999999984,-0.0002794749999999978,0.0003802876353827428
0.02125,0.01625,0.005,6.25e-08,-0.0398263,0.0252174,-0.0401344,0.025485925,0.00030809999999999865,-0.0002685249999999986,0.0004086946116906833
0.02375,0.01625,0.005,6.25e-08,-0.0469902,0.0256202,-0.0473475,0.0258603,0.0003572999999999979,-0.00024010000000000004,0.00043047799014583605
0.02625,0.01625,0.005,6.25e-08,-0.054133,0.0254768,-0.054534625,0.0256722,0.0004016250000000027,-0.00019539999999999835,0.0004466360941807116
0.02875,0.01625,0.005,6.25e-08,-0.0611214,0.024809,-0.061558325,0.024944775,0.00043692499999999773,-0.0001357749999999977,0.00045753503281169343
0.03125,0.01625,0.005,6.25e-08,-0.0678253,0.023632,-0.06828475,0.023695024999999998,0.00045945000000000014,-6.30249999999978e-05,0.00046375257748609855
0.03375,0.01625,0.005,6.25e-08,-0.074117,0.0219569,-0.074583,0.02193625,0.0004659999999999942,2.065000000000053e-05,0.0004664573104797422
0.03625,0.01625,0.005,6.25e-08,-0.0798716,0.019794,-0.0803252,0.019681425000000002,0.00045359999999999845,0.0001125749999999967,0.0004673607713800955
0.03875,0.01625,0.005,6.25e-08,-0.0849675,0.0171572,-0.08538747499999999,0.016947925,0.0004199749999999891,0.00020927500000000182,0.00046922811749722714
0.04125,0.01625,0.005,6.25e-08,-0.089288,0.0140689,-0.089651825,0.0137622,0.0003638249999999982,0.00030670000000000003,0.000475850313255123
0.04375,0.01625,0.005,6.25e-08,-0.092724,0.0105638,-0.09300884999999999,0.0101638675,0.0002848499999999893,0.00039993250000000015,0.0004910046100152666
0.04625,0.01625,0.005,6.25e-08,-0.0951772,0.00669268,-0.09536082500000001,0.006209225,0.0001836250000000067,0.0004834550000000007,0.0005171526637754108
0.04875,0.01625,0.005,6.25e-08,-0.0965635,0.00252489,-0.096626025,0.001973285,6.252500000000771e-05,0.0005516050000000002,0.0005551373268390454
0.05125,0.01625,0.005,6.25e-08,-0.0968175,-0.0018506,-0.09674254999999998,-0.00244926,-7.495000000001806e-05,0.00059866,0.0006033334882964833
0.05375,0.01625,0.005,6.25e-08,-0.0958967,-0.00632527,-0.09567287499999999,-0.0069447625,-0.00022382500000001082,0.0006194924999999999,0.0006586870183791804
0.05625,0.01625,0.005,6.25e-08,-0.0937853,-0.0107728,-0.09340784999999999,-0.011382924999999999,-0.0003774500000000153,0.0006101249999999978,0.000717440602506583
0.05875,0.01625,0.005,6.25e-08,-0.0904986,-0.0150526,-0.089970425,-0.015620949999999995,-0.0005281749999999918,0.0005683499999999952,0.0007758805018332307
0.06125,0.01625,0.005,6.25e-08,-0.086086,-0.0190147,-0.085418625,-0.019508599999999997,-0.0006673749999999978,0.0004938999999999985,0.0008302569485556839
0.06375,0.01625,0.005,6.25e-08,-0.0806336,-0.0225062,-0.07984719999999998,-0.022895925000000008,-0.0007864000000000204,0.0003897250000000074,0.000877673364996932
0.06625,0.01625,0.005,6.25e-08,-0.0742646,-0.0253799,-0.07338804999999998,-0.025640850000000007,-0.0008765500000000176,0.0002609500000000063,0.0009145680975192794
0.06875,0.01625,0.005,6.25e-08,-0.0671391,-0.0275027,-0.06620822499999998,-0.027618375000000004,-0.0009308750000000116,0.00011567500000000258,0.0009380346322231509
0.07125,0.01625,0.005,6.25e-08,-0.0594506,-0.0287657,-0.05850657500000002,-0.028729775,-0.0009440249999999803,-3.592500000000262e-05,0.0009447083180802226
0.07375,0.01625,0.005,6.25e-08,-0.0514212,-0.0290937,-0.050507000000000024,-0.028911150000000004,-0.0009141999999999761,-0.0001825499999999966,0.0009322478975572726
0.07625,0.01625,0.005,6.25e-08,-0.0432927,-0.0284538,-0.04245015000000002,-0.028141425,-0.0008425499999999836,-0.00031237500000000015,0.0008985925901792049
0.07875,0.01625,0.005,6.25e-08,-0.0353167,-0.0268631,-0.03458252499999998,-0.026447999999999992,-0.0007341750000000175,-0.0004151000000000085,0.0008433984471322157
0.08125,0.01625,0.005,6.25e-08,-0.0277419,-0.0243933,-0.027144149999999978,-0.023910899999999992,-0.0005977500000000219,-0.0004824000000000078,0.0007681242233519483
0.08375,0.01625,0.005,6.25e-08,-0.0207996,-0.0211734,-0.020355049999999982,-0.020664374999999992,-0.00044455000000001924,-0.0005090250000000067,0.0006758188759756744
0.08625,0.01625,0.005,6.25e-08,-0.01469,-0.0173893,-0.014402025000000016,-0.01689635000000001,-0.00028797499999998373,-0.0004929499999999885,0.0005709021834999226
0.08875,0.01625,0.005,6.25e-08,-0.00956855,-0.0132822,-0.009426482500000012,-0.012846950000000011,-0.00014206749999998852,-0.00043524999999998773,0.0004578490330406258
0.09125,0.01625,0.005,6.25e-08,-0.00553303,-0.00914475,-0.005514372500000009,-0.008805632500000011,-1.8657499999991112e-05,-0.0003391174999999892,0.00033963035952707814
0.09375,0.01625,0.005,6.25e-08,-0.00261276,-0.00531653,-0.002690175,-0.0051092625000000004,7.741499999999995e-05,-0.00020726749999999943,0.00022125301982402356
0.09625,0.01625,0.005,6.25e-08,-0.000796709,-0.00217923,-0.0009155302499999965,-0.0021404474999999934,0.00011882124999999647,-3.878250000000647e-05,0.00012499028665385227
0.09875,0.01625,0.005,6.25e-08,-8.14216e-05,-0.000174124,-9.458507499999892e-05,-0.000327043999999997,1.3163474999998911e-05,0.00015291999999999698,0.0001534855155188094
0.00125,0.01875,0.005,6.25e-08,-0.000312964,0.00275556,-0.0002543575,0.00284325,-5.860650000000001e-05,-8.768999999999964e-05,0.00010547159779888584
0.00375,0.01875,0.005,6.25e-08,-0.00199545,0.00855067,-0.0021520899999999997,0.0086547775,0.00015663999999999956,-0.00010410750000000059,0.00018808099626557167
0.00625,0.01875,0.005,6.25e-08,-0.00548379,0.0141126,-0.005632000000000001,0.014256225,0.00014821000000000105,-0.0001436250000000014,0.00020638397400234523
0.00875,0.01875,0.005,6.25e-08,-0.0102768,0.019131,-0.010408925000000003,0.019334175000000002,0.00013212500000000203,-0.00020317500000000335,0.0002423573730052418
0.01125,0.01875,0.005,6.25e-08,-0.0160758,0.0234398,-0.016230800000000004,0.023702650000000002,0.00015500000000000236,-0.00026285000000000197,0.00030514770603758725
0.01375,0.01875,0.005,6.25e-08,-0.0226773,0.02696,-0.022873175000000003,0.027271125,0.0001958750000000016,-0.0003111249999999989,0.00036764899190668254
0.01625,0.01875,0.005,6.25e-08,-0.0298867,0.029672,-0.030133900000000005,0.030014000000000002,0.00024720000000000644,-0.000342000000000002,0.0004219855921711126
0.01875,0.01875,0.005,6.25e-08,-0.0375231,0.0315924,-0.03782905,0.031944925,0.0003059500000000062,-0.00035252499999999937,0.0004667754043702424
0.02125,0.01875,0.005,6.25e-08,-0.0454203,0.0327553,-0.04578897500000001,0.033096999999999994,0.00036867500000001274,-0.0003416999999999934,0.0005026730006923038
0.02375,0.01875,0.005,6.25e-08,-0.0534242,0.0331984,-0.053855275,0.033508325,0.000431075000000003,-0.0003099249999999956,0.0005309229334376129
0.02625,0.01875,0.005,6.25e-08,-0.0613882,0.0329551,-0.061877525,0.0332136,0.0004893250000000057,-0.0002585000000000018,0.0005534087148076063
0.02875,0.01875,0.005,6.25e-08,-0.0691718,0.0320515,-0.0697111,0.032240275,0.0005392999999999926,-0.00018877500000000214,0.000571384713328063
0.03125,0.01875,0.005,6.25e-08,-0.076638,0.0305059,-0.077215125,0.030608575,0.0005771249999999978,-0.00010267499999999999,0.00058618718959902
0.03375,0.01875,0.005,6.25e-08,-0.0836524,0.0283319,-0.0842516,0.02833445,0.0005991999999999942,-2.5500000000004686e-06,0.0005992054259600734
0.03625,0.01875,0.005,6.25e-08,-0.0900829,0.0255425,-0.09068525000000001,0.025434175,0.0006023500000000154,0.0001083249999999994,0.000612012931338071
0.03875,0.01875,0.005,6.25e-08,-0.0958005,0.022156,-0.096384275,0.021929775,0.0005837750000000086,0.00022622500000000004,0.0006260758749944052
0.04125,0.01875,0.005,6.25e-08,-0.100681,0.0182008,-0.10122205000000001,0.017854425,0.0005410500000000013,0.00034637499999999946,0.0006424256712842358
0.04375,0.01875,0.005,6.25e-08,-0.104606,0.0137206,-0.1050805,0.013257625,0.0004744999999999888,0.00046297499999999915,0.0006629450208161976
0.04625,0.01875,0.005,6.25e-08,-0.107469,0.00877866,-0.10785125000000001,0.00820907,0.0003822500000000145,0.00056959,0.0006859648902094123
0.04875,0.01875,0.005,6.25e-08,-0.109175,0.0034607,-0.109443,0.0028014500000000005,0.00026800000000000435,0.0006592499999999997,0.0007116421590237623
0.05125,0.01875,0.005,6.25e-08,-0.10965,-0.00212366,-0.10978125,-0.00284856,0.00013124999999999942,0.0007249000000000001,0.0007366862103365314
0.05375,0.01875,0.005,6.25e-08,-0.108839,-0.00784089,-0.10881750000000001,-0.00860086,-2.1499999999993746e-05,0.0007599700000000004,0.0007602740630193827
0.05625,0.01875,0.005,6.25e-08,-0.106717,-0.0135354,-0.10653225,-0.014294425,-0.0001847500000000113,0.000759025,0.0007811859657757583
0.05875,0.01875,0.005,6.25e-08,-0.103287,-0.0190332,-0.10293725000000001,-0.019751824999999994,-0.0003497499999999959,0.0007186249999999936,0.0007992164619957398
0.06125,0.01875,0.005,6.25e-08,-0.0985918,-0.024148,-0.098082475,-0.024785575,-0.000509324999999991,0.0006375750000000013,0.0008160354381091501
0.06375,0.01875,0.005,6.25e-08,-0.0927101,-0.0286883,-0.09205767499999998,-0.02920652500000001,-0.0006524250000000259,0.000518225000000011,0.0008331959740961577
0.06625,0.01875,0.005,6.25e-08,-0.0857633,-0.0324676,-0.08499414999999998,-0.03283367500000001,-0.000769150000000024,0.00036607500000000737,0.0008518231202104356
0.06875,0.01875,0.005,6.25e-08,-0.0779146,-0.0353151,-0.07706407499999998,-0.03550527500000001,-0.0008505250000000186,0.0001901750000000077,0.0008715269968566865
0.07125,0.01875,0.005,6.25e-08,-0.069367,-0.0370878,-0.06847755000000001,-0.037090599999999994,-0.0008894499999999861,2.799999999997249e-06,0.000889454407207011
0.07375,0.01875,0.005,6.25e-08,-0.0603589,-0.0376832,-0.059477100000000026,-0.0375011,-0.0008817999999999743,-0.00018209999999999754,0.000900406380474924
0.07625,0.01875,0.005,6.25e-08,-0.0511559,-0.0370506,-0.05032862500000003,-0.036700925,-0.0008272749999999676,-0.0003496750000000007,0.0008981405965938445
0.07875,0.01875,0.005,6.25e-08,-0.0420406,-0.035201,-0.04131037499999997,-0.03471497499999999,-0.0007302250000000288,-0.0004860250000000149,0.0008771823363759991
0.08125,0.01875,0.005,6.25e-08,-0.033298,-0.0322143,-0.03269894999999998,-0.03163449999999999,-0.0005990500000000246,-0.0005798000000000123,0.0008336839584039288
0.08375,0.01875,0.005,6.25e-08,-0.0252004,-0.0282426,-0.02475437499999998,-0.027619349999999987,-0.00044602500000002,-0.0006232500000000127,0.0007664064607798095
0.08625,0.01875,0.005,6.25e-08,-0.0179905,-0.0235099,-0.01770477500000002,-0.022897000000000015,-0.00028572499999997975,-0.0006128999999999857,0.0006762286489235507
0.08875,0.01875,0.005,6.25e-08,-0.0118664,-0.0183085,-0.011732300000000015,-0.017759075000000013,-0.00013409999999998423,-0.0005494249999999853,0.000565553393257418
0.09125,0.01875,0.005,6.25e-08,-0.00696551,-0.0129921,-0.0069615125000000114,-0.012555475000000016,-3.997499999988836e-06,-0.0004366249999999839,0.0004366432990797361
0.09375,0.01875,0.005,6.25e-08,-0.00335134,-0.00796631,-0.003452155,-0.007687797499999999,0.00010081500000000019,-0.00027851250000000133,0.0002961973613678062
0.09625,0.01875,0.005,6.25e-08,-0.00105114,-0.00367785,-0.0011970224999999955,-0.00360176749999999,0.00014588249999999536,-7.608250000001003e-05,0.0001645303941905573
0.09875,0.01875,0.005,6.25e-08,-0.000116658,-0.000625283,-0.00012640114999999859,-0.0007791384999999944,9.743149999998592e-06,0.00015385549999999437,0.00015416369174410278
0.00125,0.02125,0.005,6.25e-08,-0.000363205,0.00385954,-0.00029236775,0.00391526,-7.083725e-05,-5.572000000000042e-05,9.012565887449893e-05
0.00375,0.02125,0.005,6.25e-08,-0.00229252,0.0114803,-0.0024640950000000003,0.011586925000000001,0.0001715750000000002,-0.00010662500000000082,0.00020200710692943515
0.00625,0.02125,0.005,6.25e-08,-0.0062634,0.0185365,-0.006422675000000002,0.018709550000000002,0.00015927500000000212,-0.00017305000000000098,0.00023519104601366314
0.00875,0.02125,0.005,6.25e-08,-0.0116812,0.0247602,-0.011821875000000004,0.025012850000000007,0.00014067500000000503,-0.00025265000000000704,0.0002891737853350559
0.01125,0.02125,0.005,6.25e-08,-0.0181923,0.0300205,-0.018360925,0.030347825000000002,0.00016862499999999864,-0.0003273250000000033,0.00036820652662602506
0.01375,0.02125,0.005,6.25e-08,-0.0255602,0.0342679,-0.0257787,0.03465445,0.00021849999999999994,-0.00038655000000000633,0.00044403057608683307
0.01625,0.02125,0.005,6.25e-08,-0.0335662,0.037507,-0.03384672500000001,0.037931950000000006,0.0002805250000000106,-0.00042495000000000727,0.0005091922801113663
0.01875,0.02125,0.005,6.25e-08,-0.0420113,0.0397742,-0.042362875,0.040213725000000006,0.0003515749999999998,-0.0004395250000000031,0.0005628385259112978
0.02125,0.02125,0.005,6.25e-08,-0.0507173,0.0411181,-0.051145150000000014,0.041547925000000006,0.00042785000000001433,-0.00042982500000000867,0.0006064694164795284
0.02375,0.02125,0.005,6.25e-08,-0.0595215,0.0415878,-0.060026575000000006,0.0419836,0.0005050750000000076,-0.0003958000000000017,0.0006416840309880004
0.02625,0.02125,0.005,6.25e-08,-0.0682713,0.0412245,-0.068850625,0.04156317500000001,0.0005793250000000055,-0.0003386750000000105,0.0006710575319970811
0.02875,0.02125,0.005,6.25e-08,-0.0768211,0.040059,-0.07746767500000001,0.040319100000000004,0.0006465750000000103,-0.00026010000000000616,0.0006969298677951868
0.03125,0.02125,0.005,6.25e-08,-0.0850294,0.0381131,-0.0857323,0.038274775000000004,0.0007028999999999924,-0.00016167500000000695,0.0007212539189668169
0.03375,0.02125,0.005,6.25e-08,-0.0927572,0.0354027,-0.0935019,0.03544875,0.0007447000000000009,-4.604999999999887e-05,0.0007461224380086698
0.03625,0.02125,0.005,6.25e-08,-0.0998677,0.0319433,-0.10063582500000001,0.03185985000000001,0.0007681250000000084,8.344999999999186e-05,0.000772644755450402
0.03875,0.02125,0.005,6.25e-08,-0.106226,0.0277566,-0.10699675,0.027533800000000004,0.0007707500000000006,0.00022279999999999522,0.0008023063021689402
0.04125,0.02125,0.005,6.25e-08,-0.111702,0.0228763,-0.11244950000000001,0.022509725000000005,0.000747500000000012,0.000366574999999994,0.00083254638346762
0.04375,0.02125,0.005,6.25e-08,-0.116168,0.0173543,-0.11686800000000001,0.016845750000000003,0.00070000000000002,0.0005085499999999965,0.0008652300864510113
0.04625,0.02125,0.005,6.25e-08,-0.11951,0.011265,-0.12013375000000001,0.010623862500000003,0.0006237500000000062,0.000641137499999998,0.000894495028720817
0.04875,0.02125,0.005,6.25e-08,-0.121621,0.00470942,-0.12214225000000002,0.003953032500000001,0.0005212500000000148,0.0007563874999999987,0.0009185987223245325
0.05125,0.02125,0.005,6.25e-08,-0.122414,-0.0021833,-0.12280600000000001,-0.0030290399999999998,0.00039200000000001733,0.0008457399999999998,0.000932169591651655
0.05375,0.02125,0.005,6.25e-08,-0.12182,-0.00925532,-0.12206100000000002,-0.0101563725,0.00024100000000001898,0.0009010525000000009,0.0009327253656657252
0.05625,0.02125,0.005,6.25e-08,-0.119799,-0.0163219,-0.11987025000000001,-0.017237050000000004,7.12500000000088e-05,0.0009151500000000035,0.0009179194327390654
0.05875,0.02125,0.005,6.25e-08,-0.116338,-0.023175,-0.1162315,-0.024057924999999994,-0.00010649999999999549,0.0008829249999999927,0.0008893249156663644
0.06125,0.02125,0.005,6.25e-08,-0.111466,-0.02959,-0.11117925000000001,-0.030391625000000005,-0.0002867499999999884,0.0008016250000000037,0.0008513684297206465
0.06375,0.02125,0.005,6.25e-08,-0.105249,-0.0353335,-0.10479274999999999,-0.03600605000000002,-0.00045625000000000526,0.0006725500000000217,0.0008127038605790144
0.06625,0.02125,0.005,6.25e-08,-0.0978008,-0.0401749,-0.09719639999999999,-0.04067582500000002,-0.0006044000000000049,0.0005009250000000201,0.0007850001373407689
0.06875,0.02125,0.005,6.25e-08,-0.0892826,-0.0438993,-0.08856302499999999,-0.04419582500000001,-0.000719575000000014,0.0002965250000000058,0.0007782771076230005
0.07125,0.02125,0.005,6.25e-08,-0.079903,-0.0463225,-0.07911082500000004,-0.046395525,-0.0007921749999999644,7.30249999999974e-05,0.0007955337084309774
0.07375,0.02125,0.005,6.25e-08,-0.0699146,-0.0473063,-0.06909935000000003,-0.047153675000000006,-0.0008152499999999618,-0.0001526249999999965,0.000829413620050296
0.07625,0.02125,0.005,6.25e-08,-0.0596073,-0.0467738,-0.058821050000000034,-0.04641187500000001,-0.0007862499999999675,-0.0003619249999999852,0.0008655511354766616
0.07875,0.02125,0.005,6.25e-08,-0.0492969,-0.0447226,-0.04858909999999998,-0.0441856,-0.0007078000000000154,-0.0005370000000000028,0.0008884536228751756
0.08125,0.02125,0.005,6.25e-08,-0.0393103,-0.0412347,-0.03872239999999998,-0.04057207499999999,-0.0005879000000000162,-0.000662625000000007,0.000885831982164241
0.08375,0.02125,0.005,6.25e-08,-0.0299676,-0.0364816,-0.02952842499999998,-0.03575369999999999,-0.0004391750000000208,-0.0007279000000000105,0.0008501253381855134
0.08625,0.02125,0.005,6.25e-08,-0.0215628,-0.030724,-0.021285150000000023,-0.029996800000000025,-0.0002776499999999765,-0.0007271999999999765,0.0007784018001648973
0.08875,0.02125,0.005,6.25e-08,-0.0143458,-0.0243067,-0.014224350000000021,-0.023646025000000022,-0.00012144999999997956,-0.0006606749999999786,0.0006717451586166935
0.09125,0.02125,0.005,6.25e-08,-0.00850202,-0.0176479,-0.008517240000000016,-0.017115250000000023,1.522000000001543e-05,-0.0005326499999999783,0.000532867404613922
0.09375,0.02125,0.005,6.25e-08,-0.00413576,-0.0112248,-0.004264837500000001,-0.010875777500000001,0.00012907750000000148,-0.0003490224999999989,0.000372125928299144
0.09625,0.02125,0.005,6.25e-08,-0.0013164,-0.00555584,-0.0014939924999999947,-0.005442887499999988,0.00017759249999999482,-0.00011295250000001224,0.00021046938806510777
0.09875,0.02125,0.005,6.25e-08,-0.000151627,-0.00120557,-0.00015946829999999822,-0.0013605687499999913,7.841299999998227e-06,0.0001549987499999913,0.00015519696674629236
0.00125,0.02375,0.005,6.25e-08,-0.000409293,0.00511196,-0.000327383,0.005129125,-8.191000000000003e-05,-1.716500000000041e-05,8.368921869034278e-05
0.00375,0.02375,0.005,6.25e-08,-0.00256635,0.0147829,-0.0027519099999999998,0.014891374999999998,0.00018555999999999998,-0.0001084749999999985,0.00021494031549478955
0.00625,0.02375,0.005,6.25e-08,-0.00698423,0.0234953,-0.0071534350000000005,0.023702050000000002,0.0001692050000000004,-0.00020675000000000207,0.00026716267427356124
0.00875,0.02375,0.005,6.25e-08,-0.012983,0.0310351,-0.013130575000000002,0.03134505,0.00014757500000000222,-0.0003099499999999998,0.00034328906642216344
0.01125,0.02375,0.005,6.25e-08,-0.0201584,0.037318,-0.020338000000000002,0.037719925,0.00017960000000000198,-0.00040192500000000436,0.0004402270614410298
0.01375,0.02375,0.005,6.25e-08,-0.0282436,0.0423343,-0.0284808,0.042808075,0.0002371999999999999,-0.00047377500000000267,0.0005298363809941731
0.01625,0.02375,0.005,6.25e-08,-0.0369966,0.0461217,-0.037306149999999996,0.046642425,0.0003095499999999987,-0.0005207249999999997,0.0006057852161657619
0.01875,0.02375,0.005,6.25e-08,-0.0462022,0.0487423,-0.0465951,0.04928295,0.0003929000000000016,-0.0005406499999999967,0.0006683358680334295
0.02125,0.02375,0.005,6.25e-08,-0.0556714,0.0502646,-0.05615462500000001,0.050797625,0.0004832250000000038,-0.0005330249999999995,0.0007194595549785985
0.02375,0.02375,0.005,6.25e-08,-0.0652346,0.0507516,-0.0658108,0.051249825,0.0005761999999999989,-0.000498224999999998,0.0007617313113066816
0.02625,0.02375,0.005,6.25e-08,-0.0747347,0.0502542,-0.075402775,0.0506914,0.0006680750000000041,-0.0004371999999999987,0.0007984159602769751
0.02875,0.02375,0.005,6.25e-08,-0.0840232,0.0488093,-0.08477815,0.04916065,0.0007549499999999904,-0.0003513500000000003,0.0008327042241996769
0.03125,0.02375,0.005,6.25e-08,-0.0929561,0.0464421,-0.093789175,0.046684624999999993,0.0008330750000000026,-0.00024252499999999344,0.0008676591100484113
0.03375,0.02375,0.005,6.25e-08,-0.101392,0.0431707,-0.10229074999999999,0.0432836,0.0008987499999999898,-0.00011289999999999911,0.0009058134313974272
0.03625,0.02375,0.005,6.25e-08,-0.109192,0.0390124,-0.11013925000000001,0.038978349999999995,0.0009472500000000106,3.4050000000007685e-05,0.0009478617858105793
0.03875,0.02375,0.005,6.25e-08,-0.116217,0.0339912,-0.117192,0.033797049999999995,0.0009750000000000036,0.00019415000000000404,0.0009941424558382007
0.04125,0.02375,0.005,6.25e-08,-0.12233,0.0281449,-0.123309,0.02778295,0.0009790000000000076,0.00036194999999999977,0.0010437666417835046
0.04375,0.02375,0.005,6.25e-08,-0.127399,0.0215313,-0.12835524999999998,0.02100085,0.0009562499999999641,0.0005304499999999983,0.0010935224117501797
0.04625,0.02375,0.005,6.25e-08,-0.131297,0.0142344,-0.13220075,0.013542674999999999,0.0009037500000000087,0.0006917250000000007,0.0011380894244851837
0.04875,0.02375,0.005,6.25e-08,-0.133908,0.00636798,-0.1347275,0.005531557499999999,0.0008195000000000008,0.0008364225000000005,0.001170975169893133
0.05125,0.02375,0.005,6.25e-08,-0.135126,-0.00192122,-0.1358315,-0.0028760825,0.0007054999999999978,0.0009548625000000001,0.0011872205540278719
0.05375,0.02375,0.005,6.25e-08,-0.134868,-0.0104529,-0.135429,-0.01149,0.0005610000000000059,0.0010371000000000009,0.0011791087354438557
0.05625,0.02375,0.005,6.25e-08,-0.133072,-0.019014,-0.133463,-0.020088175,0.00039100000000000246,0.0010741750000000001,0.0011431241973753343
0.05875,0.02375,0.005,6.25e-08,-0.129706,-0.0273629,-0.12990825,-0.028421349999999988,0.00020225000000001492,0.0010584499999999886,0.001077599863121735
0.06125,0.02375,0.005,6.25e-08,-0.124776,-0.0352348,-0.12477949999999999,-0.036220150000000007,3.4999999999896225e-06,0.0009853500000000098,0.0009853562160457604
0.06375,0.02375,0.005,6.25e-08,-0.118332,-0.0423513,-0.11813774999999999,-0.043205550000000016,-0.0001942500000000208,0.0008542500000000147,0.0008760571471085852
0.06625,0.02375,0.005,6.25e-08,-0.110473,-0.0484326,-0.11009424999999998,-0.049101825000000016,-0.0003787500000000249,0.0006692250000000163,0.0007689692211818629
0.06875,0.02375,0.005,6.25e-08,-0.101351,-0.0532125,-0.10081624999999997,-0.053652500000000006,-0.0005347500000000283,0.0004400000000000029,0.0006925009476528048
0.07125,0.02375,0.005,6.25e-08,-0.0911748,-0.0564563,-0.09052570000000004,-0.056637925,-0.000649099999999958,0.00018162499999999776,0.0006740314908258699
0.07375,0.02375,0.005,6.25e-08,-0.0802096,-0.05798,-0.07949725000000002,-0.057893599999999996,-0.0007123499999999866,-8.640000000000037e-05,0.0007175705418284539
0.07625,0.02375,0.005,6.25e-08,-0.0687684,-0.0576698,-0.06805005000000003,-0.05732820000000001,-0.0007183499999999648,-0.0003415999999999905,0.0007954352786367619
0.07875,0.02375,0.005,6.25e-08,-0.0572028,-0.0554996,-0.05653549999999997,-0.054938299999999995,-0.0006673000000000304,-0.0005613000000000076,0.0008719787726774368
0.08125,0.02375,0.005,6.25e-08,-0.0458864,-0.051545,-0.04532089999999997,-0.05081969999999999,-0.0005655000000000313,-0.000725300000000012,0.0009197012232241799
0.08375,0.02375,0.005,6.25e-08,-0.0351951,-0.045991,-0.03476934999999998,-0.04517244999999998,-0.00042575000000002333,-0.0008185500000000151,0.0009226522448897226
0.08625,0.02375,0.005,6.25e-08,-0.0254842,-0.0391329,-0.025218525000000026,-0.03830017500000002,-0.0002656749999999722,-0.0008327249999999786,0.0008740790188821315
0.08875,0.02375,0.005,6.25e-08,-0.0170658,-0.0313692,-0.01695997500000002,-0.03060240000000002,-0.00010582499999997955,-0.0007667999999999807,0.0007740679366986893
0.09125,0.02375,0.005,6.25e-08,-0.0101833,-0.0231878,-0.010220952500000016,-0.02256182500000002,3.7652500000016215e-05,-0.00062597499999998,0.0006271063796368414
0.09375,0.02375,0.005,6.25e-08,-0.00498978,-0.0151453,-0.005151302500000001,-0.014727124999999999,0.00016152250000000049,-0.00041817500000000153,0.0004482854544051719
0.09625,0.02375,0.005,6.25e-08,-0.00160247,-0.00784206,-0.0018161124999999932,-0.007693244999999982,0.00021364249999999323,-0.0001488150000000174,0.00026036325015495616
0.09875,0.02375,0.005,6.25e-08,-0.000188369,-0.00192193,-0.00019507124999999784,-0.002079399999999987,6.70224999999784e-06,0.00015746999999998682,0.00015761256629805354
0.00125,0.02625,0.005,6.25e-08,-0.000451041,0.00650025,-0.00035914225,0.0064727625,-9.189875000000002e-05,2.7487500000000255e-05,9.592154558707087e-05
0.00375,0.02625,0.005,6.25e-08,-0.00281495,0.0184279,-0.0030131025,0.018537025,0.0001981524999999998,-0.00010912499999999811,0.00022621379021016714
0.00625,0.02625,0.005,6.25e-08,-0.0076399,0.0289466,-0.007817457500000001,0.029190175,0.00017755750000000153,-0.00024357499999999935,0.000301422372147872
0.00875,0.02625,0.005,6.25e-08,-0.0141695,0.0379064,-0.014321725000000002,0.038280025,0.00015222500000000236,-0.00037362500000000243,0.00040344527664852207
0.01125,0.02625,0.005,6.25e-08,-0.021954,0.0452798,-0.0221411,0.04576505,0.00018709999999999907,-0.00048524999999999957,0.0005200711225399841
0.01375,0.02625,0.005,6.25e-08,-0.030699,0.0511061,-0.030950349999999998,0.051677475,0.0002513499999999974,-0.000571374999999999,0.0006242164793763439
0.01625,0.02625,0.005,6.25e-08,-0.040142,0.0554638,-0.040474775000000004,0.0560922,0.00033277500000000737,-0.0006284000000000012,0.0007110736675092155
0.01875,0.02625,0.005,6.25e-08,-0.0500529,0.0584471,-0.050480575,0.0591022,0.00042767500000000236,-0.0006550999999999987,0.0007823438602206835
0.02125,0.02625,0.005,6.25e-08,-0.0602336,0.060149,-0.060765475000000006,0.0608002,0.000531875000000008,-0.0006511999999999976,0.0008408046477184849
0.02375,0.02625,0.005,6.25e-08,-0.0705091,0.0606498,-0.071150325,0.061267249999999995,0.0006412249999999953,-0.0006174499999999986,0.0008901763887707829
0.02625,0.02625,0.005,6.25e-08,-0.0807199,0.060012,-0.08147172500000001,0.06056665,0.0007518250000000115,-0.0005546499999999968,0.0009342791087919144
0.02875,0.02625,0.005,6.25e-08,-0.0907162,0.0582797,-0.091576275,0.058743750000000004,0.0008600750000000018,-0.0004640500000000075,0.0009772775491767986
0.03125,0.02625,0.005,6.25e-08,-0.100354,0.055482,-0.101315875,0.05582912500000001,0.0009618750000000009,-0.0003471250000000106,0.0010225943874528206
0.03375,0.02625,0.005,6.25e-08,-0.109492,0.0516388,-0.11054625,0.051844749999999995,0.0010542499999999927,-0.00020594999999999641,0.0010741780415741066
0.03625,0.02625,0.005,6.25e-08,-0.117989,0.0467683,-0.11912125000000001,0.0468119,0.0011322500000000152,-4.359999999999781e-05,0.0011330891502878465
0.03875,0.02625,0.005,6.25e-08,-0.125705,0.0408956,-0.12689650000000002,0.040759624999999994,0.001191500000000012,0.00013597500000000345,0.0011992336930828076
0.04125,0.02625,0.005,6.25e-08,-0.132499,0.03406,-0.13372625,0.033732975,0.0012272499999999853,0.0003270250000000016,0.001270073979390557
0.04375,0.02625,0.005,6.25e-08,-0.138232,0.0263234,-0.13946799999999998,0.0258007,0.0012359999999999871,0.0005227000000000009,0.0013419803612571867
0.04625,0.02625,0.005,6.25e-08,-0.142767,0.0177759,-0.14398075,0.01706145,0.0012137499999999857,0.0007144500000000019,0.0014084132436894962
0.04875,0.02625,0.005,6.25e-08,-0.145974,0.00854123,-0.14713175,0.0076490025,0.001157750000000013,0.0008922275000000004,0.0014616617167649568
0.05125,0.02625,0.005,6.25e-08,-0.147733,-0.00121951,-0.14879775,-0.0022646297500000002,0.0010647500000000032,0.0010451197500000002,0.0014919677792566666
0.05375,0.02625,0.005,6.25e-08,-0.147937,-0.0113063,-0.1488725,-0.01246785,0.000935499999999978,0.0011615500000000008,0.0014914283933531508
0.05625,0.02625,0.005,6.25e-08,-0.146502,-0.0214803,-0.14727375,-0.0227105,0.0007717500000000155,0.0012302000000000007,0.0014522362419730566
0.05875,0.02625,0.005,6.25e-08,-0.143371,-0.0314666,-0.14394825,-0.032707649999999984,0.0005772500000000014,0.0012410499999999866,0.0013687303112739078
0.06125,0.02625,0.005,6.25e-08,-0.138522,-0.0409601,-0.13888325,-0.042146675,0.0003612500000000074,0.0011865750000000022,0.001240347448550208
0.06375,0.02625,0.005,6.25e-08,-0.131979,-0.0496343,-0.13211374999999997,-0.05069780000000002,0.0001347499999999613,0.0010635000000000228,0.001072002711050694
0.06625,0.02625,0.005,6.25e-08,-0.123818,-0.057155,-0.12373024999999997,-0.058028700000000016,-8.775000000002531e-05,0.0008737000000000189,0.0008780955258398925
0.06875,0.02625,0.005,6.25e-08,-0.114178,-0.0631966,-0.11388774999999998,-0.06382250000000002,-0.00029025000000001966,0.0006259000000000126,0.0006899245411637617
0.07125,0.02625,0.005,6.25e-08,-0.103261,-0.0674635,-0.10280565000000003,-0.06779917499999999,-0.0004553499999999794,0.0003356749999999936,0.0005657042762123837
0.07375,0.02625,0.005,6.25e-08,-0.0913385,-0.0697135,-0.09076940000000003,-0.06973835,-0.0005690999999999752,2.485000000000681e-05,0.0005696422846839691
0.07625,0.02625,0.005,6.25e-08,-0.0787448,-0.0697822,-0.07812410000000003,-0.06950215,-0.000620699999999974,-0.0002800500000000039,0.0006809526360180787
0.07875,0.02625,0.005,6.25e-08,-0.0658684,-0.0676065,-0.06526162499999996,-0.06705584999999999,-0.0006067750000000316,-0.0005506500000000136,0.0008193847222917042
0.08125,0.02625,0.005,6.25e-08,-0.0531344,-0.0632441,-0.05260307499999997,-0.062483099999999986,-0.0005313250000000269,-0.0007610000000000117,0.0009281310551991277
0.08375,0.02625,0.005,6.25e-08,-0.0409825,-0.0568851,-0.04057609999999997,-0.05599479999999998,-0.00040640000000002896,-0.0008903000000000244,0.0009786700414338159
0.08625,0.02625,0.005,6.25e-08,-0.02984,-0.0488553,-0.02958895000000003,-0.047928925000000025,-0.00025104999999996797,-0.0009263749999999724,0.0009597899473973108
0.08875,0.02625,0.005,6.25e-08,-0.0200934,-0.039608,-0.020004925000000028,-0.03874162500000002,-8.84749999999733e-05,-0.0008663749999999748,0.0008708808565182448
0.09125,0.02625,0.005,6.25e-08,-0.0120564,-0.0297069,-0.01211872500000002,-0.02899072500000003,6.232500000001931e-05,-0.0007161749999999717,0.0007188817957425002
0.09375,0.02625,0.005,6.25e-08,-0.00594106,-0.0197983,-0.0061385549999999995,-0.019312375,0.0001974949999999998,-0.00048592500000000163,0.0005245258627084098
0.09625,0.02625,0.005,6.25e-08,-0.00192064,-0.0105782,-0.0021745724999999915,-0.010394709999999977,0.0002539324999999916,-0.00018349000000002225,0.000313289474218739
0.09875,0.02625,0.005,6.25e-08,-0.000229063,-0.00278709,-0.0002346487499999974,-0.002948882499999982,5.585749999997391e-06,0.00016179249999998197,0.0001618888929460778
0.00125,0.02875,0.005,6.25e-08,-0.000488069,0.00801074,-0.0003873055,0.0079328975,-0.00010076349999999998,7.784250000000131e-05,0.00012732924934397515
0.00375,0.02875,0.005,6.25e-08,-0.00303582,0.0223812,-0.0032448449999999997,0.022489375,0.00020902499999999984,-0.00010817499999999855,0.00023535777286930553
0.00625,0.02875,0.005,6.25e-08,-0.00822343,0.0348427,-0.008407330000000001,0.0351248,0.00018390000000000073,-0.0002821000000000004,0.0003367486005910054
0.00875,0.02875,0.005,6.25e-08,-0.0152276,0.0453183,-0.015381725000000002,0.04575997500000001,0.00015412500000000148,-0.0004416750000000094,0.0004677941013416146
0.01125,0.02875,0.005,6.25e-08,-0.0235585,0.0538457,-0.023748975,0.05442105,0.00019047499999999898,-0.0005753499999999953,0.0006060596902327313
0.01375,0.02875,0.005,6.25e-08,-0.0328982,0.0605219,-0.033157575,0.061199525000000005,0.0002593749999999992,-0.0006776250000000081,0.0007255694530849618
0.01625,0.02875,0.005,6.25e-08,-0.0429655,0.0654731,-0.04331405,0.06621955,0.000348550000000003,-0.0007464499999999957,0.0008238171550775061
0.01875,0.02875,0.005,6.25e-08,-0.0535181,0.0688314,-0.053971849999999995,0.069613075,0.0004537499999999958,-0.0007816749999999956,0.0009038278974035872
0.02125,0.02875,0.005,6.25e-08,-0.0643503,0.0707187,-0.064921425,0.0715023,0.0005711250000000057,-0.0007836000000000093,0.0009696456701419447
0.02375,0.02875,0.005,6.25e-08,-0.0752835,0.0712359,-0.075979925,0.07198915,0.0006964250000000005,-0.000753249999999997,0.0010258622437369436
0.02625,0.02875,0.005,6.25e-08,-0.0861573,0.0704596,-0.08698337499999999,0.071150825,0.0008260749999999817,-0.0006912250000000036,0.0010771220479824813
0.02875,0.02875,0.005,6.25e-08,-0.0968229,0.0684421,-0.097779475,0.06904085,0.0009565750000000012,-0.0005987499999999951,0.0011285110957030935
0.03125,0.02875,0.005,6.25e-08,-0.107138,0.0652169,-0.1082225,0.06569370000000001,0.0010845000000000021,-0.0004768000000000133,0.001184684975003911
0.03375,0.02875,0.005,6.25e-08,-0.116963,0.0608053,-0.11816825,0.061132375,0.001205250000000005,-0.00032707500000000306,0.0012488417105962683
0.03625,0.02875,0.005,6.25e-08,-0.126158,0.0552255,-0.12747325,0.0553776,0.0013152500000000178,-0.00015210000000000223,0.0013240154729080955
0.03875,0.02875,0.005,6.25e-08,-0.134583,0.0485015,-0.13599175,0.048457175000000005,0.0014087499999999864,4.432499999999784e-05,0.0014094471498161828
0.04125,0.02875,0.005,6.25e-08,-0.142093,0.0406724,-0.1435755,0.040415275,0.0014824999999999977,0.00025712499999999694,0.001504632684619403
0.04375,0.02875,0.005,6.25e-08,-0.148545,0.0318005,-0.150074,0.031320975,0.0015290000000000026,0.0004795250000000015,0.0016024310361525732
0.04625,0.02875,0.005,6.25e-08,-0.153792,0.0219786,-0.155337,0.021275875,0.0015449999999999908,0.0007027250000000013,0.0016973059316531516
0.04875,0.02875,0.005,6.25e-08,-0.157692,0.0113364,-0.1592155,0.010420005,0.001523500000000011,0.0009163950000000004,0.0017778728992886511
0.05125,0.02875,0.005,6.25e-08,-0.160106,4.50763e-05,-0.16156625,-0.001063631,0.0014602499999999963,0.0011087073,0.001833456282427612
0.05375,0.02875,0.005,6.25e-08,-0.160904,-0.0116797,-0.16225875,-0.012946125,0.0013547500000000157,0.0012664249999999998,0.0018545025864433412
0.05625,0.02875,0.005,6.25e-08,-0.159976,-0.0235764,-0.16118,-0.0249525,0.0012039999999999829,0.0013760999999999982,0.001828460338645592
0.05875,0.02875,0.005,6.25e-08,-0.157232,-0.0353394,-0.15824425,-0.03676404999999998,0.0010122499999999923,0.0014246499999999787,0.0017476491881953666
0.06125,0.02875,0.005,6.25e-08,-0.152619,-0.0466234,-0.15340399999999998,-0.048024475000000004,0.0007849999999999802,0.0014010750000000016,0.0016060000484511118
0.06375,0.02875,0.005,6.25e-08,-0.146128,-0.057052,-0.14665999999999996,-0.05835050000000003,0.0005319999999999492,0.0012985000000000288,0.0014032555896913508
0.06625,0.02875,0.005,6.25e-08,-0.137804,-0.0662313,-0.13807424999999995,-0.06734682500000003,0.00027024999999994415,0.00111552500000002,0.0011477940094481302
0.06875,0.02875,0.005,6.25e-08,-0.127761,-0.0737685,-0.12777824999999998,-0.07462690000000002,1.724999999996868e-05,0.000858400000000023,0.0008585733064217862
0.07125,0.02875,0.005,6.25e-08,-0.116187,-0.0792954,-0.11598150000000004,-0.07983744999999998,-0.00020549999999995572,0.0005420499999999745,0.000579696862592816
0.07375,0.02875,0.005,6.25e-08,-0.103354,-0.0824969,-0.10297427500000003,-0.08268667499999999,-0.00037972499999996967,0.00018977499999998926,0.0004245063324026779
0.07625,0.02875,0.005,6.25e-08,-0.089612,-0.0831415,-0.08912332500000003,-0.082973775,-0.0004886749999999662,-0.00016772499999999357,0.0005166574602674047
0.07875,0.02875,0.005,6.25e-08,-0.0753849,-0.0811122,-0.07486152499999996,-0.0806161,-0.0005233750000000481,-0.0004960999999999993,0.0007211356326136225
0.08125,0.02875,0.005,6.25e-08,-0.0611526,-0.076433,-0.06066852499999996,-0.07567112499999999,-0.0004840750000000421,-0.0007618750000000091,0.0009026528243184389
0.08375,0.02875,0.005,6.25e-08,-0.0474263,-0.0692874,-0.047045074999999964,-0.06835014999999998,-0.0003812250000000336,-0.0009372500000000145,0.0010118152317123185
0.08625,0.02875,0.005,6.25e-08,-0.0347167,-0.0600249,-0.03448202500000003,-0.059020575000000026,-0.00023467499999997588,-0.0010043249999999726,0.0010313782338453403
0.08875,0.02875,0.005,6.25e-08,-0.0234989,-0.0491539,-0.02342802500000003,-0.04819652500000003,-7.087499999997027e-05,-0.0009573749999999687,0.000959994873033151
0.09125,0.02875,0.005,6.25e-08,-0.0141716,-0.0373204,-0.014259500000000022,-0.03651777500000004,8.790000000002268e-05,-0.0008026249999999596,0.0008074238667669783
0.09375,0.02875,0.005,6.25e-08,-0.00701915,-0.0252729,-0.007255517499999999,-0.0247207,0.00023636749999999922,-0.0005521999999999992,0.0006006616643804137
0.09625,0.02875,0.005,6.25e-08,-0.00228289,-0.0138202,-0.0025812824999999905,-0.013603074999999971,0.0002983924999999904,-0.00021712500000002806,0.0003690275730636621
0.09875,0.02875,0.005,6.25e-08,-0.000275934,-0.00381997,-0.0002797129999999969,-0.003987934999999976,3.778999999996943e-06,0.00016796499999997654,0.00016800750598110816
0.00125,0.03125,0.005,6.25e-08,-0.000519869,0.00962835,-0.00041148175000000004,0.00949482,-0.00010838724999999991,0.0001335300000000015,0.00017198272256992237
0.00375,0.03125,0.005,6.25e-08,-0.00322609,0.0266053,-0.0034440024999999996,0.026710075,0.00021791249999999953,-0.0001047750000000014,0.00024179259352025256
0.00625,0.03125,0.005,6.25e-08,-0.00872739,0.0411305,-0.00891519,0.041451425,0.00018780000000000012,-0.0003209249999999997,0.0003718355760615165
0.00875,0.03125,0.005,6.25e-08,-0.0161436,0.0532079,-0.016296425000000003,0.053720175,0.00015282500000000226,-0.0005122749999999995,0.0005345850318237504
0.01125,0.03125,0.005,6.25e-08,-0.0249513,0.062948,-0.025139925,0.06361787499999999,0.0001886250000000013,-0.0006698749999999865,0.0006959252159894642
0.01375,0.03125,0.005,6.25e-08,-0.0348119,0.0705122,-0.035072325,0.071302325,0.00026042500000000163,-0.0007901250000000026,0.0008319367140894823
0.01625,0.03125,0.005,6.25e-08,-0.0454292,0.0760806,-0.04578430000000001,0.076953375,0.000355100000000004,-0.0008727750000000062,0.000942248486666343
0.01875,0.03125,0.005,6.25e-08,-0.0565503,0.0798288,-0.057019249999999994,0.080747325,0.00046894999999999576,-0.0009185249999999895,0.0010313109512290542
0.02125,0.03125,0.005,6.25e-08,-0.067964,0.0819117,-0.068561825,0.08284037500000001,0.0005978250000000102,-0.0009286750000000038,0.001104460042849002
0.02375,0.03125,0.005,6.25e-08,-0.0794896,0.0824542,-0.080227625,0.083358475,0.0007380250000000033,-0.000904274999999996,0.001167216422198556
0.02625,0.03125,0.005,6.25e-08,-0.0909675,0.081549,-0.09185357499999999,0.08239515,0.0008860749999999862,-0.0008461500000000038,0.0012251933431605732
0.02875,0.03125,0.005,6.25e-08,-0.102252,0.0792582,-0.10329025,0.08001335000000001,0.0010382500000000044,-0.00075515000000001,0.001283828097916549
0.03125,0.03125,0.005,6.25e-08,-0.113203,0.0756202,-0.1143955,0.076251925,0.0011924999999999991,-0.0006317249999999996,0.001349493507070337
0.03375,0.03125,0.005,6.25e-08,-0.123687,0.0706575,-0.12503,0.07113472500000001,0.001342999999999997,-0.00047722500000001167,0.0014252693431857024
0.03625,0.03125,0.005,6.25e-08,-0.133566,0.064387,-0.13505325,0.06468035,0.0014872500000000233,-0.0002933499999999978,0.0015159046094659345
0.03875,0.03125,0.005,6.25e-08,-0.142702,0.0568301,-0.1443205,0.056913225,0.001618499999999995,-8.31249999999964e-05,0.0016206332144026246
0.04125,0.03125,0.005,6.25e-08,-0.15095,0.0480224,-0.1526825,0.047873700000000005,0.001732499999999998,0.00014869999999999467,0.0017388697306008841
0.04375,0.03125,0.005,6.25e-08,-0.158162,0.0380234,-0.1599845,0.03762735,0.0018225000000000047,0.00039605000000000196,0.0018650366893174029
0.04625,0.03125,0.005,6.25e-08,-0.164186,0.0269245,-0.16606675,0.026273925,0.0018807500000000144,0.0006505750000000005,0.0019900925589341452
0.04875,0.03125,0.005,6.25e-08,-0.168863,0.0148563,-0.17076524999999998,0.013954525,0.0019022499999999665,0.0009017749999999988,0.0021051729651325258
0.05125,0.03125,0.005,6.25e-08,-0.172039,0.00199506,-0.17391775,0.0008576387499999999,0.0018787500000000124,0.0011374212499999999,0.002196230557671851
0.05375,0.03125,0.005,6.25e-08,-0.173561,-0.0114331,-0.1753665,-0.012776049999999999,0.0018055000000000154,0.001342949999999999,0.0022501877593881035
0.05625,0.03125,0.005,6.25e-08,-0.173288,-0.0251488,-0.174966,-0.026651499999999998,0.0016780000000000128,0.0015026999999999992,0.0022525077780109976
0.05875,0.03125,0.005,6.25e-08,-0.171096,-0.0388192,-0.1725935,-0.04041979999999998,0.0014975000000000127,0.0016005999999999798,0.0021919002281125784
0.06125,0.03125,0.005,6.25e-08,-0.166893,-0.0520607,-0.16815950000000002,-0.053682524999999995,0.0012665000000000037,0.0016218249999999934,0.002057750854847347
0.06375,0.03125,0.005,6.25e-08,-0.160629,-0.0644466,-0.16162349999999998,-0.06600122500000002,0.0009944999999999815,0.0015546250000000178,0.001845505118016479
0.06625,0.03125,0.005,6.25e-08,-0.15231,-0.0755196,-0.15300724999999996,-0.07691267500000003,0.0006972499999999549,0.0013930750000000214,0.0015578239689146513
0.06875,0.03125,0.005,6.25e-08,-0.142016,-0.0848115,-0.14240824999999996,-0.08595085000000002,0.00039224999999995513,0.001139350000000025,0.0012049806990155577
0.07125,0.03125,0.005,6.25e-08,-0.12991,-0.0918696,-0.13001550000000003,-0.09267562499999998,0.00010550000000003612,0.000806024999999988,0.0008129000864958671
0.07375,0.03125,0.005,6.25e-08,-0.116252,-0.0962896,-0.11611325000000003,-0.09670625,-0.0001387499999999653,0.00041664999999999064,0.00043914551688475944
0.07625,0.03125,0.005,6.25e-08,-0.1014,-0.0977534,-0.10108385000000004,-0.09775865,-0.0003161499999999595,5.2499999999983116e-06,0.00031619358785398287
0.07875,0.03125,0.005,6.25e-08,-0.0858108,-0.0960687,-0.08539804999999995,-0.09568137499999999,-0.0004127500000000589,-0.0003873250000000217,0.0005660240437694016
0.08125,0.03125,0.005,6.25e-08,-0.070018,-0.0912056,-0.06959677499999994,-0.09048669999999998,-0.0004212250000000528,-0.0007189000000000223,0.0008332152846804219
0.08375,0.03125,0.005,6.25e-08,-0.054611,-0.083324,-0.05426142499999996,-0.08237159999999998,-0.00034957500000003944,-0.0009524000000000199,0.0010145286790549913
0.08625,0.03125,0.005,6.25e-08,-0.0401955,-0.0727868,-0.039978100000000044,-0.07172467500000003,-0.0002173999999999579,-0.0010621249999999693,0.0010841458737757188
0.08875,0.03125,0.005,6.25e-08,-0.0273512,-0.0601551,-0.027296800000000038,-0.05911732500000004,-5.4399999999961424e-05,-0.001037774999999963,0.0010391998415246796
0.09125,0.03125,0.005,6.25e-08,-0.0165795,-0.0461637,-0.016692500000000027,-0.045278975000000034,0.00011300000000002627,-0.0008847249999999682,0.000891912173717205
0.09375,0.03125,0.005,6.25e-08,-0.00825431,-0.0316778,-0.0085316275,-0.031060300000000002,0.0002773174999999989,-0.0006174999999999965,0.0006769130267665449
0.09625,0.03125,0.005,6.25e-08,-0.00270148,-0.0176388,-0.0030484424999999886,-0.017388499999999963,0.0003469624999999886,-0.0002503000000000366,0.00042782363937288507
0.09875,0.03125,0.005,6.25e-08,-0.000331235,-0.0050459,-0.0003318077499999963,-0.005221322499999969,5.727499999963058e-07,0.0001754224999999691,0.00017542343500456732
0.00125,0.03375,0.005,6.25e-08,-0.000545876,0.0113364,-0.00043126375,0.01114227,-0.00011461225000000002,0.0001941300000000007,0.0002254382947727887
0.00375,0.03375,0.005,6.25e-08,-0.00338279,0.031059,-0.0036074099999999997,0.0311571,0.0002246199999999996,-9.810000000000027e-05,0.0002451076383958686
0.00625,0.03375,0.005,6.25e-08,-0.00914427,0.0477518,-0.009333200000000002,0.048109925,0.00018893000000000208,-0.0003581250000000008,0.000404905001852288
0.00875,0.03375,0.005,6.25e-08,-0.0169042,0.0615061,-0.017051825000000003,0.06208905000000001,0.00014762500000000192,-0.0005829500000000057,0.0006013516800716592
0.01125,0.03375,0.005,6.25e-08,-0.0261117,0.0725111,-0.026292725,0.07327729999999999,0.00018102499999999785,-0.0007661999999999947,0.0007872944116561422
0.01375,0.03375,0.005,6.25e-08,-0.0364116,0.0809985,-0.0366648,0.08190485,0.0002531999999999951,-0.0009063500000000002,0.0009410529010103512
0.01625,0.03375,0.005,6.25e-08,-0.0474951,0.0872077,-0.047846099999999996,0.088212475,0.00035099999999999715,-0.0010047749999999994,0.0010643184676707423
0.01875,0.03375,0.005,6.25e-08,-0.0591012,0.0913624,-0.059572150000000004,0.0924258,0.0004709500000000047,-0.001063400000000006,0.0011630191152771383
0.02125,0.03375,0.005,6.25e-08,-0.0710145,0.0936545,-0.0716239,0.09473875000000001,0.0006094000000000099,-0.0010842500000000088,0.0012437710490681279
0.02375,0.03375,0.005,6.25e-08,-0.0830542,0.0942362,-0.0838167,0.0953049,0.0007624999999999993,-0.0010686999999999919,0.001312831268670876
0.02625,0.03375,0.005,6.25e-08,-0.0950628,0.0932185,-0.095990075,0.09423625,0.0009272749999999913,-0.0010177499999999978,0.0013768275084864406
0.02875,0.03375,0.005,6.25e-08,-0.106899,0.0906751,-0.10799924999999999,0.091606775,0.001100249999999997,-0.0009316750000000068,0.0014417240957010486
0.03125,0.03375,0.005,6.25e-08,-0.118429,0.0866496,-0.11970800000000001,0.087460475,0.0012790000000000024,-0.0008108750000000026,0.0015143841208970102
0.03375,0.03375,0.005,6.25e-08,-0.129524,0.0811658,-0.13098375,0.081821425,0.0014597500000000097,-0.0006556250000000069,0.0016002231729121527
0.03625,0.03375,0.005,6.25e-08,-0.140053,0.0742383,-0.14169025,0.0747054,0.001637249999999979,-0.00046710000000001195,0.0017025774497801687
0.03875,0.03375,0.005,6.25e-08,-0.14988,0.0658838,-0.151688,0.06613122499999999,0.0018079999999999763,-0.0002474249999999817,0.0018248515365982257
0.04125,0.03375,0.005,6.25e-08,-0.158865,0.0561319,-0.16082875,0.056132125,0.0019637499999999863,-2.2499999999953113e-07,0.001963750012889865
0.04375,0.03375,0.005,6.25e-08,-0.166857,0.0450355,-0.168956,0.04476635,0.0020989999999999898,0.0002691499999999958,0.0021161858903461094
0.04625,0.03375,0.005,6.25e-08,-0.173698,0.0326798,-0.17590375,0.032126575,0.0022057500000000063,0.0005532250000000044,0.0022740692520512723
0.04875,0.03375,0.005,6.25e-08,-0.179221,0.0191911,-0.181496,0.0183491,0.0022749999999999992,0.000841999999999999,0.00242581718189974
0.05125,0.03375,0.005,6.25e-08,-0.183252,0.00474469,-0.1855505,0.0036214625,0.002298500000000009,0.0011232275000000003,0.0025582693890120896
0.05375,0.03375,0.005,6.25e-08,-0.185616,-0.0104292,-0.18788425,-0.011810689999999999,0.0022682499999999994,0.001381489999999999,0.002655837472926383
0.05625,0.03375,0.005,6.25e-08,-0.186143,-0.0260393,-0.18831825,-0.027638875,0.0021752499999999897,0.001599574999999999,0.002700065322010738
0.05875,0.03375,0.005,6.25e-08,-0.184671,-0.0417312,-0.18668925,-0.04348949999999998,0.002018249999999999,0.0017582999999999765,0.0026767427878860374
0.06125,0.03375,0.005,6.25e-08,-0.181065,-0.0570871,-0.18286125000000003,-0.058925725000000005,0.001796250000000027,0.0018386250000000035,0.0025704194119102646
0.06375,0.03375,0.005,6.25e-08,-0.175229,-0.0716312,-0.17674299999999998,-0.07345477500000004,0.0015139999999999876,0.0018235750000000356,0.002370152269501918
0.06625,0.03375,0.005,6.25e-08,-0.167119,-0.0848411,-0.16830549999999997,-0.08654217500000003,0.0011864999999999792,0.001701075000000024,0.0020739909367268297
0.06875,0.03375,0.005,6.25e-08,-0.156768,-0.0961669,-0.15760049999999998,-0.09763415000000002,0.000832499999999986,0.0014672500000000172,0.0016869732696459738
0.07125,0.03375,0.005,6.25e-08,-0.144301,-0.105059,-0.14478125000000003,-0.10618999999999998,0.0004802500000000154,0.0011309999999999792,0.0012287396235573947
0.07375,0.03375,0.005,6.25e-08,-0.129953,-0.111008,-0.13011250000000005,-0.11171999999999999,0.00015950000000003461,0.0007119999999999904,0.0007296466610627347
0.07625,0.03375,0.005,6.25e-08,-0.11408,-0.113585,-0.11398100000000005,-0.11383399999999999,-9.899999999994635e-05,0.00024899999999998534,0.00026795895208031785
0.07875,0.03375,0.005,6.25e-08,-0.097158,-0.112498,-0.09688822499999994,-0.11228474999999999,-0.0002697750000000554,-0.00021325000000001204,0.00034388095778195544
0.08125,0.03375,0.005,6.25e-08,-0.0797748,-0.107637,-0.07943499999999995,-0.10701524999999998,-0.0003398000000000567,-0.0006217500000000181,0.0007085457659883807
0.08375,0.03375,0.005,6.25e-08,-0.0626001,-0.0991143,-0.06228977499999995,-0.09818707499999997,-0.0003103250000000557,-0.0009272250000000315,0.0009777769716300814
0.08625,0.03375,0.005,6.25e-08,-0.0463459,-0.0872904,-0.04614605000000005,-0.08619635000000003,-0.00019984999999995284,-0.0010940499999999714,0.0011121535078395962
0.08875,0.03375,0.005,6.25e-08,-0.0317137,-0.072773,-0.031673025000000035,-0.07166845000000005,-4.067499999996227e-05,-0.0011045499999999542,0.0011052986737189617
0.09125,0.03375,0.005,6.25e-08,-0.019329,-0.0563906,-0.01946477500000003,-0.05542885000000005,0.0001357750000000324,-0.0009617499999999488,0.0009712867306438971
0.09375,0.03375,0.005,6.25e-08,-0.00967657,-0.0391405,-0.00999579,-0.0384583,0.00031921999999999853,-0.0006822000000000009,0.0007531920395224582
0.09625,0.03375,0.005,6.25e-08,-0.00318879,-0.0221198,-0.0035882049999999867,-0.021835749999999952,0.00039941499999998674,-0.00028405000000004607,0.0004901191127930185
0.09875,0.03375,0.005,6.25e-08,-0.000397269,-0.00649664,-0.0003924834999999957,-0.006679769999999961,-4.785500000004334e-06,0.00018312999999996107,0.00018319251597768884
0.00125,0.03625,0.005,6.25e-08,-0.00056554,0.0131167,-0.00044627174999999997,0.012857582499999999,-0.00011926825000000004,0.00025911750000000115,0.00028524865339614333
0.00375,0.03625,0.005,6.25e-08,-0.00350312,0.0356971,-0.0037321524999999996,0.035784575,0.0002290324999999994,-8.747499999999658e-05,0.00024516884321065173
0.00625,0.03625,0.005,6.25e-08,-0.00946721,0.0546432,-0.0096542175,0.05503497500000001,0.0001870074999999992,-0.0003917750000000039,0.0004341191722111024
0.00875,0.03625,0.005,6.25e-08,-0.0174971,0.0701372,-0.01763525,0.07078835,0.00013815000000000008,-0.0006511500000000031,0.0006656438574793611
0.01125,0.03625,0.005,6.25e-08,-0.027021,0.0824521,-0.027187749999999997,0.083313475,0.00016674999999999676,-0.0008613749999999976,0.0008773667722936598
0.01375,0.03625,0.005,6.25e-08,-0.0376706,0.0918938,-0.0379071,0.09291705,0.0002365000000000006,-0.0010232500000000033,0.0010502251246756608
0.01625,0.03625,0.005,6.25e-08,-0.0491273,0.0987658,-0.049461849999999995,0.099905325,0.00033454999999999596,-0.0011395250000000023,0.0011876198584248256
0.01875,0.03625,0.005,6.25e-08,-0.0611236,0.103344,-0.061581575,0.10455724999999999,0.00045797499999999935,-0.0012132499999999852,0.0012968101877780585
0.02125,0.03625,0.005,6.25e-08,-0.0734421,0.105861,-0.07404515,0.10710800000000001,0.0006030500000000077,-0.001247000000000012,0.0013851636374450635
0.02375,0.03625,0.005,6.25e-08,-0.0859026,0.106499,-0.08666902500000001,0.10774224999999998,0.000766425000000015,-0.0012432499999999874,0.0014605060229677218
0.02625,0.03625,0.005,6.25e-08,-0.0983515,0.10539,-0.099296975,0.10659275,0.0009454750000000012,-0.0012027500000000024,0.0015298792560607547
0.02875,0.03625,0.005,6.25e-08,-0.110653,0.102621,-0.11179025,0.10374649999999999,0.0011372499999999924,-0.0011254999999999876,0.001600027441170918
0.03125,0.03625,0.005,6.25e-08,-0.122682,0.0982418,-0.12402025000000001,0.09925335,0.001338250000000013,-0.00101155,0.0016775417923259124
0.03375,0.03625,0.005,6.25e-08,-0.134317,0.0922778,-0.13586275,0.09313795,0.0015457500000000124,-0.000860150000000004,0.001768954800157439
0.03625,0.03625,0.005,6.25e-08,-0.145435,0.0847403,-0.14719000000000002,0.0854119,0.0017550000000000066,-0.0006715999999999944,0.0018791145680878574
0.03875,0.03625,0.005,6.25e-08,-0.155907,0.0756397,-0.15786975000000003,0.0760869,0.001962750000000041,-0.0004471999999999948,0.0020130512667341973
0.04125,0.03625,0.005,6.25e-08,-0.165598,0.0649968,-0.16775825,0.065186125,0.0021602500000000024,-0.00018932500000000407,0.002168530382107895
0.04375,0.03625,0.005,6.25e-08,-0.174359,0.0528542,-0.17670075000000002,0.052756325,0.0023417500000000313,9.787499999999727e-05,0.0023437944829112355
0.04625,0.03625,0.005,6.25e-08,-0.182029,0.0392863,-0.18452775,0.0388782,0.002498749999999994,0.0004081000000000015,0.0025318564675944747
0.04875,0.03625,0.005,6.25e-08,-0.188434,0.0244094,-0.19105525,0.0236769,0.0026212500000000194,0.0007325000000000005,0.0027216737152899323
0.05125,0.03625,0.005,6.25e-08,-0.193389,0.00839106,-0.19608650000000002,0.0073317750000000004,0.0026975000000000193,0.001059285,0.0028980322567606293
0.05375,0.03625,0.005,6.25e-08,-0.196696,-0.00854141,-0.19941375,-0.0099145,0.002717749999999991,0.0013730900000000004,0.0030449205589965648
0.05625,0.03625,0.005,6.25e-08,-0.198155,-0.0260928,-0.20082624999999998,-0.027748250000000002,0.002671249999999986,0.0016554500000000028,0.0031426249004613857
0.05875,0.03625,0.005,6.25e-08,-0.197568,-0.0438943,-0.20011925,-0.04577922499999998,0.002551250000000005,0.0018849249999999818,0.003172037013990372
0.06125,0.03625,0.005,6.25e-08,-0.194756,-0.0615003,-0.197107,-0.06353875,0.002350999999999992,0.002038450000000004,0.003111668266782303
0.06375,0.03625,0.005,6.25e-08,-0.189566,-0.0783906,-0.19164024999999996,-0.08048365000000005,0.002074249999999944,0.0020930500000000407,0.0029467560749067674
0.06625,0.03625,0.005,6.25e-08,-0.181899,-0.0939784,-0.183629,-0.09600792500000005,0.0017299999999999816,0.002029525000000046,0.002666809278074666
0.06875,0.03625,0.005,6.25e-08,-0.17173,-0.107628,-0.17306524999999998,-0.10946450000000003,0.0013352499999999823,0.0018365000000000326,0.00227060009964328
0.07125,0.03625,0.005,6.25e-08,-0.159128,-0.118684,-0.16004775000000004,-0.12019899999999997,0.0009197500000000525,0.0015149999999999747,0.0017723332255814707
0.07375,0.03625,0.005,6.25e-08,-0.144287,-0.126512,-0.14480600000000005,-0.12759325,0.0005190000000000472,0.001081249999999978,0.0011993592299640679
0.07625,0.03625,0.005,6.25e-08,-0.127542,-0.130552,-0.12771225000000005,-0.13112275,0.00017025000000006618,0.0005707500000000088,0.0005956010619534123
0.07875,0.03625,0.005,6.25e-08,-0.109377,-0.130379,-0.10928749999999995,-0.13041574999999997,-8.950000000004787e-05,3.67499999999743e-05,9.675129198107218e-05
0.08125,0.03625,0.005,6.25e-08,-0.0904214,-0.125769,-0.09018549999999995,-0.12531124999999999,-0.00023590000000005273,-0.00045775000000000676,0.0005149600688403238
0.08375,0.03625,0.005,6.25e-08,-0.0714266,-0.116759,-0.07116432499999994,-0.11590749999999997,-0.00026227500000006176,-0.0008515000000000328,0.0008909772306995775
0.08625,0.03625,0.005,6.25e-08,-0.0532192,-0.103681,-0.05303635000000005,-0.10258790000000004,-0.00018284999999994972,-0.001093099999999958,0.0011082877480599925
0.08875,0.03625,0.005,6.25e-08,-0.036641,-0.0871765,-0.03660885000000004,-0.08602255000000004,-3.214999999995999e-05,-0.0011539499999999592,0.0011543977758987165
0.09125,0.03625,0.005,6.25e-08,-0.0224654,-0.06817,-0.02261912500000003,-0.06713735000000005,0.00015372500000003161,-0.0010326499999999406,0.0010440294048181243
0.09375,0.03625,0.005,6.25e-08,-0.0113151,-0.0478063,-0.01167555,-0.047059174999999995,0.00036045,-0.0007471250000000082,0.0008295299681898252
0.09625,0.03625,0.005,6.25e-08,-0.00375722,-0.0273635,-0.004212444999999985,-0.027043799999999944,0.0004552249999999849,-0.00031970000000005466,0.0005562714181269978
0.09875,0.03625,0.005,6.25e-08,-0.000476419,-0.00821047,-0.0004632847499999949,-0.00839989249999995,-1.3134250000005113e-05,0.00018942249999995102,0.0001898773078313838
0.00125,0.03875,0.005,6.25e-08,-0.000578406,0.0149494,-0.00045620299999999997,0.01462165,-0.00012220299999999998,0.0003277499999999999,0.00034979084566208983
0.00375,0.03875,0.005,6.25e-08,-0.00358487,0.0404719,-0.0038159074999999996,0.0405436,0.00023103749999999965,-7.170000000000093e-05,0.0002419074542180335
0.00625,0.03875,0.005,6.25e-08,-0.00969075,0.0617367,-0.009872530000000001,0.062156775,0.00018178000000000118,-0.0004200749999999989,0.000457719317950422
0.00875,0.03875,0.005,6.25e-08,-0.0179125,0.0790201,-0.018036475000000003,0.07973435,0.00012397500000000186,-0.0007142499999999996,0.0007249295573536782
0.01125,0.03875,0.005,6.25e-08,-0.0276637,0.0926808,-0.027808899999999998,0.09363339999999999,0.0001451999999999981,-0.0009525999999999979,0.00096360251141225
0.01375,0.03875,0.005,6.25e-08,-0.0385663,0.103103,-0.0387759,0.10424025,0.00020960000000000423,-0.0011372500000000063,0.001156403788691483
0.01625,0.03875,0.005,6.25e-08,-0.050294,0.110656,-0.050598825,0.1119295,0.0003048250000000016,-0.0012734999999999969,0.0013094733791203979
0.01875,0.03875,0.005,6.25e-08,-0.062575,0.115672,-0.063003325,0.117037,0.0004283249999999933,-0.001365000000000005,0.001430624795543894
0.02125,0.03875,0.005,6.25e-08,-0.0751905,0.118429,-0.07576732500000001,0.1198435,0.0005768250000000169,-0.001414499999999999,0.0015275920039804533
0.02375,0.03875,0.005,6.25e-08,-0.0879624,0.119141,-0.088709725,0.12056700000000001,0.000747325000000007,-0.0014260000000000106,0.0016099598304383377
0.02625,0.03875,0.005,6.25e-08,-0.100742,0.117965,-0.101679275,0.11936375,0.0009372750000000013,-0.0013987500000000042,0.0016837416631196765
0.02875,0.03875,0.005,6.25e-08,-0.113402,0.115001,-0.11454500000000001,0.11633525,0.0011430000000000051,-0.0013342499999999952,0.001756892729366252
0.03125,0.03875,0.005,6.25e-08,-0.125825,0.110309,-0.127188,0.111539,0.001363000000000003,-0.001229999999999995,0.0018359381797871071
0.03375,0.03875,0.005,6.25e-08,-0.1379,0.103914,-0.13949375,0.10500024999999999,0.0015937500000000049,-0.001086249999999983,0.0019287244813606683
0.03625,0.03875,0.005,6.25e-08,-0.149515,0.095824,-0.1513465,0.09672689999999999,0.001831499999999986,-0.0009028999999999843,0.00204196490175515
0.03875,0.03875,0.005,6.25e-08,-0.160551,0.0860426,-0.16262274999999998,0.0867215,0.0020717499999999833,-0.00067890000000001,0.0021801498279934673
0.04125,0.03875,0.005,6.25e-08,-0.170881,0.0745793,-0.1731895,0.074994975,0.002308499999999991,-0.00041567500000000424,0.002345625280309061
0.04375,0.03875,0.005,6.25e-08,-0.180362,0.0614629,-0.182896,0.061578875,0.0025340000000000085,-0.00011597499999999733,0.0025366525581216365
0.04625,0.03875,0.005,6.25e-08,-0.188836,0.0467525,-0.19157600000000002,0.046536925,0.00274000000000002,0.00021557500000000257,0.0027484673148184084
0.04875,0.03875,0.005,6.25e-08,-0.196126,0.0305485,-0.19904125,0.029977149999999998,0.002915250000000008,0.0005713500000000017,0.002970710922489775
0.05125,0.03875,0.005,6.25e-08,-0.202036,0.0130041,-0.2050855,0.012063034999999998,0.0030495000000000105,0.0009410650000000013,0.0031914030745465337
0.05375,0.03875,0.005,6.25e-08,-0.206355,-0.00566448,-0.2094825,-0.0069745275,0.0031274999999999775,0.0013100474999999997,0.0033907935210295698
0.05625,0.03875,0.005,6.25e-08,-0.208856,-0.0251669,-0.21199325,-0.026826575000000002,0.0031372499999999803,0.0016596750000000028,0.003549205357277159
0.05875,0.03875,0.005,6.25e-08,-0.209306,-0.0451295,-0.212373,-0.04709652499999997,0.003067000000000014,0.0019670249999999695,0.003643580155647048
0.06125,0.03875,0.005,6.25e-08,-0.207479,-0.0650882,-0.21038600000000002,-0.06729365,0.0029070000000000207,0.0022054499999999977,0.003648925691556367
0.06375,0.03875,0.005,6.25e-08,-0.203168,-0.0844857,-0.20582024999999998,-0.08683237500000004,0.002652249999999995,0.002346675000000048,0.0035413717141984965
0.06625,0.03875,0.005,6.25e-08,-0.196208,-0.102676,-0.19851524999999998,-0.10503925000000006,0.002307249999999983,0.002363250000000053,0.0033027796058774754
0.06875,0.03875,0.005,6.25e-08,-0.186501,-0.118938,-0.18838749999999999,-0.12117275000000004,0.0018864999999999854,0.0022347500000000353,0.0029245495059068674
0.07125,0.03875,0.005,6.25e-08,-0.174047,-0.132502,-0.17546525000000002,-0.13445399999999996,0.0014182500000000098,0.0019519999999999538,0.0024128276072898054
0.07375,0.03875,0.005,6.25e-08,-0.158979,-0.142596,-0.15991675000000005,-0.144119,0.0009377500000000427,0.0015229999999999966,0.0017885480319242393
0.07625,0.03875,0.005,6.25e-08,-0.141586,-0.1485,-0.14208025000000005,-0.14947874999999997,0.0004942500000000571,0.0009787499999999727,0.0010964646027118263
0.07875,0.03875,0.005,6.25e-08,-0.122339,-0.149626,-0.12247324999999995,-0.15000049999999998,0.0001342499999999469,0.0003744999999999721,0.0003978357858463274
0.08125,0.03875,0.005,6.25e-08,-0.101897,-0.145595,-0.10179134999999995,-0.14537925,-0.00010565000000005431,-0.00021575000000001454,0.0002402290261396773
0.08375,0.03875,0.005,6.25e-08,-0.0810817,-0.136325,-0.08087819999999994,-0.13561124999999996,-0.00020350000000006474,-0.0007137500000000407,0.0007421935815540879
0.08625,0.03875,0.005,6.25e-08,-0.0608409,-0.122087,-0.06067357500000005,-0.12103625000000004,-0.00016732499999995432,-0.0010507499999999614,0.0010639892941777674
0.08875,0.03875,0.005,6.25e-08,-0.0421733,-0.103534,-0.04214205000000005,-0.10235245000000007,-3.1249999999947986e-05,-0.001181549999999934,0.0011819631825906595
0.09125,0.03875,0.005,6.25e-08,-0.0260279,-0.081681,-0.026191625000000038,-0.08058477500000005,0.00016372500000003815,-0.0010962249999999507,0.0011083840156957806
0.09375,0.03875,0.005,6.25e-08,-0.0131972,-0.0578354,-0.013595874999999999,-0.0570223,0.0003986749999999994,-0.0008131000000000041,0.00090557902229734
0.09625,0.03875,0.005,6.25e-08,-0.00441911,-0.0334842,-0.004932532499999981,-0.03312487499999993,0.000513422499999981,-0.00035932500000007,0.0006266714602814467
0.09875,0.03875,0.005,6.25e-08,-0.000571192,-0.0102322,-0.000545736999999994,-0.01042413999999994,-2.5455000000006037e-05,0.0001919399999999391,0.00019362055837378667
0.00125,0.04125,0.005,6.25e-08,-0.000584192,0.0168141,-0.00046087925,0.016414525,-0.00012331274999999997,0.00039957499999999924,0.00041817007896017845
0.00375,0.04125,0.005,6.25e-08,-0.00362675,0.045333,-0.0038573774999999997,0.045383024999999994,0.00023062749999999948,-5.002499999999521e-05,0.00023599055994096306
0.00625,0.04125,0.005,6.25e-08,-0.00981183,0.0689615,-0.009984905000000002,0.069402275,0.0001730750000000017,-0.00044077500000000436,0.0004735372807393357
0.00875,0.04125,0.005,6.25e-08,-0.0181447,0.0880693,-0.018249325000000004,0.08883875,0.00010462500000000402,-0.000769449999999991,0.0007765305487390608
0.01125,0.04125,0.005,6.25e-08,-0.0280301,0.103102,-0.028145925,0.10413825,0.00011582499999999996,-0.0010362500000000024,0.0010427029745450067
0.01375,0.04125,0.005,6.25e-08,-0.039083,0.114522,-0.03925475,0.1157675,0.0001717499999999983,-0.0012454999999999966,0.0012572860901560912
0.01625,0.04125,0.005,6.25e-08,-0.0509716,0.122769,-0.0512324,0.124173,0.00026079999999999853,-0.0014040000000000025,0.0014280170307107707
0.01875,0.04125,0.005,6.25e-08,-0.0634208,0.128235,-0.06380185000000001,0.12974950000000002,0.00038105000000000777,-0.0015145000000000297,0.0015617007884034945
0.02125,0.04125,0.005,6.25e-08,-0.0762117,0.131243,-0.07674117500000001,0.13282575,0.0005294750000000154,-0.0015827499999999939,0.0016689641512402226
0.02375,0.04125,0.005,6.25e-08,-0.0891693,0.132045,-0.0898723,0.13365624999999998,0.0007029999999999953,-0.0016112499999999808,0.00175793502795181
0.02625,0.04125,0.005,6.25e-08,-0.102151,0.130824,-0.10305,0.1324245,0.000898999999999997,-0.0016005000000000047,0.0018357018412585443
0.02875,0.04125,0.005,6.25e-08,-0.115037,0.127698,-0.11615249999999999,0.129249,0.0011154999999999915,-0.0015509999999999968,0.001910481941814675
0.03125,0.04125,0.005,6.25e-08,-0.127723,0.122734,-0.12907174999999999,0.12419525,0.001348749999999982,-0.0014612499999999973,0.0019885618232783064
0.03375,0.04125,0.005,6.25e-08,-0.140108,0.115962,-0.14170525,0.11729124999999999,0.0015972499999999945,-0.0013292499999999902,0.0020780070079284996
0.03625,0.04125,0.005,6.25e-08,-0.152094,0.107386,-0.153951,0.10854074999999999,0.0018569999999999975,-0.001154749999999996,0.0021867548016410027
0.03875,0.04125,0.005,6.25e-08,-0.163575,0.097,-0.16570000000000001,0.097936525,0.0021250000000000158,-0.0009365249999999936,0.002322219644138998
0.04125,0.04125,0.005,6.25e-08,-0.174437,0.0848019,-0.1768305,0.0854753,0.002393499999999993,-0.0006734000000000046,0.002486425106453032
0.04375,0.04125,0.005,6.25e-08,-0.184546,0.0708035,-0.187204,0.07117079999999999,0.0026580000000000215,-0.0003672999999999871,0.0026832579618814335
0.04625,0.04125,0.005,6.25e-08,-0.193752,0.0550448,-0.19666075,0.055065699999999995,0.0029087499999999877,-2.089999999999731e-05,0.0029088250845487303
0.04875,0.04125,0.005,6.25e-08,-0.201882,0.0376051,-0.20501724999999998,0.037244900000000004,0.0031352499999999783,0.000360199999999998,0.0031558733501995707
0.05125,0.04125,0.005,6.25e-08,-0.208737,0.0186161,-0.21206325000000004,0.01784875,0.0033262500000000306,0.00076735,0.0034136146655708234
0.05375,0.04125,0.005,6.25e-08,-0.214096,-0.00172534,-0.21756175,-0.0029130402500000003,0.0034657499999999897,0.0011877002500000004,0.0036636122811168205
0.05625,0.04125,0.005,6.25e-08,-0.217712,-0.0231437,-0.221252,-0.0247472,0.0035400000000000154,0.0016035000000000008,0.0038862336844302237
0.05875,0.04125,0.005,6.25e-08,-0.219325,-0.0452717,-0.22285625,-0.04726322499999997,0.0035312500000000135,0.001991524999999973,0.00405412116100703
0.06125,0.04125,0.005,6.25e-08,-0.218662,-0.0676386,-0.22208875,-0.0699617,0.003426750000000006,0.0023231000000000085,0.004139976953136343
0.06375,0.04125,0.005,6.25e-08,-0.215461,-0.089662,-0.21867575,-0.09222720000000006,0.0032147499999999885,0.002565200000000059,0.004112768970231641
0.06625,0.04125,0.005,6.25e-08,-0.209487,-0.110646,-0.21237849999999997,-0.11332900000000004,0.0028914999999999635,0.0026830000000000465,0.003944522943272106
0.06875,0.04125,0.005,6.25e-08,-0.200559,-0.129789,-0.20302599999999996,-0.13243375000000007,0.0024669999999999692,0.0026447500000000845,0.0036167376961151465
0.07125,0.04125,0.005,6.25e-08,-0.188593,-0.146208,-0.190554,-0.14863599999999993,0.0019609999999999905,0.00242799999999993,0.003121010253107097
0.07375,0.04125,0.005,6.25e-08,-0.173634,-0.158978,-0.17504675000000003,-0.16100774999999998,0.0014127500000000182,0.002029749999999969,0.0024730037656663455
0.07625,0.04125,0.005,6.25e-08,-0.155902,-0.167197,-0.15677550000000007,-0.16866975,0.0008735000000000548,0.001472749999999995,0.0017123068686716412
0.07875,0.04125,0.005,6.25e-08,-0.135826,-0.170077,-0.13622949999999992,-0.17088474999999997,0.0004034999999999178,0.0008077499999999682,0.0009029243116119326
0.08125,0.04125,0.005,6.25e-08,-0.114066,-0.167038,-0.11412224999999994,-0.16715625,5.6249999999938294e-05,0.00011825000000001418,0.000130947031275995
0.08375,0.04125,0.005,6.25e-08,-0.0915032,-0.157827,-0.09137149999999994,-0.15732649999999998,-0.00013170000000006787,-0.0005005000000000148,0.0005175375735152306
0.08625,0.04125,0.005,6.25e-08,-0.0692017,-0.142604,-0.06904775000000007,-0.14164900000000005,-0.00015394999999993053,-0.0009549999999999559,0.0009673291076463554
0.08875,0.04125,0.005,6.25e-08,-0.0483318,-0.121999,-0.04829062500000006,-0.12081900000000007,-4.117499999994195e-05,-0.001179999999999931,0.001180718163079078
0.09125,0.04125,0.005,6.25e-08,-0.0300471,-0.0971056,-0.030208825000000043,-0.09595487500000008,0.00016172500000004308,-0.001150724999999922,0.0011620339931558948
0.09375,0.04125,0.005,6.25e-08,-0.0153477,-0.0694002,-0.01577845,-0.068518625,0.00043074999999999884,-0.0008815749999999956,0.0009811829814693033
0.09625,0.04125,0.005,6.25e-08,-0.00518656,-0.040609,-0.005759039999999979,-0.04020329999999992,0.0005724799999999794,-0.0004057000000000782,0.0007016593478320087
0.09875,0.04125,0.005,6.25e-08,-0.000684262,-0.0126131,-0.000641331749999993,-0.012800622499999928,-4.2930250000007076e-05,0.0001875224999999276,0.00019237384014279582
0.00125,0.04375,0.005,6.25e-08,-0.000582877,0.0186895,-0.0004603065,0.0182159,-0.00012257049999999997,0.0004736000000000011,0.0004892039323945086
0.00375,0.04375,0.005,6.25e-08,-0.00362888,0.0502295,-0.0038566625,0.050250899999999994,0.0002277824999999999,-2.139999999999087e-05,0.0002287855487268581
0.00625,0.04375,0.005,6.25e-08,-0.00983072,0.0762453,-0.009991472500000001,0.0766971,0.0001607525000000016,-0.0004518000000000022,0.0004795462503828515
0.00875,0.04375,0.005,6.25e-08,-0.0181934,0.0971969,-0.018273300000000003,0.09801080000000001,7.990000000000427e-05,-0.0008139000000000063,0.0008178124601643161
0.01125,0.04375,0.005,6.25e-08,-0.0281179,0.113615,-0.028196275,0.11472475,7.837499999999858e-05,-0.0011097500000000066,0.00111251413614615
0.01375,0.04375,0.005,6.25e-08,-0.0392147,0.126041,-0.039337300000000006,0.12738675,0.00012260000000000743,-0.0013457500000000067,0.0013513229897030613
0.01625,0.04375,0.005,6.25e-08,-0.0511475,0.134988,-0.051349725,0.136515,0.00020222500000000032,-0.0015270000000000006,0.0015403324156249528
0.01875,0.04375,0.005,6.25e-08,-0.063639,0.140907,-0.0639548,0.14256575,0.00031580000000000497,-0.0016587499999999866,0.0016885441073599347
0.02125,0.04375,0.005,6.25e-08,-0.076471,0.144172,-0.07693132500000001,0.14591925000000003,0.0004603250000000114,-0.0017472500000000335,0.0018068706838413001
0.02375,0.04375,0.005,6.25e-08,-0.089472,0.145075,-0.090104875,0.14687,0.000632875000000005,-0.001794999999999991,0.0019033012808341652
0.02625,0.04375,0.005,6.25e-08,-0.102506,0.143827,-0.1033375,0.14563025,0.0008314999999999989,-0.0018032499999999785,0.0019857247574877846
0.02875,0.04375,0.005,6.25e-08,-0.115464,0.140567,-0.11651600000000001,0.14233774999999999,0.0010520000000000113,-0.0017707499999999876,0.002059674625395958
0.03125,0.04375,0.005,6.25e-08,-0.128252,0.135373,-0.1295455,0.13707049999999998,0.001293500000000003,-0.0016974999999999907,0.0021341622478152815
0.03375,0.04375,0.005,6.25e-08,-0.140786,0.128278,-0.14233825,0.12985950000000002,0.001552250000000005,-0.0015815000000000135,0.0022159923990167606
0.03625,0.04375,0.005,6.25e-08,-0.152981,0.119284,-0.154808,0.12070499999999999,0.0018269999999999953,-0.0014209999999999917,0.0023145561129512414
0.03875,0.04375,0.005,6.25e-08,-0.164749,0.108378,-0.16686275,0.1095895,0.0021137499999999976,-0.0012115000000000042,0.002436323318547848
0.04125,0.04375,0.005,6.25e-08,-0.175991,0.0955425,-0.17839725,0.09649675,0.0024062499999999987,-0.0009542500000000037,0.002588557923825542
0.04375,0.04375,0.005,6.25e-08,-0.186589,0.0807711,-0.18928974999999998,0.08141910000000001,0.002700749999999974,-0.0006480000000000097,0.0027774006845429906
0.04625,0.04375,0.005,6.25e-08,-0.196407,0.0640813,-0.19939500000000002,0.06437522500000001,0.0029880000000000184,-0.0002939250000000143,0.0030024216735204134
0.04875,0.04375,0.005,6.25e-08,-0.20528,0.0455269,-0.2085395,0.045422225,0.0032594999999999985,0.00010467500000000546,0.0032611803239969714
0.05125,0.04375,0.005,6.25e-08,-0.213017,0.0252118,-0.21651925,0.024670525000000002,0.0035022499999999845,0.0005412749999999973,0.0035438303695471784
0.05375,0.04375,0.005,6.25e-08,-0.219393,0.00330529,-0.22309525000000002,0.00229972075,0.003702250000000018,0.0010055692499999999,0.003836381704033854
0.05625,0.04375,0.005,6.25e-08,-0.224152,-0.0199425,-0.22799599999999998,-0.0214243,0.0038439999999999863,0.0014818000000000019,0.004119716888331029
0.05875,0.04375,0.005,6.25e-08,-0.227011,-0.0441833,-0.2309165,-0.04613137499999997,0.003905500000000006,0.0019480749999999658,0.0043643930225891565
0.06125,0.04375,0.005,6.25e-08,-0.227661,-0.0689541,-0.23153175,-0.07132957499999999,0.003870750000000006,0.002375474999999988,0.0045415401614567925
0.06375,0.04375,0.005,6.25e-08,-0.225785,-0.0936631,-0.229508,-0.09639087500000007,0.0037229999999999763,0.002727775000000071,0.004615353231403336
0.06625,0.04375,0.005,6.25e-08,-0.221079,-0.117579,-0.22452575,-0.12054300000000007,0.0034467499999999984,0.002964000000000064,0.0045459192208507585
0.06875,0.04375,0.005,6.25e-08,-0.213273,-0.139833,-0.21631725,-0.14287425000000004,0.0030442499999999983,0.003041250000000023,0.004303098839789778
0.07125,0.04375,0.005,6.25e-08,-0.20218,-0.159431,-0.20470650000000004,-0.16235424999999995,0.0025265000000000426,0.0029232499999999606,0.0038637537204770163
0.07375,0.04375,0.005,6.25e-08,-0.187737,-0.175293,-0.18966575000000002,-0.17788274999999995,0.0019287500000000346,0.0025897499999999463,0.0032290682286071092
0.07625,0.04375,0.005,6.25e-08,-0.170063,-0.186317,-0.17136750000000006,-0.18836424999999998,0.0013045000000000695,0.0020472499999999727,0.002427540486274136
0.07875,0.04375,0.005,6.25e-08,-0.149511,-0.191473,-0.15023224999999993,-0.1928145,0.0007212499999999233,0.0013414999999999955,0.0015230967836942855
0.08125,0.04375,0.005,6.25e-08,-0.126707,-0.189933,-0.12695949999999995,-0.19048849999999998,0.0002524999999999611,0.0005554999999999866,0.0006101938216664975
0.08375,0.04375,0.005,6.25e-08,-0.102563,-0.181206,-0.10251864999999993,-0.18100974999999997,-4.4350000000067946e-05,-0.00019625000000003667,0.00020119886928116773
0.08625,0.04375,0.005,6.25e-08,-0.0782476,-0.165278,-0.07810490000000007,-0.16448375000000004,-0.00014269999999992622,-0.0007942499999999686,0.0008069673800717901
0.08875,0.04375,0.005,6.25e-08,-0.0551119,-0.142702,-0.05504670000000006,-0.14156025000000005,-6.519999999993892e-05,-0.0011417499999999414,0.0011436101182220532
0.09125,0.04375,0.005,6.25e-08,-0.0345414,-0.114619,-0.03468452500000005,-0.11342650000000008,0.00014312500000004946,-0.0011924999999999158,0.0012010582898530834
0.09375,0.04375,0.005,6.25e-08,-0.0177873,-0.0826796,-0.01823975,-0.081725575,0.0004524500000000001,-0.0009540250000000111,0.0010558762726404175
0.09625,0.04375,0.005,6.25e-08,-0.00607126,-0.0488761,-0.006701339999999976,-0.0484135499999999,0.0006300799999999756,-0.0004625500000000962,0.0007816350228207909
0.09875,0.04375,0.005,6.25e-08,-0.000818488,-0.015411,-0.0007514982499999917,-0.015582799999999914,-6.698975000000832e-05,0.00017179999999991473,0.00018439866215630286
0.00125,0.04625,0.005,6.25e-08,-0.000574783,0.0205551,-0.0004547285,0.020005975000000002,-0.00012005450000000003,0.0005491249999999975,0.000562095497753938
0.00375,0.04625,0.005,6.25e-08,-0.00359322,0.0551116,-0.0038157449999999997,0.055096525,0.0002225249999999999,1.5074999999996341e-05,0.00022303504489205243
0.00625,0.04625,0.005,6.25e-08,-0.00975221,0.0835168,-0.009896835000000001,0.083968025,0.00014462500000000066,-0.00045122499999999954,0.0004738358273178589
0.00875,0.04625,0.005,6.25e-08,-0.0180659,0.106315,-0.018115450000000005,0.1071605,4.955000000000584e-05,-0.000845499999999999,0.0008469506789063923
0.01125,0.04625,0.005,6.25e-08,-0.0279358,0.124119,-0.027968125,0.1252895,3.2324999999999715e-05,-0.0011705000000000049,0.0011709462650459292
0.01375,0.04625,0.005,6.25e-08,-0.0389686,0.137548,-0.039030425,0.13898149999999998,6.182500000000146e-05,-0.0014334999999999765,0.0014348325967251138
0.01625,0.04625,0.005,6.25e-08,-0.0508247,0.147188,-0.050953625,0.148827,0.00012892500000000195,-0.0016389999999999738,0.0016440628502660457
0.01875,0.04625,0.005,6.25e-08,-0.063225,0.153552,-0.063457525,0.15534725,0.00023252499999999732,-0.0017952499999999982,0.0018102459606708125
0.02125,0.04625,0.005,6.25e-08,-0.0759522,0.15707,-0.076321925,0.1589755,0.0003697250000000013,-0.0019055000000000044,0.0019410375641973079
0.02375,0.04625,0.005,6.25e-08,-0.0888393,0.158075,-0.089376525,0.1600485,0.0005372250000000023,-0.001973500000000017,0.002045314878111698
0.02625,0.04625,0.005,6.25e-08,-0.101758,0.15681,-0.1024905,0.15881175,0.000732499999999997,-0.0020017499999999966,0.002131562645689772
0.02875,0.04625,0.005,6.25e-08,-0.114609,0.153437,-0.11556175,0.155426,0.0009527500000000022,-0.0019890000000000185,0.002205414601044456
0.03125,0.04625,0.005,6.25e-08,-0.127314,0.148048,-0.12850875,0.14998275,0.0011947499999999944,-0.001934749999999985,0.0022739140540046646
0.03375,0.04625,0.005,6.25e-08,-0.139802,0.140683,-0.14126,0.14251825,0.001457999999999987,-0.0018352500000000105,0.002343908394647709
0.03625,0.04625,0.005,6.25e-08,-0.15201,0.131341,-0.15374825,0.13303075,0.0017382499999999967,-0.0016897499999999899,0.0024242046376079626
0.03875,0.04625,0.005,6.25e-08,-0.163867,0.120001,-0.1659005,0.12149575,0.0020334999999999936,-0.001494750000000003,0.0025237669885510394
0.04125,0.04625,0.005,6.25e-08,-0.175294,0.106633,-0.17763425,0.10788075000000001,0.002340249999999988,-0.0012477500000000058,0.0026521029627448404
0.04375,0.04625,0.005,6.25e-08,-0.186194,0.0912109,-0.18884774999999998,0.09215785,0.0026537499999999825,-0.000946950000000002,0.0028176414543017907
0.04625,0.04625,0.005,6.25e-08,-0.196451,0.0737272,-0.19941699999999998,0.07431975,0.0029659999999999964,-0.0005925499999999972,0.003024610967132794
0.04875,0.04625,0.005,6.25e-08,-0.205916,0.0542068,-0.20918799999999999,0.054392075,0.003271999999999997,-0.00018527499999999864,0.0032772413438172327
0.05125,0.04625,0.005,6.25e-08,-0.214413,0.0327206,-0.21797075000000002,0.032449775,0.003557750000000026,0.0002708250000000023,0.003568043055110909
0.05375,0.04625,0.005,6.25e-08,-0.221725,0.00940251,-0.225537,0.0086341775,0.003811999999999982,0.0007683324999999998,0.0038886602873684033
0.05625,0.04625,0.005,6.25e-08,-0.227596,-0.0155327,-0.23161375,-0.01682745,0.004017750000000014,0.0012947500000000008,0.004221219329174938
0.05875,0.04625,0.005,6.25e-08,-0.23173,-0.0417691,-0.2358855,-0.04360017499999996,0.004155500000000006,0.0018310749999999598,0.004541036875607255
0.06125,0.04625,0.005,6.25e-08,-0.233795,-0.0688682,-0.237996,-0.07121815000000001,0.00420100000000001,0.0023499500000000034,0.004813591798491029
0.06375,0.04625,0.005,6.25e-08,-0.233427,-0.0962473,-0.23756,-0.09906260000000008,0.004132999999999998,0.00281530000000009,0.00500076025120186
0.06625,0.04625,0.005,6.25e-08,-0.230254,-0.123161,-0.2341835,-0.12634200000000007,0.0039295000000000024,0.0031810000000000588,0.005055663284871768
0.06875,0.04625,0.005,6.25e-08,-0.223917,-0.148691,-0.22749574999999997,-0.15208700000000008,0.003578749999999964,0.0033960000000000934,0.004933585669926121
0.07125,0.04625,0.005,6.25e-08,-0.214114,-0.171748,-0.21719725000000004,-0.17515674999999994,0.0030832500000000373,0.0034087499999999327,0.0045963036371632114
0.07375,0.04625,0.005,6.25e-08,-0.200654,-0.191101,-0.20311925000000003,-0.19427899999999992,0.00246525000000003,0.003177999999999931,0.0040220817448803434
0.07625,0.04625,0.005,6.25e-08,-0.183523,-0.205434,-0.18529650000000006,-0.20812374999999994,0.0017735000000000667,0.0026897499999999352,0.003221809633187518
0.07875,0.04625,0.005,6.25e-08,-0.162954,-0.213448,-0.16403874999999996,-0.21542050000000001,0.0010847499999999677,0.001972500000000016,0.002251097246344545
0.08125,0.04625,0.005,6.25e-08,-0.139497,-0.214006,-0.13998324999999992,-0.21511024999999998,0.00048624999999991037,0.0011042499999999733,0.0012065683258729502
0.08375,0.04625,0.005,6.25e-08,-0.114052,-0.206309,-0.11411624999999992,-0.20652124999999996,6.424999999991854e-05,0.0002122499999999694,0.00022176141458778745
0.08625,0.04625,0.005,6.25e-08,-0.0878696,-0.190082,-0.08773710000000008,-0.18952875000000005,-0.00013249999999992434,-0.0005532499999999496,0.000568895256176323
0.08875,0.04625,0.005,6.25e-08,-0.0624756,-0.165726,-0.06236960000000007,-0.1646690000000001,-0.00010599999999993254,-0.0010569999999999191,0.0010623017462095292
0.09125,0.04625,0.005,6.25e-08,-0.0395128,-0.134379,-0.039615550000000055,-0.1331595000000001,0.00010275000000005419,-0.0012194999999999012,0.001223820988747852
0.09375,0.04625,0.005,6.25e-08,-0.0205308,-0.0978528,-0.02098985,-0.096820825,0.0004590500000000025,-0.0010319750000000044,0.001129468593244191
0.09625,0.04625,0.005,6.25e-08,-0.00708397,-0.0584323,-0.007767159999999971,-0.05789777499999989,0.0006831899999999707,-0.000534525000000112,0.0008674477227620577
0.09875,0.04625,0.005,6.25e-08,-0.000976906,-0.0186898,-0.0008775704999999902,-0.018829124999999895,-9.93355000000098e-05,0.0001393249999998951,0.00017111106681107075
0.00125,0.04875,0.005,6.25e-08,-0.000560667,0.0223918,-0.00044468700000000003,0.021766475,-0.00011598000000000001,0.0006253249999999995,0.0006359895565376836
0.00375,0.04875,0.005,6.25e-08,-0.00352404,0.0599332,-0.0037389199999999997,0.05987287499999999,0.00021487999999999976,6.03250000000069e-05,0.00022318718606810904
0.00625,0.04875,0.005,6.25e-08,-0.00958674,0.0907093,-0.00971117,0.09114625,0.00012443000000000003,-0.0004369499999999915,0.0004543216122968316
0.00875,0.04875,0.005,6.25e-08,-0.0177792,0.11534,-0.017792150000000003,0.11620100000000001,1.2950000000004624e-05,-0.0008610000000000145,0.000861097382704201
0.01125,0.04875,0.005,6.25e-08,-0.0275052,0.134513,-0.027482725,0.13572900000000002,-2.2475000000000966e-05,-0.0012160000000000226,0.0012162076819462436
0.01375,0.04875,0.005,6.25e-08,-0.0383683,0.148927,-0.038357925,0.1504335,-1.0374999999999968e-05,-0.001506499999999994,0.0015065357249746793
0.01625,0.04875,0.005,6.25e-08,-0.0500254,0.159238,-0.05006675,0.1609775,4.1350000000002496e-05,-0.001739500000000005,0.0017399914001224308
0.01875,0.04875,0.005,6.25e-08,-0.0621957,0.166028,-0.062327725,0.1679475,0.0001320250000000009,-0.0019194999999999907,0.0019240350440220585
0.02125,0.04875,0.005,6.25e-08,-0.0746632,0.16978,-0.07492185000000001,0.17183274999999998,0.00025865000000001304,-0.002052749999999992,0.002068981001604407
0.02375,0.04875,0.005,6.25e-08,-0.0872656,0.170874,-0.087683075,0.17301725,0.0004174750000000005,-0.002143250000000013,0.002183530613049668
0.02625,0.04875,0.005,6.25e-08,-0.0998834,0.16959,-0.100488525,0.17178175,0.000605124999999998,-0.00219175000000002,0.0022737511579161616
0.02875,0.04875,0.005,6.25e-08,-0.112429,0.166115,-0.11324825000000001,0.1683135,0.0008192500000000075,-0.002198499999999992,0.0023461826042531254
0.03125,0.04875,0.005,6.25e-08,-0.124839,0.160558,-0.12589475,0.16272,0.0010557499999999942,-0.0021619999999999973,0.0024060033380068234
0.03375,0.04875,0.005,6.25e-08,-0.137061,0.152966,-0.13837525,0.1550475,0.0013142500000000168,-0.002081500000000014,0.002461685461731474
0.03625,0.04875,0.005,6.25e-08,-0.149051,0.14334,-0.15064275,0.145293,0.0015917500000000029,-0.0019530000000000103,0.002519499367433945
0.03875,0.04875,0.005,6.25e-08,-0.160762,0.131653,-0.16264775,0.1334265,0.0018857500000000194,-0.0017735000000000112,0.002588697609320199
0.04125,0.04875,0.005,6.25e-08,-0.172138,0.117861,-0.1743325,0.11940124999999999,0.002194499999999988,-0.001540249999999993,0.002681081929464284
0.04375,0.04875,0.005,6.25e-08,-0.183109,0.101918,-0.18562175,0.10316937500000001,0.002512750000000008,-0.001251375000000013,0.0028071073996420357
0.04625,0.04875,0.005,6.25e-08,-0.19358,0.0837936,-0.19641850000000002,0.08469682499999999,0.0028385000000000216,-0.0009032249999999936,0.0029787409505737674
0.04875,0.04875,0.005,6.25e-08,-0.203432,0.0634797,-0.2065955,0.06397595,0.0031634999999999858,-0.0004962500000000036,0.0032021861770515333
0.05125,0.04875,0.005,6.25e-08,-0.212508,0.0410109,-0.21598799999999999,0.041042524999999996,0.003479999999999983,-3.1624999999993464e-05,0.003480143695398925
0.05375,0.04875,0.005,6.25e-08,-0.220611,0.0164794,-0.22438775,0.0159931,0.0037767499999999954,0.000486300000000002,0.00380792965435287
0.05625,0.04875,0.005,6.25e-08,-0.227497,-0.00994487,-0.23153674999999999,-0.010993695,0.004039749999999981,0.0010488249999999998,0.004173681102231559
0.05875,0.04875,0.005,6.25e-08,-0.232873,-0.0379912,-0.2371205,-0.03963254999999996,0.004247500000000015,0.0016413499999999581,0.004553601439794659
0.06125,0.04875,0.005,6.25e-08,-0.236392,-0.0672631,-0.24076999999999998,-0.06950325,0.004377999999999993,0.0022401499999999963,0.004917840585307734
0.06375,0.04875,0.005,6.25e-08,-0.23766,-0.0972088,-0.24206275,-0.10002032500000008,0.004402749999999983,0.0028115250000000785,0.005223875992797426
0.06625,0.04875,0.005,6.25e-08,-0.236246,-0.127094,-0.24054000000000003,-0.13040350000000006,0.00429400000000002,0.0033095000000000485,0.005421367562709661
0.06875,0.04875,0.005,6.25e-08,-0.231705,-0.155977,-0.23573249999999996,-0.1596537500000001,0.004027499999999962,0.0036767500000000897,0.005453370225145213
0.07125,0.04875,0.005,6.25e-08,-0.223618,-0.182699,-0.22720800000000002,-0.18654649999999992,0.00359000000000001,0.0038474999999999204,0.005262257714137485
0.07375,0.04875,0.005,6.25e-08,-0.211649,-0.205893,-0.21463775000000004,-0.20965324999999996,0.00298875000000004,0.003760249999999965,0.004803343275781981
0.07625,0.04875,0.005,6.25e-08,-0.195618,-0.22403,-0.19788150000000004,-0.22740374999999996,0.002263500000000057,0.003373749999999953,0.004062711079131759
0.07875,0.04875,0.005,6.25e-08,-0.175598,-0.235518,-0.17708424999999994,-0.23820675000000002,0.001486249999999939,0.0026887500000000175,0.003072184178235399
0.08125,0.04875,0.005,6.25e-08,-0.152004,-0.23886,-0.15276499999999993,-0.24062675,0.0007609999999999284,0.0017667500000000114,0.0019236752747020303
0.08375,0.04875,0.005,6.25e-08,-0.125674,-0.232863,-0.12587074999999992,-0.23360274999999997,0.00019674999999991227,0.0007397499999999835,0.0007654675858584353
0.08625,0.04875,0.005,6.25e-08,-0.0978923,-0.216891,-0.09777195000000007,-0.21667775000000006,-0.00012034999999993579,-0.00021324999999994265,0.00024486666780098936
0.08875,0.04875,0.005,6.25e-08,-0.0703432,-0.191088,-0.07017820000000008,-0.1901770000000001,-0.00016499999999991521,-0.0009109999999999119,0.0009258217971077434
0.09125,0.04875,0.005,6.25e-08,-0.0449422,-0.156509,-0.044977700000000065,-0.1552840000000001,3.550000000006326e-05,-0.0012249999999999206,0.0012255142798024876
0.09375,0.04875,0.005,6.25e-08,-0.023585,-0.115091,-0.024029925,-0.113974,0.00044492500000000226,-0.001116999999999993,0.0012023507207237771
0.09625,0.04875,0.005,6.25e-08,-0.00823375,-0.0694294,-0.008961949999999967,-0.06880229999999987,0.0007281999999999671,-0.0006271000000001303,0.0009610045005098132
0.09875,0.04875,0.005,6.25e-08,-0.0011626,-0.0225192,-0.0010207322499999887,-0.022602349999999872,-0.00014186775000001126,8.314999999987222e-05,0.00016443959678266195
0.00125,0.05125,0.005,6.25e-08,-0.000541814,0.0241832,-0.00043108450000000004,0.023481775000000003,-0.0001107294999999999,0.0007014249999999951,0.0007101112960622743
0.00375,0.05125,0.005,6.25e-08,-0.00342849,0.0646547,-0.0036333375,0.06453965,0.00020484749999999993,0.00011504999999999155,0.00023494467594786656
0.00625,0.05125,0.005,6.25e-08,-0.00935171,0.0977641,-0.0094514775,0.09817157500000001,9.976750000000034e-05,-0.00040747500000000436,0.00041951094107454885
0.00875,0.05125,0.005,6.25e-08,-0.0173614,0.124194,-0.017331175000000004,0.1250535,-3.022499999999484e-05,-0.000859500000000013,0.0008600312788643341
0.01125,0.05125,0.005,6.25e-08,-0.0268638,0.144704,-0.02677725,0.14594725,-8.655000000000121e-05,-0.0012432500000000013,0.0012462589879314826
0.01375,0.05125,0.005,6.25e-08,-0.0374575,0.160065,-0.037363375000000004,0.16162875,-9.412499999999352e-05,-0.0015637499999999749,0.0015665802175838044
0.01625,0.05125,0.005,6.25e-08,-0.0487952,0.171009,-0.048735375000000004,0.17283300000000001,-5.982499999999252e-05,-0.00182400000000002,0.0018249808302075593
0.01875,0.05125,0.005,6.25e-08,-0.0605943,0.178184,-0.060610075,0.180214,1.5775000000002593e-05,-0.002030000000000004,0.0020300612923320853
0.02125,0.05125,0.005,6.25e-08,-0.0726404,0.182133,-0.07276960000000002,0.18432075,0.00012920000000002374,-0.002187750000000016,0.002191561704013847
0.02375,0.05125,0.005,6.25e-08,-0.0847769,0.183288,-0.085052875,0.18558724999999998,0.00027597499999999775,-0.002299249999999975,0.002315753174050482
0.02625,0.05125,0.005,6.25e-08,-0.0968938,0.181967,-0.09734595000000001,0.184334,0.00045215000000001226,-0.002367000000000008,0.0024097984609713838
0.02875,0.05125,0.005,6.25e-08,-0.108917,0.178385,-0.1095715,0.18077824999999997,0.0006545000000000023,-0.0023932499999999857,0.0024811319619278483
0.03125,0.05125,0.005,6.25e-08,-0.120799,0.172672,-0.12167874999999999,0.17504799999999998,0.0008797499999999847,-0.0023759999999999892,0.0025336408708615202
0.03375,0.05125,0.005,6.25e-08,-0.13251,0.164887,-0.133635,0.16719925000000002,0.0011250000000000149,-0.0023122500000000157,0.0025714052699837312
0.03625,0.05125,0.005,6.25e-08,-0.144025,0.155033,-0.14541575,0.1572345,0.001390750000000024,-0.002201499999999995,0.0026039945876479937
0.03875,0.05125,0.005,6.25e-08,-0.155324,0.143079,-0.156997,0.145118,0.0016730000000000078,-0.0020389999999999853,0.002637508293825816
0.04125,0.05125,0.005,6.25e-08,-0.166378,0.12897,-0.16834949999999999,0.1307915,0.001971499999999987,-0.0018215000000000037,0.002684152473314428
0.04375,0.05125,0.005,6.25e-08,-0.177146,0.112643,-0.17942925,0.1141895,0.0022832500000000144,-0.0015465000000000062,0.0027576970124544293
0.04625,0.05125,0.005,6.25e-08,-0.187565,0.0940406,-0.19017075000000003,0.0952513,0.0026057500000000178,-0.0012106999999999951,0.0028732781891943706
0.04875,0.05125,0.005,6.25e-08,-0.197546,0.0731244,-0.20048100000000002,0.07393645,0.002935000000000021,-0.0008120499999999947,0.0030452668524285544
0.05125,0.05125,0.005,6.25e-08,-0.206963,0.0498897,-0.21022924999999998,0.0502395,0.0032662499999999706,-0.00034979999999999734,0.0032849275642698435
0.05375,0.05125,0.005,6.25e-08,-0.21565,0.024383,-0.21923974999999998,0.024208125,0.003589749999999975,0.00017487499999999795,0.003594007001679994
0.05625,0.05125,0.005,6.25e-08,-0.223386,-0.00327836,-0.22728125,-0.004035571,0.003895249999999989,0.0007572109999999998,0.003968165956839622
0.05875,0.05125,0.005,6.25e-08,-0.229894,-0.0328814,-0.23405875,-0.03426847499999996,0.004164750000000023,0.0013870749999999599,0.004389660535636563
0.06125,0.05125,0.005,6.25e-08,-0.234833,-0.0640874,-0.2392075,-0.066134775,0.004374500000000003,0.002047375000000004,0.004829906276588092
0.06375,0.05125,0.005,6.25e-08,-0.237792,-0.0963987,-0.24228950000000005,-0.0991083500000001,0.004497500000000043,0.002709650000000091,0.0052506865620127125
0.06625,0.05125,0.005,6.25e-08,-0.238299,-0.12912,-0.24279775,-0.13245200000000007,0.004498749999999996,0.003332000000000057,0.005598301131816718
0.06875,0.05125,0.005,6.25e-08,-0.235836,-0.161322,-0.24017874999999997,-0.1651767500000001,0.004342749999999979,0.003854750000000101,0.005806769766832554
0.07125,0.05125,0.005,6.25e-08,-0.22987,-0.19181,-0.23387125,-0.19601349999999992,0.004001250000000012,0.004203499999999916,0.005803396747810663
0.07375,0.05125,0.005,6.25e-08,-0.21991,-0.21911,-0.22337300000000004,-0.2234074999999999,0.0034630000000000494,0.004297499999999899,0.00551913718347347
0.07625,0.05125,0.005,6.25e-08,-0.205589,-0.241499,-0.20833650000000004,-0.24556299999999995,0.0027475000000000416,0.0040639999999999565,0.00490559397524906
0.07875,0.05125,0.005,6.25e-08,-0.186774,-0.257083,-0.18868874999999993,-0.26055000000000006,0.0019147499999999373,0.0034670000000000534,0.003960600530538283
0.08125,0.05125,0.005,6.25e-08,-0.163688,-0.263959,-0.16476224999999992,-0.26649675,0.0010742499999999156,0.0025377500000000053,0.0027557554544987923
0.08375,0.05125,0.005,6.25e-08,-0.137032,-0.260458,-0.1373932499999999,-0.26185425,0.00036124999999992413,0.0013962499999999878,0.0014422259271694956
0.08625,0.05125,0.005,6.25e-08,-0.108063,-0.245461,-0.10796375000000008,-0.24570350000000007,-9.924999999992579e-05,0.0002425000000000621,0.00026202445019504457
0.08875,0.05125,0.005,6.25e-08,-0.0785846,-0.218716,-0.07834367500000007,-0.2180295000000001,-0.00024092499999993355,-0.0006864999999998955,0.0007275486963941482
0.09125,0.05125,0.005,6.25e-08,-0.0507826,-0.181079,-0.050720600000000074,-0.17987975000000012,-6.199999999992323e-05,-0.001199249999999874,0.0012008515988662747
0.09375,0.05125,0.005,6.25e-08,-0.026945,-0.134545,-0.027350275,-0.1333355,0.0004052750000000001,-0.0012095000000000022,0.0012755932249839703
0.09625,0.05125,0.005,6.25e-08,-0.00952645,-0.0820192,-0.010288189999999961,-0.08127319999999985,0.0007617399999999604,-0.0007460000000001493,0.001066191271583182
0.09875,0.05125,0.005,6.25e-08,-0.00137828,-0.0269737,-0.001181948499999987,-0.02696874999999985,-0.00019633150000001286,-4.9500000001492794e-06,0.00019639389092397075
0.00125,0.05375,0.005,6.25e-08,-0.000520151,0.0259177,-0.00041525550000000007,0.0251406,-0.00010489549999999988,0.0007770999999999993,0.0007841476110530777
0.00375,0.05375,0.005,6.25e-08,-0.00331717,0.0692472,-0.0035095574999999997,0.06906699999999999,0.00019238749999999976,0.00018020000000000536,0.000263600057200775
0.00625,0.05375,0.005,6.25e-08,-0.00907293,0.104636,-0.009142980000000002,0.10499675,7.005000000000206e-05,-0.000360749999999993,0.00036748818348349003
0.00875,0.05375,0.005,6.25e-08,-0.0168551,0.132814,-0.0167739,0.133653,-8.120000000000002e-05,-0.0008390000000000064,0.0008429201860200115
0.01125,0.05375,0.005,6.25e-08,-0.0260684,0.154606,-0.025907975,0.1558585,-0.00016042499999999876,-0.0012525000000000175,0.0012627321294023698
0.01375,0.05375,0.005,6.25e-08,-0.0363035,0.170856,-0.036114175,0.17245875000000002,-0.00018932500000000407,-0.0016027500000000139,0.0016138932796579352
0.01625,0.05375,0.005,6.25e-08,-0.0472071,0.18237,-0.04703335,0.184262,-0.0001737500000000003,-0.0018920000000000048,0.0018999613318433663
0.01875,0.05375,0.005,6.25e-08,-0.0584945,0.189867,-0.0583799,0.19199225,-0.00011459999999999942,-0.002125249999999995,0.002128337549003912
0.02125,0.05375,0.005,6.25e-08,-0.0699536,0.193956,-0.06993742500000001,0.19626174999999998,-1.6174999999993278e-05,-0.0023057499999999953,0.0023058067336888793
0.02375,0.05375,0.005,6.25e-08,-0.0814348,0.195121,-0.081550925,0.19755925,0.0001161249999999947,-0.002438250000000003,0.0024410137398476503
0.02625,0.05375,0.005,6.25e-08,-0.0928396,0.193723,-0.09311692499999999,0.19624899999999998,0.00027732499999999494,-0.0025259999999999727,0.0025411779071180473
0.02875,0.05375,0.005,6.25e-08,-0.104109,0.190013,-0.10457274999999999,0.19258200000000003,0.0004637499999999989,-0.0025690000000000435,0.0026105219904264784
0.03125,0.05375,0.005,6.25e-08,-0.115215,0.184142,-0.11588625,0.18670974999999998,0.0006712499999999982,-0.0025677499999999798,0.0026540377964527737
0.03375,0.05375,0.005,6.25e-08,-0.126148,0.176183,-0.12704600000000002,0.17870350000000002,0.0008980000000000099,-0.002520500000000009,0.0026756913592565308
0.03625,0.05375,0.005,6.25e-08,-0.13691,0.166146,-0.13805299999999998,0.16857125,0.0011429999999999774,-0.0024252500000000177,0.0026810980143403998
0.03875,0.05375,0.005,6.25e-08,-0.147508,0.153997,-0.14891125,0.15627625,0.0014032499999999948,-0.0022792500000000104,0.0026765819854807425
0.04125,0.05375,0.005,6.25e-08,-0.157942,0.139673,-0.15962199999999999,0.14175149999999997,0.001679999999999987,-0.002078499999999983,0.002672557249152932
0.04375,0.05375,0.005,6.25e-08,-0.168204,0.123096,-0.17017549999999998,0.1249155,0.001971499999999987,-0.0018195000000000017,0.0026827956500635594
0.04625,0.05375,0.005,6.25e-08,-0.178266,0.104184,-0.180544,0.10568374999999999,0.0022780000000000022,-0.0014997499999999941,0.0027273676067776404
0.04875,0.05375,0.005,6.25e-08,-0.188076,0.0828685,-0.19067225,0.08398455,0.0025962499999999944,-0.0011160500000000073,0.002825965616386722
0.05125,0.05375,0.005,6.25e-08,-0.197548,0.0591058,-0.20047225000000002,0.059771624999999995,0.002924250000000017,-0.0006658249999999949,0.002999093361855395
0.05375,0.05375,0.005,6.25e-08,-0.206551,0.032894,-0.20980925,0.033041975,0.0032582499999999903,-0.00014797500000000158,0.0032616084472427
0.05625,0.05375,0.005,6.25e-08,-0.214906,0.00429337,-0.218493,0.0038566272500000004,0.003586999999999979,0.00043674275,0.0036134904496452473
0.05875,0.05375,0.005,6.25e-08,-0.222363,-0.0265499,-0.22626425000000003,-0.027633124999999953,0.0039012500000000228,0.0010832249999999516,0.004048842793086078
0.06125,0.05375,0.005,6.25e-08,-0.228604,-0.0593703,-0.23278275,-0.061151750000000005,0.004178750000000009,0.0017814500000000039,0.004542633120228849
0.06375,0.05375,0.005,6.25e-08,-0.233223,-0.0937461,-0.23761675000000002,-0.0962570750000001,0.004393750000000002,0.0025109750000000958,0.0050606357815125855
0.06625,0.05375,0.005,6.25e-08,-0.235729,-0.129052,-0.24023825000000001,-0.13228950000000012,0.00450925000000002,0.0032375000000001153,0.00555110275643506
0.06875,0.05375,0.005,6.25e-08,-0.235548,-0.164409,-0.24003199999999997,-0.1683140000000001,0.00448399999999996,0.003905000000000103,0.0059460306928236124
0.07125,0.05375,0.005,6.25e-08,-0.232051,-0.198628,-0.23632375,-0.20306774999999994,0.004272749999999992,0.004439749999999937,0.0061617994632249574
0.07375,0.05375,0.005,6.25e-08,-0.224595,-0.230179,-0.22843875000000005,-0.23492199999999994,0.0038437500000000624,0.004742999999999942,0.006104953977099248
0.07625,0.05375,0.005,6.25e-08,-0.212613,-0.257178,-0.21580150000000006,-0.26189024999999994,0.0031885000000000663,0.004712249999999918,0.005689624971164589
0.07875,0.05375,0.005,6.25e-08,-0.195725,-0.277441,-0.19807424999999992,-0.28171075000000007,0.002349249999999914,0.004269750000000072,0.00487337056101834
0.08125,0.05375,0.005,6.25e-08,-0.173902,-0.288635,-0.17532574999999992,-0.29203125,0.0014237499999999181,0.003396250000000045,0.0036826048016315944
0.08375,0.05375,0.005,6.25e-08,-0.147629,-0.288533,-0.14819274999999993,-0.29071549999999996,0.0005637499999999185,0.002182499999999976,0.002254134049363481
0.08625,0.05375,0.005,6.25e-08,-0.118047,-0.275399,-0.11798625000000008,-0.27623375000000006,-6.074999999991504e-05,0.0008347500000000507,0.0008369576602194847
0.08875,0.05375,0.005,6.25e-08,-0.0870106,-0.248422,-0.08668232500000009,-0.2480595000000001,-0.0003282749999999057,-0.00036249999999990457,0.0004890508415541976
0.09125,0.05375,0.005,6.25e-08,-0.0569537,-0.208088,-0.056763375000000074,-0.20695750000000013,-0.00019032499999992875,-0.0011304999999998677,0.0011464091135474602
0.09375,0.05375,0.005,6.25e-08,-0.0305904,-0.156334,-0.03092795,-0.15502625,0.00033754999999999896,-0.0013077499999999964,0.0013506109969195386
0.09625,0.05375,0.005,6.25e-08,-0.0109619,-0.0963475,-0.011744674999999956,-0.09545084999999984,0.0007827749999999561,-0.0008966500000001654,0.0011902596032484795
0.09875,0.05375,0.005,6.25e-08,-0.00162509,-0.0321299,-0.0013619192499999852,-0.03199682499999982,-0.00026317075000001485,-0.00013307500000018374,0.00029490303369178694
0.00125,0.05625,0.005,6.25e-08,-0.000498385,0.0275899,-0.00039906,0.02673785,-9.932499999999993e-05,0.00085205,0.0008578197119004669
0.00375,0.05625,0.005,6.25e-08,-0.00320489,0.0736969,-0.0033822575,0.07343992499999999,0.00017736749999999963,0.0002569750000000065,0.00031224250300247914
0.00625,0.05625,0.005,6.25e-08,-0.00878638,0.111297,-0.008820660000000001,0.11159400000000001,3.4280000000001115e-05,-0.00029700000000001947,0.000298971768566886
0.00875,0.05625,0.005,6.25e-08,-0.0163189,0.141154,-0.016178,0.141953,-0.00014089999999999936,-0.0007989999999999942,0.0008113284230199201
0.01125,0.05625,0.005,6.25e-08,-0.025198,0.16415,-0.024953125,0.1653925,-0.00024487500000000204,-0.0012425000000000075,0.0012664004167817617
0.01375,0.05625,0.005,6.25e-08,-0.0350006,0.181202,-0.0347048,0.18282700000000002,-0.00029579999999999884,-0.0016250000000000153,0.0016517029515018882
0.01625,0.05625,0.005,6.25e-08,-0.0453648,0.193195,-0.0450657,0.19513875,-0.0002990999999999966,-0.001943749999999994,0.001966627792059284
0.01875,0.05625,0.005,6.25e-08,-0.0560034,0.200924,-0.055746925,0.20312775,-0.00025647499999999906,-0.0022037500000000043,0.002218624233196108
0.02125,0.05625,0.005,6.25e-08,-0.0667084,0.205067,-0.0665345,0.20747425,-0.0001739000000000046,-0.0024072499999999997,0.0024135231037841756
0.02375,0.05625,0.005,6.25e-08,-0.0773395,0.206168,-0.077281675,0.2087265,-5.782500000001134e-05,-0.002558500000000019,0.002559153371844896
0.02625,0.05625,0.005,6.25e-08,-0.0878125,0.204634,-0.087898175,0.20729674999999997,8.56749999999934e-05,-0.0026627499999999638,0.0026641279564099027
0.02875,0.05625,0.005,6.25e-08,-0.0980869,0.200753,-0.09833882499999999,0.203474,0.0002519249999999862,-0.002721000000000001,0.002732637408370346
0.03125,0.05625,0.005,6.25e-08,-0.108155,0.194704,-0.10859250000000001,0.19743625,0.00043750000000000733,-0.0027322500000000194,0.0027670555311558372
0.03375,0.05625,0.005,6.25e-08,-0.118033,0.186574,-0.118672,0.18927325,0.0006390000000000007,-0.002699250000000014,0.0027738550002658897
0.03625,0.05625,0.005,6.25e-08,-0.12775,0.176385,-0.12860575,0.1790025,0.0008557499999999885,-0.0026175000000000226,0.0027538362900688374
0.03875,0.05625,0.005,6.25e-08,-0.13734,0.164103,-0.13842749999999998,0.16658799999999999,0.0010874999999999913,-0.0024849999999999872,0.0027125414743372897
0.04125,0.05625,0.005,6.25e-08,-0.146838,0.149658,-0.1481715,0.15195799999999998,0.0013335000000000152,-0.0022999999999999687,0.002658612843194717
0.04375,0.05625,0.005,6.25e-08,-0.15627,0.132959,-0.15786475,0.1350175,0.0015947500000000059,-0.0020585000000000186,0.0026039680897622566
0.04625,0.05625,0.005,6.25e-08,-0.165647,0.113905,-0.16751775,0.11566225,0.0018707500000000044,-0.001757249999999988,0.002566638487399418
0.04875,0.05625,0.005,6.25e-08,-0.174956,0.0923987,-0.17712075,0.09379145,0.002164749999999993,-0.0013927499999999982,0.0025740814138251267
0.05125,0.05625,0.005,6.25e-08,-0.184157,0.0683584,-0.1866305,0.06932055,0.0024735000000000174,-0.000962149999999995,0.002654041234137118
0.05375,0.05625,0.005,6.25e-08,-0.193165,0.0417347,-0.19596275,0.042197174999999996,0.0027977499999999877,-0.0004624749999999969,0.0028357165211150654
0.05625,0.05625,0.005,6.25e-08,-0.201845,0.012528,-0.20497800000000002,0.01241977,0.0031330000000000247,0.00010822999999999909,0.003134868854178776
0.05875,0.05625,0.005,6.25e-08,-0.209996,-0.0191868,-0.21346725,-0.019937424999999953,0.003471250000000009,0.0007506249999999527,0.003551480600133554
0.06125,0.05625,0.005,6.25e-08,-0.217337,-0.0532298,-0.221134,-0.05469065,0.003796999999999995,0.0014608499999999996,0.004068327877949362
0.06375,0.05625,0.005,6.25e-08,-0.223489,-0.0892742,-0.22757850000000002,-0.09150207500000011,0.004089500000000024,0.002227875000000115,0.004656977267029087
0.06625,0.05625,0.005,6.25e-08,-0.227968,-0.126794,-0.23228175,-0.1298217500000001,0.004313750000000005,0.0030277500000001067,0.005270266513659503
0.06875,0.05625,0.005,6.25e-08,-0.230175,-0.164998,-0.234598,-0.1688152500000001,0.00442300000000001,0.0038172500000001053,0.005842458948294022
0.07125,0.05625,0.005,6.25e-08,-0.229405,-0.202761,-0.23377,-0.20728599999999991,0.004365000000000008,0.004524999999999918,0.006287197308817286
0.07375,0.05625,0.005,6.25e-08,-0.224885,-0.238549,-0.22897075000000003,-0.2435992499999999,0.004085750000000027,0.005050249999999895,0.006496027872861935
0.07625,0.05625,0.005,6.25e-08,-0.215844,-0.270377,-0.21939175000000005,-0.2756419999999999,0.003547750000000044,0.005264999999999909,0.006348760120094265
0.07875,0.05625,0.005,6.25e-08,-0.201635,-0.295813,-0.20439499999999994,-0.30085700000000004,0.002759999999999929,0.0050440000000000484,0.00574974225509284
0.08125,0.05625,0.005,6.25e-08,-0.181917,-0.312091,-0.18371399999999993,-0.31639925,0.0017969999999999375,0.0043082500000000135,0.0046680003280312535
0.08375,0.05625,0.005,6.25e-08,-0.15687,-0.316366,-0.15768274999999993,-0.31945775,0.0008127499999999177,0.0030917500000000042,0.0031967922398867107
0.08625,0.05625,0.005,6.25e-08,-0.127419,-0.306152,-0.12742950000000008,-0.30772850000000007,1.050000000007989e-05,0.0015765000000000917,0.0015765349663107034
0.08875,0.05625,0.005,6.25e-08,-0.0953664,-0.279878,-0.09495057500000009,-0.27996375000000007,-0.0004158249999999114,8.575000000005106e-05,0.0004245744847785075
0.09125,0.05625,0.005,6.25e-08,-0.0633358,-0.237441,-0.06299020000000008,-0.23643650000000016,-0.0003455999999999182,-0.0010044999999998527,0.0010622897956770777
0.09375,0.05625,0.005,6.25e-08,-0.0344807,-0.18053,-0.034724624999999995,-0.17912024999999998,0.00024392499999999206,-0.0014097500000000152,0.0014306971965182007
0.09625,0.05625,0.005,6.25e-08,-0.0125287,-0.112546,-0.013325849999999953,-0.1114627499999998,0.0007971499999999531,-0.0010832500000001882,0.0013449456067069526
0.09875,0.05625,0.005,6.25e-08,-0.00189937,-0.0380625,-0.001561001499999983,-0.03775602499999979,-0.000338368500000017,-0.00030647500000020866,0.00045653057665110384
0.00125,0.05875,0.005,6.25e-08,-0.000480222,0.0292036,-0.00038500725,0.02827665,-9.521474999999997e-05,0.0009269499999999993,0.0009318273182932346
0.00375,0.05875,0.005,6.25e-08,-0.00311178,0.0780104,-0.00327125,0.07766382499999999,0.00015946999999999966,0.00034657500000000174,0.00038150348822127574
0.00625,0.05875,0.005,6.25e-08,-0.00854057,0.117747,-0.0085315825,0.11796075,-8.987499999999968e-06,-0.00021374999999999866,0.00021393886429596991
0.00875,0.05875,0.005,6.25e-08,-0.015832,0.149193,-0.015620500000000004,0.149932,-0.00021149999999999468,-0.0007390000000000174,0.0007686697925637663
0.01125,0.05875,0.005,6.25e-08,-0.024358,0.173287,-0.024017049999999998,0.17450124999999997,-0.00034095000000000306,-0.0012142499999999723,0.001261209722845465
0.01375,0.05875,0.005,6.25e-08,-0.0336739,0.191021,-0.033260825,0.19265149999999998,-0.00041307499999999886,-0.0016304999999999792,0.0016820110598997056
0.01625,0.05875,0.005,6.25e-08,-0.0434058,0.203367,-0.042971850000000006,0.20534724999999998,-0.00043394999999999545,-0.001980249999999989,0.0020272401596752054
0.01875,0.05875,0.005,6.25e-08,-0.0532644,0.211205,-0.05285727500000001,0.21346974999999996,-0.0004071249999999943,-0.0022647499999999543,0.0023010526565302213
0.02125,0.05875,0.005,6.25e-08,-0.0630482,0.215286,-0.06270805000000002,0.21777525,-0.0003401499999999835,-0.0024892499999999984,0.002512382850005146
0.02375,0.05875,0.005,6.25e-08,-0.0726305,0.216218,-0.07238925000000002,0.21887625,-0.00024124999999998453,-0.002658250000000001,0.002669174895918212
0.02625,0.05875,0.005,6.25e-08,-0.0819456,0.214464,-0.08182825000000002,0.21723925,-0.00011734999999997442,-0.002775250000000007,0.0027777299337768658
0.02875,0.05875,0.005,6.25e-08,-0.0909755,0.210349,-0.09100160000000002,0.21319349999999998,2.6100000000015e-05,-0.002844499999999972,0.002844619739086376
0.03125,0.05875,0.005,6.25e-08,-0.0997378,0.204082,-0.09992290000000002,0.20694825,0.00018510000000002136,-0.002866249999999987,0.0028722205821454473
0.03375,0.05875,0.005,6.25e-08,-0.108275,0.19577,-0.10863275000000003,0.19861349999999997,0.00035775000000003165,-0.002843499999999971,0.0028659164873561576
0.03625,0.05875,0.005,6.25e-08,-0.116646,0.185446,-0.11718825000000001,0.18821775,0.000542250000000008,-0.0027717499999999895,0.0028242933850788146
0.03875,0.05875,0.005,6.25e-08,-0.124918,0.173079,-0.12565525000000002,0.17573075,0.0007372500000000226,-0.0026517499999999805,0.002752329127302898
0.04125,0.05875,0.005,6.25e-08,-0.133157,0.158597,-0.13410300000000003,0.16107724999999998,0.0009460000000000302,-0.0024802499999999894,0.002654534999298371
0.04375,0.05875,0.005,6.25e-08,-0.141427,0.141898,-0.142595,0.14415324999999998,0.0011680000000000024,-0.0022552499999999864,0.0025397591544278255
0.04625,0.05875,0.005,6.25e-08,-0.149777,0.122865,-0.15118375,0.12483699999999999,0.0014067500000000122,-0.0019719999999999877,0.002422339687678007
0.04875,0.05875,0.005,6.25e-08,-0.15824,0.101374,-0.15990300000000002,0.10300329999999999,0.0016630000000000256,-0.0016292999999999863,0.0023281296119417494
0.05125,0.05875,0.005,6.25e-08,-0.16682,0.0773105,-0.16876000000000002,0.07853379999999999,0.001940000000000025,-0.0012232999999999827,0.0022934826988665197
0.05375,0.05875,0.005,6.25e-08,-0.175485,0.0505795,-0.17772425000000003,0.05132979999999999,0.002239250000000026,-0.0007502999999999885,0.0023616076415230577
0.05625,0.05875,0.005,6.25e-08,-0.184154,0.0211232,-0.18671425000000003,0.02132937499999999,0.002560250000000014,-0.000206174999999989,0.002568538143210076
0.05875,0.05875,0.005,6.25e-08,-0.192681,-0.0110578,-0.195583,-0.011470769999999965,0.0029020000000000157,0.00041296999999996566,0.0029312366367968425
0.06125,0.05875,0.005,6.25e-08,-0.200841,-0.0458747,-0.20409500000000003,-0.04698442500000001,0.0032540000000000346,0.0011097250000000128,0.003438023498410861
0.06375,0.05875,0.005,6.25e-08,-0.208305,-0.0831096,-0.21190575000000006,-0.08499200000000011,0.003600750000000069,0.0018824000000001034,0.004063105994494961
0.06625,0.05875,0.005,6.25e-08,-0.214621,-0.12236,-0.21853525000000004,-0.12507925000000014,0.003914250000000036,0.002719250000000145,0.004766096266862543
0.06875,0.05875,0.005,6.25e-08,-0.219198,-0.162963,-0.22334900000000005,-0.1665565000000001,0.0041510000000000435,0.0035935000000001105,0.005490359118491354
0.07125,0.05875,0.005,6.25e-08,-0.221294,-0.203909,-0.22554725,-0.20835524999999988,0.004253250000000014,0.004446249999999874,0.006152989080520053
0.07375,0.05875,0.005,6.25e-08,-0.220035,-0.243734,-0.22418700000000003,-0.24891674999999988,0.004152000000000017,0.005182749999999875,0.0066407832039977665
0.07625,0.05875,0.005,6.25e-08,-0.214467,-0.280428,-0.21824975000000002,-0.2860922499999998,0.003782750000000029,0.005664249999999815,0.006811235249570971
0.07875,0.05875,0.005,6.25e-08,-0.203669,-0.311381,-0.20678174999999996,-0.31710675000000005,0.0031127499999999697,0.005725750000000029,0.006517163924975353
0.08125,0.05875,0.005,6.25e-08,-0.186944,-0.333432,-0.18912074999999992,-0.338651,0.002176749999999922,0.005218999999999974,0.00565475035368489
0.08375,0.05875,0.005,6.25e-08,-0.164082,-0.343088,-0.1651912499999999,-0.34718374999999996,0.001109249999999895,0.004095749999999954,0.004243301029269475
0.08625,0.05875,0.005,6.25e-08,-0.135668,-0.33699,-0.1358020000000001,-0.33946425,0.0001340000000000785,0.002474250000000011,0.002477875917494675
0.08875,0.05875,0.005,6.25e-08,-0.103328,-0.312592,-0.10284197500000009,-0.31327625000000003,-0.00048602499999991777,0.0006842500000000529,0.0008392963500009948
0.09125,0.05875,0.005,6.25e-08,-0.0697662,-0.26892,-0.06924750000000007,-0.2681220000000001,-0.0005186999999999276,-0.0007979999999999099,0.0009517634632616347
0.09375,0.05875,0.005,6.25e-08,-0.0385518,-0.207146,-0.038685075,-0.20563224999999996,0.00013327500000000214,-0.001513750000000036,0.0015196056357243183
0.09625,0.05875,0.005,6.25e-08,-0.0141954,-0.130722,-0.015021424999999946,-0.12941674999999975,0.0008260249999999456,-0.0013052500000002576,0.0015446665863951296
0.09875,0.05875,0.005,6.25e-08,-0.00218409,-0.0448297,-0.0017792007499999802,-0.044315074999999746,-0.0004048892500000199,-0.0005146250000002545,0.0006548085181110891
0.00125,0.06125,0.005,6.25e-08,-0.0004707,0.0307743,-0.00037644999999999996,0.029771300000000004,-9.425000000000004e-05,0.001002999999999997,0.0010074185140744605
0.00375,0.06125,0.005,6.25e-08,-0.00306479,0.0822219,-0.003202885,0.08177129999999999,0.00013809499999999997,0.0004506000000000093,0.00047128610103100687
0.00625,0.06125,0.005,6.25e-08,-0.00839968,0.124017,-0.008337907500000002,0.12412850000000002,-6.177249999999787e-05,-0.00011150000000001437,0.00012746800287230102
0.00875,0.06125,0.005,6.25e-08,-0.0154973,0.156943,-0.015202225000000003,0.15760325000000003,-0.0002950749999999971,-0.0006602500000000289,0.0007231869178331674
0.01125,0.06125,0.005,6.25e-08,-0.0236843,0.181992,-0.02323475,0.18316300000000002,-0.00044954999999999995,-0.0011710000000000331,0.0012543269918566201
0.01375,0.06125,0.005,6.25e-08,-0.0324833,0.200249,-0.03194275,0.20187075,-0.0005405500000000008,-0.0016217499999999774,0.0017094640578262906
0.01625,0.06125,0.005,6.25e-08,-0.0415042,0.212781,-0.04092825,0.21478225,-0.0005759499999999987,-0.00200125000000001,0.002082479283210289
0.01875,0.06125,0.005,6.25e-08,-0.0504574,0.220561,-0.049894875,0.2228715,-0.0005625250000000012,-0.002310499999999993,0.0023779917211010156
0.02125,0.06125,0.005,6.25e-08,-0.059153,0.224427,-0.058642650000000004,0.22698000000000002,-0.0005103499999999928,-0.0025530000000000275,0.002603510346148087
0.02375,0.06125,0.005,6.25e-08,-0.0674839,0.225059,-0.0670549,0.22779225,-0.0004289999999999988,-0.0027332499999999926,0.0027667122297954944
0.02625,0.06125,0.005,6.25e-08,-0.0754095,0.222973,-0.075083275,0.22583325,-0.00032622499999999943,-0.0028602500000000086,0.0028787936385098966
0.02875,0.06125,0.005,6.25e-08,-0.08294,0.21854,-0.08273217499999999,0.22147575,-0.0002078250000000087,-0.002935749999999987,0.002943096888164732
0.03125,0.06125,0.005,6.25e-08,-0.090123,0.211998,-0.09004525,0.21496300000000002,-7.775000000000143e-05,-0.002965000000000023,0.0029660192282755246
0.03375,0.06125,0.005,6.25e-08,-0.0970321,0.203477,-0.097093925,0.20642525,6.182500000000146e-05,-0.0029482500000000134,0.0029488981659469148
0.03625,0.06125,0.005,6.25e-08,-0.103758,0.193022,-0.10396775000000001,0.195907,0.00020975000000000854,-0.0028849999999999987,0.0028926147449150562
0.03875,0.06125,0.005,6.25e-08,-0.1104,0.180609,-0.11076625000000001,0.183382,0.0003662500000000124,-0.0027729999999999977,0.002797082062167643
0.04125,0.06125,0.005,6.25e-08,-0.11706,0.166163,-0.11759275000000001,0.16877599999999998,0.0005327500000000124,-0.0026129999999999765,0.002666756749780506
0.04375,0.06125,0.005,6.25e-08,-0.123838,0.149576,-0.124549,0.151978,0.0007110000000000033,-0.0024020000000000152,0.0025050199600003347
0.04625,0.06125,0.005,6.25e-08,-0.130823,0.130716,-0.13172775,0.13285375,0.0009047500000000097,-0.002137749999999994,0.0023213245410756314
0.04875,0.06125,0.005,6.25e-08,-0.13809,0.10944,-0.139207,0.11125750000000001,0.0011170000000000069,-0.0018175000000000135,0.0021333061782126037
0.05125,0.06125,0.005,6.25e-08,-0.145691,0.0856032,-0.14704374999999997,0.08704165000000001,0.001352749999999986,-0.0014384500000000078,0.0019746065342239666
0.05375,0.06125,0.005,6.25e-08,-0.153648,0.0590697,-0.15526325,0.0600671,0.0016152499999999848,-0.0009973999999999955,0.0018983780768066043
0.05625,0.06125,0.005,6.25e-08,-0.161937,0.0297276,-0.16384549999999998,0.030216825,0.0019084999999999797,-0.0004892249999999994,0.001970206423353889
0.05875,0.06125,0.005,6.25e-08,-0.170477,-0.00249368,-0.17271124999999998,-0.0025861724999999523,0.002234249999999993,9.249249999995247e-05,0.0022361636624040316
0.06125,0.06125,0.005,6.25e-08,-0.17911,-0.0375979,-0.1816995,-0.038352300000000006,0.0025895000000000223,0.0007544000000000092,0.00269715212956187
0.06375,0.06125,0.005,6.25e-08,-0.187575,-0.075483,-0.19053975000000004,-0.07698585000000012,0.0029647500000000437,0.001502850000000125,0.003323898416769176
0.06625,0.06125,0.005,6.25e-08,-0.195482,-0.115887,-0.19882325000000003,-0.11822575000000012,0.0033412500000000456,0.0023387500000001116,0.004078443713599689
0.06875,0.06125,0.005,6.25e-08,-0.202282,-0.158308,-0.20596425000000002,-0.16156025000000013,0.0036822500000000258,0.003252250000000123,0.004912850000254536
0.07125,0.06125,0.005,6.25e-08,-0.207241,-0.201905,-0.2111745,-0.20610924999999988,0.003933499999999979,0.004204249999999882,0.005757442167534019
0.07375,0.06125,0.005,6.25e-08,-0.209428,-0.245359,-0.21344875,-0.2504774999999999,0.00402074999999999,0.005118499999999915,0.006508876463146235
0.07625,0.06125,0.005,6.25e-08,-0.207748,-0.286731,-0.2116035,-0.2925939999999999,0.0038555000000000117,0.005862999999999896,0.007017096924654731
0.07875,0.06125,0.005,6.25e-08,-0.201022,-0.323338,-0.20438799999999996,-0.32958325000000005,0.0033659999999999524,0.0062452500000000355,0.007094582691215891
0.08125,0.06125,0.005,6.25e-08,-0.188173,-0.351701,-0.19070899999999996,-0.35775825000000006,0.002535999999999955,0.0060572500000000695,0.006566701878606994
0.08375,0.06125,0.005,6.25e-08,-0.168528,-0.367698,-0.16998024999999992,-0.3728425,0.001452249999999905,0.005144499999999996,0.005345550515381899
0.08625,0.06125,0.005,6.25e-08,-0.142208,-0.367003,-0.14253525000000009,-0.3705265000000001,0.0003272500000000844,0.0035235000000000682,0.0035386642695373824
0.08875,0.06125,0.005,6.25e-08,-0.1105,-0.345885,-0.10998725000000009,-0.3473440000000001,-0.0005127499999999091,0.001459000000000099,0.0015464777924367992
0.09125,0.06125,0.005,6.25e-08,-0.0760389,-0.302173,-0.0753426750000001,-0.30167875000000016,-0.0006962249999999115,-0.0004942499999998629,0.0008538221788667364
0.09375,0.06125,0.005,6.25e-08,-0.0427166,-0.236123,-0.04273665,-0.23449675,2.0050000000000623e-05,-0.0016262499999999958,0.001626373593305052
0.09625,0.06125,0.005,6.25e-08,-0.0158952,-0.150963,-0.016816549999999944,-0.14939299999999972,0.0009213499999999424,-0.0015700000000002934,0.001820380680654685
0.09875,0.06125,0.005,6.25e-08,-0.0024216,-0.0524311,-0.0020162124999999784,-0.05174037499999972,-0.00040538750000002153,-0.0006907250000002807,0.0008008995260216198
0.00125,0.06375,0.005,6.25e-08,-0.000476739,0.0323339,-0.00037788750000000004,0.031251175000000006,-9.885149999999996e-05,0.0010827249999999927,0.0010872281474820426
0.00375,0.06375,0.005,6.25e-08,-0.00310005,0.0864017,-0.0032122324999999995,0.08583055,0.00011218249999999947,0.0005711499999999925,0.0005820629139588274
0.00625,0.06375,0.005,6.25e-08,-0.00844817,0.130184,-0.008321327500000001,0.13017325000000002,-0.00012684249999999828,1.0749999999976056e-05,0.00012729722033983715
0.00875,0.06375,0.005,6.25e-08,-0.0154478,0.164453,-0.015053525,0.16502050000000001,-0.0003942749999999995,-0.0005675000000000263,0.0006910202787364706
0.01125,0.06375,0.005,6.25e-08,-0.0233489,0.190275,-0.022777500000000003,0.191391,-0.0005713999999999962,-0.0011160000000000059,0.001253775881088805
0.01375,0.06375,0.005,6.25e-08,-0.0316265,0.208842,-0.030950525,0.21044400000000002,-0.0006759750000000023,-0.00160200000000002,0.0017387772142011372
0.01625,0.06375,0.005,6.25e-08,-0.0398714,0.221337,-0.0391504,0.22334825000000003,-0.0007209999999999994,-0.00201125000000002,0.002136578470943691
0.01875,0.06375,0.005,6.25e-08,-0.0477977,0.228847,-0.047079949999999995,0.23118775000000003,-0.0007177500000000031,-0.0023407500000000303,0.0024483209807948277
0.02125,0.06375,0.005,6.25e-08,-0.0552348,0.232306,-0.054555875,0.234901,-0.0006789250000000038,-0.002594999999999986,0.0026823430346666947
0.02375,0.06375,0.005,6.25e-08,-0.062105,0.232469,-0.06148964999999998,0.23525225000000002,-0.0006153500000000214,-0.002783250000000015,0.0028504624510770366
0.02625,0.06375,0.005,6.25e-08,-0.068402,0.229914,-0.06786684999999998,0.23282925000000002,-0.0005351500000000259,-0.002915250000000008,0.0029639615525509228
0.02875,0.06375,0.005,6.25e-08,-0.074172,0.225057,-0.07372834999999997,0.22805175000000003,-0.0004436500000000315,-0.0029947500000000182,0.003027433382421509
0.03125,0.06375,0.005,6.25e-08,-0.0794989,0.218169,-0.07915442499999997,0.22119550000000002,-0.0003444750000000246,-0.0030265000000000153,0.003046040918245372
0.03375,0.06375,0.005,6.25e-08,-0.0844918,0.209401,-0.08425232499999998,0.21241375,-0.00023947500000003064,-0.0030127500000000085,0.003022252609912855
0.03625,0.06375,0.005,6.25e-08,-0.089276,0.19881,-0.08914649999999996,0.2017635,-0.00012950000000003237,-0.0029535000000000255,0.0029563376836890874
0.03875,0.06375,0.005,6.25e-08,-0.093985,0.186379,-0.09397134999999995,0.1892275,-1.365000000004557e-05,-0.002848500000000004,0.002848532705183499
0.04125,0.06375,0.005,6.25e-08,-0.0987557,0.172033,-0.09886527499999995,0.17473075000000002,0.00010957499999994513,-0.0026977500000000265,0.0026999743967536308
0.04375,0.06375,0.005,6.25e-08,-0.103723,0.15566,-0.10396549999999993,0.15815875000000001,0.0002424999999999372,-0.002498750000000022,0.0025104895563415673
0.04625,0.06375,0.005,6.25e-08,-0.109014,0.137117,-0.10940399999999993,0.13936825,0.00038999999999993207,-0.00225125000000001,0.0022847815130773432
0.04875,0.06375,0.005,6.25e-08,-0.114746,0.116244,-0.11530174999999994,0.11819725000000002,0.0005557499999999382,-0.0019532500000000175,0.002030774144261247
0.05125,0.06375,0.005,6.25e-08,-0.121016,0.0928721,-0.12176149999999991,0.09447405000000003,0.0007454999999999129,-0.0016019500000000325,0.0017669221976363233
0.05375,0.06375,0.005,6.25e-08,-0.127897,0.0668308,-0.12886224999999993,0.06802610000000002,0.0009652499999999176,-0.0011953000000000241,0.0015363754920265744
0.05625,0.06375,0.005,6.25e-08,-0.135426,0.0379608,-0.13664599999999993,0.03868892500000002,0.0012199999999999434,-0.000728125000000017,0.0014207624768499787
0.05875,0.06375,0.005,6.25e-08,-0.143589,0.00612667,-0.1451039999999999,0.006319892500000071,0.0015149999999999053,-0.00019322250000007157,0.0015272720564804393
0.06125,0.06375,0.005,6.25e-08,-0.152303,-0.0287624,-0.1541552499999999,-0.029181074999999976,0.0018522499999999165,0.000418674999999976,0.0018989783616788977
0.06375,0.06375,0.005,6.25e-08,-0.161388,-0.0667195,-0.16361874999999992,-0.06783882500000009,0.0022307499999999203,0.0011193250000000876,0.002495823314684924
0.06625,0.06375,0.005,6.25e-08,-0.170542,-0.107631,-0.17318024999999998,-0.1095507500000001,0.002638249999999981,0.001919750000000095,0.0032627906958614837
0.06875,0.06375,0.005,6.25e-08,-0.179291,-0.151179,-0.18234299999999995,-0.15400425000000012,0.0030519999999999436,0.0028252500000001124,0.004158935147667043
0.07125,0.06375,0.005,6.25e-08,-0.186957,-0.196733,-0.1903819999999999,-0.20055549999999986,0.0034249999999999003,0.0038224999999998677,0.005132458597007706
0.07375,0.06375,0.005,6.25e-08,-0.192613,-0.243195,-0.19629949999999996,-0.24805599999999986,0.0036864999999999537,0.004860999999999865,0.006100787100858244
0.07625,0.06375,0.005,6.25e-08,-0.195079,-0.288807,-0.19881749999999995,-0.2946364999999999,0.00373849999999995,0.005829499999999932,0.0069252763482765675
0.07875,0.06375,0.005,6.25e-08,-0.192962,-0.33094,-0.19644024999999998,-0.33747875000000005,0.0034782499999999883,0.006538750000000038,0.007406313160068268
0.08125,0.06375,0.005,6.25e-08,-0.184814,-0.365934,-0.18764824999999993,-0.37266575000000013,0.002834249999999927,0.006731750000000147,0.007304069490701849
0.08375,0.06375,0.005,6.25e-08,-0.169443,-0.389103,-0.17126774999999994,-0.39526325000000007,0.0018247499999999306,0.006160250000000089,0.006424826271970383
0.08625,0.06375,0.005,6.25e-08,-0.146387,-0.395117,-0.1469952500000001,-0.39980950000000015,0.0006082500000001156,0.004692500000000155,0.00473175700057617
0.08875,0.06375,0.005,6.25e-08,-0.116419,-0.378874,-0.11595600000000011,-0.3813135000000002,-0.0004629999999998802,0.0024395000000002054,0.0024830483785059226
0.09125,0.06375,0.005,6.25e-08,-0.0819116,-0.336674,-0.08104395000000011,-0.33660725000000025,-0.0008676499999998866,-6.674999999972675e-05,0.0008702138156796677
0.09375,0.06375,0.005,6.25e-08,-0.0468874,-0.267334,-0.04679010000000001,-0.2655525000000001,-9.729999999999461e-05,-0.001781499999999936,0.0017841551333894065
0.09625,0.06375,0.005,6.25e-08,-0.017515,-0.173402,-0.01869244999999994,-0.17143624999999976,0.001177449999999941,-0.001965750000000238,0.00229141038773084
0.09875,0.06375,0.005,6.25e-08,-0.0024152,-0.0607622,-0.002271592499999976,-0.06009462499999969,-0.00014360750000002405,-0.0006675750000003089,0.000682846611386239
0.00125,0.06625,0.005,6.25e-08,-0.000508037,0.0339359,-0.0003954570000000001,0.03276567500000001,-0.00011257999999999993,0.00117022499999999,0.0011756278352544128
0.00375,0.06625,0.005,6.25e-08,-0.0032665,0.0906677,-0.0033464975,0.08995715000000001,7.999750000000022e-05,0.0007105499999999904,0.0007150390915930655
0.00625,0.06625,0.005,6.25e-08,-0.00879729,0.136375,-0.008589642500000001,0.13622725000000002,-0.00020764749999999804,0.0001477499999999743,0.00025484808564366654
0.00875,0.06625,0.005,6.25e-08,-0.015854,0.171822,-0.015342300000000003,0.17228750000000004,-0.0005116999999999969,-0.00046550000000003533,0.0006917565612265847
0.01125,0.06625,0.005,6.25e-08,-0.0235656,0.198176,-0.022859975,0.19923325,-0.0007056249999999979,-0.0010572500000000096,0.0012710956703273822
0.01375,0.06625,0.005,6.25e-08,-0.0313426,0.216773,-0.0305271,0.21835250000000003,-0.0008154999999999968,-0.0015795000000000392,0.001777599645589557
0.01625,0.06625,0.005,6.25e-08,-0.0387553,0.228947,-0.037892075,0.2309585,-0.0008632250000000022,-0.0020114999999999994,0.002188901471200794
0.01875,0.06625,0.005,6.25e-08,-0.0455297,0.235917,-0.04466359999999999,0.23827075000000003,-0.0008661000000000085,-0.0023537500000000433,0.002508040723852031
0.02125,0.06625,0.005,6.25e-08,-0.0515277,0.238728,-0.050688124999999994,0.24134100000000003,-0.0008395750000000091,-0.002613000000000032,0.002744568304966226
0.02375,0.06625,0.005,6.25e-08,-0.0567146,0.238219,-0.05591989999999998,0.24102300000000002,-0.0007947000000000162,-0.0028040000000000287,0.002914440613565524
0.02625,0.06625,0.005,6.25e-08,-0.0611309,0.235034,-0.060392199999999986,0.2379695,-0.0007387000000000157,-0.0029355000000000075,0.003027017994660763
0.02875,0.06625,0.005,6.25e-08,-0.0648694,0.229632,-0.06419359999999996,0.2326465,-0.0006758000000000319,-0.0030145000000000033,0.003089322885358548
0.03125,0.06625,0.005,6.25e-08,-0.0680579,0.222313,-0.06744927499999996,0.22536050000000002,-0.0006086250000000432,-0.0030475000000000085,0.003107680910361472
0.03375,0.06625,0.005,6.25e-08,-0.0708463,0.213251,-0.07030769999999996,0.216286,-0.0005386000000000418,-0.00303500000000001,0.00308242030878336
0.03625,0.06625,0.005,6.25e-08,-0.0733974,0.202514,-0.07293132499999995,0.2054915,-0.00046607500000005186,-0.002977499999999994,0.00301375714941085
0.03875,0.06625,0.005,6.25e-08,-0.07588,0.190088,-0.07548987499999994,0.19296575,-0.00039012500000006056,-0.0028777499999999845,0.002904073445718093
0.04125,0.06625,0.005,6.25e-08,-0.0784647,0.175901,-0.07815582499999994,0.17863500000000004,-0.00030887500000005563,-0.002734000000000042,0.0027513923321884257
0.04375,0.06625,0.005,6.25e-08,-0.0813198,0.159836,-0.08110064999999994,0.162382,-0.0002191500000000568,-0.0025459999999999927,0.002555414393498633
0.04625,0.06625,0.005,6.25e-08,-0.0846084,0.141742,-0.08449137499999992,0.14405625000000002,-0.0001170250000000761,-0.0023142500000000177,0.0023172069206536345
0.04875,0.06625,0.005,6.25e-08,-0.0884842,0.121447,-0.08848717499999992,0.12348375,2.9749999999190146e-06,-0.002036750000000004,0.002036752172731139
0.05125,0.06625,0.005,6.25e-08,-0.0930877,0.0987617,-0.09323429999999991,0.10047467500000001,0.00014659999999991347,-0.0017129750000000193,0.0017192367232656011
0.05375,0.06625,0.005,6.25e-08,-0.0985396,0.0734894,-0.09886022499999991,0.07483045000000002,0.0003206249999999078,-0.0013410500000000242,0.0013788457104132448
0.05625,0.06625,0.005,6.25e-08,-0.104933,0.0454314,-0.10546474999999991,0.04634785000000002,0.0005317499999999142,-0.00091645000000002,0.001059546443059456
0.05875,0.06625,0.005,6.25e-08,-0.112319,0.0143974,-0.1131072499999999,0.014829820000000068,0.0007882499999998932,-0.0004324200000000687,0.0008990690289960449
0.06125,0.06625,0.005,6.25e-08,-0.120695,-0.0197799,-0.1217887499999999,-0.019901124999999974,0.0010937499999999073,0.00012122499999997483,0.0011004474376928646
0.06375,0.06625,0.005,6.25e-08,-0.129972,-0.0572203,-0.13142549999999992,-0.057979100000000075,0.0014534999999999132,0.0007588000000000733,0.0016396462087901339
0.06625,0.06625,0.005,6.25e-08,-0.139949,-0.0979548,-0.14181349999999993,-0.09945237500000009,0.0018644999999999357,0.0014975750000000981,0.002391462132383671
0.06875,0.06625,0.005,6.25e-08,-0.150263,-0.141858,-0.15257624999999997,-0.14421375000000008,0.002313249999999961,0.002355750000000073,0.003301618334241583
0.07125,0.06625,0.005,6.25e-08,-0.160336,-0.188542,-0.1631039999999999,-0.19188224999999984,0.0027679999999998817,0.0033402499999998503,0.004338097977512535
0.07375,0.06625,0.005,6.25e-08,-0.16931,-0.237191,-0.17247999999999988,-0.24162524999999985,0.003169999999999895,0.004434249999999834,0.005450823154579303
0.07625,0.06625,0.005,6.25e-08,-0.175997,-0.286337,-0.17942074999999993,-0.2918977499999999,0.0034237499999999477,0.005560749999999892,0.006530237715810845
0.07875,0.06625,0.005,6.25e-08,-0.178864,-0.333564,-0.18227574999999996,-0.3401200000000001,0.0034117499999999634,0.006556000000000062,0.007390613916482214
0.08125,0.06625,0.005,6.25e-08,-0.176132,-0.375206,-0.17915099999999995,-0.3823595000000001,0.0030189999999999384,0.00715350000000009,0.0077644654194606935
0.08375,0.06625,0.005,6.25e-08,-0.166065,-0.406164,-0.16825274999999995,-0.4131955000000001,0.0021877499999999606,0.007031500000000079,0.007363982775136084
0.08625,0.06625,0.005,6.25e-08,-0.147512,-0.420126,-0.14849225000000008,-0.4260315,0.0009802500000000713,0.005905500000000008,0.005986302724762609
0.08875,0.06625,0.005,6.25e-08,-0.120542,-0.41047,-0.1202597500000001,-0.41411175000000017,-0.00028224999999990064,0.0036417500000001657,0.003652671368327727
0.09125,0.06625,0.005,6.25e-08,-0.0871063,-0.371683,-0.0860821250000001,-0.3722210000000003,-0.0010241749999998911,0.000538000000000316,0.0011568830669627405
0.09375,0.06625,0.005,6.25e-08,-0.0510689,-0.300533,-0.05074185000000001,-0.29852250000000013,-0.00032704999999998846,-0.0020104999999998596,0.002036927085710097
0.09625,0.06625,0.005,6.25e-08,-0.0190641,-0.198349,-0.020628674999999937,-0.19554799999999975,0.0015645749999999362,-0.0028010000000002477,0.003208347850627514
0.09875,0.06625,0.005,6.25e-08,-0.00152826,-0.0697927,-0.0025451024999999733,-0.06943672499999966,0.0010168424999999733,-0.00035597500000034143,0.0010773517858301618
0.00125,0.06875,0.005,6.25e-08,-0.000578471,0.0356638,-0.0004377362500000002,0.03439185,-0.00014073474999999982,0.0012719500000000009,0.0012797121052633537
0.00375,0.06875,0.005,6.25e-08,-0.00363126,0.0952005,-0.003670292500000001,0.09432992500000001,3.903250000000108e-05,0.0008705749999999846,0.0008714495778191779
0.00625,0.06875,0.005,6.25e-08,-0.00959433,0.14279,-0.009286420000000005,0.14249175,-0.0003079099999999946,0.0002982499999999999,0.0004286742709797226
0.00875,0.06875,0.005,6.25e-08,-0.0169335,0.179203,-0.016284875000000004,0.17956775000000003,-0.0006486249999999964,-0.0003647500000000248,0.0007441484751882607
0.01125,0.06875,0.005,6.25e-08,-0.0245964,0.205771,-0.023748050000000007,0.20677575000000004,-0.0008483499999999942,-0.0010047500000000265,0.001314998207223129
0.01375,0.06875,0.005,6.25e-08,-0.0319114,0.224033,-0.030960450000000004,0.22559125000000002,-0.0009509499999999955,-0.001558250000000011,0.0018254996480416056
0.01625,0.06875,0.005,6.25e-08,-0.0384323,0.235518,-0.037439475,0.23752225000000005,-0.0009928250000000027,-0.0020042500000000407,0.00223667600316299
0.01875,0.06875,0.005,6.25e-08,-0.0439128,0.241612,-0.042914275,0.2439585,-0.000998525,-0.0023465000000000014,0.0025501204727669253
0.02125,0.06875,0.005,6.25e-08,-0.048267,0.243483,-0.047281949999999996,0.246085,-0.0009850500000000012,-0.002601999999999993,0.0027822162932633343
0.02375,0.06875,0.005,6.25e-08,-0.0515225,0.242064,-0.05056087499999999,0.24485250000000003,-0.0009616250000000076,-0.002788500000000027,0.0029496533509253534
0.02625,0.06875,0.005,6.25e-08,-0.0537829,0.238063,-0.05285057499999998,0.24097925,-0.0009323250000000186,-0.002916250000000009,0.0030616570624622686
0.02875,0.06875,0.005,6.25e-08,-0.0552006,0.23198,-0.05430132499999997,0.23497400000000002,-0.0008992750000000327,-0.0029940000000000244,0.0031261368373161793
0.03125,0.06875,0.005,6.25e-08,-0.0559568,0.224143,-0.05509279999999997,0.227169,-0.0008640000000000314,-0.003026000000000001,0.003146930568029752
0.03375,0.06875,0.005,6.25e-08,-0.0562479,0.214739,-0.055420499999999956,0.21775325,-0.0008274000000000475,-0.003014249999999996,0.0031257469223371324
0.03625,0.06875,0.005,6.25e-08,-0.056277,0.203844,-0.055487249999999946,0.20680349999999997,-0.0007897500000000543,-0.002959499999999976,0.003063061428130351
0.03875,0.06875,0.005,6.25e-08,-0.0562487,0.191447,-0.055498224999999936,0.19431075,-0.0007504750000000629,-0.0028637499999999982,0.002960452125626267
0.04125,0.06875,0.005,6.25e-08,-0.0563656,0.177475,-0.055658149999999934,0.180202,-0.0007074500000000677,-0.002727000000000007,0.0028172707542052353
0.04375,0.06875,0.005,6.25e-08,-0.0568268,0.161807,-0.05616917499999993,0.164356,-0.0006576250000000644,-0.0025489999999999957,0.002632464936257473
0.04625,0.06875,0.005,6.25e-08,-0.057826,0.144287,-0.057229424999999924,0.14661725,-0.0005965750000000783,-0.002330250000000006,0.0024054036653179695
0.04875,0.06875,0.005,6.25e-08,-0.0595499,0.124731,-0.059030899999999914,0.12680300000000003,-0.0005190000000000888,-0.002072000000000032,0.00213601147000671
0.05125,0.06875,0.005,6.25e-08,-0.0621755,0.102936,-0.061756899999999906,0.10471175000000002,-0.0004186000000000953,-0.0017757500000000204,0.0018244215583302428
0.05375,0.06875,0.005,6.25e-08,-0.065866,0.0786872,-0.06557767499999989,0.08012352500000001,-0.0002883250000001031,-0.001436325000000016,0.001464978092413025
0.05625,0.06875,0.005,6.25e-08,-0.070765,0.0517549,-0.0706443749999999,0.05280810000000002,-0.00012062500000009635,-0.001053200000000018,0.0010600851997009774
0.05875,0.06875,0.005,6.25e-08,-0.0769869,0.0219066,-0.07707939999999988,0.022526400000000064,9.249999999988434e-05,-0.0006198000000000661,0.0006266644157761478
0.06125,0.06875,0.005,6.25e-08,-0.0846032,-0.0110873,-0.08496174999999989,-0.010960789999999977,0.0003585499999998881,-0.00012651000000002237,0.00038021425880669626
0.06375,0.06875,0.005,6.25e-08,-0.0936207,-0.0474372,-0.09430529999999993,-0.047878300000000075,0.0006845999999999242,0.00044110000000007615,0.0008143993921903204
0.06625,0.06875,0.005,6.25e-08,-0.103951,-0.0873045,-0.10502444999999991,-0.0884078500000001,0.0010734499999999064,0.0011033500000001,0.0015393752385302357
0.06875,0.06875,0.005,6.25e-08,-0.115362,-0.130749,-0.11688574999999993,-0.13263375000000008,0.001523749999999921,0.0018847500000000739,0.002423653569510304
0.07125,0.06875,0.005,6.25e-08,-0.127418,-0.177635,-0.1294342499999999,-0.18044549999999981,0.002016249999999886,0.002810499999999827,0.0034589267573191785
0.07375,0.06875,0.005,6.25e-08,-0.139394,-0.227476,-0.14190399999999986,-0.23136599999999982,0.0025099999999998734,0.0038899999999998103,0.004629492412781113
0.07625,0.06875,0.005,6.25e-08,-0.150183,-0.279189,-0.1531072499999999,-0.2842784999999998,0.0029242499999998783,0.0050894999999998025,0.005869774127894299
0.07875,0.06875,0.005,6.25e-08,-0.158217,-0.330739,-0.16135824999999993,-0.33702825000000014,0.003141249999999929,0.006289250000000135,0.007030086565967823
0.08125,0.06875,0.005,6.25e-08,-0.161463,-0.378686,-0.16449324999999995,-0.3859340000000001,0.0030302499999999566,0.007248000000000088,0.007855948005333348
0.08375,0.06875,0.005,6.25e-08,-0.157666,-0.417749,-0.16013049999999995,-0.4253697500000001,0.002464499999999953,0.0076207500000001205,0.00800934396892165
0.08625,0.06875,0.005,6.25e-08,-0.144893,-0.440749,-0.14628575000000005,-0.44776,0.0013927500000000537,0.0070109999999999895,0.0071479978709076296
0.08875,0.06875,0.005,6.25e-08,-0.122207,-0.439386,-0.12235225000000008,-0.4444392500000001,0.0001452500000000828,0.00505325000000012,0.005055337093112708
0.09125,0.06875,0.005,6.25e-08,-0.0912331,-0.406196,-0.09015070000000011,-0.40761725000000026,-0.0010823999999998862,0.0014212500000002626,0.0017864885453034677
0.09375,0.06875,0.005,6.25e-08,-0.0553781,-0.335322,-0.05447772500000002,-0.3329962500000001,-0.000900374999999981,-0.0023257499999999043,0.002493950320901465
0.09625,0.06875,0.005,6.25e-08,-0.0217521,-0.226016,-0.02260619999999993,-0.2216817499999997,0.0008540999999999306,-0.004334250000000289,0.004417602276405425
0.098125,0.069375,0.005,1.5625e-08,-0.00280474,-0.117863,-0.006354322499999956,-0.12167499999999962,0.0035495824999999563,0.0038119999999996212,0.005208731124208952
0.00125,0.07125,0.005,6.25e-08,-0.00070812,0.0376428,-0.0005170492499999997,0.0362459,-0.00019107075000000036,0.0013968999999999995,0.0014099069620033661
0.00375,0.07125,0.005,6.25e-08,-0.00428739,0.100264,-0.004273872499999998,0.09921164999999998,-1.3517500000002555e-05,0.0010523500000000213,0.001052436812975627
0.00625,0.07125,0.005,6.25e-08,-0.0110351,0.149708,-0.010604954999999996,0.14925899999999998,-0.00043014500000000504,0.0004490000000000327,0.0006217923455825374
0.00875,0.07125,0.005,6.25e-08,-0.0189616,0.186809,-0.018159249999999995,0.18709024999999999,-0.0008023500000000038,-0.0002812499999999829,0.0008502159049323863
0.01125,0.07125,0.005,6.25e-08,-0.0267549,0.213164,-0.025765049999999994,0.214136,-0.0009898500000000074,-0.0009720000000000006,0.0013872948578078188
0.01375,0.07125,0.005,6.25e-08,-0.0336465,0.23061,-0.032578125,0.2321555,-0.0010683750000000033,-0.0015454999999999774,0.0018788281961437925
0.01625,0.07125,0.005,6.25e-08,-0.039189,0.24094,-0.038093475,0.242926,-0.001095525,-0.0019860000000000155,0.0022681205932721174
0.01875,0.07125,0.005,6.25e-08,-0.0431914,0.245741,-0.042087925,0.24805375,-0.0011034749999999996,-0.0023127500000000023,0.002562512368384787
0.02125,0.07125,0.005,6.25e-08,-0.0456498,0.246327,-0.04454217500000001,0.24887900000000002,-0.001107624999999987,-0.0025520000000000265,0.002782002361721698
0.02375,0.07125,0.005,6.25e-08,-0.0466797,0.243727,-0.04556887500000001,0.24645374999999997,-0.001110824999999989,-0.0027267499999999723,0.002944333157630913
0.02625,0.07125,0.005,6.25e-08,-0.0464689,0.238706,-0.045357300000000024,0.24155675,-0.0011115999999999765,-0.0028507499999999852,0.0030598088375746392
0.02875,0.07125,0.005,6.25e-08,-0.0452449,0.231801,-0.04413587500000003,0.23472975000000001,-0.001109024999999965,-0.0029287500000000077,0.003131694910607508
0.03125,0.07125,0.005,6.25e-08,-0.0432525,0.223359,-0.04214915000000003,0.22632075000000001,-0.0011033499999999682,-0.002961750000000013,0.003160592394631109
0.03375,0.07125,0.005,6.25e-08,-0.040741,0.213571,-0.03964477500000004,0.21652475,-0.0010962249999999576,-0.0029537499999999772,0.0031506107841377
0.03625,0.07125,0.005,6.25e-08,-0.0379561,0.202516,-0.03686747500000005,0.20541800000000002,-0.0010886249999999473,-0.0029020000000000157,0.0030994690497930413
0.03875,0.07125,0.005,6.25e-08,-0.0351372,0.190179,-0.03405675000000006,0.19298925,-0.0010804499999999412,-0.002810250000000014,0.0030107934610331464
0.04125,0.07125,0.005,6.25e-08,-0.0325165,0.176483,-0.03144622500000007,0.179162,-0.0010702749999999261,-0.002678999999999987,0.002884879473327226
0.04375,0.07125,0.005,6.25e-08,-0.0303192,0.161301,-0.029264400000000076,0.16381175000000003,-0.0010547999999999252,-0.002510750000000034,0.002723319408828133
0.04625,0.07125,0.005,6.25e-08,-0.028765,0.144472,-0.027734850000000085,0.1467775,-0.0010301499999999138,-0.002305500000000016,0.002525181037569365
0.04875,0.07125,0.005,6.25e-08,-0.0280671,0.125804,-0.027076500000000094,0.12787099999999998,-0.0009905999999999075,-0.0020669999999999855,0.0022921119867929133
0.05125,0.07125,0.005,6.25e-08,-0.0284323,0.105088,-0.027502525000000097,0.106881,-0.0009297749999999036,-0.001793000000000003,0.002019735267460771
0.05375,0.07125,0.005,6.25e-08,-0.0300593,0.0820912,-0.029218900000000107,0.083577,-0.000840399999999894,-0.0014857999999999955,0.001707007264190697
0.05625,0.07125,0.005,6.25e-08,-0.0331355,0.0565678,-0.03242037500000011,0.05770939999999999,-0.000715124999999886,-0.0011415999999999857,0.0013470910606283467
0.05875,0.07125,0.005,6.25e-08,-0.0378302,0.028255,-0.03728460000000011,0.029011025000000027,-0.0005455999999998892,-0.0007560250000000282,0.0009323374714259434
0.06125,0.07125,0.005,6.25e-08,-0.0442852,-0.00312171,-0.043961725000000125,-0.002801130750000021,-0.0003234749999998718,-0.00032057924999997914,0.000455419730748972
0.06375,0.07125,0.005,6.25e-08,-0.0525977,-0.0378424,-0.052557475000000145,-0.03802015000000013,-4.0224999999852185e-05,0.0001777500000001292,0.000182244651842061
0.06625,0.07125,0.005,6.25e-08,-0.062794,-0.0761754,-0.06310565000000015,-0.07693425000000015,0.0003116500000001493,0.0007588500000001441,0.000820353000238502
0.06875,0.07125,0.005,6.25e-08,-0.0747873,-0.118343,-0.07552340000000016,-0.11979275000000017,0.0007361000000001561,0.0014497500000001662,0.001625920746069965
0.07125,0.07125,0.005,6.25e-08,-0.0883129,-0.16445,-0.08954102500000008,-0.1667349999999999,0.0012281250000000798,0.0022849999999998982,0.0025941310714042054
0.07375,0.07125,0.005,6.25e-08,-0.102835,-0.214355,-0.10459752500000008,-0.2176484999999999,0.0017625250000000842,0.0032934999999999215,0.0037354566823381554
0.07625,0.07125,0.005,6.25e-08,-0.117423,-0.267431,-0.11970000000000006,-0.2719124999999999,0.0022770000000000568,0.004481499999999916,0.005026785379345283
0.07875,0.07125,0.005,6.25e-08,-0.130593,-0.322182,-0.13326500000000013,-0.32796225000000023,0.0026720000000001465,0.005780250000000209,0.006367956820087837
0.08125,0.07125,0.005,6.25e-08,-0.140201,-0.375659,-0.1430175000000001,-0.3826592500000002,0.0028165000000001106,0.007000250000000152,0.007545606159381946
0.08375,0.07125,0.005,6.25e-08,-0.143577,-0.422754,-0.14609525000000004,-0.4305587500000001,0.0025182500000000274,0.0078047500000000825,0.00820095760414608
0.08625,0.07125,0.005,6.25e-08,-0.137948,-0.455687,-0.13958200000000007,-0.46344149999999995,0.0016340000000000798,0.007754499999999942,0.007924785564922206
0.08875,0.07125,0.005,6.25e-08,-0.120575,-0.464018,-0.12161675000000008,-0.4707572499999999,0.0010417500000000773,0.006739249999999919,0.006819291284657011
0.09125,0.07125,0.005,6.25e-08,-0.0937185,-0.438842,-0.09290175000000009,-0.44164775,-0.0008167499999999078,0.0028057499999999957,0.0029222104005358386
0.09375,0.07125,0.005,6.25e-08,-0.0588916,-0.370644,-0.05787712499999999,-0.3684034999999999,-0.0010144750000000147,-0.0022405000000000896,0.0024594714423276866
0.09625,0.07125,0.005,6.25e-08,-0.02351,-0.255314,-0.024613624999999913,-0.2497407499999995,0.0011036249999999137,-0.005573250000000474,0.005681470206128875
0.098125,0.071875,0.005,1.5625e-08,-0.00606115,-0.135263,-0.007017227499999949,-0.13851224999999948,0.0009560774999999482,0.0032492499999994817,0.003386991253089205
0.00125,0.07375,0.005,6.25e-08,-0.000925735,0.0400569,-0.0006516294999999994,0.03850002499999999,-0.00027410550000000057,0.0015568750000000062,0.0015808205435011494
0.00375,0.07375,0.005,6.25e-08,-0.00536432,0.106233,-0.005285919999999996,0.10498224999999999,-7.840000000000364e-05,0.0012507500000000088,0.0012532047408544314
0.00625,0.07375,0.005,6.25e-08,-0.01338,0.157512,-0.012807624999999994,0.15693025,-0.0005723750000000052,0.0005817500000000198,0.0008161165377107788
0.00875,0.07375,0.005,6.25e-08,-0.0222822,0.19491,-0.021319599999999994,0.195148,-0.0009626000000000044,-0.00023799999999998822,0.0009915859821518268
0.01125,0.07375,0.005,6.25e-08,-0.030401,0.220467,-0.029290824999999986,0.22144175,-0.0011101750000000153,-0.0009747499999999965,0.0014773713457100171
0.01375,0.07375,0.005,6.25e-08,-0.03687,0.236465,-0.03572594999999999,0.23800725,-0.0011440500000000076,-0.001542249999999995,0.0019202566143617372
0.01625,0.07375,0.005,6.25e-08,-0.0412772,0.245051,-0.040126499999999996,0.24699725,-0.0011507000000000045,-0.0019462500000000105,0.002260973142808214
0.01875,0.07375,0.005,6.25e-08,-0.0435336,0.248058,-0.042366600000000004,0.25029025,-0.0011669999999999944,-0.002232249999999991,0.002518894412733481
0.02125,0.07375,0.005,6.25e-08,-0.0437596,0.246958,-0.04256030000000001,0.2494015,-0.0011992999999999934,-0.0024434999999999873,0.002721950172211079
0.02375,0.07375,0.005,6.25e-08,-0.0421927,0.242873,-0.04095470000000001,0.24548050000000002,-0.0012379999999999891,-0.0026075000000000126,0.002886468473758208
0.02625,0.07375,0.005,6.25e-08,-0.0391296,0.236621,-0.03785740000000003,0.239353,-0.0012721999999999734,-0.002732000000000012,0.0030136882453233277
0.02875,0.07375,0.005,6.25e-08,-0.0348907,0.228759,-0.03359287500000003,0.23157575000000002,-0.0012978249999999678,-0.0028167500000000345,0.0031013594266265094
0.03125,0.07375,0.005,6.25e-08,-0.029796,0.219638,-0.02847985000000004,0.22249625,-0.0013161499999999604,-0.0028582500000000066,0.003146719543429305
0.03375,0.07375,0.005,6.25e-08,-0.0241526,0.209443,-0.022821625000000047,0.21229949999999997,-0.001330974999999953,-0.002856499999999984,0.0031513626736103836
0.03625,0.07375,0.005,6.25e-08,-0.0182499,0.198242,-0.01690430000000006,0.20105300000000004,-0.00134559999999994,-0.0028110000000000357,0.0031164660049485603
0.03875,0.07375,0.005,6.25e-08,-0.0123597,0.186011,-0.010998325000000066,0.18873525000000002,-0.0013613749999999338,-0.0027242500000000114,0.00304546875753551
0.04125,0.07375,0.005,6.25e-08,-0.00673939,0.172662,-0.005361740000000075,0.17526100000000003,-0.0013776499999999248,-0.002599000000000018,0.002941550700310958
0.04375,0.07375,0.005,6.25e-08,-0.00163484,0.158062,-0.00024342750000008414,0.1605005,-0.001391412499999916,-0.0024384999999999823,0.002807545368316589
0.04625,0.07375,0.005,6.25e-08,0.00271494,0.142041,0.004113917499999908,0.14428725000000003,-0.0013989774999999078,-0.002246250000000033,0.0026462760831036016
0.04875,0.07375,0.005,6.25e-08,0.00607689,0.124405,0.0074715774999999,0.1264295,-0.0013946874999999003,-0.0020244999999999985,0.002458404660070422
0.05125,0.07375,0.005,6.25e-08,0.00822228,0.104938,0.009593537499999893,0.106711,-0.001371257499999893,-0.0017729999999999968,0.002241400484363726
0.05375,0.07375,0.005,6.25e-08,0.00892428,0.0834021,0.010246072499999887,0.084896525,-0.0013217924999998874,-0.0014944249999999937,0.0019951043816504774
0.05625,0.07375,0.005,6.25e-08,0.00796023,0.0595406,0.00919887749999988,0.0607266,-0.001238647499999879,-0.0011859999999999996,0.0017148888095896914
0.05875,0.07375,0.005,6.25e-08,0.00511433,0.0330752,0.00622777659999988,0.03391937500000003,-0.0011134465999998793,-0.0008441750000000303,0.0013972812035078488
0.06125,0.07375,0.005,6.25e-08,0.000183087,0.00370425,0.0011207799999998689,0.0041663372499999825,-0.0009376929999998689,-0.00046208724999998244,0.001045367298542144
0.06375,0.07375,0.005,6.25e-08,-0.00701309,-0.0288976,-0.0063109575000001574,-0.02886935000000012,-0.0007021324999998422,-2.8249999999879066e-05,0.0007027005835034019
0.06625,0.07375,0.005,6.25e-08,-0.0166099,-0.0650755,-0.016212967500000168,-0.06555057500000014,-0.00039693249999983235,0.00047507500000014413,0.0006190732308711577
0.06875,0.07375,0.005,6.25e-08,-0.0286656,-0.105179,-0.028651900000000178,-0.10625285000000015,-1.3699999999821494e-05,0.0010738500000001538,0.0010739373876070828
0.07125,0.07375,0.005,6.25e-08,-0.0431028,-0.149522,-0.043553875000000096,-0.15132549999999992,0.0004510750000000993,0.0018034999999999302,0.0018590537662006546
0.07375,0.07375,0.005,6.25e-08,-0.0596163,-0.198287,-0.06060207500000008,-0.2009944999999999,0.0009857750000000845,0.0027074999999999183,0.0028813726938084084
0.07625,0.07375,0.005,6.25e-08,-0.0775301,-0.251331,-0.07907790000000006,-0.2551504999999999,0.0015478000000000575,0.0038194999999998647,0.0041211970457622074
0.07875,0.07375,0.005,6.25e-08,-0.0955864,-0.307813,-0.09764297500000016,-0.3129367500000002,0.0020565750000001576,0.0051237500000002045,0.005521079133025331
0.08125,0.07375,0.005,6.25e-08,-0.11172,-0.365557,-0.11410575000000013,-0.3720347500000002,0.002385750000000131,0.006477750000000171,0.006903118724533342
0.08375,0.07375,0.005,6.25e-08,-0.123099,-0.420132,-0.12531850000000008,-0.42764725000000015,0.0022195000000000825,0.00751525000000014,0.007836144639585365
0.08625,0.07375,0.005,6.25e-08,-0.126334,-0.463813,-0.12750200000000006,-0.4714434999999999,0.0011680000000000579,0.007630499999999929,0.007719375249979693
0.088125,0.074375,0.005,1.5625e-08,-0.116746,-0.483407,-0.11890450000000005,-0.49246274999999995,0.0021585000000000493,0.009055749999999974,0.009309443072090818
0.09125,0.07375,0.005,6.25e-08,-0.0940837,-0.468522,-0.09392967500000007,-0.4728705,-0.0001540249999999327,0.004348500000000033,0.004351226947726958
0.09375,0.07375,0.005,6.25e-08,-0.062083,-0.405691,-0.060816024999999996,-0.40398299999999987,-0.0012669750000000035,-0.0017080000000001538,0.0021266145985169797
0.09625,0.07375,0.005,6.25e-08,-0.0256979,-0.285892,-0.02665537499999991,-0.27957824999999953,0.0009574749999999091,-0.006313750000000451,0.006385937475275695
0.098125,0.074375,0.005,1.5625e-08,-0.00718919,-0.153273,-0.007733849999999943,-0.1569112499999994,0.0005446599999999434,0.003638249999999399,0.0036787929512403336
0.00125,0.07625,0.005,6.25e-08,-0.00127034,0.0431709,-0.0008692439999999993,0.04141027499999999,-0.00040109600000000074,0.0017606250000000087,0.0018057348619996878
0.00375,0.07625,0.005,6.25e-08,-0.0070402,0.113632,-0.0068934024999999935,0.11218024999999997,-0.0001467975000000064,0.0014517500000000294,0.0014591530312158274
0.00625,0.07625,0.005,6.25e-08,-0.0169717,0.166698,-0.01625134999999999,0.16603549999999997,-0.0007203500000000085,0.0006625000000000381,0.000978677869628236
0.00875,0.07625,0.005,6.25e-08,-0.0273098,0.203814,-0.026206024999999987,0.20408049999999997,-0.0011037750000000117,-0.0002664999999999751,0.0011354917439704317
0.01125,0.07625,0.005,6.25e-08,-0.0359128,0.22776,-0.034738924999999976,0.22878549999999997,-0.0011738750000000256,-0.0010254999999999848,0.0015587279318806822
0.01375,0.07625,0.005,6.25e-08,-0.0418495,0.241478,-0.040706749999999986,0.24301575,-0.0011427500000000118,-0.0015377500000000044,0.0019158686345885098
0.01625,0.07625,0.005,6.25e-08,-0.0448187,0.247584,-0.04368714999999999,0.24944224999999998,-0.0011315500000000159,-0.001858249999999978,0.0021756604663871505
0.01875,0.07625,0.005,6.25e-08,-0.0449092,0.248205,-0.043735699999999995,0.25027750000000004,-0.0011735000000000079,-0.0020725000000000326,0.0023816713669186505
0.02125,0.07625,0.005,6.25e-08,-0.0424254,0.24497,-0.041171775,0.24721925,-0.0012536250000000013,-0.002249250000000008,0.0025750147966807956
0.02375,0.07625,0.005,6.25e-08,-0.0377674,0.239084,-0.036428200000000015,0.24149500000000002,-0.0013391999999999848,-0.0024110000000000242,0.002757966214441373
0.02625,0.07625,0.005,6.25e-08,-0.0313696,0.231395,-0.02996242500000002,0.2339485,-0.0014071749999999758,-0.002553500000000014,0.0029155623352322625
0.02875,0.07625,0.005,6.25e-08,-0.0236644,0.222463,-0.022211350000000032,0.22512325000000002,-0.0014530499999999662,-0.0026602500000000306,0.0030312182971538133
0.03125,0.07625,0.005,6.25e-08,-0.0150575,0.21262,-0.013573900000000043,0.21534050000000005,-0.0014835999999999565,-0.0027205000000000423,0.0030987399390720255
0.03375,0.07625,0.005,6.25e-08,-0.00591724,0.202027,-0.004408832750000054,0.20475875000000004,-0.001508407249999946,-0.0027317500000000328,0.003120536892003134
0.03625,0.07625,0.005,6.25e-08,0.0034256,0.190726,0.004960488249999936,0.19342050000000002,-0.0015348882499999364,-0.0026945000000000163,0.0031010018042542243
0.03875,0.07625,0.005,6.25e-08,0.0126716,0.178672,0.014238587499999927,0.18128550000000004,-0.0015669874999999275,-0.0026135000000000463,0.0030472663282286737
0.04125,0.07625,0.005,6.25e-08,0.0215452,0.165763,0.023150124999999917,0.16825625000000002,-0.0016049249999999168,-0.00249325000000003,0.0029651441479504642
0.04375,0.07625,0.005,6.25e-08,0.0297873,0.151852,0.03143314999999991,0.15419175000000002,-0.0016458499999999106,-0.0023397500000000293,0.0028606384401038596
0.04625,0.07625,0.005,6.25e-08,0.037148,0.136765,0.0388333999999999,0.138922,-0.0016853999999998995,-0.0021569999999999923,0.0027373750492030915
0.04875,0.07625,0.005,6.25e-08,0.0433827,0.120303,0.04509979999999989,0.12225225000000002,-0.0017170999999998882,-0.0019492500000000273,0.0025976928171936964
0.05125,0.07625,0.005,6.25e-08,0.0482476,0.102248,0.04998119999999988,0.1039665,-0.001733599999999877,-0.0017184999999999978,0.0024410266713003293
0.05375,0.07625,0.005,6.25e-08,0.0514967,0.0823633,0.05322387499999988,0.083828575,-0.0017271749999998795,-0.001465275000000002,0.002264986601781474
0.05625,0.07625,0.005,6.25e-08,0.0528802,0.0603909,0.054570199999999874,0.061580224999999995,-0.0016899999999998722,-0.001189324999999998,0.0020665415446161645
0.05875,0.07625,0.005,6.25e-08,0.0521453,0.0360494,0.053758649999999866,0.036936800000000033,-0.0016133499999998677,-0.0008874000000000312,0.001841297635500472
0.06125,0.07625,0.005,6.25e-08,0.0490372,0.00902789,0.050525299999999856,0.009581584999999988,-0.0014880999999998534,-0.0005536949999999877,0.0015877719493127941
0.06375,0.07625,0.005,6.25e-08,0.0433054,-0.0210201,0.044609849999999826,-0.020841675000000108,-0.0013044499999998252,-0.00017842499999989186,0.0013165960971856575
0.06625,0.07625,0.005,6.25e-08,0.034716,-0.0544837,0.03576704999999982,-0.054737175000000124,-0.0010510499999998243,0.00025347500000012096,0.001081182536912566
0.06875,0.07625,0.005,6.25e-08,0.0230752,-0.0917977,0.023791774999999803,-0.09256250000000016,-0.0007165749999998028,0.0007648000000001626,0.0010480452140174898
0.07125,0.07625,0.005,6.25e-08,0.00827472,-0.133432,0.008566236249999894,-0.1348214999999999,-0.0002915162499998944,0.0013894999999999047,0.001419750673186576
0.07375,0.07625,0.005,6.25e-08,-0.0096279,-0.179844,-0.009851514750000094,-0.1820179999999999,0.00022361475000009373,0.0021739999999998982,0.0021854700996392427
0.07625,0.07625,0.005,6.25e-08,-0.030269,-0.231345,-0.03107250000000008,-0.23451974999999992,0.0008035000000000785,0.0031747499999999207,0.003274851113027831
0.07875,0.07625,0.005,6.25e-08,-0.0527416,-0.287794,-0.054126950000000194,-0.2922187500000002,0.0013853500000001948,0.004424750000000199,0.004636551216691378
0.08125,0.07625,0.005,6.25e-08,-0.0752921,-0.347993,-0.07712062500000018,-0.35383475000000025,0.001828525000000178,0.0058417500000002565,0.00612123735352001
0.08375,0.07625,0.005,6.25e-08,-0.0951769,-0.408635,-0.09689770000000014,-0.41569925000000024,0.0017208000000001472,0.007064250000000216,0.007270817058797695
0.08625,0.07625,0.005,6.25e-08,-0.108415,-0.462677,-0.10902325000000004,-0.4701007499999999,0.0006082500000000463,0.007423749999999896,0.007448626190446029
0.088125,0.076875,0.005,1.5625e-08,-0.105067,-0.491005,-0.10647675000000005,-0.49901149999999994,0.0014097500000000568,0.008006499999999916,0.00812966403441734
0.090625,0.075625,0.005,1.5625e-08,-0.0965346,-0.492047,-0.09915962500000006,-0.50002175,0.0026250250000000586,0.00797475000000003,0.008395677090808447
0.09375,0.07625,0.005,6.25e-08,-0.0647058,-0.440245,-0.063162025,-0.43872849999999985,-0.0015437749999999972,-0.0015165000000001427,0.0021640271487727283
0.09625,0.07625,0.005,6.25e-08,-0.0284121,-0.317936,-0.028764674999999903,-0.3109979999999995,0.00035257499999990366,-0.006938000000000499,0.006946952794616634
0.098125,0.076875,0.005,1.5625e-08,-0.00833764,-0.17298,-0.008535064999999939,-0.17697174999999932,0.00019742499999993862,0.003991749999999322,0.0039966291663249874
0.00125,0.07875,0.005,6.25e-08,-0.00178654,0.0473505,-0.0012135467500000011,0.04535982500000001,-0.0005729932499999989,0.0019906749999999834,0.002071499027315846
0.00375,0.07875,0.005,6.25e-08,-0.00955247,0.123181,-0.009372790000000008,0.12156175000000002,-0.00017967999999999283,0.0016192499999999749,0.001629188590955607
0.00625,0.07875,0.005,6.25e-08,-0.0222519,0.177888,-0.02141760000000002,0.17723875000000006,-0.0008342999999999823,0.0006492499999999346,0.001057157534381648
0.00875,0.07875,0.005,6.25e-08,-0.0345092,0.213819,-0.033332175000000026,0.21421750000000006,-0.0011770249999999705,-0.0003985000000000516,0.001242654457451858
0.01125,0.07875,0.005,6.25e-08,-0.0436045,0.235005,-0.042478375000000027,0.23612400000000003,-0.001126124999999971,-0.0011190000000000366,0.0015875511064608334
0.01375,0.07875,0.005,6.25e-08,-0.048653,0.245351,-0.04763525000000002,0.24684675,-0.001017749999999984,-0.0014957499999999901,0.0018091664171656344
0.01625,0.07875,0.005,6.25e-08,-0.0496077,0.248079,-0.04859970000000001,0.24974799999999997,-0.001007999999999988,-0.001668999999999976,0.001949775628117219
0.01875,0.07875,0.005,6.25e-08,-0.0468546,0.245639,-0.045744875000000004,0.2474225,-0.001109724999999999,-0.0017834999999999934,0.0021005622641628537
0.02125,0.07875,0.005,6.25e-08,-0.0409605,0.239796,-0.039693674999999984,0.24172824999999995,-0.001266825000000013,-0.001932249999999941,0.0023105054951513973
0.02375,0.07875,0.005,6.25e-08,-0.0325332,0.231801,-0.031123749999999978,0.23392549999999995,-0.0014094500000000204,-0.002124499999999946,0.002549519474822624
0.02625,0.07875,0.005,6.25e-08,-0.0221738,0.222507,-0.02067147499999997,0.22482449999999995,-0.00150232500000003,-0.0023174999999999446,0.0027618447920954633
0.02875,0.07875,0.005,6.25e-08,-0.0104454,0.212442,-0.008895892499999959,0.21491324999999997,-0.0015495075000000417,-0.0024712499999999804,0.0029168561937566073
0.03125,0.07875,0.005,6.25e-08,0.00215265,0.20189,0.003725117000000053,0.20445549999999996,-0.001572467000000053,-0.0025654999999999706,0.00300906010509744
0.03375,0.07875,0.005,6.25e-08,0.0151931,0.190962,0.016784550000000065,0.19355774999999997,-0.0015914500000000654,-0.00259574999999998,0.003044771118655736
0.03625,0.07875,0.005,6.25e-08,0.0283112,0.179656,0.029931275000000077,0.18222349999999998,-0.001620075000000075,-0.0025674999999999726,0.0030359017203501664
0.03875,0.07875,0.005,6.25e-08,0.0411906,0.167895,0.04285502500000009,0.17038299999999998,-0.0016644250000000874,-0.0024879999999999902,0.0029934018408201133
0.04125,0.07875,0.005,6.25e-08,0.0535485,0.155551,0.055273275000000094,0.15791899999999998,-0.001724775000000095,-0.0023679999999999812,0.0029295516381564668
0.04375,0.07875,0.005,6.25e-08,0.0651233,0.142463,0.0669204750000001,0.14467974999999997,-0.001797175000000109,-0.002216749999999962,0.002853737644410436
0.04625,0.07875,0.005,6.25e-08,0.0756642,0.12845,0.0775397750000001,0.13049,-0.0018755750000001015,-0.0020399999999999863,0.002771169713428848
0.04875,0.07875,0.005,6.25e-08,0.0849243,0.11331,0.08687625000000013,0.11515349999999996,-0.0019519500000001327,-0.0018434999999999702,0.002684883806145139
0.05125,0.07875,0.005,6.25e-08,0.0926539,0.09683,0.09467152500000013,0.09845889999999997,-0.002017625000000134,-0.0016288999999999748,0.002593091947969732
0.05375,0.07875,0.005,6.25e-08,0.098596,0.0787773,0.10066015000000014,0.08017602499999998,-0.0020641500000001395,-0.0013987249999999896,0.00249342071221957
0.05625,0.07875,0.005,6.25e-08,0.102483,0.0589027,0.10456532500000014,0.060054849999999986,-0.0020823250000001348,-0.0011521499999999837,0.0023798165954807366
0.05875,0.07875,0.005,6.25e-08,0.104035,0.0369331,0.10609747500000016,0.03781975000000003,-0.0020624750000001607,-0.0008866500000000235,0.002244983596404594
0.06125,0.07875,0.005,6.25e-08,0.102956,0.0125646,0.10495165000000016,0.013161867500000007,-0.0019956500000001542,-0.000597267500000007,0.0020831100280726588
0.06375,0.07875,0.005,6.25e-08,0.0989381,-0.0145481,0.10080892500000015,-0.014272235000000065,-0.0018708250000001453,-0.0002758649999999342,0.0018910546472406628
0.06625,0.07875,0.005,6.25e-08,0.0916656,-0.0448063,0.09333957500000015,-0.044896400000000065,-0.0016739750000001469,9.010000000006513e-05,0.0016763980167685427
0.06875,0.07875,0.005,6.25e-08,0.0808266,-0.078685,0.08221817500000013,-0.07920472500000006,-0.001391575000000131,0.0005197250000000542,0.001485461226774506
0.07125,0.07875,0.005,6.25e-08,0.0661441,-0.116749,0.06715287500000022,-0.11779224999999983,-0.0010087750000002255,0.001043249999999829,0.0014512055550903525
0.07375,0.07875,0.005,6.25e-08,0.0474354,-0.159655,0.04795100000000023,-0.16136024999999982,-0.000515600000000227,0.001705249999999825,0.0017814940141632912
0.07625,0.07875,0.005,6.25e-08,0.0247314,-0.208091,0.02465017500000024,-0.2106644999999998,8.122499999976135e-05,0.002573499999999812,0.0025747814957048287
0.07875,0.07875,0.005,6.25e-08,-0.00149708,-0.262582,-0.0022374199999999223,-0.2663010000000001,0.0007403399999999223,0.003719000000000139,0.003791973670214618
0.08125,0.07875,0.005,6.25e-08,-0.0300046,-0.322991,-0.03131889999999994,-0.3281310000000001,0.001314299999999942,0.0051400000000001445,0.005305373171606436
0.08375,0.07875,0.005,6.25e-08,-0.0584586,-0.38747,-0.059768349999999956,-0.3940365000000001,0.0013097499999999568,0.006566500000000142,0.006695847019795311
0.08625,0.07875,0.005,6.25e-08,-0.0827169,-0.450538,-0.08287382499999986,-0.4577829999999998,0.00015692499999986342,0.007244999999999779,0.007246699280059975
0.088125,0.079375,0.005,1.5625e-08,-0.0880072,-0.490011,-0.0874843999999999,-0.49434024999999987,-0.0005228000000000871,0.004329249999999896,0.004360702397836751
0.090625,0.078125,0.005,1.5625e-08,-0.0923869,-0.508825,-0.09381530000000003,-0.5177465,0.001428400000000038,0.008921500000000027,0.00903512527915361
0.09375,0.07875,0.005,6.25e-08,-0.0656892,-0.471518,-0.06475025,-0.4712812500000001,-0.0009389500000000078,-0.00023674999999989677,0.0009683375780170704
0.09625,0.07875,0.005,6.25e-08,-0.0316256,-0.350887,-0.03102177499999991,-0.34375349999999966,-0.0006038250000000855,-0.007133500000000348,0.007159010188610578
0.098125,0.079375,0.005,1.5625e-08,-0.0100796,-0.195159,-0.009481572499999938,-0.1988697499999994,-0.0005980275000000614,0.003710749999999402,0.003758630395935717
0.00125,0.08125,0.005,6.25e-08,-0.002494,0.0530844,-0.0017558402500000019,0.05093195000000002,-0.0007381597499999983,0.0021524499999999794,0.0022755045196659073
0.00375,0.08125,0.005,6.25e-08,-0.0131995,0.135902,-0.01314005000000001,0.13417875000000004,-5.944999999998868e-05,0.001723249999999954,0.0017242751709051081
0.00625,0.08125,0.005,6.25e-08,-0.0297715,0.191812,-0.028936100000000027,0.19130750000000005,-0.0008353999999999723,0.0005044999999999633,0.0009759167023880249
0.00875,0.08125,0.005,6.25e-08,-0.0443151,0.225098,-0.043206900000000034,0.22573375000000007,-0.001108199999999969,-0.0006357500000000738,0.0012776092135312837
0.01125,0.08125,0.005,6.25e-08,-0.0535229,0.24188,-0.052624275000000026,0.24308675000000002,-0.0008986249999999724,-0.0012067500000000064,0.0015045838139249557
0.01375,0.08125,0.005,6.25e-08,-0.0568362,0.24744,-0.056113050000000025,0.2487725,-0.000723149999999978,-0.0013325000000000142,0.0015160811892837422
0.01625,0.08125,0.005,6.25e-08,-0.0547182,0.245737,-0.05395940000000001,0.247025,-0.00075879999999999,-0.0012879999999999836,0.0014948984714688628
0.01875,0.08125,0.005,6.25e-08,-0.0480306,0.239523,-0.0470583,0.24081274999999996,-0.0009723000000000023,-0.0012897499999999507,0.0016151849282666916
0.02125,0.08125,0.005,6.25e-08,-0.0376961,0.230623,-0.03645627499999998,0.23207699999999995,-0.0012398250000000208,-0.0014539999999999553,0.001910832810746383
0.02375,0.08125,0.005,6.25e-08,-0.0245693,0.220274,-0.023131099999999974,0.22201799999999997,-0.0014382000000000249,-0.0017439999999999678,0.0022605210107406563
0.02625,0.08125,0.005,6.25e-08,-0.00944075,0.209292,-0.007913032499999957,0.21133824999999992,-0.0015277175000000427,-0.002046249999999916,0.0025536365877520703
0.02875,0.08125,0.005,6.25e-08,0.00698127,0.198129,0.008523050000000058,0.20041049999999996,-0.0015417800000000577,-0.002281499999999964,0.0027536026979940323
0.03125,0.08125,0.005,6.25e-08,0.0241055,0.186979,0.025636050000000073,0.18940049999999997,-0.001530550000000075,-0.0024214999999999653,0.002864654525854743
0.03375,0.08125,0.005,6.25e-08,0.0414593,0.175869,0.04298925000000008,0.17833899999999997,-0.0015299500000000854,-0.0024699999999999722,0.0029054512562595378
0.03625,0.08125,0.005,6.25e-08,0.0586634,0.16473,0.0602219250000001,0.16717299999999996,-0.0015585250000001022,-0.002442999999999973,0.002897800748089003
0.03875,0.08125,0.005,6.25e-08,0.0754034,0.153438,0.0770255750000001,0.15579449999999997,-0.0016221750000001006,-0.0023564999999999836,0.0028608642017099047
0.04125,0.08125,0.005,6.25e-08,0.0914071,0.141833,0.09312502500000011,0.14406174999999993,-0.0017179250000001062,-0.002228749999999946,0.002813999443518979
0.04375,0.08125,0.005,6.25e-08,0.106426,0.129739,0.10826425000000012,0.13181074999999998,-0.0018382500000001106,-0.0020717499999999833,0.0027697131846096154
0.04625,0.08125,0.005,6.25e-08,0.120221,0.116967,0.12219475000000013,0.11886074999999996,-0.001973750000000135,-0.001893749999999958,0.00273532047939549
0.04875,0.08125,0.005,6.25e-08,0.132555,0.103316,0.13466750000000016,0.10501974999999997,-0.002112500000000156,-0.0017037499999999622,0.0027139307862398647
0.05125,0.08125,0.005,6.25e-08,0.143182,0.0885807,0.14542700000000014,0.09008292499999998,-0.0022450000000001358,-0.001502224999999982,0.002701241372151988
0.05375,0.08125,0.005,6.25e-08,0.151844,0.0725402,0.15420400000000017,0.07383219999999997,-0.0023600000000001675,-0.0012919999999999737,0.0026905137055961495
0.05625,0.08125,0.005,6.25e-08,0.158264,0.0549614,0.16071300000000016,0.056033724999999986,-0.0024490000000001733,-0.001072324999999985,0.0026734774930090243
0.05875,0.08125,0.005,6.25e-08,0.162146,0.0355905,0.1646452500000002,0.036431350000000015,-0.002499250000000175,-0.000840850000000018,0.0026369071437957205
0.06125,0.08125,0.005,6.25e-08,0.163166,0.0141444,0.1656665000000002,0.014737925000000002,-0.002500500000000183,-0.0005935250000000027,0.00256997513132441
0.06375,0.08125,0.005,6.25e-08,0.160972,-0.00970129,0.16341325000000015,-0.009377850000000059,-0.0024412500000001447,-0.0003234399999999405,0.0024625829927335786
0.06625,0.08125,0.005,6.25e-08,0.155184,-0.036332,0.15749075000000018,-0.036311375000000055,-0.0023067500000001906,-2.062499999994777e-05,0.002306842203776816
0.06875,0.08125,0.005,6.25e-08,0.145397,-0.0662208,0.14747575000000018,-0.06655160000000006,-0.0020787500000001846,0.0003308000000000616,0.0021049062217830057
0.07125,0.08125,0.005,6.25e-08,0.131191,-0.099966,0.13293050000000026,-0.10072174999999985,-0.0017395000000002547,0.0007557499999998468,0.0018965806896888554
0.07375,0.08125,0.005,6.25e-08,0.112173,-0.138333,0.11344000000000025,-0.13962674999999983,-0.001267000000000254,0.0012937499999998159,0.0018108224823267926
0.07625,0.08125,0.005,6.25e-08,0.088053,-0.182275,0.08870232500000026,-0.1842859999999998,-0.000649325000000256,0.0020109999999998185,0.0021132306915300565
0.07875,0.08125,0.005,6.25e-08,0.0588361,-0.232868,0.0587325500000001,-0.23586475000000007,0.00010354999999990372,0.0029967500000000757,0.0029985385048387214
0.08125,0.08125,0.005,6.25e-08,0.0251756,-0.290988,0.02425950000000007,-0.29531675,0.0009160999999999302,0.004328749999999992,0.004424626060188568
0.08375,0.08125,0.005,6.25e-08,-0.011063,-0.356395,-0.012583712499999955,-0.36232825000000013,0.001520712499999955,0.005933250000000112,0.006125032413804636
0.08625,0.08125,0.005,6.25e-08,-0.046108,-0.425694,-0.0473594499999998,-0.43299849999999973,0.0012514499999998,0.007304499999999714,0.007410927563570927
0.08875,0.08125,0.005,6.25e-08,-0.0732985,-0.489563,-0.07283309999999987,-0.49603299999999984,-0.0004654000000001296,0.006469999999999809,0.006486716978564553
0.090625,0.081875,0.005,1.5625e-08,-0.0765999,-0.516878,-0.07680839999999994,-0.5242562499999999,0.00020849999999994484,0.00737824999999992,0.007381195385064589
0.09375,0.08125,0.005,6.25e-08,-0.0659198,-0.498073,-0.065305525,-0.4997285000000001,-0.0006142749999999975,0.0016555000000000875,0.0017657899154840833
0.09625,0.08125,0.005,6.25e-08,-0.0355492,-0.383852,-0.033577599999999916,-0.3775204999999996,-0.001971600000000087,-0.006331500000000434,0.006631372317251222
0.098125,0.081875,0.005,1.5625e-08,-0.0129663,-0.220898,-0.010688232499999933,-0.22292774999999937,-0.0022780675000000673,0.0020297499999993585,0.003051143490079408
0.00125,0.08375,0.005,6.25e-08,-0.00328867,0.0610773,-0.002618982500000003,0.05903735000000003,-0.0006696874999999971,0.002039949999999971,0.0021470624933047776
0.00375,0.08375,0.005,6.25e-08,-0.0183822,0.153312,-0.018833000000000016,0.15146350000000006,0.0004508000000000151,0.0018484999999999474,0.0019026751929848193
0.00625,0.08375,0.005,6.25e-08,-0.0402126,0.209206,-0.039565650000000036,0.20895475000000005,-0.0006469499999999656,0.0002512499999999529,0.0006940251184214674
0.00875,0.08375,0.005,6.25e-08,-0.056906,0.237407,-0.05607402500000004,0.23831850000000004,-0.0008319749999999571,-0.0009115000000000373,0.0012341047972619652
0.01125,0.08375,0.005,6.25e-08,-0.064971,0.247451,-0.06452595000000004,0.24860550000000003,-0.00044504999999996075,-0.0011545000000000305,0.0012373115018054408
0.01375,0.08375,0.005,6.25e-08,-0.0647904,0.246469,-0.06453667500000003,0.2473655,-0.00025372499999996856,-0.0008964999999999945,0.0009317127377174653
0.01625,0.08375,0.005,6.25e-08,-0.0577505,0.239197,-0.057345450000000006,0.23978974999999997,-0.0004050499999999971,-0.0005927499999999752,0.0007179262253184293
0.01875,0.08375,0.005,6.25e-08,-0.0454265,0.228574,-0.044639974999999985,0.22908624999999996,-0.0007865250000000171,-0.0005122499999999641,0.0009386275289618296
0.02125,0.08375,0.005,6.25e-08,-0.0291874,0.216306,-0.02800472499999995,0.21709924999999997,-0.0011826750000000497,-0.0007932499999999676,0.0014240666129521702
0.02375,0.08375,0.005,6.25e-08,-0.0101431,0.203514,-0.008738822499999946,0.20481974999999994,-0.0014042775000000542,-0.001305749999999939,0.0019175448780944457
0.02625,0.08375,0.005,6.25e-08,0.0107262,0.190932,0.012156735000000071,0.19273349999999995,-0.0014305350000000713,-0.001801499999999956,0.002300398364680571
0.02875,0.08375,0.005,6.25e-08,0.0325681,0.178883,0.03393012500000008,0.18103174999999994,-0.0013620250000000791,-0.0021487499999999493,0.0025440594849816304
0.03125,0.08375,0.005,6.25e-08,0.0547234,0.167407,0.05601792500000011,0.16973924999999992,-0.0012945250000001088,-0.0023322499999999247,0.0026674304186098145
0.03375,0.08375,0.005,6.25e-08,0.0767132,0.156404,0.07799052500000012,0.15878549999999994,-0.0012773250000001207,-0.002381499999999953,0.0027024250971349945
0.03625,0.08375,0.005,6.25e-08,0.0981832,0.145713,0.09950915000000013,0.14804849999999994,-0.0013259500000001312,-0.002335499999999935,0.0026856477156358472
0.03875,0.08375,0.005,6.25e-08,0.118855,0.135153,0.12029300000000014,0.13737724999999995,-0.0014380000000001336,-0.0022242499999999554,0.0026486094582818713
0.04125,0.08375,0.005,6.25e-08,0.138493,0.124529,0.14009525000000014,0.12660324999999994,-0.0016022500000001383,-0.002074249999999944,0.0026210147128545866
0.04375,0.08375,0.005,6.25e-08,0.156884,0.11365,0.15868675000000015,0.11555124999999995,-0.0018027500000001584,-0.0019012499999999516,0.002620049450869275
0.04625,0.08375,0.005,6.25e-08,0.173818,0.102322,0.17584250000000018,0.10403849999999996,-0.002024500000000179,-0.001716499999999968,0.0026542367076055244
0.04875,0.08375,0.005,6.25e-08,0.189079,0.0903516,0.19133225000000015,0.09187904999999996,-0.002253250000000151,-0.001527449999999958,0.0027221754287702605
0.05125,0.08375,0.005,6.25e-08,0.20244,0.0775446,0.20491350000000016,0.07888089999999998,-0.002473500000000156,-0.0013362999999999708,0.002811387547102088
0.05375,0.08375,0.005,6.25e-08,0.21365,0.0637006,0.21632600000000018,0.06484464999999998,-0.0026760000000001782,-0.0011440499999999798,0.002910296617614931
0.05625,0.08375,0.005,6.25e-08,0.222436,0.0486097,0.2252837500000002,0.049559599999999975,-0.0028477500000002043,-0.0009498999999999758,0.003001997680295759
0.05875,0.08375,0.005,6.25e-08,0.228495,0.0320464,0.2314725000000002,0.03279800000000001,-0.0029775000000001883,-0.000751600000000005,0.003070897069261868
0.06125,0.08375,0.005,6.25e-08,0.231488,0.0137608,0.2345420000000002,0.014306049999999996,-0.0030540000000001954,-0.0005452499999999954,0.0031022916630293143
0.06375,0.08375,0.005,6.25e-08,0.231035,-0.00653501,0.2341005000000002,-0.006209537500000055,-0.003065500000000221,-0.00032547249999994535,0.00308272973162708
0.06625,0.08375,0.005,6.25e-08,0.226715,-0.0291871,0.2297095000000002,-0.02910282500000005,-0.0029945000000002053,-8.427499999994967e-05,0.0029956856520045993
0.06875,0.08375,0.005,6.25e-08,0.218052,-0.0546311,0.22087550000000017,-0.05482232500000005,-0.002823500000000173,0.00019122500000004483,0.0028299680653014435
0.07125,0.08375,0.005,6.25e-08,0.204521,-0.0834416,0.2070512500000003,-0.08396277499999988,-0.002530250000000289,0.0005211749999998738,0.002583367655430859
0.07375,0.08375,0.005,6.25e-08,0.185557,-0.116402,0.1876422500000003,-0.11734099999999983,-0.0020852500000002883,0.0009389999999998289,0.0022869168245699015
0.07625,0.08375,0.005,6.25e-08,0.160588,-0.154592,0.1620542500000003,-0.1560927499999998,-0.0014662500000002798,0.0015007499999998009,0.0020981276474514657
0.07875,0.08375,0.005,6.25e-08,0.129155,-0.199449,0.1298180000000001,-0.20174725000000004,-0.000663000000000108,0.002298250000000057,0.002391970330606215
0.08125,0.08375,0.005,6.25e-08,0.0911922,-0.252683,0.09090915000000008,-0.25613575000000005,0.00028304999999992364,0.00345275000000006,0.003464332528063721
0.08375,0.08375,0.005,6.25e-08,0.0475599,-0.315697,0.046438425000000054,-0.32073000000000007,0.0011214749999999482,0.005033000000000065,0.005156432407743317
0.08625,0.08375,0.005,6.25e-08,0.000849246,-0.387837,-0.00012330974999972307,-0.39459574999999963,0.0009725557499997231,0.006758749999999647,0.006828364829836844
0.08875,0.08375,0.005,6.25e-08,-0.0427764,-0.462581,-0.0414581249999998,-0.4698864999999997,-0.001318275000000202,0.007305499999999687,0.007423488346163208
0.090625,0.084375,0.005,1.5625e-08,-0.0604597,-0.506916,-0.05623589999999987,-0.5096302499999998,-0.004223800000000132,0.002714249999999807,0.005020721014207029
0.093125,0.083125,0.005,1.5625e-08,-0.0685643,-0.521031,-0.06874860000000002,-0.5275290000000001,0.0001843000000000261,0.006498000000000115,0.006500613085702109
0.095625,0.083125,0.005,1.5625e-08,-0.0438679,-0.443535,-0.04433684999999992,-0.4429944999999997,0.00046894999999991943,-0.0005405000000003324,0.000715579731756206
0.098125,0.083125,0.005,1.5625e-08,-0.013856,-0.24135,-0.011450859999999929,-0.23593599999999934,-0.002405140000000071,-0.005414000000000668,0.005924195677018744
0.00125,0.08625,0.005,6.25e-08,-0.00372254,0.0721199,-0.004031957499999995,0.07115219999999994,0.00030941749999999473,0.0009677000000000574,0.001015963817912015
0.00375,0.08625,0.005,6.25e-08,-0.0261245,0.177394,-0.027444599999999972,0.1752684999999999,0.0013200999999999734,0.0021255000000000857,0.0025020819850676943
0.00625,0.08625,0.005,6.25e-08,-0.0544386,0.230214,-0.05399254999999996,0.23036674999999995,-0.0004460500000000381,-0.00015274999999995154,0.00047147976096543017
0.00875,0.08625,0.005,6.25e-08,-0.0715399,0.249378,-0.07115707499999996,0.250461,-0.00038282500000004493,-0.0010830000000000006,0.001148670527446855
0.01125,0.08625,0.005,6.25e-08,-0.0753995,0.249486,-0.07556579999999999,0.250272,0.00016629999999999423,-0.0007859999999999812,0.0008034000809061251
0.01375,0.08625,0.005,6.25e-08,-0.0684189,0.239993,-0.06867314999999999,0.24005100000000004,0.00025424999999998366,-5.800000000003025e-05,0.00026078163758208746
0.01625,0.08625,0.005,6.25e-08,-0.0534521,0.226182,-0.053360225000000025,0.22572150000000007,-9.187499999997739e-05,0.0004604999999999193,0.0004695756229031928
0.01875,0.08625,0.005,6.25e-08,-0.033016,0.210876,-0.032369900000000056,0.21033800000000008,-0.0006460999999999412,0.0005379999999999274,0.0008407670366991357
0.02125,0.08625,0.005,6.25e-08,-0.00895659,0.195276,-0.007846795250000064,0.19532350000000007,-0.0011097947499999362,-4.750000000006138e-05,0.0011108108016793078
0.02375,0.08625,0.005,6.25e-08,0.0174003,0.180303,0.018666449999999897,0.1812467500000001,-0.0012661499999998965,-0.0009437500000001042,0.0015791769644343014
0.02625,0.08625,0.005,6.25e-08,0.0449634,0.166543,0.046101224999999885,0.16825050000000008,-0.001137824999999884,-0.001707500000000084,0.0020518776719446563
0.02875,0.08625,0.005,6.25e-08,0.0727827,0.154116,0.07372579999999987,0.1562765000000001,-0.0009430999999998635,-0.002160500000000093,0.002357370963594857
0.03125,0.08625,0.005,6.25e-08,0.100204,0.142828,0.10103527499999984,0.14517450000000007,-0.0008312749999998398,-0.002346500000000057,0.0024893935758784707
0.03375,0.08625,0.005,6.25e-08,0.126827,0.132407,0.12767049999999983,0.13476075000000007,-0.0008434999999998305,-0.002353750000000071,0.0025003262412133438
0.03625,0.08625,0.005,6.25e-08,0.152392,0.122588,0.15336474999999983,0.12483950000000008,-0.0009727499999998279,-0.002251500000000073,0.0024526505687724846
0.03875,0.08625,0.005,6.25e-08,0.176709,0.113127,0.17790149999999982,0.11521650000000005,-0.0011924999999998187,-0.0020895000000000497,0.002405840081967165
0.04125,0.08625,0.005,6.25e-08,0.199615,0.103803,0.2010929999999998,0.10570300000000007,-0.0014779999999998128,-0.0019000000000000683,0.002407173446181165
0.04375,0.08625,0.005,6.25e-08,0.220956,0.0944141,0.22275899999999976,0.09611575000000006,-0.0018029999999997492,-0.0017016500000000545,0.002479197798179742
0.04625,0.08625,0.005,6.25e-08,0.240572,0.0847714,0.24271724999999977,0.08627702500000005,-0.0021452499999997654,-0.001505625000000052,0.0026208785174296327
0.04875,0.08625,0.005,6.25e-08,0.258286,0.0746962,0.26077149999999977,0.07601267500000004,-0.002485499999999752,-0.0013164750000000391,0.0028126174065492573
0.05125,0.08625,0.005,6.25e-08,0.273896,0.0640141,0.2767067499999998,0.06514967500000005,-0.0028107499999998065,-0.0011355750000000414,0.003031475901788435
0.05375,0.08625,0.005,6.25e-08,0.287177,0.0525512,0.29028299999999974,0.053513300000000034,-0.00310599999999972,-0.0009621000000000351,0.003251595363817326
0.05625,0.08625,0.005,6.25e-08,0.297867,0.0401287,0.3012297499999998,0.04092310000000002,-0.0033627499999998034,-0.0007944000000000145,0.0034553088027698335
0.05875,0.08625,0.005,6.25e-08,0.30567,0.0265578,0.30923924999999974,0.027187225000000037,-0.0035692499999997462,-0.0006294250000000376,0.003624323577320772
0.06125,0.08625,0.005,6.25e-08,0.310248,0.0116306,0.3139622499999998,0.012094452500000007,-0.0037142499999997525,-0.0004638525000000074,0.0037431019494871386
0.06375,0.08625,0.005,6.25e-08,0.311212,-0.00489209,0.31499874999999977,-0.004598672500000052,-0.0037867499999997833,-0.00029341749999994837,0.003798100761144256
0.06625,0.08625,0.005,6.25e-08,0.308118,-0.0232992,0.31189049999999974,-0.02318785000000007,-0.0037724999999997344,-0.00011134999999993025,0.0037741429586726017
0.06875,0.08625,0.005,6.25e-08,0.300456,-0.0439614,0.30410699999999974,-0.04405407500000009,-0.003650999999999738,9.26750000000906e-05,0.003652176016517153
0.07125,0.08625,0.005,6.25e-08,0.287632,-0.0673827,0.2910332499999998,-0.06771777499999997,-0.0034012499999998003,0.0003350749999999625,0.0034177151458428504
0.07375,0.08625,0.005,6.25e-08,0.268964,-0.0942819,0.2719544999999998,-0.09492607499999998,-0.0029904999999998405,0.000644174999999983,0.003059093277529148
0.07625,0.08625,0.005,6.25e-08,0.243667,-0.125718,0.24605224999999986,-0.12678599999999998,-0.0023852499999998666,0.0010679999999999856,0.002613434820786494
0.07875,0.08625,0.005,6.25e-08,0.2109,-0.163258,0.21244574999999966,-0.16494550000000022,-0.0015457499999996516,0.0016875000000002305,0.002288449106381809
0.08125,0.08625,0.005,6.25e-08,0.16991,-0.209121,0.1703657499999996,-0.21174925000000025,-0.00045574999999958843,0.0026282500000002484,0.0026674718602078882
0.08375,0.08625,0.005,6.25e-08,0.120495,-0.266053,0.11968299999999961,-0.2700915000000004,0.0008120000000003957,0.004038500000000389,0.0041193235184923006
0.08625,0.08625,0.005,6.25e-08,0.0640704,-0.336142,0.062172774999999965,-0.3421294999999999,0.0018976250000000347,0.0059874999999999234,0.006281014001785398
0.08875,0.08625,0.005,6.25e-08,0.00550406,-0.417053,0.003839712500000003,-0.4250987499999999,0.0016643474999999967,0.008045749999999907,0.008216090655734925
0.09125,0.08625,0.005,6.25e-08,-0.0445443,-0.495676,-0.042633249999999984,-0.5021969999999999,-0.0019110500000000183,0.006520999999999888,0.006795259605232063
0.093125,0.086875,0.005,1.5625e-08,-0.0607358,-0.526082,-0.055897175,-0.5290207499999999,-0.004838624999999999,0.002938749999999879,0.005661143299115849
0.095625,0.085625,0.005,1.5625e-08,-0.0508864,-0.476517,-0.047511399999999926,-0.47423224999999974,-0.0033750000000000724,-0.0022847500000002796,0.004075623579588989
0.098125,0.085625,0.005,1.5625e-08,-0.0119532,-0.271338,-0.013512849999999918,-0.2644704999999993,0.0015596499999999177,-0.006867500000000748,0.0070423763299407695
0.000625,0.089375,0.005,1.5625e-08,-0.000987746,0.05399,-0.0023161984999999965,0.05070357499999996,0.0013284524999999964,0.003286425000000044,0.003544767316112798
0.00375,0.08875,0.005,6.25e-08,-0.0408284,0.211107,-0.040493274999999954,0.2076229999999999,-0.0003351250000000472,0.003484000000000098,0.003500080679873782
0.00625,0.08875,0.005,6.25e-08,-0.072724,0.253321,-0.07193174999999995,0.2538862499999999,-0.0007922500000000499,-0.0005652499999999061,0.0009732253721517812
0.00875,0.08875,0.005,6.25e-08,-0.0844071,0.257388,-0.08454702499999998,0.25799275,0.0001399249999999852,-0.0006047499999999872,0.0006207266452513381
0.01125,0.08875,0.005,6.25e-08,-0.0778804,0.24368,-0.07842030000000001,0.24333375000000004,0.0005399000000000098,0.00034624999999996464,0.0006413899535383963
0.01375,0.08875,0.005,6.25e-08,-0.0585864,0.223979,-0.05887380000000006,0.22263775000000008,0.0002874000000000626,0.0013412499999999328,0.0013716961480225334
0.01625,0.08875,0.005,6.25e-08,-0.0313877,0.20333,-0.031122175000000103,0.20157975000000006,-0.000265524999999895,0.0017502499999999532,0.0017702764157398643
0.01875,0.08875,0.005,6.25e-08,0.000252474,0.184031,0.0010608449999998629,0.18227000000000007,-0.000808370999999863,0.0017609999999999293,0.00193767506915905
0.02125,0.08875,0.005,6.25e-08,0.0342523,0.165633,0.035236674999999856,0.1652422500000001,-0.000984374999999857,0.000390749999999912,0.0010590938122398078
0.02375,0.08875,0.005,6.25e-08,0.0690168,0.14939,0.06990874999999981,0.1504050000000001,-0.0008919499999998082,-0.0010150000000000992,0.0013512215963711722
0.02625,0.08875,0.005,6.25e-08,0.103623,0.13547,0.1041816999999998,0.13745600000000008,-0.0005586999999997871,-0.001986000000000071,0.0020630903252160447
0.02875,0.08875,0.005,6.25e-08,0.137243,0.123633,0.13752524999999977,0.1260505000000001,-0.00028224999999976186,-0.0024175000000000862,0.0024339209749908238
0.03125,0.08875,0.005,6.25e-08,0.169392,0.113369,0.16962349999999976,0.1158617500000001,-0.00023149999999977355,-0.002492750000000099,0.002503476545226735
0.03375,0.08875,0.005,6.25e-08,0.199889,0.104221,0.20028199999999977,0.10660000000000008,-0.00039299999999975466,-0.0023790000000000894,0.002411242418339606
0.03625,0.08875,0.005,6.25e-08,0.228665,0.0958363,0.22937074999999973,0.09801037500000007,-0.0007057499999997274,-0.002174075000000067,0.002285757022984925
0.03875,0.08875,0.005,6.25e-08,0.255672,0.0879347,0.25678699999999977,0.08987072500000008,-0.001114999999999755,-0.0019360250000000773,0.0022341481151939664
0.04125,0.08875,0.005,6.25e-08,0.280858,0.0802861,0.28243474999999973,0.08198312500000007,-0.001576749999999738,-0.0016970250000000742,0.0023164702487026303
0.04375,0.08875,0.005,6.25e-08,0.304153,0.072697,0.3062097499999997,0.07416942500000007,-0.0020567499999997185,-0.0014724250000000688,0.002529477405142027
0.04625,0.08875,0.005,6.25e-08,0.325459,0.0649979,0.32799124999999973,0.06626590000000007,-0.002532249999999736,-0.0012680000000000746,0.0028319805900639313
0.04875,0.08875,0.005,6.25e-08,0.344652,0.0570352,0.34763449999999974,0.05811922500000005,-0.0029824999999997215,-0.001084025000000051,0.0031733919472109727
0.05125,0.08875,0.005,6.25e-08,0.361569,0.0486643,0.3649667499999998,0.049582850000000046,-0.0033977499999998106,-0.0009185500000000457,0.0035197214612805367
0.05375,0.08875,0.005,6.25e-08,0.376017,0.039745,0.37978224999999965,0.04051330000000003,-0.0037652499999996647,-0.0007683000000000273,0.0038428365112892215
0.05625,0.08875,0.005,6.25e-08,0.38776,0.0301364,0.3918392499999997,0.03076627500000003,-0.004079249999999701,-0.0006298750000000297,0.0041275928915195355
0.05875,0.08875,0.005,6.25e-08,0.396524,0.0196921,0.40085449999999967,0.020191800000000034,-0.004330499999999682,-0.0004997000000000335,0.004359235063631839
0.06125,0.08875,0.005,6.25e-08,0.401984,0.00825325,0.4064977499999997,0.00862711750000001,-0.0045137499999997055,-0.0003738675000000101,0.004529206991301413
0.06375,0.08875,0.005,6.25e-08,0.403765,-0.00436346,0.4083842499999997,-0.004113855000000038,-0.004619249999999742,-0.00024960499999996267,0.004625988890877559
0.06625,0.08875,0.005,6.25e-08,0.401429,-0.018378,0.4060639999999997,-0.018257800000000053,-0.004634999999999723,-0.00012019999999994535,0.004636558318407892
0.06875,0.08875,0.005,6.25e-08,0.394461,-0.0340783,0.39900649999999965,-0.03410075000000007,-0.004545499999999647,2.2450000000069636e-05,0.004545555439382166
0.07125,0.08875,0.005,6.25e-08,0.382248,-0.0518637,0.38657949999999974,-0.05205654999999999,-0.004331499999999766,0.00019284999999999441,0.0043357909742627095
0.07375,0.08875,0.005,6.25e-08,0.364048,-0.0723237,0.3680137499999998,-0.07273982500000001,-0.003965749999999824,0.0004161250000000033,0.003987522172743821
0.07625,0.08875,0.005,6.25e-08,0.338952,-0.0963693,0.34236174999999974,-0.09710535,-0.003409749999999767,0.000736050000000002,0.00348828964752046
0.07875,0.08875,0.005,6.25e-08,0.305837,-0.125452,0.30845249999999963,-0.1266730000000002,-0.0026154999999996043,0.0012210000000001942,0.0028864651825370085
0.08125,0.08875,0.005,6.25e-08,0.26336,-0.161892,0.26489474999999957,-0.16385350000000026,-0.001534749999999585,0.0019615000000002547,0.0024905701781920793
0.08375,0.08875,0.005,6.25e-08,0.210163,-0.209233,0.21030474999999954,-0.2122677500000003,-0.00014174999999955196,0.003034750000000308,0.0030380586934754474
0.08625,0.08875,0.005,6.25e-08,0.145783,-0.272048,0.14421074999999994,-0.27651724999999994,0.0015722500000000528,0.004469249999999925,0.004737738450463417
0.08875,0.08875,0.005,6.25e-08,0.0726978,-0.353194,0.06955282499999998,-0.35959149999999995,0.003144975000000022,0.006397499999999945,0.0071287357925949564
0.09125,0.08875,0.005,6.25e-08,0.000539581,-0.445206,-0.0024893299999999676,-0.4538062499999999,0.0030289109999999675,0.00860024999999992,0.009118037174108222
0.09375,0.08875,0.005,6.25e-08,-0.0495057,-0.516138,-0.04870245000000005,-0.52125325,-0.0008032499999999498,0.005115250000000016,0.0051779332870364484
0.09625,0.08875,0.005,6.25e-08,-0.0502842,-0.488941,-0.04566112499999991,-0.4763492499999995,-0.0046230750000000945,-0.012591750000000512,0.013413612135369755
0.098125,0.089375,0.005,1.5625e-08,-0.0215976,-0.313047,-0.019312499999999868,-0.316486499999999,-0.0022851000000001336,0.003439499999998985,0.004129387637409889
0.000625,0.091875,0.005,1.5625e-08,-0.00686275,0.0740622,-0.004245047499999993,0.07026879999999994,-0.002617702500000007,0.003793400000000058,0.004608931539793873
0.00375,0.09125,0.005,6.25e-08,-0.062711,0.252522,-0.05981379999999993,0.24915799999999988,-0.002897200000000072,0.0033640000000001447,0.004439624290410326
0.00625,0.09125,0.005,6.25e-08,-0.0884706,0.271991,-0.08851409999999997,0.27254025,4.3499999999974115e-05,-0.0005492500000000011,0.000550969883478216
0.00875,0.09125,0.005,6.25e-08,-0.0825171,0.253634,-0.08338550000000004,0.2515255,0.0008684000000000469,0.002108500000000013,0.0022803269085813413
0.01125,0.09125,0.005,6.25e-08,-0.055841,0.22432,-0.05513002500000013,0.2197030000000001,-0.0007109749999998707,0.004616999999999899,0.004671421031187821
0.01375,0.09125,0.005,6.25e-08,-0.0169678,0.194177,-0.015145843250000197,0.18942575000000014,-0.001821956749999805,0.004751249999999846,0.005088605207851007
0.01625,0.09125,0.005,6.25e-08,0.0271761,0.167499,0.02938882499999975,0.1638622500000001,-0.002212724999999749,0.003636749999999911,0.004257006282368307
0.01875,0.09125,0.005,6.25e-08,0.0725601,0.146217,0.07464404999999971,0.14304550000000016,-0.0020839499999997096,0.003171499999999855,0.003794899188713433
0.02125,0.09125,0.005,6.25e-08,0.118212,0.126543,0.11874679999999974,0.1261812500000001,-0.0005347999999997383,0.000361749999999883,0.0006456578834798158
0.02375,0.09125,0.005,6.25e-08,0.160979,0.110543,0.16085674999999966,0.11240000000000012,0.00012225000000035124,-0.0018570000000001224,0.0018610196297998956
0.02625,0.09125,0.005,6.25e-08,0.201071,0.0981557,0.20065024999999967,0.10096617500000012,0.0004207500000003306,-0.0028104750000001177,0.0028417952579533135
0.02875,0.09125,0.005,6.25e-08,0.238508,0.0883616,0.23805174999999967,0.0912994500000001,0.00045625000000032445,-0.002937850000000103,0.002973066882026185
0.03125,0.09125,0.005,6.25e-08,0.273257,0.0802208,0.27309399999999967,0.0829529750000001,0.0001630000000003573,-0.0027321750000001005,0.0027370329246513762
0.03375,0.09125,0.005,6.25e-08,0.305502,0.0731636,0.3058452499999997,0.0755801750000001,-0.0003432499999996841,-0.0024165750000001013,0.0024408308612284615
0.03625,0.09125,0.005,6.25e-08,0.335423,0.0668288,0.33637499999999965,0.06890830000000008,-0.0009519999999996198,-0.0020795000000000813,0.0022870558038665376
0.03875,0.09125,0.005,6.25e-08,0.363137,0.0609548,0.36473424999999965,0.06271742500000008,-0.0015972499999996614,-0.0017626250000000732,0.0023786665283566286
0.04125,0.09125,0.005,6.25e-08,0.388707,0.0553419,0.3909444999999997,0.056825550000000065,-0.0022374999999996703,-0.0014836500000000655,0.0026847017660251798
0.04375,0.09125,0.005,6.25e-08,0.412151,0.0498318,0.41499599999999964,0.05107780000000006,-0.0028449999999996534,-0.0012460000000000596,0.0031058881177528233
0.04625,0.09125,0.005,6.25e-08,0.43344,0.0442929,0.4368424999999997,0.04533867500000006,-0.0034024999999996974,-0.0010457750000000543,0.003559585874876887
0.04875,0.09125,0.005,6.25e-08,0.452499,0.0386094,0.4564014999999996,0.03948662500000005,-0.0039024999999996424,-0.0008772250000000509,0.003999878741989849
0.05125,0.09125,0.005,6.25e-08,0.469214,0.0326759,0.4735524999999997,0.03340957500000004,-0.00433849999999969,-0.0007336750000000378,0.0044000978688686415
0.05375,0.09125,0.005,6.25e-08,0.483427,0.0263918,0.4881367499999997,0.027001500000000036,-0.0047097499999996795,-0.0006097000000000359,0.004749050342173372
0.05625,0.09125,0.005,6.25e-08,0.494939,0.0196585,0.49995349999999966,0.020158725000000027,-0.005014499999999644,-0.0005002250000000277,0.005039388385570362
0.05875,0.09125,0.005,6.25e-08,0.503509,0.0123753,0.5087589999999996,0.012776200000000031,-0.005249999999999644,-0.0004009000000000304,0.00526528449468747
0.06125,0.09125,0.005,6.25e-08,0.508847,0.00443427,0.5142624999999997,0.00474207750000001,-0.0054154999999996845,-0.00030780750000001036,0.005424240565005652
0.06375,0.09125,0.005,6.25e-08,0.510613,-0.00428787,0.5161184999999997,-0.004070345000000026,-0.005505499999999719,-0.00021752499999997364,0.005509795583832661
0.06625,0.09125,0.005,6.25e-08,0.508404,-0.0139393,0.5139182499999997,-0.013815525000000042,-0.005514249999999721,-0.00012377499999995795,0.0055156389759593505
0.06875,0.09125,0.005,6.25e-08,0.501739,-0.0247174,0.5071714999999997,-0.024697500000000056,-0.005432499999999618,-1.9899999999944268e-05,0.005432536448105604
0.07125,0.09125,0.005,6.25e-08,0.490034,-0.0368993,0.4952817499999997,-0.03700735,-0.005247749999999662,0.00010804999999999843,0.005248862244810437
0.07375,0.09125,0.005,6.25e-08,0.472564,-0.0509033,0.4775037499999997,-0.051189350000000015,-0.004939749999999743,0.00028605000000001685,0.004948025329866195
0.07625,0.09125,0.005,6.25e-08,0.448396,-0.0673962,0.4528712499999997,-0.06795837500000003,-0.004475249999999709,0.0005621750000000258,0.004510421631413456
0.07875,0.09125,0.005,6.25e-08,0.416279,-0.0874926,0.4200912499999995,-0.08850877500000018,-0.0038122499999995174,0.0010161750000001746,0.00394535951379867
0.08125,0.09125,0.005,6.25e-08,0.374483,-0.113129,0.3773934999999995,-0.11487900000000022,-0.002910499999999483,0.0017500000000002236,0.0033961022143035938
0.08375,0.09125,0.005,6.25e-08,0.320659,-0.14775,0.3224054999999995,-0.15053125000000028,-0.0017464999999994846,0.0027812500000002904,0.003284145826923618
0.08625,0.09125,0.005,6.25e-08,0.252234,-0.19733,0.25235874999999985,-0.20104000000000005,-0.00012474999999984027,0.0037100000000000466,0.0037120967878680514
0.08875,0.09125,0.005,6.25e-08,0.167583,-0.27024,0.16566299999999995,-0.27388075000000006,0.0019200000000000605,0.0036407500000000814,0.004116000554239616
0.09125,0.09125,0.005,6.25e-08,0.0719914,-0.367539,0.06732565000000001,-0.37316625,0.004665749999999982,0.0056272499999999726,0.007309936088981868
0.09375,0.09125,0.005,6.25e-08,-0.0158958,-0.47015,-0.019635647500000124,-0.4781847500000002,0.003739847500000122,0.008034750000000201,0.008862486495660255
0.09625,0.09125,0.005,6.25e-08,-0.0600869,-0.503572,-0.050309774999999966,-0.49675574999999983,-0.009777125000000032,-0.00681625000000019,0.011918617257388887
0.098125,0.091875,0.005,1.5625e-08,-0.0367785,-0.357922,-0.027330274999999828,-0.36068674999999895,-0.009448225000000171,0.002764749999998928,0.009844429806399267
0.000625,0.094375,0.005,1.5625e-08,-0.0175735,0.119245,-0.009465432500000027,0.10712900000000015,-0.008108067499999972,0.012115999999999849,0.014578690427625936
0.00375,0.09375,0.005,6.25e-08,-0.0880336,0.297004,-0.08311597500000001,0.2914985,-0.004917624999999995,0.0055054999999999965,0.007381975744380695
0.00625,0.09375,0.005,6.25e-08,-0.0781369,0.270937,-0.08010287499999999,0.26602624999999996,0.001965974999999995,0.004910750000000019,0.005289661923329804
0.00875,0.09375,0.005,6.25e-08,-0.0287603,0.218773,-0.030824339999999978,0.21390724999999997,0.002064039999999979,0.00486575000000003,0.0052854313148597626
0.010625,0.094375,0.005,1.5625e-08,0.0560814,0.167683,0.05564145000000051,0.16154524999999978,0.00043994999999948797,0.006137750000000219,0.0061534974660758775
0.013125,0.093125,0.005,1.5625e-08,0.0545048,0.161509,0.046567199999999635,0.15867000000000017,0.007937600000000364,0.0028389999999998417,0.008430030531380351
0.015625,0.093125,0.005,1.5625e-08,0.113057,0.131991,0.10484757499999958,0.13142775000000015,0.008209425000000423,0.0005632499999998486,0.008228724651677911
0.018125,0.093125,0.005,1.5625e-08,0.169427,0.108475,0.15954774999999954,0.11095050000000015,0.00987925000000045,-0.0024755000000001443,0.010184678728978623
0.02125,0.09375,0.005,6.25e-08,0.268473,0.0812457,0.26591450000000005,0.08019272499999999,0.0025584999999999636,0.0010529750000000115,0.002766708983725039
0.02375,0.09375,0.005,6.25e-08,0.313307,0.0669678,0.31098225,0.06984325,0.0023247499999999865,-0.0028754500000000016,0.0036976580784328812
0.02625,0.09375,0.005,6.25e-08,0.353336,0.0579471,0.35179099999999996,0.06163512499999999,0.0015450000000000186,-0.0036880249999999906,0.003998568919079048
0.02875,0.09375,0.005,6.25e-08,0.389553,0.0514851,0.38889999999999997,0.054942950000000004,0.0006530000000000147,-0.0034578500000000054,0.003518967976907442
0.03125,0.09375,0.005,6.25e-08,0.422404,0.0463463,0.42276775,0.049333925,-0.000363749999999996,-0.0029876250000000007,0.003009687226793675
0.03375,0.09375,0.005,6.25e-08,0.452406,0.0419929,0.45375475,0.044500075,-0.0013487500000000097,-0.0025071750000000004,0.002846937484934474
0.03625,0.09375,0.005,6.25e-08,0.479893,0.0381367,0.48213375,0.040215249999999994,-0.0022407500000000136,-0.0020785499999999915,0.003056359053678089
0.03875,0.09375,0.005,6.25e-08,0.50507,0.0345881,0.50810075,0.036307650000000004,-0.003030749999999971,-0.0017195500000000072,0.0034845799983642
0.04125,0.09375,0.005,6.25e-08,0.528069,0.0312139,0.531786,0.032642275,-0.0037169999999999703,-0.001428374999999999,0.003982002528957607
0.04375,0.09375,0.005,6.25e-08,0.548959,0.0279148,0.5532630000000001,0.029109375,-0.0043040000000000855,-0.0011945749999999998,0.004466701851548381
0.04625,0.09375,0.005,6.25e-08,0.567754,0.0246112,0.57255175,0.025616625,-0.004797750000000045,-0.0010054250000000008,0.004901967410451178
0.04875,0.09375,0.005,6.25e-08,0.584421,0.0212346,0.5896282500000001,0.022084275,-0.005207250000000108,-0.0008496750000000011,0.00527611601162504
0.05125,0.09375,0.005,6.25e-08,0.598881,0.0177232,0.60442175,0.018441174999999997,-0.005540749999999983,-0.0007179749999999957,0.005587074248936093
0.05375,0.09375,0.005,6.25e-08,0.611018,0.0140189,0.6168235,0.014622075,-0.005805500000000019,-0.0006031749999999992,0.005836749980136653
0.05625,0.09375,0.005,6.25e-08,0.620673,0.0100656,0.62668225,0.010565097499999999,-0.006009249999999966,-0.0004994974999999995,0.0060299737408222465
0.05875,0.09375,0.005,6.25e-08,0.627653,0.00580575,0.6338064999999999,0.006209037500000006,-0.006153499999999923,-0.00040328750000000625,0.006166701148722493
0.06125,0.09375,0.005,6.25e-08,0.631717,0.00117836,0.637963,0.0014900785,-0.006245999999999974,-0.00031171850000000006,0.006253773614645954
0.06375,0.09375,0.005,6.25e-08,0.632585,-0.00387814,0.6388695,-0.003663355000000015,-0.006284500000000026,-0.00021478499999998514,0.006288169276206336
0.06625,0.09375,0.005,6.25e-08,0.62992,-0.00945038,0.63619025,-0.009338617500000016,-0.006270249999999922,-0.00011176249999998375,0.006271245962239502
0.06875,0.09375,0.005,6.25e-08,0.623317,-0.0156487,0.629518,-0.01565255000000002,-0.006201000000000012,3.850000000017034e-06,0.006201001195170031
0.07125,0.09375,0.005,6.25e-08,0.612282,-0.0226288,0.6183510000000001,-0.02277512499999998,-0.006069000000000102,0.00014632499999997842,0.006070763708597645
0.07375,0.09375,0.005,6.25e-08,0.596188,-0.0306299,0.6020477500000001,-0.030971899999999972,-0.005859750000000052,0.0003419999999999708,0.005869721804523669
0.07625,0.09375,0.005,6.25e-08,0.574206,-0.0400381,0.5797485,-0.04068172499999997,-0.005542500000000006,0.0006436249999999671,0.005579745459304127
0.07875,0.09375,0.005,6.25e-08,0.545175,-0.0515117,0.5502404999999999,-0.05266290000000004,-0.005065499999999945,0.0011512000000000397,0.005194665695692028
0.08125,0.09375,0.005,6.25e-08,0.50736,-0.0662432,0.5117212499999999,-0.06827495000000006,-0.004361249999999872,0.0020317500000000543,0.004811289808876525
0.08375,0.09375,0.005,6.25e-08,0.457993,-0.0865824,0.4614079999999998,-0.09002365000000007,-0.003414999999999835,0.0034412500000000623,0.004848136400979175
0.08625,0.09375,0.005,6.25e-08,0.392799,-0.117772,0.3950092500000002,-0.12257374999999988,-0.0022102500000001912,0.0048017499999998825,0.005286020064755687
0.08875,0.09375,0.005,6.25e-08,0.305057,-0.172991,0.30649150000000025,-0.17433099999999982,-0.0014345000000002273,0.0013399999999998136,0.0019630054126263
0.09125,0.09375,0.005,6.25e-08,0.191879,-0.260103,0.19048950000000037,-0.2581637499999997,0.0013894999999996271,-0.001939250000000281,0.002385665695880304
0.09375,0.09375,0.005,6.25e-08,0.0600919,-0.384006,0.05529534999999999,-0.38114549999999997,0.004796550000000004,-0.0028605000000000436,0.005584742800926492
0.09625,0.09375,0.005,6.25e-08,-0.0515494,-0.489136,-0.04379655000000013,-0.48432350000000013,-0.007752849999999874,-0.004812499999999886,0.009125066540716126
0.098125,0.094375,0.005,1.5625e-08,-0.0595826,-0.411391,-0.04252439999999991,-0.4124794999999994,-0.017058200000000093,0.0010884999999993816,0.01709289383018574
0.000625,0.096875,0.005,1.5625e-08,-0.0317046,0.218304,-0.030208125000000113,0.18979725000000036,-0.001496474999999886,0.028506749999999637,0.02854600204911546
0.003125,0.095625,0.005,1.5625e-08,-0.0780822,0.304539,-0.08504739999999998,0.30850425000000004,0.006965199999999977,-0.003965250000000031,0.00801481244961477
0.005625,0.095625,0.005,1.5625e-08,-0.0147026,0.238568,-0.03103561824999961,0.23962049999999976,0.01633301824999961,-0.001052499999999762,0.01636689467812449
0.008125,0.095625,0.005,1.5625e-08,0.0829346,0.168504,0.06879132500000065,0.16771699999999973,0.014143274999999345,0.0007870000000002597,0.014165154313511974
0.010625,0.095625,0.005,1.5625e-08,0.168834,0.122106,0.16476525000000078,0.12007624999999975,0.004068749999999233,0.0020297500000002605,0.0045469343106091615
0.013125,0.095625,0.005,1.5625e-08,0.249129,0.0925546,0.24645550000000077,0.08985634999999978,0.002673499999999218,0.0026982500000002213,0.003798441168755548
0.015625,0.095625,0.005,1.5625e-08,0.317464,0.0704711,0.3145857500000008,0.07017077499999982,0.0028782499999992495,0.0003003250000001706,0.0028938759766307855
0.018125,0.095625,0.005,1.5625e-08,0.375361,0.058061,0.3718320000000007,0.056811924999999854,0.0035289999999992827,0.001249075000000148,0.0037435316688416444
0.020625,0.095625,0.005,1.5625e-08,0.433169,0.0439556,0.42064550000000067,0.04735822499999987,0.012523499999999355,-0.0034026249999998745,0.012977515522649473
0.02375,0.09625,0.005,6.25e-08,0.54103,0.0261494,0.5364040000000008,0.029712249999999902,0.004625999999999242,-0.003562849999999902,0.005838987593966294
0.02625,0.09625,0.005,6.25e-08,0.569888,0.0223934,0.5693430000000007,0.025804699999999913,0.0005449999999992405,-0.0034112999999999123,0.0034545611428947924
0.02875,0.09625,0.005,6.25e-08,0.597,0.0193519,0.5984605000000006,0.022709849999999924,-0.0014605000000006418,-0.0033579499999999256,0.0036618149123762898
0.03125,0.09625,0.005,6.25e-08,0.62154,0.0171127,0.6244402500000006,0.020174699999999934,-0.0029002500000006037,-0.003061999999999933,0.004217498555127564
0.03375,0.09625,0.005,6.25e-08,0.643797,0.0153669,0.6477702500000005,0.01802934999999994,-0.003973250000000594,-0.0026624499999999413,0.004782818788643828
0.03625,0.09625,0.005,6.25e-08,0.664036,0.0138764,0.6687975000000006,0.016154824999999942,-0.00476150000000064,-0.0022784249999999416,0.005278551196174082
0.03875,0.09625,0.005,6.25e-08,0.682425,0.0125119,0.6877660000000005,0.014464599999999949,-0.005341000000000595,-0.0019526999999999496,0.005686766945286765
0.04125,0.09625,0.005,6.25e-08,0.699076,0.0112064,0.7048380000000005,0.012892849999999954,-0.005762000000000489,-0.001686449999999954,0.006003728641644747
0.04375,0.09625,0.005,6.25e-08,0.714051,0.00992019,0.7201142500000005,0.01138790749999996,-0.00606325000000052,-0.0014677174999999602,0.006238364787531459
0.04625,0.09625,0.005,6.25e-08,0.727367,0.00862433,0.7336435000000006,0.009907487499999965,-0.006276500000000573,-0.001283157499999965,0.006406320739692429
0.04875,0.09625,0.005,6.25e-08,0.739007,0.00729455,0.7454307500000005,0.00841608749999997,-0.0064237500000005054,-0.001121537499999969,0.0065209209799239765
0.05125,0.09625,0.005,6.25e-08,0.748918,0.0059087,0.7554427500000004,0.006882914999999975,-0.006524750000000412,-0.0009742149999999745,0.006597079462059732
0.05375,0.09625,0.005,6.25e-08,0.757019,0.0044458,0.7636117500000004,0.0052804374999999805,-0.006592750000000369,-0.0008346374999999807,0.006645372248332751
0.05625,0.09625,0.005,6.25e-08,0.763199,0.00288591,0.7698392500000004,0.0035832174999999855,-0.006640250000000458,-0.0006973074999999853,0.0066767625247617065
0.05875,0.09625,0.005,6.25e-08,0.767318,0.00121025,0.7739955000000004,0.001766709999999994,-0.006677500000000447,-0.0005564599999999941,0.006700645788400246
0.06125,0.09625,0.005,6.25e-08,0.769213,-0.000600683,0.7759200000000004,-0.00019426487500000207,-0.006707000000000352,-0.0004064181249999979,0.00671930239625612
0.06375,0.09625,0.005,6.25e-08,0.768687,-0.0025803,0.7754197500000004,-0.0023277250000000014,-0.006732750000000398,-0.0002525749999999988,0.006737485932685155
0.06625,0.09625,0.005,6.25e-08,0.765493,-0.00475288,0.7722627500000003,-0.004668079999999995,-0.006769750000000352,-8.480000000000553e-05,0.006770281094792502
0.06875,0.09625,0.005,6.25e-08,0.759353,-0.00715778,0.7661675000000004,-0.007262137499999986,-0.006814500000000501,0.0001043574999999861,0.006815299020425522
0.07125,0.09625,0.005,6.25e-08,0.74992,-0.00985301,0.7567845000000004,-0.010179482499999962,-0.006864500000000384,0.0003264724999999611,0.00687225905676303
0.07375,0.09625,0.005,6.25e-08,0.73675,-0.0129288,0.7436582500000004,-0.013531224999999947,-0.006908250000000393,0.0006024249999999464,0.006934467098712804
0.07625,0.09625,0.005,6.25e-08,0.719251,-0.0165317,0.7261660000000004,-0.017504599999999933,-0.0069150000000004486,0.0009728999999999328,0.006983105284184542
0.07875,0.09625,0.005,6.25e-08,0.69659,-0.0209145,0.7033952500000004,-0.022430199999999945,-0.006805250000000318,0.0015156999999999463,0.006971999286610991
0.08125,0.09625,0.005,6.25e-08,0.667533,-0.0265666,0.6739207500000004,-0.028918549999999925,-0.006387750000000358,0.0023519499999999256,0.0068069830956896185
0.08375,0.09625,0.005,6.25e-08,0.630104,-0.0346314,0.6353705000000004,-0.03815157499999991,-0.005266500000000396,0.00352017499999991,0.006334639238396181
0.08625,0.09625,0.005,6.25e-08,0.581006,-0.0480621,0.5835742500000007,-0.05253604999999978,-0.002568250000000716,0.004473949999999775,0.005158695248316348
0.088125,0.096875,0.005,1.5625e-08,0.581852,-0.0487133,0.593403000000001,-0.05072104999999974,-0.011551000000000977,0.002007749999999739,0.011724191275415184
0.090625,0.095625,0.005,1.5625e-08,0.379842,-0.138461,0.371946500000001,-0.1393264999999995,0.007895499999999,0.0008654999999994917,0.007942796138639298
0.093125,0.095625,0.005,1.5625e-08,0.237395,-0.23117,0.2241920000000011,-0.2303684999999992,0.013202999999998882,-0.0008015000000007877,0.013227305517374721
0.095625,0.095625,0.005,1.5625e-08,0.0595295,-0.371456,0.04093736499999994,-0.3792905,0.018592135000000058,0.007834499999999966,0.020175402700026254
0.098125,0.095625,0.005,1.5625e-08,-0.0555834,-0.432198,-0.05186959999999996,-0.43335349999999956,-0.003713800000000038,0.001155499999999532,0.0038894074985785687
0.000625,0.099375,0.005,1.5625e-08,0.291528,0.144025,0.1778657875000037,0.21041299999999835,0.1136622124999963,-0.06638799999999836,0.13163003112661678
0.003125,0.098125,0.005,1.5625e-08,0.110579,0.201241,0.0977735025000015,0.20208924999999925,0.0128054974999985,-0.0008482499999992454,0.01283356124717401
0.005625,0.098125,0.005,1.5625e-08,0.322404,0.0984255,0.3236277500000017,0.09227439999999948,-0.0012237500000016888,0.00615110000000052,0.006271650123572785
0.008125,0.098125,0.005,1.5625e-08,0.46138,0.0524016,0.4654637500000016,0.04975637499999968,-0.004083750000001607,0.0026452250000003202,0.004865617058826128
0.010625,0.098125,0.005,1.5625e-08,0.554066,0.0317387,0.5555025000000015,0.031017099999999787,-0.001436500000001506,0.0007216000000002144,0.0016075567828243693
0.013125,0.098125,0.005,1.5625e-08,0.621459,0.0160221,0.6172235000000014,0.021404349999999853,0.004235499999998615,-0.005382249999999852,0.006848947022169662
0.01625,0.09875,0.005,6.25e-08,0.782023,0.00288655,0.7767442500000011,0.006837764999999926,0.0052787499999988885,-0.003951214999999926,0.00659373198869295
0.01875,0.09875,0.005,6.25e-08,0.802372,0.00449285,0.8000540000000012,0.0053825799999999415,0.002317999999998821,-0.0008897299999999419,0.0024828901451523044
0.020625,0.099375,0.005,1.5625e-08,0.887869,0.0127981,0.9063562500000011,0.0013478447499999774,-0.018487250000001065,0.011450255250000022,0.02174595957534853
0.023125,0.098125,0.005,1.5625e-08,0.76102,0.0132502,0.7493155000000009,0.008483152499999938,0.011704499999999118,0.004767047500000062,0.012638040279934077
0.025625,0.098125,0.005,1.5625e-08,0.779256,0.00733188,0.7693512500000008,0.007270544999999949,0.00990474999999913,6.133500000005121e-05,0.009904939906163377
0.028125,0.098125,0.005,1.5625e-08,0.795466,0.00515962,0.7867345000000008,0.006332569999999954,0.008731499999999226,-0.0011729499999999539,0.008809932119629889
0.030625,0.098125,0.005,1.5625e-08,0.809223,0.00424672,0.8020162500000007,0.0055787549999999604,0.007206749999999373,-0.0013320349999999606,0.007328817285463997
0.033125,0.098125,0.005,1.5625e-08,0.821336,0.0037349,0.8155727500000006,0.004950744999999964,0.005763249999999331,-0.0012158449999999637,0.005890104381631722
0.035625,0.098125,0.005,1.5625e-08,0.832224,0.00334542,0.8276650000000007,0.004409072499999968,0.004558999999999314,-0.0010636524999999676,0.004681435425246184
0.038125,0.098125,0.005,1.5625e-08,0.842063,0.0029941,0.8384720000000006,0.003925812499999971,0.0035909999999994557,-0.000931712499999971,0.0037099015057885684
0.040625,0.098125,0.005,1.5625e-08,0.850929,0.00265638,0.8481140000000005,0.0034803224999999743,0.002814999999999568,-0.0008239424999999744,0.0029331052219966087
0.043125,0.098125,0.005,1.5625e-08,0.858854,0.00232311,0.8566672500000005,0.003056729999999978,0.00218674999999946,-0.0007336199999999778,0.0023065285315594093
0.045625,0.098125,0.005,1.5625e-08,0.865845,0.00198859,0.8641715000000005,0.0026423624999999803,0.0016734999999994393,-0.0006537724999999802,0.001796669344023643
0.048125,0.098125,0.005,1.5625e-08,0.871888,0.00164796,0.8706382500000005,0.0022267724999999834,0.0012497499999994943,-0.0005788124999999834,0.0013772795550123318
0.050625,0.098125,0.005,1.5625e-08,0.876954,0.00129656,0.8760547500000005,0.0018010999999999858,0.000899249999999463,-0.0005045399999999858,0.0010311213188073554
0.053125,0.098125,0.005,1.5625e-08,0.880996,0.000929849,0.8803880000000004,0.0013575929999999894,0.0006079999999996089,-0.00042774399999998946,0.0007433901596977966
0.055625,0.098125,0.005,1.5625e-08,0.883956,0.000543681,0.8835850000000004,0.0008892732499999928,0.0003709999999995661,-0.00034559224999999286,0.0005070256435918558
0.058125,0.098125,0.005,1.5625e-08,0.885759,0.000135618,0.8855757500000005,0.00038957949999999625,0.00018324999999941305,-0.00025396149999999624,0.00031317248599139894
0.060625,0.098125,0.005,1.5625e-08,0.886312,-0.000299912,0.8862742500000004,-0.00014803734999999994,3.774999999961448e-05,-0.00015187465000000006,0.00015649591628088386
0.063125,0.098125,0.005,1.5625e-08,0.885511,-0.00077322,0.8855762500000004,-0.0007306927499999976,-6.525000000034975e-05,-4.2527250000002465e-05,7.788536122153092e-05
0.065625,0.098125,0.005,1.5625e-08,0.883235,-0.00128715,0.8833565000000004,-0.0013669867499999933,-0.0001215000000004407,7.983674999999333e-05,0.00014538279351652495
0.068125,0.098125,0.005,1.5625e-08,0.879334,-0.00184943,0.8794662500000004,-0.0020685424999999885,-0.00013225000000050002,0.0002191124999999885,0.0002559303619275705
0.070625,0.098125,0.005,1.5625e-08,0.87363,-0.0024734,0.8737195000000004,-0.0028526449999999788,-8.95000000004087e-05,0.0003792449999999786,0.0003896627003256238
0.073125,0.098125,0.005,1.5625e-08,0.865896,-0.00317988,0.8658767500000006,-0.0037469099999999722,1.9249999999360057e-05,0.0005670299999999723,0.0005673566633079618
0.075625,0.098125,0.005,1.5625e-08,0.855834,-0.00400267,0.8556090000000005,-0.004797909999999964,0.00022499999999947562,0.0007952399999999644,0.0008264572932703223
0.078125,0.098125,0.005,1.5625e-08,0.84302,-0.0050014,0.8424342500000006,-0.006087739999999958,0.0005857499999993854,0.0010863399999999582,0.0012341951458740993
0.080625,0.098125,0.005,1.5625e-08,0.826811,-0.00630354,0.8255975000000005,-0.007767739999999952,0.0012134999999994234,0.001464199999999952,0.001901700262922225
0.083125,0.098125,0.005,1.5625e-08,0.806078,-0.00828751,0.8038227500000006,-0.010131949999999938,0.002255249999999376,0.0018444399999999386,0.002913436368980273
0.085625,0.098125,0.005,1.5625e-08,0.778564,-0.0124255,0.7748050000000006,-0.01378934249999992,0.0037589999999994017,0.0013638424999999187,0.0039987682309433155
0.088125,0.098125,0.005,1.5625e-08,0.738151,-0.0269469,0.7340507500000011,-0.020108074999999836,0.004100249999998917,-0.006838825000000163,0.00797380570638126
0.09125,0.09875,0.005,6.25e-08,0.752836,-0.0269934,0.7546322500000013,-0.01772228499999979,-0.001796250000001387,-0.009271115000000212,0.009443520922078476
0.093125,0.099375,0.005,1.5625e-08,0.806211,-0.00500981,0.8363095000000018,-0.009210247499999833,-0.030098500000001804,0.004200437499999833,0.03039018554470363
0.095625,0.098125,0.005,1.5625e-08,0.375865,-0.137948,0.36900725000000084,-0.13880287499999958,0.006857749999999163,0.0008548749999995886,0.006910828194081576
0.098125,0.098125,0.005,1.5625e-08,0.0675008,-0.328572,0.03359490000000004,-0.34409524999999974,0.03390589999999996,0.015523249999999766,0.03729049939827154
0.099375,0.068125,0.005,1.5625e-08,0.00292784,-0.0434596,-0.0008160442499999867,-0.03914682499999959,0.0037438842499999867,-0.004312775000000414,0.005711103000124103
0.099375,0.070625,0.005,1.5625e-08,-8.92403e-05,-0.04569,-0.0009120684999999846,-0.044987574999999495,0.0008228281999999846,-0.0007024250000005061,0.0010818720475827656
0.089375,0.073125,0.005,1.5625e-08,-0.112371,-0.479043,-0.11367275000000007,-0.48552025,0.0013017500000000737,0.00647724999999999,0.006606763248747457
0.099375,0.073125,0.005,1.5625e-08,-0.000940907,-0.0513008,-0.0010175859999999829,-0.051469874999999415,7.667899999998283e-05,0.00016907499999941483,0.00018565027515681063
0.089375,0.075625,0.005,1.5625e-08,-0.105805,-0.495073,-0.10820375000000006,-0.5038857499999999,0.0023987500000000606,0.008812749999999925,0.009133376381437424
0.091875,0.075625,0.005,1.5625e-08,-0.0868443,-0.480665,-0.08656155000000008,-0.48325975000000004,-0.000282749999999915,0.0025947500000000345,0.0026101101748777066
0.099375,0.075625,0.005,1.5625e-08,-0.0011625,-0.0585522,-0.0011367789999999808,-0.05865572499999935,-2.5721000000019116e-05,0.00010352499999934789,0.0001066723744268682
0.089375,0.078125,0.005,1.5625e-08,-0.0951631,-0.502628,-0.09810247500000002,-0.5132914999999999,0.002939375000000022,0.010663499999999937,0.01106120055150542
0.091875,0.078125,0.005,1.5625e-08,-0.0846916,-0.502402,-0.08499160000000006,-0.5085977500000001,0.0003000000000000502,0.006195750000000055,0.006203008791102969
0.099375,0.078125,0.005,1.5625e-08,-0.00142861,-0.0669604,-0.0012778009999999793,-0.06664157499999929,-0.00015080900000002083,-0.00031882500000071645,0.00035269354276264137
0.091875,0.080625,0.005,1.5625e-08,-0.0788114,-0.517957,-0.08049940000000003,-0.5261295000000001,0.0016880000000000228,0.008172500000000138,0.008345004508686759
0.099375,0.080625,0.005,1.5625e-08,-0.00182537,-0.0769579,-0.001456287749999977,-0.07558957499999922,-0.00036908225000002303,-0.0013683250000007807,0.0014172279325825525
0.091875,0.083125,0.005,1.5625e-08,-0.0707108,-0.522697,-0.07170114999999996,-0.5322897499999999,0.0009903499999999593,0.009592749999999928,0.009643736085407903
0.094375,0.083125,0.005,1.5625e-08,-0.0612634,-0.500055,-0.059125499999999935,-0.49934874999999984,-0.0021379000000000675,-0.0007062500000001859,0.002251534026502942
0.096875,0.083125,0.005,1.5625e-08,-0.0280776,-0.368178,-0.027180599999999912,-0.35544474999999953,-0.0008970000000000887,-0.012733250000000473,0.01276480570014727
0.099375,0.083125,0.005,1.5625e-08,-0.00269124,-0.0894207,-0.0017025494999999735,-0.08578977499999911,-0.0009886905000000266,-0.0036309250000008952,0.003763127058766659
0.094375,0.085625,0.005,1.5625e-08,-0.0597202,-0.515856,-0.05885074999999995,-0.5198067499999999,-0.0008694500000000494,0.003950749999999892,0.004045289713357899
0.096875,0.085625,0.005,1.5625e-08,-0.0322153,-0.40219,-0.03078422499999991,-0.3901417499999995,-0.0014310750000000906,-0.012048250000000482,0.0121329429125063
0.099375,0.085625,0.005,1.5625e-08,-0.00220397,-0.102304,-0.0020780367499999685,-0.097777399999999,-0.00012593325000003147,-0.004526600000001005,0.004528351437716012
0.001875,0.088125,0.005,1.5625e-08,-0.00597761,0.115225,-0.011912619999999981,0.1198954999999999,0.005935009999999981,-0.004670499999999911,0.0075523449305562665
0.099375,0.088125,0.005,1.5625e-08,-0.00304989,-0.116739,-0.0027183544999999547,-0.11259159999999879,-0.00033153550000004526,-0.004147400000001203,0.0041606300662003414
0.001875,0.090625,0.005,1.5625e-08,-0.0190679,0.15236,-0.01947407499999997,0.15434674999999987,0.00040617499999997045,-0.0019867499999998706,0.002027844592942088
0.099375,0.090625,0.005,1.5625e-08,-0.00623111,-0.139562,-0.003969179999999934,-0.1324005999999986,-0.0022619300000000656,-0.0071614000000014,0.007510124984640425
0.001875,0.093125,0.005,1.5625e-08,-0.0383532,0.20605,-0.034181024999999934,0.20791574999999982,-0.004172175000000063,-0.001865749999999805,0.0045703465178391885
0.011875,0.093125,0.005,1.5625e-08,0.0228282,0.180411,0.01685412249999967,0.1754712500000002,0.005974077500000331,0.0049397499999997985,0.007751821207852269
0.014375,0.093125,0.005,1.5625e-08,0.081112,0.147094,0.07604572499999962,0.14407175000000016,0.005066275000000384,0.0030222499999998376,0.005899248887623568
0.016875,0.093125,0.005,1.5625e-08,0.138659,0.120801,0.13272324999999957,0.12047100000000015,0.005935750000000434,0.0003299999999998582,0.005944916152689208
0.019375,0.093125,0.005,1.5625e-08,0.19441,0.0986543,0.18527299999999955,0.10264292500000015,0.00913700000000045,-0.003988625000000148,0.009969648859946594
0.099375,0.093125,0.005,1.5625e-08,-0.0133097,-0.177903,-0.006961729999999884,-0.16231767499999827,-0.006347970000000117,-0.015585325000001732,0.016828519794580284
0.001875,0.095625,0.005,1.5625e-08,-0.0673416,0.282515,-0.0635008750000001,0.2852147500000002,-0.003840724999999906,-0.0026997500000001673,0.004694658516668191
0.004375,0.095625,0.005,1.5625e-08,-0.0540095,0.275844,-0.06956624999999977,0.2805534999999998,0.015556749999999772,-0.004709499999999811,0.016253979845332993
0.006875,0.095625,0.005,1.5625e-08,0.030767,0.203042,0.017682495000000544,0.20060749999999972,0.013084504999999455,0.0024345000000002837,0.013309059371158134
0.009375,0.095625,0.005,1.5625e-08,0.126026,0.144034,0.11837505000000072,0.14118474999999972,0.007650949999999282,0.002849250000000275,0.008164267356290495
0.011875,0.095625,0.005,1.5625e-08,0.210439,0.105808,0.20744775000000076,0.10328819999999976,0.0029912499999992237,0.0025198000000002385,0.003911133927967254
0.014375,0.095625,0.005,1.5625e-08,0.284612,0.0814396,0.2820535000000008,0.0790132999999998,0.0025584999999991864,0.0024263000000002005,0.003526025232467404
0.016875,0.095625,0.005,1.5625e-08,0.347388,0.0630294,0.3444037500000008,0.06288274999999985,0.002984249999999189,0.00014665000000015083,0.002987851114931131
0.019375,0.095625,0.005,1.5625e-08,0.400986,0.054176,0.3971622500000007,0.05170227499999987,0.003823749999999293,0.002473725000000135,0.004554160673287698
0.021875,0.095625,0.005,1.5625e-08,0.455986,0.035833,0.4424985000000007,0.04362909999999988,0.01348749999999932,-0.007796099999999882,0.015578569621758596
0.089375,0.095625,0.005,1.5625e-08,0.440922,-0.103034,0.4281940000000009,-0.11109734999999958,0.012727999999999073,0.00806334999999958,0.015067169515953209
0.091875,0.095625,0.005,1.5625e-08,0.321824,-0.174676,0.3043125000000011,-0.17794074999999931,0.017511499999998903,0.003264749999999317,0.017813231734091856
0.094375,0.095625,0.005,1.5625e-08,0.154171,-0.29565,0.13340610000000006,-0.2989042499999999,0.020764899999999947,0.003254249999999903,0.021018354242720746
0.096875,0.095625,0.005,1.5625e-08,-0.0169758,-0.438326,-0.031559130000000116,-0.4469935,0.014583330000000116,0.008667499999999995,0.016964641762763612
0.099375,0.095625,0.005,1.5625e-08,-0.0270674,-0.251894,-0.01707425499999983,-0.21666424999999823,-0.009993145000000168,-0.03522975000000178,0.03661964270789181
0.001875,0.098125,0.005,1.5625e-08,0.00169991,0.278791,-0.02425812499999925,0.2904587499999995,0.025958034999999248,-0.011667749999999477,0.028459725422492636
0.004375,0.098125,0.005,1.5625e-08,0.227041,0.139744,0.22192750000000178,0.1343774249999993,0.005113499999998217,0.005366575000000706,0.007412692458251208
0.006875,0.098125,0.005,1.5625e-08,0.399135,0.0709157,0.4031462500000017,0.06633074999999959,-0.004011250000001687,0.004584950000000407,0.006091953140415417
0.009375,0.098125,0.005,1.5625e-08,0.511897,0.0406171,0.5151257500000015,0.038697624999999736,-0.0032287500000014457,0.0019194750000002675,0.003756222948406466
0.011875,0.098125,0.005,1.5625e-08,0.589915,0.0242687,0.5889752500000014,0.025494599999999826,0.0009397499999985737,-0.001225899999999825,0.0015446555837781088
0.014375,0.098125,0.005,1.5625e-08,0.650819,0.00591094,0.6414445000000012,0.018296724999999868,0.009374499999998842,-0.012385784999999868,0.015533477405790374
0.021875,0.098125,0.005,1.5625e-08,0.748466,0.018299,0.7380605000000008,0.009235212499999933,0.01040549999999918,0.009063787500000066,0.01379951716891357
0.024375,0.098125,0.005,1.5625e-08,0.768546,0.00982164,0.7597087500000009,0.007835052499999945,0.00883724999999902,0.001986587500000055,0.00905778766905248
0.026875,0.098125,0.005,1.5625e-08,0.786094,0.00626542,0.7783352500000008,0.006773852499999951,0.007758749999999148,-0.0005084324999999508,0.007775390997856184
0.029375,0.098125,0.005,1.5625e-08,0.801128,0.00486495,0.7946115000000007,0.005936847499999958,0.006516499999999259,-0.0010718974999999586,0.006604069692280397
0.031875,0.098125,0.005,1.5625e-08,0.81413,0.00420439,0.8089917500000007,0.005251824999999963,0.005138249999999345,-0.001047434999999963,0.005243923449261839
0.034375,0.098125,0.005,1.5625e-08,0.825719,0.00378131,0.8217892500000006,0.004671067499999966,0.003929749999999399,-0.000889757499999966,0.00402921871723309
0.036875,0.098125,0.005,1.5625e-08,0.836178,0.00342812,0.8332202500000006,0.00416156499999997,0.002957749999999426,-0.0007334449999999702,0.0030473310667732774
0.039375,0.098125,0.005,1.5625e-08,0.845626,0.00309429,0.8434330000000005,0.003699429999999973,0.0021929999999994454,-0.0006051399999999732,0.0022749600918692036
0.041875,0.098125,0.005,1.5625e-08,0.854117,0.00276337,0.8525237500000005,0.003266644999999976,0.0015932499999995464,-0.0005032749999999762,0.0016708474760203371
0.044375,0.098125,0.005,1.5625e-08,0.86167,0.0024271,0.8605490000000005,0.002849089999999979,0.0011209999999995945,-0.0004219899999999789,0.0011977965436997524
0.046875,0.098125,0.005,1.5625e-08,0.868286,0.00207919,0.8675345000000005,0.002435304999999982,0.0007514999999994609,-0.00035611499999998195,0.0008316069643913384
0.049375,0.098125,0.005,1.5625e-08,0.873944,0.0017139,0.8734795000000004,0.002015702499999985,0.00046449999999964575,-0.0003018024999999849,0.0005539359159739616
0.051875,0.098125,0.005,1.5625e-08,0.878607,0.00132563,0.8783595000000005,0.001582022499999988,0.000247499999999512,-0.00025639249999998806,0.0003563612830485409
0.054375,0.098125,0.005,1.5625e-08,0.882226,0.00090894,0.8821325000000004,0.001126950249999991,9.349999999952452e-05,-0.000218010249999991,0.00023721450019964984
0.056875,0.098125,0.005,1.5625e-08,0.884734,0.000458948,0.8847362500000004,0.0006437524999999946,-2.2500000004255227e-06,-0.0001848044999999946,0.00018481819639919094
0.059375,0.098125,0.005,1.5625e-08,0.886054,-2.60841e-05,0.8860927500000004,0.00012593425749999812,-3.875000000042039e-05,-0.00015201835749999813,0.0001568793916262739
0.061875,0.098125,0.005,1.5625e-08,0.886074,-0.000559051,0.8861070000000005,-0.0004332459999999979,-3.300000000050485e-05,-0.00012580500000000205,0.0001300611318766442
0.064375,0.098125,0.005,1.5625e-08,0.884706,-0.0011468,0.8846650000000004,-0.0010415022499999955,4.099999999962467e-05,-0.00010529775000000445,0.00011299830155817679
0.066875,0.098125,0.005,1.5625e-08,0.881804,-0.00179389,0.8816307500000005,-0.001708704999999991,0.00017324999999956958,-8.51850000000091e-05,0.00019305969730850717
0.069375,0.098125,0.005,1.5625e-08,0.877211,-0.00251161,0.8768382500000004,-0.0024488674999999863,0.0003727499999995887,-6.27425000000138e-05,0.0003779936293192587
0.071875,0.098125,0.005,1.5625e-08,0.870734,-0.00331741,0.8700780000000004,-0.0032836849999999754,0.0006559999999996569,-3.372500000002436e-05,0.0006568663301041936
0.074375,0.098125,0.005,1.5625e-08,0.862121,-0.00423819,0.8610715000000004,-0.004248799999999968,0.0010494999999995924,1.0609999999968214e-05,0.0010495536299299545
0.076875,0.098125,0.005,1.5625e-08,0.851034,-0.00531824,0.8494240000000006,-0.00540571999999996,0.0016099999999993342,8.747999999996012e-05,0.0016123748789899479
0.079375,0.098125,0.005,1.5625e-08,0.836977,-0.00663925,0.8345370000000005,-0.006865244999999957,0.0024399999999994426,0.00022599499999995717,0.0024504435802569016
0.081875,0.098125,0.005,1.5625e-08,0.819158,-0.00839505,0.8154382500000006,-0.008836829999999945,0.0037197499999994665,0.0004417799999999455,0.003745892367767123
0.084375,0.098125,0.005,1.5625e-08,0.796029,-0.0112413,0.7904280000000006,-0.011739817499999928,0.005600999999999412,0.000498517499999929,0.005623141532791042
0.086875,0.098125,0.005,1.5625e-08,0.765309,-0.0184151,0.7563182500000009,-0.016476674999999868,0.00899074999999916,-0.0019384250000001324,0.009197340759323339
0.089375,0.098125,0.005,1.5625e-08,0.716088,-0.0370146,0.7066505000000011,-0.025176849999999792,0.009437499999998877,-0.01183775000000021,0.015139310793840113
0.094375,0.098125,0.005,1.5625e-08,0.490892,-0.0815174,0.4846257500000009,-0.08946149999999965,0.006266249999999085,0.007944099999999649,0.010118034091288829
0.096875,0.098125,0.005,1.5625e-08,0.225312,-0.223974,0.21174150000000055,-0.22402949999999958,0.013570499999999458,5.549999999956978e-05,0.013570613490184784
0.099375,0.098125,0.005,1.5625e-08,0.0271806,-0.317934,-0.03874027499999965,-0.31940399999999874,0.06592087499999966,0.00146999999999875,0.065937263066991
0.098125,0.068125,0.005,1.5625e-08,-6.7196e-05,-0.109277,-0.006038139999999959,-0.11382112499999963,0.005970943999999959,0.004544124999999635,0.0075034155067380615
0.098125,0.070625,0.005,1.5625e-08,-0.0046337,-0.128267,-0.00668022999999995,-0.1299027499999995,0.00204652999999995,0.0016357499999995195,0.0026199166214592065
0.088125,0.073125,0.005,1.5625e-08,-0.119355,-0.477093,-0.12308750000000007,-0.4856994999999999,0.003732500000000069,0.008606499999999906,0.009381012658556585
0.098125,0.073125,0.005,1.5625e-08,-0.00625092,-0.145846,-0.007367404999999945,-0.14751149999999943,0.0011164849999999449,0.0016654999999994313,0.0020051007469010086
0.088125,0.075625,0.005,1.5625e-08,-0.110446,-0.488261,-0.11341775000000004,-0.49699274999999987,0.002971750000000037,0.008731749999999872,0.00922359778638455
0.090625,0.076875,0.005,1.5625e-08,-0.0949263,-0.501012,-0.09696625000000006,-0.50995725,0.0020399500000000542,0.008945250000000016,0.00917490564338405
0.098125,0.075625,0.005,1.5625e-08,-0.00713256,-0.164699,-0.008121024999999941,-0.16672524999999938,0.0009884649999999419,0.002026249999999369,0.0022544959788658586
0.088125,0.078125,0.005,1.5625e-08,-0.0947453,-0.490334,-0.09790309999999999,-0.4982279999999999,0.0031577999999999884,0.007893999999999901,0.008502172477667009
0.090625,0.079375,0.005,1.5625e-08,-0.0881757,-0.513999,-0.08954975,-0.52301575,0.0013740500000000017,0.009016750000000018,0.009120843928332527
0.098125,0.078125,0.005,1.5625e-08,-0.00832094,-0.185553,-0.008984667499999937,-0.1876752499999994,0.0006637274999999367,0.0021222499999994093,0.0022236185052192875
0.090625,0.080625,0.005,1.5625e-08,-0.0814324,-0.516419,-0.08396842499999996,-0.52534425,0.0025360249999999557,0.008925249999999996,0.009278551091799016
0.098125,0.080625,0.005,1.5625e-08,-0.0103102,-0.209281,-0.010042019999999936,-0.2105997499999994,-0.000268180000000064,0.0013187499999993968,0.0013457422022432244
0.090625,0.083125,0.005,1.5625e-08,-0.0663861,-0.511625,-0.0677203999999999,-0.5192172499999999,0.0013342999999998995,0.007592249999999856,0.0077086066544154105
0.093125,0.084375,0.005,1.5625e-08,-0.0675114,-0.526251,-0.0660048,-0.532276,-0.0015065999999999968,0.006024999999999947,0.006210512745337486
0.095625,0.084375,0.005,1.5625e-08,-0.0474063,-0.4612,-0.04588319999999992,-0.4590699999999997,-0.0015231000000000758,-0.0021300000000002983,0.0026185365397491597
0.098125,0.084375,0.005,1.5625e-08,-0.0127425,-0.256441,-0.012372452499999922,-0.2497347499999993,-0.0003700475000000779,-0.006706250000000663,0.006716451757793336
0.093125,0.085625,0.005,1.5625e-08,-0.0617121,-0.526138,-0.06191512499999996,-0.5331097499999999,0.00020302499999996088,0.006971749999999943,0.006974705528774974
0.095625,0.086875,0.005,1.5625e-08,-0.0542312,-0.489142,-0.04916407499999992,-0.4879792499999996,-0.005067125000000082,-0.0011627500000004343,0.005198821340277702
0.098125,0.086875,0.005,1.5625e-08,-0.0121372,-0.286626,-0.014957349999999897,-0.28033374999999905,0.0028201499999998964,-0.006292250000000943,0.006895335821046809
0.000625,0.088125,0.005,1.5625e-08,0.00126608,0.0496838,-0.0017793802499999978,0.04421457499999998,0.003045460249999998,0.005469225000000022,0.006259972063432495
0.098125,0.088125,0.005,1.5625e-08,-0.0141985,-0.296758,-0.016829699999999885,-0.29757099999999903,0.0026311999999998857,0.000812999999999009,0.002753939440147112
0.000625,0.090625,0.005,1.5625e-08,-0.00368548,0.0622214,-0.003085433749999995,0.05911742499999996,-0.000600046250000005,0.0031039750000000435,0.0031614421238992086
0.098125,0.090625,0.005,1.5625e-08,-0.0248576,-0.334172,-0.02267839999999985,-0.33742624999999893,-0.002179200000000152,0.003254249999998904,0.0039165106539486814
0.000625,0.093125,0.005,1.5625e-08,-0.0105911,0.0924769,-0.006121017499999987,0.08549324999999991,-0.004470082500000014,0.006983650000000091,0.008291743174948657
0.010625,0.093125,0.005,1.5625e-08,-0.00168296,0.197427,-0.012354692500000267,0.19462750000000012,0.010671732500000267,0.0027994999999998715,0.011032818080688235
0.013125,0.094375,0.005,1.5625e-08,0.131656,0.129519,0.12826835000000053,0.1262877499999998,0.0033876499999994647,0.0032312500000001854,0.004681575491754626
0.015625,0.094375,0.005,1.5625e-08,0.198157,0.102347,0.19393375000000057,0.10157129999999982,0.004223249999999429,0.0007757000000001707,0.004293896954107706
0.018125,0.094375,0.005,1.5625e-08,0.254419,0.083494,0.2520980000000006,0.08394834999999985,0.002320999999999407,-0.0004543499999998535,0.0023650528371470083
0.098125,0.093125,0.005,1.5625e-08,-0.0414067,-0.382255,-0.0338101499999998,-0.38619824999999897,-0.007596550000000195,0.0039432499999989545,0.00855901819515502
0.000625,0.095625,0.005,1.5625e-08,-0.0253951,0.159948,-0.016156857500000055,0.13947527500000023,-0.009238242499999945,0.020472724999999775,0.022460578652706637
0.003125,0.096875,0.005,1.5625e-08,-0.0387663,0.279601,-0.05559522499999963,0.2899392499999997,0.016828924999999634,-0.010338249999999716,0.01975075010520124
0.005625,0.096875,0.005,1.5625e-08,0.0954234,0.181056,0.08434482500000087,0.17930199999999955,0.011078574999999133,0.0017540000000004496,0.011216565429337421
0.008125,0.096875,0.005,1.5625e-08,0.226672,0.113993,0.2223440000000011,0.11075039999999965,0.004327999999998916,0.003242600000000345,0.005407960684028024
0.010625,0.096875,0.005,1.5625e-08,0.330246,0.0765287,0.3283352500000011,0.07387047499999973,0.0019107499999989064,0.0026582250000002777,0.0032737021417841754
0.013125,0.096875,0.005,1.5625e-08,0.411378,0.0546869,0.408491500000001,0.0529542999999998,0.002886499999999015,0.001732600000000195,0.0033665687294328313
0.015625,0.096875,0.005,1.5625e-08,0.473118,0.040146,0.47076725000000097,0.04022219999999985,0.0023507499999990134,-7.619999999984584e-05,0.0023519846943582216
0.018125,0.096875,0.005,1.5625e-08,0.523697,0.0327778,0.5207420000000009,0.03195854999999988,0.0029549999999990417,0.0008192500000001254,0.003066463037849069
0.020625,0.096875,0.005,1.5625e-08,0.567969,0.0222373,0.5620327500000009,0.026289349999999895,0.005936249999999088,-0.004052049999999894,0.007187362051892775
0.088125,0.095625,0.005,1.5625e-08,0.484124,-0.0792228,0.4749582500000008,-0.09030757499999967,0.009165749999999195,0.011084774999999672,0.014383435259460897
0.090625,0.096875,0.005,1.5625e-08,0.506525,-0.0851312,0.5054930000000011,-0.08038914999999958,0.0010319999999989227,-0.004742050000000428,0.004853046692800496
0.093125,0.096875,0.005,1.5625e-08,0.378179,-0.143429,0.3671027500000014,-0.14217774999999927,0.011076249999998566,-0.001251250000000731,0.0111467008852382
0.095625,0.096875,0.005,1.5625e-08,0.172343,-0.268793,0.15303220000000017,-0.2741449999999998,0.019310799999999823,0.005351999999999801,0.020038735005982564
0.098125,0.096875,0.005,1.5625e-08,-0.0327511,-0.414975,-0.048627625000000084,-0.4286612499999998,0.015876525000000086,0.013686249999999844,0.020961333095443225
0.000625,0.098125,0.005,1.5625e-08,-0.000990764,0.269385,-0.04621937500000002,0.26175800000000043,0.04522861100000002,0.007626999999999551,0.04586718197131055
0.003125,0.099375,0.005,1.5625e-08,0.534833,0.0767472,0.5792085000000041,0.053108849999999284,-0.04437550000000412,0.023638350000000717,0.05027878867845664
0.005625,0.099375,0.005,1.5625e-08,0.719483,0.0274902,0.7367262500000027,0.01592745499999975,-0.017243250000002708,0.011562745000000249,0.020761183552428415
0.008125,0.099375,0.005,1.5625e-08,0.797158,0.011276,0.804578250000002,0.007473262499999878,-0.0074202500000020155,0.0038027375000001216,0.008337920757385325
0.010625,0.099375,0.005,1.5625e-08,0.839042,0.00555937,0.8420845000000017,0.004399649999999927,-0.0030425000000017244,0.0011597200000000732,0.0032560338954640295
0.013125,0.099375,0.005,1.5625e-08,0.861024,-0.00135662,0.8661667500000014,0.002948376499999951,-0.005142750000001417,-0.004304996499999951,0.006706778095891231
0.020625,0.098125,0.005,1.5625e-08,0.749102,0.0183523,0.7258047500000009,0.01011786749999993,0.02329724999999916,0.008234432500000069,0.02470966888000562
0.023125,0.099375,0.005,1.5625e-08,0.9126,0.00544247,0.9148047500000009,0.0011248432499999812,-0.0022047500000009768,0.0043176267500000184,0.004847971051359531
0.025625,0.099375,0.005,1.5625e-08,0.924693,0.00171463,0.9219525000000008,0.0009605764999999841,0.0027404999999991464,0.0007540535000000159,0.0028423470813497766
0.028125,0.099375,0.005,1.5625e-08,0.931257,0.000848291,0.9281187500000009,0.000834012499999986,0.003138249999999121,1.4278500000013995e-05,0.003138282482195752
0.030625,0.099375,0.005,1.5625e-08,0.936183,0.000620162,0.9335130000000007,0.0007324579999999877,0.002669999999999284,-0.00011229599999998776,0.002672360453159748
0.033125,0.099375,0.005,1.5625e-08,0.940425,0.000534524,0.9382762500000007,0.000647824999999989,0.0021487499999992554,-0.00011330099999998905,0.0021517350392410766
0.035625,0.099375,0.005,1.5625e-08,0.944229,0.000476425,0.9425052500000006,0.0005746814999999905,0.0017237499999993577,-9.825649999999048e-05,0.0017265481175715996
0.038125,0.099375,0.005,1.5625e-08,0.947659,0.000422468,0.9462652500000005,0.0005092097499999914,0.0013937499999995273,-8.674174999999141e-05,0.0013964466311648803
0.040625,0.099375,0.005,1.5625e-08,0.950736,0.000368734,0.9495992500000006,0.00044859649999999236,0.0011367499999994646,-7.986249999999235e-05,0.0011395519213291826
0.043125,0.099375,0.005,1.5625e-08,0.953463,0.000314589,0.9525335000000005,0.0003906844999999935,0.0009294999999994724,-7.609549999999348e-05,0.0009326096584955938
0.045625,0.099375,0.005,1.5625e-08,0.955838,0.000259677,0.9550827500000004,0.0003337589249999943,0.000755249999999541,-7.408192499999434e-05,0.0007588746234464633
0.048125,0.099375,0.005,1.5625e-08,0.957853,0.000203555,0.9572485000000005,0.0002764110999999952,0.0006044999999994527,-7.28560999999952e-05,0.0006088745858602965
0.050625,0.099375,0.005,1.5625e-08,0.959493,0.000145691,0.9590255000000005,0.00021745322499999614,0.00046749999999951,-7.176222499999613e-05,0.00047297575723972567
0.053125,0.099375,0.005,1.5625e-08,0.96074,8.55314e-05,0.9604005000000004,0.00015585549999999726,0.000339499999999604,-7.032409999999726e-05,0.0003467069786441293
0.055625,0.099375,0.005,1.5625e-08,0.96157,2.26353e-05,0.9613527500000004,9.069717499999831e-05,0.00021724999999961359,-6.806187499999832e-05,0.00022766198920405554
0.058125,0.099375,0.005,1.5625e-08,0.961956,-4.28117e-05,0.9618562500000004,2.1119513499999458e-05,9.974999999962098e-05,-6.393121349999945e-05,0.00011847895407838009
0.060625,0.099375,0.005,1.5625e-08,0.961856,-0.000114542,0.9618787500000004,-5.373144999999932e-05,-2.275000000040439e-05,-6.0810550000000684e-05,6.492677022092646e-05
0.063125,0.099375,0.005,1.5625e-08,0.961237,-0.000189346,0.9613822500000004,-0.00013479174999999821,-0.00014525000000042976,-5.45542500000018e-05,0.00015515710970879658
0.065625,0.099375,0.005,1.5625e-08,0.960053,-0.000270375,0.9603215000000005,-0.0002232099249999968,-0.00026850000000044894,-4.71650750000032e-05,0.00027261106782373493
0.068125,0.099375,0.005,1.5625e-08,0.958248,-0.000358202,0.9586412500000004,-0.00032057364999999523,-0.00039325000000045574,-3.762835000000478e-05,0.0003950461431580889
0.070625,0.099375,0.005,1.5625e-08,0.955755,-0.000454862,0.9562755000000005,-0.00042929399999999283,-0.0005205000000004789,-2.5568000000007166e-05,0.0005211275972585782
0.073125,0.099375,0.005,1.5625e-08,0.952493,-0.000563654,0.9531355000000006,-0.0005532857499999906,-0.0006425000000005454,-1.0368250000009375e-05,0.0006425836526155669
0.075625,0.099375,0.005,1.5625e-08,0.94835,-0.000690028,0.9490997500000006,-0.0006992109999999882,-0.0007497500000005486,9.182999999988247e-06,0.0007498062349632886
0.078125,0.099375,0.005,1.5625e-08,0.943171,-0.000844101,0.9439892500000006,-0.0008788704999999858,-0.0008182500000005755,3.476949999998578e-05,0.0008189883885814198
0.080625,0.099375,0.005,1.5625e-08,0.936708,-0.00105064,0.9375172500000006,-0.0011140804999999828,-0.0008092500000006497,6.344049999998272e-05,0.0008117328744983163
0.083125,0.099375,0.005,1.5625e-08,0.928483,-0.00140332,0.9291995000000007,-0.0014474012499999776,-0.000716500000000786,4.40812499999776e-05,0.0007178547252771182
0.085625,0.099375,0.005,1.5625e-08,0.917078,-0.00238553,0.918145750000001,-0.00196779124999997,-0.0010677500000010332,-0.0004177387500000299,0.0011465582086199523
0.088125,0.099375,0.005,1.5625e-08,0.895635,-0.00905239,0.902584750000001,-0.00287936199999995,-0.006949750000001087,-0.006173028000000051,0.00929544510775572
0.093125,0.098125,0.005,1.5625e-08,0.583603,-0.049002,0.5672245000000017,-0.06086032499999948,0.016378499999998297,0.011858324999999482,0.020220661068707842
0.095625,0.099375,0.005,1.5625e-08,0.719024,-0.0327162,0.7439212500000023,-0.024749414999999705,-0.024897250000002313,-0.007966785000000295,0.026140824791862343
0.098125,0.099375,0.005,1.5625e-08,0.430909,-0.127495,0.45763925000000283,-0.12122199999999918,-0.026730250000002842,-0.00627300000000082,0.027456452685346338
0.099375,0.069375,0.005,1.5625e-08,0.00128613,-0.043879,-0.0008630342499999859,-0.04199012499999956,0.002149164249999986,-0.0018888750000004423,0.002861250729856556
0.099375,0.071875,0.005,1.5625e-08,-0.000819635,-0.047911,-0.0009634434999999838,-0.04814519999999946,0.00014380849999998384,0.00023419999999945568,0.0002748281729954016
0.089375,0.074375,0.005,1.5625e-08,-0.109371,-0.486301,-0.11144800000000006,-0.49566849999999996,0.002077000000000065,0.009367499999999973,0.009594997928608415
0.099375,0.074375,0.005,1.5625e-08,-0.00121616,-0.0545454,-0.001075083249999982,-0.054969899999999385,-0.000141076750000018,0.0004244999999993837,0.00044732862572167715
0.089375,0.076875,0.005,1.5625e-08,-0.101628,-0.500193,-0.10380800000000005,-0.5098692499999998,0.002180000000000057,0.00967624999999983,0.009918780875818206
0.091875,0.076875,0.005,1.5625e-08,-0.0850201,-0.489923,-0.08608375000000007,-0.496723,0.0010636500000000687,0.006800000000000028,0.006882684891995313
0.099375,0.076875,0.005,1.5625e-08,-0.00148706,-0.0623267,-0.0012038192499999798,-0.0625405499999993,-0.00028324075000002013,0.00021384999999930765,0.0003549044166536644
0.089375,0.079375,0.005,1.5625e-08,-0.0887945,-0.502159,-0.09089357499999993,-0.5137967499999998,0.0020990749999999364,0.01163774999999978,0.011825537658733306
0.091875,0.079375,0.005,1.5625e-08,-0.0814578,-0.509744,-0.08317757500000005,-0.5185355000000001,0.0017197750000000483,0.008791500000000174,0.008958130290447232
0.099375,0.079375,0.005,1.5625e-08,-0.00189136,-0.0714892,-0.0013609377499999781,-0.07098129999999926,-0.0005304222500000218,-0.0005079000000007411,0.0007343774052187597
0.091875,0.081875,0.005,1.5625e-08,-0.0746754,-0.520961,-0.07676349999999998,-0.53090275,0.0020880999999999816,0.009941749999999971,0.01015866894196771
0.099375,0.081875,0.005,1.5625e-08,-0.00248461,-0.0823742,-0.0015681377499999751,-0.08050759999999917,-0.0009164722500000248,-0.0018666000000008287,0.0020794511162860263
0.091875,0.084375,0.005,1.5625e-08,-0.0649879,-0.518409,-0.06493319999999993,-0.5296217499999999,-5.4700000000074134e-05,0.011212749999999883,0.011212883422764074
0.094375,0.084375,0.005,1.5625e-08,-0.0610135,-0.509282,-0.059240749999999946,-0.5108259999999998,-0.001772750000000052,0.0015439999999997678,0.002350867619092889
0.096875,0.084375,0.005,1.5625e-08,-0.0294884,-0.38348,-0.028829749999999908,-0.3726044999999995,-0.0006586500000000939,-0.010875500000000482,0.010895426566799054
0.099375,0.084375,0.005,1.5625e-08,-0.00244394,-0.0958409,-0.001868241249999971,-0.09151169999999906,-0.000575698750000029,-0.004329200000000949,0.004367310578692545
0.094375,0.086875,0.005,1.5625e-08,-0.059583,-0.52009,-0.05764254999999999,-0.5254289999999998,-0.0019404500000000102,0.005338999999999761,0.005680692493217485
0.096875,0.086875,0.005,1.5625e-08,-0.0365217,-0.425367,-0.033129899999999886,-0.4079777499999993,-0.0033918000000001114,-0.01738925000000069,0.017716950155219287
0.099375,0.086875,0.005,1.5625e-08,-0.00236339,-0.109336,-0.002351300499999961,-0.10473397499999886,-1.2089500000039052e-05,-0.0046020250000011476,0.004602040879506158
0.001875,0.089375,0.005,1.5625e-08,-0.0119625,0.130475,-0.015121399999999976,0.1352534999999999,0.0031588999999999767,-0.00477849999999988,0.005728238076406977
0.099375,0.089375,0.005,1.5625e-08,-0.00521062,-0.126712,-0.0032288747499999463,-0.12165844999999867,-0.0019817452500000537,-0.005053550000001322,0.005428230083407587
0.001875,0.091875,0.005,1.5625e-08,-0.0278891,0.173958,-0.025532124999999954,0.17818674999999984,-0.002356975000000046,-0.004228749999999837,0.004841245471273258
0.099375,0.091875,0.005,1.5625e-08,-0.0104183,-0.156316,-0.005101352499999914,-0.14555109999999843,-0.005316947500000086,-0.010764900000001576,0.012006373421137254
0.001875,0.094375,0.005,1.5625e-08,-0.0544444,0.240615,-0.04665402500000008,0.24426300000000017,-0.007790374999999919,-0.003648000000000179,0.008602200104660729
0.011875,0.094375,0.005,1.5625e-08,0.0945469,0.146881,0.09267720000000051,0.14234799999999978,0.0018696999999994884,0.004533000000000231,0.004903454607723027
0.014375,0.094375,0.005,1.5625e-08,0.165481,0.115348,0.1620580000000006,0.1128522499999998,0.0034229999999993987,0.002495750000000199,0.004236236190593825
0.016875,0.094375,0.005,1.5625e-08,0.227213,0.0922612,0.22391750000000057,0.09204574999999984,0.003295499999999424,0.00021545000000015857,0.003302535231075707
0.019375,0.094375,0.005,1.5625e-08,0.27608,0.0779161,0.2785942500000006,0.07701397499999986,-0.0025142500000006063,0.0009021250000001424,0.0026711949719420156
0.099375,0.094375,0.005,1.5625e-08,-0.0222948,-0.208851,-0.010327584999999879,-0.18479484999999835,-0.011967215000000121,-0.024056150000001664,0.02686843106098322
0.001875,0.096875,0.005,1.5625e-08,-0.0682541,0.306346,-0.076675875,0.31749275000000005,0.008421775000000006,-0.011146750000000039,0.01397055223364939
0.004375,0.096875,0.005,1.5625e-08,0.0250588,0.2276,0.008557275000000726,0.23138174999999958,0.016501524999999274,-0.003781749999999584,0.016929322502335937
0.006875,0.096875,0.005,1.5625e-08,0.163601,0.143388,0.15720067500000104,0.13971499999999962,0.0064003249999989575,0.0036730000000003704,0.0073793691536346365
0.009375,0.096875,0.005,1.5625e-08,0.281275,0.0932405,0.2791277500000011,0.0895664749999997,0.0021472499999988792,0.0036740250000003027,0.004255483787200042
0.011875,0.096875,0.005,1.5625e-08,0.373423,0.0639706,0.3710940000000011,0.062037749999999774,0.0023289999999989153,0.0019328500000002288,0.003026573990917095
0.014375,0.096875,0.005,1.5625e-08,0.444348,0.0477641,0.441460750000001,0.04585809999999982,0.0028872499999990087,0.0019060000000001784,0.003459631275511157
0.016875,0.096875,0.005,1.5625e-08,0.498782,0.0356033,0.497029250000001,0.03567684999999986,0.001752749999999026,-7.354999999985984e-05,0.0017542924969903293
0.019375,0.096875,0.005,1.5625e-08,0.542896,0.0294769,0.5423035000000008,0.028876174999999886,0.0005924999999992187,0.0006007250000001144,0.0008437575336696032
0.021875,0.096875,0.005,1.5625e-08,0.581395,0.0196833,0.5801897500000008,0.0240931749999999,0.0012052499999991584,-0.0044098749999999,0.0045716107750028425
0.089375,0.096875,0.005,1.5625e-08,0.553096,-0.0597174,0.554102250000001,-0.06304497499999967,-0.0010062500000009855,0.003327574999999673,0.003476391008377051
0.091875,0.096875,0.005,1.5625e-08,0.454571,-0.104994,0.44444725000000124,-0.10540324999999946,0.010123749999998766,0.00040924999999945866,0.0101320185365491
0.094375,0.096875,0.005,1.5625e-08,0.283968,-0.19543,0.26983550000000034,-0.19651174999999974,0.01413249999999966,0.0010817499999997426,0.014173839963555741
0.096875,0.096875,0.005,1.5625e-08,0.0543914,-0.357765,0.031405824999999936,-0.369917,0.022985575000000064,0.012151999999999996,0.02600014927035281
0.099375,0.096875,0.005,1.5625e-08,-0.0245592,-0.302308,-0.030413949999999766,-0.26297649999999817,0.005854749999999766,-0.03933150000000185,0.039764871303861186
0.001875,0.099375,0.005,1.5625e-08,0.379908,0.125878,0.4018890000000046,0.11787062499999873,-0.02198100000000458,0.00800737500000126,0.023394067953027037
0.004375,0.099375,0.005,1.5625e-08,0.649591,0.0453575,0.6769487500000034,0.027045914999999587,-0.0273577500000034,0.018311585000000415,0.03292051989678969
0.006875,0.099375,0.005,1.5625e-08,0.76501,0.0172483,0.7763942500000024,0.010496072499999832,-0.011384250000002427,0.006752227500000169,0.013236076619388156
0.009375,0.099375,0.005,1.5625e-08,0.820906,0.00791073,0.825664750000002,0.0056189149999999076,-0.004758750000001921,0.002291815000000092,0.0052818668628377705
0.011875,0.099375,0.005,1.5625e-08,0.852328,0.00314724,0.8552820000000017,0.003555905999999941,-0.0029540000000016775,-0.00040866599999994126,0.0029821341183061943
0.014375,0.099375,0.005,1.5625e-08,0.869621,-0.00880209,0.8753377500000015,0.002496630249999958,-0.0057167500000014915,-0.011298720249999958,0.01266263439613875
0.021875,0.099375,0.005,1.5625e-08,0.902114,0.00999608,0.9107690000000009,0.0012271944999999796,-0.008655000000000967,0.00876888550000002,0.012320810765210516
0.024375,0.099375,0.005,1.5625e-08,0.919582,0.00297069,0.918517750000001,0.0010369419999999826,0.0010642499999989896,0.0019337480000000172,0.0022072628728816864
0.026875,0.099375,0.005,1.5625e-08,0.928065,0.00120874,0.9251430000000007,0.0008935169999999851,0.002921999999999314,0.00031522300000001496,0.0029389538172154054
0.029375,0.099375,0.005,1.5625e-08,0.933625,0.000765988,0.9309022500000008,0.000780694999999987,0.002722749999999219,-1.470699999998697e-05,0.0027227897198176627
0.031875,0.099375,0.005,1.5625e-08,0.938178,0.000635886,0.9359665000000008,0.0006884117499999884,0.0022114999999991447,-5.252574999998843e-05,0.0022121236865078947
0.034375,0.099375,0.005,1.5625e-08,0.942204,0.000573183,0.9404530000000006,0.0006100824999999898,0.001750999999999392,-3.689949999998983e-05,0.0017513887555588908
0.036875,0.099375,0.005,1.5625e-08,0.945833,0.000521825,0.9444407500000006,0.0005411812499999909,0.0013922499999994287,-1.9356249999990974e-05,0.0013923845470675375
0.039375,0.099375,0.005,1.5625e-08,0.9491,0.000470719,0.9479832500000006,0.0004784429999999919,0.0011167499999994446,-7.723999999991946e-06,0.001116776711198241
0.041875,0.099375,0.005,1.5625e-08,0.952015,0.000417803,0.9511152500000005,0.0004194184999999929,0.0008997499999994218,-1.6154999999929104e-06,0.000899751450312368
0.044375,0.099375,0.005,1.5625e-08,0.954581,0.000362304,0.9538562500000005,0.00036219227499999386,0.0007247499999994966,1.1172500000611492e-07,0.00072475000861107
0.046875,0.099375,0.005,1.5625e-08,0.956791,0.000303511,0.9562137500000004,0.00030521632499999477,0.0005772499999995295,-1.7053249999947557e-06,0.0005772525189488674
0.049375,0.099375,0.005,1.5625e-08,0.958634,0.000240647,0.9581867500000005,0.00024720087499999574,0.00044724999999945503,-6.553874999995734e-06,0.0004472980167371951
0.051875,0.099375,0.005,1.5625e-08,0.960095,0.000172874,0.9597645000000005,0.00018704382499999678,0.00033049999999956725,-1.4169824999996777e-05,0.00033080361839049534
0.054375,0.099375,0.005,1.5625e-08,0.961153,9.93547e-05,0.9609307500000004,0.00012377602499999776,0.00022224999999964634,-2.4421324999997755e-05,0.00022358770899715913
0.056875,0.099375,0.005,1.5625e-08,0.961781,1.93592e-05,0.9616622500000005,5.6513457499998876e-05,0.0001187499999995012,-3.715425749999888e-05,0.00012442669066666429
0.059375,0.099375,0.005,1.5625e-08,0.961948,-6.59139e-05,0.9619297500000004,-1.5591007499999943e-05,1.8249999999664368e-05,-5.0322892500000056e-05,5.352995432049528e-05
0.061875,0.099375,0.005,1.5625e-08,0.961611,-0.000162762,0.9616982500000004,-9.342077499999868e-05,-8.725000000042726e-05,-6.934122500000132e-05,0.00011144849924774836
0.064375,0.099375,0.005,1.5625e-08,0.960739,-0.000268362,0.9609257500000004,-0.00017799534999999754,-0.00018675000000034636,-9.036665000000248e-05,0.00020746492217324912
0.066875,0.099375,0.005,1.5625e-08,0.959275,-0.000384648,0.9595622500000004,-0.00027064807499999603,-0.00028725000000040524,-0.00011399992500000399,0.0003090445686308681
0.069375,0.099375,0.005,1.5625e-08,0.957162,-0.000513328,0.9575492500000005,-0.00037331549999999436,-0.00038725000000050525,-0.0001400125000000056,0.00041178400000078057
0.071875,0.099375,0.005,1.5625e-08,0.954326,-0.000657361,0.9548087500000004,-0.0004890494999999918,-0.00048275000000042034,-0.00016831150000000818,0.0005112497662910552
0.074375,0.099375,0.005,1.5625e-08,0.950675,-0.000821257,0.9512390000000005,-0.0006229279999999897,-0.000564000000000453,-0.00019832900000001032,0.0005978548253895047
0.076875,0.099375,0.005,1.5625e-08,0.94608,-0.00101257,0.9466932500000005,-0.0007837777499999869,-0.0006132500000004537,-0.0002287922500000131,0.0006545391173647492
0.079375,0.099375,0.005,1.5625e-08,0.940352,-0.00124629,0.9409475000000006,-0.0009875492499999846,-0.0005955000000006372,-0.00025874075000001536,0.000649281930836928
0.081875,0.099375,0.005,1.5625e-08,0.933167,-0.00156517,0.9336320000000007,-0.0012644822499999805,-0.00046500000000071484,-0.00030068775000001956,0.0005537491516930198
0.084375,0.099375,0.005,1.5625e-08,0.923767,-0.00216017,0.9240957500000009,-0.0016755027499999742,-0.00032875000000087695,-0.0004846672500000257,0.000585644009380412
0.086875,0.099375,0.005,1.5625e-08,0.909186,-0.00446639,0.9110980000000011,-0.0023535484999999594,-0.001912000000001024,-0.0021128415000000404,0.002849533857339887
0.089375,0.099375,0.005,1.5625e-08,0.881564,-0.0181559,0.8920475000000012,-0.0036223509999999365,-0.0104835000000012,-0.014533549000000062,0.01792003958660326
0.094375,0.099375,0.005,1.5625e-08,0.777332,-0.0125347,0.8004175000000018,-0.014273844999999811,-0.023085500000001757,0.0017391449999998119,0.023150916517086437
0.096875,0.099375,0.005,1.5625e-08,0.606876,-0.0686332,0.6463250000000027,-0.050546474999999494,-0.03944900000000273,-0.01808672500000051,0.04339761770219489
0.099375,0.099375,0.005,1.5625e-08,0.314594,-0.15218,0.19948350000000287,-0.22497749999999814,0.11511049999999712,0.07279749999999813,0.13619802941488934
