x,y,z,V,Ux,Uy,Ux_M160_interp,Uy_M160_interp,dUx,dUy,dU_mag_star
0.00125,0.00125,0.005,6.25e-08,6.69309e-05,-6.68461e-05,2.1433875000000003e-05,-2.1497624999999997e-05,4.5497025e-05,-4.5348475e-05,6.423755497118683e-05
0.00375,0.00125,0.005,6.25e-08,0.000163681,-5.61196e-05,8.053915e-05,-1.2283925000000003e-05,8.314184999999999e-05,-4.3835674999999996e-05,9.399007194447784e-05
0.00625,0.00125,0.005,6.25e-08,0.000141628,1.66318e-06,3.354417499999998e-05,2.7194130000000007e-05,0.00010808382500000003,-2.5530950000000007e-05,0.00011105828485319377
0.00875,0.00125,0.005,6.25e-08,-5.13798e-05,6.43928e-05,-0.00017141392500000008,7.024702500000002e-05,0.00012003412500000008,-5.854225000000011e-06,0.00012017679940348832
0.01125,0.00125,0.005,6.25e-08,-0.000411156,0.000119165,-0.00053122425,0.00010838732499999999,0.00012006825000000006,1.0777675000000009e-05,0.0001205509972437729
0.01375,0.00125,0.005,6.25e-08,-0.000910905,0.00016217,-0.0010233535,0.000139214575,0.00011244849999999997,2.2955424999999995e-05,0.00011476766395279038
0.01625,0.00125,0.005,6.25e-08,-0.00152028,0.000193669,-0.001619995,0.00016253447499999999,9.9715e-05,3.113452500000001e-05,0.00010446262428244672
0.01875,0.00125,0.005,6.25e-08,-0.00221006,0.00021532,-0.00229374,0.000178965475,8.368000000000004e-05,3.635452499999999e-05,9.123592432795115e-05
0.02125,0.00125,0.005,6.25e-08,-0.00295426,0.000228941,-0.0030196575000000004,0.00018934935000000002,6.539750000000063e-05,3.9591649999999985e-05,7.644822925334885e-05
0.02375,0.00125,0.005,6.25e-08,-0.00373046,0.000236047,-0.0037757374999999997,0.00019447267500000002,4.5277499999999554e-05,4.157432499999998e-05,6.146931352679631e-05
0.02625,0.00125,0.005,6.25e-08,-0.0045192,0.00023772,-0.0045425349999999995,0.00019494755,2.333499999999933e-05,4.2772449999999994e-05,4.8723759132506064e-05
0.02875,0.00125,0.005,6.25e-08,-0.00530311,0.000234604,-0.005302495000000001,0.000191174475,-6.149999999989497e-07,4.342952499999998e-05,4.3433879250253736e-05
0.03125,0.00125,0.005,6.25e-08,-0.00606601,0.000226966,-0.006039207499999999,0.000183360625,-2.6802500000000853e-05,4.360537499999999e-05,5.118400858804115e-05
0.03375,0.00125,0.005,6.25e-08,-0.00679218,0.00021479,-0.006736809999999999,0.000171564525,-5.5370000000000766e-05,4.3225475000000006e-05,7.024442034052035e-05
0.03625,0.00125,0.005,6.25e-08,-0.00746583,0.000197883,-0.0073795350000000004,0.000155763375,-8.629499999999925e-05,4.211962499999999e-05,9.602546451405739e-05
0.03875,0.00125,0.005,6.25e-08,-0.00807085,0.000175992,-0.007951567500000001,0.00013592204999999998,-0.00011928249999999807,4.0069950000000025e-05,0.00012583288798740988
0.04125,0.00125,0.005,6.25e-08,-0.00859089,0.000148912,-0.008437145,0.00011206525000000001,-0.00015374500000000027,3.6846750000000004e-05,0.0001580987286810447
0.04375,0.00125,0.005,6.25e-08,-0.00900968,0.000116588,-0.0088209,8.434259999999999e-05,-0.00018878000000000124,3.2245400000000015e-05,0.00019151410971821495
0.04625,0.00125,0.005,6.25e-08,-0.00931164,7.92054e-05,-0.0090885475,5.308415e-05,-0.00022309249999999912,2.612125e-05,0.0002246165248992427
0.04875,0.00125,0.005,6.25e-08,-0.00948265,3.72592e-05,-0.0092274275,1.8839235e-05,-0.00025522250000000087,1.8419964999999997e-05,0.0002558863412080677
0.05125,0.00125,0.005,6.25e-08,-0.00951108,-8.39299e-06,-0.0092276825,-1.7600045e-05,-0.0002833974999999992,9.207055e-06,0.0002835470205592409
0.05375,0.00125,0.005,6.25e-08,-0.00938871,-5.65212e-05,-0.009083005,-5.5197599999999995e-05,-0.00030570499999999987,-1.323600000000002e-06,0.00030570786535835144
0.05625,0.00125,0.005,6.25e-08,-0.00911186,-0.000105512,-0.008791519999999999,-9.269465e-05,-0.00032034000000000055,-1.2817350000000007e-05,0.00032059631947516624
0.05875,0.00125,0.005,6.25e-08,-0.00868224,-0.000153433,-0.008356625,-0.00012865462499999996,-0.0003256150000000013,-2.4778375000000032e-05,0.00032655642099435356
0.06125,0.00125,0.005,6.25e-08,-0.00810771,-0.000198116,-0.00778748,-0.000161532325,-0.00032023000000000034,-3.658367500000001e-05,0.0003223129196549618
0.06375,0.00125,0.005,6.25e-08,-0.00740266,-0.000237279,-0.007099217499999998,-0.00018976282500000007,-0.00030344250000000246,-4.751617499999992e-05,0.000307140257362792
0.06625,0.00125,0.005,6.25e-08,-0.00658806,-0.000268675,-0.006312854999999997,-0.00021186275000000004,-0.0002752050000000023,-5.6812249999999974e-05,0.0002810078713756321
0.06875,0.00125,0.005,6.25e-08,-0.00569103,-0.000290268,-0.005454742499999997,-0.00022654150000000003,-0.0002362875000000023,-6.372649999999996e-05,0.0002447301564141638
0.07125,0.00125,0.005,6.25e-08,-0.00474392,-0.000300399,-0.0045555950000000026,-0.00023280525000000002,-0.00018832499999999787,-6.759375e-05,0.00020008803228594582
0.07375,0.00125,0.005,6.25e-08,-0.00378298,-0.00029794,-0.0036491900000000027,-0.00023005075000000002,-0.00013378999999999735,-6.788924999999999e-05,0.0001500290450731517
0.07625,0.00125,0.005,6.25e-08,-0.0028466,-0.000282416,-0.0027707325000000025,-0.00021813175000000005,-7.586749999999743e-05,-6.428424999999996e-05,9.944014458111022e-05
0.07875,0.00125,0.005,6.25e-08,-0.0019733,-0.000254069,-0.0019549899999999976,-0.00019740259999999994,-1.8310000000002283e-05,-5.666640000000006e-05,5.9551129199706116e-05
0.08125,0.00125,0.005,6.25e-08,-0.0011995,-0.000213882,-0.0012343367499999982,-0.0001687312749999999,3.48367499999982e-05,-4.51507250000001e-05,5.702795032778232e-05
0.08375,0.00125,0.005,6.25e-08,-0.00055726,-0.000163577,-0.0006367579999999986,-0.0001335011499999999,7.94979999999986e-05,-3.0075850000000113e-05,8.499699263634146e-05
0.08625,0.00125,0.005,6.25e-08,-7.18802e-05,-0.000105703,-0.00018379172500000102,-9.362807500000011e-05,0.00011191152500000103,-1.2074924999999888e-05,0.00011256106450092535
0.08875,0.00125,0.005,6.25e-08,0.000240298,-4.3898e-05,0.0001117404499999994,-5.166372500000012e-05,0.0001285575500000006,7.765725000000123e-06,0.0001287918869602363
0.09125,0.00125,0.005,6.25e-08,0.000375404,1.67632e-05,0.00024875899999999987,-1.1130930000000106e-05,0.00012664500000000015,2.7894130000000105e-05,0.00012968052480406202
0.09375,0.00125,0.005,6.25e-08,0.000347522,6.70548e-05,0.00024304374999999998,2.2527e-05,0.00010447825000000003,4.4527800000000004e-05,0.000113571253827289
0.09625,0.00125,0.005,6.25e-08,0.000206151,9.05719e-05,0.00013745022499999965,3.939157500000001e-05,6.870077500000036e-05,5.1180325e-05,8.566926025539324e-05
0.09875,0.00125,0.005,6.25e-08,5.82005e-05,5.80771e-05,2.0790487499999783e-05,2.081056499999988e-05,3.741001250000022e-05,3.726653500000012e-05,5.280439059544582e-05
0.00125,0.00375,0.005,6.25e-08,5.8467e-05,-0.000165876,1.2587215000000001e-05,-8.0921425e-05,4.5879785e-05,-8.495457499999999e-05,9.655171922382765e-05
0.00375,0.00375,0.005,6.25e-08,4.18379e-05,-3.95927e-05,-4.241027499999997e-05,4.2380457499999965e-05,8.424817499999996e-05,-8.197315749999996e-05,0.0001175472396160387
0.00625,0.00375,0.005,6.25e-08,-0.000294428,0.000250338,-0.00038487100000000006,0.0003348065,9.044300000000006e-05,-8.446849999999999e-05,0.0001237532372960401
0.00875,0.00375,0.005,6.25e-08,-0.00101157,0.000565613,-0.0011014935,0.0006597395000000001,8.992349999999995e-05,-9.41265000000001e-05,0.00013017693288175142
0.01125,0.00375,0.005,6.25e-08,-0.00210132,0.000852152,-0.0021920125000000003,0.000957097,9.069250000000046e-05,-0.00010494499999999995,0.00013870321763120736
0.01375,0.00375,0.005,6.25e-08,-0.00351803,0.00108867,-0.0036124624999999996,0.0012039662499999998,9.44324999999995e-05,-0.00011529624999999984,0.00014903262166489714
0.01625,0.00375,0.005,6.25e-08,-0.00520053,0.00127051,-0.005301005,0.0013946625,0.00010047500000000004,-0.00012415249999999994,0.00015971558747113567
0.01875,0.00375,0.005,6.25e-08,-0.00708421,0.00140066,-0.0071917325,0.0015311149999999998,0.00010752250000000026,-0.0001304549999999998,0.0001690550059337197
0.02125,0.00375,0.005,6.25e-08,-0.00910715,0.00148467,-0.009221185,0.0016180899999999995,0.00011403500000000018,-0.00013341999999999955,0.00017551318362162973
0.02375,0.00375,0.005,6.25e-08,-0.0112123,0.00152811,-0.01133075,0.0016606949999999998,0.00011845000000000085,-0.00013258499999999973,0.00017778972052680698
0.02625,0.00375,0.005,6.25e-08,-0.0133475,0.00153547,-0.013466800000000001,0.0016632324999999997,0.000119300000000001,-0.00012776249999999975,0.00017480202060116517
0.02875,0.00375,0.005,6.25e-08,-0.0154645,0.00150974,-0.015579800000000001,0.0016287049999999998,0.00011530000000000047,-0.00011896499999999974,0.00016567064080578686
0.03125,0.00375,0.005,6.25e-08,-0.0175178,0.00145249,-0.01762295,0.0015588549999999998,0.0001051499999999983,-0.00010636499999999976,0.0001495661583547548
0.03375,0.00375,0.005,6.25e-08,-0.0194631,0.00136416,-0.019551149999999996,0.0014544324999999998,8.804999999999577e-05,-9.027249999999992e-05,0.00012610284198323702
0.03625,0.00375,0.005,6.25e-08,-0.0212567,0.00124456,-0.02131995,0.0013156624999999997,6.32500000000008e-05,-7.110249999999971e-05,9.516369058758734e-05
0.03875,0.00375,0.005,6.25e-08,-0.0228553,0.00109332,-0.022885774999999997,0.00114277875,3.047499999999856e-05,-4.9458749999999876e-05,5.809383423877615e-05
0.04125,0.00375,0.005,6.25e-08,-0.024216,0.000910522,-0.0242058,0.0009365352499999999,-1.0200000000001874e-05,-2.6013249999999946e-05,2.7941531374685524e-05
0.04375,0.00375,0.005,6.25e-08,-0.0252974,0.000697102,-0.0252394,0.0006987122499999999,-5.8000000000002494e-05,-1.610249999999848e-06,5.802234832426889e-05
0.04625,0.00375,0.005,6.25e-08,-0.0260612,0.000455347,-0.025949450000000002,0.000432524,-0.00011174999999999727,2.2822999999999995e-05,0.000114056792121291
0.04875,0.00375,0.005,6.25e-08,-0.026474,0.000189198,-0.026304249999999998,0.00014290509999999998,-0.00016975000000000323,4.6292900000000005e-05,0.0001759491264269621
0.05125,0.00375,0.005,6.25e-08,-0.0265091,-9.55355e-05,-0.0262797,-0.00016333749999999998,-0.00022940000000000113,6.780199999999999e-05,0.00023921009845740318
0.05375,0.00375,0.005,6.25e-08,-0.0261496,-0.000391114,-0.02586165,-0.00047753999999999993,-0.0002879499999999986,8.642599999999991e-05,0.0003006404097522474
0.05625,0.00375,0.005,6.25e-08,-0.0253897,-0.000687992,-0.025047725,-0.0007893727499999999,-0.0003419750000000013,0.00010138074999999991,0.0003566860763971077
0.05875,0.00375,0.005,6.25e-08,-0.0242374,-0.000975114,-0.023849275,-0.0010872129999999994,-0.0003881249999999996,0.0001120989999999994,0.00040398911052898386
0.06125,0.00375,0.005,6.25e-08,-0.0227156,-0.0012404,-0.022292399999999997,-0.0013586975,-0.00042320000000000205,0.00011829750000000002,0.0004394229608318752
0.06375,0.00375,0.005,6.25e-08,-0.0208627,-0.00147139,-0.020418424999999994,-0.0015913950000000004,-0.00044427500000000786,0.0001200050000000005,0.0004601972138659763
0.06625,0.00375,0.005,6.25e-08,-0.0187324,-0.00165604,-0.018283224999999993,-0.0017736300000000004,-0.0004491750000000065,0.00011759000000000053,0.00046431195195149346
0.06875,0.00375,0.005,6.25e-08,-0.016393,-0.00178361,-0.015956099999999994,-0.0018952900000000002,-0.0004369000000000074,0.00011168000000000029,0.00045094792648376437
0.07125,0.00375,0.005,6.25e-08,-0.0139245,-0.00184549,-0.013517000000000006,-0.0019486399999999997,-0.00040749999999999294,0.00010314999999999977,0.0004203524384370741
0.07375,0.00375,0.005,6.25e-08,-0.0114158,-0.00183604,-0.011053422500000007,-0.0019290750000000001,-0.00036237749999999333,9.303500000000021e-05,0.00037412960819914427
0.07625,0.00375,0.005,6.25e-08,-0.00896056,-0.00175322,-0.008656100000000007,-0.00183561,-0.0003044599999999925,8.239000000000011e-05,0.0003154108490524628
0.07875,0.00375,0.005,6.25e-08,-0.00665187,-0.00159903,-0.0064144299999999935,-0.0016712899999999993,-0.0002374400000000063,7.225999999999934e-05,0.0002481919845603457
0.08125,0.00375,0.005,6.25e-08,-0.00457738,-0.00137979,-0.0044113399999999945,-0.0014433649999999994,-0.00016604000000000532,6.357499999999931e-05,0.00017779500056245022
0.08375,0.00375,0.005,6.25e-08,-0.00281337,-0.00110623,-0.0027180024999999956,-0.001163379749999999,-9.536750000000436e-05,5.7149749999999e-05,0.00011118027694385914
0.08625,0.00375,0.005,6.25e-08,-0.00141884,-0.000793897,-0.001388290000000003,-0.0008474515000000009,-3.054999999999703e-05,5.355450000000086e-05,6.165538881760385e-05
0.08875,0.00375,0.005,6.25e-08,-0.000429245,-0.000463997,-0.000452761750000002,-0.0005170145000000009,2.3516750000002e-05,5.301750000000091e-05,5.7999076172062356e-05
0.09125,0.00375,0.005,6.25e-08,0.000150067,-0.000145223,8.866914999999906e-05,-0.00020098050000000078,6.139785000000095e-05,5.5757500000000796e-05,8.293729433055256e-05
0.09375,0.00375,0.005,6.25e-08,0.000353322,0.000120751,0.00027655000000000003,5.948745e-05,7.677199999999996e-05,6.126355e-05,9.82199701822521e-05
0.09625,0.00375,0.005,6.25e-08,0.000275011,0.000270771,0.00020535724999999958,0.00020224025000000013,6.96537500000004e-05,6.853074999999987e-05,9.771442362632569e-05
0.09875,0.00375,0.005,6.25e-08,9.09784e-05,0.00020504,3.983162499999962e-05,0.00013792882499999944,5.1146775000000374e-05,6.711117500000056e-05,8.437951411795024e-05
0.00125,0.00625,0.005,6.25e-08,8.70216e-07,-0.000147614,-2.7997460000000008e-05,-3.275876499999998e-05,2.886767600000001e-05,-0.00011485523500000003,0.00011842747875618314
0.00375,0.00625,0.005,6.25e-08,-0.000257203,0.000297519,-0.00034757150000000003,0.00039068450000000004,9.036850000000002e-05,-9.316550000000004e-05,0.00012979320545583275
0.00625,0.00625,0.005,6.25e-08,-0.00105132,0.0010254,-0.0011444555000000003,0.0011190347500000003,9.313550000000044e-05,-9.363475000000025e-05,0.00013206698212578583
0.00875,0.00625,0.005,6.25e-08,-0.0023905,0.00180041,-0.002478980000000001,0.0019092825000000006,8.848000000000102e-05,-0.0001088725000000007,0.00014029230790121863
0.01125,0.00625,0.005,6.25e-08,-0.00424452,0.00251319,-0.00433661,0.0026385850000000006,9.20900000000004e-05,-0.00012539500000000037,0.000155577871578834
0.01375,0.00625,0.005,6.25e-08,-0.00655319,0.00311337,-0.006657400000000001,0.0032521125000000007,0.00010421000000000041,-0.0001387425000000009,0.0001735200432406883
0.01625,0.00625,0.005,6.25e-08,-0.00923528,0.00358396,-0.009358565,0.0037317550000000007,0.00012328499999999902,-0.00014779500000000048,0.00019246442073796367
0.01875,0.00625,0.005,6.25e-08,-0.0122024,0.0039259,-0.012349275,0.004077855,0.00014687499999999944,-0.00015195499999999963,0.0002113352494261185
0.02125,0.00625,0.005,6.25e-08,-0.0153671,0.00414786,-0.015539025000000003,0.004298722500000001,0.00017192500000000333,-0.00015086250000000134,0.00022873062657032082
0.02375,0.00625,0.005,6.25e-08,-0.0186463,0.00426029,-0.018841675000000002,0.004404715000000001,0.0001953750000000011,-0.00014442500000000098,0.00024296084303854543
0.02625,0.00625,0.005,6.25e-08,-0.0219615,0.00427242,-0.022176175000000003,0.00440513,0.00021467500000000445,-0.0001327100000000003,0.0002523832397862465
0.02875,0.00625,0.005,6.25e-08,-0.0252391,0.00419093,-0.0254662,0.0043068525000000005,0.0002271000000000009,-0.00011592250000000068,0.000254975363528029
0.03125,0.00625,0.005,6.25e-08,-0.0284082,0.00401978,-0.028638925000000003,0.004114197500000001,0.00023072500000000107,-9.441750000000089e-05,0.0002492963897276707
0.03375,0.00625,0.005,6.25e-08,-0.0314002,0.00376076,-0.031623975,0.0038294975000000005,0.0002237749999999955,-6.873750000000031e-05,0.00023409420012304456
0.03625,0.00625,0.005,6.25e-08,-0.0341478,0.00341448,-0.034352650000000005,0.0034540825000000004,0.00020485000000000642,-3.96025000000003e-05,0.00020864294981199976
0.03875,0.00625,0.005,6.25e-08,-0.0365849,0.00298154,-0.036757975,0.0029895175000000003,0.0001730750000000017,-7.977500000000328e-06,0.0001732587548473398
0.04125,0.00625,0.005,6.25e-08,-0.0386471,0.00246377,-0.038775525000000005,0.0024388400000000003,0.0001284250000000084,2.492999999999983e-05,0.0001308223433707031
0.04375,0.00625,0.005,6.25e-08,-0.0402737,0.00186542,-0.04034485,0.0018077050000000002,7.114999999999899e-05,5.771499999999985e-05,9.161519374535995e-05
0.04625,0.00625,0.005,6.25e-08,-0.0414091,0.00119414,-0.041411875,0.001105349,2.775000000003469e-06,8.879099999999996e-05,8.883435318614085e-05
0.04875,0.00625,0.005,6.25e-08,-0.0420063,0.000461729,-0.04193135,0.00034521750000000005,-7.495000000000418e-05,0.00011651149999999998,0.0001385367537235178
0.05125,0.00625,0.005,6.25e-08,-0.0420288,-0.000315442,-0.04187005,-0.00045470225000000006,-0.00015874999999999917,0.00013926025000000008,0.00021117523465137255
0.05375,0.00625,0.005,6.25e-08,-0.0414546,-0.00111635,-0.041209499999999996,-0.0012719925000000002,-0.00024510000000000504,0.00015564250000000028,0.0002903422081032184
0.05625,0.00625,0.005,6.25e-08,-0.0402786,-0.00191575,-0.039949125,-0.002080305,-0.00032947499999999574,0.00016455500000000026,0.00036828266813685015
0.05875,0.00625,0.005,6.25e-08,-0.0385153,-0.0026849,-0.038108025000000004,-0.00285033,-0.0004072749999999986,0.00016542999999999983,0.00043959073070868866
0.06125,0.00625,0.005,6.25e-08,-0.0362002,-0.00339285,-0.0357266,-0.0035511175000000005,-0.00047360000000000457,0.0001582675000000003,0.0004993451327050805
0.06375,0.00625,0.005,6.25e-08,-0.0333911,-0.00400804,-0.03286699999999999,-0.004151777500000002,-0.0005241000000000065,0.00014373750000000202,0.000543453106446414
0.06625,0.00625,0.005,6.25e-08,-0.0301672,-0.00450022,-0.029612099999999992,-0.004623392500000002,-0.0005551000000000098,0.00012317250000000186,0.000568601332003594
0.06875,0.00625,0.005,6.25e-08,-0.0266277,-0.00484259,-0.026063574999999988,-0.004941032500000001,-0.0005641250000000125,9.844250000000127e-05,0.0005726499292161524
0.07125,0.00625,0.005,6.25e-08,-0.0228883,-0.00501388,-0.02233827500000001,-0.005085715000000001,-0.0005500249999999887,7.1835000000001e-05,0.0005546961040515678
0.07375,0.00625,0.005,6.25e-08,-0.019077,-0.00500037,-0.01856350000000001,-0.0050461675000000004,-0.0005134999999999897,4.57975000000008e-05,0.0005155382245830462
0.07625,0.00625,0.005,6.25e-08,-0.0153281,-0.00479749,-0.01487127500000001,-0.004820210000000001,-0.00045682499999999057,2.2720000000001246e-05,0.0004573896358959082
0.07875,0.00625,0.005,6.25e-08,-0.0117756,-0.00441107,-0.011391474999999991,-0.0044157325,-0.00038412500000000946,4.6625000000005e-06,0.0003841532956142082
0.08125,0.00625,0.005,6.25e-08,-0.00854495,-0.00385813,-0.008244694999999991,-0.003851264999999999,-0.0003002550000000097,-6.8650000000008635e-06,0.0003003334700795198
0.08375,0.00625,0.005,6.25e-08,-0.00574579,-0.00316732,-0.005534317499999994,-0.0031563649999999987,-0.00021147250000000568,-1.0955000000001294e-05,0.00021175606315109949
0.08625,0.00625,0.005,6.25e-08,-0.00346293,-0.00237958,-0.0033387275000000055,-0.002372152500000003,-0.00012420249999999444,-7.427499999997089e-06,0.00012442438974131467
0.08875,0.00625,0.005,6.25e-08,-0.00174813,-0.00154956,-0.001702925000000004,-0.0015527625000000024,-4.520499999999608e-05,3.202500000002448e-06,4.531829687057603e-05
0.09125,0.00625,0.005,6.25e-08,-0.000611622,-0.000748723,-0.0006297275000000024,-0.0007687967500000023,1.810550000000237e-05,2.0073750000002325e-05,2.7032657459315374e-05
0.09375,0.00625,0.005,6.25e-08,-1.30201e-05,-7.09688e-05,-7.020477500000008e-05,-0.00011403660500000004,5.718467500000008e-05,4.3067805000000035e-05,7.158856670148986e-05
0.09625,0.00625,0.005,6.25e-08,0.000153883,0.000357028,8.6535075e-05,0.0002838760000000006,6.734792500000001e-05,7.31519999999994e-05,9.943318412786315e-05
0.09875,0.00625,0.005,6.25e-08,7.37144e-05,0.000352223,2.6211124999999758e-05,0.0002505532499999991,4.750327500000024e-05,0.00010166975000000088,0.00011221986990185083
0.00125,0.00875,0.005,6.25e-08,-6.74066e-05,5.17885e-05,-7.58896e-05,0.0001850453500000001,8.483000000000007e-06,-0.0001332568500000001,0.0001335265867193591
0.00375,0.00875,0.005,6.25e-08,-0.000611805,0.00104703,-0.0007147255,0.0011468325000000001,0.0001029205,-9.980250000000013e-05,0.00014336376225008892
0.00625,0.00875,0.005,6.25e-08,-0.00193286,0.00238527,-0.002041315000000001,0.002483637500000001,0.00010845500000000101,-9.836750000000085e-05,0.00014641943887766537
0.00875,0.00875,0.005,6.25e-08,-0.00395131,0.00376184,-0.004056440000000001,0.003880445000000001,0.00010513000000000102,-0.00011860500000000123,0.00015849120772143957
0.01125,0.00875,0.005,6.25e-08,-0.00659713,0.00502149,-0.006712250000000001,0.005163025000000002,0.00011512000000000154,-0.00014153500000000166,0.00018244114290642016
0.01375,0.00875,0.005,6.25e-08,-0.00979053,0.00608638,-0.009926472500000002,0.006245990000000001,0.00013594250000000148,-0.000159610000000001,0.00020965618380160107
0.01625,0.00875,0.005,6.25e-08,-0.0134315,0.00692636,-0.0135972,0.0070969475000000025,0.00016569999999999953,-0.00017058750000000216,0.00023781628446397564
0.01875,0.00875,0.005,6.25e-08,-0.0174126,0.00753891,-0.017614475,0.0077126450000000015,0.00020187500000000067,-0.00017373500000000125,0.0002663406950693054
0.02125,0.00875,0.005,6.25e-08,-0.0216267,0.0079347,-0.021867700000000004,0.008103672500000002,0.0002410000000000051,-0.00016897250000000308,0.0002943343434875609
0.02375,0.00875,0.005,6.25e-08,-0.0259706,0.00812849,-0.026249875,0.0082851,0.00027927499999999897,-0.00015660999999999974,0.00032018934667630547
0.02625,0.00875,0.005,6.25e-08,-0.0303456,0.00813413,-0.0306586,0.008271205000000002,0.0003130000000000008,-0.00013707500000000213,0.00034169951071811775
0.02875,0.00875,0.005,6.25e-08,-0.0346572,0.00796215,-0.034996025,0.008073070000000002,0.00033882500000000093,-0.0001109200000000022,0.00035651876111223254
0.03125,0.00875,0.005,6.25e-08,-0.0388143,0.00761932,-0.039168100000000004,0.007698125000000002,0.00035380000000000134,-7.88050000000021e-05,0.0003624702305362487
0.03375,0.00875,0.005,6.25e-08,-0.0427279,0.00710939,-0.043083525000000004,0.007150967500000002,0.00035562500000000524,-4.157750000000158e-05,0.00035804724427267116
0.03625,0.00875,0.005,6.25e-08,-0.0463111,0.00643464,-0.046653375,0.006435010000000001,0.00034227499999999605,-3.700000000012721e-07,0.0003422751999853295
0.03875,0.00875,0.005,6.25e-08,-0.0494794,0.00559783,-0.049791800000000004,0.005554460000000001,0.00031240000000000434,4.336999999999917e-05,0.0003153961269578348
0.04125,0.00875,0.005,6.25e-08,-0.0521511,0.00460426,-0.0524166,0.004516377500000002,0.00026550000000000185,8.788249999999807e-05,0.0002796669158235393
0.04375,0.00875,0.005,6.25e-08,-0.0542501,0.00346366,-0.05445175000000001,0.0033326250000000005,0.0002016500000000046,0.0001310349999999994,0.0002404847058026803
0.04625,0.00875,0.005,6.25e-08,-0.0557076,0.00219187,-0.055830000000000005,0.0020213825000000006,0.00012240000000000167,0.00017048749999999929,0.0002098755527836679
0.04875,0.00875,0.005,6.25e-08,-0.056466,0.000811988,-0.0564959,0.0006082087500000001,2.989999999999937e-05,0.00020377924999999994,0.0002059611437396929
0.05125,0.00875,0.005,6.25e-08,-0.0564818,-0.000644968,-0.056409425000000006,-0.0008735260000000002,-7.237499999999258e-05,0.00022855800000000023,0.00023974340447444853
0.05375,0.00875,0.005,6.25e-08,-0.0557296,-0.0021401,-0.055549475000000015,-0.0023828700000000005,-0.00018012499999998238,0.00024277000000000066,0.0003022950355612774
0.05625,0.00875,0.005,6.25e-08,-0.054205,-0.00362732,-0.053916825,-0.0038722500000000007,-0.0002881750000000016,0.00024493000000000084,0.0003782003906991654
0.05875,0.00875,0.005,6.25e-08,-0.0519275,-0.00505481,-0.05153685000000001,-0.005289147499999999,-0.0003906499999999924,0.00023433749999999913,0.0004555452627415235
0.06125,0.00875,0.005,6.25e-08,-0.0489424,-0.00636719,-0.04846085,-0.006578440000000001,-0.00048154999999999726,0.00021125000000000137,0.0005258488043154591
0.06375,0.00875,0.005,6.25e-08,-0.045322,-0.00750832,-0.04476667499999999,-0.007685320000000004,-0.0005553250000000093,0.0001770000000000044,0.0005828506289136282
0.06625,0.00875,0.005,6.25e-08,-0.0411644,-0.00842461,-0.04055747499999999,-0.008558587500000004,-0.0006069250000000082,0.0001339775000000036,0.0006215367456001784
0.06875,0.00875,0.005,6.25e-08,-0.0365922,-0.00906865,-0.03595939999999999,-0.009154125000000003,-0.0006328000000000097,8.547500000000326e-05,0.0006385466432650107
0.07125,0.00875,0.005,6.25e-08,-0.0317482,-0.00940292,-0.03111737500000002,-0.009438342500000002,-0.0006308249999999772,3.54225000000017e-05,0.0006318187510126788
0.07375,0.00875,0.005,6.25e-08,-0.0267905,-0.00940321,-0.026189325000000013,-0.009391200000000002,-0.0006011749999999851,-1.2009999999998064e-05,0.0006012949531843603
0.07625,0.00875,0.005,6.25e-08,-0.0218853,-0.0090616,-0.021339400000000012,-0.009008782500000003,-0.0005458999999999881,-5.281749999999641e-05,0.0005484491756819737
0.07875,0.00875,0.005,6.25e-08,-0.0171986,-0.00838871,-0.016729674999999992,-0.008305129999999999,-0.0004689250000000089,-8.35800000000015e-05,0.00047631530735953533
0.08125,0.00875,0.005,6.25e-08,-0.0128874,-0.00741523,-0.01251122499999999,-0.007313349999999998,-0.00037617500000000983,-0.00010188000000000211,0.00038972703912483134
0.08375,0.00875,0.005,6.25e-08,-0.00908944,-0.00619276,-0.008814802499999991,-0.0060863199999999975,-0.0002746375000000096,-0.00010644000000000278,0.000294542407823145
0.08625,0.00875,0.005,6.25e-08,-0.00591342,-0.00479453,-0.0057411100000000085,-0.004697382500000005,-0.0001723099999999915,-9.714749999999509e-05,0.00019780893017314996
0.08875,0.00875,0.005,6.25e-08,-0.00342913,-0.00331681,-0.0033514425000000067,-0.0032418775000000047,-7.768749999999313e-05,-7.493249999999518e-05,0.00010793621826105549
0.09125,0.00875,0.005,6.25e-08,-0.00165822,-0.00188181,-0.0016586675000000042,-0.0018405700000000043,4.475000000042813e-07,-4.1239999999995777e-05,4.124242786560529e-05
0.09375,0.00875,0.005,6.25e-08,-0.000565435,-0.00064249,-0.0006190860000000002,-0.0006461035000000003,5.365100000000026e-05,3.613500000000246e-06,5.3772550462573655e-05
0.09625,0.00875,0.005,6.25e-08,-5.29269e-05,0.000208785,-0.00012546464999999934,0.00014634885000000135,7.253774999999935e-05,6.243614999999864e-05,9.570787847342943e-05
0.09875,0.00875,0.005,6.25e-08,3.72435e-05,0.000410334,-5.340764999999626e-07,0.00028221174999999916,3.777757649999996e-05,0.00012812225000000083,0.0001335756573305034
0.00125,0.01125,0.005,6.25e-08,-0.000135066,0.000447259,-0.00012391615,0.00058637425,-1.1149850000000003e-05,-0.00013911525000000007,0.00013956135545911347
0.00375,0.01125,0.005,6.25e-08,-0.000976242,0.0022454,-0.0010935424999999998,0.0023532024999999997,0.00011730049999999982,-0.0001078024999999999,0.00015931348438377694
0.00625,0.01125,0.005,6.25e-08,-0.00284965,0.00436525,-0.0029752600000000004,0.004477385,0.0001256100000000004,-0.00011213500000000019,0.00016838090843382495
0.00875,0.01125,0.005,6.25e-08,-0.00557166,0.00646586,-0.005696992500000001,0.006608185000000001,0.00012533250000000117,-0.00014232500000000044,0.00018964345805023283
0.01125,0.01125,0.005,6.25e-08,-0.00902045,0.00836342,-0.0091647625,0.0085397325,0.00014431250000000034,-0.00017631249999999939,0.0002278424791659797
0.01375,0.01125,0.005,6.25e-08,-0.0130904,0.00996161,-0.013266175,0.010165435,0.00017577499999999954,-0.00020382500000000123,0.00026914955182946217
0.01625,0.01125,0.005,6.25e-08,-0.0176608,0.0112211,-0.017877725,0.011442250000000001,0.00021692499999999976,-0.00022115000000000155,0.00030978020938239516
0.01875,0.01125,0.005,6.25e-08,-0.0226063,0.0121373,-0.022871574999999998,0.012364074999999999,0.00026527499999999885,-0.0002267749999999985,0.0003489953097822358
0.02125,0.01125,0.005,6.25e-08,-0.0278032,0.0127228,-0.028120625000000003,0.0129436,0.0003174250000000031,-0.00022080000000000016,0.00038666687293457405
0.02375,0.01125,0.005,6.25e-08,-0.0331325,0.0129964,-0.033501449999999995,0.013200199999999999,0.0003689499999999929,-0.00020379999999999877,0.00042149560199365575
0.02625,0.01125,0.005,6.25e-08,-0.0384793,0.0129763,-0.038895125,0.013152674999999999,0.0004158250000000016,-0.00017637499999999945,0.0004516841498768815
0.02875,0.01125,0.005,6.25e-08,-0.0437328,0.0126765,-0.044186975,0.012816224999999999,0.0004541750000000011,-0.00013972499999999853,0.00047518207694524905
0.03125,0.01125,0.005,6.25e-08,-0.0487856,0.0121069,-0.049266025,0.012201575,0.0004804249999999996,-9.467499999999893e-05,0.0004896647182001165
0.03375,0.01125,0.005,6.25e-08,-0.0535325,0.0112734,-0.054024174999999994,0.011316075,0.000491674999999997,-4.26750000000007e-05,0.0004935235164103095
0.03625,0.01125,0.005,6.25e-08,-0.0578711,0.0101807,-0.058356349999999994,0.01016588,0.00048524999999999263,1.4820000000000458e-05,0.00048547625575304183
0.03875,0.01125,0.005,6.25e-08,-0.0617015,0.00883489,-0.06216115,0.00875909,0.00045964999999999895,7.579999999999913e-05,0.00046585809266341924
0.04125,0.01125,0.005,6.25e-08,-0.0649285,0.0072461,-0.06534214999999999,0.007108307500000001,0.00041364999999998764,0.00013779249999999917,0.0004359966692031483
0.04375,0.01125,0.005,6.25e-08,-0.0674632,0.00543144,-0.067810575,0.0052335725,0.000347374999999997,0.00019786749999999974,0.00039977611006818283
0.04625,0.01125,0.005,6.25e-08,-0.0692263,0.00341716,-0.06948822499999999,0.0031644075,0.0002619249999999823,0.0002527524999999999,0.0003639897414505534
0.04875,0.01125,0.005,6.25e-08,-0.0701513,0.00124029,-0.070311,0.0009412917500000001,0.00015969999999999873,0.00029899824999999995,0.0003389749894948919
0.05125,0.01125,0.005,6.25e-08,-0.0701885,-0.00105058,-0.070232725,-0.0013837975,4.422499999999496e-05,0.00033321749999999997,0.00033613948433834656
0.05375,0.01125,0.005,6.25e-08,-0.0693087,-0.00339537,-0.069229025,-0.0037478025,-7.967500000000127e-05,0.0003524324999999999,0.0003613264073953773
0.05625,0.01125,0.005,6.25e-08,-0.0675069,-0.00572365,-0.06730055,-0.006078065,-0.00020634999999999404,0.0003544149999999994,0.00041011012511884794
0.05875,0.01125,0.005,6.25e-08,-0.064805,-0.00795679,-0.06447592499999999,-0.008294772499999997,-0.000329075000000012,0.00033798249999999683,0.0004717229334378982
0.06125,0.01125,0.005,6.25e-08,-0.0612545,-0.0100111,-0.060813425,-0.0103144025,-0.00044107500000000605,0.0003033024999999998,0.0005352939025724608
0.06375,0.01125,0.005,6.25e-08,-0.056937,-0.0118019,-0.05640154999999999,-0.012054075000000004,-0.0005354500000000137,0.0002521750000000038,0.0005918605689898733
0.06625,0.01125,0.005,6.25e-08,-0.0519644,-0.0132484,-0.05135814999999999,-0.013436150000000003,-0.0006062500000000096,0.00018775000000000215,0.0006346566985386764
0.06875,0.01125,0.005,6.25e-08,-0.0464763,-0.0142791,-0.04582762499999998,-0.014393625000000002,-0.0006486750000000152,0.00011452500000000247,0.000658707242445398
0.07125,0.01125,0.005,6.25e-08,-0.0406365,-0.0148369,-0.039976850000000015,-0.014875175000000001,-0.0006596499999999839,3.827500000000081e-05,0.000660759485838061
0.07375,0.01125,0.005,6.25e-08,-0.0346272,-0.0148848,-0.033988575000000014,-0.0148497,-0.000638624999999983,-3.5099999999999715e-05,0.0006395888527991855
0.07625,0.01125,0.005,6.25e-08,-0.0286413,-0.01441,-0.02805400000000002,-0.014310325000000002,-0.0005872999999999816,-9.967499999999699e-05,0.0005956982420865264
0.07875,0.01125,0.005,6.25e-08,-0.0228733,-0.0134276,-0.022363449999999986,-0.013277399999999998,-0.0005098500000000131,-0.00015020000000000137,0.0005315139344363549
0.08125,0.01125,0.005,6.25e-08,-0.0175086,-0.0119831,-0.017096049999999988,-0.011800199999999997,-0.0004125500000000115,-0.0001829000000000032,0.00045127587183452504
0.08375,0.01125,0.005,6.25e-08,-0.0127127,-0.0101535,-0.012409099999999989,-0.009957942499999994,-0.0003036000000000115,-0.00019555750000000566,0.00036113113380911813
0.08625,0.01125,0.005,6.25e-08,-0.00861947,-0.0080481,-0.00842731500000001,-0.007860567500000006,-0.00019215499999999074,-0.0001875324999999952,0.00026849950201302913
0.08875,0.01125,0.005,6.25e-08,-0.00532089,-0.00580876,-0.005232630000000008,-0.005649312500000006,-8.825999999999192e-05,-0.00015944749999999373,0.0001822452546878699
0.09125,0.01125,0.005,6.25e-08,-0.00285666,-0.00361199,-0.0028552700000000057,-0.0034992025000000057,-1.3899999999943471e-06,-0.00011278749999999414,0.0001127960648970019
0.09375,0.01125,0.005,6.25e-08,-0.00120574,-0.00167129,-0.0012669275,-0.0016236825,6.118749999999983e-05,-4.760750000000003e-05,7.7526667750523e-05
0.09625,0.01125,0.005,6.25e-08,-0.000292478,-0.000242729,-0.0003767414999999984,-0.00028295864999999733,8.426349999999844e-05,4.022964999999732e-05,9.337431216010118e-05
0.09875,0.01125,0.005,6.25e-08,-4.00395e-06,0.000345638,-3.141252499999962e-05,0.0002018414999999998,2.740857499999962e-05,0.0001437965000000002,0.00014638532506976463
0.00125,0.01375,0.005,6.25e-08,-0.000198519,0.0010338,-0.00016999015000000001,0.0011687382499999998,-2.8528849999999987e-05,-0.00013493824999999968,0.00013792108829104022
0.00375,0.01375,0.005,6.25e-08,-0.00133108,0.00389741,-0.0014639599999999998,0.00401571,0.00013287999999999993,-0.00011829999999999957,0.00017791004580967282
0.00625,0.01375,0.005,6.25e-08,-0.00375637,0.00697731,-0.0038984725000000007,0.007112775,0.00014210250000000046,-0.0001354650000000004,0.00019632597059800885
0.00875,0.01375,0.005,6.25e-08,-0.00718218,0.00992344,-0.007326667500000001,0.01010215,0.00014448750000000104,-0.00017871000000000033,0.00022981275368493022
0.01125,0.01375,0.005,6.25e-08,-0.0114289,0.0125416,-0.01160225,0.012767,0.0001733499999999992,-0.0002254000000000006,0.0002843508088611671
0.01375,0.01375,0.005,6.25e-08,-0.0163603,0.0147288,-0.0165772,0.014992525,0.00021689999999999904,-0.0002637249999999994,0.0003414622755517793
0.01625,0.01375,0.005,6.25e-08,-0.0218327,0.0164434,-0.022103275,0.016732175000000002,0.0002705749999999986,-0.00028877500000000153,0.0003957294925198274
0.01875,0.01375,0.005,6.25e-08,-0.0277024,0.0176824,-0.02803435,0.017980700000000002,0.000331950000000001,-0.00029830000000000134,0.00044628879943373154
0.02125,0.01375,0.005,6.25e-08,-0.0338311,0.0184619,-0.03422842500000001,0.018754200000000002,0.0003973250000000039,-0.0002923000000000023,0.0004932610319344154
0.02375,0.01375,0.005,6.25e-08,-0.0400861,0.0188054,-0.040548600000000004,0.01907665,0.0004625000000000046,-0.00027125000000000066,0.0005361742370722456
0.02625,0.01375,0.005,6.25e-08,-0.04634,0.0187353,-0.046862825,0.018971575,0.0005228249999999976,-0.00023627500000000107,0.0005737350052506801
0.02875,0.01375,0.005,6.25e-08,-0.0524692,0.0182693,-0.053043575,0.018458,0.000574375000000002,-0.00018869999999999998,0.0006045778118861147
0.03125,0.01375,0.005,6.25e-08,-0.0583536,0.0174201,-0.0589667,0.017549925,0.0006130999999999984,-0.00012982500000000008,0.0006266946151236646
0.03375,0.01375,0.005,6.25e-08,-0.0638755,0.0161962,-0.064511175,0.016257499999999998,0.0006356750000000022,-6.129999999999677e-05,0.0006386238295154686
0.03625,0.01375,0.005,6.25e-08,-0.06892,0.0146052,-0.06955905,0.0145904,0.0006390500000000021,1.4800000000000577e-05,0.0006392213564173233
0.03875,0.01375,0.005,6.25e-08,-0.0733754,0.0126571,-0.07399644999999999,0.012561150000000002,0.000621049999999998,9.594999999999743e-05,0.0006284182564184438
0.04125,0.01375,0.005,6.25e-08,-0.0771349,0.0103681,-0.077715225,0.010189050000000002,0.0005803249999999927,0.0001790499999999983,0.0006073187039149962
0.04375,0.01375,0.005,6.25e-08,-0.0800993,0.00776373,-0.080615675,0.007503695,0.0005163749999999995,0.0002600349999999996,0.0005781533895515958
0.04625,0.01375,0.005,6.25e-08,-0.0821798,0.00488236,-0.082609775,0.00454756,0.0004299749999999991,0.0003347999999999997,0.0005449491174641895
0.04875,0.01375,0.005,6.25e-08,-0.0833016,0.00177667,-0.08362502499999999,0.0013779589999999998,0.0003234249999999883,0.00039871100000000016,0.0005133947722230842
0.05125,0.01375,0.005,6.25e-08,-0.0834083,-0.00148512,-0.08360822500000001,-0.0019323324999999999,0.00019992500000000357,0.00044721249999999995,0.0004898663346069531
0.05375,0.01375,0.005,6.25e-08,-0.0824654,-0.00481952,-0.08252994999999999,-0.0052956950000000004,6.454999999999655e-05,0.00047617500000000056,0.0004805302624445208
0.05625,0.01375,0.005,6.25e-08,-0.0804646,-0.00812923,-0.08038775000000001,-0.0086115925,-7.684999999998943e-05,0.0004823624999999998,0.000488446009202909
0.05875,0.01375,0.005,6.25e-08,-0.0774268,-0.011306,-0.077209725,-0.011769824999999996,-0.00021707499999999713,0.00046382499999999584,0.000512108568811336
0.06125,0.01375,0.005,6.25e-08,-0.0734051,-0.0142346,-0.07305652500000001,-0.014655175,-0.00034857499999998987,0.0004205749999999994,0.0005462489004565524
0.06375,0.01375,0.005,6.25e-08,-0.0684858,-0.0167986,-0.06802244999999998,-0.017152750000000005,-0.00046335000000001514,0.00035415000000000446,0.0005831941743536343
0.06625,0.01375,0.005,6.25e-08,-0.0627891,-0.0188862,-0.06223469999999999,-0.019154925000000003,-0.0005544000000000104,0.0002687250000000044,0.0006160945427651619
0.06875,0.01375,0.005,6.25e-08,-0.0564668,-0.020398,-0.05585132499999998,-0.02056795,-0.0006154750000000181,0.00016995000000000204,0.0006385080094446921
0.07125,0.01375,0.005,6.25e-08,-0.0496992,-0.0212539,-0.04905657500000002,-0.021319,-0.00064262499999998,6.510000000000196e-05,0.0006459140040477328
0.07375,0.01375,0.005,6.25e-08,-0.0426891,-0.0214005,-0.042054950000000015,-0.021362850000000003,-0.0006341499999999861,-3.7649999999996714e-05,0.0006352666723510546
0.07625,0.01375,0.005,6.25e-08,-0.0356535,-0.0208176,-0.03506227500000002,-0.020687425000000006,-0.00059122499999998,-0.0001301749999999928,0.0006053862661557284
0.07875,0.01375,0.005,6.25e-08,-0.0288143,-0.0195232,-0.02829644999999998,-0.019317999999999995,-0.0005178500000000211,-0.00020520000000000607,0.0005570239335073713
0.08125,0.01375,0.005,6.25e-08,-0.0223863,-0.017577,-0.021965299999999983,-0.017320049999999993,-0.0004210000000000186,-0.0002569500000000058,0.0004932183111969979
0.08375,0.01375,0.005,6.25e-08,-0.0165646,-0.0150824,-0.016255299999999986,-0.014800499999999992,-0.00030930000000001234,-0.0002819000000000068,0.00041849026273022347
0.08625,0.01375,0.005,6.25e-08,-0.0115126,-0.0121862,-0.011319200000000014,-0.011907850000000008,-0.00019339999999998594,-0.00027834999999999145,0.0003389428897321639
0.08875,0.01375,0.005,6.25e-08,-0.00734986,-0.0090786,-0.00726531000000001,-0.008831910000000009,-8.454999999998967e-05,-0.0002466899999999904,0.00026077702851285333
0.09125,0.01375,0.005,6.25e-08,-0.00414096,-0.00599232,-0.004148262500000007,-0.005804155000000008,7.3025000000073725e-06,-0.00018816499999999188,0.00018830664813342904
0.09375,0.01375,0.005,6.25e-08,-0.00188653,-0.00320213,-0.00196297,-0.0030992375,7.64400000000001e-05,-0.0001028925,0.0001281793281159252
0.09625,0.01375,0.005,6.25e-08,-0.000540584,-0.00102571,-0.0006426637499999975,-0.0010391427499999955,0.00010207974999999747,1.3432749999995556e-05,0.00010295976948606852
0.09875,0.01375,0.005,6.25e-08,-4.36915e-05,0.000152378,-6.304489999999928e-05,-4.892774999989207e-07,1.935339999999928e-05,0.00015286727749999892,0.00015408750313319262
0.00125,0.01625,0.005,6.25e-08,-0.000257207,0.00180212,-0.00021352699999999998,0.0019242550000000001,-4.368000000000004e-05,-0.0001221350000000002,0.00012971083464768878
0.00375,0.01625,0.005,6.25e-08,-0.00166868,0.00599188,-0.0018179874999999998,0.0061228674999999995,0.00014930749999999974,-0.00013098749999999968,0.00019862138533526503
0.00625,0.01625,0.005,6.25e-08,-0.00463015,0.0102121,-0.00478803,0.0103800725,0.00015788,-0.00016797250000000034,0.0002305230035294745
0.00875,0.01625,0.005,6.25e-08,-0.00874331,0.0141246,-0.008905157500000002,0.01435225,0.00016184750000000116,-0.00022765000000000112,0.0002793190572736685
0.01125,0.01625,0.005,6.25e-08,-0.0137691,0.0175417,-0.013969375000000001,0.01783015,0.0002002750000000015,-0.0002884499999999991,0.0003511601886959854
0.01375,0.01625,0.005,6.25e-08,-0.0195382,0.0203663,-0.019794475,0.02070445,0.00025627500000000025,-0.00033814999999999887,0.0004242903464904656
0.01625,0.01625,0.005,6.25e-08,-0.0258823,0.022563,-0.026205575000000002,0.022934275,0.00032327500000000134,-0.00037127500000000077,0.0004922924448435112
0.01875,0.01625,0.005,6.25e-08,-0.0326391,0.0241353,-0.0330376,0.024520575,0.000398500000000003,-0.0003852750000000009,0.000554291507805237
0.02125,0.01625,0.005,6.25e-08,-0.0396564,0.0251061,-0.0401344,0.025485925,0.00047799999999999926,-0.0003798250000000003,0.0006105333984517141
0.02375,0.01625,0.005,6.25e-08,-0.04679,0.0255049,-0.0473475,0.0258603,0.0005575000000000024,-0.00035539999999999877,0.0006611470411338175
0.02625,0.01625,0.005,6.25e-08,-0.0539021,0.0253589,-0.054534625,0.0256722,0.0006325250000000018,-0.000313299999999999,0.0007058645518971765
0.02875,0.01625,0.005,6.25e-08,-0.0608596,0.0246899,-0.061558325,0.024944775,0.0006987249999999973,-0.00025487499999999816,0.0007437592965805505
0.03125,0.01625,0.005,6.25e-08,-0.0675326,0.0235132,-0.06828475,0.023695024999999998,0.000752150000000007,-0.00018182499999999657,0.0007738151931339996
0.03375,0.01625,0.005,6.25e-08,-0.0737942,0.0218401,-0.074583,0.02193625,0.0007887999999999923,-9.614999999999971e-05,0.0007946384476603104
0.03625,0.01625,0.005,6.25e-08,-0.0795197,0.0196813,-0.0803252,0.019681425000000002,0.0008055000000000007,-1.2500000000359446e-07,0.0008055000096989453
0.03875,0.01625,0.005,6.25e-08,-0.084588,0.0170509,-0.08538747499999999,0.016947925,0.0007994749999999939,0.00010297500000000168,0.0008060794788666876
0.04125,0.01625,0.005,6.25e-08,-0.088883,0.0139716,-0.089651825,0.0137622,0.0007688250000000008,0.0002094000000000002,0.0007968313752764767
0.04375,0.01625,0.005,6.25e-08,-0.0922961,0.0104782,-0.09300884999999999,0.0101638675,0.0007127499999999842,0.00031433250000000024,0.0007789849055381161
0.04625,0.01625,0.005,6.25e-08,-0.0947296,0.00662171,-0.09536082500000001,0.006209225,0.000631225000000013,0.00041248500000000063,0.0007540483246119025
0.04875,0.01625,0.005,6.25e-08,-0.0961,0.00247133,-0.096626025,0.001973285,0.0005260249999999994,0.0004980449999999999,0.0007243970752632836
0.05125,0.01625,0.005,6.25e-08,-0.0963426,-0.00188409,-0.09674254999999998,-0.00244926,0.00039994999999998226,0.00056517,0.00069237066041246
0.05375,0.01625,0.005,6.25e-08,-0.0954153,-0.00633636,-0.09567287499999999,-0.0069447625,0.000257574999999996,0.0006084024999999998,0.0006606803180292627
0.05625,0.01625,0.005,6.25e-08,-0.093303,-0.0107597,-0.09340784999999999,-0.011382924999999999,0.00010484999999998967,0.0006232249999999981,0.0006319833250371369
0.05875,0.01625,0.005,6.25e-08,-0.0900212,-0.0150141,-0.089970425,-0.015620949999999995,-5.077499999998902e-05,0.0006068499999999939,0.000608970461619438
0.06125,0.01625,0.005,6.25e-08,-0.0856198,-0.0189503,-0.085418625,-0.019508599999999997,-0.00020117499999999788,0.0005582999999999977,0.0005934393571587551
0.06375,0.01625,0.005,6.25e-08,-0.0801848,-0.0224167,-0.07984719999999998,-0.022895925000000008,-0.0003376000000000212,0.00047922500000000673,0.0005861999322970114
0.06625,0.01625,0.005,6.25e-08,-0.0738394,-0.0252668,-0.07338804999999998,-0.025640850000000007,-0.000451350000000017,0.0003740500000000077,0.0005861998166154789
0.06875,0.01625,0.005,6.25e-08,-0.0667434,-0.0273689,-0.06620822499999998,-0.027618375000000004,-0.0005351750000000127,0.00024947500000000247,0.0005904659653612687
0.07125,0.01625,0.005,6.25e-08,-0.0590898,-0.0286151,-0.05850657500000002,-0.028729775,-0.0005832249999999789,0.00011467499999999811,0.0005943919214205178
0.07375,0.01625,0.005,6.25e-08,-0.0510997,-0.0289313,-0.050507000000000024,-0.028911150000000004,-0.0005926999999999738,-2.014999999999656e-05,0.0005930424204894358
0.07625,0.01625,0.005,6.25e-08,-0.0430138,-0.0282855,-0.04245015000000002,-0.028141425,-0.0005636499999999781,-0.00014407500000000045,0.0005817722304518972
0.07875,0.01625,0.005,6.25e-08,-0.0350824,-0.0266955,-0.03458252499999998,-0.026447999999999992,-0.0004998750000000177,-0.00024750000000000813,0.0005577914176688466
0.08125,0.01625,0.005,6.25e-08,-0.0275523,-0.024233,-0.027144149999999978,-0.023910899999999992,-0.0004081500000000203,-0.0003221000000000092,0.0005199373351664819
0.08375,0.01625,0.005,6.25e-08,-0.0206532,-0.0210269,-0.020355049999999982,-0.020664374999999992,-0.00029815000000001785,-0.00036252500000000937,0.0004693802276673118
0.08625,0.01625,0.005,6.25e-08,-0.0145834,-0.0172624,-0.014402025000000016,-0.01689635000000001,-0.00018137499999998363,-0.0003660499999999893,0.0004085211048709555
0.08875,0.01625,0.005,6.25e-08,-0.00949697,-0.0131791,-0.009426482500000012,-0.012846950000000011,-7.048749999998861e-05,-0.00033214999999998766,0.0003395469189320383
0.09125,0.01625,0.005,6.25e-08,-0.00549024,-0.00906816,-0.005514372500000009,-0.008805632500000011,2.4132500000008904e-05,-0.0002625274999999896,0.00026363434110998315
0.09375,0.01625,0.005,6.25e-08,-0.00259176,-0.00526677,-0.002690175,-0.0051092625000000004,9.841500000000013e-05,-0.00015750749999999918,0.00018572593997944866
0.09625,0.01625,0.005,6.25e-08,-0.000789923,-0.00215411,-0.0009155302499999965,-0.0021404474999999934,0.00012560724999999653,-1.3662500000006465e-05,0.00012634811102193733
0.09875,0.01625,0.005,6.25e-08,-8.06004e-05,-0.000168543,-9.458507499999892e-05,-0.000327043999999997,1.3984674999998923e-05,0.00015850099999999698,0.00015911674373193614
0.00125,0.01875,0.005,6.25e-08,-0.000311433,0.00274138,-0.0002543575,0.00284325,-5.7075500000000026e-05,-0.00010187,0.00011676947203892807
0.00375,0.01875,0.005,6.25e-08,-0.00198624,0.00850945,-0.0021520899999999997,0.0086547775,0.00016584999999999994,-0.0001453275000000004,0.00022051372917859354
0.00625,0.01875,0.005,6.25e-08,-0.00545923,0.0140472,-0.005632000000000001,0.014256225,0.0001727700000000009,-0.00020902500000000157,0.00027118429807973944
0.00875,0.01875,0.005,6.25e-08,-0.0102317,0.019045,-0.010408925000000003,0.019334175000000002,0.00017722500000000307,-0.0002891750000000026,0.0003391620280190614
0.01125,0.01875,0.005,6.25e-08,-0.0160066,0.0233367,-0.016230800000000004,0.023702650000000002,0.00022420000000000426,-0.00036595000000000377,0.00042916784886569106
0.01375,0.01875,0.005,6.25e-08,-0.0225811,0.0268432,-0.022873175000000003,0.027271125,0.00029207500000000275,-0.00042792499999999914,0.0005181000012063317
0.01625,0.01875,0.005,6.25e-08,-0.0297614,0.0295444,-0.030133900000000005,0.030014000000000002,0.00037250000000000477,-0.00046960000000000404,0.0005994000417083797
0.01875,0.01875,0.005,6.25e-08,-0.037367,0.0314564,-0.03782905,0.031944925,0.0004620500000000055,-0.0004885249999999966,0.0006724186777038556
0.02125,0.01875,0.005,6.25e-08,-0.0452325,0.0326129,-0.04578897500000001,0.033096999999999994,0.0005564750000000077,-0.00048409999999999426,0.0007375752406534556
0.02375,0.01875,0.005,6.25e-08,-0.0532038,0.0330513,-0.053855275,0.033508325,0.0006514749999999986,-0.0004570249999999998,0.000795796158730361
0.02625,0.01875,0.005,6.25e-08,-0.0611349,0.0328052,-0.061877525,0.0332136,0.0007426250000000037,-0.0004084000000000032,0.0008475154574549117
0.02875,0.01875,0.005,6.25e-08,-0.0688856,0.0319004,-0.0697111,0.032240275,0.0008254999999999929,-0.00033987499999999643,0.0008927291109989558
0.03125,0.01875,0.005,6.25e-08,-0.0763191,0.0303556,-0.077215125,0.030608575,0.0008960249999999947,-0.00025297499999999903,0.000931051637262934
0.03375,0.01875,0.005,6.25e-08,-0.0833014,0.0281844,-0.0842516,0.02833445,0.0009501999999999983,-0.00015005000000000226,0.0009619745539773894
0.03625,0.01875,0.005,6.25e-08,-0.089701,0.0254005,-0.09068525000000001,0.025434175,0.000984250000000006,-3.367500000000037e-05,0.000984825907521229
0.03875,0.01875,0.005,6.25e-08,-0.0953892,0.0220222,-0.096384275,0.021929775,0.000995075000000012,9.242500000000015e-05,0.0009993581121149834
0.04125,0.01875,0.005,6.25e-08,-0.100242,0.0180783,-0.10122205000000001,0.017854425,0.00098005000000001,0.00022387499999999838,0.0010052949905997837
0.04375,0.01875,0.005,6.25e-08,-0.104142,0.0136128,-0.1050805,0.013257625,0.0009384999999999949,0.00035517499999999924,0.0010034597802727272
0.04625,0.01875,0.005,6.25e-08,-0.106984,0.00868903,-0.10785125000000001,0.00820907,0.0008672500000000138,0.00047995999999999976,0.0009912033918929172
0.04875,0.01875,0.005,6.25e-08,-0.108673,0.00339265,-0.109443,0.0028014500000000005,0.0007699999999999929,0.0005911999999999996,0.0009707818704528781
0.05125,0.01875,0.005,6.25e-08,-0.109134,-0.00216687,-0.10978125,-0.00284856,0.000647250000000002,0.00068169,0.0009400179884449034
0.05375,0.01875,0.005,6.25e-08,-0.108315,-0.00785639,-0.10881750000000001,-0.00860086,0.0005025000000000168,0.0007444700000000005,0.0008981880821409388
0.05625,0.01875,0.005,6.25e-08,-0.10619,-0.0135209,-0.10653225,-0.014294425,0.0003422499999999884,0.0007735249999999989,0.0008458581371157875
0.05875,0.01875,0.005,6.25e-08,-0.102764,-0.0189871,-0.10293725000000001,-0.019751824999999994,0.00017325000000001367,0.0007647249999999939,0.0007841045135216322
0.06125,0.01875,0.005,6.25e-08,-0.0980784,-0.0240697,-0.098082475,-0.024785575,4.075000000006157e-06,0.0007158750000000012,0.0007158865980377072
0.06375,0.01875,0.005,6.25e-08,-0.0922132,-0.0285783,-0.09205767499999998,-0.02920652500000001,-0.00015552500000001745,0.00062822500000001,0.0006471898301503338
0.06625,0.01875,0.005,6.25e-08,-0.0852898,-0.0323277,-0.08499414999999998,-0.03283367500000001,-0.0002956500000000223,0.0005059750000000057,0.0005860201559033776
0.06875,0.01875,0.005,6.25e-08,-0.0774711,-0.0351483,-0.07706407499999998,-0.03550527500000001,-0.0004070250000000192,0.00035697500000000937,0.0005413875702766201
0.07125,0.01875,0.005,6.25e-08,-0.0689597,-0.0368989,-0.06847755000000001,-0.037090599999999994,-0.00048214999999998676,0.00019169999999999604,0.0005188617470000903
0.07375,0.01875,0.005,6.25e-08,-0.0599933,-0.0374782,-0.059477100000000026,-0.0375011,-0.0005161999999999736,2.289999999999931e-05,0.0005167077026714163
0.07625,0.01875,0.005,6.25e-08,-0.0508364,-0.0368367,-0.05032862500000003,-0.036700925,-0.0005077749999999673,-0.0001357749999999977,0.0005256142133256731
0.07875,0.01875,0.005,6.25e-08,-0.0417699,-0.0349863,-0.04131037499999997,-0.03471497499999999,-0.00045952500000003005,-0.00027132500000000975,0.0005336482748496738
0.08125,0.01875,0.005,6.25e-08,-0.0330772,-0.0320073,-0.03269894999999998,-0.03163449999999999,-0.0003782500000000244,-0.0003728000000000134,0.000531086530143656
0.08375,0.01875,0.005,6.25e-08,-0.0250285,-0.0280518,-0.02475437499999998,-0.027619349999999987,-0.0002741250000000174,-0.00043245000000001477,0.0005120132011237819
0.08625,0.01875,0.005,6.25e-08,-0.0178643,-0.0233428,-0.01770477500000002,-0.022897000000000015,-0.00015952499999997982,-0.0004457999999999858,0.00047348269833752204
0.08875,0.01875,0.005,6.25e-08,-0.011781,-0.018171,-0.011732300000000015,-0.017759075000000013,-4.8699999999984867e-05,-0.0004119249999999866,0.00041479379892301607
0.09125,0.01875,0.005,6.25e-08,-0.00691403,-0.012888,-0.0069615125000000114,-0.012555475000000016,4.748250000001161e-05,-0.00033252499999998457,0.0003358979955749079
0.09375,0.01875,0.005,6.25e-08,-0.00332589,-0.00789685,-0.003452155,-0.007687797499999999,0.00012626499999999997,-0.00020905250000000097,0.00024422489222282484
0.09625,0.01875,0.005,6.25e-08,-0.00104286,-0.00364111,-0.0011970224999999955,-0.00360176749999999,0.0001541624999999954,-3.934250000001008e-05,0.0001591034528616503
0.09875,0.01875,0.005,6.25e-08,-0.000115653,-0.000616009,-0.00012640114999999859,-0.0007791384999999944,1.0748149999998587e-05,0.00016312949999999435,0.00016348319943856806
0.00125,0.02125,0.005,6.25e-08,-0.000361488,0.0038403,-0.00029236775,0.00391526,-6.912024999999997e-05,-7.496000000000022e-05,0.00010196377082112317
0.00375,0.02125,0.005,6.25e-08,-0.00228228,0.0114262,-0.0024640950000000003,0.011586925000000001,0.00018181500000000054,-0.00016072500000000219,0.00024267101155680068
0.00625,0.02125,0.005,6.25e-08,-0.00623625,0.0184522,-0.006422675000000002,0.018709550000000002,0.00018642500000000221,-0.0002573500000000034,0.00031777870149681615
0.00875,0.02125,0.005,6.25e-08,-0.0116316,0.0246509,-0.011821875000000004,0.025012850000000007,0.00019027500000000364,-0.0003619500000000067,0.0004089161015722005
0.01125,0.02125,0.005,6.25e-08,-0.0181165,0.0298907,-0.018360925,0.030347825000000002,0.0002444249999999995,-0.00045712500000000267,0.0005183694109898868
0.01375,0.02125,0.005,6.25e-08,-0.0254554,0.0341219,-0.0257787,0.03465445,0.00032330000000000206,-0.0005325500000000066,0.0006230027227067378
0.01625,0.02125,0.005,6.25e-08,-0.0334302,0.0373484,-0.03384672500000001,0.037931950000000006,0.00041652500000000786,-0.0005835500000000091,0.0007169544463388293
0.01875,0.02125,0.005,6.25e-08,-0.0418427,0.0396058,-0.042362875,0.040213725000000006,0.0005201750000000047,-0.0006079250000000092,0.000800096766803876
0.02125,0.02125,0.005,6.25e-08,-0.0505152,0.0409425,-0.051145150000000014,0.041547925000000006,0.0006299500000000111,-0.0006054250000000067,0.0008737141598515054
0.02375,0.02125,0.005,6.25e-08,-0.0592852,0.0414071,-0.060026575000000006,0.0419836,0.0007413750000000024,-0.0005765000000000006,0.0009391427690319532
0.02625,0.02125,0.005,6.25e-08,-0.0680006,0.0410407,-0.068850625,0.04156317500000001,0.0008500250000000042,-0.0005224750000000083,0.0009977588016399635
0.02875,0.02125,0.005,6.25e-08,-0.0765161,0.0398743,-0.07746767500000001,0.040319100000000004,0.00095157500000001,-0.00044480000000000214,0.0010504008856741416
0.03125,0.02125,0.005,6.25e-08,-0.0846903,0.0379296,-0.0857323,0.038274775000000004,0.0010420000000000013,-0.0003451750000000031,0.0010976838254365439
0.03375,0.02125,0.005,6.25e-08,-0.0923849,0.0352229,-0.0935019,0.03544875,0.001116999999999993,-0.00022584999999999966,0.0011396039761689077
0.03625,0.02125,0.005,6.25e-08,-0.0994631,0.0317703,-0.10063582500000001,0.03185985000000001,0.0011727250000000133,-8.955000000000768e-05,0.0011761390768633753
0.03875,0.02125,0.005,6.25e-08,-0.105791,0.0275936,-0.10699675,0.027533800000000004,0.0012057500000000054,5.9799999999995274e-05,0.0012072320002799845
0.04125,0.02125,0.005,6.25e-08,-0.111237,0.022727,-0.11244950000000001,0.022509725000000005,0.0012125000000000052,0.00021727499999999594,0.0012318135717814653
0.04375,0.02125,0.005,6.25e-08,-0.115678,0.0172225,-0.11686800000000001,0.016845750000000003,0.0011900000000000105,0.0003767499999999986,0.0012482149504392359
0.04625,0.02125,0.005,6.25e-08,-0.118996,0.0111549,-0.12013375000000001,0.010623862500000003,0.0011377500000000068,0.0005310374999999978,0.0012555779103290497
0.04875,0.02125,0.005,6.25e-08,-0.121088,0.00462492,-0.12214225000000002,0.003953032500000001,0.0010542500000000204,0.0006718874999999992,0.0012501503410215478
0.05125,0.02125,0.005,6.25e-08,-0.121865,-0.0022383,-0.12280600000000001,-0.0030290399999999998,0.0009410000000000113,0.0007907399999999998,0.0012291260096507686
0.05375,0.02125,0.005,6.25e-08,-0.121261,-0.00927733,-0.12206100000000002,-0.0101563725,0.0008000000000000229,0.0008790424999999998,0.0011885771816782815
0.05625,0.02125,0.005,6.25e-08,-0.119234,-0.016308,-0.11987025000000001,-0.017237050000000004,0.0006362500000000049,0.0009290500000000042,0.001126031955585637
0.05875,0.02125,0.005,6.25e-08,-0.115775,-0.0231233,-0.1162315,-0.024057924999999994,0.0004564999999999986,0.0009346249999999945,0.0010401519795803825
0.06125,0.02125,0.005,6.25e-08,-0.110909,-0.0294993,-0.11117925000000001,-0.030391625000000005,0.00027025000000001353,0.0008923250000000063,0.0009323513115371365
0.06375,0.02125,0.005,6.25e-08,-0.104707,-0.0352041,-0.10479274999999999,-0.03600605000000002,8.574999999999555e-05,0.0008019500000000165,0.00080652145972691
0.06625,0.02125,0.005,6.25e-08,-0.0972808,-0.0400085,-0.09719639999999999,-0.04067582500000002,-8.440000000001224e-05,0.0006673250000000172,0.0006726410748869154
0.06875,0.02125,0.005,6.25e-08,-0.088792,-0.0436992,-0.08856302499999999,-0.04419582500000001,-0.00022897500000000626,0.0004966250000000075,0.0005468692176837258
0.07125,0.02125,0.005,6.25e-08,-0.0794488,-0.0460939,-0.07911082500000004,-0.046395525,-0.0003379749999999626,0.0003016249999999998,0.00045299529936851954
0.07375,0.02125,0.005,6.25e-08,-0.0695036,-0.0470561,-0.06909935000000003,-0.047153675000000006,-0.00040424999999996714,9.757500000000946e-05,0.0004158592828409332
0.07625,0.02125,0.005,6.25e-08,-0.059245,-0.0465106,-0.058821050000000034,-0.04641187500000001,-0.00042394999999996463,-9.872499999998702e-05,0.0004352932668040794
0.07875,0.02125,0.005,6.25e-08,-0.0489875,-0.0444562,-0.04858909999999998,-0.0441856,-0.00039840000000002096,-0.0002706000000000028,0.00048160867932380355
0.08125,0.02125,0.005,6.25e-08,-0.0390558,-0.0409757,-0.03872239999999998,-0.04057207499999999,-0.0003334000000000184,-0.0004036250000000047,0.0005235157119180055
0.08375,0.02125,0.005,6.25e-08,-0.0297678,-0.0362405,-0.02952842499999998,-0.03575369999999999,-0.00023937500000002082,-0.00048680000000000945,0.00054247085693613
0.08625,0.02125,0.005,6.25e-08,-0.0214152,-0.0305106,-0.021285150000000023,-0.029996800000000025,-0.00013004999999997532,-0.000513799999999974,0.000530003247631528
0.08875,0.02125,0.005,6.25e-08,-0.0142452,-0.0241289,-0.014224350000000021,-0.023646025000000022,-2.0849999999978525e-05,-0.0004828749999999764,0.0004833249301711803
0.09125,0.02125,0.005,6.25e-08,-0.008441,-0.0175114,-0.008517240000000016,-0.017115250000000023,7.62400000000156e-05,-0.0003961499999999771,0.0004034195831885014
0.09375,0.02125,0.005,6.25e-08,-0.00410545,-0.0111319,-0.004264837500000001,-0.010875777500000001,0.00015938750000000102,-0.000256122499999999,0.00030166721758006755
0.09625,0.02125,0.005,6.25e-08,-0.00130654,-0.00550516,-0.0014939924999999947,-0.005442887499999988,0.0001874524999999948,-6.227250000001225e-05,0.00019752545155624776
0.09875,0.02125,0.005,6.25e-08,-0.000150435,-0.00119183,-0.00015946829999999822,-0.0013605687499999913,9.033299999998211e-06,0.00016873874999999124,0.0001689803724118559
0.00125,0.02375,0.005,6.25e-08,-0.000407431,0.00508716,-0.000327383,0.005129125,-8.004799999999999e-05,-4.196499999999971e-05,9.038110161422008e-05
0.00375,0.02375,0.005,6.25e-08,-0.0025553,0.0147147,-0.0027519099999999998,0.014891374999999998,0.00019660999999999984,-0.00017667499999999767,0.00026432848451311315
0.00625,0.02375,0.005,6.25e-08,-0.00695505,0.0233906,-0.0071534350000000005,0.023702050000000002,0.00019838500000000057,-0.0003114500000000013,0.0003692664494981924
0.00875,0.02375,0.005,6.25e-08,-0.0129299,0.0309006,-0.013130575000000002,0.03134505,0.0002006750000000026,-0.000444449999999999,0.00048765383021668164
0.01125,0.02375,0.005,6.25e-08,-0.0200775,0.0371597,-0.020338000000000002,0.037719925,0.0002605000000000003,-0.0005602250000000045,0.0006178286984472357
0.01375,0.02375,0.005,6.25e-08,-0.0281321,0.0421574,-0.0284808,0.042808075,0.0003487000000000004,-0.0006506750000000033,0.0007382205941485273
0.01625,0.02375,0.005,6.25e-08,-0.0368526,0.0459304,-0.037306149999999996,0.046642425,0.000453549999999997,-0.0007120249999999981,0.000844208033084852
0.01875,0.02375,0.005,6.25e-08,-0.0460243,0.0485401,-0.0465951,0.04928295,0.0005708000000000032,-0.0007428499999999963,0.0009368237627750474
0.02125,0.02375,0.005,6.25e-08,-0.0554589,0.0500544,-0.05615462500000001,0.050797625,0.0006957250000000081,-0.0007432250000000001,0.0010180455177692261
0.02375,0.02375,0.005,6.25e-08,-0.0649869,0.050536,-0.0658108,0.051249825,0.0008239000000000024,-0.0007138250000000013,0.0010901180397667979
0.02625,0.02375,0.005,6.25e-08,-0.0744518,0.0500355,-0.075402775,0.0506914,0.0009509750000000067,-0.0006559000000000009,0.001155230825690266
0.02875,0.02375,0.005,6.25e-08,-0.0837052,0.0485899,-0.08477815,0.04916065,0.001072950000000003,-0.0005707500000000018,0.0012153095346453958
0.03125,0.02375,0.005,6.25e-08,-0.0926035,0.0462245,-0.093789175,0.046684624999999993,0.0011856749999999971,-0.0004601249999999918,0.0012718255467044155
0.03375,0.02375,0.005,6.25e-08,-0.101006,0.0429577,-0.10229074999999999,0.0432836,0.0012847499999999873,-0.000325899999999997,0.0013254408219531967
0.03625,0.02375,0.005,6.25e-08,-0.108773,0.0388074,-0.11013925000000001,0.038978349999999995,0.0013662500000000133,-0.0001709499999999961,0.001376903397119796
0.03875,0.02375,0.005,6.25e-08,-0.115766,0.0337979,-0.117192,0.033797049999999995,0.0014260000000000106,8.500000000036256e-07,0.001426000253330984
0.04125,0.02375,0.005,6.25e-08,-0.121849,0.0279673,-0.123309,0.02778295,0.001460000000000003,0.0001843499999999998,0.0014715926482896035
0.04375,0.02375,0.005,6.25e-08,-0.126891,0.0213739,-0.12835524999999998,0.02100085,0.0014642499999999725,0.00037304999999999977,0.0015110242767738444
0.04625,0.02375,0.005,6.25e-08,-0.130764,0.0141018,-0.13220075,0.013542674999999999,0.0014367500000000144,0.0005591250000000006,0.0015417105202096282
0.04875,0.02375,0.005,6.25e-08,-0.133352,0.00626476,-0.1347275,0.005531557499999999,0.0013755000000000017,0.0007332025000000011,0.0015587129806369923
0.05125,0.02375,0.005,6.25e-08,-0.134553,-0.00199053,-0.1358315,-0.0028760825,0.001278499999999988,0.0008855525000000001,0.0015552380783199142
0.05375,0.02375,0.005,6.25e-08,-0.134281,-0.0104841,-0.135429,-0.01149,0.0011479999999999824,0.0010059000000000005,0.0015263481942204278
0.05625,0.02375,0.005,6.25e-08,-0.132476,-0.0190038,-0.133463,-0.020088175,0.0009869999999999879,0.0010843749999999985,0.0014663008356490057
0.05875,0.02375,0.005,6.25e-08,-0.129108,-0.0273084,-0.12990825,-0.028421349999999988,0.0008002500000000023,0.0011129499999999876,0.0013707872792669096
0.06125,0.02375,0.005,6.25e-08,-0.124182,-0.0351345,-0.12477949999999999,-0.036220150000000007,0.0005974999999999869,0.0010856500000000074,0.001239210301966539
0.06375,0.02375,0.005,6.25e-08,-0.11775,-0.042205,-0.11813774999999999,-0.043205550000000016,0.00038774999999999227,0.0010005500000000167,0.0010730565525637627
0.06625,0.02375,0.005,6.25e-08,-0.109909,-0.0482416,-0.11009424999999998,-0.049101825000000016,0.00018524999999997016,0.0008602250000000131,0.0008799458012429013
0.06875,0.02375,0.005,6.25e-08,-0.100814,-0.05298,-0.10081624999999997,-0.053652500000000006,2.2499999999675557e-06,0.0006725000000000064,0.0006725037639299936
0.07125,0.02375,0.005,6.25e-08,-0.0906734,-0.0561878,-0.09052570000000004,-0.056637925,-0.00014769999999995898,0.00045012499999999567,0.00047373811924414946
0.07375,0.02375,0.005,6.25e-08,-0.0797516,-0.0576831,-0.07949725000000002,-0.057893599999999996,-0.00025434999999998653,0.0002104999999999954,0.00033015779939294364
0.07625,0.02375,0.005,6.25e-08,-0.068361,-0.0573543,-0.06805005000000003,-0.05732820000000001,-0.0003109499999999765,-2.6099999999987245e-05,0.00031204344649420974
0.07875,0.02375,0.005,6.25e-08,-0.0568515,-0.0551771,-0.05653549999999997,-0.054938299999999995,-0.00031600000000003153,-0.0002388000000000043,0.0003960826176443773
0.08125,0.02375,0.005,6.25e-08,-0.0455949,-0.0512283,-0.04532089999999997,-0.05081969999999999,-0.00027400000000003116,-0.00040860000000000896,0.0004919654052878357
0.08375,0.02375,0.005,6.25e-08,-0.0349644,-0.0456933,-0.03476934999999998,-0.04517244999999998,-0.00019505000000002298,-0.0005208500000000171,0.0005561737363450623
0.08625,0.02375,0.005,6.25e-08,-0.0253124,-0.0388666,-0.025218525000000026,-0.03830017500000002,-9.387499999997245e-05,-0.0005664249999999815,0.0005741513705025652
0.08875,0.02375,0.005,6.25e-08,-0.0169478,-0.031145,-0.01695997500000002,-0.03060240000000002,1.2175000000020503e-05,-0.0005425999999999799,0.0005427365757206518
0.09125,0.02375,0.005,6.25e-08,-0.0101113,-0.0230135,-0.010220952500000016,-0.02256182500000002,0.00010965250000001536,-0.0004516749999999778,0.00046479455287388354
0.09375,0.02375,0.005,6.25e-08,-0.00495393,-0.0150247,-0.005151302500000001,-0.014727124999999999,0.00019737250000000095,-0.0002975750000000013,0.0003570809213347181
0.09625,0.02375,0.005,6.25e-08,-0.00159078,-0.00777485,-0.0018161124999999932,-0.007693244999999982,0.0002253324999999932,-8.160500000001757e-05,0.00023965414993538042
0.09875,0.02375,0.005,6.25e-08,-0.000186964,-0.00190291,-0.00019507124999999784,-0.002079399999999987,8.107249999997844e-06,0.00017648999999998684,0.00017667610931463773
0.00125,0.02625,0.005,6.25e-08,-0.000449076,0.00646953,-0.00035914225,0.0064727625,-8.993375000000003e-05,-3.232499999999451e-06,8.999182432483799e-05
0.00375,0.02625,0.005,6.25e-08,-0.00280332,0.0183448,-0.0030131025,0.018537025,0.00020978249999999967,-0.00019222499999999726,0.000284533210594561
0.00625,0.02625,0.005,6.25e-08,-0.00760927,0.0288203,-0.007817457500000001,0.029190175,0.00020818750000000177,-0.0003698749999999987,0.00042444027940482956
0.00875,0.02625,0.005,6.25e-08,-0.014114,0.0377455,-0.014321725000000002,0.038280025,0.00020772500000000235,-0.000534525000000001,0.0005734689627608472
0.01125,0.02625,0.005,6.25e-08,-0.0218696,0.0450916,-0.0221411,0.04576505,0.0002715000000000009,-0.000673449999999999,0.0007261178640551403
0.01375,0.02625,0.005,6.25e-08,-0.030583,0.0508969,-0.030950349999999998,0.051677475,0.00036734999999999893,-0.0007805749999999986,0.0008626953999674492
0.01625,0.02625,0.005,6.25e-08,-0.0399926,0.0552387,-0.040474775000000004,0.0560922,0.00048217500000000135,-0.0008535000000000001,0.0009802831124858784
0.01875,0.02625,0.005,6.25e-08,-0.049869,0.0582102,-0.050480575,0.0591022,0.0006115750000000031,-0.0008920000000000039,0.0010815211420148064
0.02125,0.02625,0.005,6.25e-08,-0.0600146,0.0599036,-0.060765475000000006,0.0608002,0.000750875000000005,-0.0008965999999999974,0.001169489130186768
0.02375,0.02625,0.005,6.25e-08,-0.0702548,0.0603988,-0.071150325,0.061267249999999995,0.0008955249999999942,-0.0008684499999999928,0.0012474656019806627
0.02625,0.02625,0.005,6.25e-08,-0.0804302,0.0597579,-0.08147172500000001,0.06056665,0.0010415250000000154,-0.000808749999999997,0.0013186549541578446
0.02875,0.02625,0.005,6.25e-08,-0.0903915,0.0580253,-0.091576275,0.058743750000000004,0.001184774999999999,-0.0007184500000000024,0.0013855909219986256
0.03125,0.02625,0.005,6.25e-08,-0.0999949,0.0552299,-0.101315875,0.05582912500000001,0.001320975000000002,-0.0005992250000000088,0.001450532850800014
0.03375,0.02625,0.005,6.25e-08,-0.109099,0.0513922,-0.11054625,0.051844749999999995,0.0014472499999999971,-0.000452549999999996,0.0015163555206481058
0.03625,0.02625,0.005,6.25e-08,-0.117563,0.0465309,-0.11912125000000001,0.0468119,0.001558250000000011,-0.00028099999999999653,0.0015833837382327862
0.03875,0.02625,0.005,6.25e-08,-0.125248,0.0406712,-0.12689650000000002,0.040759624999999994,0.001648500000000025,-8.842499999999615e-05,0.001650869840606788
0.04125,0.02625,0.005,6.25e-08,-0.132011,0.0338531,-0.13372625,0.033732975,0.0017152500000000015,0.0001201249999999987,0.0017194512433113668
0.04375,0.02625,0.005,6.25e-08,-0.137715,0.0261389,-0.13946799999999998,0.0258007,0.0017529999999999768,0.0003382000000000003,0.0017853258078008951
0.04625,0.02625,0.005,6.25e-08,-0.142223,0.0176188,-0.14398075,0.01706145,0.0017577500000000024,0.0005573500000000016,0.0018439967692487995
0.04875,0.02625,0.005,6.25e-08,-0.145406,0.00841684,-0.14713175,0.0076490025,0.0017257499999999981,0.0007678375000000001,0.0018888587795031803
0.05125,0.02625,0.005,6.25e-08,-0.147144,-0.00130605,-0.14879775,-0.0022646297500000002,0.0016537500000000094,0.0009585797500000002,0.001911482199658185
0.05375,0.02625,0.005,6.25e-08,-0.147332,-0.0113501,-0.1488725,-0.01246785,0.0015405000000000002,0.0011177500000000007,0.0019032880266790946
0.05625,0.02625,0.005,6.25e-08,-0.145885,-0.0214772,-0.14727375,-0.0227105,0.001388750000000022,0.0012333000000000031,0.0018573248107156886
0.05875,0.02625,0.005,6.25e-08,-0.142747,-0.0314133,-0.14394825,-0.032707649999999984,0.001201249999999987,0.0012943499999999858,0.0017658832025363206
0.06125,0.02625,0.005,6.25e-08,-0.137897,-0.0408542,-0.13888325,-0.042146675,0.0009862500000000218,0.0012924750000000013,0.001625786175401011
0.06375,0.02625,0.005,6.25e-08,-0.131361,-0.0494749,-0.13211374999999997,-0.05069780000000002,0.0007527499999999687,0.0012229000000000198,0.0014360073023839404
0.06625,0.02625,0.005,6.25e-08,-0.123215,-0.0569426,-0.12373024999999997,-0.058028700000000016,0.0005152499999999671,0.0010861000000000134,0.0012021213634654346
0.06875,0.02625,0.005,6.25e-08,-0.113597,-0.0629341,-0.11388774999999998,-0.06382250000000002,0.0002907499999999785,0.0008884000000000114,0.0009347674162592574
0.07125,0.02625,0.005,6.25e-08,-0.102713,-0.0671562,-0.10280565000000003,-0.06779917499999999,9.265000000002743e-05,0.0006429749999999901,0.0006496159427885005
0.07375,0.02625,0.005,6.25e-08,-0.0908324,-0.0693695,-0.09076940000000003,-0.06973835,-6.299999999996586e-05,0.0003688500000000039,0.0003741915585632559
0.07625,0.02625,0.005,6.25e-08,-0.0782897,-0.0694123,-0.07812410000000003,-0.06950215,-0.0001655999999999741,8.985000000000243e-05,0.00018840483672133223
0.07875,0.02625,0.005,6.25e-08,-0.0654718,-0.0672241,-0.06526162499999996,-0.06705584999999999,-0.00021017500000003464,-0.00016825000000000867,0.00026922405747818577
0.08125,0.02625,0.005,6.25e-08,-0.052802,-0.0628644,-0.05260307499999997,-0.062483099999999986,-0.00019892500000003033,-0.00038130000000001496,0.00043007074490718786
0.08375,0.02625,0.005,6.25e-08,-0.040717,-0.0565243,-0.04057609999999997,-0.05599479999999998,-0.00014090000000003405,-0.000529500000000023,0.0005479261446582322
0.08625,0.02625,0.005,6.25e-08,-0.0296405,-0.0485291,-0.02958895000000003,-0.047928925000000025,-5.1549999999969676e-05,-0.0006001749999999736,0.0006023847882582737
0.08875,0.02625,0.005,6.25e-08,-0.0199553,-0.0393303,-0.020004925000000028,-0.03874162500000002,4.962500000002881e-05,-0.000588674999999976,0.0005907629780630932
0.09125,0.02625,0.005,6.25e-08,-0.0119717,-0.0294884,-0.01211872500000002,-0.02899072500000003,0.00014702500000001936,-0.0004976749999999718,0.0005189381044498251
0.09375,0.02625,0.005,6.25e-08,-0.00589864,-0.0196452,-0.0061385549999999995,-0.019312375,0.0002399149999999994,-0.00033282500000000187,0.0004102824488690699
0.09625,0.02625,0.005,6.25e-08,-0.00190678,-0.0104915,-0.0021745724999999915,-0.010394709999999977,0.0002677924999999915,-9.679000000002366e-05,0.000284747479631076
0.09875,0.02625,0.005,6.25e-08,-0.000227399,-0.00276182,-0.0002346487499999974,-0.002948882499999982,7.2497499999973805e-06,0.00018706249999998195,0.00018720293208522592
0.00125,0.02875,0.005,6.25e-08,-0.000486044,0.00797386,-0.0003873055,0.0079328975,-9.873849999999997e-05,4.096250000000003e-05,0.00010689816550577469
0.00375,0.02875,0.005,6.25e-08,-0.00302385,0.0222827,-0.0032448449999999997,0.022489375,0.00022099499999999987,-0.00020667499999999991,0.00030257783403613676
0.00625,0.02875,0.005,6.25e-08,-0.00819194,0.0346941,-0.008407330000000001,0.0351248,0.00021539000000000107,-0.00043069999999999914,0.00048155512882742686
0.00875,0.02875,0.005,6.25e-08,-0.0151705,0.0451301,-0.015381725000000002,0.04575997500000001,0.00021122500000000238,-0.0006298750000000089,0.0006643481890168831
0.01125,0.02875,0.005,6.25e-08,-0.0234721,0.0536269,-0.023748975,0.05442105,0.00027687499999999934,-0.0007941500000000004,0.0008410315024569533
0.01375,0.02875,0.005,6.25e-08,-0.0327797,0.06028,-0.033157575,0.061199525000000005,0.00037787499999999974,-0.0009195250000000044,0.0009941407049557963
0.01625,0.02875,0.005,6.25e-08,-0.0428135,0.0652138,-0.04331405,0.06621955,0.0005005500000000024,-0.0010057499999999997,0.00112342483727217
0.01875,0.02875,0.005,6.25e-08,-0.0533315,0.0685596,-0.053971849999999995,0.069613075,0.0006403499999999979,-0.0010534749999999982,0.0012328250882120274
0.02125,0.02875,0.005,6.25e-08,-0.0641289,0.0704381,-0.064921425,0.0715023,0.0007925250000000023,-0.0010642000000000013,0.0013268826306893184
0.02375,0.02875,0.005,6.25e-08,-0.0750274,0.0709498,-0.075979925,0.07198915,0.0009525250000000096,-0.0010393500000000083,0.001409805766098662
0.02625,0.02875,0.005,6.25e-08,-0.0858666,0.0701706,-0.08698337499999999,0.071150825,0.0011167749999999865,-0.0009802250000000012,0.0014859432866869355
0.02875,0.02875,0.005,6.25e-08,-0.0964981,0.0681532,-0.097779475,0.06904085,0.0012813750000000013,-0.0008876500000000037,0.0015587958214997274
0.03125,0.02875,0.005,6.25e-08,-0.10678,0.0649309,-0.1082225,0.06569370000000001,0.0014424999999999993,-0.0007628000000000079,0.0016317690063241213
0.03375,0.02875,0.005,6.25e-08,-0.116572,0.0605256,-0.11816825,0.061132375,0.0015962500000000074,-0.0006067750000000038,0.001707685557450501
0.03625,0.02875,0.005,6.25e-08,-0.125735,0.0549558,-0.12747325,0.0553776,0.0017382499999999967,-0.00042179999999999995,0.0017886945805530882
0.03875,0.02875,0.005,6.25e-08,-0.134128,0.0482459,-0.13599175,0.048457175000000005,0.0018637499999999974,-0.00021127500000000382,0.0018756868576937334
0.04125,0.02875,0.005,6.25e-08,-0.141608,0.0404356,-0.1435755,0.040415275,0.001967499999999983,2.0325000000001592e-05,0.001967604979569053
0.04375,0.02875,0.005,6.25e-08,-0.148031,0.0315877,-0.150074,0.031320975,0.002043000000000017,0.0002667250000000024,0.002060337648451115
0.04625,0.02875,0.005,6.25e-08,-0.15325,0.0217953,-0.155337,0.021275875,0.0020870000000000055,0.0005194250000000004,0.002150667647644569
0.04875,0.02875,0.005,6.25e-08,-0.157124,0.0111884,-0.1592155,0.010420005,0.002091499999999996,0.0007683949999999998,0.002228183817826748
0.05125,0.02875,0.005,6.25e-08,-0.159514,-6.18427e-05,-0.16156625,-0.001063631,0.0020522500000000055,0.0010017883,0.0022837052919579865
0.05375,0.02875,0.005,6.25e-08,-0.160292,-0.0117399,-0.16225875,-0.012946125,0.001966750000000017,0.001206225,0.0023071810317192424
0.05625,0.02875,0.005,6.25e-08,-0.159347,-0.023585,-0.16118,-0.0249525,0.0018330000000000013,0.0013675000000000007,0.002286907354922802
0.05875,0.02875,0.005,6.25e-08,-0.156592,-0.0352922,-0.15824425,-0.03676404999999998,0.001652249999999994,0.001471849999999976,0.002212752242118378
0.06125,0.02875,0.005,6.25e-08,-0.151973,-0.0465172,-0.15340399999999998,-0.048024475000000004,0.0014309999999999878,0.0015072750000000024,0.002078374106272731
0.06375,0.02875,0.005,6.25e-08,-0.145482,-0.0568848,-0.14665999999999996,-0.05835050000000003,0.0011779999999999569,0.001465700000000028,0.00188041497813647
0.06625,0.02875,0.005,6.25e-08,-0.137166,-0.0660027,-0.13807424999999995,-0.06734682500000003,0.0009082499999999438,0.0013441250000000293,0.0016222176420335765
0.06875,0.02875,0.005,6.25e-08,-0.12714,-0.0734803,-0.12777824999999998,-0.07462690000000002,0.0006382499999999791,0.0011466000000000254,0.001312270788557008
0.07125,0.02875,0.005,6.25e-08,-0.115595,-0.0789524,-0.11598150000000004,-0.07983744999999998,0.0003865000000000396,0.0008850499999999706,0.0009657617472751644
0.07375,0.02875,0.005,6.25e-08,-0.1028,-0.082107,-0.10297427500000003,-0.08268667499999999,0.00017427500000002927,0.0005796749999999878,0.0006053056097955776
0.07625,0.02875,0.005,6.25e-08,-0.0891074,-0.0827165,-0.08912332500000003,-0.082973775,1.5925000000027723e-05,0.00025727500000000125,0.0002577673975699827
0.07875,0.02875,0.005,6.25e-08,-0.0749398,-0.080667,-0.07486152499999996,-0.0806161,-7.827500000004428e-05,-5.0900000000006496e-05,9.336908281121537e-05
0.08125,0.02875,0.005,6.25e-08,-0.0607751,-0.0759854,-0.06066852499999996,-0.07567112499999999,-0.00010657500000003928,-0.00031427500000000275,0.00033185389292580264
0.08375,0.02875,0.005,6.25e-08,-0.0471213,-0.0688568,-0.047045074999999964,-0.06835014999999998,-7.62250000000339e-05,-0.0005066500000000113,0.0005123519036024132
0.08625,0.02875,0.005,6.25e-08,-0.0344851,-0.0596311,-0.03448202500000003,-0.059020575000000026,-3.0749999999704625e-06,-0.0006105249999999729,0.0006105327437983706
0.08875,0.02875,0.005,6.25e-08,-0.0233372,-0.0488148,-0.02342802500000003,-0.04819652500000003,9.082500000003046e-05,-0.0006182749999999668,0.000624910518594434
0.09125,0.02875,0.005,6.25e-08,-0.0140716,-0.0370505,-0.014259500000000022,-0.03651777500000004,0.00018790000000002208,-0.0005327249999999631,0.0005648914370257076
0.09375,0.02875,0.005,6.25e-08,-0.00696876,-0.0250815,-0.007255517499999999,-0.0247207,0.0002867574999999992,-0.00036079999999999793,0.0004608758008468746
0.09625,0.02875,0.005,6.25e-08,-0.00226637,-0.0137103,-0.0025812824999999905,-0.013603074999999971,0.0003149124999999903,-0.00010722500000002848,0.0003326666248382155
0.09875,0.02875,0.005,6.25e-08,-0.000273946,-0.0037873,-0.0002797129999999969,-0.003987934999999976,5.766999999996911e-06,0.00020063499999997637,0.00020071786545793695
0.00125,0.03125,0.005,6.25e-08,-0.000517826,0.00958518,-0.00041148175000000004,0.00949482,-0.00010634424999999995,9.036000000000113e-05,0.00013954937874481095
0.00375,0.03125,0.005,6.25e-08,-0.003214,0.0264911,-0.0034440024999999996,0.026710075,0.00023000249999999972,-0.00021897499999999973,0.00031757078050609404
0.00625,0.03125,0.005,6.25e-08,-0.00869558,0.0409593,-0.00891519,0.041451425,0.0002196100000000003,-0.000492125000000003,0.0005389021875303561
0.00875,0.03125,0.005,6.25e-08,-0.0160861,0.0529922,-0.016296425000000003,0.053720175,0.00021032500000000426,-0.0007279749999999988,0.0007577494350047382
0.01125,0.03125,0.005,6.25e-08,-0.0248643,0.0626984,-0.025139925,0.06361787499999999,0.00027562500000000156,-0.000919474999999989,0.0009598976071696297
0.01375,0.03125,0.005,6.25e-08,-0.034693,0.0702374,-0.035072325,0.071302325,0.0003793249999999998,-0.0010649249999999943,0.0011304657054727436
0.01625,0.03125,0.005,6.25e-08,-0.0452771,0.0757874,-0.04578430000000001,0.076953375,0.0005072000000000063,-0.0011659749999999997,0.0012715146639441504
0.01875,0.03125,0.005,6.25e-08,-0.0563644,0.0795226,-0.057019249999999994,0.080747325,0.0006548499999999915,-0.001224724999999996,0.0013888051872472896
0.02125,0.03125,0.005,6.25e-08,-0.0677442,0.0815967,-0.068561825,0.08284037500000001,0.0008176250000000024,-0.0012436750000000135,0.001488367611260752
0.02375,0.03125,0.005,6.25e-08,-0.0792364,0.0821339,-0.080227625,0.083358475,0.0009912249999999984,-0.0012245750000000055,0.0015754716535850495
0.02625,0.03125,0.005,6.25e-08,-0.0906813,0.0812264,-0.09185357499999999,0.08239515,0.0011722749999999865,-0.0011687499999999962,0.0016553565290066546
0.02875,0.03125,0.005,6.25e-08,-0.101933,0.0789362,-0.10329025,0.08001335000000001,0.0013572500000000043,-0.0010771500000000128,0.0017327376272823416
0.03125,0.03125,0.005,6.25e-08,-0.112853,0.0753018,-0.1143955,0.076251925,0.0015425000000000022,-0.0009501249999999961,0.001811641180152681
0.03375,0.03125,0.005,6.25e-08,-0.123306,0.070346,-0.12503,0.07113472500000001,0.0017240000000000033,-0.000788725000000004,0.0018958541941892625
0.03625,0.03125,0.005,6.25e-08,-0.133155,0.0640861,-0.13505325,0.06468035,0.001898250000000018,-0.0005942500000000045,0.0019890917839557013
0.03875,0.03125,0.005,6.25e-08,-0.142261,0.056544,-0.1443205,0.056913225,0.002059499999999992,-0.0003692250000000008,0.00209233538196556
0.04125,0.03125,0.005,6.25e-08,-0.150479,0.0477559,-0.1526825,0.047873700000000005,0.002203499999999997,-0.00011780000000000818,0.0022066465711572366
0.04375,0.03125,0.005,6.25e-08,-0.157663,0.0377818,-0.1599845,0.03762735,0.002321500000000004,0.00015445000000000042,0.0023266321265941504
0.04625,0.03125,0.005,6.25e-08,-0.163658,0.0267136,-0.16606675,0.026273925,0.002408750000000015,0.0004396750000000005,0.002448548686084284
0.04875,0.03125,0.005,6.25e-08,-0.168308,0.0146824,-0.17076524999999998,0.013954525,0.0024572499999999664,0.0007278749999999994,0.0025627874625346585
0.05125,0.03125,0.005,6.25e-08,-0.171458,0.00186464,-0.17391775,0.0008576387499999999,0.0024597500000000105,0.0010070012500000003,0.0026578979626768248
0.05375,0.03125,0.005,6.25e-08,-0.172956,-0.0115136,-0.1753665,-0.012776049999999999,0.00241050000000001,0.0012624499999999983,0.0027210825515775966
0.05625,0.03125,0.005,6.25e-08,-0.172662,-0.0251737,-0.174966,-0.026651499999999998,0.0023040000000000005,0.0014777999999999979,0.0027372082200665692
0.05875,0.03125,0.005,6.25e-08,-0.170453,-0.0387837,-0.1725935,-0.04041979999999998,0.0021405000000000174,0.0016360999999999806,0.002694172128873731
0.06125,0.03125,0.005,6.25e-08,-0.166238,-0.0519606,-0.16815950000000002,-0.053682524999999995,0.0019215000000000204,0.0017219249999999922,0.00258015270005964
0.06375,0.03125,0.005,6.25e-08,-0.159966,-0.0642786,-0.16162349999999998,-0.06600122500000002,0.0016574999999999784,0.0017226250000000193,0.0023905528943374155
0.06625,0.03125,0.005,6.25e-08,-0.151648,-0.0752817,-0.15300724999999996,-0.07691267500000003,0.0013592499999999508,0.0016309750000000345,0.0021231203482433535
0.06875,0.03125,0.005,6.25e-08,-0.141363,-0.0845041,-0.14240824999999996,-0.08595085000000002,0.0010452499999999698,0.0014467500000000244,0.0017848342009833876
0.07125,0.03125,0.005,6.25e-08,-0.129278,-0.0914961,-0.13001550000000003,-0.09267562499999998,0.0007375000000000298,0.0011795249999999868,0.0013911094405635429
0.07375,0.03125,0.005,6.25e-08,-0.115652,-0.0958575,-0.11611325000000003,-0.09670625,0.00046125000000002414,0.0008487499999999953,0.0009659855718384278
0.07625,0.03125,0.005,6.25e-08,-0.100846,-0.0972744,-0.10108385000000004,-0.09775865,0.00023785000000003942,0.0004842500000000055,0.0005395096709050025
0.07875,0.03125,0.005,6.25e-08,-0.0853145,-0.0955592,-0.08539804999999995,-0.09568137499999999,8.354999999994617e-05,0.00012217499999998827,0.00014801126012904605
0.08125,0.03125,0.005,6.25e-08,-0.0695911,-0.0906859,-0.06959677499999994,-0.09048669999999998,5.674999999941144e-06,-0.00019920000000002436,0.00019928082101649682
0.08375,0.03125,0.005,6.25e-08,-0.0542614,-0.0828172,-0.05426142499999996,-0.08237159999999998,2.4999999959085528e-08,-0.0004456000000000182,0.0004456000007013198
0.08625,0.03125,0.005,6.25e-08,-0.0399267,-0.0723172,-0.039978100000000044,-0.07172467500000003,5.140000000004169e-05,-0.0005925249999999688,0.000594750229613211
0.08875,0.03125,0.005,6.25e-08,-0.0271613,-0.0597457,-0.027296800000000038,-0.05911732500000004,0.00013550000000003837,-0.0006283749999999588,0.000642818318520061
0.09125,0.03125,0.005,6.25e-08,-0.0164609,-0.045834,-0.016692500000000027,-0.045278975000000034,0.00023160000000002623,-0.000555024999999966,0.0006014077739977879
0.09375,0.03125,0.005,6.25e-08,-0.00819406,-0.0314413,-0.0085316275,-0.031060300000000002,0.00033756750000000016,-0.0003809999999999959,0.0005090312535161736
0.09625,0.03125,0.005,6.25e-08,-0.00268161,-0.0175014,-0.0030484424999999886,-0.017388499999999963,0.00036683249999998856,-0.00011290000000003728,0.00038381309651476205
0.09875,0.03125,0.005,6.25e-08,-0.000328832,-0.00500436,-0.0003318077499999963,-0.005221322499999969,2.975749999996303e-06,0.00021696249999996874,0.00021698290599560813
0.00125,0.03375,0.005,6.25e-08,-0.000543852,0.011287,-0.00043126375,0.01114227,-0.00011258825000000003,0.0001447300000000009,0.00018336544641252004
0.00375,0.03375,0.005,6.25e-08,-0.00337078,0.0309289,-0.0036074099999999997,0.0311571,0.00023662999999999983,-0.00022820000000000132,0.00032873849318265197
0.00625,0.03375,0.005,6.25e-08,-0.00911265,0.0475579,-0.009333200000000002,0.048109925,0.00022055000000000165,-0.0005520249999999977,0.0005944526079722405
0.00875,0.03375,0.005,6.25e-08,-0.0168471,0.0612629,-0.017051825000000003,0.06208905000000001,0.00020472500000000282,-0.0008261500000000047,0.000851138148672123
0.01125,0.03375,0.005,6.25e-08,-0.0260255,0.072231,-0.026292725,0.07327729999999999,0.0002672249999999994,-0.0010462999999999861,0.001079885591451692
0.01375,0.03375,0.005,6.25e-08,-0.0362941,0.0806914,-0.0366648,0.08190485,0.00037069999999999464,-0.0012134500000000048,0.0012688102271419504
0.01625,0.03375,0.005,6.25e-08,-0.0473454,0.0868815,-0.047846099999999996,0.088212475,0.0005006999999999928,-0.0013309749999999981,0.0014220390081235421
0.01875,0.03375,0.005,6.25e-08,-0.058919,0.091023,-0.059572150000000004,0.0924258,0.0006531500000000051,-0.0014027999999999957,0.0015474019395425335
0.02125,0.03375,0.005,6.25e-08,-0.0708003,0.0933067,-0.0716239,0.09473875000000001,0.0008236000000000077,-0.0014320500000000042,0.0016519939959031402
0.02375,0.03375,0.005,6.25e-08,-0.0828086,0.0938837,-0.0838167,0.0953049,0.0010080999999999979,-0.0014211999999999975,0.0017424336572736388
0.02625,0.03375,0.005,6.25e-08,-0.0947868,0.0928644,-0.095990075,0.09423625,0.0012032749999999898,-0.001371849999999994,0.0018247857814343465
0.02875,0.03375,0.005,6.25e-08,-0.106593,0.0903223,-0.10799924999999999,0.091606775,0.0014062499999999978,-0.0012844750000000071,0.0019045774040781361
0.03125,0.03375,0.005,6.25e-08,-0.118095,0.0863012,-0.11970800000000001,0.087460475,0.0016130000000000033,-0.0011592750000000013,0.001986375474482358
0.03375,0.03375,0.005,6.25e-08,-0.129162,0.0808249,-0.13098375,0.081821425,0.0018217500000000109,-0.000996524999999998,0.0020764958796311243
0.03625,0.03375,0.005,6.25e-08,-0.139663,0.0739084,-0.14169025,0.0747054,0.0020272499999999805,-0.000797000000000006,0.002178290972872984
0.03875,0.03375,0.005,6.25e-08,-0.149464,0.065569,-0.151688,0.06613122499999999,0.002223999999999976,-0.0005622249999999857,0.0022939644614999766
0.04125,0.03375,0.005,6.25e-08,-0.158421,0.0558368,-0.16082875,0.056132125,0.0024077499999999863,-0.00029532499999999906,0.002425794079909697
0.04375,0.03375,0.005,6.25e-08,-0.166386,0.0447654,-0.168956,0.04476635,0.002569999999999989,-9.500000000065012e-07,0.0025700001755836407
0.04625,0.03375,0.005,6.25e-08,-0.173199,0.0324407,-0.17590375,0.032126575,0.0027047500000000058,0.00031412500000000537,0.00272292987021793
0.04875,0.03375,0.005,6.25e-08,-0.178693,0.0189897,-0.181496,0.0183491,0.002803,0.0006406000000000016,0.00287526996297739
0.05125,0.03375,0.005,6.25e-08,-0.182697,0.00458797,-0.1855505,0.0036214625,0.002853500000000009,0.0009665075000000003,0.0030127394506588687
0.05375,0.03375,0.005,6.25e-08,-0.185034,-0.0105337,-0.18788425,-0.011810689999999999,0.0028502499999999986,0.0012769899999999987,0.0031232400680383165
0.05625,0.03375,0.005,6.25e-08,-0.185536,-0.0260852,-0.18831825,-0.027638875,0.002782249999999986,0.0015536750000000009,0.0031866629988319952
0.05875,0.03375,0.005,6.25e-08,-0.184042,-0.0417134,-0.18668925,-0.04348949999999998,0.00264724999999999,0.0017760999999999819,0.0031878619437641716
0.06125,0.03375,0.005,6.25e-08,-0.180418,-0.0570005,-0.18286125000000003,-0.058925725000000005,0.0024432500000000357,0.0019252250000000026,0.00311062081635245
0.06375,0.03375,0.005,6.25e-08,-0.174565,-0.0714709,-0.17674299999999998,-0.07345477500000004,0.0021779999999999855,0.0019838750000000377,0.00294608961432355
0.06625,0.03375,0.005,6.25e-08,-0.166446,-0.084603,-0.16830549999999997,-0.08654217500000003,0.0018594999999999584,0.001939175000000029,0.002686659623142641
0.06875,0.03375,0.005,6.25e-08,-0.156093,-0.0958492,-0.15760049999999998,-0.09763415000000002,0.0015074999999999672,0.0017849500000000212,0.0023363652866150823
0.07125,0.03375,0.005,6.25e-08,-0.143636,-0.104664,-0.14478125000000003,-0.10618999999999998,0.0011452500000000143,0.0015259999999999857,0.0019079500943420897
0.07375,0.03375,0.005,6.25e-08,-0.129312,-0.11054,-0.13011250000000005,-0.11171999999999999,0.0008005000000000373,0.0011799999999999866,0.001425903310186223
0.07625,0.03375,0.005,6.25e-08,-0.113477,-0.113056,-0.11398100000000005,-0.11383399999999999,0.00050400000000006,0.000777999999999987,0.0009269843580126043
0.07875,0.03375,0.005,6.25e-08,-0.0966093,-0.111925,-0.09688822499999994,-0.11228474999999999,0.0002789249999999438,0.000359749999999992,0.00045521337647850695
0.08125,0.03375,0.005,6.25e-08,-0.0792948,-0.107043,-0.07943499999999995,-0.10701524999999998,0.00014019999999995147,-2.7750000000020814e-05,0.0001429199163867218
0.08375,0.03375,0.005,6.25e-08,-0.0622007,-0.0985255,-0.06228977499999995,-0.09818707499999997,8.907499999995239e-05,-0.00033842500000003106,0.00034995119123959635
0.08625,0.03375,0.005,6.25e-08,-0.046034,-0.0867368,-0.04614605000000005,-0.08619635000000003,0.000112050000000051,-0.0005404499999999701,0.0005519432987182462
0.08875,0.03375,0.005,6.25e-08,-0.0314903,-0.0722835,-0.031673025000000035,-0.07166845000000005,0.00018272500000003633,-0.0006150499999999504,0.000641618989841286
0.09125,0.03375,0.005,6.25e-08,-0.0191877,-0.0559912,-0.01946477500000003,-0.05542885000000005,0.00027707500000003285,-0.0005623499999999476,0.0006269035636562926
0.09375,0.03375,0.005,6.25e-08,-0.00960395,-0.0388505,-0.00999579,-0.0384583,0.0003918399999999992,-0.00039220000000000227,0.0005544000591630571
0.09625,0.03375,0.005,6.25e-08,-0.00316464,-0.0219493,-0.0035882049999999867,-0.021835749999999952,0.00042356499999998687,-0.00011355000000004903,0.00043852127853161247
0.09875,0.03375,0.005,6.25e-08,-0.000394322,-0.00644441,-0.0003924834999999957,-0.006679769999999961,-1.8385000000043362e-06,0.00023535999999996053,0.00023536718055462073
0.00125,0.03625,0.005,6.25e-08,-0.000563568,0.013061,-0.00044627174999999997,0.012857582499999999,-0.00011729625,0.0002034175000000006,0.00023481288203655427
0.00375,0.03625,0.005,6.25e-08,-0.00349135,0.0355515,-0.0037321524999999996,0.035784575,0.00024080249999999977,-0.00023307499999999925,0.00033512654271371814
0.00625,0.03625,0.005,6.25e-08,-0.00943617,0.0544268,-0.0096542175,0.05503497500000001,0.00021804749999999873,-0.0006081750000000094,0.0006460816843722323
0.00875,0.03625,0.005,6.25e-08,-0.0174411,0.0698671,-0.01763525,0.07078835,0.00019415000000000057,-0.0009212499999999985,0.0009414859451951459
0.01125,0.03625,0.005,6.25e-08,-0.0269366,0.0821422,-0.027187749999999997,0.083313475,0.00025114999999999513,-0.0011712749999999994,0.0011978987637212904
0.01375,0.03625,0.005,6.25e-08,-0.0375561,0.0915555,-0.0379071,0.09291705,0.00035099999999999715,-0.001361550000000003,0.00140606521986002
0.01625,0.03625,0.005,6.25e-08,-0.0489819,0.0984079,-0.049461849999999995,0.099905325,0.0004799499999999929,-0.0014974249999999967,0.001572461011639075
0.01875,0.03625,0.005,6.25e-08,-0.0609478,0.102973,-0.061581575,0.10455724999999999,0.0006337749999999961,-0.0015842499999999954,0.0017063173248622252
0.02125,0.03625,0.005,6.25e-08,-0.0732367,0.105482,-0.07404515,0.10710800000000001,0.0008084500000000022,-0.0016260000000000024,0.0018158930041442451
0.02375,0.03625,0.005,6.25e-08,-0.0856687,0.106117,-0.08666902500000001,0.10774224999999998,0.0010003250000000102,-0.0016252499999999809,0.0019084254421184387
0.02625,0.03625,0.005,6.25e-08,-0.0980907,0.105007,-0.099296975,0.10659275,0.0012062749999999928,-0.0015857499999999969,0.001992411212105817
0.02875,0.03625,0.005,6.25e-08,-0.110367,0.102241,-0.11179025,0.10374649999999999,0.001423249999999987,-0.001505499999999993,0.0020717554905200423
0.03125,0.03625,0.005,6.25e-08,-0.122371,0.0978669,-0.12402025000000001,0.09925335,0.0016492500000000188,-0.0013864499999999974,0.0021545925751751895
0.03375,0.03625,0.005,6.25e-08,-0.133982,0.0919111,-0.13586275,0.09313795,0.0018807500000000144,-0.0012268500000000016,0.0022455247682891537
0.03625,0.03625,0.005,6.25e-08,-0.145077,0.0843849,-0.14719000000000002,0.0854119,0.0021130000000000038,-0.0010270000000000001,0.0023493611897705334
0.03875,0.03625,0.005,6.25e-08,-0.155527,0.0752993,-0.15786975000000003,0.0760869,0.0023427500000000323,-0.0007875999999999994,0.0024715969174807107
0.04125,0.03625,0.005,6.25e-08,-0.165194,0.0646757,-0.16775825,0.065186125,0.00256424999999999,-0.0005104249999999949,0.0026145576572577135
0.04375,0.03625,0.005,6.25e-08,-0.17393,0.0525573,-0.17670075000000002,0.052756325,0.0027707500000000163,-0.0001990249999999985,0.0027778888590303773
0.04625,0.03625,0.005,6.25e-08,-0.181574,0.0390195,-0.18452775,0.0388782,0.0029537499999999772,0.00014129999999999698,0.0029571277876513664
0.04875,0.03625,0.005,6.25e-08,-0.187952,0.0241795,-0.19105525,0.0236769,0.003103250000000002,0.0005025999999999989,0.003143686899565542
0.05125,0.03625,0.005,6.25e-08,-0.192877,0.00820588,-0.19608650000000002,0.0073317750000000004,0.0032095000000000318,0.000874105,0.003326401930167971
0.05375,0.03625,0.005,6.25e-08,-0.196155,-0.00867319,-0.19941375,-0.0099145,0.0032587500000000047,0.001241309999999999,0.0034871624680533637
0.05625,0.03625,0.005,6.25e-08,-0.197587,-0.0261638,-0.20082624999999998,-0.027748250000000002,0.0032392499999999713,0.0015844500000000011,0.0036059981094004774
0.05875,0.03625,0.005,6.25e-08,-0.196975,-0.0439001,-0.20011925,-0.04577922499999998,0.0031442499999999873,0.0018791249999999815,0.003662979501461188
0.06125,0.03625,0.005,6.25e-08,-0.194136,-0.0614352,-0.197107,-0.06353875,0.0029710000000000014,0.0021035500000000026,0.003640297186013804
0.06375,0.03625,0.005,6.25e-08,-0.188921,-0.0782478,-0.19164024999999996,-0.08048365000000005,0.002719249999999951,0.002235850000000039,0.003520418410501784
0.06625,0.03625,0.005,6.25e-08,-0.181234,-0.0937513,-0.183629,-0.09600792500000005,0.0023949999999999805,0.0022566250000000537,0.003290650602939356
0.06875,0.03625,0.005,6.25e-08,-0.17105,-0.107312,-0.17306524999999998,-0.10946450000000003,0.0020152499999999685,0.0021525000000000294,0.0029486418589750774
0.07125,0.03625,0.005,6.25e-08,-0.158445,-0.118278,-0.16004775000000004,-0.12019899999999997,0.0016027500000000416,0.0019209999999999783,0.002501809057961868
0.07375,0.03625,0.005,6.25e-08,-0.143614,-0.126018,-0.14480600000000005,-0.12759325,0.0011920000000000541,0.0015752500000000003,0.001975418072839299
0.07625,0.03625,0.005,6.25e-08,-0.126896,-0.12998,-0.12771225000000005,-0.13112275,0.0008162500000000461,0.001142749999999998,0.001404329599844734
0.07875,0.03625,0.005,6.25e-08,-0.108777,-0.129746,-0.10928749999999995,-0.13041574999999997,0.0005104999999999554,0.000669749999999969,0.0008421254731332575
0.08125,0.03625,0.005,6.25e-08,-0.0898858,-0.1251,-0.09018549999999995,-0.12531124999999999,0.00029969999999994446,0.00021124999999999616,0.00036666967763910485
0.08375,0.03625,0.005,6.25e-08,-0.0709722,-0.116084,-0.07116432499999994,-0.11590749999999997,0.0001921249999999458,-0.00017650000000003774,0.0002608912908185946
0.08625,0.03625,0.005,6.25e-08,-0.0528577,-0.103035,-0.05303635000000005,-0.10258790000000004,0.000178650000000051,-0.0004470999999999642,0.00048147090514379597
0.08875,0.03625,0.005,6.25e-08,-0.0363772,-0.0865965,-0.03660885000000004,-0.08602255000000004,0.00023165000000004154,-0.000573949999999962,0.0006189348309797854
0.09125,0.03625,0.005,6.25e-08,-0.0222958,-0.0676896,-0.02261912500000003,-0.06713735000000005,0.00032332500000003053,-0.0005522499999999486,0.000639936807915409
0.09375,0.03625,0.005,6.25e-08,-0.0112266,-0.0474525,-0.01167555,-0.047059174999999995,0.00044895000000000004,-0.00039332500000000686,0.0005968757476435153
0.09625,0.03625,0.005,6.25e-08,-0.00372745,-0.0271529,-0.004212444999999985,-0.027043799999999944,0.0004849949999999846,-0.00010910000000005637,0.000497114634692037
0.09875,0.03625,0.005,6.25e-08,-0.000472735,-0.00814519,-0.0004632847499999949,-0.00839989249999995,-9.450250000005113e-06,0.0002547024999999502,0.0002548777564466684
0.00125,0.03875,0.005,6.25e-08,-0.000576509,0.0148878,-0.00045620299999999997,0.01462165,-0.00012030600000000004,0.0002661499999999997,0.00029207765429077224
0.00375,0.03875,0.005,6.25e-08,-0.00357345,0.040311,-0.0038159074999999996,0.0405436,0.00024245749999999948,-0.00023259999999999947,0.0003359886892534472
0.00625,0.03875,0.005,6.25e-08,-0.00966057,0.0614985,-0.009872530000000001,0.062156775,0.00021196000000000062,-0.0006582749999999998,0.0006915583975522241
0.00875,0.03875,0.005,6.25e-08,-0.0178581,0.0787238,-0.018036475000000003,0.07973435,0.00017837500000000492,-0.001010549999999999,0.0010261719851589204
0.01125,0.03875,0.005,6.25e-08,-0.027582,0.0923423,-0.027808899999999998,0.09363339999999999,0.00022689999999999863,-0.0012910999999999895,0.0013108862727178024
0.01375,0.03875,0.005,6.25e-08,-0.0384558,0.102735,-0.0387759,0.10424025,0.0003201000000000037,-0.0015052499999999996,0.0015389092151585815
0.01625,0.03875,0.005,6.25e-08,-0.0501547,0.110268,-0.050598825,0.1119295,0.0004441249999999966,-0.0016614999999999963,0.0017198340808418074
0.01875,0.03875,0.005,6.25e-08,-0.0624076,0.115273,-0.063003325,0.117037,0.0005957249999999983,-0.0017640000000000017,0.0018618765468271532
0.02125,0.03875,0.005,6.25e-08,-0.0749966,0.118023,-0.07576732500000001,0.1198435,0.0007707250000000138,-0.0018205000000000027,0.0019769262190645937
0.02375,0.03875,0.005,6.25e-08,-0.087744,0.118733,-0.088709725,0.12056700000000001,0.0009657250000000006,-0.0018340000000000023,0.0020727230339881424
0.02625,0.03875,0.005,6.25e-08,-0.100501,0.117558,-0.101679275,0.11936375,0.0011782750000000064,-0.0018057500000000087,0.0021561690652926653
0.02875,0.03875,0.005,6.25e-08,-0.11314,0.114598,-0.11454500000000001,0.11633525,0.0014050000000000035,-0.0017372499999999957,0.002234292407564416
0.03125,0.03875,0.005,6.25e-08,-0.125544,0.109912,-0.127188,0.111539,0.0016440000000000066,-0.0016270000000000034,0.0023129775182651542
0.03375,0.03875,0.005,6.25e-08,-0.137601,0.103526,-0.13949375,0.10500024999999999,0.0018927499999999986,-0.0014742499999999825,0.0023991489376443353
0.03625,0.03875,0.005,6.25e-08,-0.149199,0.0954481,-0.1513465,0.09672689999999999,0.0021474999999999966,-0.0012787999999999966,0.0024994170700385274
0.03875,0.03875,0.005,6.25e-08,-0.160218,0.0856814,-0.16262274999999998,0.0867215,0.0024047499999999833,-0.0010401000000000021,0.002620044002015982
0.04125,0.03875,0.005,6.25e-08,-0.17053,0.0742363,-0.1731895,0.074994975,0.002659500000000009,-0.0007586750000000003,0.0027655972240413188
0.04375,0.03875,0.005,6.25e-08,-0.179991,0.0611424,-0.182896,0.061578875,0.002904999999999991,-0.00043647499999999867,0.002937607091771285
0.04625,0.03875,0.005,6.25e-08,-0.188443,0.0464598,-0.19157600000000002,0.046536925,0.0031330000000000247,-7.712499999999733e-05,0.0031339491485384945
0.04875,0.03875,0.005,6.25e-08,-0.195707,0.0302905,-0.19904125,0.029977149999999998,0.003334250000000011,0.0003133500000000039,0.00334894181570837
0.05125,0.03875,0.005,6.25e-08,-0.201588,0.0127892,-0.2050855,0.012063034999999998,0.0034975000000000145,0.0007261650000000026,0.0035720892846099334
0.05375,0.03875,0.005,6.25e-08,-0.205876,-0.00582577,-0.2094825,-0.0069745275,0.0036064999999999847,0.0011487575,0.0037850344838331576
0.05625,0.03875,0.005,6.25e-08,-0.208349,-0.0252656,-0.21199325,-0.026826575000000002,0.0036442499999999878,0.0015609750000000026,0.003964492529079216
0.05875,0.03875,0.005,6.25e-08,-0.208771,-0.045164,-0.212373,-0.04709652499999997,0.003601999999999994,0.0019325249999999697,0.004087671326761098
0.06125,0.03875,0.005,6.25e-08,-0.206912,-0.0650525,-0.21038600000000002,-0.06729365,0.003474000000000005,0.0022411499999999973,0.004134178191914328
0.06375,0.03875,0.005,6.25e-08,-0.202567,-0.0843711,-0.20582024999999998,-0.08683237500000004,0.0032532499999999853,0.0024612750000000405,0.004079400714336005
0.06625,0.03875,0.005,6.25e-08,-0.195573,-0.102473,-0.19851524999999998,-0.10503925000000006,0.0029422499999999796,0.0025662500000000615,0.003904161129487383
0.06875,0.03875,0.005,6.25e-08,-0.185837,-0.118638,-0.18838749999999999,-0.12117275000000004,0.0025504999999999833,0.002534750000000044,0.003595832005600392
0.07125,0.03875,0.005,6.25e-08,-0.173363,-0.1321,-0.17546525000000002,-0.13445399999999996,0.0021022500000000277,0.0023539999999999672,0.003156068925498929
0.07375,0.03875,0.005,6.25e-08,-0.158288,-0.142091,-0.15991675000000005,-0.144119,0.0016287500000000399,0.002028000000000002,0.002601078730546259
0.07625,0.03875,0.005,6.25e-08,-0.140906,-0.147898,-0.14208025000000005,-0.14947874999999997,0.0011742500000000433,0.0015807499999999641,0.0019691707962998
0.07875,0.03875,0.005,6.25e-08,-0.121692,-0.148942,-0.12247324999999995,-0.15000049999999998,0.0007812499999999556,0.00105849999999999,0.0013155887702849662
0.08125,0.03875,0.005,6.25e-08,-0.101305,-0.144855,-0.10179134999999995,-0.14537925,0.000486349999999941,0.0005242499999999761,0.0007151044574045931
0.08375,0.03875,0.005,6.25e-08,-0.0805678,-0.135562,-0.08087819999999994,-0.13561124999999996,0.00031039999999994683,4.9249999999972927e-05,0.0003142828701981136
0.08625,0.03875,0.005,6.25e-08,-0.0604226,-0.121342,-0.06067357500000005,-0.12103625000000004,0.0002509750000000491,-0.00030574999999996577,0.00039556480268725086
0.08875,0.03875,0.005,6.25e-08,-0.0418611,-0.102852,-0.04214205000000005,-0.10235245000000007,0.0002809500000000506,-0.000499549999999932,0.0005731344563014516
0.09125,0.03875,0.005,6.25e-08,-0.0258227,-0.0811064,-0.026191625000000038,-0.08058477500000005,0.0003689250000000373,-0.0005216249999999423,0.0006389039804618275
0.09375,0.03875,0.005,6.25e-08,-0.0130881,-0.0574055,-0.013595874999999999,-0.0570223,0.0005077749999999985,-0.0003832000000000002,0.0006361428225052914
0.09625,0.03875,0.005,6.25e-08,-0.00438171,-0.0332246,-0.004932532499999981,-0.03312487499999993,0.0005508224999999818,-9.972500000007128e-05,0.0005597771897203781
0.09875,0.03875,0.005,6.25e-08,-0.000566441,-0.0101507,-0.000545736999999994,-0.01042413999999994,-2.070400000000604e-05,0.0002734399999999391,0.000274222700037701
0.00125,0.04125,0.005,6.25e-08,-0.000582381,0.0167466,-0.00046087925,0.016414525,-0.00012150174999999997,0.0003320750000000011,0.0003536049785821224
0.00375,0.04125,0.005,6.25e-08,-0.00361571,0.0451574,-0.0038573774999999997,0.045383024999999994,0.00024166749999999983,-0.0002256249999999932,0.0003306203580865021
0.00625,0.04125,0.005,6.25e-08,-0.00978255,0.0687022,-0.009984905000000002,0.069402275,0.00020235500000000302,-0.0007000749999999945,0.0007287335258172176
0.00875,0.04125,0.005,6.25e-08,-0.018092,0.0877478,-0.018249325000000004,0.08883875,0.0001573250000000033,-0.0010909499999999933,0.0011022354821565972
0.01125,0.04125,0.005,6.25e-08,-0.0279512,0.102736,-0.028145925,0.10413825,0.00019472499999999976,-0.0014022500000000077,0.0014157057915135552
0.01375,0.04125,0.005,6.25e-08,-0.038977,0.114126,-0.03925475,0.1157675,0.0002777500000000002,-0.0016414999999999902,0.0016648325178527622
0.01625,0.04125,0.005,6.25e-08,-0.050839,0.122354,-0.0512324,0.124173,0.00039339999999999514,-0.0018190000000000012,0.0018610546902227245
0.01875,0.04125,0.005,6.25e-08,-0.0632633,0.12781,-0.06380185000000001,0.12974950000000002,0.0005385500000000126,-0.0019395000000000107,0.002012882597793536
0.02125,0.04125,0.005,6.25e-08,-0.0760314,0.130813,-0.07674117500000001,0.13282575,0.0007097750000000097,-0.00201274999999998,0.002134231269831115
0.02375,0.04125,0.005,6.25e-08,-0.0889689,0.131616,-0.0898723,0.13365624999999998,0.0009033999999999986,-0.0020402499999999657,0.002231311637243856
0.02625,0.04125,0.005,6.25e-08,-0.101933,0.130398,-0.10305,0.1324245,0.0011170000000000069,-0.0020265000000000144,0.002313955758004045
0.02875,0.04125,0.005,6.25e-08,-0.114805,0.127278,-0.11615249999999999,0.129249,0.0013474999999999876,-0.0019710000000000005,0.0023875923542346937
0.03125,0.04125,0.005,6.25e-08,-0.127478,0.122322,-0.12907174999999999,0.12419525,0.0015937499999999771,-0.001873249999999993,0.0024594927576636408
0.03375,0.04125,0.005,6.25e-08,-0.139852,0.11556,-0.14170525,0.11729124999999999,0.0018532500000000007,-0.0017312499999999897,0.0025360918999515706
0.03625,0.04125,0.005,6.25e-08,-0.151828,0.106996,-0.153951,0.10854074999999999,0.0021230000000000138,-0.0015447499999999975,0.002625525007022415
0.03875,0.04125,0.005,6.25e-08,-0.1633,0.0966245,-0.16570000000000001,0.097936525,0.0024000000000000132,-0.0013120249999999944,0.0027352165546122758
0.04125,0.04125,0.005,6.25e-08,-0.174151,0.0844431,-0.1768305,0.0854753,0.0026795000000000013,-0.0010322000000000109,0.002871438157091326
0.04375,0.04125,0.005,6.25e-08,-0.184248,0.0704647,-0.187204,0.07117079999999999,0.002956000000000014,-0.0007060999999999873,0.003039163241749292
0.04625,0.04125,0.005,6.25e-08,-0.193438,0.0547303,-0.19666075,0.055065699999999995,0.0032227499999999965,-0.00033539999999999265,0.0032401559719402355
0.04875,0.04125,0.005,6.25e-08,-0.201547,0.0373208,-0.20501724999999998,0.037244900000000004,0.0034702499999999803,7.58999999999968e-05,0.0034710799288549758
0.05125,0.04125,0.005,6.25e-08,-0.208374,0.0183706,-0.21206325000000004,0.01784875,0.0036892500000000328,0.0005218500000000008,0.00372597544074035
0.05375,0.04125,0.005,6.25e-08,-0.213701,-0.00191818,-0.21756175,-0.0029130402500000003,0.003860749999999996,0.0009948602500000003,0.003986870637421038
0.05625,0.04125,0.005,6.25e-08,-0.217291,-0.0232701,-0.221252,-0.0247472,0.003960999999999992,0.001477100000000002,0.0042274514083546775
0.05875,0.04125,0.005,6.25e-08,-0.218876,-0.0453379,-0.22285625,-0.04726322499999997,0.0039802500000000185,0.0019253249999999708,0.004421455237602777
0.06125,0.04125,0.005,6.25e-08,-0.218176,-0.0676396,-0.22208875,-0.0699617,0.003912749999999993,0.0023221000000000075,0.004549918787462033
0.06375,0.04125,0.005,6.25e-08,-0.214932,-0.0895867,-0.21867575,-0.09222720000000006,0.00374374999999999,0.0026405000000000595,0.004581255757158755
0.06625,0.04125,0.005,6.25e-08,-0.208911,-0.110481,-0.21237849999999997,-0.11332900000000004,0.0034674999999999567,0.002848000000000045,0.004487166171427124
0.06875,0.04125,0.005,6.25e-08,-0.199939,-0.129522,-0.20302599999999996,-0.13243375000000007,0.003086999999999951,0.002911750000000074,0.004243566549790414
0.07125,0.04125,0.005,6.25e-08,-0.187934,-0.145828,-0.190554,-0.14863599999999993,0.002620000000000011,0.0028079999999999217,0.003840477053700441
0.07375,0.04125,0.005,6.25e-08,-0.172947,-0.158479,-0.17504675000000003,-0.16100774999999998,0.002099750000000039,0.0025287499999999685,0.003286871860143015
0.07625,0.04125,0.005,6.25e-08,-0.155204,-0.166582,-0.15677550000000007,-0.16866975,0.001571500000000059,0.0020877499999999993,0.002613103961288219
0.07875,0.04125,0.005,6.25e-08,-0.135141,-0.169356,-0.13622949999999992,-0.17088474999999997,0.001088499999999909,0.0015287499999999676,0.0018766749352244526
0.08125,0.04125,0.005,6.25e-08,-0.113421,-0.166235,-0.11412224999999994,-0.16715625,0.000701249999999945,0.0009212500000000123,0.001157779393926125
0.08375,0.04125,0.005,6.25e-08,-0.0909267,-0.156978,-0.09137149999999994,-0.15732649999999998,0.0004447999999999397,0.00034849999999997383,0.0005650657395382666
0.08625,0.04125,0.005,6.25e-08,-0.0687189,-0.141757,-0.06904775000000007,-0.14164900000000005,0.0003288500000000749,-0.00010799999999994148,0.00034613049923408457
0.08875,0.04125,0.005,6.25e-08,-0.0479612,-0.121206,-0.04829062500000006,-0.12081900000000007,0.00032942500000005676,-0.00038699999999992907,0.000508222225630661
0.09125,0.04125,0.005,6.25e-08,-0.0297964,-0.0964222,-0.030208825000000043,-0.09595487500000008,0.0004124250000000426,-0.0004673249999999213,0.0006232872822783741
0.09375,0.04125,0.005,6.25e-08,-0.0152107,-0.0688785,-0.01577845,-0.068518625,0.0005677499999999988,-0.0003598749999999956,0.0006721979456417548
0.09625,0.04125,0.005,6.25e-08,-0.00513823,-0.0402885,-0.005759039999999979,-0.04020329999999992,0.0006208099999999795,-8.520000000007688e-05,0.0006266291535669145
0.09875,0.04125,0.005,6.25e-08,-0.000677782,-0.0125111,-0.000641331749999993,-0.012800622499999928,-3.645025000000707e-05,0.00028952249999992727,0.0002918079826380199
0.00125,0.04375,0.005,6.25e-08,-0.000581145,0.0186165,-0.0004603065,0.0182159,-0.00012083850000000002,0.00040060000000000096,0.0004184283727022473
0.00375,0.04375,0.005,6.25e-08,-0.00361816,0.0500395,-0.0038566625,0.050250899999999994,0.00023850249999999998,-0.00021139999999999354,0.00031870582439962915
0.00625,0.04375,0.005,6.25e-08,-0.00980217,0.0759654,-0.009991472500000001,0.0766971,0.0001893025000000003,-0.0007317000000000018,0.0007557911923979088
0.00875,0.04375,0.005,6.25e-08,-0.0181421,0.0968511,-0.018273300000000003,0.09801080000000001,0.00013120000000000145,-0.0011597000000000135,0.0011670979093460975
0.01125,0.04375,0.005,6.25e-08,-0.0280416,0.113223,-0.028196275,0.11472475,0.00015467499999999995,-0.0015017499999999961,0.0015096944784044844
0.01375,0.04375,0.005,6.25e-08,-0.039113,0.12562,-0.039337300000000006,0.12738675,0.00022430000000000366,-0.0017667499999999836,0.0017809312318278726
0.01625,0.04375,0.005,6.25e-08,-0.0510218,0.134549,-0.051349725,0.136515,0.00032792499999999974,-0.0019659999999999955,0.001993161008454907
0.01875,0.04375,0.005,6.25e-08,-0.0634917,0.140459,-0.0639548,0.14256575,0.00046310000000000795,-0.0021067499999999906,0.002157048254559913
0.02125,0.04375,0.005,6.25e-08,-0.0763052,0.143723,-0.07693132500000001,0.14591925000000003,0.0006261250000000051,-0.0021962500000000384,0.0022837571188997255
0.02375,0.04375,0.005,6.25e-08,-0.0892913,0.144629,-0.090104875,0.14687,0.0008135749999999969,-0.002240999999999993,0.0023841110042581836
0.02625,0.04375,0.005,6.25e-08,-0.102314,0.143388,-0.1033375,0.14563025,0.0010234999999999966,-0.002242250000000001,0.0024647996495658626
0.02875,0.04375,0.005,6.25e-08,-0.115265,0.140137,-0.11651600000000001,0.14233774999999999,0.0012510000000000021,-0.0022007499999999736,0.002531462336772935
0.03125,0.04375,0.005,6.25e-08,-0.128048,0.134953,-0.1295455,0.13707049999999998,0.0014975000000000127,-0.0021174999999999944,0.0025935135434387102
0.03375,0.04375,0.005,6.25e-08,-0.140579,0.12787,-0.14233825,0.12985950000000002,0.00175924999999999,-0.001989500000000005,0.0026557618139622357
0.03625,0.04375,0.005,6.25e-08,-0.152773,0.118889,-0.154808,0.12070499999999999,0.002035000000000009,-0.0018159999999999982,0.002727467873321339
0.03875,0.04375,0.005,6.25e-08,-0.164541,0.107997,-0.16686275,0.1095895,0.0023217500000000113,-0.0015925000000000106,0.0028154181416798615
0.04125,0.04375,0.005,6.25e-08,-0.175782,0.0951765,-0.17839725,0.09649675,0.0026152500000000134,-0.001320250000000009,0.002929606223539282
0.04375,0.04375,0.005,6.25e-08,-0.186378,0.080422,-0.18928974999999998,0.08141910000000001,0.0029117499999999907,-0.0009971000000000146,0.0030777421062363193
0.04625,0.04375,0.005,6.25e-08,-0.196189,0.0637517,-0.19939500000000002,0.06437522500000001,0.0032060000000000144,-0.0006235250000000137,0.003266070946202043
0.04875,0.04375,0.005,6.25e-08,-0.205049,0.0452205,-0.2085395,0.045422225,0.0034904999999999797,-0.00020172499999999982,0.0034963242449213513
0.05125,0.04375,0.005,6.25e-08,-0.212761,0.0249355,-0.21651925,0.024670525000000002,0.0037582499999999908,0.00026497499999999716,0.0037675794368699023
0.05375,0.04375,0.005,6.25e-08,-0.219102,0.00307892,-0.22309525000000002,0.00229972075,0.0039932500000000315,0.0007791992500000003,0.004068562035129957
0.05625,0.04375,0.005,6.25e-08,-0.22384,-0.0200882,-0.22799599999999998,-0.0214243,0.004155999999999965,0.0013360999999999998,0.0043654895727741365
0.05875,0.04375,0.005,6.25e-08,-0.226677,-0.044281,-0.2309165,-0.04613137499999997,0.004239500000000007,0.0018503749999999666,0.004625715932763807
0.06125,0.04375,0.005,6.25e-08,-0.227287,-0.0689979,-0.23153175,-0.07132957499999999,0.004244750000000019,0.0023316749999999914,0.004842996063195295
0.06375,0.04375,0.005,6.25e-08,-0.225361,-0.0936376,-0.229508,-0.09639087500000007,0.004146999999999984,0.002753275000000069,0.004977763777603879
0.06625,0.04375,0.005,6.25e-08,-0.220596,-0.117467,-0.22452575,-0.12054300000000007,0.00392975000000001,0.003076000000000065,0.004990462008922668
0.06875,0.04375,0.005,6.25e-08,-0.212729,-0.139617,-0.21631725,-0.14287425000000004,0.0035882499999999873,0.003257250000000045,0.004846154725656229
0.07125,0.04375,0.005,6.25e-08,-0.201576,-0.159095,-0.20470650000000004,-0.16235424999999995,0.003130500000000036,0.0032592499999999636,0.004519152665323444
0.07375,0.04375,0.005,6.25e-08,-0.187081,-0.174826,-0.18966575000000002,-0.17788274999999995,0.0025847500000000245,0.0030567499999999415,0.004003080454474999
0.07625,0.04375,0.005,6.25e-08,-0.16937,-0.185712,-0.17136750000000006,-0.18836424999999998,0.0019975000000000687,0.002652249999999995,0.003320306659406665
0.07875,0.04375,0.005,6.25e-08,-0.148804,-0.190737,-0.15023224999999993,-0.1928145,0.0014282499999999365,0.00207750000000001,0.002521091888944126
0.08125,0.04375,0.005,6.25e-08,-0.126016,-0.189084,-0.12695949999999995,-0.19048849999999998,0.0009434999999999583,0.0014044999999999752,0.0016919847812553906
0.08375,0.04375,0.005,6.25e-08,-0.101923,-0.180281,-0.10251864999999993,-0.18100974999999997,0.0005956499999999337,0.0007287499999999725,0.0009412095861177153
0.08625,0.04375,0.005,6.25e-08,-0.077693,-0.164328,-0.07810490000000007,-0.16448375000000004,0.0004119000000000761,0.0001557500000000378,0.00044036311437275767
0.08875,0.04375,0.005,6.25e-08,-0.0546707,-0.141789,-0.05504670000000006,-0.14156025000000005,0.00037600000000005684,-0.00022874999999994428,0.0004401165328637601
0.09125,0.04375,0.005,6.25e-08,-0.0342319,-0.113811,-0.03468452500000005,-0.11342650000000008,0.00045262500000004674,-0.0003844999999999127,0.0005938936273651833
0.09375,0.04375,0.005,6.25e-08,-0.0176116,-0.082047,-0.01823975,-0.081725575,0.0006281499999999975,-0.0003214250000000002,0.00070561069516058
0.09625,0.04375,0.005,6.25e-08,-0.00600616,-0.0484786,-0.006701339999999976,-0.0484135499999999,0.0006951799999999758,-6.50500000000942e-05,0.0006982168251338395
0.09875,0.04375,0.005,6.25e-08,-0.000808737,-0.0152816,-0.0007514982499999917,-0.015582799999999914,-5.7238750000008316e-05,0.00030119999999991473,0.00030659046707540025
0.00125,0.04625,0.005,6.25e-08,-0.000573105,0.0204766,-0.0004547285,0.020005975000000002,-0.00011837649999999996,0.0004706249999999988,0.00048528433559847045
0.00375,0.04625,0.005,6.25e-08,-0.00358262,0.0549076,-0.0038157449999999997,0.055096525,0.00023312499999999983,-0.0001889249999999995,0.00030006652804003274
0.00625,0.04625,0.005,6.25e-08,-0.00972387,0.0832169,-0.009896835000000001,0.083968025,0.00017296500000000062,-0.0007511250000000053,0.0007707824964605826
0.00875,0.04625,0.005,6.25e-08,-0.0180152,0.105946,-0.018115450000000005,0.1071605,0.00010025000000000658,-0.0012145000000000072,0.001218630506962639
0.01125,0.04625,0.005,6.25e-08,-0.0278609,0.123702,-0.027968125,0.1252895,0.00010722499999999899,-0.0015874999999999917,0.0015911170449168638
0.01375,0.04625,0.005,6.25e-08,-0.03887,0.137103,-0.039030425,0.13898149999999998,0.00016042499999999876,-0.0018784999999999774,0.0018853377497480167
0.01625,0.04625,0.005,6.25e-08,-0.0507047,0.146727,-0.050953625,0.148827,0.000248925000000004,-0.0020999999999999908,0.0021147017888167976
0.01875,0.04625,0.005,6.25e-08,-0.0630871,0.153087,-0.063457525,0.15534725,0.00037042500000000755,-0.0022602499999999914,0.0022904027469257382
0.02125,0.04625,0.005,6.25e-08,-0.0758006,0.156607,-0.076321925,0.1589755,0.000521325000000003,-0.0023684999999999956,0.0024251952510313435
0.02375,0.04625,0.005,6.25e-08,-0.0886785,0.157619,-0.089376525,0.1600485,0.0006980250000000049,-0.002429500000000001,0.0025277874021810086
0.02625,0.04625,0.005,6.25e-08,-0.101593,0.156365,-0.1024905,0.15881175,0.0008974999999999955,-0.0024467499999999975,0.00260616419523022
0.02875,0.04625,0.005,6.25e-08,-0.114444,0.153005,-0.11556175,0.155426,0.0011177500000000007,-0.0024210000000000065,0.002666571968370633
0.03125,0.04625,0.005,6.25e-08,-0.127152,0.14763,-0.12850875,0.14998275,0.0013567500000000177,-0.002352749999999987,0.0027159166270340454
0.03375,0.04625,0.005,6.25e-08,-0.139648,0.140278,-0.14126,0.14251825,0.0016120000000000023,-0.002240249999999999,0.0027599391410862676
0.03625,0.04625,0.005,6.25e-08,-0.151865,0.130951,-0.15374825,0.13303075,0.001883250000000003,-0.0020797499999999913,0.002805706795978506
0.03875,0.04625,0.005,6.25e-08,-0.163733,0.119625,-0.1659005,0.12149575,0.0021675000000000166,-0.0018707500000000044,0.0028631733814947513
0.04125,0.04625,0.005,6.25e-08,-0.17517,0.106271,-0.17763425,0.10788075000000001,0.002464250000000001,-0.001609750000000007,0.0029434372976165175
0.04375,0.04625,0.005,6.25e-08,-0.18608,0.0908626,-0.18884774999999998,0.09215785,0.0027677499999999855,-0.0012952499999999978,0.003055832558403669
0.04625,0.04625,0.005,6.25e-08,-0.196343,0.0733933,-0.19941699999999998,0.07431975,0.0030739999999999934,-0.0009264500000000092,0.003210574030060665
0.04875,0.04625,0.005,6.25e-08,-0.205809,0.0538878,-0.20918799999999999,0.054392075,0.003378999999999993,-0.0005042749999999985,0.003416421267294909
0.05125,0.04625,0.005,6.25e-08,-0.214288,0.032419,-0.21797075000000002,0.032449775,0.0036827500000000124,-3.077499999999678e-05,0.0036828785838152593
0.05375,0.04625,0.005,6.25e-08,-0.221554,0.00914517,-0.225537,0.0086341775,0.0039829999999999866,0.0005109924999999998,0.004015644697312767
0.05625,0.04625,0.005,6.25e-08,-0.227419,-0.0156683,-0.23161375,-0.01682745,0.004194749999999997,0.0011591500000000012,0.004351960050942561
0.05875,0.04625,0.005,6.25e-08,-0.231548,-0.0419055,-0.2358855,-0.04360017499999996,0.004337499999999994,0.001694674999999965,0.004656804656159074
0.06125,0.04625,0.005,6.25e-08,-0.233565,-0.0689655,-0.237996,-0.07121815000000001,0.004431000000000018,0.002252650000000009,0.0049707336503277055
0.06375,0.04625,0.005,6.25e-08,-0.23314,-0.0962828,-0.23756,-0.09906260000000008,0.004420000000000007,0.002779800000000082,0.005221464166304363
0.06625,0.04625,0.005,6.25e-08,-0.229899,-0.123116,-0.2341835,-0.12634200000000007,0.004284499999999997,0.003226000000000062,0.005363209510172092
0.06875,0.04625,0.005,6.25e-08,-0.223486,-0.148545,-0.22749574999999997,-0.15208700000000008,0.004009749999999979,0.003542000000000073,0.00535012701367924
0.07125,0.04625,0.005,6.25e-08,-0.213604,-0.171481,-0.21719725000000004,-0.17515674999999994,0.003593250000000048,0.00367574999999995,0.0051402902277011536
0.07375,0.04625,0.005,6.25e-08,-0.200065,-0.190693,-0.20311925000000003,-0.19427899999999992,0.003054250000000036,0.0035859999999999226,0.004710396911354675
0.07625,0.04625,0.005,6.25e-08,-0.182864,-0.204871,-0.18529650000000006,-0.20812374999999994,0.0024325000000000596,0.003252749999999943,0.004061703929695014
0.07875,0.04625,0.005,6.25e-08,-0.162246,-0.212725,-0.16403874999999996,-0.21542050000000001,0.001792749999999954,0.0026955000000000173,0.00323723227657515
0.08125,0.04625,0.005,6.25e-08,-0.138773,-0.213135,-0.13998324999999992,-0.21511024999999998,0.0012102499999999128,0.001975249999999984,0.002316531377944129
0.08375,0.04625,0.005,6.25e-08,-0.113353,-0.205324,-0.11411624999999992,-0.20652124999999996,0.0007632499999999237,0.0011972499999999553,0.001419844401686247
0.08625,0.04625,0.005,6.25e-08,-0.0872369,-0.189036,-0.08773710000000008,-0.18952875000000005,0.0005002000000000756,0.0004927500000000418,0.0007021414405232871
0.08875,0.04625,0.005,6.25e-08,-0.0619496,-0.164687,-0.06236960000000007,-0.1646690000000001,0.00042000000000006615,-1.799999999990698e-05,0.00042038553733454275
0.09125,0.04625,0.005,6.25e-08,-0.0391264,-0.133431,-0.039615550000000055,-0.1331595000000001,0.0004891500000000562,-0.0002714999999998968,0.0005594461301144186
0.09375,0.04625,0.005,6.25e-08,-0.0202997,-0.0970861,-0.02098985,-0.096820825,0.0006901500000000005,-0.0002652749999999954,0.0007393766618747161
0.09625,0.04625,0.005,6.25e-08,-0.00699111,-0.0579352,-0.007767159999999971,-0.05789777499999989,0.0007760499999999709,-3.7425000000111674e-05,0.0007769518859781236
0.09875,0.04625,0.005,6.25e-08,-0.000959899,-0.0185221,-0.0008775704999999902,-0.018829124999999895,-8.232850000000971e-05,0.0003070249999998949,0.00031787156610364986
0.00125,0.04875,0.005,6.25e-08,-0.000558986,0.0223078,-0.00044468700000000003,0.021766475,-0.000114299,0.0005413249999999988,0.000553260351937493
0.00375,0.04875,0.005,6.25e-08,-0.00351318,0.0597149,-0.0037389199999999997,0.05987287499999999,0.00022573999999999988,-0.00015797499999999076,0.000275526129840705
0.00625,0.04875,0.005,6.25e-08,-0.00955764,0.0903893,-0.00971117,0.09114625,0.00015353000000000068,-0.0007569499999999924,0.0007723631033393482
0.00875,0.04875,0.005,6.25e-08,-0.0177274,0.114947,-0.017792150000000003,0.11620100000000001,6.47500000000023e-05,-0.001254000000000019,0.0012556705628866387
0.01125,0.04875,0.005,6.25e-08,-0.0274298,0.134074,-0.027482725,0.13572900000000002,5.2924999999998806e-05,-0.0016550000000000176,0.0016558460241293746
0.01375,0.04875,0.005,6.25e-08,-0.0382707,0.14846,-0.038357925,0.1504335,8.722500000000327e-05,-0.001973499999999989,0.0019754266502770884
0.01625,0.04875,0.005,6.25e-08,-0.0499089,0.15876,-0.05006675,0.1609775,0.00015785000000000105,-0.0022174999999999834,0.0022231110796583978
0.01875,0.04875,0.005,6.25e-08,-0.0620651,0.165549,-0.062327725,0.1679475,0.00026262500000000244,-0.002398499999999998,0.0024128352908197007
0.02125,0.04875,0.005,6.25e-08,-0.0745239,0.169308,-0.07492185000000001,0.17183274999999998,0.000397950000000008,-0.0025247499999999923,0.002555919944951322
0.02375,0.04875,0.005,6.25e-08,-0.0871234,0.170415,-0.087683075,0.17301725,0.0005596749999999956,-0.0026022500000000004,0.0026617552795336007
0.02625,0.04875,0.005,6.25e-08,-0.0997441,0.169147,-0.100488525,0.17178175,0.000744424999999993,-0.002634750000000019,0.0027378962988259966
0.02875,0.04875,0.005,6.25e-08,-0.112298,0.165689,-0.11324825000000001,0.1683135,0.0009502500000000136,-0.002624500000000002,0.002791231862905702
0.03125,0.04875,0.005,6.25e-08,-0.124721,0.160149,-0.12589475,0.16272,0.0011737500000000012,-0.00257099999999999,0.0028262572534183705
0.03375,0.04875,0.005,6.25e-08,-0.136961,0.152574,-0.13837525,0.1550475,0.0014142500000000058,-0.0024735000000000174,0.0028492639948765894
0.03625,0.04875,0.005,6.25e-08,-0.148972,0.142965,-0.15064275,0.145293,0.0016707499999999986,-0.0023279999999999967,0.002865482431022738
0.03875,0.04875,0.005,6.25e-08,-0.160705,0.131293,-0.16264775,0.1334265,0.0019427500000000208,-0.0021335000000000104,0.0028854981913874296
0.04125,0.04875,0.005,6.25e-08,-0.172104,0.117514,-0.1743325,0.11940124999999999,0.0022284999999999944,-0.001887249999999993,0.002920261086358538
0.04375,0.04875,0.005,6.25e-08,-0.183096,0.101584,-0.18562175,0.10316937500000001,0.0025257499999999933,-0.0015853750000000139,0.002982084330317473
0.04625,0.04875,0.005,6.25e-08,-0.193588,0.08347,-0.19641850000000002,0.08469682499999999,0.0028305000000000136,-0.001226824999999987,0.0030849359524348385
0.04875,0.04875,0.005,6.25e-08,-0.203459,0.0631647,-0.2065955,0.06397595,0.0031364999999999865,-0.0008112499999999995,0.0032397158536667863
0.05125,0.04875,0.005,6.25e-08,-0.212531,0.0407001,-0.21598799999999999,0.041042524999999996,0.003456999999999988,-0.00034242499999999343,0.0034739176559937216
0.05375,0.04875,0.005,6.25e-08,-0.220565,0.0161845,-0.22438775,0.0159931,0.003822749999999986,0.0001914000000000013,0.0038275385723072594
0.05625,0.04875,0.005,6.25e-08,-0.227512,-0.0100617,-0.23153674999999999,-0.010993695,0.004024749999999994,0.0009319949999999997,0.0041312500823025644
0.05875,0.04875,0.005,6.25e-08,-0.232893,-0.0381926,-0.2371205,-0.03963254999999996,0.004227500000000023,0.0014399499999999607,0.004466006297857189
0.06125,0.04875,0.005,6.25e-08,-0.236325,-0.0674247,-0.24076999999999998,-0.06950325,0.004444999999999977,0.0020785499999999985,0.0049069741289821155
0.06375,0.04875,0.005,6.25e-08,-0.237534,-0.0973109,-0.24206275,-0.10002032500000008,0.004528749999999998,0.002709425000000071,0.005277363015098105
0.06625,0.04875,0.005,6.25e-08,-0.236052,-0.127124,-0.24054000000000003,-0.13040350000000006,0.00448800000000002,0.003279500000000074,0.005558530763610171
0.06875,0.04875,0.005,6.25e-08,-0.231427,-0.155916,-0.23573249999999996,-0.1596537500000001,0.004305499999999962,0.003737750000000095,0.005701587964111436
0.07125,0.04875,0.005,6.25e-08,-0.223244,-0.182522,-0.22720800000000002,-0.18654649999999992,0.003964000000000023,0.004024499999999931,0.005648884513777886
0.07375,0.04875,0.005,6.25e-08,-0.211169,-0.205574,-0.21463775000000004,-0.20965324999999996,0.003468750000000048,0.004079249999999951,0.005354671523539043
0.07625,0.04875,0.005,6.25e-08,-0.195032,-0.223544,-0.19788150000000004,-0.22740374999999996,0.0028495000000000326,0.0038597499999999674,0.004797636950885293
0.07875,0.04875,0.005,6.25e-08,-0.174921,-0.234846,-0.17708424999999994,-0.23820675000000002,0.00216324999999995,0.0033607500000000234,0.003996785098676178
0.08125,0.04875,0.005,6.25e-08,-0.151269,-0.238001,-0.15276499999999993,-0.24062675,0.0014959999999999418,0.00262575000000001,0.0030220157283673884
0.08375,0.04875,0.005,6.25e-08,-0.124924,-0.231846,-0.12587074999999992,-0.23360274999999997,0.0009467499999999268,0.0017567499999999736,0.001995621738957503
0.08625,0.04875,0.005,6.25e-08,-0.0971777,-0.215767,-0.09777195000000007,-0.21667775000000006,0.00059425000000006,0.0009107500000000712,0.0010874735054244775
0.08875,0.04875,0.005,6.25e-08,-0.0697168,-0.189927,-0.07017820000000008,-0.1901770000000001,0.00046140000000008397,0.0002500000000000835,0.0005247761046390348
0.09125,0.04875,0.005,6.25e-08,-0.0444554,-0.155406,-0.044977700000000065,-0.1552840000000001,0.0005223000000000658,-0.00012199999999989997,0.0005363592918930782
0.09375,0.04875,0.005,6.25e-08,-0.0232737,-0.114163,-0.024029925,-0.113974,0.0007562249999999993,-0.00018899999999999473,0.0007794852472144658
0.09625,0.04875,0.005,6.25e-08,-0.00809215,-0.0688016,-0.008961949999999967,-0.06880229999999987,0.0008697999999999675,6.999999998674733e-07,0.0008698002816738698
0.09875,0.04875,0.005,6.25e-08,-0.00112758,-0.0222932,-0.0010207322499999887,-0.022602349999999872,-0.00010684775000001129,0.0003091499999998727,0.0003270935098408194
0.00125,0.05125,0.005,6.25e-08,-0.000540027,0.0240936,-0.00043108450000000004,0.023481775000000003,-0.00010894249999999996,0.0006118249999999964,0.00062144854890107
0.00375,0.05125,0.005,6.25e-08,-0.00341672,0.0644215,-0.0036333375,0.06453965,0.00021661750000000028,-0.00011814999999999742,0.00024674392354473397
0.00625,0.05125,0.005,6.25e-08,-0.00932024,0.0974232,-0.0094514775,0.09817157500000001,0.00013123749999999906,-0.0007483750000000094,0.0007597949868426772
0.00875,0.05125,0.005,6.25e-08,-0.0173061,0.123779,-0.017331175000000004,0.1250535,2.5075000000002873e-05,-0.0012745000000000117,0.0012747466437002413
0.01125,0.05125,0.005,6.25e-08,-0.0267847,0.144242,-0.02677725,0.14594725,-7.4500000000025934e-06,-0.0017052499999999915,0.0017052662739290808
0.01375,0.05125,0.005,6.25e-08,-0.0373572,0.159579,-0.037363375000000004,0.16162875,6.175000000004094e-06,-0.002049749999999989,0.002049759301265628
0.01625,0.05125,0.005,6.25e-08,-0.0486785,0.170516,-0.048735375000000004,0.17283300000000001,5.687500000000484e-05,-0.0023170000000000135,0.0023176979452950858
0.01875,0.05125,0.005,6.25e-08,-0.0604673,0.177696,-0.060610075,0.180214,0.00014277499999999776,-0.0025180000000000202,0.0025220445477082873
0.02125,0.05125,0.005,6.25e-08,-0.0725099,0.181659,-0.07276960000000002,0.18432075,0.0002597000000000155,-0.0026617500000000183,0.0026743891176304367
0.02375,0.05125,0.005,6.25e-08,-0.0846502,0.182833,-0.085052875,0.18558724999999998,0.0004026750000000051,-0.002754249999999986,0.002783530171944419
0.02625,0.05125,0.005,6.25e-08,-0.096778,0.181533,-0.09734595000000001,0.184334,0.0005679500000000115,-0.002800999999999998,0.002858000735216841
0.02875,0.05125,0.005,6.25e-08,-0.108819,0.177974,-0.1095715,0.18077824999999997,0.0007525000000000032,-0.0028042499999999804,0.002903459025455654
0.03125,0.05125,0.005,6.25e-08,-0.120725,0.172284,-0.12167874999999999,0.17504799999999998,0.0009537499999999893,-0.0027639999999999887,0.0029239245993185115
0.03375,0.05125,0.005,6.25e-08,-0.132463,0.16452,-0.133635,0.16719925000000002,0.0011720000000000064,-0.002679250000000022,0.002924374217247193
0.03625,0.05125,0.005,6.25e-08,-0.144011,0.154686,-0.14541575,0.1572345,0.0014047500000000102,-0.002548500000000009,0.0029100128543530653
0.03875,0.05125,0.005,6.25e-08,-0.155344,0.142748,-0.156997,0.145118,0.0016529999999999878,-0.0023699999999999832,0.002889517087680895
0.04125,0.05125,0.005,6.25e-08,-0.166433,0.128652,-0.16834949999999999,0.1307915,0.0019164999999999877,-0.0021395000000000164,0.0028723566108685085
0.04375,0.05125,0.005,6.25e-08,-0.177234,0.112335,-0.17942925,0.1141895,0.0021952500000000097,-0.001854499999999995,0.002873724554041327
0.04625,0.05125,0.005,6.25e-08,-0.187682,0.0937376,-0.19017075000000003,0.0952513,0.0024887500000000395,-0.0015136999999999928,0.0029129305265488525
0.04875,0.05125,0.005,6.25e-08,-0.197693,0.0728187,-0.20048100000000002,0.07393645,0.0027880000000000127,-0.0011177500000000007,0.003003715875794525
0.05125,0.05125,0.005,6.25e-08,-0.20713,0.0495558,-0.21022924999999998,0.0502395,0.00309924999999997,-0.0006837000000000024,0.0031737668869184165
0.05375,0.05125,0.005,6.25e-08,-0.215762,0.0239115,-0.21923974999999998,0.024208125,0.003477749999999974,-0.00029662500000000175,0.003490376978655002
0.055625,0.051875,0.005,1.5625e-08,-0.220285,0.00332825,-0.223561,0.0051907164999999995,0.003276000000000001,-0.0018624664999999994,0.003768415776373708
0.05875,0.05125,0.005,6.25e-08,-0.230113,-0.033009,-0.23405875,-0.03426847499999996,0.003945749999999998,0.0012594749999999613,0.004141886084638843
0.06125,0.05125,0.005,6.25e-08,-0.23491,-0.064261,-0.2392075,-0.066134775,0.004297499999999982,0.001873775000000008,0.0046882341025832825
0.06375,0.05125,0.005,6.25e-08,-0.237841,-0.096553,-0.24228950000000005,-0.0991083500000001,0.00444850000000005,0.002555350000000095,0.005130201348144235
0.06625,0.05125,0.005,6.25e-08,-0.238297,-0.129226,-0.24279775,-0.13245200000000007,0.004500749999999998,0.003226000000000062,0.0055374928047357665
0.06875,0.05125,0.005,6.25e-08,-0.235751,-0.161355,-0.24017874999999997,-0.1651767500000001,0.00442774999999998,0.003821750000000096,0.005848995052571044
0.07125,0.05125,0.005,6.25e-08,-0.229678,-0.191744,-0.23387125,-0.19601349999999992,0.0041932500000000095,0.004269499999999926,0.005984310805138671
0.07375,0.05125,0.005,6.25e-08,-0.219589,-0.218913,-0.22337300000000004,-0.2234074999999999,0.0037840000000000373,0.004494499999999901,0.0058753030772888135
0.07625,0.05125,0.005,6.25e-08,-0.205126,-0.241132,-0.20833650000000004,-0.24556299999999995,0.0032105000000000328,0.004430999999999935,0.0054718434964826645
0.07875,0.05125,0.005,6.25e-08,-0.186171,-0.256509,-0.18868874999999993,-0.26055000000000006,0.0025177499999999298,0.004041000000000072,0.0047611706609299595
0.08125,0.05125,0.005,6.25e-08,-0.162973,-0.263159,-0.16476224999999992,-0.26649675,0.001789249999999909,0.003337750000000028,0.0037870820726516956
0.08375,0.05125,0.005,6.25e-08,-0.136249,-0.25945,-0.1373932499999999,-0.26185425,0.0011442499999999023,0.0024042499999999967,0.0026626539626845545
0.08625,0.05125,0.005,6.25e-08,-0.107268,-0.24429,-0.10796375000000008,-0.24570350000000007,0.0006957500000000783,0.0014135000000000675,0.0015754524151812075
0.08875,0.05125,0.005,6.25e-08,-0.0778429,-0.21745,-0.07834367500000007,-0.2180295000000001,0.0005007750000000644,0.0005795000000000938,0.0007658954567205457
0.09125,0.05125,0.005,6.25e-08,-0.0501683,-0.179817,-0.050720600000000074,-0.17987975000000012,0.000552300000000075,6.275000000011133e-05,0.0005558532652599036
0.09375,0.05125,0.005,6.25e-08,-0.0265202,-0.13343,-0.027350275,-0.1333355,0.0008300749999999996,-9.449999999999736e-05,0.000835436865134044
0.09625,0.05125,0.005,6.25e-08,-0.00929746,-0.0812229,-0.010288189999999961,-0.08127319999999985,0.0009907299999999605,5.0299999999850464e-05,0.0009920060599108791
0.09875,0.05125,0.005,6.25e-08,-0.00129377,-0.026644,-0.001181948499999987,-0.02696874999999985,-0.00011182150000001298,0.00032474999999984946,0.0003434626768109675
0.00125,0.05375,0.005,6.25e-08,-0.000518051,0.0258218,-0.00041525550000000007,0.0251406,-0.00010279549999999988,0.0006811999999999999,0.0006889124435080628
0.00375,0.05375,0.005,6.25e-08,-0.00330335,0.0689973,-0.0035095574999999997,0.06906699999999999,0.00020620749999999965,-6.969999999999199e-05,0.00021766860833902704
0.00625,0.05375,0.005,6.25e-08,-0.00903648,0.104272,-0.009142980000000002,0.10499675,0.00010650000000000243,-0.0007247499999999962,0.0007325331477141461
0.00875,0.05375,0.005,6.25e-08,-0.0167923,0.132374,-0.0167739,0.133653,-1.839999999999828e-05,-0.0012790000000000024,0.0012791323465537123
0.01125,0.05375,0.005,6.25e-08,-0.0259807,0.154121,-0.025907975,0.1558585,-7.272499999999918e-05,-0.001737500000000003,0.0017390213269609463
0.01375,0.05375,0.005,6.25e-08,-0.0361954,0.170352,-0.036114175,0.17245875000000002,-8.122500000000421e-05,-0.0021067500000000183,0.0021083152191086318
0.01625,0.05375,0.005,6.25e-08,-0.0470848,0.181865,-0.04703335,0.184262,-5.1450000000001495e-05,-0.0023970000000000102,0.0023975521063159502
0.01875,0.05375,0.005,6.25e-08,-0.0583658,0.189374,-0.0583799,0.19199225,1.409999999999606e-05,-0.0026182500000000164,0.0026182879659235507
0.02125,0.05375,0.005,6.25e-08,-0.0698269,0.193485,-0.06993742500000001,0.19626174999999998,0.00011052500000001408,-0.0027767499999999945,0.002778948782925834
0.02375,0.05375,0.005,6.25e-08,-0.0813188,0.194676,-0.081550925,0.19755925,0.0002321249999999997,-0.002883250000000004,0.0028925788801906546
0.02625,0.05375,0.005,6.25e-08,-0.0927428,0.193309,-0.09311692499999999,0.19624899999999998,0.00037412499999998905,-0.0029399999999999704,0.00296370874338637
0.02875,0.05375,0.005,6.25e-08,-0.10404,0.189628,-0.10457274999999999,0.19258200000000003,0.0005327499999999985,-0.00295400000000004,0.003001655970043908
0.03125,0.05375,0.005,6.25e-08,-0.11518,0.183786,-0.11588625,0.18670974999999998,0.0007062499999999916,-0.002923749999999975,0.0030078402758457507
0.03375,0.05375,0.005,6.25e-08,-0.126153,0.175852,-0.12704600000000002,0.17870350000000002,0.0008930000000000327,-0.002851500000000007,0.0029880597801918386
0.03625,0.05375,0.005,6.25e-08,-0.13696,0.165838,-0.13805299999999998,0.16857125,0.0010929999999999829,-0.0027332499999999926,0.002943688937795555
0.03875,0.05375,0.005,6.25e-08,-0.147604,0.153706,-0.14891125,0.15627625,0.001307249999999982,-0.002570249999999996,0.002883589364836806
0.04125,0.05375,0.005,6.25e-08,-0.158086,0.139395,-0.15962199999999999,0.14175149999999997,0.0015359999999999818,-0.0023564999999999836,0.002812896772012771
0.04375,0.05375,0.005,6.25e-08,-0.168392,0.122824,-0.17017549999999998,0.1249155,0.0017834999999999934,-0.002091499999999996,0.002748680501622544
0.04625,0.05375,0.005,6.25e-08,-0.178494,0.103913,-0.180544,0.10568374999999999,0.0020499999999999963,-0.0017707499999999876,0.002708884560571
0.04875,0.05375,0.005,6.25e-08,-0.188338,0.0825962,-0.19067225,0.08398455,0.002334249999999982,-0.0013883500000000104,0.002715923192028807
0.05125,0.05375,0.005,6.25e-08,-0.197834,0.0588408,-0.20047225000000002,0.059771624999999995,0.0026382500000000086,-0.0009308249999999962,0.0027976415501498827
0.05375,0.05375,0.005,6.25e-08,-0.206861,0.0326745,-0.20980925,0.033041975,0.0029482500000000134,-0.00036747499999999905,0.0029710630989807467
0.05625,0.05375,0.005,6.25e-08,-0.215313,0.00424935,-0.218493,0.0038566272500000004,0.0031799999999999884,0.00039272274999999947,0.0032041584165530095
0.05875,0.05375,0.005,6.25e-08,-0.222785,-0.026664,-0.22626425000000003,-0.027633124999999953,0.003479250000000017,0.0009691249999999527,0.003611700960506701
0.06125,0.05375,0.005,6.25e-08,-0.228925,-0.0595555,-0.23278275,-0.061151750000000005,0.003857750000000021,0.0015962500000000074,0.004174954984787284
0.06375,0.05375,0.005,6.25e-08,-0.233501,-0.0939455,-0.23761675000000002,-0.0962570750000001,0.004115750000000029,0.0023115750000000934,0.004720463647050538
0.06625,0.05375,0.005,6.25e-08,-0.235956,-0.129228,-0.24023825000000001,-0.13228950000000012,0.004282250000000015,0.003061500000000106,0.005264071362785726
0.06875,0.05375,0.005,6.25e-08,-0.235697,-0.164538,-0.24003199999999997,-0.1683140000000001,0.004334999999999978,0.0037760000000001126,0.00574894781677488
0.07125,0.05375,0.005,6.25e-08,-0.232091,-0.198687,-0.23632375,-0.20306774999999994,0.004232750000000007,0.004380749999999933,0.0060915632743163296
0.07375,0.05375,0.005,6.25e-08,-0.224491,-0.230133,-0.22843875000000005,-0.23492199999999994,0.003947750000000055,0.004788999999999932,0.006206387923945762
0.07625,0.05375,0.005,6.25e-08,-0.21233,-0.256976,-0.21580150000000006,-0.26189024999999994,0.0034715000000000718,0.004914249999999953,0.006016740422562705
0.07875,0.05375,0.005,6.25e-08,-0.195249,-0.277024,-0.19807424999999992,-0.28171075000000007,0.002825249999999918,0.004686750000000073,0.005472445808320099
0.08125,0.05375,0.005,6.25e-08,-0.173251,-0.287955,-0.17532574999999992,-0.29203125,0.002074749999999931,0.0040762500000000035,0.004573882554788628
0.08375,0.05375,0.005,6.25e-08,-0.14684,-0.287594,-0.14819274999999993,-0.29071549999999996,0.0013527499999999304,0.0031214999999999438,0.0034020133469020164
0.08625,0.05375,0.005,6.25e-08,-0.117181,-0.274235,-0.11798625000000008,-0.27623375000000006,0.0008052500000000906,0.001998750000000049,0.0021548617415046243
0.08875,0.05375,0.005,6.25e-08,-0.0861436,-0.247086,-0.08668232500000009,-0.2480595000000001,0.000538725000000087,0.0009735000000000993,0.0011126216228463687
0.09125,0.05375,0.005,6.25e-08,-0.0561869,-0.206675,-0.056763375000000074,-0.20695750000000013,0.0005764750000000762,0.00028250000000012987,0.0006419732670642612
0.09375,0.05375,0.005,6.25e-08,-0.0300197,-0.155018,-0.03092795,-0.15502625,0.0009082499999999993,8.25000000001519e-06,0.0009082874682610121
0.09625,0.05375,0.005,6.25e-08,-0.010578,-0.0953637,-0.011744674999999956,-0.09545084999999984,0.0011666749999999556,8.714999999984152e-05,0.0011699255011003344
0.09875,0.05375,0.005,6.25e-08,-0.00137974,-0.0315692,-0.0013619192499999852,-0.03199682499999982,-1.7820750000014773e-05,0.0004276249999998205,0.00042799616792140734
0.00125,0.05625,0.005,6.25e-08,-0.000495512,0.0274864,-0.00039906,0.02673785,-9.645200000000002e-05,0.0007485500000000006,0.0007547384254190328
0.00375,0.05625,0.005,6.25e-08,-0.00318696,0.073427,-0.0033822575,0.07343992499999999,0.00019529749999999983,-1.2924999999983089e-05,0.00019572472795037805
0.00625,0.05625,0.005,6.25e-08,-0.00874071,0.110907,-0.008820660000000001,0.11159400000000001,7.99500000000005e-05,-0.000687000000000007,0.0006916364670113988
0.00875,0.05625,0.005,6.25e-08,-0.016243,0.140688,-0.016178,0.141953,-6.499999999999909e-05,-0.0012649999999999884,0.0012666688596472129
0.01125,0.05625,0.005,6.25e-08,-0.0250952,0.163642,-0.024953125,0.1653925,-0.00014207500000000192,-0.0017504999999999882,0.0017562561190284745
0.01375,0.05625,0.005,6.25e-08,-0.0348776,0.180681,-0.0347048,0.18282700000000002,-0.00017280000000000073,-0.002146000000000009,0.002152945851618205
0.01625,0.05625,0.005,6.25e-08,-0.0452299,0.192681,-0.0450657,0.19513875,-0.00016420000000000323,-0.0024577500000000085,0.002463228918005804
0.01875,0.05625,0.005,6.25e-08,-0.0558661,0.200432,-0.055746925,0.20312775,-0.00011917499999999914,-0.0026957499999999968,0.0026983829867394623
0.02125,0.05625,0.005,6.25e-08,-0.0665787,0.204606,-0.0665345,0.20747425,-4.420000000000812e-05,-0.002868249999999989,0.0028685905428450288
0.02375,0.05625,0.005,6.25e-08,-0.0772277,0.205742,-0.077281675,0.2087265,5.3974999999997775e-05,-0.002984500000000001,0.0029849880319064944
0.02625,0.05625,0.005,6.25e-08,-0.0877287,0.204247,-0.087898175,0.20729674999999997,0.00016947499999998838,-0.003049749999999962,0.003054455244086049
0.02875,0.05625,0.005,6.25e-08,-0.0980406,0.200405,-0.09833882499999999,0.203474,0.0002982249999999853,-0.0030689999999999884,0.003083455715690582
0.03125,0.05625,0.005,6.25e-08,-0.108155,0.19439,-0.10859250000000001,0.19743625,0.00043750000000000733,-0.0030462500000000003,0.0030775063464597453
0.03375,0.05625,0.005,6.25e-08,-0.118086,0.186292,-0.118672,0.18927325,0.0005860000000000032,-0.002981249999999991,0.003038296819354546
0.03625,0.05625,0.005,6.25e-08,-0.12786,0.176129,-0.12860575,0.1790025,0.0007457499999999895,-0.002873500000000001,0.0029686942100020995
0.03875,0.05625,0.005,6.25e-08,-0.137512,0.163866,-0.13842749999999998,0.16658799999999999,0.0009154999999999858,-0.0027219999999999744,0.0028718329077437347
0.04125,0.05625,0.005,6.25e-08,-0.147072,0.149433,-0.1481715,0.15195799999999998,0.0010995000000000033,-0.0025249999999999717,0.0027540016793749173
0.04375,0.05625,0.005,6.25e-08,-0.156566,0.132737,-0.15786475,0.1350175,0.0012987499999999874,-0.0022805000000000186,0.0026243917033286117
0.04625,0.05625,0.005,6.25e-08,-0.166002,0.11368,-0.16751775,0.11566225,0.0015157499999999824,-0.001982249999999991,0.002495358315953825
0.04875,0.05625,0.005,6.25e-08,-0.175367,0.0921632,-0.17712075,0.09379145,0.0017537499999999984,-0.0016282499999999978,0.002393081094530644
0.05125,0.05625,0.005,6.25e-08,-0.18462,0.0681134,-0.1866305,0.06932055,0.0020104999999999984,-0.0012071499999999902,0.002345063191579274
0.05375,0.05625,0.005,6.25e-08,-0.193678,0.0414911,-0.19596275,0.042197174999999996,0.002284750000000002,-0.0007060749999999935,0.002391364561944707
0.05625,0.05625,0.005,6.25e-08,-0.20242,0.0123103,-0.20497800000000002,0.01241977,0.0025580000000000325,-0.0001094700000000004,0.0025603413211718797
0.05875,0.05625,0.005,6.25e-08,-0.210579,-0.0193871,-0.21346725,-0.019937424999999953,0.002888250000000009,0.0005503249999999522,0.0029402118406885243
0.06125,0.05625,0.005,6.25e-08,-0.217877,-0.0534588,-0.221134,-0.05469065,0.00325700000000001,0.0012318499999999996,0.0034821693558039456
0.06375,0.05625,0.005,6.25e-08,-0.224001,-0.0895168,-0.22757850000000002,-0.09150207500000011,0.0035775000000000112,0.0019852750000001196,0.004091432887831053
0.06625,0.05625,0.005,6.25e-08,-0.228442,-0.127031,-0.23228175,-0.1298217500000001,0.003839750000000003,0.0027907500000000918,0.004746784767081876
0.06875,0.05625,0.005,6.25e-08,-0.230587,-0.165217,-0.234598,-0.1688152500000001,0.0040110000000000146,0.0035982500000001083,0.005388462124066652
0.07125,0.05625,0.005,6.25e-08,-0.229721,-0.202947,-0.23377,-0.20728599999999991,0.004048999999999997,0.004338999999999926,0.0059347554288276564
0.07375,0.05625,0.005,6.25e-08,-0.225056,-0.238674,-0.22897075000000003,-0.2435992499999999,0.003914750000000022,0.004925249999999909,0.006291530427884719
0.07625,0.05625,0.005,6.25e-08,-0.215811,-0.270385,-0.21939175000000005,-0.2756419999999999,0.003580750000000049,0.005256999999999901,0.0063606461591963525
0.07875,0.05625,0.005,6.25e-08,-0.201357,-0.295618,-0.20439499999999994,-0.30085700000000004,0.0030379999999999296,0.005239000000000049,0.0060561179810172195
0.08125,0.05625,0.005,6.25e-08,-0.181393,-0.31161,-0.18371399999999993,-0.31639925,0.0023209999999999342,0.004789250000000023,0.005322025607087955
0.08375,0.05625,0.005,6.25e-08,-0.156111,-0.315588,-0.15768274999999993,-0.31945775,0.0015717499999999274,0.003869750000000005,0.0041767646719679825
0.08625,0.05625,0.005,6.25e-08,-0.126495,-0.305073,-0.12742950000000008,-0.30772850000000007,0.000934500000000088,0.0026555000000000883,0.0028151324125164404
0.08875,0.05625,0.005,6.25e-08,-0.0943692,-0.278525,-0.09495057500000009,-0.27996375000000007,0.0005813750000000922,0.0014387500000000442,0.0015517726808799137
0.09125,0.05625,0.005,6.25e-08,-0.0624038,-0.235891,-0.06299020000000008,-0.23643650000000016,0.0005864000000000771,0.0005455000000001708,0.0008008965039256176
0.09375,0.05625,0.005,6.25e-08,-0.0337775,-0.179016,-0.034724624999999995,-0.17912024999999998,0.0009471249999999931,0.00010424999999997242,0.0009528451228426271
0.09625,0.05625,0.005,6.25e-08,-0.0119211,-0.111435,-0.013325849999999953,-0.1114627499999998,0.001404749999999953,2.774999999979877e-05,0.001405024065630143
0.09875,0.05625,0.005,6.25e-08,-0.00105542,-0.0370143,-0.001561001499999983,-0.03775602499999979,0.000505581499999983,0.0007417249999997905,0.0008976461601137288
0.00125,0.05875,0.005,6.25e-08,-0.000475421,0.0290896,-0.00038500725,0.02827665,-9.041375e-05,0.0008129499999999998,0.0008179623149565402
0.00375,0.05875,0.005,6.25e-08,-0.00308563,0.0777144,-0.00327125,0.07766382499999999,0.00018562000000000006,5.057500000001103e-05,0.000192386629018238
0.00625,0.05875,0.005,6.25e-08,-0.00847854,0.117325,-0.0085315825,0.11796075,5.3042500000001144e-05,-0.0006357500000000044,0.0006379589087913544
0.00875,0.05875,0.005,6.25e-08,-0.015734,0.148697,-0.015620500000000004,0.149932,-0.00011349999999999728,-0.0012350000000000139,0.0012402045194241285
0.01125,0.05875,0.005,6.25e-08,-0.0242308,0.172755,-0.024017049999999998,0.17450124999999997,-0.00021375000000000213,-0.001746249999999977,0.0017592834123585433
0.01375,0.05875,0.005,6.25e-08,-0.033527,0.190485,-0.033260825,0.19265149999999998,-0.00026617500000000044,-0.002166499999999988,0.0021827898159522707
0.01625,0.05875,0.005,6.25e-08,-0.0432495,0.202848,-0.042971850000000006,0.20534724999999998,-0.00027764999999999734,-0.0024992499999999807,0.0025146252374856778
0.01875,0.05875,0.005,6.25e-08,-0.0531099,0.210717,-0.05285727500000001,0.21346974999999996,-0.00025262499999999244,-0.0027527499999999705,0.0027643176288416702
0.02125,0.05875,0.005,6.25e-08,-0.0629071,0.21484,-0.06270805000000002,0.21777525,-0.0001990499999999784,-0.0029352500000000004,0.0029419914114422554
0.02375,0.05875,0.005,6.25e-08,-0.0725148,0.21582,-0.07238925000000002,0.21887625,-0.00012554999999998817,-0.0030562499999999826,0.0030588276945587977
0.02625,0.05875,0.005,6.25e-08,-0.081867,0.214115,-0.08182825000000002,0.21723925,-3.8749999999976303e-05,-0.003124249999999995,0.003124490298432685
0.02875,0.05875,0.005,6.25e-08,-0.0909451,0.210048,-0.09100160000000002,0.21319349999999998,5.650000000001487e-05,-0.0031454999999999678,0.003146007390328224
0.03125,0.05875,0.005,6.25e-08,-0.0997654,0.203824,-0.09992290000000002,0.20694825,0.00015750000000001874,-0.003124249999999995,0.0031282174336992588
0.03375,0.05875,0.005,6.25e-08,-0.108369,0.195551,-0.10863275000000003,0.19861349999999997,0.0002637500000000348,-0.003062499999999968,0.003073836416027994
0.03625,0.05875,0.005,6.25e-08,-0.116813,0.185257,-0.11718825000000001,0.18821775,0.0003752500000000075,-0.0029607499999999842,0.0029844351433730154
0.03875,0.05875,0.005,6.25e-08,-0.125161,0.172912,-0.12565525000000002,0.17573075,0.0004942500000000294,-0.002818749999999981,0.002861753767360134
0.04125,0.05875,0.005,6.25e-08,-0.133479,0.158442,-0.13410300000000003,0.16107724999999998,0.0006240000000000412,-0.002635249999999978,0.0027081208544856216
0.04375,0.05875,0.005,6.25e-08,-0.141829,0.141747,-0.142595,0.14415324999999998,0.0007659999999999889,-0.002406249999999971,0.0025252316849152362
0.04625,0.05875,0.005,6.25e-08,-0.150258,0.122707,-0.15118375,0.12483699999999999,0.000925750000000003,-0.002129999999999993,0.002322479938018836
0.04875,0.05875,0.005,6.25e-08,-0.158798,0.101203,-0.15990300000000002,0.10300329999999999,0.0011050000000000226,-0.0018002999999999908,0.002112369543900881
0.05125,0.05875,0.005,6.25e-08,-0.167451,0.0771239,-0.16876000000000002,0.07853379999999999,0.0013090000000000324,-0.0014098999999999917,0.0019238760381064216
0.05375,0.05875,0.005,6.25e-08,-0.176179,0.0503781,-0.17772425000000003,0.05132979999999999,0.0015452500000000258,-0.0009516999999999859,0.0018148086545143134
0.05625,0.05875,0.005,6.25e-08,-0.184893,0.0209105,-0.18671425000000003,0.02132937499999999,0.0018212500000000242,-0.00041887499999999217,0.0018687984985345748
0.05875,0.05875,0.005,6.25e-08,-0.193435,-0.0112777,-0.195583,-0.011470769999999965,0.002148000000000011,0.00019306999999996535,0.0021566594596505112
0.06125,0.05875,0.005,6.25e-08,-0.201588,-0.046122,-0.20409500000000003,-0.04698442500000001,0.002507000000000037,0.0008624250000000069,0.002651193293712323
0.06375,0.05875,0.005,6.25e-08,-0.209044,-0.083376,-0.21190575000000006,-0.08499200000000011,0.0028617500000000518,0.0016160000000001035,0.003286497993685776
0.06625,0.05875,0.005,6.25e-08,-0.215345,-0.122636,-0.21853525000000004,-0.12507925000000014,0.0031902500000000333,0.0024432500000001467,0.0040183535963129145
0.06875,0.05875,0.005,6.25e-08,-0.219889,-0.16325,-0.22334900000000005,-0.1665565000000001,0.0034600000000000464,0.003306500000000101,0.004785869017221531
0.07125,0.05875,0.005,6.25e-08,-0.22192,-0.204208,-0.22554725,-0.20835524999999988,0.0036272499999999985,0.00414724999999988,0.00550968466656659
0.07375,0.05875,0.005,6.25e-08,-0.220537,-0.244034,-0.22418700000000003,-0.24891674999999988,0.0036500000000000143,0.00488274999999988,0.006096207637744874
0.07625,0.05875,0.005,6.25e-08,-0.21476,-0.280676,-0.21824975000000002,-0.2860922499999998,0.0034897500000000137,0.005416249999999845,0.006443145126799366
0.07875,0.05875,0.005,6.25e-08,-0.20368,-0.311463,-0.20678174999999996,-0.31710675000000005,0.0031017499999999587,0.0056437500000000584,0.006439935335467306
0.08125,0.05875,0.005,6.25e-08,-0.186651,-0.333212,-0.18912074999999992,-0.338651,0.0024697499999999095,0.005438999999999972,0.00597347353409214
0.08375,0.05875,0.005,6.25e-08,-0.163391,-0.342538,-0.1651912499999999,-0.34718374999999996,0.0018002499999998922,0.0046457499999999485,0.00498235818915091
0.08625,0.05875,0.005,6.25e-08,-0.134686,-0.336056,-0.1358020000000001,-0.33946425,0.0011160000000000891,0.0034082500000000016,0.0035863106477967313
0.08875,0.05875,0.005,6.25e-08,-0.102191,-0.311257,-0.10284197500000009,-0.31327625000000003,0.0006509750000000813,0.002019250000000028,0.002121588794541774
0.09125,0.05875,0.005,6.25e-08,-0.0686673,-0.267226,-0.06924750000000007,-0.2681220000000001,0.0005802000000000723,0.0008960000000000634,0.0010674493149560769
0.09375,0.05875,0.005,6.25e-08,-0.0378359,-0.205451,-0.038685075,-0.20563224999999996,0.0008491750000000006,0.00018124999999996616,0.0008683027946085333
0.09625,0.05875,0.005,6.25e-08,-0.0137927,-0.129617,-0.015021424999999946,-0.12941674999999975,0.0012287249999999462,-0.00020025000000026272,0.0012449358168696782
0.098125,0.059375,0.005,1.5625e-08,-0.00190999,-0.0653922,-0.004065937499999971,-0.06874294999999975,0.0021559474999999703,0.0033507499999997498,0.003984424071965037
0.00125,0.06125,0.005,6.25e-08,-0.000460902,0.0306437,-0.00037644999999999996,0.029771300000000004,-8.445200000000005e-05,0.0008723999999999954,0.0008764781231177376
0.00375,0.06125,0.005,6.25e-08,-0.00302179,0.0818897,-0.003202885,0.08177129999999999,0.00018109500000000004,0.00011840000000000461,0.0002163653369303898
0.00625,0.06125,0.005,6.25e-08,-0.00830889,0.123555,-0.008337907500000002,0.12412850000000002,2.9017500000002444e-05,-0.0005735000000000184,0.0005742336330329941
0.00875,0.06125,0.005,6.25e-08,-0.015364,0.156411,-0.015202225000000003,0.15760325000000003,-0.00016177499999999595,-0.0011922500000000336,0.0012031754706297328
0.01125,0.06125,0.005,6.25e-08,-0.0235206,0.181436,-0.02323475,0.18316300000000002,-0.0002858500000000007,-0.001727000000000034,0.0017504968501828612
0.01375,0.06125,0.005,6.25e-08,-0.0323014,0.1997,-0.03194275,0.20187075,-0.000358650000000002,-0.002170749999999999,0.002200178489350352
0.01625,0.06125,0.005,6.25e-08,-0.0413162,0.212259,-0.04092825,0.21478225,-0.000387949999999998,-0.0025232500000000047,0.0025528994819616424
0.01875,0.06125,0.005,6.25e-08,-0.0502759,0.220084,-0.049894875,0.2228715,-0.0003810250000000001,-0.0027874999999999983,0.002813420747173268
0.02125,0.06125,0.005,6.25e-08,-0.0589908,0.224005,-0.058642650000000004,0.22698000000000002,-0.00034814999999999846,-0.0029750000000000054,0.0029953018917130924
0.02375,0.06125,0.005,6.25e-08,-0.0673546,0.224696,-0.0670549,0.22779225,-0.00029969999999999997,-0.003096249999999995,0.0031107208413002877
0.02625,0.06125,0.005,6.25e-08,-0.0753268,0.222671,-0.075083275,0.22583325,-0.00024352499999999444,-0.0031622500000000053,0.0031716130735203233
0.02875,0.06125,0.005,6.25e-08,-0.0829166,0.218297,-0.08273217499999999,0.22147575,-0.00018442500000000195,-0.003178750000000008,0.0031840954984304493
0.03125,0.06125,0.005,6.25e-08,-0.0901703,0.211809,-0.09004525,0.21496300000000002,-0.00012505000000000155,-0.003154000000000018,0.0031564780218623595
0.03375,0.06125,0.005,6.25e-08,-0.0971596,0.203334,-0.097093925,0.20642525,-6.567500000000115e-05,-0.0030912500000000176,0.003091947568786558
0.03625,0.06125,0.005,6.25e-08,-0.103973,0.192915,-0.10396775000000001,0.195907,-5.249999999984434e-06,-0.0029919999999999947,0.0029920046060292033
0.03875,0.06125,0.005,6.25e-08,-0.110707,0.180527,-0.11076625000000001,0.183382,5.925000000001068e-05,-0.0028549999999999964,0.0028556147433608722
0.04125,0.06125,0.005,6.25e-08,-0.117462,0.166096,-0.11759275000000001,0.16877599999999998,0.0001307500000000128,-0.002679999999999988,0.0026831875749749475
0.04375,0.06125,0.005,6.25e-08,-0.124336,0.149512,-0.124549,0.151978,0.00021300000000000485,-0.002465999999999996,0.0024751818115039516
0.04625,0.06125,0.005,6.25e-08,-0.131417,0.130645,-0.13172775,0.13285375,0.00031074999999999853,-0.0022087499999999816,0.002230502661957595
0.04875,0.06125,0.005,6.25e-08,-0.138777,0.109353,-0.139207,0.11125750000000001,0.00042999999999998595,-0.0019045000000000034,0.0019524395637253412
0.05125,0.06125,0.005,6.25e-08,-0.146465,0.085494,-0.14704374999999997,0.08704165000000001,0.0005787499999999612,-0.0015476500000000115,0.0016523232386551946
0.05375,0.06125,0.005,6.25e-08,-0.154496,0.0589339,-0.15526325,0.0600671,0.0007672499999999971,-0.0011332000000000009,0.0013685082398363546
0.05625,0.06125,0.005,6.25e-08,-0.162839,0.0295605,-0.16384549999999998,0.030216825,0.0010064999999999658,-0.0006563249999999993,0.0012015842690485466
0.05875,0.06125,0.005,6.25e-08,-0.171409,-0.00269776,-0.17271124999999998,-0.0025861724999999523,0.001302249999999977,-0.00011158750000004767,0.0013070221240117556
0.06125,0.06125,0.005,6.25e-08,-0.180054,-0.0378408,-0.1816995,-0.038352300000000006,0.001645500000000022,0.000511500000000005,0.0017231664168036926
0.06375,0.06125,0.005,6.25e-08,-0.188528,-0.0757505,-0.19053975000000004,-0.07698585000000012,0.0020117500000000343,0.001235350000000121,0.0023607684522206824
0.06625,0.06125,0.005,6.25e-08,-0.196444,-0.116173,-0.19882325000000003,-0.11822575000000012,0.002379250000000027,0.002052750000000117,0.0031423897156464555
0.06875,0.06125,0.005,6.25e-08,-0.20325,-0.158626,-0.20596425000000002,-0.16156025000000013,0.002714250000000029,0.002934250000000138,0.003997120979530263
0.07125,0.06125,0.005,6.25e-08,-0.208192,-0.20228,-0.2111745,-0.20610924999999988,0.002982499999999999,0.0038292499999998952,0.004853705987438794
0.07375,0.06125,0.005,6.25e-08,-0.210302,-0.245811,-0.21344875,-0.2504774999999999,0.0031467500000000037,0.004666499999999907,0.0056283441448172974
0.07625,0.06125,0.005,6.25e-08,-0.20843,-0.287226,-0.2116035,-0.2925939999999999,0.0031734999999999958,0.005367999999999928,0.006235906209204818
0.07875,0.06125,0.005,6.25e-08,-0.201411,-0.323739,-0.20438799999999996,-0.32958325000000005,0.002976999999999952,0.005844250000000051,0.006558794634877685
0.08125,0.06125,0.005,6.25e-08,-0.188266,-0.351792,-0.19070899999999996,-0.35775825000000006,0.002442999999999973,0.005966250000000062,0.006447044909297639
0.08375,0.06125,0.005,6.25e-08,-0.16792,-0.367309,-0.16998024999999992,-0.3728425,0.0020602499999999024,0.0055335000000000245,0.005904595863604881
0.08625,0.06125,0.005,6.25e-08,-0.141153,-0.366242,-0.14253525000000009,-0.3705265000000001,0.0013822500000000848,0.00428450000000008,0.004501950167705205
0.08875,0.06125,0.005,6.25e-08,-0.109225,-0.344611,-0.10998725000000009,-0.3473440000000001,0.0007622500000000892,0.0027330000000000965,0.0028373075375257902
0.09125,0.06125,0.005,6.25e-08,-0.0747904,-0.30031,-0.0753426750000001,-0.30167875000000016,0.0005522750000000881,0.0013687500000001407,0.0014759689150268317
0.09375,0.06125,0.005,6.25e-08,-0.0417736,-0.23402,-0.04273665,-0.23449675,0.00096305,0.000476749999999998,0.0010745956751262301
0.09625,0.06125,0.005,6.25e-08,-0.0151852,-0.149553,-0.016816549999999944,-0.14939299999999972,0.0016313499999999446,-0.00016000000000027104,0.0016391774835263892
0.098125,0.061875,0.005,1.5625e-08,-0.00391814,-0.0768026,-0.004586189999999967,-0.07992914999999973,0.0006680499999999669,0.003126549999999728,0.00319712459954226
0.00125,0.06375,0.005,6.25e-08,-0.000453688,0.0321728,-0.00037788750000000004,0.031251175000000006,-7.580049999999995e-05,0.0009216249999999954,0.0009247369120053776
0.00375,0.06375,0.005,6.25e-08,-0.00302144,0.0860166,-0.0032122324999999995,0.08583055,0.0001907924999999997,0.00018604999999999317,0.0002664889876828822
0.00625,0.06375,0.005,6.25e-08,-0.00830708,0.129672,-0.008321327500000001,0.13017325000000002,1.424750000000169e-05,-0.0005012500000000086,0.0005014524441622144
0.00875,0.06375,0.005,6.25e-08,-0.0152602,0.163884,-0.015053525,0.16502050000000001,-0.00020667499999999991,-0.0011365000000000125,0.0011551393013940043
0.01125,0.06375,0.005,6.25e-08,-0.0231332,0.189695,-0.022777500000000003,0.191391,-0.000355699999999997,-0.001696000000000003,0.0017328988689476394
0.01375,0.06375,0.005,6.25e-08,-0.0313974,0.208282,-0.030950525,0.21044400000000002,-0.00044687499999999936,-0.002162000000000025,0.002207700447439622
0.01625,0.06375,0.005,6.25e-08,-0.0396413,0.220818,-0.0391504,0.22334825000000003,-0.0004908999999999955,-0.0025302500000000394,0.002577430478693886
0.01875,0.06375,0.005,6.25e-08,-0.047579,0.228386,-0.047079949999999995,0.23118775000000003,-0.0004990500000000078,-0.0028017500000000195,0.0028458485492028765
0.02125,0.06375,0.005,6.25e-08,-0.0550413,0.231912,-0.054555875,0.234901,-0.0004854250000000046,-0.0029889999999999917,0.0030281608990648024
0.02375,0.06375,0.005,6.25e-08,-0.0619519,0.23215,-0.06148964999999998,0.23525225000000002,-0.0004622500000000182,-0.0031022500000000286,0.0031364996612466252
0.02625,0.06375,0.005,6.25e-08,-0.068305,0.229671,-0.06786684999999998,0.23282925000000002,-0.000438150000000026,-0.003158250000000029,0.003188497841460804
0.02875,0.06375,0.005,6.25e-08,-0.0741461,0.224886,-0.07372834999999997,0.22805175000000003,-0.00041775000000003615,-0.0031657500000000227,0.0031931940318433785
0.03125,0.06375,0.005,6.25e-08,-0.0795571,0.218062,-0.07915442499999997,0.22119550000000002,-0.00040267500000003287,-0.0031335000000000113,0.003159267226054975
0.03375,0.06375,0.005,6.25e-08,-0.0846446,0.209349,-0.08425232499999998,0.21241375,-0.00039227500000002524,-0.003064750000000005,0.003089752779450979
0.03625,0.06375,0.005,6.25e-08,-0.0895309,0.1988,-0.08914649999999996,0.2017635,-0.0003844000000000347,-0.002963500000000008,0.002988326556787272
0.03875,0.06375,0.005,6.25e-08,-0.0943471,0.186398,-0.09397134999999995,0.1892275,-0.00037575000000004966,-0.002829499999999985,0.0028543402587112754
0.04125,0.06375,0.005,6.25e-08,-0.0992276,0.17207,-0.09886527499999995,0.17473075000000002,-0.0003623250000000522,-0.0026607500000000173,0.002685306308063408
0.04375,0.06375,0.005,6.25e-08,-0.104305,0.1557,-0.10396549999999993,0.15815875000000001,-0.000339500000000062,-0.0024587500000000095,0.0024820781237705008
0.04625,0.06375,0.005,6.25e-08,-0.109707,0.137148,-0.10940399999999993,0.13936825,-0.0003030000000000671,-0.002220250000000007,0.0022408299941093415
0.04875,0.06375,0.005,6.25e-08,-0.115545,0.116254,-0.11530174999999994,0.11819725000000002,-0.00024325000000005592,-0.0019432500000000213,0.0019584154628168433
0.05125,0.06375,0.005,6.25e-08,-0.121915,0.0928501,-0.12176149999999991,0.09447405000000003,-0.00015350000000008412,-0.0016239500000000268,0.0016311884785334015
0.05375,0.06375,0.005,6.25e-08,-0.128884,0.0667668,-0.12886224999999993,0.06802610000000002,-2.1750000000070324e-05,-0.0012593000000000187,0.0012594878135575788
0.05625,0.06375,0.005,6.25e-08,-0.136482,0.0378448,-0.13664599999999993,0.03868892500000002,0.00016399999999994197,-0.0008441250000000219,0.0008599087251708858
0.05875,0.06375,0.005,6.25e-08,-0.144691,0.00595136,-0.1451039999999999,0.006319892500000071,0.00041299999999991344,-0.00036853250000007127,0.0005535207345314456
0.06125,0.06375,0.005,6.25e-08,-0.153426,-0.0289889,-0.1541552499999999,-0.029181074999999976,0.0007292499999999036,0.000192174999999975,0.0007541464003261235
0.06375,0.06375,0.005,6.25e-08,-0.162529,-0.066969,-0.16361874999999992,-0.06783882500000009,0.0010897499999999172,0.0008698250000000879,0.0013943280077244997
0.06625,0.06375,0.005,6.25e-08,-0.171715,-0.107893,-0.17318024999999998,-0.1095507500000001,0.0014652499999999735,0.0016577500000000966,0.0022124856214222597
0.06875,0.06375,0.005,6.25e-08,-0.180514,-0.151478,-0.18234299999999995,-0.15400425000000012,0.0018289999999999418,0.0025262500000001187,0.0031188427441120508
0.07125,0.06375,0.005,6.25e-08,-0.188227,-0.197128,-0.1903819999999999,-0.20055549999999986,0.002154999999999907,0.003427499999999861,0.004048676481271212
0.07375,0.06375,0.005,6.25e-08,-0.193871,-0.243754,-0.19629949999999996,-0.24805599999999986,0.0024284999999999723,0.0043019999999998615,0.004940123100692803
0.07625,0.06375,0.005,6.25e-08,-0.196184,-0.289543,-0.19881749999999995,-0.2946364999999999,0.0026334999999999553,0.0050934999999999175,0.005734026900878555
0.07875,0.06375,0.005,6.25e-08,-0.193786,-0.331781,-0.19644024999999998,-0.33747875000000005,0.002654249999999969,0.005697750000000057,0.006285650175200692
0.08125,0.06375,0.005,6.25e-08,-0.185502,-0.366784,-0.18764824999999993,-0.37266575000000013,0.002146249999999933,0.00588175000000013,0.006261099913353982
0.083125,0.064375,0.005,1.5625e-08,-0.172698,-0.388994,-0.17549349999999997,-0.3955357500000001,0.0027954999999999786,0.006541750000000068,0.007114022301940076
0.08625,0.06375,0.005,6.25e-08,-0.145317,-0.39488,-0.1469952500000001,-0.39980950000000015,0.0016782500000001033,0.004929500000000142,0.005207349931827297
0.08875,0.06375,0.005,6.25e-08,-0.11509,-0.37795,-0.11595600000000011,-0.3813135000000002,0.0008660000000001167,0.003363500000000186,0.00347319568265329
0.09125,0.06375,0.005,6.25e-08,-0.0806058,-0.335197,-0.08104395000000011,-0.33660725000000025,0.0004381500000001093,0.0014102500000002238,0.0014767465879428085
0.093125,0.064375,0.005,1.5625e-08,-0.0541887,-0.286201,-0.0561120750000001,-0.2940715000000003,0.001923375000000102,0.007870500000000336,0.008102107234579822
0.09625,0.06375,0.005,6.25e-08,-0.0164255,-0.171902,-0.01869244999999994,-0.17143624999999976,0.0022669499999999412,-0.0004657500000002368,0.0023143001890420256
0.098125,0.064375,0.005,1.5625e-08,-0.00509467,-0.0895434,-0.005141667499999965,-0.0924384749999997,4.699749999996505e-05,0.0028950749999997055,0.0028954564442639336
0.00125,0.06625,0.005,6.25e-08,-0.000449209,0.0337072,-0.0003954570000000001,0.03276567500000001,-5.37519999999999e-05,0.0009415249999999917,0.0009430581122756881
0.00375,0.06625,0.005,6.25e-08,-0.00311125,0.0902029,-0.0033464975,0.08995715000000001,0.00023524750000000023,0.00024574999999998903,0.00034019766130331455
0.00625,0.06625,0.005,6.25e-08,-0.00856982,0.135805,-0.008589642500000001,0.13622725000000002,1.9822500000000673e-05,-0.0004222500000000129,0.0004227150269463589
0.00875,0.06625,0.005,6.25e-08,-0.0155866,0.171218,-0.015342300000000003,0.17228750000000004,-0.00024429999999999764,-0.0010695000000000288,0.0010970472824815075
0.01125,0.06625,0.005,6.25e-08,-0.0232816,0.197579,-0.022859975,0.19923325,-0.0004216249999999984,-0.001654249999999996,0.0017071352328169509
0.01375,0.06625,0.005,6.25e-08,-0.0310552,0.216209,-0.0305271,0.21835250000000003,-0.0005281000000000001,-0.0021435000000000204,0.002207596398801214
0.01625,0.06625,0.005,6.25e-08,-0.0384738,0.228436,-0.037892075,0.2309585,-0.0005817250000000052,-0.002522500000000011,0.0025887082156212703
0.01875,0.06625,0.005,6.25e-08,-0.0452647,0.235477,-0.04466359999999999,0.23827075000000003,-0.0006011000000000072,-0.0027937500000000393,0.0028576844249322262
0.02125,0.06625,0.005,6.25e-08,-0.051293,0.23837,-0.050688124999999994,0.24134100000000003,-0.0006048750000000047,-0.002971000000000029,0.0030319490044565687
0.02375,0.06625,0.005,6.25e-08,-0.0565275,0.237953,-0.05591989999999998,0.24102300000000002,-0.0006076000000000206,-0.003070000000000017,0.0031295491304659416
0.02625,0.06625,0.005,6.25e-08,-0.0610097,0.23486,-0.060392199999999986,0.2379695,-0.0006175000000000139,-0.0031094999999999873,0.003170220260486633
0.02875,0.06625,0.005,6.25e-08,-0.0648316,0.229544,-0.06419359999999996,0.2326465,-0.0006380000000000413,-0.003102500000000008,0.0031674201252754742
0.03125,0.06625,0.005,6.25e-08,-0.0681185,0.222303,-0.06744927499999996,0.22536050000000002,-0.0006692250000000372,-0.0030575000000000185,0.003129883120920838
0.03375,0.06625,0.005,6.25e-08,-0.0710167,0.213305,-0.07030769999999996,0.216286,-0.0007090000000000429,-0.0029810000000000114,0.00306415436947947
0.03625,0.06625,0.005,6.25e-08,-0.073685,0.202616,-0.07293132499999995,0.2054915,-0.0007536750000000508,-0.002875500000000003,0.002972629518730024
0.03875,0.06625,0.005,6.25e-08,-0.076289,0.190223,-0.07548987499999994,0.19296575,-0.0007991250000000533,-0.0027427499999999883,0.002856795114831482
0.04125,0.06625,0.005,6.25e-08,-0.0789965,0.176054,-0.07815582499999994,0.17863500000000004,-0.0008406750000000546,-0.0025810000000000555,0.002714460435450364
0.04375,0.06625,0.005,6.25e-08,-0.0819744,0.159993,-0.08110064999999994,0.162382,-0.000873750000000062,-0.0023890000000000022,0.002543768869708905
0.04625,0.06625,0.005,6.25e-08,-0.0853844,0.141888,-0.08449137499999992,0.14405625000000002,-0.000893025000000075,-0.002168250000000038,0.0023449523903749728
0.04875,0.06625,0.005,6.25e-08,-0.0893782,0.121566,-0.08848717499999992,0.12348375,-0.0008910250000000869,-0.0019177500000000097,0.0021146372296744404
0.05125,0.06625,0.005,6.25e-08,-0.0940928,0.0988395,-0.09323429999999991,0.10047467500000001,-0.0008585000000000953,-0.0016351750000000165,0.0018468404182888185
0.05375,0.06625,0.005,6.25e-08,-0.0996466,0.0735112,-0.09886022499999991,0.07483045000000002,-0.0007863750000000891,-0.0013192500000000218,0.001535840552637284
0.05625,0.06625,0.005,6.25e-08,-0.106128,0.045381,-0.10546474999999991,0.04634785000000002,-0.0006632500000000874,-0.0009668500000000191,0.0011724757929271515
0.05875,0.06625,0.005,6.25e-08,-0.113577,0.0142619,-0.1131072499999999,0.014829820000000068,-0.00046975000000010203,-0.0005679200000000689,0.0007370198022442641
0.06125,0.06625,0.005,6.25e-08,-0.121978,-0.0199862,-0.1217887499999999,-0.019901124999999974,-0.00018925000000009906,-8.507500000002471e-05,0.0002074929351207932
0.06375,0.06625,0.005,6.25e-08,-0.131273,-0.0574394,-0.13142549999999992,-0.057979100000000075,0.0001524999999999166,0.0005397000000000735,0.0005608318286260632
0.06625,0.06625,0.005,6.25e-08,-0.1413,-0.0981605,-0.14181349999999993,-0.09945237500000009,0.0005134999999999168,0.001291875000000095,0.001390188212302622
0.06875,0.06625,0.005,6.25e-08,-0.151708,-0.142083,-0.15257624999999997,-0.14421375000000008,0.0008682499999999593,0.002130750000000098,0.002300859323166096
0.07125,0.06625,0.005,6.25e-08,-0.161901,-0.188879,-0.1631039999999999,-0.19188224999999984,0.0012029999999998986,0.0030032499999998463,0.003235230990593845
0.07375,0.06625,0.005,6.25e-08,-0.170954,-0.237768,-0.17247999999999988,-0.24162524999999985,0.0015259999999998886,0.00385724999999984,0.004148138565971299
0.07625,0.06625,0.005,6.25e-08,-0.177588,-0.28722,-0.17942074999999993,-0.2918977499999999,0.0018327499999999386,0.004677749999999925,0.00502397428586165
0.07875,0.06625,0.005,6.25e-08,-0.180336,-0.334755,-0.18227574999999996,-0.3401200000000001,0.0019397499999999623,0.005365000000000064,0.00570489746292609
0.08125,0.06625,0.005,6.25e-08,-0.177773,-0.376616,-0.17915099999999995,-0.3823595000000001,0.0013779999999999626,0.005743500000000068,0.005906494412932317
0.083125,0.066875,0.005,1.5625e-08,-0.167909,-0.403964,-0.16988824999999994,-0.4099747500000001,0.0019792499999999325,0.00601075000000012,0.006328234044739589
0.085625,0.065625,0.005,1.5625e-08,-0.151259,-0.413546,-0.15449974999999994,-0.4192342500000001,0.003240749999999931,0.005688250000000061,0.006546651710989386
0.08875,0.06625,0.005,6.25e-08,-0.119422,-0.410146,-0.1202597500000001,-0.41411175000000017,0.0008377500000000954,0.003965750000000157,0.004053270053302815
0.09125,0.06625,0.005,6.25e-08,-0.0861905,-0.370623,-0.0860821250000001,-0.3722210000000003,-0.00010837499999989675,0.0015980000000003214,0.0016016707341479411
0.09375,0.06625,0.005,6.25e-08,-0.050062,-0.298924,-0.05074185000000001,-0.29852250000000013,0.0006798500000000096,-0.00040149999999988806,0.0007895557437571607
0.095625,0.066875,0.005,1.5625e-08,-0.0246825,-0.225474,-0.027908549999999928,-0.23079299999999975,0.0032260499999999283,0.005318999999999741,0.006220864859687661
0.098125,0.065625,0.005,1.5625e-08,-0.00595379,-0.098857,-0.005432089999999963,-0.0992094999999997,-0.0005217000000000364,0.0003524999999997003,0.0006296246024416665
0.00125,0.06875,0.005,6.25e-08,-0.000420271,0.0352726,-0.0004377362500000002,0.03439185,1.7465250000000176e-05,0.0008807499999999996,0.0008809231507104134
0.00375,0.06875,0.005,6.25e-08,-0.00331042,0.0946253,-0.003670292500000001,0.09432992500000001,0.00035987250000000083,0.0002953749999999866,0.00046556912148599665
0.00625,0.06875,0.005,6.25e-08,-0.00922606,0.142169,-0.009286420000000005,0.14249175,6.0360000000005826e-05,-0.00032275000000001053,0.00032834568993669996
0.00875,0.06875,0.005,6.25e-08,-0.0165598,0.178583,-0.016284875000000004,0.17956775000000003,-0.0002749249999999953,-0.0009847500000000342,0.0010224071195590653
0.01125,0.06875,0.005,6.25e-08,-0.0242332,0.205173,-0.023748050000000007,0.20677575000000004,-0.0004851499999999932,-0.0016027500000000416,0.0016745680293735834
0.01375,0.06875,0.005,6.25e-08,-0.0315615,0.223475,-0.030960450000000004,0.22559125000000002,-0.0006010499999999953,-0.002116250000000014,0.0021999489005429316
0.01625,0.06875,0.005,6.25e-08,-0.0380962,0.235021,-0.037439475,0.23752225000000005,-0.0006567249999999969,-0.002501250000000038,0.0025860277044388344
0.01875,0.06875,0.005,6.25e-08,-0.0435963,0.241196,-0.042914275,0.2439585,-0.0006820249999999958,-0.002762500000000001,0.002845446248064616
0.02125,0.06875,0.005,6.25e-08,-0.0479837,0.243167,-0.047281949999999996,0.246085,-0.000701750000000001,-0.002918000000000004,0.003001195938705106
0.02375,0.06875,0.005,6.25e-08,-0.0512925,0.241859,-0.05056087499999999,0.24485250000000003,-0.0007316250000000066,-0.002993500000000038,0.0030816095454527064
0.02625,0.06875,0.005,6.25e-08,-0.0536289,0.237969,-0.05285057499999998,0.24097925,-0.0007783250000000172,-0.003010249999999992,0.003109243455910936
0.02875,0.06875,0.005,6.25e-08,-0.0551439,0.23199,-0.05430132499999997,0.23497400000000002,-0.0008425750000000329,-0.0029840000000000144,0.0031006755119852743
0.03125,0.06875,0.005,6.25e-08,-0.0560146,0.224244,-0.05509279999999997,0.227169,-0.0009218000000000282,-0.002925000000000011,0.0030668127168120515
0.03375,0.06875,0.005,6.25e-08,-0.0564322,0.214914,-0.055420499999999956,0.21775325,-0.001011700000000046,-0.0028392500000000154,0.00301411304574002
0.03625,0.06875,0.005,6.25e-08,-0.0565945,0.204073,-0.055487249999999946,0.20680349999999997,-0.0011072500000000526,-0.002730499999999969,0.0029464610658381267
0.03875,0.06875,0.005,6.25e-08,-0.056701,0.191711,-0.055498224999999936,0.19431075,-0.0012027750000000656,-0.0025997500000000118,0.0028645013114197066
0.04125,0.06875,0.005,6.25e-08,-0.0569513,0.177757,-0.055658149999999934,0.180202,-0.0012931500000000692,-0.0024450000000000027,0.002765910685922485
0.04375,0.06875,0.005,6.25e-08,-0.0575435,0.162091,-0.05616917499999993,0.164356,-0.001374325000000065,-0.0022649999999999892,0.0026493384467872597
0.04625,0.06875,0.005,6.25e-08,-0.0586719,0.144557,-0.057229424999999924,0.14661725,-0.001442475000000075,-0.0020602500000000135,0.002515027671443253
0.04875,0.06875,0.005,6.25e-08,-0.060521,0.124969,-0.059030899999999914,0.12680300000000003,-0.0014901000000000844,-0.00183400000000003,0.002363039146946229
0.05125,0.06875,0.005,6.25e-08,-0.063265,0.103126,-0.061756899999999906,0.10471175000000002,-0.0015081000000000955,-0.0015857500000000246,0.002188371237359047
0.05375,0.06875,0.005,6.25e-08,-0.0670701,0.0788123,-0.06557767499999989,0.08012352500000001,-0.0014924250000001027,-0.001311225000000013,0.0019866160628693058
0.05625,0.06875,0.005,6.25e-08,-0.072081,0.0517907,-0.0706443749999999,0.05280810000000002,-0.001436625000000108,-0.0010174000000000155,0.0017603960209638461
0.05875,0.06875,0.005,6.25e-08,-0.0783908,0.0218232,-0.07707939999999988,0.022526400000000064,-0.0013114000000001153,-0.0007032000000000635,0.0014880390451867825
0.06125,0.06875,0.005,6.25e-08,-0.0860341,-0.011279,-0.08496174999999989,-0.010960789999999977,-0.0010723500000001107,-0.0003182100000000236,0.0011185669969207264
0.06375,0.06875,0.005,6.25e-08,-0.0950604,-0.0476219,-0.09430529999999993,-0.047878300000000075,-0.0007551000000000779,0.00025640000000007324,0.0007974440231139458
0.06625,0.06875,0.005,6.25e-08,-0.105452,-0.0874278,-0.10502444999999991,-0.0884078500000001,-0.0004275500000000959,0.0009800500000000933,0.001069250674538139
0.06875,0.06875,0.005,6.25e-08,-0.116993,-0.130845,-0.11688574999999993,-0.13263375000000008,-0.00010725000000007257,0.0017887500000000889,0.0017919623670714553
0.07125,0.06875,0.005,6.25e-08,-0.129235,-0.177824,-0.1294342499999999,-0.18044549999999981,0.0001992499999999009,0.0026214999999998045,0.0026290612036426494
0.07375,0.06875,0.005,6.25e-08,-0.141371,-0.227963,-0.14190399999999986,-0.23136599999999982,0.0005329999999998669,0.003402999999999823,0.003444488060655553
0.07625,0.06875,0.005,6.25e-08,-0.152217,-0.280085,-0.1531072499999999,-0.2842784999999998,0.0008902499999998981,0.00419349999999985,0.004286955482915418
0.07875,0.06875,0.005,6.25e-08,-0.160281,-0.332127,-0.16135824999999993,-0.33702825000000014,0.0010772499999999186,0.004901250000000135,0.00501823864767322
0.08125,0.06875,0.005,6.25e-08,-0.163761,-0.380492,-0.16449324999999995,-0.3859340000000001,0.0007322499999999621,0.005442000000000113,0.005491043076001242
0.083125,0.069375,0.005,1.5625e-08,-0.15747,-0.412755,-0.15867624999999996,-0.41819425000000016,0.0012062499999999643,0.005439250000000173,0.005571398354542762
0.085625,0.068125,0.005,1.5625e-08,-0.149999,-0.433805,-0.15202199999999993,-0.4399355000000001,0.0020229999999999415,0.006130500000000094,0.006455661023473965
0.088125,0.068125,0.005,1.5625e-08,-0.126339,-0.436029,-0.12920400000000007,-0.4414107500000001,0.002865000000000062,0.005381750000000074,0.00609684000630664
0.09125,0.06875,0.005,6.25e-08,-0.0898053,-0.405408,-0.09015070000000011,-0.40761725000000026,0.00034540000000010673,0.0022092500000002735,0.00223608736915651
0.09375,0.06875,0.005,6.25e-08,-0.0541637,-0.333411,-0.05447772500000002,-0.3329962500000001,0.0003140250000000164,-0.00041474999999990825,0.0005202203986051818
0.095625,0.069375,0.005,1.5625e-08,-0.0294455,-0.254861,-0.030382449999999925,-0.26020974999999974,0.000936949999999926,0.005348749999999736,0.005430193538447505
0.098125,0.068125,0.005,1.5625e-08,-0.00556931,-0.113164,-0.006038139999999959,-0.11382112499999963,0.0004688299999999592,0.0006571249999996337,0.0008072266314514656
0.00125,0.07125,0.005,6.25e-08,-0.00027279,0.0369242,-0.0005170492499999997,0.0362459,0.00024425924999999963,0.0006782999999999997,0.000720939297868109
0.00375,0.07125,0.005,6.25e-08,-0.00363867,0.09961,-0.004273872499999998,0.09921164999999998,0.0006352024999999976,0.0003983500000000195,0.0007497765923968702
0.00625,0.07125,0.005,6.25e-08,-0.0104758,0.149093,-0.010604954999999996,0.14925899999999998,0.00012915499999999538,-0.00016599999999997173,0.0002103259708761365
0.00875,0.07125,0.005,6.25e-08,-0.0184785,0.186219,-0.018159249999999995,0.18709024999999999,-0.00031925000000000356,-0.0008712499999999901,0.000927899307575981
0.01125,0.07125,0.005,6.25e-08,-0.0263237,0.212594,-0.025765049999999994,0.214136,-0.0005586500000000043,-0.0015419999999999878,0.0016400773830828738
0.01375,0.07125,0.005,6.25e-08,-0.0332467,0.230072,-0.032578125,0.2321555,-0.0006685749999999976,-0.002083499999999988,0.0021881418556905646
0.01625,0.07125,0.005,6.25e-08,-0.0388063,0.240461,-0.038093475,0.242926,-0.0007128250000000003,-0.002464999999999995,0.002565997755381905
0.01875,0.07125,0.005,6.25e-08,-0.0428254,0.245353,-0.042087925,0.24805375,-0.0007374750000000013,-0.0027007500000000018,0.0027996285357391633
0.02125,0.07125,0.005,6.25e-08,-0.0453149,0.246056,-0.04454217500000001,0.24887900000000002,-0.000772724999999988,-0.00282300000000002,0.002926846925554033
0.02375,0.07125,0.005,6.25e-08,-0.0464018,0.243589,-0.04556887500000001,0.24645374999999997,-0.0008329249999999913,-0.0028647499999999715,0.0029833800659863677
0.02625,0.07125,0.005,6.25e-08,-0.046278,0.238705,-0.045357300000000024,0.24155675,-0.0009206999999999757,-0.0028517499999999862,0.002996692602270022
0.02875,0.07125,0.005,6.25e-08,-0.0451681,0.231926,-0.04413587500000003,0.23472975000000001,-0.00103222499999997,-0.0028037500000000215,0.0029877253075082147
0.03125,0.07125,0.005,6.25e-08,-0.0433099,0.223589,-0.04214915000000003,0.22632075000000001,-0.0011607499999999674,-0.002731750000000005,0.0029681304932566476
0.03375,0.07125,0.005,6.25e-08,-0.0409444,0.213885,-0.03964477500000004,0.21652475,-0.001299624999999957,-0.0026397499999999963,0.002942329893659932
0.03625,0.07125,0.005,6.25e-08,-0.03831,0.202886,-0.03686747500000005,0.20541800000000002,-0.0014425249999999445,-0.0025320000000000065,0.002914086885393926
0.03875,0.07125,0.005,6.25e-08,-0.035639,0.190582,-0.03405675000000006,0.19298925,-0.0015822499999999379,-0.0024072499999999997,0.0028806887414296956
0.04125,0.07125,0.005,6.25e-08,-0.0331587,0.1769,-0.03144622500000007,0.179162,-0.0017124749999999286,-0.0022619999999999862,0.002837113784398626
0.04375,0.07125,0.005,6.25e-08,-0.0310955,0.161718,-0.029264400000000076,0.16381175000000003,-0.0018310999999999258,-0.002093750000000033,0.0027814953303034445
0.04625,0.07125,0.005,6.25e-08,-0.0296726,0.144872,-0.027734850000000085,0.1467775,-0.0019377499999999152,-0.0019055000000000044,0.0027176838139304745
0.04875,0.07125,0.005,6.25e-08,-0.0291003,0.126168,-0.027076500000000094,0.12787099999999998,-0.0020237999999999055,-0.0017029999999999823,0.0026449906313632866
0.05125,0.07125,0.005,6.25e-08,-0.0295805,0.105397,-0.027502525000000097,0.106881,-0.002077974999999902,-0.0014839999999999992,0.0025534752986125773
0.05375,0.07125,0.005,6.25e-08,-0.0313252,0.082338,-0.029218900000000107,0.083577,-0.002106299999999891,-0.001239000000000004,0.0024436899741987626
0.05625,0.07125,0.005,6.25e-08,-0.0345396,0.0567219,-0.03242037500000011,0.05770939999999999,-0.0021192249999998844,-0.0009874999999999884,0.002338005742213754
0.05875,0.07125,0.005,6.25e-08,-0.0393654,0.0282508,-0.03728460000000011,0.029011025000000027,-0.0020807999999998897,-0.0007602250000000275,0.0022153263169620366
0.06125,0.07125,0.005,6.25e-08,-0.0458587,-0.00331539,-0.043961725000000125,-0.002801130750000021,-0.0018969749999998772,-0.000514259249999979,0.001965445681476615
0.06375,0.07125,0.005,6.25e-08,-0.054175,-0.0379875,-0.052557475000000145,-0.03802015000000013,-0.0016175249999998559,3.265000000012702e-05,0.001617854489169079
0.06625,0.07125,0.005,6.25e-08,-0.0644494,-0.0761837,-0.06310565000000015,-0.07693425000000015,-0.001343749999999852,0.0007505500000001553,0.0015391521578452974
0.06875,0.07125,0.005,6.25e-08,-0.076593,-0.118246,-0.07552340000000016,-0.11979275000000017,-0.0010695999999998373,0.001546750000000166,0.001880553036343343
0.07125,0.07125,0.005,6.25e-08,-0.0903429,-0.164386,-0.08954102500000008,-0.1667349999999999,-0.0008018749999999242,0.0023489999999999067,0.002482096798197935
0.07375,0.07125,0.005,6.25e-08,-0.105066,-0.214665,-0.10459752500000008,-0.2176484999999999,-0.0004684749999999266,0.0029834999999999168,0.003020056468946307
0.07625,0.07125,0.005,6.25e-08,-0.119799,-0.268202,-0.11970000000000006,-0.2719124999999999,-9.899999999994635e-05,0.0037104999999998944,0.0037118204765315905
0.07875,0.07125,0.005,6.25e-08,-0.133178,-0.323602,-0.13326500000000013,-0.32796225000000023,8.700000000014252e-05,0.004360250000000232,0.004361117868448645
0.08125,0.07125,0.005,6.25e-08,-0.143015,-0.377731,-0.1430175000000001,-0.3826592500000002,2.5000000000996447e-06,0.004928250000000189,0.004928250634099474
0.083125,0.071875,0.005,1.5625e-08,-0.140473,-0.414637,-0.14107750000000008,-0.4191152500000001,0.0006045000000000911,0.004478250000000128,0.004518865268239501
0.085625,0.070625,0.005,1.5625e-08,-0.143522,-0.448341,-0.14486325,-0.45462400000000003,0.0013412499999999883,0.0062830000000000386,0.006424565398725462
0.088125,0.070625,0.005,1.5625e-08,-0.126785,-0.460993,-0.12805350000000007,-0.46651974999999996,0.0012685000000000612,0.005526749999999969,0.00567045481531242
0.090625,0.070625,0.005,1.5625e-08,-0.0978692,-0.440571,-0.10055700000000008,-0.4449805,0.0026878000000000735,0.004409500000000011,0.005164102931778228
0.09375,0.07125,0.005,6.25e-08,-0.0586175,-0.369453,-0.05787712499999999,-0.3684034999999999,-0.0007403750000000153,-0.001049500000000092,0.0012843696471908762
0.095625,0.071875,0.005,1.5625e-08,-0.0332602,-0.286119,-0.0328386999999999,-0.2914044999999995,-0.0004215000000000954,0.005285499999999499,0.005302279934141047
0.098125,0.070625,0.005,1.5625e-08,-0.0062654,-0.12899,-0.00668022999999995,-0.1299027499999995,0.0004148299999999503,0.0009127499999995181,0.0010025948790010246
0.00125,0.07375,0.005,6.25e-08,0.000246964,0.0387843,-0.0006516294999999994,0.03850002499999999,0.0008985934999999995,0.00028427500000000744,0.000942487429023461
0.00375,0.07375,0.005,6.25e-08,-0.00431987,0.105693,-0.005285919999999996,0.10498224999999999,0.0009660499999999961,0.00071075000000001,0.0011993407209796583
0.00625,0.07375,0.005,6.25e-08,-0.0127181,0.157002,-0.012807624999999994,0.15693025,8.952499999999482e-05,7.17500000000093e-05,0.00011472919473699972
0.00875,0.07375,0.005,6.25e-08,-0.0217636,0.194406,-0.021319599999999994,0.195148,-0.0004440000000000069,-0.0007419999999999927,0.0008646964785402998
0.01125,0.07375,0.005,6.25e-08,-0.0299592,0.219951,-0.029290824999999986,0.22144175,-0.0006683750000000127,-0.0014907499999999851,0.0016337260183779203
0.01375,0.07375,0.005,6.25e-08,-0.0364618,0.235953,-0.03572594999999999,0.23800725,-0.0007358500000000101,-0.0020542500000000075,0.0021820674336509504
0.01625,0.07375,0.005,6.25e-08,-0.0408738,0.244585,-0.040126499999999996,0.24699725,-0.0007473000000000063,-0.0024122500000000047,0.002525352916425748
0.01875,0.07375,0.005,6.25e-08,-0.0431311,0.247689,-0.042366600000000004,0.25029025,-0.0007644999999999944,-0.0026012499999999994,0.0027112657214850757
0.02125,0.07375,0.005,6.25e-08,-0.043378,0.246729,-0.04256030000000001,0.2494015,-0.0008176999999999907,-0.0026724999999999943,0.002794796869183869
0.02375,0.07375,0.005,6.25e-08,-0.0418693,0.242811,-0.04095470000000001,0.24548050000000002,-0.0009145999999999876,-0.002669500000000019,0.002821829798198339
0.02625,0.07375,0.005,6.25e-08,-0.0389072,0.236729,-0.03785740000000003,0.239353,-0.0010497999999999758,-0.002624000000000015,0.0028262087750199963
0.02875,0.07375,0.005,6.25e-08,-0.0348051,0.229019,-0.03359287500000003,0.23157575000000002,-0.0012122249999999696,-0.0025567500000000243,0.002829568874073407
0.03125,0.07375,0.005,6.25e-08,-0.0298703,0.22002,-0.02847985000000004,0.22249625,-0.0013904499999999598,-0.002476250000000013,0.0028399234611165055
0.03375,0.07375,0.005,6.25e-08,-0.0243971,0.209915,-0.022821625000000047,0.21229949999999997,-0.0015754749999999547,-0.002384499999999984,0.0028579646123814725
0.03625,0.07375,0.005,6.25e-08,-0.0186647,0.19877,-0.01690430000000006,0.20105300000000004,-0.0017603999999999398,-0.002283000000000035,0.0028828973550926065
0.03875,0.07375,0.005,6.25e-08,-0.0129354,0.186564,-0.010998325000000066,0.18873525000000002,-0.001937074999999934,-0.0021712500000000134,0.0029097398712126833
0.04125,0.07375,0.005,6.25e-08,-0.00745765,0.173217,-0.005361740000000075,0.17526100000000003,-0.002095909999999925,-0.002044000000000018,0.002927588551709369
0.04375,0.07375,0.005,6.25e-08,-0.00248169,0.15861,-0.00024342750000008414,0.1605005,-0.002238262499999916,-0.0018904999999999894,0.002929813862501479
0.04625,0.07375,0.005,6.25e-08,0.00174207,0.14257,0.004113917499999908,0.14428725000000003,-0.0023718474999999076,-0.0017172500000000313,0.0029282431807751076
0.04875,0.07375,0.005,6.25e-08,0.00498797,0.124887,0.0074715774999999,0.1264295,-0.0024836074999998996,-0.0015425000000000022,0.0029236300149054015
0.05125,0.07375,0.005,6.25e-08,0.00704421,0.105358,0.009593537499999893,0.106711,-0.0025493274999998927,-0.001353000000000007,0.002886118449103522
0.05375,0.07375,0.005,6.25e-08,0.00765505,0.0837832,0.010246072499999887,0.084896525,-0.002591022499999887,-0.0011133249999999983,0.002820086904889752
0.05625,0.07375,0.005,6.25e-08,0.00654152,0.0598688,0.00919887749999988,0.0607266,-0.002657357499999879,-0.0008577999999999988,0.0027923770738934248
0.05875,0.07375,0.005,6.25e-08,0.00349606,0.0332362,0.00622777659999988,0.03391937500000003,-0.0027317165999998796,-0.0006831750000000289,0.002815848657747774
0.06125,0.07375,0.005,6.25e-08,-0.00152468,0.00344741,0.0011207799999998689,0.0041663372499999825,-0.0026454599999998687,-0.0007189272499999824,0.002741407485652551
0.06375,0.07375,0.005,6.25e-08,-0.00876039,-0.0289701,-0.0063109575000001574,-0.02886935000000012,-0.0024494324999998424,-0.00010074999999987871,0.0024515036476732916
0.06625,0.07375,0.005,6.25e-08,-0.0184866,-0.0649238,-0.016212967500000168,-0.06555057500000014,-0.002273632499999831,0.0006267750000001349,0.0023584426314160476
0.06875,0.07375,0.005,6.25e-08,-0.0306991,-0.104864,-0.028651900000000178,-0.10625285000000015,-0.002047199999999822,0.0013888500000001497,0.0024738496644904854
0.07125,0.07375,0.005,6.25e-08,-0.045363,-0.149127,-0.043553875000000096,-0.15132549999999992,-0.0018091249999999046,0.002198499999999909,0.002847162713232992
0.07375,0.07375,0.005,6.25e-08,-0.0620102,-0.198477,-0.06060207500000008,-0.2009944999999999,-0.0014081249999999199,0.0025174999999999226,0.0028845488842493875
0.07625,0.07375,0.005,6.25e-08,-0.0800589,-0.251917,-0.07907790000000006,-0.2551504999999999,-0.0009809999999999403,0.0032334999999998892,0.0033790358462140006
0.07875,0.07375,0.005,6.25e-08,-0.0985481,-0.309204,-0.09764297500000016,-0.3129367500000002,-0.0009051249999998401,0.003732750000000229,0.0038409209609319506
0.08125,0.07375,0.005,6.25e-08,-0.115112,-0.367788,-0.11410575000000013,-0.3720347500000002,-0.0010062499999998753,0.004246750000000188,0.004364335530753948
0.083125,0.074375,0.005,1.5625e-08,-0.117402,-0.410765,-0.1162962500000001,-0.4118242500000002,-0.0011057499999999054,0.0010592500000002336,0.0015312392448602818
0.085625,0.073125,0.005,1.5625e-08,-0.131781,-0.455487,-0.13216050000000004,-0.4617760000000001,0.0003795000000000326,0.0062890000000001,0.006300439766397365
0.088125,0.073125,0.005,1.5625e-08,-0.122207,-0.480419,-0.12308750000000007,-0.4856994999999999,0.0008805000000000757,0.00528049999999991,0.0053534064388946956
0.090625,0.073125,0.005,1.5625e-08,-0.100024,-0.470711,-0.10115085000000007,-0.47501025,0.001126850000000068,0.004299250000000032,0.00444447313919214
0.09375,0.07375,0.005,6.25e-08,-0.0615457,-0.404305,-0.060816024999999996,-0.40398299999999987,-0.000729675000000006,-0.0003220000000001555,0.0007975647971325646
0.095625,0.074375,0.005,1.5625e-08,-0.0367795,-0.319272,-0.0352707499999999,-0.3240834999999995,-0.0015087500000001003,0.0048114999999995245,0.005042505211945321
0.098125,0.073125,0.005,1.5625e-08,-0.00699225,-0.146911,-0.007367404999999945,-0.14751149999999943,0.00037515499999994477,0.0006004999999994209,0.0007080547464880545
0.000625,0.076875,0.005,1.5625e-08,0.000960137,0.0226306,-0.00027737052499999984,0.021622249999999996,0.0012375075249999997,0.001008350000000005,0.0015963065485462482
0.00375,0.07625,0.005,6.25e-08,-0.00666764,0.113516,-0.0068934024999999935,0.11218024999999997,0.00022576249999999368,0.0013357500000000383,0.001354694345196122
0.00625,0.07625,0.005,6.25e-08,-0.0166328,0.166396,-0.01625134999999999,0.16603549999999997,-0.00038145000000000887,0.0003605000000000136,0.0005248469800808771
0.00875,0.07625,0.005,6.25e-08,-0.0269091,0.203416,-0.026206024999999987,0.20408049999999997,-0.0007030750000000113,-0.0006644999999999568,0.0009674061740680377
0.01125,0.07625,0.005,6.25e-08,-0.0355549,0.227289,-0.034738924999999976,0.22878549999999997,-0.0008159750000000243,-0.001496499999999984,0.0017045021122383485
0.01375,0.07625,0.005,6.25e-08,-0.0414987,0.240972,-0.040706749999999986,0.24301575,-0.0007919500000000135,-0.002043750000000011,0.0021918254640824085
0.01625,0.07625,0.005,6.25e-08,-0.0444378,0.247108,-0.04368714999999999,0.24944224999999998,-0.0007506500000000124,-0.002334249999999982,0.0024519784837962865
0.01875,0.07625,0.005,6.25e-08,-0.0444965,0.247835,-0.043735699999999995,0.25027750000000004,-0.0007608000000000059,-0.002442500000000042,0.0025582460573604355
0.02125,0.07625,0.005,6.25e-08,-0.0420136,0.244776,-0.041171775,0.24721925,-0.0008418249999999974,-0.002443250000000008,0.0025842097231310456
0.02375,0.07625,0.005,6.25e-08,-0.0374151,0.239106,-0.036428200000000015,0.24149500000000002,-0.000986899999999985,-0.0023890000000000022,0.002584819647480261
0.02625,0.07625,0.005,6.25e-08,-0.0311404,0.231633,-0.02996242500000002,0.2339485,-0.001177974999999977,-0.002315499999999998,0.002597915578040391
0.02875,0.07625,0.005,6.25e-08,-0.0236061,0.222885,-0.022211350000000032,0.22512325000000002,-0.001394749999999969,-0.002238250000000025,0.0026372505806236965
0.03125,0.07625,0.005,6.25e-08,-0.0151943,0.21318,-0.013573900000000043,0.21534050000000005,-0.0016203999999999576,-0.0021605000000000374,0.0027006400000740612
0.03375,0.07625,0.005,6.25e-08,-0.00625435,0.20268,-0.004408832750000054,0.20475875000000004,-0.0018455172499999457,-0.002078750000000046,0.002779772559499707
0.03625,0.07625,0.005,6.25e-08,0.00289457,0.191428,0.004960488249999936,0.19342050000000002,-0.0020659182499999365,-0.001992500000000036,0.002870204603453026
0.03875,0.07625,0.005,6.25e-08,0.0119665,0.179381,0.014238587499999927,0.18128550000000004,-0.0022720874999999276,-0.0019045000000000312,0.0029647094052631935
0.04125,0.07625,0.005,6.25e-08,0.0207041,0.166448,0.023150124999999917,0.16825625000000002,-0.0024460249999999177,-0.0018082500000000112,0.003041842593416799
0.04375,0.07625,0.005,6.25e-08,0.0288367,0.152522,0.03143314999999991,0.15419175000000002,-0.00259644999999991,-0.0016697500000000254,0.003087007882238012
0.04625,0.07625,0.005,6.25e-08,0.0360853,0.13741,0.0388333999999999,0.138922,-0.0027480999999998992,-0.0015119999999999856,0.003136590124641631
0.04875,0.07625,0.005,6.25e-08,0.0422235,0.120875,0.04509979999999989,0.12225225000000002,-0.0028762999999998942,-0.0013772500000000243,0.003189031083652127
0.05125,0.07625,0.005,6.25e-08,0.047062,0.102724,0.04998119999999988,0.1039665,-0.002919199999999879,-0.0012425000000000075,0.0031726227147266203
0.05375,0.07625,0.005,6.25e-08,0.0503144,0.0828342,0.05322387499999988,0.083828575,-0.0029094749999998767,-0.0009943750000000057,0.0030747075334492053
0.05625,0.07625,0.005,6.25e-08,0.0516207,0.0609061,0.054570199999999874,0.061580224999999995,-0.002949499999999876,-0.0006741249999999976,0.0030255569347847787
0.05875,0.07625,0.005,6.25e-08,0.0506021,0.0365568,0.053758649999999866,0.036936800000000033,-0.003156549999999869,-0.0003800000000000331,0.0031793407968475477
0.06125,0.07625,0.005,6.25e-08,0.0472345,0.00871465,0.050525299999999856,0.009581584999999988,-0.0032907999999998577,-0.0008669349999999888,0.0034030781557619337
0.06375,0.07625,0.005,6.25e-08,0.0412765,-0.0209176,0.044609849999999826,-0.020841675000000108,-0.0033333499999998253,-7.592499999989344e-05,0.0033342145743973676
0.06625,0.07625,0.005,6.25e-08,0.0323682,-0.0542585,0.03576704999999982,-0.054737175000000124,-0.0033988499999998215,0.00047867500000012275,0.0034323914517612793
0.06875,0.07625,0.005,6.25e-08,0.0205668,-0.0916203,0.023791774999999803,-0.09256250000000016,-0.0032249749999998037,0.0009422000000001568,0.0033597923433783864
0.07125,0.07625,0.005,6.25e-08,0.00561374,-0.133077,0.008566236249999894,-0.1348214999999999,-0.002952496249999894,0.001744499999999899,0.003429360633742547
0.07375,0.07625,0.005,6.25e-08,-0.0121077,-0.180163,-0.009851514750000094,-0.1820179999999999,-0.002256185249999907,0.0018549999999999123,0.0029208555052102144
0.07625,0.07625,0.005,6.25e-08,-0.0326792,-0.231823,-0.03107250000000008,-0.23451974999999992,-0.0016066999999999193,0.0026967499999999145,0.0031390994652127986
0.07875,0.07625,0.005,6.25e-08,-0.0554962,-0.289419,-0.054126950000000194,-0.2922187500000002,-0.0013692499999998081,0.002799750000000212,0.0031166401179797227
0.08125,0.07625,0.005,6.25e-08,-0.0778758,-0.350146,-0.07712062500000018,-0.35383475000000025,-0.0007551749999998164,0.0036887500000002404,0.0037652577392691855
0.08375,0.07625,0.005,6.25e-08,-0.0978543,-0.411778,-0.09689770000000014,-0.41569925000000024,-0.0009565999999998631,0.003921250000000265,0.0040362464149877935
0.085625,0.076875,0.005,1.5625e-08,-0.101989,-0.451295,-0.10052757500000009,-0.4550837500000002,-0.0014614249999999052,0.003788750000000174,0.004060836070703426
0.088125,0.075625,0.005,1.5625e-08,-0.112762,-0.491773,-0.11341775000000004,-0.49699274999999987,0.0006557500000000382,0.0052197499999998564,0.0052607792317297015
0.090625,0.075625,0.005,1.5625e-08,-0.0992178,-0.495474,-0.09915962500000006,-0.50002175,-5.817499999993814e-05,0.004547750000000017,0.004548122073243543
0.093125,0.075625,0.005,1.5625e-08,-0.0690304,-0.44783,-0.07110455000000009,-0.45181600000000016,0.00207415000000008,0.003986000000000156,0.004493361127541562
0.095625,0.075625,0.005,1.5625e-08,-0.0385712,-0.340004,-0.0364834999999999,-0.3408617499999995,-0.002087700000000102,0.0008577499999995464,0.0022570392890908317
0.098125,0.075625,0.005,1.5625e-08,-0.007847,-0.166731,-0.008121024999999941,-0.16672524999999938,0.0002740249999999417,-5.750000000609434e-06,0.0002740853208856232
0.000625,0.079375,0.005,1.5625e-08,-0.000319793,0.0236331,-0.00039403490000000044,0.02386222500000001,7.424190000000043e-05,-0.00022912500000001057,0.0002408529122527168
0.00375,0.07875,0.005,6.25e-08,-0.00918442,0.123419,-0.009372790000000008,0.12156175000000002,0.00018837000000000714,0.001857249999999977,0.0018667781923409961
0.00625,0.07875,0.005,6.25e-08,-0.0220343,0.177736,-0.02141760000000002,0.17723875000000006,-0.0006166999999999805,0.0004972499999999491,0.0007921972308080389
0.00875,0.07875,0.005,6.25e-08,-0.0342658,0.213496,-0.033332175000000026,0.21421750000000006,-0.0009336249999999727,-0.0007215000000000693,0.001179922832487383
0.01125,0.07875,0.005,6.25e-08,-0.0433972,0.234548,-0.042478375000000027,0.23612400000000003,-0.0009188249999999704,-0.0015760000000000218,0.0018242848956851597
0.01375,0.07875,0.005,6.25e-08,-0.0484244,0.244813,-0.04763525000000002,0.24684675,-0.0007891499999999815,-0.002033750000000001,0.0021814895793929373
0.01625,0.07875,0.005,6.25e-08,-0.0493052,0.247554,-0.04859970000000001,0.24974799999999997,-0.0007054999999999909,-0.0021939999999999737,0.0023046401562933578
0.01875,0.07875,0.005,6.25e-08,-0.0464758,0.245237,-0.045744875000000004,0.2474225,-0.0007309249999999934,-0.002185499999999979,0.0023044872760822305
0.02125,0.07875,0.005,6.25e-08,-0.0405567,0.239627,-0.039693674999999984,0.24172824999999995,-0.0008630250000000173,-0.0021012499999999434,0.002271577362346436
0.02375,0.07875,0.005,6.25e-08,-0.0321975,0.231924,-0.031123749999999978,0.23392549999999995,-0.0010737500000000191,-0.0020014999999999616,0.0022713302957737976
0.02625,0.07875,0.005,6.25e-08,-0.0220019,0.222912,-0.02067147499999997,0.22482449999999995,-0.0013304250000000309,-0.001912499999999956,0.002329739670140188
0.02875,0.07875,0.005,6.25e-08,-0.0104987,0.21307,-0.008895892499999959,0.21491324999999997,-0.0016028075000000409,-0.001843249999999963,0.0024426547943899573
0.03125,0.07875,0.005,6.25e-08,0.00185633,0.202667,0.003725117000000053,0.20445549999999996,-0.001868787000000053,-0.001788499999999943,0.0025867155045286665
0.03375,0.07875,0.005,6.25e-08,0.0146622,0.191826,0.016784550000000065,0.19355774999999997,-0.0021223500000000645,-0.0017317499999999764,0.002739220251275934
0.03625,0.07875,0.005,6.25e-08,0.0275623,0.180552,0.029931275000000077,0.18222349999999998,-0.002368975000000075,-0.0016714999999999924,0.0028993024679438554
0.03875,0.07875,0.005,6.25e-08,0.0402546,0.168763,0.04285502500000009,0.17038299999999998,-0.0026004250000000867,-0.0016199999999999826,0.0030637575264086084
0.04125,0.07875,0.005,6.25e-08,0.0524966,0.156345,0.055273275000000094,0.15791899999999998,-0.0027766750000000964,-0.0015739999999999643,0.0031917706771673656
0.04375,0.07875,0.005,6.25e-08,0.0640025,0.143232,0.0669204750000001,0.14467974999999997,-0.0029179750000001003,-0.00144774999999997,0.003257385172669253
0.04625,0.07875,0.005,6.25e-08,0.0744526,0.129195,0.0775397750000001,0.13049,-0.0030871750000001086,-0.0012949999999999906,0.003347786504636406
0.04875,0.07875,0.005,6.25e-08,0.0836332,0.113926,0.08687625000000013,0.11515349999999996,-0.0032430500000001222,-0.0012274999999999647,0.003467582667003154
0.05125,0.07875,0.005,6.25e-08,0.091425,0.0972153,0.09467152500000013,0.09845889999999997,-0.003246525000000125,-0.0012435999999999697,0.003476559439392017
0.05375,0.07875,0.005,6.25e-08,0.097536,0.0791612,0.10066015000000014,0.08017602499999998,-0.003124150000000145,-0.001014824999999983,0.0032848413969514376
0.05625,0.07875,0.005,6.25e-08,0.101663,0.0593177,0.10456532500000014,0.060054849999999986,-0.002902325000000136,-0.000737149999999985,0.002994475000417564
0.05875,0.07875,0.005,6.25e-08,0.103452,0.0375182,0.10609747500000016,0.03781975000000003,-0.002645475000000161,-0.0003015500000000254,0.0026626059374465962
0.060625,0.079375,0.005,1.5625e-08,0.114993,0.0188815,0.11990400000000018,0.019970275000000003,-0.004911000000000179,-0.0010887750000000036,0.005030243731731771
0.063125,0.078125,0.005,1.5625e-08,0.0858399,-0.00901515,0.087653925,-0.00842085750000008,-0.0018140249999999969,-0.0005942924999999197,0.0019088924213221507
0.065625,0.078125,0.005,1.5625e-08,0.0783676,-0.0393446,0.08065539999999997,-0.03904467500000009,-0.0022877999999999787,-0.0002999249999999093,0.0023073759653825052
0.068125,0.078125,0.005,1.5625e-08,0.0677596,-0.0734174,0.07019934999999997,-0.0732971750000001,-0.0024397499999999628,-0.00012022499999989056,0.002442710403041014
0.070625,0.078125,0.005,1.5625e-08,0.0539511,-0.111818,0.056018400000000045,-0.11173374999999988,-0.0020673000000000427,-8.425000000011895e-05,0.002069016034858163
0.07375,0.07875,0.005,6.25e-08,0.0453553,-0.159469,0.04795100000000023,-0.16136024999999982,-0.0025957000000002284,0.0018912499999998167,0.0032116172020495363
0.07625,0.07875,0.005,6.25e-08,0.0223359,-0.208223,0.02465017500000024,-0.2106644999999998,-0.0023142750000002404,0.002441499999999819,0.003364043850134125
0.078125,0.079375,0.005,1.5625e-08,0.0126933,-0.244019,0.019380482500000164,-0.24474449999999992,-0.006687182500000164,0.0007254999999999068,0.006726422528975437
0.08125,0.07875,0.005,6.25e-08,-0.0327679,-0.325156,-0.03131889999999994,-0.3281310000000001,-0.0014490000000000614,0.0029750000000001164,0.0033091125698593076
0.08375,0.07875,0.005,6.25e-08,-0.0608209,-0.390626,-0.059768349999999956,-0.3940365000000001,-0.001052550000000041,0.0034105000000001495,0.0035692256516646724
0.085625,0.079375,0.005,1.5625e-08,-0.0712108,-0.434273,-0.06922774999999998,-0.4369870000000001,-0.001983050000000028,0.0027140000000001052,0.0033612919097425445
0.088125,0.078125,0.005,1.5625e-08,-0.0977756,-0.492884,-0.09790309999999999,-0.4982279999999999,0.00012749999999998873,0.005343999999999904,0.005345520765089121
0.090625,0.078125,0.005,1.5625e-08,-0.0943083,-0.512682,-0.09381530000000003,-0.5177465,-0.0004929999999999657,0.005064500000000027,0.005088438783163284
0.093125,0.078125,0.005,1.5625e-08,-0.0725016,-0.479746,-0.07209947500000008,-0.4830672500000002,-0.0004021249999999199,0.00332125000000022,0.0033455053546701126
0.095625,0.078125,0.005,1.5625e-08,-0.0399332,-0.374473,-0.03893674999999991,-0.37499349999999954,-0.000996450000000093,0.0005204999999995352,0.0011242032078319746
0.098125,0.078125,0.005,1.5625e-08,-0.00881957,-0.188419,-0.008984667499999937,-0.1876752499999994,0.00016509749999993675,-0.0007437500000005981,0.0007618538225979566
0.000625,0.081875,0.005,1.5625e-08,-0.000743058,0.0269413,-0.0005799202500000008,0.02707840000000001,-0.00016313774999999922,-0.00013710000000000805,0.00021309700954040735
0.00375,0.08125,0.005,6.25e-08,-0.0130515,0.136193,-0.01314005000000001,0.13417875000000004,8.855000000001015e-05,0.0020142499999999675,0.002016195467954402
0.00625,0.08125,0.005,6.25e-08,-0.0296289,0.191738,-0.028936100000000027,0.19130750000000005,-0.0006927999999999726,0.0004304999999999448,0.0008156605237474194
0.00875,0.08125,0.005,6.25e-08,-0.0442378,0.224862,-0.043206900000000034,0.22573375000000007,-0.0010308999999999666,-0.00087175000000006,0.0013500751358720875
0.01125,0.08125,0.005,6.25e-08,-0.0535401,0.241434,-0.052624275000000026,0.24308675000000002,-0.0009158249999999743,-0.0016527500000000084,0.0018895285107997128
0.01375,0.08125,0.005,6.25e-08,-0.0568197,0.246837,-0.056113050000000025,0.2487725,-0.0007066499999999754,-0.0019355000000000067,0.002060464625393989
0.01625,0.08125,0.005,6.25e-08,-0.0545831,0.245118,-0.05395940000000001,0.247025,-0.0006236999999999909,-0.001906999999999992,0.002006402424739354
0.01875,0.08125,0.005,6.25e-08,-0.0477694,0.239054,-0.0470583,0.24081274999999996,-0.0007110999999999992,-0.0017587499999999756,0.0018970674137994972
0.02125,0.08125,0.005,6.25e-08,-0.0373862,0.230476,-0.03645627499999998,0.23207699999999995,-0.0009299250000000189,-0.0016009999999999636,0.0018514754942004817
0.02375,0.08125,0.005,6.25e-08,-0.0243581,0.220541,-0.023131099999999974,0.22201799999999997,-0.0012270000000000267,-0.0014769999999999783,0.00192017134652093
0.02625,0.08125,0.005,6.25e-08,-0.00947042,0.209933,-0.007913032499999957,0.21133824999999992,-0.0015573875000000435,-0.0014052499999999135,0.002097661409202196
0.02875,0.08125,0.005,6.25e-08,0.00664096,0.199032,0.008523050000000058,0.20041049999999996,-0.0018820900000000584,-0.001378499999999977,0.0023329219914305227
0.03125,0.08125,0.005,6.25e-08,0.0234626,0.188025,0.025636050000000073,0.18940049999999997,-0.0021734500000000732,-0.001375499999999974,0.002572136301306804
0.03375,0.08125,0.005,6.25e-08,0.0405555,0.176978,0.04298925000000008,0.17833899999999997,-0.0024337500000000817,-0.0013609999999999733,0.0027884511942116406
0.03625,0.08125,0.005,6.25e-08,0.0575298,0.165843,0.0602219250000001,0.16717299999999996,-0.0026921250000001007,-0.00132999999999997,0.003002738252932723
0.03875,0.08125,0.005,6.25e-08,0.0740745,0.154467,0.0770255750000001,0.15579449999999997,-0.0029510750000000946,-0.0013274999999999815,0.003235907895108498
0.04125,0.08125,0.005,6.25e-08,0.0900031,0.142659,0.09312502500000011,0.14406174999999993,-0.0031219250000001086,-0.0014027499999999249,0.003422590140248386
0.04375,0.08125,0.005,6.25e-08,0.105025,0.130552,0.10826425000000012,0.13181074999999998,-0.003239250000000124,-0.0012587499999999752,0.003475225478296443
0.04625,0.08125,0.005,6.25e-08,0.118767,0.117822,0.12219475000000013,0.11886074999999996,-0.003427750000000132,-0.0010387499999999633,0.003581685584330488
0.04875,0.08125,0.005,6.25e-08,0.131007,0.104,0.13466750000000016,0.10501974999999997,-0.0036605000000001497,-0.001019749999999972,0.00379988819736858
0.05125,0.08125,0.005,6.25e-08,0.141748,0.0886771,0.14542700000000014,0.09008292499999998,-0.0036790000000001266,-0.0014058249999999856,0.003938449559233417
0.05375,0.08125,0.005,6.25e-08,0.15057,0.0728163,0.15420400000000017,0.07383219999999997,-0.003634000000000165,-0.0010158999999999724,0.0037733286114518495
0.05625,0.08125,0.005,6.25e-08,0.157109,0.0550713,0.16071300000000016,0.056033724999999986,-0.0036040000000001626,-0.000962424999999989,0.0037302919296787153
0.05875,0.08125,0.005,6.25e-08,0.160985,0.0357675,0.1646452500000002,0.036431350000000015,-0.003660250000000198,-0.0006638500000000144,0.0037199632908136967
0.060625,0.081875,0.005,1.5625e-08,0.175395,0.0194801,0.18194375000000018,0.02024685,-0.006548750000000186,-0.0007667500000000001,0.006593484065727499
0.063125,0.080625,0.005,1.5625e-08,0.144384,-0.00380438,0.14808200000000019,-0.003938304500000061,-0.0036980000000001734,0.00013392450000006143,0.0037004242691482756
0.065625,0.080625,0.005,1.5625e-08,0.1386,-0.0304094,0.14270000000000016,-0.031058450000000064,-0.004100000000000159,0.0006490500000000642,0.004151055998478145
0.068125,0.080625,0.005,1.5625e-08,0.1291,-0.0604776,0.13343000000000016,-0.061456625000000056,-0.004330000000000167,0.000979025000000057,0.004439300615032345
0.070625,0.080625,0.005,1.5625e-08,0.115532,-0.0941384,0.11986450000000023,-0.09571897499999986,-0.004332500000000239,0.001580574999999862,0.004611808059820643
0.073125,0.080625,0.005,1.5625e-08,0.0979861,-0.133626,0.10162420000000025,-0.13458874999999984,-0.003638100000000241,0.0009627499999998457,0.0037633308614180416
0.075625,0.080625,0.005,1.5625e-08,0.0756107,-0.177366,0.07843897500000026,-0.1789909999999998,-0.002828275000000255,0.0016249999999997933,0.003261865183545416
0.078125,0.080625,0.005,1.5625e-08,0.0476762,-0.228034,0.05032927500000017,-0.2299689999999999,-0.0026530750000001713,0.001934999999999909,0.0032837527244945768
0.080625,0.080625,0.005,1.5625e-08,0.0152159,-0.287145,0.01795812250000007,-0.2883732500000001,-0.00274222250000007,0.0012282500000000973,0.0030047266601151714
0.08375,0.08125,0.005,6.25e-08,-0.0135942,-0.359572,-0.012583712499999955,-0.36232825000000013,-0.0010104875000000457,0.0027562500000001267,0.0029356428682925724
0.085625,0.081875,0.005,1.5625e-08,-0.0305491,-0.404763,-0.02777782499999997,-0.4066672500000001,-0.002771275000000028,0.0019042500000001072,0.0033624593957586406
0.088125,0.080625,0.005,1.5625e-08,-0.0749698,-0.481694,-0.07496237499999987,-0.48703699999999983,-7.425000000130244e-06,0.00534299999999982,0.005343005159142473
0.090625,0.080625,0.005,1.5625e-08,-0.0845984,-0.519893,-0.08396842499999996,-0.52534425,-0.0006299750000000465,0.0054512499999999076,0.00548753087126843
0.093125,0.080625,0.005,1.5625e-08,-0.0727751,-0.505794,-0.07157325000000006,-0.5093117500000002,-0.001201849999999935,0.003517750000000208,0.0037173926998638855
0.095625,0.080625,0.005,1.5625e-08,-0.0426868,-0.408807,-0.041509449999999906,-0.4093537499999997,-0.0011773500000000908,0.0005467499999997072,0.0012981096197932952
0.098125,0.080625,0.005,1.5625e-08,-0.00996554,-0.212068,-0.010042019999999936,-0.2105997499999994,7.647999999993611e-05,-0.001468250000000615,0.0014702405425309818
0.000625,0.084375,0.005,1.5625e-08,-0.00123967,0.0322219,-0.0008815095000000012,0.031843625000000014,-0.0003581604999999988,0.0003782749999999835,0.000520932739790116
0.00375,0.08375,0.005,6.25e-08,-0.0190382,0.152974,-0.018833000000000016,0.15146350000000006,-0.00020519999999998526,0.0015104999999999424,0.0015243743929887498
0.00625,0.08375,0.005,6.25e-08,-0.0404385,0.209233,-0.039565650000000036,0.20895475000000005,-0.0008728499999999667,0.00027824999999995215,0.0009161278213218476
0.00875,0.08375,0.005,6.25e-08,-0.0571973,0.237253,-0.05607402500000004,0.23831850000000004,-0.0011232749999999583,-0.0010655000000000525,0.0015482367311315858
0.01125,0.08375,0.005,6.25e-08,-0.0653802,0.246979,-0.06452595000000004,0.24860550000000003,-0.0008542499999999592,-0.0016265000000000307,0.0018371840714800545
0.01375,0.08375,0.005,6.25e-08,-0.065135,0.245702,-0.06453667500000003,0.2473655,-0.000598324999999969,-0.0016634999999999844,0.001767830607163738
0.01625,0.08375,0.005,6.25e-08,-0.0579322,0.23838,-0.057345450000000006,0.23978974999999997,-0.000586749999999997,-0.0014097499999999596,0.0015269808856039695
0.01875,0.08375,0.005,6.25e-08,-0.0454455,0.227947,-0.044639974999999985,0.22908624999999996,-0.0008055250000000153,-0.0011392499999999528,0.0013952638059252153
0.02125,0.08375,0.005,6.25e-08,-0.0291584,0.216148,-0.02800472499999995,0.21709924999999997,-0.0011536750000000519,-0.0009512499999999591,0.0014952734091546742
0.02375,0.08375,0.005,6.25e-08,-0.010293,0.203964,-0.008738822499999946,0.20481974999999994,-0.0015541775000000538,-0.000855749999999933,0.0017741972167733503
0.02625,0.08375,0.005,6.25e-08,0.0101966,0.191884,0.012156735000000071,0.19273349999999995,-0.001960135000000071,-0.0008494999999999475,0.0021363004161927203
0.02875,0.08375,0.005,6.25e-08,0.0316027,0.180118,0.03393012500000008,0.18103174999999994,-0.0023274250000000843,-0.0009137499999999354,0.0025003692113616492
0.03125,0.08375,0.005,6.25e-08,0.0534014,0.168737,0.05601792500000011,0.16973924999999992,-0.0026165250000001056,-0.0010022499999999268,0.0028019115150420804
0.03375,0.08375,0.005,6.25e-08,0.0751497,0.15775,0.07799052500000012,0.15878549999999994,-0.002840825000000116,-0.0010354999999999392,0.0030236644871125392
0.03625,0.08375,0.005,6.25e-08,0.096428,0.147064,0.09950915000000013,0.14804849999999994,-0.0030811500000001296,-0.0009844999999999438,0.003234613666653359
0.03875,0.08375,0.005,6.25e-08,0.116885,0.136404,0.12029300000000014,0.13737724999999995,-0.003408000000000133,-0.0009732499999999533,0.0035442459794010938
0.04125,0.08375,0.005,6.25e-08,0.136518,0.125176,0.14009525000000014,0.12660324999999994,-0.003577250000000143,-0.0014272499999999355,0.0038514620762771165
0.04375,0.08375,0.005,6.25e-08,0.155055,0.114372,0.15868675000000015,0.11555124999999995,-0.0036317500000001557,-0.0011792499999999512,0.003818407865197354
0.04625,0.08375,0.005,6.25e-08,0.172084,0.103325,0.17584250000000018,0.10403849999999996,-0.0037585000000001922,-0.0007134999999999642,0.0038256247202256254
0.04875,0.08375,0.005,6.25e-08,0.187243,0.091234,0.19133225000000015,0.09187904999999996,-0.004089250000000155,-0.0006450499999999665,0.004139813409442656
0.05125,0.08375,0.005,6.25e-08,0.200789,0.077364,0.20491350000000016,0.07888089999999998,-0.00412450000000017,-0.0015168999999999738,0.004394597349018601
0.05375,0.08375,0.005,6.25e-08,0.211947,0.0643045,0.21632600000000018,0.06484464999999998,-0.004379000000000188,-0.0005401499999999754,0.0044121880085170465
0.05625,0.08375,0.005,6.25e-08,0.220717,0.0488564,0.2252837500000002,0.049559599999999975,-0.004566750000000203,-0.0007031999999999733,0.004620573103252649
0.05875,0.08375,0.005,6.25e-08,0.226541,0.0326378,0.2314725000000002,0.03279800000000001,-0.0049315000000002,-0.00016020000000000617,0.004934101366003942
0.060625,0.084375,0.005,1.5625e-08,0.243019,0.018821,0.2527417500000002,0.01848774999999999,-0.009722750000000197,0.0003332500000000106,0.009728459442532708
0.063125,0.083125,0.005,1.5625e-08,0.210297,-0.00085853,0.2161255000000002,-0.0012669050000000562,-0.005828500000000181,0.00040837500000005615,0.005842788922306465
0.065625,0.083125,0.005,1.5625e-08,0.206232,-0.0238563,0.2123797500000002,-0.02453675000000005,-0.006147750000000202,0.0006804500000000512,0.006185292415480658
0.068125,0.083125,0.005,1.5625e-08,0.19838,-0.0499228,0.20439325000000017,-0.050634125000000044,-0.006013250000000164,0.0007113250000000404,0.0060551762004195245
0.070625,0.083125,0.005,1.5625e-08,0.186204,-0.0794866,0.19165300000000024,-0.08012359999999986,-0.0054490000000002314,0.0006369999999998599,0.005486106998592202
0.073125,0.083125,0.005,1.5625e-08,0.168728,-0.113465,0.17360875000000028,-0.11376599999999984,-0.004880750000000295,0.00030099999999984306,0.004890022654600159
0.075625,0.083125,0.005,1.5625e-08,0.145871,-0.151427,0.1497182500000003,-0.1525994999999998,-0.003847250000000302,0.0011724999999997987,0.004021950871467956
0.078125,0.083125,0.005,1.5625e-08,0.116765,-0.195856,0.1195622500000002,-0.1980022499999999,-0.0027972500000002093,0.002146249999999905,0.003525761850295729
0.080625,0.083125,0.005,1.5625e-08,0.0806135,-0.249801,0.08312967500000008,-0.25160925000000006,-0.0025161750000000788,0.0018082500000000667,0.0030985326677518887
0.083125,0.083125,0.005,1.5625e-08,0.0392464,-0.313378,0.041415225000000055,-0.3147460000000001,-0.0021688250000000547,0.0013680000000000914,0.0025642203260690154
0.085625,0.083125,0.005,1.5625e-08,-0.00192123,-0.384329,-0.0025255049999999704,-0.3867052500000001,0.0006042749999999705,0.002376250000000135,0.002451879348199174
0.088125,0.083125,0.005,1.5625e-08,-0.0418989,-0.456345,-0.04226392499999979,-0.4609427499999997,0.0003650249999997898,0.0045977499999996785,0.004612217288151317
0.090625,0.083125,0.005,1.5625e-08,-0.0679563,-0.513314,-0.0677203999999999,-0.5192172499999999,-0.00023590000000009437,0.0059032499999998045,0.005907961524290568
0.093125,0.083125,0.005,1.5625e-08,-0.0701457,-0.523315,-0.06874860000000002,-0.5275290000000001,-0.0013970999999999845,0.004214000000000162,0.0044395590332826215
0.095625,0.083125,0.005,1.5625e-08,-0.0460048,-0.442485,-0.04433684999999992,-0.4429944999999997,-0.0016679500000000777,0.000509499999999663,0.0017440319528322628
0.098125,0.083125,0.005,1.5625e-08,-0.0115891,-0.23828,-0.011450859999999929,-0.23593599999999934,-0.00013824000000007067,-0.002344000000000651,0.002348072890181025
0.000625,0.086875,0.005,1.5625e-08,-0.00178965,0.0406662,-0.0013906234999999981,0.03912667499999998,-0.00039902650000000193,0.0015395250000000207,0.001590395980039976
0.003125,0.085625,0.005,1.5625e-08,-0.0192627,0.153048,-0.01861957500000002,0.1478370000000001,-0.0006431249999999805,0.005210999999999882,0.005250536236007113
0.00625,0.08625,0.005,6.25e-08,-0.056593,0.231061,-0.05399254999999996,0.23036674999999995,-0.002600450000000039,0.0006942500000000351,0.0026915280539129166
0.00875,0.08625,0.005,6.25e-08,-0.0725815,0.249319,-0.07115707499999996,0.250461,-0.0014244250000000347,-0.0011419999999999764,0.0018256918087741548
0.01125,0.08625,0.005,6.25e-08,-0.0763335,0.249043,-0.07556579999999999,0.250272,-0.00076770000000001,-0.0012290000000000079,0.001449070146680289
0.01375,0.08625,0.005,6.25e-08,-0.0692966,0.239058,-0.06867314999999999,0.24005100000000004,-0.0006234500000000115,-0.0009930000000000494,0.0011724926023221267
0.01625,0.08625,0.005,6.25e-08,-0.0541701,0.225152,-0.053360225000000025,0.22572150000000007,-0.0008098749999999738,-0.0005695000000000838,0.0009900645259906312
0.01875,0.08625,0.005,6.25e-08,-0.0336216,0.210033,-0.032369900000000056,0.21033800000000008,-0.001251699999999946,-0.000305000000000083,0.0012883236743923925
0.02125,0.08625,0.005,6.25e-08,-0.00961394,0.195112,-0.007846795250000064,0.19532350000000007,-0.0017671447499999354,-0.00021150000000005886,0.0017797563927269258
0.02375,0.08625,0.005,6.25e-08,0.0163926,0.181007,0.018666449999999897,0.1812467500000001,-0.002273849999999897,-0.00023975000000009405,0.0022864544353648456
0.02625,0.08625,0.005,6.25e-08,0.0433587,0.167881,0.046101224999999885,0.16825050000000008,-0.0027425249999998846,-0.0003695000000000781,0.002767304396994379
0.02875,0.08625,0.005,6.25e-08,0.0705953,0.155687,0.07372579999999987,0.1562765000000001,-0.0031304999999998695,-0.0005895000000001038,0.0031855204441345697
0.03125,0.08625,0.005,6.25e-08,0.0976687,0.144332,0.10103527499999984,0.14517450000000007,-0.003366574999999844,-0.0008425000000000793,0.003470393850937395
0.03375,0.08625,0.005,6.25e-08,0.12422,0.133812,0.12767049999999983,0.13476075000000007,-0.0034504999999998287,-0.0009487500000000815,0.003578557923591425
0.03625,0.08625,0.005,6.25e-08,0.149819,0.12401,0.15336474999999983,0.12483950000000008,-0.00354574999999982,-0.0008295000000000802,0.0036414850421907347
0.03875,0.08625,0.005,6.25e-08,0.173824,0.114684,0.17790149999999982,0.11521650000000005,-0.004077499999999817,-0.0005325000000000607,0.004112123842979267
0.04125,0.08625,0.005,6.25e-08,0.196717,0.104433,0.2010929999999998,0.10570300000000007,-0.004375999999999797,-0.0012700000000000766,0.00455656405639144
0.04375,0.08625,0.005,6.25e-08,0.218345,0.0951428,0.22275899999999976,0.09611575000000006,-0.0044139999999997515,-0.0009729500000000557,0.0045199588164603795
0.04625,0.08625,0.005,6.25e-08,0.238548,0.0856618,0.24271724999999977,0.08627702500000005,-0.004169249999999763,-0.0006152250000000525,0.00421439762755285
0.04875,0.08625,0.005,6.25e-08,0.25711,0.0749077,0.26077149999999977,0.07601267500000004,-0.003661499999999762,-0.0011049750000000497,0.0038245982796397543
0.050625,0.086875,0.005,1.5625e-08,0.287047,0.0633961,0.2931787499999998,0.06402667500000003,-0.006131749999999825,-0.000630575000000036,0.006164088163964148
0.053125,0.085625,0.005,1.5625e-08,0.266582,0.0577509,0.2674390000000002,0.05968857499999996,-0.0008570000000002187,-0.0019376749999999582,0.00211873391572071
0.05625,0.08625,0.005,6.25e-08,0.296304,0.0413251,0.3012297499999998,0.04092310000000002,-0.0049257499999997845,0.00040199999999997876,0.004942126775235319
0.05875,0.08625,0.005,6.25e-08,0.303294,0.0278581,0.30923924999999974,0.027187225000000037,-0.0059452499999997355,0.0006708749999999632,0.005982981767323197
0.06125,0.08625,0.005,6.25e-08,0.307068,0.0117431,0.3139622499999998,0.012094452500000007,-0.006894249999999769,-0.00035135250000000763,0.006903197204321565
0.06375,0.08625,0.005,6.25e-08,0.308175,-0.00447104,0.31499874999999977,-0.004598672500000052,-0.006823749999999795,0.0001276325000000517,0.006824943524861834
0.06625,0.08625,0.005,6.25e-08,0.305467,-0.0222897,0.31189049999999974,-0.02318785000000007,-0.006423499999999749,0.0008981500000000697,0.006485986869590232
0.06875,0.08625,0.005,6.25e-08,0.298491,-0.0436571,0.30410699999999974,-0.04405407500000009,-0.005615999999999732,0.000396975000000091,0.0056300128908042535
0.07125,0.08625,0.005,6.25e-08,0.286017,-0.0672067,0.2910332499999998,-0.06771777499999997,-0.005016249999999778,0.000511074999999972,0.005042217936396913
0.07375,0.08625,0.005,6.25e-08,0.267124,-0.0943386,0.2719544999999998,-0.09492607499999998,-0.004830499999999849,0.0005874749999999901,0.004866092593202839
0.07625,0.08625,0.005,6.25e-08,0.241623,-0.125922,0.24605224999999986,-0.12678599999999998,-0.004429249999999857,0.0008639999999999759,0.0045127321616176925
0.078125,0.086875,0.005,1.5625e-08,0.233837,-0.147434,0.24435549999999975,-0.1457527500000001,-0.010518499999999764,-0.001681249999999912,0.010652015950630882
0.080625,0.085625,0.005,1.5625e-08,0.1583,-0.208273,0.1603117500000001,-0.21005850000000004,-0.00201175000000009,0.0017855000000000232,0.0026898231005961053
0.083125,0.085625,0.005,1.5625e-08,0.111397,-0.26686,0.11287527500000008,-0.26726275000000005,-0.0014782750000000844,0.0004027500000000628,0.0015321568255649615
0.085625,0.085625,0.005,1.5625e-08,0.0595066,-0.335828,0.05895570000000004,-0.3371585000000001,0.0005508999999999584,0.0013305000000000677,0.0014400420341087736
0.088125,0.085625,0.005,1.5625e-08,0.00541609,-0.413499,0.003756610000000298,-0.4176244999999996,0.0016594799999997021,0.004125499999999616,0.0044467543355121205
0.090625,0.085625,0.005,1.5625e-08,-0.0409458,-0.488143,-0.04172177499999981,-0.4948394999999997,0.0007759749999998108,0.006696499999999717,0.0067413091792782286
0.093125,0.085625,0.005,1.5625e-08,-0.0629191,-0.527664,-0.06191512499999996,-0.5331097499999999,-0.0010039750000000458,0.005445749999999916,0.0055375228092644614
0.095625,0.085625,0.005,1.5625e-08,-0.0496959,-0.473422,-0.047511399999999926,-0.47423224999999974,-0.0021845000000000753,0.0008102499999997348,0.0023299238855593327
0.098125,0.085625,0.005,1.5625e-08,-0.0140543,-0.267958,-0.013512849999999918,-0.2644704999999993,-0.0005414500000000821,-0.0034875000000006984,0.003529280996535266
0.000625,0.089375,0.005,1.5625e-08,-0.00280133,0.0528963,-0.0023161984999999965,0.05070357499999996,-0.0004851315000000034,0.002192725000000041,0.002245750542228017
0.003125,0.088125,0.005,1.5625e-08,-0.0287008,0.180507,-0.02796839999999997,0.17692399999999991,-0.0007324000000000289,0.003583000000000086,0.003657088836766296
0.00625,0.08875,0.005,6.25e-08,-0.0753634,0.254806,-0.07193174999999995,0.2538862499999999,-0.00343165000000005,0.0009197500000000525,0.0035527681862176767
0.00875,0.08875,0.005,6.25e-08,-0.0854374,0.25736,-0.08454702499999998,0.25799275,-0.0008903750000000127,-0.0006327500000000152,0.0010923095729348169
0.01125,0.08875,0.005,6.25e-08,-0.0788407,0.243736,-0.07842030000000001,0.24333375000000004,-0.00042039999999998745,0.00040224999999996514,0.000581842953467653
0.01375,0.08875,0.005,6.25e-08,-0.0600848,0.224152,-0.05887380000000006,0.22263775000000008,-0.0012109999999999413,0.0015142499999999115,0.0019389363224457863
0.01625,0.08875,0.005,6.25e-08,-0.0330371,0.203399,-0.031122175000000103,0.20157975000000006,-0.0019149249999998973,0.001819249999999939,0.00264132699946909
0.01875,0.08875,0.005,6.25e-08,-0.00159218,0.183903,0.0010608449999998629,0.18227000000000007,-0.002653024999999863,0.00163299999999994,0.003115321917655393
0.02125,0.08875,0.005,6.25e-08,0.0319342,0.166558,0.035236674999999856,0.1652422500000001,-0.0033024749999998534,0.0013157499999999211,0.0035549316713720143
0.02375,0.08875,0.005,6.25e-08,0.0660623,0.151367,0.06990874999999981,0.1504050000000001,-0.003846449999999807,0.0009619999999999074,0.003964923908790475
0.02625,0.08875,0.005,6.25e-08,0.0998699,0.138019,0.1041816999999998,0.13745600000000008,-0.004311799999999796,0.0005629999999999247,0.004348400653113528
0.02875,0.08875,0.005,6.25e-08,0.132844,0.126112,0.13752524999999977,0.1260505000000001,-0.004681249999999776,6.149999999990885e-05,0.004681653961208356
0.03125,0.08875,0.005,6.25e-08,0.164815,0.115329,0.16962349999999976,0.1158617500000001,-0.004808499999999771,-0.0005327500000000956,0.004837922571982514
0.03375,0.08875,0.005,6.25e-08,0.195653,0.105704,0.20028199999999977,0.10660000000000008,-0.004628999999999772,-0.0008960000000000773,0.004714918557090677
0.03625,0.08875,0.005,6.25e-08,0.225175,0.0968844,0.22937074999999973,0.09801037500000007,-0.004195749999999748,-0.0011259750000000707,0.004344207380308064
0.03875,0.08875,0.005,6.25e-08,0.252756,0.088403,0.25678699999999977,0.08987072500000008,-0.004030999999999785,-0.0014677250000000863,0.004289892501639583
0.040625,0.089375,0.005,1.5625e-08,0.293402,0.0776474,0.3004392499999997,0.07759290000000006,-0.007037249999999717,5.449999999994348e-05,0.007037461034527724
0.043125,0.088125,0.005,1.5625e-08,0.27717,0.0804653,0.2775234999999997,0.08190805000000008,-0.0003534999999996735,-0.001442750000000076,0.0014854258017484377
0.045625,0.088125,0.005,1.5625e-08,0.299274,0.0702836,0.29947524999999975,0.07354297500000007,-0.00020124999999976412,-0.0032593750000000643,0.0032655821767527647
0.04875,0.08875,0.005,6.25e-08,0.34373,0.0562298,0.34763449999999974,0.05811922500000005,-0.0039044999999997554,-0.0018894250000000487,0.0043376315058593065
0.050625,0.089375,0.005,1.5625e-08,0.376168,0.0482309,0.3859482499999997,0.04755737500000004,-0.009780249999999713,0.0006735249999999596,0.009803413996568712
0.053125,0.088125,0.005,1.5625e-08,0.347348,0.0471559,0.35234149999999975,0.046360050000000035,-0.004993499999999762,0.000795849999999966,0.005056522468307401
0.055625,0.088125,0.005,1.5625e-08,0.361243,0.036628,0.36493824999999974,0.03609255000000003,-0.0036952499999997612,0.0005354499999999721,0.0037338424263750345
0.058125,0.088125,0.005,1.5625e-08,0.371096,0.0253466,0.37458724999999976,0.024961400000000022,-0.0034912499999997793,0.0003851999999999779,0.003512435850303667
0.060625,0.088125,0.005,1.5625e-08,0.377402,0.0126257,0.38096274999999974,0.012795825000000014,-0.003560749999999724,-0.00017012500000001402,0.003564811787194808
0.063125,0.088125,0.005,1.5625e-08,0.379909,-0.0011587,0.3836897499999998,-0.0005972375000000371,-0.0037807499999997773,-0.0005614624999999629,0.00382221280169021
0.065625,0.088125,0.005,1.5625e-08,0.379054,-0.0168728,0.38232924999999973,-0.015449200000000055,-0.0032752499999997298,-0.001423599999999945,0.003571260214895867
0.06875,0.08875,0.005,6.25e-08,0.393053,-0.0336888,0.39900649999999965,-0.03410075000000007,-0.005953499999999667,0.0004119500000000706,0.0059677353370014745
0.07125,0.08875,0.005,6.25e-08,0.380106,-0.0515774,0.38657949999999974,-0.05205654999999999,-0.006473499999999743,0.0004791499999999907,0.006491208436993583
0.07375,0.08875,0.005,6.25e-08,0.361506,-0.0725078,0.3680137499999998,-0.07273982500000001,-0.006507749999999812,0.0002320250000000107,0.006511884954690351
0.07625,0.08875,0.005,6.25e-08,0.336502,-0.0970905,0.34236174999999974,-0.09710535,-0.005859749999999719,1.4850000000010688e-05,0.005859768816685238
0.07875,0.08875,0.005,6.25e-08,0.302943,-0.128071,0.30845249999999963,-0.1266730000000002,-0.005509499999999612,-0.0013979999999997883,0.005684100126668701
0.080625,0.089375,0.005,1.5625e-08,0.293078,-0.144124,0.3031154999999996,-0.1421070000000002,-0.010037499999999588,-0.0020169999999997967,0.010238149014836174
0.083125,0.088125,0.005,1.5625e-08,0.198525,-0.212961,0.20030274999999956,-0.21314075000000032,-0.0017777499999995505,0.0001797500000003116,0.0017868142390854494
0.085625,0.088125,0.005,1.5625e-08,0.137892,-0.277441,0.13846674999999956,-0.2756837500000004,-0.0005747499999995687,-0.0017572499999995994,0.0018488550849101442
0.088125,0.088125,0.005,1.5625e-08,0.0703558,-0.354085,0.06857469999999999,-0.3555815,0.0017811000000000077,0.0014965000000000117,0.0023263339098246543
0.090625,0.088125,0.005,1.5625e-08,0.00213303,-0.440363,0.00012115200000002626,-0.4468527499999999,0.002011877999999974,0.006489749999999905,0.006794446861178816
0.093125,0.088125,0.005,1.5625e-08,-0.0466754,-0.511557,-0.04704462499999998,-0.518733,0.00036922499999998,0.00717599999999996,0.007185492544051828
0.095625,0.088125,0.005,1.5625e-08,-0.0531279,-0.497459,-0.05068112499999993,-0.4995424999999996,-0.0024467750000000676,0.0020834999999996273,0.003213670821758784
0.098125,0.088125,0.005,1.5625e-08,-0.018226,-0.302506,-0.016829699999999885,-0.29757099999999903,-0.0013963000000001141,-0.004935000000000966,0.00512873070944555
0.000625,0.091875,0.005,1.5625e-08,-0.0069169,0.0746072,-0.004245047499999993,0.07026879999999994,-0.0026718525000000073,0.004338400000000062,0.0050951457625623255
0.00375,0.09125,0.005,6.25e-08,-0.0623262,0.252594,-0.05981379999999993,0.24915799999999988,-0.0025124000000000674,0.0034360000000001056,0.004256553742172306
0.00625,0.09125,0.005,6.25e-08,-0.0905868,0.273997,-0.08851409999999997,0.27254025,-0.0020727000000000245,0.0014567500000000067,0.0025334178203565475
0.00875,0.09125,0.005,6.25e-08,-0.0831062,0.253343,-0.08338550000000004,0.2515255,0.00027930000000003785,0.001817499999999972,0.001838835158463074
0.01125,0.09125,0.005,6.25e-08,-0.0541941,0.221253,-0.05513002500000013,0.2197030000000001,0.000935925000000129,0.0015499999999999126,0.0018106506028566004
0.013125,0.091875,0.005,1.5625e-08,-0.00580574,0.187316,-0.007058395000000234,0.1854285000000001,0.0012526550000002334,0.0018874999999999031,0.0022653478317965253
0.015625,0.090625,0.005,1.5625e-08,0.0032697,0.180797,-0.0011872600000001916,0.1805330000000001,0.004456960000000192,0.0002639999999999032,0.004464771936124135
0.018125,0.090625,0.005,1.5625e-08,0.0449843,0.158763,0.040568724999999764,0.15876025000000013,0.004415575000000234,2.7499999998570335e-06,0.004415575856343889
0.020625,0.090625,0.005,1.5625e-08,0.0867595,0.14054,0.08252359999999974,0.1407412500000001,0.0042359000000002645,-0.00020125000000009718,0.004240678055747958
0.023125,0.090625,0.005,1.5625e-08,0.127339,0.125412,0.12339074999999972,0.1258175000000001,0.003948250000000292,-0.0004055000000001141,0.003969018557843034
0.025625,0.090625,0.005,1.5625e-08,0.166142,0.112687,0.16255049999999965,0.11332825000000012,0.0035915000000003583,-0.0006412500000001209,0.003648297385425526
0.028125,0.090625,0.005,1.5625e-08,0.202881,0.10171,0.1997342499999997,0.1027118250000001,0.003146750000000309,-0.0010018250000001089,0.0033023762494796324
0.030625,0.090625,0.005,1.5625e-08,0.237591,0.0918135,0.2348462499999997,0.09351670000000009,0.0027447500000002956,-0.0017032000000000852,0.003230254293782753
0.033125,0.090625,0.005,1.5625e-08,0.270499,0.0832526,0.26787199999999967,0.08538357500000009,0.0026270000000003235,-0.0021309750000000904,0.0033826296650131663
0.035625,0.090625,0.005,1.5625e-08,0.301235,0.0757686,0.2988242499999997,0.07802417500000008,0.0024107500000002946,-0.002255575000000079,0.00330141396118796
0.038125,0.090625,0.005,1.5625e-08,0.329296,0.06897,0.3277174999999997,0.07120310000000007,0.0015785000000002603,-0.002233100000000071,0.0027346659503495376
0.040625,0.090625,0.005,1.5625e-08,0.351791,0.0621212,0.3545472499999997,0.06472375000000007,-0.0027562499999996826,-0.0026025500000000645,0.0037908021004793412
0.043125,0.090625,0.005,1.5625e-08,0.375611,0.0568603,0.37928749999999967,0.05841760000000007,-0.003676499999999694,-0.001557300000000067,0.003992722822836311
0.045625,0.090625,0.005,1.5625e-08,0.39748,0.0513991,0.40188049999999964,0.052136425000000056,-0.004400499999999641,-0.0007373250000000525,0.004461843610619035
0.048125,0.090625,0.005,1.5625e-08,0.419522,0.0445868,0.4222359999999996,0.04574682500000005,-0.0027139999999996056,-0.0011600250000000506,0.002951517237053339
0.050625,0.090625,0.005,1.5625e-08,0.434162,0.0378197,0.4402302499999997,0.03912540000000004,-0.00606824999999972,-0.0013057000000000415,0.006207133843610649
0.053125,0.090625,0.005,1.5625e-08,0.448892,0.031956,0.45570074999999965,0.032155225000000044,-0.0068087499999996415,-0.0001992250000000459,0.006811664052426553
0.055625,0.090625,0.005,1.5625e-08,0.4619,0.0248238,0.4684459999999997,0.02472215000000003,-0.006545999999999719,0.00010164999999997051,0.0065467891918478864
0.058125,0.090625,0.005,1.5625e-08,0.471872,0.0170627,0.4782222499999997,0.016710800000000026,-0.006350249999999669,0.00035189999999997446,0.006359992820160709
0.060625,0.090625,0.005,1.5625e-08,0.478561,0.00829729,0.4847394999999997,0.007999350000000013,-0.006178499999999698,0.00029793999999998787,0.006185679469031374
0.063125,0.090625,0.005,1.5625e-08,0.481318,-0.00135381,0.4876547499999997,-0.0015483317500000248,-0.006336749999999669,0.00019452175000002478,0.006339734952954964
0.065625,0.090625,0.005,1.5625e-08,0.479832,-0.0113783,0.48656324999999967,-0.01209515000000004,-0.006731249999999689,0.0007168500000000414,0.0067693131472104226
0.068125,0.090625,0.005,1.5625e-08,0.475757,-0.0230742,0.48098324999999964,-0.023851475000000056,-0.005226249999999655,0.0007772750000000564,0.005283734047822759
0.070625,0.090625,0.005,1.5625e-08,0.465876,-0.0366949,0.4703337499999997,-0.037110699999999996,-0.004457749999999705,0.00041579999999999395,0.004477100032665941
0.073125,0.090625,0.005,1.5625e-08,0.449994,-0.0523121,0.45389749999999973,-0.05231095000000001,-0.0039034999999997266,-1.1499999999914357e-06,0.00390350016939898
0.075625,0.090625,0.005,1.5625e-08,0.427401,-0.0706157,0.43076399999999976,-0.07014382500000002,-0.003362999999999783,-0.0004718749999999827,0.003395943906430659
0.078125,0.090625,0.005,1.5625e-08,0.396955,-0.093657,0.3997389999999996,-0.0917444000000001,-0.00278399999999962,-0.0019125999999999033,0.0033776759406428433
0.080625,0.090625,0.005,1.5625e-08,0.356365,-0.122559,0.35923474999999955,-0.11901625000000021,-0.00286974999999956,-0.003542749999999789,0.004559226099350193
0.083125,0.090625,0.005,1.5625e-08,0.305622,-0.157942,0.3071899999999995,-0.15513375000000026,-0.0015679999999995142,-0.0028082499999997346,0.003216347627744393
0.08625,0.09125,0.005,6.25e-08,0.249853,-0.202336,0.25235874999999985,-0.20104000000000005,-0.0025057499999998623,-0.001295999999999936,0.0028210634630399835
0.08875,0.09125,0.005,6.25e-08,0.163542,-0.274806,0.16566299999999995,-0.27388075000000006,-0.0021209999999999563,-0.0009252499999999331,0.002314028643405196
0.090625,0.091875,0.005,1.5625e-08,0.109319,-0.32889,0.118738475,-0.32039725,-0.009419474999999997,-0.008492749999999993,0.01268279589988441
0.093125,0.090625,0.005,1.5625e-08,-0.0118409,-0.463554,-0.014404481999999946,-0.47288549999999996,0.0025635819999999462,0.009331499999999937,0.009677233329868747
0.095625,0.090625,0.005,1.5625e-08,-0.0530166,-0.505279,-0.05135935000000001,-0.5105872499999999,-0.0016572499999999851,0.005308249999999903,0.005560934779782885
0.098125,0.090625,0.005,1.5625e-08,-0.026152,-0.343891,-0.02267839999999985,-0.33742624999999893,-0.003473600000000153,-0.006464750000001074,0.007338861595814091
0.000625,0.094375,0.005,1.5625e-08,-0.0172888,0.118956,-0.009465432500000027,0.10712900000000015,-0.007823367499999973,0.011826999999999852,0.014180374044433817
0.00375,0.09375,0.005,6.25e-08,-0.0865211,0.293952,-0.08311597500000001,0.2914985,-0.003405124999999995,0.0024534999999999973,0.0041969677763386455
0.005625,0.094375,0.005,1.5625e-08,-0.0668234,0.266134,-0.07753782499999987,0.2706229999999999,0.01071442499999986,-0.00448899999999991,0.0116167992184001
0.008125,0.093125,0.005,1.5625e-08,-0.0560709,0.237066,-0.06392450000000018,0.23902975000000012,0.007853600000000176,-0.001963750000000125,0.00809539047992765
0.010625,0.093125,0.005,1.5625e-08,-0.00433412,0.193286,-0.012354692500000267,0.19462750000000012,0.008020572500000267,-0.0013415000000001065,0.008131986564042074
0.013125,0.093125,0.005,1.5625e-08,0.0497356,0.158747,0.046567199999999635,0.15867000000000017,0.0031684000000003626,7.69999999998272e-05,0.0031693355076422994
0.015625,0.093125,0.005,1.5625e-08,0.106964,0.13195,0.10484757499999958,0.13142775000000015,0.0021164250000004214,0.0005222499999998631,0.002179908218968551
0.018125,0.093125,0.005,1.5625e-08,0.161359,0.111502,0.15954774999999954,0.11095050000000015,0.0018112500000004583,0.0005514999999998577,0.0018933512121372261
0.020625,0.093125,0.005,1.5625e-08,0.211521,0.0957618,0.20989799999999956,0.09535740000000013,0.0016230000000004297,0.0004043999999998604,0.0016726231972567169
0.023125,0.093125,0.005,1.5625e-08,0.25745,0.083434,0.25596499999999955,0.08323127500000013,0.0014850000000004582,0.00020272499999986204,0.0014987736405562733
0.025625,0.093125,0.005,1.5625e-08,0.299499,0.0735814,0.2980964999999995,0.07357145000000012,0.0014025000000005283,9.949999999883663e-06,0.0014025352945653382
0.028125,0.093125,0.005,1.5625e-08,0.33794,0.0657351,0.3366952499999995,0.0656791250000001,0.0012447500000005163,5.597499999990263e-05,0.0012460079306032825
0.030625,0.093125,0.005,1.5625e-08,0.372647,0.0580813,0.37213049999999953,0.059061775000000094,0.0005165000000004749,-0.0009804750000000917,0.0011081983015803942
0.033125,0.093125,0.005,1.5625e-08,0.404683,0.0518603,0.40471249999999953,0.053364750000000086,-2.9499999999516024e-05,-0.0015044500000000877,0.0015047391975024228
0.035625,0.093125,0.005,1.5625e-08,0.434063,0.0466547,0.4346844999999996,0.04832560000000008,-0.0006214999999996085,-0.0016709000000000793,0.0017827420060120248
0.038125,0.093125,0.005,1.5625e-08,0.462564,0.0409913,0.4622272499999996,0.043744050000000076,0.00033675000000038535,-0.0027527500000000746,0.002773271195718275
0.04125,0.09375,0.005,6.25e-08,0.530348,0.0310275,0.531786,0.032642275,-0.0014379999999999393,-0.0016147749999999989,0.002162253986150753
0.04375,0.09375,0.005,6.25e-08,0.550466,0.0285324,0.5532630000000001,0.029109375,-0.0027970000000000494,-0.0005769750000000004,0.002855890255353885
0.04625,0.09375,0.005,6.25e-08,0.569864,0.0240091,0.57255175,0.025616625,-0.0026877499999999888,-0.001607525000000002,0.0031317944836985944
0.04875,0.09375,0.005,6.25e-08,0.585938,0.0218212,0.5896282500000001,0.022084275,-0.003690250000000117,-0.0002630750000000015,0.003699615320290187
0.05125,0.09375,0.005,6.25e-08,0.599738,0.0186447,0.60442175,0.018441174999999997,-0.0046837499999999865,0.000203525000000003,0.0046881698442062525
0.05375,0.09375,0.005,6.25e-08,0.611577,0.0147012,0.6168235,0.014622075,-0.005246499999999932,7.912499999999933e-05,0.005247096627242945
0.05625,0.09375,0.005,6.25e-08,0.621296,0.0105258,0.62668225,0.010565097499999999,-0.005386250000000037,-3.929749999999864e-05,0.005386393353256578
0.05875,0.09375,0.005,6.25e-08,0.628544,0.00617384,0.6338064999999999,0.006209037500000006,-0.005262499999999948,-3.519750000000651e-05,0.005262617705477541
0.06125,0.09375,0.005,6.25e-08,0.632939,0.00149706,0.637963,0.0014900785,-0.005023999999999917,6.981499999999825e-06,0.00502400485084772
0.06375,0.09375,0.005,6.25e-08,0.634111,-0.00352403,0.6388695,-0.003663355000000015,-0.004758499999999999,0.00013932500000001478,0.0047605392242502315
0.06625,0.09375,0.005,6.25e-08,0.63179,-0.0091285,0.63619025,-0.009338617500000016,-0.0044002499999999944,0.00021011750000001633,0.0044052638316344015
0.06875,0.09375,0.005,6.25e-08,0.625592,-0.0156318,0.629518,-0.01565255000000002,-0.003925999999999985,2.0750000000017282e-05,0.003926054834372526
0.07125,0.09375,0.005,6.25e-08,0.614891,-0.0227808,0.6183510000000001,-0.02277512499999998,-0.0034600000000001296,-5.675000000020941e-06,0.0034600046539890517
0.07375,0.09375,0.005,6.25e-08,0.59911,-0.0311514,0.6020477500000001,-0.030971899999999972,-0.0029377500000000722,-0.00017950000000002686,0.0029432287224238
0.07625,0.09375,0.005,6.25e-08,0.576923,-0.0402687,0.5797485,-0.04068172499999997,-0.0028255000000000363,0.00041302499999996967,0.002855527954796657
0.07875,0.09375,0.005,6.25e-08,0.548387,-0.0540327,0.5502404999999999,-0.05266290000000004,-0.0018534999999999524,-0.0013697999999999627,0.002304737358138606
0.080625,0.094375,0.005,1.5625e-08,0.546706,-0.0559846,0.5594677500000004,-0.05386489999999993,-0.01276175000000035,-0.0021197000000000715,0.01293659117204023
0.083125,0.093125,0.005,1.5625e-08,0.437046,-0.0972768,0.43810999999999944,-0.09748970000000023,-0.0010639999999994543,0.0002129000000002379,0.0010850909685362513
0.085625,0.093125,0.005,1.5625e-08,0.372446,-0.13164,0.37439674999999933,-0.13108450000000033,-0.001950749999999335,-0.0005554999999996812,0.002028301213453527
0.088125,0.093125,0.005,1.5625e-08,0.291164,-0.184779,0.2907414999999998,-0.1827977500000001,0.00042250000000015886,-0.0019812499999999067,0.002025798068046212
0.09125,0.09375,0.005,6.25e-08,0.19036,-0.258914,0.19048950000000037,-0.2581637499999997,-0.00012950000000036543,-0.0007502500000002854,0.0007613444112230173
0.093125,0.094375,0.005,1.5625e-08,0.118396,-0.312366,0.12561195000000086,-0.31177024999999925,-0.007215950000000859,-0.0005957500000007276,0.007240500843519961
0.095625,0.093125,0.005,1.5625e-08,-0.0353693,-0.474772,-0.037757550000000244,-0.48646875000000034,0.0023882500000002443,0.011696750000000311,0.011938077677122412
0.098125,0.093125,0.005,1.5625e-08,-0.0413089,-0.392067,-0.0338101499999998,-0.38619824999999897,-0.0074987500000002,-0.005868750000001033,0.009522262237778118
0.000625,0.096875,0.005,1.5625e-08,-0.0318078,0.21795,-0.030208125000000113,0.18979725000000036,-0.0015996749999998838,0.028152749999999643,0.02819816115756672
0.003125,0.095625,0.005,1.5625e-08,-0.0790137,0.30205,-0.08504739999999998,0.30850425000000004,0.006033699999999975,-0.00645425000000005,0.008835319957562393
0.005625,0.095625,0.005,1.5625e-08,-0.0204411,0.238219,-0.03103561824999961,0.23962049999999976,0.010594518249999609,-0.001401499999999778,0.010686815203772083
0.008125,0.095625,0.005,1.5625e-08,0.0744635,0.169583,0.06879132500000065,0.16771699999999973,0.005672174999999349,0.001866000000000284,0.00597122476805376
0.010625,0.095625,0.005,1.5625e-08,0.166909,0.122121,0.16476525000000078,0.12007624999999975,0.0021437499999992227,0.0020447500000002478,0.002962543944821356
0.013125,0.095625,0.005,1.5625e-08,0.247188,0.091601,0.24645550000000077,0.08985634999999978,0.0007324999999992199,0.0017446500000002224,0.001892183889715699
0.015625,0.095625,0.005,1.5625e-08,0.31475,0.0709694,0.3145857500000008,0.07017077499999982,0.00016424999999919976,0.0007986250000001777,0.0008153403909564526
0.018125,0.095625,0.005,1.5625e-08,0.371778,0.057154,0.3718320000000007,0.056811924999999854,-5.400000000072014e-05,0.0003420750000001499,0.00034631099553028967
0.020625,0.095625,0.005,1.5625e-08,0.420577,0.0474439,0.42064550000000067,0.04735822499999987,-6.8500000000693e-05,8.567500000012523e-05,0.00010969255045405955
0.023125,0.095625,0.005,1.5625e-08,0.462898,0.0402188,0.4629070000000006,0.04039787499999989,-9.000000000647379e-06,-0.00017907499999988974,0.00017930101958709595
0.025625,0.095625,0.005,1.5625e-08,0.500278,0.0343305,0.49999625000000064,0.03508149999999991,0.0002817499999993589,-0.0007509999999999115,0.0008021122505606717
0.028125,0.095625,0.005,1.5625e-08,0.535334,0.0280214,0.5329125000000006,0.030879049999999915,0.0024214999999994102,-0.0028576499999999165,0.0037456409027690667
0.03125,0.09625,0.005,6.25e-08,0.623368,0.0187618,0.6244402500000006,0.020174699999999934,-0.001072250000000552,-0.0014128999999999357,0.0017736985292041605
0.03375,0.09625,0.005,6.25e-08,0.645269,0.01657,0.6477702500000005,0.01802934999999994,-0.0025012500000005655,-0.0014593499999999392,0.0028958511676194015
0.03625,0.09625,0.005,6.25e-08,0.665654,0.0144129,0.6687975000000006,0.016154824999999942,-0.003143500000000632,-0.0017419249999999428,0.0035938690788102972
0.03875,0.09625,0.005,6.25e-08,0.683946,0.0139231,0.6877660000000005,0.014464599999999949,-0.0038200000000004897,-0.0005414999999999483,0.0038581889857812416
0.04125,0.09625,0.005,6.25e-08,0.701623,0.011566,0.7048380000000005,0.012892849999999954,-0.003215000000000523,-0.001326849999999954,0.003478039091572037
0.04375,0.09625,0.005,6.25e-08,0.716277,0.00940627,0.7201142500000005,0.01138790749999996,-0.0038372500000004583,-0.001981637499999961,0.004318723740170192
0.045625,0.096875,0.005,1.5625e-08,0.762103,0.00893203,0.7742442500000005,0.007228529999999967,-0.012141250000000547,0.0017035000000000331,0.012260173889978616
0.048125,0.095625,0.005,1.5625e-08,0.704227,0.0140033,0.7015480000000005,0.011831024999999964,0.002678999999999543,0.002172275000000036,0.0034490317011623287
0.050625,0.095625,0.005,1.5625e-08,0.714768,0.0108644,0.7134620000000005,0.009840342499999967,0.0013059999999994742,0.0010240575000000328,0.0016596173544841425
0.053125,0.095625,0.005,1.5625e-08,0.72441,0.00817387,0.7233752500000004,0.007766822499999977,0.0010347499999996401,0.00040704750000002295,0.001111933104892342
0.055625,0.095625,0.005,1.5625e-08,0.732189,0.00565581,0.7311837500000004,0.005576317499999981,0.0010052499999996245,7.94925000000184e-05,0.0010083881296680847
0.058125,0.095625,0.005,1.5625e-08,0.737781,0.00318769,0.7367507500000003,0.003236152499999988,0.0010302499999996773,-4.846249999998801e-05,0.0010313891973477247
0.060625,0.095625,0.005,1.5625e-08,0.740987,0.000651837,0.7399037500000004,0.0007132167499999947,0.001083249999999536,-6.13797499999948e-05,0.0010849875742187359
0.063125,0.095625,0.005,1.5625e-08,0.741632,-0.00202124,0.7404355000000005,-0.0020285900000000055,0.0011964999999994896,7.350000000005356e-06,0.0011965225750059122
0.065625,0.095625,0.005,1.5625e-08,0.739437,-0.00495152,0.7380960000000003,-0.0050324199999999975,0.0013409999999997035,8.089999999999747e-05,0.0013434380558846786
0.068125,0.095625,0.005,1.5625e-08,0.734124,-0.00830918,0.7325842500000004,-0.008355282499999991,0.0015397499999996178,4.610249999999205e-05,0.001540440035510981
0.070625,0.095625,0.005,1.5625e-08,0.725207,-0.012136,0.7235290000000005,-0.012079724999999958,0.0016779999999995132,-5.627500000004136e-05,0.0016789433807080484
0.073125,0.095625,0.005,1.5625e-08,0.712346,-0.0167812,0.7104550000000005,-0.016334724999999946,0.001890999999999532,-0.0004464750000000538,0.0019429927754943603
0.075625,0.095625,0.005,1.5625e-08,0.6958,-0.0234942,0.6927230000000005,-0.021333999999999926,0.0030769999999994413,-0.002160200000000074,0.003759573518365731
0.07875,0.09625,0.005,6.25e-08,0.702746,-0.0227201,0.7033952500000004,-0.022430199999999945,-0.0006492500000003787,-0.0002899000000000547,0.0007110327506525445
0.08125,0.09625,0.005,6.25e-08,0.670757,-0.0290121,0.6739207500000004,-0.028918549999999925,-0.0031637500000003538,-9.355000000007413e-05,0.0031651328036912214
0.08375,0.09625,0.005,6.25e-08,0.631135,-0.0381239,0.6353705000000004,-0.03815157499999991,-0.004235500000000392,2.7674999999907635e-05,0.004235590414054257
0.085625,0.096875,0.005,1.5625e-08,0.637191,-0.0346891,0.6527267500000005,-0.0349946249999999,-0.015535750000000514,0.00030552499999989685,0.015538753926494264
0.088125,0.095625,0.005,1.5625e-08,0.473669,-0.0877578,0.4749582500000008,-0.09030757499999967,-0.0012892500000007967,0.002549774999999671,0.0028571870980258498
0.090625,0.095625,0.005,1.5625e-08,0.370441,-0.138483,0.371946500000001,-0.1393264999999995,-0.0015055000000009922,0.0008434999999994974,0.0017256947876151622
0.093125,0.095625,0.005,1.5625e-08,0.227573,-0.231195,0.2241920000000011,-0.2303684999999992,0.003380999999998885,-0.0008265000000008127,0.003480555020394564
0.095625,0.095625,0.005,1.5625e-08,0.0503669,-0.369654,0.04093736499999994,-0.3792905,0.009429535000000058,0.009636499999999992,0.013482516922526964
0.098125,0.095625,0.005,1.5625e-08,-0.0544752,-0.428542,-0.05186959999999996,-0.43335349999999956,-0.002605600000000041,0.00481149999999958,0.005471716696796004
0.000625,0.099375,0.005,1.5625e-08,0.291524,0.144029,0.1778657875000037,0.21041299999999835,0.1136582124999963,-0.06638399999999836,0.13162455973219472
0.003125,0.098125,0.005,1.5625e-08,0.109719,0.200803,0.0977735025000015,0.20208924999999925,0.0119454974999985,-0.0012862499999992394,0.012014547414903671
0.005625,0.098125,0.005,1.5625e-08,0.320834,0.0986003,0.3236277500000017,0.09227439999999948,-0.0027937500000017046,0.006325900000000523,0.0069153488612300786
0.008125,0.098125,0.005,1.5625e-08,0.459671,0.0523281,0.4654637500000016,0.04975637499999968,-0.005792750000001623,0.002571725000000323,0.006337958822692481
0.010625,0.098125,0.005,1.5625e-08,0.551112,0.0312997,0.5555025000000015,0.031017099999999787,-0.004390500000001407,0.00028260000000021254,0.004399585549800399
0.013125,0.098125,0.005,1.5625e-08,0.614366,0.0209866,0.6172235000000014,0.021404349999999853,-0.0028575000000014006,-0.00041774999999985227,0.0028878748782639255
0.015625,0.098125,0.005,1.5625e-08,0.660679,0.0151803,0.6625057500000011,0.01588272499999989,-0.0018267500000010983,-0.0007024249999998886,0.0019571449724353216
0.018125,0.098125,0.005,1.5625e-08,0.696283,0.0116811,0.697548750000001,0.012428884999999912,-0.0012657500000010646,-0.0007477849999999123,0.0014701379080642619
0.020625,0.098125,0.005,1.5625e-08,0.72487,0.00940467,0.7258047500000009,0.01011786749999993,-0.0009347500000008724,-0.0007131974999999291,0.001175758579176771
0.023125,0.098125,0.005,1.5625e-08,0.748539,0.00778135,0.7493155000000009,0.008483152499999938,-0.000776500000000957,-0.0007018024999999378,0.0010466513263774372
0.025625,0.098125,0.005,1.5625e-08,0.768436,0.00650388,0.7693512500000008,0.007270544999999949,-0.0009152500000008112,-0.0007666649999999485,0.0011939253681559857
0.028125,0.098125,0.005,1.5625e-08,0.785252,0.00620662,0.7867345000000008,0.006332569999999954,-0.0014825000000008304,-0.0001259499999999537,0.0014878406005021003
0.030625,0.098125,0.005,1.5625e-08,0.805378,0.00611282,0.8020162500000007,0.0055787549999999604,0.003361749999999386,0.0005340650000000393,0.00340390782582621
0.033125,0.098125,0.005,1.5625e-08,0.819921,0.00478172,0.8155727500000006,0.004950744999999964,0.004348249999999387,-0.00016902499999996417,0.004351533926458538
0.035625,0.098125,0.005,1.5625e-08,0.832228,0.00383383,0.8276650000000007,0.004409072499999968,0.004562999999999318,-0.0005752424999999678,0.004599116538401695
0.038125,0.098125,0.005,1.5625e-08,0.842687,0.00340965,0.8384720000000006,0.003925812499999971,0.004214999999999414,-0.0005161624999999708,0.004246486633253574
0.040625,0.098125,0.005,1.5625e-08,0.852045,0.0026909,0.8481140000000005,0.0034803224999999743,0.003930999999999574,-0.0007894224999999743,0.004009482371017842
0.043125,0.098125,0.005,1.5625e-08,0.859548,0.00167963,0.8566672500000005,0.003056729999999978,0.0028807499999994324,-0.001377099999999978,0.0031929805781583873
0.045625,0.098125,0.005,1.5625e-08,0.862017,2.89889e-05,0.8641715000000005,0.0026423624999999803,-0.0021545000000005032,-0.0026133735999999803,0.003386973844478139
0.048125,0.098125,0.005,1.5625e-08,0.868134,0.00175589,0.8706382500000005,0.0022267724999999834,-0.0025042500000005408,-0.0004708824999999834,0.0025481362583874793
0.050625,0.098125,0.005,1.5625e-08,0.874767,0.00193443,0.8760547500000005,0.0018010999999999858,-0.001287750000000587,0.00013333000000001418,0.0012946339063231412
0.053125,0.098125,0.005,1.5625e-08,0.879924,0.00142937,0.8803880000000004,0.0013575929999999894,-0.000464000000000353,7.177700000001049e-05,0.0004695188363945893
0.055625,0.098125,0.005,1.5625e-08,0.883576,0.000858018,0.8835850000000004,0.0008892732499999928,-9.000000000369823e-06,-3.125524999999282e-05,3.2525231014839966e-05
0.058125,0.098125,0.005,1.5625e-08,0.885797,0.00031376,0.8855757500000005,0.00038957949999999625,0.00022124999999939554,-7.581949999999624e-05,0.00023388065135872602
0.060625,0.098125,0.005,1.5625e-08,0.886617,-0.000221082,0.8862742500000004,-0.00014803734999999994,0.0003427499999996142,-7.304465000000006e-05,0.0003504469765789941
0.063125,0.098125,0.005,1.5625e-08,0.886002,-0.000773918,0.8855762500000004,-0.0007306927499999976,0.0004257499999995584,-4.3225250000002396e-05,0.0004279386459963469
0.065625,0.098125,0.005,1.5625e-08,0.883849,-0.00137899,0.8833565000000004,-0.0013669867499999933,0.0004924999999995627,-1.2003250000006821e-05,0.0004926462503766085
0.068125,0.098125,0.005,1.5625e-08,0.87998,-0.00207783,0.8794662500000004,-0.0020685424999999885,0.0005137499999995354,-9.28750000001163e-06,0.0005138339421990074
0.070625,0.098125,0.005,1.5625e-08,0.874122,-0.00288412,0.8737195000000004,-0.0028526449999999788,0.00040249999999952824,-3.147500000002124e-05,0.00040372877730553413
0.073125,0.098125,0.005,1.5625e-08,0.865933,-0.00382945,0.8658767500000006,-0.0037469099999999722,5.624999999931379e-05,-8.254000000002763e-05,9.988450380277895e-05
0.075625,0.098125,0.005,1.5625e-08,0.854896,-0.00440846,0.8556090000000005,-0.004797909999999964,-0.0007130000000005188,0.00038944999999996396,0.000812428644559454
0.078125,0.098125,0.005,1.5625e-08,0.843856,-0.00417865,0.8424342500000006,-0.006087739999999958,0.0014217499999994443,0.001909089999999958,0.002380335625620526
0.080625,0.098125,0.005,1.5625e-08,0.827571,-0.00657428,0.8255975000000005,-0.007767739999999952,0.0019734999999994063,0.0011934599999999518,0.002306306359007307
0.083125,0.098125,0.005,1.5625e-08,0.805302,-0.00946254,0.8038227500000006,-0.010131949999999938,0.001479249999999377,0.000669409999999938,0.0016236657016141204
0.085625,0.098125,0.005,1.5625e-08,0.7713,-0.0156135,0.7748050000000006,-0.01378934249999992,-0.0035050000000006465,-0.0018241575000000811,0.003951275184647492
0.088125,0.098125,0.005,1.5625e-08,0.72939,-0.019538,0.7340507500000011,-0.020108074999999836,-0.0046607500000011015,0.0005700749999998367,0.004695484646778763
0.090625,0.098125,0.005,1.5625e-08,0.667621,-0.0319573,0.6720822500000012,-0.03250652499999973,-0.004461250000001193,0.0005492249999997298,0.004494930440299978
0.093125,0.098125,0.005,1.5625e-08,0.56316,-0.0612041,0.5672245000000017,-0.06086032499999948,-0.004064500000001692,-0.00034377500000051797,0.00407901231925562
0.095625,0.098125,0.005,1.5625e-08,0.370826,-0.143182,0.36900725000000084,-0.13880287499999958,0.0018187499999991474,-0.004379125000000428,0.004741791573669771
0.098125,0.098125,0.005,1.5625e-08,0.0665329,-0.328903,0.03359490000000004,-0.34409524999999974,0.03293799999999997,0.01519224999999974,0.036272803917845806
0.056875,0.050625,0.005,1.5625e-08,-0.225835,-0.0102941,-0.2305215,-0.01317065249999999,0.004686499999999982,0.0028765524999999903,0.005498894119298537
0.099375,0.058125,0.005,1.5625e-08,0.00148729,-0.0231679,-0.0005000372499999916,-0.02136532499999976,0.0019873272499999917,-0.00180257500000024,0.0026830479364369163
0.099375,0.060625,0.005,1.5625e-08,-0.000150381,-0.0248501,-0.0005696782499999904,-0.025047724999999726,0.00041929724999999044,0.0001976249999997258,0.0004635362170127013
0.084375,0.063125,0.005,1.5625e-08,-0.164267,-0.387667,-0.16571249999999993,-0.3925835000000001,0.001445499999999933,0.004916500000000101,0.005124591934974023
0.094375,0.063125,0.005,1.5625e-08,-0.0384782,-0.242684,-0.03808617499999993,-0.23646674999999984,-0.0003920250000000666,-0.006217250000000174,0.006229597191081235
0.099375,0.063125,0.005,1.5625e-08,-0.000722296,-0.0286043,-0.0006454612499999895,-0.029214424999999686,-7.683475000001046e-05,0.0006101249999996873,0.0006149439766614374
0.084375,0.065625,0.005,1.5625e-08,-0.162345,-0.407729,-0.16501724999999995,-0.4138150000000001,0.0026722499999999594,0.006086000000000091,0.006646827518636308
0.086875,0.065625,0.005,1.5625e-08,-0.140861,-0.414957,-0.1418577500000001,-0.41891175000000014,0.0009967500000001017,0.003954750000000118,0.004078425937172469
0.096875,0.065625,0.005,1.5625e-08,-0.0124847,-0.163375,-0.014360149999999943,-0.16048499999999974,0.0018754499999999435,-0.0028900000000002535,0.0034452014023132597
0.099375,0.065625,0.005,1.5625e-08,-0.00107434,-0.0336866,-0.0007274742499999882,-0.03390192499999964,-0.00034686575000001177,0.0002153249999996415,0.00040826548243504037
0.084375,0.068125,0.005,1.5625e-08,-0.157557,-0.423745,-0.15974299999999994,-0.4298550000000001,0.002185999999999938,0.006110000000000115,0.006489275460326918
0.086875,0.068125,0.005,1.5625e-08,-0.139877,-0.438269,-0.14181375000000004,-0.44412700000000005,0.0019367500000000426,0.00585800000000003,0.006169859363267571
0.089375,0.068125,0.005,1.5625e-08,-0.113996,-0.428767,-0.1144400000000001,-0.43086875000000013,0.0004440000000000971,0.0021017500000001244,0.002148136183415895
0.096875,0.068125,0.005,1.5625e-08,-0.014558,-0.181528,-0.015832324999999935,-0.1828697499999997,0.0012743249999999356,0.0013417499999996974,0.0018504586642570603
0.099375,0.068125,0.005,1.5625e-08,-0.000928365,-0.0392031,-0.0008160442499999867,-0.03914682499999959,-0.00011232075000001333,-5.627500000041086e-05,0.00012562971983416877
0.084375,0.070625,0.005,1.5625e-08,-0.147302,-0.433074,-0.14907525000000002,-0.4393647500000001,0.0017732500000000317,0.006290750000000067,0.006535897117075892
0.086875,0.070625,0.005,1.5625e-08,-0.136615,-0.45815,-0.13787900000000008,-0.4641214999999999,0.0012640000000000984,0.0059714999999999074,0.006103810961194583
0.089375,0.070625,0.005,1.5625e-08,-0.114325,-0.455731,-0.11550100000000008,-0.460522,0.0011760000000000798,0.00479099999999999,0.004933219739683211
0.091875,0.070625,0.005,1.5625e-08,-0.0836643,-0.420064,-0.0837956250000001,-0.41901175000000007,0.00013132500000009872,-0.0010522499999999213,0.001060413277041013
0.096875,0.070625,0.005,1.5625e-08,-0.0169946,-0.204959,-0.017352349999999926,-0.2071594999999995,0.00035774999999992757,0.0022004999999994945,0.002229391242581195
0.099375,0.070625,0.005,1.5625e-08,-0.00100634,-0.0451942,-0.0009120684999999846,-0.044987574999999495,-9.42715000000155e-05,-0.00020662500000050155,0.0002271145225155366
0.084375,0.073125,0.005,1.5625e-08,-0.130521,-0.433514,-0.13216800000000006,-0.44105625000000015,0.001647000000000065,0.007542250000000139,0.0077199834237194
0.086875,0.073125,0.005,1.5625e-08,-0.128615,-0.471623,-0.12922325000000007,-0.47720924999999986,0.0006082500000000601,0.005586249999999848,0.005619266600277867
0.089375,0.073125,0.005,1.5625e-08,-0.112648,-0.480552,-0.11367275000000007,-0.48552025,0.0010247500000000742,0.004968250000000007,0.0050728316180413706
0.091875,0.073125,0.005,1.5625e-08,-0.085721,-0.450589,-0.08599367500000009,-0.4527352500000001,0.00027267500000008327,0.0021462500000000717,0.0021635019570421824
0.096875,0.073125,0.005,1.5625e-08,-0.0189573,-0.231445,-0.01892819999999992,-0.23331049999999948,-2.910000000008045e-05,0.0018654999999994648,0.001865726952155113
0.099375,0.073125,0.005,1.5625e-08,-0.00112475,-0.0519777,-0.0010175859999999829,-0.051469874999999415,-0.00010716400000001722,-0.0005078250000005863,0.0005190090110215806
0.001875,0.075625,0.005,1.5625e-08,0.00140653,0.0561234,-0.0017632699999999982,0.059504449999999987,0.0031697999999999982,-0.0033810499999999896,0.004634558354633149
0.086875,0.075625,0.005,1.5625e-08,-0.114017,-0.476336,-0.11488150000000004,-0.4816007499999999,0.0008645000000000458,0.005264749999999929,0.005335255646405272
0.089375,0.075625,0.005,1.5625e-08,-0.107864,-0.498882,-0.10820375000000006,-0.5038857499999999,0.0003397500000000553,0.005003749999999918,0.005015271091875216
0.091875,0.075625,0.005,1.5625e-08,-0.0868168,-0.479309,-0.08656155000000008,-0.48325975000000004,-0.00025524999999991527,0.003950750000000058,0.00395898700743011
0.094375,0.075625,0.005,1.5625e-08,-0.0545038,-0.406888,-0.05391167499999989,-0.4044969999999996,-0.0005921250000001099,-0.0023910000000004206,0.0024632281696235817
0.096875,0.075625,0.005,1.5625e-08,-0.0211934,-0.260497,-0.020590949999999913,-0.2612634999999995,-0.0006024500000000876,0.0007664999999995037,0.0009749196133524777
0.099375,0.075625,0.005,1.5625e-08,-0.00128573,-0.0595563,-0.0011367789999999808,-0.05865572499999935,-0.0001489510000000191,-0.0009005750000006529,0.0009128098000280133
0.001875,0.078125,0.005,1.5625e-08,-0.00145404,0.0632244,-0.0024216424999999996,0.06472444999999999,0.0009676024999999997,-0.001500049999999989,0.001785050307556125
0.061875,0.078125,0.005,1.5625e-08,0.0888271,0.00665582,0.08995075,0.005679725,-0.00112364999999999,0.0009760949999999997,0.0014884054459470971
0.064375,0.078125,0.005,1.5625e-08,0.0829309,-0.0219697,0.08456832499999999,-0.023310325000000083,-0.001637424999999984,0.0013406250000000813,0.0021162315613491274
0.066875,0.078125,0.005,1.5625e-08,0.0740915,-0.0539748,0.07587762499999996,-0.0556848000000001,-0.0017861249999999579,0.0017100000000000934,0.0024727196597320064
0.069375,0.078125,0.005,1.5625e-08,0.0619986,-0.0900856,0.06358847499999996,-0.09195410000000011,-0.0015898749999999628,0.0018685000000001062,0.0024533639692522753
0.071875,0.078125,0.005,1.5625e-08,0.0475218,-0.129724,0.04747120000000005,-0.1327189999999999,5.0599999999956236e-05,0.0029949999999998866,0.0029954274085678186
0.079375,0.078125,0.005,1.5625e-08,-0.0217028,-0.282155,-0.022867550000000077,-0.2882545000000002,0.0011647500000000754,0.006099500000000202,0.006209713585384002
0.086875,0.078125,0.005,1.5625e-08,-0.0931743,-0.47046,-0.09365317499999998,-0.47544599999999987,0.00047887499999997585,0.004985999999999879,0.005008943727536154
0.089375,0.078125,0.005,1.5625e-08,-0.0983012,-0.507906,-0.09810247500000002,-0.5132914999999999,-0.00019872499999998294,0.005385499999999932,0.005389165229942784
0.091875,0.078125,0.005,1.5625e-08,-0.0855994,-0.504164,-0.08499160000000006,-0.5085977500000001,-0.00060779999999995,0.004433750000000125,0.0044752161850016865
0.094375,0.078125,0.005,1.5625e-08,-0.0568889,-0.437808,-0.05620092499999991,-0.4389609999999997,-0.0006879750000000906,0.0011529999999997376,0.0013426535668684307
0.096875,0.078125,0.005,1.5625e-08,-0.0228416,-0.291022,-0.022411449999999916,-0.29095999999999944,-0.00043015000000008394,-6.20000000005616e-05,0.00043459523984984216
0.099375,0.078125,0.005,1.5625e-08,-0.00151301,-0.0681056,-0.0012778009999999793,-0.06664157499999929,-0.0002352090000000207,-0.0014640250000007154,0.0014827988650886216
0.001875,0.080625,0.005,1.5625e-08,-0.00317665,0.0707448,-0.0034502475000000024,0.07195422500000001,0.00027359750000000233,-0.001209425000000014,0.0012399856542038238
0.061875,0.080625,0.005,1.5625e-08,0.146243,0.00845537,0.14943950000000017,0.008542297500000006,-0.0031965000000001575,-8.692750000000547e-05,0.0031976817603159412
0.064375,0.080625,0.005,1.5625e-08,0.141916,-0.0164464,0.14585200000000018,-0.01712017500000006,-0.003936000000000189,0.0006737750000000604,0.003993252903414279
0.066875,0.080625,0.005,1.5625e-08,0.134371,-0.0447268,0.13857650000000016,-0.04581437500000006,-0.0042055000000001674,0.0010875750000000628,0.0043438519347034086
0.069375,0.080625,0.005,1.5625e-08,0.12281,-0.0765727,0.12720900000000013,-0.07806240000000006,-0.004399000000000125,0.001489700000000066,0.004644395234042996
0.071875,0.080625,0.005,1.5625e-08,0.107466,-0.112282,0.11134975000000023,-0.11452424999999984,-0.0038837500000002273,0.0022422499999998347,0.004484551162045208
0.074375,0.080625,0.005,1.5625e-08,0.0886692,-0.152582,0.09065835000000025,-0.1560339999999998,-0.001989150000000245,0.0034519999999998163,0.003984096098552306
0.076875,0.080625,0.005,1.5625e-08,0.0635444,-0.199459,0.06497900000000026,-0.20359374999999977,-0.0014346000000002579,0.0041347499999997706,0.004376555120468477
0.079375,0.080625,0.005,1.5625e-08,0.0319664,-0.255894,0.034595250000000084,-0.25821600000000006,-0.0026288500000000853,0.0023220000000000462,0.003507497159300441
0.081875,0.080625,0.005,1.5625e-08,0.00103483,-0.314978,0.0007000175000000594,-0.32037125000000005,0.0003348124999999406,0.005393250000000072,0.005403632571951667
0.086875,0.080625,0.005,1.5625e-08,-0.0635166,-0.45209,-0.06393702499999983,-0.4569104999999998,0.00042042499999982164,0.004820499999999783,0.00483879917237973
0.089375,0.080625,0.005,1.5625e-08,-0.0822436,-0.505374,-0.08194002499999992,-0.5110009999999999,-0.00030357500000008364,0.005626999999999938,0.0056351829411851705
0.091875,0.080625,0.005,1.5625e-08,-0.0814573,-0.521387,-0.08049940000000003,-0.5261295000000001,-0.0009578999999999699,0.004742500000000094,0.004838272280473768
0.094375,0.080625,0.005,1.5625e-08,-0.0593435,-0.469303,-0.05801392499999992,-0.47126599999999985,-0.0013295750000000828,0.001962999999999826,0.002370894067777921
0.096875,0.080625,0.005,1.5625e-08,-0.0250795,-0.32297,-0.024526549999999918,-0.32235974999999956,-0.0005529500000000832,-0.000610250000000423,0.0008235039556678573
0.099375,0.080625,0.005,1.5625e-08,-0.00177408,-0.0777341,-0.001456287749999977,-0.07558957499999922,-0.00031779225000002297,-0.0021445250000007854,0.002167943585471828
0.001875,0.083125,0.005,1.5625e-08,-0.00518129,0.0814954,-0.005063262500000004,0.08227340000000002,-0.00011802749999999598,-0.0007780000000000287,0.0007869018304441118
0.061875,0.083125,0.005,1.5625e-08,0.21147,0.0100009,0.2165560000000002,0.0094470075,-0.0050860000000002015,0.0005538925,0.0051160720188009766
0.064375,0.083125,0.005,1.5625e-08,0.208652,-0.0116098,0.21475250000000018,-0.012577975000000055,-0.006100500000000175,0.0009681750000000554,0.006176848960483593
0.066875,0.083125,0.005,1.5625e-08,0.202849,-0.0359308,0.20894775000000018,-0.03720045000000005,-0.00609875000000018,0.0012696500000000527,0.006229507419130531
0.069375,0.083125,0.005,1.5625e-08,0.192951,-0.0636004,0.19865075000000015,-0.06491282500000005,-0.005699750000000142,0.0013124250000000476,0.005848898139233299
0.071875,0.083125,0.005,1.5625e-08,0.178387,-0.0951462,0.18332850000000026,-0.09636827499999985,-0.004941500000000265,0.0012220749999998504,0.005090372241361849
0.074375,0.083125,0.005,1.5625e-08,0.158218,-0.130665,0.16242525000000024,-0.13245574999999984,-0.0042072500000002455,0.001790749999999841,0.0045724980180423805
0.076875,0.083125,0.005,1.5625e-08,0.1325,-0.171144,0.1354385000000003,-0.17438049999999977,-0.002938500000000288,0.0032364999999997812,0.004371465944051295
0.079375,0.083125,0.005,1.5625e-08,0.0995863,-0.221757,0.10210197500000011,-0.22367800000000004,-0.002515675000000106,0.0019210000000000338,0.0031652585527292497
0.081875,0.083125,0.005,1.5625e-08,0.0608209,-0.279626,0.06280560000000007,-0.28195075,-0.0019847000000000753,0.002324750000000042,0.003056713374279717
0.084375,0.083125,0.005,1.5625e-08,0.0200261,-0.345573,0.019414155000000044,-0.34983300000000006,0.0006119449999999575,0.0042600000000000415,0.0043037282306188085
0.086875,0.083125,0.005,1.5625e-08,-0.0231021,-0.421016,-0.02347914999999976,-0.42433074999999965,0.0003770499999997609,0.0033147499999996444,0.0033361256368724277
0.089375,0.083125,0.005,1.5625e-08,-0.0572707,-0.488213,-0.05749287499999984,-0.4938319999999997,0.00022217499999983847,0.0056189999999997076,0.005623390679174055
0.091875,0.083125,0.005,1.5625e-08,-0.0725248,-0.526859,-0.07170114999999996,-0.5322897499999999,-0.0008236500000000369,0.005430749999999929,0.005492853983586245
0.094375,0.083125,0.005,1.5625e-08,-0.0608813,-0.496901,-0.059125499999999935,-0.49934874999999984,-0.0017558000000000643,0.0024477499999998598,0.0030123601548452898
0.096875,0.083125,0.005,1.5625e-08,-0.0281363,-0.356632,-0.027180599999999912,-0.35544474999999953,-0.000955700000000087,-0.0011872500000004726,0.0015241145142348355
0.099375,0.083125,0.005,1.5625e-08,-0.0021551,-0.0888194,-0.0017025494999999735,-0.08578977499999911,-0.00045255050000002654,-0.003029625000000896,0.0030632384163954175
0.001875,0.085625,0.005,1.5625e-08,-0.00863544,0.0990774,-0.007639662500000007,0.09735765000000003,-0.0009957774999999926,0.0017197499999999644,0.001987237502666984
0.004375,0.085625,0.005,1.5625e-08,-0.0302994,0.184593,-0.031464800000000036,0.18647975000000006,0.0011654000000000352,-0.0018867500000000481,0.0022176525251942115
0.051875,0.085625,0.005,1.5625e-08,0.259855,0.0653671,0.2608840000000002,0.06581227499999996,-0.0010290000000002242,-0.00044517499999996435,0.001121169826844011
0.054375,0.085625,0.005,1.5625e-08,0.27232,0.0518581,0.27336625000000025,0.05332042499999996,-0.0010462500000002484,-0.0014623249999999657,0.0017980638109159027
0.079375,0.085625,0.005,1.5625e-08,0.180064,-0.182043,0.1810260000000001,-0.18564325,-0.0009620000000001017,0.0036002499999999993,0.0037265592793487385
0.081875,0.085625,0.005,1.5625e-08,0.135707,-0.236387,0.13755950000000008,-0.23715875000000003,-0.0018525000000000902,0.0007717500000000155,0.002006826926394092
0.084375,0.085625,0.005,1.5625e-08,0.0858599,-0.299562,0.08651472500000004,-0.30059475,-0.0006548250000000394,0.0010327500000000267,0.0012228525434921035
0.086875,0.085625,0.005,1.5625e-08,0.0323023,-0.37388,0.030981100000000327,-0.37653874999999964,0.001321199999999672,0.0026587499999996544,0.0029689259004726434
0.089375,0.085625,0.005,1.5625e-08,-0.0195866,-0.452112,-0.021129487499999752,-0.4582534999999997,0.0015428874999997531,0.006141499999999689,0.006332339542985015
0.091875,0.085625,0.005,1.5625e-08,-0.0559372,-0.515545,-0.055918749999999885,-0.5221049999999998,-1.845000000011421e-05,0.006559999999999788,0.006560025945260981
0.094375,0.085625,0.005,1.5625e-08,-0.0607108,-0.516398,-0.05885074999999995,-0.5198067499999999,-0.0018600500000000506,0.0034087499999998494,0.003883215492990205
0.096875,0.085625,0.005,1.5625e-08,-0.0323591,-0.391871,-0.03078422499999991,-0.3901417499999995,-0.00157487500000009,-0.001729250000000515,0.002338917875455884
0.099375,0.085625,0.005,1.5625e-08,-0.00277078,-0.102055,-0.0020780367499999685,-0.097777399999999,-0.0006927432500000315,-0.004277600000001006,0.004333330701715391
0.001875,0.088125,0.005,1.5625e-08,-0.011377,0.122253,-0.011912619999999981,0.1198954999999999,0.0005356199999999815,0.0023575000000000956,0.0024175804090868272
0.004375,0.088125,0.005,1.5625e-08,-0.0468794,0.215816,-0.04532132499999996,0.2162119999999999,-0.0015580750000000407,-0.00039599999999989643,0.0016076111798644112
0.041875,0.088125,0.005,1.5625e-08,0.264793,0.0859945,0.2658302499999997,0.08604880000000006,-0.001037249999999712,-5.430000000006263e-05,0.0010386703290743455
0.044375,0.088125,0.005,1.5625e-08,0.286998,0.0763691,0.28874424999999976,0.07774625000000006,-0.0017462499999997827,-0.001377150000000063,0.0022239449599752723
0.046875,0.088125,0.005,1.5625e-08,0.309374,0.0655602,0.30969599999999975,0.06927827500000006,-0.0003219999999997669,-0.0037180750000000568,0.0037319921899201867
0.051875,0.088125,0.005,1.5625e-08,0.341085,0.0514795,0.34502674999999977,0.051219775000000044,-0.003941749999999744,0.00025972499999995374,0.003950297474636937
0.054375,0.088125,0.005,1.5625e-08,0.353757,0.04291,0.3589897499999997,0.04132412500000003,-0.005232749999999731,0.0015858749999999658,0.00546778493341884
0.056875,0.088125,0.005,1.5625e-08,0.366112,0.0319719,0.37015024999999974,0.03064520000000003,-0.004038249999999743,0.0013266999999999689,0.004250599481543497
0.059375,0.088125,0.005,1.5625e-08,0.37446,0.0201645,0.37820624999999974,0.019019325000000017,-0.003746249999999729,0.001145174999999981,0.003917373462298804
0.061875,0.088125,0.005,1.5625e-08,0.378977,0.00674989,0.38280824999999974,0.006266050000000007,-0.0038312499999997307,0.00048383999999999233,0.003861680684377973
0.064375,0.088125,0.005,1.5625e-08,0.379956,-0.00780287,0.38355049999999974,-0.007824265000000045,-0.003594499999999723,2.1395000000045544e-05,0.0035945636725509553
0.066875,0.088125,0.005,1.5625e-08,0.37833,-0.0243633,0.3799597499999997,-0.023511200000000062,-0.0016297499999997078,-0.000852099999999939,0.001839064836404346
0.081875,0.088125,0.005,1.5625e-08,0.225657,-0.186601,0.22724524999999957,-0.1876050000000003,-0.0015882499999995692,0.0010040000000003102,0.0018789768658765478
0.084375,0.088125,0.005,1.5625e-08,0.169044,-0.242897,0.17065974999999958,-0.24233450000000034,-0.0016157499999995828,-0.0005624999999996605,0.0017108636159841233
0.086875,0.088125,0.005,1.5625e-08,0.105716,-0.311741,0.10415397499999995,-0.3134895,0.0015620250000000502,0.0017484999999999862,0.002344605372045605
0.089375,0.088125,0.005,1.5625e-08,0.0367559,-0.393552,0.033174150000000006,-0.4008927499999999,0.0035817499999999947,0.007340749999999896,0.008167958351081282
0.091875,0.088125,0.005,1.5625e-08,-0.0258918,-0.480998,-0.027705299999999974,-0.4886727499999999,0.0018134999999999749,0.007674749999999897,0.007886099784589231
0.094375,0.088125,0.005,1.5625e-08,-0.0562741,-0.521255,-0.055067250000000026,-0.526502,-0.0012068499999999746,0.005247000000000002,0.00538400370751172
0.096875,0.088125,0.005,1.5625e-08,-0.0384445,-0.427726,-0.03596062499999988,-0.42593424999999935,-0.0024838750000001214,-0.001791750000000647,0.003062679068744866
0.099375,0.088125,0.005,1.5625e-08,-0.00393119,-0.1188,-0.0027183544999999547,-0.11259159999999879,-0.0012128355000000455,-0.00620840000000121,0.006325756912028424
0.001875,0.090625,0.005,1.5625e-08,-0.0193543,0.154804,-0.01947407499999997,0.15434674999999987,0.00011977499999996782,0.00045725000000013116,0.00047267707065724293
0.014375,0.090625,0.005,1.5625e-08,-0.0183638,0.194271,-0.02127527750000015,0.1929520000000001,0.0029114775000001515,0.0013189999999999036,0.0031963201080315593
0.016875,0.090625,0.005,1.5625e-08,0.0219765,0.170228,0.019546237499999786,0.16914300000000013,0.002430262500000214,0.0010849999999998639,0.002661465915413345
0.019375,0.090625,0.005,1.5625e-08,0.0638015,0.150127,0.06162244999999975,0.14932025000000013,0.0021790500000002447,0.000806749999999884,0.0023235973112828478
0.021875,0.090625,0.005,1.5625e-08,0.105046,0.133478,0.10314267499999973,0.13293575000000013,0.001903325000000275,0.0005422499999998831,0.0019790606656002034
0.024375,0.090625,0.005,1.5625e-08,0.144816,0.11958,0.1432064999999997,0.11930625000000011,0.0016095000000002913,0.00027374999999989214,0.0016326142571045
0.026875,0.090625,0.005,1.5625e-08,0.18268,0.107777,0.1813979999999997,0.10781650000000009,0.0012820000000003107,-3.9500000000095015e-05,0.001282608377487378
0.029375,0.090625,0.005,1.5625e-08,0.218435,0.0973791,0.21755099999999966,0.0979610750000001,0.000884000000000329,-0.0005819750000001095,0.001058371815868936
0.031875,0.090625,0.005,1.5625e-08,0.252345,0.0880609,0.25161949999999966,0.08933685000000009,0.0007255000000003231,-0.001275950000000095,0.0014677869915286452
0.034375,0.090625,0.005,1.5625e-08,0.284298,0.0801109,0.28360649999999965,0.08162292500000008,0.0006915000000003446,-0.0015120250000000834,0.0016626460388867285
0.036875,0.090625,0.005,1.5625e-08,0.313926,0.0730067,0.3135282499999997,0.07455942500000008,0.0003977500000003076,-0.001552725000000088,0.0016028599402709888
0.039375,0.090625,0.005,1.5625e-08,0.340491,0.0665197,0.34139099999999967,0.06793185000000007,-0.0008999999999996788,-0.0014121500000000703,0.001674564905430548
0.041875,0.090625,0.005,1.5625e-08,0.363571,0.0594389,0.36718174999999964,0.06155867500000007,-0.003610749999999663,-0.0021197750000000667,0.004186999117879397
0.044375,0.090625,0.005,1.5625e-08,0.386607,0.0542209,0.3908569999999997,0.05528247500000007,-0.0042499999999996985,-0.0010615750000000646,0.004380575473681805
0.046875,0.090625,0.005,1.5625e-08,0.407592,0.0489503,0.41234499999999963,0.04896307500000006,-0.004752999999999619,-1.2775000000055103e-05,0.004753017168138716
0.049375,0.090625,0.005,1.5625e-08,0.42726,0.0418644,0.4315374999999997,0.04247250000000005,-0.004277499999999712,-0.0006081000000000489,0.0043205082872270475
0.051875,0.090625,0.005,1.5625e-08,0.441491,0.0349112,0.4482927499999997,0.03569107500000004,-0.006801749999999662,-0.000779875000000034,0.006846313466247397
0.054375,0.090625,0.005,1.5625e-08,0.455651,0.0286413,0.4624279999999997,0.028503675000000037,-0.0067769999999997,0.00013762499999996416,0.0067783972766887095
0.056875,0.090625,0.005,1.5625e-08,0.46716,0.0212098,0.47372199999999964,0.02079612500000003,-0.006561999999999624,0.000413674999999971,0.006575026312161804
0.059375,0.090625,0.005,1.5625e-08,0.475609,0.0130314,0.48190849999999974,0.012450650000000018,-0.006299499999999736,0.0005807499999999823,0.00632621299139514
0.061875,0.090625,0.005,1.5625e-08,0.480421,0.00380581,0.48667124999999967,0.003339400000000008,-0.00625024999999968,0.0004664099999999922,0.006267628207750999
0.064375,0.090625,0.005,1.5625e-08,0.481096,-0.00608512,0.48763774999999965,-0.006685130000000032,-0.006541749999999624,0.0006000100000000319,0.006569208861240075
0.066875,0.090625,0.005,1.5625e-08,0.477826,-0.0160184,0.48436774999999965,-0.01780627500000005,-0.00654174999999968,0.0017878750000000498,0.00678166573034391
0.069375,0.090625,0.005,1.5625e-08,0.472274,-0.0287581,0.4763329999999997,-0.030270175000000066,-0.004058999999999646,0.001512075000000064,0.0043314953313633294
0.071875,0.090625,0.005,1.5625e-08,0.459811,-0.0432404,0.4628902499999997,-0.044432625,-0.0030792499999997003,0.001192225000000005,0.003301996519247585
0.074375,0.090625,0.005,1.5625e-08,0.441077,-0.0599865,0.44323449999999975,-0.06084075000000001,-0.002157499999999757,0.0008542500000000147,0.002320463167666959
0.076875,0.090625,0.005,1.5625e-08,0.415209,-0.0800178,0.41632624999999973,-0.08037715000000002,-0.0011172499999997365,0.00035935000000002215,0.0011736183302076648
0.079375,0.090625,0.005,1.5625e-08,0.38081,-0.105445,0.3807897499999996,-0.10451000000000019,2.0250000000388013e-05,-0.000934999999999811,0.0009352192590508722
0.081875,0.090625,0.005,1.5625e-08,0.332169,-0.139049,0.3348004999999995,-0.13570450000000026,-0.0026314999999995092,-0.0033444999999997505,0.004255640081115383
0.084375,0.090625,0.005,1.5625e-08,0.2769,-0.178802,0.2761049999999995,-0.17799525000000033,0.0007950000000004898,-0.0008067499999996619,0.0011326387608148651
0.091875,0.090625,0.005,1.5625e-08,0.0308917,-0.411171,0.024128962500000045,-0.42322599999999994,0.006762737499999956,0.012054999999999927,0.013822360272178695
0.094375,0.090625,0.005,1.5625e-08,-0.0404464,-0.499833,-0.04124590000000017,-0.5077422500000003,0.0007995000000001681,0.007909250000000256,0.007949555699062956
0.096875,0.090625,0.005,1.5625e-08,-0.0469216,-0.460364,-0.04329617499999989,-0.4602717499999994,-0.0036254250000001126,-9.225000000057104e-05,0.003626598474207742
0.099375,0.090625,0.005,1.5625e-08,-0.00659548,-0.142212,-0.003969179999999934,-0.1324005999999986,-0.0026263000000000657,-0.009811400000001413,0.01015682143438724
0.001875,0.093125,0.005,1.5625e-08,-0.0372601,0.206191,-0.034181024999999934,0.20791574999999982,-0.003079075000000063,-0.0017247499999998028,0.003529230145247644
0.006875,0.093125,0.005,1.5625e-08,-0.075403,0.259163,-0.08189707500000008,0.2617912500000001,0.006494075000000085,-0.0026282500000001097,0.007005762497267995
0.009375,0.093125,0.005,1.5625e-08,-0.0331121,0.215836,-0.03988042500000023,0.21603675000000014,0.006768325000000235,-0.00020075000000013832,0.006771301489974304
0.011875,0.093125,0.005,1.5625e-08,0.0213465,0.175846,0.01685412249999967,0.1754712500000002,0.004492377500000332,0.00037474999999981273,0.004507981051979821
0.014375,0.093125,0.005,1.5625e-08,0.0784865,0.144496,0.07604572499999962,0.14407175000000016,0.002440775000000381,0.00042424999999984836,0.0024773717248581673
0.016875,0.093125,0.005,1.5625e-08,0.13458,0.121163,0.13272324999999957,0.12047100000000015,0.0018567500000004344,0.0006919999999998594,0.0019815106768577904
0.019375,0.093125,0.005,1.5625e-08,0.186902,0.10324,0.18527299999999955,0.10264292500000015,0.0016290000000004634,0.0005970749999998498,0.0017349753760864534
0.021875,0.093125,0.005,1.5625e-08,0.234916,0.0893394,0.23344774999999954,0.08893185000000013,0.0014682500000004761,0.00040754999999986774,0.0015237634544119011
0.024375,0.093125,0.005,1.5625e-08,0.278856,0.0783344,0.27749749999999956,0.07814255000000012,0.0013585000000004288,0.0001918499999998824,0.001371979836769156
0.026875,0.093125,0.005,1.5625e-08,0.31911,0.0695038,0.31781324999999955,0.0694390500000001,0.0012967500000004573,6.474999999990516e-05,0.0012983655590784798
0.029375,0.093125,0.005,1.5625e-08,0.355655,0.0623276,0.3547874999999995,0.06223587500000011,0.0008675000000005206,9.172499999988981e-05,0.0008723357871977299
0.031875,0.093125,0.005,1.5625e-08,0.38875,0.0547665,0.3887612499999995,0.05611640000000008,-1.124999999951859e-05,-0.0013499000000000774,0.0013499468776585982
0.034375,0.093125,0.005,1.5625e-08,0.419376,0.049276,0.4200119999999996,0.05077665000000008,-0.0006359999999995813,-0.0015006500000000825,0.001629860859858815
0.036875,0.093125,0.005,1.5625e-08,0.448044,0.0440385,0.44875099999999957,0.04598830000000008,-0.0007069999999995691,-0.0019498000000000779,0.002074022429965427
0.039375,0.093125,0.005,1.5625e-08,0.476912,0.0375522,0.47512799999999955,0.04157425000000006,0.0017840000000004519,-0.004022050000000062,0.004399947977249516
0.081875,0.093125,0.005,1.5625e-08,0.465014,-0.083939,0.4640759999999995,-0.0849632250000002,0.000938000000000494,0.001024225000000198,0.00138884154986317
0.084375,0.093125,0.005,1.5625e-08,0.407116,-0.110986,0.4084149999999994,-0.11259000000000027,-0.0012989999999994395,0.0016040000000002719,0.002064029311807227
0.086875,0.093125,0.005,1.5625e-08,0.338728,-0.1543,0.3353912499999998,-0.1540420000000001,0.003336750000000166,-0.0002579999999998972,0.003346709512715595
0.089375,0.093125,0.005,1.5625e-08,0.248878,-0.216125,0.23997999999999986,-0.2188907500000001,0.008898000000000128,0.0027657500000000945,0.009317927723614451
0.094375,0.093125,0.005,1.5625e-08,0.0086736,-0.429905,0.0024983349999995177,-0.4418935000000006,0.006175265000000482,0.011988500000000624,0.013485474781046676
0.096875,0.093125,0.005,1.5625e-08,-0.0537067,-0.475623,-0.05064599999999997,-0.48213899999999976,-0.0030607000000000342,0.006515999999999744,0.007199037469689741
0.099375,0.093125,0.005,1.5625e-08,-0.0135196,-0.180188,-0.006961729999999884,-0.16231767499999827,-0.006557870000000116,-0.017870325000001713,0.019035602815319186
0.001875,0.095625,0.005,1.5625e-08,-0.0674186,0.281061,-0.0635008750000001,0.2852147500000002,-0.0039177249999999,-0.004153750000000178,0.005709834344192982
0.004375,0.095625,0.005,1.5625e-08,-0.0563631,0.273583,-0.06956624999999977,0.2805534999999998,0.013203149999999775,-0.0069704999999997685,0.01493020563061644
0.006875,0.095625,0.005,1.5625e-08,0.0259505,0.201516,0.017682495000000544,0.20060749999999972,0.008268004999999457,0.0009085000000002841,0.008317768867311505
0.009375,0.095625,0.005,1.5625e-08,0.12193,0.143416,0.11837505000000072,0.14118474999999972,0.0035549499999992795,0.0022312500000002677,0.00419715928515896
0.011875,0.095625,0.005,1.5625e-08,0.208579,0.105468,0.20744775000000076,0.10328819999999976,0.0011312499999992232,0.0021798000000002454,0.0024558612750925717
0.014375,0.095625,0.005,1.5625e-08,0.282474,0.0802215,0.2820535000000008,0.0790132999999998,0.00042049999999921317,0.0012082000000002008,0.0012792839755112325
0.016875,0.095625,0.005,1.5625e-08,0.344414,0.0634215,0.3444037500000008,0.06288274999999985,1.0249999999212278e-05,0.0005387500000001572,0.0005388474969786472
0.019375,0.095625,0.005,1.5625e-08,0.397084,0.0519141,0.3971622500000007,0.05170227499999987,-7.825000000072357e-05,0.00021182500000013066,0.00022581606037916921
0.021875,0.095625,0.005,1.5625e-08,0.442449,0.0436044,0.4424985000000007,0.04362909999999988,-4.950000000070176e-05,-2.4699999999877598e-05,5.532033984045496e-05
0.024375,0.095625,0.005,1.5625e-08,0.482092,0.0371866,0.4820282500000007,0.037572874999999895,6.374999999930742e-05,-0.00038627499999989434,0.0003915002402615228
0.026875,0.095625,0.005,1.5625e-08,0.517881,0.0314424,0.5169252500000007,0.03286579999999991,0.0009557499999993668,-0.001423399999999908,0.0017145044830791571
0.029375,0.095625,0.005,1.5625e-08,0.5528,0.0239861,0.5480407500000006,0.02908324999999992,0.0047592499999993265,-0.005097149999999922,0.006973621633340369
0.046875,0.095625,0.005,1.5625e-08,0.698582,0.0160097,0.6948632500000005,0.01280669999999996,0.003718749999999549,0.003203000000000041,0.004907984368607637
0.049375,0.095625,0.005,1.5625e-08,0.708647,0.0127102,0.7077500000000003,0.010843839999999967,0.0008969999999997036,0.0018663600000000322,0.002070726599433056
0.051875,0.095625,0.005,1.5625e-08,0.71906,0.00985871,0.7186745000000003,0.008816139999999972,0.0003854999999997055,0.0010425700000000274,0.001111558570161658
0.054375,0.095625,0.005,1.5625e-08,0.72795,0.00723788,0.7275505000000004,0.006688249999999978,0.000399499999999553,0.0005496300000000223,0.0006794802328984026
0.056875,0.095625,0.005,1.5625e-08,0.734801,0.00470517,0.7342575000000005,0.004426974999999984,0.000543499999999586,0.0002781950000000158,0.0006105609781377767
0.059375,0.095625,0.005,1.5625e-08,0.739392,0.00216129,0.7386410000000003,0.001999677499999991,0.0007509999999997241,0.00016161250000000906,0.0007681924239120291
0.061875,0.095625,0.005,1.5625e-08,0.741522,-0.000504664,0.7405120000000004,-0.0006278580000000015,0.0010099999999996223,0.0001231940000000015,0.0010174855092998805
0.064375,0.095625,0.005,1.5625e-08,0.740977,-0.00336585,0.7396417500000003,-0.003494620000000002,0.001335249999999677,0.000128770000000002,0.0013414448462009676
0.066875,0.095625,0.005,1.5625e-08,0.737496,-0.00655908,0.7357580000000005,-0.006649597499999995,0.0017379999999995732,9.051749999999456e-05,0.001740355543503903
0.069375,0.095625,0.005,1.5625e-08,0.730681,-0.0102637,0.7285265000000004,-0.010160657499999986,0.002154499999999615,-0.00010304250000001472,0.002156962680902151
0.071875,0.095625,0.005,1.5625e-08,0.720109,-0.0145246,0.7175300000000004,-0.014130174999999953,0.002578999999999554,-0.00039442500000004717,0.0026089867919601925
0.074375,0.095625,0.005,1.5625e-08,0.705655,-0.0200522,0.7022202500000005,-0.018723024999999935,0.003434749999999487,-0.0013291750000000643,0.0036829626312415453
0.076875,0.095625,0.005,1.5625e-08,0.688405,-0.0282739,0.6818402500000005,-0.02421942499999992,0.006564749999999564,-0.004054475000000082,0.007715873903072804
0.086875,0.095625,0.005,1.5625e-08,0.514668,-0.0715491,0.5140972500000007,-0.07476279999999973,0.0005707499999992871,0.0032136999999997223,0.0032639888560620734
0.089375,0.095625,0.005,1.5625e-08,0.426747,-0.108411,0.4281940000000009,-0.11109734999999958,-0.0014470000000009198,0.0026863499999995877,0.0030512760154565574
0.091875,0.095625,0.005,1.5625e-08,0.312165,-0.175883,0.3043125000000011,-0.17794074999999931,0.00785249999999893,0.002057749999999303,0.00811764074793165
0.094375,0.095625,0.005,1.5625e-08,0.139093,-0.295906,0.13340610000000006,-0.2989042499999999,0.005686899999999939,0.0029982499999999246,0.0064288672931161715
0.096875,0.095625,0.005,1.5625e-08,-0.0229347,-0.431761,-0.031559130000000116,-0.4469935,0.008624430000000117,0.015232499999999982,0.017504566520622596
0.099375,0.095625,0.005,1.5625e-08,-0.0264741,-0.25039,-0.01707425499999983,-0.21666424999999823,-0.00939984500000017,-0.033725750000001775,0.035011188198726534
0.001875,0.098125,0.005,1.5625e-08,0.00135907,0.278459,-0.02425812499999925,0.2904587499999995,0.02561719499999925,-0.011999749999999476,0.028288419533980227
0.004375,0.098125,0.005,1.5625e-08,0.225676,0.139579,0.22192750000000178,0.1343774249999993,0.0037484999999982116,0.005201575000000708,0.006411523588868637
0.006875,0.098125,0.005,1.5625e-08,0.397623,0.070925,0.4031462500000017,0.06633074999999959,-0.0055232500000017,0.0045942500000004105,0.007184248299232325
0.009375,0.098125,0.005,1.5625e-08,0.509939,0.0398423,0.5151257500000015,0.038697624999999736,-0.005186750000001461,0.0011446750000002615,0.005311558755971805
0.011875,0.098125,0.005,1.5625e-08,0.585377,0.025347,0.5889752500000014,0.025494599999999826,-0.0035982500000013573,-0.00014759999999982426,0.003601275999213295
0.014375,0.098125,0.005,1.5625e-08,0.639181,0.017697,0.6414445000000012,0.018296724999999868,-0.002263500000001195,-0.000599724999999867,0.002341602512304394
0.016875,0.098125,0.005,1.5625e-08,0.67954,0.0132276,0.6810475000000011,0.013970429999999902,-0.0015075000000011052,-0.000742829999999901,0.001680581048001906
0.019375,0.098125,0.005,1.5625e-08,0.711295,0.0104342,0.7123740000000011,0.01116653499999992,-0.0010790000000010513,-0.0007323349999999208,0.001304053508191728
0.021875,0.098125,0.005,1.5625e-08,0.737229,0.00853643,0.7380605000000008,0.009235212499999933,-0.0008315000000007622,-0.000698782499999934,0.0010861349972758568
0.024375,0.098125,0.005,1.5625e-08,0.758918,0.00710785,0.7597087500000009,0.007835052499999945,-0.0007907500000009504,-0.0007272024999999448,0.0010742946702407459
0.026875,0.098125,0.005,1.5625e-08,0.777135,0.00606377,0.7783352500000008,0.006773852499999951,-0.001200250000000791,-0.0007100824999999511,0.0013945670365056242
0.029375,0.098125,0.005,1.5625e-08,0.793318,0.00736269,0.7946115000000007,0.005936847499999958,-0.0012935000000007246,0.0014258425000000415,0.0019251413155423791
0.031875,0.098125,0.005,1.5625e-08,0.811735,0.00565611,0.8089917500000007,0.005251824999999963,0.0027432499999993087,0.0004042850000000372,0.0027728806183680605
0.034375,0.098125,0.005,1.5625e-08,0.825134,0.00457872,0.8217892500000006,0.004671067499999966,0.0033447499999994523,-9.234749999996635e-05,0.0033460245999174273
0.036875,0.098125,0.005,1.5625e-08,0.836538,0.00378537,0.8332202500000006,0.00416156499999997,0.003317749999999453,-0.00037619499999997025,0.0033390099940732955
0.039375,0.098125,0.005,1.5625e-08,0.846487,0.00350607,0.8434330000000005,0.003699429999999973,0.003053999999999446,-0.00019335999999997317,0.0030601150451570617
0.041875,0.098125,0.005,1.5625e-08,0.855186,0.00259971,0.8525237500000005,0.003266644999999976,0.002662249999999533,-0.0006669349999999762,0.0027445176910930054
0.044375,0.098125,0.005,1.5625e-08,0.862039,0.00145699,0.8605490000000005,0.002849089999999979,0.0014899999999995472,-0.001392099999999979,0.0020391278552358096
0.046875,0.098125,0.005,1.5625e-08,0.864776,0.000918272,0.8675345000000005,0.002435304999999982,-0.002758500000000552,-0.0015170329999999819,0.003148128233266871
0.049375,0.098125,0.005,1.5625e-08,0.871571,0.00205923,0.8734795000000004,0.002015702499999985,-0.0019085000000004237,4.352750000001515e-05,0.0019089963051975424
0.051875,0.098125,0.005,1.5625e-08,0.877518,0.00174448,0.8783595000000005,0.001582022499999988,-0.0008415000000004946,0.00016245750000001206,0.0008570383242930776
0.054375,0.098125,0.005,1.5625e-08,0.881914,0.00117751,0.8821325000000004,0.001126950249999991,-0.00021850000000045444,5.055975000000908e-05,0.00022427335624247032
0.056875,0.098125,0.005,1.5625e-08,0.884847,0.00061488,0.8847362500000004,0.0006437524999999946,0.00011074999999960422,-2.8872499999994523e-05,0.00011445166558928717
0.059375,0.098125,0.005,1.5625e-08,0.886374,7.53229e-05,0.8860927500000004,0.00012593425749999812,0.00028124999999956657,-5.061135749999812e-05,0.0002857675139125314
0.061875,0.098125,0.005,1.5625e-08,0.88649,-0.000467683,0.8861070000000005,-0.0004332459999999979,0.0003829999999994671,-3.443700000000207e-05,0.0003845450649385478
0.064375,0.098125,0.005,1.5625e-08,0.885129,-0.00104977,0.8846650000000004,-0.0010415022499999955,0.0004639999999996869,-8.267750000004546e-06,0.00046407365330276184
0.066875,0.098125,0.005,1.5625e-08,0.882154,-0.0016997,0.8816307500000005,-0.001708704999999991,0.000523249999999531,9.004999999990973e-06,0.0005233274811478078
0.069375,0.098125,0.005,1.5625e-08,0.877333,-0.00245989,0.8768382500000004,-0.0024488674999999863,0.0004947499999996552,-1.1022500000013903e-05,0.0004948727695134468
0.071875,0.098125,0.005,1.5625e-08,0.870375,-0.00333804,0.8700780000000004,-0.0032836849999999754,0.00029699999999965865,-5.4355000000024575e-05,0.00030193288331150666
0.074375,0.098125,0.005,1.5625e-08,0.860807,-0.0042953,0.8610715000000004,-0.004248799999999968,-0.00026450000000044493,-4.650000000003176e-05,0.0002685563255636298
0.076875,0.098125,0.005,1.5625e-08,0.84883,-0.00374737,0.8494240000000006,-0.00540571999999996,-0.0005940000000006496,0.0016583499999999604,0.001761522274199404
0.079375,0.098125,0.005,1.5625e-08,0.838205,-0.00625823,0.8345370000000005,-0.006865244999999957,0.0036679999999994495,0.0006070149999999573,0.0037178880039910977
0.081875,0.098125,0.005,1.5625e-08,0.819441,-0.00909356,0.8154382500000006,-0.008836829999999945,0.004002749999999389,-0.00025673000000005566,0.0040109746764839015
0.084375,0.098125,0.005,1.5625e-08,0.79429,-0.0129759,0.7904280000000006,-0.011739817499999928,0.003861999999999477,-0.001236082500000072,0.004054990005758632
0.086875,0.098125,0.005,1.5625e-08,0.751607,-0.0170297,0.7563182500000009,-0.016476674999999868,-0.004711250000000833,-0.0005530250000001305,0.0047435970753356566
0.089375,0.098125,0.005,1.5625e-08,0.702336,-0.0242727,0.7066505000000011,-0.025176849999999792,-0.004314500000001109,0.0009041499999997912,0.004408219308576785
0.091875,0.098125,0.005,1.5625e-08,0.622919,-0.0427227,0.6272242500000015,-0.04353029999999963,-0.0043052500000014815,0.0008075999999996308,0.004380341918447938
0.094375,0.098125,0.005,1.5625e-08,0.481798,-0.0918255,0.4846257500000009,-0.08946149999999965,-0.002827750000000906,-0.002364000000000352,0.003685738197770806
0.096875,0.098125,0.005,1.5625e-08,0.222615,-0.225431,0.21174150000000055,-0.22402949999999958,0.010873499999999453,-0.0014015000000004163,0.010963448567854427
0.099375,0.098125,0.005,1.5625e-08,0.0269762,-0.31793,-0.03874027499999965,-0.31940399999999874,0.06571647499999965,0.001473999999998754,0.06573300360112548
0.055625,0.050625,0.005,1.5625e-08,-0.223221,0.000434503,-0.226912,0.0013080350000000103,0.003691,-0.0008735320000000104,0.0037929591554647694
0.098125,0.058125,0.005,1.5625e-08,-0.000536612,-0.0601209,-0.003819649999999972,-0.06362329999999977,0.003283037999999972,0.0035023999999997737,0.004800535831492379
0.098125,0.060625,0.005,1.5625e-08,-0.00317477,-0.0721958,-0.004321534999999968,-0.07417507499999973,0.0011467649999999685,0.001979274999999725,0.002287487593594518
0.083125,0.063125,0.005,1.5625e-08,-0.173011,-0.381136,-0.17644074999999992,-0.3863507500000001,0.003429749999999926,0.005214750000000101,0.006241538482217389
0.093125,0.063125,0.005,1.5625e-08,-0.0515471,-0.273682,-0.053873400000000106,-0.2773585000000003,0.0023263000000001074,0.0036765000000003045,0.0043506693668908854
0.098125,0.063125,0.005,1.5625e-08,-0.00449211,-0.0842342,-0.004859647499999967,-0.08601419999999974,0.000367537499999967,0.0017799999999997401,0.0018175488477356807
0.083125,0.065625,0.005,1.5625e-08,-0.170649,-0.397669,-0.17334274999999993,-0.40346025000000013,0.0026937499999999392,0.0057912500000001366,0.006387085847630455
0.085625,0.066875,0.005,1.5625e-08,-0.151248,-0.423843,-0.15379449999999995,-0.4302420000000001,0.0025464999999999516,0.006399000000000099,0.00688707944269565
0.095625,0.065625,0.005,1.5625e-08,-0.0217404,-0.212613,-0.026672224999999928,-0.21682049999999975,0.004931824999999928,0.004207499999999753,0.0064827427899479565
0.098125,0.066875,0.005,1.5625e-08,-0.00559533,-0.105903,-0.005730869999999961,-0.10633487499999966,0.00013553999999996093,0.00043187499999966517,0.00045264457052382744
0.083125,0.068125,0.005,1.5625e-08,-0.162704,-0.40923,-0.16503199999999996,-0.4149325000000001,0.002327999999999969,0.00570250000000011,0.006159390412208104
0.085625,0.069375,0.005,1.5625e-08,-0.147477,-0.441923,-0.14907974999999993,-0.44812625000000006,0.0016027499999999306,0.006203250000000049,0.00640695857057
0.088125,0.069375,0.005,1.5625e-08,-0.126957,-0.448656,-0.12905650000000007,-0.4545927500000001,0.0020995000000000874,0.005936750000000102,0.00629705493167255
0.095625,0.068125,0.005,1.5625e-08,-0.0272732,-0.241941,-0.029146474999999925,-0.2452642499999998,0.0018732749999999243,0.0033232499999998055,0.0038148590784095058
0.098125,0.069375,0.005,1.5625e-08,-0.00585784,-0.120742,-0.006354322499999956,-0.12167499999999962,0.0004964824999999567,0.0009329999999996147,0.001056874577613393
0.083125,0.070625,0.005,1.5625e-08,-0.148638,-0.414256,-0.15072400000000005,-0.4196287500000001,0.00208600000000006,0.005372750000000093,0.005763491872337572
0.085625,0.071875,0.005,1.5625e-08,-0.1385,-0.45287,-0.13926225,-0.45923775000000006,0.0007622499999999921,0.006367750000000061,0.006413210204336106
0.088125,0.071875,0.005,1.5625e-08,-0.125077,-0.471489,-0.12609875000000006,-0.47696799999999995,0.0010217500000000712,0.005478999999999956,0.005573456204412094
0.090625,0.071875,0.005,1.5625e-08,-0.0992377,-0.455697,-0.1011381500000001,-0.46049925,0.0019004500000000951,0.004802250000000008,0.005164621502588591
0.095625,0.070625,0.005,1.5625e-08,-0.0313484,-0.272216,-0.03161377499999991,-0.27560099999999954,0.00026537499999990805,0.0033849999999995273,0.003395386412563635
0.098125,0.071875,0.005,1.5625e-08,-0.00666654,-0.137667,-0.007017227499999949,-0.13851224999999948,0.00035068749999994826,0.0008452499999994645,0.0009151116244236593
0.083125,0.073125,0.005,1.5625e-08,-0.127683,-0.412328,-0.1296362500000001,-0.41654475000000013,0.0019532500000001007,0.004216750000000158,0.004647167537866666
0.085625,0.074375,0.005,1.5625e-08,-0.123739,-0.456324,-0.12343175000000006,-0.46205050000000014,-0.0003072499999999395,0.005726500000000134,0.005734736682054504
0.088125,0.074375,0.005,1.5625e-08,-0.118104,-0.487328,-0.11890450000000005,-0.49246274999999995,0.0008005000000000512,0.005134749999999966,0.005196773788852054
0.090625,0.074375,0.005,1.5625e-08,-0.0995871,-0.483605,-0.10051997500000007,-0.48827349999999997,0.0009328750000000691,0.004668499999999964,0.004760792792763071
0.095625,0.073125,0.005,1.5625e-08,-0.0345904,-0.304336,-0.0340571249999999,-0.3075804999999995,-0.0005332750000000969,0.003244499999999484,0.0032880332230106426
0.098125,0.074375,0.005,1.5625e-08,-0.00739219,-0.156498,-0.007733849999999943,-0.1569112499999994,0.00034165999999994333,0.00041324999999939327,0.000536196902359068
0.000625,0.075625,0.005,1.5625e-08,0.00197218,0.0232021,-0.00023642069999999985,0.02075125,0.0022086007,0.002450850000000001,0.0032991791061626973
0.085625,0.075625,0.005,1.5625e-08,-0.112043,-0.454627,-0.11293875000000009,-0.45987825000000015,0.000895750000000084,0.005251250000000152,0.005327100020179999
0.088125,0.076875,0.005,1.5625e-08,-0.106401,-0.493747,-0.10647675000000005,-0.49901149999999994,7.575000000005494e-05,0.00526449999999995,0.005265044948763446
0.090625,0.076875,0.005,1.5625e-08,-0.0973465,-0.505107,-0.09696625000000006,-0.50995725,-0.00038024999999994313,0.004850250000000056,0.0048651325906906686
0.093125,0.076875,0.005,1.5625e-08,-0.0712526,-0.464341,-0.07176175000000008,-0.46792025000000015,0.0005091500000000831,0.003579250000000145,0.0036152820477801067
0.095625,0.076875,0.005,1.5625e-08,-0.0390519,-0.357343,-0.037702224999999895,-0.3578549999999995,-0.0013496750000001057,0.0005119999999994573,0.0014435257550957411
0.098125,0.076875,0.005,1.5625e-08,-0.00833977,-0.177346,-0.008535064999999939,-0.17697174999999932,0.00019529499999993913,-0.00037425000000068653,0.00042214120804002315
0.000625,0.078125,0.005,1.5625e-08,0.000141787,0.02289,-0.0003289949750000001,0.022646250000000003,0.0004707819750000001,0.00024374999999999744,0.0005301412363558409
0.060625,0.078125,0.005,1.5625e-08,0.0910756,0.0179477,0.09149775,0.019043,-0.00042214999999999614,-0.0010953000000000004,0.0011738367486580055
0.063125,0.079375,0.005,1.5625e-08,0.113861,-0.00604443,0.11702850000000016,-0.005954242500000063,-0.0031675000000001563,-9.018749999993667e-05,0.0031687836838694477
0.065625,0.079375,0.005,1.5625e-08,0.107663,-0.0345422,0.11082375000000014,-0.03487347500000006,-0.0031607500000001426,0.0003312750000000614,0.0031780628829722584
0.068125,0.079375,0.005,1.5625e-08,0.0974327,-0.0667147,0.10093650000000014,-0.06726037500000007,-0.00350380000000014,0.0005456750000000649,0.0035460366108693874
0.070625,0.079375,0.005,1.5625e-08,0.082479,-0.103189,0.08702665000000022,-0.10369242499999984,-0.004547650000000222,0.0005034249999998353,0.0045754297342574125
0.078125,0.078125,0.005,1.5625e-08,-0.00993897,-0.255809,-0.009297613500000001,-0.25857650000000004,-0.0006413564999999989,0.002767500000000034,0.0028408439608842363
0.085625,0.078125,0.005,1.5625e-08,-0.0851159,-0.442877,-0.08602432500000005,-0.44750300000000015,0.0009084250000000599,0.00462600000000013,0.004714351703111077
0.088125,0.079375,0.005,1.5625e-08,-0.0877832,-0.489042,-0.0874843999999999,-0.49434024999999987,-0.000298800000000099,0.005298249999999893,0.00530666887062863
0.090625,0.079375,0.005,1.5625e-08,-0.0901689,-0.51777,-0.08954975,-0.52301575,-0.0006191499999999989,0.005245750000000049,0.005282162415621136
0.093125,0.079375,0.005,1.5625e-08,-0.072966,-0.493653,-0.07206212500000007,-0.4969767500000003,-0.000903874999999929,0.0033237500000002917,0.0034444599109478414
0.095625,0.079375,0.005,1.5625e-08,-0.0412082,-0.391635,-0.04020037499999991,-0.3921937499999997,-0.0010078250000000871,0.0005587499999996637,0.0011523509852144874
0.098125,0.079375,0.005,1.5625e-08,-0.00934708,-0.199969,-0.009481572499999938,-0.1988697499999994,0.00013449249999993723,-0.0010992500000006067,0.0011074469716684258
0.000625,0.080625,0.005,1.5625e-08,-0.000503432,0.0251727,-0.0004760820000000006,0.025319000000000008,-2.7349999999999337e-05,-0.00014630000000000892,0.00014883451380645073
0.060625,0.080625,0.005,1.5625e-08,0.148191,0.0193414,0.14997225000000017,0.020371625000000004,-0.0017812500000001785,-0.0010302250000000027,0.0020577208540338123
0.063125,0.081875,0.005,1.5625e-08,0.175845,-0.00209218,0.18103125000000017,-0.0023784165000000587,-0.00518625000000017,0.00028623650000005876,0.005194142893339963
0.065625,0.081875,0.005,1.5625e-08,0.171338,-0.0268383,0.1764780000000002,-0.027612600000000057,-0.0051400000000002,0.0007743000000000576,0.005197993890916201
0.068125,0.081875,0.005,1.5625e-08,0.16272,-0.0548901,0.16784950000000015,-0.05591025000000005,-0.005129500000000148,0.001020150000000053,0.005229959490522047
0.070625,0.081875,0.005,1.5625e-08,0.150015,-0.0865703,0.15468175000000026,-0.08785262499999986,-0.004666750000000247,0.001282324999999862,0.004839722406102126
0.073125,0.081875,0.005,1.5625e-08,0.132305,-0.123409,0.13650350000000025,-0.12420199999999984,-0.004198500000000244,0.0007929999999998355,0.00427273346348702
0.075625,0.081875,0.005,1.5625e-08,0.109556,-0.164141,0.11290200000000027,-0.1659562499999998,-0.0033460000000002654,0.0018152499999997962,0.003806684720659308
0.078125,0.081875,0.005,1.5625e-08,0.08108,-0.211921,0.08367352500000019,-0.2143519999999999,-0.0025935250000001936,0.0024309999999999055,0.0035547338754997604
0.080625,0.081875,0.005,1.5625e-08,0.045419,-0.269681,0.049147850000000076,-0.27066375000000004,-0.003728850000000075,0.0009827500000000322,0.003856179441493954
0.085625,0.080625,0.005,1.5625e-08,-0.0486805,-0.418936,-0.04990387499999997,-0.4234080000000001,0.001223374999999971,0.0044720000000001425,0.004636316467911374
0.088125,0.081875,0.005,1.5625e-08,-0.0604437,-0.470983,-0.06001974999999984,-0.47600674999999976,-0.00042395000000016586,0.0050237499999997715,0.005041606655124717
0.090625,0.081875,0.005,1.5625e-08,-0.0773748,-0.518603,-0.07680839999999994,-0.5242562499999999,-0.0005664000000000502,0.005653249999999832,0.005681553002700772
0.093125,0.081875,0.005,1.5625e-08,-0.0718923,-0.515852,-0.07052287500000004,-0.5196637500000002,-0.0013694249999999658,0.0038117500000002247,0.0040502793598869965
0.095625,0.081875,0.005,1.5625e-08,-0.0442926,-0.42583,-0.04288244999999992,-0.4263442499999997,-0.0014101500000000822,0.0005142499999997163,0.0015009917005100128
0.098125,0.081875,0.005,1.5625e-08,-0.0107018,-0.224805,-0.010688232499999933,-0.22292774999999937,-1.3567500000066443e-05,-0.0018772500000006354,0.001877299027741355
0.000625,0.083125,0.005,1.5625e-08,-0.00091712,0.0294668,-0.0007120460000000009,0.029219225000000015,-0.0002050739999999991,0.000247574999999986,0.0003214789668096386
0.060625,0.083125,0.005,1.5625e-08,0.213097,0.0192042,0.2160970000000002,0.019609174999999996,-0.003000000000000197,-0.0004049749999999949,0.0030272107212128752
0.063125,0.084375,0.005,1.5625e-08,0.245799,-0.00050186,0.25364275000000025,-0.000581187500000053,-0.00784375000000026,7.932750000005299e-05,0.007844151127735897
0.065625,0.084375,0.005,1.5625e-08,0.243296,-0.0216759,0.2506527500000002,-0.02181790000000005,-0.0073567500000001895,0.00014200000000004834,0.007358120314489482
0.068125,0.084375,0.005,1.5625e-08,0.236205,-0.0458207,0.24328075000000016,-0.045628825000000046,-0.007075750000000158,-0.0001918749999999525,0.0070783510846896555
0.070625,0.084375,0.005,1.5625e-08,0.224378,-0.0730742,0.23097525000000027,-0.07255107499999988,-0.0065972500000002765,-0.0005231250000001242,0.006617957942456931
0.073125,0.084375,0.005,1.5625e-08,0.206941,-0.104242,0.21311925000000032,-0.10332509999999986,-0.0061782500000003016,-0.000916900000000137,0.006245916960103134
0.075625,0.084375,0.005,1.5625e-08,0.183839,-0.139743,0.1890565000000003,-0.13899799999999982,-0.005217500000000291,-0.00074500000000019,0.005270420405432884
0.078125,0.084375,0.005,1.5625e-08,0.155702,-0.179823,0.15816900000000023,-0.1810352499999999,-0.002467000000000219,0.001212249999999887,0.0027487522737600066
0.080625,0.084375,0.005,1.5625e-08,0.118197,-0.22961,0.1201067500000001,-0.23135150000000004,-0.0019097500000000989,0.0017415000000000347,0.002584563273069649
0.083125,0.084375,0.005,1.5625e-08,0.0736736,-0.291082,0.07533440000000007,-0.29195850000000007,-0.0016608000000000595,0.0008765000000000578,0.0018779001278024076
0.085625,0.084375,0.005,1.5625e-08,0.0269745,-0.361398,0.026235575000000032,-0.3635147500000001,0.0007389249999999667,0.0021167500000001116,0.0022420171092401198
0.088125,0.084375,0.005,1.5625e-08,-0.0200936,-0.437137,-0.02120709999999975,-0.44156149999999966,0.00111349999999975,0.004424499999999665,0.004562464520409608
0.090625,0.084375,0.005,1.5625e-08,-0.056005,-0.503354,-0.05623589999999987,-0.5096302499999998,0.00023089999999986732,0.006276249999999872,0.006280495909758905
0.093125,0.084375,0.005,1.5625e-08,-0.067289,-0.527518,-0.0660048,-0.532276,-0.0012841999999999992,0.004757999999999929,0.004928258682333885
0.095625,0.084375,0.005,1.5625e-08,-0.047816,-0.458483,-0.04588319999999992,-0.4590699999999997,-0.0019328000000000747,0.0005869999999997266,0.002019971494848372
0.098125,0.084375,0.005,1.5625e-08,-0.0126796,-0.252613,-0.012372452499999922,-0.2497347499999993,-0.00030714750000007673,-0.002878250000000665,0.0028945919659358076
0.000625,0.085625,0.005,1.5625e-08,-0.00160189,0.0362087,-0.0011012817500000015,0.035085925000000025,-0.0005006082499999984,0.0011227749999999787,0.0012293218946203687
0.003125,0.086875,0.005,1.5625e-08,-0.0228733,0.164387,-0.022760524999999976,0.1611332499999999,-0.00011277500000002327,0.0032537500000001107,0.003255703804575245
0.050625,0.085625,0.005,1.5625e-08,0.255439,0.069933,0.2537342500000002,0.07171512499999995,0.0017047499999998106,-0.0017821249999999539,0.002466199926632914
0.053125,0.086875,0.005,1.5625e-08,0.302454,0.0525336,0.3077964999999998,0.053211425000000034,-0.005342499999999806,-0.0006778250000000346,0.005385327564839763
0.078125,0.085625,0.005,1.5625e-08,0.199558,-0.16108,0.19969275000000025,-0.1635739999999999,-0.00013475000000023885,0.002493999999999885,0.0024976375963096592
0.080625,0.086875,0.005,1.5625e-08,0.200355,-0.187173,0.20401024999999962,-0.18792575000000025,-0.00365524999999961,0.0007527500000002463,0.0037319545984641237
0.083125,0.086875,0.005,1.5625e-08,0.152798,-0.24089,0.1543957499999996,-0.24089000000000033,-0.0015977499999996203,3.3306690738754696e-16,0.0015977499999996203
0.085625,0.086875,0.005,1.5625e-08,0.0964197,-0.307726,0.0961617749999996,-0.30779100000000037,0.00025792500000039464,6.500000000037032e-05,0.00026598929607270233
0.088125,0.086875,0.005,1.5625e-08,0.0354089,-0.385586,0.03337709999999999,-0.38897399999999993,0.002031800000000007,0.0033879999999999466,0.003950538601254223
0.090625,0.086875,0.005,1.5625e-08,-0.021937,-0.467193,-0.02332144999999998,-0.4741472499999999,0.001384449999999978,0.006954249999999884,0.007090718924410861
0.093125,0.086875,0.005,1.5625e-08,-0.0563911,-0.522775,-0.055897175,-0.5290207499999999,-0.0004939249999999992,0.006245749999999939,0.006265249792955125
0.095625,0.086875,0.005,1.5625e-08,-0.0515461,-0.486714,-0.04916407499999992,-0.4879792499999996,-0.0023820250000000792,0.001265249999999607,0.0026972023771167754
0.098125,0.086875,0.005,1.5625e-08,-0.015838,-0.284509,-0.014957349999999897,-0.28033374999999905,-0.0008806500000001043,-0.004175250000000963,0.00426711342537414
0.000625,0.088125,0.005,1.5625e-08,-0.00210392,0.0460337,-0.0017793802499999978,0.04421457499999998,-0.0003245397500000022,0.0018191250000000186,0.001847847887396344
0.003125,0.089375,0.005,1.5625e-08,-0.0368392,0.200094,-0.03454967499999996,0.1955829999999999,-0.0022895250000000422,0.004511000000000098,0.005058759306947315
0.040625,0.088125,0.005,1.5625e-08,0.256584,0.0888724,0.25368274999999973,0.09018945000000006,0.002901250000000244,-0.0013170500000000557,0.0031862002863915447
0.043125,0.089375,0.005,1.5625e-08,0.321219,0.0690796,0.3249917499999997,0.07026167500000008,-0.003772749999999714,-0.001182075000000074,0.003953598850177268
0.045625,0.089375,0.005,1.5625e-08,0.342997,0.0607701,0.34751424999999975,0.06290987500000006,-0.004517249999999751,-0.002139775000000059,0.0049984182111066896
0.050625,0.088125,0.005,1.5625e-08,0.336192,0.0548204,0.3370769999999998,0.05592247500000003,-0.0008849999999998026,-0.0011020750000000287,0.001413433516520927
0.053125,0.089375,0.005,1.5625e-08,0.394696,0.0399551,0.40152149999999975,0.03928107500000004,-0.006825499999999762,0.0006740249999999601,0.006858699581598665
0.055625,0.089375,0.005,1.5625e-08,0.408794,0.0308271,0.4143809999999997,0.03042552500000003,-0.005586999999999731,0.00040157499999997,0.005601413346702953
0.058125,0.089375,0.005,1.5625e-08,0.419096,0.0213723,0.4242629999999997,0.020853500000000025,-0.0051669999999997,0.0005187999999999755,0.005192980111650426
0.060625,0.089375,0.005,1.5625e-08,0.425882,0.0106892,0.43085724999999975,0.010418402500000014,-0.004975249999999765,0.00027079749999998556,0.004982614158100534
0.063125,0.089375,0.005,1.5625e-08,0.428491,-0.00114652,0.43380224999999967,-0.0010443727500000306,-0.0053112499999996565,-0.00010214724999996943,0.005312232169547836
0.065625,0.089375,0.005,1.5625e-08,0.42586,-0.0144452,0.43267124999999973,-0.013732125000000048,-0.006811249999999713,-0.0007130749999999519,0.006848474466486754
0.080625,0.088125,0.005,1.5625e-08,0.250859,-0.163058,0.2514999999999996,-0.16518450000000023,-0.0006409999999996141,0.0021265000000002254,0.0022210095114610527
0.083125,0.089375,0.005,1.5625e-08,0.247601,-0.1851,0.25105899999999953,-0.18439675000000028,-0.0034579999999995448,-0.000703249999999711,0.003528785139746602
0.085625,0.089375,0.005,1.5625e-08,0.182889,-0.246426,0.1865759999999995,-0.24125650000000037,-0.0036869999999994962,-0.005169499999999633,0.006349621976936303
0.088125,0.089375,0.005,1.5625e-08,0.109106,-0.320946,0.11046534999999996,-0.31761625000000004,-0.0013593499999999675,-0.0033297499999999647,0.0035965354836286095
0.090625,0.089375,0.005,1.5625e-08,0.0331422,-0.40704,0.03015337500000002,-0.412332,0.0029888249999999762,0.005291999999999963,0.006077691904055722
0.093125,0.089375,0.005,1.5625e-08,-0.0322882,-0.492251,-0.03394497499999996,-0.5006567499999999,0.0016567749999999576,0.008405749999999879,0.008567469665141676
0.095625,0.089375,0.005,1.5625e-08,-0.053956,-0.50431,-0.05168724999999996,-0.5077172499999998,-0.0022687500000000346,0.0034072499999997508,0.004093480075070411
0.098125,0.089375,0.005,1.5625e-08,-0.0215214,-0.322222,-0.019312499999999868,-0.316486499999999,-0.0022089000000001316,-0.005735500000001004,0.006146153224579753
0.000625,0.090625,0.005,1.5625e-08,-0.00434307,0.0621547,-0.003085433749999995,0.05911742499999996,-0.001257636250000005,0.0030372750000000406,0.0032873527895465257
0.013125,0.090625,0.005,1.5625e-08,-0.0346174,0.206011,-0.04023170000000014,0.2063425000000001,0.005614300000000141,-0.0003315000000000956,0.005624078301375404
0.015625,0.091875,0.005,1.5625e-08,0.0441852,0.158729,0.04172279999999971,0.15799650000000015,0.002462400000000288,0.0007324999999998583,0.002569040678930797
0.018125,0.091875,0.005,1.5625e-08,0.0931907,0.136753,0.09046704999999967,0.13619225000000013,0.002723650000000327,0.0005607499999998877,0.0027807750511326256
0.020625,0.091875,0.005,1.5625e-08,0.13987,0.119289,0.13729024999999967,0.11890300000000012,0.002579750000000325,0.00038599999999988643,0.0026084681448125045
0.023125,0.091875,0.005,1.5625e-08,0.18383,0.105219,0.1814654999999996,0.10504042500000012,0.00236450000000038,0.00017857499999987536,0.002371233704346063
0.025625,0.091875,0.005,1.5625e-08,0.224926,0.0936853,0.22280399999999959,0.09372945000000012,0.0021220000000004013,-4.4150000000117706e-05,0.002122459239302775
0.028125,0.091875,0.005,1.5625e-08,0.263107,0.0839692,0.2613489999999996,0.08430940000000012,0.0017580000000003704,-0.00034020000000012374,0.0017906144308592474
0.030625,0.091875,0.005,1.5625e-08,0.298514,0.0750401,0.2972302499999996,0.0762866500000001,0.0012837500000004165,-0.0012465500000000962,0.0017893856389837573
0.033125,0.091875,0.005,1.5625e-08,0.331659,0.0675985,0.3305952499999996,0.06928962500000008,0.001063750000000363,-0.001691125000000071,0.001997865818348673
0.035625,0.091875,0.005,1.5625e-08,0.362314,0.0612982,0.36157374999999964,0.06303315000000008,0.0007402500000003864,-0.0017349500000000823,0.0018862718693234168
0.038125,0.091875,0.005,1.5625e-08,0.39076,0.0560901,0.3902652499999996,0.057292875000000076,0.0004947500000003768,-0.0012027750000000795,0.0013005557516406455
0.040625,0.091875,0.005,1.5625e-08,0.415161,0.0509089,0.4167322499999996,0.05188692500000007,-0.00157124999999958,-0.0009780250000000698,0.0018507726665162895
0.043125,0.091875,0.005,1.5625e-08,0.437811,0.0458776,0.4409977499999996,0.046663775000000074,-0.003186749999999572,-0.0007861750000000764,0.0032822929017871628
0.045625,0.091875,0.005,1.5625e-08,0.458886,0.0409128,0.4630442499999996,0.04149307500000006,-0.004158249999999586,-0.0005802750000000606,0.004198542858912081
0.048125,0.091875,0.005,1.5625e-08,0.478337,0.0357754,0.48281499999999966,0.03625987500000005,-0.004477999999999649,-0.0004844750000000536,0.004504131439647594
0.050625,0.091875,0.005,1.5625e-08,0.49444,0.0306293,0.5002127499999998,0.030859825000000035,-0.005772749999999771,-0.00023052500000003348,0.005777350979308975
0.053125,0.091875,0.005,1.5625e-08,0.50828,0.0251592,0.5151012499999996,0.02519567500000004,-0.006821249999999668,-3.6475000000039254e-05,0.006821347519964107
0.055625,0.091875,0.005,1.5625e-08,0.520138,0.0192843,0.5273022499999998,0.019173975000000027,-0.007164249999999761,0.00011032499999997364,0.007165099417881204
0.058125,0.091875,0.005,1.5625e-08,0.529381,0.0129185,0.5365954999999997,0.01270140000000002,-0.0072144999999996795,0.00021709999999997877,0.0072177657664955685
0.060625,0.091875,0.005,1.5625e-08,0.535573,0.00585422,0.5427144999999997,0.005680615000000012,-0.00714149999999969,0.00017360499999998814,0.007143609797995728
0.063125,0.091875,0.005,1.5625e-08,0.538163,-0.00187256,0.5453419999999997,-0.00199654250000002,-0.007178999999999713,0.00012398250000002025,0.007180070519173342
0.065625,0.091875,0.005,1.5625e-08,0.536985,-0.0100722,0.5441004999999997,-0.010459300000000032,-0.007115499999999608,0.00038710000000003256,0.007126021797608709
0.068125,0.091875,0.005,1.5625e-08,0.532,-0.0198542,0.5385392499999997,-0.01987535000000005,-0.006539249999999663,2.11500000000496e-05,0.006539284202800456
0.070625,0.091875,0.005,1.5625e-08,0.522199,-0.0307652,0.5281089999999997,-0.030480625000000008,-0.005909999999999749,-0.0002845749999999918,0.0059168473810486295
0.073125,0.091875,0.005,1.5625e-08,0.506841,-0.0433881,0.5121259999999997,-0.042631650000000014,-0.005284999999999762,-0.0007564499999999849,0.0053388614518919165
0.075625,0.091875,0.005,1.5625e-08,0.484917,-0.0581825,0.4897029999999997,-0.05689932500000003,-0.004785999999999735,-0.0012831749999999698,0.004955031188662931
0.078125,0.091875,0.005,1.5625e-08,0.45571,-0.0773934,0.4596469999999997,-0.0742384500000001,-0.003936999999999691,-0.0031549499999999064,0.005045163872709882
0.080625,0.091875,0.005,1.5625e-08,0.419465,-0.0997941,0.42029424999999954,-0.09629417500000019,-0.0008292499999995595,-0.0034999249999998067,0.003596822287537003
0.083125,0.091875,0.005,1.5625e-08,0.366427,-0.128761,0.36930099999999944,-0.12593175000000026,-0.0028739999999994326,-0.002829249999999728,0.004032930889873418
0.090625,0.090625,0.005,1.5625e-08,0.0743178,-0.364588,0.06881575000000001,-0.3701735,0.0055020499999999944,0.0055854999999999655,0.007840303849500959
0.093125,0.091875,0.005,1.5625e-08,0.0170524,-0.424987,0.014947327500000064,-0.43329974999999993,0.002105072499999935,0.008312749999999924,0.008575146808816438
0.095625,0.091875,0.005,1.5625e-08,-0.0480477,-0.497031,-0.0479432750000001,-0.50510025,-0.00010442499999990112,0.008069250000000028,0.008069925659082954
0.098125,0.091875,0.005,1.5625e-08,-0.0326283,-0.367446,-0.027330274999999828,-0.36068674999999895,-0.005298025000000171,-0.006759250000001049,0.00858816217028655
0.000625,0.093125,0.005,1.5625e-08,-0.0103486,0.0927601,-0.006121017499999987,0.08549324999999991,-0.0042275825000000124,0.0072668500000000885,0.008407113816096917
0.005625,0.093125,0.005,1.5625e-08,-0.0879886,0.277915,-0.09040597500000003,0.28035775,0.002417375000000027,-0.0024427499999999935,0.003436674184895202
0.008125,0.094375,0.005,1.5625e-08,-0.0111029,0.210483,-0.018879264999999652,0.21092099999999983,0.007776364999999652,-0.0004379999999998274,0.0077886903015346185
0.010625,0.094375,0.005,1.5625e-08,0.0605919,0.162377,0.05564145000000051,0.16154524999999978,0.004950449999999489,0.0008317500000002143,0.005019836975938092
0.013125,0.094375,0.005,1.5625e-08,0.130849,0.127564,0.12826835000000053,0.1262877499999998,0.0025806499999994625,0.0012762500000002008,0.002878987406189499
0.015625,0.094375,0.005,1.5625e-08,0.195354,0.10235,0.19393375000000057,0.10157129999999982,0.001420249999999429,0.0007787000000001737,0.0016197171828744204
0.018125,0.094375,0.005,1.5625e-08,0.253027,0.0844792,0.2520980000000006,0.08394834999999985,0.0009289999999994025,0.000530850000000152,0.0010699732344778775
0.020625,0.094375,0.005,1.5625e-08,0.3043,0.0713453,0.30353625000000056,0.07103044999999987,0.0007637499999994524,0.0003148500000001303,0.000826102042727922
0.023125,0.094375,0.005,1.5625e-08,0.349984,0.0613435,0.3492582500000006,0.061268424999999876,0.0007257499999994144,7.507500000012574e-05,0.0007296227231413292
0.025625,0.094375,0.005,1.5625e-08,0.391078,0.0534435,0.39018025000000056,0.053662299999999906,0.0008977499999994198,-0.00021879999999990796,0.0009240284100063797
0.028125,0.094375,0.005,1.5625e-08,0.42861,0.0475203,0.4270507500000006,0.0475561249999999,0.0015592499999994014,-3.582499999989913e-05,0.0015596614995322304
0.030625,0.094375,0.005,1.5625e-08,0.460362,0.0422444,0.46045650000000055,0.042508299999999916,-9.450000000055248e-05,-0.0002638999999999142,0.0002803095788589094
0.033125,0.094375,0.005,1.5625e-08,0.489664,0.0373264,0.49084575000000047,0.038212324999999915,-0.001181750000000481,-0.0008859249999999125,0.001476955032533483
0.035625,0.094375,0.005,1.5625e-08,0.516036,0.0332376,0.5185520000000005,0.03444829999999993,-0.002516000000000407,-0.0012106999999999327,0.002792140843510922
0.038125,0.094375,0.005,1.5625e-08,0.538992,0.0285576,0.5438177500000005,0.031052474999999934,-0.004825750000000517,-0.0024948749999999346,0.005432519151197689
0.080625,0.093125,0.005,1.5625e-08,0.490876,-0.073492,0.48681649999999954,-0.07439580000000018,0.004059500000000438,0.0009038000000001767,0.004158893445377493
0.083125,0.094375,0.005,1.5625e-08,0.509087,-0.0719398,0.5145092500000004,-0.07063312499999991,-0.005422250000000406,-0.0013066750000000904,0.0055774720634109536
0.085625,0.094375,0.005,1.5625e-08,0.453855,-0.0970207,0.4550832500000003,-0.09553424999999989,-0.0012282500000002639,-0.0014864500000001113,0.0019282457480832103
0.088125,0.094375,0.005,1.5625e-08,0.372142,-0.137335,0.3749980000000008,-0.13535399999999959,-0.0028560000000008023,-0.001981000000000427,0.003475787248956166
0.093125,0.093125,0.005,1.5625e-08,0.0668947,-0.368283,0.059177000000000035,-0.379928,0.007717699999999966,0.011644999999999961,0.013970286979514723
0.095625,0.094375,0.005,1.5625e-08,-0.00978084,-0.43536,-0.013198850000000099,-0.4475855000000001,0.003418010000000098,0.012225500000000056,0.012694315365946366
0.098125,0.094375,0.005,1.5625e-08,-0.0509174,-0.415089,-0.04252439999999991,-0.4124794999999994,-0.008393000000000095,-0.0026095000000005975,0.008789308235009438
0.000625,0.095625,0.005,1.5625e-08,-0.0253865,0.159387,-0.016156857500000055,0.13947527500000023,-0.009229642499999944,0.01991172499999977,0.021946824215667765
0.003125,0.096875,0.005,1.5625e-08,-0.0400478,0.278269,-0.05559522499999963,0.2899392499999997,0.015547424999999629,-0.011670249999999716,0.019440091542817044
0.005625,0.096875,0.005,1.5625e-08,0.092383,0.180782,0.08434482500000087,0.17930199999999955,0.008038174999999134,0.0014800000000004532,0.008173289260182367
0.008125,0.096875,0.005,1.5625e-08,0.223061,0.113839,0.2223440000000011,0.11075039999999965,0.000716999999998913,0.003088600000000344,0.003170731612735547
0.010625,0.096875,0.005,1.5625e-08,0.326884,0.0756135,0.3283352500000011,0.07387047499999973,-0.0014512500000010697,0.0017430250000002728,0.0022680967159997953
0.013125,0.096875,0.005,1.5625e-08,0.406999,0.0538391,0.408491500000001,0.0529542999999998,-0.001492500000001007,0.0008848000000001993,0.0017350582958515711
0.015625,0.096875,0.005,1.5625e-08,0.469598,0.0403362,0.47076725000000097,0.04022219999999985,-0.0011692500000009542,0.00011400000000015564,0.0011747942639042238
0.018125,0.096875,0.005,1.5625e-08,0.519817,0.0317307,0.5207420000000009,0.03195854999999988,-0.0009250000000009528,-0.00022784999999987676,0.0009526492652081912
0.020625,0.096875,0.005,1.5625e-08,0.561306,0.0259142,0.5620327500000009,0.026289349999999895,-0.0007267500000008864,-0.0003751499999998971,0.0008178649552347938
0.023125,0.096875,0.005,1.5625e-08,0.596367,0.0216734,0.5969852500000008,0.02220829999999991,-0.0006182500000008195,-0.0005348999999999111,0.0008175274139140034
0.025625,0.096875,0.005,1.5625e-08,0.626313,0.0181454,0.6271510000000008,0.019142999999999924,-0.0008380000000007826,-0.000997599999999925,0.0013028621415948664
0.028125,0.096875,0.005,1.5625e-08,0.650397,0.0141006,0.6535802500000008,0.01675059999999993,-0.003183250000000748,-0.002649999999999932,0.004141929569959441
0.045625,0.095625,0.005,1.5625e-08,0.697953,0.0158405,0.6877010000000005,0.01377584999999996,0.010251999999999595,0.002064650000000041,0.010457833600822489
0.048125,0.096875,0.005,1.5625e-08,0.781093,0.00781996,0.7846837500000005,0.006156602499999973,-0.00359075000000042,0.0016633575000000282,0.003957302583238911
0.050625,0.096875,0.005,1.5625e-08,0.792567,0.00595834,0.7935622500000005,0.005059874999999977,-0.0009952500000004472,0.0008984650000000236,0.001340806443423484
0.053125,0.096875,0.005,1.5625e-08,0.800662,0.00432604,0.8008290000000003,0.003918052499999982,-0.0001670000000003613,0.00040798750000001736,0.0004408432829888472
0.055625,0.096875,0.005,1.5625e-08,0.806641,0.00283968,0.8064047500000004,0.002712662499999987,0.00023624999999960483,0.00012701750000001285,0.0002682303260372819
0.058125,0.096875,0.005,1.5625e-08,0.81065,0.00142803,0.8101840000000005,0.0014261794999999922,0.00046599999999952235,1.850500000007832e-06,0.00046600367418058505
0.060625,0.096875,0.005,1.5625e-08,0.812663,1.39866e-05,0.8120347500000005,4.1004299999997726e-05,0.0006282499999995528,-2.7017699999997727e-05,0.0006288306756295593
0.063125,0.096875,0.005,1.5625e-08,0.812583,-0.00146011,0.8117972500000004,-0.0014619825000000005,0.0007857499999996964,1.872500000000589e-06,0.00078575223114909
0.065625,0.096875,0.005,1.5625e-08,0.81023,-0.0030713,0.8092795000000004,-0.003105739999999994,0.0009504999999996322,3.4439999999994093e-05,0.000951123737270446
0.068125,0.096875,0.005,1.5625e-08,0.805353,-0.00491888,0.8042510000000004,-0.004920854999999988,0.0011019999999996033,1.974999999988271e-06,0.0011020017697917393
0.070625,0.096875,0.005,1.5625e-08,0.797556,-0.00705234,0.7964260000000004,-0.006952182499999968,0.0011299999999996313,-0.00010015750000003185,0.0011344300440333124
0.073125,0.096875,0.005,1.5625e-08,0.786316,-0.00969276,0.7854362500000005,-0.009270587499999957,0.0008797499999995129,-0.0004221725000000433,0.0009758020712498152
0.075625,0.096875,0.005,1.5625e-08,0.769584,-0.0137161,0.7707827500000005,-0.011994464999999946,-0.0011987500000004703,-0.0017216350000000546,0.002097862873432464
0.085625,0.095625,0.005,1.5625e-08,0.552146,-0.0586908,0.5471652500000004,-0.06291302499999989,0.004980749999999645,0.004222224999999885,0.006529552397608928
0.088125,0.096875,0.005,1.5625e-08,0.587858,-0.0483999,0.593403000000001,-0.05072104999999974,-0.005545000000001021,0.0023211499999997373,0.006011219703397149
0.090625,0.096875,0.005,1.5625e-08,0.502172,-0.0798478,0.5054930000000011,-0.08038914999999958,-0.0033210000000011286,0.0005413499999995797,0.0033648329561074856
0.093125,0.096875,0.005,1.5625e-08,0.36789,-0.1429,0.3671027500000014,-0.14217774999999927,0.0007872499999985738,-0.0007222500000007293,0.0010683668026472968
0.095625,0.096875,0.005,1.5625e-08,0.164521,-0.269412,0.15303220000000017,-0.2741449999999998,0.011488799999999827,0.004732999999999821,0.012425530750836937
0.098125,0.096875,0.005,1.5625e-08,-0.033851,-0.41326,-0.048627625000000084,-0.4286612499999998,0.014776625000000085,0.015401249999999811,0.021343550500165658
0.000625,0.098125,0.005,1.5625e-08,-0.00105879,0.26929,-0.04621937500000002,0.26175800000000043,0.045160585000000024,0.007531999999999539,0.04578438010437861
0.003125,0.099375,0.005,1.5625e-08,0.534524,0.0766745,0.5792085000000041,0.053108849999999284,-0.044684500000004124,0.023565650000000722,0.05051776321426853
0.005625,0.099375,0.005,1.5625e-08,0.71897,0.0275854,0.7367262500000027,0.01592745499999975,-0.017756250000002693,0.01165794500000025,0.021241282816384384
0.008125,0.099375,0.005,1.5625e-08,0.796729,0.0112905,0.804578250000002,0.007473262499999878,-0.007849250000002028,0.0038172375000001223,0.008728231647586985
0.010625,0.099375,0.005,1.5625e-08,0.838295,0.00564323,0.8420845000000017,0.004399649999999927,-0.0037895000000016665,0.001243580000000073,0.003988333168933209
0.013125,0.099375,0.005,1.5625e-08,0.864099,0.00343305,0.8661667500000014,0.002948376499999951,-0.002067750000001478,0.0004846735000000489,0.0021237934137077483
0.015625,0.099375,0.005,1.5625e-08,0.881991,0.0023573,0.8832052500000013,0.002151554499999964,-0.0012142500000013046,0.00020574550000003597,0.0012315576613676816
0.018125,0.099375,0.005,1.5625e-08,0.895323,0.00176456,0.8961035000000012,0.0016666609999999723,-0.000780500000001183,9.789900000002779e-05,0.0007866158301247517
0.020625,0.099375,0.005,1.5625e-08,0.905831,0.00139927,0.9063562500000011,0.0013478447499999774,-0.0005252500000010318,5.1425250000022545e-05,0.00052776142227208
0.023125,0.099375,0.005,1.5625e-08,0.914427,0.00114552,0.9148047500000009,0.0011248432499999812,-0.0003777500000009537,2.0676750000018758e-05,0.0003783154642507808
0.025625,0.099375,0.005,1.5625e-08,0.921603,0.000965889,0.9219525000000008,0.0009605764999999841,-0.00034950000000089076,5.312500000015938e-06,0.0003495403734289829
0.028125,0.099375,0.005,1.5625e-08,0.927848,0.00110835,0.9281187500000009,0.000834012499999986,-0.00027075000000087446,0.00027433750000001387,0.0003854434153111597
0.030625,0.099375,0.005,1.5625e-08,0.934243,0.000995179,0.9335130000000007,0.0007324579999999877,0.0007299999999993423,0.0002627210000000122,0.0007758365316482887
0.033125,0.099375,0.005,1.5625e-08,0.939517,0.000776664,0.9382762500000007,0.000647824999999989,0.0012407499999993465,0.000128839000000011,0.0012474213604149085
0.035625,0.099375,0.005,1.5625e-08,0.944077,0.000593799,0.9425052500000006,0.0005746814999999905,0.0015717499999994278,1.9117500000009522e-05,0.0015718662606292086
0.038125,0.099375,0.005,1.5625e-08,0.947846,0.000482494,0.9462652500000005,0.0005092097499999914,0.0015807499999994645,-2.6715749999991437e-05,0.0015809757410524582
0.040625,0.099375,0.005,1.5625e-08,0.951173,0.000335082,0.9495992500000006,0.00044859649999999236,0.0015737499999994853,-0.00011351449999999236,0.0015778385862339115
0.043125,0.099375,0.005,1.5625e-08,0.953684,0.000153412,0.9525335000000005,0.0003906844999999935,0.0011504999999994991,-0.0002372724999999935,0.0011747120878134753
0.045625,0.099375,0.005,1.5625e-08,0.955301,-0.000239312,0.9550827500000004,0.0003337589249999943,0.00021824999999953132,-0.0005730709249999943,0.000613223733705851
0.048125,0.099375,0.005,1.5625e-08,0.956655,5.80047e-05,0.9572485000000005,0.0002764110999999952,-0.0005935000000004687,-0.0002184063999999952,0.0006324109467438987
0.050625,0.099375,0.005,1.5625e-08,0.958625,0.000226672,0.9590255000000005,0.00021745322499999614,-0.00040050000000058095,9.218775000003861e-06,0.0004006060855915272
0.053125,0.099375,0.005,1.5625e-08,0.960332,0.000164987,0.9604005000000004,0.00015585549999999726,-6.850000000047096e-05,9.13150000000275e-06,6.910596423113256e-05
0.055625,0.099375,0.005,1.5625e-08,0.961452,6.73953e-05,0.9613527500000004,9.069717499999831e-05,9.924999999955109e-05,-2.330187499999832e-05,0.00010194871199984058
0.058125,0.099375,0.005,1.5625e-08,0.961993,-2.54211e-05,0.9618562500000004,2.1119513499999458e-05,0.0001367499999995747,-4.654061349999946e-05,0.00014445273000133994
0.060625,0.099375,0.005,1.5625e-08,0.961981,-0.000114399,0.9618787500000004,-5.373144999999932e-05,0.00010224999999952633,-6.066755000000068e-05,0.00011889328880515383
0.063125,0.099375,0.005,1.5625e-08,0.961414,-0.000205427,0.9613822500000004,-0.00013479174999999821,3.174999999955297e-05,-7.063525000000178e-05,7.744288890875885e-05
0.065625,0.099375,0.005,1.5625e-08,0.960256,-0.000305884,0.9603215000000005,-0.0002232099249999968,-6.550000000049572e-05,-8.267407500000317e-05,0.00010547631334650963
0.068125,0.099375,0.005,1.5625e-08,0.958432,-0.000424083,0.9586412500000004,-0.00032057364999999523,-0.00020925000000049376,-0.00010350935000000478,0.00023345181095384574
0.070625,0.099375,0.005,1.5625e-08,0.955834,-0.000559098,0.9562755000000005,-0.00042929399999999283,-0.0004415000000005387,-0.00012980400000000712,0.00046018618885889815
0.073125,0.099375,0.005,1.5625e-08,0.952358,-0.000698651,0.9531355000000006,-0.0005532857499999906,-0.0007775000000005416,-0.00014536525000000936,0.0007909723799908613
0.075625,0.099375,0.005,1.5625e-08,0.948019,-0.000634891,0.9490997500000006,-0.0006992109999999882,-0.0010807500000006298,6.431999999998827e-05,0.0010826622857111814
0.078125,0.099375,0.005,1.5625e-08,0.943275,-0.000595383,0.9439892500000006,-0.0008788704999999858,-0.0007142500000005825,0.00028348749999998577,0.0007684518365890434
0.080625,0.099375,0.005,1.5625e-08,0.936729,-0.00107464,0.9375172500000006,-0.0011140804999999828,-0.000788250000000601,3.9440499999982784e-05,0.0007892360961975802
0.083125,0.099375,0.005,1.5625e-08,0.927832,-0.00159318,0.9291995000000007,-0.0014474012499999776,-0.0013675000000007431,-0.00014577875000002243,0.0013752482299401812
0.085625,0.099375,0.005,1.5625e-08,0.915277,-0.00294353,0.918145750000001,-0.00196779124999997,-0.0028687500000009747,-0.0009757387500000303,0.003030147301824981
0.088125,0.099375,0.005,1.5625e-08,0.898111,-0.00358022,0.902584750000001,-0.00287936199999995,-0.004473750000001053,-0.0007008580000000498,0.004528315470312718
0.090625,0.099375,0.005,1.5625e-08,0.87292,-0.0058637,0.8786135000000014,-0.004716634999999917,-0.00569350000000135,-0.0011470650000000833,0.005807899823881311
0.093125,0.099375,0.005,1.5625e-08,0.82768,-0.0122618,0.8363095000000018,-0.009210247499999833,-0.008629500000001844,-0.003051552500000167,0.009153154806419976
0.095625,0.099375,0.005,1.5625e-08,0.723949,-0.0368096,0.7439212500000023,-0.024749414999999705,-0.019972250000002356,-0.012060185000000292,0.023331070106122998
0.098125,0.099375,0.005,1.5625e-08,0.431191,-0.128057,0.45763925000000283,-0.12122199999999918,-0.026448250000002838,-0.0068350000000008265,0.02731715858325425
0.056875,0.051875,0.005,1.5625e-08,-0.223406,-0.0074744,-0.22740500000000002,-0.00960276,0.00399900000000003,0.00212836,0.004530112282228802
0.099375,0.059375,0.005,1.5625e-08,0.000664045,-0.0235775,-0.0005340914999999911,-0.023148324999999744,0.001198136499999991,-0.00042917500000025713,0.0012726830922336672
0.099375,0.061875,0.005,1.5625e-08,-0.000529017,-0.0263257,-0.0006067999999999898,-0.027068249999999704,7.77829999999898e-05,0.0007425499999997032,0.0007466128163838052
0.084375,0.064375,0.005,1.5625e-08,-0.163506,-0.396427,-0.16588674999999992,-0.40376425000000005,0.0023807499999999038,0.007337250000000073,0.007713832259324843
0.094375,0.064375,0.005,1.5625e-08,-0.0412104,-0.25634,-0.039844124999999925,-0.2516402499999998,-0.0013662750000000765,-0.004699750000000225,0.004894318894200431
0.099375,0.064375,0.005,1.5625e-08,-0.000874425,-0.0307864,-0.0006856762499999888,-0.031490799999999666,-0.00018874875000001118,0.0007043999999996678,0.0007292499232952299
0.084375,0.066875,0.005,1.5625e-08,-0.160668,-0.416349,-0.16300299999999993,-0.4225682500000001,0.0023349999999999205,0.006219250000000065,0.006643138984132459
0.086875,0.066875,0.005,1.5625e-08,-0.140281,-0.425144,-0.14227425000000007,-0.43207150000000005,0.0019932500000000852,0.006927500000000031,0.007208557540347498
0.096875,0.066875,0.005,1.5625e-08,-0.0132282,-0.171157,-0.015090199999999943,-0.17143749999999972,0.0018619999999999418,0.00028049999999971154,0.0018830093600403642
0.099375,0.066875,0.005,1.5625e-08,-0.000994883,-0.0364005,-0.0007709027499999874,-0.03645239999999962,-0.0002239802500000126,5.189999999961892e-05,0.00022991468502474692
0.084375,0.069375,0.005,1.5625e-08,-0.153513,-0.429415,-0.15513524999999995,-0.4355087500000001,0.0016222499999999362,0.00609375000000012,0.006305987957885842
0.086875,0.069375,0.005,1.5625e-08,-0.138672,-0.448797,-0.14038250000000005,-0.45487950000000005,0.0017105000000000592,0.006082500000000046,0.006318434655830569
0.089375,0.069375,0.005,1.5625e-08,-0.113753,-0.440508,-0.1152907500000001,-0.4461660000000002,0.0015377500000000877,0.005658000000000163,0.005863244755466218
0.096875,0.069375,0.005,1.5625e-08,-0.0158475,-0.192428,-0.016586249999999938,-0.1947787499999997,0.0007387499999999374,0.0023507499999997072,0.0024640976289503082
0.099375,0.069375,0.005,1.5625e-08,-0.000944154,-0.042098,-0.0008630342499999859,-0.04199012499999956,-8.111975000001407e-05,-0.00010787500000043748,0.0001349719580696641
0.084375,0.071875,0.005,1.5625e-08,-0.140281,-0.434648,-0.14145675000000005,-0.4412645000000001,0.0011757500000000587,0.006616500000000136,0.006720153295312685
0.086875,0.071875,0.005,1.5625e-08,-0.133328,-0.465772,-0.13419775000000006,-0.4716384999999999,0.000869750000000058,0.005866499999999886,0.0059306228435552
0.089375,0.071875,0.005,1.5625e-08,-0.113785,-0.468589,-0.11499100000000008,-0.473719,0.001206000000000082,0.005130000000000023,0.005269851610814145
0.091875,0.071875,0.005,1.5625e-08,-0.0839174,-0.432945,-0.0850728250000001,-0.4361682500000001,0.0011554250000000987,0.0032232500000000663,0.0034240834530025193
0.096875,0.071875,0.005,1.5625e-08,-0.0181281,-0.217587,-0.018132049999999924,-0.2200057499999995,3.949999999922765e-06,0.0024187499999994977,0.0024187532253203445
0.099375,0.071875,0.005,1.5625e-08,-0.00107145,-0.0484857,-0.0009634434999999838,-0.04814519999999946,-0.00010800650000001623,-0.00034050000000054176,0.00035721933604246906
0.084375,0.074375,0.005,1.5625e-08,-0.120202,-0.429817,-0.12109150000000009,-0.43859875000000015,0.0008895000000000847,0.008781750000000144,0.008826683596487566
0.086875,0.074375,0.005,1.5625e-08,-0.122346,-0.475373,-0.12283125000000006,-0.4806067499999999,0.000485250000000062,0.005233749999999926,0.005256196973573126
0.089375,0.074375,0.005,1.5625e-08,-0.110607,-0.49072,-0.11144800000000006,-0.49566849999999996,0.0008410000000000639,0.004948499999999967,0.005019455473455241
0.091875,0.074375,0.005,1.5625e-08,-0.0857267,-0.463704,-0.08650890000000008,-0.4685095000000001,0.00078220000000008,0.004805500000000074,0.004868743892422442
0.096875,0.074375,0.005,1.5625e-08,-0.0201256,-0.245231,-0.01974547499999992,-0.24706574999999947,-0.0003801250000000818,0.0018347499999994688,0.0018737135795321314
0.099375,0.074375,0.005,1.5625e-08,-0.00119312,-0.0556417,-0.001075083249999982,-0.054969899999999385,-0.000118036750000018,-0.0006718000000006177,0.0006820908402488606
0.001875,0.076875,0.005,1.5625e-08,-0.000201667,0.0594766,-0.0020556699999999977,0.06191449999999998,0.0018540029999999977,-0.002437899999999986,0.0030627901550724828
0.086875,0.076875,0.005,1.5625e-08,-0.105402,-0.47503,-0.10521625000000004,-0.4799579999999999,-0.00018574999999995678,0.004927999999999877,0.004931499474044256
0.089375,0.076875,0.005,1.5625e-08,-0.103883,-0.504662,-0.10380800000000005,-0.5098692499999998,-7.49999999999501e-05,0.0052072499999997746,0.005207790084334972
0.091875,0.076875,0.005,1.5625e-08,-0.0865163,-0.492367,-0.08608375000000007,-0.496723,-0.0004325499999999344,0.0043560000000000265,0.004377423386251343
0.094375,0.076875,0.005,1.5625e-08,-0.0554075,-0.421845,-0.055108774999999895,-0.42190174999999963,-0.00029872500000010377,5.674999999960573e-05,0.00030406773608033003
0.096875,0.076875,0.005,1.5625e-08,-0.0220014,-0.2756,-0.02147484999999991,-0.2758969999999994,-0.0005265500000000908,0.0002969999999993811,0.0006045361052077271
0.099375,0.076875,0.005,1.5625e-08,-0.00140089,-0.0637055,-0.0012038192499999798,-0.0625405499999993,-0.00019707075000002013,-0.0011649500000006918,0.001181501325859257
0.001875,0.079375,0.005,1.5625e-08,-0.00251402,0.0660159,-0.0028789125000000023,0.068031325,0.00036489250000000225,-0.0020154250000000012,0.0020481905348822545
0.061875,0.079375,0.005,1.5625e-08,0.1153,0.00748026,0.11886025000000017,0.007356170000000008,-0.0035602500000001674,0.00012408999999999164,0.0035624118782927377
0.064375,0.079375,0.005,1.5625e-08,0.111362,-0.0192595,0.11436450000000015,-0.02001210000000006,-0.003002500000000144,0.0007526000000000616,0.0030953857610968227
0.066875,0.079375,0.005,1.5625e-08,0.103171,-0.0495001,0.10636235000000013,-0.05060015000000006,-0.0031913500000001344,0.0011000500000000607,0.0033756221389546833
0.069375,0.079375,0.005,1.5625e-08,0.0907348,-0.0836911,0.09450420000000014,-0.08492987500000006,-0.003769400000000131,0.001238775000000053,0.003967737372940165
0.071875,0.079375,0.005,1.5625e-08,0.0729861,-0.122536,0.07847117500000023,-0.12364049999999982,-0.005485075000000228,0.001104499999999814,0.0055951736349846275
0.079375,0.079375,0.005,1.5625e-08,-0.000597286,-0.271582,0.004678412500000076,-0.2738520000000001,-0.005275698500000076,0.0022700000000001053,0.005743334803309269
0.086875,0.079375,0.005,1.5625e-08,-0.0805697,-0.46329,-0.07997802499999987,-0.46783649999999977,-0.0005916750000001247,0.004546499999999787,0.004584838225676366
0.089375,0.079375,0.005,1.5625e-08,-0.0912767,-0.508288,-0.09089357499999993,-0.5137967499999998,-0.00038312500000006744,0.00550874999999984,0.005522056802326764
0.091875,0.079375,0.005,1.5625e-08,-0.0840015,-0.514007,-0.08317757500000005,-0.5185355000000001,-0.0008239249999999615,0.004528500000000157,0.004602843105693084
0.094375,0.079375,0.005,1.5625e-08,-0.0582132,-0.453797,-0.057175749999999914,-0.45549099999999976,-0.0010374500000000855,0.0016939999999997513,0.0019864386480582114
0.096875,0.079375,0.005,1.5625e-08,-0.023864,-0.306793,-0.023419999999999917,-0.30644824999999953,-0.0004440000000000832,-0.00034475000000044886,0.000562128599610786
0.099375,0.079375,0.005,1.5625e-08,-0.00163312,-0.0727685,-0.0013609377499999781,-0.07098129999999926,-0.0002721822500000219,-0.0017872000000007382,0.0018078072400612055
0.001875,0.081875,0.005,1.5625e-08,-0.00415284,0.0746902,-0.004165292500000004,0.07664050000000003,1.2452500000004543e-05,-0.0019503000000000298,0.0019503397536727713
0.061875,0.081875,0.005,1.5625e-08,0.176466,0.00925972,0.18191675000000018,0.009235672500000004,-0.005450750000000171,2.4047499999997266e-05,0.005450803045860134
0.064375,0.081875,0.005,1.5625e-08,0.174109,-0.0138877,0.17923600000000017,-0.014643425000000057,-0.005127000000000159,0.0007557250000000577,0.005182398023659194
0.066875,0.081875,0.005,1.5625e-08,0.167543,-0.0402022,0.17270175000000018,-0.041345725000000055,-0.005158750000000184,0.001143525000000055,0.00528397113808611
0.069375,0.081875,0.005,1.5625e-08,0.156886,-0.0699846,0.16186300000000015,-0.07138315000000006,-0.004977000000000148,0.0013985500000000678,0.005169765091616993
0.071875,0.081875,0.005,1.5625e-08,0.142031,-0.103898,0.14624725000000027,-0.10542024999999984,-0.004216250000000282,0.0015222499999998362,0.004482634172559911
0.074375,0.081875,0.005,1.5625e-08,0.121823,-0.142124,0.12540125000000024,-0.14433099999999982,-0.003578250000000241,0.00220699999999982,0.004204131546764555
0.076875,0.081875,0.005,1.5625e-08,0.0962353,-0.185765,0.09898850000000028,-0.18924024999999978,-0.0027532000000002887,0.0034752499999997633,0.004433674864319659
0.079375,0.081875,0.005,1.5625e-08,0.0641861,-0.239594,0.06701697500000009,-0.24145150000000007,-0.0028308750000000937,0.0018575000000000674,0.003385876476722945
0.081875,0.081875,0.005,1.5625e-08,0.026453,-0.300482,0.030291850000000068,-0.30203250000000004,-0.003838850000000067,0.0015505000000000102,0.004140147288744755
0.086875,0.081875,0.005,1.5625e-08,-0.046284,-0.438448,-0.0452260999999998,-0.4424659999999997,-0.0010579000000002017,0.0040179999999996885,0.004154933983831503
0.089375,0.081875,0.005,1.5625e-08,-0.0712364,-0.498865,-0.07093652499999989,-0.5044914999999998,-0.000299875000000116,0.005626499999999757,0.005634485536907725
0.091875,0.081875,0.005,1.5625e-08,-0.0777468,-0.525864,-0.07676349999999998,-0.53090275,-0.0009833000000000203,0.005038749999999981,0.005133797858554605
0.094375,0.081875,0.005,1.5625e-08,-0.0602563,-0.483827,-0.05868289999999992,-0.4860049999999998,-0.001573400000000079,0.002177999999999791,0.0026868702164413037
0.096875,0.081875,0.005,1.5625e-08,-0.0264936,-0.339584,-0.025765199999999912,-0.3386924999999995,-0.0007284000000000873,-0.0008915000000004891,0.0011512336035753123
0.099375,0.081875,0.005,1.5625e-08,-0.00194465,-0.0830604,-0.0015681377499999751,-0.08050759999999917,-0.0003765122500000249,-0.0025528000000008405,0.0025804165001806147
0.001875,0.084375,0.005,1.5625e-08,-0.00672301,0.0875421,-0.0061970575000000055,0.08908230000000003,-0.0005259524999999942,-0.0015402000000000332,0.001627526366071022
0.061875,0.084375,0.005,1.5625e-08,0.245141,0.0104924,0.2536502500000002,0.009202534999999998,-0.00850925000000019,0.0012898650000000029,0.00860645613947624
0.064375,0.084375,0.005,1.5625e-08,0.245174,-0.00962092,0.2526630000000002,-0.010905562500000049,-0.00748900000000019,0.001284642500000049,0.00759838320649921
0.066875,0.084375,0.005,1.5625e-08,0.240571,-0.0317503,0.24754725000000022,-0.03337180000000005,-0.0069762500000002114,0.0016215000000000465,0.007162215181946372
0.069375,0.084375,0.005,1.5625e-08,0.231507,-0.0571992,0.23778200000000022,-0.05866057500000004,-0.006275000000000225,0.0014613750000000425,0.006442921844212294
0.071875,0.084375,0.005,1.5625e-08,0.217371,-0.0859425,0.2227815000000003,-0.08739982499999985,-0.00541050000000029,0.0014573249999998428,0.005603329939029798
0.074375,0.084375,0.005,1.5625e-08,0.197434,-0.11864,0.20190500000000028,-0.12046874999999985,-0.00447100000000028,0.0018287499999998513,0.004830545265547354
0.076875,0.084375,0.005,1.5625e-08,0.17188,-0.156072,0.1744982500000003,-0.1591107499999998,-0.002618250000000294,0.0030387499999998124,0.004011138818964061
0.079375,0.084375,0.005,1.5625e-08,0.138208,-0.203034,0.14003450000000012,-0.205026,-0.0018265000000001197,0.0019920000000000215,0.002702622106399732
0.081875,0.084375,0.005,1.5625e-08,0.0968179,-0.258887,0.09847297500000009,-0.26026625000000003,-0.0016550750000000891,0.001379250000000054,0.00215443816762641
0.084375,0.084375,0.005,1.5625e-08,0.0505423,-0.324159,0.051057850000000043,-0.3264602500000001,-0.0005155500000000451,0.0023012500000001435,0.002358292468079544
0.086875,0.084375,0.005,1.5625e-08,0.00280971,-0.399313,0.0017458377500002837,-0.4023759999999997,0.0010638722499997162,0.003062999999999705,0.003242497982160922
0.089375,0.084375,0.005,1.5625e-08,-0.04024,-0.472757,-0.0411066249999998,-0.4785692499999997,0.0008666249999998016,0.005812249999999741,0.005876503122871768
0.091875,0.084375,0.005,1.5625e-08,-0.0654378,-0.523671,-0.06493319999999993,-0.5296217499999999,-0.0005046000000000772,0.005950749999999894,0.005972105719300255
0.094375,0.084375,0.005,1.5625e-08,-0.0611033,-0.507985,-0.059240749999999946,-0.5108259999999998,-0.001862550000000053,0.0028409999999997604,0.0033971125242621613
0.096875,0.084375,0.005,1.5625e-08,-0.0300647,-0.374084,-0.028829749999999908,-0.3726044999999995,-0.0012349500000000922,-0.001479500000000522,0.001927179740579942
0.099375,0.084375,0.005,1.5625e-08,-0.00242163,-0.0951065,-0.001868241249999971,-0.09151169999999906,-0.0005533887500000292,-0.003594800000000939,0.0036371453296003098
0.001875,0.086875,0.005,1.5625e-08,-0.00966562,0.109696,-0.009494544999999988,0.10746967499999993,-0.00017107500000001184,0.0022263250000000706,0.0022328881882553633
0.004375,0.086875,0.005,1.5625e-08,-0.0375507,0.198198,-0.037756049999999965,0.20039949999999992,0.00020534999999996528,-0.002201499999999912,0.0022110565059490447
0.051875,0.086875,0.005,1.5625e-08,0.295728,0.0584301,0.30079574999999975,0.058713100000000046,-0.00506774999999976,-0.0002830000000000471,0.005075645679369039
0.054375,0.086875,0.005,1.5625e-08,0.306988,0.0474573,0.31414824999999974,0.047500200000000034,-0.007160249999999757,-4.290000000003319e-05,0.00716037851461056
0.079375,0.086875,0.005,1.5625e-08,0.220832,-0.162504,0.22531549999999964,-0.16569500000000026,-0.0044834999999996406,0.003191000000000249,0.005503113050810275
0.081875,0.086875,0.005,1.5625e-08,0.178077,-0.212661,0.18036949999999963,-0.2128480000000003,-0.0022924999999996143,0.00018700000000029804,0.0023001141819480055
0.084375,0.086875,0.005,1.5625e-08,0.125261,-0.272483,0.12621674999999963,-0.2724505000000003,-0.0009557499999996166,-3.24999999996578e-05,0.000956302416863643
0.086875,0.086875,0.005,1.5625e-08,0.0663138,-0.34474,0.06486447499999998,-0.34685399999999994,0.001449325000000029,0.0021139999999999493,0.0025631111867464645
0.089375,0.086875,0.005,1.5625e-08,0.00563778,-0.425805,0.0032741175000000097,-0.4324699999999999,0.0023636624999999905,0.006664999999999921,0.007071713046631994
0.091875,0.086875,0.005,1.5625e-08,-0.043188,-0.501659,-0.04388144999999999,-0.5088102499999999,0.0006934499999999913,0.007151249999999942,0.0071847929312541196
0.094375,0.086875,0.005,1.5625e-08,-0.0593229,-0.521239,-0.05764254999999999,-0.5254289999999998,-0.001680350000000011,0.004189999999999805,0.004514385464545358
0.096875,0.086875,0.005,1.5625e-08,-0.0351174,-0.409851,-0.033129899999999886,-0.4079777499999993,-0.001987500000000114,-0.0018732500000007146,0.0027311575956914555
0.099375,0.086875,0.005,1.5625e-08,-0.00324752,-0.109856,-0.002351300499999961,-0.10473397499999886,-0.000896219500000039,-0.00512202500000114,0.005199841294964395
0.001875,0.089375,0.005,1.5625e-08,-0.0141311,0.13737,-0.015121399999999976,0.1352534999999999,0.0009902999999999752,0.0021165000000001044,0.0023367212799134587
0.004375,0.089375,0.005,1.5625e-08,-0.0556588,0.231661,-0.05430042499999996,0.23380649999999992,-0.0013583750000000436,-0.0021454999999999114,0.0025393607247936904
0.041875,0.089375,0.005,1.5625e-08,0.307899,0.073485,0.31296274999999973,0.07392010000000007,-0.005063749999999756,-0.0004351000000000771,0.005082408491305829
0.044375,0.089375,0.005,1.5625e-08,0.332567,0.06527,0.33651399999999976,0.06659787500000007,-0.003946999999999756,-0.0013278750000000755,0.004164380027762029
0.046875,0.089375,0.005,1.5625e-08,0.351259,0.0573622,0.35797674999999973,0.05917930000000006,-0.006717749999999745,-0.0018171000000000576,0.006959167872130747
0.051875,0.089375,0.005,1.5625e-08,0.386248,0.0440772,0.3940592499999997,0.04348322500000004,-0.007811249999999714,0.000593974999999955,0.007833800665265902
0.054375,0.089375,0.005,1.5625e-08,0.402152,0.035768,0.4083059999999997,0.03493417500000004,-0.006153999999999715,0.0008338249999999617,0.006210231890245438
0.056875,0.089375,0.005,1.5625e-08,0.414249,0.0265172,0.41971249999999966,0.02573792500000003,-0.005463499999999677,0.0007792749999999717,0.005518795319236022
0.059375,0.089375,0.005,1.5625e-08,0.422923,0.0165592,0.42799224999999974,0.015753550000000015,-0.005069249999999748,0.0008056499999999842,0.005132871271033145
0.061875,0.089375,0.005,1.5625e-08,0.427701,0.00523857,0.4328109999999997,0.004826830000000008,-0.005109999999999726,0.00041173999999999204,0.005126561208802368
0.064375,0.089375,0.005,1.5625e-08,0.427964,-0.00720937,0.43377549999999965,-0.007220967500000038,-0.005811499999999636,1.1597500000038244e-05,0.005811511572044061
0.066875,0.089375,0.005,1.5625e-08,0.421963,-0.0212971,0.4304244999999997,-0.020611500000000053,-0.008461499999999733,-0.000685599999999946,0.00848923021304025
0.081875,0.089375,0.005,1.5625e-08,0.273023,-0.162577,0.27857524999999955,-0.16175825000000024,-0.005552249999999537,-0.0008187499999997572,0.00561229290263743
0.084375,0.089375,0.005,1.5625e-08,0.217704,-0.211521,0.22040799999999952,-0.2106665000000003,-0.0027039999999995123,-0.000854499999999675,0.002835804339159669
0.086875,0.089375,0.005,1.5625e-08,0.15234,-0.274776,0.14974049999999992,-0.27679375,0.002599500000000088,0.002017749999999985,0.003290701340520041
0.089375,0.089375,0.005,1.5625e-08,0.0762118,-0.355126,0.0699254,-0.36336599999999997,0.0062863999999999975,0.00823999999999997,0.010364189546703565
0.091875,0.089375,0.005,1.5625e-08,-0.00191325,-0.45156,-0.005791279999999959,-0.46053049999999995,0.0038780299999999586,0.008970499999999937,0.009772869943414706
0.094375,0.089375,0.005,1.5625e-08,-0.0505114,-0.514767,-0.05016302500000009,-0.5213695,-0.0003483749999999078,0.006602500000000067,0.006611684459396547
0.096875,0.089375,0.005,1.5625e-08,-0.0424162,-0.444929,-0.03935392499999988,-0.4436309999999994,-0.003062275000000121,-0.001298000000000632,0.0033260084449122165
0.099375,0.089375,0.005,1.5625e-08,-0.00496422,-0.129342,-0.0032288747499999463,-0.12165844999999867,-0.0017353452500000538,-0.0076835500000013435,0.007877078375845855
0.001875,0.091875,0.005,1.5625e-08,-0.0273175,0.175426,-0.025532124999999954,0.17818674999999984,-0.0017853750000000473,-0.0027607499999998397,0.0032877506677247113
0.014375,0.091875,0.005,1.5625e-08,0.0188167,0.172176,0.017146431749999753,0.1709532500000001,0.0016702682500002453,0.0012227499999998837,0.0020700032824753196
0.016875,0.091875,0.005,1.5625e-08,0.0685563,0.147378,0.0662548499999997,0.14645600000000014,0.002301450000000302,0.0009219999999998674,0.002479265234399326
0.019375,0.091875,0.005,1.5625e-08,0.116433,0.127812,0.11418182499999965,0.12705575000000013,0.002251175000000341,0.0007562499999998751,0.002374805874829845
0.021875,0.091875,0.005,1.5625e-08,0.161786,0.112154,0.15972849999999966,0.11160350000000013,0.0020575000000003507,0.0005504999999998705,0.0021298724140195115
0.024375,0.091875,0.005,1.5625e-08,0.204329,0.0994363,0.2024894999999996,0.09911167500000012,0.0018395000000004103,0.00032462499999988403,0.0018679244204802383
0.026875,0.091875,0.005,1.5625e-08,0.243997,0.0888962,0.2424182499999996,0.0888172500000001,0.0015787500000003785,7.894999999989716e-05,0.0015807228299107908
0.029375,0.091875,0.005,1.5625e-08,0.280734,0.0797154,0.2796132499999996,0.0801489750000001,0.0011207500000003923,-0.00043357500000008875,0.0012016937393221105
0.031875,0.091875,0.005,1.5625e-08,0.315003,0.0713443,0.31421874999999966,0.0726794000000001,0.0007842500000003194,-0.0013351000000001029,0.0015483991967515276
0.034375,0.091875,0.005,1.5625e-08,0.346908,0.0645906,0.3463757499999996,0.06608402500000009,0.0005322500000004005,-0.0014934250000000898,0.0015854363100186947
0.036875,0.091875,0.005,1.5625e-08,0.376496,0.0587123,0.3762004999999996,0.060110675000000086,0.00029550000000039267,-0.0013983750000000836,0.0014292560619516244
0.039375,0.091875,0.005,1.5625e-08,0.403416,0.0544624,0.4037744999999996,0.05455817500000007,-0.00035849999999959525,-9.577500000006872e-05,0.0003710729047299506
0.041875,0.091875,0.005,1.5625e-08,0.425552,0.0481441,0.42914024999999967,0.04926107500000007,-0.003588249999999682,-0.0011169750000000686,0.0037580807885306128
0.044375,0.091875,0.005,1.5625e-08,0.447377,0.0435847,0.45230074999999964,0.044079350000000066,-0.004923749999999616,-0.0004946500000000686,0.004948534397677386
0.046875,0.091875,0.005,1.5625e-08,0.467849,0.0384766,0.4732189999999996,0.03889100000000005,-0.005369999999999597,-0.00041440000000005084,0.0053859657778336945
0.049375,0.091875,0.005,1.5625e-08,0.485901,0.0336487,0.49181799999999964,0.033586900000000044,-0.005916999999999617,6.179999999995217e-05,0.005917322725692378
0.051875,0.091875,0.005,1.5625e-08,0.500897,0.0279216,0.5079807499999996,0.02806667500000004,-0.007083749999999611,-0.00014507500000003962,0.007085235410211823
0.054375,0.091875,0.005,1.5625e-08,0.513903,0.0224799,0.5215502499999997,0.022235300000000034,-0.007647249999999661,0.00024459999999996637,0.007651160808824685
0.056875,0.091875,0.005,1.5625e-08,0.524634,0.0164259,0.5323277499999997,0.015999950000000027,-0.007693749999999611,0.00042594999999997357,0.007705531939132689
0.059375,0.091875,0.005,1.5625e-08,0.532579,0.00983403,0.5400697499999996,0.009265955000000018,-0.007490749999999546,0.0005680749999999821,0.007512259631303898
0.061875,0.091875,0.005,1.5625e-08,0.537196,0.00251966,0.5444864999999997,0.0019315062500000074,-0.0072904999999996445,0.0005881537499999926,0.007314185879756807
0.064375,0.091875,0.005,1.5625e-08,0.538084,-0.00532339,0.5452309999999997,-0.006120417500000027,-0.007146999999999681,0.0007970275000000271,0.007191304599010651
0.066875,0.091875,0.005,1.5625e-08,0.535257,-0.0137605,0.5418914999999996,-0.015035500000000042,-0.0066344999999996546,0.0012750000000000417,0.006755902252844954
0.069375,0.091875,0.005,1.5625e-08,0.528353,-0.0240421,0.5339719999999997,-0.025010725000000057,-0.0056189999999997076,0.0009686250000000562,0.0057018764797759185
0.071875,0.091875,0.005,1.5625e-08,0.516235,-0.0354965,0.5208612499999996,-0.03633377500000001,-0.00462624999999961,0.0008372750000000123,0.004701406011835333
0.074375,0.091875,0.005,1.5625e-08,0.498122,-0.0488919,0.5017852499999997,-0.04945292500000002,-0.0036632499999997292,0.0005610250000000205,0.0037059613615259184
0.076875,0.091875,0.005,1.5625e-08,0.473046,-0.0649645,0.4757197499999998,-0.06510317500000004,-0.0026737499999997527,0.0001386750000000464,0.0026773437990149284
0.079375,0.091875,0.005,1.5625e-08,0.440293,-0.085815,0.44126099999999957,-0.08453437500000019,-0.0009679999999995803,-0.0012806249999998132,0.001605311306452337
0.081875,0.091875,0.005,1.5625e-08,0.395031,-0.11288,0.3964304999999995,-0.10991800000000021,-0.0013994999999994984,-0.0029619999999997842,0.0032759798915740187
0.084375,0.091875,0.005,1.5625e-08,0.33358,-0.148979,0.3384874999999995,-0.14501725000000032,-0.0049074999999995095,-0.003961749999999681,0.006307061067763072
0.091875,0.091875,0.005,1.5625e-08,0.0715535,-0.364199,0.06521490000000003,-0.37583449999999996,0.006338599999999972,0.011635499999999965,0.013250007932450411
0.094375,0.091875,0.005,1.5625e-08,-0.022714,-0.473383,-0.025379500000000298,-0.48254250000000043,0.002665500000000296,0.009159500000000431,0.009539461751063814
0.096875,0.091875,0.005,1.5625e-08,-0.0512758,-0.471843,-0.04746889999999991,-0.4742194999999995,-0.003806900000000092,0.002376499999999504,0.004487787858176715
0.099375,0.091875,0.005,1.5625e-08,-0.0092428,-0.158568,-0.005101352499999914,-0.14555109999999843,-0.004141447500000087,-0.013016900000001552,0.013659841617138076
0.001875,0.094375,0.005,1.5625e-08,-0.0534555,0.239628,-0.04665402500000008,0.24426300000000017,-0.006801474999999925,-0.004635000000000167,0.008230631031435289
0.006875,0.094375,0.005,1.5625e-08,-0.0425929,0.238434,-0.05216189999999975,0.24059799999999984,0.009568999999999744,-0.0021639999999998327,0.009810639989317435
0.009375,0.094375,0.005,1.5625e-08,0.0239785,0.185064,0.01794976750000042,0.1843442499999998,0.006028732499999578,0.0007197500000002133,0.006071544747348196
0.011875,0.094375,0.005,1.5625e-08,0.0959398,0.14396,0.09267720000000051,0.14234799999999978,0.003262599999999491,0.0016120000000002244,0.003639107412539152
0.014375,0.094375,0.005,1.5625e-08,0.163995,0.113843,0.1620580000000006,0.1128522499999998,0.0019369999999994114,0.0009907500000001929,0.0021756733584107017
0.016875,0.094375,0.005,1.5625e-08,0.225008,0.0927282,0.22391750000000057,0.09204574999999984,0.0010904999999994391,0.0006824500000001538,0.0012864401472664738
0.019375,0.094375,0.005,1.5625e-08,0.279404,0.0774696,0.2785942500000006,0.07701397499999986,0.0008097499999993873,0.00045562500000013995,0.0009291335765777358
0.021875,0.094375,0.005,1.5625e-08,0.327766,0.0660587,0.32705075000000056,0.06582747499999987,0.0007152499999994455,0.00023122500000012647,0.0007516964567724563
0.024375,0.094375,0.005,1.5625e-08,0.371019,0.0572026,0.3702682500000005,0.057243099999999894,0.0007507499999994671,-4.049999999989479e-05,0.0007518416139714476
0.026875,0.094375,0.005,1.5625e-08,0.410281,0.0501807,0.4090817500000005,0.0504532249999999,0.0011992499999994854,-0.00027252499999989854,0.001229825368954353
0.029375,0.094375,0.005,1.5625e-08,0.445405,0.0455916,0.4441557500000005,0.04492154999999991,0.00124924999999948,0.0006700500000000956,0.0014176009893474358
0.031875,0.094375,0.005,1.5625e-08,0.474115,0.0395769,0.47600475000000053,0.040281724999999914,-0.001889750000000523,-0.0007048249999999159,0.0020169118332556972
0.034375,0.094375,0.005,1.5625e-08,0.501991,0.0352275,0.5050170000000005,0.03627509999999992,-0.0030260000000005283,-0.0010475999999999194,0.0032022088876278868
0.036875,0.094375,0.005,1.5625e-08,0.526999,0.0310077,0.5314780000000005,0.03271292499999993,-0.004479000000000455,-0.0017052249999999283,0.004792622799744294
0.039375,0.094375,0.005,1.5625e-08,0.547018,0.0257491,0.5555900000000005,0.029452149999999934,-0.008572000000000468,-0.0037030499999999335,0.009337652986832801
0.081875,0.094375,0.005,1.5625e-08,0.532989,-0.0602933,0.5385062500000003,-0.061507724999999916,-0.005517250000000251,0.0012144249999999149,0.005649325237860497
0.084375,0.094375,0.005,1.5625e-08,0.485381,-0.0805114,0.48693125000000026,-0.0817430999999999,-0.0015502500000002528,0.001231699999999905,0.0019799898869692616
0.086875,0.094375,0.005,1.5625e-08,0.41724,-0.11421,0.4181100000000007,-0.11296852499999965,-0.0008700000000007035,-0.0012414750000003527,0.0015159683953259381
0.089375,0.094375,0.005,1.5625e-08,0.320729,-0.168826,0.3246495000000008,-0.16441249999999952,-0.003920500000000826,-0.0044135000000004865,0.0059033297807263635
0.094375,0.094375,0.005,1.5625e-08,0.0520993,-0.373688,0.05089507499999994,-0.381607,0.0012042250000000587,0.007918999999999954,0.00801003862978353
0.096875,0.094375,0.005,1.5625e-08,-0.0492643,-0.466129,-0.049008800000000054,-0.4773324999999999,-0.00025549999999994327,0.011203499999999866,0.011206413007737889
0.099375,0.094375,0.005,1.5625e-08,-0.0198003,-0.209647,-0.010327584999999879,-0.18479484999999835,-0.009472715000000121,-0.024852150000001655,0.02659627209015973
0.001875,0.096875,0.005,1.5625e-08,-0.0687244,0.305432,-0.076675875,0.31749275000000005,0.007951475,-0.012060750000000064,0.014446025240118008
0.004375,0.096875,0.005,1.5625e-08,0.0228293,0.226626,0.008557275000000726,0.23138174999999958,0.014272024999999274,-0.004755749999999587,0.015043532020875295
0.006875,0.096875,0.005,1.5625e-08,0.160673,0.143004,0.15720067500000104,0.13971499999999962,0.0034723249999989714,0.003289000000000375,0.004782735818087836
0.009375,0.096875,0.005,1.5625e-08,0.27835,0.0920016,0.2791277500000011,0.0895664749999997,-0.0007777500000011317,0.0024351250000003016,0.0025563115671076225
0.011875,0.096875,0.005,1.5625e-08,0.369454,0.0633872,0.3710940000000011,0.062037749999999774,-0.001640000000001085,0.001349450000000231,0.002123820920535482
0.014375,0.096875,0.005,1.5625e-08,0.440149,0.0462992,0.441460750000001,0.04585809999999982,-0.0013117500000009996,0.00044110000000018024,0.0013839282035216934
0.016875,0.096875,0.005,1.5625e-08,0.495986,0.0355833,0.497029250000001,0.03567684999999986,-0.0010432500000009948,-9.354999999985902e-05,0.0010474359956589468
0.019375,0.096875,0.005,1.5625e-08,0.541484,0.0285665,0.5423035000000008,0.028876174999999886,-0.0008195000000008612,-0.00030967499999988435,0.0008760587055821887
0.021875,0.096875,0.005,1.5625e-08,0.579533,0.0236551,0.5801897500000008,0.0240931749999999,-0.0006567500000008719,-0.00043807499999990243,0.000789449344876579
0.024375,0.096875,0.005,1.5625e-08,0.611947,0.0198775,0.6125915000000008,0.020573974999999915,-0.000644500000000825,-0.0006964749999999152,0.0009489244836265662
0.026875,0.096875,0.005,1.5625e-08,0.639237,0.0163115,0.6407810000000007,0.017878374999999926,-0.001544000000000656,-0.001566874999999926,0.0021997802766701028
0.029375,0.096875,0.005,1.5625e-08,0.659627,0.0121642,0.6656297500000007,0.015736099999999937,-0.006002750000000723,-0.003571899999999937,0.006985089632388995
0.046875,0.096875,0.005,1.5625e-08,0.773059,0.00881999,0.7796572500000005,0.006694302499999971,-0.006598250000000472,0.0021256875000000286,0.006932203863863396
0.049375,0.096875,0.005,1.5625e-08,0.787285,0.00699163,0.7893207500000005,0.0056126574999999755,-0.002035750000000447,0.001378972500000025,0.0024588296440091447
0.051875,0.096875,0.005,1.5625e-08,0.796782,0.00524838,0.7974012500000005,0.0044957899999999796,-0.0006192500000005152,0.0007525900000000208,0.000974608778228818
0.054375,0.096875,0.005,1.5625e-08,0.803794,0.00368649,0.8038342500000005,0.0033244099999999843,-4.025000000051904e-05,0.0003620800000000159,0.0003643102920589169
0.056875,0.096875,0.005,1.5625e-08,0.808809,0.00222716,0.8085267500000004,0.0020806399999999895,0.0002822499999995953,0.00014652000000001065,0.00031801442247133177
0.059375,0.096875,0.005,1.5625e-08,0.81186,0.000802944,0.8113600000000004,0.0007470652499999949,0.0004999999999996119,5.587875000000512e-05,0.0005031127455165243
0.061875,0.096875,0.005,1.5625e-08,0.812872,-0.000653313,0.8121882500000004,-0.0006944542499999994,0.0006837499999996499,4.11412499999994e-05,0.0006849866166218751
0.064375,0.096875,0.005,1.5625e-08,0.811716,-0.00222216,0.8108367500000003,-0.0022645949999999973,0.000879249999999665,4.243499999999735e-05,0.0008802734187310274
0.066875,0.096875,0.005,1.5625e-08,0.808183,-0.00396416,0.8070955000000004,-0.003989512499999992,0.001087499999999575,2.535249999999125e-05,0.0010877954767580737
0.069375,0.096875,0.005,1.5625e-08,0.801936,-0.00599229,0.8007085000000005,-0.005905862499999984,0.0012274999999994929,-8.642750000001625e-05,0.0012305388911997084
0.071875,0.096875,0.005,1.5625e-08,0.79257,-0.00836702,0.7913537500000005,-0.008069557499999963,0.0012162499999994747,-0.00029746250000003624,0.0012520974408587351
0.074375,0.096875,0.005,1.5625e-08,0.779074,-0.0115499,0.7786057500000005,-0.010571627499999951,0.0004682499999995038,-0.0009782725000000488,0.0010845621912808324
0.076875,0.096875,0.005,1.5625e-08,0.758971,-0.0167563,0.7618687500000005,-0.01356804999999994,-0.0028977500000005874,-0.003188250000000059,0.004308351555410002
0.086875,0.096875,0.005,1.5625e-08,0.617154,-0.0395517,0.6257190000000008,-0.041730774999999797,-0.008565000000000822,0.0021790749999997944,0.008837850013189756
0.089375,0.096875,0.005,1.5625e-08,0.550388,-0.061076,0.554102250000001,-0.06304497499999967,-0.0037142500000010292,0.0019689749999996717,0.004203869124167801
0.091875,0.096875,0.005,1.5625e-08,0.443645,-0.104811,0.44444725000000124,-0.10540324999999946,-0.0008022500000012256,0.0005922499999994613,0.0009971785823017503
0.094375,0.096875,0.005,1.5625e-08,0.274159,-0.196429,0.26983550000000034,-0.19651174999999974,0.004323499999999647,8.274999999974275e-05,0.004324291827860015
0.096875,0.096875,0.005,1.5625e-08,0.0498842,-0.355322,0.031405824999999936,-0.369917,0.01847837500000006,0.014594999999999969,0.023547067070882232
0.099375,0.096875,0.005,1.5625e-08,-0.0247442,-0.301425,-0.030413949999999766,-0.26297649999999817,0.005669749999999765,-0.03844850000000183,0.03886429231714683
0.001875,0.099375,0.005,1.5625e-08,0.379817,0.125826,0.4018890000000046,0.11787062499999873,-0.022072000000004588,0.007955375000001264,0.023461909031254204
0.004375,0.099375,0.005,1.5625e-08,0.649089,0.0453618,0.6769487500000034,0.027045914999999587,-0.027859750000003403,0.018315885000000413,0.03334122543332698
0.006875,0.099375,0.005,1.5625e-08,0.764587,0.0172933,0.7763942500000024,0.010496072499999832,-0.011807250000002378,0.006797227500000169,0.013624002871744952
0.009375,0.099375,0.005,1.5625e-08,0.820326,0.00776745,0.825664750000002,0.0056189149999999076,-0.005338750000001946,0.002148535000000093,0.005754863526509224
0.011875,0.099375,0.005,1.5625e-08,0.852502,0.00431819,0.8552820000000017,0.003555905999999941,-0.00278000000000167,0.0007622840000000592,0.0028826163283838828
0.014375,0.099375,0.005,1.5625e-08,0.873774,0.0028095,0.8753377500000015,0.002496630249999958,-0.0015637500000014182,0.000312869750000042,0.0015947418421078455
0.016875,0.099375,0.005,1.5625e-08,0.889092,0.00202148,0.8900575000000012,0.0018818062499999686,-0.0009655000000011738,0.00013967375000003136,0.0009755506170575352
0.019375,0.099375,0.005,1.5625e-08,0.900859,0.00156284,0.9014975000000012,0.0014919722499999752,-0.0006385000000012075,7.086775000002482e-05,0.0006424208028944953
0.021875,0.099375,0.005,1.5625e-08,0.910331,0.00126294,0.9107690000000009,0.0012271944999999796,-0.00043800000000093764,3.574550000002034e-05,0.0004394561875444159
0.024375,0.099375,0.005,1.5625e-08,0.918171,0.00104421,0.918517750000001,0.0010369419999999826,-0.0003467500000010615,7.268000000017509e-06,0.00034682616153447303
0.026875,0.099375,0.005,1.5625e-08,0.924785,0.000952006,0.9251430000000007,0.0008935169999999851,-0.0003580000000007466,5.8489000000014964e-05,0.0003627464171036515
0.029375,0.099375,0.005,1.5625e-08,0.930816,0.00138394,0.9309022500000008,0.000780694999999987,-8.62500000008426e-05,0.000603245000000013,0.000609379678464224
0.031875,0.099375,0.005,1.5625e-08,0.936783,0.000925083,0.9359665000000008,0.0006884117499999884,0.0008164999999992206,0.00023667125000001162,0.0008501091286271988
0.034375,0.099375,0.005,1.5625e-08,0.941738,0.00076796,0.9404530000000006,0.0006100824999999898,0.0012849999999993145,0.0001578775000000102,0.0012946622358764048
0.036875,0.099375,0.005,1.5625e-08,0.945865,0.000597199,0.9444407500000006,0.0005411812499999909,0.0014242499999993496,5.601775000000904e-05,0.001425351202621028
0.039375,0.099375,0.005,1.5625e-08,0.949444,0.000516562,0.9479832500000006,0.0004784429999999919,0.0014607499999993445,3.811900000000811e-05,0.0014612472825155521
0.041875,0.099375,0.005,1.5625e-08,0.952407,0.000343114,0.9511152500000005,0.0004194184999999929,0.0012917499999994808,-7.630449999999293e-05,0.00129400171530756
0.044375,0.099375,0.005,1.5625e-08,0.954733,0.000200479,0.9538562500000005,0.00036219227499999386,0.0008767499999995376,-0.00016171327499999387,0.0008915389760467082
0.046875,0.099375,0.005,1.5625e-08,0.955923,-0.00018376,0.9562137500000004,0.00030521632499999477,-0.00029075000000045037,-0.0004889763249999947,0.0005688878702440071
0.049375,0.099375,0.005,1.5625e-08,0.957609,0.00020301,0.9581867500000005,0.00024720087499999574,-0.0005777500000004876,-4.419087499999574e-05,0.0005794375686248076
0.051875,0.099375,0.005,1.5625e-08,0.959545,0.000213923,0.9597645000000005,0.00018704382499999678,-0.0002195000000004832,2.687917500000323e-05,0.00022113963925287776
0.054375,0.099375,0.005,1.5625e-08,0.960964,0.000123606,0.9609307500000004,0.00012377602499999776,3.3249999999651614e-05,-1.700249999977521e-07,3.3250434711105005e-05
0.056875,0.099375,0.005,1.5625e-08,0.96179,2.66537e-05,0.9616622500000005,5.6513457499998876e-05,0.00012774999999953796,-2.9859757499998877e-05,0.0001311932453209413
0.059375,0.099375,0.005,1.5625e-08,0.962054,-6.41085e-05,0.9619297500000004,-1.5591007499999943e-05,0.00012424999999960384,-4.8517492500000055e-05,0.00013338669190885992
0.061875,0.099375,0.005,1.5625e-08,0.961768,-0.000153626,0.9616982500000004,-9.342077499999868e-05,6.974999999953546e-05,-6.020522500000132e-05,9.213973961997061e-05
0.064375,0.099375,0.005,1.5625e-08,0.960913,-0.000249534,0.9609257500000004,-0.00017799534999999754,-1.2750000000338879e-05,-7.153865000000245e-05,7.266595450299605e-05
0.066875,0.099375,0.005,1.5625e-08,0.959435,-0.000358177,0.9595622500000004,-0.00027064807499999603,-0.00012725000000035624,-8.752892500000397e-05,0.00015444699806647905
0.069375,0.099375,0.005,1.5625e-08,0.957238,-0.000486788,0.9575492500000005,-0.00037331549999999436,-0.00031125000000042924,-0.00011347250000000563,0.00033128925541966867
0.071875,0.099375,0.005,1.5625e-08,0.954215,-0.000628908,0.9548087500000004,-0.0004890494999999918,-0.0005937500000003926,-0.00013985850000000817,0.0006099995594446921
0.074375,0.099375,0.005,1.5625e-08,0.950278,-0.000727902,0.9512390000000005,-0.0006229279999999897,-0.0009610000000005448,-0.00010497400000001027,0.0009667163703367442
0.076875,0.099375,0.005,1.5625e-08,0.945665,-0.000390774,0.9466932500000005,-0.0007837777499999869,-0.001028250000000508,0.00039300374999998687,0.0011007951716895822
0.079375,0.099375,0.005,1.5625e-08,0.940521,-0.00114444,0.9409475000000006,-0.0009875492499999846,-0.00042650000000055144,-0.00015689075000001546,0.00045444136853508145
0.081875,0.099375,0.005,1.5625e-08,0.932947,-0.001678,0.9336320000000007,-0.0012644822499999805,-0.0006850000000007128,-0.0004135177500000195,0.0008001386939562761
0.084375,0.099375,0.005,1.5625e-08,0.92276,-0.00240491,0.9240957500000009,-0.0016755027499999742,-0.001335750000000857,-0.000729407250000026,0.0015219273960524167
0.086875,0.099375,0.005,1.5625e-08,0.907274,-0.00321714,0.9110980000000011,-0.0023535484999999594,-0.0038240000000010488,-0.0008635915000000404,0.0039203018096672535
0.089375,0.099375,0.005,1.5625e-08,0.887086,-0.00439677,0.8920475000000012,-0.0036223509999999365,-0.004961500000001173,-0.0007744190000000639,0.005021574159322228
0.091875,0.099375,0.005,1.5625e-08,0.854086,-0.00804537,0.8608552500000015,-0.006411062499999885,-0.006769250000001503,-0.0016343075000001149,0.0069637422817819
0.094375,0.099375,0.005,1.5625e-08,0.788177,-0.0203877,0.8004175000000018,-0.014273844999999811,-0.012240500000001764,-0.0061138550000001905,0.013682436303928862
0.096875,0.099375,0.005,1.5625e-08,0.608262,-0.0702096,0.6463250000000027,-0.050546474999999494,-0.038063000000002734,-0.019663125000000503,0.04284192402035479
0.099375,0.099375,0.005,1.5625e-08,0.314639,-0.152349,0.19948350000000287,-0.22497749999999814,0.11515549999999714,0.07262849999999813,0.13614583428257754
