x,y,z,V,Ux,Uy,Ux_M160_interp,Uy_M160_interp,dUx,dUy,dU_mag_star
0.00125,0.00125,0.005,6.25e-08,6.67866e-05,-6.67312e-05,2.1433875000000003e-05,-2.1497624999999997e-05,4.535272499999999e-05,-4.5233575e-05,6.405424242160896e-05
0.00375,0.00125,0.005,6.25e-08,0.000163328,-5.60101e-05,8.053915e-05,-1.2283925000000003e-05,8.278884999999999e-05,-4.3726175e-05,9.362677002040134e-05
0.00625,0.00125,0.005,6.25e-08,0.000141289,1.67454e-06,3.354417499999998e-05,2.7194130000000007e-05,0.00010774482500000003,-2.5519590000000005e-05,0.00011072577291691727
0.00875,0.00125,0.005,6.25e-08,-5.14054e-05,6.42939e-05,-0.00017141392500000008,7.024702500000002e-05,0.00012000852500000008,-5.953125000000018e-06,0.00012015608919210573
0.01125,0.00125,0.005,6.25e-08,-0.000410579,0.000118972,-0.00053122425,0.00010838732499999999,0.00012064525000000004,1.0584675000000006e-05,0.00012110867719704535
0.01375,0.00125,0.005,6.25e-08,-0.000909489,0.000161908,-0.0010233535,0.000139214575,0.00011386450000000004,2.269342499999999e-05,0.0001161039013060312
0.01625,0.00125,0.005,6.25e-08,-0.00151785,0.000193359,-0.001619995,0.00016253447499999999,0.00010214499999999988,3.0824525000000005e-05,0.00010669466887560785
0.01875,0.00125,0.005,6.25e-08,-0.0022065,0.00021498,-0.00229374,0.000178965475,8.723999999999971e-05,3.6014525e-05,9.438147917348814e-05
0.02125,0.00125,0.005,6.25e-08,-0.0029495,0.000228582,-0.0030196575000000004,0.00018934935000000002,7.015750000000055e-05,3.923264999999997e-05,8.038206038832655e-05
0.02375,0.00125,0.005,6.25e-08,-0.00372445,0.00023568,-0.0037757374999999997,0.00019447267500000002,5.128749999999986e-05,4.1207324999999976e-05,6.579096662844838e-05
0.02625,0.00125,0.005,6.25e-08,-0.00451193,0.000237351,-0.0045425349999999995,0.00019494755,3.060499999999952e-05,4.240345000000001e-05,5.2294536969959604e-05
0.02875,0.00125,0.005,6.25e-08,-0.0052946,0.000234241,-0.005302495000000001,0.000191174475,7.895000000000818e-06,4.3066524999999987e-05,4.378420492113151e-05
0.03125,0.00125,0.005,6.25e-08,-0.0060563,0.000226616,-0.006039207499999999,0.000183360625,-1.7092500000000406e-05,4.3255374999999984e-05,4.651000991873295e-05
0.03375,0.00125,0.005,6.25e-08,-0.00678135,0.00021446,-0.006736809999999999,0.000171564525,-4.45400000000009e-05,4.2895475000000015e-05,6.183715206472324e-05
0.03625,0.00125,0.005,6.25e-08,-0.00745397,0.000197584,-0.0073795350000000004,0.000155763375,-7.443499999999943e-05,4.1820625e-05,8.537876726909648e-05
0.03875,0.00125,0.005,6.25e-08,-0.0080581,0.000175735,-0.007951567500000001,0.00013592204999999998,-0.0001065324999999992,3.981295000000002e-05,0.00011372882019942143
0.04125,0.00125,0.005,6.25e-08,-0.00857742,0.00014871,-0.008437145,0.00011206525000000001,-0.00014027500000000047,3.6644749999999995e-05,0.0001449824586891898
0.04375,0.00125,0.005,6.25e-08,-0.0089957,0.000116453,-0.0088209,8.434259999999999e-05,-0.000174800000000001,3.211040000000002e-05,0.00017772483728550816
0.04625,0.00125,0.005,6.25e-08,-0.00929739,7.91491e-05,-0.0090885475,5.308415e-05,-0.00020884250000000049,2.6064950000000005e-05,0.0002104627554337173
0.04875,0.00125,0.005,6.25e-08,-0.00946842,3.72916e-05,-0.0092274275,1.8839235e-05,-0.00024099250000000037,1.8452365e-05,0.0002416978999295265
0.05125,0.00125,0.005,6.25e-08,-0.00949715,-8.26476e-06,-0.0092276825,-1.7600045e-05,-0.00026946749999999867,9.335285000000001e-06,0.0002696291547705487
0.05375,0.00125,0.005,6.25e-08,-0.00937539,-5.62943e-05,-0.009083005,-5.5197599999999995e-05,-0.0002923850000000009,-1.096700000000006e-06,0.0002923870567858477
0.05625,0.00125,0.005,6.25e-08,-0.00909944,-0.000105189,-0.008791519999999999,-9.269465e-05,-0.00030792000000000146,-1.2494350000000003e-05,0.000308173384934396
0.05875,0.00125,0.005,6.25e-08,-0.00867102,-0.000153021,-0.008356625,-0.00012865462499999996,-0.0003143950000000003,-2.436637500000005e-05,0.00031533781291757706
0.06125,0.00125,0.005,6.25e-08,-0.00809793,-0.000197631,-0.00778748,-0.000161532325,-0.00031044999999999944,-3.609867500000002e-05,0.0003125417041560298
0.06375,0.00125,0.005,6.25e-08,-0.00739451,-0.000236739,-0.007099217499999998,-0.00018976282500000007,-0.0002952925000000023,-4.697617499999993e-05,0.0002990057216407104
0.06625,0.00125,0.005,6.25e-08,-0.00658168,-0.000268107,-0.006312854999999997,-0.00021186275000000004,-0.0002688250000000029,-5.6244249999999976e-05,0.00027464576509217116
0.06875,0.00125,0.005,6.25e-08,-0.00568646,-0.000289699,-0.005454742499999997,-0.00022654150000000003,-0.00023171750000000255,-6.315749999999995e-05,0.00024017050112888795
0.07125,0.00125,0.005,6.25e-08,-0.00474112,-0.00029986,-0.0045555950000000026,-0.00023280525000000002,-0.00018552499999999715,-6.705474999999997e-05,0.00019727104481540475
0.07375,0.00125,0.005,6.25e-08,-0.00378181,-0.000297462,-0.0036491900000000027,-0.00023005075000000002,-0.00013261999999999736,-6.741125e-05,0.00014876942235070282
0.07625,0.00125,0.005,6.25e-08,-0.00284686,-0.000282025,-0.0027707325000000025,-0.00021813175000000005,-7.612749999999762e-05,-6.389324999999993e-05,9.938683842346595e-05
0.07875,0.00125,0.005,6.25e-08,-0.0019747,-0.000253789,-0.0019549899999999976,-0.00019740259999999994,-1.971000000000221e-05,-5.638640000000004e-05,5.9731986447464574e-05
0.08125,0.00125,0.005,6.25e-08,-0.0012017,-0.000213727,-0.0012343367499999982,-0.0001687312749999999,3.2636749999998254e-05,-4.49957250000001e-05,5.558572405607415e-05
0.08375,0.00125,0.005,6.25e-08,-0.000559889,-0.000163553,-0.0006367579999999986,-0.0001335011499999999,7.686899999999851e-05,-3.0051850000000114e-05,8.253457971918363e-05
0.08625,0.00125,0.005,6.25e-08,-7.45619e-05,-0.000105805,-0.00018379172500000102,-9.362807500000011e-05,0.00010922982500000102,-1.2176924999999882e-05,0.000109906470109755
0.08875,0.00125,0.005,6.25e-08,0.000237903,-4.41116e-05,0.0001117404499999994,-5.166372500000012e-05,0.0001261625500000006,7.552125000000122e-06,0.00012638838401735452
0.09125,0.00125,0.005,6.25e-08,0.000373569,1.64729e-05,0.00024875899999999987,-1.1130930000000106e-05,0.0001248100000000001,2.7603830000000105e-05,0.00012782608313904065
0.09375,0.00125,0.005,6.25e-08,0.000346411,6.67486e-05,0.00024304374999999998,2.2527e-05,0.00010336724999999999,4.422160000000001e-05,0.00011242925899925916
0.09625,0.00125,0.005,6.25e-08,0.000205727,9.03414e-05,0.00013745022499999965,3.939157500000001e-05,6.827677500000035e-05,5.0949824999999986e-05,8.519156455853653e-05
0.09875,0.00125,0.005,6.25e-08,5.814e-05,5.80165e-05,2.0790487499999783e-05,2.081056499999988e-05,3.734951250000022e-05,3.720593500000012e-05,5.271876025867743e-05
0.00125,0.00375,0.005,6.25e-08,5.83333e-05,-0.000165559,1.2587215000000001e-05,-8.0921425e-05,4.5746085e-05,-8.463757499999999e-05,9.620926875674634e-05
0.00375,0.00375,0.005,6.25e-08,4.16798e-05,-3.94709e-05,-4.241027499999997e-05,4.2380457499999965e-05,8.409007499999996e-05,-8.185135749999997e-05,0.00011734898993216099
0.00625,0.00375,0.005,6.25e-08,-0.00029403,0.000249948,-0.00038487100000000006,0.0003348065,9.084100000000009e-05,-8.48585e-05,0.00012431030650452928
0.00875,0.00375,0.005,6.25e-08,-0.00100994,0.000564667,-0.0011014935,0.0006597395000000001,9.155350000000003e-05,-9.507250000000004e-05,0.00013198796770349944
0.01125,0.00375,0.005,6.25e-08,-0.00209779,0.000850715,-0.0021920125000000003,0.000957097,9.422250000000031e-05,-0.00010638199999999992,0.0001421091461878863
0.01375,0.00375,0.005,6.25e-08,-0.00351206,0.00108685,-0.0036124624999999996,0.0012039662499999998,0.0001004024999999996,-0.00011711624999999966,0.00015426236747927973
0.01625,0.00375,0.005,6.25e-08,-0.00519169,0.0012684,-0.005301005,0.0013946625,0.00010931500000000045,-0.00012626249999999999,0.00016700894626112128
0.01875,0.00375,0.005,6.25e-08,-0.00707219,0.00139836,-0.0071917325,0.0015311149999999998,0.0001195425,-0.0001327549999999998,0.0001786457369523548
0.02125,0.00375,0.005,6.25e-08,-0.00909176,0.00148226,-0.009221185,0.0016180899999999995,0.00012942499999999899,-0.00013582999999999954,0.0001876182814253441
0.02375,0.00375,0.005,6.25e-08,-0.0111934,0.00152565,-0.01133075,0.0016606949999999998,0.00013735000000000136,-0.00013504499999999987,0.00019261924754551487
0.02625,0.00375,0.005,6.25e-08,-0.0133251,0.00153302,-0.013466800000000001,0.0016632324999999997,0.00014170000000000155,-0.00013021249999999973,0.00019244268018360784
0.02875,0.00375,0.005,6.25e-08,-0.0154388,0.00150735,-0.015579800000000001,0.0016287049999999998,0.0001410000000000005,-0.00012135499999999986,0.00018603235209231782
0.03125,0.00375,0.005,6.25e-08,-0.0174888,0.00145021,-0.01762295,0.0015588549999999998,0.00013414999999999955,-0.00010864499999999988,0.0001726266448871664
0.03375,0.00375,0.005,6.25e-08,-0.019431,0.00136206,-0.019551149999999996,0.0014544324999999998,0.00012014999999999595,-9.237249999999981e-05,0.0001515542848495185
0.03625,0.00375,0.005,6.25e-08,-0.0212219,0.00124269,-0.02131995,0.0013156624999999997,9.80500000000023e-05,-7.297249999999966e-05,0.00012222433577749727
0.03875,0.00375,0.005,6.25e-08,-0.0228181,0.00109176,-0.022885774999999997,0.00114277875,6.767499999999621e-05,-5.1018749999999936e-05,8.475151017275138e-05
0.04125,0.00375,0.005,6.25e-08,-0.024177,0.000909337,-0.0242058,0.0009365352499999999,2.8799999999998965e-05,-2.7198249999999956e-05,3.961293731929555e-05
0.04375,0.00375,0.005,6.25e-08,-0.0252571,0.00069636,-0.0252394,0.0006987122499999999,-1.7700000000002436e-05,-2.3522499999998215e-06,1.7855617605184802e-05
0.04625,0.00375,0.005,6.25e-08,-0.0260204,0.000455107,-0.025949450000000002,0.000432524,-7.094999999999671e-05,2.258300000000001e-05,7.445733267448904e-05
0.04875,0.00375,0.005,6.25e-08,-0.0264332,0.000189508,-0.026304249999999998,0.00014290509999999998,-0.00012895000000000267,4.660290000000001e-05,0.00013711284691235424
0.05125,0.00375,0.005,6.25e-08,-0.0264693,-9.46455e-05,-0.0262797,-0.00016333749999999998,-0.00018960000000000157,6.869199999999999e-05,0.0002016599882574642
0.05375,0.00375,0.005,6.25e-08,-0.0261114,-0.000389639,-0.02586165,-0.00047753999999999993,-0.00024974999999999997,8.790099999999993e-05,0.0002647671586526546
0.05625,0.00375,0.005,6.25e-08,-0.0253539,-0.000685954,-0.025047725,-0.0007893727499999999,-0.0003061749999999988,0.00010341874999999991,0.0003231695661360484
0.05875,0.00375,0.005,6.25e-08,-0.0242048,-0.000972568,-0.023849275,-0.0010872129999999994,-0.0003555249999999989,0.00011464499999999937,0.000373552542020529
0.06125,0.00375,0.005,6.25e-08,-0.0226867,-0.00123743,-0.022292399999999997,-0.0013586975,-0.0003943000000000037,0.00012126749999999994,0.00041252672223293955
0.06375,0.00375,0.005,6.25e-08,-0.020838,-0.00146811,-0.020418424999999994,-0.0015913950000000004,-0.00041957500000000536,0.00012328500000000054,0.00043731267058022067
0.06625,0.00375,0.005,6.25e-08,-0.0187123,-0.0016526,-0.018283224999999993,-0.0017736300000000004,-0.0004290750000000079,0.00012103000000000049,0.0004458179185777608
0.06875,0.00375,0.005,6.25e-08,-0.0163775,-0.00178016,-0.015956099999999994,-0.0018952900000000002,-0.0004214000000000058,0.00011513000000000018,0.00043684422498186347
0.07125,0.00375,0.005,6.25e-08,-0.0139136,-0.0018422,-0.013517000000000006,-0.0019486399999999997,-0.0003965999999999935,0.00010643999999999975,0.00041063491522274964
0.07375,0.00375,0.005,6.25e-08,-0.0114093,-0.00183307,-0.011053422500000007,-0.0019290750000000001,-0.00035587749999999377,9.600500000000014e-05,0.0003685997219630606
0.07625,0.00375,0.005,6.25e-08,-0.00895777,-0.00175073,-0.008656100000000007,-0.00183561,-0.00030166999999999347,8.488000000000007e-05,0.00031338379552873515
0.07875,0.00375,0.005,6.25e-08,-0.00665221,-0.00159713,-0.0064144299999999935,-0.0016712899999999993,-0.00023778000000000687,7.415999999999933e-05,0.00024907636178490156
0.08125,0.00375,0.005,6.25e-08,-0.00458006,-0.00137856,-0.0044113399999999945,-0.0014433649999999994,-0.00016872000000000588,6.480499999999938e-05,0.00018073772828328317
0.08375,0.00375,0.005,6.25e-08,-0.00281752,-0.00110571,-0.0027180024999999956,-0.001163379749999999,-9.951750000000443e-05,5.766974999999895e-05,0.00011501970644769208
0.08625,0.00375,0.005,6.25e-08,-0.00142358,-0.000794048,-0.001388290000000003,-0.0008474515000000009,-3.528999999999707e-05,5.3403500000000865e-05,6.401029536137047e-05
0.08875,0.00375,0.005,6.25e-08,-0.000433785,-0.000464736,-0.000452761750000002,-0.0005170145000000009,1.8976750000001966e-05,5.227850000000093e-05,5.5616172133765836e-05
0.09125,0.00375,0.005,6.25e-08,0.000146388,-0.000146373,8.866914999999906e-05,-0.00020098050000000078,5.7718850000000946e-05,5.4607500000000795e-05,7.945718785341385e-05
0.09375,0.00375,0.005,6.25e-08,0.000350928,0.00011946,0.00027655000000000003,5.948745e-05,7.4378e-05,5.997255e-05,9.554472061554474e-05
0.09625,0.00375,0.005,6.25e-08,0.000273939,0.000269711,0.00020535724999999958,0.00020224025000000013,6.858175000000043e-05,6.747074999999988e-05,9.620685286727263e-05
0.09875,0.00375,0.005,6.25e-08,9.07479e-05,0.000204619,3.983162499999962e-05,0.00013792882499999944,5.091627500000038e-05,6.669017500000055e-05,8.390498496160024e-05
0.00125,0.00625,0.005,6.25e-08,8.46411e-07,-0.000147278,-2.7997460000000008e-05,-3.275876499999998e-05,2.8843871000000008e-05,-0.00011451923500000003,0.00011809582583330316
0.00375,0.00625,0.005,6.25e-08,-0.000256793,0.000297085,-0.00034757150000000003,0.00039068450000000004,9.077850000000003e-05,-9.359950000000004e-05,0.00013039019312241246
0.00625,0.00625,0.005,6.25e-08,-0.00104949,0.00102366,-0.0011444555000000003,0.0011190347500000003,9.496550000000041e-05,-9.537475000000032e-05,0.0001345911926086274
0.00875,0.00625,0.005,6.25e-08,-0.00238625,0.00179729,-0.002478980000000001,0.0019092825000000006,9.273000000000094e-05,-0.0001119925000000006,0.00014540004455381128
0.01125,0.00625,0.005,6.25e-08,-0.00423694,0.00250885,-0.00433661,0.0026385850000000006,9.967000000000049e-05,-0.00012973500000000061,0.0001636009753179982
0.01375,0.00625,0.005,6.25e-08,-0.00654152,0.00310804,-0.006657400000000001,0.0032521125000000007,0.0001158800000000005,-0.0001440725000000009,0.0001848920216132929
0.01625,0.00625,0.005,6.25e-08,-0.00921892,0.00357789,-0.009358565,0.0037317550000000007,0.000139644999999999,-0.00015386500000000086,0.00020778634278989557
0.01875,0.00625,0.005,6.25e-08,-0.0121809,0.00391934,-0.012349275,0.004077855,0.00016837500000000012,-0.0001585149999999997,0.00023125126129385748
0.02125,0.00625,0.005,6.25e-08,-0.0153402,0.004141,-0.015539025000000003,0.004298722500000001,0.00019882500000000317,-0.00015772250000000137,0.00025378685472508556
0.02375,0.00625,0.005,6.25e-08,-0.0186139,0.00425332,-0.018841675000000002,0.004404715000000001,0.00022777500000000298,-0.00015139500000000122,0.0002734993540211781
0.02625,0.00625,0.005,6.25e-08,-0.0219236,0.0042655,-0.022176175000000003,0.00440513,0.0002525750000000014,-0.00013962999999999996,0.0002886012257856863
0.02875,0.00625,0.005,6.25e-08,-0.0251958,0.00418421,-0.0254662,0.0043068525000000005,0.0002704000000000005,-0.00012264250000000067,0.0002969130222914624
0.03125,0.00625,0.005,6.25e-08,-0.0283597,0.00401343,-0.028638925000000003,0.004114197500000001,0.000279225000000001,-0.00010076750000000047,0.0002968512922007426
0.03375,0.00625,0.005,6.25e-08,-0.031347,0.00375494,-0.031623975,0.0038294975000000005,0.00027697499999999875,-7.455750000000044e-05,0.00028683439722468676
0.03625,0.00625,0.005,6.25e-08,-0.0340904,0.00340937,-0.034352650000000005,0.0034540825000000004,0.00026225000000000553,-4.471250000000031e-05,0.0002660343401823399
0.03875,0.00625,0.005,6.25e-08,-0.0365239,0.00297731,-0.036757975,0.0029895175000000003,0.00023407500000000026,-1.220750000000036e-05,0.0002343931071538797
0.04125,0.00625,0.005,6.25e-08,-0.0385833,0.00246061,-0.038775525000000005,0.0024388400000000003,0.0001922250000000042,2.1769999999999515e-05,0.0001934538278892449
0.04375,0.00625,0.005,6.25e-08,-0.040208,0.0018635,-0.04034485,0.0018077050000000002,0.00013685000000000086,5.579499999999976e-05,0.00014778702421051792
0.04625,0.00625,0.005,6.25e-08,-0.0413426,0.00119362,-0.041411875,0.001105349,6.927500000000059e-05,8.827100000000001e-05,0.00011220871207709357
0.04875,0.00625,0.005,6.25e-08,-0.0419399,0.000462706,-0.04193135,0.00034521750000000005,-8.550000000003e-06,0.00011748849999999996,0.00011779919410696341
0.05125,0.00625,0.005,6.25e-08,-0.0419638,-0.000312903,-0.04187005,-0.00045470225000000006,-9.375000000000355e-05,0.00014179925000000005,0.00016998849902438452
0.05375,0.00625,0.005,6.25e-08,-0.0413922,-0.00111226,-0.041209499999999996,-0.0012719925000000002,-0.00018270000000000092,0.00015973250000000027,0.0002426803691200638
0.05625,0.00625,0.005,6.25e-08,-0.0402199,-0.00191016,-0.039949125,-0.002080305,-0.0002707750000000009,0.00017014500000000024,0.0003197943427423327
0.05875,0.00625,0.005,6.25e-08,-0.0384613,-0.00267798,-0.038108025000000004,-0.00285033,-0.0003532749999999932,0.00017234999999999993,0.00039307473605536535
0.06125,0.00625,0.005,6.25e-08,-0.0361519,-0.00338482,-0.0357266,-0.0035511175000000005,-0.00042530000000000345,0.00016629750000000032,0.0004566562695356903
0.06375,0.00625,0.005,6.25e-08,-0.0333492,-0.0039992,-0.03286699999999999,-0.004151777500000002,-0.000482200000000009,0.00015257750000000243,0.0005057635153965334
0.06625,0.00625,0.005,6.25e-08,-0.0301322,-0.00449094,-0.029612099999999992,-0.004623392500000002,-0.0005201000000000094,0.00013245250000000226,0.0005367007310934656
0.06875,0.00625,0.005,6.25e-08,-0.0265996,-0.00483327,-0.026063574999999988,-0.004941032500000001,-0.0005360250000000129,0.00010776250000000143,0.0005467499949988698
0.07125,0.00625,0.005,6.25e-08,-0.0228672,-0.00500495,-0.02233827500000001,-0.005085715000000001,-0.0005289249999999891,8.076500000000087e-05,0.0005350557362088445
0.07375,0.00625,0.005,6.25e-08,-0.0190625,-0.00499224,-0.01856350000000001,-0.0050461675000000004,-0.000498999999999989,5.3927500000000225e-05,0.0005019055441577022
0.07625,0.00625,0.005,6.25e-08,-0.0153195,-0.00479053,-0.01487127500000001,-0.004820210000000001,-0.0004482249999999896,2.9680000000000678e-05,0.00044920658168040096
0.07875,0.00625,0.005,6.25e-08,-0.011772,-0.0044056,-0.011391474999999991,-0.0044157325,-0.0003805250000000083,1.0132500000000107e-05,0.0003806598786072106
0.08125,0.00625,0.005,6.25e-08,-0.00854527,-0.00385434,-0.008244694999999991,-0.003851264999999999,-0.0003005750000000095,-3.07500000000082e-06,0.0003005907288157865
0.08375,0.00625,0.005,6.25e-08,-0.00574881,-0.0031653,-0.005534317499999994,-0.0031563649999999987,-0.00021449250000000596,-8.935000000001147e-06,0.00021467851960839626
0.08625,0.00625,0.005,6.25e-08,-0.00346743,-0.00237927,-0.0033387275000000055,-0.002372152500000003,-0.0001287024999999946,-7.1174999999971955e-06,0.00012889915559265145
0.08875,0.00625,0.005,6.25e-08,-0.00175295,-0.00155074,-0.001702925000000004,-0.0015527625000000024,-5.002499999999608e-05,2.0225000000023002e-06,5.006586792665855e-05
0.09125,0.00625,0.005,6.25e-08,-0.0006158,-0.000750985,-0.0006297275000000024,-0.0007687967500000023,1.3927500000002397e-05,1.781175000000227e-05,2.2610477533936512e-05
0.09375,0.00625,0.005,6.25e-08,-1.58873e-05,-7.37024e-05,-7.020477500000008e-05,-0.00011403660500000004,5.431747500000008e-05,4.0334205000000045e-05,6.765527461593562e-05
0.09625,0.00625,0.005,6.25e-08,0.000152512,0.000354637,8.6535075e-05,0.0002838760000000006,6.5976925e-05,7.076099999999937e-05,9.674747414509351e-05
0.09875,0.00625,0.005,6.25e-08,7.3389e-05,0.000351103,2.6211124999999758e-05,0.0002505532499999991,4.717787500000024e-05,0.00010054975000000092,0.0001110675655381819
0.00125,0.00875,0.005,6.25e-08,-6.72923e-05,5.17876e-05,-7.58896e-05,0.0001850453500000001,8.597300000000007e-06,-0.0001332577500000001,0.00013353479509982605
0.00375,0.00875,0.005,6.25e-08,-0.000610677,0.00104524,-0.0007147255,0.0011468325000000001,0.00010404849999999998,-0.00010159250000000013,0.0001454205157758011
0.00625,0.00875,0.005,6.25e-08,-0.00192925,0.00238103,-0.002041315000000001,0.002483637500000001,0.00011206500000000104,-0.00010260750000000082,0.00015194361875791427
0.00875,0.00875,0.005,6.25e-08,-0.00394392,0.00375514,-0.004056440000000001,0.003880445000000001,0.00011252000000000137,-0.0001253050000000009,0.00016841049084009147
0.01125,0.00875,0.005,6.25e-08,-0.00658484,0.00501262,-0.006712250000000001,0.005163025000000002,0.0001274100000000014,-0.0001504050000000019,0.00019711664598658565
0.01375,0.00875,0.005,6.25e-08,-0.00977241,0.00607575,-0.009926472500000002,0.006245990000000001,0.00015406250000000142,-0.00017024000000000032,0.00022960163654959115
0.01625,0.00875,0.005,6.25e-08,-0.0134069,0.00691442,-0.0135972,0.0070969475000000025,0.00019030000000000089,-0.00018252750000000238,0.0002636861358817547
0.01875,0.00875,0.005,6.25e-08,-0.0173808,0.00752609,-0.017614475,0.0077126450000000015,0.00023367500000000263,-0.00018655500000000144,0.00029900965477723583
0.02125,0.00875,0.005,6.25e-08,-0.0215876,0.00792136,-0.021867700000000004,0.008103672500000002,0.00028010000000000534,-0.00018231250000000192,0.00033420631001860766
0.02375,0.00875,0.005,6.25e-08,-0.025924,0.00811498,-0.026249875,0.0082851,0.0003258749999999998,-0.0001701199999999993,0.00036760757612568274
0.02625,0.00875,0.005,6.25e-08,-0.0302916,0.00812076,-0.0306586,0.008271205000000002,0.00036700000000000274,-0.00015044500000000252,0.00039663925426639603
0.02875,0.00875,0.005,6.25e-08,-0.034596,0.00794923,-0.034996025,0.008073070000000002,0.0004000249999999983,-0.0001238400000000018,0.0004187557118714909
0.03125,0.00875,0.005,6.25e-08,-0.0387461,0.00760715,-0.039168100000000004,0.007698125000000002,0.0004220000000000057,-9.097500000000182e-05,0.00043169485823322607
0.03375,0.00875,0.005,6.25e-08,-0.0426534,0.00709829,-0.043083525000000004,0.007150967500000002,0.0004301250000000034,-5.267750000000158e-05,0.00043333870659249113
0.03625,0.00875,0.005,6.25e-08,-0.0462311,0.00642495,-0.046653375,0.006435010000000001,0.00042227499999999973,-1.0060000000001838e-05,0.0004223948143917013
0.03875,0.00875,0.005,6.25e-08,-0.0493946,0.00558988,-0.049791800000000004,0.005554460000000001,0.00039720000000000727,3.541999999999955e-05,0.00039877614823357444
0.04125,0.00875,0.005,6.25e-08,-0.0520626,0.00459837,-0.0524166,0.004516377500000002,0.00035400000000000015,8.199249999999835e-05,0.0003633713941083555
0.04375,0.00875,0.005,6.25e-08,-0.0541591,0.00346015,-0.05445175000000001,0.0033326250000000005,0.0002926500000000054,0.00012752499999999943,0.00031922820696956433
0.04625,0.00875,0.005,6.25e-08,-0.0556155,0.00219099,-0.055830000000000005,0.0020213825000000006,0.00021450000000000635,0.0001696074999999993,0.00027345375121993207
0.04875,0.00875,0.005,6.25e-08,-0.0563742,0.000813923,-0.0564959,0.0006082087500000001,0.00012170000000000236,0.00020571424999999994,0.00023901724342202394
0.05125,0.00875,0.005,6.25e-08,-0.0563918,-0.000640124,-0.056409425000000006,-0.0008735260000000002,1.7625000000007218e-05,0.00023340200000000018,0.00023406651667635066
0.05375,0.00875,0.005,6.25e-08,-0.0556429,-0.00213236,-0.055549475000000015,-0.0023828700000000005,-9.342499999998727e-05,0.00025051000000000066,0.0002673639667662753
0.05625,0.00875,0.005,6.25e-08,-0.054123,-0.00361683,-0.053916825,-0.0038722500000000007,-0.00020617499999999594,0.00025542000000000056,0.000328249153883142
0.05875,0.00875,0.005,6.25e-08,-0.0518516,-0.00504186,-0.05153685000000001,-0.005289147499999999,-0.00031474999999998865,0.0002472874999999994,0.00040027324436719795
0.06125,0.00875,0.005,6.25e-08,-0.0488738,-0.0063522,-0.04846085,-0.006578440000000001,-0.0004129500000000022,0.00022624000000000168,0.0004708632923683928
0.06375,0.00875,0.005,6.25e-08,-0.0452615,-0.00749183,-0.04476667499999999,-0.007685320000000004,-0.0004948250000000112,0.0001934900000000045,0.0005313098537812121
0.06625,0.00875,0.005,6.25e-08,-0.0411128,-0.00840727,-0.04055747499999999,-0.008558587500000004,-0.0005553250000000093,0.0001513175000000047,0.0005755717517662431
0.06875,0.00875,0.005,6.25e-08,-0.0365497,-0.00905119,-0.03595939999999999,-0.009154125000000003,-0.0005903000000000089,0.00010293500000000191,0.0005992075635579135
0.07125,0.00875,0.005,6.25e-08,-0.0317149,-0.00938609,-0.03111737500000002,-0.009438342500000002,-0.0005975249999999772,5.2252500000002366e-05,0.0005998053429081997
0.07375,0.00875,0.005,6.25e-08,-0.0267659,-0.00938775,-0.026189325000000013,-0.009391200000000002,-0.0005765749999999854,3.4500000000020625e-06,0.0005765853216350406
0.07625,0.00875,0.005,6.25e-08,-0.0218685,-0.00904818,-0.021339400000000012,-0.009008782500000003,-0.0005290999999999872,-3.939749999999631e-05,0.0005305647679654541
0.07875,0.00875,0.005,6.25e-08,-0.0171888,-0.00837789,-0.016729674999999992,-0.008305129999999999,-0.00045912500000000814,-7.276000000000157e-05,0.0004648545828805044
0.08125,0.00875,0.005,6.25e-08,-0.0128831,-0.00740739,-0.01251122499999999,-0.007313349999999998,-0.00037187500000000935,-9.404000000000183e-05,0.00038358120030184913
0.08375,0.00875,0.005,6.25e-08,-0.00908934,-0.00618806,-0.008814802499999991,-0.0060863199999999975,-0.00027453750000000846,-0.00010174000000000207,0.0002927829682653263
0.08625,0.00875,0.005,6.25e-08,-0.00591596,-0.0047929,-0.0057411100000000085,-0.004697382500000005,-0.00017484999999999116,-9.551749999999522e-05,0.00019923883985369418
0.08875,0.00875,0.005,6.25e-08,-0.00343288,-0.00331787,-0.0033514425000000067,-0.0032418775000000047,-8.143749999999341e-05,-7.599249999999539e-05,0.00011138638364943098
0.09125,0.00875,0.005,6.25e-08,-0.00166193,-0.0018849,-0.0016586675000000042,-0.0018405700000000043,-3.2624999999958035e-06,-4.432999999999564e-05,4.444989095880423e-05
0.09375,0.00875,0.005,6.25e-08,-0.000568169,-0.000646629,-0.0006190860000000002,-0.0006461035000000003,5.091700000000026e-05,-5.254999999997631e-07,5.091971169645431e-05
0.09625,0.00875,0.005,6.25e-08,-5.43185e-05,0.000204927,-0.00012546464999999934,0.00014634885000000135,7.114614999999935e-05,5.857814999999866e-05,9.215841967636353e-05
0.09875,0.00875,0.005,6.25e-08,3.68839e-05,0.000408426,-5.340764999999626e-07,0.00028221174999999916,3.7417976499999965e-05,0.00012621425000000083,0.00013164399670481468
0.00125,0.01125,0.005,6.25e-08,-0.000134806,0.000446512,-0.00012391615,0.00058637425,-1.0889850000000002e-05,-0.00013986225000000007,0.0001402855580880834
0.00375,0.01125,0.005,6.25e-08,-0.000974331,0.00224131,-0.0010935424999999998,0.0023532024999999997,0.00011921149999999977,-0.00011189249999999989,0.0001634971354137433
0.00625,0.01125,0.005,6.25e-08,-0.00284407,0.00435723,-0.0029752600000000004,0.004477385,0.0001311900000000002,-0.00012015500000000026,0.00017789896043822213
0.00875,0.01125,0.005,6.25e-08,-0.00556081,0.00645407,-0.005696992500000001,0.006608185000000001,0.00013618250000000092,-0.00015411500000000068,0.0002056626036284926
0.01125,0.01125,0.005,6.25e-08,-0.00900303,0.00834834,-0.0091647625,0.0085397325,0.00016173249999999924,-0.00019139250000000003,0.000250576316942563
0.01375,0.01125,0.005,6.25e-08,-0.0130653,0.00994388,-0.013266175,0.010165435,0.00020087499999999966,-0.00022155500000000002,0.0002990608360350781
0.01625,0.01125,0.005,6.25e-08,-0.0176274,0.0112014,-0.017877725,0.011442250000000001,0.00025032499999999916,-0.00024085000000000079,0.00034737778876174565
0.01875,0.01125,0.005,6.25e-08,-0.0225638,0.0121163,-0.022871574999999998,0.012364074999999999,0.0003077749999999997,-0.0002477749999999987,0.0003951175790192069
0.02125,0.01125,0.005,6.25e-08,-0.0277515,0.0127011,-0.028120625000000003,0.0129436,0.00036912500000000487,-0.00024249999999999966,0.00044165542635068284
0.02375,0.01125,0.005,6.25e-08,-0.0330713,0.0129745,-0.033501449999999995,0.013200199999999999,0.0004301499999999972,-0.00022569999999999882,0.00048576693228337094
0.02625,0.01125,0.005,6.25e-08,-0.0384088,0.0129546,-0.038895125,0.013152674999999999,0.00048632500000000273,-0.00019807499999999895,0.0005251149505108403
0.02875,0.01125,0.005,6.25e-08,-0.0436533,0.0126557,-0.044186975,0.012816224999999999,0.0005336750000000043,-0.00016052499999999817,0.000557294609026504
0.03125,0.01125,0.005,6.25e-08,-0.0486974,0.0120873,-0.049266025,0.012201575,0.0005686249999999962,-0.00011427499999999875,0.0005799941088062839
0.03375,0.01125,0.005,6.25e-08,-0.0534365,0.0112556,-0.054024174999999994,0.011316075,0.0005876749999999958,-6.0475000000000806e-05,0.0005907784112930966
0.03625,0.01125,0.005,6.25e-08,-0.0577681,0.0101652,-0.058356349999999994,0.01016588,0.0005882499999999916,-6.800000000011658e-07,0.0005882503930300345
0.03875,0.01125,0.005,6.25e-08,-0.0615927,0.00882222,-0.06216115,0.00875909,0.0005684499999999981,6.312999999999978e-05,0.0005719447520521522
0.04125,0.01125,0.005,6.25e-08,-0.0648151,0.00723677,-0.06534214999999999,0.007108307500000001,0.0005270499999999873,0.00012846249999999906,0.0005424797843295512
0.04375,0.01125,0.005,6.25e-08,-0.0673467,0.0054259,-0.067810575,0.0052335725,0.0004638750000000025,0.00019232749999999969,0.0005021651948126754
0.04625,0.01125,0.005,6.25e-08,-0.0691083,0.00341579,-0.06948822499999999,0.0031644075,0.0003799249999999893,0.00025138250000000025,0.00045556137559196345
0.04875,0.01125,0.005,6.25e-08,-0.0700335,0.00124335,-0.070311,0.0009412917500000001,0.00027749999999999997,0.00030205825,0.0004101773231092407
0.05125,0.01125,0.005,6.25e-08,-0.0700727,-0.00104296,-0.070232725,-0.0013837975,0.0001600249999999942,0.00034083750000000004,0.0003765344632716216
0.05375,0.01125,0.005,6.25e-08,-0.0691968,-0.00338323,-0.069229025,-0.0037478025,3.222499999999684e-05,0.0003645724999999998,0.0003659939321645233
0.05625,0.01125,0.005,6.25e-08,-0.0674005,-0.00570722,-0.06730055,-0.006078065,-9.995000000000143e-05,0.00037084499999999986,0.0003840781385668809
0.05875,0.01125,0.005,6.25e-08,-0.0647058,-0.0079365,-0.06447592499999999,-0.008294772499999997,-0.00022987500000000438,0.000358272499999996,0.0004256779297558768
0.06125,0.01125,0.005,6.25e-08,-0.0611639,-0.00998758,-0.060813425,-0.0103144025,-0.00035047500000000287,0.00032682250000000065,0.0004792135976068004
0.06375,0.01125,0.005,6.25e-08,-0.0568562,-0.011776,-0.05640154999999999,-0.012054075000000004,-0.00045465000000001476,0.00027807500000000436,0.0005329468342386657
0.06625,0.01125,0.005,6.25e-08,-0.0518942,-0.0132211,-0.05135814999999999,-0.013436150000000003,-0.0005360500000000101,0.00021505000000000309,0.0005775777912974253
0.06875,0.01125,0.005,6.25e-08,-0.0464172,-0.0142515,-0.04582762499999998,-0.014393625000000002,-0.0005895750000000158,0.00014212500000000163,0.0006064636808993751
0.07125,0.01125,0.005,6.25e-08,-0.0405885,-0.0148102,-0.039976850000000015,-0.014875175000000001,-0.0006116499999999844,6.49750000000001e-05,0.0006150914347680197
0.07375,0.01125,0.005,6.25e-08,-0.03459,-0.01486,-0.033988575000000014,-0.0148497,-0.0006014249999999888,-1.0299999999999546e-05,0.0006015131923948024
0.07625,0.01125,0.005,6.25e-08,-0.0286142,-0.0143882,-0.02805400000000002,-0.014310325000000002,-0.0005601999999999795,-7.787499999999808e-05,0.0005655869125297867
0.07875,0.01125,0.005,6.25e-08,-0.0228551,-0.0134096,-0.022363449999999986,-0.013277399999999998,-0.0004916500000000136,-0.00013220000000000245,0.0005091135064993012
0.08125,0.01125,0.005,6.25e-08,-0.0174979,-0.0119696,-0.017096049999999988,-0.011800199999999997,-0.0004018500000000126,-0.00016940000000000358,0.0004360960702643528
0.08375,0.01125,0.005,6.25e-08,-0.0127078,-0.0101447,-0.012409099999999989,-0.009957942499999994,-0.0002987000000000111,-0.00018675750000000588,0.00035227837544512836
0.08625,0.01125,0.005,6.25e-08,-0.0086187,-0.00804395,-0.00842731500000001,-0.007860567500000006,-0.0001913849999999901,-0.00018338249999999383,0.00026506104868736173
0.08875,0.01125,0.005,6.25e-08,-0.00532253,-0.00580878,-0.005232630000000008,-0.005649312500000006,-8.989999999999172e-05,-0.00015946749999999447,0.0001830625400136433
0.09125,0.01125,0.005,6.25e-08,-0.00285918,-0.00361527,-0.0028552700000000057,-0.0034992025000000057,-3.9099999999941265e-06,-0.00011606749999999418,0.00011613333998576207
0.09375,0.01125,0.005,6.25e-08,-0.00120795,-0.00167642,-0.0012669275,-0.0016236825,5.897749999999994e-05,-5.273750000000014e-05,7.911756702844196e-05
0.09625,0.01125,0.005,6.25e-08,-0.000293686,-0.000247817,-0.0003767414999999984,-0.00028295864999999733,8.305549999999845e-05,3.514164999999733e-05,9.018398774157225e-05
0.09875,0.01125,0.005,6.25e-08,-4.30697e-06,0.000343006,-3.141252499999962e-05,0.0002018414999999998,2.710555499999962e-05,0.00014116450000000016,0.000143743268267102
0.00125,0.01375,0.005,6.25e-08,-0.000198112,0.00103188,-0.00016999015000000001,0.0011687382499999998,-2.8121849999999975e-05,-0.00013685824999999977,0.0001397176404055155
0.00375,0.01375,0.005,6.25e-08,-0.00132836,0.00389002,-0.0014639599999999998,0.00401571,0.00013559999999999983,-0.00012568999999999948,0.00018489276919338903
0.00625,0.01375,0.005,6.25e-08,-0.00374873,0.00696414,-0.0038984725000000007,0.007112775,0.00014974250000000062,-0.00014863500000000026,0.00021098620696920038
0.00875,0.01375,0.005,6.25e-08,-0.00716771,0.00990492,-0.007326667500000001,0.01010215,0.00015895750000000097,-0.00019723000000000136,0.0002533123757463319
0.01125,0.01375,0.005,6.25e-08,-0.0114061,0.0125185,-0.01160225,0.012767,0.0001961499999999991,-0.00024850000000000046,0.00031658659557852394
0.01375,0.01375,0.005,6.25e-08,-0.016328,0.0147021,-0.0165772,0.014992525,0.0002492000000000015,-0.0002904250000000004,0.0003826843616154193
0.01625,0.01375,0.005,6.25e-08,-0.02179,0.0164141,-0.022103275,0.016732175000000002,0.0003132749999999983,-0.000318075000000001,0.00044644476842046154
0.01875,0.01375,0.005,6.25e-08,-0.0276488,0.0176512,-0.02803435,0.017980700000000002,0.0003855499999999984,-0.0003295000000000034,0.0005071676769077471
0.02125,0.01375,0.005,6.25e-08,-0.0337662,0.0184299,-0.03422842500000001,0.018754200000000002,0.0004622250000000036,-0.00032430000000000306,0.0005646436403830342
0.02375,0.01375,0.005,6.25e-08,-0.04001,0.0187732,-0.040548600000000004,0.01907665,0.0005386000000000071,-0.00030345000000000025,0.0006182005034776402
0.02625,0.01375,0.005,6.25e-08,-0.0462526,0.0187035,-0.046862825,0.018971575,0.000610224999999999,-0.00026807499999999956,0.0006665123826681681
0.02875,0.01375,0.005,6.25e-08,-0.052371,0.0182388,-0.053043575,0.018458,0.0006725750000000016,-0.00021919999999999926,0.0007073936461582065
0.03125,0.01375,0.005,6.25e-08,-0.0582451,0.0173915,-0.0589667,0.017549925,0.0007215999999999959,-0.00015842500000000023,0.0007387861941218136
0.03375,0.01375,0.005,6.25e-08,-0.0637577,0.0161703,-0.064511175,0.016257499999999998,0.0007534750000000034,-8.719999999999908e-05,0.0007585040643431023
0.03625,0.01375,0.005,6.25e-08,-0.0687938,0.0145827,-0.06955905,0.0145904,0.0007652499999999951,-7.699999999999374e-06,0.0007652887379937017
0.03875,0.01375,0.005,6.25e-08,-0.0732421,0.0126387,-0.07399644999999999,0.012561150000000002,0.000754349999999987,7.754999999999741e-05,0.0007583257380571887
0.04125,0.01375,0.005,6.25e-08,-0.0769961,0.0103545,-0.077715225,0.010189050000000002,0.000719125000000001,0.00016544999999999928,0.0007379122360585987
0.04375,0.01375,0.005,6.25e-08,-0.0799566,0.00775561,-0.080615675,0.007503695,0.0006590749999999951,0.00025191499999999926,0.0007055785022589572
0.04625,0.01375,0.005,6.25e-08,-0.0820351,0.00488021,-0.082609775,0.00454756,0.0005746749999999967,0.0003326500000000003,0.0006640085678099315
0.04875,0.01375,0.005,6.25e-08,-0.0831569,0.00178085,-0.08362502499999999,0.0013779589999999998,0.0004681249999999859,0.0004028910000000003,0.0006176262409467291
0.05125,0.01375,0.005,6.25e-08,-0.0832656,-0.00147445,-0.08360822500000001,-0.0019323324999999999,0.00034262500000001306,0.0004578824999999999,0.0005718813464620601
0.05375,0.01375,0.005,6.25e-08,-0.0823268,-0.00480242,-0.08252994999999999,-0.0052956950000000004,0.0002031499999999853,0.0004932750000000005,0.0005334699130457072
0.05625,0.01375,0.005,6.25e-08,-0.0803322,-0.00810602,-0.08038775000000001,-0.0086115925,5.555000000000143e-05,0.000505572499999999,0.0005086151347101747
0.05875,0.01375,0.005,6.25e-08,-0.0773024,-0.0112772,-0.077209725,-0.011769824999999996,-9.267499999998652e-05,0.0004926249999999965,0.0005012664423737082
0.06125,0.01375,0.005,6.25e-08,-0.0732905,-0.0142012,-0.07305652500000001,-0.014655175,-0.0002339749999999835,0.0004539749999999988,0.0005107226265302833
0.06375,0.01375,0.005,6.25e-08,-0.0683824,-0.0167617,-0.06802244999999998,-0.017152750000000005,-0.00035995000000001165,0.0003910500000000039,0.0005314923376682032
0.06625,0.01375,0.005,6.25e-08,-0.062698,-0.0188471,-0.06223469999999999,-0.019154925000000003,-0.0004633000000000137,0.0003078250000000046,0.0005562401645198013
0.06875,0.01375,0.005,6.25e-08,-0.0563887,-0.0203583,-0.05585132499999998,-0.02056795,-0.0005373750000000205,0.0002096500000000022,0.0005768232078592391
0.07125,0.01375,0.005,6.25e-08,-0.0496343,-0.0212151,-0.04905657500000002,-0.021319,-0.0005777249999999803,0.00010390000000000052,0.000586993514125137
0.07375,0.01375,0.005,6.25e-08,-0.0426371,-0.0213642,-0.042054950000000015,-0.021362850000000003,-0.0005821499999999827,-1.3499999999971868e-06,0.0005821515653160952
0.07625,0.01375,0.005,6.25e-08,-0.0356138,-0.0207852,-0.03506227500000002,-0.020687425000000006,-0.0005515249999999833,-9.77749999999944e-05,0.0005601247863199596
0.07875,0.01375,0.005,6.25e-08,-0.0287857,-0.019496,-0.02829644999999998,-0.019317999999999995,-0.0004892500000000209,-0.00017800000000000454,0.0005206242046812865
0.08125,0.01375,0.005,6.25e-08,-0.0223673,-0.0175559,-0.021965299999999983,-0.017320049999999993,-0.00040200000000001693,-0.0002358500000000062,0.0004660785582925013
0.08375,0.01375,0.005,6.25e-08,-0.0165535,-0.0150678,-0.016255299999999986,-0.014800499999999992,-0.00029820000000001234,-0.00026730000000000677,0.00040046539176314723
0.08625,0.01375,0.005,6.25e-08,-0.0115073,-0.0121781,-0.011319200000000014,-0.011907850000000008,-0.0001880999999999862,-0.0002702499999999927,0.0003292668712457888
0.08875,0.01375,0.005,6.25e-08,-0.0073485,-0.00907638,-0.00726531000000001,-0.008831910000000009,-8.318999999998994e-05,-0.00024446999999999143,0.0002582366298571799
0.09125,0.01375,0.005,6.25e-08,-0.00414171,-0.00599484,-0.004148262500000007,-0.005804155000000008,6.55250000000749e-06,-0.00019068499999999253,0.00019079754841519125
0.09375,0.01375,0.005,6.25e-08,-0.00188787,-0.00320758,-0.00196297,-0.0030992375,7.510000000000004e-05,-0.00010834249999999972,0.0001318260494221455
0.09625,0.01375,0.005,6.25e-08,-0.000541493,-0.00103161,-0.0006426637499999975,-0.0010391427499999955,0.00010117074999999747,7.532749999995467e-06,0.00010145079091916642
0.09875,0.01375,0.005,6.25e-08,-4.39506e-05,0.000149121,-6.304489999999928e-05,-4.892774999989207e-07,1.909429999999928e-05,0.00014961027749999892,0.00015082382910573732
0.00125,0.01625,0.005,6.25e-08,-0.000256654,0.0017986,-0.00021352699999999998,0.0019242550000000001,-4.312700000000001e-05,-0.00012565500000000012,0.000132849979879562
0.00375,0.01625,0.005,6.25e-08,-0.00166514,0.00598017,-0.0018179874999999998,0.0061228674999999995,0.00015284749999999975,-0.00014269749999999953,0.00020910508067117784
0.00625,0.01625,0.005,6.25e-08,-0.00462043,0.0101923,-0.00478803,0.0103800725,0.0001676000000000004,-0.00018777250000000072,0.0002516908257292077
0.00875,0.01625,0.005,6.25e-08,-0.00872514,0.0140976,-0.008905157500000002,0.01435225,0.00018001750000000254,-0.00025465000000000036,0.0003118540088025984
0.01125,0.01625,0.005,6.25e-08,-0.0137408,0.0175088,-0.013969375000000001,0.01783015,0.0002285750000000017,-0.000321349999999998,0.00039435054599302826
0.01375,0.01625,0.005,6.25e-08,-0.0194986,0.0203287,-0.019794475,0.02070445,0.00029587499999999753,-0.0003757499999999976,0.00047825733462749607
0.01625,0.01625,0.005,6.25e-08,-0.0258303,0.022522,-0.026205575000000002,0.022934275,0.0003752750000000013,-0.00041227500000000014,0.0005574961894488618
0.01875,0.01625,0.005,6.25e-08,-0.0325742,0.0240921,-0.0330376,0.024520575,0.0004634000000000027,-0.0004284749999999976,0.0006311342057161856
0.02125,0.01625,0.005,6.25e-08,-0.0395783,0.0250618,-0.0401344,0.025485925,0.0005561000000000038,-0.0004241250000000009,0.0006993777417283202
0.02375,0.01625,0.005,6.25e-08,-0.0466986,0.0254604,-0.0473475,0.0258603,0.0006489000000000009,-0.0003998999999999982,0.0007622278005950712
0.02625,0.01625,0.005,6.25e-08,-0.0537976,0.0253153,-0.054534625,0.0256722,0.0007370250000000023,-0.00035690000000000027,0.0008188916049301052
0.02875,0.01625,0.005,6.25e-08,-0.0607424,0.0246479,-0.061558325,0.024944775,0.0008159249999999951,-0.00029687499999999853,0.0008682559364899218
0.03125,0.01625,0.005,6.25e-08,-0.0674036,0.023474,-0.06828475,0.023695024999999998,0.0008811500000000111,-0.0002210249999999997,0.0009084477822775614
0.03375,0.01625,0.005,6.25e-08,-0.0736541,0.0218046,-0.074583,0.02193625,0.0009288999999999964,-0.00013165000000000052,0.000938182782031302
0.03625,0.01625,0.005,6.25e-08,-0.0793698,0.0196504,-0.0803252,0.019681425000000002,0.0009553999999999951,-3.1025000000003966e-05,0.0009559036094842361
0.03875,0.01625,0.005,6.25e-08,-0.0844297,0.0170256,-0.08538747499999999,0.016947925,0.000957774999999994,7.767499999999927e-05,0.0009609195368239676
0.04125,0.01625,0.005,6.25e-08,-0.0887179,0.0139528,-0.089651825,0.0137622,0.0009339250000000021,0.0001905999999999991,0.0009531758838876504
0.04375,0.01625,0.005,6.25e-08,-0.0921263,0.0104668,-0.09300884999999999,0.0101638675,0.0008825499999999958,0.0003029325000000003,0.0009330930296900963
0.04625,0.01625,0.005,6.25e-08,-0.094557,0.00661831,-0.09536082500000001,0.006209225,0.000803825000000008,0.000409085,0.0009019341261145477
0.04875,0.01625,0.005,6.25e-08,-0.095927,0.00247641,-0.096626025,0.001973285,0.0006990250000000059,0.0005031250000000001,0.0008612611196669733
0.05125,0.01625,0.005,6.25e-08,-0.0961714,-0.00187032,-0.09674254999999998,-0.00244926,0.0005711499999999786,0.00057894,0.0008132550928829007
0.05375,0.01625,0.005,6.25e-08,-0.0952483,-0.00631397,-0.09567287499999999,-0.0069447625,0.0004245749999999965,0.0006307924999999995,0.0007603703759887325
0.05625,0.01625,0.005,6.25e-08,-0.0931424,-0.0107291,-0.09340784999999999,-0.011382924999999999,0.00026544999999998653,0.0006538249999999985,0.000705656313742739
0.05875,0.01625,0.005,6.25e-08,-0.0898693,-0.014976,-0.089970425,-0.015620949999999995,0.00010112500000000746,0.0006449499999999948,0.0006528298155913185
0.06125,0.01625,0.005,6.25e-08,-0.0854786,-0.0189059,-0.085418625,-0.019508599999999997,-5.9975000000003775e-05,0.0006026999999999977,0.0006056767212176787
0.06375,0.01625,0.005,6.25e-08,-0.080056,-0.0223673,-0.07984719999999998,-0.022895925000000008,-0.00020880000000002286,0.0005286250000000083,0.0005683676896385105
0.06625,0.01625,0.005,6.25e-08,-0.0737245,-0.0252143,-0.07338804999999998,-0.025640850000000007,-0.0003364500000000159,0.00042655000000000817,0.0005432711155583533
0.06875,0.01625,0.005,6.25e-08,-0.0666434,-0.0273151,-0.06620822499999998,-0.027618375000000004,-0.00043517500000002374,0.0003032750000000056,0.0005304271922234229
0.07125,0.01625,0.005,6.25e-08,-0.0590052,-0.0285622,-0.05850657500000002,-0.028729775,-0.0004986249999999817,0.00016757499999999967,0.0005260306751986824
0.07375,0.01625,0.005,6.25e-08,-0.0510303,-0.0288812,-0.050507000000000024,-0.028911150000000004,-0.0005232999999999766,2.995000000000428e-05,0.0005241563626437971
0.07625,0.01625,0.005,6.25e-08,-0.0429591,-0.0282403,-0.04245015000000002,-0.028141425,-0.0005089499999999803,-9.887499999999827e-05,0.0005184653972301137
0.07875,0.01625,0.005,6.25e-08,-0.0350413,-0.0266568,-0.03458252499999998,-0.026447999999999992,-0.0004587750000000154,-0.00020880000000000898,0.000504055493596705
0.08125,0.01625,0.005,6.25e-08,-0.0275232,-0.0242021,-0.027144149999999978,-0.023910899999999992,-0.0003790500000000231,-0.0002912000000000088,0.00047799198999567207
0.08375,0.01625,0.005,6.25e-08,-0.0206343,-0.0210044,-0.020355049999999982,-0.020664374999999992,-0.00027925000000001907,-0.0003400250000000077,0.00043999723081516757
0.08625,0.01625,0.005,6.25e-08,-0.0145725,-0.0172484,-0.014402025000000016,-0.01689635000000001,-0.00017047499999998418,-0.0003520499999999892,0.0003911533307093102
0.08875,0.01625,0.005,6.25e-08,-0.0094918,-0.0131731,-0.009426482500000012,-0.012846950000000011,-6.53174999999881e-05,-0.0003261499999999886,0.00033262621409961215
0.09125,0.01625,0.005,6.25e-08,-0.0054887,-0.00906873,-0.005514372500000009,-0.008805632500000011,2.56725000000093e-05,-0.00026309749999998966,0.0002643470668694757
0.09375,0.01625,0.005,6.25e-08,-0.00259196,-0.0052717,-0.002690175,-0.0051092625000000004,9.821500000000002e-05,-0.0001624374999999994,0.00018982130447146812
0.09625,0.01625,0.005,6.25e-08,-0.000790476,-0.00216038,-0.0009155302499999965,-0.0021404474999999934,0.0001250542499999965,-1.9932500000006525e-05,0.00012663281564946694
0.09875,0.01625,0.005,6.25e-08,-8.08283e-05,-0.000172247,-9.458507499999892e-05,-0.000327043999999997,1.3756774999998918e-05,0.000154796999999997,0.00015540707856272077
0.00125,0.01875,0.005,6.25e-08,-0.000310735,0.00273584,-0.0002543575,0.00284325,-5.637750000000004e-05,-0.00010741000000000006,0.00012130676240939752
0.00375,0.01875,0.005,6.25e-08,-0.00198188,0.00849237,-0.0021520899999999997,0.0086547775,0.00017020999999999963,-0.00016240749999999957,0.0002352607917955088
0.00625,0.01875,0.005,6.25e-08,-0.00544742,0.0140194,-0.005632000000000001,0.014256225,0.00018458000000000103,-0.00023682500000000127,0.0003002596493453641
0.00875,0.01875,0.005,6.25e-08,-0.0102099,0.0190079,-0.010408925000000003,0.019334175000000002,0.0001990250000000037,-0.00032627500000000087,0.0003821862455008056
0.01125,0.01875,0.005,6.25e-08,-0.0159729,0.0232921,-0.016230800000000004,0.023702650000000002,0.0002579000000000019,-0.0004105500000000026,0.00048483369571431715
0.01375,0.01875,0.005,6.25e-08,-0.022534,0.0267928,-0.022873175000000003,0.027271125,0.00033917500000000406,-0.00047832500000000167,0.0005863740156674786
0.01625,0.01875,0.005,6.25e-08,-0.0297001,0.0294898,-0.030133900000000005,0.030014000000000002,0.000433800000000005,-0.0005242000000000024,0.0006804175776683072
0.01875,0.01875,0.005,6.25e-08,-0.0372908,0.0313991,-0.03782905,0.031944925,0.000538250000000004,-0.0005458249999999998,0.0007665754973419147
0.02125,0.01875,0.005,6.25e-08,-0.0451411,0.0325543,-0.04578897500000001,0.033096999999999994,0.0006478750000000061,-0.0005426999999999932,0.000845142180715766
0.02375,0.01875,0.005,6.25e-08,-0.0530972,0.0329927,-0.053855275,0.033508325,0.0007580750000000039,-0.0005156249999999987,0.0009168134195407507
0.02625,0.01875,0.005,6.25e-08,-0.0610133,0.0327477,-0.061877525,0.0332136,0.0008642250000000032,-0.0004659000000000052,0.0009818083624745769
0.02875,0.01875,0.005,6.25e-08,-0.0687494,0.0318453,-0.0697111,0.032240275,0.0009616999999999959,-0.0003949749999999988,0.0010396500087168717
0.03125,0.01875,0.005,6.25e-08,-0.0761692,0.030304,-0.077215125,0.030608575,0.0010459249999999892,-0.0003045749999999979,0.0010893691000987574
0.03375,0.01875,0.005,6.25e-08,-0.0831388,0.0281376,-0.0842516,0.02833445,0.0011127999999999971,-0.00019685000000000188,0.0011300768834464291
0.03625,0.01875,0.005,6.25e-08,-0.0895269,0.0253597,-0.09068525000000001,0.025434175,0.0011583500000000024,-7.447500000000093e-05,0.0011607416801877176
0.03875,0.01875,0.005,6.25e-08,-0.0952052,0.0219887,-0.096384275,0.021929775,0.0011790750000000016,5.892500000000134e-05,0.0011805464883900185
0.04125,0.01875,0.005,6.25e-08,-0.10005,0.0180532,-0.10122205000000001,0.017854425,0.0011720500000000078,0.00019877499999999826,0.0011887862310461952
0.04375,0.01875,0.005,6.25e-08,-0.103945,0.0135972,-0.1050805,0.013257625,0.0011354999999999976,0.00033957499999999995,0.0011851883523832803
0.04625,0.01875,0.005,6.25e-08,-0.106782,0.00868366,-0.10785125000000001,0.00820907,0.0010692500000000077,0.0004745899999999987,0.001169842395624306
0.04875,0.01875,0.005,6.25e-08,-0.10847,0.00339814,-0.109443,0.0028014500000000005,0.0009730000000000016,0.0005966899999999995,0.0011413886087130898
0.05125,0.01875,0.005,6.25e-08,-0.108933,-0.00215024,-0.10978125,-0.00284856,0.0008482499999999948,0.0006983200000000001,0.0010987169266467097
0.05375,0.01875,0.005,6.25e-08,-0.108118,-0.00782867,-0.10881750000000001,-0.00860086,0.0006995000000000057,0.0007721900000000007,0.0010419105749055477
0.05625,0.01875,0.005,6.25e-08,-0.105999,-0.0134825,-0.10653225,-0.014294425,0.000533249999999999,0.0008119249999999998,0.0009713793121767617
0.05875,0.01875,0.005,6.25e-08,-0.102582,-0.018939,-0.10293725000000001,-0.019751824999999994,0.0003552500000000014,0.0008128249999999927,0.0008870665381610272
0.06125,0.01875,0.005,6.25e-08,-0.0979077,-0.0240131,-0.098082475,-0.024785575,0.000174775000000002,0.0007724750000000016,0.0007919999534406573
0.06375,0.01875,0.005,6.25e-08,-0.092056,-0.0285151,-0.09205767499999998,-0.02920652500000001,1.6749999999787768e-06,0.0006914250000000094,0.0006914270288685661
0.06625,0.01875,0.005,6.25e-08,-0.085148,-0.0322599,-0.08499414999999998,-0.03283367500000001,-0.0001538500000000248,0.0005737750000000055,0.0005940434101351634
0.06875,0.01875,0.005,6.25e-08,-0.0773461,-0.0350784,-0.07706407499999998,-0.03550527500000001,-0.00028202500000001907,0.0004268750000000071,0.0005116252204983809
0.07125,0.01875,0.005,6.25e-08,-0.0688523,-0.0368295,-0.06847755000000001,-0.037090599999999994,-0.00037474999999999314,0.0002610999999999933,0.0004567392828518162
0.07375,0.01875,0.005,6.25e-08,-0.0599035,-0.0374119,-0.059477100000000026,-0.0375011,-0.00042639999999997263,8.920000000000455e-05,0.0004356301183343244
0.07625,0.01875,0.005,6.25e-08,-0.050764,-0.036776,-0.05032862500000003,-0.036700925,-0.00043537499999996704,-7.507500000000084e-05,0.0004418004597665913
0.07875,0.01875,0.005,6.25e-08,-0.0417139,-0.0349335,-0.04131037499999997,-0.03471497499999999,-0.00040352500000002955,-0.00021852500000001107,0.0004588960680263328
0.08125,0.01875,0.005,6.25e-08,-0.0330361,-0.031964,-0.03269894999999998,-0.03163449999999999,-0.00033715000000002215,-0.00032950000000001034,0.0004714237716747234
0.08375,0.01875,0.005,6.25e-08,-0.0250002,-0.028019,-0.02475437499999998,-0.027619349999999987,-0.00024582500000001895,-0.0003996500000000118,0.00046920150588528455
0.08625,0.01875,0.005,6.25e-08,-0.0178465,-0.0233209,-0.01770477500000002,-0.022897000000000015,-0.00014172499999998145,-0.000423899999999984,0.0004469644120340916
0.08875,0.01875,0.005,6.25e-08,-0.0117712,-0.0181594,-0.011732300000000015,-0.017759075000000013,-3.889999999998582e-05,-0.0004003249999999861,0.0004022105364420328
0.09125,0.01875,0.005,6.25e-08,-0.00690967,-0.0128852,-0.0069615125000000114,-0.012555475000000016,5.184250000001174e-05,-0.00032972499999998385,0.00033377570377611456
0.09375,0.01875,0.005,6.25e-08,-0.00332469,-0.00790021,-0.003452155,-0.007687797499999999,0.00012746500000000022,-0.0002124125000000001,0.000247722418002994
0.09625,0.01875,0.005,6.25e-08,-0.00104295,-0.00364709,-0.0011970224999999955,-0.00360176749999999,0.0001540724999999955,-4.532250000001013e-05,0.00016060032460272157
0.09875,0.01875,0.005,6.25e-08,-0.00011582,-0.000619934,-0.00012640114999999859,-0.0007791384999999944,1.0581149999998587e-05,0.00015920449999999435,0.00015955573808412743
0.00125,0.02125,0.005,6.25e-08,-0.000360649,0.00383229,-0.00029236775,0.00391526,-6.828124999999998e-05,-8.297000000000035e-05,0.00010745394362964329
0.00375,0.02125,0.005,6.25e-08,-0.00227713,0.0114027,-0.0024640950000000003,0.011586925000000001,0.0001869650000000003,-0.0001842250000000014,0.0002624781168973913
0.00625,0.02125,0.005,6.25e-08,-0.0062224,0.018415,-0.006422675000000002,0.018709550000000002,0.0002002750000000015,-0.00029455000000000106,0.00035618784106844693
0.00875,0.02125,0.005,6.25e-08,-0.0116062,0.024602,-0.011821875000000004,0.025012850000000007,0.0002156750000000037,-0.00041085000000000774,0.00046401877992707145
0.01125,0.02125,0.005,6.25e-08,-0.0180774,0.0298326,-0.018360925,0.030347825000000002,0.00028352499999999975,-0.0005152250000000011,0.000588084370009951
0.01375,0.02125,0.005,6.25e-08,-0.0254011,0.0340568,-0.0257787,0.03465445,0.00037760000000000224,-0.0005976500000000051,0.0007069422059122004
0.01625,0.02125,0.005,6.25e-08,-0.0333598,0.0372783,-0.03384672500000001,0.037931950000000006,0.0004869250000000061,-0.0006536500000000056,0.0008150793078744014
0.01875,0.02125,0.005,6.25e-08,-0.0417554,0.0395325,-0.042362875,0.040213725000000006,0.0006074750000000032,-0.0006812250000000075,0.0009127394898052862
0.02125,0.02125,0.005,6.25e-08,-0.0504107,0.0408678,-0.051145150000000014,0.041547925000000006,0.0007344500000000115,-0.0006801250000000036,0.0010009929161212989
0.02375,0.02125,0.005,6.25e-08,-0.0591635,0.0413324,-0.060026575000000006,0.0419836,0.0008630750000000048,-0.0006512000000000046,0.0010811844873216663
0.02625,0.02125,0.005,6.25e-08,-0.0678619,0.0409675,-0.068850625,0.04156317500000001,0.0009887249999999959,-0.0005956750000000108,0.0011542988483274185
0.02875,0.02125,0.005,6.25e-08,-0.0763609,0.039804,-0.07746767500000001,0.040319100000000004,0.0011067750000000182,-0.0005151000000000044,0.0012207698024709838
0.03125,0.02125,0.005,6.25e-08,-0.0845195,0.0378638,-0.0857323,0.038274775000000004,0.0012128,-0.0004109750000000009,0.0012805406243555886
0.03375,0.02125,0.005,6.25e-08,-0.0921994,0.0351632,-0.0935019,0.03544875,0.001302499999999998,-0.00028555000000000247,0.0013334335575873274
0.03625,0.02125,0.005,6.25e-08,-0.0992645,0.0317181,-0.10063582500000001,0.03185985000000001,0.0013713250000000066,-0.00014175000000000992,0.0013786316832733174
0.03875,0.02125,0.005,6.25e-08,-0.105581,0.0275504,-0.10699675,0.027533800000000004,0.0014157500000000073,1.659999999999509e-05,0.0014158473160973326
0.04125,0.02125,0.005,6.25e-08,-0.111018,0.0226942,-0.11244950000000001,0.022509725000000005,0.0014315000000000022,0.00018447499999999645,0.0014433375473620177
0.04375,0.02125,0.005,6.25e-08,-0.115451,0.0172015,-0.11686800000000001,0.016845750000000003,0.0014170000000000155,0.00035574999999999843,0.0014609746960505656
0.04625,0.02125,0.005,6.25e-08,-0.118764,0.0111465,-0.12013375000000001,0.010623862500000003,0.0013697500000000168,0.0005226374999999974,0.001466071287116112
0.04875,0.02125,0.005,6.25e-08,-0.120854,0.00463002,-0.12214225000000002,0.003953032500000001,0.0012882500000000185,0.0006769874999999993,0.0014553007035167326
0.05125,0.02125,0.005,6.25e-08,-0.121631,-0.00221935,-0.12280600000000001,-0.0030290399999999998,0.0011750000000000094,0.0008096899999999996,0.0014269628222557242
0.05375,0.02125,0.005,6.25e-08,-0.12103,-0.00924455,-0.12206100000000002,-0.0101563725,0.001031000000000018,0.0009118224999999994,0.001376365239137594
0.05625,0.02125,0.005,6.25e-08,-0.119009,-0.0162619,-0.11987025000000001,-0.017237050000000004,0.0008612500000000078,0.0009751500000000045,0.001301026166147331
0.05875,0.02125,0.005,6.25e-08,-0.115559,-0.0230647,-0.1162315,-0.024057924999999994,0.0006725000000000064,0.0009932249999999934,0.0011994799500721117
0.06125,0.02125,0.005,6.25e-08,-0.110706,-0.0294298,-0.11117925000000001,-0.030391625000000005,0.0004732500000000084,0.0009618250000000064,0.001071948176510889
0.06375,0.02125,0.005,6.25e-08,-0.104518,-0.0351257,-0.10479274999999999,-0.03600605000000002,0.0002747499999999903,0.0008803500000000158,0.0009222275668185281
0.06625,0.02125,0.005,6.25e-08,-0.0971087,-0.0399238,-0.09719639999999999,-0.04067582500000002,8.769999999998224e-05,0.0007520250000000173,0.0007571214503796752
0.06875,0.02125,0.005,6.25e-08,-0.0886384,-0.0436112,-0.08856302499999999,-0.04419582500000001,-7.53750000000164e-05,0.0005846250000000053,0.0005894639779070546
0.07125,0.02125,0.005,6.25e-08,-0.0793151,-0.0460057,-0.07911082500000004,-0.046395525,-0.00020427499999996213,0.00038982500000000336,0.0004401043129190932
0.07375,0.02125,0.005,6.25e-08,-0.0693903,-0.046971,-0.06909935000000003,-0.047153675000000006,-0.0002909499999999704,0.00018267500000000714,0.00034354338608825726
0.07625,0.02125,0.005,6.25e-08,-0.0591521,-0.0464317,-0.058821050000000034,-0.04641187500000001,-0.0003310499999999647,-1.9824999999987214e-05,0.0003316430809243216
0.07875,0.02125,0.005,6.25e-08,-0.048914,-0.0443863,-0.04858909999999998,-0.0441856,-0.00032490000000001684,-0.0002006999999999981,0.0003818906911670016
0.08125,0.02125,0.005,6.25e-08,-0.0390004,-0.040917,-0.03872239999999998,-0.04057207499999999,-0.00027800000000001435,-0.0003449250000000098,0.0004430093177631987
0.08375,0.02125,0.005,6.25e-08,-0.0297284,-0.0361946,-0.02952842499999998,-0.03575369999999999,-0.0001999750000000189,-0.00044090000000000795,0.0004841309849875492
0.08625,0.02125,0.005,6.25e-08,-0.0213891,-0.0304781,-0.021285150000000023,-0.029996800000000025,-0.00010394999999997767,-0.0004812999999999762,0.0004923974944087068
0.08875,0.02125,0.005,6.25e-08,-0.0142297,-0.0241095,-0.014224350000000021,-0.023646025000000022,-5.349999999978636e-06,-0.0004634749999999771,0.0004635058771202136
0.09125,0.02125,0.005,6.25e-08,-0.00843325,-0.0175033,-0.008517240000000016,-0.017115250000000023,8.399000000001641e-05,-0.0003880499999999766,0.000397035417311837
0.09375,0.02125,0.005,6.25e-08,-0.00410256,-0.0111324,-0.004264837500000001,-0.010875777500000001,0.0001622775000000012,-0.0002566224999999995,0.00030362657082755475
0.09625,0.02125,0.005,6.25e-08,-0.00130607,-0.00551009,-0.0014939924999999947,-0.005442887499999988,0.00018792249999999462,-6.72025000000116e-05,0.00019957715804294724
0.09875,0.02125,0.005,6.25e-08,-0.000150533,-0.00119575,-0.00015946829999999822,-0.0013605687499999913,8.935299999998213e-06,0.00016481874999999132,0.00016506077649656688
0.00125,0.02375,0.005,6.25e-08,-0.000406456,0.00507629,-0.000327383,0.005129125,-7.907300000000003e-05,-5.283500000000021e-05,9.510034991523442e-05
0.00375,0.02375,0.005,6.25e-08,-0.00254939,0.0146839,-0.0027519099999999998,0.014891374999999998,0.00020251999999999987,-0.00020747499999999863,0.0002899314160711105
0.00625,0.02375,0.005,6.25e-08,-0.00693925,0.0233425,-0.0071534350000000005,0.023702050000000002,0.00021418500000000042,-0.0003595500000000036,0.00041851095173842557
0.00875,0.02375,0.005,6.25e-08,-0.012901,0.0308384,-0.013130575000000002,0.03134505,0.0002295750000000027,-0.0005066500000000008,0.0005562363734286011
0.01125,0.02375,0.005,6.25e-08,-0.0200333,0.0370863,-0.020338000000000002,0.037719925,0.0003047000000000015,-0.0006336249999999988,0.0007030808848382947
0.01375,0.02375,0.005,6.25e-08,-0.0280709,0.0420756,-0.0284808,0.042808075,0.00040990000000000124,-0.0007324750000000033,0.0008393674020505
0.01625,0.02375,0.005,6.25e-08,-0.0367733,0.0458428,-0.037306149999999996,0.046642425,0.0005328499999999944,-0.0007996249999999983,0.0009609002357815255
0.01875,0.02375,0.005,6.25e-08,-0.0459262,0.0484488,-0.0465951,0.04928295,0.0006689,-0.0008341499999999988,0.0010692209465306963
0.02125,0.02375,0.005,6.25e-08,-0.0553417,0.0499615,-0.05615462500000001,0.050797625,0.000812925000000006,-0.0008361250000000001,0.0011661698295059814
0.02375,0.02375,0.005,6.25e-08,-0.0648505,0.0504432,-0.0658108,0.051249825,0.0009602999999999973,-0.0008066249999999983,0.0012541211985390376
0.02625,0.02375,0.005,6.25e-08,-0.0742964,0.0499446,-0.075402775,0.0506914,0.0011063750000000067,-0.0007467999999999989,0.0013348317798977567
0.02875,0.02375,0.005,6.25e-08,-0.0835313,0.0485026,-0.08477815,0.04916065,0.0012468499999999938,-0.0006580500000000003,0.0014098456387136803
0.03125,0.02375,0.005,6.25e-08,-0.0924119,0.0461426,-0.093789175,0.046684624999999993,0.0013772749999999973,-0.0005420249999999946,0.0014800937558985872
0.03375,0.02375,0.005,6.25e-08,-0.100798,0.0428831,-0.10229074999999999,0.0432836,0.0014927499999999871,-0.0004004999999999981,0.0015455428860112422
0.03625,0.02375,0.005,6.25e-08,-0.108549,0.0387418,-0.11013925000000001,0.038978349999999995,0.0015902500000000014,-0.0002365499999999951,0.0016077471707330111
0.03875,0.02375,0.005,6.25e-08,-0.115529,0.0337433,-0.117192,0.033797049999999995,0.0016629999999999978,-5.3749999999998244e-05,0.0016638684029994658
0.04125,0.02375,0.005,6.25e-08,-0.121601,0.0279253,-0.123309,0.02778295,0.0017080000000000012,0.00014234999999999942,0.0017139216792199123
0.04375,0.02375,0.005,6.25e-08,-0.126633,0.021346,-0.12835524999999998,0.02100085,0.0017222499999999807,0.00034514999999999893,0.001756494686869258
0.04625,0.02375,0.005,6.25e-08,-0.1305,0.0140891,-0.13220075,0.013542674999999999,0.0017007500000000009,0.0005464250000000014,0.0017863736571963338
0.04875,0.02375,0.005,6.25e-08,-0.133085,0.00626837,-0.1347275,0.005531557499999999,0.0016424999999999912,0.0007368125000000005,0.0018001941312414675
0.05125,0.02375,0.005,6.25e-08,-0.134284,-0.00197015,-0.1358315,-0.0028760825,0.0015475000000000072,0.0009059325000000001,0.001793173149630641
0.05375,0.02375,0.005,6.25e-08,-0.134015,-0.0104469,-0.135429,-0.01149,0.0014139999999999986,0.0010431,0.0017571151385154006
0.05625,0.02375,0.005,6.25e-08,-0.132216,-0.0189501,-0.133463,-0.020088175,0.0012469999999999981,0.0011380749999999988,0.0016882605562012615
0.05875,0.02375,0.005,6.25e-08,-0.128856,-0.0272393,-0.12990825,-0.028421349999999988,0.0010522500000000046,0.0011820499999999866,0.0015825524525272386
0.06125,0.02375,0.005,6.25e-08,-0.123943,-0.0350515,-0.12477949999999999,-0.036220150000000007,0.00083649999999999,0.0011686500000000072,0.0014371760756775767
0.06375,0.02375,0.005,6.25e-08,-0.117526,-0.0421104,-0.11813774999999999,-0.043205550000000016,0.0006117499999999804,0.001095150000000017,0.0012544287883335637
0.06625,0.02375,0.005,6.25e-08,-0.109703,-0.0481384,-0.11009424999999998,-0.049101825000000016,0.0003912499999999819,0.0009634250000000177,0.0010398385899383711
0.06875,0.02375,0.005,6.25e-08,-0.100628,-0.0528717,-0.10081624999999997,-0.053652500000000006,0.00018824999999997316,0.0007808000000000051,0.00080317289701533
0.07125,0.02375,0.005,6.25e-08,-0.0905099,-0.0560781,-0.09052570000000004,-0.056637925,1.5800000000038006e-05,0.0005598249999999999,0.0005600479181507606
0.07375,0.02375,0.005,6.25e-08,-0.0796114,-0.0575761,-0.07949725000000002,-0.057893599999999996,-0.00011414999999997955,0.00031749999999999834,0.00033739661008966033
0.07625,0.02375,0.005,6.25e-08,-0.0682442,-0.0572538,-0.06805005000000003,-0.05732820000000001,-0.00019414999999997629,7.440000000000918e-05,0.00020791724916416186
0.07875,0.02375,0.005,6.25e-08,-0.0567577,-0.0550867,-0.05653549999999997,-0.054938299999999995,-0.00022220000000003348,-0.00014840000000000686,0.0002671991766454697
0.08125,0.02375,0.005,6.25e-08,-0.0455227,-0.051151,-0.04532089999999997,-0.05081969999999999,-0.00020180000000002973,-0.00033130000000001353,0.0003879212935635539
0.08375,0.02375,0.005,6.25e-08,-0.0349117,-0.0456311,-0.03476934999999998,-0.04517244999999998,-0.00014235000000002024,-0.00045865000000001876,0.0004802325946872234
0.08625,0.02375,0.005,6.25e-08,-0.0252766,-0.0388207,-0.025218525000000026,-0.03830017500000002,-5.8074999999973426e-05,-0.00052052499999998,0.0005237546956829848
0.08875,0.02375,0.005,6.25e-08,-0.0169257,-0.0311151,-0.01695997500000002,-0.03060240000000002,3.4275000000021094e-05,-0.0005126999999999805,0.0005138443982617514
0.09125,0.02375,0.005,6.25e-08,-0.0100995,-0.0229981,-0.010220952500000016,-0.02256182500000002,0.00012145250000001467,-0.00043627499999997904,0.000452864864370416
0.09375,0.02375,0.005,6.25e-08,-0.00494901,-0.0150208,-0.005151302500000001,-0.014727124999999999,0.00020229250000000035,-0.0002936750000000019,0.00035660518950409467
0.09625,0.02375,0.005,6.25e-08,-0.00158965,-0.0077778,-0.0018161124999999932,-0.007693244999999982,0.0002264624999999932,-8.45550000000174e-05,0.0002417329351396906
0.09875,0.02375,0.005,6.25e-08,-0.00018698,-0.00190652,-0.00019507124999999784,-0.002079399999999987,8.091249999997837e-06,0.0001728799999999868,0.00017306924257810198
0.00125,0.02625,0.005,6.25e-08,-0.000447974,0.0064554,-0.00035914225,0.0064727625,-8.883175000000003e-05,-1.736249999999967e-05,9.051263013697311e-05
0.00375,0.02625,0.005,6.25e-08,-0.0027967,0.0183057,-0.0030131025,0.018537025,0.00021640249999999982,-0.0002313249999999975,0.0003167669452945632
0.00625,0.02625,0.005,6.25e-08,-0.00759167,0.0287601,-0.007817457500000001,0.029190175,0.00022578750000000133,-0.0004300749999999985,0.0004857411870340514
0.00875,0.02625,0.005,6.25e-08,-0.0140819,0.0376683,-0.014321725000000002,0.038280025,0.00023982500000000254,-0.0006117250000000005,0.0006570566994179435
0.01125,0.02625,0.005,6.25e-08,-0.0218206,0.0450012,-0.0221411,0.04576505,0.00032050000000000134,-0.0007638500000000034,0.0008283640941639166
0.01375,0.02625,0.005,6.25e-08,-0.0305154,0.0507968,-0.030950349999999998,0.051677475,0.00043494999999999645,-0.0008806749999999974,0.0009822270400090768
0.01625,0.02625,0.005,6.25e-08,-0.0399051,0.0551317,-0.040474775000000004,0.0560922,0.0005696750000000056,-0.000960500000000003,0.0011167317742524442
0.01875,0.02625,0.005,6.25e-08,-0.0497608,0.058099,-0.050480575,0.0591022,0.0007197749999999989,-0.0010032000000000027,0.001234700891157451
0.02125,0.02625,0.005,6.25e-08,-0.0598853,0.0597905,-0.060765475000000006,0.0608002,0.0008801750000000039,-0.0010096999999999953,0.0013394783016626277
0.02375,0.02625,0.005,6.25e-08,-0.0701043,0.0602858,-0.071150325,0.061267249999999995,0.001046025000000006,-0.0009814499999999948,0.0014343682941019725
0.02625,0.02625,0.005,6.25e-08,-0.0802587,0.0596472,-0.08147172500000001,0.06056665,0.0012130250000000065,-0.0009194500000000022,0.001522109704694448
0.02875,0.02625,0.005,6.25e-08,-0.0901995,0.0579188,-0.091576275,0.058743750000000004,0.0013767749999999968,-0.0008249500000000048,0.0016050083810139433
0.03125,0.02625,0.005,6.25e-08,-0.099783,0.0551299,-0.101315875,0.05582912500000001,0.001532875000000003,-0.0006992250000000047,0.0016848208706714241
0.03375,0.02625,0.005,6.25e-08,-0.108868,0.0513007,-0.11054625,0.051844749999999995,0.0016782499999999922,-0.0005440499999999973,0.0017642316925506045
0.03625,0.02625,0.005,6.25e-08,-0.117315,0.04645,-0.11912125000000001,0.0468119,0.0018062500000000092,-0.00036189999999999833,0.0018421483850385213
0.03875,0.02625,0.005,6.25e-08,-0.124984,0.0406031,-0.12689650000000002,0.040759624999999994,0.0019125000000000253,-0.0001565249999999907,0.0019188945582353121
0.04125,0.02625,0.005,6.25e-08,-0.131734,0.0337999,-0.13372625,0.033732975,0.001992250000000001,6.69250000000024e-05,0.001993373777826177
0.04375,0.02625,0.005,6.25e-08,-0.137427,0.0261022,-0.13946799999999998,0.0258007,0.0020409999999999873,0.0003014999999999997,0.002063148867629272
0.04625,0.02625,0.005,6.25e-08,-0.141927,0.0176003,-0.14398075,0.01706145,0.002053749999999993,0.0005388500000000004,0.002123263616464044
0.04875,0.02625,0.005,6.25e-08,-0.145105,0.00841752,-0.14713175,0.0076490025,0.002026749999999994,0.0007685174999999995,0.002167564234412956
0.05125,0.02625,0.005,6.25e-08,-0.14684,-0.00128548,-0.14879775,-0.0022646297500000002,0.001957750000000008,0.0009791497500000002,0.002188953927204749
0.05375,0.02625,0.005,6.25e-08,-0.147029,-0.0113095,-0.1488725,-0.01246785,0.001843499999999998,0.0011583500000000007,0.0021772154171096608
0.05625,0.02625,0.005,6.25e-08,-0.145587,-0.0214168,-0.14727375,-0.0227105,0.0016867500000000146,0.0012937000000000018,0.002125743458769203
0.05875,0.02625,0.005,6.25e-08,-0.142457,-0.0313339,-0.14394825,-0.032707649999999984,0.0014912499999999995,0.001373749999999986,0.0020275639632327167
0.06125,0.02625,0.005,6.25e-08,-0.137619,-0.0407574,-0.13888325,-0.042146675,0.0012642500000000223,0.0013892750000000023,0.0018784070613488075
0.06375,0.02625,0.005,6.25e-08,-0.131098,-0.0493632,-0.13211374999999997,-0.05069780000000002,0.001015749999999982,0.001334600000000019,0.0016771717927809347
0.06625,0.02625,0.005,6.25e-08,-0.122971,-0.0568194,-0.12373024999999997,-0.058028700000000016,0.0007592499999999752,0.0012093000000000173,0.0014278890196720488
0.06875,0.02625,0.005,6.25e-08,-0.113376,-0.0628034,-0.11388774999999998,-0.06382250000000002,0.0005117499999999775,0.0010191000000000228,0.0011403740055350364
0.07125,0.02625,0.005,6.25e-08,-0.102516,-0.0670226,-0.10280565000000003,-0.06779917499999999,0.00028965000000003016,0.0007765749999999877,0.0008288340323158784
0.07375,0.02625,0.005,6.25e-08,-0.0906616,-0.0692376,-0.09076940000000003,-0.06973835,0.00010780000000003287,0.0005007500000000081,0.0005122220246143416
0.07625,0.02625,0.005,6.25e-08,-0.0781458,-0.0692869,-0.07812410000000003,-0.06950215,-2.1699999999971742e-05,0.00021525000000000016,0.0002163410559741235
0.07875,0.02625,0.005,6.25e-08,-0.0653546,-0.0671096,-0.06526162499999996,-0.06705584999999999,-9.297500000003678e-05,-5.375000000001906e-05,0.00010739372944920428
0.08125,0.02625,0.005,6.25e-08,-0.0527103,-0.0627646,-0.05260307499999997,-0.062483099999999986,-0.00010722500000003021,-0.00028150000000001785,0.00030122989663215126
0.08375,0.02625,0.005,6.25e-08,-0.0406488,-0.0564421,-0.04057609999999997,-0.05599479999999998,-7.270000000002969e-05,-0.00044730000000002546,0.0004531694826442168
0.08625,0.02625,0.005,6.25e-08,-0.0295931,-0.0484661,-0.02958895000000003,-0.047928925000000025,-4.14999999997015e-06,-0.0005371749999999731,0.0005371910303839509
0.08875,0.02625,0.005,6.25e-08,-0.0199253,-0.0392869,-0.020004925000000028,-0.03874162500000002,7.962500000002759e-05,-0.000545274999999977,0.0005510580425417811
0.09125,0.02625,0.005,6.25e-08,-0.011955,-0.0294632,-0.01211872500000002,-0.02899072500000003,0.00016372500000001906,-0.00047247499999996875,0.0005000384997677446
0.09375,0.02625,0.005,6.25e-08,-0.00589125,-0.019635,-0.0061385549999999995,-0.019312375,0.00024730499999999975,-0.000322625,0.00040650541650757847
0.09625,0.02625,0.005,6.25e-08,-0.00190484,-0.0104913,-0.0021745724999999915,-0.010394709999999977,0.00026973249999999145,-9.659000000002312e-05,0.00028650523495435447
0.09875,0.02625,0.005,6.25e-08,-0.000227315,-0.00276477,-0.0002346487499999974,-0.002948882499999982,7.333749999997402e-06,0.0001841124999999817,0.00018425850467564779
0.00125,0.02875,0.005,6.25e-08,-0.000484829,0.00795612,-0.0003873055,0.0079328975,-9.752349999999998e-05,2.3222500000001298e-05,0.0001002502746056092
0.00375,0.02875,0.005,6.25e-08,-0.0030166,0.0222344,-0.0032448449999999997,0.022489375,0.00022824499999999975,-0.00025497499999999756,0.000342210506340759
0.00625,0.02875,0.005,6.25e-08,-0.00817274,0.0346206,-0.008407330000000001,0.0351248,0.00023459000000000153,-0.0005041999999999963,0.0005561026057302708
0.00875,0.02875,0.005,6.25e-08,-0.0151356,0.0450365,-0.015381725000000002,0.04575997500000001,0.00024612500000000155,-0.0007234750000000081,0.0007641947338538866
0.01125,0.02875,0.005,6.25e-08,-0.0234188,0.053518,-0.023748975,0.05442105,0.0003301749999999985,-0.0009030499999999955,0.0009615169437534581
0.01375,0.02875,0.005,6.25e-08,-0.0327062,0.0601597,-0.033157575,0.061199525000000005,0.00045137500000000386,-0.0010398250000000012,0.0011335675636017493
0.01625,0.02875,0.005,6.25e-08,-0.0427184,0.0650857,-0.04331405,0.06621955,0.0005956500000000031,-0.0011338500000000057,0.0012807867679672587
0.01875,0.02875,0.005,6.25e-08,-0.0532141,0.0684266,-0.053971849999999995,0.069613075,0.0007577499999999945,-0.0011864749999999924,0.0014078025387549823
0.02125,0.02875,0.005,6.25e-08,-0.0639886,0.0703029,-0.064921425,0.0715023,0.0009328249999999982,-0.0011994000000000032,0.0015194482026791845
0.02375,0.02875,0.005,6.25e-08,-0.0748639,0.0708147,-0.075979925,0.07198915,0.0011160250000000066,-0.0011744500000000074,0.0016201372173754395
0.02625,0.02875,0.005,6.25e-08,-0.08568,0.0700381,-0.08698337499999999,0.071150825,0.0013033749999999816,-0.001112724999999995,0.0017137512410644493
0.02875,0.02875,0.005,6.25e-08,-0.0962888,0.0680255,-0.097779475,0.06904085,0.0014906750000000107,-0.0010153499999999982,0.0018036206857665578
0.03125,0.02875,0.005,6.25e-08,-0.106548,0.0648105,-0.1082225,0.06569370000000001,0.0016744999999999954,-0.0008832000000000145,0.0018931435471194493
0.03375,0.02875,0.005,6.25e-08,-0.116319,0.0604149,-0.11816825,0.061132375,0.0018492499999999967,-0.0007174750000000021,0.0019835563864243917
0.03625,0.02875,0.005,6.25e-08,-0.125463,0.0548573,-0.12747325,0.0553776,0.002010250000000019,-0.0005203000000000013,0.0020764915488631487
0.03875,0.02875,0.005,6.25e-08,-0.133838,0.0481623,-0.13599175,0.048457175000000005,0.002153749999999982,-0.00029487500000000694,0.0021738422960566684
0.04125,0.02875,0.005,6.25e-08,-0.141302,0.0403691,-0.1435755,0.040415275,0.002273499999999984,-4.6175000000002464e-05,0.0022739688609620247
0.04375,0.02875,0.005,6.25e-08,-0.147712,0.0315404,-0.150074,0.031320975,0.002362000000000003,0.00021942500000000226,0.0023721701732011165
0.04625,0.02875,0.005,6.25e-08,-0.152921,0.021769,-0.155337,0.021275875,0.0024160000000000015,0.0004931250000000005,0.0024658118877207576
0.04875,0.02875,0.005,6.25e-08,-0.156788,0.0111844,-0.1592155,0.010420005,0.002427499999999999,0.000764395000000001,0.0025450060836911563
0.05125,0.02875,0.005,6.25e-08,-0.159173,-4.26638e-05,-0.16156625,-0.001063631,0.0023932499999999857,0.0010209672,0.002601926129999807
0.05375,0.02875,0.005,6.25e-08,-0.159951,-0.0116972,-0.16225875,-0.012946125,0.0023077499999999973,0.0012489249999999997,0.0026240281473576053
0.05625,0.02875,0.005,6.25e-08,-0.159009,-0.0235188,-0.16118,-0.0249525,0.0021709999999999785,0.0014336999999999996,0.0026016795901878283
0.05875,0.02875,0.005,6.25e-08,-0.156261,-0.0352031,-0.15824425,-0.03676404999999998,0.001983249999999992,0.0015609499999999776,0.002523855278140943
0.06125,0.02875,0.005,6.25e-08,-0.151653,-0.0464067,-0.15340399999999998,-0.048024475000000004,0.0017509999999999748,0.0016177750000000019,0.0023839456685555813
0.06375,0.02875,0.005,6.25e-08,-0.145178,-0.0567555,-0.14665999999999996,-0.05835050000000003,0.0014819999999999556,0.001595000000000027,0.0021772342547369482
0.06625,0.02875,0.005,6.25e-08,-0.136882,-0.0658582,-0.13807424999999995,-0.06734682500000003,0.0011922499999999503,0.0014886250000000212,0.001907213793240009
0.06875,0.02875,0.005,6.25e-08,-0.12688,-0.0733253,-0.12777824999999998,-0.07462690000000002,0.0008982499999999893,0.0013016000000000277,0.0015814599655065737
0.07125,0.02875,0.005,6.25e-08,-0.115361,-0.0787921,-0.11598150000000004,-0.07983744999999998,0.0006205000000000377,0.0010453499999999727,0.0012156384629074509
0.07375,0.02875,0.005,6.25e-08,-0.102595,-0.0819471,-0.10297427500000003,-0.08268667499999999,0.0003792750000000261,0.0007395749999999923,0.000831156246592666
0.07625,0.02875,0.005,6.25e-08,-0.0889328,-0.0825625,-0.08912332500000003,-0.082973775,0.0001905250000000247,0.0004112750000000026,0.0004532625081010027
0.07875,0.02875,0.005,6.25e-08,-0.0747958,-0.0805244,-0.07486152499999996,-0.0806161,6.572499999996095e-05,9.170000000000011e-05,0.00011282138815399714
0.08125,0.02875,0.005,6.25e-08,-0.0606609,-0.0758589,-0.06066852499999996,-0.07567112499999999,7.624999999962523e-06,-0.000187775000000015,0.00018792975083792632
0.08375,0.02875,0.005,6.25e-08,-0.0470352,-0.0687503,-0.047045074999999964,-0.06835014999999998,9.874999999964773e-06,-0.00040015000000001577,0.0004002718302916306
0.08625,0.02875,0.005,6.25e-08,-0.0344241,-0.0595471,-0.03448202500000003,-0.059020575000000026,5.792500000002809e-05,-0.0005265249999999722,0.0005297016908128328
0.08875,0.02875,0.005,6.25e-08,-0.0232976,-0.0487543,-0.02342802500000003,-0.04819652500000003,0.00013042500000002774,-0.0005577749999999687,0.0005728207671252608
0.09125,0.02875,0.005,6.25e-08,-0.014049,-0.0370125,-0.014259500000000022,-0.03651777500000004,0.00021050000000002143,-0.0004947249999999598,0.0005376458645102455
0.09375,0.02875,0.005,6.25e-08,-0.0069584,-0.0250629,-0.007255517499999999,-0.0247207,0.00029711749999999926,-0.00034219999999999737,0.0004531883149489269
0.09625,0.02875,0.005,6.25e-08,-0.00226342,-0.0137057,-0.0025812824999999905,-0.013603074999999971,0.00031786249999999055,-0.00010262500000002804,0.00033401865147211426
0.09875,0.02875,0.005,6.25e-08,-0.000273733,-0.00378913,-0.0002797129999999969,-0.003987934999999976,5.979999999996904e-06,0.0001988049999999764,0.00019889491804717026
0.00125,0.03125,0.005,6.25e-08,-0.000516515,0.00956353,-0.00041148175000000004,0.00949482,-0.00010503325000000001,6.871000000000134e-05,0.00012551114574237097
0.00375,0.03125,0.005,6.25e-08,-0.00320622,0.0264329,-0.0034440024999999996,0.026710075,0.0002377824999999995,-0.00027717500000000103,0.00036519378134252273
0.00625,0.03125,0.005,6.25e-08,-0.00867505,0.0408714,-0.00891519,0.041451425,0.0002401399999999998,-0.0005800249999999979,0.0006277708341624334
0.00875,0.03125,0.005,6.25e-08,-0.0160488,0.052881,-0.016296425000000003,0.053720175,0.0002476250000000048,-0.0008391750000000045,0.0008749473248430501
0.01125,0.03125,0.005,6.25e-08,-0.0248074,0.0625695,-0.025139925,0.06361787499999999,0.0003325250000000002,-0.0010483749999999903,0.0010998468149019571
0.01375,0.03125,0.005,6.25e-08,-0.0346146,0.0700955,-0.035072325,0.071302325,0.0004577249999999991,-0.0012068249999999947,0.0012907124994552374
0.01625,0.03125,0.005,6.25e-08,-0.0451757,0.0756365,-0.04578430000000001,0.076953375,0.0006086000000000077,-0.001316875000000009,0.0014507080083962566
0.01875,0.03125,0.005,6.25e-08,-0.0562389,0.0793661,-0.057019249999999994,0.080747325,0.0007803499999999922,-0.0013812249999999998,0.0015864200651545565
0.02125,0.03125,0.005,6.25e-08,-0.0675941,0.0814375,-0.068561825,0.08284037500000001,0.0009677250000000026,-0.0014028750000000118,0.0017042740217611831
0.02375,0.03125,0.005,6.25e-08,-0.0790612,0.0819748,-0.080227625,0.083358475,0.0011664249999999987,-0.0013836750000000009,0.0018097247819074589
0.02625,0.03125,0.005,6.25e-08,-0.090481,0.0810698,-0.09185357499999999,0.08239515,0.001372574999999987,-0.001325350000000003,0.0019080133000388053
0.02875,0.03125,0.005,6.25e-08,-0.101708,0.078785,-0.10329025,0.08001335000000001,0.0015822499999999934,-0.001228350000000017,0.002003087313374038
0.03125,0.03125,0.005,6.25e-08,-0.112604,0.0751587,-0.1143955,0.076251925,0.0017915000000000014,-0.0010932250000000032,0.0020987170249047423
0.03375,0.03125,0.005,6.25e-08,-0.123033,0.0702138,-0.12503,0.07113472500000001,0.0019969999999999988,-0.000920925000000003,0.0021991161532818135
0.03625,0.03125,0.005,6.25e-08,-0.13286,0.0639678,-0.13505325,0.06468035,0.0021932500000000077,-0.0007125499999999924,0.0023060947649652264
0.03875,0.03125,0.005,6.25e-08,-0.141945,0.0564424,-0.1443205,0.056913225,0.0023755000000000026,-0.0004708250000000011,0.002421709402596648
0.04125,0.03125,0.005,6.25e-08,-0.150146,0.0476737,-0.1526825,0.047873700000000005,0.002536499999999997,-0.00020000000000000573,0.0025443726633494527
0.04375,0.03125,0.005,6.25e-08,-0.157314,0.0377216,-0.1599845,0.03762735,0.0026704999999999923,9.425000000000405e-05,0.0026721626658008603
0.04625,0.03125,0.005,6.25e-08,-0.163296,0.0266774,-0.16606675,0.026273925,0.0027707500000000163,0.00040347500000000036,0.0027999727923901496
0.04875,0.03125,0.005,6.25e-08,-0.167937,0.0146718,-0.17076524999999998,0.013954525,0.0028282499999999766,0.0007172749999999999,0.002917787087524528
0.05125,0.03125,0.005,6.25e-08,-0.171081,0.00188059,-0.17391775,0.0008576387499999999,0.002836749999999999,0.0010229512500000001,0.003015556303963923
0.05375,0.03125,0.005,6.25e-08,-0.172577,-0.0114706,-0.1753665,-0.012776049999999999,0.0027895000000000003,0.0013054499999999997,0.0030798555083802227
0.05625,0.03125,0.005,6.25e-08,-0.172283,-0.0251034,-0.174966,-0.026651499999999998,0.0026830000000000187,0.0015480999999999967,0.0030975962632338143
0.05875,0.03125,0.005,6.25e-08,-0.17008,-0.0386861,-0.1725935,-0.04041979999999998,0.002513500000000002,0.001733699999999977,0.003053423969906559
0.06125,0.03125,0.005,6.25e-08,-0.165874,-0.0518369,-0.16815950000000002,-0.053682524999999995,0.0022855000000000236,0.0018456249999999966,0.00293765925366185
0.06375,0.03125,0.005,6.25e-08,-0.159618,-0.0641314,-0.16162349999999998,-0.06600122500000002,0.0020054999999999656,0.0018698250000000194,0.0027419474430821853
0.06625,0.03125,0.005,6.25e-08,-0.15132,-0.075115,-0.15300724999999996,-0.07691267500000003,0.0016872499999999457,0.0017976750000000263,0.0024654508650802415
0.06875,0.03125,0.005,6.25e-08,-0.141061,-0.084323,-0.14240824999999996,-0.08595085000000002,0.0013472499999999665,0.0016278500000000279,0.0021130494989469602
0.07125,0.03125,0.005,6.25e-08,-0.129003,-0.0913067,-0.13001550000000003,-0.09267562499999998,0.0010125000000000273,0.0013689249999999792,0.0017026778631394131
0.07375,0.03125,0.005,6.25e-08,-0.115409,-0.0956662,-0.11611325000000003,-0.09670625,0.0007042500000000312,0.0010400499999999868,0.0012560541648352656
0.07625,0.03125,0.005,6.25e-08,-0.100637,-0.0970881,-0.10108385000000004,-0.09775865,0.00044685000000004027,0.0006705500000000059,0.0008057991219901173
0.07875,0.03125,0.005,6.25e-08,-0.0851405,-0.0953842,-0.08539804999999995,-0.09568137499999999,0.00025754999999995365,0.00029717499999998287,0.0003932492633495528
0.08125,0.03125,0.005,6.25e-08,-0.0694515,-0.0905282,-0.06959677499999994,-0.09048669999999998,0.00014527499999994475,-4.1500000000027626e-05,0.00015108631845731844
0.08375,0.03125,0.005,6.25e-08,-0.0541546,-0.0826818,-0.05426142499999996,-0.08237159999999998,0.0001068249999999632,-0.00031020000000002435,0.00032807868054021314
0.08625,0.03125,0.005,6.25e-08,-0.0398499,-0.0722076,-0.039978100000000044,-0.07172467500000003,0.00012820000000004356,-0.0004829249999999674,0.0004996516742941824
0.08875,0.03125,0.005,6.25e-08,-0.0271106,-0.0596639,-0.027296800000000038,-0.05911732500000004,0.0001862000000000391,-0.0005465749999999589,0.000577420705053923
0.09125,0.03125,0.005,6.25e-08,-0.0164314,-0.0457796,-0.016692500000000027,-0.045278975000000034,0.000261100000000028,-0.0005006249999999629,0.000564622529328203
0.09375,0.03125,0.005,6.25e-08,-0.00818012,-0.0314115,-0.0085316275,-0.031060300000000002,0.0003515074999999989,-0.00035119999999999943,0.0004968892860147508
0.09625,0.03125,0.005,6.25e-08,-0.00267744,-0.0174907,-0.0030484424999999886,-0.017388499999999963,0.0003710024999999885,-0.00010220000000003837,0.0003848216405118732
0.09875,0.03125,0.005,6.25e-08,-0.000328451,-0.00500453,-0.0003318077499999963,-0.005221322499999969,3.3567499999962846e-06,0.00021679249999996889,0.00021681848589730302
0.00125,0.03375,0.005,6.25e-08,-0.00054247,0.0112611,-0.00043126375,0.01114227,-0.00011120624999999996,0.00011883000000000032,0.00016274949750786502
0.00375,0.03375,0.005,6.25e-08,-0.00336261,0.0308602,-0.0036074099999999997,0.0311571,0.0002447999999999999,-0.00029689999999999925,0.0003848072894319954
0.00625,0.03375,0.005,6.25e-08,-0.00909113,0.0474549,-0.009333200000000002,0.048109925,0.00024207000000000221,-0.0006550249999999966,0.0006983234462088443
0.00875,0.03375,0.005,6.25e-08,-0.016808,0.0611331,-0.017051825000000003,0.06208905000000001,0.00024382500000000307,-0.000955950000000004,0.0009865551343564176
0.01125,0.03375,0.005,6.25e-08,-0.0259659,0.072081,-0.026292725,0.07327729999999999,0.00032682499999999934,-0.0011962999999999835,0.0012401404237524717
0.01375,0.03375,0.005,6.25e-08,-0.0362119,0.0805266,-0.0366648,0.08190485,0.00045289999999999914,-0.0013782499999999975,0.001450755483360305
0.01625,0.03375,0.005,6.25e-08,-0.0472389,0.0867063,-0.047846099999999996,0.088212475,0.0006071999999999952,-0.0015061749999999985,0.0016239627368338813
0.01875,0.03375,0.005,6.25e-08,-0.058787,0.0908414,-0.059572150000000004,0.0924258,0.0007851500000000053,-0.0015843999999999997,0.0017682714391461531
0.02125,0.03375,0.005,6.25e-08,-0.070642,0.0931218,-0.0716239,0.09473875000000001,0.0009819000000000078,-0.0016169500000000059,0.0018917333090317024
0.02375,0.03375,0.005,6.25e-08,-0.0826235,0.0936985,-0.0838167,0.0953049,0.0011931999999999915,-0.001606399999999994,0.0020010615182947176
0.02625,0.03375,0.005,6.25e-08,-0.0945746,0.0926818,-0.095990075,0.09423625,0.0014154749999999994,-0.0015544499999999989,0.0021023520823413465
0.02875,0.03375,0.005,6.25e-08,-0.106354,0.0901454,-0.10799924999999999,0.091606775,0.001645249999999987,-0.0014613750000000009,0.0022005600317021486
0.03125,0.03375,0.005,6.25e-08,-0.117829,0.086133,-0.11970800000000001,0.087460475,0.0018790000000000057,-0.0013274749999999946,0.0023006153254346994
0.03375,0.03375,0.005,6.25e-08,-0.12887,0.0806687,-0.13098375,0.081821425,0.0021137499999999976,-0.0011527250000000072,0.002407636598019935
0.03625,0.03375,0.005,6.25e-08,-0.139347,0.0737675,-0.14169025,0.0747054,0.002343249999999991,-0.0009379000000000054,0.0025239803827486395
0.03875,0.03375,0.005,6.25e-08,-0.149124,0.0654468,-0.151688,0.06613122499999999,0.002563999999999983,-0.0006844249999999885,0.0026537772288993846
0.04125,0.03375,0.005,6.25e-08,-0.158061,0.0557366,-0.16082875,0.056132125,0.0027677499999999855,-0.00039552500000000074,0.0027958683960667605
0.04375,0.03375,0.005,6.25e-08,-0.166008,0.04469,-0.168956,0.04476635,0.002948000000000006,-7.63500000000028e-05,0.0029489885253252573
0.04625,0.03375,0.005,6.25e-08,-0.172806,0.0323924,-0.17590375,0.032126575,0.0030977500000000102,0.00026582500000000425,0.0031091346051795614
0.04875,0.03375,0.005,6.25e-08,-0.178289,0.0189704,-0.181496,0.0183491,0.0032069999999999876,0.0006212999999999982,0.0032666286428059007
0.05125,0.03375,0.005,6.25e-08,-0.182284,0.00459868,-0.1855505,0.0036214625,0.0032665000000000055,0.0009772175,0.0034095419475798044
0.05375,0.03375,0.005,6.25e-08,-0.184617,-0.0104926,-0.18788425,-0.011810689999999999,0.0032672499999999993,0.0013180899999999992,0.00352310712448543
0.05625,0.03375,0.005,6.25e-08,-0.185118,-0.026013,-0.18831825,-0.027638875,0.003200249999999988,0.0016258749999999988,0.003589577910858729
0.05875,0.03375,0.005,6.25e-08,-0.183627,-0.0416091,-0.18668925,-0.04348949999999998,0.0030622499999999886,0.0018803999999999765,0.003593505144354164
0.06125,0.03375,0.005,6.25e-08,-0.18001,-0.0568646,-0.18286125000000003,-0.058925725000000005,0.0028512500000000274,0.002061125000000004,0.003518218701008391
0.06375,0.03375,0.005,6.25e-08,-0.174172,-0.071306,-0.17674299999999998,-0.07345477500000004,0.00257099999999999,0.002148775000000047,0.003350712610867299
0.06625,0.03375,0.005,6.25e-08,-0.166073,-0.0844134,-0.16830549999999997,-0.08654217500000003,0.0022324999999999706,0.002128775000000027,0.003084759188433513
0.06875,0.03375,0.005,6.25e-08,-0.155746,-0.0956406,-0.15760049999999998,-0.09763415000000002,0.0018544999999999812,0.0019935500000000106,0.002722758133308938
0.07125,0.03375,0.005,6.25e-08,-0.143319,-0.104443,-0.14478125000000003,-0.10618999999999998,0.001462250000000026,0.0017469999999999847,0.0022781975468558523
0.07375,0.03375,0.005,6.25e-08,-0.129029,-0.110314,-0.13011250000000005,-0.11171999999999999,0.0010835000000000428,0.0014059999999999906,0.0017750516189677602
0.07625,0.03375,0.005,6.25e-08,-0.113231,-0.112834,-0.11398100000000005,-0.11383399999999999,0.0007500000000000562,0.000999999999999987,0.0012500000000000232
0.07875,0.03375,0.005,6.25e-08,-0.0964021,-0.111714,-0.09688822499999994,-0.11228474999999999,0.0004861249999999345,0.0005707499999999949,0.0007497153313924763
0.08125,0.03375,0.005,6.25e-08,-0.0791266,-0.106849,-0.07943499999999995,-0.10701524999999998,0.00030839999999994483,0.00016624999999997891,0.0003503564220903607
0.08375,0.03375,0.005,6.25e-08,-0.0620703,-0.0983561,-0.06228977499999995,-0.09818707499999997,0.00021947499999994818,-0.00016902500000003096,0.00027701755585158807
0.08625,0.03375,0.005,6.25e-08,-0.0459391,-0.0865966,-0.04614605000000005,-0.08619635000000003,0.00020695000000005292,-0.00040024999999996314,0.0004505866897723372
0.08875,0.03375,0.005,6.25e-08,-0.0314267,-0.0721758,-0.031673025000000035,-0.07166845000000005,0.0002463250000000333,-0.0005073499999999481,0.0005639858403585712
0.09125,0.03375,0.005,6.25e-08,-0.0191499,-0.0559165,-0.01946477500000003,-0.05542885000000005,0.0003148750000000304,-0.0004876499999999506,0.0005804729004225529
0.09375,0.03375,0.005,6.25e-08,-0.00958574,-0.0388065,-0.00999579,-0.0384583,0.0004100499999999986,-0.0003481999999999999,0.0005379444604231917
0.09625,0.03375,0.005,6.25e-08,-0.00315897,-0.0219305,-0.0035882049999999867,-0.021835749999999952,0.0004292349999999866,-9.475000000004619e-05,0.00043956825149798665
0.09875,0.03375,0.005,6.25e-08,-0.000393725,-0.00644223,-0.0003924834999999957,-0.006679769999999961,-1.2415000000043147e-06,0.0002375399999999606,0.00023754324432033694
0.00125,0.03625,0.005,6.25e-08,-0.000562143,0.0130309,-0.00044627174999999997,0.012857582499999999,-0.00011587125,0.0001733175000000007,0.00020848285872659348
0.00375,0.03625,0.005,6.25e-08,-0.00348297,0.035472,-0.0037321524999999996,0.035784575,0.00024918249999999944,-0.00031257500000000243,0.00039974372907057744
0.00625,0.03625,0.005,6.25e-08,-0.0094141,0.0543081,-0.0096542175,0.05503497500000001,0.0002401174999999995,-0.0007268750000000088,0.0007655087716226788
0.00875,0.03625,0.005,6.25e-08,-0.017401,0.0697179,-0.01763525,0.07078835,0.00023425000000000182,-0.0010704500000000006,0.001095781120936112
0.01125,0.03625,0.005,6.25e-08,-0.0268754,0.0819701,-0.027187749999999997,0.083313475,0.00031234999999999596,-0.0013433749999999939,0.0013792095247368984
0.01375,0.03625,0.005,6.25e-08,-0.0374714,0.0913667,-0.0379071,0.09291705,0.0004356999999999972,-0.0015503500000000059,0.0016104097654013453
0.01625,0.03625,0.005,6.25e-08,-0.048872,0.0982073,-0.049461849999999995,0.099905325,0.0005898499999999959,-0.0016980250000000058,0.0017975572099727492
0.01875,0.03625,0.005,6.25e-08,-0.0608113,0.102765,-0.061581575,0.10455724999999999,0.0007702750000000008,-0.0017922499999999952,0.0019507648854039238
0.02125,0.03625,0.005,6.25e-08,-0.0730724,0.10527,-0.07404515,0.10710800000000001,0.0009727500000000083,-0.0018380000000000063,0.002079539988194514
0.02375,0.03625,0.005,6.25e-08,-0.0854761,0.105903,-0.08666902500000001,0.10774224999999998,0.0011929250000000113,-0.0018392499999999867,0.002192238722886944
0.02625,0.03625,0.005,6.25e-08,-0.0978691,0.104797,-0.099296975,0.10659275,0.0014278749999999951,-0.0017957499999999987,0.0022942417218168145
0.02875,0.03625,0.005,6.25e-08,-0.110116,0.102036,-0.11179025,0.10374649999999999,0.0016742499999999882,-0.0017104999999999898,0.002393516933823516
0.03125,0.03625,0.005,6.25e-08,-0.122092,0.0976713,-0.12402025000000001,0.09925335,0.0019282500000000063,-0.0015820500000000015,0.0024941993234302725
0.03375,0.03625,0.005,6.25e-08,-0.133674,0.0917283,-0.13586275,0.09313795,0.002188750000000017,-0.0014096499999999984,0.0026034092427046638
0.03625,0.03625,0.005,6.25e-08,-0.144742,0.0842189,-0.14719000000000002,0.0854119,0.0024480000000000057,-0.0011929999999999996,0.0027232247428370703
0.03875,0.03625,0.005,6.25e-08,-0.155166,0.0751539,-0.15786975000000003,0.0760869,0.0027037500000000325,-0.0009330000000000033,0.00286020157724944
0.04125,0.03625,0.005,6.25e-08,-0.164809,0.0645547,-0.16775825,0.065186125,0.0029492499999999866,-0.000631424999999991,0.003016085723769288
0.04375,0.03625,0.005,6.25e-08,-0.173525,0.0524641,-0.17670075000000002,0.052756325,0.003175750000000005,-0.0002922250000000001,0.0031891665859790125
0.04625,0.03625,0.005,6.25e-08,-0.181152,0.0389569,-0.18452775,0.0388782,0.003375749999999983,7.870000000000099e-05,0.0033766672552236897
0.04875,0.03625,0.005,6.25e-08,-0.187516,0.0241495,-0.19105525,0.0236769,0.0035392500000000215,0.0004726000000000001,0.0035706639890222313
0.05125,0.03625,0.005,6.25e-08,-0.192432,0.00820941,-0.19608650000000002,0.0073317750000000004,0.0036545000000000327,0.0008776349999999999,0.0037584057049798707
0.05375,0.03625,0.005,6.25e-08,-0.195703,-0.00863614,-0.19941375,-0.0099145,0.0037107500000000126,0.0012783599999999992,0.003924776407911677
0.05625,0.03625,0.005,6.25e-08,-0.19713,-0.0260924,-0.20082624999999998,-0.027748250000000002,0.0036962499999999843,0.0016558500000000004,0.004050197931583083
0.05875,0.03625,0.005,6.25e-08,-0.196517,-0.0437914,-0.20011925,-0.04577922499999998,0.0036022500000000013,0.001987824999999978,0.0041143229446805605
0.06125,0.03625,0.005,6.25e-08,-0.193685,-0.0612888,-0.197107,-0.06353875,0.0034220000000000084,0.0022499500000000075,0.004095407061880429
0.06375,0.03625,0.005,6.25e-08,-0.188483,-0.0780659,-0.19164024999999996,-0.08048365000000005,0.003157249999999945,0.002417750000000052,0.003976649673405982
0.06625,0.03625,0.005,6.25e-08,-0.180815,-0.0935386,-0.183629,-0.09600792500000005,0.002813999999999983,0.00246932500000005,0.0037438164959871035
0.06875,0.03625,0.005,6.25e-08,-0.170658,-0.107075,-0.17306524999999998,-0.10946450000000003,0.002407249999999972,0.0023895000000000305,0.003391837674845306
0.07125,0.03625,0.005,6.25e-08,-0.158084,-0.118024,-0.16004775000000004,-0.12019899999999997,0.001963750000000042,0.0021749999999999686,0.0029303479422246137
0.07375,0.03625,0.005,6.25e-08,-0.143289,-0.125756,-0.14480600000000005,-0.12759325,0.001517000000000046,0.0018372499999999847,0.0023825986994246606
0.07625,0.03625,0.005,6.25e-08,-0.126611,-0.129718,-0.12771225000000005,-0.13112275,0.0011012500000000536,0.0014047500000000102,0.001784957737594968
0.07875,0.03625,0.005,6.25e-08,-0.108534,-0.129494,-0.10928749999999995,-0.13041574999999997,0.0007534999999999487,0.0009217499999999712,0.0011905399247819745
0.08125,0.03625,0.005,6.25e-08,-0.0896861,-0.124866,-0.09018549999999995,-0.12531124999999999,0.0004993999999999416,0.0004452499999999804,0.0006690649613452525
0.08375,0.03625,0.005,6.25e-08,-0.0708155,-0.115875,-0.07116432499999994,-0.11590749999999997,0.00034882499999994154,3.2499999999963114e-05,0.0003503357398624309
0.08625,0.03625,0.005,6.25e-08,-0.0527421,-0.102859,-0.05303635000000005,-0.10258790000000004,0.0002942500000000514,-0.0002710999999999686,0.00040009782866195766
0.08875,0.03625,0.005,6.25e-08,-0.0362988,-0.0864575,-0.03660885000000004,-0.08602255000000004,0.00031005000000004085,-0.00043494999999996176,0.0005341465201608937
0.09125,0.03625,0.005,6.25e-08,-0.0222486,-0.0675899,-0.02261912500000003,-0.06713735000000005,0.00037052500000003125,-0.0004525499999999405,0.0005848848417637179
0.09375,0.03625,0.005,6.25e-08,-0.0112034,-0.0473907,-0.01167555,-0.047059174999999995,0.0004721499999999993,-0.0003315250000000061,0.0005769180601480625
0.09625,0.03625,0.005,6.25e-08,-0.00372001,-0.0271239,-0.004212444999999985,-0.027043799999999944,0.0004924349999999847,-8.010000000005513e-05,0.0004989070446736484
0.09875,0.03625,0.005,6.25e-08,-0.000471868,-0.00813984,-0.0004632847499999949,-0.00839989249999995,-8.583250000005122e-06,0.00026005249999994963,0.00026019411011163644
0.00125,0.03875,0.005,6.25e-08,-0.000575078,0.0148532,-0.00045620299999999997,0.01462165,-0.00011887500000000006,0.0002315500000000005,0.0002602819012628428
0.00375,0.03875,0.005,6.25e-08,-0.00356505,0.0402205,-0.0038159074999999996,0.0405436,0.00025085749999999947,-0.0003230999999999998,0.0004090514580175086
0.00625,0.03875,0.005,6.25e-08,-0.00963846,0.0613638,-0.009872530000000001,0.062156775,0.00023407000000000115,-0.0007929749999999944,0.0008267999247248343
0.00875,0.03875,0.005,6.25e-08,-0.0178178,0.0785549,-0.018036475000000003,0.07973435,0.0002186750000000015,-0.0011794499999999986,0.001199550356644104
0.01125,0.03875,0.005,6.25e-08,-0.0275204,0.0921477,-0.027808899999999998,0.09363339999999999,0.0002884999999999971,-0.0014856999999999926,0.0015134519285395147
0.01375,0.03875,0.005,6.25e-08,-0.0383704,0.102521,-0.0387759,0.10424025,0.0004055000000000031,-0.0017192500000000055,0.0017664231691471954
0.01625,0.03875,0.005,6.25e-08,-0.0500433,0.110041,-0.050598825,0.1119295,0.0005555250000000012,-0.0018885000000000013,0.0019685121984953525
0.01875,0.03875,0.005,6.25e-08,-0.0622688,0.115037,-0.063003325,0.117037,0.0007345249999999998,-0.0020000000000000018,0.002130616571705244
0.02125,0.03875,0.005,6.25e-08,-0.074829,0.117782,-0.07576732500000001,0.1198435,0.0009383250000000037,-0.0020615000000000078,0.002265002440534014
0.02375,0.03875,0.005,6.25e-08,-0.0875465,0.118491,-0.088709725,0.12056700000000001,0.0011632250000000038,-0.0020760000000000084,0.002379678213671975
0.02625,0.03875,0.005,6.25e-08,-0.100273,0.117317,-0.101679275,0.11936375,0.0014062749999999985,-0.00204675,0.0024833032312073762
0.02875,0.03875,0.005,6.25e-08,-0.112881,0.114363,-0.11454500000000001,0.11633525,0.0016640000000000127,-0.001972249999999995,0.002580439122029431
0.03125,0.03875,0.005,6.25e-08,-0.125254,0.109687,-0.127188,0.111539,0.0019339999999999913,-0.0018519999999999925,0.0026777341167487
0.03375,0.03875,0.005,6.25e-08,-0.13728,0.103314,-0.13949375,0.10500024999999999,0.0022137499999999866,-0.0016862499999999864,0.002782827361695277
0.03625,0.03875,0.005,6.25e-08,-0.148848,0.0952542,-0.1513465,0.09672689999999999,0.002498499999999987,-0.0014726999999999935,0.0029002323251767115
0.03875,0.03875,0.005,6.25e-08,-0.159839,0.08551,-0.16262274999999998,0.0867215,0.0027837499999999737,-0.0012115000000000042,0.0030359506439499085
0.04125,0.03875,0.005,6.25e-08,-0.170124,0.0740918,-0.1731895,0.074994975,0.0030654999999999988,-0.0009031750000000061,0.003195780863986923
0.04375,0.03875,0.005,6.25e-08,-0.179562,0.0610288,-0.182896,0.061578875,0.0033340000000000036,-0.0005500749999999971,0.0033790736164850004
0.04625,0.03875,0.005,6.25e-08,-0.187994,0.0463806,-0.19157600000000002,0.046536925,0.0035820000000000296,-0.00015632499999999883,0.0035854095310891908
0.04875,0.03875,0.005,6.25e-08,-0.195243,0.030248,-0.19904125,0.029977149999999998,0.003798250000000003,0.00027085000000000303,0.0038078947969974204
0.05125,0.03875,0.005,6.25e-08,-0.201113,0.012784,-0.2050855,0.012063034999999998,0.003972500000000018,0.0007209650000000022,0.004037393562835452
0.05375,0.03875,0.005,6.25e-08,-0.205394,-0.00579498,-0.2094825,-0.0069745275,0.004088499999999995,0.0011795475000000001,0.0042552514091127695
0.05625,0.03875,0.005,6.25e-08,-0.207858,-0.0251988,-0.21199325,-0.026826575000000002,0.004135250000000007,0.0016277750000000014,0.00444409090963777
0.05875,0.03875,0.005,6.25e-08,-0.208276,-0.0450541,-0.212373,-0.04709652499999997,0.004097000000000017,0.0020424249999999727,0.004577871654014016
0.06125,0.03875,0.005,6.25e-08,-0.20642,-0.0648976,-0.21038600000000002,-0.06729365,0.003966000000000025,0.002396049999999997,0.004633595968845383
0.06375,0.03875,0.005,6.25e-08,-0.202086,-0.0841734,-0.20582024999999998,-0.08683237500000004,0.0037342499999999945,0.0026589750000000495,0.004584187072221772
0.06625,0.03875,0.005,6.25e-08,-0.195111,-0.102237,-0.19851524999999998,-0.10503925000000006,0.00340424999999997,0.0028022500000000616,0.004409254259509213
0.06875,0.03875,0.005,6.25e-08,-0.1854,-0.118372,-0.18838749999999999,-0.12117275000000004,0.0029874999999999763,0.0028007500000000324,0.004095040514146354
0.07125,0.03875,0.005,6.25e-08,-0.172959,-0.131812,-0.17546525000000002,-0.13445399999999996,0.0025062500000000154,0.00264199999999995,0.003641627803949741
0.07375,0.03875,0.005,6.25e-08,-0.157921,-0.14179,-0.15991675000000005,-0.144119,0.001995750000000046,0.0023289999999999977,0.003067125537453623
0.07625,0.03875,0.005,6.25e-08,-0.14058,-0.147594,-0.14208025000000005,-0.14947874999999997,0.0015002500000000363,0.0018847499999999628,0.0024089484479747525
0.07875,0.03875,0.005,6.25e-08,-0.121412,-0.148645,-0.12247324999999995,-0.15000049999999998,0.0010612499999999442,0.0013554999999999817,0.0017215202039185691
0.08125,0.03875,0.005,6.25e-08,-0.101072,-0.144575,-0.10179134999999995,-0.14537925,0.000719349999999952,0.0008042499999999786,0.0010790192236470565
0.08375,0.03875,0.005,6.25e-08,-0.0803823,-0.135309,-0.08087819999999994,-0.13561124999999996,0.0004958999999999381,0.0003022499999999484,0.0005807511278507407
0.08625,0.03875,0.005,6.25e-08,-0.060284,-0.121124,-0.06067357500000005,-0.12103625000000004,0.0003895750000000517,-8.774999999995592e-05,0.0003993353767512121
0.08875,0.03875,0.005,6.25e-08,-0.0417659,-0.102676,-0.04214205000000005,-0.10235245000000007,0.0003761500000000473,-0.0003235499999999364,0.0004961586691775066
0.09125,0.03875,0.005,6.25e-08,-0.0257647,-0.0809765,-0.026191625000000038,-0.08058477500000005,0.0004269250000000363,-0.0003917249999999539,0.0005794078280882948
0.09375,0.03875,0.005,6.25e-08,-0.0130592,-0.0573217,-0.013595874999999999,-0.0570223,0.0005366749999999986,-0.0002994000000000052,0.0006145408168909544
0.09625,0.03875,0.005,6.25e-08,-0.00437225,-0.0331825,-0.004932532499999981,-0.03312487499999993,0.0005602824999999811,-5.762500000006804e-05,0.0005632380672781597
0.09875,0.03875,0.005,6.25e-08,-0.000565272,-0.0101412,-0.000545736999999994,-0.01042413999999994,-1.9535000000006067e-05,0.0002829399999999399,0.0002836135748249125
0.00125,0.04125,0.005,6.25e-08,-0.000580984,0.0167077,-0.00046087925,0.016414525,-0.00012010474999999999,0.0002931749999999997,0.00031682287101401365
0.00375,0.04125,0.005,6.25e-08,-0.00360754,0.0450559,-0.0038573774999999997,0.045383024999999994,0.0002498374999999999,-0.0003271249999999906,0.00041161819934405693
0.00625,0.04125,0.005,6.25e-08,-0.00976102,0.0685516,-0.009984905000000002,0.069402275,0.0002238850000000018,-0.0008506749999999952,0.0008796433645802101
0.00875,0.04125,0.005,6.25e-08,-0.0180527,0.0875593,-0.018249325000000004,0.08883875,0.00019662500000000235,-0.0012794499999999875,0.0012944704296062421
0.01125,0.04125,0.005,6.25e-08,-0.0278908,0.102519,-0.028145925,0.10413825,0.0002551249999999984,-0.0016192500000000026,0.0016392252219036307
0.01375,0.04125,0.005,6.25e-08,-0.0388928,0.113887,-0.03925475,0.1157675,0.00036194999999999977,-0.0018804999999999933,0.0019150164627229644
0.01625,0.04125,0.005,6.25e-08,-0.0507287,0.122101,-0.0512324,0.124173,0.0005036999999999958,-0.0020720000000000044,0.0021323455840927884
0.01875,0.04125,0.005,6.25e-08,-0.0631249,0.127545,-0.06380185000000001,0.12974950000000002,0.0006769500000000095,-0.002204500000000026,0.002306096605196783
0.02125,0.04125,0.005,6.25e-08,-0.0758634,0.130543,-0.07674117500000001,0.13282575,0.0008777750000000112,-0.00228275,0.0024456975514411056
0.02375,0.04125,0.005,6.25e-08,-0.08877,0.131343,-0.0898723,0.13365624999999998,0.0011023000000000005,-0.002313249999999989,0.00256245797087483
0.02625,0.04125,0.005,6.25e-08,-0.101702,0.130126,-0.10305,0.1324245,0.001348000000000002,-0.002298500000000009,0.0026646212207366445
0.02875,0.04125,0.005,6.25e-08,-0.114541,0.127011,-0.11615249999999999,0.129249,0.001611499999999988,-0.00223799999999999,0.0027578209242080814
0.03125,0.04125,0.005,6.25e-08,-0.127181,0.122065,-0.12907174999999999,0.12419525,0.0018907499999999966,-0.0021302499999999863,0.0028483154012503478
0.03375,0.04125,0.005,6.25e-08,-0.139522,0.115317,-0.14170525,0.11729124999999999,0.0021832499999999977,-0.001974249999999983,0.002943508726842834
0.03625,0.04125,0.005,6.25e-08,-0.151466,0.106772,-0.153951,0.10854074999999999,0.002485000000000015,-0.0017687499999999856,0.0030501969710987555
0.03875,0.04125,0.005,6.25e-08,-0.162907,0.0964243,-0.16570000000000001,0.097936525,0.0027930000000000177,-0.001512224999999992,0.003176109798263447
0.04125,0.04125,0.005,6.25e-08,-0.173728,0.0842722,-0.1768305,0.0854753,0.003102500000000008,-0.0012030999999999986,0.0033276051238090203
0.04375,0.04125,0.005,6.25e-08,-0.183799,0.0703282,-0.187204,0.07117079999999999,0.003405000000000019,-0.0008425999999999989,0.003507705768732624
0.04625,0.04125,0.005,6.25e-08,-0.192966,0.0546324,-0.19666075,0.055065699999999995,0.0036947499999999966,-0.0004332999999999976,0.003720070759071657
0.04875,0.04125,0.005,6.25e-08,-0.201057,0.0372645,-0.20501724999999998,0.037244900000000004,0.003960249999999971,1.9599999999994622e-05,0.003960298501691478
0.05125,0.04125,0.005,6.25e-08,-0.207874,0.0183566,-0.21206325000000004,0.01784875,0.004189250000000033,0.0005078500000000007,0.004219920281830011
0.05375,0.04125,0.005,6.25e-08,-0.213194,-0.00189433,-0.21756175,-0.0029130402500000003,0.004367750000000004,0.0010187102500000002,0.004484976102049496
0.05625,0.04125,0.005,6.25e-08,-0.216772,-0.0232126,-0.221252,-0.0247472,0.004480000000000012,0.0015346000000000005,0.004735546131123643
0.05875,0.04125,0.005,6.25e-08,-0.218346,-0.045231,-0.22285625,-0.04726322499999997,0.004510249999999993,0.002032224999999971,0.004946947898767969
0.06125,0.04125,0.005,6.25e-08,-0.217647,-0.0674789,-0.22208875,-0.0699617,0.004441749999999994,0.0024828000000000072,0.005088559609801185
0.06375,0.04125,0.005,6.25e-08,-0.214412,-0.0893748,-0.21867575,-0.09222720000000006,0.004263750000000011,0.0028524000000000604,0.005129887895704977
0.06625,0.04125,0.005,6.25e-08,-0.208409,-0.110224,-0.21237849999999997,-0.11332900000000004,0.003969499999999959,0.0031050000000000383,0.0050396384046873756
0.06875,0.04125,0.005,6.25e-08,-0.199461,-0.129227,-0.20302599999999996,-0.13243375000000007,0.003564999999999957,0.0032067500000000637,0.004795046460932376
0.07125,0.04125,0.005,6.25e-08,-0.187487,-0.145505,-0.190554,-0.14863599999999993,0.003067000000000014,0.0031309999999999394,0.004382881472273658
0.07375,0.04125,0.005,6.25e-08,-0.172537,-0.158138,-0.17504675000000003,-0.16100774999999998,0.002509750000000033,0.0028697499999999765,0.0038123890311719277
0.07625,0.04125,0.005,6.25e-08,-0.154838,-0.166234,-0.15677550000000007,-0.16866975,0.0019375000000000642,0.0024357500000000143,0.0031123599265670283
0.07875,0.04125,0.005,6.25e-08,-0.134822,-0.169011,-0.13622949999999992,-0.17088474999999997,0.0014074999999999227,0.0018737499999999796,0.0023435006534028757
0.08125,0.04125,0.005,6.25e-08,-0.113153,-0.165906,-0.11412224999999994,-0.16715625,0.0009692499999999354,0.0012502500000000083,0.001581951524225662
0.08375,0.04125,0.005,6.25e-08,-0.0907104,-0.156675,-0.09137149999999994,-0.15732649999999998,0.0006610999999999423,0.0006514999999999715,0.000928173184271064
0.08625,0.04125,0.005,6.25e-08,-0.0685553,-0.14149,-0.06904775000000007,-0.14164900000000005,0.0004924500000000748,0.000159000000000048,0.000517482369264972
0.08875,0.04125,0.005,6.25e-08,-0.0478476,-0.120986,-0.04829062500000006,-0.12081900000000007,0.0004430250000000621,-0.0001669999999999311,0.0004734555423955158
0.09125,0.04125,0.005,6.25e-08,-0.0297267,-0.0962563,-0.030208825000000043,-0.09595487500000008,0.00048212500000004155,-0.00030142499999992467,0.0005685961187433437
0.09375,0.04125,0.005,6.25e-08,-0.0151757,-0.0687682,-0.01577845,-0.068518625,0.0006027499999999991,-0.0002495750000000019,0.000652376611417822
0.09625,0.04125,0.005,6.25e-08,-0.00512678,-0.0402305,-0.005759039999999979,-0.04020329999999992,0.0006322599999999791,-2.7200000000081326e-05,0.0006328448053037791
0.09875,0.04125,0.005,6.25e-08,-0.000676399,-0.0124963,-0.000641331749999993,-0.012800622499999928,-3.506725000000709e-05,0.00030432249999992785,0.0003063362466780075
0.00125,0.04375,0.005,6.25e-08,-0.000579832,0.0185734,-0.0004603065,0.0182159,-0.00011952549999999995,0.0003575000000000002,0.0003769517146137554
0.00375,0.04375,0.005,6.25e-08,-0.0036105,0.0499276,-0.0038566625,0.050250899999999994,0.00024616250000000003,-0.00032329999999999165,0.00040634820832168635
0.00625,0.04375,0.005,6.25e-08,-0.00978196,0.0757996,-0.009991472500000001,0.0766971,0.0002095125000000017,-0.0008975000000000094,0.0009216299353082384
0.00875,0.04375,0.005,6.25e-08,-0.018105,0.0966435,-0.018273300000000003,0.09801080000000001,0.00016830000000000317,-0.0013673000000000157,0.0013776190257106804
0.01125,0.04375,0.005,6.25e-08,-0.0279842,0.112983,-0.028196275,0.11472475,0.00021207499999999907,-0.0017417500000000002,0.0017546135951043468
0.01375,0.04375,0.005,6.25e-08,-0.0390323,0.125356,-0.039337300000000006,0.12738675,0.00030500000000000665,-0.002030749999999998,0.002053526372487092
0.01625,0.04375,0.005,6.25e-08,-0.0509151,0.134268,-0.051349725,0.136515,0.000434625000000001,-0.002246999999999999,0.0022886476117185443
0.01875,0.04375,0.005,6.25e-08,-0.0633569,0.140166,-0.0639548,0.14256575,0.0005979000000000123,-0.0023997499999999783,0.0024731123048701022
0.02125,0.04375,0.005,6.25e-08,-0.0761403,0.143421,-0.07693132500000001,0.14591925000000003,0.0007910250000000146,-0.002498250000000035,0.0026204911015161258
0.02375,0.04375,0.005,6.25e-08,-0.0890947,0.144324,-0.090104875,0.14687,0.001010175000000002,-0.0025459999999999927,0.0027390818773130837
0.02625,0.04375,0.005,6.25e-08,-0.102085,0.143083,-0.1033375,0.14563025,0.0012525000000000036,-0.002547250000000001,0.002838527578252502
0.02875,0.04375,0.005,6.25e-08,-0.115001,0.139836,-0.11651600000000001,0.14233774999999999,0.0015150000000000025,-0.002501749999999997,0.0029247184586725598
0.03125,0.04375,0.005,6.25e-08,-0.127749,0.134661,-0.1295455,0.13707049999999998,0.0017965000000000064,-0.002409499999999981,0.0030055120196066315
0.03375,0.04375,0.005,6.25e-08,-0.140246,0.127593,-0.14233825,0.12985950000000002,0.00209224999999999,-0.0022665000000000046,0.0030845635530006477
0.03625,0.04375,0.005,6.25e-08,-0.152405,0.118632,-0.154808,0.12070499999999999,0.0024029999999999885,-0.0020729999999999915,0.0031736001638517585
0.03875,0.04375,0.005,6.25e-08,-0.16414,0.107765,-0.16686275,0.1095895,0.002722749999999996,-0.0018245000000000067,0.003277524647123192
0.04125,0.04375,0.005,6.25e-08,-0.175348,0.0949762,-0.17839725,0.09649675,0.0030492500000000033,-0.0015205500000000094,0.0034073446941863764
0.04375,0.04375,0.005,6.25e-08,-0.185914,0.0802594,-0.18928974999999998,0.08141910000000001,0.003375749999999983,-0.0011597000000000135,0.003569396609022303
0.04625,0.04375,0.005,6.25e-08,-0.195699,0.0636324,-0.19939500000000002,0.06437522500000001,0.003696000000000005,-0.0007428250000000025,0.0037699078212371506
0.04875,0.04375,0.005,6.25e-08,-0.204539,0.0451493,-0.2085395,0.045422225,0.00400049999999999,-0.0002729249999999933,0.004009799035565862
0.05125,0.04375,0.005,6.25e-08,-0.212241,0.0249145,-0.21651925,0.024670525000000002,0.0042782499999999835,0.00024397499999999697,0.0042852009128073396
0.05375,0.04375,0.005,6.25e-08,-0.21858,0.00309749,-0.22309525000000002,0.00229972075,0.004515250000000026,0.0007977692500000001,0.004585184656995376
0.05625,0.04375,0.005,6.25e-08,-0.223301,-0.0200511,-0.22799599999999998,-0.0214243,0.004694999999999977,0.0013732000000000015,0.004891697378211349
0.05875,0.04375,0.005,6.25e-08,-0.226119,-0.0441826,-0.2309165,-0.04613137499999997,0.00479750000000001,0.0019487749999999651,0.005178197587059127
0.06125,0.04375,0.005,6.25e-08,-0.226726,-0.068834,-0.23153175,-0.07132957499999999,0.0048057499999999975,0.002495574999999986,0.005415083345907513
0.06375,0.04375,0.005,6.25e-08,-0.224808,-0.0934131,-0.229508,-0.09639087500000007,0.004699999999999982,0.0029777750000000713,0.005563914444941193
0.06625,0.04375,0.005,6.25e-08,-0.220059,-0.11719,-0.22452575,-0.12054300000000007,0.0044667499999999916,0.0033530000000000643,0.005585200494386961
0.06875,0.04375,0.005,6.25e-08,-0.212215,-0.139295,-0.21631725,-0.14287425000000004,0.004102250000000002,0.003579250000000034,0.005444215795227101
0.07125,0.04375,0.005,6.25e-08,-0.201092,-0.158738,-0.20470650000000004,-0.16235424999999995,0.0036145000000000482,0.0036162499999999598,0.005112912507808055
0.07375,0.04375,0.005,6.25e-08,-0.186633,-0.174444,-0.18966575000000002,-0.17788274999999995,0.0030327500000000285,0.0034387499999999627,0.004585038072361004
0.07625,0.04375,0.005,6.25e-08,-0.168965,-0.185318,-0.17136750000000006,-0.18836424999999998,0.0024025000000000574,0.0030462499999999726,0.003879644998256942
0.07875,0.04375,0.005,6.25e-08,-0.148447,-0.190342,-0.15023224999999993,-0.1928145,0.0017852499999999327,0.0024724999999999886,0.003049651424753279
0.08125,0.04375,0.005,6.25e-08,-0.125712,-0.188701,-0.12695949999999995,-0.19048849999999998,0.001247499999999957,0.0017874999999999697,0.002179773497407422
0.08375,0.04375,0.005,6.25e-08,-0.101675,-0.179922,-0.10251864999999993,-0.18100974999999997,0.000843649999999932,0.0010877499999999707,0.0013765701525893337
0.08625,0.04375,0.005,6.25e-08,-0.0775029,-0.164007,-0.07810490000000007,-0.16448375000000004,0.0006020000000000747,0.0004767500000000535,0.0007679157261706137
0.08875,0.04375,0.005,6.25e-08,-0.0545375,-0.141518,-0.05504670000000006,-0.14156025000000005,0.0005092000000000568,4.225000000004919e-05,0.0005109498042861569
0.09125,0.04375,0.005,6.25e-08,-0.0341497,-0.113603,-0.03468452500000005,-0.11342650000000008,0.0005348250000000512,-0.00017649999999991284,0.0005631962629714654
0.09375,0.04375,0.005,6.25e-08,-0.0175706,-0.0819051,-0.01823975,-0.081725575,0.0006691500000000003,-0.00017952499999999982,0.0006928137903686678
0.09625,0.04375,0.005,6.25e-08,-0.00599352,-0.0484014,-0.006701339999999976,-0.0484135499999999,0.0007078199999999762,1.2149999999905292e-05,0.0007079242720093471
0.09875,0.04375,0.005,6.25e-08,-0.000807695,-0.0152609,-0.0007514982499999917,-0.015582799999999914,-5.619675000000828e-05,0.00032189999999991323,0.00032676854914527435
0.00125,0.04625,0.005,6.25e-08,-0.000571928,0.0204297,-0.0004547285,0.020005975000000002,-0.00011719949999999997,0.0004237249999999963,0.0004396346192297041
0.00375,0.04625,0.005,6.25e-08,-0.00357582,0.0547861,-0.0038157449999999997,0.055096525,0.00023992499999999977,-0.00031042500000000306,0.0003923361903393591
0.00625,0.04625,0.005,6.25e-08,-0.00970587,0.0830369,-0.009896835000000001,0.083968025,0.00019096500000000127,-0.0009311250000000049,0.0009505058636589306
0.00875,0.04625,0.005,6.25e-08,-0.0179818,0.10572,-0.018115450000000005,0.1071605,0.00013365000000000599,-0.0014405000000000112,0.0014466867568689616
0.01125,0.04625,0.005,6.25e-08,-0.0278086,0.123441,-0.027968125,0.1252895,0.00015952500000000064,-0.001848500000000003,0.0018553707111046598
0.01375,0.04625,0.005,6.25e-08,-0.0387955,0.136815,-0.039030425,0.13898149999999998,0.00023492500000000388,-0.002166499999999988,0.0021791998544477167
0.01625,0.04625,0.005,6.25e-08,-0.0506049,0.146419,-0.050953625,0.148827,0.0003487250000000011,-0.0024079999999999935,0.002433120039296247
0.01875,0.04625,0.005,6.25e-08,-0.0629595,0.152764,-0.063457525,0.15534725,0.0004980249999999992,-0.0025832499999999814,0.002630819161995918
0.02125,0.04625,0.005,6.25e-08,-0.0756428,0.156274,-0.076321925,0.1589755,0.0006791250000000026,-0.0027014999999999956,0.002785554346198433
0.02375,0.04625,0.005,6.25e-08,-0.0884886,0.157281,-0.089376525,0.1600485,0.0008879249999999977,-0.002767500000000006,0.002906452658417995
0.02625,0.04625,0.005,6.25e-08,-0.101369,0.156026,-0.1024905,0.15881175,0.0011214999999999975,-0.0027857500000000035,0.0030030260259445
0.02875,0.04625,0.005,6.25e-08,-0.114186,0.152669,-0.11556175,0.155426,0.001375750000000009,-0.0027570000000000094,0.003081190851359272
0.03125,0.04625,0.005,6.25e-08,-0.126858,0.147303,-0.12850875,0.14998275,0.0016507500000000064,-0.0026797500000000085,0.003147385522143747
0.03375,0.04625,0.005,6.25e-08,-0.139318,0.139965,-0.14126,0.14251825,0.0019419999999999993,-0.002553250000000007,0.0032078730589753753
0.03625,0.04625,0.005,6.25e-08,-0.151498,0.130658,-0.15374825,0.13303075,0.002250250000000009,-0.002372750000000007,0.003270102081739968
0.03875,0.04625,0.005,6.25e-08,-0.16333,0.119359,-0.1659005,0.12149575,0.0025705000000000033,-0.002136749999999993,0.003342629326219105
0.04125,0.04625,0.005,6.25e-08,-0.174733,0.106038,-0.17763425,0.10788075000000001,0.002901249999999994,-0.001842750000000018,0.0034370014729412078
0.04375,0.04625,0.005,6.25e-08,-0.185609,0.0906701,-0.18884774999999998,0.09215785,0.0032387499999999847,-0.001487749999999996,0.00356411302079492
0.04625,0.04625,0.005,6.25e-08,-0.195841,0.0732485,-0.19941699999999998,0.07431975,0.003575999999999996,-0.0010712500000000097,0.0037330085135852545
0.04875,0.04625,0.005,6.25e-08,-0.205281,0.0537979,-0.20918799999999999,0.054392075,0.003906999999999994,-0.0005941749999999954,0.003951922687834992
0.05125,0.04625,0.005,6.25e-08,-0.21375,0.0323899,-0.21797075000000002,0.032449775,0.004220750000000023,-5.98750000000009e-05,0.004221174668042676
0.05375,0.04625,0.005,6.25e-08,-0.22103,0.00915859,-0.225537,0.0086341775,0.004506999999999983,0.0005244124999999999,0.004537406469576657
0.05625,0.04625,0.005,6.25e-08,-0.226866,-0.0156807,-0.23161375,-0.01682745,0.004747749999999995,0.001146750000000002,0.00488427739025948
0.05875,0.04625,0.005,6.25e-08,-0.230961,-0.0418112,-0.2358855,-0.04360017499999996,0.004924499999999998,0.0017889749999999635,0.0052393827690506494
0.06125,0.04625,0.005,6.25e-08,-0.232981,-0.0687939,-0.237996,-0.07121815000000001,0.0050150000000000194,0.002424250000000003,0.0055702076319020825
0.06375,0.04625,0.005,6.25e-08,-0.232564,-0.0960453,-0.23756,-0.09906260000000008,0.0049960000000000004,0.003017300000000084,0.0058364471461669655
0.06625,0.04625,0.005,6.25e-08,-0.229337,-0.122819,-0.2341835,-0.12634200000000007,0.004846499999999976,0.0035230000000000677,0.005991668486323341
0.06875,0.04625,0.005,6.25e-08,-0.222944,-0.148197,-0.22749574999999997,-0.15208700000000008,0.0045517499999999655,0.003890000000000088,0.005987531048980069
0.07125,0.04625,0.005,6.25e-08,-0.213088,-0.171091,-0.21719725000000004,-0.17515674999999994,0.0041092500000000365,0.004065749999999951,0.005780679771878036
0.07375,0.04625,0.005,6.25e-08,-0.199583,-0.190272,-0.20311925000000003,-0.19427899999999992,0.0035362500000000185,0.004006999999999927,0.005344259823633161
0.07625,0.04625,0.005,6.25e-08,-0.182424,-0.204431,-0.18529650000000006,-0.20812374999999994,0.0028725000000000556,0.003692749999999939,0.004678424821721502
0.07875,0.04625,0.005,6.25e-08,-0.161854,-0.212279,-0.16403874999999996,-0.21542050000000001,0.0021847499999999576,0.0031415000000000193,0.0038265068682154404
0.08125,0.04625,0.005,6.25e-08,-0.138434,-0.212697,-0.13998324999999992,-0.21511024999999998,0.0015492499999999187,0.002413249999999978,0.00286774321113304
0.08375,0.04625,0.005,6.25e-08,-0.113072,-0.204906,-0.11411624999999992,-0.20652124999999996,0.0010442499999999133,0.001615249999999957,0.0019234059958832613
0.08625,0.04625,0.005,6.25e-08,-0.0870195,-0.188654,-0.08773710000000008,-0.18952875000000005,0.0007176000000000821,0.000874750000000063,0.0011314315368152984
0.08875,0.04625,0.005,6.25e-08,-0.0617962,-0.164359,-0.06236960000000007,-0.1646690000000001,0.0005734000000000641,0.000310000000000088,0.0006518339972724099
0.09125,0.04625,0.005,6.25e-08,-0.0390318,-0.133173,-0.039615550000000055,-0.1331595000000001,0.0005837500000000564,-1.3499999999916357e-05,0.0005839060819173437
0.09375,0.04625,0.005,6.25e-08,-0.020254,-0.0969066,-0.02098985,-0.096820825,0.0007358499999999997,-8.577499999999627e-05,0.000740832351564778
0.09625,0.04625,0.005,6.25e-08,-0.00698011,-0.0578356,-0.007767159999999971,-0.05789777499999989,0.0007870499999999706,6.217499999988663e-05,0.0007895020159093576
0.09875,0.04625,0.005,6.25e-08,-0.000961322,-0.0184956,-0.0008775704999999902,-0.018829124999999895,-8.375150000000978e-05,0.00033352499999989363,0.00034387968735762904
0.00125,0.04875,0.005,6.25e-08,-0.000558011,0.0222576,-0.00044468700000000003,0.021766475,-0.00011332399999999993,0.0004911249999999985,0.0005040298548707195
0.00375,0.04875,0.005,6.25e-08,-0.00350767,0.0595852,-0.0037389199999999997,0.05987287499999999,0.00023124999999999968,-0.0002876749999999942,0.0003690981822293311
0.00625,0.04875,0.005,6.25e-08,-0.00954296,0.0901969,-0.00971117,0.09114625,0.00016821000000000023,-0.0009493500000000016,0.0009641369335317484
0.00875,0.04875,0.005,6.25e-08,-0.0176996,0.114706,-0.017792150000000003,0.11620100000000001,9.255000000000374e-05,-0.0014950000000000102,0.0014978619771193976
0.01125,0.04875,0.005,6.25e-08,-0.0273851,0.133793,-0.027482725,0.13572900000000002,9.762500000000049e-05,-0.001936000000000021,0.0019384598630420701
0.01375,0.04875,0.005,6.25e-08,-0.0382053,0.148149,-0.038357925,0.1504335,0.00015262500000000345,-0.002284499999999995,0.002289592680068876
0.01625,0.04875,0.005,6.25e-08,-0.0498194,0.158426,-0.05006675,0.1609775,0.00024735000000000035,-0.0025514999999999843,0.002563461385022197
0.01875,0.04875,0.005,6.25e-08,-0.0619484,0.165197,-0.062327725,0.1679475,0.0003793249999999998,-0.002750499999999989,0.0027765333971744226
0.02125,0.04875,0.005,6.25e-08,-0.0743774,0.168944,-0.07492185000000001,0.17183274999999998,0.0005444500000000158,-0.0028887499999999677,0.002939609219777321
0.02375,0.04875,0.005,6.25e-08,-0.0869449,0.170044,-0.087683075,0.17301725,0.0007381749999999937,-0.0029732500000000106,0.0030635139779548997
0.02625,0.04875,0.005,6.25e-08,-0.0995317,0.168773,-0.100488525,0.17178175,0.0009568249999999945,-0.0030087500000000045,0.003157228316597489
0.02875,0.04875,0.005,6.25e-08,-0.112051,0.165318,-0.11324825000000001,0.1683135,0.0011972500000000108,-0.002995500000000012,0.0032258995354009553
0.03125,0.04875,0.005,6.25e-08,-0.124437,0.159786,-0.12589475,0.16272,0.0014577499999999938,-0.002933999999999992,0.003276185443850811
0.03375,0.04875,0.005,6.25e-08,-0.13664,0.152225,-0.13837525,0.1550475,0.0017352499999999937,-0.0028225000000000056,0.0033132459631756905
0.03625,0.04875,0.005,6.25e-08,-0.148614,0.142636,-0.15064275,0.145293,0.002028749999999996,-0.0026569999999999927,0.003342974059501501
0.03875,0.04875,0.005,6.25e-08,-0.16031,0.13099,-0.16264775,0.1334265,0.0023377499999999996,-0.002436500000000008,0.003376626617276485
0.04125,0.04875,0.005,6.25e-08,-0.171673,0.117246,-0.1743325,0.11940124999999999,0.002659500000000009,-0.0021552499999999836,0.0034231626915032795
0.04375,0.04875,0.005,6.25e-08,-0.18263,0.101358,-0.18562175,0.10316937500000001,0.0029917500000000152,-0.001811375000000004,0.003497377224882255
0.04625,0.04875,0.005,6.25e-08,-0.193088,0.0832944,-0.19641850000000002,0.08469682499999999,0.003330500000000014,-0.001402424999999985,0.003613727456605582
0.04875,0.04875,0.005,6.25e-08,-0.202925,0.0630482,-0.2065955,0.06397595,0.003670499999999993,-0.000927750000000005,0.003785933215536159
0.05125,0.04875,0.005,6.25e-08,-0.211982,0.0406544,-0.21598799999999999,0.041042524999999996,0.004005999999999982,-0.0003881249999999961,0.0040247580070887305
0.05375,0.04875,0.005,6.25e-08,-0.220062,0.0162054,-0.22438775,0.0159931,0.004325749999999989,0.0002122999999999986,0.004330956517041
0.05625,0.04875,0.005,6.25e-08,-0.226921,-0.0101282,-0.23153674999999999,-0.010993695,0.004615749999999974,0.0008654949999999991,0.004696193102665685
0.05875,0.04875,0.005,6.25e-08,-0.232262,-0.0380749,-0.2371205,-0.03963254999999996,0.004858500000000016,0.001557649999999959,0.005102087393655662
0.06125,0.04875,0.005,6.25e-08,-0.235738,-0.0672373,-0.24076999999999998,-0.06950325,0.005031999999999981,0.0022659500000000027,0.0055186550356495214
0.06375,0.04875,0.005,6.25e-08,-0.236953,-0.0970621,-0.24206275,-0.10002032500000008,0.005109749999999996,0.002958225000000078,0.005904289983827473
0.06625,0.04875,0.005,6.25e-08,-0.235478,-0.126813,-0.24054000000000003,-0.13040350000000006,0.005062000000000039,0.003590500000000052,0.006206088482289047
0.06875,0.04875,0.005,6.25e-08,-0.230867,-0.155548,-0.23573249999999996,-0.1596537500000001,0.004865499999999967,0.004105750000000102,0.006366339082431953
0.07125,0.04875,0.005,6.25e-08,-0.222705,-0.182104,-0.22720800000000002,-0.18654649999999992,0.004503000000000035,0.004442499999999933,0.006325568373672022
0.07375,0.04875,0.005,6.25e-08,-0.21066,-0.205117,-0.21463775000000004,-0.20965324999999996,0.003977750000000058,0.004536249999999964,0.006033246151534026
0.07625,0.04875,0.005,6.25e-08,-0.194562,-0.223059,-0.19788150000000004,-0.22740374999999996,0.0033195000000000308,0.004344749999999953,0.0054677173310715135
0.07875,0.04875,0.005,6.25e-08,-0.174498,-0.23435,-0.17708424999999994,-0.23820675000000002,0.0025862499999999566,0.00385675000000002,0.004643620314474465
0.08125,0.04875,0.005,6.25e-08,-0.150898,-0.237507,-0.15276499999999993,-0.24062675,0.0018669999999999243,0.0031197500000000045,0.0036357295089843723
0.08375,0.04875,0.005,6.25e-08,-0.124613,-0.231366,-0.12587074999999992,-0.23360274999999997,0.0012577499999999187,0.002236749999999982,0.0025661226831544346
0.08625,0.04875,0.005,6.25e-08,-0.0969336,-0.215318,-0.09777195000000007,-0.21667775000000006,0.000838350000000071,0.0013597500000000484,0.001597420040252485
0.08875,0.04875,0.005,6.25e-08,-0.0695434,-0.189534,-0.07017820000000008,-0.1901770000000001,0.0006348000000000742,0.0006430000000000879,0.0009035596493869164
0.09125,0.04875,0.005,6.25e-08,-0.0443484,-0.155091,-0.044977700000000065,-0.1552840000000001,0.0006293000000000618,0.000193000000000082,0.0006582305751027594
0.09375,0.04875,0.005,6.25e-08,-0.0232251,-0.113938,-0.024029925,-0.113974,0.0008048250000000021,3.600000000000825e-05,0.0008056297416462503
0.09625,0.04875,0.005,6.25e-08,-0.00808998,-0.0686759,-0.008961949999999967,-0.06880229999999987,0.0008719699999999667,0.00012639999999987384,0.0008810837876728354
0.09875,0.04875,0.005,6.25e-08,-0.00113844,-0.0222644,-0.0010207322499999887,-0.022602349999999872,-0.0001177077500000112,0.0003379499999998717,0.0003578621479144985
0.00125,0.05125,0.005,6.25e-08,-0.000539345,0.0240408,-0.00043108450000000004,0.023481775000000003,-0.00010826049999999995,0.0005590249999999977,0.0005694113508573985
0.00375,0.05125,0.005,6.25e-08,-0.00341309,0.0642855,-0.0036333375,0.06453965,0.00022024749999999997,-0.00025415000000000854,0.0003363051943640692
0.00625,0.05125,0.005,6.25e-08,-0.00931034,0.097221,-0.0094514775,0.09817157500000001,0.00014113749999999925,-0.000950575000000009,0.0009609956423060757
0.00875,0.05125,0.005,6.25e-08,-0.0172863,0.123523,-0.017331175000000004,0.1250535,4.4875000000003246e-05,-0.001530500000000018,0.0015311577370163583
0.01125,0.05125,0.005,6.25e-08,-0.0267506,0.143943,-0.02677725,0.14594725,2.664999999999959e-05,-0.002004250000000013,0.0020044271712886083
0.01375,0.05125,0.005,6.25e-08,-0.0373046,0.159247,-0.037363375000000004,0.16162875,5.877500000000396e-05,-0.002381749999999988,0.00238247509181627
0.01625,0.05125,0.005,6.25e-08,-0.0486033,0.170157,-0.048735375000000004,0.17283300000000001,0.00013207500000000233,-0.0026760000000000117,0.002679257323518042
0.01875,0.05125,0.005,6.25e-08,-0.0603659,0.177316,-0.060610075,0.180214,0.00024417499999999925,-0.0028980000000000117,0.002908268459173786
0.02125,0.05125,0.005,6.25e-08,-0.0723793,0.181264,-0.07276960000000002,0.18432075,0.00039030000000002396,-0.003056749999999997,0.00308156691514236
0.02375,0.05125,0.005,6.25e-08,-0.0844879,0.182429,-0.085052875,0.18558724999999998,0.0005649749999999953,-0.0031582499999999736,0.0032083858578925368
0.02625,0.05125,0.005,6.25e-08,-0.0965821,0.181125,-0.09734595000000001,0.184334,0.0007638500000000104,-0.0032089999999999896,0.0032986584883100507
0.02875,0.05125,0.005,6.25e-08,-0.108588,0.177567,-0.1095715,0.18077824999999997,0.0009834999999999983,-0.003211249999999971,0.0033584816230701354
0.03125,0.05125,0.005,6.25e-08,-0.120458,0.171884,-0.12167874999999999,0.17504799999999998,0.0012207499999999927,-0.0031639999999999724,0.0033913310900736023
0.03375,0.05125,0.005,6.25e-08,-0.13216,0.164133,-0.133635,0.16719925000000002,0.001475000000000004,-0.0030662500000000203,0.003402574622620368
0.03625,0.05125,0.005,6.25e-08,-0.14367,0.154319,-0.14541575,0.1572345,0.0017457500000000181,-0.0029154999999999875,0.003398202953400516
0.03875,0.05125,0.005,6.25e-08,-0.154967,0.142409,-0.156997,0.145118,0.002030000000000004,-0.002708999999999989,0.003385200289495432
0.04125,0.05125,0.005,6.25e-08,-0.166021,0.128348,-0.16834949999999999,0.1307915,0.0023284999999999834,-0.002443500000000015,0.0033752932465194777
0.04375,0.05125,0.005,6.25e-08,-0.176788,0.112075,-0.17942925,0.1141895,0.0026412500000000116,-0.0021145000000000053,0.0033833876237434105
0.04625,0.05125,0.005,6.25e-08,-0.187206,0.0935326,-0.19017075000000003,0.0952513,0.002964750000000016,-0.0017187000000000036,0.003426904179066013
0.04875,0.05125,0.005,6.25e-08,-0.197184,0.0726816,-0.20048100000000002,0.07393645,0.003297000000000022,-0.0012548500000000018,0.0035277269625780495
0.05125,0.05125,0.005,6.25e-08,-0.206595,0.0495181,-0.21022924999999998,0.0502395,0.0036342499999999778,-0.000721399999999997,0.0037051573546206962
0.05375,0.05125,0.005,6.25e-08,-0.215271,0.0240886,-0.21923974999999998,0.024208125,0.003968749999999993,-0.0001195249999999988,0.003970549431517627
0.05625,0.05125,0.005,6.25e-08,-0.222989,-0.00348886,-0.22728125,-0.004035571,0.0042922499999999975,0.0005467110000000001,0.004326927660594868
0.05875,0.05125,0.005,6.25e-08,-0.229472,-0.0330012,-0.23405875,-0.03426847499999996,0.0045867500000000005,0.0012672749999999566,0.004758598689543476
0.06125,0.05125,0.005,6.25e-08,-0.234374,-0.064108,-0.2392075,-0.066134775,0.004833499999999991,0.0020267750000000084,0.005241234506356774
0.06375,0.05125,0.005,6.25e-08,-0.237284,-0.09631,-0.24228950000000005,-0.0991083500000001,0.005005500000000052,0.0027983500000000883,0.005734613585282012
0.06625,0.05125,0.005,6.25e-08,-0.237728,-0.12891,-0.24279775,-0.13245200000000007,0.005069750000000012,0.003542000000000073,0.0061845071802448925
0.06875,0.05125,0.005,6.25e-08,-0.235185,-0.160974,-0.24017874999999997,-0.1651767500000001,0.0049937499999999635,0.004202750000000088,0.006526917084274962
0.07125,0.05125,0.005,6.25e-08,-0.229125,-0.191304,-0.23387125,-0.19601349999999992,0.004746250000000007,0.004709499999999922,0.006686275443959763
0.07375,0.05125,0.005,6.25e-08,-0.21906,-0.218423,-0.22337300000000004,-0.2234074999999999,0.004313000000000039,0.004984499999999892,0.0065914497077653
0.07625,0.05125,0.005,6.25e-08,-0.204632,-0.240606,-0.20833650000000004,-0.24556299999999995,0.003704500000000027,0.0049569999999999614,0.0061883090784155105
0.07875,0.05125,0.005,6.25e-08,-0.185722,-0.255965,-0.18868874999999993,-0.26055000000000006,0.0029667499999999347,0.004585000000000061,0.005461119900029679
0.08125,0.05125,0.005,6.25e-08,-0.162574,-0.262612,-0.16476224999999992,-0.26649675,0.0021882499999999194,0.0038847499999999924,0.004458668032607899
0.08375,0.05125,0.005,6.25e-08,-0.13591,-0.258907,-0.1373932499999999,-0.26185425,0.0014832499999999083,0.0029472500000000124,0.0032994413352869
0.08625,0.05125,0.005,6.25e-08,-0.107,-0.243769,-0.10796375000000008,-0.24570350000000007,0.0009637500000000826,0.0019345000000000612,0.002161273770835244
0.08875,0.05125,0.005,6.25e-08,-0.0776506,-0.216984,-0.07834367500000007,-0.2180295000000001,0.0006930750000000707,0.001045500000000088,0.0012543616725750521
0.09125,0.05125,0.005,6.25e-08,-0.0500474,-0.179434,-0.050720600000000074,-0.17987975000000012,0.0006732000000000751,0.0004457500000001058,0.0008073978588652533
0.09375,0.05125,0.005,6.25e-08,-0.0264687,-0.133148,-0.027350275,-0.1333355,0.000881574999999999,0.0001875000000000071,0.0009012939202197033
0.09625,0.05125,0.005,6.25e-08,-0.00931898,-0.0810612,-0.010288189999999961,-0.08127319999999985,0.0009692099999999617,0.0002119999999998512,0.0009921250042710659
0.09875,0.05125,0.005,6.25e-08,-0.00133736,-0.0266318,-0.001181948499999987,-0.02696874999999985,-0.0001554115000000128,0.00033694999999984987,0.00037106338654218203
0.00125,0.05375,0.005,6.25e-08,-0.00051783,0.0257675,-0.00041525550000000007,0.0251406,-0.00010257449999999998,0.0006268999999999997,0.0006352362852122426
0.00375,0.05375,0.005,6.25e-08,-0.00330253,0.068858,-0.0035095574999999997,0.06906699999999999,0.00020702749999999956,-0.00020899999999998697,0.0002941791728798019
0.00625,0.05375,0.005,6.25e-08,-0.00903352,0.104063,-0.009142980000000002,0.10499675,0.0001094600000000022,-0.0009337499999999971,0.0009401439007407297
0.00875,0.05375,0.005,6.25e-08,-0.0167835,0.132108,-0.0167739,0.133653,-9.599999999998499e-06,-0.0015449999999999908,0.001545029824954836
0.01125,0.05375,0.005,6.25e-08,-0.0259611,0.153808,-0.025907975,0.1558585,-5.312500000000109e-05,-0.0020505000000000106,0.0020511880741719037
0.01375,0.05375,0.005,6.25e-08,-0.0361596,0.17,-0.036114175,0.17245875000000002,-4.5425000000001714e-05,-0.0024587500000000095,0.002459169573885674
0.01625,0.05375,0.005,6.25e-08,-0.0470281,0.181482,-0.04703335,0.184262,5.2499999999983116e-06,-0.0027800000000000047,0.0027800049572797576
0.01875,0.05375,0.005,6.25e-08,-0.058284,0.188967,-0.0583799,0.19199225,9.589999999999599e-05,-0.003025250000000007,0.0030267696265986353
0.02125,0.05375,0.005,6.25e-08,-0.0697167,0.19306,-0.06993742500000001,0.19626174999999998,0.00022072500000000495,-0.0032017499999999754,0.0032093492468294633
0.02375,0.05375,0.005,6.25e-08,-0.0811777,0.19424,-0.081550925,0.19755925,0.0003732249999999909,-0.003319249999999996,0.0033401672807098996
0.02625,0.05375,0.005,6.25e-08,-0.0925687,0.192866,-0.09311692499999999,0.19624899999999998,0.0005482249999999855,-0.0033829999999999694,0.003427132861536707
0.02875,0.05375,0.005,6.25e-08,-0.103831,0.189186,-0.10457274999999999,0.19258200000000003,0.0007417499999999855,-0.003396000000000038,0.003476062292666838
0.03125,0.05375,0.005,6.25e-08,-0.114936,0.183349,-0.11588625,0.18670974999999998,0.0009502499999999997,-0.003360749999999968,0.0034925085003475343
0.03375,0.05375,0.005,6.25e-08,-0.125873,0.175429,-0.12704600000000002,0.17870350000000002,0.0011730000000000074,-0.0032745000000000135,0.003478258076969003
0.03625,0.05375,0.005,6.25e-08,-0.136644,0.165434,-0.13805299999999998,0.16857125,0.0014089999999999936,-0.003137250000000008,0.00343913049512519
0.03875,0.05375,0.005,6.25e-08,-0.147252,0.153332,-0.14891125,0.15627625,0.001659250000000001,-0.0029442500000000094,0.003379603323616554
0.04125,0.05375,0.005,6.25e-08,-0.1577,0.139058,-0.15962199999999999,0.14175149999999997,0.0019219999999999793,-0.0026934999999999876,0.0033089312851734853
0.04375,0.05375,0.005,6.25e-08,-0.167975,0.122534,-0.17017549999999998,0.1249155,0.0022004999999999664,-0.0023814999999999947,0.003242490169607277
0.04625,0.05375,0.005,6.25e-08,-0.178051,0.103681,-0.180544,0.10568374999999999,0.002493000000000023,-0.0020027499999999976,0.0031978205957339297
0.04875,0.05375,0.005,6.25e-08,-0.187872,0.0824278,-0.19067225,0.08398455,0.0028002499999999764,-0.0015567500000000095,0.0032038836784440065
0.05125,0.05375,0.005,6.25e-08,-0.197352,0.0587321,-0.20047225000000002,0.059771624999999995,0.003120250000000019,-0.0010395249999999925,0.003288855771864297
0.05375,0.05375,0.005,6.25e-08,-0.206359,0.0325919,-0.20980925,0.033041975,0.003450250000000016,-0.00045007500000000117,0.0034794816522184897
0.05625,0.05375,0.005,6.25e-08,-0.214709,0.00406714,-0.218493,0.0038566272500000004,0.003783999999999982,0.00021051274999999998,0.0037898511340041345
0.05875,0.05375,0.005,6.25e-08,-0.222155,-0.0266957,-0.22626425000000003,-0.027633124999999953,0.0041092500000000365,0.0009374249999999536,0.0042148192361150215
0.06125,0.05375,0.005,6.25e-08,-0.22837,-0.0594299,-0.23278275,-0.061151750000000005,0.004412750000000021,0.001721850000000004,0.004736784772923528
0.06375,0.05375,0.005,6.25e-08,-0.232949,-0.0937121,-0.23761675000000002,-0.0962570750000001,0.004667750000000026,0.002544975000000088,0.005316463844805651
0.06625,0.05375,0.005,6.25e-08,-0.235396,-0.128914,-0.24023825000000001,-0.13228950000000012,0.00484225000000002,0.0033755000000001145,0.005902659172991523
0.06875,0.05375,0.005,6.25e-08,-0.235135,-0.164152,-0.24003199999999997,-0.1683140000000001,0.004896999999999957,0.00416200000000011,0.006426729572652058
0.07125,0.05375,0.005,6.25e-08,-0.231533,-0.198233,-0.23632375,-0.20306774999999994,0.00479075000000001,0.004834749999999943,0.00680632743298466
0.07375,0.05375,0.005,6.25e-08,-0.223948,-0.229616,-0.22843875000000005,-0.23492199999999994,0.004490750000000043,0.00530599999999995,0.006951292797926141
0.07625,0.05375,0.005,6.25e-08,-0.211818,-0.25641,-0.21580150000000006,-0.26189024999999994,0.0039835000000000564,0.005480249999999909,0.006775058103994345
0.07875,0.05375,0.005,6.25e-08,-0.19478,-0.276431,-0.19807424999999992,-0.28171075000000007,0.0032942499999999153,0.005279750000000083,0.006223169861493442
0.08125,0.05375,0.005,6.25e-08,-0.172829,-0.287353,-0.17532574999999992,-0.29203125,0.0024967499999999088,0.004678249999999995,0.005302809031541632
0.08375,0.05375,0.005,6.25e-08,-0.146479,-0.286984,-0.14819274999999993,-0.29071549999999996,0.0017137499999999306,0.003731499999999943,0.0041062186147962625
0.08625,0.05375,0.005,6.25e-08,-0.116894,-0.273636,-0.11798625000000008,-0.27623375000000006,0.0010922500000000862,0.0025977500000000653,0.0028180339112580826
0.08875,0.05375,0.005,6.25e-08,-0.0859346,-0.24654,-0.08668232500000009,-0.2480595000000001,0.0007477250000000879,0.0015195000000000902,0.0016935090568477647
0.09125,0.05375,0.005,6.25e-08,-0.0560455,-0.206216,-0.056763375000000074,-0.20695750000000013,0.0007178750000000761,0.0007415000000001171,0.001032069167074224
0.09375,0.05375,0.005,6.25e-08,-0.0299518,-0.154653,-0.03092795,-0.15502625,0.0009761499999999985,0.00037324999999999164,0.0010450762579831154
0.09625,0.05375,0.005,6.25e-08,-0.0106503,-0.0951194,-0.011744674999999956,-0.09545084999999984,0.0010943749999999565,0.0003314499999998305,0.0011434665465700307
0.09875,0.05375,0.005,6.25e-08,-0.00154889,-0.0316548,-0.0013619192499999852,-0.03199682499999982,-0.00018697075000001485,0.00034202499999982233,0.0003897937428697984
0.00125,0.05625,0.005,6.25e-08,-0.000496147,0.0274324,-0.00039906,0.02673785,-9.708699999999993e-05,0.0006945499999999986,0.0007013027791681693
0.00375,0.05625,0.005,6.25e-08,-0.00319067,0.0732884,-0.0033822575,0.07343992499999999,0.00019158749999999974,-0.0001515249999999857,0.00024426542076447406
0.00625,0.05625,0.005,6.25e-08,-0.00874811,0.110697,-0.008820660000000001,0.11159400000000001,7.255000000000109e-05,-0.0008970000000000089,0.0008999291652680316
0.00875,0.05625,0.005,6.25e-08,-0.0162498,0.140416,-0.016178,0.141953,-7.179999999999687e-05,-0.0015369999999999828,0.0015386761322643393
0.01125,0.05625,0.005,6.25e-08,-0.0250949,0.163317,-0.024953125,0.1653925,-0.00014177500000000023,-0.002075500000000008,0.0020803366075289433
0.01375,0.05625,0.005,6.25e-08,-0.0348635,0.180312,-0.0347048,0.18282700000000002,-0.00015869999999999773,-0.0025150000000000172,0.00252000212103087
0.01625,0.05625,0.005,6.25e-08,-0.0451963,0.192276,-0.0450657,0.19513875,-0.00013060000000000155,-0.0028627499999999972,0.0028657274682879364
0.01875,0.05625,0.005,6.25e-08,-0.0558085,0.199999,-0.055746925,0.20312775,-6.157499999999427e-05,-0.0031287499999999857,0.003129355851149707
0.02125,0.05625,0.005,6.25e-08,-0.0664935,0.204152,-0.0665345,0.20747425,4.099999999999937e-05,-0.003322249999999999,0.0033225029815637476
0.02375,0.05625,0.005,6.25e-08,-0.0771123,0.205274,-0.077281675,0.2087265,0.0001693749999999994,-0.0034524999999999972,0.0034566521578870183
0.02625,0.05625,0.005,6.25e-08,-0.0875812,0.203772,-0.087898175,0.20729674999999997,0.0003169749999999971,-0.0035247499999999654,0.0035389738220457006
0.02875,0.05625,0.005,6.25e-08,-0.0978596,0.199927,-0.09833882499999999,0.203474,0.0004792249999999859,-0.0035469999999999946,0.0035792269557300984
0.03125,0.05625,0.005,6.25e-08,-0.107939,0.193919,-0.10859250000000001,0.19743625,0.0006535000000000152,-0.0035172499999999995,0.003577444592512932
0.03375,0.05625,0.005,6.25e-08,-0.117835,0.185833,-0.118672,0.18927325,0.0008370000000000044,-0.003440250000000006,0.003540605747961787
0.03625,0.05625,0.005,6.25e-08,-0.127574,0.17569,-0.12860575,0.1790025,0.001031749999999998,-0.003312499999999996,0.0034694616747414824
0.03875,0.05625,0.005,6.25e-08,-0.13719,0.163457,-0.13842749999999998,0.16658799999999999,0.0012374999999999747,-0.003130999999999995,0.003366684905066096
0.04125,0.05625,0.005,6.25e-08,-0.146716,0.149063,-0.1481715,0.15195799999999998,0.0014554999999999985,-0.002894999999999981,0.003240294006722212
0.04375,0.05625,0.005,6.25e-08,-0.156177,0.132418,-0.15786475,0.1350175,0.0016877499999999879,-0.0025995000000000046,0.0030993386895433006
0.04625,0.05625,0.005,6.25e-08,-0.165582,0.113421,-0.16751775,0.11566225,0.001935749999999986,-0.00224125,0.0029614742316960902
0.04875,0.05625,0.005,6.25e-08,-0.174918,0.0919751,-0.17712075,0.09379145,0.0022027500000000033,-0.0018163499999999944,0.0028550367572064625
0.05125,0.05625,0.005,6.25e-08,-0.184142,0.0679979,-0.1866305,0.06932055,0.0024885000000000046,-0.0013226499999999947,0.002818161683172207
0.05375,0.05625,0.005,6.25e-08,-0.193169,0.0414398,-0.19596275,0.042197174999999996,0.0027937499999999837,-0.0007573749999999976,0.0028945908092725134
0.05625,0.05625,0.005,6.25e-08,-0.201862,0.0123008,-0.20497800000000002,0.01241977,0.0031160000000000077,-0.00011896999999999949,0.0031182703315941114
0.05875,0.05625,0.005,6.25e-08,-0.210017,-0.0193443,-0.21346725,-0.019937424999999953,0.003450249999999988,0.0005931249999999548,0.0035008602268763694
0.06125,0.05625,0.005,6.25e-08,-0.217348,-0.0533155,-0.221134,-0.05469065,0.003785999999999984,0.0013751499999999986,0.004028006147276823
0.06375,0.05625,0.005,6.25e-08,-0.223476,-0.0892847,-0.22757850000000002,-0.09150207500000011,0.004102500000000009,0.0022173750000001186,0.004663395559099143
0.06625,0.05625,0.005,6.25e-08,-0.227908,-0.126723,-0.23228175,-0.1298217500000001,0.00437375000000001,0.0030987500000000945,0.005360218337437448
0.06875,0.05625,0.005,6.25e-08,-0.230042,-0.164835,-0.234598,-0.1688152500000001,0.0045560000000000045,0.003980250000000102,0.00604975421504881
0.07125,0.05625,0.005,6.25e-08,-0.229167,-0.202489,-0.23377,-0.20728599999999991,0.004602999999999996,0.0047969999999999124,0.006648219160045728
0.07375,0.05625,0.005,6.25e-08,-0.224504,-0.238139,-0.22897075000000003,-0.2435992499999999,0.004466750000000019,0.0054602499999999166,0.007054515265062459
0.07625,0.05625,0.005,6.25e-08,-0.215282,-0.269783,-0.21939175000000005,-0.2756419999999999,0.004109750000000051,0.005858999999999892,0.007156670040074445
0.07875,0.05625,0.005,6.25e-08,-0.200866,-0.294975,-0.20439499999999994,-0.30085700000000004,0.003528999999999949,0.005882000000000054,0.006859428912088839
0.08125,0.05625,0.005,6.25e-08,-0.180946,-0.310948,-0.18371399999999993,-0.31639925,0.002767999999999937,0.005451250000000019,0.00611375094050288
0.08375,0.05625,0.005,6.25e-08,-0.155742,-0.314892,-0.15768274999999993,-0.31945775,0.0019407499999999356,0.0045657499999999795,0.004961107096707303
0.08625,0.05625,0.005,6.25e-08,-0.126206,-0.304383,-0.12742950000000008,-0.30772850000000007,0.0012235000000000718,0.0033455000000000568,0.0035622075318544476
0.08875,0.05625,0.005,6.25e-08,-0.0941546,-0.277903,-0.09495057500000009,-0.27996375000000007,0.0007959750000000876,0.0020607500000000556,0.0022091325816087563
0.09125,0.05625,0.005,6.25e-08,-0.0622274,-0.235367,-0.06299020000000008,-0.23643650000000016,0.0007628000000000773,0.0010695000000001675,0.0013136567626288369
0.09375,0.05625,0.005,6.25e-08,-0.033624,-0.17854,-0.034724624999999995,-0.17912024999999998,0.001100624999999994,0.0005802499999999766,0.0012442127845047083
0.09625,0.05625,0.005,6.25e-08,-0.0120478,-0.110964,-0.013325849999999953,-0.1114627499999998,0.0012780499999999542,0.0004987499999998118,0.001371919591302528
0.09875,0.05625,0.005,6.25e-08,-0.0017411,-0.0373607,-0.001561001499999983,-0.03775602499999979,-0.00018009850000001693,0.00039532499999979376,0.0004344160739741257
0.00125,0.05875,0.005,6.25e-08,-0.000477969,0.0290388,-0.00038500725,0.02827665,-9.296175e-05,0.0007621499999999996,0.0007677984823266206
0.00375,0.05875,0.005,6.25e-08,-0.00309747,0.0775829,-0.00327125,0.07766382499999999,0.00017377999999999968,-8.092499999999558e-05,0.00019169857595975818
0.00625,0.05875,0.005,6.25e-08,-0.00850223,0.11712,-0.0085315825,0.11796075,2.9352500000001322e-05,-0.0008407500000000012,0.0008412622253235029
0.00875,0.05875,0.005,6.25e-08,-0.0157632,0.148423,-0.015620500000000004,0.149932,-0.00014269999999999734,-0.0015090000000000103,0.0015157322619776985
0.01125,0.05875,0.005,6.25e-08,-0.0242564,0.172421,-0.024017049999999998,0.17450124999999997,-0.00023935000000000275,-0.002080249999999978,0.0020939743276840593
0.01375,0.05875,0.005,6.25e-08,-0.0335404,0.1901,-0.033260825,0.19265149999999998,-0.0002795749999999972,-0.0025514999999999843,0.0025667712073001205
0.01625,0.05875,0.005,6.25e-08,-0.043244,0.202421,-0.042971850000000006,0.20534724999999998,-0.00027214999999999184,-0.0029262499999999914,0.002938878133744226
0.01875,0.05875,0.005,6.25e-08,-0.0530807,0.210259,-0.05285727500000001,0.21346974999999996,-0.00022342499999999238,-0.0032107499999999567,0.003218514299039965
0.02125,0.05875,0.005,6.25e-08,-0.0628508,0.214358,-0.06270805000000002,0.21777525,-0.00014274999999998317,-0.0034172500000000106,0.003420230273680424
0.02375,0.05875,0.005,6.25e-08,-0.0724291,0.215321,-0.07238925000000002,0.21887625,-3.984999999998018e-05,-0.003555249999999982,0.003555473327842563
0.02625,0.05875,0.005,6.25e-08,-0.0817503,0.213607,-0.08182825000000002,0.21723925,7.795000000002106e-05,-0.0036322500000000035,0.0036330863277659713
0.02875,0.05875,0.005,6.25e-08,-0.0907962,0.209537,-0.09100160000000002,0.21319349999999998,0.00020540000000002223,-0.003656499999999979,0.0036622645193923197
0.03125,0.05875,0.005,6.25e-08,-0.0995834,0.203318,-0.09992290000000002,0.20694825,0.00033950000000002034,-0.0036302500000000015,0.0036460904147456387
0.03375,0.05875,0.005,6.25e-08,-0.108153,0.195057,-0.10863275000000003,0.19861349999999997,0.00047975000000002876,-0.0035564999999999625,0.0035887117901135164
0.03625,0.05875,0.005,6.25e-08,-0.116562,0.184783,-0.11718825000000001,0.18821775,0.0006262500000000087,-0.0034347499999999864,0.003491374603934662
0.03875,0.05875,0.005,6.25e-08,-0.124875,0.172468,-0.12565525000000002,0.17573075,0.000780250000000024,-0.003262749999999981,0.00335474702846577
0.04125,0.05875,0.005,6.25e-08,-0.133158,0.158038,-0.13410300000000003,0.16107724999999998,0.0009450000000000292,-0.0030392499999999656,0.0031827763921613854
0.04375,0.05875,0.005,6.25e-08,-0.141471,0.141393,-0.142595,0.14415324999999998,0.0011239999999999861,-0.002760249999999992,0.0029803281803351665
0.04625,0.05875,0.005,6.25e-08,-0.149865,0.122416,-0.15118375,0.12483699999999999,0.0013187500000000074,-0.0024209999999999926,0.0027568718799574243
0.04875,0.05875,0.005,6.25e-08,-0.158369,0.100983,-0.15990300000000002,0.10300329999999999,0.0015340000000000076,-0.0020202999999999888,0.0025366844679620636
0.05125,0.05875,0.005,6.25e-08,-0.166989,0.0769793,-0.16876000000000002,0.07853379999999999,0.0017710000000000226,-0.0015544999999999864,0.0023564615952737355
0.05375,0.05875,0.005,6.25e-08,-0.175689,0.0503088,-0.17772425000000003,0.05132979999999999,0.002035250000000016,-0.0010209999999999872,0.0022769900224858344
0.05625,0.05875,0.005,6.25e-08,-0.184388,0.0209127,-0.18671425000000003,0.02132937499999999,0.0023262500000000297,-0.00041667499999999136,0.002363272544190604
0.05875,0.05875,0.005,6.25e-08,-0.192938,-0.0112092,-0.195583,-0.011470769999999965,0.0026450000000000085,0.00026156999999996447,0.0026579021548770424
0.06125,0.05875,0.005,6.25e-08,-0.201108,-0.0459687,-0.20409500000000003,-0.04698442500000001,0.0029870000000000174,0.001015725000000009,0.003154974845482151
0.06375,0.05875,0.005,6.25e-08,-0.208566,-0.0831476,-0.21190575000000006,-0.08499200000000011,0.003339750000000058,0.001844400000000107,0.0038151987395810432
0.06625,0.05875,0.005,6.25e-08,-0.214856,-0.122341,-0.21853525000000004,-0.12507925000000014,0.0036792500000000505,0.0027382500000001364,0.004586381321368855
0.06875,0.05875,0.005,6.25e-08,-0.219378,-0.162885,-0.22334900000000005,-0.1665565000000001,0.003971000000000058,0.0036715000000001052,0.005408211649889567
0.07125,0.05875,0.005,6.25e-08,-0.221383,-0.203762,-0.22554725,-0.20835524999999988,0.004164250000000008,0.004593249999999882,0.006199913194956764
0.07375,0.05875,0.005,6.25e-08,-0.219981,-0.243496,-0.22418700000000003,-0.24891674999999988,0.004206000000000015,0.005420749999999891,0.006861119920428366
0.07625,0.05875,0.005,6.25e-08,-0.21421,-0.280049,-0.21824975000000002,-0.2860922499999998,0.004039750000000009,0.0060432499999998335,0.007269143733961934
0.07875,0.05875,0.005,6.25e-08,-0.203155,-0.310781,-0.20678174999999996,-0.31710675000000005,0.0036267499999999564,0.006325750000000074,0.007291668439047446
0.08125,0.05875,0.005,6.25e-08,-0.18615,-0.332513,-0.18912074999999992,-0.338651,0.002970749999999911,0.006137999999999977,0.0068191201457738805
0.08375,0.05875,0.005,6.25e-08,-0.163039,-0.341777,-0.1651912499999999,-0.34718374999999996,0.002152249999999911,0.00540674999999996,0.005819375020137402
0.08625,0.05875,0.005,6.25e-08,-0.134445,-0.335303,-0.1358020000000001,-0.33946425,0.0013570000000000804,0.004161250000000005,0.004376922499028314
0.08875,0.05875,0.005,6.25e-08,-0.10201,-0.310612,-0.10284197500000009,-0.31327625000000003,0.000831975000000082,0.0026642500000000346,0.002791130678260214
0.09125,0.05875,0.005,6.25e-08,-0.0684518,-0.26671,-0.06924750000000007,-0.2681220000000001,0.0007957000000000797,0.0014120000000000799,0.0016207660195106364
0.09375,0.05875,0.005,6.25e-08,-0.0374325,-0.204851,-0.038685075,-0.20563224999999996,0.0012525749999999988,0.0007812499999999556,0.0014762437783526568
0.09625,0.05875,0.005,6.25e-08,-0.0134544,-0.128724,-0.015021424999999946,-0.12941674999999975,0.001567024999999946,0.0006927499999997422,0.0017133213105324037
0.09875,0.05875,0.005,6.25e-08,-0.00179623,-0.0437019,-0.0017792007499999802,-0.044315074999999746,-1.702925000001982e-05,0.0006131749999997438,0.0006134114247226319
0.00125,0.06125,0.005,6.25e-08,-0.000468283,0.0306022,-0.00037644999999999996,0.029771300000000004,-9.183300000000004e-05,0.0008308999999999955,0.0008359593948805125
0.00375,0.06125,0.005,6.25e-08,-0.00304965,0.0817751,-0.003202885,0.08177129999999999,0.00015323499999999983,3.800000000012127e-06,0.00015328210993132904
0.00625,0.06125,0.005,6.25e-08,-0.00835961,0.123363,-0.008337907500000002,0.12412850000000002,-2.170249999999818e-05,-0.0007655000000000162,0.0007658075792953963
0.00875,0.06125,0.005,6.25e-08,-0.0154262,0.156141,-0.015202225000000003,0.15760325000000003,-0.00022397499999999605,-0.001462250000000026,0.0014793038440851407
0.01125,0.06125,0.005,6.25e-08,-0.0235806,0.181095,-0.02323475,0.18316300000000002,-0.0003458500000000017,-0.0020680000000000143,0.0020967203491405475
0.01375,0.06125,0.005,6.25e-08,-0.0323486,0.199299,-0.03194275,0.20187075,-0.00040584999999999927,-0.0025717499999999838,0.002603576825254042
0.01625,0.06125,0.005,6.25e-08,-0.0413436,0.211811,-0.04092825,0.21478225,-0.00041535000000000183,-0.0029712500000000086,0.003000140360883146
0.01875,0.06125,0.005,6.25e-08,-0.0502788,0.2196,-0.049894875,0.2228715,-0.00038392500000000024,-0.0032715000000000105,0.0032939506152377374
0.02125,0.06125,0.005,6.25e-08,-0.0589666,0.223494,-0.058642650000000004,0.22698000000000002,-0.00032394999999999646,-0.003486000000000017,0.003501019794645571
0.02375,0.06125,0.005,6.25e-08,-0.0673017,0.224167,-0.0670549,0.22779225,-0.00024680000000000535,-0.0036252499999999965,0.00363364112186385
0.02625,0.06125,0.005,6.25e-08,-0.0752441,0.222132,-0.075083275,0.22583325,-0.00016082499999998945,-0.003701250000000017,0.0037047423990238674
0.02875,0.06125,0.005,6.25e-08,-0.0828034,0.217755,-0.08273217499999999,0.22147575,-7.122500000000809e-05,-0.003720749999999995,0.003721431655038819
0.03125,0.06125,0.005,6.25e-08,-0.0900259,0.21127,-0.09004525,0.21496300000000002,1.9349999999987433e-05,-0.003693000000000002,0.003693050693193909
0.03375,0.06125,0.005,6.25e-08,-0.0969832,0.202806,-0.097093925,0.20642525,0.00011072499999999208,-0.0036192500000000183,0.003620943328488466
0.03625,0.06125,0.005,6.25e-08,-0.103763,0.192407,-0.10396775000000001,0.195907,0.00020475000000001742,-0.003500000000000003,0.0035059838223386068
0.03875,0.06125,0.005,6.25e-08,-0.110463,0.180048,-0.11076625000000001,0.183382,0.0003032500000000049,-0.003333999999999976,0.0033477629190998342
0.04125,0.06125,0.005,6.25e-08,-0.117182,0.165655,-0.11759275000000001,0.16877599999999998,0.00041075000000001527,-0.003120999999999985,0.003147913048751493
0.04375,0.06125,0.005,6.25e-08,-0.124018,0.149122,-0.124549,0.151978,0.0005310000000000037,-0.0028559999999999974,0.0029049435450624493
0.04625,0.06125,0.005,6.25e-08,-0.13106,0.130317,-0.13172775,0.13285375,0.0006677499999999947,-0.0025367500000000043,0.0026231642390441385
0.04875,0.06125,0.005,6.25e-08,-0.138383,0.109097,-0.139207,0.11125750000000001,0.0008239999999999914,-0.0021605000000000096,0.0023123010725249484
0.05125,0.06125,0.005,6.25e-08,-0.146039,0.0853172,-0.14704374999999997,0.08704165000000001,0.001004749999999971,-0.0017244500000000162,0.0019958081984499405
0.05375,0.06125,0.005,6.25e-08,-0.154047,0.0588404,-0.15526325,0.0600671,0.001216250000000002,-0.0012266999999999972,0.0017274423152452872
0.05625,0.06125,0.005,6.25e-08,-0.162384,0.0295527,-0.16384549999999998,0.030216825,0.0014614999999999767,-0.000664124999999998,0.0016053174968288764
0.05875,0.06125,0.005,6.25e-08,-0.170966,-0.0026187,-0.17271124999999998,-0.0025861724999999523,0.001745249999999976,-3.252750000004752e-05,0.001745553093078572
0.06125,0.06125,0.005,6.25e-08,-0.179631,-0.0376789,-0.1816995,-0.038352300000000006,0.002068500000000001,0.0006734000000000046,0.002175352801271557
0.06375,0.06125,0.005,6.25e-08,-0.188114,-0.075526,-0.19053975000000004,-0.07698585000000012,0.002425750000000032,0.0014598500000001235,0.0028311526071549934
0.06625,0.06125,0.005,6.25e-08,-0.19602,-0.115897,-0.19882325000000003,-0.11822575000000012,0.002803250000000035,0.0023287500000001154,0.0036443500277828327
0.06875,0.06125,0.005,6.25e-08,-0.202794,-0.158292,-0.20596425000000002,-0.16156025000000013,0.0031702500000000133,0.003268250000000139,0.004553234358673074
0.07125,0.06125,0.005,6.25e-08,-0.207689,-0.201867,-0.2111745,-0.20610924999999988,0.0034854999999999747,0.004242249999999892,0.005490482247717308
0.07375,0.06125,0.005,6.25e-08,-0.209755,-0.245294,-0.21344875,-0.2504774999999999,0.0036937499999999956,0.0051834999999998965,0.00636494000855459
0.07625,0.06125,0.005,6.25e-08,-0.20787,-0.286597,-0.2116035,-0.2925939999999999,0.0037335000000000007,0.005996999999999919,0.007064207758128227
0.07875,0.06125,0.005,6.25e-08,-0.20085,-0.32304,-0.20438799999999996,-0.32958325000000005,0.003537999999999958,0.006543250000000056,0.007438518976415966
0.08125,0.06125,0.005,6.25e-08,-0.187646,-0.351099,-0.19070899999999996,-0.35775825000000006,0.0030629999999999546,0.006659250000000061,0.0073299099286758315
0.08375,0.06125,0.005,6.25e-08,-0.167656,-0.366657,-0.16998024999999992,-0.3728425,0.0023242499999999167,0.0061855000000000104,0.006607764244621606
0.08625,0.06125,0.005,6.25e-08,-0.141034,-0.36551,-0.14253525000000009,-0.3705265000000001,0.0015012500000000928,0.00501650000000009,0.005236317772299651
0.08875,0.06125,0.005,6.25e-08,-0.109131,-0.344019,-0.10998725000000009,-0.3473440000000001,0.0008562500000000861,0.003325000000000078,0.003433480604648971
0.09125,0.06125,0.005,6.25e-08,-0.074551,-0.299922,-0.0753426750000001,-0.30167875000000016,0.0007916750000000888,0.0017567500000001401,0.0019268938393501684
0.09375,0.06125,0.005,6.25e-08,-0.0413812,-0.233566,-0.04273665,-0.23449675,0.001355450000000001,0.000930750000000008,0.0016442445879491343
0.09625,0.06125,0.005,6.25e-08,-0.0148927,-0.148595,-0.016816549999999944,-0.14939299999999972,0.001923849999999944,0.0007979999999997156,0.0020827872725027227
0.09875,0.06125,0.005,6.25e-08,-0.0012785,-0.0506334,-0.0020162124999999784,-0.05174037499999972,0.0007377124999999784,0.0011069749999997186,0.00133026816216904
0.00125,0.06375,0.005,6.25e-08,-0.000473909,0.0321537,-0.00037788750000000004,0.031251175000000006,-9.602149999999996e-05,0.0009025249999999943,0.0009076185895447712
0.00375,0.06375,0.005,6.25e-08,-0.00308302,0.0859342,-0.0032122324999999995,0.08583055,0.00012921249999999938,0.0001036499999999968,0.00016564779701598562
0.00625,0.06375,0.005,6.25e-08,-0.00840412,0.129501,-0.008321327500000001,0.13017325000000002,-8.279249999999794e-05,-0.0006722500000000131,0.0006773290637173834
0.00875,0.06375,0.005,6.25e-08,-0.0153711,0.163619,-0.015053525,0.16502050000000001,-0.0003175750000000005,-0.0014015000000000277,0.0014370303165295707
0.01125,0.06375,0.005,6.25e-08,-0.0232385,0.189346,-0.022777500000000003,0.191391,-0.00046099999999999614,-0.002045000000000019,0.0020963172469834032
0.01375,0.06375,0.005,6.25e-08,-0.0314851,0.207863,-0.030950525,0.21044400000000002,-0.0005345750000000024,-0.0025810000000000277,0.0026357790936694875
0.01625,0.06375,0.005,6.25e-08,-0.0397051,0.220347,-0.0391504,0.22334825000000003,-0.0005546999999999983,-0.0030012500000000386,0.0030520802172453185
0.01875,0.06375,0.005,6.25e-08,-0.0476161,0.227876,-0.047079949999999995,0.23118775000000003,-0.0005361500000000061,-0.00331175000000003,0.0033548688327563873
0.02125,0.06375,0.005,6.25e-08,-0.0550505,0.231374,-0.054555875,0.234901,-0.0004946250000000055,-0.0035270000000000024,0.003561514128938003
0.02375,0.06375,0.005,6.25e-08,-0.0619331,0.231592,-0.06148964999999998,0.23525225000000002,-0.00044345000000001883,-0.0036602500000000315,0.003687014776889326
0.02625,0.06375,0.005,6.25e-08,-0.068258,0.229103,-0.06786684999999998,0.23282925000000002,-0.00039115000000002065,-0.0037262500000000143,0.0037467235533196366
0.02875,0.06375,0.005,6.25e-08,-0.0740708,0.224314,-0.07372834999999997,0.22805175000000003,-0.0003424500000000358,-0.003737750000000012,0.003753404729708763
0.03125,0.06375,0.005,6.25e-08,-0.0794533,0.217493,-0.07915442499999997,0.22119550000000002,-0.00029887500000003175,-0.003702500000000025,0.003714543379155129
0.03375,0.06375,0.005,6.25e-08,-0.0845116,0.20879,-0.08425232499999998,0.21241375,-0.000259275000000031,-0.003623750000000009,0.0036330135683926477
0.03625,0.06375,0.005,6.25e-08,-0.0893675,0.198259,-0.08914649999999996,0.2017635,-0.0002210000000000406,-0.0035045000000000215,0.0035114614122897844
0.03875,0.06375,0.005,6.25e-08,-0.0941512,0.185884,-0.09397134999999995,0.1892275,-0.0001798500000000508,-0.0033434999999999993,0.0033483336560892513
0.04125,0.06375,0.005,6.25e-08,-0.0989964,0.171592,-0.09886527499999995,0.17473075000000002,-0.00013112500000005134,-0.0031387500000000235,0.0031414877571184583
0.04375,0.06375,0.005,6.25e-08,-0.104036,0.155271,-0.10396549999999993,0.15815875000000001,-7.05000000000705e-05,-0.0028877500000000222,0.0028886104466508008
0.04625,0.06375,0.005,6.25e-08,-0.109397,0.136781,-0.10940399999999993,0.13936825,6.999999999937612e-06,-0.0025872499999999854,0.0025872594694966184
0.04875,0.06375,0.005,6.25e-08,-0.115197,0.115963,-0.11530174999999994,0.11819725000000002,0.00010474999999994516,-0.002234250000000021,0.0022367041880856937
0.05125,0.06375,0.005,6.25e-08,-0.121535,0.0926463,-0.12176149999999991,0.09447405000000003,0.00022649999999990733,-0.0018277500000000307,0.0018417307926241746
0.05375,0.06375,0.005,6.25e-08,-0.128483,0.0666596,-0.12886224999999993,0.06802610000000002,0.0003792499999999144,-0.0013665000000000205,0.0014181511952186168
0.05625,0.06375,0.005,6.25e-08,-0.136077,0.0378402,-0.13664599999999993,0.03868892500000002,0.0005689999999999307,-0.0008487250000000224,0.001021809730637245
0.05875,0.06375,0.005,6.25e-08,-0.144302,0.00604908,-0.1451039999999999,0.006319892500000071,0.0008019999999998861,-0.00027081250000007134,0.0008464888718442234
0.06125,0.06375,0.005,6.25e-08,-0.15307,-0.0288071,-0.1541552499999999,-0.029181074999999976,0.0010852499999998988,0.0003739749999999778,0.001147878418267703
0.06375,0.06375,0.005,6.25e-08,-0.162197,-0.066742,-0.16361874999999992,-0.06783882500000009,0.0014217499999999161,0.0010968250000000929,0.0017956609209772777
0.06625,0.06375,0.005,6.25e-08,-0.171375,-0.107641,-0.17318024999999998,-0.1095507500000001,0.0018052499999999805,0.0019097500000000989,0.002627940757513439
0.06875,0.06375,0.005,6.25e-08,-0.180134,-0.151189,-0.18234299999999995,-0.15400425000000012,0.002208999999999961,0.00281525000000013,0.003578451279883598
0.07125,0.06375,0.005,6.25e-08,-0.187781,-0.19677,-0.1903819999999999,-0.20055549999999986,0.002600999999999909,0.0037854999999998584,0.00459295234571386
0.07375,0.06375,0.005,6.25e-08,-0.193358,-0.243283,-0.19629949999999996,-0.24805599999999986,0.002941499999999958,0.004772999999999861,0.00560659890218646
0.07625,0.06375,0.005,6.25e-08,-0.195643,-0.288923,-0.19881749999999995,-0.2946364999999999,0.0031744999999999413,0.005713499999999927,0.006536171088641942
0.07875,0.06375,0.005,6.25e-08,-0.193221,-0.330989,-0.19644024999999998,-0.33747875000000005,0.003219249999999979,0.006489750000000072,0.0072443374869618545
0.08125,0.06375,0.005,6.25e-08,-0.184666,-0.365731,-0.18764824999999993,-0.37266575000000013,0.0029822499999999363,0.006934750000000156,0.007548812663260481
0.08375,0.06375,0.005,6.25e-08,-0.168866,-0.388434,-0.17126774999999994,-0.39526325000000007,0.0024017499999999525,0.0068292500000000644,0.0072392719678846616
0.08625,0.06375,0.005,6.25e-08,-0.145304,-0.393908,-0.1469952500000001,-0.39980950000000015,0.0016912500000001163,0.0059015000000001705,0.00613905764857298
0.08875,0.06375,0.005,6.25e-08,-0.115046,-0.377212,-0.11595600000000011,-0.3813135000000002,0.000910000000000119,0.004101500000000202,0.004201238180584609
0.09125,0.06375,0.005,6.25e-08,-0.0803031,-0.334483,-0.08104395000000011,-0.33660725000000025,0.0007408500000001123,0.0021242500000002718,0.0022497326030000366
0.09375,0.06375,0.005,6.25e-08,-0.0455659,-0.264647,-0.04679010000000001,-0.2655525000000001,0.0012242000000000086,0.000905500000000059,0.001522693629723369
0.09625,0.06375,0.005,6.25e-08,-0.0172101,-0.170735,-0.01869244999999994,-0.17143624999999976,0.0014823499999999414,0.0007012499999997646,0.0016398515435854233
0.098125,0.064375,0.005,1.5625e-08,-0.00247842,-0.0876165,-0.005141667499999965,-0.0924384749999997,0.002663247499999965,0.004821974999999701,0.005508568792969566
0.00125,0.06625,0.005,6.25e-08,-0.000504271,0.0337462,-0.0003954570000000001,0.03276567500000001,-0.00010881399999999994,0.000980524999999989,0.0009865443539045665
0.00375,0.06625,0.005,6.25e-08,-0.00324582,0.0901768,-0.0033464975,0.08995715000000001,0.00010067750000000014,0.0002196499999999879,0.00024162384300032295
0.00625,0.06625,0.005,6.25e-08,-0.00874618,0.135661,-0.008589642500000001,0.13622725000000002,-0.000156537499999998,-0.0005662500000000181,0.0005874887670468857
0.00875,0.06625,0.005,6.25e-08,-0.0157675,0.170954,-0.015342300000000003,0.17228750000000004,-0.0004251999999999971,-0.001333500000000043,0.0013996489881395666
0.01125,0.06625,0.005,6.25e-08,-0.0234434,0.197214,-0.022859975,0.19923325,-0.0005834249999999985,-0.00201925,0.0021018456872770176
0.01375,0.06625,0.005,6.25e-08,-0.0311879,0.215766,-0.0305271,0.21835250000000003,-0.0006607999999999996,-0.0025865000000000193,0.0026695765375804644
0.01625,0.06625,0.005,6.25e-08,-0.038575,0.227937,-0.037892075,0.2309585,-0.0006829250000000009,-0.0030215000000000103,0.0030977167084201007
0.01875,0.06625,0.005,6.25e-08,-0.0453351,0.234938,-0.04466359999999999,0.23827075000000003,-0.0006715000000000124,-0.003332750000000023,0.003399725696655566
0.02125,0.06625,0.005,6.25e-08,-0.0513345,0.237804,-0.050688124999999994,0.24134100000000003,-0.0006463750000000046,-0.00353700000000004,0.003595576398941523
0.02375,0.06625,0.005,6.25e-08,-0.0565416,0.237368,-0.05591989999999998,0.24102300000000002,-0.0006217000000000167,-0.0036550000000000193,0.003707497254213435
0.02625,0.06625,0.005,6.25e-08,-0.0609977,0.234264,-0.060392199999999986,0.2379695,-0.0006055000000000157,-0.0037055000000000005,0.003754645189628445
0.02875,0.06625,0.005,6.25e-08,-0.0647944,0.228945,-0.06419359999999996,0.2326465,-0.0006008000000000402,-0.0037014999999999965,0.0037499417182137677
0.03125,0.06625,0.005,6.25e-08,-0.0680565,0.221707,-0.06744927499999996,0.22536050000000002,-0.0006072250000000445,-0.0036535000000000317,0.0037036177516889196
0.03375,0.06625,0.005,6.25e-08,-0.0709297,0.212718,-0.07030769999999996,0.216286,-0.0006220000000000392,-0.0035680000000000156,0.0036218100447152333
0.03625,0.06625,0.005,6.25e-08,-0.0735719,0.202045,-0.07293132499999995,0.2054915,-0.000640575000000046,-0.0034464999999999912,0.003505524009420703
0.03875,0.06625,0.005,6.25e-08,-0.0761473,0.189676,-0.07548987499999994,0.19296575,-0.0006574250000000587,-0.00328974999999998,0.003354796967496684
0.04125,0.06625,0.005,6.25e-08,-0.0788222,0.17554,-0.07815582499999994,0.17863500000000004,-0.0006663750000000523,-0.003095000000000042,0.0031659249265617987
0.04375,0.06625,0.005,6.25e-08,-0.0817628,0.159524,-0.08110064999999994,0.162382,-0.0006621500000000557,-0.0028579999999999994,0.002933701863260831
0.04625,0.06625,0.005,6.25e-08,-0.0851322,0.141481,-0.08449137499999992,0.14405625000000002,-0.0006408250000000809,-0.002575250000000029,0.0026537839480871937
0.04875,0.06625,0.005,6.25e-08,-0.0890864,0.121239,-0.08848717499999992,0.12348375,-0.0005992250000000782,-0.0022447500000000037,0.0023233538609357617
0.05125,0.06625,0.005,6.25e-08,-0.093768,0.0986094,-0.09323429999999991,0.10047467500000001,-0.0005337000000000952,-0.0018652750000000135,0.0019401253865730308
0.05375,0.06625,0.005,6.25e-08,-0.0992998,0.073392,-0.09886022499999991,0.07483045000000002,-0.0004395750000000809,-0.0014384500000000217,0.0015041158808832295
0.05625,0.06625,0.005,6.25e-08,-0.105775,0.0453836,-0.10546474999999991,0.04634785000000002,-0.0003102500000000813,-0.0009642500000000137,0.0010129329321332567
0.05875,0.06625,0.005,6.25e-08,-0.113244,0.0143884,-0.1131072499999999,0.014829820000000068,-0.00013675000000010207,-0.0004414200000000673,0.0004621170619010808
0.06125,0.06625,0.005,6.25e-08,-0.121696,-0.019765,-0.1217887499999999,-0.019901124999999974,9.274999999990541e-05,0.00013612499999997307,0.000164719695619483
0.06375,0.06625,0.005,6.25e-08,-0.131037,-0.0571971,-0.13142549999999992,-0.057979100000000075,0.00038849999999993057,0.0007820000000000743,0.0008731874082922075
0.06625,0.06625,0.005,6.25e-08,-0.141063,-0.0979335,-0.14181349999999993,-0.09945237500000009,0.0007504999999999318,0.0015188750000000861,0.0016941757629080755
0.06875,0.06625,0.005,6.25e-08,-0.151422,-0.141852,-0.15257624999999997,-0.14421375000000008,0.0011542499999999678,0.002361750000000079,0.0026287175818258414
0.07125,0.06625,0.005,6.25e-08,-0.161534,-0.1886,-0.1631039999999999,-0.19188224999999984,0.001569999999999877,0.003282249999999848,0.0036384151855579396
0.07375,0.06625,0.005,6.25e-08,-0.170492,-0.237385,-0.17247999999999988,-0.24162524999999985,0.0019879999999998788,0.004240249999999834,0.00468314681197356
0.07625,0.06625,0.005,6.25e-08,-0.177047,-0.286679,-0.17942074999999993,-0.2918977499999999,0.0023737499999999245,0.005218749999999883,0.00573323997622622
0.07875,0.06625,0.005,6.25e-08,-0.179626,-0.33397,-0.18227574999999996,-0.3401200000000001,0.0026497499999999508,0.0061500000000001,0.006696542022753308
0.08125,0.06625,0.005,6.25e-08,-0.176484,-0.37547,-0.17915099999999995,-0.3823595000000001,0.002666999999999947,0.006889500000000048,0.0073876991851320245
0.08375,0.06625,0.005,6.25e-08,-0.165987,-0.405983,-0.16825274999999995,-0.4131955000000001,0.0022657499999999553,0.007212500000000122,0.007560011859283128
0.08625,0.06625,0.005,6.25e-08,-0.146453,-0.419124,-0.14849225000000008,-0.4260315,0.0020392500000000757,0.006907500000000011,0.0072022286004056035
0.08875,0.06625,0.005,6.25e-08,-0.119196,-0.409003,-0.1202597500000001,-0.41411175000000017,0.0010637500000000993,0.005108750000000162,0.005218322587288166
0.09125,0.06625,0.005,6.25e-08,-0.085475,-0.369548,-0.0860821250000001,-0.3722210000000003,0.000607125000000111,0.002673000000000314,0.002741081860438833
0.09375,0.06625,0.005,6.25e-08,-0.0494916,-0.297714,-0.05074185000000001,-0.29852250000000013,0.0012502500000000152,0.0008085000000001563,0.0014888913031179578
0.09625,0.06625,0.005,6.25e-08,-0.0188817,-0.194278,-0.020628674999999937,-0.19554799999999975,0.0017469749999999354,0.0012699999999997436,0.0021598198190182724
0.098125,0.066875,0.005,1.5625e-08,-0.00550427,-0.102208,-0.005730869999999961,-0.10633487499999966,0.00022659999999996051,0.004126874999999669,0.004133091436881387
0.00125,0.06875,0.005,6.25e-08,-0.000572451,0.0354619,-0.0004377362500000002,0.03439185,-0.0001347147499999998,0.001070049999999996,0.0010784966696135664
0.00375,0.06875,0.005,6.25e-08,-0.00360352,0.0946821,-0.003670292500000001,0.09432992500000001,6.677250000000114e-05,0.00035217499999999624,0.00035844915592207424
0.00625,0.06875,0.005,6.25e-08,-0.00953166,0.142041,-0.009286420000000005,0.14249175,-0.00024523999999999553,-0.00045074999999999976,0.0005131454180834099
0.00875,0.06875,0.005,6.25e-08,-0.0168324,0.178299,-0.016284875000000004,0.17956775000000003,-0.0005475249999999966,-0.001268750000000013,0.0013818502770289655
0.01125,0.06875,0.005,6.25e-08,-0.0244571,0.204774,-0.023748050000000007,0.20677575000000004,-0.0007090499999999923,-0.0020017500000000243,0.0021236183661383435
0.01375,0.06875,0.005,6.25e-08,-0.0317367,0.222996,-0.030960450000000004,0.22559125000000002,-0.0007762499999999957,-0.002595250000000021,0.002708853378276518
0.01625,0.06875,0.005,6.25e-08,-0.0382291,0.234488,-0.037439475,0.23752225000000005,-0.0007896250000000021,-0.003034250000000044,0.0031353118988587513
0.01875,0.06875,0.005,6.25e-08,-0.0436939,0.240627,-0.042914275,0.2439585,-0.0007796249999999991,-0.0033314999999999872,0.0034215065966069556
0.02125,0.06875,0.005,6.25e-08,-0.0480517,0.242572,-0.047281949999999996,0.246085,-0.0007697500000000065,-0.0035129999999999884,0.0035963431513830724
0.02375,0.06875,0.005,6.25e-08,-0.0513348,0.241248,-0.05056087499999999,0.24485250000000003,-0.0007739250000000086,-0.0036045000000000382,0.003686648905934126
0.02625,0.06875,0.005,6.25e-08,-0.0536482,0.23735,-0.05285057499999998,0.24097925,-0.0007976250000000171,-0.0036292500000000005,0.003715866144403621
0.02875,0.06875,0.005,6.25e-08,-0.055142,0.231368,-0.05430132499999997,0.23497400000000002,-0.0008406750000000268,-0.003606000000000026,0.003702697726742656
0.03125,0.06875,0.005,6.25e-08,-0.0559927,0.223625,-0.05509279999999997,0.227169,-0.0008999000000000298,-0.0035440000000000194,0.003656467695741368
0.03375,0.06875,0.005,6.25e-08,-0.0563912,0.214304,-0.055420499999999956,0.21775325,-0.0009707000000000465,-0.003449250000000015,0.003583236533149911
0.03625,0.06875,0.005,6.25e-08,-0.0565338,0.203477,-0.055487249999999946,0.20680349999999997,-0.0010465500000000558,-0.0033264999999999822,0.003487243775892359
0.03875,0.06875,0.005,6.25e-08,-0.0566184,0.191135,-0.055498224999999936,0.19431075,-0.0011201750000000635,-0.003175750000000005,0.0033675183879416566
0.04125,0.06875,0.005,6.25e-08,-0.0568417,0.177209,-0.055658149999999934,0.180202,-0.0011835500000000679,-0.0029929999999999957,0.003218515123857605
0.04375,0.06875,0.005,6.25e-08,-0.0573999,0.161584,-0.05616917499999993,0.164356,-0.0012307250000000644,-0.0027719999999999967,0.003032930600199276
0.04625,0.06875,0.005,6.25e-08,-0.058488,0.144109,-0.057229424999999924,0.14661725,-0.0012585750000000742,-0.0025082500000000174,0.002806301675359453
0.04875,0.06875,0.005,6.25e-08,-0.060297,0.124605,-0.059030899999999914,0.12680300000000003,-0.0012661000000000894,-0.0021980000000000333,0.002536575094492645
0.05125,0.06875,0.005,6.25e-08,-0.0630086,0.102869,-0.061756899999999906,0.10471175000000002,-0.0012517000000000916,-0.001842750000000018,0.0022276625535525563
0.05375,0.06875,0.005,6.25e-08,-0.0667901,0.0786778,-0.06557767499999989,0.08012352500000001,-0.001212425000000114,-0.0014457250000000088,0.0018868214425987167
0.05625,0.06875,0.005,6.25e-08,-0.0717868,0.0517981,-0.0706443749999999,0.05280810000000002,-0.0011424250000000996,-0.0010100000000000178,0.0015248720866437497
0.05875,0.06875,0.005,6.25e-08,-0.0781117,0.0219878,-0.07707939999999988,0.022526400000000064,-0.0010323000000001248,-0.0005386000000000661,0.0011643595879282005
0.06125,0.06875,0.005,6.25e-08,-0.0858293,-0.0109901,-0.08496174999999989,-0.010960789999999977,-0.0008675500000001057,-2.9310000000021957e-05,0.0008680449749870019
0.06375,0.06875,0.005,6.25e-08,-0.0949323,-0.0473467,-0.09430529999999993,-0.047878300000000075,-0.0006270000000000719,0.0005316000000000765,0.0008220264959234413
0.06625,0.06875,0.005,6.25e-08,-0.105326,-0.0872265,-0.10502444999999991,-0.0884078500000001,-0.0003015500000000948,0.0011813500000000948,0.0012192293570121584
0.06875,0.06875,0.005,6.25e-08,-0.116811,-0.130679,-0.11688574999999993,-0.13263375000000008,7.474999999992904e-05,0.0019547500000000884,0.0019561787047712013
0.07125,0.06875,0.005,6.25e-08,-0.128971,-0.177647,-0.1294342499999999,-0.18044549999999981,0.00046324999999988736,0.002798499999999815,0.0028365829465218993
0.07375,0.06875,0.005,6.25e-08,-0.141008,-0.227712,-0.14190399999999986,-0.23136599999999982,0.0008959999999998691,0.003653999999999824,0.003762250921987857
0.07625,0.06875,0.005,6.25e-08,-0.151723,-0.279708,-0.1531072499999999,-0.2842784999999998,0.0013842499999998925,0.004570499999999811,0.004775522831324123
0.07875,0.06875,0.005,6.25e-08,-0.159508,-0.331483,-0.16135824999999993,-0.33702825000000014,0.0018502499999999145,0.005545250000000113,0.005845786741320704
0.08125,0.06875,0.005,6.25e-08,-0.162414,-0.379523,-0.16449324999999995,-0.3859340000000001,0.002079249999999949,0.006411000000000111,0.00673974788567801
0.08375,0.06875,0.005,6.25e-08,-0.158449,-0.418522,-0.16013049999999995,-0.4253697500000001,0.001681499999999947,0.006847750000000097,0.007051178788862267
0.085625,0.069375,0.005,1.5625e-08,-0.146512,-0.440084,-0.14907974999999993,-0.44812625000000006,0.0025677499999999243,0.008042250000000084,0.008442222759735789
0.08875,0.06875,0.005,6.25e-08,-0.120951,-0.438449,-0.12235225000000008,-0.4444392500000001,0.001401250000000076,0.005990250000000141,0.006151958763272224
0.09125,0.06875,0.005,6.25e-08,-0.0898823,-0.404311,-0.09015070000000011,-0.40761725000000026,0.000268400000000113,0.003306250000000288,0.0033171264103892643
0.09375,0.06875,0.005,6.25e-08,-0.0541557,-0.332707,-0.05447772500000002,-0.3329962500000001,0.00032202500000001744,0.0002892500000001297,0.0004328575552362304
0.095625,0.069375,0.005,1.5625e-08,-0.027519,-0.25325,-0.030382449999999925,-0.26020974999999974,0.002863449999999927,0.006959749999999765,0.007525786733956544
0.098125,0.068125,0.005,1.5625e-08,-0.0066099,-0.112694,-0.006038139999999959,-0.11382112499999963,-0.0005717600000000409,0.001127124999999632,0.0012638513612067746
0.00125,0.07125,0.005,6.25e-08,-0.00069624,0.0374229,-0.0005170492499999997,0.0362459,-0.00017919075000000033,0.0011770000000000044,0.0011905621885838526
0.00375,0.07125,0.005,6.25e-08,-0.00424515,0.0997118,-0.004273872499999998,0.09921164999999998,2.8722499999998125e-05,0.0005001500000000186,0.0005009740557217195
0.00625,0.07125,0.005,6.25e-08,-0.0109538,0.14892,-0.010604954999999996,0.14925899999999998,-0.0003488450000000039,-0.0003389999999999782,0.00048642968045236294
0.00875,0.07125,0.005,6.25e-08,-0.0188406,0.185865,-0.018159249999999995,0.18709024999999999,-0.0006813500000000042,-0.0012252499999999833,0.001401954130847356
0.01125,0.07125,0.005,6.25e-08,-0.0265941,0.212128,-0.025765049999999994,0.214136,-0.0008290500000000048,-0.002007999999999982,0.0021724152233171114
0.01375,0.07125,0.005,6.25e-08,-0.0334463,0.229539,-0.032578125,0.2321555,-0.0008681749999999988,-0.002616499999999994,0.0027567734909899593
0.01625,0.07125,0.005,6.25e-08,-0.0389545,0.239886,-0.038093475,0.242926,-0.0008610250000000014,-0.003040000000000015,0.003159582891874352
0.01875,0.07125,0.005,6.25e-08,-0.0429363,0.24475,-0.042087925,0.24805375,-0.0008483749999999984,-0.003303749999999994,0.003410938903458249
0.02125,0.07125,0.005,6.25e-08,-0.045398,0.245434,-0.04454217500000001,0.24887900000000002,-0.0008558249999999906,-0.0034450000000000036,0.0035497128659407098
0.02375,0.07125,0.005,6.25e-08,-0.0464628,0.242956,-0.04556887500000001,0.24645374999999997,-0.0008939249999999899,-0.003497749999999966,0.003610174091110392
0.02625,0.07125,0.005,6.25e-08,-0.0463204,0.238065,-0.045357300000000024,0.24155675,-0.0009630999999999737,-0.003491749999999988,0.003622137445280047
0.02875,0.07125,0.005,6.25e-08,-0.045194,0.231285,-0.04413587500000003,0.23472975000000001,-0.0010581249999999653,-0.003444750000000024,0.003603599738889586
0.03125,0.07125,0.005,6.25e-08,-0.0433219,0.222954,-0.04214915000000003,0.22632075000000001,-0.0011727499999999724,-0.0033667500000000017,0.0035651575175579472
0.03375,0.07125,0.005,6.25e-08,-0.040945,0.213259,-0.03964477500000004,0.21652475,-0.0013002249999999604,-0.003265749999999984,0.003515068720967599
0.03625,0.07125,0.005,6.25e-08,-0.0383003,0.202274,-0.03686747500000005,0.20541800000000002,-0.0014328249999999501,-0.003144000000000008,0.003455101081100943
0.03875,0.07125,0.005,6.25e-08,-0.0356176,0.189986,-0.03405675000000006,0.19298925,-0.00156084999999994,-0.003003250000000013,0.0033846363593449578
0.04125,0.07125,0.005,6.25e-08,-0.0331205,0.176325,-0.03144622500000007,0.179162,-0.0016742749999999265,-0.0028369999999999784,0.0032942018419678887
0.04375,0.07125,0.005,6.25e-08,-0.03103,0.161175,-0.029264400000000076,0.16381175000000003,-0.0017655999999999228,-0.002636750000000021,0.0031732938600923547
0.04625,0.07125,0.005,6.25e-08,-0.0295689,0.144384,-0.027734850000000085,0.1467775,-0.0018340499999999135,-0.002393499999999993,0.003015390795983109
0.04875,0.07125,0.005,6.25e-08,-0.0289587,0.125767,-0.027076500000000094,0.12787099999999998,-0.0018821999999999069,-0.0021039999999999948,0.0028230290186251413
0.05125,0.07125,0.005,6.25e-08,-0.0294143,0.105112,-0.027502525000000097,0.106881,-0.0019117749999999038,-0.0017690000000000067,0.0026046582598538057
0.05375,0.07125,0.005,6.25e-08,-0.0311409,0.0821825,-0.029218900000000107,0.083577,-0.0019219999999998925,-0.001394499999999993,0.0023745977027697907
0.05625,0.07125,0.005,6.25e-08,-0.0343297,0.0567205,-0.03242037500000011,0.05770939999999999,-0.0019093249999998854,-0.000988899999999987,0.002150219794724376
0.05875,0.07125,0.005,6.25e-08,-0.0391504,0.0284503,-0.03728460000000011,0.029011025000000027,-0.0018657999999998898,-0.0005607250000000258,0.0019482356545409535
0.06125,0.07125,0.005,6.25e-08,-0.0457368,-0.00291716,-0.043961725000000125,-0.002801130750000021,-0.001775074999999876,-0.00011602924999997875,0.0017788631320256535
0.06375,0.07125,0.005,6.25e-08,-0.0541593,-0.0376666,-0.052557475000000145,-0.03802015000000013,-0.0016018249999998554,0.000353550000000126,0.0016403782896407236
0.06625,0.07125,0.005,6.25e-08,-0.0644219,-0.0760271,-0.06310565000000015,-0.07693425000000015,-0.0013162499999998523,0.0009071500000001481,0.001598572858833741
0.06875,0.07125,0.005,6.25e-08,-0.076504,-0.118165,-0.07552340000000016,-0.11979275000000017,-0.0009805999999998455,0.0016277500000001638,0.001900301666183617
0.07125,0.07125,0.005,6.25e-08,-0.0902009,-0.164337,-0.08954102500000008,-0.1667349999999999,-0.0006598749999999209,0.0023979999999999,0.0024871346999357346
0.07375,0.07125,0.005,6.25e-08,-0.104862,-0.21456,-0.10459752500000008,-0.2176484999999999,-0.00026447499999991686,0.0030884999999999108,0.003099803102718688
0.07625,0.07125,0.005,6.25e-08,-0.119424,-0.268056,-0.11970000000000006,-0.2719124999999999,0.000276000000000054,0.003856499999999874,0.003866363698619034
0.07875,0.07125,0.005,6.25e-08,-0.132416,-0.32317,-0.13326500000000013,-0.32796225000000023,0.0008490000000001274,0.00479225000000022,0.00486687384904338
0.08125,0.07125,0.005,6.25e-08,-0.14185,-0.376956,-0.1430175000000001,-0.3826592500000002,0.001167500000000099,0.00570325000000016,0.005821521863954652
0.08375,0.07125,0.005,6.25e-08,-0.145303,-0.424246,-0.14609525000000004,-0.4305587500000001,0.0007922500000000499,0.006312750000000089,0.00636226945554817
0.085625,0.071875,0.005,1.5625e-08,-0.137666,-0.452157,-0.13926225,-0.45923775000000006,0.0015962499999999935,0.00708075000000008,0.007258445744441513
0.088125,0.070625,0.005,1.5625e-08,-0.124662,-0.45908,-0.12805350000000007,-0.46651974999999996,0.003391500000000075,0.007439749999999967,0.008176316549186437
0.09125,0.07125,0.005,6.25e-08,-0.0923594,-0.437692,-0.09290175000000009,-0.44164775,0.0005423500000000941,0.00395574999999998,0.003992756138934601
0.09375,0.07125,0.005,6.25e-08,-0.0579828,-0.368334,-0.05787712499999999,-0.3684034999999999,-0.0001056750000000134,6.94999999998891e-05,0.00012648104848153108
0.095625,0.071875,0.005,1.5625e-08,-0.0322084,-0.284717,-0.0328386999999999,-0.2914044999999995,0.0006302999999999032,0.006687499999999513,0.006717137362001269
0.098125,0.070625,0.005,1.5625e-08,-0.00625436,-0.128701,-0.00668022999999995,-0.1299027499999995,0.00042586999999995063,0.0012017499999995018,0.001274977772119483
0.00125,0.07375,0.005,6.25e-08,-0.000897992,0.0398044,-0.0006516294999999994,0.03850002499999999,-0.0002463625000000006,0.0013043750000000034,0.0013274368617871282
0.00375,0.07375,0.005,6.25e-08,-0.00529052,0.105639,-0.005285919999999996,0.10498224999999999,-4.6000000000039065e-06,0.0006567500000000115,0.0006567661094331947
0.00625,0.07375,0.005,6.25e-08,-0.0132684,0.156684,-0.012807624999999994,0.15693025,-0.0004607750000000053,-0.0002462500000000034,0.0005224487181772068
0.00875,0.07375,0.005,6.25e-08,-0.0221368,0.193927,-0.021319599999999994,0.195148,-0.0008172000000000075,-0.0012209999999999999,0.0014692368222992548
0.01125,0.07375,0.005,6.25e-08,-0.030218,0.21939,-0.029290824999999986,0.22144175,-0.0009271750000000127,-0.002051749999999991,0.002251517608886279
0.01375,0.07375,0.005,6.25e-08,-0.0366432,0.235354,-0.03572594999999999,0.23800725,-0.0009172500000000083,-0.002653249999999996,0.0028073266865471843
0.01625,0.07375,0.005,6.25e-08,-0.0410064,0.243965,-0.040126499999999996,0.24699725,-0.0008799000000000029,-0.003032250000000014,0.0031573349636204407
0.01875,0.07375,0.005,6.25e-08,-0.0432321,0.247055,-0.042366600000000004,0.25029025,-0.0008654999999999982,-0.003235249999999995,0.0033490196793240804
0.02125,0.07375,0.005,6.25e-08,-0.0434577,0.246086,-0.04256030000000001,0.2494015,-0.0008973999999999926,-0.003315499999999999,0.003434802324734275
0.02375,0.07375,0.005,6.25e-08,-0.0419335,0.242161,-0.04095470000000001,0.24548050000000002,-0.000978799999999988,-0.0033195000000000308,0.0034607989958967827
0.02625,0.07375,0.005,6.25e-08,-0.0389585,0.236074,-0.03785740000000003,0.239353,-0.001101099999999973,-0.003279000000000004,0.003458939463188098
0.02875,0.07375,0.005,6.25e-08,-0.0348453,0.228366,-0.03359287500000003,0.23157575000000002,-0.0012524249999999737,-0.003209750000000011,0.003445440964974586
0.03125,0.07375,0.005,6.25e-08,-0.0299029,0.219375,-0.02847985000000004,0.22249625,-0.0014230499999999605,-0.00312125000000002,0.0034303458812487133
0.03375,0.07375,0.005,6.25e-08,-0.0244277,0.209283,-0.022821625000000047,0.21229949999999997,-0.0016060749999999534,-0.0030164999999999775,0.0034174184929014347
0.03625,0.07375,0.005,6.25e-08,-0.0186979,0.198152,-0.01690430000000006,0.20105300000000004,-0.0017935999999999404,-0.0029010000000000424,0.0034106893672687395
0.03875,0.07375,0.005,6.25e-08,-0.0129721,0.18596,-0.010998325000000066,0.18873525000000002,-0.0019737749999999346,-0.0027752500000000346,0.0034055543327224914
0.04125,0.07375,0.005,6.25e-08,-0.00749415,0.172627,-0.005361740000000075,0.17526100000000003,-0.002132409999999925,-0.002634000000000025,0.00338897158561411
0.04375,0.07375,0.005,6.25e-08,-0.00250334,0.158037,-0.00024342750000008414,0.1605005,-0.002259912499999916,-0.0024634999999999796,0.0033430579949584737
0.04625,0.07375,0.005,6.25e-08,0.00175438,0.142043,0.004113917499999908,0.14428725000000003,-0.002359537499999908,-0.002244250000000031,0.0032563899146763665
0.04875,0.07375,0.005,6.25e-08,0.0050311,0.124458,0.0074715774999999,0.1264295,-0.0024404774999999,-0.001971500000000001,0.0031373145647202428
0.05125,0.07375,0.005,6.25e-08,0.00708572,0.10506,0.009593537499999893,0.106711,-0.002507817499999893,-0.0016509999999999997,0.003002490568395796
0.05375,0.07375,0.005,6.25e-08,0.00768276,0.083605,0.010246072499999887,0.084896525,-0.002563312499999887,-0.0012915250000000017,0.0028702975104125832
0.05625,0.07375,0.005,6.25e-08,0.00659319,0.0598223,0.00919887749999988,0.0607266,-0.00260568749999988,-0.0009042999999999968,0.0027581453619516896
0.05875,0.07375,0.005,6.25e-08,0.00359678,0.0334138,0.00622777659999988,0.03391937500000003,-0.0026309965999998797,-0.0005055750000000289,0.002679132171027767
0.06125,0.07375,0.005,6.25e-08,-0.00150511,0.00404967,0.0011207799999998689,0.0041663372499999825,-0.0026258899999998687,-0.00011666724999998251,0.002628480462039212
0.06375,0.07375,0.005,6.25e-08,-0.00884739,-0.028618,-0.0063109575000001574,-0.02886935000000012,-0.0025364324999998427,0.00025135000000011884,0.0025488559491574866
0.06625,0.07375,0.005,6.25e-08,-0.0185105,-0.0648689,-0.016212967500000168,-0.06555057500000014,-0.002297532499999831,0.0006816750000001454,0.002396525901003507
0.06875,0.07375,0.005,6.25e-08,-0.0306549,-0.104846,-0.028651900000000178,-0.10625285000000015,-0.002002999999999821,0.0014068500000001538,0.002447700129202864
0.07125,0.07375,0.005,6.25e-08,-0.045322,-0.149167,-0.043553875000000096,-0.15132549999999992,-0.0017681249999999052,0.0021584999999999244,0.002790230862424172
0.07375,0.07375,0.005,6.25e-08,-0.0620355,-0.198393,-0.06060207500000008,-0.2009944999999999,-0.0014334249999999188,0.0026014999999998956,0.002970270943975351
0.07625,0.07375,0.005,6.25e-08,-0.0799288,-0.252011,-0.07907790000000006,-0.2551504999999999,-0.0008508999999999323,0.0031394999999999063,0.003252766677768219
0.07875,0.07375,0.005,6.25e-08,-0.0978575,-0.308943,-0.09764297500000016,-0.3129367500000002,-0.00021452499999984054,0.003993750000000185,0.003999507474443123
0.08125,0.07375,0.005,6.25e-08,-0.113966,-0.367147,-0.11410575000000013,-0.3720347500000002,0.00013975000000013282,0.0048877500000001906,0.0048897474500225364
0.08375,0.07375,0.005,6.25e-08,-0.125295,-0.422086,-0.12531850000000008,-0.42764725000000015,2.350000000009289e-05,0.005561250000000129,0.005561299651385585
0.085625,0.074375,0.005,1.5625e-08,-0.12246,-0.456261,-0.12343175000000006,-0.46205050000000014,0.0009717500000000628,0.005789500000000114,0.005870486207504575
0.088125,0.073125,0.005,1.5625e-08,-0.121209,-0.477895,-0.12308750000000007,-0.4856994999999999,0.0018785000000000746,0.007804499999999881,0.008027389519638276
0.090625,0.073125,0.005,1.5625e-08,-0.0982826,-0.468455,-0.10115085000000007,-0.47501025,0.002868250000000072,0.0065552500000000125,0.007155288996609471
0.09375,0.07375,0.005,6.25e-08,-0.0619189,-0.404213,-0.060816024999999996,-0.40398299999999987,-0.0011028750000000032,-0.000230000000000119,0.0011266025322291184
0.095625,0.074375,0.005,1.5625e-08,-0.0359645,-0.317453,-0.0352707499999999,-0.3240834999999995,-0.000693750000000104,0.0066304999999995395,0.006666694781711102
0.098125,0.073125,0.005,1.5625e-08,-0.00698447,-0.146175,-0.007367404999999945,-0.14751149999999943,0.0003829349999999454,0.0013364999999994354,0.0013902774774207662
0.00125,0.07625,0.005,6.25e-08,-0.00119879,0.0428449,-0.0008692439999999993,0.04141027499999999,-0.00032954600000000066,0.0014346250000000088,0.0014719882665092904
0.00375,0.07625,0.005,6.25e-08,-0.00689557,0.112986,-0.0068934024999999935,0.11218024999999997,-2.1675000000066433e-06,0.0008057500000000356,0.0008057529153259748
0.00625,0.07625,0.005,6.25e-08,-0.0168125,0.165841,-0.01625134999999999,0.16603549999999997,-0.0005611500000000103,-0.00019449999999998635,0.000593901988967882
0.00875,0.07625,0.005,6.25e-08,-0.0271406,0.2028,-0.026206024999999987,0.20408049999999997,-0.0009345750000000139,-0.0012804999999999622,0.00158527936989823
0.01125,0.07625,0.005,6.25e-08,-0.0357164,0.226644,-0.034738924999999976,0.22878549999999997,-0.0009774750000000262,-0.002141499999999963,0.0023540347545490683
0.01375,0.07625,0.005,6.25e-08,-0.0416052,0.24032,-0.040706749999999986,0.24301575,-0.0008984500000000159,-0.0026957499999999968,0.002841527839912889
0.01625,0.07625,0.005,6.25e-08,-0.0445149,0.246454,-0.04368714999999999,0.24944224999999998,-0.000827750000000016,-0.00298824999999997,0.003100775407055443
0.01875,0.07625,0.005,6.25e-08,-0.044557,0.24718,-0.043735699999999995,0.25027750000000004,-0.000821300000000004,-0.003097500000000031,0.0032045342781752543
0.02125,0.07625,0.005,6.25e-08,-0.0420646,0.244119,-0.041171775,0.24721925,-0.0008928249999999999,-0.003100249999999999,0.003226249609550537
0.02375,0.07625,0.005,6.25e-08,-0.03746,0.238445,-0.036428200000000015,0.24149500000000002,-0.0010317999999999855,-0.003050000000000025,0.0032197998757686978
0.02625,0.07625,0.005,6.25e-08,-0.031179,0.23097,-0.02996242500000002,0.2339485,-0.0012165749999999767,-0.002978499999999995,0.0032173773450785833
0.02875,0.07625,0.005,6.25e-08,-0.023638,0.222226,-0.022211350000000032,0.22512325000000002,-0.0014266499999999668,-0.002897250000000018,0.0032294562677020427
0.03125,0.07625,0.005,6.25e-08,-0.0152242,0.212535,-0.013573900000000043,0.21534050000000005,-0.001650299999999957,-0.002805500000000044,0.0032548917554966563
0.03375,0.07625,0.005,6.25e-08,-0.00629282,0.202055,-0.004408832750000054,0.20475875000000004,-0.0018839872499999463,-0.0027037500000000325,0.003295401647851523
0.03625,0.07625,0.005,6.25e-08,0.00283739,0.190822,0.004960488249999936,0.19342050000000002,-0.0021230982499999365,-0.0025985000000000313,0.0033555548615918883
0.03875,0.07625,0.005,6.25e-08,0.0118852,0.178788,0.014238587499999927,0.18128550000000004,-0.002353387499999927,-0.0024975000000000414,0.0034316088027565314
0.04125,0.07625,0.005,6.25e-08,0.0205961,0.165862,0.023150124999999917,0.16825625000000002,-0.002554024999999918,-0.0023942500000000144,0.0035007823073028477
0.04375,0.07625,0.005,6.25e-08,0.0287219,0.15193,0.03143314999999991,0.15419175000000002,-0.002711249999999908,-0.002261750000000007,0.0035307774816603116
0.04625,0.07625,0.005,6.25e-08,0.0359993,0.136852,0.0388333999999999,0.138922,-0.002834099999999902,-0.0020699999999999885,0.0035095616264712317
0.04875,0.07625,0.005,6.25e-08,0.042157,0.120441,0.04509979999999989,0.12225225000000002,-0.0029427999999998913,-0.0018112500000000142,0.003455531565837507
0.05125,0.07625,0.005,6.25e-08,0.046934,0.102469,0.04998119999999988,0.1039665,-0.003047199999999882,-0.0014974999999999988,0.003395281150361377
0.05375,0.07625,0.005,6.25e-08,0.0500764,0.0826851,0.05322387499999988,0.083828575,-0.003147474999999879,-0.001143475000000005,0.0033487511032098587
0.05625,0.07625,0.005,6.25e-08,0.0513272,0.0608194,0.054570199999999874,0.061580224999999995,-0.003242999999999871,-0.0007608249999999928,0.0033310514377031396
0.05875,0.07625,0.005,6.25e-08,0.0504219,0.0365652,0.053758649999999866,0.036936800000000033,-0.0033367499999998676,-0.0003716000000000344,0.0033573780130481496
0.06125,0.07625,0.005,6.25e-08,0.0470979,0.00956509,0.050525299999999856,0.009581584999999988,-0.0034273999999998583,-1.6494999999987908e-05,0.003427439692397815
0.06375,0.07625,0.005,6.25e-08,0.0411628,-0.0206032,0.044609849999999826,-0.020841675000000108,-0.0034470499999998266,0.00023847500000010943,0.003455289282842156
0.06625,0.07625,0.005,6.25e-08,0.0324856,-0.054332,0.03576704999999982,-0.054737175000000124,-0.003281449999999818,0.0004051750000001256,0.003306369743861673
0.06875,0.07625,0.005,6.25e-08,0.0207521,-0.0912793,0.023791774999999803,-0.09256250000000016,-0.0030396749999998043,0.0012832000000001648,0.0032994281846441564
0.07125,0.07625,0.005,6.25e-08,0.00567481,-0.132659,0.008566236249999894,-0.1348214999999999,-0.002891426249999894,0.0021624999999999006,0.0036106442651122556
0.07375,0.07625,0.005,6.25e-08,-0.0124439,-0.179882,-0.009851514750000094,-0.1820179999999999,-0.002592385249999907,0.0021359999999999157,0.003359011355208065
0.07625,0.07625,0.005,6.25e-08,-0.0329816,-0.232131,-0.03107250000000008,-0.23451974999999992,-0.0019090999999999206,0.0023887499999999118,0.0030579060437657783
0.07875,0.07625,0.005,6.25e-08,-0.0553252,-0.288996,-0.054126950000000194,-0.2922187500000002,-0.0011982499999998036,0.0032227500000002185,0.0034383019973528994
0.08125,0.07625,0.005,6.25e-08,-0.0779716,-0.349733,-0.07712062500000018,-0.35383475000000025,-0.0008509749999998234,0.004101750000000237,0.004189094354765317
0.08375,0.07625,0.005,6.25e-08,-0.0978025,-0.411038,-0.09689770000000014,-0.41569925000000024,-0.0009047999999998585,0.004661250000000228,0.004748253847732013
0.085625,0.076875,0.005,1.5625e-08,-0.101483,-0.453257,-0.10052757500000009,-0.4550837500000002,-0.0009554249999999126,0.0018267500000001546,0.002061517036826375
0.088125,0.075625,0.005,1.5625e-08,-0.112316,-0.489076,-0.11341775000000004,-0.49699274999999987,0.0011017500000000402,0.007916749999999861,0.007993045954140255
0.090625,0.075625,0.005,1.5625e-08,-0.0976617,-0.493476,-0.09915962500000006,-0.50002175,0.0014979250000000527,0.006545750000000017,0.00671495512778197
0.09375,0.07625,0.005,6.25e-08,-0.064112,-0.437794,-0.063162025,-0.43872849999999985,-0.0009499750000000057,0.0009344999999998382,0.0013325699796351066
0.095625,0.076875,0.005,1.5625e-08,-0.039565,-0.351666,-0.037702224999999895,-0.3578549999999995,-0.001862775000000108,0.0061889999999995005,0.00646325395606727
0.098125,0.075625,0.005,1.5625e-08,-0.00776481,-0.16578,-0.008121024999999941,-0.16672524999999938,0.0003562149999999419,0.0009452499999993702,0.0010101419151405252
0.00125,0.07875,0.005,6.25e-08,-0.00159167,0.046851,-0.0012135467500000011,0.04535982500000001,-0.00037812324999999896,0.0014911749999999835,0.0015383692901301405
0.00375,0.07875,0.005,6.25e-08,-0.00925072,0.122505,-0.009372790000000008,0.12156175000000002,0.0001220700000000071,0.0009432499999999788,0.0009511160010219372
0.00625,0.07875,0.005,6.25e-08,-0.0220288,0.177044,-0.02141760000000002,0.17723875000000006,-0.0006111999999999819,-0.00019475000000004905,0.0006414772034141175
0.00875,0.07875,0.005,6.25e-08,-0.0343357,0.212803,-0.033332175000000026,0.21421750000000006,-0.0010035249999999704,-0.0014145000000000685,0.0017343219642341886
0.01125,0.07875,0.005,6.25e-08,-0.0434251,0.233856,-0.042478375000000027,0.23612400000000003,-0.0009467249999999747,-0.00226800000000002,0.0024576639773624554
0.01375,0.07875,0.005,6.25e-08,-0.0484202,0.244132,-0.04763525000000002,0.24684675,-0.0007849499999999787,-0.0027147500000000158,0.0028259536558478894
0.01625,0.07875,0.005,6.25e-08,-0.0492918,0.246883,-0.04859970000000001,0.24974799999999997,-0.0006920999999999872,-0.0028649999999999787,0.002947410288711068
0.01875,0.07875,0.005,6.25e-08,-0.0464619,0.244574,-0.045744875000000004,0.2474225,-0.0007170249999999961,-0.002848499999999976,0.0029373588648009723
0.02125,0.07875,0.005,6.25e-08,-0.0405468,0.238966,-0.039693674999999984,0.24172824999999995,-0.0008531250000000171,-0.0027622499999999384,0.0028909941764252464
0.02375,0.07875,0.005,6.25e-08,-0.0321923,0.23126,-0.031123749999999978,0.23392549999999995,-0.0010685500000000223,-0.0026654999999999596,0.002871704955683963
0.02625,0.07875,0.005,6.25e-08,-0.0219963,0.222243,-0.02067147499999997,0.22482449999999995,-0.0013248250000000295,-0.002581499999999959,0.0029016036136289987
0.02875,0.07875,0.005,6.25e-08,-0.0104871,0.212406,-0.008895892499999959,0.21491324999999997,-0.0015912075000000404,-0.002507249999999961,0.0029695528064939644
0.03125,0.07875,0.005,6.25e-08,0.00186759,0.202028,0.003725117000000053,0.20445549999999996,-0.001857527000000053,-0.0024274999999999436,0.0030566587650126932
0.03375,0.07875,0.005,6.25e-08,0.0146536,0.191223,0.016784550000000065,0.19355774999999997,-0.0021309500000000654,-0.002334749999999969,0.0031610133604589737
0.03625,0.07875,0.005,6.25e-08,0.0275147,0.179979,0.029931275000000077,0.18222349999999998,-0.002416575000000077,-0.0022444999999999826,0.003298122948075965
0.03875,0.07875,0.005,6.25e-08,0.0401577,0.168207,0.04285502500000009,0.17038299999999998,-0.0026973250000000906,-0.0021759999999999835,0.0034656223330919106
0.04125,0.07875,0.005,6.25e-08,0.0523322,0.155795,0.055273275000000094,0.15791899999999998,-0.0029410750000000915,-0.002123999999999987,0.003627850349122119
0.04375,0.07875,0.005,6.25e-08,0.0637972,0.142634,0.0669204750000001,0.14467974999999997,-0.003123275000000106,-0.0020457499999999573,0.0037336228770626376
0.04625,0.07875,0.005,6.25e-08,0.0742743,0.12861,0.0775397750000001,0.13049,-0.003265475000000101,-0.0018799999999999928,0.0037679871251937195
0.04875,0.07875,0.005,6.25e-08,0.0834682,0.113529,0.08687625000000013,0.11515349999999996,-0.0034080500000001207,-0.0016244999999999593,0.003775421175511507
0.05125,0.07875,0.005,6.25e-08,0.0911112,0.0971471,0.09467152500000013,0.09845889999999997,-0.003560325000000128,-0.001311799999999974,0.0037943027482827255
0.05375,0.07875,0.005,6.25e-08,0.0969474,0.0792193,0.10066015000000014,0.08017602499999998,-0.0037127500000001395,-0.0009567249999999777,0.003834036422378639
0.05625,0.07875,0.005,6.25e-08,0.100705,0.0594845,0.10456532500000014,0.060054849999999986,-0.0038603250000001366,-0.0005703499999999834,0.0039022311858891746
0.05875,0.07875,0.005,6.25e-08,0.102088,0.0376467,0.10609747500000016,0.03781975000000003,-0.004009475000000165,-0.00017305000000002874,0.00401320770433407
0.06125,0.07875,0.005,6.25e-08,0.100771,0.0133547,0.10495165000000016,0.013161867500000007,-0.004180650000000161,0.00019283249999999322,0.004185094837104363
0.06375,0.07875,0.005,6.25e-08,0.0964601,-0.0138451,0.10080892500000015,-0.014272235000000065,-0.004348825000000153,0.00042713500000006455,0.004369750929841584
0.06625,0.07875,0.005,6.25e-08,0.0889628,-0.0448333,0.09333957500000015,-0.044896400000000065,-0.004376775000000152,6.310000000006588e-05,0.004377229832968146
0.06875,0.07875,0.005,6.25e-08,0.0779325,-0.0781744,0.08221817500000013,-0.07920472500000006,-0.004285675000000128,0.0010303250000000541,0.004407786271049358
0.07125,0.07875,0.005,6.25e-08,0.0629952,-0.11575,0.06715287500000022,-0.11779224999999983,-0.004157675000000222,0.002042249999999829,0.0046321751335766815
0.07375,0.07875,0.005,6.25e-08,0.0442227,-0.159914,0.04795100000000023,-0.16136024999999982,-0.003728300000000233,0.0014462499999998157,0.003998982364614928
0.07625,0.07875,0.005,6.25e-08,0.0218693,-0.209262,0.02465017500000024,-0.2106644999999998,-0.002780875000000238,0.0014024999999998067,0.0031145259696502424
0.07875,0.07875,0.005,6.25e-08,-0.00419085,-0.263863,-0.0022374199999999223,-0.2663010000000001,-0.001953430000000078,0.0024380000000001067,0.003124057100134507
0.08125,0.07875,0.005,6.25e-08,-0.0326131,-0.324891,-0.03131889999999994,-0.3281310000000001,-0.0012942000000000578,0.0032400000000001317,0.0034889186920879947
0.08375,0.07875,0.005,6.25e-08,-0.0602546,-0.390381,-0.059768349999999956,-0.3940365000000001,-0.0004862500000000422,0.0036555000000001447,0.003687698376020075
0.08625,0.07875,0.005,6.25e-08,-0.0834997,-0.453381,-0.08287382499999986,-0.4577829999999998,-0.0006258750000001367,0.004401999999999795,0.004446270742501334
0.088125,0.079375,0.005,1.5625e-08,-0.0880875,-0.488763,-0.0874843999999999,-0.49434024999999987,-0.0006031000000000925,0.005577249999999867,0.005609763557628666
0.090625,0.078125,0.005,1.5625e-08,-0.0930181,-0.510861,-0.09381530000000003,-0.5177465,0.0007972000000000257,0.006885499999999989,0.0069314960931966116
0.093125,0.078125,0.005,1.5625e-08,-0.0699082,-0.477245,-0.07209947500000008,-0.4830672500000002,0.002191275000000076,0.005822250000000251,0.0062209550061166855
0.095625,0.078125,0.005,1.5625e-08,-0.0412183,-0.372879,-0.03893674999999991,-0.37499349999999954,-0.0022815500000000905,0.0021144999999995195,0.00311072027872941
0.098125,0.078125,0.005,1.5625e-08,-0.00875618,-0.187412,-0.008984667499999937,-0.1876752499999994,0.00022848749999993673,0.0002632499999994098,0.00034857868574528526
0.00125,0.08125,0.005,6.25e-08,-0.00196002,0.052251,-0.0017558402500000019,0.05093195000000002,-0.00020417974999999795,0.0013190499999999813,0.0013347592564990933
0.00375,0.08125,0.005,6.25e-08,-0.0126071,0.135342,-0.01314005000000001,0.13417875000000004,0.0005329500000000112,0.001163249999999949,0.001279525796926304
0.00625,0.08125,0.005,6.25e-08,-0.029527,0.191086,-0.028936100000000027,0.19130750000000005,-0.0005908999999999741,-0.0002215000000000411,0.000631050758655742
0.00875,0.08125,0.005,6.25e-08,-0.0442147,0.224133,-0.043206900000000034,0.22573375000000007,-0.0010077999999999684,-0.0016007500000000674,0.0018915764331636593
0.01125,0.08125,0.005,6.25e-08,-0.0534331,0.240709,-0.052624275000000026,0.24308675000000002,-0.0008088249999999714,-0.002377750000000012,0.0025115518993492868
0.01375,0.08125,0.005,6.25e-08,-0.0566781,0.246145,-0.056113050000000025,0.2487725,-0.0005650499999999767,-0.002627500000000005,0.0026875709762720686
0.01625,0.08125,0.005,6.25e-08,-0.0544423,0.244444,-0.05395940000000001,0.247025,-0.0004828999999999875,-0.002581,0.002625786246060404
0.01875,0.08125,0.005,6.25e-08,-0.047638,0.238392,-0.0470583,0.24081274999999996,-0.0005797000000000024,-0.0024207499999999715,0.002489193172998003
0.02125,0.08125,0.005,6.25e-08,-0.0372705,0.22982,-0.03645627499999998,0.23207699999999995,-0.0008142250000000156,-0.0022569999999999535,0.0023993772839269807
0.02375,0.08125,0.005,6.25e-08,-0.0242586,0.219877,-0.023131099999999974,0.22201799999999997,-0.0011275000000000278,-0.0021409999999999763,0.002419739087174475
0.02625,0.08125,0.005,6.25e-08,-0.00937476,0.209255,-0.007913032499999957,0.21133824999999992,-0.0014617275000000426,-0.0020832499999999254,0.0025449121491234357
0.02875,0.08125,0.005,6.25e-08,0.00674866,0.198355,0.008523050000000058,0.20041049999999996,-0.001774390000000058,-0.00205549999999996,0.0027154263241892683
0.03125,0.08125,0.005,6.25e-08,0.0235748,0.18739,0.025636050000000073,0.18940049999999997,-0.0020612500000000734,-0.0020104999999999706,0.0028793856658148776
0.03375,0.08125,0.005,6.25e-08,0.0406359,0.176409,0.04298925000000008,0.17833899999999997,-0.0023533500000000804,-0.0019299999999999595,0.0030435433662920302
0.03625,0.08125,0.005,6.25e-08,0.0575447,0.165325,0.0602219250000001,0.16717299999999996,-0.0026772250000001024,-0.0018479999999999608,0.003253096632537282
0.03875,0.08125,0.005,6.25e-08,0.0740146,0.153976,0.0770255750000001,0.15579449999999997,-0.003010975000000096,-0.001818499999999973,0.0035175151315417932
0.04125,0.08125,0.005,6.25e-08,0.089821,0.14223,0.09312502500000011,0.14406174999999993,-0.003304025000000113,-0.0018317499999999376,0.0037778154088210186
0.04375,0.08125,0.005,6.25e-08,0.104751,0.129986,0.10826425000000012,0.13181074999999998,-0.0035132500000001204,-0.001824749999999986,0.003958868288412839
0.04625,0.08125,0.005,6.25e-08,0.118511,0.117188,0.12219475000000013,0.11886074999999996,-0.0036837500000001244,-0.001672749999999959,0.004045751676141379
0.04875,0.08125,0.005,6.25e-08,0.130779,0.103616,0.13466750000000016,0.10501974999999997,-0.0038885000000001557,-0.0014037499999999675,0.004134119774813149
0.05125,0.08125,0.005,6.25e-08,0.141306,0.0889981,0.14542700000000014,0.09008292499999998,-0.004121000000000152,-0.0010848249999999837,0.004261394874994128
0.05375,0.08125,0.005,6.25e-08,0.149858,0.0730987,0.15420400000000017,0.07383219999999997,-0.004346000000000183,-0.0007334999999999703,0.004407463924980163
0.05625,0.08125,0.005,6.25e-08,0.156163,0.0556801,0.16071300000000016,0.056033724999999986,-0.004550000000000165,-0.0003536249999999824,0.00456372113966514
0.05875,0.08125,0.005,6.25e-08,0.159918,0.0364703,0.1646452500000002,0.036431350000000015,-0.004727250000000183,3.8949999999982055e-05,0.004727410460812741
0.06125,0.08125,0.005,6.25e-08,0.160827,0.0151671,0.1656665000000002,0.014737925000000002,-0.004839500000000191,0.0004291749999999969,0.004858492711801351
0.06375,0.08125,0.005,6.25e-08,0.158647,-0.00849835,0.16341325000000015,-0.009377850000000059,-0.004766250000000138,0.000879500000000059,0.004846716343309295
0.065625,0.081875,0.005,1.5625e-08,0.167503,-0.0279216,0.1764780000000002,-0.027612600000000057,-0.008975000000000177,-0.00030899999999994474,0.008980317700393632
0.068125,0.080625,0.005,1.5625e-08,0.129655,-0.0613135,0.13343000000000016,-0.061456625000000056,-0.003775000000000167,0.0001431250000000564,0.00377771223965329
0.070625,0.080625,0.005,1.5625e-08,0.116597,-0.0961059,0.11986450000000023,-0.09571897499999986,-0.0032675000000002286,-0.0003869250000001351,0.0032903293460726083
0.07375,0.08125,0.005,6.25e-08,0.109254,-0.138403,0.11344000000000025,-0.13962674999999983,-0.004186000000000245,0.0012237499999998291,0.0043612108482050755
0.07625,0.08125,0.005,6.25e-08,0.0852918,-0.183957,0.08870232500000026,-0.1842859999999998,-0.0034105250000002613,0.0003289999999998017,0.00342635692472729
0.07875,0.08125,0.005,6.25e-08,0.0558088,-0.234495,0.0587325500000001,-0.23586475000000007,-0.0029237500000001,0.0013697500000000584,0.0032287039388895263
0.08125,0.08125,0.005,6.25e-08,0.0216882,-0.293802,0.02425950000000007,-0.29531675,-0.002571300000000068,0.0015147500000000091,0.0029843007979257685
0.08375,0.08125,0.005,6.25e-08,-0.0138699,-0.360775,-0.012583712499999955,-0.36232825000000013,-0.0012861875000000442,0.001553250000000117,0.0020166466838930234
0.08625,0.08125,0.005,6.25e-08,-0.0480353,-0.429437,-0.0473594499999998,-0.43299849999999973,-0.0006758500000001999,0.0035614999999997177,0.00362505937503074
0.088125,0.081875,0.005,1.5625e-08,-0.0605841,-0.47218,-0.06001974999999984,-0.47600674999999976,-0.0005643500000001647,0.003826749999999768,0.00386813992572637
0.090625,0.080625,0.005,1.5625e-08,-0.083494,-0.517522,-0.08396842499999996,-0.52534425,0.0004744249999999589,0.00782224999999992,0.007836623899558004
0.093125,0.080625,0.005,1.5625e-08,-0.0716772,-0.503624,-0.07157325000000006,-0.5093117500000002,-0.00010394999999993604,0.0056877500000002135,0.005688699822015784
0.095625,0.080625,0.005,1.5625e-08,-0.0425856,-0.407364,-0.041509449999999906,-0.4093537499999997,-0.001076150000000095,0.0019897499999996793,0.002262123755456126
0.098125,0.080625,0.005,1.5625e-08,-0.0099331,-0.211094,-0.010042019999999936,-0.2105997499999994,0.00010891999999993601,-0.0004942500000006123,0.0005061093052894714
0.00125,0.08375,0.005,6.25e-08,-0.00189346,0.0595329,-0.002618982500000003,0.05903735000000003,0.0007255225000000029,0.0004955499999999696,0.0008786083885931342
0.00375,0.08375,0.005,6.25e-08,-0.0176396,0.153126,-0.018833000000000016,0.15146350000000006,0.001193400000000018,0.0016624999999999557,0.002046487187841618
0.00625,0.08375,0.005,6.25e-08,-0.040243,0.20866,-0.039565650000000036,0.20895475000000005,-0.0006773499999999655,-0.00029475000000003804,0.0007387019595208717
0.00875,0.08375,0.005,6.25e-08,-0.0570598,0.236509,-0.05607402500000004,0.23831850000000004,-0.0009857749999999596,-0.0018095000000000472,0.002060592778941315
0.01125,0.08375,0.005,6.25e-08,-0.0650967,0.246248,-0.06452595000000004,0.24860550000000003,-0.0005707499999999532,-0.00235750000000004,0.0024256054527684702
0.01375,0.08375,0.005,6.25e-08,-0.0648108,0.245064,-0.06453667500000003,0.2473655,-0.0002741249999999723,-0.002301499999999984,0.0023177676254587973
0.01625,0.08375,0.005,6.25e-08,-0.0576129,0.237768,-0.057345450000000006,0.23978974999999997,-0.00026744999999999547,-0.002021749999999961,0.002039363274406951
0.01875,0.08375,0.005,6.25e-08,-0.0451344,0.227349,-0.044639974999999985,0.22908624999999996,-0.0004944250000000136,-0.001737249999999968,0.0018062374271188442
0.02125,0.08375,0.005,6.25e-08,-0.0288699,0.215555,-0.02800472499999995,0.21709924999999997,-0.0008651750000000513,-0.0015442499999999693,0.0017700948683968872
0.02375,0.08375,0.005,6.25e-08,-0.0100341,0.203351,-0.008738822499999946,0.20481974999999994,-0.0012952775000000544,-0.0014687499999999354,0.001958308036164434
0.02625,0.08375,0.005,6.25e-08,0.0104468,0.191235,0.012156735000000071,0.19273349999999995,-0.001709935000000072,-0.0014984999999999582,0.002273627048182072
0.02875,0.08375,0.005,6.25e-08,0.0318809,0.179453,0.03393012500000008,0.18103174999999994,-0.002049225000000085,-0.0015787499999999344,0.002586846470729398
0.03125,0.08375,0.005,6.25e-08,0.0536984,0.168139,0.05601792500000011,0.16973924999999992,-0.002319525000000107,-0.0016002499999999142,0.002817977339888527
0.03375,0.08375,0.005,6.25e-08,0.0753955,0.157254,0.07799052500000012,0.15878549999999994,-0.002595025000000112,-0.0015314999999999357,0.0030132452606160993
0.03625,0.08375,0.005,6.25e-08,0.0965706,0.14661,0.09950915000000013,0.14804849999999994,-0.002938550000000123,-0.0014384999999999537,0.0032717515725526275
0.03875,0.08375,0.005,6.25e-08,0.116976,0.135936,0.12029300000000014,0.13737724999999995,-0.0033170000000001393,-0.0014412499999999495,0.0036165854839199886
0.04125,0.08375,0.005,6.25e-08,0.136431,0.125068,0.14009525000000014,0.12660324999999994,-0.0036642500000001466,-0.0015352499999999325,0.003972873094499857
0.04375,0.08375,0.005,6.25e-08,0.15477,0.113904,0.15868675000000015,0.11555124999999995,-0.003916750000000163,-0.0016472499999999474,0.004249042612754207
0.04625,0.08375,0.005,6.25e-08,0.171675,0.102579,0.17584250000000018,0.10403849999999996,-0.004167500000000185,-0.0014594999999999608,0.004415676222279146
0.04875,0.08375,0.005,6.25e-08,0.186829,0.0907439,0.19133225000000015,0.09187904999999996,-0.004503250000000153,-0.0011351499999999598,0.004644117363396546
0.05125,0.08375,0.005,6.25e-08,0.200039,0.0780704,0.20491350000000016,0.07888089999999998,-0.00487450000000017,-0.0008104999999999779,0.004941422922600495
0.05375,0.08375,0.005,6.25e-08,0.211118,0.0643677,0.21632600000000018,0.06484464999999998,-0.005208000000000185,-0.000476949999999976,0.0052297940019184214
0.05625,0.08375,0.005,6.25e-08,0.219792,0.0494368,0.2252837500000002,0.049559599999999975,-0.005491750000000212,-0.00012279999999997154,0.005493122782398216
0.05875,0.08375,0.005,6.25e-08,0.225747,0.033025,0.2314725000000002,0.03279800000000001,-0.005725500000000189,0.0002269999999999911,0.005729998189354178
0.06125,0.08375,0.005,6.25e-08,0.228684,0.0148305,0.2345420000000002,0.014306049999999996,-0.005858000000000196,0.0005244500000000044,0.00588142940130223
0.06375,0.08375,0.005,6.25e-08,0.228299,-0.00557918,0.2341005000000002,-0.006209537500000055,-0.005801500000000209,0.0006303575000000542,0.005835645022429718
0.06625,0.08375,0.005,6.25e-08,0.223522,-0.029161,0.2297095000000002,-0.02910282500000005,-0.006187500000000207,-5.8174999999948546e-05,0.006187773475219302
0.06875,0.08375,0.005,6.25e-08,0.214758,-0.0539651,0.22087550000000017,-0.05482232500000005,-0.0061175000000001645,0.0008572250000000448,0.006177268081492586
0.07125,0.08375,0.005,6.25e-08,0.201175,-0.0819992,0.2070512500000003,-0.08396277499999988,-0.005876250000000305,0.001963574999999884,0.006195638856738514
0.07375,0.08375,0.005,6.25e-08,0.182625,-0.115498,0.1876422500000003,-0.11734099999999983,-0.005017250000000278,0.0018429999999998309,0.00534503943507456
0.075625,0.084375,0.005,1.5625e-08,0.178529,-0.141013,0.1890565000000003,-0.13899799999999982,-0.0105275000000003,-0.0020150000000001833,0.01071860444507619
0.078125,0.083125,0.005,1.5625e-08,0.11703,-0.197529,0.1195622500000002,-0.1980022499999999,-0.002532250000000208,0.00047324999999989736,0.002576093093232649
0.080625,0.083125,0.005,1.5625e-08,0.0811508,-0.251337,0.08312967500000008,-0.25160925000000006,-0.001978875000000088,0.0002722500000000849,0.001997515038272652
0.08375,0.08375,0.005,6.25e-08,0.0454004,-0.320267,0.046438425000000054,-0.32073000000000007,-0.0010380250000000535,0.0004630000000000467,0.0011366023493839673
0.08625,0.08375,0.005,6.25e-08,-0.000674728,-0.39272,-0.00012330974999972307,-0.39459574999999963,-0.0005514182500002769,0.0018757499999996208,0.0019551215176893595
0.088125,0.084375,0.005,1.5625e-08,-0.0244307,-0.443919,-0.02120709999999975,-0.44156149999999966,-0.00322360000000025,-0.0023575000000003454,0.00399367039326022
0.090625,0.083125,0.005,1.5625e-08,-0.0674506,-0.510719,-0.0677203999999999,-0.5192172499999999,0.00026979999999990345,0.008498249999999818,0.008502531687826683
0.093125,0.083125,0.005,1.5625e-08,-0.0692732,-0.521291,-0.06874860000000002,-0.5275290000000001,-0.0005245999999999723,0.006238000000000188,0.006260019900927018
0.095625,0.083125,0.005,1.5625e-08,-0.0455381,-0.440595,-0.04433684999999992,-0.4429944999999997,-0.0012012500000000773,0.002399499999999666,0.002683393711794559
0.098125,0.083125,0.005,1.5625e-08,-0.0114768,-0.237131,-0.011450859999999929,-0.23593599999999934,-2.594000000007146e-05,-0.0011950000000006678,0.0011952815080982387
0.000625,0.086875,0.005,1.5625e-08,0.000224375,0.0411247,-0.0013906234999999981,0.03912667499999998,0.001614998499999998,0.0019980250000000213,0.0025691095841998118
0.00375,0.08625,0.005,6.25e-08,-0.0272862,0.178424,-0.027444599999999972,0.1752684999999999,0.00015839999999997176,0.003155500000000089,0.0031594731855169385
0.00625,0.08625,0.005,6.25e-08,-0.0553377,0.229964,-0.05399254999999996,0.23036674999999995,-0.001345150000000038,-0.00040274999999995176,0.001404149594950646
0.00875,0.08625,0.005,6.25e-08,-0.0720937,0.24846,-0.07115707499999996,0.250461,-0.0009366250000000381,-0.0020010000000000028,0.0022093590452040798
0.01125,0.08625,0.005,6.25e-08,-0.0758354,0.248189,-0.07556579999999999,0.250272,-0.0002696000000000087,-0.0020830000000000015,0.002100374528506764
0.01375,0.08625,0.005,6.25e-08,-0.0687195,0.238436,-0.06867314999999999,0.24005100000000004,-4.6350000000014435e-05,-0.001615000000000033,0.001615664978422231
0.01625,0.08625,0.005,6.25e-08,-0.0535984,0.224591,-0.053360225000000025,0.22572150000000007,-0.00023817499999997244,-0.001130500000000062,0.0011553170909430566
0.01875,0.08625,0.005,6.25e-08,-0.0330393,0.209529,-0.032369900000000056,0.21033800000000008,-0.000669399999999945,-0.0008090000000000874,0.001050036837449081
0.02125,0.08625,0.005,6.25e-08,-0.00905249,0.194643,-0.007846795250000064,0.19532350000000007,-0.0012056947499999356,-0.0006805000000000561,0.0013844782700271911
0.02375,0.08625,0.005,6.25e-08,0.0169088,0.180518,0.018666449999999897,0.1812467500000001,-0.0017576499999998954,-0.0007287500000000835,0.0019027375239374857
0.02625,0.08625,0.005,6.25e-08,0.0438526,0.167325,0.046101224999999885,0.16825050000000008,-0.002248624999999886,-0.000925500000000079,0.0024316382626995803
0.02875,0.08625,0.005,6.25e-08,0.0711367,0.155082,0.07372579999999987,0.1562765000000001,-0.002589099999999872,-0.0011945000000000983,0.002851362667217128
0.03125,0.08625,0.005,6.25e-08,0.0982408,0.14386,0.10103527499999984,0.14517450000000007,-0.002794474999999838,-0.0013145000000000795,0.0030882034867580057
0.03375,0.08625,0.005,6.25e-08,0.124669,0.133525,0.12767049999999983,0.13476075000000007,-0.0030014999999998238,-0.0012357500000000632,0.003245932887861223
0.03625,0.08625,0.005,6.25e-08,0.150059,0.123769,0.15336474999999983,0.12483950000000008,-0.0033057499999998297,-0.0010705000000000714,0.00347475946109929
0.03875,0.08625,0.005,6.25e-08,0.174246,0.114136,0.17790149999999982,0.11521650000000005,-0.0036554999999998117,-0.0010805000000000536,0.0038118447633657304
0.04125,0.08625,0.005,6.25e-08,0.197033,0.104487,0.2010929999999998,0.10570300000000007,-0.004059999999999786,-0.0012160000000000781,0.004238190179781749
0.04375,0.08625,0.005,6.25e-08,0.218353,0.0944447,0.22275899999999976,0.09611575000000006,-0.004405999999999771,-0.0016710500000000489,0.004712244062280534
0.04625,0.08625,0.005,6.25e-08,0.23783,0.0850357,0.24271724999999977,0.08627702500000005,-0.00488724999999976,-0.001241325000000043,0.00504243000131115
0.04875,0.08625,0.005,6.25e-08,0.255275,0.075224,0.26077149999999977,0.07601267500000004,-0.005496499999999793,-0.0007886750000000442,0.0055527939368954435
0.05125,0.08625,0.005,6.25e-08,0.270641,0.064655,0.2767067499999998,0.06514967500000005,-0.006065749999999759,-0.0004946750000000416,0.0060858874799097394
0.05375,0.08625,0.005,6.25e-08,0.283779,0.0533,0.29028299999999974,0.053513300000000034,-0.006503999999999732,-0.0002133000000000343,0.006507496668458351
0.05625,0.08625,0.005,6.25e-08,0.294371,0.0410249,0.3012297499999998,0.04092310000000002,-0.0068587499999998025,0.00010179999999998524,0.006859505434249417
0.05875,0.08625,0.005,6.25e-08,0.302091,0.0275921,0.30923924999999974,0.027187225000000037,-0.007148249999999745,0.0004048749999999643,0.0071597068255705365
0.06125,0.08625,0.005,6.25e-08,0.306618,0.0127362,0.3139622499999998,0.012094452500000007,-0.007344249999999775,0.0006417474999999926,0.007372234933604119
0.06375,0.08625,0.005,6.25e-08,0.307575,-0.00389265,0.31499874999999977,-0.004598672500000052,-0.007423749999999785,0.0007060225000000515,0.007457246933889418
0.06625,0.08625,0.005,6.25e-08,0.304314,-0.0227661,0.31189049999999974,-0.02318785000000007,-0.007576499999999764,0.0004217500000000679,0.007588229392453584
0.06875,0.08625,0.005,6.25e-08,0.296519,-0.0432904,0.30410699999999974,-0.04405407500000009,-0.007587999999999762,0.0007636750000000886,0.007626332244639065
0.07125,0.08625,0.005,6.25e-08,0.283812,-0.0664726,0.2910332499999998,-0.06771777499999997,-0.00722124999999979,0.0012451749999999595,0.007327817706733832
0.07375,0.08625,0.005,6.25e-08,0.265738,-0.0939736,0.2719544999999998,-0.09492607499999998,-0.006216499999999847,0.0009524749999999804,0.006289044512135612
0.07625,0.08625,0.005,6.25e-08,0.24022,-0.127565,0.24605224999999986,-0.12678599999999998,-0.005832249999999872,-0.0007790000000000297,0.005884044617650223
0.07875,0.08625,0.005,6.25e-08,0.207385,-0.164904,0.21244574999999966,-0.16494550000000022,-0.005060749999999642,4.1500000000221915e-05,0.005060920154724474
0.080625,0.086875,0.005,1.5625e-08,0.193693,-0.191997,0.20401024999999962,-0.18792575000000025,-0.010317249999999611,-0.004071249999999749,0.011091470782767718
0.083125,0.085625,0.005,1.5625e-08,0.110919,-0.267065,0.11287527500000008,-0.26726275000000005,-0.0019562750000000767,0.00019775000000005205,0.0019662443739589747
0.085625,0.085625,0.005,1.5625e-08,0.0599609,-0.336326,0.05895570000000004,-0.3371585000000001,0.0010051999999999561,0.0008325000000000693,0.00130517557822694
0.08875,0.08625,0.005,6.25e-08,0.005355,-0.421302,0.003839712500000003,-0.4250987499999999,0.0015152874999999973,0.0037967499999999044,0.004087958753480215
0.090625,0.086875,0.005,1.5625e-08,-0.0254544,-0.467736,-0.02332144999999998,-0.4741472499999999,-0.002132950000000019,0.006411249999999924,0.00675674494597799
0.093125,0.085625,0.005,1.5625e-08,-0.0618982,-0.525046,-0.06191512499999996,-0.5331097499999999,1.6924999999959334e-05,0.008063749999999925,0.008063767761916496
0.095625,0.085625,0.005,1.5625e-08,-0.0493109,-0.47106,-0.047511399999999926,-0.47423224999999974,-0.0017995000000000719,0.0031722499999997655,0.0036471043736776673
0.098125,0.085625,0.005,1.5625e-08,-0.013948,-0.266531,-0.013512849999999918,-0.2644704999999993,-0.000435150000000082,-0.0020605000000007423,0.002105947713620433
0.000625,0.089375,0.005,1.5625e-08,-0.00305428,0.0515402,-0.0023161984999999965,0.05070357499999996,-0.0007380815000000034,0.0008366250000000422,0.0011156637895295006
0.00375,0.08875,0.005,6.25e-08,-0.0415515,0.211442,-0.040493274999999954,0.2076229999999999,-0.0010582250000000445,0.0038190000000001,0.0039629031215291976
0.00625,0.08875,0.005,6.25e-08,-0.0735339,0.253009,-0.07193174999999995,0.2538862499999999,-0.0016021500000000521,-0.0008772499999999406,0.0018265957913561673
0.00875,0.08875,0.005,6.25e-08,-0.08526,0.256278,-0.08454702499999998,0.25799275,-0.0007129750000000185,-0.0017147499999999871,0.0018570678267432728
0.01125,0.08875,0.005,6.25e-08,-0.0785416,0.242247,-0.07842030000000001,0.24333375000000004,-0.00012129999999999086,-0.001086750000000053,0.0010934986294001987
0.01375,0.08875,0.005,6.25e-08,-0.0591714,0.222272,-0.05887380000000006,0.22263775000000008,-0.0002975999999999396,-0.0003657500000000813,0.0004715281778430887
0.01625,0.08875,0.005,6.25e-08,-0.0320039,0.201637,-0.031122175000000103,0.20157975000000006,-0.0008817249999998993,5.724999999995317e-05,0.0008835816533432645
0.01875,0.08875,0.005,6.25e-08,-0.00051719,0.182455,0.0010608449999998629,0.18227000000000007,-0.001578034999999863,0.00018499999999993522,0.0015888421763109587
0.02125,0.08875,0.005,6.25e-08,0.0329768,0.165335,0.035236674999999856,0.1652422500000001,-0.0022598749999998557,9.274999999991929e-05,0.0022617775262223144
0.02375,0.08875,0.005,6.25e-08,0.0670259,0.15023,0.06990874999999981,0.1504050000000001,-0.002882849999999812,-0.00017500000000009175,0.0028881566997825702
0.02625,0.08875,0.005,6.25e-08,0.100767,0.136826,0.1041816999999998,0.13745600000000008,-0.0034146999999997985,-0.0006300000000000749,0.003472330066396154
0.02875,0.08875,0.005,6.25e-08,0.133797,0.124843,0.13752524999999977,0.1260505000000001,-0.0037282499999997665,-0.0012075000000000974,0.0039189162165704046
0.03125,0.08875,0.005,6.25e-08,0.165803,0.114432,0.16962349999999976,0.1158617500000001,-0.0038204999999997546,-0.0014297500000000907,0.004079265290772149
0.03375,0.08875,0.005,6.25e-08,0.196397,0.105325,0.20028199999999977,0.10660000000000008,-0.0038849999999997775,-0.0012750000000000816,0.00408886903678737
0.03625,0.08875,0.005,6.25e-08,0.225399,0.0972273,0.22937074999999973,0.09801037500000007,-0.003971749999999746,-0.0007830750000000636,0.0040482100387854245
0.03875,0.08875,0.005,6.25e-08,0.252832,0.0889714,0.25678699999999977,0.08987072500000008,-0.003954999999999764,-0.0008993250000000758,0.004055959868591314
0.04125,0.08875,0.005,6.25e-08,0.277962,0.0812624,0.28243474999999973,0.08198312500000007,-0.004472749999999748,-0.0007207250000000748,0.004530445572802177
0.04375,0.08875,0.005,6.25e-08,0.301117,0.0727447,0.3062097499999997,0.07416942500000007,-0.005092749999999702,-0.001424725000000071,0.005288283642933893
0.04625,0.08875,0.005,6.25e-08,0.321733,0.0658617,0.32799124999999973,0.06626590000000007,-0.006258249999999743,-0.0004042000000000767,0.006271289397125351
0.04875,0.08875,0.005,6.25e-08,0.340297,0.0581307,0.34763449999999974,0.05811922500000005,-0.007337499999999719,1.1474999999948332e-05,0.007337508972779582
0.05125,0.08875,0.005,6.25e-08,0.356916,0.0496417,0.3649667499999998,0.049582850000000046,-0.008050749999999773,5.884999999995061e-05,0.008050965090285533
0.05375,0.08875,0.005,6.25e-08,0.371312,0.0406779,0.37978224999999965,0.04051330000000003,-0.00847024999999968,0.0001645999999999731,0.00847184916193003
0.05625,0.08875,0.005,6.25e-08,0.383028,0.0311404,0.3918392499999997,0.03076627500000003,-0.008811249999999715,0.00037412499999996823,0.008819189082796669
0.05875,0.08875,0.005,6.25e-08,0.391757,0.0207587,0.40085449999999967,0.020191800000000034,-0.009097499999999648,0.0005668999999999674,0.009115145739920649
0.06125,0.08875,0.005,6.25e-08,0.397226,0.00930525,0.4064977499999997,0.00862711750000001,-0.00927174999999969,0.000678132499999989,0.009296516108201529
0.06375,0.08875,0.005,6.25e-08,0.39907,-0.00345416,0.4083842499999997,-0.004113855000000038,-0.009314249999999746,0.0006596950000000378,0.00933758269336986
0.06625,0.08875,0.005,6.25e-08,0.396766,-0.0177855,0.4060639999999997,-0.018257800000000053,-0.009297999999999695,0.0004723000000000539,0.009309987716962596
0.06875,0.08875,0.005,6.25e-08,0.389848,-0.0336963,0.39900649999999965,-0.03410075000000007,-0.00915849999999968,0.00040445000000007003,0.009167426141098394
0.07125,0.08875,0.005,6.25e-08,0.377847,-0.0517339,0.38657949999999974,-0.05205654999999999,-0.008732499999999754,0.0003226499999999938,0.008738458632533298
0.07375,0.08875,0.005,6.25e-08,0.360196,-0.0731559,0.3680137499999998,-0.07273982500000001,-0.00781774999999979,-0.000416074999999988,0.007828814307934612
0.07625,0.08875,0.005,6.25e-08,0.335755,-0.0989436,0.34236174999999974,-0.09710535,-0.006606749999999717,-0.0018382499999999996,0.0068577189082811105
0.07875,0.08875,0.005,6.25e-08,0.303326,-0.128097,0.30845249999999963,-0.1266730000000002,-0.005126499999999645,-0.0014239999999997865,0.0053205994258162075
0.08125,0.08875,0.005,6.25e-08,0.261071,-0.16734,0.26489474999999957,-0.16385350000000026,-0.0038237499999995705,-0.003486499999999726,0.005174625234014035
0.083125,0.089375,0.005,1.5625e-08,0.243589,-0.189094,0.25105899999999953,-0.18439675000000028,-0.007469999999999533,-0.004697249999999736,0.008824117948128898
0.085625,0.088125,0.005,1.5625e-08,0.139087,-0.276606,0.13846674999999956,-0.2756837500000004,0.000620250000000433,-0.0009222499999996248,0.0011114203187812634
0.088125,0.088125,0.005,1.5625e-08,0.0693112,-0.354008,0.06857469999999999,-0.3555815,0.0007365000000000149,0.0015735000000000054,0.0017373354598349852
0.090625,0.088125,0.005,1.5625e-08,0.00249185,-0.439586,0.00012115200000002626,-0.4468527499999999,0.0023706979999999736,0.007266749999999933,0.007643681349304332
0.093125,0.088125,0.005,1.5625e-08,-0.0470426,-0.509504,-0.04704462499999998,-0.518733,2.0249999999819024e-06,0.009229000000000043,0.009229000222159809
0.095625,0.088125,0.005,1.5625e-08,-0.0532373,-0.495135,-0.05068112499999993,-0.4995424999999996,-0.00255617500000007,0.00440749999999962,0.005095104207042483
0.098125,0.088125,0.005,1.5625e-08,-0.0182214,-0.300994,-0.016829699999999885,-0.29757099999999903,-0.0013917000000001137,-0.003423000000000953,0.0036950991718771014
0.000625,0.091875,0.005,1.5625e-08,-0.0071532,0.0739171,-0.004245047499999993,0.07026879999999994,-0.0029081525000000073,0.0036483000000000626,0.004665559329089788
0.00375,0.09125,0.005,6.25e-08,-0.0630213,0.252806,-0.05981379999999993,0.24915799999999988,-0.0032075000000000714,0.0036480000000000956,0.004857567318113168
0.00625,0.09125,0.005,6.25e-08,-0.0893063,0.272339,-0.08851409999999997,0.27254025,-0.0007922000000000345,-0.00020124999999998616,0.0008173630787477798
0.00875,0.09125,0.005,6.25e-08,-0.0841145,0.253746,-0.08338550000000004,0.2515255,-0.0007289999999999519,0.002220500000000014,0.0023371053142723355
0.01125,0.09125,0.005,6.25e-08,-0.0565558,0.222827,-0.05513002500000013,0.2197030000000001,-0.0014257749999998723,0.0031239999999999046,0.0034339787929782034
0.01375,0.09125,0.005,6.25e-08,-0.017623,0.192407,-0.015145843250000197,0.18942575000000014,-0.002477156749999803,0.002981249999999852,0.0038761007632114913
0.01625,0.09125,0.005,6.25e-08,0.0259019,0.166301,0.02938882499999975,0.1638622500000001,-0.003486924999999752,0.0024387499999999063,0.004255131903727875
0.01875,0.09125,0.005,6.25e-08,0.0703631,0.14485,0.07464404999999971,0.14304550000000016,-0.004280949999999714,0.001804499999999848,0.0046457241795544646
0.02125,0.09125,0.005,6.25e-08,0.113878,0.127365,0.11874679999999974,0.1261812500000001,-0.004868799999999743,0.0011837499999999002,0.005010636436870795
0.02375,0.09125,0.005,6.25e-08,0.155536,0.112966,0.16085674999999966,0.11240000000000012,-0.005320749999999652,0.0005659999999998722,0.005350769716825436
0.02625,0.09125,0.005,6.25e-08,0.194923,0.10073,0.20065024999999967,0.10096617500000012,-0.005727249999999656,-0.00023617500000011615,0.005732117513896685
0.02875,0.09125,0.005,6.25e-08,0.232078,0.0898778,0.23805174999999967,0.0912994500000001,-0.005973749999999667,-0.0014216500000001075,0.006140584482359666
0.03125,0.09125,0.005,6.25e-08,0.267151,0.0811886,0.27309399999999967,0.0829529750000001,-0.005942999999999643,-0.0017643750000000957,0.006199376431595447
0.03375,0.09125,0.005,6.25e-08,0.300109,0.0738463,0.3058452499999997,0.0755801750000001,-0.005736249999999665,-0.001733875000000093,0.0059925692802104075
0.03625,0.09125,0.005,6.25e-08,0.331128,0.0680765,0.33637499999999965,0.06890830000000008,-0.005246999999999669,-0.0008318000000000769,0.005312522963714759
0.03875,0.09125,0.005,6.25e-08,0.361116,0.0610829,0.36473424999999965,0.06271742500000008,-0.0036182499999996565,-0.0016345250000000741,0.003970315483449994
0.04125,0.09125,0.005,6.25e-08,0.387461,0.055836,0.3909444999999997,0.056825550000000065,-0.003483499999999695,-0.0009895500000000682,0.0036213231632233555
0.043125,0.091875,0.005,1.5625e-08,0.431172,0.0496788,0.4409977499999996,0.046663775000000074,-0.009825749999999578,0.003015024999999928,0.010277924830096603
0.045625,0.090625,0.005,1.5625e-08,0.400934,0.0528589,0.40188049999999964,0.052136425000000056,-0.0009464999999996282,0.0007224749999999447,0.0011907276664393988
0.048125,0.090625,0.005,1.5625e-08,0.41986,0.0458644,0.4222359999999996,0.04574682500000005,-0.0023759999999996007,0.0001175749999999462,0.0023789072871011788
0.050625,0.090625,0.005,1.5625e-08,0.437116,0.0389213,0.4402302499999997,0.03912540000000004,-0.0031142499999997075,-0.00020410000000004036,0.003120930930427361
0.053125,0.090625,0.005,1.5625e-08,0.452137,0.0319291,0.45570074999999965,0.032155225000000044,-0.0035637499999996436,-0.00022612500000004226,0.0035709167699797314
0.055625,0.090625,0.005,1.5625e-08,0.464357,0.0247432,0.4684459999999997,0.02472215000000003,-0.004088999999999676,2.1049999999970398e-05,0.004089054181897979
0.058125,0.090625,0.005,1.5625e-08,0.47361,0.0169335,0.4782222499999997,0.016710800000000026,-0.004612249999999707,0.000222699999999975,0.004617623344589431
0.060625,0.090625,0.005,1.5625e-08,0.479755,0.00830553,0.4847394999999997,0.007999350000000013,-0.004984499999999725,0.0003061799999999875,0.004993894917035925
0.063125,0.090625,0.005,1.5625e-08,0.482464,-0.00127678,0.4876547499999997,-0.0015483317500000248,-0.005190749999999689,0.00027155175000002484,0.005197848200498438
0.065625,0.090625,0.005,1.5625e-08,0.4813,-0.0119709,0.48656324999999967,-0.01209515000000004,-0.005263249999999664,0.000124250000000041,0.00526471638599806
0.068125,0.090625,0.005,1.5625e-08,0.475774,-0.0238871,0.48098324999999964,-0.023851475000000056,-0.0052092499999996655,-3.562499999994542e-05,0.005209371814635764
0.070625,0.090625,0.005,1.5625e-08,0.465369,-0.0373043,0.4703337499999997,-0.037110699999999996,-0.00496474999999974,-0.0001936000000000021,0.004968523273820645
0.073125,0.090625,0.005,1.5625e-08,0.449428,-0.0533497,0.45389749999999973,-0.05231095000000001,-0.004469499999999738,-0.001038749999999991,0.004588619815641478
0.075625,0.090625,0.005,1.5625e-08,0.427252,-0.0727525,0.43076399999999976,-0.07014382500000002,-0.0035119999999997376,-0.002608674999999977,0.004374851912422069
0.078125,0.090625,0.005,1.5625e-08,0.398049,-0.0962898,0.3997389999999996,-0.0917444000000001,-0.0016899999999996362,-0.004545399999999894,0.004849408330920155
0.08125,0.09125,0.005,6.25e-08,0.375359,-0.118731,0.3773934999999995,-0.11487900000000022,-0.002034499999999495,-0.003851999999999786,0.004356270681442591
0.083125,0.091875,0.005,1.5625e-08,0.359238,-0.13229,0.36930099999999944,-0.12593175000000026,-0.010062999999999434,-0.006358249999999732,0.011903415982922095
0.08625,0.09125,0.005,6.25e-08,0.249062,-0.200898,0.25235874999999985,-0.20104000000000005,-0.0032967499999998484,0.00014200000000005875,0.0032998067462351515
0.08875,0.09125,0.005,6.25e-08,0.163577,-0.273283,0.16566299999999995,-0.27388075000000006,-0.002085999999999949,0.0005977500000000635,0.0021699541613821854
0.090625,0.091875,0.005,1.5625e-08,0.108354,-0.326373,0.118738475,-0.32039725,-0.01038447499999999,-0.005975750000000002,0.01198110633823625
0.093125,0.090625,0.005,1.5625e-08,-0.0127291,-0.461251,-0.014404481999999946,-0.47288549999999996,0.0016753819999999458,0.011634499999999937,0.011754509564244795
0.095625,0.090625,0.005,1.5625e-08,-0.0536028,-0.503203,-0.05135935000000001,-0.5105872499999999,-0.002243449999999987,0.007384249999999981,0.007717526544495954
0.098125,0.090625,0.005,1.5625e-08,-0.0262759,-0.342547,-0.02267839999999985,-0.33742624999999893,-0.0035975000000001527,-0.005120750000001062,0.006258121668081564
0.000625,0.094375,0.005,1.5625e-08,-0.0175225,0.119148,-0.009465432500000027,0.10712900000000015,-0.008057067499999973,0.01201899999999985,0.01446971657288256
0.00375,0.09375,0.005,6.25e-08,-0.0870983,0.296053,-0.08311597500000001,0.2914985,-0.003982324999999995,0.004554500000000017,0.006049990302110005
0.00625,0.09375,0.005,6.25e-08,-0.0773134,0.268422,-0.08010287499999999,0.26602624999999996,0.0027894749999999857,0.00239575000000003,0.003677062528449178
0.008125,0.094375,0.005,1.5625e-08,-0.0128075,0.213267,-0.018879264999999652,0.21092099999999983,0.006071764999999653,0.0023460000000001813,0.006509227774108203
0.010625,0.093125,0.005,1.5625e-08,-0.00402603,0.195315,-0.012354692500000267,0.19462750000000012,0.008328662500000267,0.0006874999999998688,0.008356989606844712
0.013125,0.093125,0.005,1.5625e-08,0.0547529,0.159365,0.046567199999999635,0.15867000000000017,0.008185700000000365,0.0006949999999998346,0.008215151215285434
0.015625,0.093125,0.005,1.5625e-08,0.11257,0.131837,0.10484757499999958,0.13142775000000015,0.007722425000000421,0.0004092499999998611,0.007733261501018274
0.018125,0.093125,0.005,1.5625e-08,0.166712,0.110987,0.15954774999999954,0.11095050000000015,0.007164250000000455,3.649999999985609e-05,0.007164342978424924
0.020625,0.093125,0.005,1.5625e-08,0.216513,0.095017,0.20989799999999956,0.09535740000000013,0.006615000000000454,-0.0003404000000001295,0.006623752498395912
0.023125,0.093125,0.005,1.5625e-08,0.262102,0.0825515,0.25596499999999955,0.08323127500000013,0.006137000000000448,-0.0006797750000001324,0.006174533427768504
0.025625,0.093125,0.005,1.5625e-08,0.303705,0.0728496,0.2980964999999995,0.07357145000000012,0.005608500000000516,-0.000721850000000121,0.005654762565528809
0.028125,0.093125,0.005,1.5625e-08,0.341214,0.0637554,0.3366952499999995,0.0656791250000001,0.004518750000000515,-0.0019237250000000983,0.004911193280469629
0.030625,0.093125,0.005,1.5625e-08,0.375736,0.0565467,0.37213049999999953,0.059061775000000094,0.0036055000000004833,-0.0025150750000000957,0.004396047372996448
0.033125,0.093125,0.005,1.5625e-08,0.407364,0.0505336,0.40471249999999953,0.053364750000000086,0.002651500000000473,-0.0028311500000000878,0.0038788996600199657
0.035625,0.093125,0.005,1.5625e-08,0.437837,0.0435482,0.4346844999999996,0.04832560000000008,0.003152500000000391,-0.004777400000000077,0.005723793061423797
0.03875,0.09375,0.005,6.25e-08,0.50681,0.0327629,0.50810075,0.036307650000000004,-0.0012907500000000072,-0.0035447500000000062,0.0037724379550895283
0.04125,0.09375,0.005,6.25e-08,0.52884,0.0301637,0.531786,0.032642275,-0.002946000000000004,-0.0024785749999999968,0.0038499675363079374
0.04375,0.09375,0.005,6.25e-08,0.548608,0.0264006,0.5532630000000001,0.029109375,-0.004655000000000076,-0.002708775,0.005385767076343508
0.04625,0.09375,0.005,6.25e-08,0.568365,0.0246123,0.57255175,0.025616625,-0.004186750000000017,-0.0010043250000000004,0.004305524853966719
0.04875,0.09375,0.005,6.25e-08,0.585443,0.0221529,0.5896282500000001,0.022084275,-0.004185250000000029,6.862499999999924e-05,0.004185812579789645
0.05125,0.09375,0.005,6.25e-08,0.600992,0.0175714,0.60442175,0.018441174999999997,-0.003429750000000009,-0.0008697749999999962,0.0035383179073007354
0.05375,0.09375,0.005,6.25e-08,0.612727,0.0148679,0.6168235,0.014622075,-0.004096499999999947,0.00024582499999999986,0.004103869171967422
0.05625,0.09375,0.005,6.25e-08,0.622022,0.0112395,0.62668225,0.010565097499999999,-0.004660250000000032,0.0006744025000000008,0.004708794834616024
0.05875,0.09375,0.005,6.25e-08,0.628982,0.00688306,0.6338064999999999,0.006209037500000006,-0.004824499999999898,0.0006740224999999935,0.004871355723051362
0.06125,0.09375,0.005,6.25e-08,0.633279,0.00202708,0.637963,0.0014900785,-0.0046839999999999105,0.0005370015,0.0047146820264999225
0.06375,0.09375,0.005,6.25e-08,0.634476,-0.00330117,0.6388695,-0.003663355000000015,-0.004393499999999939,0.00036218500000001486,0.004408403364510157
0.06625,0.09375,0.005,6.25e-08,0.632164,-0.0092155,0.63619025,-0.009338617500000016,-0.004026250000000009,0.00012311750000001606,0.004028131946859031
0.06875,0.09375,0.005,6.25e-08,0.625968,-0.0158023,0.629518,-0.01565255000000002,-0.003550000000000053,-0.00014974999999997976,0.0035531570557041764
0.07125,0.09375,0.005,6.25e-08,0.615172,-0.022378,0.6183510000000001,-0.02277512499999998,-0.003179000000000043,0.0003971249999999808,0.0032037086736507827
0.07375,0.09375,0.005,6.25e-08,0.599805,-0.032111,0.6020477500000001,-0.030971899999999972,-0.002242750000000071,-0.0011391000000000283,0.0025154475491451582
0.07625,0.09375,0.005,6.25e-08,0.577867,-0.0422095,0.5797485,-0.04068172499999997,-0.0018814999999999804,-0.0015277750000000298,0.002423662249700857
0.07875,0.09375,0.005,6.25e-08,0.547525,-0.0531445,0.5502404999999999,-0.05266290000000004,-0.002715499999999871,-0.00048159999999995706,0.00275787577856568
0.08125,0.09375,0.005,6.25e-08,0.508994,-0.0685055,0.5117212499999999,-0.06827495000000006,-0.002727249999999959,-0.00023054999999994052,0.0027369775053879687
0.083125,0.094375,0.005,1.5625e-08,0.498348,-0.0740339,0.5145092500000004,-0.07063312499999991,-0.01616125000000035,-0.003400775000000092,0.016515183079915792
0.085625,0.093125,0.005,1.5625e-08,0.370558,-0.132592,0.37439674999999933,-0.13108450000000033,-0.0038387499999993357,-0.0015074999999996619,0.0041241432822458875
0.08875,0.09375,0.005,6.25e-08,0.302134,-0.174729,0.30649150000000025,-0.17433099999999982,-0.004357500000000236,-0.000398000000000176,0.004375638267727601
0.09125,0.09375,0.005,6.25e-08,0.186718,-0.259011,0.19048950000000037,-0.2581637499999997,-0.0037715000000003718,-0.0008472500000002992,0.0038654941226838402
0.093125,0.094375,0.005,1.5625e-08,0.115903,-0.312323,0.12561195000000086,-0.31177024999999925,-0.009708950000000854,-0.0005527500000007679,0.009724671853847688
0.095625,0.093125,0.005,1.5625e-08,-0.0366632,-0.473644,-0.037757550000000244,-0.48646875000000034,0.0010943500000002437,0.012824750000000329,0.012871356357626377
0.098125,0.093125,0.005,1.5625e-08,-0.041588,-0.391276,-0.0338101499999998,-0.38619824999999897,-0.007777850000000197,-0.005077750000001047,0.009288621839918649
0.000625,0.096875,0.005,1.5625e-08,-0.0317412,0.218187,-0.030208125000000113,0.18979725000000036,-0.0015330749999998838,0.02838974999999963,0.028431113661235706
0.003125,0.095625,0.005,1.5625e-08,-0.0782481,0.303575,-0.08504739999999998,0.30850425000000004,0.00679929999999998,-0.004929250000000052,0.008398094191690174
0.005625,0.095625,0.005,1.5625e-08,-0.0162306,0.236607,-0.03103561824999961,0.23962049999999976,0.014805018249999607,-0.0030134999999997525,0.015108598466860516
0.008125,0.095625,0.005,1.5625e-08,0.0751764,0.169599,0.06879132500000065,0.16771699999999973,0.006385074999999352,0.0018820000000002723,0.006656658828242419
0.010625,0.095625,0.005,1.5625e-08,0.168021,0.12209,0.16476525000000078,0.12007624999999975,0.0032557499999992245,0.0020137500000002584,0.0038281976340042833
0.013125,0.095625,0.005,1.5625e-08,0.248699,0.0913048,0.24645550000000077,0.08985634999999978,0.0022434999999992322,0.001448450000000226,0.0026704493353174124
0.015625,0.095625,0.005,1.5625e-08,0.31664,0.071054,0.3145857500000008,0.07017077499999982,0.0020542499999992025,0.0008832250000001818,0.0022360745656444564
0.018125,0.095625,0.005,1.5625e-08,0.373904,0.0572347,0.3718320000000007,0.056811924999999854,0.0020719999999992966,0.00042277500000014595,0.002114692105395537
0.020625,0.095625,0.005,1.5625e-08,0.422762,0.0473252,0.42064550000000067,0.04735822499999987,0.002116499999999355,-3.302499999987413e-05,0.0021167576386120026
0.023125,0.095625,0.005,1.5625e-08,0.465259,0.03961,0.4629070000000006,0.04039787499999989,0.0023519999999993546,-0.0007878749999998894,0.0024804537922770886
0.025625,0.095625,0.005,1.5625e-08,0.504457,0.0319509,0.49999625000000064,0.03508149999999991,0.004460749999999403,-0.003130599999999914,0.005449674019837712
0.02875,0.09625,0.005,6.25e-08,0.598655,0.0211526,0.5984605000000006,0.022709849999999924,0.00019449999999943124,-0.0015572499999999233,0.0015693494870485478
0.03125,0.09625,0.005,6.25e-08,0.622892,0.0185029,0.6244402500000006,0.020174699999999934,-0.0015482500000005839,-0.0016717999999999351,0.002278594589325093
0.03375,0.09625,0.005,6.25e-08,0.645308,0.0159839,0.6477702500000005,0.01802934999999994,-0.0024622500000005543,-0.0020454499999999418,0.003201021831384861
0.03625,0.09625,0.005,6.25e-08,0.665185,0.0153244,0.6687975000000006,0.016154824999999942,-0.0036125000000005736,-0.000830424999999942,0.0037067184854840335
0.03875,0.09625,0.005,6.25e-08,0.683914,0.0127482,0.6877660000000005,0.014464599999999949,-0.0038520000000005217,-0.0017163999999999496,0.004217100065211145
0.04125,0.09625,0.005,6.25e-08,0.700183,0.0111761,0.7048380000000005,0.012892849999999954,-0.00465500000000052,-0.0017167499999999544,0.004961477155294044
0.04375,0.09625,0.005,6.25e-08,0.714928,0.00970759,0.7201142500000005,0.01138790749999996,-0.005186250000000503,-0.0016803174999999605,0.005451665430243435
0.04625,0.09625,0.005,6.25e-08,0.728787,0.00858487,0.7336435000000006,0.009907487499999965,-0.0048565000000005965,-0.001322617499999965,0.0050333795109560285
0.04875,0.09625,0.005,6.25e-08,0.740512,0.00678818,0.7454307500000005,0.00841608749999997,-0.004918750000000527,-0.001627907499999969,0.005181137364619986
0.050625,0.096875,0.005,1.5625e-08,0.781163,0.00676535,0.7935622500000005,0.005059874999999977,-0.012399250000000417,0.0017054750000000231,0.012515991592284465
0.053125,0.095625,0.005,1.5625e-08,0.724828,0.0101153,0.7233752500000004,0.007766822499999977,0.0014527499999996696,0.002348477500000024,0.0027614903821135068
0.055625,0.095625,0.005,1.5625e-08,0.731598,0.00684603,0.7311837500000004,0.005576317499999981,0.0004142499999996163,0.001269712500000019,0.001335579610190265
0.058125,0.095625,0.005,1.5625e-08,0.737206,0.00397171,0.7367507500000003,0.003236152499999988,0.0004552499999996851,0.0007355575000000118,0.0008650418477195081
0.060625,0.095625,0.005,1.5625e-08,0.740632,0.00115239,0.7399037500000004,0.0007132167499999947,0.0007282499999995418,0.00043917325000000535,0.0008504241330153442
0.063125,0.095625,0.005,1.5625e-08,0.741458,-0.00179141,0.7404355000000005,-0.0020285900000000055,0.0010224999999994822,0.00023718000000000545,0.0010496478468510016
0.065625,0.095625,0.005,1.5625e-08,0.739348,-0.0050198,0.7380960000000003,-0.0050324199999999975,0.0012519999999996978,1.261999999999791e-05,0.001252063602377788
0.068125,0.095625,0.005,1.5625e-08,0.734085,-0.00879849,0.7325842500000004,-0.008355282499999991,0.0015007499999996066,-0.00044320750000000943,0.0015648269714428741
0.070625,0.095625,0.005,1.5625e-08,0.726148,-0.0141727,0.7235290000000005,-0.012079724999999958,0.002618999999999483,-0.002092975000000042,0.0033525669792895214
0.07375,0.09625,0.005,6.25e-08,0.742564,-0.0145074,0.7436582500000004,-0.013531224999999947,-0.0010942500000004074,-0.000976175000000053,0.001466390361781608
0.07625,0.09625,0.005,6.25e-08,0.72339,-0.0175473,0.7261660000000004,-0.017504599999999933,-0.0027760000000004448,-4.27000000000656e-05,0.0027763283829551713
0.07875,0.09625,0.005,6.25e-08,0.699226,-0.0216198,0.7033952500000004,-0.022430199999999945,-0.004169250000000346,0.0008103999999999438,0.004247280744488501
0.08125,0.09625,0.005,6.25e-08,0.669443,-0.0270893,0.6739207500000004,-0.028918549999999925,-0.004477750000000391,0.0018292499999999247,0.004836982595069288
0.08375,0.09625,0.005,6.25e-08,0.62912,-0.0374096,0.6353705000000004,-0.03815157499999991,-0.006250500000000381,0.0007419749999999087,0.006294384572825974
0.08625,0.09625,0.005,6.25e-08,0.576441,-0.049402,0.5835742500000007,-0.05253604999999978,-0.007133250000000757,0.0031340499999997773,0.0077913750368602715
0.088125,0.096875,0.005,1.5625e-08,0.575038,-0.0497009,0.593403000000001,-0.05072104999999974,-0.018365000000000964,0.0010201499999997407,0.01839331212757873
0.090625,0.095625,0.005,1.5625e-08,0.372989,-0.136944,0.371946500000001,-0.1393264999999995,0.0010424999999990026,0.0023824999999994823,0.0026005984888089616
0.093125,0.095625,0.005,1.5625e-08,0.227154,-0.231361,0.2241920000000011,-0.2303684999999992,0.002961999999998882,-0.0009925000000008122,0.003123859832001908
0.095625,0.095625,0.005,1.5625e-08,0.0498026,-0.36954,0.04093736499999994,-0.3792905,0.008865235000000062,0.009750499999999995,0.013178188109722292
0.098125,0.095625,0.005,1.5625e-08,-0.054633,-0.428339,-0.05186959999999996,-0.43335349999999956,-0.002763400000000041,0.005014499999999533,0.00572552092040502
0.000625,0.099375,0.005,1.5625e-08,0.29153,0.144029,0.1778657875000037,0.21041299999999835,0.11366421249999631,-0.06638399999999836,0.1316297407854475
0.003125,0.098125,0.005,1.5625e-08,0.110249,0.201018,0.0977735025000015,0.20208924999999925,0.012475497499998503,-0.0010712499999992464,0.01252140624830004
0.005625,0.098125,0.005,1.5625e-08,0.321418,0.0982862,0.3236277500000017,0.09227439999999948,-0.002209750000001731,0.006011800000000525,0.006405055370760971
0.008125,0.098125,0.005,1.5625e-08,0.460315,0.0526847,0.4654637500000016,0.04975637499999968,-0.005148750000001645,0.0029283250000003216,0.005923235084659718
0.010625,0.098125,0.005,1.5625e-08,0.552061,0.0313048,0.5555025000000015,0.031017099999999787,-0.0034415000000014295,0.0002877000000002135,0.003453504530185238
0.013125,0.098125,0.005,1.5625e-08,0.615138,0.0208517,0.6172235000000014,0.021404349999999853,-0.0020855000000014057,-0.0005526499999998526,0.0021574828556690084
0.015625,0.098125,0.005,1.5625e-08,0.661357,0.015154,0.6625057500000011,0.01588272499999989,-0.001148750000001142,-0.0007287249999998885,0.0013603921082274261
0.018125,0.098125,0.005,1.5625e-08,0.697012,0.0116902,0.697548750000001,0.012428884999999912,-0.000536750000001085,-0.0007386849999999126,0.0009131024541233232
0.020625,0.098125,0.005,1.5625e-08,0.725596,0.00936139,0.7258047500000009,0.01011786749999993,-0.00020875000000086796,-0.0007564774999999288,0.0007847514068203412
0.023125,0.098125,0.005,1.5625e-08,0.749027,0.00763632,0.7493155000000009,0.008483152499999938,-0.000288500000000913,-0.0008468324999999378,0.0008946270357286725
0.025625,0.098125,0.005,1.5625e-08,0.768465,0.00710714,0.7693512500000008,0.007270544999999949,-0.0008862500000008655,-0.00016340499999994897,0.0009011882469975502
0.028125,0.098125,0.005,1.5625e-08,0.791097,0.00690796,0.7867345000000008,0.006332569999999954,0.00436249999999927,0.0005753900000000462,0.004400281798032222
0.030625,0.098125,0.005,1.5625e-08,0.807389,0.00537154,0.8020162500000007,0.0055787549999999604,0.005372749999999371,-0.00020721499999996028,0.005376744425646268
0.033125,0.098125,0.005,1.5625e-08,0.821043,0.0042773,0.8155727500000006,0.004950744999999964,0.005470249999999344,-0.0006734449999999635,0.005511548170026075
0.035625,0.098125,0.005,1.5625e-08,0.832556,0.00379274,0.8276650000000007,0.004409072499999968,0.0048909999999993126,-0.0006163324999999675,0.00492968018745126
0.038125,0.098125,0.005,1.5625e-08,0.842834,0.00312859,0.8384720000000006,0.003925812499999971,0.004361999999999422,-0.0007972224999999709,0.004434253907310807
0.040625,0.098125,0.005,1.5625e-08,0.851717,0.00264615,0.8481140000000005,0.0034803224999999743,0.0036029999999994677,-0.0008341724999999744,0.0036983040383062574
0.043125,0.098125,0.005,1.5625e-08,0.859574,0.00229395,0.8566672500000005,0.003056729999999978,0.002906749999999403,-0.0007627799999999781,0.003005167032112607
0.045625,0.098125,0.005,1.5625e-08,0.866519,0.00189307,0.8641715000000005,0.0026423624999999803,0.0023474999999995028,-0.0007492924999999804,0.0024641825217613014
0.048125,0.098125,0.005,1.5625e-08,0.872117,0.00109627,0.8706382500000005,0.0022267724999999834,0.001478749999999529,-0.0011305024999999833,0.0018613805266534888
0.050625,0.098125,0.005,1.5625e-08,0.873183,-0.000469421,0.8760547500000005,0.0018010999999999858,-0.002871750000000506,-0.002270520999999986,0.0036609033958770127
0.053125,0.098125,0.005,1.5625e-08,0.877398,0.00103456,0.8803880000000004,0.0013575929999999894,-0.0029900000000003812,-0.0003230329999999895,0.0030073992616696694
0.055625,0.098125,0.005,1.5625e-08,0.881874,0.00111093,0.8835850000000004,0.0008892732499999928,-0.0017110000000003511,0.00022165675000000717,0.0017252978626375699
0.058125,0.098125,0.005,1.5625e-08,0.884767,0.000556104,0.8855757500000005,0.00038957949999999625,-0.0008087500000005798,0.00016652450000000373,0.0008257160356933787
0.060625,0.098125,0.005,1.5625e-08,0.886029,-7.3311e-05,0.8862742500000004,-0.00014803734999999994,-0.00024525000000041874,7.472634999999993e-05,0.0002563817268927875
0.063125,0.098125,0.005,1.5625e-08,0.885658,-0.00071733,0.8855762500000004,-0.0007306927499999976,8.174999999954746e-05,1.3362749999997598e-05,8.283492975483498e-05
0.065625,0.098125,0.005,1.5625e-08,0.883557,-0.00141268,0.8833565000000004,-0.0013669867499999933,0.00020049999999960377,-4.569325000000667e-05,0.0002056407622418382
0.068125,0.098125,0.005,1.5625e-08,0.8795,-0.0021981,0.8794662500000004,-0.0020685424999999885,3.374999999949946e-05,-0.00012955750000001164,0.00013388132172270794
0.070625,0.098125,0.005,1.5625e-08,0.873152,-0.00260805,0.8737195000000004,-0.0028526449999999788,-0.0005675000000003871,0.00024459499999997854,0.0006179667984814629
0.073125,0.098125,0.005,1.5625e-08,0.867084,-0.00252786,0.8658767500000006,-0.0037469099999999722,0.001207249999999327,0.0012190499999999724,0.0017156734727209334
0.075625,0.098125,0.005,1.5625e-08,0.857142,-0.00386953,0.8556090000000005,-0.004797909999999964,0.0015329999999994515,0.0009283799999999644,0.0017921993260790643
0.078125,0.098125,0.005,1.5625e-08,0.844092,-0.00504651,0.8424342500000006,-0.006087739999999958,0.0016577499999993472,0.0010412299999999581,0.0019576248300932813
0.080625,0.098125,0.005,1.5625e-08,0.827521,-0.00636838,0.8255975000000005,-0.007767739999999952,0.0019234999999994118,0.001399359999999952,0.0023786678329681937
0.083125,0.098125,0.005,1.5625e-08,0.805877,-0.00907111,0.8038227500000006,-0.010131949999999938,0.002054249999999369,0.001060839999999938,0.0023119957975950727
0.085625,0.098125,0.005,1.5625e-08,0.775862,-0.0128305,0.7748050000000006,-0.01378934249999992,0.0010569999999994195,0.0009588424999999196,0.0014271047403063548
0.088125,0.098125,0.005,1.5625e-08,0.729896,-0.0221482,0.7340507500000011,-0.020108074999999836,-0.004154750000001095,-0.0020401250000001633,0.004628612921614289
0.090625,0.098125,0.005,1.5625e-08,0.666994,-0.0322427,0.6720822500000012,-0.03250652499999973,-0.005088250000001238,0.00026382499999973164,0.00509508505259112
0.093125,0.098125,0.005,1.5625e-08,0.562998,-0.061171,0.5672245000000017,-0.06086032499999948,-0.004226500000001687,-0.0003106750000005237,0.004237902925462025
0.095625,0.098125,0.005,1.5625e-08,0.370715,-0.143176,0.36900725000000084,-0.13880287499999958,0.0017077499999991752,-0.004373125000000422,0.004694745182448763
0.098125,0.098125,0.005,1.5625e-08,0.0664987,-0.328886,0.03359490000000004,-0.34409524999999974,0.032903799999999955,0.01520924999999973,0.03624888053447291
0.099375,0.063125,0.005,1.5625e-08,0.00205394,-0.0316102,-0.0006454612499999895,-0.029214424999999686,0.0026994012499999896,-0.0023957750000003115,0.003609224980397869
0.099375,0.065625,0.005,1.5625e-08,-0.000224222,-0.0337166,-0.0007274742499999882,-0.03390192499999964,0.0005032522499999882,0.00018532499999963925,0.0005362911361890265
0.086875,0.068125,0.005,1.5625e-08,-0.140051,-0.437769,-0.14181375000000004,-0.44412700000000005,0.0017627500000000351,0.00635800000000003,0.006597836885108672
0.096875,0.068125,0.005,1.5625e-08,-0.0140836,-0.184796,-0.015832324999999935,-0.1828697499999997,0.0017487249999999354,-0.0019262500000002958,0.0026016299099076165
0.099375,0.068125,0.005,1.5625e-08,-0.00115436,-0.0387971,-0.0008160442499999867,-0.03914682499999959,-0.00033831575000001343,0.0003497249999995858,0.00048658516451160106
0.086875,0.070625,0.005,1.5625e-08,-0.135163,-0.456452,-0.13787900000000008,-0.4641214999999999,0.0027160000000000795,0.007669499999999885,0.008136208346029412
0.089375,0.070625,0.005,1.5625e-08,-0.114434,-0.455802,-0.11550100000000008,-0.460522,0.0010670000000000818,0.004720000000000002,0.004839100019631769
0.096875,0.070625,0.005,1.5625e-08,-0.0161876,-0.204854,-0.017352349999999926,-0.2071594999999995,0.0011647499999999263,0.0023054999999994885,0.0025830162238161553
0.099375,0.070625,0.005,1.5625e-08,-0.00105775,-0.0449952,-0.0009120684999999846,-0.044987574999999495,-0.0001456815000000155,-7.625000000503757e-06,0.00014588091056496117
0.086875,0.073125,0.005,1.5625e-08,-0.126854,-0.469359,-0.12922325000000007,-0.47720924999999986,0.0023692500000000727,0.007850249999999837,0.008199986013707448
0.089375,0.073125,0.005,1.5625e-08,-0.112058,-0.478391,-0.11367275000000007,-0.48552025,0.0016147500000000675,0.007129249999999976,0.007309830581142074
0.091875,0.073125,0.005,1.5625e-08,-0.0857205,-0.451473,-0.08599367500000009,-0.4527352500000001,0.00027317500000008377,0.0012622500000000758,0.0012914718901800523
0.096875,0.073125,0.005,1.5625e-08,-0.0186581,-0.230223,-0.01892819999999992,-0.23331049999999948,0.000270099999999919,0.0030874999999994657,0.0030992918965461543
0.099375,0.073125,0.005,1.5625e-08,-0.00114794,-0.0517262,-0.0010175859999999829,-0.051469874999999415,-0.0001303540000000172,-0.00025632500000058456,0.00028756681126531995
0.086875,0.075625,0.005,1.5625e-08,-0.112534,-0.472655,-0.11488150000000004,-0.4816007499999999,0.002347500000000044,0.008945749999999919,0.009248632294155647
0.089375,0.075625,0.005,1.5625e-08,-0.106911,-0.49664,-0.10820375000000006,-0.5038857499999999,0.0012927500000000508,0.007245749999999884,0.007360169537789089
0.091875,0.075625,0.005,1.5625e-08,-0.085952,-0.478748,-0.08656155000000008,-0.48325975000000004,0.0006095500000000836,0.0045117500000000366,0.004552739753708796
0.096875,0.075625,0.005,1.5625e-08,-0.0206864,-0.258545,-0.020590949999999913,-0.2612634999999995,-9.545000000008713e-05,0.0027184999999994575,0.0027201751694508696
0.099375,0.075625,0.005,1.5625e-08,-0.00128227,-0.0592979,-0.0011367789999999808,-0.05865572499999935,-0.00014549100000001928,-0.000642175000000654,0.0006584499690233462
0.089375,0.078125,0.005,1.5625e-08,-0.0966151,-0.506104,-0.09810247500000002,-0.5132914999999999,0.0014873750000000269,0.007187499999999902,0.007339784781628387
0.091875,0.078125,0.005,1.5625e-08,-0.084686,-0.502421,-0.08499160000000006,-0.5085977500000001,0.0003056000000000586,0.006176750000000064,0.006184305290208499
0.094375,0.078125,0.005,1.5625e-08,-0.0568573,-0.439641,-0.05620092499999991,-0.4389609999999997,-0.0006563750000000909,-0.0006800000000002915,0.0009451074757007882
0.096875,0.078125,0.005,1.5625e-08,-0.0231383,-0.289417,-0.022411449999999916,-0.29095999999999944,-0.0007268500000000844,0.0015429999999994615,0.0017056259620732972
0.099375,0.078125,0.005,1.5625e-08,-0.0014801,-0.0677692,-0.0012778009999999793,-0.06664157499999929,-0.00020229900000002079,-0.0011276250000007149,0.00114562778686082
0.066875,0.080625,0.005,1.5625e-08,0.135861,-0.043067,0.13857650000000016,-0.04581437500000006,-0.0027155000000001484,0.002747375000000059,0.0038629017125246827
0.069375,0.080625,0.005,1.5625e-08,0.124329,-0.0757861,0.12720900000000013,-0.07806240000000006,-0.0028800000000001325,0.0022763000000000644,0.003670959232952752
0.071875,0.080625,0.005,1.5625e-08,0.110591,-0.111233,0.11134975000000023,-0.11452424999999984,-0.0007587500000002384,0.003291249999999843,0.003377577256703291
0.089375,0.080625,0.005,1.5625e-08,-0.0803559,-0.503194,-0.08194002499999992,-0.5110009999999999,0.0015841249999999224,0.007806999999999897,0.007966096975032576
0.091875,0.080625,0.005,1.5625e-08,-0.0805401,-0.519051,-0.08049940000000003,-0.5261295000000001,-4.0699999999976866e-05,0.007078500000000099,0.00707861700758004
0.094375,0.080625,0.005,1.5625e-08,-0.0586437,-0.468111,-0.05801392499999992,-0.47126599999999985,-0.0006297750000000824,0.0031549999999998524,0.0032172412950576415
0.096875,0.080625,0.005,1.5625e-08,-0.0250573,-0.321567,-0.024526549999999918,-0.32235974999999956,-0.0005307500000000832,0.0007927499999995646,0.0009540168368532068
0.099375,0.080625,0.005,1.5625e-08,-0.00176362,-0.0773783,-0.001456287749999977,-0.07558957499999922,-0.0003073322500000231,-0.001788725000000782,0.0018149353259876437
0.076875,0.083125,0.005,1.5625e-08,0.134719,-0.170453,0.1354385000000003,-0.17438049999999977,-0.0007195000000002894,0.003927499999999778,0.003992860691283716
0.079375,0.083125,0.005,1.5625e-08,0.101825,-0.219905,0.10210197500000011,-0.22367800000000004,-0.00027697500000010977,0.003773000000000054,0.0037831526734491525
0.081875,0.083125,0.005,1.5625e-08,0.064325,-0.278087,0.06280560000000007,-0.28195075,0.0015193999999999208,0.0038637500000000546,0.004151763531621253
0.089375,0.083125,0.005,1.5625e-08,-0.0545517,-0.484032,-0.05749287499999984,-0.4938319999999997,0.0029411749999998377,0.009799999999999698,0.01023183807439397
0.091875,0.083125,0.005,1.5625e-08,-0.0718667,-0.524829,-0.07170114999999996,-0.5322897499999999,-0.00016555000000004205,0.007460749999999905,0.00746258650636618
0.094375,0.083125,0.005,1.5625e-08,-0.0601574,-0.494931,-0.059125499999999935,-0.49934874999999984,-0.0010319000000000647,0.0044177499999998315,0.004536665369244093
0.096875,0.083125,0.005,1.5625e-08,-0.0278744,-0.354992,-0.027180599999999912,-0.35544474999999953,-0.0006938000000000881,0.0004527499999995577,0.0008284570009962628
0.099375,0.083125,0.005,1.5625e-08,-0.00213081,-0.0883802,-0.0017025494999999735,-0.08578977499999911,-0.0004282605000000264,-0.0025904250000008955,0.0026255873126769013
0.001875,0.085625,0.005,1.5625e-08,-0.00243257,0.0930999,-0.007639662500000007,0.09735765000000003,0.005207092500000007,-0.004257750000000032,0.006726235750109908
0.081875,0.085625,0.005,1.5625e-08,0.137212,-0.233675,0.13755950000000008,-0.23715875000000003,-0.00034750000000008385,0.0034837500000000354,0.00350103846201385
0.084375,0.085625,0.005,1.5625e-08,0.0879284,-0.29852,0.08651472500000004,-0.30059475,0.0014136749999999615,0.002074750000000014,0.0025105904819633464
0.086875,0.085625,0.005,1.5625e-08,0.0358987,-0.369852,0.030981100000000327,-0.37653874999999964,0.0049175999999996715,0.0066867499999996305,0.008300326217835767
0.091875,0.085625,0.005,1.5625e-08,-0.0543214,-0.512779,-0.055918749999999885,-0.5221049999999998,0.0015973499999998864,0.009325999999999834,0.009461807598048934
0.094375,0.085625,0.005,1.5625e-08,-0.0601019,-0.513867,-0.05885074999999995,-0.5198067499999999,-0.001251150000000048,0.00593974999999991,0.006070091134818246
0.096875,0.085625,0.005,1.5625e-08,-0.032128,-0.389859,-0.03078422499999991,-0.3901417499999995,-0.0013437750000000852,0.0002827499999994987,0.0013732002086822392
0.099375,0.085625,0.005,1.5625e-08,-0.00274557,-0.101479,-0.0020780367499999685,-0.097777399999999,-0.0006675332500000316,-0.0037016000000009985,0.0037613087083969853
0.001875,0.088125,0.005,1.5625e-08,-0.010455,0.11792,-0.011912619999999981,0.1198954999999999,0.0014576199999999807,-0.001975499999999908,0.0024550471104236634
0.084375,0.088125,0.005,1.5625e-08,0.170781,-0.242636,0.17065974999999958,-0.24233450000000034,0.00012125000000040576,-0.00030149999999964927,0.0003249674022111863
0.086875,0.088125,0.005,1.5625e-08,0.106534,-0.310366,0.10415397499999995,-0.3134895,0.0023800250000000495,0.0031235000000000013,0.003926928984667948
0.089375,0.088125,0.005,1.5625e-08,0.0384157,-0.390998,0.033174150000000006,-0.4008927499999999,0.005241549999999991,0.009894749999999897,0.011197317712961345
0.091875,0.088125,0.005,1.5625e-08,-0.0262102,-0.479531,-0.027705299999999974,-0.4886727499999999,0.001495099999999975,0.009141749999999893,0.009263202311970626
0.094375,0.088125,0.005,1.5625e-08,-0.0565009,-0.518929,-0.055067250000000026,-0.526502,-0.0014336499999999738,0.007573000000000052,0.007707508113683741
0.096875,0.088125,0.005,1.5625e-08,-0.0384774,-0.425667,-0.03596062499999988,-0.42593424999999935,-0.0025167750000001238,0.0002672499999993305,0.002530924527346729
0.099375,0.088125,0.005,1.5625e-08,-0.00392476,-0.118162,-0.0027183544999999547,-0.11259159999999879,-0.0012064055000000455,-0.0055704000000012105,0.0056995412438584775
0.001875,0.090625,0.005,1.5625e-08,-0.0204782,0.152621,-0.01947407499999997,0.15434674999999987,-0.0010041250000000293,-0.0017257499999998593,0.001996617158627205
0.044375,0.090625,0.005,1.5625e-08,0.390042,0.0570591,0.3908569999999997,0.05528247500000007,-0.0008149999999996771,0.0017766249999999345,0.0019546409876558513
0.046875,0.090625,0.005,1.5625e-08,0.409187,0.0499207,0.41234499999999963,0.04896307500000006,-0.0031579999999996056,0.0009576249999999412,0.0033000014607000396
0.049375,0.090625,0.005,1.5625e-08,0.427538,0.04314,0.4315374999999997,0.04247250000000005,-0.003999499999999712,0.0006674999999999459,0.004054818923207006
0.051875,0.090625,0.005,1.5625e-08,0.443921,0.0360938,0.4482927499999997,0.03569107500000004,-0.0043717499999996745,0.0004027249999999649,0.004390260298447249
0.054375,0.090625,0.005,1.5625e-08,0.457759,0.0290928,0.4624279999999997,0.028503675000000037,-0.004668999999999646,0.0005891249999999612,0.0047060205339141525
0.056875,0.090625,0.005,1.5625e-08,0.468704,0.0216607,0.47372199999999964,0.02079612500000003,-0.005017999999999634,0.0008645749999999716,0.005091936167178579
0.059375,0.090625,0.005,1.5625e-08,0.476648,0.0134826,0.48190849999999974,0.012450650000000018,-0.005260499999999724,0.0010319499999999829,0.005360763103560636
0.061875,0.090625,0.005,1.5625e-08,0.481366,0.00442492,0.48667124999999967,0.003339400000000008,-0.0053052499999996505,0.0010855199999999917,0.005415166777939187
0.064375,0.090625,0.005,1.5625e-08,0.482454,-0.0056562,0.48763774999999965,-0.006685130000000032,-0.005183749999999654,0.001028930000000032,0.005284880415619305
0.066875,0.090625,0.005,1.5625e-08,0.479464,-0.0169242,0.48436774999999965,-0.01780627500000005,-0.0049037499999996514,0.0008820750000000481,0.004982451240917634
0.069375,0.090625,0.005,1.5625e-08,0.471908,-0.0294986,0.4763329999999997,-0.030270175000000066,-0.004424999999999679,0.000771575000000066,0.004491765018411166
0.071875,0.090625,0.005,1.5625e-08,0.459144,-0.0439005,0.4628902499999997,-0.044432625,-0.003746249999999729,0.0005321250000000013,0.003783853337290304
0.074375,0.090625,0.005,1.5625e-08,0.440643,-0.0614258,0.44323449999999975,-0.06084075000000001,-0.002591499999999747,-0.0005850499999999897,0.0026567189825983995
0.076875,0.090625,0.005,1.5625e-08,0.415476,-0.0826416,0.41632624999999973,-0.08037715000000002,-0.0008502499999997193,-0.0022644499999999734,0.0024188135242302995
0.079375,0.090625,0.005,1.5625e-08,0.383948,-0.107297,0.3807897499999996,-0.10451000000000019,0.0031582500000004177,-0.0027869999999998174,0.0042121149156334305
0.084375,0.090625,0.005,1.5625e-08,0.278503,-0.178803,0.2761049999999995,-0.17799525000000033,0.002398000000000511,-0.0008077499999996629,0.0025303881248737127
0.091875,0.090625,0.005,1.5625e-08,0.0303014,-0.4089,0.024128962500000045,-0.42322599999999994,0.006172437499999954,0.01432599999999995,0.015599142947335417
0.094375,0.090625,0.005,1.5625e-08,-0.0412589,-0.49761,-0.04124590000000017,-0.5077422500000003,-1.299999999983259e-05,0.010132250000000287,0.010132258339704225
0.096875,0.090625,0.005,1.5625e-08,-0.0472563,-0.458557,-0.04329617499999989,-0.4602717499999994,-0.003960125000000113,0.001714749999999432,0.004315432490275332
0.099375,0.090625,0.005,1.5625e-08,-0.00661442,-0.141624,-0.003969179999999934,-0.1324005999999986,-0.002645240000000066,-0.009223400000001408,0.009595228096175011
0.001875,0.093125,0.005,1.5625e-08,-0.0382023,0.205991,-0.034181024999999934,0.20791574999999982,-0.004021275000000067,-0.0019247499999998086,0.004458173974636342
0.009375,0.093125,0.005,1.5625e-08,-0.0331033,0.217666,-0.03988042500000023,0.21603675000000014,0.006777125000000231,0.00162924999999986,0.006970213685973168
0.011875,0.093125,0.005,1.5625e-08,0.0227055,0.177548,0.01685412249999967,0.1754712500000002,0.005851377500000331,0.002076749999999822,0.0062089861660346276
0.014375,0.093125,0.005,1.5625e-08,0.0812008,0.145845,0.07604572499999962,0.14407175000000016,0.005155075000000384,0.0017732499999998375,0.005451533162159832
0.016875,0.093125,0.005,1.5625e-08,0.137293,0.121714,0.13272324999999957,0.12047100000000015,0.004569750000000428,0.0012429999999998553,0.004735785474713097
0.019375,0.093125,0.005,1.5625e-08,0.189362,0.103356,0.18527299999999955,0.10264292500000015,0.004089000000000453,0.0007130749999998548,0.004150710415775654
0.021875,0.093125,0.005,1.5625e-08,0.23716,0.0891671,0.23344774999999954,0.08893185000000013,0.003712250000000472,0.0002352499999998675,0.0037196965770077864
0.024375,0.093125,0.005,1.5625e-08,0.280929,0.0780597,0.27749749999999956,0.07814255000000012,0.0034315000000004203,-8.285000000012033e-05,0.00343250001784456
0.026875,0.093125,0.005,1.5625e-08,0.320592,0.0692947,0.31781324999999955,0.0694390500000001,0.0027787500000004406,-0.00014435000000009857,0.0027824968077254783
0.029375,0.093125,0.005,1.5625e-08,0.356447,0.0604422,0.3547874999999995,0.06223587500000011,0.0016595000000005355,-0.0017936750000001056,0.002443605994350799
0.031875,0.093125,0.005,1.5625e-08,0.389565,0.0540783,0.3887612499999995,0.05611640000000008,0.0008037500000004916,-0.0020381000000000773,0.0021908595738890035
0.034375,0.093125,0.005,1.5625e-08,0.420506,0.0478772,0.4200119999999996,0.05077665000000008,0.000494000000000383,-0.002899450000000081,0.0029412321061930576
0.036875,0.093125,0.005,1.5625e-08,0.451587,0.0394887,0.44875099999999957,0.04598830000000008,0.0028360000000004493,-0.0064996000000000775,0.007091381823030231
0.084375,0.093125,0.005,1.5625e-08,0.405927,-0.112039,0.4084149999999994,-0.11259000000000027,-0.002487999999999435,0.0005510000000002735,0.002548282755111271
0.086875,0.093125,0.005,1.5625e-08,0.339694,-0.151424,0.3353912499999998,-0.1540420000000001,0.004302750000000188,0.0026180000000000925,0.005036624024334366
0.094375,0.093125,0.005,1.5625e-08,0.00652463,-0.42868,0.0024983349999995177,-0.4418935000000006,0.004026295000000482,0.0132135000000006,0.013813313638553378
0.096875,0.093125,0.005,1.5625e-08,-0.0544022,-0.47461,-0.05064599999999997,-0.48213899999999976,-0.003756200000000029,0.007528999999999786,0.008413969303485543
0.099375,0.093125,0.005,1.5625e-08,-0.0135762,-0.179828,-0.006961729999999884,-0.16231767499999827,-0.006614470000000116,-0.017510325000001714,0.01871797785516872
0.001875,0.095625,0.005,1.5625e-08,-0.0673632,0.282011,-0.0635008750000001,0.2852147500000002,-0.0038623249999999026,-0.0032037500000001717,0.005018123998878999
0.004375,0.095625,0.005,1.5625e-08,-0.0546175,0.2745,-0.06956624999999977,0.2805534999999998,0.014948749999999775,-0.006053499999999767,0.016127925744263905
0.006875,0.095625,0.005,1.5625e-08,0.0279493,0.201638,0.017682495000000544,0.20060749999999972,0.010266804999999456,0.001030500000000295,0.0103183920820065
0.009375,0.095625,0.005,1.5625e-08,0.122843,0.143383,0.11837505000000072,0.14118474999999972,0.004467949999999277,0.0021982500000002902,0.004979445778898975
0.011875,0.095625,0.005,1.5625e-08,0.209924,0.105206,0.20744775000000076,0.10328819999999976,0.002476249999999236,0.0019178000000002332,0.003132055379857947
0.014375,0.095625,0.005,1.5625e-08,0.284043,0.0803109,0.2820535000000008,0.0790132999999998,0.0019894999999992002,0.0012976000000002041,0.002375263355924422
0.016875,0.095625,0.005,1.5625e-08,0.34635,0.0636512,0.3444037500000008,0.06288274999999985,0.0019462499999992056,0.0007684500000001565,0.0020924637308677896
0.019375,0.095625,0.005,1.5625e-08,0.399154,0.0520151,0.3971622500000007,0.05170227499999987,0.0019917499999992927,0.0003128250000001345,0.00201616654647434
0.021875,0.095625,0.005,1.5625e-08,0.444574,0.0433837,0.4424985000000007,0.04362909999999988,0.0020754999999993418,-0.0002453999999998818,0.0020899572746822383
0.024375,0.095625,0.005,1.5625e-08,0.484949,0.0360838,0.4820282500000007,0.037572874999999895,0.002920749999999306,-0.0014890749999998953,0.003278433302374876
0.026875,0.095625,0.005,1.5625e-08,0.523739,0.0274217,0.5169252500000007,0.03286579999999991,0.006813749999999286,-0.00544409999999991,0.008721548823029616
0.051875,0.095625,0.005,1.5625e-08,0.721172,0.0121375,0.7186745000000003,0.008816139999999972,0.0024974999999997083,0.0033213600000000284,0.004155591233458692
0.054375,0.095625,0.005,1.5625e-08,0.727658,0.00870498,0.7275505000000004,0.006688249999999978,0.00010749999999959403,0.0020167300000000212,0.0020195930636888212
0.056875,0.095625,0.005,1.5625e-08,0.734187,0.00566664,0.7342575000000005,0.004426974999999984,-7.050000000041745e-05,0.0012396650000000157,0.001241668056376219
0.059375,0.095625,0.005,1.5625e-08,0.738928,0.00280604,0.7386410000000003,0.001999677499999991,0.00028699999999970416,0.000806362500000009,0.0008559144124304104
0.061875,0.095625,0.005,1.5625e-08,0.741268,-0.000117887,0.7405120000000004,-0.0006278580000000015,0.0007559999999996458,0.0005099710000000015,0.0009119245697098342
0.064375,0.095625,0.005,1.5625e-08,0.740861,-0.0032579,0.7396417500000003,-0.003494620000000002,0.001219249999999672,0.0002367200000000019,0.0012420172788247356
0.066875,0.095625,0.005,1.5625e-08,0.737406,-0.00679538,0.7357580000000005,-0.006649597499999995,0.0016479999999995387,-0.0001457825000000055,0.0016544354134582382
0.069375,0.095625,0.005,1.5625e-08,0.730931,-0.0112365,0.7285265000000004,-0.010160657499999986,0.0024044999999995875,-0.001075842500000014,0.002634209052980476
0.071875,0.095625,0.005,1.5625e-08,0.722567,-0.018041,0.7175300000000004,-0.014130174999999953,0.005036999999999514,-0.003910825000000048,0.006376983705531988
0.089375,0.095625,0.005,1.5625e-08,0.435417,-0.104107,0.4281940000000009,-0.11109734999999958,0.007222999999999091,0.006990349999999576,0.010051702448962611
0.091875,0.095625,0.005,1.5625e-08,0.312813,-0.175698,0.3043125000000011,-0.17794074999999931,0.008500499999998912,0.0022427499999993217,0.008791383725698614
0.094375,0.095625,0.005,1.5625e-08,0.13842,-0.295935,0.13340610000000006,-0.2989042499999999,0.005013899999999932,0.0029692499999999233,0.005827146709368048
0.096875,0.095625,0.005,1.5625e-08,-0.0232954,-0.43156,-0.031559130000000116,-0.4469935,0.008263730000000115,0.015433499999999989,0.017506631765216905
0.099375,0.095625,0.005,1.5625e-08,-0.0265075,-0.250294,-0.01707425499999983,-0.21666424999999823,-0.00943324500000017,-0.03362975000000179,0.03492772818682384
0.001875,0.098125,0.005,1.5625e-08,0.00157837,0.278661,-0.02425812499999925,0.2904587499999995,0.025836494999999248,-0.011797749999999496,0.02840266499727577
0.004375,0.098125,0.005,1.5625e-08,0.226404,0.139502,0.22192750000000178,0.1343774249999993,0.004476499999998218,0.005124575000000686,0.006804433935355393
0.006875,0.098125,0.005,1.5625e-08,0.397988,0.0711479,0.4031462500000017,0.06633074999999959,-0.005158250000001696,0.004817150000000409,0.00705779549045036
0.009375,0.098125,0.005,1.5625e-08,0.510838,0.0400173,0.5151257500000015,0.038697624999999736,-0.004287750000001478,0.001319675000000263,0.004486239200949763
0.011875,0.098125,0.005,1.5625e-08,0.586263,0.0252366,0.5889752500000014,0.025494599999999826,-0.002712250000001415,-0.00025799999999982434,0.0027244933588664857
0.014375,0.098125,0.005,1.5625e-08,0.63987,0.0176278,0.6414445000000012,0.018296724999999868,-0.0015745000000011444,-0.0006689249999998689,0.0017107047979205614
0.016875,0.098125,0.005,1.5625e-08,0.680235,0.01324,0.6810475000000011,0.013970429999999902,-0.000812500000001104,-0.0007304299999999018,0.0010925585727555526
0.019375,0.098125,0.005,1.5625e-08,0.712035,0.0104345,0.7123740000000011,0.01116653499999992,-0.00033900000000108843,-0.0007320349999999209,0.0008067194315408686
0.021875,0.098125,0.005,1.5625e-08,0.737878,0.00844606,0.7380605000000008,0.009235212499999933,-0.0001825000000007515,-0.0007891524999999334,0.0008099801962124871
0.024375,0.098125,0.005,1.5625e-08,0.75912,0.00705067,0.7597087500000009,0.007835052499999945,-0.0005887500000009149,-0.0007843824999999444,0.000980756069982358
0.026875,0.098125,0.005,1.5625e-08,0.777617,0.00826676,0.7783352500000008,0.006773852499999951,-0.0007182500000008085,0.001492907500000049,0.0016567002945788228
0.029375,0.098125,0.005,1.5625e-08,0.79825,0.00633093,0.7946115000000007,0.005936847499999958,0.003638499999999323,0.00039408250000004183,0.0036597791281443963
0.031875,0.098125,0.005,1.5625e-08,0.813196,0.00507643,0.8089917500000007,0.005251824999999963,0.004204249999999354,-0.00017539499999996277,0.004207907017570559
0.034375,0.098125,0.005,1.5625e-08,0.82581,0.00416731,0.8217892500000006,0.004671067499999966,0.004020749999999462,-0.0005037574999999664,0.004052184865143974
0.036875,0.098125,0.005,1.5625e-08,0.836749,0.00387415,0.8332202500000006,0.00416156499999997,0.0035287499999994143,-0.0002874149999999706,0.0035404355586171666
0.039375,0.098125,0.005,1.5625e-08,0.846453,0.0031322,0.8434330000000005,0.003699429999999973,0.0030199999999994676,-0.0005672299999999733,0.0030728081412442192
0.041875,0.098125,0.005,1.5625e-08,0.854888,0.00275651,0.8525237500000005,0.003266644999999976,0.0023642499999995126,-0.0005101349999999758,0.002418659914234052
0.044375,0.098125,0.005,1.5625e-08,0.862344,0.00239669,0.8605490000000005,0.002849089999999979,0.001794999999999547,-0.0004523999999999791,0.001851132291328298
0.046875,0.098125,0.005,1.5625e-08,0.868831,0.00190042,0.8675345000000005,0.002435304999999982,0.0012964999999994786,-0.0005348849999999817,0.0014025028389360319
0.049375,0.098125,0.005,1.5625e-08,0.87391,0.000875473,0.8734795000000004,0.002015702499999985,0.00043049999999955624,-0.001140229499999985,0.0012187918455051436
0.051875,0.098125,0.005,1.5625e-08,0.875035,0.000306018,0.8783595000000005,0.001582022499999988,-0.0033245000000005076,-0.0012760044999999879,0.0035609672469742813
0.054375,0.098125,0.005,1.5625e-08,0.87978,0.00126921,0.8821325000000004,0.001126950249999991,-0.0023525000000004237,0.00014225975000000898,0.0023567974216024716
0.056875,0.098125,0.005,1.5625e-08,0.883515,0.000887985,0.8847362500000004,0.0006437524999999946,-0.0012212500000003956,0.0002442325000000054,0.0012454320842812821
0.059375,0.098125,0.005,1.5625e-08,0.885591,0.000272297,0.8860927500000004,0.00012593425749999812,-0.0005017500000004116,0.0001463627425000019,0.000522661568218417
0.061875,0.098125,0.005,1.5625e-08,0.886047,-0.000365597,0.8861070000000005,-0.0004332459999999979,-6.0000000000504095e-05,6.764899999999792e-05,9.042337751411529e-05
0.064375,0.098125,0.005,1.5625e-08,0.884836,-0.00103452,0.8846650000000004,-0.0010415022499999955,0.00017099999999958815,6.982249999995527e-06,0.00017114248979993715
0.066875,0.098125,0.005,1.5625e-08,0.881804,-0.0017796,0.8816307500000005,-0.001708704999999991,0.00017324999999956958,-7.089500000000918e-05,0.00018719418667483283
0.069375,0.098125,0.005,1.5625e-08,0.876619,-0.00255421,0.8768382500000004,-0.0024488674999999863,-0.00021925000000033723,-0.00010534250000001364,0.00024324392038939174
0.071875,0.098125,0.005,1.5625e-08,0.869589,-0.00195196,0.8700780000000004,-0.0032836849999999754,-0.0004890000000004058,0.0013317249999999755,0.001418665737806243
0.074375,0.098125,0.005,1.5625e-08,0.863591,-0.00393875,0.8610715000000004,-0.004248799999999968,0.0025194999999995638,0.000310049999999968,0.0025385057125202185
0.076875,0.098125,0.005,1.5625e-08,0.852344,-0.00531466,0.8494240000000006,-0.00540571999999996,0.0029199999999993675,9.105999999996055e-05,0.002921419504897628
0.079375,0.098125,0.005,1.5625e-08,0.837911,-0.00674372,0.8345370000000005,-0.006865244999999957,0.003373999999999433,0.00012152499999995743,0.0033761878392087673
0.081875,0.098125,0.005,1.5625e-08,0.819749,-0.00855269,0.8154382500000006,-0.008836829999999945,0.004310749999999364,0.0002841399999999449,0.004320104292964984
0.084375,0.098125,0.005,1.5625e-08,0.794908,-0.0122452,0.7904280000000006,-0.011739817499999928,0.004479999999999373,-0.0005053825000000713,0.0045084156276125106
0.086875,0.098125,0.005,1.5625e-08,0.760689,-0.0175114,0.7563182500000009,-0.016476674999999868,0.004370749999999091,-0.001034725000000132,0.004491560017200853
0.089375,0.098125,0.005,1.5625e-08,0.701634,-0.0257087,0.7066505000000011,-0.025176849999999792,-0.0050165000000010895,-0.0005318500000002085,0.005044614620812095
0.091875,0.098125,0.005,1.5625e-08,0.622609,-0.042696,0.6272242500000015,-0.04353029999999963,-0.004615250000001514,0.0008342999999996353,0.004690052137504803
0.094375,0.098125,0.005,1.5625e-08,0.48167,-0.0918143,0.4846257500000009,-0.08946149999999965,-0.002955750000000923,-0.002352800000000349,0.0037778467282973643
0.096875,0.098125,0.005,1.5625e-08,0.222537,-0.225417,0.21174150000000055,-0.22402949999999958,0.010795499999999458,-0.00138750000000043,0.010884299541081617
0.099375,0.098125,0.005,1.5625e-08,0.0269703,-0.317925,-0.03874027499999965,-0.31940399999999874,0.06571057499999965,0.0014789999999987313,0.06572721740520113
0.098125,0.063125,0.005,1.5625e-08,-0.000474015,-0.0807886,-0.004859647499999967,-0.08601419999999974,0.004385632499999966,0.005225599999999733,0.006822072103478031
0.098125,0.065625,0.005,1.5625e-08,-0.00422016,-0.0961622,-0.005432089999999963,-0.0992094999999997,0.0012119299999999635,0.0030472999999996975,0.0032794529444555333
0.085625,0.068125,0.005,1.5625e-08,-0.148228,-0.432758,-0.15202199999999993,-0.4399355000000001,0.0037939999999999363,0.007177500000000114,0.008118555428769405
0.095625,0.068125,0.005,1.5625e-08,-0.0243792,-0.239137,-0.029146474999999925,-0.2452642499999998,0.004767274999999925,0.0061272499999998065,0.007763382219633522
0.098125,0.069375,0.005,1.5625e-08,-0.00629056,-0.120607,-0.006354322499999956,-0.12167499999999962,6.376249999995656e-05,0.001067999999999611,0.0010699017040856668
0.085625,0.070625,0.005,1.5625e-08,-0.142069,-0.447304,-0.14486325,-0.45462400000000003,0.002794249999999998,0.007320000000000049,0.007835191960794624
0.088125,0.071875,0.005,1.5625e-08,-0.123512,-0.468944,-0.12609875000000006,-0.47696799999999995,0.002586750000000068,0.00802399999999992,0.008430649533843704
0.095625,0.070625,0.005,1.5625e-08,-0.0299346,-0.270897,-0.03161377499999991,-0.27560099999999954,0.0016791749999999078,0.004703999999999542,0.004994721681997945
0.098125,0.071875,0.005,1.5625e-08,-0.0065719,-0.1371,-0.007017227499999949,-0.13851224999999948,0.00044532749999994826,0.0014122499999994764,0.0014807993262946622
0.085625,0.073125,0.005,1.5625e-08,-0.129567,-0.454928,-0.13216050000000004,-0.4617760000000001,0.002593500000000054,0.006848000000000076,0.007322659779752254
0.088125,0.074375,0.005,1.5625e-08,-0.11753,-0.484473,-0.11890450000000005,-0.49246274999999995,0.0013745000000000562,0.007989749999999962,0.008107117571153113
0.090625,0.074375,0.005,1.5625e-08,-0.0983235,-0.481231,-0.10051997500000007,-0.48827349999999997,0.0021964750000000727,0.007042499999999952,0.007377079955892076
0.095625,0.073125,0.005,1.5625e-08,-0.0338967,-0.302838,-0.0340571249999999,-0.3075804999999995,0.00016042499999990162,0.004742499999999483,0.0047452125801295845
0.098125,0.074375,0.005,1.5625e-08,-0.00742544,-0.155689,-0.007733849999999943,-0.1569112499999994,0.00030840999999994304,0.0012222499999993974,0.0012605601098712
0.085625,0.075625,0.005,1.5625e-08,-0.110471,-0.454477,-0.11293875000000009,-0.45987825000000015,0.002467750000000088,0.005401250000000135,0.005938290294773564
0.088125,0.076875,0.005,1.5625e-08,-0.106005,-0.49167,-0.10647675000000005,-0.49901149999999994,0.0004717500000000485,0.007341499999999945,0.007356641238534012
0.090625,0.076875,0.005,1.5625e-08,-0.0954,-0.503089,-0.09696625000000006,-0.50995725,0.0015662500000000606,0.00686825000000002,0.007044572174731441
0.095625,0.075625,0.005,1.5625e-08,-0.0371023,-0.336149,-0.0364834999999999,-0.3408617499999995,-0.0006188000000000998,0.004712749999999544,0.004753201658092766
0.098125,0.076875,0.005,1.5625e-08,-0.00824037,-0.176247,-0.008535064999999939,-0.17697174999999932,0.0002946949999999386,0.0007247499999993301,0.0007823731242342062
0.088125,0.078125,0.005,1.5625e-08,-0.0961335,-0.491142,-0.09790309999999999,-0.4982279999999999,0.0017695999999999962,0.00708599999999987,0.007303621030694168
0.090625,0.079375,0.005,1.5625e-08,-0.0892839,-0.515694,-0.08954975,-0.52301575,0.00026584999999999803,0.007321750000000016,0.007326574867221397
0.093125,0.079375,0.005,1.5625e-08,-0.0713566,-0.491272,-0.07206212500000007,-0.4969767500000003,0.0007055250000000679,0.005704750000000314,0.005748211729584138
0.095625,0.079375,0.005,1.5625e-08,-0.0416665,-0.390335,-0.04020037499999991,-0.3921937499999997,-0.0014661250000000889,0.001858749999999687,0.002367377046041483
0.098125,0.079375,0.005,1.5625e-08,-0.00933377,-0.198991,-0.009481572499999938,-0.1988697499999994,0.00014780249999993798,-0.00012125000000060004,0.0001911730668958815
0.065625,0.080625,0.005,1.5625e-08,0.140694,-0.0307644,0.14270000000000016,-0.031058450000000064,-0.0020060000000001466,0.000294050000000063,0.002027437151307193
0.068125,0.081875,0.005,1.5625e-08,0.161146,-0.0562245,0.16784950000000015,-0.05591025000000005,-0.00670350000000014,-0.0003142499999999465,0.006710861741423514
0.070625,0.081875,0.005,1.5625e-08,0.147789,-0.0890868,0.15468175000000026,-0.08785262499999986,-0.006892750000000253,-0.001234175000000129,0.007002370348184164
0.088125,0.080625,0.005,1.5625e-08,-0.0727221,-0.48056,-0.07496237499999987,-0.48703699999999983,0.002240274999999875,0.006476999999999844,0.006853492618776387
0.090625,0.081875,0.005,1.5625e-08,-0.0767565,-0.516025,-0.07680839999999994,-0.5242562499999999,5.189999999993811e-05,0.008231249999999912,0.008231413619330434
0.093125,0.081875,0.005,1.5625e-08,-0.0710199,-0.51378,-0.07052287500000004,-0.5196637500000002,-0.0004970249999999565,0.0058837500000001874,0.005904705573788346
0.095625,0.081875,0.005,1.5625e-08,-0.043945,-0.42416,-0.04288244999999992,-0.4263442499999997,-0.0010625500000000787,0.002184249999999721,0.002428983442718157
0.098125,0.081875,0.005,1.5625e-08,-0.0106261,-0.223771,-0.010688232499999933,-0.22292774999999937,6.213249999993328e-05,-0.0008432500000006282,0.0008455359306719621
0.075625,0.083125,0.005,1.5625e-08,0.147995,-0.151352,0.1497182500000003,-0.1525994999999998,-0.0017232500000003148,0.0012474999999998182,0.0021274037727945843
0.078125,0.084375,0.005,1.5625e-08,0.152105,-0.1826,0.15816900000000023,-0.1810352499999999,-0.006064000000000236,-0.0015647500000001147,0.00626263032299554
0.080625,0.084375,0.005,1.5625e-08,0.116523,-0.231825,0.1201067500000001,-0.23135150000000004,-0.003583750000000094,-0.00047349999999996006,0.003614895062446576
0.088125,0.083125,0.005,1.5625e-08,-0.03924,-0.45649,-0.04226392499999979,-0.4609427499999997,0.0030239249999997955,0.004452749999999672,0.005382481302161749
0.090625,0.084375,0.005,1.5625e-08,-0.0561991,-0.501379,-0.05623589999999987,-0.5096302499999998,3.679999999986472e-05,0.008251249999999821,0.008251332062309517
0.093125,0.084375,0.005,1.5625e-08,-0.0662617,-0.525375,-0.0660048,-0.532276,-0.00025690000000000435,0.006900999999999935,0.006905780086999521
0.095625,0.084375,0.005,1.5625e-08,-0.0473126,-0.456352,-0.04588319999999992,-0.4590699999999997,-0.0014294000000000806,0.0027179999999997206,0.003070945841267591
0.098125,0.084375,0.005,1.5625e-08,-0.0125521,-0.251321,-0.012372452499999922,-0.2497347499999993,-0.0001796475000000776,-0.0015862500000007052,0.0015963903929673703
0.000625,0.085625,0.005,1.5625e-08,0.00184841,0.039188,-0.0011012817500000015,0.035085925000000025,0.0029496917500000013,0.004102074999999976,0.005052494505256079
0.080625,0.085625,0.005,1.5625e-08,0.159833,-0.208439,0.1603117500000001,-0.21005850000000004,-0.0004787500000000833,0.0016195000000000237,0.0016887811618146848
0.083125,0.086875,0.005,1.5625e-08,0.151363,-0.242253,0.1543957499999996,-0.24089000000000033,-0.003032749999999612,-0.00136299999999967,0.003324957377545876
0.085625,0.086875,0.005,1.5625e-08,0.0965154,-0.308426,0.0961617749999996,-0.30779100000000037,0.00035362500000039876,-0.0006349999999996081,0.0007268257291983989
0.090625,0.085625,0.005,1.5625e-08,-0.0387484,-0.484891,-0.04172177499999981,-0.4948394999999997,0.002973374999999806,0.009948499999999694,0.0103833333347542
0.093125,0.086875,0.005,1.5625e-08,-0.0567545,-0.520337,-0.055897175,-0.5290207499999999,-0.0008573249999999991,0.008683749999999879,0.00872596815362759
0.095625,0.086875,0.005,1.5625e-08,-0.0514711,-0.4843,-0.04916407499999992,-0.4879792499999996,-0.0023070250000000805,0.0036792499999995787,0.004342723213966356
0.098125,0.086875,0.005,1.5625e-08,-0.0157856,-0.283005,-0.014957349999999897,-0.28033374999999905,-0.0008282500000001032,-0.0026712500000009576,0.002796707819026737
0.000625,0.088125,0.005,1.5625e-08,-0.00149173,0.0454814,-0.0017793802499999978,0.04421457499999998,0.0002876502499999979,0.00126682500000002,0.0012990720714995423
0.083125,0.088125,0.005,1.5625e-08,0.200994,-0.213274,0.20030274999999956,-0.21314075000000032,0.0006912500000004485,-0.00013324999999966836,0.0007039759406403969
0.085625,0.089375,0.005,1.5625e-08,0.182759,-0.245482,0.1865759999999995,-0.24125650000000037,-0.0038169999999994875,-0.004225499999999632,0.005694237372115161
0.088125,0.089375,0.005,1.5625e-08,0.108486,-0.32058,0.11046534999999996,-0.31761625000000004,-0.001979349999999963,-0.0029637499999999317,0.0035639360944045347
0.090625,0.089375,0.005,1.5625e-08,0.0333783,-0.405738,0.03015337500000002,-0.412332,0.003224924999999979,0.006593999999999989,0.007340366288927598
0.093125,0.089375,0.005,1.5625e-08,-0.0327208,-0.490173,-0.03394497499999996,-0.5006567499999999,0.0012241749999999593,0.010483749999999847,0.010554980743379957
0.095625,0.089375,0.005,1.5625e-08,-0.0542554,-0.502083,-0.05168724999999996,-0.5077172499999998,-0.00256815000000004,0.005634249999999841,0.00619194375660813
0.098125,0.089375,0.005,1.5625e-08,-0.0215704,-0.320757,-0.019312499999999868,-0.316486499999999,-0.002257900000000132,-0.00427050000000101,0.004830660685662906
0.000625,0.090625,0.005,1.5625e-08,-0.00454002,0.0612175,-0.003085433749999995,0.05911742499999996,-0.0014545862500000045,0.0021000750000000415,0.00255463033809478
0.043125,0.090625,0.005,1.5625e-08,0.38401,0.0587763,0.37928749999999967,0.05841760000000007,0.004722500000000351,0.00035869999999992713,0.004736103033085669
0.045625,0.091875,0.005,1.5625e-08,0.457858,0.0428997,0.4630442499999996,0.04149307500000006,-0.005186249999999615,0.0014066249999999392,0.005373619167108964
0.048125,0.091875,0.005,1.5625e-08,0.478432,0.037068,0.48281499999999966,0.03625987500000005,-0.004382999999999637,0.0008081249999999443,0.004456877271770195
0.050625,0.091875,0.005,1.5625e-08,0.495671,0.031063,0.5002127499999998,0.030859825000000035,-0.004541749999999789,0.0002031749999999652,0.004546292241280038
0.053125,0.091875,0.005,1.5625e-08,0.510204,0.0254619,0.5151012499999996,0.02519567500000004,-0.004897249999999631,0.00026622499999996024,0.004904480942273235
0.055625,0.091875,0.005,1.5625e-08,0.52187,0.0197065,0.5273022499999998,0.019173975000000027,-0.005432249999999805,0.0005325249999999712,0.005458289378378802
0.058125,0.091875,0.005,1.5625e-08,0.530673,0.0133111,0.5365954999999997,0.01270140000000002,-0.00592249999999972,0.0006096999999999787,0.0059538004954815755
0.060625,0.091875,0.005,1.5625e-08,0.536508,0.00620145,0.5427144999999997,0.005680615000000012,-0.006206499999999671,0.0005208349999999877,0.006228315289644616
0.063125,0.091875,0.005,1.5625e-08,0.539036,-0.00168532,0.5453419999999997,-0.00199654250000002,-0.006305999999999701,0.0003112225000000202,0.006313675272335638
0.065625,0.091875,0.005,1.5625e-08,0.537834,-0.0104513,0.5441004999999997,-0.010459300000000032,-0.00626649999999962,8.000000000032287e-06,0.00626650510651633
0.068125,0.091875,0.005,1.5625e-08,0.532428,-0.0202169,0.5385392499999997,-0.01987535000000005,-0.0061112499999996794,-0.0003415499999999509,0.0061207869563476925
0.070625,0.091875,0.005,1.5625e-08,0.522263,-0.0310584,0.5281089999999997,-0.030480625000000008,-0.005845999999999685,-0.0005777749999999922,0.005874482100629919
0.073125,0.091875,0.005,1.5625e-08,0.506749,-0.0444958,0.5121259999999997,-0.042631650000000014,-0.005376999999999743,-0.001864149999999988,0.005690973925656064
0.075625,0.091875,0.005,1.5625e-08,0.484839,-0.0604678,0.4897029999999997,-0.05689932500000003,-0.004863999999999702,-0.0035684749999999738,0.006032620477505767
0.078125,0.091875,0.005,1.5625e-08,0.453864,-0.0802028,0.4596469999999997,-0.0742384500000001,-0.005782999999999705,-0.00596434999999991,0.008307620593316446
0.083125,0.090625,0.005,1.5625e-08,0.309768,-0.157613,0.3071899999999995,-0.15513375000000026,0.002578000000000469,-0.0024792499999997386,0.003576697437930852
0.090625,0.090625,0.005,1.5625e-08,0.0741523,-0.362562,0.06881575000000001,-0.3701735,0.0053365499999999955,0.007611499999999993,0.009295896844979501
0.093125,0.091875,0.005,1.5625e-08,0.015184,-0.422651,0.014947327500000064,-0.43329974999999993,0.00023667249999993582,0.010648749999999929,0.010651379743242408
0.095625,0.091875,0.005,1.5625e-08,-0.0490205,-0.495281,-0.0479432750000001,-0.50510025,-0.001077224999999904,0.009819250000000002,0.009878161988099042
0.098125,0.091875,0.005,1.5625e-08,-0.0328437,-0.366326,-0.027330274999999828,-0.36068674999999895,-0.005513425000000176,-0.005639250000001039,0.007886633996397871
0.000625,0.093125,0.005,1.5625e-08,-0.0106098,0.0925005,-0.006121017499999987,0.08549324999999991,-0.004488782500000014,0.00700725000000009,0.00832170180280498
0.008125,0.093125,0.005,1.5625e-08,-0.0553968,0.238654,-0.06392450000000018,0.23902975000000012,0.008527700000000173,-0.00037575000000011904,0.008535974188837676
0.010625,0.094375,0.005,1.5625e-08,0.0610778,0.163294,0.05564145000000051,0.16154524999999978,0.005436349999999493,0.0017487500000002154,0.005710694168399779
0.013125,0.094375,0.005,1.5625e-08,0.133152,0.127847,0.12826835000000053,0.1262877499999998,0.004883649999999462,0.0015592500000001785,0.005126528833918258
0.015625,0.094375,0.005,1.5625e-08,0.198382,0.102693,0.19393375000000057,0.10157129999999982,0.004448249999999432,0.0011217000000001837,0.004587498114713004
0.018125,0.094375,0.005,1.5625e-08,0.256244,0.084601,0.2520980000000006,0.08394834999999985,0.004145999999999428,0.0006526500000001434,0.004197054684239347
0.020625,0.094375,0.005,1.5625e-08,0.307461,0.0712195,0.30353625000000056,0.07103044999999987,0.003924749999999422,0.00018905000000013494,0.003929300505814681
0.023125,0.094375,0.005,1.5625e-08,0.353162,0.0609677,0.3492582500000006,0.061268424999999876,0.003903749999999373,-0.0003007249999998768,0.003915316026596069
0.025625,0.094375,0.005,1.5625e-08,0.394561,0.0534001,0.39018025000000056,0.053662299999999906,0.004380749999999434,-0.00026219999999990695,0.004388589682630969
0.028125,0.094375,0.005,1.5625e-08,0.429676,0.0468958,0.4270507500000006,0.0475561249999999,0.0026252499999994128,-0.0006603249999998992,0.002707021733958149
0.030625,0.094375,0.005,1.5625e-08,0.461702,0.0411898,0.46045650000000055,0.042508299999999916,0.0012454999999994554,-0.001318499999999917,0.0018137564610493948
0.033125,0.094375,0.005,1.5625e-08,0.490389,0.0364422,0.49084575000000047,0.038212324999999915,-0.00045675000000044985,-0.0017701249999999141,0.001828103683636436
0.035625,0.094375,0.005,1.5625e-08,0.515146,0.0310077,0.5185520000000005,0.03444829999999993,-0.003406000000000464,-0.0034405999999999326,0.004841339108139679
0.083125,0.093125,0.005,1.5625e-08,0.438382,-0.097411,0.43810999999999944,-0.09748970000000023,0.0002720000000005496,7.870000000023691e-05,0.0002831566527566256
0.085625,0.094375,0.005,1.5625e-08,0.442862,-0.0997063,0.4550832500000003,-0.09553424999999989,-0.012221250000000294,-0.004172050000000108,0.012913750530539456
0.093125,0.093125,0.005,1.5625e-08,0.063813,-0.367061,0.059177000000000035,-0.379928,0.00463599999999996,0.012866999999999962,0.013676702270649847
0.095625,0.094375,0.005,1.5625e-08,-0.0108958,-0.43491,-0.013198850000000099,-0.4475855000000001,0.002303050000000098,0.012675500000000062,0.012883025248461714
0.098125,0.094375,0.005,1.5625e-08,-0.0511686,-0.414642,-0.04252439999999991,-0.4124794999999994,-0.008644200000000095,-0.0021625000000006223,0.00891058919993534
0.000625,0.095625,0.005,1.5625e-08,-0.0254017,0.159768,-0.016156857500000055,0.13947527500000023,-0.009244842499999944,0.02029272499999976,0.022299367721427002
0.003125,0.096875,0.005,1.5625e-08,-0.0391913,0.279009,-0.05559522499999963,0.2899392499999997,0.016403924999999632,-0.010930249999999697,0.019711903014881803
0.005625,0.096875,0.005,1.5625e-08,0.0938653,0.180271,0.08434482500000087,0.17930199999999955,0.009520474999999126,0.0009690000000004417,0.009569660664078388
0.008125,0.096875,0.005,1.5625e-08,0.224061,0.114183,0.2223440000000011,0.11075039999999965,0.0017169999999989138,0.003432600000000355,0.0038380765703668164
0.010625,0.096875,0.005,1.5625e-08,0.328128,0.0755445,0.3283352500000011,0.07387047499999973,-0.00020725000000110239,0.0016740250000002732,0.0016868053423932387
0.013125,0.096875,0.005,1.5625e-08,0.408137,0.0535658,0.408491500000001,0.0529542999999998,-0.00035450000000097903,0.0006115000000001952,0.0007068256503558236
0.015625,0.096875,0.005,1.5625e-08,0.470802,0.040315,0.47076725000000097,0.04022219999999985,3.4749999999028613e-05,9.280000000014971e-05,9.909289833262661e-05
0.018125,0.096875,0.005,1.5625e-08,0.521163,0.0317585,0.5207420000000009,0.03195854999999988,0.0004209999999991165,-0.00020004999999987533,0.0004661126500098514
0.020625,0.096875,0.005,1.5625e-08,0.562675,0.0258074,0.5620327500000009,0.026289349999999895,0.0006422499999991782,-0.00048194999999989427,0.0008029700274598315
0.023125,0.096875,0.005,1.5625e-08,0.597413,0.0211466,0.5969852500000008,0.02220829999999991,0.00042774999999917185,-0.0010616999999999086,0.0011446296136738282
0.025625,0.096875,0.005,1.5625e-08,0.625041,0.0163047,0.6271510000000008,0.019142999999999924,-0.0021100000000008334,-0.0028382999999999256,0.0035366717249418404
0.050625,0.095625,0.005,1.5625e-08,0.721683,0.0121681,0.7134620000000005,0.009840342499999967,0.008220999999999479,0.0023277575000000324,0.008544196625710215
0.053125,0.096875,0.005,1.5625e-08,0.796593,0.00566272,0.8008290000000003,0.003918052499999982,-0.004236000000000351,0.001744667500000018,0.0045812182534298975
0.055625,0.096875,0.005,1.5625e-08,0.804793,0.00373638,0.8064047500000004,0.002712662499999987,-0.001611750000000467,0.0010237175000000131,0.0019093809421662777
0.058125,0.096875,0.005,1.5625e-08,0.809569,0.0020029,0.8101840000000005,0.0014261794999999922,-0.0006150000000004763,0.0005767205000000079,0.000843108258244957
0.060625,0.096875,0.005,1.5625e-08,0.812034,0.000359121,0.8120347500000005,4.1004299999997726e-05,-7.500000004379004e-07,0.00031811670000000226,0.0003181175841082855
0.063125,0.096875,0.005,1.5625e-08,0.81222,-0.00131313,0.8117972500000004,-0.0014619825000000005,0.0004227499999996942,0.00014885250000000049,0.00044819039398004905
0.065625,0.096875,0.005,1.5625e-08,0.809942,-0.00313543,0.8092795000000004,-0.003105739999999994,0.0006624999999996772,-2.9690000000005823e-05,0.0006631649463742582
0.068125,0.096875,0.005,1.5625e-08,0.804824,-0.00531311,0.8042510000000004,-0.004920854999999988,0.0005729999999996016,-0.00039225500000001235,0.0006944011700915784
0.070625,0.096875,0.005,1.5625e-08,0.795227,-0.00857557,0.7964260000000004,-0.006952182499999968,-0.0011990000000003942,-0.0016233875000000314,0.0020181645064655403
0.088125,0.095625,0.005,1.5625e-08,0.478831,-0.0807754,0.4749582500000008,-0.09030757499999967,0.0038727499999992032,0.00953217499999967,0.010288855757231343
0.090625,0.096875,0.005,1.5625e-08,0.500441,-0.0787758,0.5054930000000011,-0.08038914999999958,-0.005052000000001056,0.0016133499999995693,0.005303357636677851
0.093125,0.096875,0.005,1.5625e-08,0.367564,-0.142746,0.3671027500000014,-0.14217774999999927,0.00046124999999858085,-0.0005682500000007418,0.0007318877133820009
0.095625,0.096875,0.005,1.5625e-08,0.164241,-0.269365,0.15303220000000017,-0.2741449999999998,0.011208799999999824,0.004779999999999784,0.01218546664842976
0.098125,0.096875,0.005,1.5625e-08,-0.0339361,-0.413183,-0.048627625000000084,-0.4286612499999998,0.014691525000000087,0.015478249999999805,0.021340504443150388
0.000625,0.098125,0.005,1.5625e-08,-0.0010137,0.269356,-0.04621937500000002,0.26175800000000043,0.04520567500000002,0.0075979999999995496,0.045839749739779556
0.003125,0.099375,0.005,1.5625e-08,0.534714,0.0767084,0.5792085000000041,0.053108849999999284,-0.0444945000000041,0.02359955000000071,0.05036565586243168
0.005625,0.099375,0.005,1.5625e-08,0.719105,0.0274865,0.7367262500000027,0.01592745499999975,-0.017621250000002697,0.01155904500000025,0.02107415414375215
0.008125,0.099375,0.005,1.5625e-08,0.79694,0.0113938,0.804578250000002,0.007473262499999878,-0.007638250000002067,0.003920537500000123,0.008585655324518845
0.010625,0.099375,0.005,1.5625e-08,0.838717,0.00564776,0.8420845000000017,0.004399649999999927,-0.003367500000001633,0.001248110000000073,0.003591355568878022
0.013125,0.099375,0.005,1.5625e-08,0.8644,0.00339706,0.8661667500000014,0.002948376499999951,-0.0017667500000014824,0.0004486835000000488,0.0018228336308279843
0.015625,0.099375,0.005,1.5625e-08,0.882199,0.00234868,0.8832052500000013,0.002151554499999964,-0.0010062500000013186,0.00019712550000003598,0.001025376772339279
0.018125,0.099375,0.005,1.5625e-08,0.89554,0.00176665,0.8961035000000012,0.0016666609999999723,-0.0005635000000011603,9.998900000002774e-05,0.0005723024114245136
0.020625,0.099375,0.005,1.5625e-08,0.906048,0.00139253,0.9063562500000011,0.0013478447499999774,-0.00030825000000112013,4.468525000002246e-05,0.0003114720437988858
0.023125,0.099375,0.005,1.5625e-08,0.914569,0.00114044,0.9148047500000009,0.0011248432499999812,-0.00023575000000097823,1.5596750000018787e-05,0.00023626536164030545
0.025625,0.099375,0.005,1.5625e-08,0.921814,0.00125652,0.9219525000000008,0.0009605764999999841,-0.00013850000000081852,0.0002959435000000158,0.00032674884114941566
0.028125,0.099375,0.005,1.5625e-08,0.929064,0.00112896,0.9281187500000009,0.000834012499999986,0.0009452499999991204,0.000294947500000014,0.0009901977531052045
0.030625,0.099375,0.005,1.5625e-08,0.935012,0.000878129,0.9335130000000007,0.0007324579999999877,0.001498999999999251,0.00014567100000001225,0.001506061433089221
0.033125,0.099375,0.005,1.5625e-08,0.940097,0.000665767,0.9382762500000007,0.000647824999999989,0.0018207499999992605,1.7942000000011017e-05,0.0018208383997107781
0.035625,0.099375,0.005,1.5625e-08,0.944275,0.000544522,0.9425052500000006,0.0005746814999999905,0.0017697499999993482,-3.01594999999905e-05,0.001770006965505487
0.038125,0.099375,0.005,1.5625e-08,0.948003,0.000426057,0.9462652500000005,0.0005092097499999914,0.0017377499999995383,-8.315274999999144e-05,0.0017397383258211437
0.040625,0.099375,0.005,1.5625e-08,0.951091,0.000356512,0.9495992500000006,0.00044859649999999236,0.0014917499999994588,-9.208449999999235e-05,0.0014945894478547057
0.043125,0.099375,0.005,1.5625e-08,0.953785,0.000304705,0.9525335000000005,0.0003906844999999935,0.0012514999999995169,-8.597949999999347e-05,0.0012544499688784084
0.045625,0.099375,0.005,1.5625e-08,0.956079,0.000221464,0.9550827500000004,0.0003337589249999943,0.0009962499999995877,-0.00011229492499999433,0.0010025588325280133
0.048125,0.099375,0.005,1.5625e-08,0.957862,7.40051e-05,0.9572485000000005,0.0002764110999999952,0.0006134999999994895,-0.0002024059999999952,0.0006460266548954243
0.050625,0.099375,0.005,1.5625e-08,0.958856,-0.000297675,0.9590255000000005,0.00021745322499999614,-0.0001695000000004887,-0.0005151282249999962,0.0005422982004320246
0.053125,0.099375,0.005,1.5625e-08,0.95954,-4.03351e-05,0.9604005000000004,0.00015585549999999726,-0.0008605000000004859,-0.00019619059999999725,0.0008825820083874331
0.055625,0.099375,0.005,1.5625e-08,0.960711,9.2881e-05,0.9613527500000004,9.069717499999831e-05,-0.0006417500000004406,2.18382500000168e-06,0.0006417537156824229
0.058125,0.099375,0.005,1.5625e-08,0.961543,1.9883e-05,0.9618562500000004,2.1119513499999458e-05,-0.00031325000000037573,-1.236513499999459e-06,0.0003132524404787153
0.060625,0.099375,0.005,1.5625e-08,0.961737,-8.72733e-05,0.9618787500000004,-5.373144999999932e-05,-0.00014175000000049565,-3.354185000000068e-05,0.00014566440265748891
0.063125,0.099375,0.005,1.5625e-08,0.961275,-0.000197653,0.9613822500000004,-0.00013479174999999821,-0.00010725000000044727,-6.286125000000179e-05,0.0001243145174613917
0.065625,0.099375,0.005,1.5625e-08,0.960128,-0.000314881,0.9603215000000005,-0.0002232099249999968,-0.0001935000000005127,-9.167107500000318e-05,0.00021411640757273748
0.068125,0.099375,0.005,1.5625e-08,0.958237,-0.000431337,0.9586412500000004,-0.00032057364999999523,-0.000404250000000439,-0.00011076335000000478,0.0004191498326417159
0.070625,0.099375,0.005,1.5625e-08,0.955653,-0.000364,0.9562755000000005,-0.00042929399999999283,-0.0006225000000005254,6.529399999999282e-05,0.0006259149754053286
0.073125,0.099375,0.005,1.5625e-08,0.952778,-0.000378534,0.9531355000000006,-0.0005532857499999906,-0.0003575000000005657,0.00017475174999999067,0.00039792514890172963
0.075625,0.099375,0.005,1.5625e-08,0.948597,-0.000639867,0.9490997500000006,-0.0006992109999999882,-0.0005027500000005514,5.93439999999882e-05,0.0005062403311042622
0.078125,0.099375,0.005,1.5625e-08,0.943391,-0.000828701,0.9439892500000006,-0.0008788704999999858,-0.0005982500000005775,5.0169499999985724e-05,0.0006003499323152619
0.080625,0.099375,0.005,1.5625e-08,0.936846,-0.00104356,0.9375172500000006,-0.0011140804999999828,-0.0006712500000006782,7.052049999998274e-05,0.000674944222451869
0.083125,0.099375,0.005,1.5625e-08,0.928392,-0.00154055,0.9291995000000007,-0.0014474012499999776,-0.0008075000000007382,-9.31487500000223e-05,0.0008128548084545966
0.085625,0.099375,0.005,1.5625e-08,0.916369,-0.00227364,0.918145750000001,-0.00196779124999997,-0.0017767500000009928,-0.00030584875000003,0.0018028821426760288
0.088125,0.099375,0.005,1.5625e-08,0.89915,-0.00419954,0.902584750000001,-0.00287936199999995,-0.003434750000001041,-0.0013201780000000498,0.0036797251954719776
0.090625,0.099375,0.005,1.5625e-08,0.872955,-0.00602957,0.8786135000000014,-0.004716634999999917,-0.005658500000001343,-0.0013129350000000827,0.005808822648716383
0.093125,0.099375,0.005,1.5625e-08,0.82767,-0.012274,0.8363095000000018,-0.009210247499999833,-0.008639500000001799,-0.0030637525000001675,0.009166653676848949
0.095625,0.099375,0.005,1.5625e-08,0.723938,-0.0368138,0.7439212500000023,-0.024749414999999705,-0.01998325000000234,-0.012064385000000295,0.023342657646266966
0.098125,0.099375,0.005,1.5625e-08,0.431188,-0.128057,0.45763925000000283,-0.12122199999999918,-0.026451250000002813,-0.0068350000000008265,0.027320063169082538
0.099375,0.064375,0.005,1.5625e-08,0.000875822,-0.0321009,-0.0006856762499999888,-0.031490799999999666,0.0015614982499999887,-0.0006101000000003354,0.001676454232823979
0.099375,0.066875,0.005,1.5625e-08,-0.000799296,-0.0356673,-0.0007709027499999874,-0.03645239999999962,-2.839325000001259e-05,0.0007850999999996222,0.0007856132551357378
0.086875,0.069375,0.005,1.5625e-08,-0.137957,-0.446029,-0.14038250000000005,-0.45487950000000005,0.0024255000000000526,0.008850500000000039,0.009176840442113013
0.096875,0.069375,0.005,1.5625e-08,-0.0148812,-0.193479,-0.016586249999999938,-0.1947787499999997,0.0017050499999999372,0.001299749999999683,0.0021439555883923907
0.099375,0.069375,0.005,1.5625e-08,-0.00111787,-0.0418363,-0.0008630342499999859,-0.04199012499999956,-0.00025483575000001405,0.00015382499999955918,0.000297663215905046
0.086875,0.071875,0.005,1.5625e-08,-0.131935,-0.463841,-0.13419775000000006,-0.4716384999999999,0.0022627500000000633,0.007797499999999902,0.008119177533007808
0.089375,0.071875,0.005,1.5625e-08,-0.112946,-0.46572,-0.11499100000000008,-0.473719,0.0020450000000000745,0.007998999999999978,0.008256271918971658
0.096875,0.071875,0.005,1.5625e-08,-0.0175548,-0.216732,-0.018132049999999924,-0.2200057499999995,0.000577249999999925,0.0032737499999994923,0.0033242527919814685
0.099375,0.071875,0.005,1.5625e-08,-0.00108193,-0.0482552,-0.0009634434999999838,-0.04814519999999946,-0.00011848650000001622,-0.00011000000000054022,0.0001616757578685583
0.086875,0.074375,0.005,1.5625e-08,-0.12107,-0.472496,-0.12283125000000006,-0.4806067499999999,0.0017612500000000614,0.008110749999999889,0.00829977512496564
0.089375,0.074375,0.005,1.5625e-08,-0.109927,-0.488165,-0.11144800000000006,-0.49566849999999996,0.001521000000000064,0.007503499999999941,0.0076561056190467556
0.091875,0.074375,0.005,1.5625e-08,-0.0850618,-0.463024,-0.08650890000000008,-0.4685095000000001,0.001447100000000076,0.0054855000000000875,0.005673165664776693
0.096875,0.074375,0.005,1.5625e-08,-0.0198855,-0.243796,-0.01974547499999992,-0.24706574999999947,-0.00014002500000008175,0.0032697499999994606,0.0032727468681707566
0.099375,0.074375,0.005,1.5625e-08,-0.00122306,-0.0554047,-0.001075083249999982,-0.054969899999999385,-0.000147976750000018,-0.00043480000000061664,0.00045929093017509505
0.086875,0.076875,0.005,1.5625e-08,-0.103707,-0.470002,-0.10521625000000004,-0.4799579999999999,0.0015092500000000453,0.00995599999999991,0.010069745357381105
0.089375,0.076875,0.005,1.5625e-08,-0.102576,-0.502858,-0.10380800000000005,-0.5098692499999998,0.0012320000000000525,0.007011249999999802,0.00711866915669617
0.091875,0.076875,0.005,1.5625e-08,-0.0846616,-0.489667,-0.08608375000000007,-0.496723,0.0014221500000000664,0.007056000000000007,0.007197891817921432
0.096875,0.076875,0.005,1.5625e-08,-0.0220252,-0.273238,-0.02147484999999991,-0.2758969999999994,-0.0005503500000000917,0.002658999999999412,0.0027153574575913522
0.099375,0.076875,0.005,1.5625e-08,-0.00136934,-0.0633892,-0.0012038192499999798,-0.0625405499999993,-0.00016552075000002015,-0.0008486500000007002,0.0008646409319375053
0.089375,0.079375,0.005,1.5625e-08,-0.0903846,-0.506606,-0.09089357499999993,-0.5137967499999998,0.0005089749999999393,0.0071907499999998015,0.007208740605204357
0.091875,0.079375,0.005,1.5625e-08,-0.0831342,-0.511745,-0.08317757500000005,-0.5185355000000001,4.337500000003991e-05,0.006790500000000144,0.006790638529669132
0.094375,0.079375,0.005,1.5625e-08,-0.0574996,-0.453614,-0.057175749999999914,-0.45549099999999976,-0.0003238500000000838,0.00187699999999974,0.00190473300556773
0.096875,0.079375,0.005,1.5625e-08,-0.0240481,-0.305351,-0.023419999999999917,-0.30644824999999953,-0.0006281000000000828,0.00109724999999955,0.0012643050156109941
0.099375,0.079375,0.005,1.5625e-08,-0.0016191,-0.072421,-0.0013609377499999781,-0.07098129999999926,-0.0002581622500000219,-0.0014397000000007376,0.0014626632686053197
0.066875,0.081875,0.005,1.5625e-08,0.165853,-0.0390129,0.17270175000000018,-0.041345725000000055,-0.006848750000000181,0.0023328250000000522,0.0072351536986526915
0.069375,0.081875,0.005,1.5625e-08,0.156069,-0.0694687,0.16186300000000015,-0.07138315000000006,-0.005794000000000132,0.0019144500000000675,0.0061020942964282185
0.071875,0.081875,0.005,1.5625e-08,0.13959,-0.10383,0.14624725000000027,-0.10542024999999984,-0.006657250000000281,0.0015902499999998349,0.006844550578745344
0.089375,0.081875,0.005,1.5625e-08,-0.0700083,-0.496288,-0.07093652499999989,-0.5044914999999998,0.0009282249999998937,0.008203499999999753,0.00825584725516532
0.091875,0.081875,0.005,1.5625e-08,-0.0770417,-0.523608,-0.07676349999999998,-0.53090275,-0.0002782000000000201,0.0072947500000000165,0.007300052931486199
0.094375,0.081875,0.005,1.5625e-08,-0.0595727,-0.482111,-0.05868289999999992,-0.4860049999999998,-0.0008898000000000794,0.0038939999999997865,0.003994368540833267
0.096875,0.081875,0.005,1.5625e-08,-0.0263218,-0.3381,-0.025765199999999912,-0.3386924999999995,-0.0005566000000000876,0.0005924999999994962,0.0008129328447045921
0.099375,0.081875,0.005,1.5625e-08,-0.00192788,-0.0826748,-0.0015681377499999751,-0.08050759999999917,-0.00035974225000002494,-0.0021672000000008407,0.0021968546439031247
0.076875,0.084375,0.005,1.5625e-08,0.168976,-0.156476,0.1744982500000003,-0.1591107499999998,-0.005522250000000312,0.002634749999999797,0.006118590738479112
0.079375,0.084375,0.005,1.5625e-08,0.137475,-0.202041,0.14003450000000012,-0.205026,-0.0025595000000001034,0.0029850000000000154,0.0039320815416266
0.081875,0.084375,0.005,1.5625e-08,0.0952674,-0.260066,0.09847297500000009,-0.26026625000000003,-0.0032055750000000854,0.00020025000000001292,0.0032118236475755565
0.089375,0.084375,0.005,1.5625e-08,-0.0379685,-0.467605,-0.0411066249999998,-0.4785692499999997,0.0031381249999997973,0.010964249999999731,0.011404499400592637
0.091875,0.084375,0.005,1.5625e-08,-0.0646241,-0.521783,-0.06493319999999993,-0.5296217499999999,0.0003090999999999233,0.007838749999999894,0.007844841895952926
0.094375,0.084375,0.005,1.5625e-08,-0.0603329,-0.505766,-0.059240749999999946,-0.5108259999999998,-0.0010921500000000556,0.005059999999999731,0.0051765231210241305
0.096875,0.084375,0.005,1.5625e-08,-0.029773,-0.37225,-0.028829749999999908,-0.3726044999999995,-0.0009432500000000933,0.00035449999999948023,0.0010076660223009445
0.099375,0.084375,0.005,1.5625e-08,-0.00239312,-0.0945986,-0.001868241249999971,-0.09151169999999906,-0.000524878750000029,-0.0030869000000009472,0.0031312057281832253
0.001875,0.086875,0.005,1.5625e-08,-0.00628965,0.10334,-0.009494544999999988,0.10746967499999993,0.003204894999999988,-0.00412967499999993,0.005227386303560255
0.081875,0.086875,0.005,1.5625e-08,0.177403,-0.210707,0.18036949999999963,-0.2128480000000003,-0.0029664999999996222,0.0021410000000002816,0.0036584154015090963
0.084375,0.086875,0.005,1.5625e-08,0.125348,-0.27304,0.12621674999999963,-0.2724505000000003,-0.0008687499999996406,-0.0005894999999996875,0.0010498746651381808
0.086875,0.086875,0.005,1.5625e-08,0.0663965,-0.345286,0.06486447499999998,-0.34685399999999994,0.0015320250000000202,0.0015679999999999583,0.0021921962960978042
0.091875,0.086875,0.005,1.5625e-08,-0.0444315,-0.499684,-0.04388144999999999,-0.5088102499999999,-0.0005500500000000103,0.009126249999999891,0.009142811059242011
0.094375,0.086875,0.005,1.5625e-08,-0.0593523,-0.518716,-0.05764254999999999,-0.5254289999999998,-0.0017097500000000099,0.006712999999999858,0.006927309294560055
0.096875,0.086875,0.005,1.5625e-08,-0.0350331,-0.407763,-0.033129899999999886,-0.4079777499999993,-0.0019032000000001117,0.00021474999999931965,0.0019152774740230547
0.099375,0.086875,0.005,1.5625e-08,-0.00323247,-0.109235,-0.002351300499999961,-0.10473397499999886,-0.000881169500000039,-0.004501025000001144,0.0045864676754955565
0.001875,0.089375,0.005,1.5625e-08,-0.015098,0.131124,-0.015121399999999976,0.1352534999999999,2.3399999999975524e-05,-0.004129499999999897,0.004129566298051062
0.084375,0.089375,0.005,1.5625e-08,0.21692,-0.212263,0.22040799999999952,-0.2106665000000003,-0.0034879999999995193,-0.0015964999999996954,0.0038360078532239314
0.086875,0.089375,0.005,1.5625e-08,0.152325,-0.273552,0.14974049999999992,-0.27679375,0.002584500000000073,0.0032417499999999877,0.004145911638289014
0.089375,0.089375,0.005,1.5625e-08,0.0761477,-0.353653,0.0699254,-0.36336599999999997,0.0062223,0.009712999999999972,0.011535137029528493
0.091875,0.089375,0.005,1.5625e-08,-0.00208797,-0.449868,-0.005791279999999959,-0.46053049999999995,0.0037033099999999584,0.010662499999999964,0.011287311956621865
0.094375,0.089375,0.005,1.5625e-08,-0.0509303,-0.512509,-0.05016302500000009,-0.5213695,-0.0007672749999999076,0.008860500000000049,0.008893659043139992
0.096875,0.089375,0.005,1.5625e-08,-0.0425761,-0.442954,-0.03935392499999988,-0.4436309999999994,-0.0032221750000001187,0.0006769999999993725,0.003292528015161741
0.099375,0.089375,0.005,1.5625e-08,-0.00496764,-0.128712,-0.0032288747499999463,-0.12165844999999867,-0.0017387652500000534,-0.007053550000001324,0.007264700420328868
0.001875,0.091875,0.005,1.5625e-08,-0.0283879,0.174177,-0.025532124999999954,0.17818674999999984,-0.0028557750000000465,-0.00400974999999984,0.0049227579580072775
0.044375,0.091875,0.005,1.5625e-08,0.444309,0.0463969,0.45230074999999964,0.044079350000000066,-0.007991749999999631,0.002317549999999932,0.008321003909685045
0.046875,0.091875,0.005,1.5625e-08,0.46748,0.0400416,0.4732189999999996,0.03889100000000005,-0.0057389999999996055,0.0011505999999999461,0.005853204366840043
0.049375,0.091875,0.005,1.5625e-08,0.486253,0.0345051,0.49181799999999964,0.033586900000000044,-0.0055649999999996536,0.0009181999999999524,0.005640240796277766
0.051875,0.091875,0.005,1.5625e-08,0.502421,0.0284428,0.5079807499999996,0.02806667500000004,-0.005559749999999641,0.0003761249999999598,0.005572458171948981
0.054375,0.091875,0.005,1.5625e-08,0.515682,0.0229877,0.5215502499999997,0.022235300000000034,-0.005868249999999686,0.0007523999999999656,0.005916288010441705
0.056875,0.091875,0.005,1.5625e-08,0.52607,0.0170431,0.5323277499999997,0.015999950000000027,-0.006257749999999618,0.0010431499999999719,0.0063440993832848454
0.059375,0.091875,0.005,1.5625e-08,0.533599,0.0103894,0.5400697499999996,0.009265955000000018,-0.0064707499999995255,0.0011234449999999816,0.006567551616129014
0.061875,0.091875,0.005,1.5625e-08,0.538037,0.00301281,0.5444864999999997,0.0019315062500000074,-0.006449499999999664,0.0010813037499999925,0.006539515888027164
0.064375,0.091875,0.005,1.5625e-08,0.538986,-0.00516464,0.5452309999999997,-0.006120417500000027,-0.006244999999999723,0.0009557775000000272,0.006317716013679535
0.066875,0.091875,0.005,1.5625e-08,0.536,-0.0142734,0.5418914999999996,-0.015035500000000042,-0.005891499999999605,0.0007621000000000416,0.0059405865585811825
0.069375,0.091875,0.005,1.5625e-08,0.528602,-0.0244125,0.5339719999999997,-0.025010725000000057,-0.005369999999999653,0.0005982250000000564,0.00540321877686082
0.071875,0.091875,0.005,1.5625e-08,0.516114,-0.0359255,0.5208612499999996,-0.03633377500000001,-0.004747249999999648,0.0004082750000000135,0.004764773975554524
0.074375,0.091875,0.005,1.5625e-08,0.498074,-0.0504728,0.5017852499999997,-0.04945292500000002,-0.0037112499999997217,-0.0010198749999999757,0.0038488337945568507
0.076875,0.091875,0.005,1.5625e-08,0.472546,-0.0677147,0.4757197499999998,-0.06510317500000004,-0.003173749999999753,-0.002611524999999962,0.004110079304359374
0.079375,0.091875,0.005,1.5625e-08,0.436536,-0.0900056,0.44126099999999957,-0.08453437500000019,-0.004724999999999591,-0.005471224999999816,0.007229102848944613
0.084375,0.091875,0.005,1.5625e-08,0.330609,-0.150325,0.3384874999999995,-0.14501725000000032,-0.007878499999999511,-0.005307749999999667,0.009499630114509132
0.091875,0.091875,0.005,1.5625e-08,0.0699761,-0.36163,0.06521490000000003,-0.37583449999999996,0.0047611999999999655,0.014204499999999953,0.014981216428915188
0.094375,0.091875,0.005,1.5625e-08,-0.0241884,-0.471381,-0.025379500000000298,-0.48254250000000043,0.0011911000000002989,0.011161500000000435,0.011224874229139961
0.096875,0.091875,0.005,1.5625e-08,-0.0518221,-0.470348,-0.04746889999999991,-0.4742194999999995,-0.004353200000000092,0.003871499999999528,0.005825707037776372
0.099375,0.091875,0.005,1.5625e-08,-0.00928284,-0.15807,-0.005101352499999914,-0.14555109999999843,-0.004181487500000087,-0.012518900000001554,0.013198776266104972
0.001875,0.094375,0.005,1.5625e-08,-0.0541677,0.24027,-0.04665402500000008,0.24426300000000017,-0.007513674999999921,-0.003993000000000163,0.008508781405443738
0.009375,0.094375,0.005,1.5625e-08,0.0234598,0.18635,0.01794976750000042,0.1843442499999998,0.005510032499999578,0.002005750000000195,0.0058637437881913276
0.011875,0.094375,0.005,1.5625e-08,0.0973498,0.144416,0.09267720000000051,0.14234799999999978,0.0046725999999994855,0.0020680000000002086,0.00510977639041045
0.014375,0.094375,0.005,1.5625e-08,0.166145,0.114553,0.1620580000000006,0.1128522499999998,0.004086999999999397,0.0017007500000001952,0.004426750451798219
0.016875,0.094375,0.005,1.5625e-08,0.227648,0.093237,0.22391750000000057,0.09204574999999984,0.003730499999999415,0.0011912500000001575,0.003916083095708773
0.019375,0.094375,0.005,1.5625e-08,0.282088,0.0777053,0.2785942500000006,0.07701397499999986,0.003493749999999407,0.0006913250000001453,0.0035614911649646214
0.021875,0.094375,0.005,1.5625e-08,0.330423,0.0660138,0.32705075000000056,0.06582747499999987,0.003372249999999466,0.00018632500000012597,0.0033773935317225686
0.024375,0.094375,0.005,1.5625e-08,0.373939,0.0570039,0.3702682500000005,0.057243099999999894,0.003670749999999501,-0.0002391999999998909,0.0036785353338654072
0.026875,0.094375,0.005,1.5625e-08,0.412633,0.0510311,0.4090817500000005,0.0504532249999999,0.003551249999999506,0.0005778750000001026,0.0035979599883992058
0.029375,0.094375,0.005,1.5625e-08,0.44432,0.0440522,0.4441557500000005,0.04492154999999991,0.00016424999999947731,-0.0008693499999999077,0.0008847301763812896
0.031875,0.094375,0.005,1.5625e-08,0.474742,0.038992,0.47600475000000053,0.040281724999999914,-0.0012627500000005343,-0.0012897249999999152,0.001804973168256562
0.034375,0.094375,0.005,1.5625e-08,0.5019,0.0340665,0.5050170000000005,0.03627509999999992,-0.0031170000000004805,-0.0022085999999999217,0.003820157452252806
0.036875,0.094375,0.005,1.5625e-08,0.523467,0.0281239,0.5314780000000005,0.03271292499999993,-0.008011000000000434,-0.004589024999999927,0.009232295026191011
0.084375,0.094375,0.005,1.5625e-08,0.477583,-0.0813219,0.48693125000000026,-0.0817430999999999,-0.00934825000000028,0.00042119999999989943,0.00935773410086572
0.086875,0.094375,0.005,1.5625e-08,0.409407,-0.116012,0.4181100000000007,-0.11296852499999965,-0.008703000000000682,-0.0030434750000003508,0.009219812854697161
0.094375,0.094375,0.005,1.5625e-08,0.0502942,-0.37339,0.05089507499999994,-0.381607,-0.0006008749999999452,0.008216999999999974,0.008238940451637243
0.096875,0.094375,0.005,1.5625e-08,-0.0498751,-0.465618,-0.049008800000000054,-0.4773324999999999,-0.0008662999999999449,0.011714499999999906,0.011746488238618286
0.099375,0.094375,0.005,1.5625e-08,-0.0198532,-0.209438,-0.010327584999999879,-0.18479484999999835,-0.009525615000000123,-0.024643150000001668,0.02642010944433822
0.001875,0.096875,0.005,1.5625e-08,-0.0684144,0.306004,-0.076675875,0.31749275000000005,0.008261475000000004,-0.011488750000000048,0.014150736579349012
0.004375,0.096875,0.005,1.5625e-08,0.0241773,0.226855,0.008557275000000726,0.23138174999999958,0.015620024999999272,-0.00452674999999958,0.01626273797867685
0.006875,0.096875,0.005,1.5625e-08,0.161494,0.143206,0.15720067500000104,0.13971499999999962,0.00429332499999896,0.0034910000000003827,0.005533508882763155
0.009375,0.096875,0.005,1.5625e-08,0.279589,0.092119,0.2791277500000011,0.0895664749999997,0.0004612499999988584,0.0025525250000003052,0.0025938649614283132
0.011875,0.096875,0.005,1.5625e-08,0.370656,0.0631393,0.3710940000000011,0.062037749999999774,-0.00043800000000110417,0.0011015500000002218,0.0011854351110463432
0.014375,0.096875,0.005,1.5625e-08,0.441261,0.0462107,0.441460750000001,0.04585809999999982,-0.00019975000000099774,0.00035260000000018193,0.0004052490869829652
0.016875,0.096875,0.005,1.5625e-08,0.49725,0.0356472,0.497029250000001,0.03567684999999986,0.0002207499999990481,-2.9649999999860344e-05,0.00022273231691780036
0.019375,0.096875,0.005,1.5625e-08,0.542844,0.0285796,0.5423035000000008,0.028876174999999886,0.0005404999999991666,-0.0002965749999998858,0.0006165200569519466
0.021875,0.096875,0.005,1.5625e-08,0.580808,0.0234173,0.5801897500000008,0.0240931749999999,0.0006182499999991542,-0.0006758749999999022,0.0009159913089783233
0.024375,0.096875,0.005,1.5625e-08,0.612234,0.0189005,0.6125915000000008,0.020573974999999915,-0.00035750000000089877,-0.001673474999999914,0.0017112348832423194
0.026875,0.096875,0.005,1.5625e-08,0.635522,0.0141828,0.6407810000000007,0.017878374999999926,-0.00525900000000068,-0.003695574999999925,0.0064276244119139065
0.051875,0.096875,0.005,1.5625e-08,0.790304,0.00665491,0.7974012500000005,0.0044957899999999796,-0.007097250000000499,0.0021591200000000204,0.007418406617118475
0.054375,0.096875,0.005,1.5625e-08,0.801183,0.00478454,0.8038342500000005,0.0033244099999999843,-0.002651250000000549,0.001460130000000016,0.003026731930548683
0.056875,0.096875,0.005,1.5625e-08,0.807415,0.00294713,0.8085267500000004,0.0020806399999999895,-0.001111750000000411,0.0008664900000000106,0.0014095364424522455
0.059375,0.096875,0.005,1.5625e-08,0.81103,0.00125792,0.8113600000000004,0.0007470652499999949,-0.00033000000000038554,0.0005108547500000052,0.0006081715017968388
0.061875,0.096875,0.005,1.5625e-08,0.8124,-0.000404919,0.8121882500000004,-0.0006944542499999994,0.00021174999999962196,0.0002895352499999994,0.00035870422842838363
0.064375,0.096875,0.005,1.5625e-08,0.811418,-0.00216685,0.8108367500000003,-0.0022645949999999973,0.0005812499999996446,9.774499999999717e-05,0.0005894112719694002
0.066875,0.096875,0.005,1.5625e-08,0.807834,-0.00415998,0.8070955000000004,-0.003989512499999992,0.0007384999999996422,-0.00017046750000000808,0.0007579191372143366
0.069375,0.096875,0.005,1.5625e-08,0.80087,-0.00675346,0.8007085000000005,-0.005905862499999984,0.0001614999999994815,-0.0008475975000000165,0.0008628463200397337
0.071875,0.096875,0.005,1.5625e-08,0.788643,-0.0109543,0.7913537500000005,-0.008069557499999963,-0.002710750000000539,-0.002884742500000037,0.003958523064706
0.089375,0.096875,0.005,1.5625e-08,0.545907,-0.0602895,0.554102250000001,-0.06304497499999967,-0.008195250000000986,0.0027554749999996672,0.008646083797774536
0.091875,0.096875,0.005,1.5625e-08,0.443105,-0.104298,0.44444725000000124,-0.10540324999999946,-0.0013422500000012105,0.0011052499999994608,0.0017387388029839496
0.094375,0.096875,0.005,1.5625e-08,0.273837,-0.196379,0.26983550000000034,-0.19651174999999974,0.004001499999999658,0.00013274999999973724,0.004003701389027058
0.096875,0.096875,0.005,1.5625e-08,0.0496938,-0.35525,0.031405824999999936,-0.369917,0.018287975000000067,0.014666999999999986,0.02344292896804124
0.099375,0.096875,0.005,1.5625e-08,-0.0247613,-0.301392,-0.030413949999999766,-0.26297649999999817,0.005652649999999766,-0.03841550000000182,0.03882915260822257
0.001875,0.099375,0.005,1.5625e-08,0.379881,0.125859,0.4018890000000046,0.11787062499999873,-0.02200800000000458,0.007988375000001269,0.023412949390045817
0.004375,0.099375,0.005,1.5625e-08,0.649336,0.0453184,0.6769487500000034,0.027045914999999587,-0.027612750000003405,0.018272485000000414,0.03311114118598041
0.006875,0.099375,0.005,1.5625e-08,0.764642,0.0173484,0.7763942500000024,0.010496072499999832,-0.011752250000002351,0.006852327500000168,0.013604035145125648
0.009375,0.099375,0.005,1.5625e-08,0.820701,0.00782233,0.825664750000002,0.0056189149999999076,-0.004963750000001932,0.002203415000000093,0.005430824221492037
0.011875,0.099375,0.005,1.5625e-08,0.852883,0.00428988,0.8552820000000017,0.003555905999999941,-0.0023990000000017053,0.0007339740000000591,0.0025087683896055984
0.014375,0.099375,0.005,1.5625e-08,0.874008,0.00278882,0.8753377500000015,0.002496630249999958,-0.0013297500000014617,0.0002921897500000421,0.001361473434375043
0.016875,0.099375,0.005,1.5625e-08,0.889299,0.00202295,0.8900575000000012,0.0018818062499999686,-0.0007585000000012165,0.0001411437500000313,0.0007715204522019599
0.019375,0.099375,0.005,1.5625e-08,0.901082,0.00156366,0.9014975000000012,0.0014919722499999752,-0.0004155000000011233,7.168775000002472e-05,0.00042163892550498645
0.021875,0.099375,0.005,1.5625e-08,0.910519,0.00125161,0.9107690000000009,0.0012271944999999796,-0.00025000000000097167,2.4415500000020407e-05,0.00025118940391811285
0.024375,0.099375,0.005,1.5625e-08,0.918281,0.00110658,0.918517750000001,0.0010369419999999826,-0.000236750000001007,6.963800000001747e-05,0.0002467792810275596
0.026875,0.099375,0.005,1.5625e-08,0.925196,0.00153632,0.9251430000000007,0.0008935169999999851,5.2999999999303604e-05,0.000642803000000015,0.0006449842609001754
0.029375,0.099375,0.005,1.5625e-08,0.931939,0.0010381,0.9309022500000008,0.000780694999999987,0.0010367499999991425,0.00025740500000001295,0.001068226519294119
0.031875,0.099375,0.005,1.5625e-08,0.937497,0.000849229,0.9359665000000008,0.0006884117499999884,0.001530499999999213,0.00016081725000001153,0.0015389257415142413
0.034375,0.099375,0.005,1.5625e-08,0.942083,0.000655788,0.9404530000000006,0.0006100824999999898,0.0016299999999993542,4.5705500000010196e-05,0.0016306406694082376
0.036875,0.099375,0.005,1.5625e-08,0.946057,0.000580559,0.9444407500000006,0.0005411812499999909,0.0016162499999994306,3.937775000000909e-05,0.0016167296217034011
0.039375,0.099375,0.005,1.5625e-08,0.949468,0.000461074,0.9479832500000006,0.0004784429999999919,0.0014847499999993685,-1.7368999999991912e-05,0.0014848515901123333
0.041875,0.099375,0.005,1.5625e-08,0.952358,0.00041179,0.9511152500000005,0.0004194184999999929,0.001242749999999515,-7.628499999992936e-06,0.0012427734131816002
0.044375,0.099375,0.005,1.5625e-08,0.954866,0.000347886,0.9538562500000005,0.00036219227499999386,0.0010097499999994763,-1.4306274999993868e-05,0.0010098513415366234
0.046875,0.099375,0.005,1.5625e-08,0.95695,0.000242739,0.9562137500000004,0.00030521632499999477,0.0007362499999995498,-6.247732499999476e-05,0.000738896121683212
0.049375,0.099375,0.005,1.5625e-08,0.958599,0.000110597,0.9581867500000005,0.00024720087499999574,0.0004122499999994478,-0.00013660387499999575,0.0004342933123645345
0.051875,0.099375,0.005,1.5625e-08,0.959154,-0.000247271,0.9597645000000005,0.00018704382499999678,-0.0006105000000005134,-0.0004343148249999968,0.0007492260121054293
0.054375,0.099375,0.005,1.5625e-08,0.960111,8.07522e-05,0.9609307500000004,0.00012377602499999776,-0.000819750000000341,-4.302382499999776e-05,0.0008208782565144417
0.056875,0.099375,0.005,1.5625e-08,0.9612,7.23186e-05,0.9616622500000005,5.6513457499998876e-05,-0.0004622500000004415,1.580514250000112e-05,0.00046252012391879066
0.059375,0.099375,0.005,1.5625e-08,0.96172,-2.6589e-05,0.9619297500000004,-1.5591007499999943e-05,-0.0002097500000003416,-1.0997992500000056e-05,0.00021003813544014658
0.061875,0.099375,0.005,1.5625e-08,0.961588,-0.000136286,0.9616982500000004,-9.342077499999868e-05,-0.00011025000000042251,-4.286522500000133e-05,0.00011828985592346414
0.064375,0.099375,0.005,1.5625e-08,0.960791,-0.000249959,0.9609257500000004,-0.00017799534999999754,-0.00013475000000040538,-7.196365000000247e-05,0.00015276232985075904
0.066875,0.099375,0.005,1.5625e-08,0.959281,-0.00037179,0.9595622500000004,-0.00027064807499999603,-0.0002812500000003437,-0.00010114192500000396,0.0002988833409424148
0.069375,0.099375,0.005,1.5625e-08,0.957011,-0.000449567,0.9575492500000005,-0.00037331549999999436,-0.0005382500000005175,-7.625150000000564e-05,0.0005436242762725078
0.071875,0.099375,0.005,1.5625e-08,0.954221,-0.000154806,0.9548087500000004,-0.0004890494999999918,-0.0005877500000004421,0.0003342434999999918,0.0006761425735691876
0.074375,0.099375,0.005,1.5625e-08,0.950979,-0.000750971,0.9512390000000005,-0.0006229279999999897,-0.00026000000000048207,-0.0001280430000000103,0.00028981892596801424
0.076875,0.099375,0.005,1.5625e-08,0.946331,-0.000984022,0.9466932500000005,-0.0007837777499999869,-0.0003622500000004525,-0.00020024425000001313,0.00041391161152883304
0.079375,0.099375,0.005,1.5625e-08,0.940537,-0.00125067,0.9409475000000006,-0.0009875492499999846,-0.00041050000000064646,-0.00026312075000001537,0.0004875887396988381
0.081875,0.099375,0.005,1.5625e-08,0.933297,-0.00157054,0.9336320000000007,-0.0012644822499999805,-0.00033500000000064034,-0.00030605775000001954,0.0004537580261940316
0.084375,0.099375,0.005,1.5625e-08,0.923288,-0.00232016,0.9240957500000009,-0.0016755027499999742,-0.0008077500000008841,-0.0006446572500000258,0.0010334616744122754
0.086875,0.099375,0.005,1.5625e-08,0.90943,-0.00334555,0.9110980000000011,-0.0023535484999999594,-0.001668000000001113,-0.0009920015000000407,0.0019406934265890745
0.089375,0.099375,0.005,1.5625e-08,0.887468,-0.00485466,0.8920475000000012,-0.0036223509999999365,-0.00457950000000118,-0.0012323090000000638,0.004742405056666075
0.091875,0.099375,0.005,1.5625e-08,0.85406,-0.00808595,0.8608552500000015,-0.006411062499999885,-0.006795250000001474,-0.001674887500000115,0.006998619199540482
0.094375,0.099375,0.005,1.5625e-08,0.78817,-0.0203945,0.8004175000000018,-0.014273844999999811,-0.012247500000001743,-0.006120655000000188,0.01369173743098625
0.096875,0.099375,0.005,1.5625e-08,0.608253,-0.0702107,0.6463250000000027,-0.050546474999999494,-0.03807200000000266,-0.019664225000000507,0.04285042507199721
0.099375,0.099375,0.005,1.5625e-08,0.31464,-0.152351,0.19948350000000287,-0.22497749999999814,0.11515649999999711,0.07262649999999815,0.1361456132032871
