x,y,z,V,Ux_SOM,Uy_SOM,Ux_M160_interp,Uy_M160_interp,dUx,dUy,dU_mag_star
0.00125,0.00125,0.005,6.25e-08,6.76575e-05,-6.75549e-05,2.1433875000000003e-05,-2.1497624999999997e-05,4.6223625e-05,-4.605727500000001e-05,6.525255618415458e-05
0.00375,0.00125,0.005,6.25e-08,0.000165391,-5.66824e-05,8.053915e-05,-1.2283925000000003e-05,8.485185e-05,-4.4398475e-05,9.576565684392356e-05
0.00625,0.00125,0.005,6.25e-08,0.000142974,1.71993e-06,3.354417499999998e-05,2.7194130000000007e-05,0.00010942982500000002,-2.5474200000000008e-05,0.00011235578073766667
0.00875,0.00125,0.005,6.25e-08,-5.21908e-05,6.50873e-05,-0.00017141392500000008,7.024702500000002e-05,0.00011922312500000008,-5.159725000000013e-06,0.00011933472376823632
0.01125,0.00125,0.005,6.25e-08,-0.000415806,0.000120394,-0.00053122425,0.00010838732499999999,0.00011541825000000003,1.2006675000000006e-05,0.00011604108185301502
0.01375,0.00125,0.005,6.25e-08,-0.000920774,0.00016381,-0.0010233535,0.000139214575,0.00010257950000000006,2.4595424999999987e-05,0.00010548691270096321
0.01625,0.00125,0.005,6.25e-08,-0.00153646,0.000195615,-0.001619995,0.00016253447499999999,8.353500000000003e-05,3.308052500000002e-05,8.984663243146974e-05
0.01875,0.00125,0.005,6.25e-08,-0.0022334,0.000217499,-0.00229374,0.000178965475,6.033999999999987e-05,3.853352500000001e-05,7.159433042445198e-05
0.02125,0.00125,0.005,6.25e-08,-0.00298545,0.000231307,-0.0030196575000000004,0.00018934935000000002,3.4207500000000245e-05,4.1957649999999996e-05,5.41349928398676e-05
0.02375,0.00125,0.005,6.25e-08,-0.00377004,0.000238575,-0.0037757374999999997,0.00019447267500000002,5.697499999999557e-06,4.4102324999999995e-05,4.44688270213598e-05
0.02625,0.00125,0.005,6.25e-08,-0.00456764,0.00024039,-0.0045425349999999995,0.00019494755,-2.510500000000096e-05,4.5442449999999994e-05,5.191606001039127e-05
0.02875,0.00125,0.005,6.25e-08,-0.00536077,0.000237398,-0.005302495000000001,0.000191174475,-5.8274999999999126e-05,4.6223524999999984e-05,7.43813813291036e-05
0.03125,0.00125,0.005,6.25e-08,-0.00613316,0.000229856,-0.006039207499999999,0.000183360625,-9.395250000000105e-05,4.649537499999999e-05,0.00010482791685729914
0.03375,0.00125,0.005,6.25e-08,-0.00686895,0.000217733,-0.006736809999999999,0.000171564525,-0.00013214000000000108,4.616847500000002e-05,0.00013997323917029966
0.03625,0.00125,0.005,6.25e-08,-0.00755216,0.000200821,-0.0073795350000000004,0.000155763375,-0.00017262499999999917,4.505762500000001e-05,0.00017840846447307466
0.03875,0.00125,0.005,6.25e-08,-0.00816646,0.000178848,-0.007951567500000001,0.00013592204999999998,-0.00021489249999999925,4.2925950000000026e-05,0.00021913791032053805
0.04125,0.00125,0.005,6.25e-08,-0.00869521,0.000151589,-0.008437145,0.00011206525000000001,-0.00025806500000000003,3.952374999999998e-05,0.0002610740719394833
0.04375,0.00125,0.005,6.25e-08,-0.00912183,0.000118976,-0.0088209,8.434259999999999e-05,-0.0003009299999999996,3.4633400000000006e-05,0.0003029163866408679
0.04625,0.00125,0.005,6.25e-08,-0.00943039,8.11851e-05,-0.0090885475,5.308415e-05,-0.0003418424999999999,2.8100949999999997e-05,0.0003429955658564006
0.04875,0.00125,0.005,6.25e-08,-0.00960644,3.87095e-05,-0.0092274275,1.8839235e-05,-0.0003790125000000012,1.9870265e-05,0.00037953300592625817
0.05125,0.00125,0.005,6.25e-08,-0.00963798,-7.58612e-06,-0.0092276825,-1.7600045e-05,-0.0004102975000000002,1.0013925000000001e-05,0.0004104196842259832
0.05375,0.00125,0.005,6.25e-08,-0.00951653,-5.64553e-05,-0.009083005,-5.5197599999999995e-05,-0.0004335250000000006,-1.2577000000000066e-06,0.0004335268243537999
0.05625,0.00125,0.005,6.25e-08,-0.00923817,-0.000106256,-0.008791519999999999,-9.269465e-05,-0.00044665000000000156,-1.3561349999999998e-05,0.0004468558298979928
0.05875,0.00125,0.005,6.25e-08,-0.00880451,-0.00015502,-0.008356625,-0.00012865462499999996,-0.0004478850000000003,-2.636537500000003e-05,0.0004486603461683358
0.06125,0.00125,0.005,6.25e-08,-0.00822338,-0.000200532,-0.00778748,-0.000161532325,-0.00043590000000000035,-3.8999675000000024e-05,0.0004376411596846279
0.06375,0.00125,0.005,6.25e-08,-0.00750933,-0.000240459,-0.007099217499999998,-0.00018976282500000007,-0.00041011250000000214,-5.069617499999993e-05,0.0004132340315316278
0.06625,0.00125,0.005,6.25e-08,-0.00668362,-0.000272501,-0.006312854999999997,-0.00021186275000000004,-0.00037076500000000293,-6.063824999999999e-05,0.0003756909402528422
0.06875,0.00125,0.005,6.25e-08,-0.00577379,-0.000294573,-0.005454742499999997,-0.00022654150000000003,-0.0003190475000000026,-6.803149999999998e-05,0.00032622015916938926
0.07125,0.00125,0.005,6.25e-08,-0.00481274,-0.000304973,-0.0045555950000000026,-0.00023280525000000002,-0.0002571449999999977,-7.216774999999997e-05,0.0002670800164090554
0.07375,0.00125,0.005,6.25e-08,-0.00383738,-0.000302547,-0.0036491900000000027,-0.00023005075000000002,-0.00018818999999999737,-7.249625e-05,0.00020167097551224744
0.07625,0.00125,0.005,6.25e-08,-0.00288682,-0.000286806,-0.0027707325000000025,-0.00021813175000000005,-0.00011608749999999753,-6.867424999999996e-05,0.00013487942863651197
0.07875,0.00125,0.005,6.25e-08,-0.00200026,-0.000258002,-0.0019549899999999976,-0.00019740259999999994,-4.52700000000022e-05,-6.0599400000000076e-05,7.564165638297597e-05
0.08125,0.00125,0.005,6.25e-08,-0.00121481,-0.000217141,-0.0012343367499999982,-0.0001687312749999999,1.9526749999998266e-05,-4.8409725000000075e-05,5.21995731796541e-05
0.08375,0.00125,0.005,6.25e-08,-0.000563087,-0.000165991,-0.0006367579999999986,-0.0001335011499999999,7.367099999999857e-05,-3.2489850000000093e-05,8.051711988156491e-05
0.08625,0.00125,0.005,6.25e-08,-7.07884e-05,-0.000107163,-0.00018379172500000102,-9.362807500000011e-05,0.00011300332500000102,-1.3534924999999891e-05,0.00011381100850010722
0.08875,0.00125,0.005,6.25e-08,0.000245531,-4.43666e-05,0.0001117404499999994,-5.166372500000012e-05,0.0001337905500000006,7.297125000000119e-06,0.00013398939996346086
0.09125,0.00125,0.005,6.25e-08,0.000382032,1.72215e-05,0.00024875899999999987,-1.1130930000000106e-05,0.0001332730000000001,2.8352430000000107e-05,0.00013625546893943354
0.09375,0.00125,0.005,6.25e-08,0.000353137,6.82198e-05,0.00024304374999999998,2.2527e-05,0.00011009325000000002,4.56928e-05,0.00011919880732374173
0.09625,0.00125,0.005,6.25e-08,0.000209251,9.19788e-05,0.00013745022499999965,3.939157500000001e-05,7.180077500000036e-05,5.2587224999999985e-05,8.899869394435684e-05
0.09875,0.00125,0.005,6.25e-08,5.90149e-05,5.88903e-05,2.0790487499999783e-05,2.081056499999988e-05,3.822441250000022e-05,3.8079735000000125e-05,5.39552771157781e-05
0.00125,0.00375,0.005,6.25e-08,5.90568e-05,-0.000167586,1.2587215000000001e-05,-8.0921425e-05,4.6469585e-05,-8.6664575e-05,9.833702705493414e-05
0.00375,0.00375,0.005,6.25e-08,4.20552e-05,-3.98065e-05,-4.241027499999997e-05,4.2380457499999965e-05,8.446547499999996e-05,-8.218695749999996e-05,0.00011785207868375685
0.00625,0.00375,0.005,6.25e-08,-0.000298135,0.000253236,-0.00038487100000000006,0.0003348065,8.673600000000007e-05,-8.15705e-05,0.00011906670469215989
0.00875,0.00375,0.005,6.25e-08,-0.00102322,0.000571756,-0.0011014935,0.0006597395000000001,7.827349999999997e-05,-8.798350000000009e-05,0.00011776178104334195
0.01125,0.00375,0.005,6.25e-08,-0.00212472,0.000861168,-0.0021920125000000003,0.000957097,6.729250000000022e-05,-9.592899999999991e-05,0.00011717787161938902
0.01375,0.00375,0.005,6.25e-08,-0.00355649,0.00110005,-0.0036124624999999996,0.0012039662499999998,5.597249999999979e-05,-0.00010391624999999977,0.00011803180829891758
0.01625,0.00375,0.005,6.25e-08,-0.00525681,0.00128377,-0.005301005,0.0013946625,4.4195000000000345e-05,-0.00011089249999999998,0.00011937480714644118
0.01875,0.00375,0.005,6.25e-08,-0.00716056,0.00141541,-0.0071917325,0.0015311149999999998,3.1172500000000054e-05,-0.0001157049999999998,0.0001198305961816512
0.02125,0.00375,0.005,6.25e-08,-0.00920538,0.00150063,-0.009221185,0.0016180899999999995,1.5804999999998945e-05,-0.00011745999999999957,0.00011851856236471933
0.02375,0.00375,0.005,6.25e-08,-0.0113339,0.00154506,-0.01133075,0.0016606949999999998,-3.14999999999864e-06,-0.00011563499999999978,0.00011567789644093611
0.02625,0.00375,0.005,6.25e-08,-0.0134935,0.00155322,-0.013466800000000001,0.0016632324999999997,-2.6699999999999294e-05,-0.00011001249999999978,0.00011320618426680547
0.02875,0.00375,0.005,6.25e-08,-0.0156359,0.00152808,-0.015579800000000001,0.0016287049999999998,-5.60999999999999e-05,-0.0001006249999999998,0.00011520677334688247
0.03125,0.00375,0.005,6.25e-08,-0.017715,0.00147117,-0.01762295,0.0015588549999999998,-9.205000000000324e-05,-8.768499999999989e-05,0.00012712931103801584
0.03375,0.00375,0.005,6.25e-08,-0.0196861,0.00138287,-0.019551149999999996,0.0014544324999999998,-0.0001349500000000052,-7.15624999999998e-05,0.00015275043013442344
0.03625,0.00375,0.005,6.25e-08,-0.0215052,0.00126289,-0.02131995,0.0013156624999999997,-0.00018524999999999792,-5.277249999999971e-05,0.00019262009047928827
0.03875,0.00375,0.005,6.25e-08,-0.023128,0.00111078,-0.022885774999999997,0.00114277875,-0.00024222500000000216,-3.199874999999992e-05,0.00024432943053705896
0.04125,0.00375,0.005,6.25e-08,-0.0245112,0.000926524,-0.0242058,0.0009365352499999999,-0.0003054000000000008,-1.001124999999996e-05,0.0003055640442306048
0.04375,0.00375,0.005,6.25e-08,-0.0256124,0.00071102,-0.0252394,0.0006987122499999999,-0.0003730000000000018,1.2307750000000177e-05,0.00037320300201105545
0.04625,0.00375,0.005,6.25e-08,-0.0263927,0.000466518,-0.025949450000000002,0.000432524,-0.0004432499999999992,3.399400000000003e-05,0.0004445516331496256
0.04875,0.00375,0.005,6.25e-08,-0.0268175,0.000196973,-0.026304249999999998,0.00014290509999999998,-0.0005132500000000033,5.406790000000002e-05,0.0005160900118297325
0.05125,0.00375,0.005,6.25e-08,-0.0268597,-9.17445e-05,-0.0262797,-0.00016333749999999998,-0.0005800000000000007,7.159299999999998e-05,0.0005844018802579272
0.05375,0.00375,0.005,6.25e-08,-0.0265015,-0.000391785,-0.02586165,-0.00047753999999999993,-0.0006398500000000008,8.575499999999991e-05,0.0006455710205120743
0.05625,0.00375,0.005,6.25e-08,-0.0257368,-0.00069344,-0.025047725,-0.0007893727499999999,-0.0006890750000000008,9.593274999999989e-05,0.0006957208119264247
0.05875,0.00375,0.005,6.25e-08,-0.0245734,-0.000985443,-0.023849275,-0.0010872129999999994,-0.0007241249999999991,0.00010176999999999951,0.0007312415117626997
0.06125,0.00375,0.005,6.25e-08,-0.0230341,-0.00125546,-0.022292399999999997,-0.0013586975,-0.0007417000000000014,0.00010323750000000012,0.0007488503664993775
0.06375,0.00375,0.005,6.25e-08,-0.0211578,-0.00149078,-0.020418424999999994,-0.0015913950000000004,-0.0007393750000000074,0.00010061500000000051,0.0007461894992895646
0.06625,0.00375,0.005,6.25e-08,-0.0189989,-0.00167907,-0.018283224999999993,-0.0017736300000000004,-0.0007156750000000059,9.456000000000048e-05,0.0007218949364173491
0.06875,0.00375,0.005,6.25e-08,-0.0166268,-0.00180933,-0.015956099999999994,-0.0018952900000000002,-0.0006707000000000067,8.596000000000016e-05,0.000676186077644319
0.07125,0.00375,0.005,6.25e-08,-0.0141228,-0.00187276,-0.013517000000000006,-0.0019486399999999997,-0.0006057999999999931,7.587999999999974e-05,0.0006105337127464721
0.07375,0.00375,0.005,6.25e-08,-0.0115774,-0.00186357,-0.011053422500000007,-0.0019290750000000001,-0.0005239774999999929,6.550500000000021e-05,0.0005280561764918981
0.07625,0.00375,0.005,6.25e-08,-0.00908582,-0.00177966,-0.008656100000000007,-0.00183561,-0.0004297199999999928,5.595000000000014e-05,0.0004333470674874746
0.07875,0.00375,0.005,6.25e-08,-0.00674288,-0.00162309,-0.0064144299999999935,-0.0016712899999999993,-0.00032845000000000617,4.819999999999933e-05,0.00033196783353211195
0.08125,0.00375,0.005,6.25e-08,-0.00463777,-0.0014003,-0.0044113399999999945,-0.0014433649999999994,-0.00022643000000000576,4.3064999999999467e-05,0.00023048891323662957
0.08375,0.00375,0.005,6.25e-08,-0.0028481,-0.00112229,-0.0027180024999999956,-0.001163379749999999,-0.00013009750000000453,4.108974999999897e-05,0.0001364321335364715
0.08625,0.00375,0.005,6.25e-08,-0.00143381,-0.000804912,-0.001388290000000003,-0.0008474515000000009,-4.551999999999703e-05,4.2539500000000896e-05,6.230312560578165e-05
0.08875,0.00375,0.005,6.25e-08,-0.000430836,-0.000469815,-0.000452761750000002,-0.0005170145000000009,2.1925750000001995e-05,4.719950000000092e-05,5.2043552082007954e-05
0.09125,0.00375,0.005,6.25e-08,0.000155538,-0.000146214,8.866914999999906e-05,-0.00020098050000000078,6.686885000000092e-05,5.476650000000078e-05,8.643386270769523e-05
0.09375,0.00375,0.005,6.25e-08,0.000360293,0.000123532,0.00027655000000000003,5.948745e-05,8.374299999999995e-05,6.404455000000001e-05,0.00010542577689399539
0.09625,0.00375,0.005,6.25e-08,0.000279657,0.000275335,0.00020535724999999958,0.00020224025000000013,7.429975000000042e-05,7.309474999999985e-05,0.00010422713335607499
0.09875,0.00375,0.005,6.25e-08,9.23868e-05,0.000208114,3.983162499999962e-05,0.00013792882499999944,5.255517500000037e-05,7.018517500000055e-05,8.768127057166409e-05
0.00125,0.00625,0.005,6.25e-08,7.84447e-07,-0.000148959,-2.7997460000000008e-05,-3.275876499999998e-05,2.878190700000001e-05,-0.00011620023500000002,0.00011971170696557575
0.00375,0.00625,0.005,6.25e-08,-0.000260421,0.000301299,-0.00034757150000000003,0.00039068450000000004,8.715050000000004e-05,-8.938550000000005e-05,0.0001248398063940345
0.00625,0.00625,0.005,6.25e-08,-0.0010636,0.001037,-0.0011444555000000003,0.0011190347500000003,8.085550000000029e-05,-8.20347500000004e-05,0.00011518381868913973
0.00875,0.00625,0.005,6.25e-08,-0.0024176,0.00182004,-0.002478980000000001,0.0019092825000000006,6.138000000000107e-05,-8.924250000000061e-05,0.00010831310265268113
0.01125,0.00625,0.005,6.25e-08,-0.00429173,0.00254006,-0.00433661,0.0026385850000000006,4.4880000000000614e-05,-9.852500000000078e-05,0.0001082653685395298
0.01375,0.00625,0.005,6.25e-08,-0.00662519,0.00314637,-0.006657400000000001,0.0032521125000000007,3.22100000000004e-05,-0.00010574250000000085,0.00011053940657634364
0.01625,0.00625,0.005,6.25e-08,-0.00933603,0.00362196,-0.009358565,0.0037317550000000007,2.2534999999998875e-05,-0.00010979500000000064,0.00011208375551345561
0.01875,0.00625,0.005,6.25e-08,-0.0123352,0.00396797,-0.012349275,0.004077855,1.4075000000000545e-05,-0.00010988499999999967,0.00011078275520133963
0.02125,0.00625,0.005,6.25e-08,-0.0155346,0.0041932,-0.015539025000000003,0.004298722500000001,4.425000000002344e-06,-0.00010552250000000086,0.0001056152386317912
0.02375,0.00625,0.005,6.25e-08,-0.0188505,0.00430826,-0.018841675000000002,0.004404715000000001,-8.82499999999703e-06,-9.64550000000005e-05,9.68578734538398e-05
0.02625,0.00625,0.005,6.25e-08,-0.0222042,0.0043224,-0.022176175000000003,0.00440513,-2.8024999999997496e-05,-8.273000000000048e-05,8.7347887925238e-05
0.02875,0.00625,0.005,6.25e-08,-0.0255213,0.00424227,-0.0254662,0.0043068525000000005,-5.50999999999989e-05,-6.458250000000026e-05,8.489351745716462e-05
0.03125,0.00625,0.005,6.25e-08,-0.0287304,0.0040717,-0.028638925000000003,0.004114197500000001,-9.147499999999711e-05,-4.249750000000045e-05,0.00010086482603588583
0.03375,0.00625,0.005,6.25e-08,-0.0317623,0.00381233,-0.031623975,0.0038294975000000005,-0.00013832500000000164,-1.7167500000000394e-05,0.00013938625714628565
0.03625,0.00625,0.005,6.25e-08,-0.0345486,0.00346453,-0.034352650000000005,0.0034540825000000004,-0.00019594999999999335,1.0447499999999537e-05,0.0001962283179264588
0.03875,0.00625,0.005,6.25e-08,-0.0370224,0.00302872,-0.036757975,0.0029895175000000003,-0.0002644249999999987,3.920249999999964e-05,0.00026731520089820797
0.04125,0.00625,0.005,6.25e-08,-0.0391183,0.00250654,-0.038775525000000005,0.0024388400000000003,-0.00034277499999999655,6.769999999999953e-05,0.00034939660934960086
0.04375,0.00625,0.005,6.25e-08,-0.0407743,0.00190213,-0.04034485,0.0018077050000000002,-0.0004294499999999979,9.442499999999976e-05,0.0004397082932183542
0.04625,0.00625,0.005,6.25e-08,-0.0419338,0.00122311,-0.041411875,0.001105349,-0.0005219249999999995,0.00011776099999999986,0.000535045193180912
0.04875,0.00625,0.005,6.25e-08,-0.0425484,0.000481322,-0.04193135,0.00034521750000000005,-0.0006170500000000009,0.00013610449999999996,0.0006318822179965591
0.05125,0.00625,0.005,6.25e-08,-0.0425807,-0.000306667,-0.04187005,-0.00045470225000000006,-0.0007106500000000002,0.00014803525000000006,0.0007259048544696218
0.05375,0.00625,0.005,6.25e-08,-0.0420077,-0.00111953,-0.041209499999999996,-0.0012719925000000002,-0.0007982000000000058,0.00015246250000000008,0.0008126303304124572
0.05625,0.00625,0.005,6.25e-08,-0.0408239,-0.00193159,-0.039949125,-0.002080305,-0.0008747750000000012,0.00014871500000000022,0.0008873260121567508
0.05875,0.00625,0.005,6.25e-08,-0.0390433,-0.00271357,-0.038108025000000004,-0.00285033,-0.0009352749999999993,0.0001367600000000001,0.0009452209388418132
0.06125,0.00625,0.005,6.25e-08,-0.0367019,-0.0034339,-0.0357266,-0.0035511175000000005,-0.0009753000000000053,0.00011721750000000036,0.0009823187020037134
0.06375,0.00625,0.005,6.25e-08,-0.0338577,-0.00406033,-0.03286699999999999,-0.004151777500000002,-0.000990700000000004,9.144750000000205e-05,0.0009949116218319386
0.06625,0.00625,0.005,6.25e-08,-0.0305912,-0.00456197,-0.029612099999999992,-0.004623392500000002,-0.000979100000000007,6.142250000000168e-05,0.0009810247364395374
0.06875,0.00625,0.005,6.25e-08,-0.027003,-0.00491138,-0.026063574999999988,-0.004941032500000001,-0.0009394250000000111,2.9652500000001275e-05,0.0009398928669700983
0.07125,0.00625,0.005,6.25e-08,-0.0232107,-0.00508679,-0.02233827500000001,-0.005085715000000001,-0.0008724249999999892,-1.07499999999882e-06,0.0008724256623059533
0.07375,0.00625,0.005,6.25e-08,-0.0193445,-0.00507413,-0.01856350000000001,-0.0050461675000000004,-0.00078099999999999,-2.796249999999917e-05,0.0007815004167665135
0.07625,0.00625,0.005,6.25e-08,-0.0155411,-0.00486871,-0.01487127500000001,-0.004820210000000001,-0.0006698249999999902,-4.8499999999999065e-05,0.0006715785736791986
0.07875,0.00625,0.005,6.25e-08,-0.0119366,-0.00447647,-0.011391474999999991,-0.0044157325,-0.0005451250000000091,-6.073749999999968e-05,0.0005484982311104202
0.08125,0.00625,0.005,6.25e-08,-0.00865892,-0.00391478,-0.008244694999999991,-0.003851264999999999,-0.0004142250000000094,-6.351500000000053e-05,0.000419066230863342
0.08375,0.00625,0.005,6.25e-08,-0.00581942,-0.0032129,-0.005534317499999994,-0.0031563649999999987,-0.00028510250000000556,-5.653500000000122e-05,0.0002906538176787866
0.08625,0.00625,0.005,6.25e-08,-0.00350436,-0.00241262,-0.0033387275000000055,-0.002372152500000003,-0.00016563249999999472,-4.0467499999996895e-05,0.0001705043800390418
0.08875,0.00625,0.005,6.25e-08,-0.00176623,-0.00156964,-0.001702925000000004,-0.0015527625000000024,-6.330499999999593e-05,-1.6877499999997563e-05,6.551620434098271e-05
0.09125,0.00625,0.005,6.25e-08,-0.000615256,-0.000756721,-0.0006297275000000024,-0.0007687967500000023,1.4471500000002397e-05,1.207575000000227e-05,1.884802510377743e-05
0.09375,0.00625,0.005,6.25e-08,-1.01434e-05,-6.92947e-05,-7.020477500000008e-05,-0.00011403660500000004,6.006137500000008e-05,4.474190500000004e-05,7.48946381920606e-05
0.09625,0.00625,0.005,6.25e-08,0.000157338,0.000364063,8.6535075e-05,0.0002838760000000006,7.080292500000001e-05,8.018699999999936e-05,0.00010697200174604345
0.09875,0.00625,0.005,6.25e-08,7.50123e-05,0.000357914,2.6211124999999758e-05,0.0002505532499999991,4.8801175000000245e-05,0.00010736075000000088,0.00011793169769804613
0.00125,0.00875,0.005,6.25e-08,-6.82879e-05,5.28989e-05,-7.58896e-05,0.0001850453500000001,7.6017000000000055e-06,-0.00013214645000000008,0.00013236491261090503
0.00375,0.00875,0.005,6.25e-08,-0.000619082,0.00105947,-0.0007147255,0.0011468325000000001,9.564350000000003e-05,-8.736250000000007e-05,0.00012953719735465954
0.00625,0.00875,0.005,6.25e-08,-0.0019551,0.00241208,-0.002041315000000001,0.002483637500000001,8.621500000000103e-05,-7.155750000000091e-05,0.0001120424117522035
0.00875,0.00875,0.005,6.25e-08,-0.00399587,0.00380295,-0.004056440000000001,0.003880445000000001,6.057000000000111e-05,-7.749500000000121e-05,9.83575107706591e-05
0.01125,0.00875,0.005,6.25e-08,-0.00667045,0.00507548,-0.006712250000000001,0.005163025000000002,4.180000000000156e-05,-8.754500000000137e-05,9.701220039252985e-05
0.01375,0.00875,0.005,6.25e-08,-0.00989827,0.00615137,-0.009926472500000002,0.006245990000000001,2.8202500000001213e-05,-9.462000000000099e-05,9.87336082914539e-05
0.01625,0.00875,0.005,6.25e-08,-0.0135785,0.00700045,-0.0135972,0.0070969475000000025,1.8699999999999967e-05,-9.649750000000241e-05,9.82927133934681e-05
0.01875,0.00875,0.005,6.25e-08,-0.0176027,0.00762044,-0.017614475,0.0077126450000000015,1.1775000000002062e-05,-9.220500000000145e-05,9.295381998605714e-05
0.02125,0.00875,0.005,6.25e-08,-0.0218633,0.00802222,-0.021867700000000004,0.008103672500000002,4.400000000005094e-06,-8.145250000000243e-05,8.157125569862487e-05
0.02375,0.00875,0.005,6.25e-08,-0.0262563,0.00822074,-0.026249875,0.0082851,-6.4250000000008745e-06,-6.435999999999942e-05,6.46799058827387e-05
0.02625,0.00875,0.005,6.25e-08,-0.0306823,0.00822989,-0.0306586,0.008271205000000002,-2.3699999999998028e-05,-4.1315000000001836e-05,4.7630024406880776e-05
0.02875,0.00875,0.005,6.25e-08,-0.035046,0.00806009,-0.034996025,0.008073070000000002,-4.997500000000071e-05,-1.2980000000000977e-05,5.163313882575895e-05
0.03125,0.00875,0.005,6.25e-08,-0.0392556,0.0077179,-0.039168100000000004,0.007698125000000002,-8.74999999999973e-05,1.977499999999792e-05,8.970674793458654e-05
0.03375,0.00875,0.005,6.25e-08,-0.0432212,0.00720675,-0.043083525000000004,0.007150967500000002,-0.00013767499999999683,5.578249999999788e-05,0.0001485466018838832
0.03625,0.00875,0.005,6.25e-08,-0.0468548,0.00652859,-0.046653375,0.006435010000000001,-0.00020142500000000507,9.357999999999849e-05,0.0002221018843346489
0.03875,0.00875,0.005,6.25e-08,-0.0500705,0.00568583,-0.049791800000000004,0.005554460000000001,-0.00027869999999999284,0.00013136999999999958,0.00030810999156144855
0.04125,0.00875,0.005,6.25e-08,-0.0527855,0.00468349,-0.0524166,0.004516377500000002,-0.0003688999999999984,0.0001671124999999985,0.0004049861697098412
0.04375,0.00875,0.005,6.25e-08,-0.054922,0.00353114,-0.05445175000000001,0.0033326250000000005,-0.0004702499999999915,0.00019851499999999937,0.0005104343912051692
0.04625,0.00875,0.005,6.25e-08,-0.0564099,0.00224457,-0.055830000000000005,0.0020213825000000006,-0.0005798999999999943,0.00022318749999999943,0.0006213667758709369
0.04875,0.00875,0.005,6.25e-08,-0.0571902,0.00084704,-0.0564959,0.0006082087500000001,-0.0006942999999999949,0.00023883124999999987,0.0007342294300670298
0.05125,0.00875,0.005,6.25e-08,-0.0572182,-0.000630074,-0.056409425000000006,-0.0008735260000000002,-0.0008087749999999908,0.00024345200000000023,0.0008446217360031561
0.05375,0.00875,0.005,6.25e-08,-0.0564673,-0.0021473,-0.055549475000000015,-0.0023828700000000005,-0.0009178249999999832,0.00023557000000000048,0.0009475737203642624
0.05625,0.00875,0.005,6.25e-08,-0.0549325,-0.00365779,-0.053916825,-0.0038722500000000007,-0.0010156750000000006,0.00021446000000000052,0.0010380697458384006
0.05875,0.00875,0.005,6.25e-08,-0.052633,-0.00510875,-0.05153685000000001,-0.005289147499999999,-0.0010961499999999902,0.0001803974999999994,0.0011108951707997602
0.06125,0.00875,0.005,6.25e-08,-0.0496144,-0.00644372,-0.04846085,-0.006578440000000001,-0.0011535500000000032,0.00013472000000000137,0.0011613901501648823
0.06375,0.00875,0.005,6.25e-08,-0.0459495,-0.00760537,-0.04476667499999999,-0.007685320000000004,-0.0011828250000000054,7.995000000000398e-05,0.0011855239276897845
0.06625,0.00875,0.005,6.25e-08,-0.0417379,-0.00853896,-0.04055747499999999,-0.008558587500000004,-0.0011804250000000127,1.9627500000004433e-05,0.0011805881667123722
0.06875,0.00875,0.005,6.25e-08,-0.0371038,-0.00919599,-0.03595939999999999,-0.009154125000000003,-0.0011444000000000107,-4.1864999999996835e-05,0.0011451655069137491
0.07125,0.00875,0.005,6.25e-08,-0.0321924,-0.00953806,-0.03111737500000002,-0.009438342500000002,-0.001075024999999983,-9.971749999999717e-05,0.001079639907761478
0.07375,0.00875,0.005,6.25e-08,-0.0271643,-0.00954034,-0.026189325000000013,-0.009391200000000002,-0.0009749749999999856,-0.00014913999999999726,0.0009863158673695618
0.07625,0.00875,0.005,6.25e-08,-0.0221885,-0.00919468,-0.021339400000000012,-0.009008782500000003,-0.0008490999999999881,-0.0001858974999999971,0.0008692115338087896
0.07875,0.00875,0.005,6.25e-08,-0.017434,-0.00851188,-0.016729674999999992,-0.008305129999999999,-0.0007043250000000091,-0.00020675000000000034,0.0007340430969125811
0.08125,0.00875,0.005,6.25e-08,-0.0130605,-0.00752323,-0.01251122499999999,-0.007313349999999998,-0.0005492750000000088,-0.0002098800000000017,0.0005880073469141439
0.08375,0.00875,0.005,6.25e-08,-0.00920818,-0.0062814,-0.008814802499999991,-0.0060863199999999975,-0.0003933775000000087,-0.00019508000000000286,0.00043909231820456386
0.08625,0.00875,0.005,6.25e-08,-0.00598744,-0.0048611,-0.0057411100000000085,-0.004697382500000005,-0.00024632999999999166,-0.00016371749999999526,0.00029577337389671225
0.08875,0.00875,0.005,6.25e-08,-0.00346918,-0.00336042,-0.0033514425000000067,-0.0032418775000000047,-0.00011773749999999337,-0.00011854249999999509,0.00016707615991665977
0.09125,0.00875,0.005,6.25e-08,-0.00167522,-0.00190379,-0.0016586675000000042,-0.0018405700000000043,-1.6552499999995807e-05,-6.321999999999578e-05,6.535100348310903e-05
0.09375,0.00875,0.005,6.25e-08,-0.000569434,-0.000646694,-0.0006190860000000002,-0.0006461035000000003,4.965200000000029e-05,-5.904999999997024e-07,4.9655511217286126e-05
0.09625,0.00875,0.005,6.25e-08,-5.19431e-05,0.00021558,-0.00012546464999999934,0.00014634885000000135,7.352154999999935e-05,6.923114999999864e-05,0.00010098698156061858
0.09875,0.00875,0.005,6.25e-08,3.81495e-05,0.000417646,-5.340764999999626e-07,0.00028221174999999916,3.868357649999996e-05,0.00013543425000000082,0.00014085047093955375
0.00125,0.01125,0.005,6.25e-08,-0.000136745,0.000453084,-0.00012391615,0.00058637425,-1.2828849999999985e-05,-0.00013329025000000008,0.0001339061990252319
0.00375,0.01125,0.005,6.25e-08,-0.000987687,0.00227156,-0.0010935424999999998,0.0023532024999999997,0.00010585549999999992,-8.164249999999956e-05,0.00013368202828540533
0.00625,0.01125,0.005,6.25e-08,-0.00288218,0.00441414,-0.0029752600000000004,0.004477385,9.308000000000059e-05,-6.324499999999997e-05,0.00011253362353092566
0.00875,0.01125,0.005,6.25e-08,-0.00563417,0.00653658,-0.005696992500000001,0.006608185000000001,6.282250000000118e-05,-7.160500000000063e-05,9.525724398307059e-05
0.01125,0.01125,0.005,6.25e-08,-0.00912037,0.0084536,-0.0091647625,0.0085397325,4.439250000000047e-05,-8.613249999999892e-05,9.689944072335947e-05
0.01375,0.01125,0.005,6.25e-08,-0.0132341,0.0100684,-0.013266175,0.010165435,3.2074999999999465e-05,-9.703500000000052e-05,0.00010219881041382071
0.01625,0.01125,0.005,6.25e-08,-0.0178538,0.0113417,-0.017877725,0.011442250000000001,2.392500000000103e-05,-0.00010055000000000133,0.00010335718709891594
0.01875,0.01125,0.005,6.25e-08,-0.0228529,0.0122692,-0.022871574999999998,0.012364074999999999,1.8674999999999248e-05,-9.487499999999947e-05,9.669550791013961e-05
0.02125,0.01125,0.005,6.25e-08,-0.0281072,0.0128638,-0.028120625000000003,0.0129436,1.3425000000004406e-05,-7.979999999999966e-05,8.092138546144687e-05
0.02375,0.01125,0.005,6.25e-08,-0.0334967,0.0131446,-0.033501449999999995,0.013200199999999999,4.7499999999978115e-06,-5.55999999999994e-05,5.580253130459149e-05
0.02625,0.01125,0.005,6.25e-08,-0.0389057,0.0131295,-0.038895125,0.013152674999999999,-1.057499999999878e-05,-2.3174999999998544e-05,2.547373647504242e-05
0.02875,0.01125,0.005,6.25e-08,-0.0442227,0.0128327,-0.044186975,0.012816224999999999,-3.57249999999934e-05,1.6475000000001905e-05,3.9340834383622205e-05
0.03125,0.01125,0.005,6.25e-08,-0.0493391,0.0122635,-0.049266025,0.012201575,-7.307499999999884e-05,6.192500000000087e-05,9.578445202641156e-05
0.03375,0.01125,0.005,6.25e-08,-0.0541488,0.0114275,-0.054024174999999994,0.011316075,-0.0001246250000000032,0.00011142500000000007,0.00016717332696934885
0.03625,0.01125,0.005,6.25e-08,-0.058548,0.0103288,-0.058356349999999994,0.01016588,-0.00019165000000000848,0.00016292000000000043,0.0002515405512039826
0.03875,0.01125,0.005,6.25e-08,-0.0624355,0.008973,-0.06216115,0.00875909,-0.0002743499999999996,0.00021390999999999945,0.00034788706587052004
0.04125,0.01125,0.005,6.25e-08,-0.0657143,0.0073699,-0.06534214999999999,0.007108307500000001,-0.0003721500000000155,0.00026159249999999946,0.0004548914799776549
0.04375,0.01125,0.005,6.25e-08,-0.0682939,0.00553637,-0.067810575,0.0052335725,-0.00048332500000000667,0.00030279749999999935,0.0005703414605578452
0.04625,0.01125,0.005,6.25e-08,-0.0700934,0.00349866,-0.06948822499999999,0.0031644075,-0.0006051750000000133,0.0003342524999999999,0.0006913476074893629
0.04875,0.01125,0.005,6.25e-08,-0.0710448,0.00129406,-0.070311,0.0009412917500000001,-0.0007338000000000067,0.00035276825,0.0008141915488434355
0.05125,0.01125,0.005,6.25e-08,-0.0710968,-0.00102827,-0.070232725,-0.0013837975,-0.0008640750000000058,0.00035552749999999997,0.000934358287211742
0.05375,0.01125,0.005,6.25e-08,-0.0702192,-0.00340737,-0.069229025,-0.0037478025,-0.000990174999999996,0.00034043250000000006,0.0010470629482897589
0.05625,0.01125,0.005,6.25e-08,-0.068406,-0.00577166,-0.06730055,-0.006078065,-0.001105449999999994,0.00030640500000000005,0.0011471284699304549
0.05875,0.01125,0.005,6.25e-08,-0.0656789,-0.00804106,-0.06447592499999999,-0.008294772499999997,-0.001202975000000009,0.0002537124999999977,0.0012294384422496599
0.06125,0.01125,0.005,6.25e-08,-0.0620895,-0.0101303,-0.060813425,-0.0103144025,-0.0012760750000000015,0.00018410249999999996,0.0012892870650600872
0.06375,0.01125,0.005,6.25e-08,-0.0577202,-0.0119529,-0.05640154999999999,-0.012054075000000004,-0.0013186500000000115,0.00010117500000000369,0.0013225256909130466
0.06625,0.01125,0.005,6.25e-08,-0.0526842,-0.0134263,-0.05135814999999999,-0.013436150000000003,-0.0013260500000000092,9.850000000002218e-06,0.0013260865827690227
0.06875,0.01125,0.005,6.25e-08,-0.047123,-0.0144775,-0.04582762499999998,-0.014393625000000002,-0.0012953750000000153,-8.387499999999888e-05,0.001298087595753861
0.07125,0.01125,0.005,6.25e-08,-0.0412031,-0.015048,-0.039976850000000015,-0.014875175000000001,-0.0012262499999999843,-0.00017282499999999971,0.0012383689042950656
0.07375,0.01125,0.005,6.25e-08,-0.0351094,-0.0150999,-0.033988575000000014,-0.0148497,-0.001120824999999985,-0.00025019999999999903,0.001148411389975285
0.07625,0.01125,0.005,6.25e-08,-0.0290383,-0.0146199,-0.02805400000000002,-0.014310325000000002,-0.0009842999999999796,-0.0003095749999999977,0.0010318348562754402
0.07875,0.01125,0.005,6.25e-08,-0.0231874,-0.0136233,-0.022363449999999986,-0.013277399999999998,-0.0008239500000000143,-0.0003459000000000014,0.0008936108842779527
0.08125,0.01125,0.005,6.25e-08,-0.0177456,-0.0121567,-0.017096049999999988,-0.011800199999999997,-0.0006495500000000126,-0.00035650000000000265,0.0007409503711450708
0.08375,0.01125,0.005,6.25e-08,-0.0128812,-0.0102984,-0.012409099999999989,-0.009957942499999994,-0.00047210000000001175,-0.00034045750000000555,0.0005820564571467831
0.08625,0.01125,0.005,6.25e-08,-0.00873022,-0.00815992,-0.00842731500000001,-0.007860567500000006,-0.0003029049999999905,-0.0002993524999999938,0.0004258677708881484
0.08875,0.01125,0.005,6.25e-08,-0.00538623,-0.00588591,-0.005232630000000008,-0.005649312500000006,-0.0001535999999999916,-0.00023659749999999438,0.0002820839183757996
0.09125,0.01125,0.005,6.25e-08,-0.00288935,-0.00365604,-0.0028552700000000057,-0.0034992025000000057,-3.40799999999945e-05,-0.00015683749999999448,0.00016049750093458744
0.09375,0.01125,0.005,6.25e-08,-0.00121789,-0.00168742,-0.0012669275,-0.0016236825,4.903749999999999e-05,-6.373750000000008e-05,8.041856323324864e-05
0.09625,0.01125,0.005,6.25e-08,-0.000294512,-0.000240104,-0.0003767414999999984,-0.00028295864999999733,8.222949999999845e-05,4.285464999999734e-05,9.272654256938527e-05
0.09875,0.01125,0.005,6.25e-08,-3.65752e-06,0.000353033,-3.141252499999962e-05,0.0002018414999999998,2.7755004999999622e-05,0.00015119150000000018,0.00015371795592838223
0.00125,0.01375,0.005,6.25e-08,-0.000200946,0.00104653,-0.00016999015000000001,0.0011687382499999998,-3.095584999999998e-05,-0.00012220824999999982,0.00012606792223751828
0.00375,0.01375,0.005,6.25e-08,-0.00134654,0.00394233,-0.0014639599999999998,0.00401571,0.00011741999999999981,-7.337999999999963e-05,0.000138463283219776
0.00625,0.01375,0.005,6.25e-08,-0.0037989,0.00705516,-0.0038984725000000007,0.007112775,9.957250000000063e-05,-5.7614999999999576e-05,0.00011503986692121161
0.00875,0.01375,0.005,6.25e-08,-0.00726215,0.0100318,-0.007326667500000001,0.01010215,6.451750000000065e-05,-7.035000000000027e-05,9.545486004520734e-05
0.01125,0.01375,0.005,6.25e-08,-0.0115546,0.0126768,-0.01160225,0.012767,4.7649999999999776e-05,-9.020000000000035e-05,0.00010201256050114634
0.01375,0.01375,0.005,6.25e-08,-0.0165387,0.0148868,-0.0165772,0.014992525,3.850000000000034e-05,-0.00010572499999999922,0.0001125167793042436
0.01625,0.01375,0.005,6.25e-08,-0.0220697,0.0166204,-0.022103275,0.016732175000000002,3.3574999999997496e-05,-0.00011177500000000146,0.00011670874538782497
0.01875,0.01375,0.005,6.25e-08,-0.0280027,0.0178749,-0.02803435,0.017980700000000002,3.165000000000112e-05,-0.00010580000000000311,0.00011043261520040504
0.02125,0.01375,0.005,6.25e-08,-0.0341986,0.0186669,-0.03422842500000001,0.018754200000000002,2.9825000000004154e-05,-8.730000000000196e-05,9.2254108987083e-05
0.02375,0.01375,0.005,6.25e-08,-0.040524,0.0190201,-0.040548600000000004,0.01907665,2.460000000000656e-05,-5.654999999999896e-05,6.166897518201681e-05
0.02625,0.01375,0.005,6.25e-08,-0.0468503,0.0189567,-0.046862825,0.018971575,1.2524999999999342e-05,-1.4875000000000999e-05,1.9445854313966596e-05
0.02875,0.01375,0.005,6.25e-08,-0.0530531,0.0184944,-0.053043575,0.018458,-9.524999999996342e-06,3.64000000000024e-05,3.7625598001893677e-05
0.03125,0.01375,0.005,6.25e-08,-0.0590112,0.0176451,-0.0589667,0.017549925,-4.450000000000287e-05,9.517499999999943e-05,0.0001050644117910539
0.03375,0.01375,0.005,6.25e-08,-0.0646057,0.016417,-0.064511175,0.016257499999999998,-9.452499999999808e-05,0.0001595000000000034,0.00018540557064177093
0.03625,0.01375,0.005,6.25e-08,-0.0697203,0.0148168,-0.06955905,0.0145904,-0.00016125000000000167,0.00022639999999999987,0.00027795417338115374
0.03875,0.01375,0.005,6.25e-08,-0.0742415,0.012854,-0.07399644999999999,0.012561150000000002,-0.00024505000000001054,0.000292849999999999,0.00038185157456792633
0.04125,0.01375,0.005,6.25e-08,-0.078061,0.0105441,-0.077715225,0.010189050000000002,-0.0003457750000000065,0.0003550499999999991,0.0004956015063788687
0.04375,0.01375,0.005,6.25e-08,-0.0810776,0.00791268,-0.080615675,0.007503695,-0.0004619250000000019,0.00040898499999999973,0.0006169630749485754
0.04625,0.01375,0.005,6.25e-08,-0.0832007,0.00499792,-0.082609775,0.00454756,-0.000590925000000006,0.00045036000000000034,0.0007429781189409332
0.04875,0.01375,0.005,6.25e-08,-0.0843539,0.00185296,-0.08362502499999999,0.0013779589999999998,-0.0007288750000000038,0.0004750010000000003,0.0008699912158326691
0.05125,0.01375,0.005,6.25e-08,-0.0844791,-0.0014532,-0.08360822500000001,-0.0019323324999999999,-0.0008708749999999932,0.0004791324999999999,0.0009939774736789754
0.05375,0.01375,0.005,6.25e-08,-0.0835404,-0.0048359,-0.08252994999999999,-0.0052956950000000004,-0.00101045000000001,0.0004597950000000007,0.0011101444250749633
0.05625,0.01375,0.005,6.25e-08,-0.0815287,-0.00819622,-0.08038775000000001,-0.0086115925,-0.0011409499999999878,0.00041537249999999866,0.001214208061353663
0.05875,0.01375,0.005,6.25e-08,-0.0784643,-0.011424,-0.077209725,-0.011769824999999996,-0.0012545749999999939,0.0003458249999999958,0.0013013659597707256
0.06125,0.01375,0.005,6.25e-08,-0.0744003,-0.0144018,-0.07305652500000001,-0.014655175,-0.0013437749999999915,0.00025337500000000013,0.0013674538899904366
0.06375,0.01375,0.005,6.25e-08,-0.0694238,-0.0170108,-0.06802244999999998,-0.017152750000000005,-0.0014013500000000095,0.00014195000000000527,0.0014085210772295984
0.06625,0.01375,0.005,6.25e-08,-0.0636561,-0.019137,-0.06223469999999999,-0.019154925000000003,-0.0014214000000000032,1.7925000000001967e-05,0.001421513019857718
0.06875,0.01375,0.005,6.25e-08,-0.0572513,-0.0206785,-0.05585132499999998,-0.02056795,-0.0013999750000000186,-0.00011054999999999746,0.0014043330456572796
0.07125,0.01375,0.005,6.25e-08,-0.0503922,-0.0215535,-0.04905657500000002,-0.021319,-0.0013356249999999792,-0.0002344999999999986,0.0013560547152032412
0.07375,0.01375,0.005,6.25e-08,-0.0432847,-0.0217072,-0.042054950000000015,-0.021362850000000003,-0.0012297499999999878,-0.00034434999999999674,0.0012770520682415293
0.07625,0.01375,0.005,6.25e-08,-0.0361496,-0.0211188,-0.03506227500000002,-0.020687425000000006,-0.0010873249999999793,-0.00043137499999999426,0.0011697692277752693
0.07875,0.01375,0.005,6.25e-08,-0.0292126,-0.0198063,-0.02829644999999998,-0.019317999999999995,-0.0009161500000000183,-0.000488300000000004,0.0010381559191663058
0.08125,0.01375,0.005,6.25e-08,-0.0226922,-0.0178308,-0.021965299999999983,-0.017320049999999993,-0.0007269000000000164,-0.0005107500000000077,0.0008883969678584185
0.08375,0.01375,0.005,6.25e-08,-0.0167872,-0.0152973,-0.016255299999999986,-0.014800499999999992,-0.0005319000000000122,-0.0004968000000000073,0.0007278240515399449
0.08625,0.01375,0.005,6.25e-08,-0.0116636,-0.0123559,-0.011319200000000014,-0.011907850000000008,-0.00034439999999998604,-0.0004480499999999915,0.0005651196001732578
0.08875,0.01375,0.005,6.25e-08,-0.00744298,-0.00920024,-0.00726531000000001,-0.008831910000000009,-0.00017766999999999002,-0.00036832999999999137,0.0004089420714477664
0.09125,0.01375,0.005,6.25e-08,-0.00419091,-0.00606742,-0.004148262500000007,-0.005804155000000008,-4.264749999999262e-05,-0.0002632649999999917,0.0002666969618897917
0.09375,0.01375,0.005,6.25e-08,-0.00190763,-0.00323695,-0.00196297,-0.0030992375,5.534000000000008e-05,-0.00013771250000000007,0.00014841579517103302
0.09625,0.01375,0.005,6.25e-08,-0.000545795,-0.00103162,-0.0006426637499999975,-0.0010391427499999955,9.68687499999975e-05,7.522749999995526e-06,9.716041629246166e-05
0.09875,0.01375,0.005,6.25e-08,-4.38331e-05,0.00015832,-6.304489999999928e-05,-4.892774999989207e-07,1.921179999999928e-05,0.0001588092774999989,0.00015996712124468463
0.00125,0.01625,0.005,6.25e-08,-0.000260314,0.00182381,-0.00021352699999999998,0.0019242550000000001,-4.678700000000001e-05,-0.00010044500000000022,0.0001108071360247166
0.00375,0.01625,0.005,6.25e-08,-0.00168784,0.00606036,-0.0018179874999999998,0.0061228674999999995,0.0001301474999999999,-6.250749999999958e-05,0.00014437991311986554
0.00625,0.01625,0.005,6.25e-08,-0.00468197,0.0103254,-0.00478803,0.0103800725,0.0001060600000000007,-5.467250000000014e-05,0.0001193222772840435
0.00875,0.01625,0.005,6.25e-08,-0.00883952,0.0142783,-0.008905157500000002,0.01435225,6.56375000000018e-05,-7.394999999999971e-05,9.887812653084702e-05
0.01125,0.01625,0.005,6.25e-08,-0.0139187,0.0177303,-0.013969375000000001,0.01783015,5.0675000000000026e-05,-9.984999999999855e-05,0.00011197311340227935
0.01375,0.01625,0.005,6.25e-08,-0.0197488,0.0205844,-0.019794475,0.02070445,4.5674999999998495e-05,-0.00012005000000000002,0.00012844535073329772
0.01625,0.01625,0.005,6.25e-08,-0.02616,0.0228055,-0.026205575000000002,0.022934275,4.557500000000256e-05,-0.0001287750000000011,0.00013660190792957658
0.01875,0.01625,0.005,6.25e-08,-0.0329889,0.0243977,-0.0330376,0.024520575,4.8699999999998744e-05,-0.00012287499999999799,0.0001321739597084062
0.02125,0.01625,0.005,6.25e-08,-0.0400823,0.0253847,-0.0401344,0.025485925,5.209999999999937e-05,-0.00010122499999999993,0.00011384599520843902
0.02375,0.01625,0.005,6.25e-08,-0.0472952,0.0257957,-0.0473475,0.0258603,5.229999999999818e-05,-6.459999999999799e-05,8.311708608944102e-05
0.02625,0.01625,0.005,6.25e-08,-0.0544888,0.0256582,-0.054534625,0.0256722,4.582500000000628e-05,-1.4000000000000123e-05,4.791587028324309e-05
0.02875,0.01625,0.005,6.25e-08,-0.0615291,0.0249934,-0.061558325,0.024944775,2.922499999999384e-05,4.862500000000006e-05,5.6731748166257364e-05
0.03125,0.01625,0.005,6.25e-08,-0.0682851,0.0238161,-0.06828475,0.023695024999999998,-3.499999999961867e-07,0.00012107500000000174,0.00012107550588372703
0.03375,0.01625,0.005,6.25e-08,-0.0746283,0.0221368,-0.074583,0.02193625,-4.529999999999812e-05,0.00020055000000000073,0.00020560251092824745
0.03625,0.01625,0.005,6.25e-08,-0.0804327,0.0199652,-0.0803252,0.019681425000000002,-0.00010749999999999649,0.00028377499999999653,0.0003034542809468953
0.03875,0.01625,0.005,6.25e-08,-0.0855753,0.0173149,-0.08538747499999999,0.016947925,-0.00018782500000001645,0.000366975000000002,0.00041224856731104313
0.04125,0.01625,0.005,6.25e-08,-0.0899384,0.0142076,-0.089651825,0.0137622,-0.00028657499999999725,0.0004454000000000003,0.000529628540228903
0.04375,0.01625,0.005,6.25e-08,-0.0934113,0.0106781,-0.09300884999999999,0.0101638675,-0.0004024500000000125,0.0005142324999999996,0.0006529939253593863
0.04625,0.01625,0.005,6.25e-08,-0.0958944,0.0067773,-0.09536082500000001,0.006209225,-0.0005335749999999945,0.0005680750000000004,0.0007793660797404481
0.04875,0.01625,0.005,6.25e-08,-0.0973024,0.002575,-0.096626025,0.001973285,-0.000676374999999993,0.0006017150000000001,0.0009052867401271215
0.05125,0.01625,0.005,6.25e-08,-0.0975685,-0.001839,-0.09674254999999998,-0.00244926,-0.0008259500000000197,0.0006102600000000001,0.001026942388890454
0.05375,0.01625,0.005,6.25e-08,-0.0966493,-0.006355,-0.09567287499999999,-0.0069447625,-0.000976425000000003,0.0005897624999999995,0.0011407127539530954
0.05625,0.01625,0.005,6.25e-08,-0.0945284,-0.0108452,-0.09340784999999999,-0.011382924999999999,-0.0011205500000000118,0.0005377249999999993,0.0012428919816802365
0.05875,0.01625,0.005,6.25e-08,-0.0912207,-0.0151672,-0.089970425,-0.015620949999999995,-0.0012502749999999951,0.0004537499999999941,0.0013300664036524576
0.06125,0.01625,0.005,6.25e-08,-0.0867758,-0.019169,-0.085418625,-0.019508599999999997,-0.0013571750000000021,0.00033959999999999893,0.0013990182774449393
0.06375,0.01625,0.005,6.25e-08,-0.0812801,-0.0226958,-0.07984719999999998,-0.022895925000000008,-0.0014329000000000147,0.00020012500000000932,0.0014468076671157939
0.06625,0.01625,0.005,6.25e-08,-0.0748582,-0.0255982,-0.07338804999999998,-0.025640850000000007,-0.0014701500000000173,4.2650000000005184e-05,0.0014707685218959682
0.06875,0.01625,0.005,6.25e-08,-0.0676716,-0.0277414,-0.06620822499999998,-0.027618375000000004,-0.0014633750000000167,-0.00012302499999999536,0.0014685372113944024
0.07125,0.01625,0.005,6.25e-08,-0.0599162,-0.0290151,-0.05850657500000002,-0.028729775,-0.0014096249999999838,-0.00028532499999999947,0.0014382117355417295
0.07375,0.01625,0.005,6.25e-08,-0.0518163,-0.0293432,-0.050507000000000024,-0.028911150000000004,-0.0013092999999999785,-0.0004320499999999963,0.001378743519477042
0.07625,0.01625,0.005,6.25e-08,-0.0436167,-0.0286927,-0.04245015000000002,-0.028141425,-0.0011665499999999815,-0.0005512750000000004,0.0012902492116350845
0.07875,0.01625,0.005,6.25e-08,-0.035572,-0.0270814,-0.03458252499999998,-0.026447999999999992,-0.0009894750000000174,-0.0006334000000000062,0.0011748431110684705
0.08125,0.01625,0.005,6.25e-08,-0.0279335,-0.0245824,-0.027144149999999978,-0.023910899999999992,-0.000789350000000022,-0.0006715000000000089,0.0010363328000695755
0.08375,0.01625,0.005,6.25e-08,-0.0209349,-0.0213268,-0.020355049999999982,-0.020664374999999992,-0.0005798500000000172,-0.0006624250000000081,0.0008803595306038499
0.08625,0.01625,0.005,6.25e-08,-0.0147784,-0.0175036,-0.014402025000000016,-0.01689635000000001,-0.00037637499999998436,-0.0006072499999999897,0.0007144303346897973
0.08875,0.01625,0.005,6.25e-08,-0.00962039,-0.0133573,-0.009426482500000012,-0.012846950000000011,-0.0001939074999999877,-0.0005103499999999893,0.0005459461887917474
0.09125,0.01625,0.005,6.25e-08,-0.00555884,-0.00918415,-0.005514372500000009,-0.008805632500000011,-4.446749999999049e-05,-0.0003785174999999894,0.00038112052734337354
0.09375,0.01625,0.005,6.25e-08,-0.00262233,-0.00532761,-0.002690175,-0.0051092625000000004,6.784499999999997e-05,-0.00021834749999999955,0.00022864508475200118
0.09625,0.01625,0.005,6.25e-08,-0.000798286,-0.00217311,-0.0009155302499999965,-0.0021404474999999934,0.00011724424999999647,-3.2662500000006384e-05,0.00012170888654618483
0.09875,0.01625,0.005,6.25e-08,-8.11185e-05,-0.000165718,-9.458507499999892e-05,-0.000327043999999997,1.3466574999998918e-05,0.00016132599999999698,0.00016188708076381398
0.00125,0.01875,0.005,6.25e-08,-0.000315139,0.00277389,-0.0002543575,0.00284325,-6.0781499999999994e-05,-6.935999999999965e-05,9.222364307621962e-05
0.00375,0.01875,0.005,6.25e-08,-0.00200868,0.00860584,-0.0021520899999999997,0.0086547775,0.00014340999999999963,-4.893750000000037e-05,0.00015152988816154365
0.00625,0.01875,0.005,6.25e-08,-0.0055193,0.014202,-0.005632000000000001,0.014256225,0.0001127000000000003,-5.4225000000001494e-05,0.00012506654478716613
0.00875,0.01875,0.005,6.25e-08,-0.0103424,0.019251,-0.010408925000000003,0.019334175000000002,6.652500000000304e-05,-8.31750000000013e-05,0.00010650660190805367
0.01125,0.01875,0.005,6.25e-08,-0.0161776,0.0235863,-0.016230800000000004,0.023702650000000002,5.3200000000003245e-05,-0.00011635000000000117,0.00012793577490288093
0.01375,0.01875,0.005,6.25e-08,-0.0228202,0.0271293,-0.022873175000000003,0.027271125,5.2975000000003714e-05,-0.00014182500000000167,0.00015139577685655854
0.01625,0.01875,0.005,6.25e-08,-0.0300751,0.0298605,-0.030133900000000005,0.030014000000000002,5.880000000000468e-05,-0.00015350000000000086,0.00016437667109416961
0.01875,0.01875,0.005,6.25e-08,-0.0377605,0.0317972,-0.03782905,0.031944925,6.855000000000055e-05,-0.00014772500000000133,0.00016285508320282934
0.02125,0.01875,0.005,6.25e-08,-0.04571,0.0329733,-0.04578897500000001,0.033096999999999994,7.89750000000089e-05,-0.00012369999999999742,0.0001467608279650969
0.02375,0.01875,0.005,6.25e-08,-0.0537685,0.0334268,-0.053855275,0.033508325,8.677500000000421e-05,-8.152499999999896e-05,0.00011906395865248459
0.02625,0.01875,0.005,6.25e-08,-0.0617893,0.033191,-0.061877525,0.0332136,8.822500000000427e-05,-2.260000000000456e-05,9.10736549447806e-05
0.02875,0.01875,0.005,6.25e-08,-0.0696309,0.0322911,-0.0697111,0.032240275,8.020000000000249e-05,5.082500000000434e-05,9.494851565454218e-05
0.03125,0.01875,0.005,6.25e-08,-0.0771556,0.0307451,-0.077215125,0.030608575,5.9524999999990835e-05,0.00013652500000000192,0.00014893723929897262
0.03375,0.01875,0.005,6.25e-08,-0.084228,0.0285657,-0.0842516,0.02833445,2.3599999999998622e-05,0.00023124999999999882,0.00023245111851741946
0.03625,0.01875,0.005,6.25e-08,-0.0907149,0.0257654,-0.09068525000000001,0.025434175,-2.9649999999992183e-05,0.00033122500000000096,0.0003325494295965641
0.03875,0.01875,0.005,6.25e-08,-0.0964859,0.0223616,-0.096384275,0.021929775,-0.00010162499999999408,0.00043182500000000026,0.0004436219913958268
0.04125,0.01875,0.005,6.25e-08,-0.101415,0.0183823,-0.10122205000000001,0.017854425,-0.0001929499999999973,0.0005278750000000006,0.0005620335560489244
0.04375,0.01875,0.005,6.25e-08,-0.105384,0.0138712,-0.1050805,0.013257625,-0.0003035000000000121,0.0006135749999999999,0.0006845338053193627
0.04625,0.01875,0.005,6.25e-08,-0.108283,0.00889173,-0.10785125000000001,0.00820907,-0.00043174999999999464,0.0006826599999999999,0.0008077330859262824
0.04875,0.01875,0.005,6.25e-08,-0.110017,0.00353003,-0.109443,0.0028014500000000005,-0.0005740000000000051,0.0007285799999999995,0.0009275261809782002
0.05125,0.01875,0.005,6.25e-08,-0.110509,-0.00210325,-0.10978125,-0.00284856,-0.0007277499999999992,0.0007453099999999999,0.0010416847213048671
0.05375,0.01875,0.005,6.25e-08,-0.109704,-0.00787315,-0.10881750000000001,-0.00860086,-0.0008864999999999845,0.0007277099999999995,0.0011469281120017817
0.05625,0.01875,0.005,6.25e-08,-0.107575,-0.0136223,-0.10653225,-0.014294425,-0.001042750000000009,0.0006721249999999991,0.0012405964606289257
0.05875,0.01875,0.005,6.25e-08,-0.104126,-0.0191745,-0.10293725000000001,-0.019751824999999994,-0.0011887499999999884,0.0005773249999999931,0.0013215259052038915
0.06125,0.01875,0.005,6.25e-08,-0.099398,-0.0243409,-0.098082475,-0.024785575,-0.001315524999999998,0.000444675000000002,0.0013886475007178734
0.06375,0.01875,0.005,6.25e-08,-0.0934711,-0.0289277,-0.09205767499999998,-0.02920652500000001,-0.0014134250000000237,0.0002788250000000103,0.0014406642951257148
0.06625,0.01875,0.005,6.25e-08,-0.0864675,-0.0327455,-0.08499414999999998,-0.03283367500000001,-0.001473350000000026,8.817500000000977e-05,0.001475986129042234
0.06875,0.01875,0.005,6.25e-08,-0.0785518,-0.0356213,-0.07706407499999998,-0.03550527500000001,-0.001487725000000023,-0.00011602499999999183,0.001492242432130271
0.07125,0.01875,0.005,6.25e-08,-0.0699292,-0.0374103,-0.06847755000000001,-0.037090599999999994,-0.001451649999999985,-0.0003197000000000061,0.0014864372884518067
0.07375,0.01875,0.005,6.25e-08,-0.0608409,-0.0380085,-0.059477100000000026,-0.0375011,-0.0013637999999999775,-0.0005073999999999981,0.001455130647055424
0.07625,0.01875,0.005,6.25e-08,-0.0515559,-0.0373649,-0.05032862500000003,-0.036700925,-0.0012272749999999721,-0.0006639749999999972,0.0013953733286292697
0.07875,0.01875,0.005,6.25e-08,-0.0423599,-0.0354912,-0.04131037499999997,-0.03471497499999999,-0.0010495250000000303,-0.0007762250000000123,0.0013053842255252217
0.08125,0.01875,0.005,6.25e-08,-0.0335415,-0.0324689,-0.03269894999999998,-0.03163449999999999,-0.0008425500000000252,-0.0008344000000000129,0.0011857967205638848
0.08375,0.01875,0.005,6.25e-08,-0.0253758,-0.0284529,-0.02475437499999998,-0.027619349999999987,-0.0006214250000000192,-0.0008335500000000128,0.0010396992993770098
0.08625,0.01875,0.005,6.25e-08,-0.018108,-0.0236708,-0.01770477500000002,-0.022897000000000015,-0.0004032249999999793,-0.0007737999999999842,0.000872557643153138
0.08875,0.01875,0.005,6.25e-08,-0.0119378,-0.018419,-0.011732300000000015,-0.017759075000000013,-0.0002054999999999852,-0.0006599249999999883,0.0006911810584969603
0.09125,0.01875,0.005,6.25e-08,-0.00700302,-0.0130558,-0.0069615125000000114,-0.012555475000000016,-4.1507499999988984e-05,-0.0005003249999999838,0.0005020438010584663
0.09375,0.01875,0.005,6.25e-08,-0.0033667,-0.00799178,-0.003452155,-0.007687797499999999,8.545500000000034e-05,-0.000303982500000001,0.00031576560504787516
0.09625,0.01875,0.005,6.25e-08,-0.00105462,-0.00367814,-0.0011970224999999955,-0.00360176749999999,0.00014240249999999542,-7.637250000001004e-05,0.0001615896988130748
0.09875,0.01875,0.005,6.25e-08,-0.000116606,-0.000618008,-0.00012640114999999859,-0.0007791384999999944,9.795149999998584e-06,0.00016113049999999442,0.0001614279498530867
0.00125,0.02125,0.005,6.25e-08,-0.000365702,0.00388522,-0.00029236775,0.00391526,-7.333424999999996e-05,-3.0040000000000275e-05,7.924843104480057e-05
0.00375,0.02125,0.005,6.25e-08,-0.00230749,0.0115543,-0.0024640950000000003,0.011586925000000001,0.0001566050000000002,-3.26250000000014e-05,0.0001599672361766626
0.00625,0.02125,0.005,6.25e-08,-0.00630329,0.0186537,-0.006422675000000002,0.018709550000000002,0.00011938500000000223,-5.585000000000312e-05,0.00013180288587508575
0.00875,0.02125,0.005,6.25e-08,-0.0117545,0.0249152,-0.011821875000000004,0.025012850000000007,6.737500000000493e-05,-9.765000000000815e-05,0.00011863773904201924
0.01125,0.02125,0.005,6.25e-08,-0.0183054,0.0302078,-0.018360925,0.030347825000000002,5.552500000000071e-05,-0.00014002500000000195,0.00015063208904480022
0.01375,0.02125,0.005,6.25e-08,-0.0257186,0.0344827,-0.0257787,0.03465445,6.010000000000043e-05,-0.00017175000000000523,0.00018196173361452084
0.01625,0.02125,0.005,6.25e-08,-0.0337743,0.0377452,-0.03384672500000001,0.037931950000000006,7.24250000000079e-05,-0.00018675000000000636,0.0002003021296067606
0.01875,0.02125,0.005,6.25e-08,-0.042273,0.040032,-0.042362875,0.040213725000000006,8.987500000000315e-05,-0.00018172500000000757,0.000202735027190674
0.02125,0.02125,0.005,6.25e-08,-0.051036,0.0413922,-0.051145150000000014,0.041547925000000006,0.00010915000000001618,-0.00015572500000000933,0.00019016834154245138
0.02375,0.02125,0.005,6.25e-08,-0.0599001,0.0418748,-0.060026575000000006,0.0419836,0.00012647500000000783,-0.00010880000000000611,0.00016683334686148124
0.02625,0.02125,0.005,6.25e-08,-0.0687121,0.0415206,-0.068850625,0.04156317500000001,0.00013852500000000045,-4.2575000000009966e-05,0.00014491999948247644
0.02875,0.02125,0.005,6.25e-08,-0.0773257,0.04036,-0.07746767500000001,0.040319100000000004,0.0001419750000000164,4.0899999999996495e-05,0.00014774880921687445
0.03125,0.02125,0.005,6.25e-08,-0.0855987,0.0384138,-0.0857323,0.038274775000000004,0.0001335999999999976,0.00013902499999999401,0.00019281314951267637
0.03375,0.02125,0.005,6.25e-08,-0.0933911,0.035697,-0.0935019,0.03544875,0.00011079999999999424,0.00024824999999999847,0.00027185419345670934
0.03625,0.02125,0.005,6.25e-08,-0.100565,0.0322245,-0.10063582500000001,0.03185985000000001,7.082500000001046e-05,0.00036464999999999415,0.00037146440357724346
0.03875,0.02125,0.005,6.25e-08,-0.106984,0.0280169,-0.10699675,0.027533800000000004,1.2750000000005812e-05,0.0004830999999999967,0.0004832682200393452
0.04125,0.02125,0.005,6.25e-08,-0.112516,0.0231076,-0.11244950000000001,0.022509725000000005,-6.649999999999712e-05,0.0005978749999999942,0.00060156193831142
0.04375,0.02125,0.005,6.25e-08,-0.117033,0.0175481,-0.11686800000000001,0.016845750000000003,-0.0001649999999999846,0.0007023499999999974,0.0007214710822340639
0.04625,0.02125,0.005,6.25e-08,-0.120419,0.0114131,-0.12013375000000001,0.010623862500000003,-0.0002852499999999869,0.0007892374999999979,0.0008392040240050326
0.04875,0.02125,0.005,6.25e-08,-0.122564,0.00480409,-0.12214225000000002,0.003953032500000001,-0.00042174999999998464,0.0008510574999999986,0.000949827316308725
0.05125,0.02125,0.005,6.25e-08,-0.123381,-0.00214864,-0.12280600000000001,-0.0030290399999999998,-0.0005749999999999922,0.0008803999999999999,0.0010515365709284632
0.05375,0.02125,0.005,6.25e-08,-0.122799,-0.00928566,-0.12206100000000002,-0.0101563725,-0.0007379999999999887,0.0008707125000000007,0.0011413957497976915
0.05625,0.02125,0.005,6.25e-08,-0.120776,-0.0164201,-0.11987025000000001,-0.017237050000000004,-0.000905749999999983,0.0008169500000000038,0.0012197501240008035
0.05875,0.02125,0.005,6.25e-08,-0.117299,-0.0233414,-0.1162315,-0.024057924999999994,-0.001067499999999999,0.0007165249999999922,0.0012856766022701768
0.06125,0.02125,0.005,6.25e-08,-0.112396,-0.0298218,-0.11117925000000001,-0.030391625000000005,-0.0012167499999999887,0.0005698250000000064,0.0013435702784465647
0.06375,0.02125,0.005,6.25e-08,-0.106134,-0.035625,-0.10479274999999999,-0.03600605000000002,-0.001341250000000016,0.00038105000000002165,0.0013943280334985952
0.06625,0.02125,0.005,6.25e-08,-0.0986259,-0.040517,-0.09719639999999999,-0.04067582500000002,-0.001429500000000014,0.00015882500000002214,0.001438296085868639
0.06875,0.02125,0.005,6.25e-08,-0.0900355,-0.0442799,-0.08856302499999999,-0.04419582500000001,-0.0014724750000000147,-8.407499999998902e-05,0.0014748732932865934
0.07125,0.02125,0.005,6.25e-08,-0.0805732,-0.0467269,-0.07911082500000004,-0.046395525,-0.0014623749999999602,-0.0003313750000000018,0.0014994499095501272
0.07375,0.02125,0.005,6.25e-08,-0.0704947,-0.047718,-0.06909935000000003,-0.047153675000000006,-0.001395349999999962,-0.0005643249999999975,0.0015051459491108796
0.07625,0.02125,0.005,6.25e-08,-0.0600934,-0.0471755,-0.058821050000000034,-0.04641187500000001,-0.0012723499999999638,-0.00076362499999999,0.0014839129567211457
0.07875,0.02125,0.005,6.25e-08,-0.0496893,-0.0450975,-0.04858909999999998,-0.0441856,-0.0011002000000000164,-0.0009119000000000002,0.0014289862315641942
0.08125,0.02125,0.005,6.25e-08,-0.0396131,-0.0415677,-0.03872239999999998,-0.04057207499999999,-0.0008907000000000151,-0.000995625000000007,0.0013358950672208655
0.08375,0.02125,0.005,6.25e-08,-0.0301888,-0.036761,-0.02952842499999998,-0.03575369999999999,-0.0006603750000000186,-0.0010073000000000096,0.0012044701866900003
0.08625,0.02125,0.005,6.25e-08,-0.0217136,-0.0309423,-0.021285150000000023,-0.029996800000000025,-0.00042844999999997607,-0.0009454999999999741,0.001038046074362757
0.08875,0.02125,0.005,6.25e-08,-0.0144394,-0.0244617,-0.014224350000000021,-0.023646025000000022,-0.0002150499999999788,-0.0008156749999999775,0.000843547395304469
0.09125,0.02125,0.005,6.25e-08,-0.00855275,-0.0177432,-0.008517240000000016,-0.017115250000000023,-3.55099999999834e-05,-0.0006279499999999778,0.0006289532276727507
0.09375,0.02125,0.005,6.25e-08,-0.00415758,-0.0112698,-0.004264837500000001,-0.010875777500000001,0.00010725750000000096,-0.0003940224999999988,0.00040836001495310394
0.09625,0.02125,0.005,6.25e-08,-0.00132198,-0.00556556,-0.0014939924999999947,-0.005442887499999988,0.00017201249999999478,-0.00012267250000001177,0.00021127432975281472
0.09875,0.02125,0.005,6.25e-08,-0.000151834,-0.0012003,-0.00015946829999999822,-0.0013605687499999913,7.63429999999822e-06,0.00016026874999999123,0.00016045047448683242
0.00125,0.02375,0.005,6.25e-08,-0.000412045,0.00514582,-0.000327383,0.005129125,-8.4662e-05,1.669499999999973e-05,8.629239403910399e-05
0.00375,0.02375,0.005,6.25e-08,-0.00258268,0.0148776,-0.0027519099999999998,0.014891374999999998,0.00016922999999999981,-1.3774999999998858e-05,0.00016978970382505504
0.00625,0.02375,0.005,6.25e-08,-0.00702753,0.023643,-0.0071534350000000005,0.023702050000000002,0.0001259050000000008,-5.905000000000146e-05,0.00013906463074772239
0.00875,0.02375,0.005,6.25e-08,-0.0130623,0.0312282,-0.013130575000000002,0.03134505,6.827500000000132e-05,-0.0001168499999999982,0.00013533439372531936
0.01125,0.02375,0.005,6.25e-08,-0.0202804,0.0375496,-0.020338000000000002,0.037719925,5.76000000000014e-05,-0.00017032499999999895,0.0001798009055177415
0.01375,0.02375,0.005,6.25e-08,-0.028414,0.0425985,-0.0284808,0.042808075,6.680000000000227e-05,-0.0002095750000000035,0.00021996345293025788
0.01625,0.02375,0.005,6.25e-08,-0.0372202,0.0464136,-0.037306149999999996,0.046642425,8.594999999999436e-05,-0.00022882500000000194,0.00024443461932590466
0.01875,0.02375,0.005,6.25e-08,-0.0464832,0.0490576,-0.0465951,0.04928295,0.00011189999999999811,-0.00022534999999999916,0.0002516033237061848
0.02125,0.02375,0.005,6.25e-08,-0.0560135,0.0505994,-0.05615462500000001,0.050797625,0.00014112500000000583,-0.00019822499999999632,0.0002433298507170877
0.02375,0.02375,0.005,6.25e-08,-0.065641,0.0511021,-0.0658108,0.051249825,0.00016979999999999773,-0.00014772500000000133,0.0002250660250348764
0.02625,0.02375,0.005,6.25e-08,-0.0752083,0.050616,-0.075402775,0.0506914,0.0001944749999999995,-7.53999999999963e-05,0.00020858016594345506
0.02875,0.02375,0.005,6.25e-08,-0.084566,0.0491774,-0.08477815,0.04916065,0.0002121499999999943,1.6750000000002874e-05,0.00021281020887165556
0.03125,0.02375,0.005,6.25e-08,-0.0935696,0.0468105,-0.093789175,0.046684624999999993,0.00021957499999999963,0.00012587500000000446,0.00025309621935145726
0.03375,0.02375,0.005,6.25e-08,-0.102077,0.0435323,-0.10229074999999999,0.0432836,0.00021374999999998479,0.0002487000000000045,0.00032793406730621284
0.03625,0.02375,0.005,6.25e-08,-0.109947,0.0393591,-0.11013925000000001,0.038978349999999995,0.00019225000000000492,0.0003807500000000061,0.000426533263650101
0.03875,0.02375,0.005,6.25e-08,-0.11704,0.0343139,-0.117192,0.033797049999999995,0.00015199999999999936,0.0005168500000000062,0.000538737340918565
0.04125,0.02375,0.005,6.25e-08,-0.123218,0.0284338,-0.123309,0.02778295,9.100000000000774e-05,0.000650849999999998,0.0006571808902425563
0.04375,0.02375,0.005,6.25e-08,-0.128346,0.0217764,-0.12835524999999998,0.02100085,9.249999999988434e-06,0.0007755499999999999,0.0007756051605037189
0.04625,0.02375,0.005,6.25e-08,-0.132296,0.0144255,-0.13220075,0.013542674999999999,-9.524999999999118e-05,0.000882825000000002,0.0008879485025185873
0.04875,0.02375,0.005,6.25e-08,-0.13495,0.00649574,-0.1347275,0.005531557499999999,-0.0002224999999999866,0.0009641825000000007,0.000989522179289704
0.05125,0.02375,0.005,6.25e-08,-0.136201,-0.00186509,-0.1358315,-0.0028760825,-0.00036949999999999483,0.0010109925,0.0010763995935786329
0.05375,0.02375,0.005,6.25e-08,-0.135962,-0.0104749,-0.135429,-0.01149,-0.0005330000000000057,0.0010150999999999997,0.0011465238811293925
0.05625,0.02375,0.005,6.25e-08,-0.134171,-0.0191184,-0.133463,-0.020088175,-0.0007080000000000142,0.0009697749999999991,0.0012007195970021552
0.05875,0.02375,0.005,6.25e-08,-0.130795,-0.0275508,-0.12990825,-0.028421349999999988,-0.0008867499999999917,0.0008705499999999873,0.0012426515460900384
0.06125,0.02375,0.005,6.25e-08,-0.125839,-0.035504,-0.12477949999999999,-0.036220150000000007,-0.0010595000000000188,0.0007161500000000057,0.0012788319172197917
0.06375,0.02375,0.005,6.25e-08,-0.11935,-0.0426958,-0.11813774999999999,-0.043205550000000016,-0.001212250000000012,0.0005097500000000171,0.0013150646847208873
0.06625,0.02375,0.005,6.25e-08,-0.11143,-0.0488424,-0.11009424999999998,-0.049101825000000016,-0.0013357500000000244,0.0002594250000000145,0.001360709150819922
0.06875,0.02375,0.005,6.25e-08,-0.102231,-0.0536737,-0.10081624999999997,-0.053652500000000006,-0.001414750000000034,-2.119999999999206e-05,0.0014149088318687166
0.07125,0.02375,0.005,6.25e-08,-0.0919653,-0.0569515,-0.09052570000000004,-0.056637925,-0.0014395999999999576,-0.00031357500000000343,0.0014733558431773636
0.07375,0.02375,0.005,6.25e-08,-0.0808999,-0.0584893,-0.07949725000000002,-0.057893599999999996,-0.0014026499999999775,-0.0005957000000000046,0.0015239046927219373
0.07625,0.02375,0.005,6.25e-08,-0.0693521,-0.0581719,-0.06805005000000003,-0.05732820000000001,-0.0013020499999999713,-0.0008436999999999889,0.0015515037520096129
0.07875,0.02375,0.005,6.25e-08,-0.0576782,-0.0559732,-0.05653549999999997,-0.054938299999999995,-0.0011427000000000312,-0.0010349000000000053,0.001541681322452887
0.08125,0.02375,0.005,6.25e-08,-0.0462569,-0.0519708,-0.04532089999999997,-0.05081969999999999,-0.0009360000000000271,-0.001151100000000009,0.001483619631172381
0.08375,0.02375,0.005,6.25e-08,-0.0354687,-0.0463533,-0.03476934999999998,-0.04517244999999998,-0.0006993500000000222,-0.001180850000000018,0.0013724056051328535
0.08625,0.02375,0.005,6.25e-08,-0.0256729,-0.0394213,-0.025218525000000026,-0.03830017500000002,-0.00045437499999997216,-0.0011211249999999798,0.0012097015773528319
0.08875,0.02375,0.005,6.25e-08,-0.0171847,-0.0315796,-0.01695997500000002,-0.03060240000000002,-0.0002247249999999812,-0.0009771999999999802,0.0010027069191069506
0.09125,0.02375,0.005,6.25e-08,-0.010249,-0.0233232,-0.010220952500000016,-0.02256182500000002,-2.804749999998392e-05,-0.0007613749999999773,0.0007618914311640567
0.09375,0.02375,0.005,6.25e-08,-0.00501887,-0.0152158,-0.005151302500000001,-0.014727124999999999,0.00013243250000000064,-0.0004886750000000009,0.0005063019086288843
0.09625,0.02375,0.005,6.25e-08,-0.00161036,-0.00786464,-0.0018161124999999932,-0.007693244999999982,0.00020575249999999325,-0.00017139500000001862,0.0002677878587263687
0.09875,0.02375,0.005,6.25e-08,-0.000188845,-0.00191974,-0.00019507124999999784,-0.002079399999999987,6.226249999997826e-06,0.00015965999999998683,0.0001597813561998341
0.00125,0.02625,0.005,6.25e-08,-0.000453967,0.00654291,-0.00035914225,0.0064727625,-9.482475000000001e-05,7.014750000000017e-05,0.00011795085827925343
0.00375,0.02625,0.005,6.25e-08,-0.00283219,0.0185448,-0.0030131025,0.018537025,0.00018091249999999982,7.77500000000153e-06,0.00018107949436987602
0.00625,0.02625,0.005,6.25e-08,-0.00768543,0.0291267,-0.007817457500000001,0.029190175,0.0001320275000000013,-6.347500000000034e-05,0.0001464934687323991
0.00875,0.02625,0.005,6.25e-08,-0.0142527,0.03814,-0.014321725000000002,0.038280025,6.902500000000207e-05,-0.00014002500000000195,0.00015611358445055584
0.01125,0.02625,0.005,6.25e-08,-0.0220819,0.0455582,-0.0221411,0.04576505,5.919999999999884e-05,-0.00020685000000000148,0.00021515474082622597
0.01375,0.02625,0.005,6.25e-08,-0.0308775,0.0514225,-0.030950349999999998,0.051677475,7.28499999999993e-05,-0.00025497499999999756,0.0002651780027170403
0.01625,0.02625,0.005,6.25e-08,-0.0403762,0.0558125,-0.040474775000000004,0.0560922,9.857500000000352e-05,-0.0002797000000000008,0.00029656216991551894
0.01875,0.02625,0.005,6.25e-08,-0.0503472,0.0588234,-0.050480575,0.0591022,0.00013337499999999808,-0.00027880000000000266,0.0003090603996389718
0.02125,0.02625,0.005,6.25e-08,-0.0605923,0.0605485,-0.060765475000000006,0.0608002,0.00017317500000000458,-0.00025170000000000053,0.0003055200003682277
0.02375,0.02625,0.005,6.25e-08,-0.0709359,0.0610682,-0.071150325,0.061267249999999995,0.0002144250000000042,-0.0001990499999999923,0.0002925730389577938
0.02625,0.02625,0.005,6.25e-08,-0.081218,0.0604444,-0.08147172500000001,0.06056665,0.0002537250000000102,-0.00012224999999999736,0.00028164061874133946
0.02875,0.02625,0.005,6.25e-08,-0.0912885,0.0587205,-0.091576275,0.058743750000000004,0.000287775000000004,-2.3250000000002435e-05,0.00028871268265353775
0.03125,0.02625,0.005,6.25e-08,-0.101003,0.0559243,-0.101315875,0.05582912500000001,0.0003128750000000041,9.517499999999596e-05,0.0003270306503219565
0.03375,0.02625,0.005,6.25e-08,-0.110218,0.0520745,-0.11054625,0.051844749999999995,0.00032825000000000215,0.00022975000000000773,0.0004006658520513134
0.03625,0.02625,0.005,6.25e-08,-0.118793,0.047188,-0.11912125000000001,0.0468119,0.00032825000000001603,0.0003761000000000042,0.0004991986303066282
0.03875,0.02625,0.005,6.25e-08,-0.126585,0.0412887,-0.12689650000000002,0.040759624999999994,0.0003115000000000201,0.0005290750000000038,0.000613964661544145
0.04125,0.02625,0.005,6.25e-08,-0.133452,0.0344152,-0.13372625,0.033732975,0.00027425000000000366,0.0006822250000000016,0.0007352849876918501
0.04375,0.02625,0.005,6.25e-08,-0.139253,0.0266287,-0.13946799999999998,0.0258007,0.00021499999999999297,0.0008280000000000023,0.0008554583566720246
0.04625,0.02625,0.005,6.25e-08,-0.14385,0.0180194,-0.14398075,0.01706145,0.00013074999999998504,0.0009579500000000025,0.0009668318183634633
0.04875,0.02625,0.005,6.25e-08,-0.147111,0.0087115,-0.14713175,0.0076490025,2.0750000000013813e-05,0.0010624975000000005,0.0010627000988078677
0.05125,0.02625,0.005,6.25e-08,-0.148912,-0.00113276,-0.14879775,-0.0022646297500000002,-0.00011424999999998242,0.0011318697500000002,0.0011376212873645865
0.05375,0.02625,0.005,6.25e-08,-0.149146,-0.0113115,-0.1488725,-0.01246785,-0.00027350000000000985,0.0011563500000000004,0.001188254001676412
0.05625,0.02625,0.005,6.25e-08,-0.147726,-0.0215834,-0.14727375,-0.0227105,-0.0004522499999999874,0.0011271000000000024,0.0012144482172987015
0.05875,0.02625,0.005,6.25e-08,-0.144592,-0.0316703,-0.14394825,-0.032707649999999984,-0.0006437499999999985,0.0010373499999999855,0.0012208640731055885
0.06125,0.02625,0.005,6.25e-08,-0.139722,-0.0412631,-0.13888325,-0.042146675,-0.0008387499999999992,0.0008835750000000045,0.0012182800758138526
0.06375,0.02625,0.005,6.25e-08,-0.133138,-0.0500309,-0.13211374999999997,-0.05069780000000002,-0.001024250000000032,0.0006669000000000189,0.0012222289771152094
0.06625,0.02625,0.005,6.25e-08,-0.124917,-0.0576345,-0.12373024999999997,-0.058028700000000016,-0.001186750000000028,0.00039420000000001815,0.001250507577945884
0.06875,0.02625,0.005,6.25e-08,-0.115198,-0.0637436,-0.11388774999999998,-0.06382250000000002,-0.0013102500000000128,7.890000000002062e-05,0.0013126234313389491
0.07125,0.02625,0.005,6.25e-08,-0.104184,-0.0680581,-0.10280565000000003,-0.06779917499999999,-0.0013783499999999727,-0.00025892500000000707,0.0014024588686036138
0.07375,0.02625,0.005,6.25e-08,-0.0921518,-0.070332,-0.09076940000000003,-0.06973835,-0.001382399999999978,-0.0005936500000000011,0.0015044766806102184
0.07625,0.02625,0.005,6.25e-08,-0.0794385,-0.0703987,-0.07812410000000003,-0.06950215,-0.0013143999999999656,-0.000896549999999996,0.0015910528785995463
0.07875,0.02625,0.005,6.25e-08,-0.0664382,-0.0681945,-0.06526162499999996,-0.06705584999999999,-0.0011765750000000408,-0.0011386500000000188,0.0016373309235231401
0.08125,0.02625,0.005,6.25e-08,-0.0535822,-0.063779,-0.05260307499999997,-0.062483099999999986,-0.000979125000000032,-0.0012959000000000165,0.0016242052135198636
0.08375,0.02625,0.005,6.25e-08,-0.041316,-0.0573463,-0.04057609999999997,-0.05599479999999998,-0.0007399000000000294,-0.0013515000000000263,0.0015407804061579036
0.08625,0.02625,0.005,6.25e-08,-0.0300722,-0.0492282,-0.02958895000000003,-0.047928925000000025,-0.0004832499999999698,-0.0012992749999999748,0.0013862344996878795
0.08875,0.02625,0.005,6.25e-08,-0.0202412,-0.0398861,-0.020004925000000028,-0.03874162500000002,-0.0002362749999999733,-0.0011444749999999781,0.0011686098156570212
0.09125,0.02625,0.005,6.25e-08,-0.0121391,-0.029892,-0.01211872500000002,-0.02899072500000003,-2.0374999999980478e-05,-0.0009012749999999688,0.000901505277993392
0.09375,0.02625,0.005,6.25e-08,-0.00597837,-0.019901,-0.0061385549999999995,-0.019312375,0.00016018499999999932,-0.0005886249999999989,0.0006100316588915681
0.09625,0.02625,0.005,6.25e-08,-0.00193114,-0.0106175,-0.0021745724999999915,-0.010394709999999977,0.00024343249999999152,-0.00022279000000002304,0.00032999206983843737
0.09875,0.02625,0.005,6.25e-08,-0.000229842,-0.00278919,-0.0002346487499999974,-0.002948882499999982,4.806749999997377e-06,0.00015969249999998186,0.00015976482529582876
0.00125,0.02875,0.005,6.25e-08,-0.000491074,0.00806256,-0.0003873055,0.0079328975,-0.00010376849999999997,0.0001296625000000006,0.00016607307276768305
0.00375,0.02875,0.005,6.25e-08,-0.00305343,0.0225211,-0.0032448449999999997,0.022489375,0.00019141499999999947,3.172499999999981e-05,0.00019402622979896244
0.00625,0.02875,0.005,6.25e-08,-0.00826985,0.0350563,-0.008407330000000001,0.0351248,0.0001374800000000006,-6.849999999999912e-05,0.00015360013151036048
0.00875,0.02875,0.005,6.25e-08,-0.0153123,0.0455935,-0.015381725000000002,0.04575997500000001,6.942500000000316e-05,-0.0001664750000000062,0.00018037116246784712
0.01125,0.02875,0.005,6.25e-08,-0.0236888,0.0541725,-0.023748975,0.05442105,6.017499999999912e-05,-0.00024855000000000016,0.00025573058699537675
0.01375,0.02875,0.005,6.25e-08,-0.03308,0.0608923,-0.033157575,0.061199525000000005,7.757500000000334e-05,-0.00030722500000000125,0.000316867608395054
0.01625,0.02875,0.005,6.25e-08,-0.0432044,0.0658807,-0.04331405,0.06621955,0.0001096500000000028,-0.00033885000000000165,0.00035614947002628227
0.01875,0.02875,0.005,6.25e-08,-0.0538189,0.0692712,-0.053971849999999995,0.069613075,0.00015294999999999198,-0.0003418749999999915,0.0003745293287914736
0.02125,0.02875,0.005,6.25e-08,-0.0647177,0.0711859,-0.064921425,0.0715023,0.00020372500000000182,-0.00031640000000000834,0.00037631480920235653
0.02375,0.02875,0.005,6.25e-08,-0.0757218,0.0717259,-0.075979925,0.07198915,0.00025812499999999794,-0.00026325000000000653,0.000368685608784778
0.02625,0.02875,0.005,6.25e-08,-0.0866705,0.070967,-0.08698337499999999,0.071150825,0.00031287499999999024,-0.00018382499999999857,0.0003628806914813647
0.02875,0.02875,0.005,6.25e-08,-0.0974144,0.0689606,-0.097779475,0.06904085,0.00036507500000000637,-8.025000000000393e-05,0.0003737911423843605
0.03125,0.02875,0.005,6.25e-08,-0.107811,0.0657389,-0.1082225,0.06569370000000001,0.0004114999999999952,4.5199999999995244e-05,0.000413974987167094
0.03375,0.02875,0.005,6.25e-08,-0.117719,0.0613217,-0.11816825,0.061132375,0.00044924999999999826,0.00018932499999999713,0.0004875136081434008
0.03625,0.02875,0.005,6.25e-08,-0.126999,0.0557257,-0.12747325,0.0553776,0.0004742500000000094,0.00034810000000000396,0.0005882913160161484
0.03875,0.02875,0.005,6.25e-08,-0.135507,0.0489735,-0.13599175,0.048457175000000005,0.000484750000000006,0.000516324999999998,0.0007082189408120936
0.04125,0.02875,0.005,6.25e-08,-0.1431,0.0411031,-0.1435755,0.040415275,0.0004754999999999898,0.0006878249999999961,0.0008361838796729969
0.04375,0.02875,0.005,6.25e-08,-0.14963,0.0321761,-0.150074,0.031320975,0.00044399999999999995,0.0008551249999999982,0.0009635220628636362
0.04625,0.02875,0.005,6.25e-08,-0.154951,0.0222852,-0.155337,0.021275875,0.00038599999999999746,0.0010093250000000019,0.0010806169328790854
0.04875,0.02875,0.005,6.25e-08,-0.158916,0.0115602,-0.1592155,0.010420005,0.0002995000000000081,0.001140195,0.0011788744157139916
0.05125,0.02875,0.005,6.25e-08,-0.161383,0.000173508,-0.16156625,-0.001063631,0.00018324999999999592,0.001237139,0.0012506372247062688
0.05375,0.02875,0.005,6.25e-08,-0.162224,-0.0116574,-0.16225875,-0.012946125,3.475000000000006e-05,0.0012887249999999992,0.001289193425411795
0.05625,0.02875,0.005,6.25e-08,-0.161321,-0.0236686,-0.16118,-0.0249525,-0.00014100000000000223,0.0012838999999999975,0.0012916192202038473
0.05875,0.02875,0.005,6.25e-08,-0.158586,-0.0355507,-0.15824425,-0.03676404999999998,-0.0003417500000000018,0.0012133499999999811,0.0012605599093259928
0.06125,0.02875,0.005,6.25e-08,-0.153961,-0.0469541,-0.15340399999999998,-0.048024475000000004,-0.0005570000000000019,0.0010703750000000053,0.001206628211432591
0.06375,0.02875,0.005,6.25e-08,-0.147435,-0.0574973,-0.14665999999999996,-0.05835050000000003,-0.0007750000000000534,0.0008532000000000262,0.001152638382147726
0.06625,0.02875,0.005,6.25e-08,-0.139054,-0.0667807,-0.13807424999999995,-0.06734682500000003,-0.000979750000000057,0.0005661250000000284,0.001131550961346922
0.06875,0.02875,0.005,6.25e-08,-0.12893,-0.0744053,-0.12777824999999998,-0.07462690000000002,-0.001151750000000007,0.0002216000000000301,0.001172874512682422
0.07125,0.02875,0.005,6.25e-08,-0.117256,-0.0799972,-0.11598150000000004,-0.07983744999999998,-0.0012744999999999562,-0.00015975000000002793,0.001284472776083595
0.07375,0.02875,0.005,6.25e-08,-0.104303,-0.0832361,-0.10297427500000003,-0.08268667499999999,-0.001328724999999975,-0.0005494250000000062,0.001437837945058462
0.07625,0.02875,0.005,6.25e-08,-0.0904284,-0.0838871,-0.08912332500000003,-0.082973775,-0.001305074999999975,-0.0009133250000000065,0.0015929166052401948
0.07875,0.02875,0.005,6.25e-08,-0.0760609,-0.0818317,-0.07486152499999996,-0.0806161,-0.0011993750000000442,-0.0012155999999999972,0.0017076837384671377
0.08125,0.02875,0.005,6.25e-08,-0.0616879,-0.0770952,-0.06066852499999996,-0.07567112499999999,-0.0010193750000000376,-0.0014240750000000107,0.0017513180739803114
0.08375,0.02875,0.005,6.25e-08,-0.0478279,-0.0698654,-0.047045074999999964,-0.06835014999999998,-0.0007828250000000356,-0.0015152500000000096,0.0017055197281547595
0.08625,0.02875,0.005,6.25e-08,-0.0349982,-0.060499,-0.03448202500000003,-0.059020575000000026,-0.0005161749999999729,-0.0014784249999999707,0.0015659428824991942
0.08875,0.02875,0.005,6.25e-08,-0.0236794,-0.0495137,-0.02342802500000003,-0.04819652500000003,-0.00025137499999997037,-0.001317174999999969,0.0013409471918199851
0.09125,0.02875,0.005,6.25e-08,-0.0142735,-0.0375661,-0.014259500000000022,-0.03651777500000004,-1.3999999999977572e-05,-0.001048324999999961,0.0010484184782923837
0.09375,0.02875,0.005,6.25e-08,-0.00706571,-0.0254156,-0.007255517499999999,-0.0247207,0.00018980749999999904,-0.0006948999999999983,0.0007203560904554408
0.09625,0.02875,0.005,6.25e-08,-0.00229632,-0.0138806,-0.0025812824999999905,-0.013603074999999971,0.00028496249999999035,-0.00027752500000002844,0.00039777349337438293
0.09875,0.02875,0.005,6.25e-08,-0.000277059,-0.00382773,-0.0002797129999999969,-0.003987934999999976,2.653999999996902e-06,0.00016020499999997622,0.00016022698193810043
0.00125,0.03125,0.005,6.25e-08,-0.000522844,0.00968937,-0.00041148175000000004,0.00949482,-0.00011136224999999992,0.00019454999999999993,0.0002241679130140227
0.00375,0.03125,0.005,6.25e-08,-0.00324346,0.0267682,-0.0034440024999999996,0.026710075,0.00020054249999999947,5.812499999999915e-05,0.00020879609654217603
0.00625,0.03125,0.005,6.25e-08,-0.00877312,0.0413778,-0.00891519,0.041451425,0.00014206999999999935,-7.362500000000077e-05,0.00016001414164066853
0.00875,0.03125,0.005,6.25e-08,-0.0162271,0.053525,-0.016296425000000003,0.053720175,6.932500000000202e-05,-0.00019517499999999882,0.00020712130805399965
0.01125,0.03125,0.005,6.25e-08,-0.0250798,0.0633235,-0.025139925,0.06361787499999999,6.012500000000115e-05,-0.0002943749999999856,0.000300452419277981
0.01375,0.03125,0.005,6.25e-08,-0.0349918,0.0709372,-0.035072325,0.071302325,8.052499999999796e-05,-0.0003651249999999939,0.0003738991057090071
0.01625,0.03125,0.005,6.25e-08,-0.0456662,0.0765482,-0.04578430000000001,0.076953375,0.00011810000000000986,-0.0004051750000000076,0.00042203600631345246
0.01875,0.03125,0.005,6.25e-08,-0.0568497,0.0803335,-0.057019249999999994,0.080747325,0.00016954999999999054,-0.00041382499999999267,0.0004472117318731595
0.02125,0.03125,0.005,6.25e-08,-0.068331,0.0824486,-0.068561825,0.08284037500000001,0.00023082500000000394,-0.00039177500000001086,0.0004547173091603291
0.02375,0.03125,0.005,6.25e-08,-0.0799292,0.0830184,-0.080227625,0.083358475,0.00029842499999999106,-0.00034007499999999524,0.0004524472192974463
0.02625,0.03125,0.005,6.25e-08,-0.0914844,0.0821347,-0.09185357499999999,0.08239515,0.00036917499999999936,-0.0002604499999999954,0.0004518012650768003
0.02875,0.03125,0.005,6.25e-08,-0.10285,0.0798588,-0.10329025,0.08001335000000001,0.00044025000000000314,-0.00015455000000001717,0.0004665895037396449
0.03125,0.03125,0.005,6.25e-08,-0.113888,0.0762272,-0.1143955,0.076251925,0.0005074999999999941,-2.4725000000003217e-05,0.0005081019342858223
0.03375,0.03125,0.005,6.25e-08,-0.12446,0.0712609,-0.12503,0.07113472500000001,0.0005700000000000011,0.00012617499999999227,0.0005837980221146688
0.03625,0.03125,0.005,6.25e-08,-0.13443,0.0649751,-0.13505325,0.06468035,0.0006232500000000196,0.0002947499999999964,0.0006894331911070299
0.03875,0.03125,0.005,6.25e-08,-0.143658,0.0573894,-0.1443205,0.056913225,0.0006624999999999825,0.0004761750000000023,0.0008158730787475335
0.04125,0.03125,0.005,6.25e-08,-0.151997,0.0485383,-0.1526825,0.047873700000000005,0.0006855000000000055,0.0006645999999999944,0.0009547792467371713
0.04375,0.03125,0.005,6.25e-08,-0.159298,0.0384801,-0.1599845,0.03762735,0.0006865000000000065,0.0008527500000000063,0.0010947441767372044
0.04625,0.03125,0.005,6.25e-08,-0.165406,0.0273058,-0.16606675,0.026273925,0.0006607500000000155,0.0010318750000000015,0.0012252985669317597
0.04875,0.03125,0.005,6.25e-08,-0.170161,0.0151461,-0.17076524999999998,0.013954525,0.0006042499999999729,0.0011915749999999985,0.0013360273362191973
0.05125,0.03125,0.005,6.25e-08,-0.173405,0.00217797,-0.17391775,0.0008576387499999999,0.0005127500000000063,0.00132033125,0.0014163993689022064
0.05375,0.03125,0.005,6.25e-08,-0.174982,-0.0113707,-0.1753665,-0.012776049999999999,0.00038450000000000983,0.0014053499999999997,0.001456999956245712
0.05625,0.03125,0.005,6.25e-08,-0.174748,-0.0252179,-0.174966,-0.026651499999999998,0.00021800000000002373,0.0014335999999999967,0.001450080328809408
0.05875,0.03125,0.005,6.25e-08,-0.172577,-0.0390272,-0.1725935,-0.04041979999999998,1.6500000000002624e-05,0.00139259999999998,0.001392697745384814
0.06125,0.03125,0.005,6.25e-08,-0.168374,-0.0524103,-0.16815950000000002,-0.053682524999999995,-0.0002144999999999786,0.0012722249999999949,0.0012901808790340128
0.06375,0.03125,0.005,6.25e-08,-0.162085,-0.0649346,-0.16162349999999998,-0.06600122500000002,-0.00046150000000003133,0.0010666250000000294,0.0011621837809163795
0.06625,0.03125,0.005,6.25e-08,-0.153715,-0.0761362,-0.15300724999999996,-0.07691267500000003,-0.0007077500000000347,0.0007764750000000264,0.0010506300434144696
0.06875,0.03125,0.005,6.25e-08,-0.143343,-0.0855396,-0.14240824999999996,-0.08595085000000002,-0.0009347500000000397,0.00041125000000002965,0.0010212169823304441
0.07125,0.03125,0.005,6.25e-08,-0.131134,-0.0926847,-0.13001550000000003,-0.09267562499999998,-0.0011184999999999667,-9.075000000011157e-06,0.0011185368146042068
0.07375,0.03125,0.005,6.25e-08,-0.117349,-0.0971603,-0.11611325000000003,-0.09670625,-0.001235749999999966,-0.0004540500000000114,0.0013165255276674003
0.07625,0.03125,0.005,6.25e-08,-0.102352,-0.098643,-0.10108385000000004,-0.09775865,-0.001268149999999954,-0.0008843499999999921,0.001546052827363887
0.07875,0.03125,0.005,6.25e-08,-0.0866048,-0.0969378,-0.08539804999999995,-0.09568137499999999,-0.001206750000000048,-0.0012564250000000193,0.001742081899086597
0.08125,0.03125,0.005,6.25e-08,-0.0706513,-0.092015,-0.06959677499999994,-0.09048669999999998,-0.0010545250000000561,-0.001528300000000024,0.001856804746230791
0.08375,0.03125,0.005,6.25e-08,-0.055089,-0.084039,-0.05426142499999996,-0.08237159999999998,-0.0008275750000000387,-0.0016674000000000272,0.0018614787510538913
0.08625,0.03125,0.005,6.25e-08,-0.0405324,-0.0733808,-0.039978100000000044,-0.07172467500000003,-0.000554299999999959,-0.0016561249999999667,0.001746424491818883
0.08875,0.03125,0.005,6.25e-08,-0.0275683,-0.0606126,-0.027296800000000038,-0.05911732500000004,-0.00027149999999996274,-0.0014952749999999626,0.0015197235194682182
0.09125,0.03125,0.005,6.25e-08,-0.0167028,-0.0464825,-0.016692500000000027,-0.045278975000000034,-1.0299999999973525e-05,-0.0012035249999999692,0.0012035690738902048
0.09375,0.03125,0.005,6.25e-08,-0.00831106,-0.0318689,-0.0085316275,-0.031060300000000002,0.00022056749999999938,-0.0008085999999999961,0.0008381431751534121
0.09625,0.03125,0.005,6.25e-08,-0.00271815,-0.0177253,-0.0030484424999999886,-0.017388499999999963,0.0003302924999999887,-0.0003368000000000364,0.00047172807374192504
0.09875,0.03125,0.005,6.25e-08,-0.000332754,-0.00506085,-0.0003318077499999963,-0.005221322499999969,-9.462500000037045e-07,0.00016047249999996856,0.0001604752898277564
0.00125,0.03375,0.005,6.25e-08,-0.000548698,0.0114064,-0.00043126375,0.01114227,-0.00011743425,0.0002641300000000013,0.0002890596131822348
0.00375,0.03375,0.005,6.25e-08,-0.00339923,0.0312441,-0.0036074099999999997,0.0311571,0.00020817999999999965,8.700000000000027e-05,0.00022562781832034787
0.00625,0.03375,0.005,6.25e-08,-0.0091876,0.0480316,-0.009333200000000002,0.048109925,0.00014560000000000094,-7.832499999999715e-05,0.00016533047397560992
0.00875,0.03375,0.005,6.25e-08,-0.0169835,0.0618639,-0.017051825000000003,0.06208905000000001,6.83250000000045e-05,-0.0002251500000000073,0.0002352888185294913
0.01125,0.03375,0.005,6.25e-08,-0.0262342,0.0729343,-0.026292725,0.07327729999999999,5.8525000000000243e-05,-0.0003429999999999961,0.00034795714624792136
0.01375,0.03375,0.005,6.25e-08,-0.0365837,0.0814773,-0.0366648,0.08190485,8.110000000000062e-05,-0.00042754999999999876,0.00043517377276209906
0.01625,0.03375,0.005,6.25e-08,-0.0477229,0.0877348,-0.047846099999999996,0.088212475,0.00012319999999999692,-0.00047767499999999685,0.000493306847332364
0.01875,0.03375,0.005,6.25e-08,-0.0593905,0.0919322,-0.059572150000000004,0.0924258,0.00018165000000000542,-0.0004935999999999968,0.0005259635752597311
0.02125,0.03375,0.005,6.25e-08,-0.0713711,0.0942619,-0.0716239,0.09473875000000001,0.00025279999999999747,-0.00047685000000001476,0.0005397163722734496
0.02375,0.03375,0.005,6.25e-08,-0.0834837,0.094876,-0.0838167,0.0953049,0.00033299999999999996,-0.00042889999999999595,0.0005429955893006834
0.02625,0.03375,0.005,6.25e-08,-0.095571,0.093885,-0.095990075,0.09423625,0.000419074999999991,-0.0003512499999999974,0.0005468093069114595
0.02875,0.03375,0.005,6.25e-08,-0.107491,0.0913609,-0.10799924999999999,0.091606775,0.0005082499999999879,-0.0002458750000000065,0.0005645994847013154
0.03125,0.03375,0.005,6.25e-08,-0.11911,0.087346,-0.11970800000000001,0.087460475,0.0005980000000000152,-0.00011447500000000277,0.0006088583789560745
0.03375,0.03375,0.005,6.25e-08,-0.130298,0.0818618,-0.13098375,0.081821425,0.0006857500000000127,4.0374999999995276e-05,0.0006869375540214824
0.03625,0.03375,0.005,6.25e-08,-0.140923,0.0749212,-0.14169025,0.0747054,0.0007672499999999971,0.00021579999999998822,0.000797020829401585
0.03875,0.03375,0.005,6.25e-08,-0.15085,0.0665387,-0.151688,0.06613122499999999,0.0008379999999999777,0.00040747500000001824,0.000931815365630433
0.04125,0.03375,0.005,6.25e-08,-0.159935,0.0567426,-0.16082875,0.056132125,0.0008937499999999987,0.0006104749999999992,0.0010823441172404444
0.04375,0.03375,0.005,6.25e-08,-0.168026,0.0455842,-0.168956,0.04476635,0.0009299999999999864,0.000817849999999995,0.0012384581634031755
0.04625,0.03375,0.005,6.25e-08,-0.174962,0.033148,-0.17590375,0.032126575,0.0009417499999999912,0.0010214249999999994,0.0013893171319482756
0.04875,0.03375,0.005,6.25e-08,-0.180575,0.0195602,-0.181496,0.0183491,0.0009209999999999774,0.0012110999999999997,0.0015215137889614927
0.05125,0.03375,0.005,6.25e-08,-0.184688,0.00499624,-0.1855505,0.0036214625,0.000862500000000016,0.0013747775,0.0016229354344847726
0.05375,0.03375,0.005,6.25e-08,-0.187123,-0.0103119,-0.18788425,-0.011810689999999999,0.0007612499999999911,0.0014987899999999981,0.00168103332108557
0.05625,0.03375,0.005,6.25e-08,-0.187705,-0.0260707,-0.18831825,-0.027638875,0.0006132499999999819,0.0015681750000000015,0.0016838195844938325
0.05875,0.03375,0.005,6.25e-08,-0.18627,-0.0419221,-0.18668925,-0.04348949999999998,0.0004192500000000099,0.0015673999999999827,0.0016225021795054557
0.06125,0.03375,0.005,6.25e-08,-0.182678,-0.0574433,-0.18286125000000003,-0.058925725000000005,0.00018325000000002367,0.0014824250000000025,0.0014937082858192277
0.06375,0.03375,0.005,6.25e-08,-0.176829,-0.0721524,-0.17674299999999998,-0.07345477500000004,-8.600000000000274e-05,0.0013023750000000361,0.0013052113394485564
0.06625,0.03375,0.005,6.25e-08,-0.168678,-0.0855191,-0.16830549999999997,-0.08654217500000003,-0.0003725000000000256,0.001023075000000026,0.0010887785383745733
0.06875,0.03375,0.005,6.25e-08,-0.158255,-0.096985,-0.15760049999999998,-0.09763415000000002,-0.0006545000000000301,0.000649150000000015,0.0009218275177602689
0.07125,0.03375,0.005,6.25e-08,-0.145686,-0.105992,-0.14478125000000003,-0.10618999999999998,-0.000904749999999982,0.00019799999999997597,0.0009261622765476673
0.07375,0.03375,0.005,6.25e-08,-0.131206,-0.112019,-0.13011250000000005,-0.11171999999999999,-0.0010934999999999417,-0.0002990000000000076,0.001133641587980909
0.07625,0.03375,0.005,6.25e-08,-0.115177,-0.114633,-0.11398100000000005,-0.11383399999999999,-0.001195999999999947,-0.000799000000000008,0.0014383382773186168
0.07875,0.03375,0.005,6.25e-08,-0.098081,-0.113536,-0.09688822499999994,-0.11228474999999999,-0.0011927750000000625,-0.0012512500000000093,0.0017286812207938087
0.08125,0.03375,0.005,6.25e-08,-0.0805162,-0.108615,-0.07943499999999995,-0.10701524999999998,-0.001081200000000046,-0.0015997500000000248,0.0019308530504676368
0.08375,0.03375,0.005,6.25e-08,-0.0631629,-0.0999887,-0.06228977499999995,-0.09818707499999997,-0.000873125000000044,-0.001801625000000029,0.0020020489270370445
0.08625,0.03375,0.005,6.25e-08,-0.0467441,-0.0880254,-0.04614605000000005,-0.08619635000000003,-0.0005980499999999472,-0.001829049999999971,0.001924340849485826
0.08875,0.03375,0.005,6.25e-08,-0.0319711,-0.0733464,-0.031673025000000035,-0.07166845000000005,-0.0002980749999999671,-0.0016779499999999559,0.0017042197358688323
0.09125,0.03375,0.005,6.25e-08,-0.0194755,-0.0567965,-0.01946477500000003,-0.05542885000000005,-1.0724999999968399e-05,-0.0013676499999999495,0.0013676920516420576
0.09375,0.03375,0.005,6.25e-08,-0.00974421,-0.0393896,-0.00999579,-0.0384583,0.0002515799999999995,-0.000931299999999996,0.0009646824277450027
0.09625,0.03375,0.005,6.25e-08,-0.00320888,-0.0222376,-0.0035882049999999867,-0.021835749999999952,0.0003793249999999868,-0.0004018500000000473,0.000552603726123004
0.09875,0.03375,0.005,6.25e-08,-0.000399212,-0.00652048,-0.0003924834999999957,-0.006679769999999961,-6.728500000004352e-06,0.0001592899999999604,0.00015943204449619732
0.00125,0.03625,0.005,6.25e-08,-0.000568075,0.0131949,-0.00044627174999999997,0.012857582499999999,-0.00012180325000000006,0.00033731750000000164,0.0003586350896340368
0.00375,0.03625,0.005,6.25e-08,-0.0035179,0.0359029,-0.0037321524999999996,0.035784575,0.00021425249999999958,0.00011832500000000246,0.00024475485568472465
0.00625,0.03625,0.005,6.25e-08,-0.00950627,0.0549532,-0.0096542175,0.05503497500000001,0.0001479474999999987,-8.177500000000615e-05,0.00016904322932685185
0.00875,0.03625,0.005,6.25e-08,-0.0175689,0.0705332,-0.01763525,0.07078835,6.635000000000321e-05,-0.00025514999999999566,0.0002636358188865812
0.01125,0.03625,0.005,6.25e-08,-0.0271326,0.0829203,-0.027187749999999997,0.083313475,5.514999999999687e-05,-0.0003931749999999956,0.00039702405862239155
0.01375,0.03625,0.005,6.25e-08,-0.0378286,0.0924241,-0.0379071,0.09291705,7.850000000000218e-05,-0.0004929500000000059,0.0004991612489967607
0.01625,0.03625,0.005,6.25e-08,-0.0493379,0.0993505,-0.049461849999999995,0.099905325,0.00012394999999999767,-0.0005548250000000088,0.0005685018760962968
0.01875,0.03625,0.005,6.25e-08,-0.0613933,0.103977,-0.061581575,0.10455724999999999,0.00018827500000000164,-0.0005802499999999905,0.0006100307681789416
0.02125,0.03625,0.005,6.25e-08,-0.0737772,0.106538,-0.07404515,0.10710800000000001,0.0002679500000000029,-0.0005700000000000149,0.0006298390290383873
0.02375,0.03625,0.005,6.25e-08,-0.0863095,0.107214,-0.08666902500000001,0.10774224999999998,0.0003595250000000133,-0.0005282499999999801,0.0006389884882570174
0.02625,0.03625,0.005,6.25e-08,-0.0988369,0.106138,-0.099296975,0.10659275,0.00046007499999999035,-0.00045475000000000376,0.0006468899196347045
0.02875,0.03625,0.005,6.25e-08,-0.111223,0.103394,-0.11179025,0.10374649999999999,0.0005672499999999914,-0.0003524999999999917,0.0006678538855917395
0.03125,0.03625,0.005,6.25e-08,-0.123343,0.0990308,-0.12402025000000001,0.09925335,0.0006772500000000181,-0.0002225500000000019,0.0007128787168937122
0.03375,0.03625,0.005,6.25e-08,-0.135074,0.093071,-0.13586275,0.09313795,0.0007887500000000047,-6.694999999999618e-05,0.000791586296622173
0.03625,0.03625,0.005,6.25e-08,-0.146293,0.0855239,-0.14719000000000002,0.0854119,0.0008970000000000089,0.00011200000000000099,0.0009039651541956782
0.03875,0.03625,0.005,6.25e-08,-0.15687,0.0763976,-0.15786975000000003,0.0760869,0.0009997500000000215,0.0003106999999999971,0.0010469166884236973
0.04125,0.03625,0.005,6.25e-08,-0.166668,0.0657112,-0.16775825,0.065186125,0.001090249999999987,0.0005250749999999998,0.0012101028130390291
0.04375,0.03625,0.005,6.25e-08,-0.175537,0.0535055,-0.17670075000000002,0.052756325,0.001163750000000019,0.0007491749999999978,0.0013840438010139134
0.04625,0.03625,0.005,6.25e-08,-0.183314,0.0398537,-0.18452775,0.0388782,0.0012137499999999857,0.0009754999999999972,0.0015571735010909862
0.04875,0.03625,0.005,6.25e-08,-0.189823,0.0248714,-0.19105525,0.0236769,0.001232250000000018,0.0011944999999999976,0.0017161789861491832
0.05125,0.03625,0.005,6.25e-08,-0.194874,0.00872631,-0.19608650000000002,0.0073317750000000004,0.001212500000000033,0.0013945349999999988,0.0018479405066790101
0.05375,0.03625,0.005,6.25e-08,-0.198267,-0.00835326,-0.19941375,-0.0099145,0.001146750000000002,0.0015612400000000002,0.0019371385856721776
0.05625,0.03625,0.005,6.25e-08,-0.199798,-0.02607,-0.20082624999999998,-0.027748250000000002,0.0010282499999999806,0.0016782500000000027,0.001968202511176116
0.05875,0.03625,0.005,6.25e-08,-0.199266,-0.0440517,-0.20011925,-0.04577922499999998,0.0008532499999999998,0.0017275249999999798,0.0019267532764017635
0.06125,0.03625,0.005,6.25e-08,-0.196485,-0.061848,-0.197107,-0.06353875,0.0006220000000000114,0.0016907500000000047,0.0018015325593782729
0.06375,0.03625,0.005,6.25e-08,-0.1913,-0.0789317,-0.19164024999999996,-0.08048365000000005,0.00034024999999995864,0.001551950000000052,0.0015888105189103368
0.06625,0.03625,0.005,6.25e-08,-0.183606,-0.0947078,-0.183629,-0.09600792500000005,2.2999999999995246e-05,0.0013001250000000547,0.0013003284260621015
0.06875,0.03625,0.005,6.25e-08,-0.173375,-0.108531,-0.17306524999999998,-0.10946450000000003,-0.0003097500000000253,0.0009335000000000315,0.0009835483274857797
0.07125,0.03625,0.005,6.25e-08,-0.160676,-0.119734,-0.16004775000000004,-0.12019899999999997,-0.0006282499999999691,0.0004649999999999793,0.0007816156744205824
0.07375,0.03625,0.005,6.25e-08,-0.145702,-0.127671,-0.14480600000000005,-0.12759325,-0.0008959999999999524,-7.775000000001531e-05,0.0008993670343635668
0.07625,0.03625,0.005,6.25e-08,-0.128792,-0.131772,-0.12771225000000005,-0.13112275,-0.001079749999999935,-0.0006492499999999901,0.0012599149276835506
0.07875,0.03625,0.005,6.25e-08,-0.110438,-0.131603,-0.10928749999999995,-0.13041574999999997,-0.0011505000000000404,-0.0011872500000000286,0.001653243119598615
0.08125,0.03625,0.005,6.25e-08,-0.0912798,-0.126939,-0.09018549999999995,-0.12531124999999999,-0.001094300000000048,-0.0016277500000000111,0.001961393013268922
0.08375,0.03625,0.005,6.25e-08,-0.0720815,-0.117817,-0.07116432499999994,-0.11590749999999997,-0.0009171750000000617,-0.0019095000000000362,0.0021183484677043223
0.08625,0.03625,0.005,6.25e-08,-0.0536839,-0.10458,-0.05303635000000005,-0.10258790000000004,-0.0006475499999999482,-0.001992099999999969,0.0020947036574417415
0.08875,0.03625,0.005,6.25e-08,-0.0369413,-0.0878859,-0.03660885000000004,-0.08602255000000004,-0.00033244999999996333,-0.001863349999999958,0.0018927747422764862
0.09125,0.03625,0.005,6.25e-08,-0.0226359,-0.0686783,-0.02261912500000003,-0.06713735000000005,-1.6774999999968898e-05,-0.0015409499999999438,0.0015410413048081565
0.09375,0.03625,0.005,6.25e-08,-0.0113936,-0.0481235,-0.01167555,-0.047059174999999995,0.00028194999999999956,-0.0010643250000000049,0.0011010374689923183
0.09625,0.03625,0.005,6.25e-08,-0.00378066,-0.0275182,-0.004212444999999985,-0.027043799999999944,0.0004317849999999849,-0.00047440000000005533,0.0006414777051660014
0.09875,0.03625,0.005,6.25e-08,-0.000478776,-0.00824494,-0.0004632847499999949,-0.00839989249999995,-1.549125000000509e-05,0.00015495249999995103,0.00015572493725411318
0.00125,0.03875,0.005,6.25e-08,-0.000580511,0.0150349,-0.00045620299999999997,0.01462165,-0.00012430800000000006,0.0004132500000000004,0.0004315414711983083
0.00375,0.03875,0.005,6.25e-08,-0.0035972,0.0406957,-0.0038159074999999996,0.0405436,0.00021870749999999958,0.00015210000000000223,0.0002663970355620544
0.00625,0.03875,0.005,6.25e-08,-0.00972357,0.0620734,-0.009872530000000001,0.062156775,0.00014896000000000006,-8.337499999999665e-05,0.00017070580606704465
0.00875,0.03875,0.005,6.25e-08,-0.0179735,0.0794503,-0.018036475000000003,0.07973435,6.29750000000033e-05,-0.00028404999999999403,0.0002909471655215033
0.01125,0.03875,0.005,6.25e-08,-0.0277594,0.09319,-0.027808899999999998,0.09363339999999999,4.949999999999746e-05,-0.0004433999999999966,0.0004461544687661401
0.01375,0.03875,0.005,6.25e-08,-0.0387033,0.10368,-0.0387759,0.10424025,7.259999999999905e-05,-0.0005602500000000121,0.000564934352380888
0.01625,0.03875,0.005,6.25e-08,-0.050479,0.111295,-0.050598825,0.1119295,0.00011982499999999702,-0.0006344999999999962,0.0006457153247561919
0.01875,0.03875,0.005,6.25e-08,-0.0628148,0.116366,-0.063003325,0.117037,0.00018852499999999495,-0.0006710000000000049,0.000696981115687509
0.02125,0.03875,0.005,6.25e-08,-0.0754922,0.119173,-0.07576732500000001,0.1198435,0.00027512500000001494,-0.0006705000000000044,0.0007247510025001788
0.02375,0.03875,0.005,6.25e-08,-0.0883333,0.119931,-0.088709725,0.12056700000000001,0.0003764249999999997,-0.0006360000000000116,0.0007390478879105294
0.02625,0.03875,0.005,6.25e-08,-0.10119,0.118794,-0.101679275,0.11936375,0.0004892749999999974,-0.0005697500000000078,0.0007510027217826885
0.02875,0.03875,0.005,6.25e-08,-0.113933,0.115862,-0.11454500000000001,0.11633525,0.0006120000000000014,-0.0004732499999999945,0.0007736339977663834
0.03125,0.03875,0.005,6.25e-08,-0.126447,0.111192,-0.127188,0.111539,0.0007409999999999917,-0.0003470000000000001,0.0008182236857974644
0.03375,0.03875,0.005,6.25e-08,-0.13862,0.104807,-0.13949375,0.10500024999999999,0.0008737500000000065,-0.00019324999999999204,0.0008948657022145882
0.03625,0.03875,0.005,6.25e-08,-0.150339,0.0967127,-0.1513465,0.09672689999999999,0.0010074999999999945,-1.4199999999991997e-05,0.0010076000645097185
0.03875,0.03875,0.005,6.25e-08,-0.161484,0.0869096,-0.16262274999999998,0.0867215,0.001138749999999994,0.0001880999999999966,0.0011541807364966654
0.04125,0.03875,0.005,6.25e-08,-0.171927,0.0754053,-0.1731895,0.074994975,0.0012624999999999997,0.00041032499999998917,0.0013275062544579556
0.04375,0.03875,0.005,6.25e-08,-0.181524,0.0622263,-0.182896,0.061578875,0.001372000000000012,0.0006474250000000001,0.0015170837586056458
0.04625,0.03875,0.005,6.25e-08,-0.190115,0.0474304,-0.19157600000000002,0.046536925,0.0014610000000000178,0.0008934749999999977,0.001712547393687266
0.04875,0.03875,0.005,6.25e-08,-0.197519,0.0311168,-0.19904125,0.029977149999999998,0.0015222500000000028,0.0011396500000000025,0.0019015906985994683
0.05125,0.03875,0.005,6.25e-08,-0.20354,0.0134382,-0.2050855,0.012063034999999998,0.0015455000000000052,0.0013751650000000028,0.0020687312602716244
0.05375,0.03875,0.005,6.25e-08,-0.20796,-0.0053886,-0.2094825,-0.0069745275,0.0015224999999999822,0.0015859274999999997,0.0021984476990040483
0.05625,0.03875,0.005,6.25e-08,-0.210551,-0.0250718,-0.21199325,-0.026826575000000002,0.001442250000000006,0.001754775,0.002271413736668205
0.05875,0.03875,0.005,6.25e-08,-0.211075,-0.0452347,-0.212373,-0.04709652499999997,0.0012979999999999936,0.0018618249999999698,0.0022696247114060222
0.06125,0.03875,0.005,6.25e-08,-0.2093,-0.0654085,-0.21038600000000002,-0.06729365,0.0010860000000000036,0.001885150000000002,0.00217558877605581
0.06375,0.03875,0.005,6.25e-08,-0.205014,-0.0850293,-0.20582024999999998,-0.08683237500000004,0.0008062499999999806,0.0018030750000000428,0.001975124937345768
0.06625,0.03875,0.005,6.25e-08,-0.198045,-0.103442,-0.19851524999999998,-0.10503925000000006,0.00047024999999997763,0.00159725000000005,0.0016650353224481871
0.06875,0.03875,0.005,6.25e-08,-0.188292,-0.119915,-0.18838749999999999,-0.12117275000000004,9.549999999999836e-05,0.0012577500000000436,0.0012613704105060137
0.07125,0.03875,0.005,6.25e-08,-0.175752,-0.133665,-0.17546525000000002,-0.13445399999999996,-0.0002867499999999745,0.0007889999999999564,0.000839491847786455
0.07375,0.03875,0.005,6.25e-08,-0.160555,-0.143905,-0.15991675000000005,-0.144119,-0.0006382499999999514,0.00021399999999999197,0.0006731709014061247
0.07625,0.03875,0.005,6.25e-08,-0.142993,-0.149902,-0.14208025000000005,-0.14947874999999997,-0.0009127499999999622,-0.00042325000000004165,0.0010061079092224482
0.07875,0.03875,0.005,6.25e-08,-0.123545,-0.151055,-0.12247324999999995,-0.15000049999999998,-0.0010717500000000518,-0.0010545000000000138,0.001503535271451967
0.08125,0.03875,0.005,6.25e-08,-0.102879,-0.14698,-0.10179134999999995,-0.14537925,-0.001087650000000051,-0.0016007500000000119,0.0019352992236344613
0.08375,0.03875,0.005,6.25e-08,-0.0818348,-0.137593,-0.08087819999999994,-0.13561124999999996,-0.0009566000000000574,-0.001981750000000032,0.002200549163845297
0.08625,0.03875,0.005,6.25e-08,-0.0613757,-0.123177,-0.06067357500000005,-0.12103625000000004,-0.0007021249999999493,-0.002140749999999955,0.0022529514149498956
0.08875,0.03875,0.005,6.25e-08,-0.0425176,-0.104401,-0.04214205000000005,-0.10235245000000007,-0.0003755499999999537,-0.002048549999999927,0.0020826893443333465
0.09125,0.03875,0.005,6.25e-08,-0.0262218,-0.0823082,-0.026191625000000038,-0.08058477500000005,-3.0174999999962177e-05,-0.0017234249999999451,0.0017236891428705492
0.09375,0.03875,0.005,6.25e-08,-0.0132856,-0.0582312,-0.013595874999999999,-0.0570223,0.00031027499999999875,-0.0012088999999999989,0.0012480824434407355
0.09625,0.03875,0.005,6.25e-08,-0.00444527,-0.0336811,-0.004932532499999981,-0.03312487499999993,0.0004872624999999811,-0.0005562250000000699,0.0007394666960257976
0.09875,0.03875,0.005,6.25e-08,-0.00057386,-0.0102789,-0.000545736999999994,-0.01042413999999994,-2.8123000000006087e-05,0.0001452399999999389,0.00014793769204966863
0.00125,0.04125,0.005,6.25e-08,-0.00058572,0.0169052,-0.00046087925,0.016414525,-0.00012484074999999996,0.0004906749999999994,0.0005063073853752895
0.00375,0.04125,0.005,6.25e-08,-0.00363582,0.0455713,-0.0038573774999999997,0.045383024999999994,0.00022155749999999957,0.00018827500000000857,0.00029074937907285896
0.00625,0.04125,0.005,6.25e-08,-0.00983633,0.06932,-0.009984905000000002,0.069402275,0.00014857500000000148,-8.227499999999277e-05,0.00016983434944085738
0.00875,0.04125,0.005,6.25e-08,-0.0181911,0.0885281,-0.018249325000000004,0.08883875,5.8225000000002025e-05,-0.00031064999999999565,0.0003160594455557333
0.01125,0.04125,0.005,6.25e-08,-0.0281045,0.103646,-0.028145925,0.10413825,4.1424999999997714e-05,-0.0004922499999999996,0.0004939899726968144
0.01375,0.04125,0.005,6.25e-08,-0.039192,0.115141,-0.03925475,0.1157675,6.27500000000003e-05,-0.0006265000000000021,0.000629634665897616
0.01625,0.04125,0.005,6.25e-08,-0.051122,0.123457,-0.0512324,0.124173,0.00011039999999999661,-0.0007160000000000083,0.0007244612895110484
0.01875,0.04125,0.005,6.25e-08,-0.0636201,0.128985,-0.06380185000000001,0.12974950000000002,0.0001817500000000083,-0.000764500000000029,0.0007858074271092425
0.02125,0.04125,0.005,6.25e-08,-0.0764675,0.132051,-0.07674117500000001,0.13282575,0.0002736750000000149,-0.0007747499999999907,0.0008216663362490847
0.02375,0.04125,0.005,6.25e-08,-0.0894897,0.132907,-0.0898723,0.13365624999999998,0.00038259999999999683,-0.0007492499999999791,0.0008412837348362122
0.02625,0.04125,0.005,6.25e-08,-0.102544,0.131733,-0.10305,0.1324245,0.0005060000000000064,-0.0006915000000000115,0.0008568595275773168
0.02875,0.04125,0.005,6.25e-08,-0.115512,0.128646,-0.11615249999999999,0.129249,0.0006404999999999883,-0.0006029999999999924,0.0008796870182058935
0.03125,0.04125,0.005,6.25e-08,-0.128286,0.123712,-0.12907174999999999,0.12419525,0.000785749999999974,-0.00048324999999999063,0.0009224606360164915
0.03375,0.04125,0.005,6.25e-08,-0.140769,0.116957,-0.14170525,0.11729124999999999,0.0009362499999999996,-0.0003342499999999804,0.000994126312396964
0.03625,0.04125,0.005,6.25e-08,-0.152859,0.108382,-0.153951,0.10854074999999999,0.0010920000000000096,-0.0001587499999999853,0.0011034788455154074
0.03875,0.04125,0.005,6.25e-08,-0.164452,0.0979803,-0.16570000000000001,0.097936525,0.0012480000000000269,4.377500000000978e-05,0.0012487674926202508
0.04125,0.04125,0.005,6.25e-08,-0.175431,0.0857452,-0.1768305,0.0854753,0.001399499999999998,0.0002698999999999896,0.0014252881322736075
0.04375,0.04125,0.005,6.25e-08,-0.185661,0.0716869,-0.187204,0.07117079999999999,0.0015430000000000166,0.0005161000000000054,0.0016270243421658008
0.04625,0.04125,0.005,6.25e-08,-0.194991,0.0558431,-0.19666075,0.055065699999999995,0.0016697499999999976,0.0007774000000000045,0.0018418511944508435
0.04875,0.04125,0.005,6.25e-08,-0.203246,0.0382918,-0.20501724999999998,0.037244900000000004,0.0017712499999999742,0.0010468999999999964,0.0020575048414280587
0.05125,0.04125,0.005,6.25e-08,-0.210223,0.0191635,-0.21206325000000004,0.01784875,0.0018402500000000432,0.00131475,0.0022616559475305167
0.05375,0.04125,0.005,6.25e-08,-0.215699,-0.00134502,-0.21756175,-0.0029130402500000003,0.0018627499999999964,0.0015680202500000003,0.00243485627233109
0.05625,0.04125,0.005,6.25e-08,-0.219423,-0.0229574,-0.221252,-0.0247472,0.0018289999999999973,0.0017898000000000011,0.0025590281436514125
0.05875,0.04125,0.005,6.25e-08,-0.221129,-0.045304,-0.22285625,-0.04726322499999997,0.0017272500000000135,0.001959224999999974,0.002611887279942407
0.06125,0.04125,0.005,6.25e-08,-0.22054,-0.06791,-0.22208875,-0.0699617,0.0015487499999999876,0.0020517000000000035,0.0025706223862131086
0.06375,0.04125,0.005,6.25e-08,-0.217387,-0.0901868,-0.21867575,-0.09222720000000006,0.0012887500000000052,0.002040400000000067,0.0024133190262582956
0.06625,0.04125,0.005,6.25e-08,-0.211428,-0.111429,-0.21237849999999997,-0.11332900000000004,0.0009504999999999653,0.0019000000000000405,0.002124488232492731
0.06875,0.04125,0.005,6.25e-08,-0.202476,-0.130824,-0.20302599999999996,-0.13243375000000007,0.0005499999999999672,0.0016097500000000764,0.001701115828654889
0.07125,0.04125,0.005,6.25e-08,-0.19044,-0.147473,-0.190554,-0.14863599999999993,0.00011400000000000299,0.0011629999999999419,0.001168573917216992
0.07375,0.04125,0.005,6.25e-08,-0.175363,-0.160434,-0.17504675000000003,-0.16100774999999998,-0.0003162499999999624,0.000573749999999984,0.0006551359591718026
0.07625,0.04125,0.005,6.25e-08,-0.157464,-0.168788,-0.15677550000000007,-0.16866975,-0.0006884999999999253,-0.00011824999999998642,0.0006985809276668624
0.07875,0.04125,0.005,6.25e-08,-0.137179,-0.171726,-0.13622949999999992,-0.17088474999999997,-0.0009495000000000753,-0.0008412500000000156,0.0012685628926072878
0.08125,0.04125,0.005,6.25e-08,-0.115178,-0.168661,-0.11412224999999994,-0.16715625,-0.0010557500000000636,-0.0015047499999999991,0.001838173176009304
0.08375,0.04125,0.005,6.25e-08,-0.0923585,-0.159333,-0.09137149999999994,-0.15732649999999998,-0.0009870000000000573,-0.002006500000000022,0.0022361152139369297
0.08625,0.04125,0.005,6.25e-08,-0.0698082,-0.143913,-0.06904775000000007,-0.14164900000000005,-0.0007604499999999265,-0.0022639999999999605,0.002388300693484744
0.08875,0.04125,0.005,6.25e-08,-0.0487189,-0.12305,-0.04829062500000006,-0.12081900000000007,-0.0004282749999999433,-0.0022309999999999414,0.00227173512444226
0.09125,0.04125,0.005,6.25e-08,-0.0302612,-0.0978694,-0.030208825000000043,-0.09595487500000008,-5.2374999999955235e-05,-0.001914524999999917,0.001915241268417553
0.09375,0.04125,0.005,6.25e-08,-0.0154428,-0.0698845,-0.01577845,-0.068518625,0.00033564999999999984,-0.0013658750000000025,0.0014065117980752975
0.09625,0.04125,0.005,6.25e-08,-0.00521389,-0.0408524,-0.005759039999999979,-0.04020329999999992,0.0005451499999999795,-0.000649100000000076,0.0008476551967044598
0.09875,0.04125,0.005,6.25e-08,-0.00068695,-0.0126732,-0.000641331749999993,-0.012800622499999928,-4.5618250000007006e-05,0.00012742249999992718,0.0001353422263718703
0.00125,0.04375,0.005,6.25e-08,-0.000583681,0.0187845,-0.0004603065,0.0182159,-0.00012337449999999994,0.000568599999999999,0.0005818309266876838
0.00375,0.04375,0.005,6.25e-08,-0.00363386,0.0504776,-0.0038566625,0.050250899999999994,0.00022280249999999998,0.0002267000000000033,0.00031785821368379247
0.00625,0.04375,0.005,6.25e-08,-0.00984484,0.0766193,-0.009991472500000001,0.0766971,0.00014663250000000044,-7.780000000000287e-05,0.00016599376511258057
0.00875,0.04375,0.005,6.25e-08,-0.0182216,0.0976769,-0.018273300000000003,0.09801080000000001,5.1700000000001745e-05,-0.00033390000000001197,0.0003378788244326776
0.01125,0.04375,0.005,6.25e-08,-0.0281657,0.114186,-0.028196275,0.11472475,3.0575000000001434e-05,-0.0005387500000000045,0.0005396168947735097
0.01375,0.04375,0.005,6.25e-08,-0.0392884,0.126695,-0.039337300000000006,0.12738675,4.8900000000004495e-05,-0.000691749999999991,0.0006934762234568594
0.01625,0.04375,0.005,6.25e-08,-0.0512544,0.135717,-0.051349725,0.136515,9.532500000000027e-05,-0.0007979999999999932,0.0008036733513219094
0.01875,0.04375,0.005,6.25e-08,-0.0637868,0.141706,-0.0639548,0.14256575,0.00016800000000000148,-0.0008597499999999925,0.0008760103095854452
0.02125,0.04375,0.005,6.25e-08,-0.0766681,0.145037,-0.07693132500000001,0.14591925000000003,0.0002632250000000058,-0.0008822500000000288,0.0009206804348551423
0.02375,0.04375,0.005,6.25e-08,-0.0897272,0.146002,-0.090104875,0.14687,0.00037767500000000787,-0.0008680000000000077,0.0009466057287091703
0.02625,0.04375,0.005,6.25e-08,-0.102829,0.14481,-0.1033375,0.14563025,0.0005084999999999951,-0.0008202499999999946,0.0009650815056252949
0.02875,0.04375,0.005,6.25e-08,-0.115863,0.141598,-0.11651600000000001,0.14233774999999999,0.0006530000000000147,-0.0007397499999999835,0.0009867315047671248
0.03125,0.04375,0.005,6.25e-08,-0.128737,0.136443,-0.1295455,0.13707049999999998,0.0008085000000000175,-0.0006274999999999753,0.0010234395438910877
0.03375,0.04375,0.005,6.25e-08,-0.141365,0.129373,-0.14233825,0.12985950000000002,0.0009732500000000088,-0.0004865000000000286,0.0010880706835955305
0.03625,0.04375,0.005,6.25e-08,-0.153663,0.120389,-0.154808,0.12070499999999999,0.0011450000000000071,-0.00031599999999999684,0.0011878051186958298
0.03875,0.04375,0.005,6.25e-08,-0.165542,0.109474,-0.16686275,0.1095895,0.0013207500000000094,-0.00011550000000000449,0.0013257906367522838
0.04125,0.04375,0.005,6.25e-08,-0.176902,0.0966066,-0.17839725,0.09649675,0.0014952500000000035,0.00010984999999999467,0.0014992796887172218
0.04375,0.04375,0.005,6.25e-08,-0.187625,0.0817797,-0.18928974999999998,0.08141910000000001,0.0016647499999999926,0.0003605999999999887,0.001703356956864875
0.04625,0.04375,0.005,6.25e-08,-0.197571,0.0650075,-0.19939500000000002,0.06437522500000001,0.00182400000000002,0.0006322749999999877,0.0019304786130970365
0.04875,0.04375,0.005,6.25e-08,-0.206576,0.0463418,-0.2085395,0.045422225,0.001963499999999979,0.0009195750000000058,0.0021681675282655003
0.05125,0.04375,0.005,6.25e-08,-0.214445,0.0258851,-0.21651925,0.024670525000000002,0.0020742499999999997,0.001214574999999999,0.0024036858141456416
0.05375,0.04375,0.005,6.25e-08,-0.22095,0.00380555,-0.22309525000000002,0.00229972075,0.002145250000000015,0.00150582925,0.0026209958589543075
0.05625,0.04375,0.005,6.25e-08,-0.225833,-0.0196464,-0.22799599999999998,-0.0214243,0.0021629999999999705,0.001777899999999999,0.002799910250347298
0.05875,0.04375,0.005,6.25e-08,-0.228804,-0.0441213,-0.2309165,-0.04613137499999997,0.0021124999999999894,0.0020100749999999654,0.0029160003010330463
0.06125,0.04375,0.005,6.25e-08,-0.229551,-0.0691529,-0.23153175,-0.07132957499999999,0.0019807500000000033,0.002176674999999989,0.0029430060513231985
0.06375,0.04375,0.005,6.25e-08,-0.227749,-0.0941439,-0.229508,-0.09639087500000007,0.0017589999999999828,0.0022469750000000677,0.002853590308825926
0.06625,0.04375,0.005,6.25e-08,-0.223085,-0.118355,-0.22452575,-0.12054300000000007,0.0014407499999999906,0.002188000000000065,0.0026197527674382283
0.06875,0.04375,0.005,6.25e-08,-0.215282,-0.140904,-0.21631725,-0.14287425000000004,0.0010352499999999876,0.0019702500000000345,0.0022256746449110906
0.07125,0.04375,0.005,6.25e-08,-0.204144,-0.160781,-0.20470650000000004,-0.16235424999999995,0.0005625000000000491,0.0015732499999999427,0.0016707847894028348
0.07375,0.04375,0.005,6.25e-08,-0.189602,-0.176887,-0.18966575000000002,-0.17788274999999995,6.375000000002906e-05,0.000995749999999962,0.0009977886173934477
0.07625,0.04375,0.005,6.25e-08,-0.171772,-0.188095,-0.17136750000000006,-0.18836424999999998,-0.00040449999999994657,0.0002692499999999709,0.00048591749556888887
0.07875,0.04375,0.005,6.25e-08,-0.151009,-0.193354,-0.15023224999999993,-0.1928145,-0.000776750000000076,-0.0005394999999999983,0.0009457276629665203
0.08125,0.04375,0.005,6.25e-08,-0.127948,-0.191816,-0.12695949999999995,-0.19048849999999998,-0.0009885000000000588,-0.0013275000000000092,0.001655109815087851
0.08375,0.04375,0.005,6.25e-08,-0.103522,-0.18298,-0.10251864999999993,-0.18100974999999997,-0.0010033500000000695,-0.0019702500000000345,0.0022110170250362786
0.08625,0.04375,0.005,6.25e-08,-0.078925,-0.166837,-0.07810490000000007,-0.16448375000000004,-0.0008200999999999209,-0.0023532499999999734,0.0024920572971943774
0.08875,0.04375,0.005,6.25e-08,-0.0555373,-0.143963,-0.05504670000000006,-0.14156025000000005,-0.0004905999999999383,-0.0024027499999999535,0.0024523245956642272
0.09125,0.04375,0.005,6.25e-08,-0.0347687,-0.115538,-0.03468452500000005,-0.11342650000000008,-8.417499999995026e-05,-0.002111499999999919,0.0021131771531569827
0.09375,0.04375,0.005,6.25e-08,-0.0178826,-0.0832613,-0.01823975,-0.081725575,0.0003571500000000005,-0.0015357250000000017,0.0015767077719491985
0.09625,0.04375,0.005,6.25e-08,-0.00609651,-0.049168,-0.006701339999999976,-0.0484135499999999,0.0006048299999999755,-0.0007544500000001009,0.000966961287436122
0.09875,0.04375,0.005,6.25e-08,-0.000820552,-0.0154845,-0.0007514982499999917,-0.015582799999999914,-6.90537500000083e-05,9.829999999991408e-05,0.00012013038911552212
0.00125,0.04625,0.005,6.25e-08,-0.00057472,0.0206516,-0.0004547285,0.020005975000000002,-0.00011999150000000002,0.0006456249999999969,0.0006566807448808332
0.00375,0.04625,0.005,6.25e-08,-0.00359331,0.0553639,-0.0038157449999999997,0.055096525,0.00022243499999999956,0.00026737500000000025,0.00034780270247656203
0.00625,0.04625,0.005,6.25e-08,-0.00975389,0.0838985,-0.009896835000000001,0.083968025,0.00014294500000000196,-6.952500000000084e-05,0.00015895596449960812
0.00875,0.04625,0.005,6.25e-08,-0.0180723,0.106807,-0.018115450000000005,0.1071605,4.3150000000005684e-05,-0.0003535000000000066,0.0003561238162493561
0.01125,0.04625,0.005,6.25e-08,-0.0279516,0.124708,-0.027968125,0.1252895,1.6524999999999873e-05,-0.0005814999999999987,0.0005817347553868503
0.01375,0.04625,0.005,6.25e-08,-0.0389998,0.138227,-0.039030425,0.13898149999999998,3.06249999999994e-05,-0.0007544999999999913,0.0007551212754418901
0.01625,0.04625,0.005,6.25e-08,-0.0508788,0.147949,-0.050953625,0.148827,7.482500000000059e-05,-0.0008779999999999899,0.0008811826034511703
0.01875,0.04625,0.005,6.25e-08,-0.0633104,0.154392,-0.063457525,0.15534725,0.00014712499999999795,-0.0009552499999999908,0.0009665134909172152
0.02125,0.04625,0.005,6.25e-08,-0.0760778,0.157985,-0.076321925,0.1589755,0.00024412499999999782,-0.0009905000000000053,0.0010201408067639533
0.02375,0.04625,0.005,6.25e-08,-0.0890146,0.159061,-0.089376525,0.1600485,0.00036192499999999905,-0.0009875000000000023,0.0010517347363403968
0.02625,0.04625,0.005,6.25e-08,-0.101993,0.157862,-0.1024905,0.15881175,0.0004974999999999979,-0.0009497499999999992,0.0010721619805327909
0.02875,0.04625,0.005,6.25e-08,-0.114914,0.154547,-0.11556175,0.155426,0.0006477500000000025,-0.0008790000000000187,0.0010918887592149835
0.03125,0.04625,0.005,6.25e-08,-0.127698,0.149206,-0.12850875,0.14998275,0.000810749999999999,-0.0007767499999999927,0.0011227894392983873
0.03375,0.04625,0.005,6.25e-08,-0.140276,0.141875,-0.14126,0.14251825,0.0009839999999999849,-0.0006432500000000119,0.0011755962582876765
0.03625,0.04625,0.005,6.25e-08,-0.152583,0.132552,-0.15374825,0.13303075,0.0011652500000000066,-0.00047875,0.0012597655039728684
0.03875,0.04625,0.005,6.25e-08,-0.164548,0.121211,-0.1659005,0.12149575,0.0013525000000000065,-0.0002847500000000003,0.0013821500687334995
0.04125,0.04625,0.005,6.25e-08,-0.176091,0.107819,-0.17763425,0.10788075000000001,0.001543249999999996,-6.175000000001318e-05,0.001544484906044727
0.04375,0.04625,0.005,6.25e-08,-0.187115,0.0923468,-0.18884774999999998,0.09215785,0.0017327499999999774,0.00018895000000000717,0.001743021705257833
0.04625,0.04625,0.005,6.25e-08,-0.197501,0.0747854,-0.19941699999999998,0.07431975,0.0019159999999999733,0.000465649999999998,0.001971772279574874
0.04875,0.04625,0.005,6.25e-08,-0.207102,0.0551566,-0.20918799999999999,0.054392075,0.0020859999999999768,0.000764525000000002,0.002221687303745715
0.05125,0.04625,0.005,6.25e-08,-0.215737,0.0335293,-0.21797075000000002,0.032449775,0.0022337500000000066,0.0010795249999999978,0.0024809299240657777
0.05375,0.04625,0.005,6.25e-08,-0.223188,0.0100358,-0.225537,0.0086341775,0.00234899999999999,0.0014016224999999997,0.002735387839503971
0.05625,0.04625,0.005,6.25e-08,-0.229196,-0.01511,-0.23161375,-0.01682745,0.0024177499999999963,0.0017174500000000006,0.0029656617415005347
0.05875,0.04625,0.005,6.25e-08,-0.233461,-0.0415919,-0.2358855,-0.04360017499999996,0.002424499999999996,0.002008274999999962,0.0031482326352455007
0.06125,0.04625,0.005,6.25e-08,-0.235644,-0.0689696,-0.237996,-0.07121815000000001,0.0023520000000000207,0.002248550000000002,0.0032539024420686164
0.06375,0.04625,0.005,6.25e-08,-0.235376,-0.0966563,-0.23756,-0.09906260000000008,0.0021839999999999915,0.0024063000000000834,0.0032496362396428873
0.06625,0.04625,0.005,6.25e-08,-0.232276,-0.123899,-0.2341835,-0.12634200000000007,0.0019074999999999787,0.00244300000000007,0.003099484674909728
0.06875,0.04625,0.005,6.25e-08,-0.225974,-0.149768,-0.22749574999999997,-0.15208700000000008,0.0015217499999999606,0.002319000000000071,0.0027737130461711807
0.07125,0.04625,0.005,6.25e-08,-0.216159,-0.173158,-0.21719725000000004,-0.17515674999999994,0.001038250000000046,0.001998749999999938,0.002252324271724622
0.07375,0.04625,0.005,6.25e-08,-0.202628,-0.192813,-0.20311925000000003,-0.19427899999999992,0.0004912500000000264,0.0014659999999999118,0.001546118547362966
0.07625,0.04625,0.005,6.25e-08,-0.18536,-0.207393,-0.18529650000000006,-0.20812374999999994,-6.34999999999386e-05,0.0007307499999999467,0.0007335037917420157
0.07875,0.04625,0.005,6.25e-08,-0.164587,-0.215566,-0.16403874999999996,-0.21542050000000001,-0.0005482500000000556,-0.00014549999999999286,0.0005672286245422202
0.08125,0.04625,0.005,6.25e-08,-0.140865,-0.216168,-0.13998324999999992,-0.21511024999999998,-0.00088175000000007,-0.001057750000000024,0.0013770686711272514
0.08375,0.04625,0.005,6.25e-08,-0.115114,-0.20838,-0.11411624999999992,-0.20652124999999996,-0.000997750000000075,-0.0018587500000000479,0.002109610538701475
0.08625,0.04625,0.005,6.25e-08,-0.0886144,-0.191925,-0.08773710000000008,-0.18952875000000005,-0.0008772999999999143,-0.002396249999999961,0.002551797278880057
0.08875,0.04625,0.005,6.25e-08,-0.0629308,-0.167227,-0.06236960000000007,-0.1646690000000001,-0.0005611999999999284,-0.0025579999999998937,0.002618837421452385
0.09125,0.04625,0.005,6.25e-08,-0.0397413,-0.135473,-0.039615550000000055,-0.1331595000000001,-0.00012574999999994535,-0.002313499999999913,0.002316915042141076
0.09375,0.04625,0.005,6.25e-08,-0.0206151,-0.0985383,-0.02098985,-0.096820825,0.0003747500000000001,-0.001717474999999996,0.0017578845064807262
0.09625,0.04625,0.005,6.25e-08,-0.00710106,-0.0587705,-0.007767159999999971,-0.05789777499999989,0.0006660999999999707,-0.0008727250000001158,0.0010978789257587392
0.09875,0.04625,0.005,6.25e-08,-0.000977037,-0.0187744,-0.0008775704999999902,-0.018829124999999895,-9.94665000000098e-05,5.472499999989444e-05,0.00011352713440953398
0.00125,0.04875,0.005,6.25e-08,-0.000559601,0.0224869,-0.00044468700000000003,0.021766475,-0.00011491399999999992,0.0007204250000000002,0.0007295323214368232
0.00375,0.04875,0.005,6.25e-08,-0.00351848,0.060183,-0.0037389199999999997,0.05987287499999999,0.0002204399999999997,0.0003101250000000083,0.00038048825109982703
0.00625,0.04875,0.005,6.25e-08,-0.00957401,0.0910895,-0.00971117,0.09114625,0.00013715999999999902,-5.6749999999994305e-05,0.0001484366130710314
0.00875,0.04875,0.005,6.25e-08,-0.0177602,0.115834,-0.017792150000000003,0.11620100000000001,3.195000000000281e-05,-0.0003670000000000062,0.0003683881139504975
0.01125,0.04875,0.005,6.25e-08,-0.0274837,0.13511,-0.027482725,0.13572900000000002,-9.750000000002812e-07,-0.0006190000000000084,0.0006190007678710993
0.01375,0.04875,0.005,6.25e-08,-0.0383501,0.149619,-0.038357925,0.1504335,7.825000000002968e-06,-0.0008144999999999958,0.000814537586993377
0.01625,0.04875,0.005,6.25e-08,-0.050018,0.160021,-0.05006675,0.1609775,4.875000000000018e-05,-0.000956499999999999,0.0009577415165377338
0.01875,0.04875,0.005,6.25e-08,-0.0622079,0.166899,-0.062327725,0.1679475,0.00011982500000000396,-0.0010485000000000078,0.001055324727572048
0.02125,0.04875,0.005,6.25e-08,-0.0747046,0.170735,-0.07492185000000001,0.17183274999999998,0.00021725000000001604,-0.0010977499999999807,0.0011190409398230095
0.02375,0.04875,0.005,6.25e-08,-0.0873467,0.171911,-0.087683075,0.17301725,0.00033637499999999987,-0.001106250000000003,0.0011562600067134582
0.02625,0.04875,0.005,6.25e-08,-0.100015,0.170703,-0.100488525,0.17178175,0.00047352499999998854,-0.0010787500000000172,0.001178103343567544
0.02875,0.04875,0.005,6.25e-08,-0.112622,0.167296,-0.11324825000000001,0.1683135,0.0006262500000000087,-0.0010175000000000045,0.0011947783528755533
0.03125,0.04875,0.005,6.25e-08,-0.125103,0.161797,-0.12589475,0.16272,0.0007917500000000077,-0.0009230000000000071,0.0012160580012894227
0.03375,0.04875,0.005,6.25e-08,-0.137408,0.154249,-0.13837525,0.1550475,0.0009672500000000028,-0.0007985000000000075,0.0012542626569024596
0.03625,0.04875,0.005,6.25e-08,-0.14949,0.144652,-0.15064275,0.145293,0.0011527499999999802,-0.0006410000000000027,0.0013189820175043925
0.03875,0.04875,0.005,6.25e-08,-0.161304,0.132972,-0.16264775,0.1334265,0.0013437500000000047,-0.0004544999999999966,0.0014185324502809266
0.04125,0.04875,0.005,6.25e-08,-0.172791,0.119164,-0.1743325,0.11940124999999999,0.0015415000000000012,-0.00023724999999998053,0.0015596505417881257
0.04375,0.04875,0.005,6.25e-08,-0.183881,0.10318,-0.18562175,0.10316937500000001,0.0017407500000000131,1.062499999998634e-05,0.0017407824255561192
0.04625,0.04875,0.005,6.25e-08,-0.19448,0.0849843,-0.19641850000000002,0.08469682499999999,0.0019385000000000374,0.00028747500000000925,0.0019597000090894397
0.04875,0.04875,0.005,6.25e-08,-0.204466,0.0645673,-0.2065955,0.06397595,0.0021294999999999786,0.0005913499999999905,0.0022100825940448237
0.05125,0.04875,0.005,6.25e-08,-0.213682,0.0419609,-0.21598799999999999,0.041042524999999996,0.0023059999999999747,0.000918375000000006,0.002482145974882399
0.05375,0.04875,0.005,6.25e-08,-0.221929,0.0172552,-0.22438775,0.0159931,0.0024587500000000095,0.0012620999999999986,0.0027637561347738414
0.05625,0.04875,0.005,6.25e-08,-0.228961,-0.00938159,-0.23153674999999999,-0.010993695,0.0025757499999999878,0.001612104999999999,0.0030386461777451045
0.05875,0.04875,0.005,6.25e-08,-0.234482,-0.0376801,-0.2371205,-0.03963254999999996,0.002638500000000016,0.0019524499999999598,0.0032823380771181882
0.06125,0.04875,0.005,6.25e-08,-0.238139,-0.0672431,-0.24076999999999998,-0.06950325,0.0026309999999999945,0.0022601500000000024,0.00346849232700607
0.06375,0.04875,0.005,6.25e-08,-0.239533,-0.0975167,-0.24206275,-0.10002032500000008,0.0025297499999999973,0.0025036250000000787,0.0035591815355676057
0.06625,0.04875,0.005,6.25e-08,-0.238223,-0.127761,-0.24054000000000003,-0.13040350000000006,0.0023170000000000412,0.0026425000000000476,0.003514440958388751
0.06875,0.04875,0.005,6.25e-08,-0.233755,-0.157025,-0.23573249999999996,-0.1596537500000001,0.0019774999999999654,0.0026287500000000963,0.0032895034294708326
0.07125,0.04875,0.005,6.25e-08,-0.225695,-0.184133,-0.22720800000000002,-0.18654649999999992,0.0015130000000000143,0.0024134999999999296,0.002848534930451039
0.07375,0.04875,0.005,6.25e-08,-0.213692,-0.207694,-0.21463775000000004,-0.20965324999999996,0.0009457500000000507,0.001959249999999968,0.0021755697242331652
0.07625,0.04875,0.005,6.25e-08,-0.197555,-0.226149,-0.19788150000000004,-0.22740374999999996,0.0003265000000000351,0.0012547499999999712,0.0012965337683608362
0.07875,0.04875,0.005,6.25e-08,-0.177349,-0.237869,-0.17708424999999994,-0.23820675000000002,-0.00026475000000006355,0.00033775000000002553,0.0004291475562088766
0.08125,0.04875,0.005,6.25e-08,-0.153492,-0.241314,-0.15276499999999993,-0.24062675,-0.0007270000000000609,-0.0006872500000000004,0.0010004206927588459
0.08375,0.04875,0.005,6.25e-08,-0.126835,-0.235261,-0.12587074999999992,-0.23360274999999997,-0.0009642500000000831,-0.0016582500000000278,0.0019182208227939378
0.08625,0.04875,0.005,6.25e-08,-0.0986989,-0.219057,-0.09777195000000007,-0.21667775000000006,-0.0009269499999999403,-0.002379249999999944,0.0025534421601045953
0.08875,0.04875,0.005,6.25e-08,-0.0708159,-0.192865,-0.07017820000000008,-0.1901770000000001,-0.0006376999999999217,-0.0026879999999999127,0.0027626084214016707
0.09125,0.04875,0.005,6.25e-08,-0.0451528,-0.157799,-0.044977700000000065,-0.1552840000000001,-0.00017509999999993503,-0.002514999999999906,0.002521088060738757
0.09375,0.04875,0.005,6.25e-08,-0.0236393,-0.115883,-0.024029925,-0.113974,0.0003906250000000021,-0.001908999999999994,0.001948555590847995
0.09625,0.04875,0.005,6.25e-08,-0.0082319,-0.0698041,-0.008961949999999967,-0.06880229999999987,0.0007300499999999665,-0.001001800000000122,0.001239587125820608
0.09875,0.04875,0.005,6.25e-08,-0.00115827,-0.0226084,-0.0010207322499999887,-0.022602349999999872,-0.0001375377500000114,-6.050000000128869e-06,0.0001376707491628748
0.00125,0.05125,0.005,6.25e-08,-0.00053962,0.0242739,-0.00043108450000000004,0.023481775000000003,-0.00010853549999999994,0.0007921249999999977,0.0007995260911222638
0.00375,0.05125,0.005,6.25e-08,-0.00341655,0.0648945,-0.0036333375,0.06453965,0.00021678750000000014,0.0003548499999999899,0.00041583090632640917
0.00625,0.05125,0.005,6.25e-08,-0.0093227,0.0981323,-0.0094514775,0.09817157500000001,0.0001287774999999998,-3.927500000000528e-05,0.0001346334658665904
0.00875,0.05125,0.005,6.25e-08,-0.0173138,0.124678,-0.017331175000000004,0.1250535,1.73750000000035e-05,-0.0003755000000000147,0.00037590176991470945
0.01125,0.05125,0.005,6.25e-08,-0.0268002,0.145294,-0.02677725,0.14594725,-2.2950000000000748e-05,-0.0006532499999999941,0.0006536530157507057
0.01375,0.05125,0.005,6.25e-08,-0.0373832,0.160758,-0.037363375000000004,0.16162875,-1.9824999999994153e-05,-0.0008707499999999757,0.0008709756558738926
0.01625,0.05125,0.005,6.25e-08,-0.0487179,0.171801,-0.048735375000000004,0.17283300000000001,1.7475000000002905e-05,-0.0010320000000000051,0.0010321479427025037
0.01875,0.05125,0.005,6.25e-08,-0.0605232,0.179073,-0.060610075,0.180214,8.687500000000015e-05,-0.0011410000000000031,0.0011443025236470498
0.02125,0.05125,0.005,6.25e-08,-0.0725859,0.183118,-0.07276960000000002,0.18432075,0.00018370000000002273,-0.0012027500000000024,0.00121669768328045
0.02375,0.05125,0.005,6.25e-08,-0.0847501,0.184364,-0.085052875,0.18558724999999998,0.0003027750000000051,-0.0012232499999999813,0.001260163982632799
0.02625,0.05125,0.005,6.25e-08,-0.0969062,0.18313,-0.09734595000000001,0.184334,0.0004397500000000165,-0.0012040000000000106,0.0012817940796009475
0.02875,0.05125,0.005,6.25e-08,-0.10898,0.179628,-0.1095715,0.18077824999999997,0.0005915000000000087,-0.0011502499999999638,0.0012934246450798466
0.03125,0.05125,0.005,6.25e-08,-0.120925,0.173984,-0.12167874999999999,0.17504799999999998,0.0007537499999999836,-0.0010639999999999816,0.0013039306202785239
0.03375,0.05125,0.005,6.25e-08,-0.132708,0.166254,-0.133635,0.16719925000000002,0.0009270000000000111,-0.0009452500000000086,0.0013239435646960323
0.03625,0.05125,0.005,6.25e-08,-0.144308,0.156439,-0.14541575,0.1572345,0.0011077500000000184,-0.0007955000000000045,0.0013637926207822244
0.03875,0.05125,0.005,6.25e-08,-0.155701,0.144502,-0.156997,0.145118,0.0012959999999999916,-0.0006160000000000054,0.0014349466889051958
0.04125,0.05125,0.005,6.25e-08,-0.166859,0.130386,-0.16834949999999999,0.1307915,0.001490499999999978,-0.0004055000000000031,0.0015446748848867637
0.04375,0.05125,0.005,6.25e-08,-0.177739,0.114026,-0.17942925,0.1141895,0.0016902500000000042,-0.00016349999999999698,0.0016981393678081943
0.04625,0.05125,0.005,6.25e-08,-0.188279,0.0953602,-0.19017075000000003,0.0952513,0.0018917500000000254,0.00010890000000000899,0.0018948818624125617
0.04875,0.05125,0.005,6.25e-08,-0.198389,0.0743481,-0.20048100000000002,0.07393645,0.0020920000000000105,0.0004116499999999995,0.0021321162544523796
0.05125,0.05125,0.005,6.25e-08,-0.207943,0.0509821,-0.21022924999999998,0.0502395,0.0022862499999999897,0.000742600000000003,0.0024038289919418054
0.05375,0.05125,0.005,6.25e-08,-0.216774,0.025306,-0.21923974999999998,0.024208125,0.002465749999999989,0.0010978749999999982,0.0026991207046230706
0.05625,0.05125,0.005,6.25e-08,-0.22466,-0.00256543,-0.22728125,-0.004035571,0.0026212499999999916,0.001470141,0.0030053728757644957
0.05875,0.05125,0.005,6.25e-08,-0.231322,-0.0324212,-0.23405875,-0.03426847499999996,0.00273675000000001,0.0018472749999999608,0.003301851827100197
0.06125,0.05125,0.005,6.25e-08,-0.236415,-0.0639244,-0.2392075,-0.066134775,0.0027925000000000033,0.0022103750000000005,0.0035614342462868833
0.06375,0.05125,0.005,6.25e-08,-0.239523,-0.0965771,-0.24228950000000005,-0.0991083500000001,0.002766500000000033,0.002531250000000096,0.003749766501063855
0.06625,0.05125,0.005,6.25e-08,-0.240166,-0.129682,-0.24279775,-0.13245200000000007,0.002631750000000016,0.002770000000000078,0.00382086483174955
0.06875,0.05125,0.005,6.25e-08,-0.237814,-0.162301,-0.24017874999999997,-0.1651767500000001,0.002364749999999971,0.0028757500000000935,0.003723168089812814
0.07125,0.05125,0.005,6.25e-08,-0.231918,-0.193226,-0.23387125,-0.19601349999999992,0.0019532499999999897,0.002787499999999915,0.0034037246969312145
0.07375,0.05125,0.005,6.25e-08,-0.221972,-0.220961,-0.22337300000000004,-0.2234074999999999,0.001401000000000041,0.002446499999999907,0.0028192487031121712
0.07625,0.05125,0.005,6.25e-08,-0.207589,-0.243749,-0.20833650000000004,-0.24556299999999995,0.0007475000000000398,0.0018139999999999545,0.0019619766181073347
0.07875,0.05125,0.005,6.25e-08,-0.188621,-0.259652,-0.18868874999999993,-0.26055000000000006,6.774999999992204e-05,0.0008980000000000654,0.000900552087610765
0.08125,0.05125,0.005,6.25e-08,-0.165284,-0.266712,-0.16476224999999992,-0.26649675,-0.0005217500000000708,-0.00021525000000000016,0.0005644073218873706
0.08375,0.05125,0.005,6.25e-08,-0.138289,-0.263211,-0.1373932499999999,-0.26185425,-0.000895750000000084,-0.0013567499999999622,0.0016257732391081012
0.08625,0.05125,0.005,6.25e-08,-0.108927,-0.247994,-0.10796375000000008,-0.24570350000000007,-0.0009632499999999156,-0.0022904999999999176,0.002484801966455166
0.08875,0.05125,0.005,6.25e-08,-0.07906,-0.220814,-0.07834367500000007,-0.2180295000000001,-0.0007163249999999344,-0.002784499999999912,0.0028751629094060766
0.09125,0.05125,0.005,6.25e-08,-0.0509488,-0.182592,-0.050720600000000074,-0.17987975000000012,-0.00022819999999992846,-0.0027122499999998884,0.0027218330776334104
0.09375,0.05125,0.005,6.25e-08,-0.0269397,-0.135441,-0.027350275,-0.1333355,0.00041057499999999983,-0.00210550000000001,0.0021451578218455265
0.09625,0.05125,0.005,6.25e-08,-0.00948728,-0.082409,-0.010288189999999961,-0.08127319999999985,0.0008009099999999603,-0.001135800000000145,0.0013897836047745942
0.09875,0.05125,0.005,6.25e-08,-0.00136473,-0.0270532,-0.001181948499999987,-0.02696874999999985,-0.00018278150000001288,-8.445000000014899e-05,0.00020134765765282664
0.00125,0.05375,0.005,6.25e-08,-0.000516718,0.0260004,-0.00041525550000000007,0.0251406,-0.00010146249999999993,0.0008598000000000008,0.0008657659492647255
0.00375,0.05375,0.005,6.25e-08,-0.0032982,0.0694685,-0.0035095574999999997,0.06906699999999999,0.00021135749999999986,0.00040150000000001296,0.0004537336694650953
0.00625,0.05375,0.005,6.25e-08,-0.00902594,0.10498,-0.009142980000000002,0.10499675,0.00011704000000000228,-1.6749999999995935e-05,0.00011823250018501849
0.00875,0.05375,0.005,6.25e-08,-0.0167758,0.133274,-0.0167739,0.133653,-1.8999999999991246e-06,-0.00037899999999999046,0.0003790047625030492
0.01125,0.05375,0.005,6.25e-08,-0.025958,0.155176,-0.025907975,0.1558585,-5.002499999999868e-05,-0.0006825000000000025,0.0006843308780297754
0.01375,0.05375,0.005,6.25e-08,-0.036167,0.171534,-0.036114175,0.17245875000000002,-5.28249999999994e-05,-0.0009247500000000297,0.000926257546865371
0.01625,0.05375,0.005,6.25e-08,-0.0470521,0.183156,-0.04703335,0.184262,-1.8749999999997935e-05,-0.0011059999999999959,0.0011061589228044905
0.01875,0.05375,0.005,6.25e-08,-0.0583307,0.19076,-0.0583799,0.19199225,4.9199999999999244e-05,-0.0012322499999999903,0.0012332318121504877
0.02125,0.05375,0.005,6.25e-08,-0.0697922,0.194956,-0.06993742500000001,0.19626174999999998,0.0001452250000000127,-0.0013057499999999944,0.0013138011124690788
0.02375,0.05375,0.005,6.25e-08,-0.0812878,0.196224,-0.081550925,0.19755925,0.00026312500000000294,-0.0013352499999999823,0.0013609288475614565
0.02625,0.05375,0.005,6.25e-08,-0.0927194,0.194926,-0.09311692499999999,0.19624899999999998,0.0003975249999999958,-0.0013229999999999908,0.0013814322732674854
0.02875,0.05375,0.005,6.25e-08,-0.104029,0.191307,-0.10457274999999999,0.19258200000000003,0.0005437499999999956,-0.0012750000000000261,0.0013861057183707387
0.03125,0.05375,0.005,6.25e-08,-0.115186,0.185517,-0.11588625,0.18670974999999998,0.0007002499999999995,-0.0011927499999999924,0.0013831133811079918
0.03375,0.05375,0.005,6.25e-08,-0.126182,0.177624,-0.12704600000000002,0.17870350000000002,0.0008640000000000314,-0.001079500000000011,0.0013826844361603547
0.03625,0.05375,0.005,6.25e-08,-0.137018,0.167636,-0.13805299999999998,0.16857125,0.0010349999999999804,-0.0009352499999999986,0.0013949614914039587
0.03875,0.05375,0.005,6.25e-08,-0.147699,0.155514,-0.14891125,0.15627625,0.001212249999999998,-0.0007622499999999921,0.0014319829346050124
0.04125,0.05375,0.005,6.25e-08,-0.158227,0.141193,-0.15962199999999999,0.14175149999999997,0.0013949999999999796,-0.0005584999999999618,0.001502646748241216
0.04375,0.05375,0.005,6.25e-08,-0.168591,0.124591,-0.17017549999999998,0.1249155,0.0015844999999999887,-0.00032450000000000534,0.0016173869357701538
0.04625,0.05375,0.005,6.25e-08,-0.178764,0.105625,-0.180544,0.10568374999999999,0.0017800000000000038,-5.8749999999996305e-05,0.0017809692761246649
0.04875,0.05375,0.005,6.25e-08,-0.188695,0.0842221,-0.19067225,0.08398455,0.001977249999999986,0.00023754999999998916,0.001991468695460699
0.05125,0.05375,0.005,6.25e-08,-0.198295,0.0603366,-0.20047225000000002,0.059771624999999995,0.0021772500000000194,0.0005649750000000023,0.002249358644841922
0.05375,0.05375,0.005,6.25e-08,-0.207438,0.0339637,-0.20980925,0.033041975,0.0023712499999999914,0.0009217249999999982,0.0025440918886952485
0.05625,0.05375,0.005,6.25e-08,-0.21594,0.00516013,-0.218493,0.0038566272500000004,0.0025529999999999997,0.0013035027499999994,0.0028665185189106243
0.05875,0.05375,0.005,6.25e-08,-0.223555,-0.0259308,-0.22626425000000003,-0.027633124999999953,0.002709250000000024,0.0017023249999999525,0.003199679041423525
0.06125,0.05375,0.005,6.25e-08,-0.22996,-0.0590471,-0.23278275,-0.061151750000000005,0.0028227500000000127,0.0021046500000000065,0.0035210040024118263
0.06375,0.05375,0.005,6.25e-08,-0.234746,-0.0937695,-0.23761675000000002,-0.0962570750000001,0.0028707500000000052,0.002487575000000089,0.003798583281056962
0.06625,0.05375,0.005,6.25e-08,-0.237414,-0.129473,-0.24023825000000001,-0.13228950000000012,0.002824250000000028,0.0028165000000001106,0.003988616340599931
0.06875,0.05375,0.005,6.25e-08,-0.237382,-0.165275,-0.24003199999999997,-0.1683140000000001,0.002649999999999958,0.003039000000000097,0.004032123634017237
0.07125,0.05375,0.005,6.25e-08,-0.234003,-0.199977,-0.23632375,-0.20306774999999994,0.0023207500000000103,0.0030907499999999477,0.0038650505979870077
0.07375,0.05375,0.005,6.25e-08,-0.226616,-0.232029,-0.22843875000000005,-0.23492199999999994,0.0018227500000000396,0.0028929999999999234,0.0034193371525048097
0.07625,0.05375,0.005,6.25e-08,-0.214627,-0.259513,-0.21580150000000006,-0.26189024999999994,0.0011745000000000505,0.002377249999999942,0.002651559505743713
0.07875,0.05375,0.005,6.25e-08,-0.197636,-0.280197,-0.19807424999999992,-0.28171075000000007,0.00043824999999991787,0.0015137500000000914,0.0015759131083280592
0.08125,0.05375,0.005,6.25e-08,-0.175592,-0.29168,-0.17532574999999992,-0.29203125,-0.0002662500000000789,0.00035125000000002515,0.00044075574301426825
0.08375,0.05375,0.005,6.25e-08,-0.148979,-0.291664,-0.14819274999999993,-0.29071549999999996,-0.0007862500000000716,-0.0009485000000000188,0.0012320070261569729
0.08625,0.05375,0.005,6.25e-08,-0.118967,-0.278349,-0.11798625000000008,-0.27623375000000006,-0.0009807499999999192,-0.0021152499999999574,0.0023315559450718015
0.08875,0.05375,0.005,6.25e-08,-0.0874757,-0.250899,-0.08668232500000009,-0.2480595000000001,-0.0007933749999999157,-0.002839499999999884,0.0029482544226413377
0.09125,0.05375,0.005,6.25e-08,-0.0570427,-0.209862,-0.056763375000000074,-0.20695750000000013,-0.00027932499999992755,-0.0029044999999998655,0.002917900393369208
0.09375,0.05375,0.005,6.25e-08,-0.0304823,-0.15733,-0.03092795,-0.15502625,0.0004456499999999988,-0.0023037499999999933,0.0023464586050045647
0.09625,0.05375,0.005,6.25e-08,-0.0108556,-0.0967128,-0.011744674999999956,-0.09545084999999984,0.0008890749999999562,-0.0012619500000001643,0.0015436878434856372
0.09875,0.05375,0.005,6.25e-08,-0.00159359,-0.032173,-0.0013619192499999852,-0.03199682499999982,-0.0002316707500000148,-0.00017617500000018105,0.00029104804935033173
0.00125,0.05625,0.005,6.25e-08,-0.000493614,0.0276608,-0.00039906,0.02673785,-9.455399999999995e-05,0.0009229499999999988,0.0009277807722818995
0.00375,0.05625,0.005,6.25e-08,-0.00317831,0.0738903,-0.0033822575,0.07343992499999999,0.00020394749999999963,0.00045037500000001673,0.0004944008731598933
0.00625,0.05625,0.005,6.25e-08,-0.0087199,0.111605,-0.008820660000000001,0.11159400000000001,0.00010076000000000182,1.0999999999983245e-05,0.00010135865823894867
0.00875,0.05625,0.005,6.25e-08,-0.0162053,0.141575,-0.016178,0.141953,-2.7299999999997465e-05,-0.00037799999999998946,0.000378984551136312
0.01125,0.05625,0.005,6.25e-08,-0.0250369,0.164683,-0.024953125,0.1653925,-8.377500000000121e-05,-0.0007095000000000018,0.000714428793250246
0.01375,0.05625,0.005,6.25e-08,-0.0347963,0.18185,-0.0347048,0.18282700000000002,-9.15000000000013e-05,-0.0009770000000000056,0.000981275318144715
0.01625,0.05625,0.005,6.25e-08,-0.0451251,0.193959,-0.0450657,0.19513875,-5.940000000000112e-05,-0.0011797500000000072,0.0011812444380821512
0.01875,0.05625,0.005,6.25e-08,-0.0557387,0.201807,-0.055746925,0.20312775,8.225000000000593e-06,-0.0013207500000000094,0.0013207756104369223
0.02125,0.05625,0.005,6.25e-08,-0.0664306,0.206068,-0.0665345,0.20747425,0.00010389999999999011,-0.0014062499999999978,0.0014100830729074057
0.02375,0.05625,0.005,6.25e-08,-0.0770618,0.207285,-0.077281675,0.2087265,0.00021987499999999438,-0.0014415000000000122,0.001458172577449265
0.02625,0.05625,0.005,6.25e-08,-0.0875483,0.205864,-0.087898175,0.20729674999999997,0.0003498749999999995,-0.0014327499999999826,0.0014748508664013966
0.02875,0.05625,0.005,6.25e-08,-0.0978497,0.202087,-0.09833882499999999,0.203474,0.000489124999999993,-0.0013869999999999993,0.001470718282209408
0.03125,0.05625,0.005,6.25e-08,-0.107958,0.19613,-0.10859250000000001,0.19743625,0.0006345000000000101,-0.0013062500000000088,0.0014521980968518159
0.03375,0.05625,0.005,6.25e-08,-0.117888,0.188078,-0.118672,0.18927325,0.000783999999999993,-0.0011952500000000088,0.0014294329513831734
0.03625,0.05625,0.005,6.25e-08,-0.127667,0.177948,-0.12860575,0.1790025,0.0009387499999999882,-0.0010545000000000138,0.0014118150773029755
0.03875,0.05625,0.005,6.25e-08,-0.13733,0.165703,-0.13842749999999998,0.16658799999999999,0.0010974999999999735,-0.0008849999999999969,0.0014098692315246603
0.04125,0.05625,0.005,6.25e-08,-0.14691,0.15127,-0.1481715,0.15195799999999998,0.0012614999999999987,-0.0006879999999999942,0.0014369155333560802
0.04375,0.05625,0.005,6.25e-08,-0.156433,0.134556,-0.15786475,0.1350175,0.0014317500000000094,-0.0004615000000000036,0.0015042906343190568
0.04625,0.05625,0.005,6.25e-08,-0.165908,0.115456,-0.16751775,0.11566225,0.0016097499999999931,-0.00020624999999999116,0.0016229091548820515
0.04875,0.05625,0.005,6.25e-08,-0.175326,0.0938718,-0.17712075,0.09379145,0.0017947499999999839,8.03500000000068e-05,0.0017965477129761802
0.05125,0.05625,0.005,6.25e-08,-0.184643,0.0697188,-0.1866305,0.06932055,0.001987500000000003,0.00039825000000000277,0.002027007477169242
0.05375,0.05625,0.005,6.25e-08,-0.19378,0.0429447,-0.19596275,0.042197174999999996,0.0021827499999999833,0.0007475250000000058,0.0023072041929844303
0.05625,0.05625,0.005,6.25e-08,-0.2026,0.0135465,-0.20497800000000002,0.01241977,0.002378000000000019,0.0011267299999999994,0.0026314263229093244
0.05875,0.05625,0.005,6.25e-08,-0.210905,-0.0184054,-0.21346725,-0.019937424999999953,0.002562249999999988,0.0015320249999999543,0.002985335100641936
0.06125,0.05625,0.005,6.25e-08,-0.218412,-0.0527357,-0.221134,-0.05469065,0.002722000000000002,0.001954949999999997,0.003351285350801987
0.06375,0.05625,0.005,6.25e-08,-0.224742,-0.0891226,-0.22757850000000002,-0.09150207500000011,0.0028365000000000196,0.002379475000000117,0.0037023821420304076
0.06625,0.05625,0.005,6.25e-08,-0.229405,-0.127044,-0.23228175,-0.1298217500000001,0.0028767500000000112,0.0027777500000001065,0.003998948064804125
0.06875,0.05625,0.005,6.25e-08,-0.231793,-0.16571,-0.234598,-0.1688152500000001,0.002805000000000002,0.003105250000000115,0.004184567189387777
0.07125,0.05625,0.005,6.25e-08,-0.231188,-0.20399,-0.23377,-0.20728599999999991,0.002582000000000001,0.00329599999999991,0.004186924885879781
0.07375,0.05625,0.005,6.25e-08,-0.226794,-0.240338,-0.22897075000000003,-0.2435992499999999,0.002176750000000033,0.00326124999999991,0.003920968263707264
0.07625,0.05625,0.005,6.25e-08,-0.217813,-0.272737,-0.21939175000000005,-0.2756419999999999,0.0015787500000000454,0.00290499999999988,0.0033062783552658486
0.07875,0.05625,0.005,6.25e-08,-0.203567,-0.298706,-0.20439499999999994,-0.30085700000000004,0.0008279999999999399,0.002151000000000014,0.0023048611671855554
0.08125,0.05625,0.005,6.25e-08,-0.183681,-0.315404,-0.18371399999999993,-0.31639925,3.299999999992198e-05,0.000995250000000003,0.0009957969484287452
0.08375,0.05625,0.005,6.25e-08,-0.158316,-0.319891,-0.15768274999999993,-0.31945775,-0.0006332500000000851,-0.00043324999999999614,0.000767275129924139
0.08625,0.05625,0.005,6.25e-08,-0.128404,-0.309574,-0.12742950000000008,-0.30772850000000007,-0.000974499999999906,-0.0018454999999999444,0.0020869883804179677
0.08875,0.05625,0.005,6.25e-08,-0.0958185,-0.282812,-0.09495057500000009,-0.27996375000000007,-0.0008679249999999084,-0.002848249999999941,0.0029775530000529806
0.09125,0.05625,0.005,6.25e-08,-0.0633146,-0.239534,-0.06299020000000008,-0.23643650000000016,-0.0003243999999999192,-0.0030974999999998365,0.003114440818188545
0.09375,0.05625,0.005,6.25e-08,-0.0342125,-0.181625,-0.034724624999999995,-0.17912024999999998,0.0005121249999999952,-0.002504750000000028,0.002556568907368846
0.09625,0.05625,0.005,6.25e-08,-0.0123102,-0.112819,-0.013325849999999953,-0.1114627499999998,0.001015649999999953,-0.0013562500000001976,0.001694390446443924
0.09875,0.05625,0.005,6.25e-08,-0.00183382,-0.0380194,-0.001561001499999983,-0.03775602499999979,-0.00027281850000001684,-0.00026337500000021136,0.0003792048583119295
0.00125,0.05875,0.005,6.25e-08,-0.000474026,0.0292586,-0.00038500725,0.02827665,-8.901874999999999e-05,0.0009819499999999988,0.0009859767443259298
0.00375,0.05875,0.005,6.25e-08,-0.00307707,0.078166,-0.00327125,0.07766382499999999,0.00019417999999999996,0.0005021750000000075,0.0005384102553118834
0.00625,0.05875,0.005,6.25e-08,-0.00845327,0.118004,-0.0085315825,0.11796075,7.831250000000026e-05,4.324999999999468e-05,8.946178042186272e-05
0.00875,0.05875,0.005,6.25e-08,-0.0156816,0.149559,-0.015620500000000004,0.149932,-6.109999999999623e-05,-0.0003730000000000122,0.0003779711761497279
0.01125,0.05875,0.005,6.25e-08,-0.0241427,0.173766,-0.024017049999999998,0.17450124999999997,-0.00012565000000000145,-0.0007352499999999651,0.0007459091667220272
0.01375,0.05875,0.005,6.25e-08,-0.0333973,0.191621,-0.033260825,0.19265149999999998,-0.00013647499999999702,-0.001030499999999962,0.001039497799721058
0.01625,0.05875,0.005,6.25e-08,-0.0430757,0.204093,-0.042971850000000006,0.20534724999999998,-0.00010384999999999561,-0.0012542499999999845,0.001258541967913649
0.01875,0.05875,0.005,6.25e-08,-0.0528917,0.21206,-0.05285727500000001,0.21346974999999996,-3.442499999999071e-05,-0.0014097499999999596,0.0014101702532406807
0.02125,0.05875,0.005,6.25e-08,-0.0626461,0.216273,-0.06270805000000002,0.21777525,6.195000000001893e-05,-0.0015022500000000105,0.0015035268088730688
0.02375,0.05875,0.005,6.25e-08,-0.0722133,0.217336,-0.07238925000000002,0.21887625,0.00017595000000002192,-0.001540249999999993,0.0015502672237391805
0.02625,0.05875,0.005,6.25e-08,-0.0815284,0.215708,-0.08182825000000002,0.21723925,0.00029985000000001816,-0.001531249999999984,0.0015603322034105308
0.02875,0.05875,0.005,6.25e-08,-0.090573,0.211711,-0.09100160000000002,0.21319349999999998,0.0004286000000000151,-0.00148249999999997,0.0015432123023096738
0.03125,0.05875,0.005,6.25e-08,-0.0993639,0.205548,-0.09992290000000002,0.20694825,0.0005590000000000178,-0.0014002499999999918,0.0015077072204178095
0.03375,0.05875,0.005,6.25e-08,-0.107943,0.197326,-0.10863275000000003,0.19861349999999997,0.0006897500000000306,-0.0012874999999999692,0.0014606201807793712
0.03625,0.05875,0.005,6.25e-08,-0.116366,0.187071,-0.11718825000000001,0.18821775,0.0008222500000000105,-0.001146750000000002,0.0014110742804686158
0.03875,0.05875,0.005,6.25e-08,-0.124699,0.174751,-0.12565525000000002,0.17573075,0.0009562500000000196,-0.0009797500000000015,0.0013690595768629063
0.04125,0.05875,0.005,6.25e-08,-0.133009,0.160289,-0.13410300000000003,0.16107724999999998,0.0010940000000000394,-0.0007882499999999903,0.0013483968490396554
0.04375,0.05875,0.005,6.25e-08,-0.141356,0.143583,-0.142595,0.14415324999999998,0.0012389999999999901,-0.0005702499999999944,0.0013639303730396098
0.04625,0.05875,0.005,6.25e-08,-0.149791,0.124512,-0.15118375,0.12483699999999999,0.0013927499999999982,-0.00032499999999999196,0.0014301669701471886
0.04875,0.05875,0.005,6.25e-08,-0.158347,0.102953,-0.15990300000000002,0.10300329999999999,0.0015560000000000296,-5.029999999998924e-05,0.0015568127986370394
0.05125,0.05875,0.005,6.25e-08,-0.167029,0.078787,-0.16876000000000002,0.07853379999999999,0.0017310000000000103,0.000253200000000009,0.0017494202582570147
0.05375,0.05875,0.005,6.25e-08,-0.175807,0.051918,-0.17772425000000003,0.05132979999999999,0.001917250000000037,0.0005882000000000109,0.002005449276970164
0.05625,0.05875,0.005,6.25e-08,-0.184603,0.0222842,-0.18671425000000003,0.02132937499999999,0.0021112500000000367,0.0009548250000000098,0.0023171248009386924
0.05875,0.05875,0.005,6.25e-08,-0.193273,-0.0101183,-0.195583,-0.011470769999999965,0.0023100000000000065,0.001352469999999965,0.002676803149448972
0.06125,0.05875,0.005,6.25e-08,-0.201594,-0.045207,-0.20409500000000003,-0.04698442500000001,0.002501000000000031,0.001777425000000013,0.003068263455217821
0.06375,0.05875,0.005,6.25e-08,-0.209238,-0.082771,-0.21190575000000006,-0.08499200000000011,0.002667750000000052,0.0022210000000001118,0.0034712722541599605
0.06625,0.05875,0.005,6.25e-08,-0.21575,-0.122415,-0.21853525000000004,-0.12507925000000014,0.0027852500000000446,0.0026642500000001457,0.003854328167787614
0.06875,0.05875,0.005,6.25e-08,-0.220533,-0.163483,-0.22334900000000005,-0.1665565000000001,0.0028160000000000407,0.003073500000000118,0.004168483927041215
0.07125,0.05875,0.005,6.25e-08,-0.222834,-0.204967,-0.22554725,-0.20835524999999988,0.0027132500000000004,0.0033882499999998705,0.0043407330746083805
0.07375,0.05875,0.005,6.25e-08,-0.221758,-0.245396,-0.22418700000000003,-0.24891674999999988,0.0024290000000000145,0.003520749999999878,0.004277349829333487
0.07625,0.05875,0.005,6.25e-08,-0.216324,-0.282739,-0.21824975000000002,-0.2860922499999998,0.0019257500000000316,0.0033532499999998078,0.003866884873512377
0.07875,0.05875,0.005,6.25e-08,-0.205571,-0.314341,-0.20678174999999996,-0.31710675000000005,0.001210749999999955,0.0027657500000000668,0.003019153627260504
0.08125,0.05875,0.005,6.25e-08,-0.188756,-0.336964,-0.18912074999999992,-0.338651,0.00036474999999991375,0.001686999999999994,0.0017259813331840866
0.08375,0.05875,0.005,6.25e-08,-0.165627,-0.347,-0.1651912499999999,-0.34718374999999996,-0.0004357500000000958,0.00018374999999998254,0.00047290815704540036
0.08625,0.05875,0.005,6.25e-08,-0.136747,-0.340937,-0.1358020000000001,-0.33946425,-0.0009449999999999181,-0.0014727499999999671,0.0017498621552853096
0.08875,0.05875,0.005,6.25e-08,-0.103788,-0.316085,-0.10284197500000009,-0.31327625000000003,-0.0009460249999999198,-0.002808749999999971,0.0029637880934919566
0.09125,0.05875,0.005,6.25e-08,-0.069616,-0.271433,-0.06924750000000007,-0.2681220000000001,-0.00036849999999992444,-0.0033109999999998974,0.0033314431182295857
0.09375,0.05875,0.005,6.25e-08,-0.0380579,-0.208357,-0.038685075,-0.20563224999999996,0.0006271750000000006,-0.0027247500000000258,0.002795999113577317
0.09625,0.05875,0.005,6.25e-08,-0.0138035,-0.130803,-0.015021424999999946,-0.12941674999999975,0.0012179249999999461,-0.0013862500000002553,0.0018452724373722099
0.09875,0.05875,0.005,6.25e-08,-0.00204969,-0.0446063,-0.0017792007499999802,-0.044315074999999746,-0.00027048925000001966,-0.00029122500000025586,0.000397462495074343
0.00125,0.06125,0.005,6.25e-08,-0.000462983,0.0308091,-0.00037644999999999996,0.029771300000000004,-8.653300000000002e-05,0.001037799999999995,0.0010414013635909017
0.00375,0.06125,0.005,6.25e-08,-0.00302146,0.0823291,-0.003202885,0.08177129999999999,0.00018142499999999982,0.0005578000000000111,0.0005865627593233415
0.00625,0.06125,0.005,6.25e-08,-0.00829044,0.12421,-0.008337907500000002,0.12412850000000002,4.746750000000216e-05,8.149999999998436e-05,9.431550008480926e-05
0.00875,0.06125,0.005,6.25e-08,-0.0153084,0.157235,-0.015202225000000003,0.15760325000000003,-0.00010617499999999655,-0.0003682500000000144,0.00038325082273233264
0.01125,0.06125,0.005,6.25e-08,-0.0234122,0.182399,-0.02323475,0.18316300000000002,-0.0001774500000000026,-0.0007640000000000147,0.0007843369827440393
0.01375,0.06125,0.005,6.25e-08,-0.0321308,0.200782,-0.03194275,0.20187075,-0.0001880500000000021,-0.0010887499999999994,0.0011048707458340995
0.01625,0.06125,0.005,6.25e-08,-0.041079,0.213449,-0.04092825,0.21478225,-0.0001507499999999981,-0.001333250000000008,0.0013417455515111728
0.01875,0.06125,0.005,6.25e-08,-0.0499713,0.221371,-0.049894875,0.2228715,-7.642500000000496e-05,-0.001500499999999988,0.0015024450175047887
0.02125,0.06125,0.005,6.25e-08,-0.0586203,0.225384,-0.058642650000000004,0.22698000000000002,2.235000000000431e-05,-0.001596000000000014,0.0015961564843398172
0.02375,0.06125,0.005,6.25e-08,-0.0669208,0.226161,-0.0670549,0.22779225,0.0001340999999999981,-0.0016312500000000008,0.0016367526913067844
0.02625,0.06125,0.005,6.25e-08,-0.074833,0.224217,-0.075083275,0.22583325,0.00025027500000000813,-0.0016162500000000135,0.0016355126530005959
0.02875,0.06125,0.005,6.25e-08,-0.0823668,0.219917,-0.08273217499999999,0.22147575,0.00036537499999998724,-0.0015587499999999976,0.001600999829208293
0.03125,0.06125,0.005,6.25e-08,-0.0895684,0.213494,-0.09004525,0.21496300000000002,0.000476849999999987,-0.0014690000000000258,0.0015444568373703628
0.03375,0.06125,0.005,6.25e-08,-0.0965097,0.205075,-0.097093925,0.20642525,0.0005842249999999938,-0.0013502499999999973,0.001471221911584036
0.03625,0.06125,0.005,6.25e-08,-0.103279,0.1947,-0.10396775000000001,0.195907,0.0006887500000000157,-0.0012069999999999859,0.0013896854185390258
0.03875,0.06125,0.005,6.25e-08,-0.109973,0.182341,-0.11076625000000001,0.183382,0.0007932500000000092,-0.0010409999999999864,0.0013087882038358943
0.04125,0.06125,0.005,6.25e-08,-0.116693,0.167923,-0.11759275000000001,0.16877599999999998,0.0008997500000000047,-0.0008529999999999927,0.001239822189872401
0.04375,0.06125,0.005,6.25e-08,-0.123536,0.151335,-0.124549,0.151978,0.001013,-0.0006430000000000047,0.0011998408227760905
0.04625,0.06125,0.005,6.25e-08,-0.130591,0.132445,-0.13172775,0.13285375,0.001136749999999992,-0.0004087499999999855,0.0012080054325208848
0.04875,0.06125,0.005,6.25e-08,-0.137934,0.111108,-0.139207,0.11125750000000001,0.0012729999999999964,-0.00014950000000001074,0.001281748512774637
0.05125,0.06125,0.005,6.25e-08,-0.14562,0.0871788,-0.14704374999999997,0.08704165000000001,0.0014237499999999736,0.00013714999999998867,0.001430340583567397
0.05375,0.06125,0.005,6.25e-08,-0.153671,0.06052,-0.15526325,0.0600671,0.0015922499999999895,0.00045289999999999914,0.0016554088535766522
0.05625,0.06125,0.005,6.25e-08,-0.162069,0.0310164,-0.16384549999999998,0.030216825,0.0017764999999999864,0.0007995750000000003,0.001948145895621001
0.05875,0.06125,0.005,6.25e-08,-0.170736,-0.00140761,-0.17271124999999998,-0.0025861724999999523,0.001975249999999984,0.0011785624999999524,0.002300135241438223
0.06125,0.06125,0.005,6.25e-08,-0.179518,-0.0367625,-0.1816995,-0.038352300000000006,0.002181500000000003,0.0015898000000000093,0.0026993344161107646
0.06375,0.06125,0.005,6.25e-08,-0.188155,-0.074955,-0.19053975000000004,-0.07698585000000012,0.0023847500000000466,0.0020308500000001256,0.003132312928971295
0.06625,0.06125,0.005,6.25e-08,-0.196261,-0.115733,-0.19882325000000003,-0.11822575000000012,0.0025622500000000437,0.002492750000000113,0.0035747625970126724
0.06875,0.06125,0.005,6.25e-08,-0.203281,-0.158608,-0.20596425000000002,-0.16156025000000013,0.002683250000000026,0.0029522500000001284,0.003989437382012769
0.07125,0.06125,0.005,6.25e-08,-0.208473,-0.202745,-0.2111745,-0.20610924999999988,0.0027014999999999956,0.0033642499999998743,0.00431465877127023
0.07375,0.06125,0.005,6.25e-08,-0.210894,-0.246829,-0.21344875,-0.2504774999999999,0.0025547499999999945,0.0036484999999999157,0.004454020634494115
0.07625,0.06125,0.005,6.25e-08,-0.209418,-0.288912,-0.2116035,-0.2925939999999999,0.002185500000000007,0.0036819999999999076,0.00428176765483595
0.07875,0.06125,0.005,6.25e-08,-0.202829,-0.326274,-0.20438799999999996,-0.32958325000000005,0.0015589999999999493,0.0033092500000000413,0.003658089195536396
0.08125,0.06125,0.005,6.25e-08,-0.189997,-0.35537,-0.19070899999999996,-0.35775825000000006,0.0007119999999999627,0.002388250000000036,0.0024921240062444967
0.08375,0.06125,0.005,6.25e-08,-0.170178,-0.371957,-0.16998024999999992,-0.3728425,-0.0001977500000000798,0.000885500000000039,0.000907312136202366
0.08625,0.06125,0.005,6.25e-08,-0.143428,-0.371515,-0.14253525000000009,-0.3705265000000001,-0.0008927499999999144,-0.0009884999999998922,0.001331966520787829
0.08875,0.06125,0.005,6.25e-08,-0.111033,-0.350061,-0.10998725000000009,-0.3473440000000001,-0.0010457499999999148,-0.002716999999999914,0.0029113024683978398
0.09125,0.06125,0.005,6.25e-08,-0.0757838,-0.305254,-0.0753426750000001,-0.30167875000000016,-0.0004411249999999034,-0.0035752499999998633,0.0036023608686698697
0.09375,0.06125,0.005,6.25e-08,-0.0419528,-0.237519,-0.04273665,-0.23449675,0.0007838500000000026,-0.003022250000000004,0.003122245327484698
0.09625,0.06125,0.005,6.25e-08,-0.0152695,-0.150745,-0.016816549999999944,-0.14939299999999972,0.001547049999999944,-0.0013520000000002697,0.0020545723892091403
0.09875,0.06125,0.005,6.25e-08,-0.00211049,-0.0518853,-0.0020162124999999784,-0.05174037499999972,-9.427750000002167e-05,-0.00014492500000028163,0.00017289159213604264
0.00125,0.06375,0.005,6.25e-08,-0.000467346,0.0323438,-0.00037788750000000004,0.031251175000000006,-8.945849999999995e-05,0.001092624999999993,0.0010962810834121122
0.00375,0.06375,0.005,6.25e-08,-0.00304755,0.0864493,-0.0032122324999999995,0.08583055,0.0001646824999999995,0.0006187500000000012,0.0006402904718221656
0.00625,0.06375,0.005,6.25e-08,-0.00831596,0.130296,-0.008321327500000001,0.13017325000000002,5.3675000000006495e-06,0.00012274999999997704,0.0001228672965285896
0.00875,0.06375,0.005,6.25e-08,-0.015219,0.164655,-0.015053525,0.16502050000000001,-0.000165475,-0.0003655000000000186,0.0004012134414809823
0.01125,0.06375,0.005,6.25e-08,-0.0230182,0.190591,-0.022777500000000003,0.191391,-0.00024069999999999647,-0.0007999999999999952,0.0008354259332819341
0.01375,0.06375,0.005,6.25e-08,-0.0311959,0.209288,-0.030950525,0.21044400000000002,-0.00024537499999999907,-0.0011560000000000181,0.0011817550044848726
0.01625,0.06375,0.005,6.25e-08,-0.0393484,0.221929,-0.0391504,0.22334825000000003,-0.0001979999999999968,-0.0014192500000000385,0.0014329949624824604
0.01875,0.06375,0.005,6.25e-08,-0.0471945,0.229595,-0.047079949999999995,0.23118775000000003,-0.00011455000000000493,-0.0015927500000000316,0.0015968638843057669
0.02125,0.06375,0.005,6.25e-08,-0.0545675,0.233216,-0.054555875,0.234901,-1.1625000000001218e-05,-0.001684999999999992,0.0016850401005984912
0.02375,0.06375,0.005,6.25e-08,-0.0613922,0.233542,-0.06148964999999998,0.23525225000000002,9.744999999997811e-05,-0.0017102500000000243,0.001713024099363485
0.02625,0.06375,0.005,6.25e-08,-0.0676635,0.231148,-0.06786684999999998,0.23282925000000002,0.00020334999999997716,-0.001681250000000023,0.0016935031104193662
0.02875,0.06375,0.005,6.25e-08,-0.0734272,0.226441,-0.07372834999999997,0.22805175000000003,0.0003011499999999723,-0.0016107500000000219,0.0016386600883038721
0.03125,0.06375,0.005,6.25e-08,-0.0787654,0.219687,-0.07915442499999997,0.22119550000000002,0.0003890249999999734,-0.0015085000000000237,0.0015578551603486926
0.03375,0.06375,0.005,6.25e-08,-0.0837843,0.211033,-0.08425232499999998,0.21241375,0.00046802499999996916,-0.001380750000000014,0.001457915622772803
0.03625,0.06375,0.005,6.25e-08,-0.088606,0.200531,-0.08914649999999996,0.2017635,0.0005404999999999577,-0.0012325000000000252,0.001345807006966458
0.03875,0.06375,0.005,6.25e-08,-0.0933608,0.188162,-0.09397134999999995,0.1892275,0.0006105499999999597,-0.001065499999999997,0.0012280315763448205
0.04125,0.06375,0.005,6.25e-08,-0.0981827,0.17385,-0.09886527499999995,0.17473075000000002,0.0006825749999999492,-0.0008807500000000135,0.0011142841617491268
0.04375,0.06375,0.005,6.25e-08,-0.103204,0.15748,-0.10396549999999993,0.15815875000000001,0.0007614999999999289,-0.0006787500000000057,0.0010200901001871843
0.04625,0.06375,0.005,6.25e-08,-0.108552,0.138911,-0.10940399999999993,0.13936825,0.0008519999999999361,-0.0004572499999999924,0.0009669444464393413
0.04875,0.06375,0.005,6.25e-08,-0.114344,0.117984,-0.11530174999999994,0.11819725000000002,0.0009577499999999378,-0.00021325000000001204,0.0009812036613261724
0.05125,0.06375,0.005,6.25e-08,-0.12068,0.0945276,-0.12176149999999991,0.09447405000000003,0.0010814999999999159,5.3549999999971676e-05,0.0010828249408375368
0.05375,0.06375,0.005,6.25e-08,-0.127635,0.0683729,-0.12886224999999993,0.06802610000000002,0.0012272499999999298,0.00034679999999998046,0.0012753089047363444
0.05625,0.06375,0.005,6.25e-08,-0.135251,0.0393576,-0.13664599999999993,0.03868892500000002,0.001394999999999924,0.0006686749999999797,0.0015469813365470062
0.05875,0.06375,0.005,6.25e-08,-0.14352,0.00734153,-0.1451039999999999,0.006319892500000071,0.001583999999999891,0.0010216374999999283,0.0018848870473865955
0.06125,0.06375,0.005,6.25e-08,-0.152362,-0.0277732,-0.1541552499999999,-0.029181074999999976,0.001793249999999913,0.0014078749999999751,0.002279881044731198
0.06375,0.06375,0.005,6.25e-08,-0.161604,-0.0660098,-0.16361874999999992,-0.06783882500000009,0.0020147499999999263,0.0018290250000000952,0.002721130282277027
0.06625,0.06375,0.005,6.25e-08,-0.170946,-0.107267,-0.17318024999999998,-0.1095507500000001,0.002234249999999993,0.002283750000000098,0.003194900174496915
0.06875,0.06375,0.005,6.25e-08,-0.179917,-0.151244,-0.18234299999999995,-0.15400425000000012,0.002425999999999956,0.0027602500000001307,0.0036748409574429894
0.07125,0.06375,0.005,6.25e-08,-0.187832,-0.197323,-0.1903819999999999,-0.20055549999999986,0.0025499999999999134,0.0032324999999998605,0.004117226766890386
0.07375,0.06375,0.005,6.25e-08,-0.193755,-0.244419,-0.19629949999999996,-0.24805599999999986,0.0025444999999999496,0.0036369999999998626,0.0044387215783374765
0.07625,0.06375,0.005,6.25e-08,-0.196485,-0.290774,-0.19881749999999995,-0.2946364999999999,0.0023324999999999596,0.0038624999999999354,0.004512146108006623
0.07875,0.06375,0.005,6.25e-08,-0.194598,-0.333744,-0.19644024999999998,-0.33747875000000005,0.0018422499999999897,0.0037347500000000644,0.004164401832796692
0.08125,0.06375,0.005,6.25e-08,-0.186591,-0.36962,-0.18764824999999993,-0.37266575000000013,0.0010572499999999263,0.0030457500000001247,0.003224030183636717
0.08375,0.06375,0.005,6.25e-08,-0.171191,-0.393614,-0.17126774999999994,-0.39526325000000007,7.674999999993104e-05,0.0016492500000000465,0.0016510348648651073
0.08625,0.06375,0.005,6.25e-08,-0.147812,-0.400183,-0.1469952500000001,-0.39980950000000015,-0.000816749999999894,-0.00037349999999986006,0.0008980995560068618
0.08875,0.06375,0.005,6.25e-08,-0.117143,-0.383841,-0.11595600000000011,-0.3813135000000002,-0.0011869999999998826,-0.002527499999999794,0.002792351204630012
0.09125,0.06375,0.005,6.25e-08,-0.0816573,-0.340495,-0.08104395000000011,-0.33660725000000025,-0.0006133499999998876,-0.0038877499999997456,0.0039358351445402135
0.09375,0.06375,0.005,6.25e-08,-0.0459388,-0.269056,-0.04679010000000001,-0.2655525000000001,0.0008513000000000062,-0.0035034999999999372,0.0036054436536991632
0.09625,0.06375,0.005,6.25e-08,-0.016763,-0.1728,-0.01869244999999994,-0.17143624999999976,0.0019294499999999402,-0.0013637500000002467,0.0023627508046767105
0.09875,0.06375,0.005,6.25e-08,-0.00152704,-0.0598847,-0.002271592499999976,-0.06009462499999969,0.0007445524999999762,0.00020992499999969438,0.000773580591070566
0.00125,0.06625,0.005,6.25e-08,-0.000496582,0.0339159,-0.0003954570000000001,0.03276567500000001,-0.00010112499999999987,0.0011502249999999908,0.0011546617756945014
0.00375,0.06625,0.005,6.25e-08,-0.00320383,0.0906441,-0.0033464975,0.08995715000000001,0.00014266750000000014,0.0006869499999999917,0.0007016083794085121
0.00625,0.06625,0.005,6.25e-08,-0.008641,0.136392,-0.008589642500000001,0.13622725000000002,-5.135749999999814e-05,0.0001647499999999913,0.0001725692768317899
0.00875,0.06625,0.005,6.25e-08,-0.0155846,0.171917,-0.015342300000000003,0.17228750000000004,-0.00024229999999999738,-0.00037050000000005134,0.0004426957646059388
0.01125,0.06625,0.005,6.25e-08,-0.023176,0.198381,-0.022859975,0.19923325,-0.00031602499999999756,-0.0008522499999999988,0.0009089564693234745
0.01375,0.06625,0.005,6.25e-08,-0.0308335,0.217114,-0.0305271,0.21835250000000003,-0.00030639999999999834,-0.0012385000000000312,0.0012758382381791496
0.01625,0.06625,0.005,6.25e-08,-0.0381335,0.229443,-0.037892075,0.2309585,-0.00024142500000000344,-0.001515500000000003,0.0015346094879887231
0.01875,0.06625,0.005,6.25e-08,-0.0448081,0.236584,-0.04466359999999999,0.23827075000000003,-0.00014450000000000573,-0.0016867500000000424,0.0016929281770057892
0.02125,0.06625,0.005,6.25e-08,-0.0507243,0.239574,-0.050688124999999994,0.24134100000000003,-3.617500000000634e-05,-0.0017670000000000186,0.001767370258498503
0.02375,0.06625,0.005,6.25e-08,-0.0558514,0.23925,-0.05591989999999998,0.24102300000000002,6.84999999999783e-05,-0.0017730000000000246,0.0017743227581249372
0.02625,0.06625,0.005,6.25e-08,-0.0602317,0.236246,-0.060392199999999986,0.2379695,0.00016049999999998704,-0.001723499999999989,0.0017309571051877506
0.02875,0.06625,0.005,6.25e-08,-0.0639574,0.231014,-0.06419359999999996,0.2326465,0.00023619999999996422,-0.001632500000000009,0.0016494989208847674
0.03125,0.06625,0.005,6.25e-08,-0.0671538,0.223847,-0.06744927499999996,0.22536050000000002,0.00029547499999996174,-0.0015135000000000287,0.0015420725422706496
0.03375,0.06625,0.005,6.25e-08,-0.0699667,0.214913,-0.07030769999999996,0.216286,0.00034099999999995245,-0.001373000000000013,0.0014147119848223538
0.03625,0.06625,0.005,6.25e-08,-0.0725541,0.204274,-0.07293132499999995,0.2054915,0.0003772249999999533,-0.0012174999999999825,0.0012745999178663562
0.03875,0.06625,0.005,6.25e-08,-0.0750803,0.191917,-0.07548987499999994,0.19296575,0.00040957499999993985,-0.0010487499999999872,0.0011258899782505057
0.04125,0.06625,0.005,6.25e-08,-0.077712,0.177767,-0.07815582499999994,0.17863500000000004,0.0004438249999999394,-0.0008680000000000354,0.0009748869835139905
0.04375,0.06625,0.005,6.25e-08,-0.0806142,0.161706,-0.08110064999999994,0.162382,0.00048644999999994387,-0.0006760000000000099,0.0008328322775324926
0.04625,0.06625,0.005,6.25e-08,-0.0839483,0.143588,-0.08449137499999992,0.14405625000000002,0.0005430749999999207,-0.00046825000000003114,0.0007170693956131045
0.04875,0.06625,0.005,6.25e-08,-0.0878688,0.12324,-0.08848717499999992,0.12348375,0.0006183749999999211,-0.0002437500000000009,0.000664681655474937
0.05125,0.06625,0.005,6.25e-08,-0.0925185,0.100477,-0.09323429999999991,0.10047467500000001,0.0007157999999999054,2.32499999998359e-06,0.0007158037759224692
0.05375,0.06625,0.005,6.25e-08,-0.0980223,0.075101,-0.09886022499999991,0.07483045000000002,0.0008379249999999061,0.00027054999999998053,0.0008805200782065291
0.05625,0.06625,0.005,6.25e-08,-0.104478,0.0469129,-0.10546474999999991,0.04634785000000002,0.0009867499999999113,0.0005650499999999836,0.0011370826992790834
0.05875,0.06625,0.005,6.25e-08,-0.111945,0.015718,-0.1131072499999999,0.014829820000000068,0.0011622499999998925,0.0008881799999999312,0.0014627675054155488
0.06125,0.06625,0.005,6.25e-08,-0.120424,-0.0186582,-0.1217887499999999,-0.019901124999999974,0.0013647499999999008,0.0012429249999999746,0.0018459157938878648
0.06375,0.06625,0.005,6.25e-08,-0.129835,-0.0563461,-0.13142549999999992,-0.057979100000000075,0.0015904999999999114,0.001633000000000072,0.0022795568099961785
0.06625,0.06625,0.005,6.25e-08,-0.139982,-0.0973915,-0.14181349999999993,-0.09945237500000009,0.0018314999999999304,0.002060875000000087,0.002757099565780152
0.06875,0.06625,0.005,6.25e-08,-0.150505,-0.141687,-0.15257624999999997,-0.14421375000000008,0.002071249999999969,0.0025267500000000775,0.003267191779648122
0.07125,0.06625,0.005,6.25e-08,-0.160826,-0.188865,-0.1631039999999999,-0.19188224999999984,0.0022779999999998912,0.0030172499999998326,0.003780619203582727
0.07375,0.06625,0.005,6.25e-08,-0.170081,-0.238128,-0.17247999999999988,-0.24162524999999985,0.0023989999999998735,0.0034972499999998408,0.004240985564995274
0.07625,0.06625,0.005,6.25e-08,-0.17707,-0.288021,-0.17942074999999993,-0.2918977499999999,0.0023507499999999293,0.0038767499999998734,0.004533786069610992
0.07875,0.06625,0.005,6.25e-08,-0.180238,-0.336126,-0.18227574999999996,-0.3401200000000001,0.0020377499999999493,0.003994000000000109,0.004483799846391525
0.08125,0.06625,0.005,6.25e-08,-0.177773,-0.378758,-0.17915099999999995,-0.3823595000000001,0.0013779999999999626,0.0036015000000000907,0.0038561232150957714
0.08375,0.06625,0.005,6.25e-08,-0.167859,-0.410763,-0.16825274999999995,-0.4131955000000001,0.00039374999999994276,0.002432500000000115,0.002464162192815342
0.08625,0.06625,0.005,6.25e-08,-0.149174,-0.425642,-0.14849225000000008,-0.4260315,-0.0006817499999999255,0.0003894999999999871,0.000785170881082512
0.08875,0.06625,0.005,6.25e-08,-0.121599,-0.416269,-0.1202597500000001,-0.41411175000000017,-0.001339249999999903,-0.002157249999999833,0.002539156971319225
0.09125,0.06625,0.005,6.25e-08,-0.0870471,-0.376414,-0.0860821250000001,-0.3722210000000003,-0.0009649749999998958,-0.004192999999999725,0.004302606855224224
0.09375,0.06625,0.005,6.25e-08,-0.0502954,-0.302916,-0.05074185000000001,-0.29852250000000013,0.0004464500000000149,-0.004393499999999884,0.004416124981530639
0.09625,0.06625,0.005,6.25e-08,-0.0192976,-0.196916,-0.020628674999999937,-0.19554799999999975,0.001331074999999935,-0.001368000000000258,0.0019087128269138689
0.098125,0.066875,0.005,1.5625e-08,-0.00324982,-0.102719,-0.005730869999999961,-0.10633487499999966,0.002481049999999961,0.0036158749999996576,0.004385220760477439
0.00125,0.06875,0.005,6.25e-08,-0.000563824,0.0356079,-0.0004377362500000002,0.03439185,-0.0001260877499999998,0.0012160499999999963,0.0012225693122273492
0.00375,0.06875,0.005,6.25e-08,-0.00355611,0.0950936,-0.003670292500000001,0.09432992500000001,0.00011418250000000104,0.0007636749999999914,0.0007721639391549162
0.00625,0.06875,0.005,6.25e-08,-0.00941223,0.142695,-0.009286420000000005,0.14249175,-0.0001258099999999953,0.00020324999999998816,0.00023903706532668527
0.00875,0.06875,0.005,6.25e-08,-0.0166234,0.179174,-0.016284875000000004,0.17956775000000003,-0.0003385249999999958,-0.000393750000000026,0.0005192670200629129
0.01125,0.06875,0.005,6.25e-08,-0.0241497,0.205847,-0.023748050000000007,0.20677575000000004,-0.000401649999999993,-0.0009287500000000337,0.0010118790861560769
0.01375,0.06875,0.005,6.25e-08,-0.0313264,0.224247,-0.030960450000000004,0.22559125000000002,-0.00036594999999999336,-0.001344250000000019,0.0013931717284671142
0.01625,0.06875,0.005,6.25e-08,-0.0377143,0.235898,-0.037439475,0.23752225000000005,-0.0002748249999999994,-0.0016242500000000493,0.001647336287199781
0.01875,0.06875,0.005,6.25e-08,-0.0430748,0.242177,-0.042914275,0.2439585,-0.00016052500000000164,-0.0017814999999999914,0.0017887175645207294
0.02125,0.06875,0.005,6.25e-08,-0.0473295,0.24425,-0.047281949999999996,0.246085,-4.755000000000037e-05,-0.0018350000000000033,0.00183561597359034
0.02375,0.06875,0.005,6.25e-08,-0.0505121,0.243042,-0.05056087499999999,0.24485250000000003,4.877499999999396e-05,-0.0018105000000000204,0.0018111568818368754
0.02625,0.06875,0.005,6.25e-08,-0.0527293,0.239248,-0.05285057499999998,0.24097925,0.0001212749999999832,-0.0017312500000000175,0.001735492491520795
0.02875,0.06875,0.005,6.25e-08,-0.0541327,0.233358,-0.05430132499999997,0.23497400000000002,0.00016862499999997088,-0.0016160000000000063,0.001624773950623597
0.03125,0.06875,0.005,6.25e-08,-0.0548995,0.225693,-0.05509279999999997,0.227169,0.00019329999999997266,-0.001476000000000005,0.0014886036712301917
0.03375,0.06875,0.005,6.25e-08,-0.05522,0.216432,-0.055420499999999956,0.21775325,0.00020049999999995766,-0.001321249999999996,0.0013363763738183838
0.03625,0.06875,0.005,6.25e-08,-0.0552908,0.205645,-0.055487249999999946,0.20680349999999997,0.00019644999999994528,-0.001158499999999979,0.0011750382344842783
0.03875,0.06875,0.005,6.25e-08,-0.05531,0.193321,-0.055498224999999936,0.19431075,0.00018822499999993775,-0.0009897500000000115,0.0010074888153845676
0.04125,0.06875,0.005,6.25e-08,-0.0554748,0.179386,-0.055658149999999934,0.180202,0.00018334999999993634,-0.0008160000000000112,0.0008363451575157203
0.04375,0.06875,0.005,6.25e-08,-0.0559795,0.163721,-0.05616917499999993,0.164356,0.00018967499999993087,-0.0006349999999999967,0.0006627228724172491
0.04625,0.06875,0.005,6.25e-08,-0.0570154,0.146171,-0.057229424999999924,0.14661725,0.0002140249999999233,-0.00044625000000000914,0.0004949199562807862
0.04875,0.06875,0.005,6.25e-08,-0.0587696,0.126561,-0.059030899999999914,0.12680300000000003,0.00026129999999991577,-0.00024200000000001998,0.0003561484100764254
0.05125,0.06875,0.005,6.25e-08,-0.0614222,0.10469,-0.061756899999999906,0.10471175000000002,0.00033469999999990313,-2.1750000000014813e-05,0.000335405951795635
0.05375,0.06875,0.005,6.25e-08,-0.0651417,0.0803444,-0.06557767499999989,0.08012352500000001,0.0004359749999998941,0.0002208749999999815,0.0004887330214441209
0.05625,0.06875,0.005,6.25e-08,-0.0700778,0.0532951,-0.0706443749999999,0.05280810000000002,0.0005665749999999026,0.0004869999999999805,0.0007471119264373114
0.05875,0.06875,0.005,6.25e-08,-0.0763521,0.0233058,-0.07707939999999988,0.022526400000000064,0.0007272999999998753,0.0007793999999999371,0.0010660345444682927
0.06125,0.06875,0.005,6.25e-08,-0.0840434,-0.00986002,-0.08496174999999989,-0.010960789999999977,0.0009183499999998873,0.0011007699999999766,0.0014335485047251599
0.06375,0.06875,0.005,6.25e-08,-0.093166,-0.0464237,-0.09430529999999993,-0.047878300000000075,0.0011392999999999265,0.0014546000000000767,0.0018476649182143539
0.06625,0.06875,0.005,6.25e-08,-0.103638,-0.0865625,-0.10502444999999991,-0.0884078500000001,0.0013864499999999141,0.0018453500000000927,0.0023081508237115063
0.06875,0.06875,0.005,6.25e-08,-0.115235,-0.130357,-0.11688574999999993,-0.13263375000000008,0.0016507499999999231,0.0022767500000000773,0.0028122172969029437
0.07125,0.06875,0.005,6.25e-08,-0.127522,-0.177694,-0.1294342499999999,-0.18044549999999981,0.0019122499999998932,0.0027514999999998235,0.003350739069593247
0.07375,0.06875,0.005,6.25e-08,-0.139772,-0.228113,-0.14190399999999986,-0.23136599999999982,0.0021319999999998562,0.0032529999999998116,0.0038894000822746635
0.07625,0.06875,0.005,6.25e-08,-0.15087,-0.280549,-0.1531072499999999,-0.2842784999999998,0.002237249999999885,0.00372949999999983,0.004349075512393205
0.07875,0.06875,0.005,6.25e-08,-0.159237,-0.332975,-0.16135824999999993,-0.33702825000000014,0.0021212499999999357,0.004053250000000119,0.004574771811249245
0.08125,0.06875,0.005,6.25e-08,-0.162841,-0.381954,-0.16449324999999995,-0.3859340000000001,0.0016522499999999385,0.003980000000000095,0.004309330581714584
0.08375,0.06875,0.005,6.25e-08,-0.159374,-0.422217,-0.16013049999999995,-0.4253697500000001,0.0007564999999999655,0.003152750000000093,0.003242240708599615
0.08625,0.06875,0.005,6.25e-08,-0.146713,-0.446501,-0.14628575000000005,-0.44776,-0.0004272499999999624,0.0012590000000000101,0.0013295200496795802
0.08875,0.06875,0.005,6.25e-08,-0.123745,-0.446033,-0.12235225000000008,-0.4444392500000001,-0.0013927499999999149,-0.0015937499999998939,0.002116551824312229
0.09125,0.06875,0.005,6.25e-08,-0.0916168,-0.412117,-0.09015070000000011,-0.40761725000000026,-0.001466099999999887,-0.004499749999999747,0.00473256793638479
0.09375,0.06875,0.005,6.25e-08,-0.0548629,-0.338898,-0.05447772500000002,-0.3329962500000001,-0.00038517499999998067,-0.005901749999999872,0.005914305778628923
0.095625,0.069375,0.005,1.5625e-08,-0.0276842,-0.257345,-0.030382449999999925,-0.26020974999999974,0.0026982499999999264,0.0028647499999997494,0.003935396501624476
0.098125,0.068125,0.005,1.5625e-08,-0.00580379,-0.113879,-0.006038139999999959,-0.11382112499999963,0.0002343499999999596,-5.787500000035972e-05,0.00024139063388007147
0.00125,0.07125,0.005,6.25e-08,-0.000686928,0.0375426,-0.0005170492499999997,0.0362459,-0.0001698787500000003,0.0012967000000000048,0.0013077804401739517
0.00375,0.07125,0.005,6.25e-08,-0.00419379,0.100061,-0.004273872499999998,0.09921164999999998,8.008249999999755e-05,0.0008493500000000126,0.000853117007980893
0.00625,0.07125,0.005,6.25e-08,-0.0108238,0.14949,-0.010604954999999996,0.14925899999999998,-0.00021884500000000397,0.00023100000000003673,0.00031820454746124966
0.00875,0.07125,0.005,6.25e-08,-0.0186122,0.186641,-0.018159249999999995,0.18709024999999999,-0.00045295000000000404,-0.0004492499999999844,0.0006379571027898268
0.01125,0.07125,0.005,6.25e-08,-0.0262563,0.213094,-0.025765049999999994,0.214136,-0.0004912500000000056,-0.0010419999999999874,0.0011519941677369636
0.01375,0.07125,0.005,6.25e-08,-0.032993,0.230679,-0.032578125,0.2321555,-0.00041487500000000205,-0.0014764999999999917,0.0015336797304603648
0.01625,0.07125,0.005,6.25e-08,-0.0383824,0.241182,-0.038093475,0.242926,-0.00028892499999999544,-0.0017439999999999956,0.0017677708153561596
0.01875,0.07125,0.005,6.25e-08,-0.0422441,0.246188,-0.042087925,0.24805375,-0.00015617500000000145,-0.0018657499999999994,0.001872275004673458
0.02125,0.07125,0.005,6.25e-08,-0.0445855,0.247001,-0.04454217500000001,0.24887900000000002,-4.33249999999899e-05,-0.0018780000000000185,0.001878499682093417
0.02375,0.07125,0.005,6.25e-08,-0.0455316,0.244641,-0.04556887500000001,0.24645374999999997,3.727500000001022e-05,-0.001812749999999974,0.0018131331964654188
0.02625,0.07125,0.005,6.25e-08,-0.0452751,0.239861,-0.045357300000000024,0.24155675,8.220000000002531e-05,-0.0016957499999999959,0.0016977411176324823
0.02875,0.07125,0.005,6.25e-08,-0.0440425,0.23318,-0.04413587500000003,0.23472975000000001,9.33750000000344e-05,-0.0015497500000000164,0.0015525604507152233
0.03125,0.07125,0.005,6.25e-08,-0.0420723,0.224933,-0.04214915000000003,0.22632075000000001,7.685000000003106e-05,-0.001387750000000021,0.0013898762480883192
0.03375,0.07125,0.005,6.25e-08,-0.0396042,0.215304,-0.03964477500000004,0.21652475,4.057500000004266e-05,-0.0012207499999999927,0.0012214241249971223
0.03625,0.07125,0.005,6.25e-08,-0.0368744,0.204366,-0.03686747500000005,0.20541800000000002,-6.924999999949333e-06,-0.0010520000000000251,0.0010520227923505518
0.03875,0.07125,0.005,6.25e-08,-0.034114,0.192104,-0.03405675000000006,0.19298925,-5.7249999999939294e-05,-0.0008852500000000041,0.0008870992757296109
0.04125,0.07125,0.005,6.25e-08,-0.0315477,0.17844,-0.03144622500000007,0.179162,-0.00010147499999992732,-0.0007220000000000004,0.00072909613606505
0.04375,0.07125,0.005,6.25e-08,-0.0293946,0.163252,-0.029264400000000076,0.16381175000000003,-0.00013019999999992413,-0.0005597500000000255,0.0005746930506801077
0.04625,0.07125,0.005,6.25e-08,-0.0278699,0.146384,-0.027734850000000085,0.1467775,-0.0001350499999999144,-0.00039350000000001883,0.00041602974953720763
0.04875,0.07125,0.005,6.25e-08,-0.0271878,0.127655,-0.027076500000000094,0.12787099999999998,-0.000111299999999908,-0.00021599999999999397,0.00024298907382838618
0.05125,0.07125,0.005,6.25e-08,-0.0275598,0.106859,-0.027502525000000097,0.106881,-5.727499999990185e-05,-2.2000000000008124e-05,6.135491524718386e-05
0.05375,0.07125,0.005,6.25e-08,-0.0291912,0.083769,-0.029218900000000107,0.083577,2.7700000000106112e-05,0.00019199999999999773,0.00019398786044493867
0.05625,0.07125,0.005,6.25e-08,-0.0322769,0.0581389,-0.03242037500000011,0.05770939999999999,0.00014347500000011504,0.0004295000000000132,0.0004528303497172471
0.05875,0.07125,0.005,6.25e-08,-0.0369939,0.0297031,-0.03728460000000011,0.029011025000000027,0.0002907000000001089,0.0006920749999999726,0.0007506492494001612
0.06125,0.07125,0.005,6.25e-08,-0.0434922,-0.00181979,-0.043961725000000125,-0.002801130750000021,0.0004695250000001233,0.000981340750000021,0.0010878802292696194
0.06375,0.07125,0.005,6.25e-08,-0.0518772,-0.0367205,-0.052557475000000145,-0.03802015000000013,0.0006802750000001467,0.0012996500000001243,0.0014669233784099028
0.06625,0.07125,0.005,6.25e-08,-0.0621833,-0.0752842,-0.06310565000000015,-0.07693425000000015,0.000922350000000155,0.0016500500000001528,0.0018903424359096397
0.06875,0.07125,0.005,6.25e-08,-0.0743306,-0.117755,-0.07552340000000016,-0.11979275000000017,0.0011928000000001604,0.0020377500000001714,0.002361185486678478
0.07125,0.07125,0.005,6.25e-08,-0.0880587,-0.164268,-0.08954102500000008,-0.1667349999999999,0.001482325000000076,0.0024669999999999137,0.00287808554522356
0.07375,0.07125,0.005,6.25e-08,-0.10283,-0.214707,-0.10459752500000008,-0.2176484999999999,0.0017675250000000753,0.0029414999999999025,0.0034317002893062636
0.07625,0.07125,0.005,6.25e-08,-0.117703,-0.268469,-0.11970000000000006,-0.2719124999999999,0.0019970000000000543,0.003443499999999877,0.003980665930469344
0.07875,0.07125,0.005,6.25e-08,-0.131191,-0.324063,-0.13326500000000013,-0.32796225000000023,0.0020740000000001313,0.003899250000000243,0.0044165174699645916
0.08125,0.07125,0.005,6.25e-08,-0.141177,-0.378543,-0.1430175000000001,-0.3826592500000002,0.001840500000000106,0.0041162500000001545,0.004508985951685996
0.08375,0.07125,0.005,6.25e-08,-0.14497,-0.426854,-0.14609525000000004,-0.4305587500000001,0.0011252500000000498,0.00370475000000009,0.003871867782479249
0.08625,0.07125,0.005,6.25e-08,-0.139656,-0.461301,-0.13958200000000007,-0.46344149999999995,-7.399999999993523e-05,0.002140499999999934,0.002141778758415469
0.08875,0.07125,0.005,6.25e-08,-0.122929,-0.471578,-0.12161675000000008,-0.4707572499999999,-0.0013122499999999176,-0.0008207500000000922,0.0015477824863332494
0.09125,0.07125,0.005,6.25e-08,-0.094548,-0.446168,-0.09290175000000009,-0.44164775,-0.0016462499999999047,-0.004520250000000003,0.00481069632433806
0.09375,0.07125,0.005,6.25e-08,-0.0584171,-0.375545,-0.05787712499999999,-0.3684034999999999,-0.000539975000000012,-0.007141500000000134,0.007161884895097583
0.095625,0.071875,0.005,1.5625e-08,-0.0321433,-0.289239,-0.0328386999999999,-0.2914044999999995,0.0006953999999999017,0.0021654999999994873,0.0022744167186330745
0.098125,0.070625,0.005,1.5625e-08,-0.00616318,-0.130285,-0.00668022999999995,-0.1299027499999995,0.0005170499999999504,-0.00038225000000050025,0.0006430052604764063
0.00125,0.07375,0.005,6.25e-08,-0.000888341,0.0398963,-0.0006516294999999994,0.03850002499999999,-0.0002367115000000005,0.0013962750000000093,0.0014161978003998158
0.00375,0.07375,0.005,6.25e-08,-0.00523713,0.105922,-0.005285919999999996,0.10498224999999999,4.878999999999561e-05,0.000939750000000017,0.0009410156888171586
0.00625,0.07375,0.005,6.25e-08,-0.0131328,0.157162,-0.012807624999999994,0.15693025,-0.00032517500000000567,0.0002317500000000028,0.0003993079552488342
0.00875,0.07375,0.005,6.25e-08,-0.0218975,0.194595,-0.021319599999999994,0.195148,-0.0005779000000000062,-0.0005529999999999979,0.0007998608691516324
0.01125,0.07375,0.005,6.25e-08,-0.0298625,0.22024,-0.029290824999999986,0.22144175,-0.0005716750000000145,-0.0012017500000000014,0.0013307950135633287
0.01375,0.07375,0.005,6.25e-08,-0.0361638,0.236372,-0.03572594999999999,0.23800725,-0.00043785000000001045,-0.0016352500000000048,0.0016928541534934499
0.01625,0.07375,0.005,6.25e-08,-0.0403983,0.245136,-0.040126499999999996,0.24699725,-0.0002718000000000026,-0.0018612500000000087,0.001880990909733493
0.01875,0.07375,0.005,6.25e-08,-0.0424924,0.248366,-0.042366600000000004,0.25029025,-0.00012579999999999536,-0.0019242499999999885,0.001928357773469424
0.02125,0.07375,0.005,6.25e-08,-0.0425843,0.247525,-0.04256030000000001,0.2494015,-2.3999999999989308e-05,-0.0018765000000000032,0.001876653470942361
0.02375,0.07375,0.005,6.25e-08,-0.0409262,0.243721,-0.04095470000000001,0.24548050000000002,2.8500000000007686e-05,-0.001759500000000025,0.0017597308032764806
0.02625,0.07375,0.005,6.25e-08,-0.0378228,0.237752,-0.03785740000000003,0.239353,3.460000000003044e-05,-0.001601000000000019,0.0016013738351803003
0.02875,0.07375,0.005,6.25e-08,-0.0335926,0.230152,-0.03359287500000003,0.23157575000000002,2.750000000287245e-07,-0.0014237500000000292,0.0014237500265584136
0.03125,0.07375,0.005,6.25e-08,-0.0285441,0.221254,-0.02847985000000004,0.22249625,-6.424999999996017e-05,-0.0012422500000000003,0.0012439104167905322
0.03375,0.07375,0.005,6.25e-08,-0.0229694,0.211235,-0.022821625000000047,0.21229949999999997,-0.0001477749999999542,-0.0010644999999999682,0.0010747081932435982
0.03625,0.07375,0.005,6.25e-08,-0.0171445,0.200157,-0.01690430000000006,0.20105300000000004,-0.00024019999999994046,-0.0008960000000000357,0.0009276378819345593
0.03875,0.07375,0.005,6.25e-08,-0.0113311,0.187998,-0.010998325000000066,0.18873525000000002,-0.0003327749999999345,-0.0007372500000000226,0.0008088737621687267
0.04125,0.07375,0.005,6.25e-08,-0.00577714,0.174672,-0.005361740000000075,0.17526100000000003,-0.0004153999999999252,-0.0005890000000000339,0.0007207483333313909
0.04375,0.07375,0.005,6.25e-08,-0.000719692,0.160048,-0.00024342750000008414,0.1605005,-0.0004762644999999158,-0.0004524999999999946,0.0006569506252072258
0.04625,0.07375,0.005,6.25e-08,0.00360854,0.143971,0.004113917499999908,0.14428725000000003,-0.0005053774999999078,-0.00031625000000004566,0.0005961715189491911
0.04875,0.07375,0.005,6.25e-08,0.0069725,0.126258,0.0074715774999999,0.1264295,-0.0004990774999998997,-0.0001714999999999911,0.0005277220869038425
0.05125,0.07375,0.005,6.25e-08,0.00913523,0.106703,0.009593537499999893,0.106711,-0.00045830749999989373,-7.999999999994123e-06,0.0004583773167993291
0.05375,0.07375,0.005,6.25e-08,0.00986096,0.0850732,0.010246072499999887,0.084896525,-0.00038511249999988693,0.00017667500000000114,0.0004237047241666811
0.05625,0.07375,0.005,6.25e-08,0.00891816,0.0611126,0.00919887749999988,0.0607266,-0.0002807174999998798,0.0003860000000000044,0.0004772822171484979
0.05875,0.07375,0.005,6.25e-08,0.00608247,0.03454,0.00622777659999988,0.03391937500000003,-0.0001453065999998792,0.0006206249999999719,0.0006374083452767857
0.06125,0.07375,0.005,6.25e-08,0.00114218,0.00504732,0.0011207799999998689,0.0041663372499999825,2.1400000000131167e-05,0.0008809827500000176,0.0008812426259536014
0.06375,0.07375,0.005,6.25e-08,-0.00609105,-0.0277018,-0.0063109575000001574,-0.02886935000000012,0.00021990750000015769,0.0011675500000001213,0.0011880792528516785
0.06625,0.07375,0.005,6.25e-08,-0.0157619,-0.0640695,-0.016212967500000168,-0.06555057500000014,0.0004510675000001692,0.0014810750000001371,0.0015482393371768492
0.06875,0.07375,0.005,6.25e-08,-0.0279364,-0.10443,-0.028651900000000178,-0.10625285000000015,0.0007155000000001778,0.0018228500000001535,0.0019582447172150916
0.07125,0.07375,0.005,6.25e-08,-0.0425426,-0.14913,-0.043553875000000096,-0.15132549999999992,0.0010112750000000961,0.002195499999999906,0.0024172085916661767
0.07375,0.07375,0.005,6.25e-08,-0.059273,-0.198387,-0.06060207500000008,-0.2009944999999999,0.0013290750000000823,0.0026074999999999016,0.0029266869674812687
0.07625,0.07375,0.005,6.25e-08,-0.0774353,-0.252086,-0.07907790000000006,-0.2551504999999999,0.0016426000000000635,0.0030644999999999145,0.003476966351577145
0.07875,0.07375,0.005,6.25e-08,-0.0957583,-0.309382,-0.09764297500000016,-0.3129367500000002,0.001884675000000155,0.0035547500000002175,0.004023462118390967
0.08125,0.07375,0.005,6.25e-08,-0.112206,-0.368058,-0.11410575000000013,-0.3720347500000002,0.0018997500000001305,0.003976750000000195,0.004407220283239998
0.08375,0.07375,0.005,6.25e-08,-0.123887,-0.42365,-0.12531850000000008,-0.42764725000000015,0.0014315000000000855,0.003997250000000119,0.0042458450057086625
0.08625,0.07375,0.005,6.25e-08,-0.127196,-0.468504,-0.12750200000000006,-0.4714434999999999,0.0003060000000000562,0.0029394999999999283,0.002955384281273691
0.08875,0.07375,0.005,6.25e-08,-0.118539,-0.491114,-0.11734075000000006,-0.49128025,-0.0011982499999999424,0.00016624999999997891,0.001209728120281518
0.09125,0.07375,0.005,6.25e-08,-0.0960229,-0.47699,-0.09392967500000007,-0.4728705,-0.002093224999999921,-0.004119499999999998,0.004620808495341985
0.09375,0.07375,0.005,6.25e-08,-0.0623673,-0.412012,-0.060816024999999996,-0.40398299999999987,-0.0015512750000000047,-0.00802900000000012,0.008177487091131783
0.095625,0.074375,0.005,1.5625e-08,-0.035613,-0.321915,-0.0352707499999999,-0.3240834999999995,-0.0003422500000000994,0.002168499999999518,0.00219534218574189
0.098125,0.073125,0.005,1.5625e-08,-0.00694202,-0.147725,-0.007367404999999945,-0.14751149999999943,0.00042538499999994484,-0.00021350000000056046,0.00047595656127969534
0.00125,0.07625,0.005,6.25e-08,-0.00118928,0.0429084,-0.0008692439999999993,0.04141027499999999,-0.00032003600000000076,0.0014981250000000099,0.001531927399363635
0.00375,0.07625,0.005,6.25e-08,-0.0068426,0.113202,-0.0068934024999999935,0.11218024999999997,5.080249999999363e-05,0.0010217500000000296,0.0010230121976332002
0.00625,0.07625,0.005,6.25e-08,-0.0166773,0.166224,-0.01625134999999999,0.16603549999999997,-0.00042595000000000827,0.00018850000000003586,0.0004657957197098537
0.00875,0.07625,0.005,6.25e-08,-0.0269009,0.203357,-0.026206024999999987,0.20408049999999997,-0.0006948750000000115,-0.0007234999999999603,0.0010031468066165382
0.01125,0.07625,0.005,6.25e-08,-0.0353588,0.22737,-0.034738924999999976,0.22878549999999997,-0.0006198750000000267,-0.0014154999999999862,0.0015452783780358133
0.01375,0.07625,0.005,6.25e-08,-0.0411209,0.241207,-0.040706749999999986,0.24301575,-0.0004141500000000159,-0.0018087499999999979,0.0018555583485840603
0.01625,0.07625,0.005,6.25e-08,-0.0438982,0.247491,-0.04368714999999999,0.24944224999999998,-0.00021105000000001123,-0.0019512499999999877,0.001962630547250286
0.01875,0.07625,0.005,6.25e-08,-0.0438037,0.248353,-0.043735699999999995,0.25027750000000004,-6.800000000000556e-05,-0.0019245000000000512,0.0019257009762681737
0.02125,0.07625,0.005,6.25e-08,-0.0411702,0.245418,-0.041171775,0.24721925,1.5750000000036568e-06,-0.0018012500000000042,0.0018012506885841891
0.02375,0.07625,0.005,6.25e-08,-0.0364205,0.239866,-0.036428200000000015,0.24149500000000002,7.700000000013252e-06,-0.0016290000000000193,0.001629018198179524
0.02625,0.07625,0.005,6.25e-08,-0.0300006,0.232519,-0.02996242500000002,0.2339485,-3.8174999999977116e-05,-0.0014295000000000002,0.0014300096435426578
0.02875,0.07625,0.005,6.25e-08,-0.0223389,0.223898,-0.022211350000000032,0.22512325000000002,-0.00012754999999996589,-0.001225250000000011,0.0012318711641239185
0.03125,0.07625,0.005,6.25e-08,-0.0138203,0.214309,-0.013573900000000043,0.21534050000000005,-0.0002463999999999574,-0.0010315000000000463,0.0010605211973365146
0.03375,0.07625,0.005,6.25e-08,-0.00478784,0.203906,-0.004408832750000054,0.20475875000000004,-0.0003790072499999459,-0.000852750000000041,0.0009331822212475929
0.03625,0.07625,0.005,6.25e-08,0.00444545,0.19273,0.004960488249999936,0.19342050000000002,-0.0005150382499999363,-0.0006905000000000105,0.0008614259393372199
0.03875,0.07625,0.005,6.25e-08,0.0135917,0.18074,0.014238587499999927,0.18128550000000004,-0.0006468874999999274,-0.0005455000000000321,0.0008461877378313816
0.04125,0.07625,0.005,6.25e-08,0.0223853,0.167834,0.023150124999999917,0.16825625000000002,-0.000764824999999917,-0.0004222500000000129,0.0008736431440381615
0.04375,0.07625,0.005,6.25e-08,0.0305797,0.153871,0.03143314999999991,0.15419175000000002,-0.0008534499999999084,-0.00032075000000000853,0.0009117332203006804
0.04625,0.07625,0.005,6.25e-08,0.037934,0.138696,0.0388333999999999,0.138922,-0.0008993999999998975,-0.00022599999999997622,0.0009273598869909163
0.04875,0.07625,0.005,6.25e-08,0.0441976,0.122134,0.04509979999999989,0.12225225000000002,-0.0009021999999998948,-0.00011825000000001418,0.0009099164261072626
0.05125,0.07625,0.005,6.25e-08,0.0491128,0.103978,0.04998119999999988,0.1039665,-0.0008683999999998804,1.1499999999997623e-05,0.0008684761424470981
0.05375,0.07625,0.005,6.25e-08,0.0524205,0.0839959,0.05322387499999988,0.083828575,-0.0008033749999998771,0.00016732499999999595,0.0008206150414474507
0.05625,0.07625,0.005,6.25e-08,0.053861,0.0619303,0.054570199999999874,0.061580224999999995,-0.0007091999999998752,0.00035007500000000524,0.0007908964190238989
0.05875,0.07625,0.005,6.25e-08,0.0531725,0.0374962,0.053758649999999866,0.036936800000000033,-0.0005861499999998687,0.0005593999999999669,0.0008102469885780564
0.06125,0.07625,0.005,6.25e-08,0.0500923,0.0103761,0.050525299999999856,0.009581584999999988,-0.0004329999999998571,0.0007945150000000113,0.0009048442325753611
0.06375,0.07625,0.005,6.25e-08,0.0443613,-0.0197872,0.044609849999999826,-0.020841675000000108,-0.0002485499999998267,0.0010544750000001067,0.0010833718789617622
0.06625,0.07625,0.005,6.25e-08,0.0357364,-0.0533998,0.03576704999999982,-0.054737175000000124,-3.064999999981971e-05,0.0013373750000001267,0.001337726172699528
0.06875,0.07625,0.005,6.25e-08,0.0240141,-0.0909226,0.023791774999999803,-0.09256250000000016,0.00022232500000019667,0.0016399000000001523,0.0016549019353501242
0.07125,0.07625,0.005,6.25e-08,0.0090787,-0.132863,0.008566236249999894,-0.1348214999999999,0.0005124637500001066,0.001958499999999891,0.0020244360560570307
0.07375,0.07625,0.005,6.25e-08,-0.00901289,-0.179726,-0.009851514750000094,-0.1820179999999999,0.0008386247500000929,0.0022919999999999052,0.002440605554224665
0.07625,0.07625,0.005,6.25e-08,-0.029876,-0.231868,-0.03107250000000008,-0.23451974999999992,0.0011965000000000794,0.002651749999999925,0.0029091906627960623
0.07875,0.07625,0.005,6.25e-08,-0.0525634,-0.28915,-0.054126950000000194,-0.2922187500000002,0.0015635500000001912,0.0030687500000001755,0.0034441131173353866
0.08125,0.07625,0.005,6.25e-08,-0.075302,-0.350262,-0.07712062500000018,-0.35383475000000025,0.0018186250000001847,0.0035727500000002355,0.0040089823463227365
0.08375,0.07625,0.005,6.25e-08,-0.0952495,-0.411712,-0.09689770000000014,-0.41569925000000024,0.0016482000000001412,0.00398725000000022,0.0043144786246431
0.08625,0.07625,0.005,6.25e-08,-0.108316,-0.466523,-0.10902325000000004,-0.4701007499999999,0.0007072500000000481,0.0035777499999998796,0.0036469847305684194
0.08875,0.07625,0.005,6.25e-08,-0.109627,-0.502614,-0.10864750000000006,-0.50395125,-0.0009794999999999388,0.0013372499999999565,0.0016576060486435742
0.09125,0.07625,0.005,6.25e-08,-0.0953263,-0.50273,-0.09272857500000008,-0.49948024999999996,-0.002597724999999926,-0.003249750000000051,0.004160414671414972
0.09375,0.07625,0.005,6.25e-08,-0.0660618,-0.44733,-0.063162025,-0.43872849999999985,-0.002899775000000007,-0.00860150000000015,0.009077141471885718
0.095625,0.076875,0.005,1.5625e-08,-0.0390882,-0.35584,-0.037702224999999895,-0.3578549999999995,-0.0013859750000001017,0.0020149999999994894,0.0024456393234946203
0.098125,0.075625,0.005,1.5625e-08,-0.00790998,-0.167302,-0.008121024999999941,-0.16672524999999938,0.000211044999999941,-0.0005767500000006254,0.0006141502703131348
0.00125,0.07875,0.005,6.25e-08,-0.00158296,0.046887,-0.0012135467500000011,0.04535982500000001,-0.00036941324999999886,0.0015271749999999848,0.0015712191540012855
0.00375,0.07875,0.005,6.25e-08,-0.00920123,0.122655,-0.009372790000000008,0.12156175000000002,0.0001715600000000081,0.0010932499999999762,0.001106629294795665
0.00625,0.07875,0.005,6.25e-08,-0.0219011,0.177336,-0.02141760000000002,0.17723875000000006,-0.0004834999999999805,9.724999999993766e-05,0.0004931833457244567
0.00875,0.07875,0.005,6.25e-08,-0.0341079,0.21325,-0.033332175000000026,0.21421750000000006,-0.0007757249999999702,-0.0009675000000000655,0.0012400828704667607
0.01125,0.07875,0.005,6.25e-08,-0.0430834,0.234461,-0.042478375000000027,0.23612400000000003,-0.0006050249999999743,-0.0016630000000000256,0.0017696395821254264
0.01375,0.07875,0.005,6.25e-08,-0.0479557,0.244891,-0.04763525000000002,0.24684675,-0.0003204499999999791,-0.001955750000000006,0.0019818290201225764
0.01625,0.07875,0.005,6.25e-08,-0.0486988,0.247786,-0.04859970000000001,0.24974799999999997,-9.909999999999086e-05,-0.0019619999999999638,0.001964501160600282
0.01875,0.07875,0.005,6.25e-08,-0.0457369,0.245609,-0.045744875000000004,0.2474225,7.975000000007282e-06,-0.0018134999999999957,0.001813517535240557
0.02125,0.07875,0.005,6.25e-08,-0.0396832,0.240121,-0.039693674999999984,0.24172824999999995,1.0474999999982026e-05,-0.001607249999999949,0.0016072841342229555
0.02375,0.07875,0.005,6.25e-08,-0.0311777,0.232535,-0.031123749999999978,0.23392549999999995,-5.395000000002134e-05,-0.0013904999999999612,0.0013915462092578509
0.02625,0.07875,0.005,6.25e-08,-0.020837,0.223662,-0.02067147499999997,0.22482449999999995,-0.00016552500000003093,-0.0011624999999999552,0.0011742251809703733
0.02875,0.07875,0.005,6.25e-08,-0.00921537,0.21397,-0.008895892499999959,0.21491324999999997,-0.00031947750000004167,-0.0009432499999999788,0.0009958847501122991
0.03125,0.07875,0.005,6.25e-08,0.00322793,0.203704,0.003725117000000053,0.20445549999999996,-0.000497187000000053,-0.0007514999999999605,0.0009010811078748646
0.03375,0.07875,0.005,6.25e-08,0.0161064,0.192972,0.016784550000000065,0.19355774999999997,-0.0006781500000000648,-0.0005857499999999682,0.0008960973635716437
0.03625,0.07875,0.005,6.25e-08,0.0290799,0.18178,0.029931275000000077,0.18222349999999998,-0.0008513750000000778,-0.00044349999999998557,0.0009599643954986662
0.03875,0.07875,0.005,6.25e-08,0.0418411,0.170062,0.04285502500000009,0.17038299999999998,-0.001013925000000089,-0.00032099999999998796,0.0010635247555300126
0.04125,0.07875,0.005,6.25e-08,0.0541123,0.157691,0.055273275000000094,0.15791899999999998,-0.0011609750000000918,-0.00022799999999997822,0.001183151279687092
0.04375,0.07875,0.005,6.25e-08,0.0656512,0.144504,0.0669204750000001,0.14467974999999997,-0.0012692750000000974,-0.00017574999999997454,0.0012813848321738628
0.04625,0.07875,0.005,6.25e-08,0.0762199,0.130354,0.0775397750000001,0.13049,-0.0013198750000001092,-0.00013599999999999723,0.0013268632241588759
0.04875,0.07875,0.005,6.25e-08,0.0855554,0.115082,0.08687625000000013,0.11515349999999996,-0.0013208500000001233,-7.149999999996048e-05,0.0013227837965821628
0.05125,0.07875,0.005,6.25e-08,0.0933831,0.098485,0.09467152500000013,0.09845889999999997,-0.0012884250000001346,2.6100000000028878e-05,0.0012886893305313536
0.05375,0.07875,0.005,6.25e-08,0.0994289,0.0803323,0.10066015000000014,0.08017602499999998,-0.001231250000000142,0.00015627500000001127,0.001241127889512339
0.05625,0.07875,0.005,6.25e-08,0.103415,0.060371,0.10456532500000014,0.060054849999999986,-0.0011503250000001325,0.00031615000000001503,0.0011929788045582847
0.05875,0.07875,0.005,6.25e-08,0.105053,0.0383233,0.10609747500000016,0.03781975000000003,-0.0010444750000001696,0.0005035499999999707,0.001159521723869512
0.06125,0.07875,0.005,6.25e-08,0.104043,0.0138788,0.10495165000000016,0.013161867500000007,-0.0009086500000001635,0.0007169324999999928,0.001157426901387961
0.06375,0.07875,0.005,6.25e-08,0.100067,-0.013318,0.10080892500000015,-0.014272235000000065,-0.0007419250000001432,0.0009542350000000654,0.001208725419957046
0.06625,0.07875,0.005,6.25e-08,0.0928007,-0.0436838,0.09333957500000015,-0.044896400000000065,-0.0005388750000001469,0.0012126000000000636,0.001326945750822283
0.06875,0.07875,0.005,6.25e-08,0.0819213,-0.0777193,0.08221817500000013,-0.07920472500000006,-0.0002968750000001269,0.001485425000000054,0.0015148010418039183
0.07125,0.07875,0.005,6.25e-08,0.0671387,-0.116031,0.06715287500000022,-0.11779224999999983,-1.41750000002272e-05,0.0017612499999998393,0.0017613070411272534
0.07375,0.07875,0.005,6.25e-08,0.0482609,-0.159338,0.04795100000000023,-0.16136024999999982,0.00030989999999977286,0.002022249999999809,0.0020458575396393283
0.07625,0.07875,0.005,6.25e-08,0.0253345,-0.208405,0.02465017500000024,-0.2106644999999998,0.0006843249999997601,0.0022594999999998033,0.0023608559794328376
0.07875,0.07875,0.005,6.25e-08,-0.00109675,-0.263785,-0.0022374199999999223,-0.2663010000000001,0.0011406699999999222,0.0025160000000001292,0.0027624959816985204
0.08125,0.07875,0.005,6.25e-08,-0.0296956,-0.325165,-0.03131889999999994,-0.3281310000000001,0.0016232999999999422,0.002966000000000135,0.0033811623578291258
0.08375,0.07875,0.005,6.25e-08,-0.0579828,-0.390361,-0.059768349999999956,-0.3940365000000001,0.0017855499999999552,0.0036755000000001092,0.004086256116850808
0.08625,0.07875,0.005,6.25e-08,-0.081746,-0.453854,-0.08287382499999986,-0.4577829999999998,0.0011278249999998602,0.003928999999999794,0.004087668067568973
0.08875,0.07875,0.005,6.25e-08,-0.0949315,-0.503839,-0.09437102499999993,-0.5064204999999999,-0.0005604750000000741,0.0025814999999999033,0.0026416423822358285
0.09125,0.07875,0.005,6.25e-08,-0.0915438,-0.520974,-0.08859622500000003,-0.51918675,-0.002947574999999966,-0.001787250000000018,0.00344709456544564
0.09375,0.07875,0.005,6.25e-08,-0.0692985,-0.48003,-0.06475025,-0.4712812500000001,-0.004548250000000004,-0.008748749999999916,0.009860385622530114
0.095625,0.079375,0.005,1.5625e-08,-0.0429006,-0.390681,-0.04020037499999991,-0.3921937499999997,-0.002700225000000084,0.001512749999999674,0.0030950973511546394
0.098125,0.078125,0.005,1.5625e-08,-0.00904042,-0.189167,-0.008984667499999937,-0.1876752499999994,-5.575250000006311e-05,-0.0014917500000005968,0.0014927914803340879
0.00125,0.08125,0.005,6.25e-08,-0.00195303,0.0522622,-0.0017558402500000019,0.05093195000000002,-0.00019718974999999805,0.0013302499999999842,0.0013447858045075505
0.00375,0.08125,0.005,6.25e-08,-0.0125647,0.135431,-0.01314005000000001,0.13417875000000004,0.0005753500000000109,0.0012522499999999548,0.0013780993015744182
0.00625,0.08125,0.005,6.25e-08,-0.0294146,0.191292,-0.028936100000000027,0.19130750000000005,-0.000478499999999972,-1.5500000000057135e-05,0.0004787509791112442
0.00875,0.08125,0.005,6.25e-08,-0.0440114,0.224477,-0.043206900000000034,0.22573375000000007,-0.000804499999999965,-0.0012567500000000564,0.0014921932892558141
0.01125,0.08125,0.005,6.25e-08,-0.0531257,0.2412,-0.052624275000000026,0.24308675000000002,-0.000501424999999972,-0.0018867500000000204,0.0019522429646755162
0.01375,0.08125,0.005,6.25e-08,-0.0562581,0.246781,-0.056113050000000025,0.2487725,-0.00014504999999997298,-0.001991500000000007,0.0019967753385145815
0.01625,0.08125,0.005,6.25e-08,-0.0539057,0.245219,-0.05395940000000001,0.247025,5.3700000000010684e-05,-0.001806000000000002,0.0018067981874022368
0.01875,0.08125,0.005,6.25e-08,-0.0469868,0.239295,-0.0470583,0.24081274999999996,7.149999999999518e-05,-0.0015177499999999566,0.001519433220809611
0.02125,0.08125,0.005,6.25e-08,-0.0364995,0.230833,-0.03645627499999998,0.23207699999999995,-4.322500000001478e-05,-0.0012439999999999396,0.0012447507383507956
0.02375,0.08125,0.005,6.25e-08,-0.0233401,0.220999,-0.023131099999999974,0.22201799999999997,-0.00020900000000002514,-0.0010189999999999644,0.0010402124782946695
0.02625,0.08125,0.005,6.25e-08,-0.00831314,0.210555,-0.007913032499999957,0.21133824999999992,-0.00040010750000004335,-0.0007832499999999298,0.0008795263350555086
0.02875,0.08125,0.005,6.25e-08,0.00789432,0.19984,0.008523050000000058,0.20041049999999996,-0.0006287300000000582,-0.0005704999999999738,0.0008489827223801691
0.03125,0.08125,0.005,6.25e-08,0.0247671,0.188996,0.025636050000000073,0.18940049999999997,-0.0008689500000000731,-0.0004044999999999743,0.0009584854472030894
0.03375,0.08125,0.005,6.25e-08,0.0418971,0.178063,0.04298925000000008,0.17833899999999997,-0.0010921500000000833,-0.0002759999999999707,0.001126484630387901
0.03625,0.08125,0.005,6.25e-08,0.0589333,0.167002,0.0602219250000001,0.16717299999999996,-0.0012886250000000987,-0.00017099999999994897,0.0012999213017045443
0.03875,0.08125,0.005,6.25e-08,0.0755611,0.155713,0.0770255750000001,0.15579449999999997,-0.00146447500000009,-8.149999999998436e-05,0.0014667410390472003
0.04125,0.08125,0.005,6.25e-08,0.0914991,0.144035,0.09312502500000011,0.14406174999999993,-0.0016259250000001113,-2.6749999999936547e-05,0.0016261450329307526
0.04375,0.08125,0.005,6.25e-08,0.106528,0.131769,0.10826425000000012,0.13181074999999998,-0.0017362500000001196,-4.1749999999979304e-05,0.0017367518893038273
0.04625,0.08125,0.005,6.25e-08,0.120424,0.118793,0.12219475000000013,0.11886074999999996,-0.0017707500000001264,-6.774999999996367e-05,0.001772045604661585
0.04875,0.08125,0.005,6.25e-08,0.132912,0.104973,0.13466750000000016,0.10501974999999997,-0.0017555000000001597,-4.6749999999970426e-05,0.0017561223797049447
0.05125,0.08125,0.005,6.25e-08,0.143705,0.0901086,0.14542700000000014,0.09008292499999998,-0.00172200000000014,2.5675000000016657e-05,0.001722191396339409
0.05375,0.08125,0.005,6.25e-08,0.152526,0.07397,0.15420400000000017,0.07383219999999997,-0.0016780000000001793,0.00013780000000002124,0.0016836486688144316
0.05625,0.08125,0.005,6.25e-08,0.159093,0.0563146,0.16071300000000016,0.056033724999999986,-0.001620000000000149,0.00028087500000001375,0.0016441687156814203
0.05875,0.08125,0.005,6.25e-08,0.163105,0.0368816,0.1646452500000002,0.036431350000000015,-0.0015402500000001873,0.0004502499999999854,0.0016047102931683848
0.06125,0.08125,0.005,6.25e-08,0.164236,0.0153815,0.1656665000000002,0.014737925000000002,-0.0014305000000001955,0.0006435749999999969,0.0015686041663292736
0.06375,0.08125,0.005,6.25e-08,0.162128,-0.0085184,0.16341325000000015,-0.009377850000000059,-0.0012852500000001543,0.0008594500000000584,0.001546131257364813
0.06625,0.08125,0.005,6.25e-08,0.156394,-0.0352161,0.15749075000000018,-0.036311375000000055,-0.001096750000000174,0.0010952750000000552,0.0015499960929387863
0.06875,0.08125,0.005,6.25e-08,0.146615,-0.0652071,0.14747575000000018,-0.06655160000000006,-0.0008607500000001878,0.001344500000000054,0.00159642438358366
0.07125,0.08125,0.005,6.25e-08,0.132355,-0.0991307,0.13293050000000026,-0.10072174999999985,-0.0005755000000002564,0.001591049999999844,0.0016919339090223939
0.07375,0.08125,0.005,6.25e-08,0.113194,-0.137824,0.11344000000000025,-0.13962674999999983,-0.000246000000000246,0.0018027499999998253,0.0018194569416448115
0.07625,0.08125,0.005,6.25e-08,0.0888447,-0.182353,0.08870232500000026,-0.1842859999999998,0.00014237499999973646,0.0019329999999998237,0.0019382362189950542
0.07875,0.08125,0.005,6.25e-08,0.0594139,-0.23388,0.0587325500000001,-0.23586475000000007,0.0006813499999999001,0.001984750000000063,0.002098444753859418
0.08125,0.08125,0.005,6.25e-08,0.0256291,-0.293097,0.02425950000000007,-0.29531675,0.0013695999999999292,0.0022197500000000203,0.0026082741846860918
0.08375,0.08125,0.005,6.25e-08,-0.0107417,-0.359301,-0.012583712499999955,-0.36232825000000013,0.0018420124999999551,0.003027250000000148,0.0035436213980414135
0.08625,0.08125,0.005,6.25e-08,-0.0458673,-0.429446,-0.0473594499999998,-0.43299849999999973,0.0014921499999998034,0.0035524999999997364,0.003853150382803342
0.08875,0.08125,0.005,6.25e-08,-0.0726797,-0.492514,-0.07283309999999987,-0.49603299999999984,0.00015339999999987308,0.003518999999999828,0.0035223419141245716
0.09125,0.08125,0.005,6.25e-08,-0.0832708,-0.528731,-0.08043007499999999,-0.5290285,-0.002840725000000016,0.0002975000000000616,0.0028562606280984107
0.09375,0.08125,0.005,6.25e-08,-0.0717187,-0.507887,-0.065305525,-0.4997285000000001,-0.006413174999999993,-0.008158499999999902,0.010377376153470747
0.095625,0.081875,0.005,1.5625e-08,-0.0472646,-0.42581,-0.04288244999999992,-0.4263442499999997,-0.004382150000000078,0.0005342499999996808,0.004414596435122959
0.098125,0.080625,0.005,1.5625e-08,-0.0103629,-0.213637,-0.010042019999999936,-0.2105997499999994,-0.00032088000000006327,-0.003037250000000602,0.003054153161991667
0.00125,0.08375,0.005,6.25e-08,-0.00188914,0.0595234,-0.002618982500000003,0.05903735000000003,0.0007298425000000029,0.00048604999999996706,0.0008768778006690682
0.00375,0.08375,0.005,6.25e-08,-0.0176078,0.153164,-0.018833000000000016,0.15146350000000006,0.0012252000000000166,0.0017004999999999382,0.0020959044086026036
0.00625,0.08375,0.005,6.25e-08,-0.0401529,0.208792,-0.039565650000000036,0.20895475000000005,-0.0005872499999999628,-0.0001627500000000448,0.0006093850383788323
0.00875,0.08375,0.005,6.25e-08,-0.056892,0.236763,-0.05607402500000004,0.23831850000000004,-0.0008179749999999569,-0.001555500000000043,0.0017574593453690652
0.01125,0.08375,0.005,6.25e-08,-0.0648383,0.246637,-0.06452595000000004,0.24860550000000003,-0.00031234999999996127,-0.0019685000000000397,0.001993126883191367
0.01375,0.08375,0.005,6.25e-08,-0.0644532,0.245592,-0.06453667500000003,0.2473655,8.347500000002728e-05,-0.0017734999999999834,0.001775463411514004
0.01625,0.08375,0.005,6.25e-08,-0.0571548,0.238432,-0.057345450000000006,0.23978974999999997,0.00019065000000000748,-0.0013577499999999632,0.0013710698322842287
0.01875,0.08375,0.005,6.25e-08,-0.0445908,0.228142,-0.044639974999999985,0.22908624999999996,4.917499999998465e-05,-0.0009442499999999521,0.0009455296098615357
0.02125,0.08375,0.005,6.25e-08,-0.0282511,0.216438,-0.02800472499999995,0.21709924999999997,-0.0002463750000000521,-0.0006612499999999744,0.000705657284469587
0.02375,0.08375,0.005,6.25e-08,-0.00929075,0.204263,-0.008738822499999946,0.20481974999999994,-0.0005519275000000542,-0.0005567499999999392,0.0007839607947826487
0.02625,0.08375,0.005,6.25e-08,0.0113141,0.192391,0.012156735000000071,0.19273349999999995,-0.0008426350000000707,-0.0003424999999999401,0.0009095823180037517
0.02875,0.08375,0.005,6.25e-08,0.0327677,0.180872,0.03393012500000008,0.18103174999999994,-0.001162425000000085,-0.00015974999999993078,0.0011733507332103113
0.03125,0.08375,0.005,6.25e-08,0.0545508,0.169686,0.05601792500000011,0.16973924999999992,-0.0014671250000001038,-5.3249999999921416e-05,0.001468091048990251
0.03375,0.08375,0.005,6.25e-08,0.076272,0.158793,0.07799052500000012,0.15878549999999994,-0.0017185250000001095,7.500000000049134e-06,0.0017185413657009765
0.03625,0.08375,0.005,6.25e-08,0.0975963,0.148103,0.09950915000000013,0.14804849999999994,-0.0019128500000001325,5.450000000006838e-05,0.0019136262363639652
0.03875,0.08375,0.005,6.25e-08,0.118225,0.137482,0.12029300000000014,0.13737724999999995,-0.002068000000000139,0.00010475000000004231,0.002070651241155928
0.04125,0.08375,0.005,6.25e-08,0.137893,0.126736,0.14009525000000014,0.12660324999999994,-0.0022022500000001555,0.00013275000000004256,0.0022062474079306464
0.04375,0.08375,0.005,6.25e-08,0.156426,0.115571,0.15868675000000015,0.11555124999999995,-0.0022607500000001446,1.975000000004057e-05,0.0022608362667386277
0.04625,0.08375,0.005,6.25e-08,0.173596,0.103965,0.17584250000000018,0.10403849999999996,-0.002246500000000179,-7.349999999996248e-05,0.0022477020487601993
0.04875,0.08375,0.005,6.25e-08,0.189128,0.0918086,0.19133225000000015,0.09187904999999996,-0.0022042500000001575,-7.044999999995805e-05,0.0022053755383155695
0.05125,0.08375,0.005,6.25e-08,0.202734,0.0788815,0.20491350000000016,0.07888089999999998,-0.0021795000000001674,6.000000000172534e-07,0.0021795000825879153
0.05375,0.08375,0.005,6.25e-08,0.21416,0.0649547,0.21632600000000018,0.06484464999999998,-0.0021660000000001955,0.00011005000000002818,0.0021687939050312856
0.05625,0.08375,0.005,6.25e-08,0.223138,0.0498042,0.2252837500000002,0.049559599999999975,-0.002145750000000196,0.00024460000000002535,0.002159646318845022
0.05875,0.08375,0.005,6.25e-08,0.229369,0.0331971,0.2314725000000002,0.03279800000000001,-0.0021035000000002024,0.0003990999999999925,0.00214102616985427
0.06125,0.08375,0.005,6.25e-08,0.232516,0.0148781,0.2345420000000002,0.014306049999999996,-0.0020260000000001943,0.0005720500000000045,0.0021052119139176447
0.06375,0.08375,0.005,6.25e-08,0.232197,-0.00544575,0.2341005000000002,-0.006209537500000055,-0.0019035000000002245,0.0007637875000000545,0.002051020135239337
0.06625,0.08375,0.005,6.25e-08,0.227983,-0.0281288,0.2297095000000002,-0.02910282500000005,-0.001726500000000214,0.0009740250000000519,0.001982303445647472
0.06875,0.08375,0.005,6.25e-08,0.219389,-0.0536236,0.22087550000000017,-0.05482232500000005,-0.0014865000000001682,0.0011987250000000463,0.0019096135409096813
0.07125,0.08375,0.005,6.25e-08,0.205873,-0.0825381,0.2070512500000003,-0.08396277499999988,-0.0011782500000002971,0.0014246749999998753,0.0018487757890359082
0.07375,0.08375,0.005,6.25e-08,0.186837,-0.115724,0.1876422500000003,-0.11734099999999983,-0.0008052500000002849,0.0016169999999998408,0.001806409854518056
0.07625,0.08375,0.005,6.25e-08,0.161696,-0.1544,0.1620542500000003,-0.1560927499999998,-0.00035825000000028195,0.0016927499999997986,0.0017302443830278774
0.07875,0.08375,0.005,6.25e-08,0.130095,-0.200244,0.1298180000000001,-0.20174725000000004,0.00027699999999988845,0.0015032500000000393,0.001528558001025822
0.08125,0.08375,0.005,6.25e-08,0.0919394,-0.254973,0.09090915000000008,-0.25613575000000005,0.001030249999999927,0.0011627500000000457,0.001553512994795974
0.08375,0.08375,0.005,6.25e-08,0.0480071,-0.318763,0.046438425000000054,-0.32073000000000007,0.001568674999999943,0.001967000000000052,0.0025159153911896615
0.08625,0.08375,0.005,6.25e-08,0.00141809,-0.392705,-0.00012330974999972307,-0.39459574999999963,0.001541399749999723,0.001890749999999608,0.0024394361544827787
0.08875,0.08375,0.005,6.25e-08,-0.0401096,-0.466266,-0.0414581249999998,-0.4698864999999997,0.001348524999999795,0.0036204999999996934,0.0038634880516991675
0.09125,0.08375,0.005,6.25e-08,-0.0680624,-0.522567,-0.06630689999999992,-0.5250922499999999,-0.0017555000000000764,0.0025252499999999234,0.003075494726462701
0.09375,0.08375,0.005,6.25e-08,-0.0722005,-0.527732,-0.0642281,-0.5211927500000001,-0.007972400000000004,-0.006539249999999885,0.010311205182833797
0.095625,0.084375,0.005,1.5625e-08,-0.0524956,-0.460045,-0.04588319999999992,-0.4590699999999997,-0.006612400000000081,-0.0009750000000002812,0.0066838954779381175
0.098125,0.083125,0.005,1.5625e-08,-0.0116497,-0.24107,-0.011450859999999929,-0.23593599999999934,-0.0001988400000000716,-0.005134000000000666,0.005137849097200779
0.000625,0.086875,0.005,1.5625e-08,0.000225372,0.0411088,-0.0013906234999999981,0.03912667499999998,0.001615995499999998,0.001982125000000022,0.0025573933939942307
0.00375,0.08625,0.005,6.25e-08,-0.0272674,0.178423,-0.027444599999999972,0.1752684999999999,0.00017719999999997113,0.003154500000000088,0.003159473071573889
0.00625,0.08625,0.005,6.25e-08,-0.0552745,0.230037,-0.05399254999999996,0.23036674999999995,-0.0012819500000000386,-0.000329749999999962,0.0013236808017796716
0.00875,0.08625,0.005,6.25e-08,-0.0719672,0.248638,-0.07115707499999996,0.250461,-0.0008101250000000365,-0.0018229999999999913,0.0019949013799245886
0.01125,0.08625,0.005,6.25e-08,-0.0756301,0.248493,-0.07556579999999999,0.250272,-6.430000000001712e-05,-0.0017790000000000028,0.0017801616471545532
0.01375,0.08625,0.005,6.25e-08,-0.068422,0.238878,-0.06867314999999999,0.24005100000000004,0.00025114999999999166,-0.0011730000000000351,0.0011995854794469955
0.01625,0.08625,0.005,6.25e-08,-0.0532008,0.225189,-0.053360225000000025,0.22572150000000007,0.00015942500000002552,-0.0005325000000000746,0.0005558530207033939
0.01875,0.08625,0.005,6.25e-08,-0.0325823,0.210328,-0.032369900000000056,0.21033800000000008,-0.00021239999999994597,-1.0000000000093268e-05,0.0002126352745900334
0.02125,0.08625,0.005,6.25e-08,-0.00864259,0.195604,-0.007846795250000064,0.19532350000000007,-0.0007957947499999361,0.0002804999999999336,0.0008437828714351954
0.02375,0.08625,0.005,6.25e-08,0.0173532,0.181144,0.018666449999999897,0.1812467500000001,-0.0013132499999998978,-0.00010275000000009582,0.00131726349869711
0.02625,0.08625,0.005,6.25e-08,0.0443875,0.168338,0.046101224999999885,0.16825050000000008,-0.0017137249999998813,8.74999999999071e-05,0.001715957349593683
0.02875,0.08625,0.005,6.25e-08,0.0715844,0.156473,0.07372579999999987,0.1562765000000001,-0.002141399999999863,0.00019649999999990508,0.0021503967564148194
0.03125,0.08625,0.005,6.25e-08,0.0985376,0.14536,0.10103527499999984,0.14517450000000007,-0.0024976749999998382,0.00018549999999992184,0.002504553983371922
0.03375,0.08625,0.005,6.25e-08,0.12493,0.134894,0.12767049999999983,0.13476075000000007,-0.0027404999999998264,0.00013324999999991816,0.0027437375626140027
0.03625,0.08625,0.005,6.25e-08,0.15048,0.124927,0.15336474999999983,0.12483950000000008,-0.002884749999999825,8.749999999992097e-05,0.0028860767163225195
0.03875,0.08625,0.005,6.25e-08,0.174951,0.115322,0.17790149999999982,0.11521650000000005,-0.0029504999999998283,0.00010549999999993898,0.0029523855608641248
0.04125,0.08625,0.005,6.25e-08,0.19814,0.10594,0.2010929999999998,0.10570300000000007,-0.002952999999999789,0.0002369999999999317,0.002962495232063458
0.04375,0.08625,0.005,6.25e-08,0.219963,0.0959622,0.22275899999999976,0.09611575000000006,-0.002795999999999771,-0.0001535500000000578,0.002800213135191451
0.04625,0.08625,0.005,6.25e-08,0.240021,0.08601,0.24271724999999977,0.08627702500000005,-0.0026962499999997613,-0.0002670250000000457,0.0027094402398140723
0.04875,0.08625,0.005,6.25e-08,0.258115,0.0758198,0.26077149999999977,0.07601267500000004,-0.002656499999999784,-0.00019287500000003677,0.0026634926347981268
0.05125,0.08625,0.005,6.25e-08,0.27402,0.0650805,0.2767067499999998,0.06514967500000005,-0.0026867499999997935,-6.917500000004628e-05,0.0026876403671480856
0.05375,0.08625,0.005,6.25e-08,0.287545,0.0535759,0.29028299999999974,0.053513300000000034,-0.0027379999999997406,6.259999999996824e-05,0.0027387155310470957
0.05625,0.08625,0.005,6.25e-08,0.298458,0.0411219,0.3012297499999998,0.04092310000000002,-0.002771749999999795,0.0001987999999999851,0.002778870184535229
0.05875,0.08625,0.005,6.25e-08,0.30647,0.0275293,0.30923924999999974,0.027187225000000037,-0.0027692499999997233,0.00034207499999996255,0.0027902976307418253
0.06125,0.08625,0.005,6.25e-08,0.311243,0.0125902,0.3139622499999998,0.012094452500000007,-0.0027192499999997843,0.0004957474999999923,0.00276407057548375
0.06375,0.08625,0.005,6.25e-08,0.312388,-0.00393632,0.31499874999999977,-0.004598672500000052,-0.002610749999999773,0.0006623525000000515,0.002693459930415734
0.06625,0.08625,0.005,6.25e-08,0.309456,-0.0223434,0.31189049999999974,-0.02318785000000007,-0.0024344999999997285,0.0008444500000000695,0.0025767976351469273
0.06875,0.08625,0.005,6.25e-08,0.301933,-0.0430149,0.30410699999999974,-0.04405407500000009,-0.0021739999999997317,0.0010391750000000866,0.002409597617990193
0.07125,0.08625,0.005,6.25e-08,0.289223,-0.0664788,0.2910332499999998,-0.06771777499999997,-0.0018102499999997912,0.0012389749999999616,0.002193641746759062
0.07375,0.08625,0.005,6.25e-08,0.270625,-0.0935039,0.2719544999999998,-0.09492607499999998,-0.001329499999999817,0.0014221749999999839,0.0019468312666033661
0.07625,0.08625,0.005,6.25e-08,0.245317,-0.125324,0.24605224999999986,-0.12678599999999998,-0.0007352499999998541,0.001461999999999991,0.0016364707643278444
0.07875,0.08625,0.005,6.25e-08,0.212386,-0.164091,0.21244574999999966,-0.16494550000000022,-5.974999999966424e-05,0.0008545000000002301,0.000856586430256955
0.08125,0.08625,0.005,6.25e-08,0.170763,-0.212187,0.1703657499999996,-0.21174925000000025,0.0003972500000004042,-0.00043774999999973696,0.0005911282644232898
0.08375,0.08625,0.005,6.25e-08,0.12054,-0.269084,0.11968299999999961,-0.2700915000000004,0.0008570000000003852,0.001007500000000383,0.0013226886443912008
0.085625,0.086875,0.005,1.5625e-08,0.09189,-0.308745,0.0961617749999996,-0.30779100000000037,-0.004271774999999603,-0.0009539999999996218,0.004377005557526845
0.08875,0.08625,0.005,6.25e-08,0.00647677,-0.421945,0.003839712500000003,-0.4250987499999999,0.0026370574999999966,0.0031537499999998997,0.004110986660256342
0.09125,0.08625,0.005,6.25e-08,-0.0421197,-0.498593,-0.042633249999999984,-0.5021969999999999,0.0005135499999999807,0.003603999999999885,0.0036404051426316758
0.09375,0.08625,0.005,6.25e-08,-0.0674658,-0.534608,-0.060015825000000016,-0.5310222499999999,-0.007449974999999991,-0.003585750000000054,0.008267994349485566
0.095625,0.086875,0.005,1.5625e-08,-0.0580374,-0.488401,-0.04916407499999992,-0.4879792499999996,-0.008873325000000085,-0.0004217500000003871,0.008883342254924485
0.098125,0.085625,0.005,1.5625e-08,-0.0119436,-0.271216,-0.013512849999999918,-0.2644704999999993,0.001569249999999918,-0.006745500000000737,0.006925627467060994
0.000625,0.089375,0.005,1.5625e-08,-0.00305417,0.0515222,-0.0023161984999999965,0.05070357499999996,-0.0007379715000000037,0.0008186250000000381,0.0011021564432680678
0.00375,0.08875,0.005,6.25e-08,-0.0415442,0.211415,-0.040493274999999954,0.2076229999999999,-0.0010509250000000497,0.003792000000000101,0.003934934225069826
0.00625,0.08875,0.005,6.25e-08,-0.0734971,0.253036,-0.07193174999999995,0.2538862499999999,-0.0015653500000000486,-0.0008502499999999413,0.0017813606274418587
0.00875,0.08875,0.005,6.25e-08,-0.0851695,0.256391,-0.08454702499999998,0.25799275,-0.0006224750000000112,-0.0016017500000000129,0.0017184522653030125
0.01125,0.08875,0.005,6.25e-08,-0.0783697,0.242466,-0.07842030000000001,0.24333375000000004,5.060000000001175e-05,-0.000867750000000056,0.0008692240346999721
0.01375,0.08875,0.005,6.25e-08,-0.0588748,0.222617,-0.05887380000000006,0.22263775000000008,-9.9999999993855e-07,-2.0750000000069324e-05,2.0774082410608514e-05
0.01625,0.08875,0.005,6.25e-08,-0.0315024,0.202157,-0.031122175000000103,0.20157975000000006,-0.0003802249999998973,0.0005772499999999459,0.0006912225496356867
0.01875,0.08875,0.005,6.25e-08,0.00017379,0.183338,0.0010608449999998629,0.18227000000000007,-0.0008870549999998628,0.0010679999999999301,0.001388340942645072
0.02125,0.08875,0.005,6.25e-08,0.0333032,0.166908,0.035236674999999856,0.1652422500000001,-0.0019334749999998582,0.0016657499999999104,0.002552067522250176
0.02375,0.08875,0.005,6.25e-08,0.0669117,0.151504,0.06990874999999981,0.1504050000000001,-0.002997049999999807,0.0010989999999999056,0.0031921951228737
0.02625,0.08875,0.005,6.25e-08,0.100616,0.138744,0.1041816999999998,0.13745600000000008,-0.003565699999999797,0.001287999999999928,0.0037911951268694106
0.02875,0.08875,0.005,6.25e-08,0.133482,0.127097,0.13752524999999977,0.1260505000000001,-0.004043249999999776,0.0010464999999998947,0.004176485701220342
0.03125,0.08875,0.005,6.25e-08,0.165288,0.116609,0.16962349999999976,0.1158617500000001,-0.00433549999999977,0.0007472499999999077,0.00439942528206786
0.03375,0.08875,0.005,6.25e-08,0.195814,0.10708,0.20028199999999977,0.10660000000000008,-0.004467999999999778,0.00047999999999991105,0.0044937093809010314
0.03625,0.08875,0.005,6.25e-08,0.224904,0.0982335,0.22937074999999973,0.09801037500000007,-0.004466749999999742,0.00022312499999993518,0.004472319345498783
0.03875,0.08875,0.005,6.25e-08,0.252512,0.0898866,0.25678699999999977,0.08987072500000008,-0.004274999999999751,1.5874999999915262e-05,0.004275029475409833
0.04125,0.08875,0.005,6.25e-08,0.278463,0.082304,0.28243474999999973,0.08198312500000007,-0.0039717499999997186,0.00032087499999992886,0.003984690556131394
0.04375,0.08875,0.005,6.25e-08,0.303106,0.0735382,0.3062097499999997,0.07416942500000007,-0.0031037499999997387,-0.0006312250000000685,0.0031672873351060943
0.04625,0.08875,0.005,6.25e-08,0.325017,0.0656854,0.32799124999999973,0.06626590000000007,-0.002974249999999734,-0.0005805000000000671,0.00303037016097019
0.04875,0.08875,0.005,6.25e-08,0.344531,0.0577579,0.34763449999999974,0.05811922500000005,-0.0031034999999997592,-0.0003613250000000512,0.003124462834732323
0.05125,0.08875,0.005,6.25e-08,0.361665,0.0494061,0.3649667499999998,0.049582850000000046,-0.00330174999999977,-0.00017675000000004493,0.0033064775252522887
0.05375,0.08875,0.005,6.25e-08,0.376327,0.0404807,0.37978224999999965,0.04051330000000003,-0.0034552499999996322,-3.260000000002844e-05,0.0034554037857387177
0.05625,0.08875,0.005,6.25e-08,0.388301,0.030861,0.3918392499999997,0.03076627500000003,-0.0035382499999996875,9.472499999996914e-05,0.003539517747959852
0.05875,0.08875,0.005,6.25e-08,0.397303,0.0204126,0.40085449999999967,0.020191800000000034,-0.003551499999999652,0.00022079999999996547,0.0035583570492570744
0.06125,0.08875,0.005,6.25e-08,0.402998,0.00898134,0.4064977499999997,0.00862711750000001,-0.0034997499999996906,0.0003542224999999906,0.0035176304015635406
0.06375,0.08875,0.005,6.25e-08,0.405007,-0.00361593,0.4083842499999997,-0.004113855000000038,-0.0033772499999997208,0.0004979250000000379,0.0034137584665765606
0.06625,0.08875,0.005,6.25e-08,0.402886,-0.0176068,0.4060639999999997,-0.018257800000000053,-0.003177999999999681,0.0006510000000000543,0.00324399213932433
0.06875,0.08875,0.005,6.25e-08,0.396125,-0.0332968,0.39900649999999965,-0.03410075000000007,-0.0028814999999996482,0.0008039500000000671,0.0029915510780359543
0.07125,0.08875,0.005,6.25e-08,0.384133,-0.051117,0.38657949999999974,-0.05205654999999999,-0.0024464999999997405,0.0009395499999999904,0.002620709150687789
0.07375,0.08875,0.005,6.25e-08,0.366176,-0.0717046,0.3680137499999998,-0.07273982500000001,-0.0018377499999998048,0.0010352250000000146,0.0021092690352641865
0.07625,0.08875,0.005,6.25e-08,0.34128,-0.0961178,0.34236174999999974,-0.09710535,-0.0010817499999997704,0.0009875500000000037,0.0014647313968777725
0.07875,0.08875,0.005,6.25e-08,0.308744,-0.126885,0.30845249999999963,-0.1266730000000002,0.00029150000000038867,-0.00021199999999979569,0.0003604389684816834
0.080625,0.089375,0.005,1.5625e-08,0.297592,-0.14292,0.3031154999999996,-0.1421070000000002,-0.00552349999999957,-0.0008129999999997861,0.005583011843977666
0.083125,0.088125,0.005,1.5625e-08,0.202393,-0.211623,0.20030274999999956,-0.21314075000000032,0.002090250000000432,0.0015177500000003175,0.0025831589430390786
0.085625,0.088125,0.005,1.5625e-08,0.141064,-0.275036,0.13846674999999956,-0.2756837500000004,0.0025972500000004395,0.0006477500000003911,0.00267680548882484
0.088125,0.088125,0.005,1.5625e-08,0.0705527,-0.35322,0.06857469999999999,-0.3555815,0.0019780000000000075,0.0023615000000000164,0.0030804490338260924
0.090625,0.088125,0.005,1.5625e-08,0.00418909,-0.440519,0.00012115200000002626,-0.4468527499999999,0.004067937999999974,0.006333749999999916,0.007527583186809875
0.09375,0.08875,0.005,6.25e-08,-0.0499552,-0.519211,-0.04870245000000005,-0.52125325,-0.0012527499999999483,0.002042250000000023,0.0023958646925483847
0.09625,0.08875,0.005,6.25e-08,-0.0510574,-0.491548,-0.04566112499999991,-0.4763492499999995,-0.005396275000000096,-0.015198750000000483,0.016128291460602413
0.098125,0.089375,0.005,1.5625e-08,-0.0216231,-0.314301,-0.019312499999999868,-0.316486499999999,-0.0023106000000001313,0.0021854999999990077,0.0031804532082702094
0.000625,0.091875,0.005,1.5625e-08,-0.00715389,0.0739008,-0.004245047499999993,0.07026879999999994,-0.0029088425000000076,0.0036320000000000657,0.004653255708620231
0.00375,0.09125,0.005,6.25e-08,-0.0630259,0.252766,-0.05981379999999993,0.24915799999999988,-0.003212100000000065,0.003608000000000111,0.004830657347608213
0.00625,0.09125,0.005,6.25e-08,-0.0892952,0.272328,-0.08851409999999997,0.27254025,-0.0007811000000000345,-0.0002122499999999694,0.0008094240375106493
0.00875,0.09125,0.005,6.25e-08,-0.0840561,0.25378,-0.08338550000000004,0.2515255,-0.0006705999999999518,0.0022544999999999926,0.0023521213000183266
0.01125,0.09125,0.005,6.25e-08,-0.0564026,0.222901,-0.05513002500000013,0.2197030000000001,-0.0012725749999998662,0.0031979999999998954,0.003441896443913441
0.01375,0.09125,0.005,6.25e-08,-0.017276,0.192484,-0.015145843250000197,0.18942575000000014,-0.002130156749999803,0.003058249999999846,0.0037269908561826095
0.01625,0.09125,0.005,6.25e-08,0.0267122,0.166279,0.02938882499999975,0.1638622500000001,-0.002676624999999752,0.002416749999999912,0.003606244854848773
0.01875,0.09125,0.005,6.25e-08,0.0721066,0.144512,0.07464404999999971,0.14304550000000016,-0.0025374499999997052,0.001466499999999843,0.0029307464497117528
0.02125,0.09125,0.005,6.25e-08,0.116416,0.126594,0.11874679999999974,0.1261812500000001,-0.0023307999999997303,0.00041274999999990625,0.0023670638357464434
0.023125,0.091875,0.005,1.5625e-08,0.17655,0.107395,0.1814654999999996,0.10504042500000012,-0.004915499999999601,0.0023545749999998866,0.005450336107124087
0.025625,0.090625,0.005,1.5625e-08,0.165784,0.114,0.16255049999999965,0.11332825000000012,0.0032335000000003333,0.0006717499999998877,0.0033025399789407555
0.028125,0.090625,0.005,1.5625e-08,0.202759,0.102614,0.1997342499999997,0.1027118250000001,0.003024750000000298,-9.782500000010685e-05,0.003026331490951846
0.030625,0.090625,0.005,1.5625e-08,0.237797,0.0930947,0.2348462499999997,0.09351670000000009,0.0029507500000003073,-0.00042200000000008897,0.002980773316188584
0.033125,0.090625,0.005,1.5625e-08,0.270679,0.0847684,0.26787199999999967,0.08538357500000009,0.002807000000000337,-0.0006151750000000927,0.002873619543472484
0.035625,0.090625,0.005,1.5625e-08,0.301433,0.077199,0.2988242499999997,0.07802417500000008,0.002608750000000326,-0.0008251750000000807,0.002736145161194273
0.038125,0.090625,0.005,1.5625e-08,0.330168,0.0699603,0.3277174999999997,0.07120310000000007,0.0024505000000002997,-0.0012428000000000716,0.002747635727312055
0.040625,0.090625,0.005,1.5625e-08,0.357485,0.0620021,0.3545472499999997,0.06472375000000007,0.0029377500000002943,-0.0027216500000000685,0.004004716442521506
0.04375,0.09125,0.005,6.25e-08,0.413347,0.050751,0.41499599999999964,0.05107780000000006,-0.001648999999999623,-0.00032680000000006454,0.0016810708610878957
0.04625,0.09125,0.005,6.25e-08,0.433657,0.0453581,0.4368424999999997,0.04533867500000006,-0.0031854999999996747,1.9424999999941017e-05,0.0031855592257283376
0.04875,0.09125,0.005,6.25e-08,0.452524,0.0394958,0.4564014999999996,0.03948662500000005,-0.003877499999999645,9.174999999944644e-06,0.0038775108549973457
0.05125,0.09125,0.005,6.25e-08,0.469302,0.0333776,0.4735524999999997,0.03340957500000004,-0.004250499999999713,-3.197500000003822e-05,0.004250620266575522
0.05375,0.09125,0.005,6.25e-08,0.483716,0.0269532,0.4881367499999997,0.027001500000000036,-0.004420749999999696,-4.8300000000035814e-05,0.004421013848937516
0.05625,0.09125,0.005,6.25e-08,0.495496,0.0201204,0.49995349999999966,0.020158725000000027,-0.00445749999999967,-3.832500000002653e-05,0.004457664753615065
0.05875,0.09125,0.005,6.25e-08,0.504355,0.0127705,0.5087589999999996,0.012776200000000031,-0.00440399999999963,-5.700000000030334e-06,0.004404003688690184
0.06125,0.09125,0.005,6.25e-08,0.509979,0.00478634,0.5142624999999997,0.00474207750000001,-0.004283499999999774,4.426249999998997e-05,0.00428372868175662
0.06375,0.09125,0.005,6.25e-08,0.512018,-0.00395948,0.5161184999999997,-0.004070345000000026,-0.004100499999999729,0.00011086500000002681,0.004101998451757727
0.06625,0.09125,0.005,6.25e-08,0.510063,-0.0136423,0.5139182499999997,-0.013815525000000042,-0.0038552499999996437,0.00017322500000004244,0.0038591397309662508
0.06875,0.09125,0.005,6.25e-08,0.503635,-0.0244876,0.5071714999999997,-0.024697500000000056,-0.0035364999999996094,0.0002099000000000545,0.0035427235652809915
0.07125,0.09125,0.005,6.25e-08,0.492181,-0.0368437,0.4952817499999997,-0.03700735,-0.003100749999999708,0.0001636500000000013,0.003105065520242397
0.07375,0.09125,0.005,6.25e-08,0.475006,-0.0512594,0.4775037499999997,-0.051189350000000015,-0.0024977499999997432,-7.004999999998124e-05,0.0024987320914813403
0.07625,0.09125,0.005,6.25e-08,0.451241,-0.0683257,0.4528712499999997,-0.06795837500000003,-0.0016302499999997222,-0.0003673249999999739,0.0016711201985865874
0.078125,0.091875,0.005,1.5625e-08,0.452286,-0.0748533,0.4596469999999997,-0.0742384500000001,-0.007360999999999673,-0.000614849999999903,0.007386633977834225
0.080625,0.090625,0.005,1.5625e-08,0.359929,-0.119548,0.35923474999999955,-0.11901625000000021,0.0006942500000004515,-0.0005317499999997893,0.0008744947827176574
0.083125,0.090625,0.005,1.5625e-08,0.307726,-0.155203,0.3071899999999995,-0.15513375000000026,0.0005360000000004805,-6.924999999974313e-05,0.0005404549588082984
0.085625,0.090625,0.005,1.5625e-08,0.243785,-0.204725,0.24129699999999948,-0.2051052500000004,0.0024880000000005176,0.000380250000000415,0.0025168897597040063
0.088125,0.090625,0.005,1.5625e-08,0.163965,-0.274522,0.16038049999999993,-0.27552850000000007,0.0035845000000000737,0.0010065000000000768,0.0037231280531296105
0.090625,0.090625,0.005,1.5625e-08,0.0744647,-0.365544,0.06881575000000001,-0.3701735,0.005648949999999986,0.004629500000000009,0.007303622823811476
0.093125,0.090625,0.005,1.5625e-08,-0.0101824,-0.46382,-0.014404481999999946,-0.47288549999999996,0.0042220819999999465,0.009065499999999949,0.010000463322502743
0.09625,0.09125,0.005,6.25e-08,-0.0584274,-0.506179,-0.050309774999999966,-0.49675574999999983,-0.008117625000000031,-0.009423250000000216,0.01243758321391779
0.098125,0.091875,0.005,1.5625e-08,-0.0357388,-0.358298,-0.027330274999999828,-0.36068674999999895,-0.008408525000000173,0.0023887499999989403,0.008741248151043584
0.000625,0.094375,0.005,1.5625e-08,-0.0175241,0.119138,-0.009465432500000027,0.10712900000000015,-0.008058667499999974,0.01200899999999984,0.014462302820628254
0.00375,0.09375,0.005,6.25e-08,-0.0871166,0.296015,-0.08311597500000001,0.2914985,-0.004000624999999994,0.004516499999999979,0.006033553898045891
0.00625,0.09375,0.005,6.25e-08,-0.0773374,0.268393,-0.08010287499999999,0.26602624999999996,0.0027654749999999895,0.0023667500000000286,0.0036399666946450317
0.008125,0.094375,0.005,1.5625e-08,-0.0128314,0.213247,-0.018879264999999652,0.21092099999999983,0.0060478649999996525,0.0023260000000001613,0.006479733563829731
0.010625,0.093125,0.005,1.5625e-08,-0.00397995,0.195311,-0.012354692500000267,0.19462750000000012,0.008374742500000268,0.0006834999999998925,0.008402587946062247
0.013125,0.093125,0.005,1.5625e-08,0.0548809,0.159313,0.046567199999999635,0.15867000000000017,0.008313700000000368,0.0006429999999998381,0.008338528448713592
0.015625,0.093125,0.005,1.5625e-08,0.112825,0.131619,0.10484757499999958,0.13142775000000015,0.007977425000000413,0.00019124999999986514,0.00797971717500887
0.018125,0.093125,0.005,1.5625e-08,0.167021,0.110344,0.15954774999999954,0.11095050000000015,0.007473250000000459,-0.0006065000000001486,0.007497820204066448
0.020625,0.093125,0.005,1.5625e-08,0.216104,0.0936214,0.20989799999999956,0.09535740000000013,0.006206000000000433,-0.0017360000000001402,0.0064442324601154686
0.023125,0.093125,0.005,1.5625e-08,0.256279,0.0812709,0.25596499999999955,0.08323127500000013,0.00031400000000042505,-0.001960375000000139,0.0019853629745277845
0.025625,0.093125,0.005,1.5625e-08,0.298064,0.0729237,0.2980964999999995,0.07357145000000012,-3.249999999949127e-05,-0.0006477500000001274,0.0006485648097916908
0.028125,0.093125,0.005,1.5625e-08,0.337156,0.0654496,0.3366952499999995,0.0656791250000001,0.00046075000000050936,-0.00022952500000010534,0.0005147545901937327
0.030625,0.093125,0.005,1.5625e-08,0.372782,0.0589097,0.37213049999999953,0.059061775000000094,0.0006515000000004711,-0.00015207500000009172,0.0006690134943524248
0.033125,0.093125,0.005,1.5625e-08,0.405371,0.0531945,0.40471249999999953,0.053364750000000086,0.0006585000000004504,-0.000170250000000087,0.0006801524185802935
0.035625,0.093125,0.005,1.5625e-08,0.435211,0.0481034,0.4346844999999996,0.04832560000000008,0.0005265000000004294,-0.00022220000000008205,0.0005714674881395167
0.038125,0.093125,0.005,1.5625e-08,0.462411,0.0435322,0.4622272499999996,0.043744050000000076,0.00018375000000042663,-0.00021185000000007587,0.0002804362405257012
0.040625,0.093125,0.005,1.5625e-08,0.487002,0.0399859,0.4874624999999996,0.03946210000000007,-0.00046049999999958624,0.0005237999999999285,0.0006974429654097488
0.043125,0.093125,0.005,1.5625e-08,0.512964,0.0358057,0.5104574999999996,0.035351050000000064,0.002506500000000411,0.00045464999999993844,0.0025474004146388146
0.045625,0.093125,0.005,1.5625e-08,0.534038,0.0313364,0.5312312499999996,0.031302625000000056,0.002806750000000413,3.3774999999944266e-05,0.002806953208218355
0.048125,0.093125,0.005,1.5625e-08,0.552534,0.0270756,0.5497564999999995,0.02722292500000005,0.0027775000000004324,-0.00014732500000005228,0.0027814044843617078
0.050625,0.093125,0.005,1.5625e-08,0.568506,0.0227622,0.5659632499999996,0.023028300000000036,0.002542750000000371,-0.00026610000000003645,0.00255663583102911
0.053125,0.093125,0.005,1.5625e-08,0.582038,0.0183207,0.5797392499999996,0.018642025000000034,0.00229875000000046,-0.00032132500000003547,0.002321099161631648
0.055625,0.093125,0.005,1.5625e-08,0.593029,0.0136669,0.5909314999999996,0.01399130000000003,0.0020975000000004185,-0.0003244000000000302,0.0021224376575065223
0.058125,0.093125,0.005,1.5625e-08,0.601299,0.00871773,0.5993452499999996,0.009004662500000019,0.0019537500000004204,-0.000286932500000019,0.0019747074016314174
0.060625,0.093125,0.005,1.5625e-08,0.606608,0.00339025,0.6047424999999997,0.0036081600000000104,0.0018655000000002975,-0.0002179100000000104,0.001878183968119501
0.063125,0.093125,0.005,1.5625e-08,0.608679,-0.00240598,0.6068359999999996,-0.0022797325000000162,0.0018430000000003721,-0.0001262474999999836,0.0018473189847066525
0.065625,0.093125,0.005,1.5625e-08,0.607164,-0.00878279,0.6052849999999996,-0.00875638250000003,0.0018790000000004081,-2.6407499999971107e-05,0.0018791855565797068
0.068125,0.093125,0.005,1.5625e-08,0.601661,-0.0158921,0.5996774999999996,-0.015948700000000045,0.00198350000000036,5.66000000000455e-05,0.0019843073879823744
0.070625,0.093125,0.005,1.5625e-08,0.59166,-0.0239624,0.5895107499999996,-0.024036850000000016,0.0021492500000003245,7.445000000001756e-05,0.0021505390870666355
0.073125,0.093125,0.005,1.5625e-08,0.576465,-0.0333581,0.5741509999999996,-0.03329635000000002,0.0023140000000003713,-6.174999999997849e-05,0.0023148237648904758
0.075625,0.093125,0.005,1.5625e-08,0.555026,-0.0445988,0.5527657499999997,-0.04417385000000003,0.0022602500000002967,-0.00042494999999997257,0.0022998505527536605
0.078125,0.093125,0.005,1.5625e-08,0.52439,-0.0595602,0.5242074999999997,-0.057428150000000094,0.00018250000000030742,-0.0021320499999999062,0.002139846595552988
0.080625,0.093125,0.005,1.5625e-08,0.486981,-0.0754681,0.48681649999999954,-0.07439580000000018,0.00016450000000045595,-0.0010722999999998178,0.0010848444773329307
0.083125,0.093125,0.005,1.5625e-08,0.438902,-0.0983211,0.43810999999999944,-0.09748970000000023,0.00079200000000057,-0.0008313999999997601,0.001148255180698308
0.085625,0.093125,0.005,1.5625e-08,0.376091,-0.131738,0.37439674999999933,-0.13108450000000033,0.0016942500000006744,-0.0006534999999996682,0.0018159144562731615
0.088125,0.093125,0.005,1.5625e-08,0.293696,-0.183052,0.2907414999999998,-0.1827977500000001,0.002954500000000193,-0.0002542499999999004,0.0029654195845615324
0.090625,0.093125,0.005,1.5625e-08,0.188683,-0.262064,0.18320199999999992,-0.2637772500000001,0.005481000000000069,0.001713250000000055,0.005742524406783218
0.093125,0.093125,0.005,1.5625e-08,0.0676072,-0.373246,0.059177000000000035,-0.379928,0.008430199999999971,0.006681999999999966,0.010757202054437719
0.09625,0.09375,0.005,6.25e-08,-0.048829,-0.485228,-0.04379655000000013,-0.48432350000000013,-0.005032449999999869,-0.0009044999999998637,0.0051130884260394355
0.098125,0.094375,0.005,1.5625e-08,-0.0583672,-0.408693,-0.04252439999999991,-0.4124794999999994,-0.015842800000000094,0.0037864999999994153,0.01628901145220294
0.000625,0.096875,0.005,1.5625e-08,-0.0317424,0.218184,-0.030208125000000113,0.18979725000000036,-0.0015342749999998836,0.028386749999999628,0.02842818276531413
0.003125,0.095625,0.005,1.5625e-08,-0.0782645,0.303552,-0.08504739999999998,0.30850425000000004,0.006782899999999981,-0.004952250000000047,0.008398363678270916
0.005625,0.095625,0.005,1.5625e-08,-0.0162631,0.236583,-0.03103561824999961,0.23962049999999976,0.01477251824999961,-0.0030374999999997765,0.015081568277091418
0.008125,0.095625,0.005,1.5625e-08,0.0751346,0.169579,0.06879132500000065,0.16771699999999973,0.006343274999999343,0.00186200000000028,0.0066109138343815755
0.010625,0.095625,0.005,1.5625e-08,0.167976,0.122062,0.16476525000000078,0.12007624999999975,0.0032107499999992073,0.001985750000000258,0.0037751978259418324
0.013125,0.095625,0.005,1.5625e-08,0.248642,0.0912344,0.24645550000000077,0.08985634999999978,0.0021864999999992307,0.0013780500000002138,0.002584531689203525
0.015625,0.095625,0.005,1.5625e-08,0.316517,0.0708971,0.3145857500000008,0.07017077499999982,0.0019312499999992183,0.0007263250000001803,0.0020633164003909443
0.018125,0.095625,0.005,1.5625e-08,0.373574,0.057016,0.3718320000000007,0.056811924999999854,0.0017419999999992997,0.00020407500000014372,0.0017539129412894527
0.020625,0.095625,0.005,1.5625e-08,0.421984,0.0474053,0.42064550000000067,0.04735822499999987,0.001338499999999354,4.707500000012549e-05,0.001339327557255238
0.023125,0.095625,0.005,1.5625e-08,0.46381,0.0403743,0.4629070000000006,0.04039787499999989,0.0009029999999993765,-2.357499999988688e-05,0.0009033076887881939
0.025625,0.095625,0.005,1.5625e-08,0.500356,0.0346009,0.49999625000000064,0.03508149999999991,0.0003597499999993814,-0.00048059999999991443,0.000600330261189183
0.028125,0.095625,0.005,1.5625e-08,0.532967,0.0304205,0.5329125000000006,0.030879049999999915,5.449999999940225e-05,-0.0004585499999999153,0.0004617773841364009
0.030625,0.095625,0.005,1.5625e-08,0.562327,0.0270857,0.5623797500000006,0.027447199999999925,-5.275000000060093e-05,-0.0003614999999999244,0.0003653283625726433
0.033125,0.095625,0.005,1.5625e-08,0.588815,0.0242609,0.5889242500000007,0.024554724999999927,-0.00010925000000072682,-0.00029382499999992817,0.0003134783774443089
0.035625,0.095625,0.005,1.5625e-08,0.612759,0.0217961,0.6129250000000006,0.022039824999999937,-0.0001660000000005546,-0.00024372499999993774,0.00029488620792630124
0.038125,0.095625,0.005,1.5625e-08,0.634437,0.0196374,0.6346517500000005,0.01978474999999994,-0.00021475000000048539,-0.00014734999999994197,0.0002604411353841619
0.040625,0.095625,0.005,1.5625e-08,0.654169,0.0177183,0.6542890000000005,0.017700224999999948,-0.00012000000000045308,1.8075000000051383e-05,0.00012135363869744738
0.043125,0.095625,0.005,1.5625e-08,0.672155,0.0155248,0.6719520000000004,0.01571624999999996,0.00020299999999950913,-0.00019144999999995936,0.00027903781553722276
0.045625,0.095625,0.005,1.5625e-08,0.688105,0.0136872,0.6877010000000005,0.01377584999999996,0.00040399999999951586,-8.864999999995925e-05,0.0004136119225791268
0.048125,0.095625,0.005,1.5625e-08,0.702199,0.0118298,0.7015480000000005,0.011831024999999964,0.0006509999999995131,-1.224999999964102e-06,0.0006510011525522562
0.050625,0.095625,0.005,1.5625e-08,0.714281,0.00983723,0.7134620000000005,0.009840342499999967,0.0008189999999995701,-3.1124999999663366e-06,0.0008190059142982703
0.053125,0.095625,0.005,1.5625e-08,0.724297,0.00773152,0.7233752500000004,0.007766822499999977,0.0009217499999996104,-3.5302499999976394e-05,0.0009224257850935923
0.055625,0.095625,0.005,1.5625e-08,0.732177,0.00551362,0.7311837500000004,0.005576317499999981,0.0009932499999996125,-6.26974999999811e-05,0.0009952268781566733
0.058125,0.095625,0.005,1.5625e-08,0.737808,0.00316278,0.7367507500000003,0.003236152499999988,0.0010572499999996765,-7.337249999998796e-05,0.0010597929449923528
0.060625,0.095625,0.005,1.5625e-08,0.741036,0.00064564,0.7399037500000004,0.0007132167499999947,0.0011322499999996127,-6.75767499999948e-05,0.0011342648190081912
0.063125,0.095625,0.005,1.5625e-08,0.741661,-0.00207959,0.7404355000000005,-0.0020285900000000055,0.0012254999999995464,-5.0999999999994626e-05,0.0012265607404441444
0.065625,0.095625,0.005,1.5625e-08,0.739442,-0.00506317,0.7380960000000003,-0.0050324199999999975,0.0013459999999997363,-3.075000000000213e-05,0.001346351203252439
0.068125,0.095625,0.005,1.5625e-08,0.734072,-0.00837812,0.7325842500000004,-0.008355282499999991,0.0014877499999995658,-2.283750000000792e-05,0.0014879252716131137
0.070625,0.095625,0.005,1.5625e-08,0.725159,-0.0121235,0.7235290000000005,-0.012079724999999958,0.0016299999999994652,-4.377500000004274e-05,0.0016305877009910447
0.073125,0.095625,0.005,1.5625e-08,0.712181,-0.0164288,0.7104550000000005,-0.016334724999999946,0.0017259999999994502,-9.407500000005453e-05,0.0017285618605138527
0.075625,0.095625,0.005,1.5625e-08,0.694438,-0.0214267,0.6927230000000005,-0.021333999999999926,0.001714999999999467,-9.270000000007397e-05,0.0017175035050905093
0.078125,0.095625,0.005,1.5625e-08,0.670997,-0.027687,0.6694197500000004,-0.02744902499999993,0.0015772499999995304,-0.00023797500000007077,0.0015951017720269613
0.080625,0.095625,0.005,1.5625e-08,0.640215,-0.0358819,0.6391542500000003,-0.03535462499999993,0.0010607499999997216,-0.00052727500000007,0.0011845714364800814
0.083125,0.095625,0.005,1.5625e-08,0.600377,-0.0469053,0.5996780000000003,-0.04633097499999992,0.0006989999999997831,-0.0005743250000000769,0.0009046823783100814
0.085625,0.095625,0.005,1.5625e-08,0.547754,-0.0634857,0.5471652500000004,-0.06291302499999989,0.0005887499999995827,-0.0005726750000001196,0.0008213301517201505
0.088125,0.095625,0.005,1.5625e-08,0.475808,-0.0909556,0.4749582500000008,-0.09030757499999967,0.0008497499999992053,-0.0006480250000003296,0.0010686493639749553
0.090625,0.095625,0.005,1.5625e-08,0.374225,-0.13999,0.371946500000001,-0.1393264999999995,0.002278499999998962,-0.0006635000000005109,0.002373140219202386
0.093125,0.095625,0.005,1.5625e-08,0.231042,-0.229674,0.2241920000000011,-0.2303684999999992,0.006849999999998885,0.0006944999999992096,0.006885116574901519
0.095625,0.095625,0.005,1.5625e-08,0.0542361,-0.369252,0.04093736499999994,-0.3792905,0.013298735000000061,0.01003849999999995,0.016662167771638408
0.098125,0.095625,0.005,1.5625e-08,-0.0563925,-0.429431,-0.05186959999999996,-0.43335349999999956,-0.004522900000000038,0.003922499999999551,0.0059868715252623245
0.000625,0.099375,0.005,1.5625e-08,0.29153,0.14403,0.1778657875000037,0.21041299999999835,0.11366421249999631,-0.06638299999999836,0.13162923646456398
0.003125,0.098125,0.005,1.5625e-08,0.110241,0.201012,0.0977735025000015,0.20208924999999925,0.012467497499998509,-0.0010772499999992524,0.012513950674146334
0.005625,0.098125,0.005,1.5625e-08,0.321394,0.0982787,0.3236277500000017,0.09227439999999948,-0.0022337500000016997,0.0060043000000005176,0.006406345100953726
0.008125,0.098125,0.005,1.5625e-08,0.460275,0.0526777,0.4654637500000016,0.04975637499999968,-0.0051887500000016296,0.0029213250000003216,0.005954600433122594
0.010625,0.098125,0.005,1.5625e-08,0.552006,0.0312954,0.5555025000000015,0.031017099999999787,-0.0034965000000014568,0.0002783000000002138,0.0035075580023729196
0.013125,0.098125,0.005,1.5625e-08,0.615053,0.0208311,0.6172235000000014,0.021404349999999853,-0.0021705000000014074,-0.0005732499999998517,0.002244924455857243
0.015625,0.098125,0.005,1.5625e-08,0.661206,0.0151163,0.6625057500000011,0.01588272499999989,-0.0012997500000011541,-0.0007664249999998901,0.001508892754017936
0.018125,0.098125,0.005,1.5625e-08,0.696762,0.0116627,0.697548750000001,0.012428884999999912,-0.0007867500000010574,-0.0007661849999999124,0.0010981871501372293
0.020625,0.098125,0.005,1.5625e-08,0.725341,0.00946136,0.7258047500000009,0.01011786749999993,-0.0004637500000008732,-0.0006565074999999292,0.0008037824084022783
0.023125,0.098125,0.005,1.5625e-08,0.749181,0.00791604,0.7493155000000009,0.008483152499999938,-0.00013450000000092555,-0.0005671124999999388,0.0005828437506368491
0.025625,0.098125,0.005,1.5625e-08,0.769313,0.00664455,0.7693512500000008,0.007270544999999949,-3.825000000079459e-05,-0.0006259949999999487,0.0006271625008919112
0.028125,0.098125,0.005,1.5625e-08,0.786622,0.00573802,0.7867345000000008,0.006332569999999954,-0.00011250000000073701,-0.0005945499999999541,0.0006050999524872823
0.030625,0.098125,0.005,1.5625e-08,0.801841,0.00505502,0.8020162500000007,0.0055787549999999604,-0.0001752500000006263,-0.0005237349999999601,0.0005522779306881434
0.033125,0.098125,0.005,1.5625e-08,0.815377,0.00449372,0.8155727500000006,0.004950744999999964,-0.00019575000000060516,-0.00045702499999996423,0.0004971819718425078
0.035625,0.098125,0.005,1.5625e-08,0.82748,0.00400887,0.8276650000000007,0.004409072499999968,-0.00018500000000065686,-0.0004002024999999673,0.00044089345765895287
0.038125,0.098125,0.005,1.5625e-08,0.838333,0.00358487,0.8384720000000006,0.003925812499999971,-0.00013900000000055535,-0.000340942499999971,0.00036818852277927487
0.040625,0.098125,0.005,1.5625e-08,0.848085,0.00319352,0.8481140000000005,0.0034803224999999743,-2.9000000000500847e-05,-0.0002868024999999742,0.00028826493717804853
0.043125,0.098125,0.005,1.5625e-08,0.856743,0.00274145,0.8566672500000005,0.003056729999999978,7.574999999948595e-05,-0.00031527999999997813,0.000324252279714281
0.045625,0.098125,0.005,1.5625e-08,0.864268,0.00236051,0.8641715000000005,0.0026423624999999803,9.649999999949976e-05,-0.0002818524999999802,0.00029791455445503547
0.048125,0.098125,0.005,1.5625e-08,0.870816,0.00200595,0.8706382500000005,0.0022267724999999834,0.00017774999999953245,-0.00022082249999998355,0.00028347422988003073
0.050625,0.098125,0.005,1.5625e-08,0.876346,0.00161736,0.8760547500000005,0.0018010999999999858,0.00029124999999941004,-0.00018373999999998585,0.000344364559877539
0.053125,0.098125,0.005,1.5625e-08,0.88078,0.0011946,0.8803880000000004,0.0013575929999999894,0.0003919999999996149,-0.00016299299999998932,0.00042453588546634616
0.055625,0.098125,0.005,1.5625e-08,0.884048,0.000744053,0.8835850000000004,0.0008892732499999928,0.0004629999999995471,-0.00014522024999999276,0.0004852400653384271
0.058125,0.098125,0.005,1.5625e-08,0.886082,0.000266024,0.8855757500000005,0.00038957949999999625,0.0005062499999994863,-0.00012355549999999623,0.0005211094166101098
0.060625,0.098125,0.005,1.5625e-08,0.886804,-0.000244364,0.8862742500000004,-0.00014803734999999994,0.0005297499999996624,-9.632665000000007e-05,0.0005384365199351404
0.063125,0.098125,0.005,1.5625e-08,0.886116,-0.00079495,0.8855762500000004,-0.0007306927499999976,0.0005397499999996169,-6.425725000000243e-05,0.0005435614562100124
0.065625,0.098125,0.005,1.5625e-08,0.883895,-0.001396,0.8833565000000004,-0.0013669867499999933,0.0005384999999995532,-2.901325000000685e-05,0.0005392810201324368
0.068125,0.098125,0.005,1.5625e-08,0.879988,-0.00206177,0.8794662500000004,-0.0020685424999999885,0.0005217499999995434,6.772499999988402e-06,0.0005217939528739035
0.070625,0.098125,0.005,1.5625e-08,0.874197,-0.00281091,0.8737195000000004,-0.0028526449999999788,0.0004774999999995755,4.173499999997896e-05,0.0004793204149883383
0.073125,0.098125,0.005,1.5625e-08,0.866264,-0.00366474,0.8658767500000006,-0.0037469099999999722,0.000387249999999395,8.216999999997214e-05,0.0003958717865667202
0.075625,0.098125,0.005,1.5625e-08,0.855869,-0.00464847,0.8556090000000005,-0.004797909999999964,0.00025999999999948287,0.00014943999999996425,0.0002998871681144767
0.078125,0.098125,0.005,1.5625e-08,0.842544,-0.00588523,0.8424342500000006,-0.006087739999999958,0.00010974999999935342,0.00020250999999995786,0.00023033749716414175
0.080625,0.098125,0.005,1.5625e-08,0.825363,-0.00756287,0.8255975000000005,-0.007767739999999952,-0.00023450000000058147,0.00020486999999995165,0.0003113871655997609
0.083125,0.098125,0.005,1.5625e-08,0.803081,-0.00985207,0.8038227500000006,-0.010131949999999938,-0.0007417500000005406,0.000279879999999939,0.0007927962392070032
0.085625,0.098125,0.005,1.5625e-08,0.773489,-0.0133635,0.7748050000000006,-0.01378934249999992,-0.00131600000000065,0.00042584249999991913,0.0013831839482902814
0.088125,0.098125,0.005,1.5625e-08,0.73209,-0.019503,0.7340507500000011,-0.020108074999999836,-0.001960750000001066,0.000605074999999837,0.002051988381577484
0.090625,0.098125,0.005,1.5625e-08,0.669365,-0.0318716,0.6720822500000012,-0.03250652499999973,-0.0027172500000012256,0.0006349249999997308,0.0027904439285051617
0.093125,0.098125,0.005,1.5625e-08,0.563979,-0.0614034,0.5672245000000017,-0.06086032499999948,-0.0032455000000016776,-0.0005430750000005174,0.0032906231485292344
0.095625,0.098125,0.005,1.5625e-08,0.371715,-0.143196,0.36900725000000084,-0.13880287499999958,0.002707749999999176,-0.004393125000000414,0.00516056753934334
0.098125,0.098125,0.005,1.5625e-08,0.0665414,-0.328959,0.03359490000000004,-0.34409524999999974,0.03294649999999996,0.01513624999999974,0.03625710863144618
0.099375,0.065625,0.005,1.5625e-08,0.00240208,-0.0374014,-0.0007274742499999882,-0.03390192499999964,0.0031295542499999883,-0.0034994750000003627,0.004694724174999052
0.096875,0.068125,0.005,1.5625e-08,-0.0140277,-0.187393,-0.015832324999999935,-0.1828697499999997,0.0018046249999999348,-0.004523250000000312,0.004869955025780791
0.099375,0.068125,0.005,1.5625e-08,-0.000497311,-0.0400403,-0.0008160442499999867,-0.03914682499999959,0.0003187332499999867,-0.0008934750000004141,0.0009486245096355533
0.096875,0.070625,0.005,1.5625e-08,-0.0161577,-0.207768,-0.017352349999999926,-0.2071594999999995,0.0011946499999999256,-0.0006085000000005114,0.0013406941756047292
0.099375,0.070625,0.005,1.5625e-08,-0.000992496,-0.0455181,-0.0009120684999999846,-0.044987574999999495,-8.042750000001545e-05,-0.0005305250000005035,0.0005365867668716652
0.096875,0.073125,0.005,1.5625e-08,-0.018513,-0.233121,-0.01892819999999992,-0.23331049999999948,0.0004151999999999177,0.00018949999999948175,0.0004564003615245449
0.099375,0.073125,0.005,1.5625e-08,-0.00113573,-0.0521662,-0.0010175859999999829,-0.051469874999999415,-0.00011814400000001706,-0.0006963250000005874,0.0007062765112629912
0.096875,0.075625,0.005,1.5625e-08,-0.0207294,-0.261262,-0.020590949999999913,-0.2612634999999995,-0.00013845000000008503,1.499999999488022e-06,0.00013845812543878387
0.099375,0.075625,0.005,1.5625e-08,-0.00132711,-0.0597547,-0.0011367789999999808,-0.05865572499999935,-0.00019033100000001926,-0.0010989750000006543,0.0011153349004614916
0.096875,0.078125,0.005,1.5625e-08,-0.0231704,-0.291721,-0.022411449999999916,-0.29095999999999944,-0.0007589500000000846,-0.0007610000000005668,0.0010747679296020099
0.099375,0.078125,0.005,1.5625e-08,-0.00156481,-0.0684508,-0.0012778009999999793,-0.06664157499999929,-0.0002870090000000208,-0.0018092250000007193,0.001831848592735932
0.096875,0.080625,0.005,1.5625e-08,-0.0260153,-0.324588,-0.024526549999999918,-0.32235974999999956,-0.0014887500000000838,-0.0022282500000004313,0.002679827349849645
0.099375,0.080625,0.005,1.5625e-08,-0.0018474,-0.0784687,-0.001456287749999977,-0.07558957499999922,-0.00039111225000002295,-0.0028791250000007873,0.002905568715024584
0.096875,0.083125,0.005,1.5625e-08,-0.0293083,-0.36037,-0.027180599999999912,-0.35544474999999953,-0.0021277000000000865,-0.004925250000000492,0.00536518358050358
0.099375,0.083125,0.005,1.5625e-08,-0.00209247,-0.089943,-0.0017025494999999735,-0.08578977499999911,-0.0003899205000000264,-0.004153225000000885,0.004171488451015132
0.001875,0.085625,0.005,1.5625e-08,-0.00242926,0.0930797,-0.007639662500000007,0.09735765000000003,0.005210402500000007,-0.00427795000000003,0.0067415985058817155
0.086875,0.085625,0.005,1.5625e-08,0.0369595,-0.368417,0.030981100000000327,-0.37653874999999964,0.005978399999999672,0.00812174999999965,0.010084844551230841
0.096875,0.085625,0.005,1.5625e-08,-0.0333907,-0.40084,-0.03078422499999991,-0.3901417499999995,-0.0026064750000000907,-0.010698250000000464,0.011011188173314241
0.099375,0.085625,0.005,1.5625e-08,-0.00210713,-0.102526,-0.0020780367499999685,-0.097777399999999,-2.9093250000031528e-05,-0.004748600000001005,0.00474868912197936
0.001875,0.088125,0.005,1.5625e-08,-0.0104542,0.117889,-0.011912619999999981,0.1198954999999999,0.0014584199999999811,-0.002006499999999911,0.002480530416342357
0.081875,0.088125,0.005,1.5625e-08,0.23231,-0.183803,0.22724524999999957,-0.1876050000000003,0.005064750000000423,0.003802000000000305,0.006333000597071392
0.084375,0.088125,0.005,1.5625e-08,0.175546,-0.23922,0.17065974999999958,-0.24233450000000034,0.004886250000000425,0.003114500000000353,0.00579444124247596
0.086875,0.088125,0.005,1.5625e-08,0.106733,-0.311581,0.10415397499999995,-0.3134895,0.0025790250000000403,0.0019084999999999797,0.0032083862299643927
0.089375,0.088125,0.005,1.5625e-08,0.0385374,-0.394348,0.033174150000000006,-0.4008927499999999,0.005363249999999993,0.0065447499999999326,0.008461572142633959
0.091875,0.088125,0.005,1.5625e-08,-0.0230339,-0.478579,-0.027705299999999974,-0.4886727499999999,0.004671399999999975,0.010093749999999901,0.011122309428463937
0.099375,0.088125,0.005,1.5625e-08,-0.00307535,-0.117257,-0.0027183544999999547,-0.11259159999999879,-0.0003569955000000454,-0.0046654000000012075,0.0046790386776592845
0.001875,0.090625,0.005,1.5625e-08,-0.0204807,0.152586,-0.01947407499999997,0.15434674999999987,-0.0010066250000000318,-0.0017607499999998666,0.0020281850145202718
0.024375,0.090625,0.005,1.5625e-08,0.144913,0.121311,0.1432064999999997,0.11930625000000011,0.0017065000000002772,0.0020047499999998886,0.0026327105447619
0.026875,0.090625,0.005,1.5625e-08,0.182372,0.10877,0.1813979999999997,0.10781650000000009,0.000974000000000308,0.0009534999999999128,0.0013630254032850721
0.029375,0.090625,0.005,1.5625e-08,0.218528,0.0983905,0.21755099999999966,0.0979610750000001,0.0009770000000003387,0.0004294249999999,0.001067208897369946
0.031875,0.090625,0.005,1.5625e-08,0.25258,0.0895122,0.25161949999999966,0.08933685000000009,0.0009605000000003638,0.00017534999999990752,0.0009763748626939688
0.034375,0.090625,0.005,1.5625e-08,0.284491,0.0816028,0.28360649999999965,0.08162292500000008,0.0008845000000003433,-2.0125000000079107e-05,0.0008847289221143448
0.036875,0.090625,0.005,1.5625e-08,0.31431,0.074264,0.3135282499999997,0.07455942500000008,0.000781750000000303,-0.0002954250000000852,0.0008357086771869274
0.039375,0.090625,0.005,1.5625e-08,0.342324,0.0668842,0.34139099999999967,0.06793185000000007,0.0009330000000003502,-0.0010476500000000666,0.0014028754479642137
0.041875,0.090625,0.005,1.5625e-08,0.369807,0.0580607,0.36718174999999964,0.06155867500000007,0.0026252500000003565,-0.0034979750000000698,0.004373530228902889
0.079375,0.090625,0.005,1.5625e-08,0.385454,-0.102059,0.3807897499999996,-0.10451000000000019,0.004664250000000425,0.002451000000000189,0.005269025437640712
0.081875,0.090625,0.005,1.5625e-08,0.334921,-0.135978,0.3348004999999995,-0.13570450000000026,0.00012050000000052297,-0.0002734999999997323,0.00029886870026816056
0.084375,0.090625,0.005,1.5625e-08,0.277618,-0.177461,0.2761049999999995,-0.17799525000000033,0.0015130000000004862,0.0005342500000003192,0.0016045535399299745
0.086875,0.090625,0.005,1.5625e-08,0.205794,-0.236924,0.20265774999999991,-0.23734950000000005,0.0031362500000000904,0.00042550000000005084,0.0031649825137748566
0.089375,0.090625,0.005,1.5625e-08,0.119738,-0.317097,0.11521424999999999,-0.32002425,0.004523750000000007,0.0029272499999999924,0.005388237803308241
0.091875,0.090625,0.005,1.5625e-08,0.0303181,-0.416353,0.024128962500000045,-0.42322599999999994,0.0061891374999999554,0.0068729999999999625,0.009248975726744296
0.094375,0.090625,0.005,1.5625e-08,-0.0393785,-0.497756,-0.04124590000000017,-0.5077422500000003,0.0018674000000001717,0.009986250000000307,0.010159348986155893
0.099375,0.090625,0.005,1.5625e-08,-0.00610839,-0.140021,-0.003969179999999934,-0.1324005999999986,-0.002139210000000066,-0.007620400000001415,0.007914967819525349
0.001875,0.093125,0.005,1.5625e-08,-0.0382088,0.205962,-0.034181024999999934,0.20791574999999982,-0.004027775000000067,-0.00195374999999981,0.004476618200508593
0.009375,0.093125,0.005,1.5625e-08,-0.0330883,0.217658,-0.03988042500000023,0.21603675000000014,0.006792125000000232,0.001621249999999852,0.006982937317356334
0.011875,0.093125,0.005,1.5625e-08,0.0227775,0.177528,0.01685412249999967,0.1754712500000002,0.00592337750000033,0.002056749999999802,0.0062702967688945425
0.014375,0.093125,0.005,1.5625e-08,0.0813653,0.145735,0.07604572499999962,0.14407175000000016,0.005319575000000382,0.0016632499999998385,0.00557353377518505
0.016875,0.093125,0.005,1.5625e-08,0.137562,0.121351,0.13272324999999957,0.12047100000000015,0.004838750000000419,0.0008799999999998531,0.004918119718195542
0.019375,0.093125,0.005,1.5625e-08,0.189419,0.102456,0.18527299999999955,0.10264292500000015,0.004146000000000455,-0.00018692500000014323,0.004150211676002662
0.021875,0.093125,0.005,1.5625e-08,0.235884,0.0876764,0.23344774999999954,0.08893185000000013,0.0024362500000004728,-0.00125545000000013,0.0027407058880884374
0.024375,0.093125,0.005,1.5625e-08,0.277294,0.0769624,0.27749749999999956,0.07814255000000012,-0.00020349999999957902,-0.0011801500000001158,0.0011975668133762316
0.026875,0.093125,0.005,1.5625e-08,0.31799,0.0691697,0.31781324999999955,0.0694390500000001,0.00017675000000044738,-0.0002693500000000987,0.00032216453094686156
0.029375,0.093125,0.005,1.5625e-08,0.355304,0.0621459,0.3547874999999995,0.06223587500000011,0.0005165000000005304,-8.99750000001101e-05,0.0005242783140904912
0.031875,0.093125,0.005,1.5625e-08,0.389369,0.0560416,0.3887612499999995,0.05611640000000008,0.0006077500000005176,-7.480000000008313e-05,0.0006123357759437558
0.034375,0.093125,0.005,1.5625e-08,0.420562,0.0506586,0.4200119999999996,0.05077665000000008,0.0005500000000003835,-0.00011805000000008475,0.0005625262682759285
0.036875,0.093125,0.005,1.5625e-08,0.449088,0.045826,0.44875099999999957,0.04598830000000008,0.0003370000000004203,-0.00016230000000008044,0.0003740458394372398
0.039375,0.093125,0.005,1.5625e-08,0.474933,0.0416062,0.47512799999999955,0.04157425000000006,-0.00019499999999955664,3.194999999994036e-05,0.0001976001075400094
0.041875,0.093125,0.005,1.5625e-08,0.498761,0.0389875,0.4992377499999996,0.03739240000000006,-0.0004767499999995817,0.0015950999999999396,0.0016648226850026428
0.044375,0.093125,0.005,1.5625e-08,0.522612,0.0340551,0.5211227499999996,0.03332515000000005,0.0014892500000003306,0.0007299499999999445,0.001658521198236822
0.046875,0.093125,0.005,1.5625e-08,0.542452,0.0297694,0.5407782499999996,0.02927207500000005,0.0016737500000004735,0.0004973249999999513,0.0017460730849900117
0.049375,0.093125,0.005,1.5625e-08,0.559786,0.025473,0.5581559999999997,0.025144900000000046,0.0016300000000003534,0.00032809999999995274,0.0016626934804711063
0.051875,0.093125,0.005,1.5625e-08,0.574683,0.0210846,0.5731634999999996,0.020863725000000038,0.001519500000000451,0.00022087499999996069,0.0015354693144528657
0.054375,0.093125,0.005,1.5625e-08,0.587118,0.0165234,0.5856694999999996,0.016354175000000033,0.0014485000000004078,0.00016922499999996732,0.0014583515867671178
0.056875,0.093125,0.005,1.5625e-08,0.596945,0.0117014,0.5954997499999997,0.011544502500000022,0.0014452500000002866,0.0001568974999999785,0.0014537415134772316
0.059375,0.093125,0.005,1.5625e-08,0.603954,0.00653501,0.6024377499999995,0.006362485000000015,0.0015162500000004409,0.00017252499999998502,0.0015260337277158496
0.061875,0.093125,0.005,1.5625e-08,0.607888,0.000939301,0.6062222499999996,0.0007312242500000059,0.0016657500000003544,0.00020807674999999415,0.0016786956235100338
0.064375,0.093125,0.005,1.5625e-08,0.608434,-0.0051866,0.6065399999999996,-0.005437437500000022,0.0018940000000003954,0.0002508375000000217,0.0019105380005139281
0.066875,0.093125,0.005,1.5625e-08,0.605234,-0.0119679,0.6030172499999996,-0.012253425000000037,0.0022167500000004337,0.00028552500000003644,0.002235062658657905
0.069375,0.093125,0.005,1.5625e-08,0.597832,-0.0195839,0.5951997499999997,-0.01986647500000005,0.0026322500000003357,0.00028257500000004876,0.002647373923934206
0.071875,0.093125,0.005,1.5625e-08,0.585654,-0.0283124,0.5825259999999997,-0.028497525000000017,0.0031280000000003527,0.00018512500000001514,0.0031334733548615363
0.074375,0.093125,0.005,1.5625e-08,0.567834,-0.038582,0.5642742499999995,-0.03849500000000003,0.0035597500000004167,-8.699999999996905e-05,0.0035608129777486156
0.076875,0.093125,0.005,1.5625e-08,0.543304,-0.0511951,0.5394719999999997,-0.05043822500000004,0.0038320000000002796,-0.0007568749999999624,0.00390603171590133
0.079375,0.093125,0.005,1.5625e-08,0.506618,-0.0667368,0.5067474999999996,-0.06533030000000015,-0.00012949999999956052,-0.0014064999999998523,0.0014124491141274686
0.081875,0.093125,0.005,1.5625e-08,0.46456,-0.0858993,0.4640759999999995,-0.0849632250000002,0.00048400000000048404,-0.0009360749999998003,0.0010537990347429128
0.084375,0.093125,0.005,1.5625e-08,0.409609,-0.113293,0.4084149999999994,-0.11259000000000027,0.0011940000000005835,-0.0007029999999997316,0.0013855847141192833
0.086875,0.093125,0.005,1.5625e-08,0.337643,-0.154605,0.3353912499999998,-0.1540420000000001,0.002251750000000219,-0.0005629999999998969,0.0023210659323898725
0.089375,0.093125,0.005,1.5625e-08,0.243984,-0.218408,0.23997999999999986,-0.2188907500000001,0.004004000000000146,0.00048275000000011503,0.004032996846329201
0.091875,0.093125,0.005,1.5625e-08,0.128922,-0.314379,0.12173747499999998,-0.318079,0.007184525000000025,0.003699999999999981,0.008081299368024007
0.094375,0.093125,0.005,1.5625e-08,0.0108615,-0.43021,0.0024983349999995177,-0.4418935000000006,0.008363165000000481,0.011683500000000624,0.014368253236467112
0.099375,0.093125,0.005,1.5625e-08,-0.0129079,-0.177302,-0.006961729999999884,-0.16231767499999827,-0.005946170000000116,-0.014984325000001714,0.01612100906812529
0.001875,0.095625,0.005,1.5625e-08,-0.0673703,0.281995,-0.0635008750000001,0.2852147500000002,-0.0038694249999998986,-0.0032197500000001877,0.00503380967986727
0.004375,0.095625,0.005,1.5625e-08,-0.0546424,0.274474,-0.06956624999999977,0.2805534999999998,0.014923849999999773,-0.006079499999999793,0.016114639898939433
0.006875,0.095625,0.005,1.5625e-08,0.027911,0.201614,0.017682495000000544,0.20060749999999972,0.010228504999999454,0.001006500000000271,0.010277906245194805
0.009375,0.095625,0.005,1.5625e-08,0.1228,0.143362,0.11837505000000072,0.14118474999999972,0.004424949999999289,0.0021772500000002692,0.004931592041622551
0.011875,0.095625,0.005,1.5625e-08,0.209876,0.105162,0.20744775000000076,0.10328819999999976,0.0024282499999992435,0.0018738000000002447,0.00306716880893394
0.014375,0.095625,0.005,1.5625e-08,0.283963,0.0802017,0.2820535000000008,0.0790132999999998,0.0019094999999992313,0.0011884000000002004,0.0022491075585657394
0.016875,0.095625,0.005,1.5625e-08,0.346148,0.0634501,0.3444037500000008,0.06288274999999985,0.0017442499999992256,0.0005673500000001469,0.0018342012116988324
0.019375,0.095625,0.005,1.5625e-08,0.398625,0.0518717,0.3971622500000007,0.05170227499999987,0.001462749999999291,0.00016942500000013266,0.0014725292503454627
0.021875,0.095625,0.005,1.5625e-08,0.443563,0.0438792,0.4424985000000007,0.04362909999999988,0.0010644999999993021,0.00025010000000012106,0.0010934853725581219
0.024375,0.095625,0.005,1.5625e-08,0.482672,0.0372334,0.4820282500000007,0.037572874999999895,0.0006437499999992768,-0.0003394749999998947,0.0007277756097342075
0.026875,0.095625,0.005,1.5625e-08,0.517089,0.0323786,0.5169252500000007,0.03286579999999991,0.00016374999999935191,-0.00048719999999990993,0.0005139823951262339
0.029375,0.095625,0.005,1.5625e-08,0.548027,0.028681,0.5480407500000006,0.02908324999999992,-1.375000000058968e-05,-0.00040224999999992003,0.00040248493760630585
0.031875,0.095625,0.005,1.5625e-08,0.575906,0.025628,0.5759907500000006,0.025944899999999924,-8.475000000052191e-05,-0.0003168999999999221,0.00032803684625364737
0.034375,0.095625,0.005,1.5625e-08,0.601085,0.0229947,0.6012235000000006,0.023258249999999935,-0.00013850000000059648,-0.00026354999999993536,0.00029772613674336885
0.036875,0.095625,0.005,1.5625e-08,0.623863,0.0206853,0.6240595000000005,0.02088592499999994,-0.00019650000000059897,-0.00020062499999994043,0.000280824928781637
0.039375,0.095625,0.005,1.5625e-08,0.644518,0.0186699,0.6447230000000005,0.018725899999999948,-0.00020500000000045482,-5.599999999994845e-05,0.00021251117617711475
0.041875,0.095625,0.005,1.5625e-08,0.663376,0.0166812,0.6633622500000005,0.01669947499999995,1.3749999999479456e-05,-1.827499999994958e-05,2.2870026781441298e-05
0.044375,0.095625,0.005,1.5625e-08,0.680316,0.0146339,0.6800642500000005,0.014743774999999956,0.00025174999999955094,-0.0001098749999999555,0.0002746826862486315
0.046875,0.095625,0.005,1.5625e-08,0.695361,0.0128367,0.6948632500000005,0.01280669999999996,0.0004977499999995194,3.0000000000038676e-05,0.0004986532487606232
0.049375,0.095625,0.005,1.5625e-08,0.708463,0.0109073,0.7077500000000003,0.010843839999999967,0.0007129999999996306,6.346000000003252e-05,0.0007158185325901233
0.051875,0.095625,0.005,1.5625e-08,0.719522,0.00885526,0.7186745000000003,0.008816139999999972,0.000847499999999668,3.912000000002788e-05,0.0008484023953286786
0.054375,0.095625,0.005,1.5625e-08,0.728487,0.00669359,0.7275505000000004,0.006688249999999978,0.0009364999999995627,5.340000000022063e-06,0.0009365152244353432
0.056875,0.095625,0.005,1.5625e-08,0.735265,0.00441103,0.7342575000000005,0.004426974999999984,0.001007499999999495,-1.5944999999984236e-05,0.0010076261672981612
0.059375,0.095625,0.005,1.5625e-08,0.739722,0.00197959,0.7386410000000003,0.001999677499999991,0.0010809999999996656,-2.0087499999991293e-05,0.0010811866201796648
0.061875,0.095625,0.005,1.5625e-08,0.741682,-0.000638161,0.7405120000000004,-0.0006278580000000015,0.0011699999999995603,-1.0302999999998509e-05,0.0011700453631410925
0.064375,0.095625,0.005,1.5625e-08,0.740925,-0.003488,0.7396417500000003,-0.003494620000000002,0.001283249999999625,6.620000000001885e-06,0.0012832670754363792
0.066875,0.095625,0.005,1.5625e-08,0.737181,-0.00663008,0.7357580000000005,-0.006649597499999995,0.001422999999999508,1.9517499999994678e-05,0.001423133842196457
0.069375,0.095625,0.005,1.5625e-08,0.730104,-0.0101483,0.7285265000000004,-0.010160657499999986,0.0015774999999995654,1.2357499999985158e-05,0.001577548401097373
0.071875,0.095625,0.005,1.5625e-08,0.719245,-0.014157,0.7175300000000004,-0.014130174999999953,0.001714999999999578,-2.6825000000046256e-05,0.001715209777439353
0.074375,0.095625,0.005,1.5625e-08,0.703991,-0.0187896,0.7022202500000005,-0.018723024999999935,0.001770749999999488,-6.657500000006519e-05,0.0017720010702940321
0.076875,0.095625,0.005,1.5625e-08,0.683583,-0.0242498,0.6818402500000005,-0.02421942499999992,0.001742749999999571,-3.037500000007895e-05,0.0017430146881548386
0.079375,0.095625,0.005,1.5625e-08,0.65659,-0.0315407,0.6552715000000002,-0.031117424999999938,0.0013184999999997782,-0.0004232750000000597,0.0013847757853257202
0.081875,0.095625,0.005,1.5625e-08,0.62161,-0.0409116,0.6207580000000004,-0.04034129999999991,0.0008519999999996308,-0.000570300000000086,0.0010252541587330768
0.084375,0.095625,0.005,1.5625e-08,0.575992,-0.0542469,0.5753817500000005,-0.053683274999999905,0.0006102499999994793,-0.0005636250000000953,0.0008307094577073695
0.086875,0.095625,0.005,1.5625e-08,0.514746,-0.0753685,0.5140972500000007,-0.07476279999999973,0.0006487499999993096,-0.0006057000000002782,0.0008875522815583549
0.089375,0.095625,0.005,1.5625e-08,0.429521,-0.111778,0.4281940000000009,-0.11109734999999958,0.001326999999999079,-0.0006806500000004212,0.001491379704333584
0.091875,0.095625,0.005,1.5625e-08,0.308291,-0.178326,0.3043125000000011,-0.17794074999999931,0.003978499999998886,-0.00038525000000069753,0.003997108931777025
0.094375,0.095625,0.005,1.5625e-08,0.144096,-0.295651,0.13340610000000006,-0.2989042499999999,0.010689899999999947,0.00325324999999993,0.011173969642544157
0.096875,0.095625,0.005,1.5625e-08,-0.0197075,-0.435242,-0.031559130000000116,-0.4469935,0.011851630000000116,0.01175149999999997,0.016690083460153878
0.099375,0.095625,0.005,1.5625e-08,-0.0271823,-0.25036,-0.01707425499999983,-0.21666424999999823,-0.01010804500000017,-0.0336957500000018,0.035179200414231275
0.001875,0.098125,0.005,1.5625e-08,0.00157539,0.278658,-0.02425812499999925,0.2904587499999995,0.02583351499999925,-0.011800749999999471,0.028401200640424933
0.004375,0.098125,0.005,1.5625e-08,0.226388,0.139495,0.22192750000000178,0.1343774249999993,0.00446049999999823,0.005117575000000707,0.006788640079619514
0.006875,0.098125,0.005,1.5625e-08,0.397956,0.0711404,0.4031462500000017,0.06633074999999959,-0.005190250000001728,0.004809650000000415,0.007076116744728137
0.009375,0.098125,0.005,1.5625e-08,0.510791,0.0400099,0.5151257500000015,0.038697624999999736,-0.004334750000001497,0.0013122750000002653,0.0045290311588836165
0.011875,0.098125,0.005,1.5625e-08,0.586196,0.0252228,0.5889752500000014,0.025494599999999826,-0.002779250000001343,-0.00027179999999982565,0.0027925088724133663
0.014375,0.098125,0.005,1.5625e-08,0.639757,0.0175984,0.6414445000000012,0.018296724999999868,-0.0016875000000011742,-0.0006983249999998678,0.001826284220932979
0.016875,0.098125,0.005,1.5625e-08,0.680036,0.0131998,0.6810475000000011,0.013970429999999902,-0.0010115000000011642,-0.0007706299999999024,0.0012716142681262288
0.019375,0.098125,0.005,1.5625e-08,0.711753,0.0104501,0.7123740000000011,0.01116653499999992,-0.0006210000000010929,-0.0007164349999999198,0.0009481139748080094
0.021875,0.098125,0.005,1.5625e-08,0.737761,0.00866175,0.7380605000000008,0.009235212499999933,-0.00029950000000078525,-0.0005734624999999341,0.0006469617368180631
0.024375,0.098125,0.005,1.5625e-08,0.759662,0.00723096,0.7597087500000009,0.007835052499999945,-4.6750000000983505e-05,-0.0006040924999999447,0.0006058987630423709
0.026875,0.098125,0.005,1.5625e-08,0.778264,0.00615484,0.7783352500000008,0.006773852499999951,-7.125000000085535e-05,-0.0006190124999999507,0.0006230995407286951
0.029375,0.098125,0.005,1.5625e-08,0.794462,0.00537703,0.7946115000000007,0.005936847499999958,-0.00014950000000069075,-0.0005598174999999588,0.0005794358319144669
0.031875,0.098125,0.005,1.5625e-08,0.808801,0.00476352,0.8089917500000007,0.005251824999999963,-0.00019075000000068343,-0.0004883049999999623,0.0005242397691183147
0.034375,0.098125,0.005,1.5625e-08,0.821595,0.00424355,0.8217892500000006,0.004671067499999966,-0.00019425000000061754,-0.00042751749999996643,0.0004695788275747334
0.036875,0.098125,0.005,1.5625e-08,0.833052,0.0037904,0.8332202500000006,0.00416156499999997,-0.00016825000000053603,-0.0003711649999999702,0.00040751873542839505
0.039375,0.098125,0.005,1.5625e-08,0.84334,0.00339033,0.8434330000000005,0.003699429999999973,-9.300000000056485e-05,-0.0003090999999999732,0.00032278756171836686
0.041875,0.098125,0.005,1.5625e-08,0.852562,0.00297559,0.8525237500000005,0.003266644999999976,3.824999999957335e-05,-0.00029105499999997585,0.0002935576187479271
0.044375,0.098125,0.005,1.5625e-08,0.860632,0.00254359,0.8605490000000005,0.002849089999999979,8.299999999950014e-05,-0.00030549999999997897,0.00031657424089761975
0.046875,0.098125,0.005,1.5625e-08,0.867663,0.00219065,0.8675345000000005,0.002435304999999982,0.00012849999999942074,-0.00024465499999998166,0.0002763481844066325
0.049375,0.098125,0.005,1.5625e-08,0.873713,0.00182067,0.8734795000000004,0.002015702499999985,0.0002334999999995535,-0.00019503249999998492,0.0003042366283931565
0.051875,0.098125,0.005,1.5625e-08,0.878703,0.00141395,0.8783595000000005,0.001582022499999988,0.000343499999999497,-0.00016807249999998804,0.0003824141933243331
0.054375,0.098125,0.005,1.5625e-08,0.882562,0.000976735,0.8821325000000004,0.001126950249999991,0.0004294999999995275,-0.00015021524999999096,0.000455010847488446
0.056875,0.098125,0.005,1.5625e-08,0.885223,0.000512677,0.8847362500000004,0.0006437524999999946,0.00048674999999953616,-0.00013107549999999456,0.0005040896241739132
0.059375,0.098125,0.005,1.5625e-08,0.886612,1.91481e-05,0.8860927500000004,0.00012593425749999812,0.000519249999999527,-0.00010678615749999811,0.000530116822910878
0.061875,0.098125,0.005,1.5625e-08,0.886643,-0.000510379,0.8861070000000005,-0.0004332459999999979,0.0005359999999994258,-7.713300000000212e-05,0.0005415214674307795
0.064375,0.098125,0.005,1.5625e-08,0.885206,-0.00108491,0.8846650000000004,-0.0010415022499999955,0.0005409999999996806,-4.340775000000446e-05,0.000542738641299583
0.066875,0.098125,0.005,1.5625e-08,0.882164,-0.00171647,0.8816307500000005,-0.001708704999999991,0.0005332499999994855,-7.76500000000918e-06,0.0005333065326099535
0.069375,0.098125,0.005,1.5625e-08,0.877343,-0.00242149,0.8768382500000004,-0.0024488674999999863,0.0005047499999996097,2.7377499999986163e-05,0.0005054919287247376
0.071875,0.098125,0.005,1.5625e-08,0.870517,-0.00322034,0.8700780000000004,-0.0032836849999999754,0.00043899999999963413,6.334499999997552e-05,0.00044354660299079695
0.074375,0.098125,0.005,1.5625e-08,0.861399,-0.00413434,0.8610715000000004,-0.004248799999999968,0.000327499999999592,0.00011445999999996816,0.00034692555627933416
0.076875,0.098125,0.005,1.5625e-08,0.84962,-0.00521311,0.8494240000000006,-0.00540571999999996,0.00019599999999941886,0.00019260999999996028,0.00027479922143222477
0.079375,0.098125,0.005,1.5625e-08,0.834503,-0.00666713,0.8345370000000005,-0.006865244999999957,-3.40000000005336e-05,0.00019811499999995708,0.00020101132611128974
0.081875,0.098125,0.005,1.5625e-08,0.814962,-0.00860494,0.8154382500000006,-0.008836829999999945,-0.000476250000000622,0.0002318899999999447,0.0005297046673388548
0.084375,0.098125,0.005,1.5625e-08,0.789405,-0.0113936,0.7904280000000006,-0.011739817499999928,-0.0010230000000005512,0.00034621749999992797,0.0010799979431958785
0.086875,0.098125,0.005,1.5625e-08,0.754691,-0.015962,0.7563182500000009,-0.016476674999999868,-0.0016272500000008572,0.0005146749999998673,0.0017067023519429664
0.089375,0.098125,0.005,1.5625e-08,0.704326,-0.0245067,0.7066505000000011,-0.025176849999999792,-0.002324500000001062,0.0006701499999997931,0.0024191736755563168
0.091875,0.098125,0.005,1.5625e-08,0.624111,-0.0431966,0.6272242500000015,-0.04353029999999963,-0.0031132500000015106,0.0003336999999996315,0.0031310830797839206
0.094375,0.098125,0.005,1.5625e-08,0.48266,-0.0918053,0.4846257500000009,-0.08946149999999965,-0.001965750000000932,-0.002343800000000354,0.003059014792789555
0.096875,0.098125,0.005,1.5625e-08,0.223129,-0.225866,0.21174150000000055,-0.22402949999999958,0.01138749999999944,-0.001836500000000435,0.011534638637598875
0.099375,0.098125,0.005,1.5625e-08,0.026955,-0.317909,-0.03874027499999965,-0.31940399999999874,0.06569527499999965,0.0014949999999987473,0.06571228334433049
0.098125,0.065625,0.005,1.5625e-08,-0.000636944,-0.0947203,-0.005432089999999963,-0.0992094999999997,0.004795145999999964,0.004489199999999707,0.006568587504274646
0.095625,0.068125,0.005,1.5625e-08,-0.0245828,-0.242946,-0.029146474999999925,-0.2452642499999998,0.004563674999999927,0.0023182499999997996,0.005118731538977543
0.098125,0.069375,0.005,1.5625e-08,-0.00603279,-0.122092,-0.006354322499999956,-0.12167499999999962,0.0003215324999999566,-0.0004170000000003893,0.000526566376211534
0.095625,0.070625,0.005,1.5625e-08,-0.0299948,-0.275303,-0.03161377499999991,-0.27560099999999954,0.001618974999999908,0.00029799999999952087,0.0016461725458239232
0.098125,0.071875,0.005,1.5625e-08,-0.00652177,-0.13869,-0.007017227499999949,-0.13851224999999948,0.0004954574999999489,-0.00017775000000053165,0.0005263774280935576
0.095625,0.073125,0.005,1.5625e-08,-0.0335982,-0.307425,-0.0340571249999999,-0.3075804999999995,0.00045892499999990177,0.0001554999999994755,0.0004845538211847542
0.098125,0.074375,0.005,1.5625e-08,-0.0074385,-0.157187,-0.007733849999999943,-0.1569112499999994,0.0002953499999999434,-0.0002757500000006019,0.0004040664363694398
0.095625,0.075625,0.005,1.5625e-08,-0.0368082,-0.340651,-0.0364834999999999,-0.3408617499999995,-0.0003247000000001013,0.0002107499999995377,0.0003870990215692503
0.098125,0.076875,0.005,1.5625e-08,-0.00850003,-0.177881,-0.008535064999999939,-0.17697174999999932,3.503499999993852e-05,-0.0009092500000006942,0.0009099247297036487
0.095625,0.078125,0.005,1.5625e-08,-0.040162,-0.374918,-0.03893674999999991,-0.37499349999999954,-0.0012252500000000943,7.549999999956203e-05,0.0012275739539841031
0.098125,0.079375,0.005,1.5625e-08,-0.00975789,-0.201008,-0.009481572499999938,-0.1988697499999994,-0.00027631750000006207,-0.002138250000000591,0.002156029782565355
0.095625,0.080625,0.005,1.5625e-08,-0.0438863,-0.409683,-0.041509449999999906,-0.4093537499999997,-0.002376850000000097,-0.0003292500000003362,0.002399546099786516
0.098125,0.081875,0.005,1.5625e-08,-0.0111616,-0.226937,-0.010688232499999933,-0.22292774999999937,-0.00047336750000006797,-0.00400925000000063,0.004037098258967866
0.095625,0.083125,0.005,1.5625e-08,-0.0481574,-0.444087,-0.04433684999999992,-0.4429944999999997,-0.003820550000000082,-0.0010925000000003293,0.003973683247630761
0.098125,0.084375,0.005,1.5625e-08,-0.0121599,-0.255856,-0.012372452499999922,-0.2497347499999993,0.00021255249999992294,-0.006121250000000661,0.006124939193801381
0.000625,0.085625,0.005,1.5625e-08,0.0018495,0.0391743,-0.0011012817500000015,0.035085925000000025,0.0029507817500000018,0.0040883749999999774,0.00504201577513973
0.085625,0.085625,0.005,1.5625e-08,0.0621021,-0.332838,0.05895570000000004,-0.3371585000000001,0.003146399999999959,0.00432050000000006,0.005344768770489539
0.095625,0.085625,0.005,1.5625e-08,-0.0532213,-0.475702,-0.047511399999999926,-0.47423224999999974,-0.005709900000000073,-0.0014697500000002695,0.005896026040690596
0.098125,0.086875,0.005,1.5625e-08,-0.0125546,-0.287104,-0.014957349999999897,-0.28033374999999905,0.0024027499999998963,-0.006770250000000977,0.007183974709380089
0.000625,0.088125,0.005,1.5625e-08,-0.00149176,0.0454638,-0.0017793802499999978,0.04421457499999998,0.00028762024999999785,0.0012492250000000205,0.0012819081514816545
0.080625,0.088125,0.005,1.5625e-08,0.255568,-0.162059,0.2514999999999996,-0.16518450000000023,0.004068000000000405,0.0031255000000002253,0.005130046222989097
0.083125,0.089375,0.005,1.5625e-08,0.251279,-0.183462,0.25105899999999953,-0.18439675000000028,0.00022000000000044206,0.0009347500000002895,0.0009602903532269476
0.085625,0.089375,0.005,1.5625e-08,0.189533,-0.240412,0.1865759999999995,-0.24125650000000037,0.0029570000000005148,0.0008445000000003866,0.0030752283248571474
0.088125,0.089375,0.005,1.5625e-08,0.113649,-0.316054,0.11046534999999996,-0.31761625000000004,0.003183650000000038,0.0015622500000000428,0.0035463012259254537
0.090625,0.089375,0.005,1.5625e-08,0.0357381,-0.406895,0.03015337500000002,-0.412332,0.005584724999999981,0.00543699999999997,0.007794236481248465
0.098125,0.088125,0.005,1.5625e-08,-0.0144418,-0.297919,-0.016829699999999885,-0.29757099999999903,0.0023878999999998856,-0.00034800000000095865,0.0024131246155141097
0.000625,0.090625,0.005,1.5625e-08,-0.00454077,0.0611998,-0.003085433749999995,0.05911742499999996,-0.0014553362500000053,0.002082375000000039,0.0025405293230327496
0.023125,0.090625,0.005,1.5625e-08,0.130051,0.126293,0.12339074999999972,0.1258175000000001,0.006660250000000284,0.0004754999999998788,0.00667720228183209
0.025625,0.091875,0.005,1.5625e-08,0.222483,0.0943121,0.22280399999999959,0.09372945000000012,-0.0003209999999995994,0.0005826499999998791,0.0006652232877009057
0.028125,0.091875,0.005,1.5625e-08,0.262444,0.0844385,0.2613489999999996,0.08430940000000012,0.0010950000000004012,0.0001290999999998821,0.0011025841509838823
0.030625,0.091875,0.005,1.5625e-08,0.298604,0.0762377,0.2972302499999996,0.0762866500000001,0.0013737500000003955,-4.89500000000892e-05,0.0013746218261766017
0.033125,0.091875,0.005,1.5625e-08,0.33196,0.06911,0.3305952499999996,0.06928962500000008,0.0013647500000003587,-0.0001796250000000721,0.001376520142651754
0.035625,0.091875,0.005,1.5625e-08,0.362774,0.0626944,0.36157374999999964,0.06303315000000008,0.0012002500000003469,-0.00033875000000008204,0.001247137372145061
0.038125,0.091875,0.005,1.5625e-08,0.390995,0.0566723,0.3902652499999996,0.057292875000000076,0.000729750000000362,-0.0006205750000000745,0.0009579396604826533
0.040625,0.091875,0.005,1.5625e-08,0.415432,0.0506013,0.4167322499999996,0.05188692500000007,-0.0013002499999995587,-0.001285625000000068,0.0018285189917318406
0.078125,0.090625,0.005,1.5625e-08,0.404291,-0.0885852,0.3997389999999996,-0.0917444000000001,0.004552000000000389,0.003159200000000098,0.005540870747455147
0.080625,0.091875,0.005,1.5625e-08,0.41949,-0.0966238,0.42029424999999954,-0.09629417500000019,-0.0008042499999995623,-0.00032962499999980577,0.0008691781768568329
0.083125,0.091875,0.005,1.5625e-08,0.369904,-0.126431,0.36930099999999944,-0.12593175000000026,0.0006030000000005753,-0.0004992499999997291,0.0007828534744768164
0.085625,0.091875,0.005,1.5625e-08,0.305624,-0.168263,0.3035512499999994,-0.16803575000000034,0.0020727500000006227,-0.00022724999999965134,0.0020851702868117084
0.088125,0.091875,0.005,1.5625e-08,0.223359,-0.22975,0.2198767499999999,-0.23015000000000008,0.0034822500000001033,0.00040000000000006697,0.0035051483652622714
0.090625,0.091875,0.005,1.5625e-08,0.124684,-0.317066,0.118738475,-0.32039725,0.005945525000000007,0.003331250000000008,0.006815166475452022
0.093125,0.091875,0.005,1.5625e-08,0.0234964,-0.424799,0.014947327500000064,-0.43329974999999993,0.008549072499999937,0.008500749999999946,0.012056093528699678
0.098125,0.090625,0.005,1.5625e-08,-0.024156,-0.335226,-0.02267839999999985,-0.33742624999999893,-0.0014776000000001517,0.0022002499999989045,0.002650358810141681
0.000625,0.093125,0.005,1.5625e-08,-0.0106114,0.0924868,-0.006121017499999987,0.08549324999999991,-0.004490382500000013,0.006993550000000084,0.008311033425441601
0.008125,0.093125,0.005,1.5625e-08,-0.0553945,0.238645,-0.06392450000000018,0.23902975000000012,0.008530000000000176,-0.00038475000000012805,0.008538672763521453
0.010625,0.094375,0.005,1.5625e-08,0.0610705,0.163268,0.05564145000000051,0.16154524999999978,0.005429049999999491,0.0017227500000002172,0.005695827548740852
0.013125,0.094375,0.005,1.5625e-08,0.133169,0.127768,0.12826835000000053,0.1262877499999998,0.004900649999999479,0.0014802500000001828,0.0051193271515889115
0.015625,0.094375,0.005,1.5625e-08,0.198393,0.102475,0.19393375000000057,0.10157129999999982,0.004459249999999443,0.0009037000000001738,0.004549899367293231
0.018125,0.094375,0.005,1.5625e-08,0.256068,0.0841532,0.2520980000000006,0.08394834999999985,0.0039699999999994184,0.0002048500000001452,0.003975281565184464
0.020625,0.094375,0.005,1.5625e-08,0.30653,0.0707373,0.30353625000000056,0.07103044999999987,0.002993749999999462,-0.00029314999999986713,0.00300806848076913
0.023125,0.094375,0.005,1.5625e-08,0.350538,0.0606291,0.3492582500000006,0.061268424999999876,0.0012797499999994133,-0.0006393249999998782,0.0014305581142069492
0.025625,0.094375,0.005,1.5625e-08,0.390588,0.0529955,0.39018025000000056,0.053662299999999906,0.0004077499999994294,-0.000666799999999905,0.0007815895997896901
0.028125,0.094375,0.005,1.5625e-08,0.427279,0.0471517,0.4270507500000006,0.0475561249999999,0.0002282499999994303,-0.0004044249999999028,0.0004643895381300717
0.030625,0.094375,0.005,1.5625e-08,0.460682,0.0422382,0.46045650000000055,0.042508299999999916,0.00022549999999943449,-0.000270099999999919,0.0003518582953401855
0.033125,0.094375,0.005,1.5625e-08,0.491042,0.0379897,0.49084575000000047,0.038212324999999915,0.00019624999999950932,-0.00022262499999991386,0.00029677593083801294
0.035625,0.094375,0.005,1.5625e-08,0.518657,0.0342453,0.5185520000000005,0.03444829999999993,0.00010499999999957765,-0.0002029999999999324,0.00022854758804214902
0.038125,0.094375,0.005,1.5625e-08,0.543766,0.0309545,0.5438177500000005,0.031052474999999934,-5.175000000057217e-05,-9.797499999993423e-05,0.00011080236064744438
0.040625,0.094375,0.005,1.5625e-08,0.566732,0.0282604,0.5668085000000004,0.02789874999999994,-7.650000000036794e-05,0.00036165000000006053,0.0003696525023587695
0.043125,0.094375,0.005,1.5625e-08,0.588366,0.0250066,0.5876252500000004,0.02488637499999995,0.0007407499999995126,0.00012022500000005015,0.000750442944616238
0.045625,0.094375,0.005,1.5625e-08,0.607428,0.0220515,0.6063137500000004,0.021932074999999954,0.0011142499999995392,0.00011942500000004797,0.0011206316937888133
0.048125,0.094375,0.005,1.5625e-08,0.624251,0.0190719,0.6228710000000005,0.018964899999999958,0.0013799999999994927,0.00010700000000004109,0.0013841419724864243
0.050625,0.094375,0.005,1.5625e-08,0.638695,0.015956,0.6372487500000004,0.01592254999999996,0.0014462499999996492,3.3450000000042474e-05,0.0014466367771486346
0.053125,0.094375,0.005,1.5625e-08,0.650796,0.0127162,0.6493595000000004,0.01274869999999997,0.0014364999999996186,-3.249999999997005e-05,0.0014368676000240603
0.055625,0.094375,0.005,1.5625e-08,0.660492,0.00932087,0.6590740000000004,0.009390782499999977,0.0014179999999995863,-6.991249999997728e-05,0.0014197224227485716
0.058125,0.094375,0.005,1.5625e-08,0.667646,0.00572011,0.6662260000000004,0.005797794999999984,0.0014199999999995327,-7.768499999998447e-05,0.0014221233980297458
0.060625,0.094375,0.005,1.5625e-08,0.672064,0.00185637,0.6706085000000004,0.0019175074999999919,0.0014554999999996099,-6.113749999999188e-05,0.001456783458138207
0.063125,0.094375,0.005,1.5625e-08,0.673505,-0.0023375,0.6719715000000004,-0.0023072775000000114,0.0015334999999996324,-3.0222499999988783e-05,0.0015337977863803046
0.065625,0.094375,0.005,1.5625e-08,0.671676,-0.00693761,0.6700150000000004,-0.006944867500000002,0.0016609999999996905,7.257500000001568e-06,0.0016610158552239115
0.068125,0.094375,0.005,1.5625e-08,0.666213,-0.0120583,0.6643790000000004,-0.012084824999999993,0.0018339999999996692,2.652499999999426e-05,0.0018341918044805963
0.070625,0.094375,0.005,1.5625e-08,0.656654,-0.0178595,0.6546187500000005,-0.017855524999999952,0.002035249999999489,-3.975000000048384e-06,0.00203525388173636
0.073125,0.094375,0.005,1.5625e-08,0.642365,-0.024574,0.6401715000000004,-0.024455324999999934,0.0021934999999995153,-0.00011867500000006456,0.0021967079927980616
0.075625,0.094375,0.005,1.5625e-08,0.622435,-0.0324633,0.6202857500000004,-0.032209574999999914,0.0021492499999995474,-0.0002537250000000865,0.002164174655179914
0.078125,0.094375,0.005,1.5625e-08,0.595555,-0.0426439,0.5939075000000005,-0.04167824999999992,0.0016474999999994688,-0.0009656500000000817,0.0019096429437196912
0.080625,0.094375,0.005,1.5625e-08,0.560441,-0.0548064,0.5594677500000004,-0.05386489999999993,0.0009732499999995925,-0.0009415000000000673,0.0013541188324882472
0.083125,0.094375,0.005,1.5625e-08,0.515403,-0.0714792,0.5145092500000004,-0.07063312499999991,0.0008937499999995824,-0.0008460750000000988,0.001230703850698624
0.085625,0.094375,0.005,1.5625e-08,0.456313,-0.0963151,0.4550832500000003,-0.09553424999999989,0.0012297499999997519,-0.0007808500000001106,0.0014567126638426544
0.088125,0.094375,0.005,1.5625e-08,0.377066,-0.136037,0.3749980000000008,-0.13535399999999959,0.002067999999999237,-0.0006830000000004055,0.002177868912491612
0.090625,0.094375,0.005,1.5625e-08,0.270479,-0.202052,0.2661237500000009,-0.20224774999999945,0.0043552499999991445,0.00019574999999943943,0.004359646846361793
0.093125,0.094375,0.005,1.5625e-08,0.135619,-0.308284,0.12561195000000086,-0.31177024999999925,0.01000704999999913,0.003486249999999247,0.010596932988604642
0.098125,0.093125,0.005,1.5625e-08,-0.0397481,-0.380837,-0.0338101499999998,-0.38619824999999897,-0.005937950000000199,0.005361249999998985,0.008000140734074087
0.000625,0.095625,0.005,1.5625e-08,-0.0254032,0.159762,-0.016156857500000055,0.13947527500000023,-0.009246342499999945,0.020286724999999756,0.02229452984148624
0.003125,0.096875,0.005,1.5625e-08,-0.0392049,0.278995,-0.05559522499999963,0.2899392499999997,0.01639032499999963,-0.010944249999999711,0.019708357660345687
0.005625,0.096875,0.005,1.5625e-08,0.0938337,0.180255,0.08434482500000087,0.17930199999999955,0.009488874999999133,0.0009530000000004535,0.009536611440423134
0.008125,0.096875,0.005,1.5625e-08,0.224014,0.114168,0.2223440000000011,0.11075039999999965,0.0016699999999988946,0.0034176000000003537,0.003803799384825483
0.010625,0.096875,0.005,1.5625e-08,0.328067,0.0755239,0.3283352500000011,0.07387047499999973,-0.0002682500000010801,0.0016534250000002776,0.0016750439675204045
0.013125,0.096875,0.005,1.5625e-08,0.408046,0.0535194,0.408491500000001,0.0529542999999998,-0.0004455000000009868,0.0005651000000002002,0.0007195889521116242
0.015625,0.096875,0.005,1.5625e-08,0.470633,0.0402244,0.47076725000000097,0.04022219999999985,-0.0001342500000009461,2.200000000153468e-06,0.0001342680248616725
0.018125,0.096875,0.005,1.5625e-08,0.520838,0.0316703,0.5207420000000009,0.03195854999999988,9.599999999909681e-05,-0.0002882499999998789,0.00030381583648611337
0.020625,0.096875,0.005,1.5625e-08,0.562203,0.0259863,0.5620327500000009,0.026289349999999895,0.00017024999999915025,-0.00030304999999989507,0.00034759799337689946
0.023125,0.096875,0.005,1.5625e-08,0.597263,0.0219199,0.5969852500000008,0.02220829999999991,0.00027774999999918837,-0.00028839999999991095,0.00040039932879501407
0.025625,0.096875,0.005,1.5625e-08,0.627274,0.0185823,0.6271510000000008,0.019142999999999924,0.00012299999999920708,-0.0005606999999999245,0.0005740326558652567
0.028125,0.096875,0.005,1.5625e-08,0.653494,0.0161776,0.6535802500000008,0.01675059999999993,-8.625000000073157e-05,-0.0005729999999999312,0.0005794549702091159
0.030625,0.096875,0.005,1.5625e-08,0.676798,0.0143203,0.6769985000000006,0.014815699999999939,-0.00020050000000060297,-0.0004953999999999393,0.0005344355994880783
0.033125,0.096875,0.005,1.5625e-08,0.697661,0.012776,0.6979152500000007,0.013196824999999945,-0.00025425000000067755,-0.0004208249999999459,0.0004916673093925394
0.035625,0.096875,0.005,1.5625e-08,0.716411,0.0114389,0.7166875000000006,0.011796954999999951,-0.00027650000000056796,-0.0003580549999999509,0.00045238880736074685
0.038125,0.096875,0.005,1.5625e-08,0.733303,0.0102687,0.7335672500000006,0.010546602499999957,-0.000264250000000521,-0.0002779024999999564,0.0003834812407491416
0.040625,0.096875,0.005,1.5625e-08,0.748575,0.00920075,0.7487227500000007,0.00939391499999996,-0.00014775000000066818,-0.00019316499999995872,0.00024319288584410007
0.043125,0.096875,0.005,1.5625e-08,0.762292,0.00800298,0.7622625000000005,0.008298667499999966,2.9499999999460513e-05,-0.0002956874999999661,0.0002971554267655197
0.045625,0.096875,0.005,1.5625e-08,0.774359,0.00698898,0.7742442500000005,0.007228529999999967,0.0001147499999994972,-0.00023954999999996774,0.00026561582219414027
0.048125,0.096875,0.005,1.5625e-08,0.784962,0.00600562,0.7846837500000005,0.006156602499999973,0.0002782499999995913,-0.00015098249999997287,0.00031657349510976813
0.050625,0.096875,0.005,1.5625e-08,0.794008,0.00494297,0.7935622500000005,0.005059874999999977,0.00044574999999957843,-0.00011690499999997706,0.00046082517457775546
0.053125,0.096875,0.005,1.5625e-08,0.801408,0.00380449,0.8008290000000003,0.003918052499999982,0.0005789999999996631,-0.00011356249999998217,0.0005900317291517939
0.055625,0.096875,0.005,1.5625e-08,0.807084,0.00259845,0.8064047500000004,0.002712662499999987,0.000679249999999576,-0.00011421249999998698,0.0006887852042949755
0.058125,0.096875,0.005,1.5625e-08,0.810943,0.00131963,0.8101840000000005,0.0014261794999999922,0.0007589999999995101,-0.0001065494999999922,0.0007664422978603834
0.060625,0.096875,0.005,1.5625e-08,0.812864,-4.74262e-05,0.8120347500000005,4.1004299999997726e-05,0.0008292499999995595,-8.843049999999772e-05,0.0008339517467033204
0.063125,0.096875,0.005,1.5625e-08,0.812698,-0.00152433,0.8117972500000004,-0.0014619825000000005,0.0009007499999996726,-6.234749999999944e-05,0.0009029051850862638
0.065625,0.096875,0.005,1.5625e-08,0.810257,-0.00313866,0.8092795000000004,-0.003105739999999994,0.0009774999999996314,-3.2920000000006156e-05,0.0009780541786625523
0.068125,0.096875,0.005,1.5625e-08,0.805306,-0.00492899,0.8042510000000004,-0.004920854999999988,0.001054999999999584,-8.135000000012403e-06,0.0010550313636210644
0.070625,0.096875,0.005,1.5625e-08,0.797541,-0.00694679,0.7964260000000004,-0.006952182499999968,0.001114999999999644,5.392499999967541e-06,0.001115013039858932
0.073125,0.096875,0.005,1.5625e-08,0.786567,-0.00925491,0.7854362500000005,-0.009270587499999957,0.001130749999999514,1.5677499999956768e-05,0.0011308586766281407
0.075625,0.096875,0.005,1.5625e-08,0.771873,-0.0119245,0.7707827500000005,-0.011994464999999946,0.0010902499999995152,6.996499999994618e-05,0.0010924926378351185
0.078125,0.096875,0.005,1.5625e-08,0.752744,-0.0152617,0.7517425000000004,-0.015331499999999939,0.0010014999999995444,6.979999999993935e-05,0.0010039294248098713
0.080625,0.096875,0.005,1.5625e-08,0.72782,-0.0197352,0.7271950000000005,-0.019662174999999938,0.0006249999999995426,-7.302500000006332e-05,0.0006292516592146877
0.083125,0.096875,0.005,1.5625e-08,0.695444,-0.0257901,0.6952832500000004,-0.025719349999999922,0.00016074999999959871,-7.07500000000777e-05,0.00017563064937499372
0.085625,0.096875,0.005,1.5625e-08,0.652474,-0.0349885,0.6527267500000005,-0.0349946249999999,-0.0002527500000004679,6.124999999898573e-06,0.0002528242039940703
0.088125,0.096875,0.005,1.5625e-08,0.592856,-0.0506799,0.593403000000001,-0.05072104999999974,-0.0005470000000009634,4.1149999999740006e-05,0.0005485456430426119
0.090625,0.096875,0.005,1.5625e-08,0.505166,-0.0805323,0.5054930000000011,-0.08038914999999958,-0.00032700000000107643,-0.00014315000000042488,0.0003569606736054066
0.093125,0.096875,0.005,1.5625e-08,0.369321,-0.142703,0.3671027500000014,-0.14217774999999927,0.0022182499999985894,-0.0005252500000007265,0.0022795878191011866
0.095625,0.096875,0.005,1.5625e-08,0.166525,-0.269265,0.15303220000000017,-0.2741449999999998,0.013492799999999833,0.004879999999999829,0.01434817242160108
0.098125,0.096875,0.005,1.5625e-08,-0.0341424,-0.413831,-0.048627625000000084,-0.4286612499999998,0.01448522500000008,0.014830249999999823,0.020730606801613937
0.000625,0.098125,0.005,1.5625e-08,-0.00101409,0.269356,-0.04621937500000002,0.26175800000000043,0.04520528500000002,0.0075979999999995496,0.04583936513446952
0.003125,0.099375,0.005,1.5625e-08,0.534711,0.0767072,0.5792085000000041,0.053108849999999284,-0.044497500000004075,0.02359835000000072,0.05036774393372108
0.005625,0.099375,0.005,1.5625e-08,0.719095,0.0274849,0.7367262500000027,0.01592745499999975,-0.017631250000002652,0.01155744500000025,0.02108163920312233
0.008125,0.099375,0.005,1.5625e-08,0.796921,0.0113924,0.804578250000002,0.007473262499999878,-0.007657250000002058,0.0039191375000001225,0.00860192515117626
0.010625,0.099375,0.005,1.5625e-08,0.83869,0.00564583,0.8420845000000017,0.004399649999999927,-0.0033945000000016323,0.0012461800000000732,0.003616019198291301
0.013125,0.099375,0.005,1.5625e-08,0.864358,0.00339271,0.8661667500000014,0.002948376499999951,-0.001808750000001469,0.00044433350000004906,0.0018625275358307074
0.015625,0.099375,0.005,1.5625e-08,0.882125,0.00234084,0.8832052500000013,0.002151554499999964,-0.001080250000001226,0.0001892855000000357,0.0010967082852850673
0.018125,0.099375,0.005,1.5625e-08,0.895424,0.00176219,0.8961035000000012,0.0016666609999999723,-0.0006795000000011653,9.552900000002777e-05,0.0006861822205818138
0.020625,0.099375,0.005,1.5625e-08,0.905952,0.00141705,0.9063562500000011,0.0013478447499999774,-0.0004042500000011051,6.920525000002255e-05,0.0004101309902073472
0.023125,0.099375,0.005,1.5625e-08,0.914679,0.00117997,0.9148047500000009,0.0011248432499999812,-0.00012575000000092373,5.5126750000018864e-05,0.00013730266226769566
0.025625,0.099375,0.005,1.5625e-08,0.921975,0.000973714,0.9219525000000008,0.0009605764999999841,2.24999999991482e-05,1.3137500000015871e-05,2.6054633104537974e-05
0.028125,0.099375,0.005,1.5625e-08,0.928169,0.000832796,0.9281187500000009,0.000834012499999986,5.024999999914126e-05,-1.2164999999860317e-06,5.026472293929076e-05
0.030625,0.099375,0.005,1.5625e-08,0.93358,0.000730567,0.9335130000000007,0.0007324579999999877,6.69999999992621e-05,-1.8909999999877072e-06,6.702668036611297e-05
0.033125,0.099375,0.005,1.5625e-08,0.938373,0.000646743,0.9382762500000007,0.000647824999999989,9.674999999931266e-05,-1.081999999989064e-06,9.675605006337835e-05
0.035625,0.099375,0.005,1.5625e-08,0.942642,0.000573604,0.9425052500000006,0.0005746814999999905,0.00013674999999935267,-1.0774999999904568e-06,0.00013675424492889766
0.038125,0.099375,0.005,1.5625e-08,0.946452,0.000509537,0.9462652500000005,0.0005092097499999914,0.00018674999999945818,3.2725000000859497e-07,0.00018675028672631306
0.040625,0.099375,0.005,1.5625e-08,0.949856,0.000448936,0.9495992500000006,0.00044859649999999236,0.0002567499999994727,3.3950000000762233e-07,0.00025675022445945247
0.043125,0.099375,0.005,1.5625e-08,0.952833,0.000370787,0.9525335000000005,0.0003906844999999935,0.000299499999999564,-1.989749999999345e-05,0.00030016022472337766
0.045625,0.099375,0.005,1.5625e-08,0.955366,0.000309776,0.9550827500000004,0.0003337589249999943,0.0002832499999996241,-2.3982924999994327e-05,0.00028426351012984834
0.048125,0.099375,0.005,1.5625e-08,0.957539,0.00025584,0.9572485000000005,0.0002764110999999952,0.00029049999999952725,-2.05710999999952e-05,0.00029122743716026336
0.050625,0.099375,0.005,1.5625e-08,0.959338,0.000193515,0.9590255000000005,0.00021745322499999614,0.00031249999999949374,-2.3938224999996133e-05,0.00031341552070029017
0.053125,0.099375,0.005,1.5625e-08,0.96072,0.000123714,0.9604005000000004,0.00015585549999999726,0.000319499999999584,-3.214149999999726e-05,0.0003211126375930789
0.055625,0.099375,0.005,1.5625e-08,0.961652,4.87104e-05,0.9613527500000004,9.069717499999831e-05,0.00029924999999952906,-4.1986774999998314e-05,0.00030218115721305095
0.058125,0.099375,0.005,1.5625e-08,0.962108,-3.09048e-05,0.9618562500000004,2.1119513499999458e-05,0.00025174999999955094,-5.202431349999946e-05,0.000257069235216741
0.060625,0.099375,0.005,1.5625e-08,0.962057,-0.000115809,0.9618787500000004,-5.373144999999932e-05,0.00017824999999960234,-6.207755000000068e-05,0.00018875032374504903
0.063125,0.099375,0.005,1.5625e-08,0.961463,-0.000207311,0.9613822500000004,-0.00013479174999999821,8.07499999995187e-05,-7.25192500000018e-05,0.0001085338846650438
0.065625,0.099375,0.005,1.5625e-08,0.960279,-0.000307119,0.9603215000000005,-0.0002232099249999968,-4.250000000050047e-05,-8.390907500000321e-05,9.405840136531507e-05
0.068125,0.099375,0.005,1.5625e-08,0.958447,-0.000417653,0.9586412500000004,-0.00032057364999999523,-0.0001942500000003955,-9.707935000000475e-05,0.00021715769085293082
0.070625,0.099375,0.005,1.5625e-08,0.955892,-0.000541972,0.9562755000000005,-0.00042929399999999283,-0.0003835000000005362,-0.00011267800000000722,0.0003997106224312945
0.073125,0.099375,0.005,1.5625e-08,0.952519,-0.000683116,0.9531355000000006,-0.0005532857499999906,-0.0006165000000005749,-0.00012983025000000935,0.0006300223359657765
0.075625,0.099375,0.005,1.5625e-08,0.948211,-0.000844072,0.9490997500000006,-0.0006992109999999882,-0.0008887500000005488,-0.00014486100000001174,0.0009004783572201938
0.078125,0.099375,0.005,1.5625e-08,0.942797,-0.00104908,0.9439892500000006,-0.0008788704999999858,-0.001192250000000561,-0.0001702095000000142,0.0012043385472497309
0.080625,0.099375,0.005,1.5625e-08,0.935898,-0.00133537,0.9375172500000006,-0.0011140804999999828,-0.0016192500000006271,-0.00022128950000001725,0.001634300953102668
0.083125,0.099375,0.005,1.5625e-08,0.927005,-0.00172783,0.9291995000000007,-0.0014474012499999776,-0.0021945000000007653,-0.0002804287500000225,0.002212345030466526
0.085625,0.099375,0.005,1.5625e-08,0.915246,-0.0023375,0.918145750000001,-0.00196779124999997,-0.002899750000000978,-0.00036970875000003024,0.0029232233274815414
0.088125,0.099375,0.005,1.5625e-08,0.898778,-0.00343431,0.902584750000001,-0.00287936199999995,-0.00380675000000108,-0.0005549480000000499,0.003846987502606719
0.090625,0.099375,0.005,1.5625e-08,0.873413,-0.00578782,0.8786135000000014,-0.004716634999999917,-0.005200500000001385,-0.001071185000000083,0.005309673959316107
0.093125,0.099375,0.005,1.5625e-08,0.82789,-0.0123273,0.8363095000000018,-0.009210247499999833,-0.0084195000000018,-0.0031170525000001666,0.008977972852364147
0.095625,0.099375,0.005,1.5625e-08,0.724174,-0.0368054,0.7439212500000023,-0.024749414999999705,-0.019747250000002325,-0.012055985000000297,0.023136565364868314
0.098125,0.099375,0.005,1.5625e-08,0.431169,-0.128046,0.45763925000000283,-0.12122199999999918,-0.026470250000002804,-0.0068240000000008155,0.027335711277789346
0.099375,0.066875,0.005,1.5625e-08,0.000960444,-0.0379657,-0.0007709027499999874,-0.03645239999999962,0.0017313467499999874,-0.0015133000000003768,0.002299486564156586
0.096875,0.069375,0.005,1.5625e-08,-0.0148485,-0.196272,-0.016586249999999938,-0.1947787499999997,0.0017377499999999373,-0.0014932500000003068,0.0022911941482555986
0.099375,0.069375,0.005,1.5625e-08,-0.000912549,-0.0425226,-0.0008630342499999859,-0.04199012499999956,-4.9514750000014093e-05,-0.0005324750000004416,0.0005347722282365028
0.096875,0.071875,0.005,1.5625e-08,-0.0174846,-0.219671,-0.018132049999999924,-0.2200057499999995,0.0006474499999999245,0.0003347499999994952,0.000728868345450373
0.099375,0.071875,0.005,1.5625e-08,-0.00105719,-0.0487284,-0.0009634434999999838,-0.04814519999999946,-9.374650000001613e-05,-0.0005832000000005402,0.000590686588863234
0.096875,0.074375,0.005,1.5625e-08,-0.0197752,-0.24657,-0.01974547499999992,-0.24706574999999947,-2.9725000000081075e-05,0.0004957499999994619,0.000496640350882277
0.099375,0.074375,0.005,1.5625e-08,-0.00122997,-0.055826,-0.001075083249999982,-0.054969899999999385,-0.00015488675000001795,-0.0008561000000006161,0.0008699983421401578
0.096875,0.076875,0.005,1.5625e-08,-0.0221604,-0.275896,-0.02147484999999991,-0.2758969999999994,-0.0006855500000000903,9.99999999418133e-07,0.0006855507293411061
0.099375,0.076875,0.005,1.5625e-08,-0.00144685,-0.0639455,-0.0012038192499999798,-0.0625405499999993,-0.0002430307500000202,-0.001404950000000696,0.0014258150118257023
0.096875,0.079375,0.005,1.5625e-08,-0.0249026,-0.307576,-0.023419999999999917,-0.30644824999999953,-0.0014826000000000839,-0.0011277500000004825,0.0018627728853784986
0.099375,0.079375,0.005,1.5625e-08,-0.00171435,-0.073275,-0.0013609377499999781,-0.07098129999999926,-0.00035341225000002177,-0.002293700000000745,0.0023207670948316842
0.096875,0.081875,0.005,1.5625e-08,-0.0281229,-0.341847,-0.025765199999999912,-0.3386924999999995,-0.0023577000000000875,-0.003154500000000504,0.003938225430318025
0.099375,0.081875,0.005,1.5625e-08,-0.00200519,-0.0840277,-0.0015681377499999751,-0.08050759999999917,-0.00043705225000002486,-0.003520100000000831,0.003547128229883427
0.096875,0.084375,0.005,1.5625e-08,-0.0318843,-0.3798,-0.028829749999999908,-0.3726044999999995,-0.00305455000000009,-0.007195500000000521,0.007817000444704352
0.099375,0.084375,0.005,1.5625e-08,-0.00215111,-0.0961072,-0.001868241249999971,-0.09151169999999906,-0.000282868750000029,-0.004595500000000946,0.00460419753917393
0.001875,0.086875,0.005,1.5625e-08,-0.00628532,0.103315,-0.009494544999999988,0.10746967499999993,0.0032092249999999883,-0.004154674999999927,0.005249804706486644
0.086875,0.086875,0.005,1.5625e-08,0.0642638,-0.345251,0.06486447499999998,-0.34685399999999994,-0.0006006749999999811,0.0016029999999999656,0.001711846796773843
0.096875,0.086875,0.005,1.5625e-08,-0.0382652,-0.425383,-0.033129899999999886,-0.4079777499999993,-0.005135300000000113,-0.017405250000000705,0.018147011700346858
0.099375,0.086875,0.005,1.5625e-08,-0.00239633,-0.109673,-0.002351300499999961,-0.10473397499999886,-4.502950000003902e-05,-0.0049390250000011515,0.004939230264576317
0.001875,0.089375,0.005,1.5625e-08,-0.0150969,0.131091,-0.015121399999999976,0.1352534999999999,2.449999999997593e-05,-0.004162499999999875,0.004162572101477517
0.081875,0.089375,0.005,1.5625e-08,0.277284,-0.160475,0.27857524999999955,-0.16175825000000024,-0.0012912499999995775,0.0012832500000002356,0.0018204551971964357
0.084375,0.089375,0.005,1.5625e-08,0.222429,-0.209033,0.22040799999999952,-0.2106665000000003,0.002021000000000467,0.0016335000000003153,0.0025986079446509275
0.086875,0.089375,0.005,1.5625e-08,0.153081,-0.275785,0.14974049999999992,-0.27679375,0.0033405000000000795,0.0010087500000000027,0.0034894866115949687
0.089375,0.089375,0.005,1.5625e-08,0.0743099,-0.359118,0.0699254,-0.36336599999999997,0.0043844999999999995,0.004247999999999974,0.006104862344885409
0.091875,0.089375,0.005,1.5625e-08,0.00111861,-0.453147,-0.005791279999999959,-0.46053049999999995,0.0069098899999999585,0.007383499999999932,0.010112499792934408
0.099375,0.089375,0.005,1.5625e-08,-0.00521822,-0.12728,-0.0032288747499999463,-0.12165844999999867,-0.0019893452500000536,-0.005621550000001335,0.005963163499872596
0.001875,0.091875,0.005,1.5625e-08,-0.0283906,0.174143,-0.025532124999999954,0.17818674999999984,-0.0028584750000000443,-0.004043749999999846,0.004952049412932388
0.024375,0.091875,0.005,1.5625e-08,0.20008,0.100499,0.2024894999999996,0.09911167500000012,-0.0024094999999995925,0.0013873249999998838,0.0027803526584990463
0.026875,0.091875,0.005,1.5625e-08,0.242679,0.089357,0.2424182499999996,0.0888172500000001,0.0002607500000003926,0.0005397499999999084,0.0005994335868135067
0.029375,0.091875,0.005,1.5625e-08,0.28053,0.080416,0.2796132499999996,0.0801489750000001,0.0009167500000004103,0.0002670249999999069,0.0009548470626889432
0.031875,0.091875,0.005,1.5625e-08,0.315256,0.0728022,0.31421874999999966,0.0726794000000001,0.0010372500000003226,0.00012279999999989522,0.0010444938499103971
0.034375,0.091875,0.005,1.5625e-08,0.347344,0.0660689,0.3463757499999996,0.06608402500000009,0.0009682500000003924,-1.5125000000087985e-05,0.0009683681263474974
0.036875,0.091875,0.005,1.5625e-08,0.376923,0.0598953,0.3762004999999996,0.060110675000000086,0.0007225000000004034,-0.00021537500000008702,0.0007539181922633386
0.039375,0.091875,0.005,1.5625e-08,0.403524,0.0539063,0.4037744999999996,0.05455817500000007,-0.00025049999999959827,-0.0006518750000000725,0.0006983489569154473
0.041875,0.091875,0.005,1.5625e-08,0.425019,0.0484046,0.42914024999999967,0.04926107500000007,-0.004121249999999688,-0.0008564750000000718,0.004209305285688192
0.079375,0.091875,0.005,1.5625e-08,0.4388,-0.0839913,0.44126099999999957,-0.08453437500000019,-0.002460999999999547,0.0005430750000001844,0.002520208613512574
0.081875,0.091875,0.005,1.5625e-08,0.396441,-0.11046,0.3964304999999995,-0.10991800000000021,1.0500000000468468e-05,-0.0005419999999997926,0.0005421016971010006
0.084375,0.091875,0.005,1.5625e-08,0.339795,-0.145272,0.3384874999999995,-0.14501725000000032,0.0013075000000005166,-0.0002547499999996927,0.0013320862631606087
0.086875,0.091875,0.005,1.5625e-08,0.266855,-0.196137,0.26409099999999985,-0.19602850000000008,0.0027640000000001552,-0.0001084999999999281,0.0027661287479075957
0.089375,0.091875,0.005,1.5625e-08,0.175634,-0.269798,0.17109174999999996,-0.27145475,0.004542250000000053,0.0016567500000000401,0.004834961801814014
0.091875,0.091875,0.005,1.5625e-08,0.0726301,-0.370139,0.06521490000000003,-0.37583449999999996,0.007415199999999969,0.0056954999999999645,0.009350075469748847
0.094375,0.091875,0.005,1.5625e-08,-0.0155503,-0.471295,-0.025379500000000298,-0.48254250000000043,0.009829200000000298,0.01124750000000041,0.01493718276282429
0.099375,0.091875,0.005,1.5625e-08,-0.0102066,-0.156426,-0.005101352499999914,-0.14555109999999843,-0.005105247500000086,-0.010874900000001575,0.012013617358909488
0.001875,0.094375,0.005,1.5625e-08,-0.0541745,0.240247,-0.04665402500000008,0.24426300000000017,-0.007520474999999922,-0.004016000000000186,0.008525596766539297
0.009375,0.094375,0.005,1.5625e-08,0.0234414,0.18633,0.01794976750000042,0.1843442499999998,0.00549163249999958,0.0019857500000002026,0.005839625893629868
0.011875,0.094375,0.005,1.5625e-08,0.0973533,0.144372,0.09267720000000051,0.14234799999999978,0.004676099999999489,0.00202400000000022,0.005095339754127895
0.014375,0.094375,0.005,1.5625e-08,0.166164,0.114417,0.1620580000000006,0.1128522499999998,0.004105999999999416,0.001564750000000198,0.004394050359576665
0.016875,0.094375,0.005,1.5625e-08,0.2276,0.092916,0.22391750000000057,0.09204574999999984,0.0036824999999994223,0.0008702500000001556,0.003783931990997726
0.019375,0.094375,0.005,1.5625e-08,0.281616,0.0772033,0.2785942500000006,0.07701397499999986,0.003021749999999379,0.00018932500000014285,0.0030276751837212167
0.021875,0.094375,0.005,1.5625e-08,0.328965,0.0658111,0.32705075000000056,0.06582747499999987,0.0019142499999994511,-1.637499999987413e-05,0.0019143200367553212
0.024375,0.094375,0.005,1.5625e-08,0.371033,0.0564684,0.3702682500000005,0.057243099999999894,0.0007647499999994811,-0.0007746999999998921,0.0010885782711863392
0.026875,0.094375,0.005,1.5625e-08,0.409331,0.0499609,0.4090817500000005,0.0504532249999999,0.00024924999999947905,-0.0004923249999998977,0.0005518237654583568
0.029375,0.094375,0.005,1.5625e-08,0.444368,0.044622,0.4441557500000005,0.04492154999999991,0.0002122499999994698,-0.00029954999999990545,0.00036712431818080134
0.031875,0.094375,0.005,1.5625e-08,0.47621,0.0400655,0.47600475000000053,0.040281724999999914,0.00020524999999949056,-0.00021622499999991718,0.0002981288532241639
0.034375,0.094375,0.005,1.5625e-08,0.505165,0.0360828,0.5050170000000005,0.03627509999999992,0.00014799999999948188,-0.0001922999999999231,0.00024265879337006738
0.036875,0.094375,0.005,1.5625e-08,0.5315,0.0325612,0.5314780000000005,0.03271292499999993,2.19999999995224e-05,-0.000151724999999929,0.0001533116943515968
0.039375,0.094375,0.005,1.5625e-08,0.555463,0.0295412,0.5555900000000005,0.029452149999999934,-0.00012700000000043232,8.905000000006616e-05,0.00015510932434938137
0.041875,0.094375,0.005,1.5625e-08,0.577567,0.0269704,0.5774842500000004,0.02638044999999994,8.274999999968724e-05,0.0005899500000000578,0.0005957252428762915
0.044375,0.094375,0.005,1.5625e-08,0.597945,0.0236821,0.5972347500000004,0.02340664999999995,0.0007102499999995793,0.00027545000000005204,0.0007617924684580644
0.046875,0.094375,0.005,1.5625e-08,0.615935,0.02078,0.6148605000000004,0.020454174999999956,0.0010744999999996452,0.00032582500000004344,0.0011228144016818924
0.049375,0.094375,0.005,1.5625e-08,0.631583,0.017719,0.6303372500000004,0.01745672499999996,0.0012457499999996013,0.0002622750000000375,0.0012730597936169482
0.051875,0.094375,0.005,1.5625e-08,0.644883,0.0145351,0.6435950000000004,0.014355424999999967,0.0012879999999996228,0.00017967500000003363,0.0013004718780596683
0.054375,0.094375,0.005,1.5625e-08,0.655822,0.0112133,0.6545260000000004,0.011095954999999973,0.0012959999999996308,0.00011734500000002736,0.0013013015980256266
0.056875,0.094375,0.005,1.5625e-08,0.664298,0.00770949,0.6629825000000005,0.007626877499999981,0.001315499999999581,8.261250000001896e-05,0.0013180914517419307
0.059375,0.094375,0.005,1.5625e-08,0.670144,0.00396928,0.6687777500000003,0.003896962499999988,0.0013662499999996802,7.231750000001244e-05,0.0013681625938847246
0.061875,0.094375,0.005,1.5625e-08,0.673143,-6.70637e-05,0.6716847500000004,-0.00014790750000000382,0.0014582499999996612,8.084380000000382e-05,0.0014604892271076334
0.064375,0.094375,0.005,1.5625e-08,0.673027,-0.00447556,0.6714292500000003,-0.0045695350000000065,0.0015977499999997313,9.397500000000655e-05,0.001600511281785962
0.066875,0.094375,0.005,1.5625e-08,0.669475,-0.00934468,0.6676825000000004,-0.009445214999999998,0.0017924999999996416,0.00010053499999999882,0.0017953171129980671
0.069375,0.094375,0.005,1.5625e-08,0.662078,-0.014807,0.6600460000000004,-0.01488104999999999,0.0020319999999997007,7.404999999998871e-05,0.0020333488147631688
0.071875,0.094375,0.005,1.5625e-08,0.650303,-0.021054,0.6480222500000005,-0.021035349999999942,0.0022807499999994985,-1.865000000005751e-05,0.0022808262505061
0.074375,0.094375,0.005,1.5625e-08,0.633382,-0.0283393,0.6309650000000004,-0.028160399999999926,0.0024169999999995584,-0.00017890000000007553,0.002423611810913186
0.076875,0.094375,0.005,1.5625e-08,0.610352,-0.0370626,0.6079910000000005,-0.0366807749999999,0.0023609999999995024,-0.00038182500000009945,0.00239167542334296
0.079375,0.094375,0.005,1.5625e-08,0.579024,-0.0483439,0.5778225000000003,-0.047342524999999934,0.0012014999999996334,-0.0010013750000000682,0.0015640825235978617
0.081875,0.094375,0.005,1.5625e-08,0.539391,-0.0624033,0.5385062500000003,-0.061507724999999916,0.0008847499999996566,-0.0008955750000000859,0.0012589031508120655
0.084375,0.094375,0.005,1.5625e-08,0.487941,-0.0825361,0.48693125000000026,-0.0817430999999999,0.001009749999999754,-0.0007930000000000992,0.001283917467168221
0.086875,0.094375,0.005,1.5625e-08,0.419665,-0.113741,0.4181100000000007,-0.11296852499999965,0.001554999999999307,-0.0007724750000003416,0.0017363014213043117
0.089375,0.094375,0.005,1.5625e-08,0.327594,-0.164813,0.3246495000000008,-0.16441249999999952,0.002944499999999184,-0.0004005000000004699,0.002971612441082378
0.091875,0.094375,0.005,1.5625e-08,0.205678,-0.249627,0.1992125000000009,-0.2510117499999993,0.006465499999999097,0.001384749999999324,0.0066121269507236815
0.094375,0.094375,0.005,1.5625e-08,0.0659514,-0.375501,0.05089507499999994,-0.381607,0.015056325000000051,0.006106,0.01624734312143455
0.099375,0.094375,0.005,1.5625e-08,-0.0219155,-0.207465,-0.010327584999999879,-0.18479484999999835,-0.011587915000000122,-0.022670150000001665,0.025460076101021443
0.001875,0.096875,0.005,1.5625e-08,-0.06842,0.305995,-0.076675875,0.31749275000000005,0.00825587500000001,-0.011497750000000029,0.01415477753545162
0.004375,0.096875,0.005,1.5625e-08,0.0241545,0.226838,0.008557275000000726,0.23138174999999958,0.015597224999999272,-0.004543749999999569,0.016245586839603497
0.006875,0.096875,0.005,1.5625e-08,0.161454,0.14319,0.15720067500000104,0.13971499999999962,0.0042533249999989475,0.0034750000000003944,0.005492394610333346
0.009375,0.096875,0.005,1.5625e-08,0.279535,0.0921029,0.2791277500000011,0.0895664749999997,0.0004072499999988599,0.0025364250000003002,0.002568911120129615
0.011875,0.096875,0.005,1.5625e-08,0.370584,0.0631088,0.3710940000000011,0.062037749999999774,-0.0005100000000010652,0.001071050000000233,0.0011862748848819086
0.014375,0.096875,0.005,1.5625e-08,0.44114,0.0461428,0.441460750000001,0.04585809999999982,-0.0003207500000010355,0.00028470000000017925,0.0004288760339547622
0.016875,0.096875,0.005,1.5625e-08,0.497012,0.0355432,0.497029250000001,0.03567684999999986,-1.725000000096788e-05,-0.00013364999999986027,0.0001347586175351916
0.019375,0.096875,0.005,1.5625e-08,0.542426,0.0285738,0.5423035000000008,0.028876174999999886,0.0001224999999991372,-0.00030237499999988607,0.0003262466714385293
0.021875,0.096875,0.005,1.5625e-08,0.580403,0.0238957,0.5801897500000008,0.0240931749999999,0.0002132499999991655,-0.0001974749999999019,0.0002906405651739023
0.024375,0.096875,0.005,1.5625e-08,0.61283,0.0201173,0.6125915000000008,0.020573974999999915,0.00023849999999914218,-0.0004566749999999134,0.000515203169268699
0.026875,0.096875,0.005,1.5625e-08,0.640786,0.0172918,0.6407810000000007,0.017878374999999926,4.9999999992556e-06,-0.000586574999999926,0.0005865963097607295
0.029375,0.096875,0.005,1.5625e-08,0.665476,0.0152009,0.6656297500000007,0.015736099999999937,-0.0001537500000007297,-0.0005351999999999371,0.000556846569981496
0.031875,0.096875,0.005,1.5625e-08,0.687512,0.0135196,0.6877442500000007,0.013973599999999942,-0.00023225000000071105,-0.0004539999999999423,0.0005099569222005697
0.034375,0.096875,0.005,1.5625e-08,0.707283,0.0120867,0.7075515000000006,0.012474377499999948,-0.00026850000000055996,-0.00038767749999994716,0.00047157830103441967
0.036875,0.096875,0.005,1.5625e-08,0.725074,0.0108362,0.7253517500000006,0.011156662499999952,-0.00027775000000063166,-0.0003204624999999517,0.00042407696990825843
0.039375,0.096875,0.005,1.5625e-08,0.741127,0.00973491,0.7413522500000006,0.009960789999999959,-0.0002252500000006208,-0.00022587999999995959,0.0003189973932499471
0.041875,0.096875,0.005,1.5625e-08,0.755641,0.00861923,0.7556897500000006,0.008841284999999963,-4.875000000059693e-05,-0.00022205499999996235,0.00022734332082786484
0.044375,0.096875,0.005,1.5625e-08,0.768504,0.00748936,0.7684462500000006,0.007762252499999966,5.774999999941244e-05,-0.0002728924999999662,0.00027893615587830075
0.046875,0.096875,0.005,1.5625e-08,0.779842,0.00652205,0.7796572500000005,0.006694302499999971,0.0001847499999995117,-0.00017225249999997146,0.00025259351982198544
0.049375,0.096875,0.005,1.5625e-08,0.78968,0.00550064,0.7893207500000005,0.0056126574999999755,0.00035924999999958906,-0.0001120174999999753,0.00037630902567696833
0.051875,0.096875,0.005,1.5625e-08,0.797913,0.00439823,0.7974012500000005,0.0044957899999999796,0.0005117499999994779,-9.755999999997919e-05,0.0005209664251172638
0.054375,0.096875,0.005,1.5625e-08,0.804463,0.00322553,0.8038342500000005,0.0033244099999999843,0.0006287499999995116,-9.887999999998436e-05,0.0006364776641009351
0.056875,0.096875,0.005,1.5625e-08,0.809244,0.00198423,0.8085267500000004,0.0020806399999999895,0.0007172499999995585,-9.640999999998949e-05,0.0007237005254933595
0.059375,0.096875,0.005,1.5625e-08,0.812152,0.000663282,0.8113600000000004,0.0007470652499999949,0.0007919999999995708,-8.378324999999492e-05,0.0007964192570373232
0.061875,0.096875,0.005,1.5625e-08,0.813051,-0.000756089,0.8121882500000004,-0.0006944542499999994,0.0008627499999995791,-6.163475000000066e-05,0.000864948787447463
0.064375,0.096875,0.005,1.5625e-08,0.811775,-0.00229811,0.8108367500000003,-0.0022645949999999973,0.0009382499999996963,-3.351500000000262e-05,0.000938848399756015
0.066875,0.096875,0.005,1.5625e-08,0.808113,-0.00399538,0.8070955000000004,-0.003989512499999992,0.0010174999999995604,-5.8675000000080885e-06,0.0010175169175769784
0.069375,0.096875,0.005,1.5625e-08,0.8018,-0.00589236,0.8007085000000005,-0.005905862499999984,0.001091499999999468,1.3502499999983562e-05,0.0010915835137565461
0.071875,0.096875,0.005,1.5625e-08,0.792489,-0.00804682,0.7913537500000005,-0.008069557499999963,0.001135249999999477,2.2737499999963412e-05,0.0011354776776339819
0.074375,0.096875,0.005,1.5625e-08,0.779728,-0.0105232,0.7786057500000005,-0.010571627499999951,0.0011222499999994362,4.842749999995136e-05,0.0011232943893988699
0.076875,0.096875,0.005,1.5625e-08,0.762945,-0.0134442,0.7618687500000005,-0.01356804999999994,0.0010762499999994457,0.00012384999999993929,0.0010833526134176221
0.079375,0.096875,0.005,1.5625e-08,0.741091,-0.017355,0.7402502500000004,-0.01733822499999994,0.0008407499999996126,-1.6775000000059104e-05,0.0008409173342988897
0.081875,0.096875,0.005,1.5625e-08,0.712711,-0.0224954,0.7123195000000005,-0.02240687499999993,0.00039149999999943397,-8.852500000006841e-05,0.00040138376352883147
0.084375,0.096875,0.005,1.5625e-08,0.675572,-0.0298446,0.6756272500000003,-0.02981169999999991,-5.525000000039526e-05,-3.290000000008911e-05,6.430375183493992e-05
0.086875,0.096875,0.005,1.5625e-08,0.625295,-0.0416962,0.6257190000000008,-0.041730774999999797,-0.0004240000000007571,3.45749999997938e-05,0.0004254073702060506
0.089375,0.096875,0.005,1.5625e-08,0.553546,-0.0630466,0.554102250000001,-0.06304497499999967,-0.0005562500000010351,-1.6250000003242837e-06,0.0005562523735914774
0.091875,0.096875,0.005,1.5625e-08,0.444845,-0.105793,0.44444725000000124,-0.10540324999999946,0.00039774999999875327,-0.0003897500000005355,0.0005568753226705468
0.094375,0.096875,0.005,1.5625e-08,0.276177,-0.19616,0.26983550000000034,-0.19651174999999974,0.006341499999999667,0.0003517499999997342,0.006351247933476979
0.096875,0.096875,0.005,1.5625e-08,0.0510015,-0.357105,0.031405824999999936,-0.369917,0.019595675000000062,0.01281199999999999,0.02341234338347247
0.099375,0.096875,0.005,1.5625e-08,-0.0248579,-0.301517,-0.030413949999999766,-0.26297649999999817,0.005556049999999767,-0.03854050000000181,0.038938924379759605
0.001875,0.099375,0.005,1.5625e-08,0.379881,0.125859,0.4018890000000046,0.11787062499999873,-0.02200800000000458,0.007988375000001269,0.023412949390045817
0.004375,0.099375,0.005,1.5625e-08,0.649329,0.0453168,0.6769487500000034,0.027045914999999587,-0.027619750000003385,0.01827088500000041,0.03311609621839397
0.006875,0.099375,0.005,1.5625e-08,0.764627,0.0173468,0.7763942500000024,0.010496072499999832,-0.01176725000000245,0.006850727500000167,0.01361619035713794
0.009375,0.099375,0.005,1.5625e-08,0.820678,0.00782082,0.825664750000002,0.0056189149999999076,-0.004986750000001927,0.0022019050000000916,0.005451244004036567
0.011875,0.099375,0.005,1.5625e-08,0.85285,0.004287,0.8552820000000017,0.003555905999999941,-0.002432000000001655,0.0007310940000000588,0.0025395122438854546
0.014375,0.099375,0.005,1.5625e-08,0.873953,0.00278262,0.8753377500000015,0.002496630249999958,-0.001384750000001489,0.00028598975000004205,0.001413974080246597
0.016875,0.099375,0.005,1.5625e-08,0.889203,0.00201496,0.8900575000000012,0.0018818062499999686,-0.0008545000000012015,0.00013315375000003148,0.0008648122172709659
0.019375,0.099375,0.005,1.5625e-08,0.90096,0.0015696,0.9014975000000012,0.0014919722499999752,-0.0005375000000011898,7.76277500000248e-05,0.000543076714259915
0.021875,0.099375,0.005,1.5625e-08,0.910505,0.00129681,0.9107690000000009,0.0012271944999999796,-0.00026400000000093016,6.961550000002042e-05,0.0002730243905601548
0.024375,0.099375,0.005,1.5625e-08,0.91849,0.0010686,0.918517750000001,0.0010369419999999826,-2.775000000099226e-05,3.165800000001751e-05,4.209859218615486e-05
0.026875,0.099375,0.005,1.5625e-08,0.925186,0.000896668,0.9251430000000007,0.0008935169999999851,4.299999999923809e-05,3.1510000000149188e-06,4.3115296600331646e-05
0.029375,0.099375,0.005,1.5625e-08,0.93096,0.000778565,0.9309022500000008,0.000780694999999987,5.7749999999190393e-05,-2.1299999999869167e-06,5.7789267168795576e-05
0.031875,0.099375,0.005,1.5625e-08,0.936047,0.000687166,0.9359665000000008,0.0006884117499999884,8.04999999991507e-05,-1.2457499999884167e-06,8.050963850947123e-05
0.034375,0.099375,0.005,1.5625e-08,0.940568,0.000609094,0.9404530000000006,0.0006100824999999898,0.0001149999999993101,-9.884999999898144e-07,0.00011500424832192636
0.036875,0.099375,0.005,1.5625e-08,0.9446,0.000540604,0.9444407500000006,0.0005411812499999909,0.00015924999999938905,-5.772499999909557e-07,0.0001592510462049399
0.039375,0.099375,0.005,1.5625e-08,0.948203,0.000479975,0.9479832500000006,0.0004784429999999919,0.00021974999999940792,1.5320000000080755e-06,0.00021975534014840188
0.041875,0.099375,0.005,1.5625e-08,0.951404,0.000412045,0.9511152500000005,0.0004194184999999929,0.0002887499999995047,-7.373499999992932e-06,0.0002888441292496073
0.044375,0.099375,0.005,1.5625e-08,0.954148,0.000338074,0.9538562500000005,0.00036219227499999386,0.0002917499999994799,-2.411827499999386e-05,0.00029274520267405215
0.046875,0.099375,0.005,1.5625e-08,0.956496,0.000284497,0.9562137500000004,0.00030521632499999477,0.0002822499999995953,-2.0719324999994787e-05,0.00028300945731234313
0.049375,0.099375,0.005,1.5625e-08,0.958488,0.00022665,0.9581867500000005,0.00024720087499999574,0.00030124999999947555,-2.055087499999573e-05,0.00030195016304507846
0.051875,0.099375,0.005,1.5625e-08,0.960083,0.000160225,0.9597645000000005,0.00018704382499999678,0.00031849999999955525,-2.681882499999677e-05,0.0003196271255292597
0.054375,0.099375,0.005,1.5625e-08,0.961244,8.76117e-05,0.9609307500000004,0.00012377602499999776,0.00031324999999959857,-3.616432499999777e-05,0.0003153306532870757
0.056875,0.099375,0.005,1.5625e-08,0.961941,1.02962e-05,0.9616622500000005,5.6513457499998876e-05,0.0002787499999995502,-4.621725749999888e-05,0.00028255547666001884
0.059375,0.099375,0.005,1.5625e-08,0.962148,-7.18645e-05,0.9619297500000004,-1.5591007499999943e-05,0.00021824999999964234,-5.627349250000005e-05,0.00022538803974033638
0.061875,0.099375,0.005,1.5625e-08,0.96183,-0.000159922,0.9616982500000004,-9.342077499999868e-05,0.00013174999999954196,-6.650122500000133e-05,0.00014758209724211169
0.064375,0.099375,0.005,1.5625e-08,0.960948,-0.00025538,0.9609257500000004,-0.00017799534999999754,2.224999999966837e-05,-7.738465000000245e-05,8.05198519348373e-05
0.066875,0.099375,0.005,1.5625e-08,0.959448,-0.00036026,0.9595622500000004,-0.00027064807499999603,-0.00011425000000042651,-8.961192500000397e-05,0.00014520110055472649
0.069375,0.099375,0.005,1.5625e-08,0.957265,-0.00047732,0.9575492500000005,-0.00037331549999999436,-0.00028425000000043,-0.00010400450000000563,0.0003026796962475277
0.071875,0.099375,0.005,1.5625e-08,0.954315,-0.000609745,0.9548087500000004,-0.0004890494999999918,-0.0004937500000004036,-0.00012069550000000818,0.0005082877789408777
0.074375,0.099375,0.005,1.5625e-08,0.95049,-0.000760141,0.9512390000000005,-0.0006229279999999897,-0.0007490000000005548,-0.00013721300000001026,0.00076146464617199
0.076875,0.099375,0.005,1.5625e-08,0.94566,-0.000936546,0.9466932500000005,-0.0007837777499999869,-0.0010332500000005407,-0.00015276825000001316,0.0010444825037831816
0.079375,0.099375,0.005,1.5625e-08,0.939562,-0.00118219,0.9409475000000006,-0.0009875492499999846,-0.0013855000000005946,-0.00019464075000001548,0.0013991051681564956
0.081875,0.099375,0.005,1.5625e-08,0.931741,-0.00151376,0.9336320000000007,-0.0012644822499999805,-0.0018910000000006422,-0.00024927775000001956,0.0019073595352338533
0.084375,0.099375,0.005,1.5625e-08,0.921567,-0.00199402,0.9240957500000009,-0.0016755027499999742,-0.0025287500000008567,-0.0003185172500000258,0.0025487310177913854
0.086875,0.099375,0.005,1.5625e-08,0.90778,-0.00279669,0.9110980000000011,-0.0023535484999999594,-0.0033180000000010423,-0.0004431415000000407,0.003347461484323487
0.089375,0.099375,0.005,1.5625e-08,0.887643,-0.00436126,0.8920475000000012,-0.0036223509999999365,-0.004404500000001255,-0.0007389090000000632,0.004466050465488735
0.091875,0.099375,0.005,1.5625e-08,0.854459,-0.00813899,0.8608552500000015,-0.006411062499999885,-0.0063962500000015465,-0.0017279275000001157,0.006625537525950361
0.094375,0.099375,0.005,1.5625e-08,0.788363,-0.0203885,0.8004175000000018,-0.014273844999999811,-0.012054500000001744,-0.006114655000000189,0.013516655504194421
0.096875,0.099375,0.005,1.5625e-08,0.608394,-0.0702691,0.6463250000000027,-0.050546474999999494,-0.03793100000000271,-0.019722625000000507,0.04275210752572148
0.099375,0.099375,0.005,1.5625e-08,0.314616,-0.152332,0.19948350000000287,-0.22497749999999814,0.11513249999999714,0.07264549999999814,0.1361354517622029
