x_star,y_star,Ux_star,Uy_star,U_mag_star,gradU_mag_star,omega_mag_star
1.249999999999999896e-02,1.249999999999999896e-02,6.701619999999999713e-05,-6.703180000000000423e-05,9.478625044635957057e-05,7.440634036028112575e-03,4.981950000000000614e-03
3.749999999999999861e-02,1.249999999999999896e-02,1.635259999999999925e-04,-5.641560000000000243e-05,1.729840241159859239e-04,4.983583822953116874e-03,2.739969999999999992e-03
6.250000000000000000e-02,1.249999999999999896e-02,1.412940000000000062e-04,1.961310000000000031e-06,1.413076118718170962e-04,7.677913330495467550e-03,5.470650000000000512e-03
8.750000000000000833e-02,1.249999999999999896e-02,-5.111890000000000281e-05,6.544989999999999825e-05,8.304716339056982487e-05,2.713134176576786905e-02,2.357549999999999923e-02
1.124999999999999889e-01,1.249999999999999896e-02,-4.101250000000000078e-04,1.207879999999999962e-04,4.275421108721338417e-04,5.649942971986532392e-02,5.212200000000000166e-02
1.374999999999999833e-01,1.249999999999999896e-02,-9.092329999999999596e-04,1.643050000000000066e-04,9.239592963513057131e-04,9.456616645116794340e-02,8.994210000000001093e-02
1.625000000000000056e-01,1.249999999999999896e-02,-1.517979999999999937e-03,1.962579999999999902e-04,1.530614413549016449e-03,1.398414174577102820e-01,1.353110000000000146e-01
1.874999999999999722e-01,1.249999999999999896e-02,-2.207189999999999933e-03,2.182820000000000084e-04,2.217957332237029122e-03,1.906448074823712813e-01,1.863850000000000229e-01
2.124999999999999944e-01,1.249999999999999896e-02,-2.950939999999999987e-03,2.321839999999999982e-04,2.960060184093559876e-03,2.453172806685464669e-01,2.414089999999999847e-01
2.374999999999999889e-01,1.249999999999999896e-02,-3.726849999999999868e-03,2.394829999999999973e-04,3.734536521415877160e-03,3.023159276949953234e-01,2.987810000000000188e-01
2.624999999999999556e-01,1.249999999999999896e-02,-4.515500000000000416e-03,2.412670000000000060e-04,4.521940956634551423e-03,3.602269420645968778e-01,3.570539999999999825e-01
2.874999999999999778e-01,1.249999999999999896e-02,-5.299530000000000213e-03,2.381820000000000042e-04,5.304879723992241350e-03,4.177390828992663119e-01,4.148990000000000733e-01
3.125000000000000000e-01,1.249999999999999896e-02,-6.062780000000000252e-03,2.304969999999999990e-04,6.067159977733322176e-03,4.736168188416745584e-01,4.710720000000000462e-01
3.375000000000000222e-01,1.249999999999999896e-02,-6.789500000000000396e-03,2.181940000000000051e-04,6.793005142912524226e-03,5.266529454679945710e-01,5.243600000000000483e-01
3.624999999999999334e-01,1.249999999999999896e-02,-7.463889999999999934e-03,2.010779999999999881e-04,7.466598040217780133e-03,5.756562668086951939e-01,5.735680000000000778e-01
3.874999999999999556e-01,1.249999999999999896e-02,-8.069810000000000177e-03,1.788910000000000055e-04,8.071792578230749249e-03,6.194359074330503256e-01,6.175049999999999706e-01
4.124999999999999778e-01,1.249999999999999896e-02,-8.590860000000000510e-03,1.514239999999999922e-04,8.592194409309883776e-03,6.568081555280996797e-01,6.549860000000000682e-01
4.374999999999999445e-01,1.249999999999999896e-02,-9.010719999999999841e-03,1.186220000000000037e-04,9.011500768311791337e-03,6.866273913107129312e-01,6.848629999999999995e-01
4.624999999999999667e-01,1.249999999999999896e-02,-9.313719999999999291e-03,8.067059999999999975e-05,9.314069356844211639e-03,7.078237383907528546e-01,7.060650000000000537e-01
4.874999999999999889e-01,1.249999999999999896e-02,-9.485699999999999688e-03,3.807340000000000041e-05,9.485776408591314879e-03,7.194521019015407415e-01,7.176450000000000884e-01
5.124999999999999556e-01,1.249999999999999896e-02,-9.514909999999999687e-03,-8.299470000000000347e-06,9.514913619644809264e-03,7.207638210866265105e-01,7.188510000000000177e-01
5.374999999999999778e-01,1.249999999999999896e-02,-9.393079999999999832e-03,-5.719480000000000337e-05,9.393254128977190226e-03,7.112619031026136129e-01,7.091840000000000366e-01
5.625000000000000000e-01,1.249999999999999896e-02,-9.116469999999999782e-03,-1.069739999999999960e-04,9.117097602722919539e-03,6.907739387799032293e-01,6.884740000000000304e-01
5.874999999999999112e-01,1.249999999999999896e-02,-8.686730000000000146e-03,-1.556720000000000098e-04,8.688124761102592603e-03,6.594978545142660131e-01,6.569160000000000554e-01
6.124999999999999334e-01,1.249999999999999896e-02,-8.111709999999999407e-03,-2.010840000000000012e-04,8.114201987820859538e-03,6.180486578675482567e-01,6.151340000000000696e-01
6.374999999999999556e-01,1.249999999999999896e-02,-7.405819999999999591e-03,-2.408850000000000086e-04,7.409736530783331450e-03,5.674765321862257350e-01,5.641820000000000723e-01
6.624999999999999778e-01,1.249999999999999896e-02,-6.590069999999999956e-03,-2.727900000000000225e-04,6.595713531453590781e-03,5.092693893574991026e-01,5.055610000000000381e-01
6.875000000000000000e-01,1.249999999999999896e-02,-5.691640000000000414e-03,-2.947250000000000217e-04,5.699265629467098471e-03,4.453062538157617212e-01,4.411629999999999718e-01
7.124999999999999112e-01,1.249999999999999896e-02,-4.743019999999999702e-03,-3.050020000000000183e-04,4.752816527113580200e-03,3.778075448039125428e-01,3.732290000000000330e-01
7.374999999999999334e-01,1.249999999999999896e-02,-3.780589999999999905e-03,-3.024759999999999819e-04,3.792670889844780482e-03,3.092406373739997605e-01,3.042489999999999917e-01
7.624999999999999556e-01,1.249999999999999896e-02,-2.842869999999999946e-03,-2.866650000000000209e-04,2.857286590302939890e-03,2.421972014668493378e-01,2.368390000000000217e-01
7.874999999999999778e-01,1.249999999999999896e-02,-1.968520000000000079e-03,-2.578230000000000148e-04,1.985332135872736048e-03,1.792691470634587558e-01,1.736180000000000223e-01
8.125000000000000000e-01,1.249999999999999896e-02,-1.194079999999999924e-03,-2.169600000000000098e-04,1.213630375361460711e-03,1.228936261968064936e-01,1.170420000000000071e-01
8.375000000000000222e-01,1.249999999999999896e-02,-5.517140000000000238e-04,-1.658469999999999996e-04,5.761020440902810081e-04,7.522798521357859647e-02,6.925370000000000137e-02
8.624999999999999334e-01,1.249999999999999896e-02,-6.678699999999999600e-05,-1.070789999999999958e-04,1.261999033676333725e-04,3.812211899986148872e-02,3.190410000000000468e-02
8.874999999999999556e-01,1.249999999999999896e-02,2.444899999999999851e-04,-4.432920000000000241e-05,2.484762324099429862e-04,1.415955432972733179e-02,5.971330000000000388e-03
9.124999999999999778e-01,1.249999999999999896e-02,3.783079999999999971e-04,1.710929999999999897e-05,3.786946936656097103e-04,1.143533136774356820e-02,8.477639999999999829e-03
9.375000000000000000e-01,1.249999999999999896e-02,3.489869999999999843e-04,6.802870000000000141e-05,3.555556639862315774e-04,1.512304682847011653e-02,1.265179999999999950e-02
9.625000000000000222e-01,1.249999999999999896e-02,2.071730000000000034e-04,9.171209999999999898e-05,2.265651368048711932e-04,1.346119158383967188e-02,9.889290000000001968e-03
9.875000000000000444e-01,1.249999999999999896e-02,5.882610000000000248e-05,5.865399999999999781e-05,8.307106450028192419e-05,8.630926909527157284e-03,6.028040000000000134e-03
1.249999999999999896e-02,3.749999999999999861e-02,5.863370000000000073e-05,-1.658429999999999909e-04,1.759028465508446397e-04,5.045768409291096629e-03,2.793030000000000165e-03
3.749999999999999861e-02,3.749999999999999861e-02,4.246580000000000260e-05,-4.043639999999999794e-05,5.863826919853620752e-05,1.545911240582071612e-02,1.672610000000000069e-02
6.250000000000000000e-02,3.749999999999999861e-02,-2.929610000000000027e-04,2.499299999999999872e-04,3.850859026516031654e-04,3.966186318845851128e-02,3.593410000000000354e-02
8.750000000000000833e-02,3.749999999999999861e-02,-1.008830000000000057e-03,5.658930000000000383e-04,1.156707766183403922e-03,6.949216741504038453e-02,5.876460000000000017e-02
1.124999999999999889e-01,3.749999999999999861e-02,-2.097120000000000060e-03,8.528910000000000441e-04,2.263920350251085942e-03,1.037433642162235020e-01,8.704359999999999875e-02
1.374999999999999833e-01,3.749999999999999861e-02,-3.512400000000000157e-03,1.089890000000000043e-03,3.677609817816457870e-03,1.417079598341405844e-01,1.210990000000000122e-01
1.625000000000000056e-01,3.749999999999999861e-02,-5.193569999999999784e-03,1.272260000000000101e-03,5.347131460184983628e-03,1.829238111397201438e-01,1.604000000000000148e-01
1.874999999999999722e-01,3.749999999999999861e-02,-7.076139999999999861e-03,1.402940000000000090e-03,7.213875376189971336e-03,2.268807672502012596e-01,2.039680000000000382e-01
2.124999999999999944e-01,3.749999999999999861e-02,-9.098310000000000078e-03,1.487459999999999911e-03,9.219098768735478275e-03,2.729153971191255468e-01,2.506320000000000214e-01
2.374999999999999889e-01,3.749999999999999861e-02,-1.120310000000000056e-02,1.531379999999999937e-03,1.130727970443820042e-02,3.202071336196150586e-01,2.991530000000000022e-01
2.624999999999999556e-01,3.749999999999999861e-02,-1.333849999999999966e-02,1.539180000000000019e-03,1.342701222619537178e-02,3.678349551701822762e-01,3.483110000000000372e-01
2.874999999999999778e-01,3.749999999999999861e-02,-1.545619999999999980e-02,1.513819999999999923e-03,1.553015677423766339e-02,4.148113735340437924e-01,3.969110000000000138e-01
3.125000000000000000e-01,3.749999999999999861e-02,-1.751079999999999998e-02,1.456870000000000083e-03,1.757130008954659039e-02,4.601332903624014148e-01,4.438170000000000726e-01
3.375000000000000222e-01,3.749999999999999861e-02,-1.945790000000000020e-02,1.368730000000000077e-03,1.950598098591557750e-02,5.027928121839154718e-01,4.879330000000000611e-01
3.624999999999999334e-01,3.749999999999999861e-02,-2.125379999999999978e-02,1.249200000000000007e-03,2.129047944692650726e-02,5.417979172899800577e-01,5.282090000000000396e-01
3.874999999999999556e-01,3.749999999999999861e-02,-2.285509999999999972e-02,1.097880000000000080e-03,2.288145398580256409e-02,5.761928790615604701e-01,5.636480000000000379e-01
4.124999999999999778e-01,3.749999999999999861e-02,-2.421869999999999926e-02,9.148150000000000292e-04,2.423597153353306347e-02,6.050744152879184989e-01,5.933140000000000081e-01
4.374999999999999445e-01,3.749999999999999861e-02,-2.530320000000000139e-02,7.009339999999999538e-04,2.531290656389257807e-02,6.276271921682008426e-01,6.163590000000001012e-01
4.624999999999999667e-01,3.749999999999999861e-02,-2.607009999999999883e-02,4.585079999999999950e-04,2.607413169400016675e-02,6.431374813869660256e-01,6.320430000000000215e-01
4.874999999999999889e-01,3.749999999999999861e-02,-2.648549999999999863e-02,1.914800000000000031e-04,2.648619215441132269e-02,6.510333271987407411e-01,6.397630000000000816e-01
5.124999999999999556e-01,3.749999999999999861e-02,-2.652289999999999856e-02,-9.432199999999999580e-05,2.652306771566373400e-02,6.509241875327049787e-01,6.391080000000000094e-01
5.374999999999999778e-01,3.749999999999999861e-02,-2.616479999999999848e-02,-3.911280000000000269e-04,2.616772325121893145e-02,6.426107999990118280e-01,6.298639999999999795e-01
5.625000000000000000e-01,3.749999999999999861e-02,-2.540569999999999981e-02,-6.893409999999999989e-04,2.541505033448253695e-02,6.261308139438036546e-01,6.120700000000001140e-01
5.874999999999999112e-01,3.749999999999999861e-02,-2.425319999999999906e-02,-9.778359999999999396e-04,2.427290410072301119e-02,6.017585242222995845e-01,5.860290000000000221e-01
6.124999999999999334e-01,3.749999999999999861e-02,-2.273019999999999902e-02,-1.244450000000000027e-03,2.276424055053231574e-02,5.700270985717998951e-01,5.523259999999999836e-01
6.374999999999999556e-01,3.749999999999999861e-02,-2.087500000000000119e-02,-1.476630000000000043e-03,2.092716084797218920e-02,5.317060135395593745e-01,5.118240000000000567e-01
6.624999999999999778e-01,3.749999999999999861e-02,-1.874179999999999943e-02,-1.662239999999999942e-03,1.881536895884850652e-02,4.877979066406087916e-01,4.656580000000000163e-01
6.875000000000000000e-01,3.749999999999999861e-02,-1.639869999999999869e-02,-1.790450000000000071e-03,1.649615327561246639e-02,4.394964964480718717e-01,4.152000000000000135e-01
7.124999999999999112e-01,3.749999999999999861e-02,-1.392619999999999969e-02,-1.852579999999999939e-03,1.404888248567835382e-02,3.881554104357686774e-01,3.620260000000000145e-01
7.374999999999999334e-01,3.749999999999999861e-02,-1.141350000000000003e-02,-1.842950000000000100e-03,1.156133413376241731e-02,3.352171568792534639e-01,3.078420000000000045e-01
7.624999999999999556e-01,3.749999999999999861e-02,-8.954439999999999275e-03,-1.759509999999999937e-03,9.125670997449994784e-03,2.821560067767652225e-01,2.544179999999999775e-01
7.874999999999999778e-01,3.749999999999999861e-02,-6.642669999999999825e-03,-1.604280000000000029e-03,6.833650492035716999e-03,2.304024492246772859e-01,2.035010000000000430e-01
8.125000000000000000e-01,3.749999999999999861e-02,-4.566050000000000317e-03,-1.383660000000000098e-03,4.771092914427469724e-03,1.812714365528116101e-01,1.567040000000000100e-01
8.375000000000000222e-01,3.749999999999999861e-02,-2.801090000000000003e-03,-1.108499999999999893e-03,3.012453723810541890e-03,1.359063958277902384e-01,1.153950000000000115e-01
8.624999999999999334e-01,3.749999999999999861e-02,-1.406899999999999991e-03,-7.944640000000000426e-04,1.615716762708117697e-03,9.526107600200620085e-02,8.055820000000001035e-02
8.874999999999999556e-01,3.749999999999999861e-02,-4.188679999999999747e-04,-4.629130000000000180e-04,6.242906750809273583e-04,6.015754292356030597e-02,5.263440000000000479e-02
9.124999999999999778e-01,3.749999999999999861e-02,1.579320000000000051e-04,-1.428860000000000004e-04,2.129763499076834233e-04,3.153870648171862301e-02,3.133779999999999899e-02
9.375000000000000000e-01,3.749999999999999861e-02,3.582039999999999877e-04,1.237939999999999874e-04,3.789921635759768530e-04,1.152501136938701744e-02,1.544369999999999944e-02
9.625000000000000222e-01,3.749999999999999861e-02,2.779169999999999753e-04,2.735489999999999927e-04,3.899575801160941259e-04,7.823253760782657856e-03,2.642900000000000110e-03
9.875000000000000444e-01,3.749999999999999861e-02,9.220999999999999976e-05,2.060250000000000070e-04,2.257188178353767552e-04,1.348095624777782657e-02,9.912509999999999377e-03
1.249999999999999896e-02,6.250000000000000000e-02,3.883839999999999922e-07,-1.472679999999999866e-04,1.472685121338959333e-04,7.783672765796363982e-03,5.520200000000000280e-03
3.749999999999999861e-02,6.250000000000000000e-02,-2.570040000000000215e-04,2.959039999999999913e-04,3.919314139387145620e-04,4.037903973722010292e-02,3.650320000000000648e-02
6.250000000000000000e-02,6.250000000000000000e-02,-1.049079999999999978e-03,1.023140000000000074e-03,1.465395614160217236e-03,7.486325435178463328e-02,6.277589999999999559e-02
8.750000000000000833e-02,6.250000000000000000e-02,-2.386389999999999952e-03,1.797750000000000086e-03,2.987768781984308925e-03,1.116972481149379193e-01,8.848160000000000747e-02
1.124999999999999889e-01,6.250000000000000000e-02,-4.238310000000000341e-03,2.510200000000000192e-03,4.925888315431035253e-03,1.503638810818609117e-01,1.160879999999999967e-01
1.374999999999999833e-01,6.250000000000000000e-02,-6.544809999999999864e-03,3.110320000000000185e-03,7.246283767456253994e-03,1.899479541615544942e-01,1.467620000000000036e-01
1.625000000000000056e-01,6.250000000000000000e-02,-9.224909999999999360e-03,3.581149999999999958e-03,9.895635392969972383e-03,2.298607194638527251e-01,1.807549999999999990e-01
1.874999999999999722e-01,6.250000000000000000e-02,-1.219040000000000054e-02,3.923630000000000000e-03,1.280627676324777933e-02,2.698224260054008505e-01,2.177210000000000256e-01
2.124999999999999944e-01,6.250000000000000000e-02,-1.535410000000000073e-02,4.146340000000000095e-03,1.590410394224082286e-02,3.096417215496646280e-01,2.569540000000000157e-01
2.374999999999999889e-01,6.250000000000000000e-02,-1.863280000000000144e-02,4.259719999999999826e-03,1.911351486039132574e-02,3.490542387001768221e-01,2.975420000000000287e-01
2.624999999999999556e-01,6.250000000000000000e-02,-2.194859999999999867e-02,4.272920000000000364e-03,2.236065489395156272e-02,3.876609199729062483e-01,3.384770000000000278e-01
2.874999999999999778e-01,6.250000000000000000e-02,-2.522740000000000052e-02,4.192559999999999690e-03,2.557340943467647718e-02,4.249394575205273639e-01,3.787300000000000111e-01
3.125000000000000000e-01,6.250000000000000000e-02,-2.839869999999999894e-02,4.022529999999999856e-03,2.868217058192946284e-02,4.602745431674882259e-01,4.172920000000000518e-01
3.375000000000000222e-01,6.250000000000000000e-02,-3.139379999999999948e-02,3.764570000000000069e-03,3.161870752774217919e-02,4.929983524485249125e-01,4.532020000000000493e-01
3.624999999999999334e-01,6.250000000000000000e-02,-3.414520000000000055e-02,3.419209999999999784e-03,3.431596829559235839e-02,5.224429311856367830e-01,4.855700000000000016e-01
3.874999999999999556e-01,6.250000000000000000e-02,-3.658659999999999690e-02,2.986959999999999876e-03,3.670832643422469732e-02,5.479739038267060769e-01,5.135919999999999375e-01
4.124999999999999778e-01,6.250000000000000000e-02,-3.865350000000000036e-02,2.469600000000000180e-03,3.873231191666719891e-02,5.690319238074169617e-01,5.365689999999999626e-01
4.374999999999999445e-01,6.250000000000000000e-02,-4.028500000000000136e-02,1.871330000000000042e-03,4.032844034882702988e-02,5.851451959642922640e-01,5.539110000000000422e-01
4.624999999999999667e-01,6.250000000000000000e-02,-4.142529999999999824e-02,1.199739999999999921e-03,4.144266951051295278e-02,5.959615881544716443e-01,5.651599999999999957e-01
4.874999999999999889e-01,6.250000000000000000e-02,-4.202670000000000017e-02,4.666210000000000171e-04,4.202929035860159673e-02,6.012618244080527585e-01,5.700100000000000167e-01
5.124999999999999556e-01,6.250000000000000000e-02,-4.205289999999999723e-02,-3.116440000000000269e-04,4.205405474377869879e-02,6.009415127175022908e-01,5.683000000000000274e-01
5.374999999999999778e-01,6.250000000000000000e-02,-4.148129999999999873e-02,-1.113999999999999973e-03,4.149625580326495033e-02,5.950287166694142593e-01,5.600410000000000110e-01
5.625000000000000000e-01,6.250000000000000000e-02,-4.030670000000000086e-02,-1.915110000000000033e-03,4.035217108412011977e-02,5.836450997811940544e-01,5.454030000000000822e-01
5.874999999999999112e-01,6.250000000000000000e-02,-3.854330000000000256e-02,-2.686140000000000055e-03,3.863678717219639486e-02,5.670105687924785753e-01,5.247390000000000665e-01
6.124999999999999334e-01,6.250000000000000000e-02,-3.622680000000000344e-02,-3.395979999999999832e-03,3.638562516159919019e-02,5.454005224936625540e-01,4.985520000000000507e-01
6.374999999999999556e-01,6.250000000000000000e-02,-3.341480000000000145e-02,-4.012919999999999682e-03,3.365490136616656330e-02,5.191384719219334087e-01,4.675070000000000059e-01
6.624999999999999778e-01,6.250000000000000000e-02,-3.018679999999999974e-02,-4.506539999999999851e-03,3.052133347368033919e-02,4.885704890272845602e-01,4.323909999999999698e-01
6.875000000000000000e-01,6.250000000000000000e-02,-2.664199999999999902e-02,-4.849889999999999930e-03,2.707983746280800616e-02,4.540786515314720884e-01,3.941190000000000526e-01
7.124999999999999112e-01,6.250000000000000000e-02,-2.289679999999999840e-02,-5.021580000000000314e-03,2.344098368107447664e-02,4.160684130979424022e-01,3.536840000000000539e-01
7.374999999999999334e-01,6.250000000000000000e-02,-1.907959999999999864e-02,-5.007779999999999870e-03,1.972584590552202075e-02,3.750097917148297877e-01,3.121389999999999998e-01
7.624999999999999556e-01,6.250000000000000000e-02,-1.532509999999999949e-02,-4.803929999999999659e-03,1.606039954219383448e-02,3.314487145679705371e-01,2.705470000000000375e-01
7.874999999999999778e-01,6.250000000000000000e-02,-1.176770000000000073e-02,-4.415910000000000321e-03,1.256897069843430047e-02,2.860494516739369719e-01,2.299360000000000293e-01
8.125000000000000000e-01,6.250000000000000000e-02,-8.533479999999999538e-03,-3.860859999999999813e-03,9.366243689441354492e-03,2.396320985969951356e-01,1.912400000000000211e-01
8.375000000000000222e-01,6.250000000000000000e-02,-5.732280000000000188e-03,-3.167660000000000094e-03,6.549282699196913062e-03,1.932086049270062833e-01,1.552100000000000146e-01
8.624999999999999334e-01,6.250000000000000000e-02,-3.449110000000000023e-03,-2.377499999999999839e-03,4.189136670257966738e-03,1.480283493592021438e-01,1.223200000000000121e-01
8.874999999999999556e-01,6.250000000000000000e-02,-1.735650000000000040e-03,-1.545369999999999903e-03,2.323929723421084940e-03,1.055951310935783760e-01,9.264650000000000662e-02
9.124999999999999778e-01,6.250000000000000000e-02,-6.018729999999999480e-04,-7.430969999999999633e-04,9.562657891705630790e-04,6.763417952470480998e-02,6.572850000000000914e-02
9.375000000000000000e-01,6.250000000000000000e-02,-6.761839999999999621e-06,-6.498589999999999727e-05,6.533674065176192571e-05,3.583577201638050991e-02,4.043889999999999985e-02
9.625000000000000222e-01,6.250000000000000000e-02,1.572590000000000066e-04,3.619009999999999762e-04,3.945918484738375931e-04,1.081853909796512241e-02,1.492920000000000184e-02
9.875000000000000444e-01,6.250000000000000000e-02,7.487759999999999609e-05,3.537769999999999977e-04,3.616141876513696602e-04,1.564731284528433214e-02,1.322940000000000053e-02
1.249999999999999896e-02,8.750000000000000833e-02,-6.874030000000000320e-05,5.163259999999999757e-05,8.597182228410656254e-05,2.853578793243494865e-02,2.466510000000000230e-02
3.749999999999999861e-02,8.750000000000000833e-02,-6.122880000000000033e-04,1.044100000000000063e-03,1.210388947794881383e-03,7.263958089299525633e-02,6.099260000000000098e-02
6.250000000000000000e-02,8.750000000000000833e-02,-1.929909999999999959e-03,2.381090000000000203e-03,3.064986492009385936e-03,1.145863587813139434e-01,9.018860000000000765e-02
8.750000000000000833e-02,8.750000000000000833e-02,-3.945849999999999878e-03,3.756830000000000065e-03,5.448256957174468437e-03,1.555227135646751746e-01,1.162630000000000052e-01
1.124999999999999889e-01,8.750000000000000833e-02,-6.588959999999999609e-03,5.015979999999999744e-03,8.280969100413307013e-03,1.963304279040821720e-01,1.419180000000000164e-01
1.374999999999999833e-01,8.750000000000000833e-02,-9.779529999999999820e-03,6.080910000000000135e-03,1.151593128882766499e-02,2.364391141965305199e-01,1.687460000000000071e-01
1.625000000000000056e-01,8.750000000000000833e-02,-1.341799999999999937e-02,6.921489999999999761e-03,1.509800476288506062e-02,2.751595706697479438e-01,1.974660000000000304e-01
1.874999999999999722e-01,8.750000000000000833e-02,-1.739699999999999927e-02,7.535140000000000067e-03,1.895874320253322989e-02,3.121522743188651638e-01,2.281530000000000225e-01
2.124999999999999944e-01,8.750000000000000833e-02,-2.160990000000000133e-02,7.932430000000000730e-03,2.301980068799249976e-02,3.473031772370647197e-01,2.604330000000000256e-01
2.374999999999999889e-01,8.750000000000000833e-02,-2.595360000000000028e-02,8.128069999999999393e-03,2.719659675188974834e-02,3.805549468283916936e-01,2.936510000000000509e-01
2.624999999999999556e-01,8.750000000000000833e-02,-3.032949999999999882e-02,8.135760000000000561e-03,3.140173818481390572e-02,4.118147528704623750e-01,3.269900000000000029e-01
2.874999999999999778e-01,8.750000000000000833e-02,-3.464310000000000306e-02,7.965949999999999420e-03,3.554716215132370377e-02,4.409161990321970315e-01,3.595740000000000602e-01
3.125000000000000000e-01,8.750000000000000833e-02,-3.880340000000000178e-02,7.625260000000000024e-03,3.954552366106182243e-02,4.676111292953152310e-01,3.905290000000000150e-01
3.375000000000000222e-01,8.750000000000000833e-02,-4.272129999999999678e-02,7.117309999999999956e-03,4.331010938944970801e-02,4.916069266121461112e-01,4.190360000000000196e-01
3.624999999999999334e-01,8.750000000000000833e-02,-4.630990000000000106e-02,6.444250000000000325e-03,4.675612469048841258e-02,5.126131372480030590e-01,4.443699999999999872e-01
3.874999999999999556e-01,8.750000000000000833e-02,-4.948430000000000190e-02,5.608720000000000198e-03,4.980114141792735954e-02,5.303751545026973435e-01,4.659180000000000543e-01
4.124999999999999778e-01,8.750000000000000833e-02,-5.216280000000000222e-02,4.615870000000000216e-03,5.236663021139416341e-02,5.447111868980111238e-01,4.831970000000000431e-01
4.374999999999999445e-01,8.750000000000000833e-02,-5.426860000000000017e-02,3.475359999999999821e-03,5.437976712978458138e-02,5.555274144756133792e-01,4.958529999999999882e-01
4.624999999999999667e-01,8.750000000000000833e-02,-5.573279999999999901e-02,2.202940000000000020e-03,5.577632060725769975e-02,5.628231797404315007e-01,5.036720000000000086e-01
4.874999999999999889e-01,8.750000000000000833e-02,-5.649740000000000317e-02,8.216770000000000410e-04,5.650337476516185259e-02,5.666810135832062167e-01,5.065800000000000303e-01
5.124999999999999556e-01,8.750000000000000833e-02,-5.651849999999999929e-02,-6.373830000000000467e-04,5.652209390440775943e-02,5.672157481452185790e-01,5.046110000000000317e-01
5.374999999999999778e-01,8.750000000000000833e-02,-5.577030000000000182e-02,-2.135259999999999936e-03,5.581116104649320314e-02,5.645633699003947958e-01,4.979350000000000165e-01
5.625000000000000000e-01,8.750000000000000833e-02,-5.424799999999999761e-02,-3.625709999999999870e-03,5.436902865606575708e-02,5.587999909653901254e-01,4.868019999999999570e-01
5.874999999999999112e-01,8.750000000000000833e-02,-5.197100000000000330e-02,-5.056739999999999673e-03,5.221642902791802376e-02,5.499245705295955355e-01,4.715540000000000287e-01
6.124999999999999334e-01,8.750000000000000833e-02,-4.898460000000000314e-02,-6.372690000000000299e-03,4.939739077113385751e-02,5.378143014194026739e-01,4.525879999999999903e-01
6.374999999999999556e-01,8.750000000000000833e-02,-4.536090000000000261e-02,-7.517150000000000221e-03,4.597954755032394175e-02,5.222358362968210210e-01,4.303490000000000371e-01
6.624999999999999778e-01,8.750000000000000833e-02,-4.119830000000000020e-02,-8.436229999999999424e-03,4.205317942204726822e-02,5.028632564785778802e-01,4.053140000000000076e-01
6.875000000000000000e-01,8.750000000000000833e-02,-3.661969999999999809e-02,-9.082240000000000105e-03,3.772915996291992952e-02,4.793386310073495804e-01,3.779740000000000322e-01
7.124999999999999112e-01,8.750000000000000833e-02,-3.176829999999999932e-02,-9.417429999999999204e-03,3.313476833621897821e-02,4.513456848857204107e-01,3.488240000000000229e-01
7.374999999999999334e-01,8.750000000000000833e-02,-2.680280000000000162e-02,-9.417419999999999264e-03,2.840911627095077732e-02,4.187034920731376175e-01,3.183530000000000526e-01
7.624999999999999556e-01,8.750000000000000833e-02,-2.188990000000000033e-02,-9.074270000000000599e-03,2.369620429610827181e-02,3.814608041647267189e-01,2.870389999999999886e-01
7.874999999999999778e-01,8.750000000000000833e-02,-1.719640000000000057e-02,-8.398670000000000441e-03,1.913775929227087141e-02,3.399667643537526707e-01,2.553210000000000202e-01
8.125000000000000000e-01,8.750000000000000833e-02,-1.287980000000000028e-02,-7.421539999999999908e-03,1.486500938484735732e-02,2.949442746224446021e-01,2.235770000000000257e-01
8.375000000000000222e-01,8.750000000000000833e-02,-9.078209999999999752e-03,-6.194840000000000069e-03,1.099044764464578161e-02,2.475055620509567511e-01,1.920730000000000215e-01
8.624999999999999334e-01,8.750000000000000833e-02,-5.900599999999999769e-03,-4.792310000000000146e-03,7.601533759452759088e-03,1.991484507571173734e-01,1.608990000000000142e-01
8.874999999999999556e-01,8.750000000000000833e-02,-3.416789999999999845e-03,-3.310770000000000206e-03,4.757693968405281651e-03,1.516608072047620492e-01,1.298789999999999945e-01
9.124999999999999778e-01,8.750000000000000833e-02,-1.648109999999999940e-03,-1.873080000000000057e-03,2.494933918663979483e-03,1.068607593320859972e-01,9.846749999999999947e-02
9.375000000000000000e-01,8.750000000000000833e-02,-5.587440000000000158e-04,-6.327810000000000119e-04,8.441603233373386151e-04,6.597959924772202334e-02,6.565089999999999815e-02
9.625000000000000222e-01,8.750000000000000833e-02,-4.978050000000000221e-05,2.170790000000000133e-04,2.227136960791814438e-04,2.830155083292080348e-02,2.986869999999999803e-02
9.875000000000000444e-01,8.750000000000000833e-02,3.800330000000000255e-05,4.135639999999999998e-04,4.153064325373374333e-04,1.271294804906934230e-02,1.103990000000000006e-02
1.249999999999999896e-02,1.124999999999999889e-01,-1.371330000000000032e-04,4.463460000000000257e-04,4.669370529364745451e-04,6.145213869219606079e-02,5.639290000000000275e-02
3.749999999999999861e-02,1.124999999999999889e-01,-9.771779999999999876e-04,2.240719999999999865e-03,2.444525099499696152e-03,1.118284186996311019e-01,9.264830000000000287e-02
6.250000000000000000e-02,1.124999999999999889e-01,-2.845780000000000011e-03,4.358619999999999682e-03,5.205384914951054556e-03,1.589769153458451267e-01,1.207759999999999945e-01
8.750000000000000833e-02,1.124999999999999889e-01,-5.564649999999999978e-03,6.457959999999999569e-03,8.524703923544794254e-03,2.022586396612021109e-01,1.444770000000000221e-01
1.124999999999999889e-01,1.124999999999999889e-01,-9.010119999999999935e-03,8.354910000000000114e-03,1.228766794483395972e-02,2.436375188875473941e-01,1.664510000000000156e-01
1.374999999999999833e-01,1.124999999999999889e-01,-1.307660000000000072e-02,9.953349999999999698e-03,1.643370450575584382e-02,2.831147999456051223e-01,1.884590000000000154e-01
1.625000000000000056e-01,1.124999999999999889e-01,-1.764399999999999996e-02,1.121400000000000001e-02,2.090608839548900588e-02,3.200832907182129539e-01,2.114550000000000041e-01
1.874999999999999722e-01,1.124999999999999889e-01,-2.258709999999999885e-02,1.213200000000000042e-02,2.563908169981912386e-02,3.541795327189305453e-01,2.357660000000000311e-01
2.124999999999999944e-01,1.124999999999999889e-01,-2.778279999999999986e-02,1.272009999999999981e-02,3.055625827633350750e-02,3.852677570119253936e-01,2.612260000000000137e-01
2.374999999999999889e-01,1.124999999999999889e-01,-3.311200000000000254e-02,1.299669999999999992e-02,3.557131927396002535e-02,4.133521142041008400e-01,2.873620000000000063e-01
2.624999999999999556e-01,1.124999999999999889e-01,-3.846019999999999994e-02,1.297990000000000081e-02,4.059143737353975573e-02,4.384791819288573755e-01,3.135040000000000049e-01
2.874999999999999778e-01,1.124999999999999889e-01,-4.371660000000000129e-02,1.268369999999999914e-02,4.551941740894758365e-02,4.607048189774012315e-01,3.389060000000000406e-01
3.125000000000000000e-01,1.124999999999999889e-01,-4.877379999999999910e-02,1.211749999999999980e-02,5.025651572373476816e-02,4.800670140980320411e-01,3.628200000000000314e-01
3.375000000000000222e-01,1.124999999999999889e-01,-5.352660000000000057e-02,1.128720000000000070e-02,5.470372739951090413e-02,4.966151448194064399e-01,3.845760000000000289e-01
3.624999999999999334e-01,1.124999999999999889e-01,-5.787230000000000152e-02,1.019720000000000001e-02,5.876381535545492640e-02,5.104182071953938804e-01,4.036050000000000471e-01
3.874999999999999556e-01,1.124999999999999889e-01,-6.171089999999999909e-02,8.853369999999999296e-03,6.234274086986310581e-02,5.216111161468858226e-01,4.194820000000000215e-01
4.124999999999999778e-01,1.124999999999999889e-01,-6.494669999999999610e-02,7.265699999999999936e-03,6.535184953297036581e-02,5.304007071300339549e-01,4.319149999999999934e-01
4.374999999999999445e-01,1.124999999999999889e-01,-6.749059999999999782e-02,5.451130000000000211e-03,6.771038256159021829e-02,5.370706861483318661e-01,4.407680000000000486e-01
4.624999999999999667e-01,1.124999999999999889e-01,-6.926259999999999362e-02,3.435800000000000139e-03,6.934776478301228619e-02,5.419592460744996343e-01,4.460370000000000168e-01
4.874999999999999889e-01,1.124999999999999889e-01,-7.019599999999999451e-02,1.256680000000000037e-03,7.020724792086924237e-02,5.453914657885746697e-01,4.478230000000000266e-01
5.124999999999999556e-01,1.124999999999999889e-01,-7.024039999999999451e-02,-1.037570000000000029e-03,7.024806291752748455e-02,5.476386451768447960e-01,4.463289999999999758e-01
5.374999999999999778e-01,1.124999999999999889e-01,-6.936639999999999473e-02,-3.386759999999999944e-03,6.944902873516374531e-02,5.488171869682288984e-01,4.418110000000000648e-01
5.625000000000000000e-01,1.124999999999999889e-01,-6.756829999999999781e-02,-5.720239999999999700e-03,6.781000155248191608e-02,5.488435979825218025e-01,4.345620000000000593e-01
5.874999999999999112e-01,1.124999999999999889e-01,-6.486799999999999511e-02,-7.959040000000000559e-03,6.535444699269973845e-02,5.473788415246245709e-01,4.248750000000000582e-01
6.124999999999999334e-01,1.124999999999999889e-01,-6.131659999999999888e-02,-1.001909999999999953e-02,6.212976581615288485e-02,5.438438241104149862e-01,4.130210000000000270e-01
6.374999999999999556e-01,1.124999999999999889e-01,-5.699579999999999924e-02,-1.181530000000000080e-02,5.820758139392153557e-02,5.374544876070902477e-01,3.992280000000000273e-01
6.624999999999999778e-01,1.124999999999999889e-01,-5.201759999999999717e-02,-1.326650000000000051e-02,5.368268558865139234e-02,5.273104467929684569e-01,3.836700000000000110e-01
6.875000000000000000e-01,1.124999999999999889e-01,-4.652189999999999798e-02,-1.430060000000000012e-02,4.867026135095228745e-02,5.125002893394305925e-01,3.664580000000000060e-01
7.124999999999999112e-01,1.124999999999999889e-01,-4.067319999999999963e-02,-1.486020000000000049e-02,4.330282603110333084e-02,4.922390972291819655e-01,3.476480000000000126e-01
7.374999999999999334e-01,1.124999999999999889e-01,-3.465410000000000018e-02,-1.490810000000000052e-02,3.772476762579194537e-02,4.659717325117479492e-01,3.272420000000000329e-01
7.624999999999999556e-01,1.124999999999999889e-01,-2.865830000000000113e-02,-1.443129999999999934e-02,3.208676640891069964e-02,4.334939777770852043e-01,3.052220000000000488e-01
7.874999999999999778e-01,1.124999999999999889e-01,-2.288099999999999856e-02,-1.344500000000000035e-02,2.653880528584510318e-02,3.950231940949797682e-01,2.815240000000000520e-01
8.125000000000000000e-01,1.124999999999999889e-01,-1.750849999999999976e-02,-1.199519999999999927e-02,2.122339264326040739e-02,3.512518790455077533e-01,2.560680000000000178e-01
8.375000000000000222e-01,1.124999999999999889e-01,-1.270669999999999959e-02,-1.015929999999999958e-02,1.626873078577428453e-02,3.033458004153675169e-01,2.287350000000000216e-01
8.624999999999999334e-01,1.124999999999999889e-01,-8.610009999999999539e-03,-8.047240000000000643e-03,1.178517474701584571e-02,2.528655203774528015e-01,1.993130000000000179e-01
8.874999999999999556e-01,1.124999999999999889e-01,-5.310370000000000021e-03,-5.801930000000000281e-03,7.865266763549727883e-03,2.015857386791039818e-01,1.674500000000000155e-01
9.124999999999999778e-01,1.124999999999999889e-01,-2.847259999999999895e-03,-3.600760000000000158e-03,4.590464255954946303e-03,1.511473337307674969e-01,1.325810000000000044e-01
9.375000000000000000e-01,1.124999999999999889e-01,-1.199149999999999956e-03,-1.658109999999999966e-03,2.046286757666188061e-03,1.022982678633905379e-01,9.383200000000001262e-02
9.625000000000000222e-01,1.124999999999999889e-01,-2.898299999999999813e-04,-2.310679999999999906e-04,3.706667634466299889e-04,5.370733186179425106e-02,4.995230000000000503e-02
9.875000000000000444e-01,1.124999999999999889e-01,-3.772349999999999974e-06,3.506180000000000234e-04,3.506382930435900580e-04,8.294351516622623308e-03,7.507200000000000765e-04
1.249999999999999896e-02,1.374999999999999833e-01,-2.013189999999999880e-04,1.032109999999999929e-03,1.051560931121444699e-03,1.066432460851206576e-01,1.009269999999999889e-01
3.749999999999999861e-02,1.374999999999999833e-01,-1.332429999999999899e-03,3.890629999999999956e-03,4.112465380012335012e-03,1.578802171935420606e-01,1.325739999999999974e-01
6.250000000000000000e-02,1.374999999999999833e-01,-3.751469999999999805e-03,6.967600000000000009e-03,7.913341703787345194e-03,2.075000563397513820e-01,1.559909999999999908e-01
8.750000000000000833e-02,1.374999999999999833e-01,-7.173419999999999797e-03,9.911879999999999649e-03,1.223533079368105923e-02,2.515915304690521936e-01,1.745919999999999972e-01
1.124999999999999889e-01,1.374999999999999833e-01,-1.141610000000000021e-02,1.252930000000000016e-02,1.695024181833403726e-02,2.924139518209075139e-01,1.909700000000000009e-01
1.374999999999999833e-01,1.374999999999999833e-01,-1.634340000000000098e-02,1.471699999999999918e-02,2.199310829691883407e-02,3.303948323521420094e-01,2.069020000000000303e-01
1.625000000000000056e-01,1.374999999999999833e-01,-2.181210000000000093e-02,1.643340000000000078e-02,2.730978472947013375e-02,3.650801109290945923e-01,2.234340000000000215e-01
1.874999999999999722e-01,1.374999999999999833e-01,-2.767920000000000103e-02,1.767519999999999855e-02,3.284129728984529206e-02,3.961341607132614073e-01,2.409860000000000335e-01
2.124999999999999944e-01,1.374999999999999833e-01,-3.380650000000000321e-02,1.845859999999999862e-02,3.851752012019984961e-02,4.234219057772047323e-01,2.595120000000000204e-01
2.374999999999999889e-01,1.374999999999999833e-01,-4.006189999999999751e-02,1.880659999999999971e-02,4.425657053105221811e-02,4.469566883491061238e-01,2.786399999999999988e-01
2.624999999999999556e-01,1.374999999999999833e-01,-4.631770000000000331e-02,1.874150000000000121e-02,4.996571980408168190e-02,4.668544229071842633e-01,2.977960000000000051e-01
2.874999999999999778e-01,1.374999999999999833e-01,-5.245079999999999881e-02,1.828070000000000042e-02,5.554521053277231002e-02,4.833075638265968976e-01,3.163340000000000041e-01
3.125000000000000000e-01,1.374999999999999833e-01,-5.834090000000000109e-02,1.743650000000000061e-02,6.089082151736827792e-02,4.965638981037586719e-01,3.336300000000000376e-01
3.375000000000000222e-01,1.374999999999999833e-01,-6.387039999999999385e-02,1.621739999999999987e-02,6.589713240285953455e-02,5.069413091788831371e-01,3.491380000000000039e-01
3.624999999999999334e-01,1.374999999999999833e-01,-6.892399999999999916e-02,1.463040000000000000e-02,7.045967910911885013e-02,5.148335648498454375e-01,3.624400000000000399e-01
3.874999999999999556e-01,1.374999999999999833e-01,-7.338989999999999403e-02,1.268520000000000064e-02,7.447812914574317156e-02,5.207260825894934886e-01,3.732880000000000642e-01
4.124999999999999778e-01,1.374999999999999833e-01,-7.716080000000000161e-02,1.039789999999999985e-02,7.785823900557987953e-02,5.251923341559358027e-01,3.815760000000000263e-01
4.374999999999999445e-01,1.374999999999999833e-01,-8.013689999999999702e-02,7.793719999999999641e-03,8.051499744177105511e-02,5.288642428118959238e-01,3.873480000000000256e-01
4.624999999999999667e-01,1.374999999999999833e-01,-8.222909999999999942e-02,4.910900000000000161e-03,8.237561426550941979e-02,5.323673842604935702e-01,3.907830000000000470e-01
4.874999999999999889e-01,1.374999999999999833e-01,-8.336190000000000266e-02,1.802049999999999919e-03,8.338137535332755534e-02,5.362272031767504332e-01,3.921350000000000113e-01
5.124999999999999556e-01,1.374999999999999833e-01,-8.347839999999999427e-02,-1.464570000000000108e-03,8.349124643844346716e-02,5.407702776245750798e-01,3.917190000000000394e-01
5.374999999999999778e-01,1.374999999999999833e-01,-8.254350000000000576e-02,-4.805280000000000315e-03,8.268325167848927792e-02,5.460243286521214712e-01,3.898620000000000418e-01
5.625000000000000000e-01,1.374999999999999833e-01,-8.054840000000000610e-02,-8.122469999999999690e-03,8.095689755333328186e-02,5.516576733600285776e-01,3.868580000000000352e-01
5.874999999999999112e-01,1.374999999999999833e-01,-7.751360000000000194e-02,-1.130740000000000044e-02,7.833399951311052767e-02,5.569710658068335318e-01,3.829330000000000234e-01
6.124999999999999334e-01,1.374999999999999833e-01,-7.349189999999999889e-02,-1.424450000000000022e-02,7.485963629259761998e-02,5.609476747505065530e-01,3.782240000000000046e-01
6.374999999999999556e-01,1.374999999999999833e-01,-6.856969999999999732e-02,-1.681650000000000159e-02,7.060168857994827962e-02,5.623519256942222100e-01,3.727440000000000198e-01
6.624999999999999778e-01,1.374999999999999833e-01,-6.286709999999999521e-02,-1.891119999999999954e-02,6.564987241305195176e-02,5.598575489604477040e-01,3.663800000000000390e-01
6.875000000000000000e-01,1.374999999999999833e-01,-5.653629999999999767e-02,-2.042839999999999934e-02,6.011383155522528887e-02,5.521914717921674320e-01,3.588999999999999968e-01
7.124999999999999112e-01,1.374999999999999833e-01,-4.975820000000000243e-02,-2.128750000000000087e-02,5.412057024357744273e-02,5.382656285627013260e-01,3.499559999999999893e-01
7.374999999999999334e-01,1.374999999999999833e-01,-4.273600000000000315e-02,-2.143470000000000097e-02,4.781016691133801316e-02,5.173105456570550320e-01,3.391300000000000425e-01
7.624999999999999556e-01,1.374999999999999833e-01,-3.568790000000000157e-02,-2.084969999999999879e-02,4.133202386164994135e-02,4.889554402356108276e-01,3.259420000000000095e-01
7.874999999999999778e-01,1.374999999999999833e-01,-2.883650000000000102e-02,-1.955049999999999844e-02,3.483914152932015423e-02,4.533230935745498069e-01,3.099080000000000168e-01
8.125000000000000000e-01,1.374999999999999833e-01,-2.239750000000000074e-02,-1.759729999999999975e-02,2.848355619546126538e-02,4.110285104563916048e-01,2.905420000000000225e-01
8.375000000000000222e-01,1.374999999999999833e-01,-1.656699999999999839e-02,-1.509399999999999978e-02,2.241192372376811168e-02,3.631774018134938942e-01,2.673860000000000126e-01
8.624999999999999334e-01,1.374999999999999833e-01,-1.150890000000000073e-02,-1.218870000000000023e-02,1.676362690171789849e-02,3.112274139242878768e-01,2.399870000000000059e-01
8.874999999999999556e-01,1.374999999999999833e-01,-7.342829999999999843e-03,-9.072520000000000584e-03,1.167166532930498379e-02,2.567809781078808640e-01,2.078760000000000052e-01
9.124999999999999778e-01,1.374999999999999833e-01,-4.133350000000000045e-03,-5.979660000000000357e-03,7.269175739937782169e-03,2.011980079047503978e-01,1.704900000000000304e-01
9.375000000000000000e-01,1.374999999999999833e-01,-1.880649999999999987e-03,-3.186140000000000066e-03,3.699774658286636864e-03,1.448165388620029359e-01,1.271300000000000208e-01
9.625000000000000222e-01,1.374999999999999833e-01,-5.386670000000000520e-04,-1.011030000000000002e-03,1.145575749476655022e-03,8.589452302364802838e-02,7.688319999999999876e-02
9.875000000000000444e-01,1.374999999999999833e-01,-4.401070000000000199e-05,1.590650000000000093e-04,1.650412552651306147e-04,2.308627121848827457e-02,1.859240000000000198e-02
1.249999999999999896e-02,1.625000000000000056e-01,-2.607309999999999944e-04,1.799459999999999905e-03,1.818251067911414451e-03,1.639636193758798599e-01,1.579260000000000108e-01
3.749999999999999861e-02,1.625000000000000056e-01,-1.670389999999999896e-03,5.982529999999999792e-03,6.211349930007163851e-03,2.109337876573594284e-01,1.810980000000000090e-01
6.250000000000000000e-02,1.625000000000000056e-01,-4.624080000000000031e-03,1.019860000000000037e-02,1.119792649584734623e-02,2.597389153387685834e-01,1.965250000000000052e-01
8.750000000000000833e-02,1.625000000000000056e-01,-8.732530000000000500e-03,1.410849999999999951e-02,1.659237332182771085e-02,3.028616301655923104e-01,2.074260000000000270e-01
1.124999999999999889e-01,1.625000000000000056e-01,-1.375350000000000010e-02,1.752480000000000010e-02,2.227728388493534217e-02,3.420480714709557279e-01,2.162659999999999860e-01
1.374999999999999833e-01,1.625000000000000056e-01,-1.951759999999999953e-02,2.035030000000000172e-02,2.819701083182400356e-02,3.778294307435565713e-01,2.247480000000000033e-01
1.625000000000000056e-01,1.625000000000000056e-01,-2.585749999999999854e-02,2.254959999999999951e-02,3.430881470424181762e-02,4.098061869811142621e-01,2.338960000000000206e-01
1.874999999999999722e-01,1.625000000000000056e-01,-3.261119999999999991e-02,2.412600000000000161e-02,4.056543160672643200e-02,4.376830746556233942e-01,2.441360000000000197e-01
2.124999999999999944e-01,1.625000000000000056e-01,-3.962700000000000250e-02,2.510230000000000100e-02,4.690868357020904628e-02,4.613442117681764154e-01,2.554400000000000004e-01
2.374999999999999889e-01,1.625000000000000056e-01,-4.676109999999999989e-02,2.550739999999999952e-02,5.326563552582471578e-02,4.808055469189181363e-01,2.674659999999999815e-01
2.624999999999999556e-01,1.625000000000000056e-01,-5.387589999999999740e-02,2.536849999999999869e-02,5.954975560873444762e-02,4.962252696427299492e-01,2.797000000000000042e-01
2.874999999999999778e-01,1.625000000000000056e-01,-6.083829999999999794e-02,2.470670000000000158e-02,6.566368685795825888e-02,5.078894848212551771e-01,2.915579999999999838e-01
3.125000000000000000e-01,1.625000000000000056e-01,-6.751859999999999806e-02,2.353709999999999830e-02,7.150354132747552272e-02,5.161984159448768095e-01,3.025079999999999991e-01
3.375000000000000222e-01,1.625000000000000056e-01,-7.378959999999999686e-02,2.187060000000000046e-02,7.696251173474004392e-02,5.216726633819334102e-01,3.121200000000000085e-01
3.624999999999999334e-01,1.625000000000000056e-01,-7.952649999999999997e-02,1.971730000000000010e-02,8.193434030697994974e-02,5.249705455547006849e-01,3.201260000000000217e-01
3.874999999999999556e-01,1.625000000000000056e-01,-8.460779999999999690e-02,1.709120000000000084e-02,8.631679406859363302e-02,5.268681232414805793e-01,3.264180000000000414e-01
4.124999999999999778e-01,1.625000000000000056e-01,-8.891699999999999604e-02,1.401430000000000037e-02,9.001462933040384196e-02,5.282445186123563285e-01,3.310680000000000289e-01
4.374999999999999445e-01,1.625000000000000056e-01,-9.234499999999999653e-02,1.052140000000000020e-02,9.294244930579352582e-02,5.300229628308570362e-01,3.342979999999999841e-01
4.624999999999999667e-01,1.625000000000000056e-01,-9.479339999999999988e-02,6.663080000000000044e-03,9.502728723185988047e-02,5.330425519158860093e-01,3.364210000000000256e-01
4.874999999999999889e-01,1.625000000000000056e-01,-9.617820000000000535e-02,2.508559999999999957e-03,9.621090909306284633e-02,5.379748148594318824e-01,3.378540000000000432e-01
5.124999999999999556e-01,1.625000000000000056e-01,-9.643369999999999720e-02,-1.853299999999999999e-03,9.645150707262173384e-02,5.450987134024442016e-01,3.389600000000000390e-01
5.374999999999999778e-01,1.625000000000000056e-01,-9.551740000000000230e-02,-6.314059999999999812e-03,9.572586409348103620e-02,5.543374643706123761e-01,3.401440000000000019e-01
5.625000000000000000e-01,1.625000000000000056e-01,-9.341330000000000466e-02,-1.074759999999999951e-02,9.402954600895402359e-02,5.650819775554695168e-01,3.416690000000000005e-01
5.874999999999999112e-01,1.625000000000000056e-01,-9.013670000000000015e-02,-1.501320000000000085e-02,9.137844855943878797e-02,5.763388856011713024e-01,3.437160000000000215e-01
6.124999999999999334e-01,1.625000000000000056e-01,-8.573690000000000477e-02,-1.896120000000000097e-02,8.780855953180191631e-02,5.867490142675997333e-01,3.462720000000000242e-01
6.374999999999999556e-01,1.625000000000000056e-01,-8.029970000000000163e-02,-2.243900000000000061e-02,8.337595901151602373e-02,5.947514088928248510e-01,3.491520000000000179e-01
6.624999999999999778e-01,1.625000000000000056e-01,-7.394850000000000034e-02,-2.529930000000000026e-02,7.815647914754092485e-02,5.987487587360829089e-01,3.519820000000000171e-01
6.875000000000000000e-01,1.625000000000000056e-01,-6.684320000000000539e-02,-2.740949999999999984e-02,7.224468199452470374e-02,5.972347530243028446e-01,3.542040000000000188e-01
7.124999999999999112e-01,1.625000000000000056e-01,-5.917730000000000212e-02,-2.866099999999999898e-02,6.575261026217894822e-02,5.889227984209814970e-01,3.551040000000000307e-01
7.374999999999999334e-01,1.625000000000000056e-01,-5.117279999999999746e-02,-2.897910000000000069e-02,5.880853421613226745e-02,5.728748232764292458e-01,3.538580000000000059e-01
7.624999999999999556e-01,1.625000000000000056e-01,-4.307119999999999699e-02,-2.833149999999999905e-02,5.155387630130250226e-02,5.485721084378972767e-01,3.495680000000000454e-01
7.874999999999999778e-01,1.625000000000000056e-01,-3.512400000000000244e-02,-2.673599999999999935e-02,4.414191966826998270e-02,5.159835083682423607e-01,3.413360000000000283e-01
8.125000000000000000e-01,1.625000000000000056e-01,-2.757909999999999875e-02,-2.426479999999999956e-02,3.673400707586908787e-02,4.755811849684551951e-01,3.283059999999999867e-01
8.375000000000000222e-01,1.625000000000000056e-01,-2.066739999999999897e-02,-2.104769999999999905e-02,2.949825584759207392e-02,4.282858207132242412e-01,3.097000000000000308e-01
8.624999999999999334e-01,1.625000000000000056e-01,-1.458790000000000087e-02,-1.727100000000000163e-02,2.260739408711229942e-02,3.753374465251235748e-01,2.848499999999999921e-01
8.874999999999999556e-01,1.625000000000000056e-01,-9.495109999999999315e-03,-1.317609999999999962e-02,1.624089668466922876e-02,3.180745185200474223e-01,2.531730000000000369e-01
9.124999999999999778e-01,1.625000000000000056e-01,-5.485399999999999651e-03,-9.055729999999999683e-03,1.058753318733405419e-02,2.575858382028018423e-01,2.141370000000000218e-01
9.375000000000000000e-01,1.625000000000000056e-01,-2.587020000000000205e-03,-5.248980000000000312e-03,5.851876922902599608e-03,1.939372276812525719e-01,1.672210000000000085e-01
9.625000000000000222e-01,1.625000000000000056e-01,-7.887849999999999636e-04,-2.136869999999999915e-03,2.277804902340189140e-03,1.252902220083434992e-01,1.118560000000000110e-01
9.875000000000000444e-01,1.625000000000000056e-01,-8.142540000000000140e-05,-1.603139999999999969e-04,1.798073256604413304e-04,5.148106909721766877e-02,4.740579999999999794e-02
1.249999999999999896e-02,1.874999999999999722e-01,-3.156330000000000051e-04,2.737499999999999916e-03,2.755636122692725880e-03,2.329589113759712449e-01,2.268000000000000016e-01
3.749999999999999861e-02,1.874999999999999722e-01,-1.988189999999999923e-03,8.496939999999999701e-03,8.726447664410759072e-03,2.710805740726546786e-01,2.381100000000000161e-01
6.250000000000000000e-02,1.874999999999999722e-01,-5.451749999999999999e-03,1.402909999999999921e-02,1.505115360603631602e-02,3.154976538376157436e-01,2.425910000000000011e-01
8.750000000000000833e-02,1.874999999999999722e-01,-1.021850000000000015e-02,1.902349999999999874e-02,2.159424216081684902e-02,3.555745759434439934e-01,2.433629999999999960e-01
1.124999999999999889e-01,1.874999999999999722e-01,-1.598760000000000112e-02,2.331429999999999961e-02,2.826941701291344269e-02,3.919506388666817998e-01,2.427680000000000116e-01
1.374999999999999833e-01,1.874999999999999722e-01,-2.255599999999999966e-02,2.682220000000000090e-02,3.504573510200634928e-02,4.248719686399657913e-01,2.423980000000000024e-01
1.625000000000000056e-01,1.874999999999999722e-01,-2.973119999999999929e-02,2.952700000000000116e-02,4.190212384163838344e-02,4.538179164554876910e-01,2.431680000000000230e-01
1.874999999999999722e-01,1.874999999999999722e-01,-3.733329999999999982e-02,3.144469999999999904e-02,4.881131474340759391e-02,4.784673194900566640e-01,2.454380000000000173e-01
2.124999999999999944e-01,1.874999999999999722e-01,-4.519709999999999700e-02,3.260860000000000147e-02,5.573238414396067958e-02,4.986928772942320620e-01,2.491180000000000061e-01
2.374999999999999889e-01,1.874999999999999722e-01,-5.316900000000000098e-02,3.305570000000000036e-02,6.260688351523337192e-02,5.145297436611414588e-01,2.538380000000000081e-01
2.624999999999999556e-01,1.874999999999999722e-01,-6.110340000000000216e-02,3.281889999999999807e-02,6.935925092422783045e-02,5.261624405675494609e-01,2.590860000000000385e-01
2.874999999999999778e-01,1.874999999999999722e-01,-6.886009999999999354e-02,3.192389999999999811e-02,7.590025535675093415e-02,5.339420246318882235e-01,2.643179999999999974e-01
3.125000000000000000e-01,1.874999999999999722e-01,-7.630240000000000633e-02,3.038860000000000172e-02,8.213113450890593970e-02,5.383796908836736561e-01,2.690600000000000214e-01
3.375000000000000222e-01,1.874999999999999722e-01,-8.329620000000000080e-02,2.822629999999999931e-02,8.794874044652373213e-02,5.401588350476181910e-01,2.729840000000000044e-01
3.624999999999999334e-01,1.874999999999999722e-01,-8.970970000000000333e-02,2.545000000000000040e-02,9.324984061160641879e-02,5.401279168123047647e-01,2.759420000000000206e-01
3.874999999999999556e-01,1.874999999999999722e-01,-9.541379999999999306e-02,2.207759999999999931e-02,9.793474180391757711e-02,5.392824403631180097e-01,2.779679999999999929e-01
4.124999999999999778e-01,1.874999999999999722e-01,-1.002839999999999981e-01,1.813719999999999916e-02,1.019109350356476734e-01,5.387398013475522829e-01,2.793000000000000482e-01
4.374999999999999445e-01,1.874999999999999722e-01,-1.042030000000000040e-01,1.367260000000000003e-02,1.050961711945777866e-01,5.395993242101031484e-01,2.802919999999999856e-01
4.624999999999999667e-01,1.874999999999999722e-01,-1.070630000000000054e-01,8.746800000000000755e-03,1.074197024723118482e-01,5.428713151745633292e-01,2.814260000000000095e-01
4.874999999999999889e-01,1.874999999999999722e-01,-1.087710000000000066e-01,3.445290000000000158e-03,1.088255506036339831e-01,5.492356090218842857e-01,2.831920000000000548e-01
5.124999999999999556e-01,1.874999999999999722e-01,-1.092489999999999989e-01,-2.122419999999999862e-03,1.092696145671631786e-01,5.589540521534485107e-01,2.860619999999999830e-01
5.374999999999999778e-01,1.874999999999999722e-01,-1.084449999999999997e-01,-7.822890000000000746e-03,1.087267935375273581e-01,5.718102853197378765e-01,2.904880000000000240e-01
5.625000000000000000e-01,1.874999999999999722e-01,-1.063309999999999950e-01,-1.350059999999999975e-02,1.071846433093845696e-01,5.870321273490916036e-01,2.967560000000000198e-01
5.874999999999999112e-01,1.874999999999999722e-01,-1.029130000000000045e-01,-1.898180000000000006e-02,1.046489096944636099e-01,6.033384946180709862e-01,3.049160000000000204e-01
6.124999999999999334e-01,1.874999999999999722e-01,-9.823129999999999362e-02,-2.408010000000000012e-02,1.011397029642662065e-01,6.192072345895193175e-01,3.148940000000000072e-01
6.374999999999999556e-01,1.874999999999999722e-01,-9.236540000000000028e-02,-2.860419999999999977e-02,9.669316095153782098e-02,6.328913512539099395e-01,3.263119999999999910e-01
6.624999999999999778e-01,1.874999999999999722e-01,-8.543670000000000431e-02,-3.236780000000000213e-02,9.136248783680313290e-02,6.426324228670695637e-01,3.385660000000000336e-01
6.875000000000000000e-01,1.874999999999999722e-01,-7.760820000000000218e-02,-3.520029999999999687e-02,8.521791963742132714e-02,6.467625556446507940e-01,3.507899999999999907e-01
7.124999999999999112e-01,1.874999999999999722e-01,-6.908300000000000551e-02,-3.695919999999999761e-02,7.834821857349406893e-02,6.438525510953575504e-01,3.619240000000000235e-01
7.374999999999999334e-01,1.874999999999999722e-01,-6.009939999999999727e-02,-3.754249999999999948e-02,7.086167643098771618e-02,6.327831855446224285e-01,3.707340000000000080e-01
7.624999999999999556e-01,1.874999999999999722e-01,-5.092320000000000180e-02,-3.690020000000000105e-02,6.288717721666317595e-02,6.128531089584191571e-01,3.759180000000000299e-01
7.874999999999999778e-01,1.874999999999999722e-01,-4.183660000000000156e-02,-3.504410000000000164e-02,5.457462821101029260e-02,5.838005854125191130e-01,3.761440000000000339e-01
8.125000000000000000e-01,1.874999999999999722e-01,-3.312450000000000117e-02,-3.205500000000000016e-02,4.609507050922039689e-02,5.458555807354176226e-01,3.701680000000000526e-01
8.375000000000000222e-01,1.874999999999999722e-01,-2.505819999999999922e-02,-2.808580000000000104e-02,3.763941483179567005e-02,4.996519583510105611e-01,3.568820000000000325e-01
8.624999999999999334e-01,1.874999999999999722e-01,-1.787980000000000125e-02,-2.336119999999999863e-02,2.941824116904339856e-02,4.461271289755869285e-01,3.353780000000000094e-01
8.874999999999999556e-01,1.874999999999999722e-01,-1.178620000000000015e-02,-1.817409999999999859e-02,2.166131162349131320e-02,3.863271454353680578e-01,3.049540000000000028e-01
9.124999999999999778e-01,1.874999999999999722e-01,-6.913060000000000385e-03,-1.287809999999999996e-02,1.461628742785253329e-02,3.211287363292796293e-01,2.651030000000000331e-01
9.375000000000000000e-01,1.874999999999999722e-01,-3.322820000000000201e-03,-7.878750000000000336e-03,8.550779748941028657e-03,2.504804906469963455e-01,2.154729999999999979e-01
9.625000000000000222e-01,1.874999999999999722e-01,-1.042799999999999977e-03,-3.622080000000000178e-03,3.769203545366050113e-03,1.727929245069079744e-01,1.558240000000000181e-01
9.875000000000000444e-01,1.874999999999999722e-01,-1.171179999999999991e-04,-6.064959999999999882e-04,6.177005940906969911e-04,9.005218288484127809e-02,8.599460000000000437e-02
1.249999999999999896e-02,2.124999999999999944e-01,-3.662939999999999729e-04,3.834900000000000028e-03,3.852353735631763171e-03,3.130001672225170006e-01,3.068360000000000531e-01
3.749999999999999861e-02,2.124999999999999944e-01,-2.284309999999999900e-03,1.140979999999999946e-02,1.163621967032678513e-02,3.382561931450775439e-01,3.032520000000000215e-01
6.250000000000000000e-02,2.124999999999999944e-01,-6.227070000000000348e-03,1.842850000000000044e-02,1.945214674617945852e-02,3.746727230746321746e-01,2.941020000000000301e-01
8.750000000000000833e-02,2.124999999999999944e-01,-1.161550000000000082e-02,2.462289999999999965e-02,2.722511789983654215e-02,4.093788715615401808e-01,2.824939999999999674e-01
1.124999999999999889e-01,2.124999999999999944e-01,-1.809320000000000025e-02,2.986159999999999856e-02,3.491531241160530930e-02,4.416203978078911963e-01,2.706640000000000157e-01
1.374999999999999833e-01,2.124999999999999944e-01,-2.542480000000000087e-02,3.409480000000000149e-02,4.253088104048633605e-02,4.710012214761232219e-01,2.600660000000000194e-01
1.625000000000000056e-01,2.124999999999999944e-01,-3.339339999999999670e-02,3.732629999999999976e-02,5.008364838198191976e-02,4.966442739345738322e-01,2.514560000000000128e-01
1.874999999999999722e-01,2.124999999999999944e-01,-4.180149999999999838e-02,3.959130000000000288e-02,5.757461626394048265e-02,5.180771323847445098e-01,2.450380000000000058e-01
2.124999999999999944e-01,2.124999999999999944e-01,-5.047190000000000010e-02,4.093770000000000048e-02,6.498698308815389901e-02,5.351225216789141648e-01,2.406159999999999966e-01
2.374999999999999889e-01,2.124999999999999944e-01,-5.924270000000000230e-02,4.141360000000000180e-02,7.228266575223965540e-02,5.478002679736475589e-01,2.377420000000000089e-01
2.624999999999999556e-01,2.124999999999999944e-01,-6.796199999999999464e-02,4.105949999999999878e-02,7.940224168277618122e-02,5.563111547398631451e-01,2.358460000000000001e-01
2.874999999999999778e-01,2.124999999999999944e-01,-7.648449999999999693e-02,3.990590000000000109e-02,8.626911147716777306e-02,5.610556640904714731e-01,2.343800000000000050e-01
3.125000000000000000e-01,2.124999999999999944e-01,-8.466920000000000002e-02,3.797369999999999912e-02,9.279480222690278390e-02,5.626330860018809998e-01,2.329140000000000377e-01
3.375000000000000222e-01,2.124999999999999944e-01,-9.237739999999999840e-02,3.527870000000000311e-02,9.888463330796144757e-02,5.618396118680134554e-01,2.312059999999999949e-01
3.624999999999999334e-01,2.124999999999999944e-01,-9.947229999999999961e-02,3.183620000000000200e-02,1.044427216120395741e-01,5.596404960972714004e-01,2.291799999999999948e-01
3.874999999999999556e-01,2.124999999999999944e-01,-1.058189999999999964e-01,2.766740000000000171e-02,1.093761664338259720e-01,5.572044219243059704e-01,2.270360000000000156e-01
4.124999999999999778e-01,2.124999999999999944e-01,-1.112869999999999970e-01,2.280580000000000107e-02,1.135997398000541114e-01,5.557624186538705491e-01,2.251320000000000265e-01
4.374999999999999445e-01,2.124999999999999944e-01,-1.157500000000000057e-01,1.730299999999999894e-02,1.170361324933458375e-01,5.565285375108809385e-01,2.239700000000000024e-01
4.624999999999999667e-01,2.124999999999999944e-01,-1.190920000000000034e-01,1.123329999999999988e-02,1.196206148324359675e-01,5.605339622404694744e-01,2.241250000000000187e-01
4.874999999999999889e-01,2.124999999999999944e-01,-1.212069999999999953e-01,4.697269999999999918e-03,1.212979851211589549e-01,5.684816535715466745e-01,2.262350000000000194e-01
5.124999999999999556e-01,2.124999999999999944e-01,-1.220050000000000023e-01,-2.175929999999999965e-03,1.220244020528881840e-01,5.806186799586798841e-01,2.309019999999999961e-01
5.374999999999999778e-01,2.124999999999999944e-01,-1.214200000000000002e-01,-9.228619999999999879e-03,1.217702091116887320e-01,5.965652052068072253e-01,2.385570000000000190e-01
5.625000000000000000e-01,2.124999999999999944e-01,-1.194100000000000023e-01,-1.627610000000000168e-02,1.205141466020068636e-01,6.154834609053276839e-01,2.495420000000000416e-01
5.874999999999999112e-01,2.124999999999999944e-01,-1.159619999999999956e-01,-2.311049999999999910e-02,1.182424655284639997e-01,6.360039355004024619e-01,2.638840000000000074e-01
6.124999999999999334e-01,2.124999999999999944e-01,-1.111039999999999944e-01,-2.950689999999999910e-02,1.149554520830134291e-01,6.565163811330225752e-01,2.814180000000000015e-01
6.374999999999999556e-01,2.124999999999999944e-01,-1.049029999999999963e-01,-3.523230000000000112e-02,1.106614403136431252e-01,6.752105292484708032e-01,3.016300000000000647e-01
6.624999999999999778e-01,2.124999999999999944e-01,-9.747290000000000121e-02,-4.005600000000000133e-02,1.053823959227061791e-01,6.902620216555450661e-01,3.237220000000000653e-01
6.875000000000000000e-01,2.124999999999999944e-01,-8.897410000000000041e-02,-4.376349999999999685e-02,9.915459849679186810e-02,6.998876429142038003e-01,3.465199999999999947e-01
7.124999999999999112e-01,2.124999999999999944e-01,-7.961569999999999758e-02,-4.617079999999999795e-02,9.203478939580402030e-02,7.025325397047456066e-01,3.686560000000000392e-01
7.374999999999999334e-01,2.124999999999999944e-01,-6.965050000000000407e-02,-4.714030000000000303e-02,8.410350785989845201e-02,6.968747918701034827e-01,3.884739999999999860e-01
7.624999999999999556e-01,2.124999999999999944e-01,-5.936870000000000341e-02,-4.659599999999999853e-02,7.547072118172715172e-02,6.819511277796965754e-01,4.042160000000000197e-01
7.874999999999999778e-01,2.124999999999999944e-01,-4.908599999999999769e-02,-4.453630000000000089e-02,6.627908730278352090e-02,6.571998568319991074e-01,4.140920000000000711e-01
8.125000000000000000e-01,2.124999999999999944e-01,-3.912920000000000287e-02,-4.104449999999999765e-02,5.670754158742909862e-02,6.224813994008174811e-01,4.163979999999999904e-01
8.375000000000000222e-01,2.124999999999999944e-01,-2.981769999999999907e-02,-3.629299999999999887e-02,4.697102385822561621e-02,5.780621937784896636e-01,4.096520000000000161e-01
8.624999999999999334e-01,2.124999999999999944e-01,-2.144510000000000166e-02,-3.054370000000000002e-02,3.732036875085775751e-02,5.245005160493171337e-01,3.926380000000000425e-01
8.874999999999999556e-01,2.124999999999999944e-01,-1.425970000000000015e-02,-2.414219999999999908e-02,2.803898830075721507e-02,4.625389915282818731e-01,3.644979999999999887e-01
9.124999999999999778e-01,2.124999999999999944e-01,-8.445209999999999870e-03,-1.750710000000000113e-02,1.943759559086720087e-02,3.929140101753054726e-01,3.247210000000000374e-01
9.375000000000000000e-01,2.124999999999999944e-01,-4.104639999999999678e-03,-1.111539999999999924e-02,1.184905847270575213e-02,3.156118081039427925e-01,2.731020000000000114e-01
9.625000000000000222e-01,2.124999999999999944e-01,-1.307730000000000004e-03,-5.485310000000000186e-03,5.639041013239751328e-03,2.295173154388139014e-01,2.096979999999999955e-01
9.875000000000000444e-01,2.124999999999999944e-01,-1.525789999999999905e-04,-1.181179999999999990e-03,1.190993930984117054e-03,1.388971901130991171e-01,1.347839999999999872e-01
1.249999999999999896e-02,2.374999999999999889e-01,-4.127550000000000012e-04,5.079880000000000159e-03,5.096621185101459298e-03,4.033393310167017187e-01,3.972379999999999800e-01
3.749999999999999861e-02,2.374999999999999889e-01,-2.557189999999999984e-03,1.469349999999999996e-02,1.491436096338357928e-02,4.122164625922162262e-01,3.760130000000000416e-01
6.250000000000000000e-02,2.374999999999999889e-01,-6.943770000000000150e-03,2.335999999999999882e-02,2.437017730368205501e-02,4.371442748715805848e-01,3.507890000000000175e-01
8.750000000000000833e-02,2.374999999999999889e-01,-1.291010000000000074e-02,3.086459999999999898e-02,3.345585472185697712e-02,4.640139995010926777e-01,3.247300000000000186e-01
1.124999999999999889e-01,2.374999999999999889e-01,-2.004890000000000144e-02,3.712239999999999984e-02,4.219041328275891650e-02,4.906454330450860657e-01,2.999899999999999789e-01
1.374999999999999833e-01,2.374999999999999889e-01,-2.809460000000000082e-02,4.212289999999999784e-02,5.063245257312744274e-02,5.157232175382450157e-01,2.778459999999999819e-01
1.625000000000000056e-01,2.374999999999999889e-01,-3.680749999999999994e-02,4.590249999999999886e-02,5.883733136793340562e-02,5.377856253861755809e-01,2.588579999999999770e-01
1.874999999999999722e-01,2.374999999999999889e-01,-4.597380000000000216e-02,4.852200000000000263e-02,6.684291114576025594e-02,5.560527773620054237e-01,2.430299999999999960e-01
2.124999999999999944e-01,2.374999999999999889e-01,-5.540559999999999929e-02,5.004879999999999746e-02,7.466366514443287250e-02,5.702091209021475926e-01,2.299940000000000040e-01
2.374999999999999889e-01,2.374999999999999889e-01,-6.493430000000000035e-02,5.054489999999999678e-02,8.228760679774324571e-02,5.802072841493806088e-01,2.191539999999999877e-01
2.624999999999999556e-01,2.374999999999999889e-01,-7.440339999999999454e-02,5.006019999999999914e-02,8.967658309503100111e-02,5.862517739435847419e-01,2.098580000000000167e-01
2.874999999999999778e-01,2.374999999999999889e-01,-8.366490000000000038e-02,4.863089999999999774e-02,9.677179303299075774e-02,5.887731596939520529e-01,2.015200000000000324e-01
3.125000000000000000e-01,2.374999999999999889e-01,-9.257529999999999926e-02,4.628159999999999913e-02,1.034996264179248032e-01,5.884312025411296831e-01,1.937180000000000013e-01
3.375000000000000222e-01,2.374999999999999889e-01,-1.009940000000000004e-01,4.302990000000000287e-02,1.097786879590478548e-01,5.860690235560996886e-01,1.862360000000000126e-01
3.624999999999999334e-01,2.374999999999999889e-01,-1.087800000000000017e-01,3.889279999999999821e-02,1.155237563959898295e-01,5.827655339534073553e-01,1.791320000000000134e-01
3.874999999999999556e-01,2.374999999999999889e-01,-1.157959999999999962e-01,3.389380000000000170e-02,1.206544789655153993e-01,5.797425655892449736e-01,1.726900000000000102e-01
4.124999999999999778e-01,2.374999999999999889e-01,-1.219049999999999995e-01,2.807029999999999942e-02,1.250950469326823355e-01,5.782596969563069678e-01,1.673780000000000268e-01
4.374999999999999445e-01,2.374999999999999889e-01,-1.269740000000000035e-01,2.147970000000000088e-02,1.287780035102656928e-01,5.795352514178926384e-01,1.638300000000000312e-01
4.624999999999999667e-01,2.374999999999999889e-01,-1.308749999999999913e-01,1.420579999999999933e-02,1.316437251776171602e-01,5.846154493100571559e-01,1.627860000000000140e-01
4.874999999999999889e-01,2.374999999999999889e-01,-1.334919999999999995e-01,6.361979999999999719e-03,1.336435140720282078e-01,5.941580403044630643e-01,1.649820000000000175e-01
5.124999999999999556e-01,2.374999999999999889e-01,-1.347200000000000064e-01,-1.905100000000000066e-03,1.347334695092871348e-01,6.083311627235942209e-01,1.711160000000000181e-01
5.374999999999999778e-01,2.374999999999999889e-01,-1.344730000000000092e-01,-1.041519999999999946e-02,1.348757358461483979e-01,6.267817164099156457e-01,1.817520000000000246e-01
5.625000000000000000e-01,2.374999999999999889e-01,-1.326900000000000024e-01,-1.895550000000000013e-02,1.340371108322243876e-01,6.485965118685114161e-01,1.972020000000000162e-01
5.874999999999999112e-01,2.374999999999999889e-01,-1.293380000000000085e-01,-2.728409999999999863e-02,1.321844936322335851e-01,6.725328220183756089e-01,2.176260000000000139e-01
6.124999999999999334e-01,2.374999999999999889e-01,-1.244240000000000068e-01,-3.513619999999999938e-02,1.292899235301808170e-01,6.969631901843884592e-01,2.427540000000000253e-01
6.374999999999999556e-01,2.374999999999999889e-01,-1.179960000000000037e-01,-4.223339999999999733e-02,1.253264381188582410e-01,7.201462568367622552e-01,2.720299999999999940e-01
6.624999999999999778e-01,2.374999999999999889e-01,-1.101540000000000019e-01,-4.829569999999999697e-02,1.202762584822540948e-01,7.402420706741816847e-01,3.044480000000000519e-01
6.875000000000000000e-01,2.374999999999999889e-01,-1.010489999999999999e-01,-5.305710000000000287e-02,1.141313114855428273e-01,7.554491131135174786e-01,3.386480000000000601e-01
7.124999999999999112e-01,2.374999999999999889e-01,-9.089260000000000395e-02,-5.628319999999999851e-02,1.069077328213445949e-01,7.640530543437411559e-01,3.728960000000000052e-01
7.374999999999999334e-01,2.374999999999999889e-01,-7.994829999999999992e-02,-5.779059999999999753e-02,9.864828493820862465e-02,7.645105638145230920e-01,4.050940000000000096e-01
7.624999999999999556e-01,2.374999999999999889e-01,-6.852999999999999370e-02,-5.746629999999999794e-02,8.943565584088931930e-02,7.555328948682511481e-01,4.330080000000000040e-01
7.874999999999999778e-01,2.374999999999999889e-01,-5.698969999999999730e-02,-5.528530000000000250e-02,7.939956109563831022e-02,7.361461040934741407e-01,4.542900000000000826e-01
8.125000000000000000e-01,2.374999999999999889e-01,-4.570110000000000144e-02,-5.132459999999999800e-02,6.872266806789445459e-02,7.057392651794287541e-01,4.666920000000000512e-01
8.375000000000000222e-01,2.374999999999999889e-01,-3.504000000000000170e-02,-4.577080000000000037e-02,5.764345351069798118e-02,6.640863729064164778e-01,4.682280000000000886e-01
8.624999999999999334e-01,2.374999999999999889e-01,-2.536089999999999872e-02,-3.892049999999999677e-02,4.645406945639962010e-02,6.113029704164704148e-01,4.572960000000000358e-01
8.874999999999999556e-01,2.374999999999999889e-01,-1.697450000000000001e-02,-3.117359999999999923e-02,3.549545023252979881e-02,5.478035221354459194e-01,4.327960000000000140e-01
9.124999999999999778e-01,2.374999999999999889e-01,-1.012230000000000074e-02,-2.301869999999999958e-02,2.514600379742276334e-02,4.742259136876010861e-01,3.941479999999999984e-01
9.375000000000000000e-01,2.374999999999999889e-01,-4.956109999999999682e-03,-1.501259999999999921e-02,1.580952830074635468e-02,3.907067799459845725e-01,3.412669999999999870e-01
9.625000000000000222e-01,2.374999999999999889e-01,-1.593460000000000102e-03,-7.755500000000000241e-03,7.917505606035275811e-03,2.967397921356857426e-01,2.744949999999999890e-01
9.875000000000000444e-01,2.374999999999999889e-01,-1.898369999999999919e-04,-1.891429999999999934e-03,1.900932805616495098e-03,1.987068079423239264e-01,1.945090000000000152e-01
1.249999999999999896e-02,2.624999999999999556e-01,-4.548180000000000083e-04,6.459930000000000012e-03,6.475921171387433693e-03,5.031367722212305438e-01,4.971390000000000531e-01
3.749999999999999861e-02,2.624999999999999556e-01,-2.804819999999999969e-03,1.831769999999999926e-02,1.853119393137959633e-02,4.925524951366706539e-01,4.557750000000000412e-01
6.250000000000000000e-02,2.624999999999999556e-01,-7.595420000000000296e-03,2.878119999999999984e-02,2.976655637483785130e-02,5.027391614012578502e-01,4.122639999999999638e-01
8.750000000000000833e-02,2.624999999999999556e-01,-1.408960000000000073e-02,3.769970000000000265e-02,4.024654281115335602e-02,5.192591302577164170e-01,3.698760000000000381e-01
1.124999999999999889e-01,2.624999999999999556e-01,-2.183440000000000034e-02,4.504439999999999833e-02,5.005735704888942400e-02,5.386661973690199945e-01,3.306760000000000255e-01
1.374999999999999833e-01,2.624999999999999556e-01,-3.053700000000000164e-02,5.085339999999999999e-02,5.931759149324928454e-02,5.585844738980847435e-01,2.957560000000000189e-01
1.625000000000000056e-01,2.624999999999999556e-01,-3.993719999999999909e-02,5.520359999999999850e-02,6.813528745664759745e-02,5.767475331234629410e-01,2.654400000000000093e-01
1.874999999999999722e-01,2.624999999999999556e-01,-4.980670000000000236e-02,5.818759999999999905e-02,7.659310777511250945e-02,5.918975944097087938e-01,2.394800000000000262e-01
2.124999999999999944e-01,2.624999999999999556e-01,-5.994870000000000060e-02,5.989669999999999717e-02,8.474350301102734351e-02,6.034578895167417301e-01,2.172759999999999969e-01
2.374999999999999889e-01,2.624999999999999556e-01,-7.018900000000000139e-02,6.040999999999999842e-02,9.260595996478844516e-02,6.112659758403047316e-01,1.980600000000000138e-01
2.624999999999999556e-01,2.624999999999999556e-01,-8.036889999999999312e-02,5.978909999999999780e-02,1.001693394508519214e-01,6.154821415995757050e-01,1.810400000000000065e-01
2.874999999999999778e-01,2.624999999999999556e-01,-9.033910000000000551e-02,5.807699999999999668e-02,1.073968850470533865e-01,6.165479680089782644e-01,1.655480000000000285e-01
3.125000000000000000e-01,2.624999999999999556e-01,-9.995610000000000606e-02,5.530199999999999699e-02,1.142345531405012382e-01,6.151367539628891379e-01,1.511440000000000006e-01
3.375000000000000222e-01,2.624999999999999556e-01,-1.090779999999999944e-01,5.148350000000000148e-02,1.206174152278600142e-01,6.121442468274941318e-01,1.376219999999999943e-01
3.624999999999999334e-01,2.624999999999999556e-01,-1.175650000000000028e-01,4.663910000000000278e-02,1.264781992036967673e-01,6.086764438813121458e-01,1.251339999999999952e-01
3.874999999999999556e-01,2.624999999999999556e-01,-1.252759999999999985e-01,4.079320000000000168e-02,1.317503751123312861e-01,6.058973743630187148e-01,1.139939999999999981e-01
4.124999999999999778e-01,2.624999999999999556e-01,-1.320699999999999930e-01,3.398480000000000251e-02,1.363724735092826379e-01,6.050633946323311640e-01,1.048400000000000026e-01
4.374999999999999445e-01,2.624999999999999556e-01,-1.378060000000000118e-01,2.627519999999999856e-02,1.402885589456246695e-01,6.073520573275438261e-01,9.842600000000001348e-02
4.624999999999999667e-01,2.624999999999999556e-01,-1.423490000000000033e-01,1.775409999999999835e-02,1.434518939150334071e-01,6.137088603931021291e-01,9.561520000000001129e-02
4.874999999999999889e-01,2.624999999999999556e-01,-1.455670000000000019e-01,8.544960000000000749e-03,1.458175840919112287e-01,6.247115975335818527e-01,9.729020000000000723e-02
5.124999999999999556e-01,2.624999999999999556e-01,-1.473379999999999967e-01,-1.191390000000000070e-03,1.473428167714059267e-01,6.405089921994537860e-01,1.042610000000000064e-01
5.374999999999999778e-01,2.624999999999999556e-01,-1.475579999999999947e-01,-1.125499999999999938e-02,1.479866155738416567e-01,6.607876583502449996e-01,1.172480000000000050e-01
5.625000000000000000e-01,2.624999999999999556e-01,-1.461389999999999911e-01,-2.140699999999999895e-02,1.476985679348313540e-01,6.847472051436209739e-01,1.366940000000000099e-01
5.874999999999999112e-01,2.624999999999999556e-01,-1.430240000000000122e-01,-3.137229999999999880e-02,1.464243346691047887e-01,7.112631723799567318e-01,1.628080000000000083e-01
6.124999999999999334e-01,2.624999999999999556e-01,-1.381910000000000083e-01,-4.084560000000000274e-02,1.441010600945045184e-01,7.388993670399238711e-01,1.954040000000000221e-01
6.374999999999999556e-01,2.624999999999999556e-01,-1.316640000000000033e-01,-4.950009999999999827e-02,1.406615398607949374e-01,7.660616478926484119e-01,2.339060000000000028e-01
6.624999999999999778e-01,2.624999999999999556e-01,-1.235190000000000038e-01,-5.700129999999999780e-02,1.360370962741045964e-01,7.909890488167330425e-01,2.771879999999999900e-01
6.875000000000000000e-01,2.624999999999999556e-01,-1.138939999999999952e-01,-6.302370000000000194e-02,1.301684677550212221e-01,8.119160388242123716e-01,3.237499999999999822e-01
7.124999999999999112e-01,2.624999999999999556e-01,-1.029940000000000022e-01,-6.727180000000000659e-02,1.230173122419767479e-01,8.270101456572342968e-01,3.714660000000000184e-01
7.374999999999999334e-01,2.624999999999999556e-01,-9.108829999999999705e-02,-6.950380000000000447e-02,1.145768589695580764e-01,8.345067458517037018e-01,4.178680000000000172e-01
7.624999999999999556e-01,2.624999999999999556e-01,-7.851379999999999471e-02,-6.955609999999999571e-02,1.048926491116036058e-01,8.326829154269950184e-01,4.600780000000000425e-01
7.874999999999999778e-01,2.624999999999999556e-01,-6.565880000000000327e-02,-6.736699999999999633e-02,9.407120019665954347e-02,8.200823289377719982e-01,4.951320000000000165e-01
8.125000000000000000e-01,2.624999999999999556e-01,-5.294929999999999776e-02,-6.299580000000000457e-02,8.229276510198207939e-02,7.954779474504620751e-01,5.200879999999999947e-01
8.375000000000000222e-01,2.624999999999999556e-01,-4.082500000000000018e-02,-5.663460000000000022e-02,6.981517415404762950e-02,7.580142934509876973e-01,5.322940000000000449e-01
8.624999999999999334e-01,2.624999999999999556e-01,-2.971270000000000161e-02,-4.861120000000000024e-02,5.697274178701600827e-02,7.072479804594707931e-01,5.296100000000000252e-01
8.874999999999999556e-01,2.624999999999999556e-01,-1.999770000000000020e-02,-3.938080000000000053e-02,4.416735688186469028e-02,6.432126037384529038e-01,5.105660000000000753e-01
9.124999999999999778e-01,2.624999999999999556e-01,-1.199159999999999983e-02,-2.950830000000000120e-02,3.185181689401721250e-02,5.664541406018671621e-01,4.744180000000000064e-01
9.375000000000000000e-01,2.624999999999999556e-01,-5.904770000000000157e-03,-1.964079999999999993e-02,2.050920118856168484e-02,4.773016760505247591e-01,4.211610000000000631e-01
9.625000000000000222e-01,2.624999999999999556e-01,-1.911289999999999951e-03,-1.047430000000000062e-02,1.064725269513690058e-02,3.759067158620074678e-01,3.514120000000000577e-01
9.875000000000000444e-01,2.624999999999999556e-01,-2.310910000000000004e-04,-2.749950000000000137e-03,2.759642740062742509e-03,2.705760359598765041e-01,2.662599999999999967e-01
1.249999999999999896e-02,2.874999999999999778e-01,-4.920909999999999477e-04,7.961380000000000540e-03,7.976573516033123173e-03,6.114459862453164307e-01,6.055780000000000607e-01
3.749999999999999861e-02,2.874999999999999778e-01,-3.024660000000000196e-03,2.224829999999999863e-02,2.245296018358380885e-02,5.787170302741747596e-01,5.418440000000001033e-01
6.250000000000000000e-02,2.874999999999999778e-01,-8.174960000000000213e-03,3.464459999999999762e-02,3.559604304078754777e-02,5.712062327317166677e-01,4.780680000000000485e-01
8.750000000000000833e-02,2.874999999999999778e-01,-1.514069999999999999e-02,4.507230000000000264e-02,4.754737662353203387e-02,5.748909955191504606e-01,4.176580000000000847e-01
1.124999999999999889e-01,2.874999999999999778e-01,-2.342899999999999844e-02,5.356749999999999706e-02,5.846704282970021510e-02,5.853761784767125276e-01,3.626020000000000354e-01
1.374999999999999833e-01,2.874999999999999778e-01,-3.272320000000000090e-02,6.022530000000000244e-02,6.854118891827015725e-02,5.991743746623348077e-01,3.137800000000000034e-01
1.625000000000000056e-01,2.874999999999999778e-01,-4.274529999999999996e-02,6.516969999999999708e-02,7.793747795624386687e-02,6.130484617026619176e-01,2.712400000000000366e-01
1.874999999999999722e-01,2.874999999999999778e-01,-5.325470000000000204e-02,6.853099999999999470e-02,8.679032799275504528e-02,6.250834793337607387e-01,2.344460000000000433e-01
2.124999999999999944e-01,2.874999999999999778e-01,-6.404700000000000670e-02,7.042900000000000549e-02,9.519591509093235093e-02,6.343247713435130608e-01,2.025220000000000076e-01
2.374999999999999889e-01,2.874999999999999778e-01,-7.494489999999999486e-02,7.096320000000000405e-02,1.032110158377001902e-01,6.404092974153327011e-01,1.744700000000000140e-01
2.624999999999999556e-01,2.874999999999999778e-01,-8.578840000000000077e-02,7.020859999999999601e-02,1.108552979722665366e-01,6.434007027133246126e-01,1.493239999999999845e-01
2.874999999999999778e-01,2.874999999999999778e-01,-9.642939999999999845e-02,6.821670000000000511e-02,1.181192081892272067e-01,6.437196369756014169e-01,1.263019999999999976e-01
3.125000000000000000e-01,2.874999999999999778e-01,-1.067260000000000014e-01,6.501980000000000259e-02,1.249720507475171466e-01,6.420310428071216435e-01,1.048959999999999892e-01
3.375000000000000222e-01,2.874999999999999778e-01,-1.165380000000000027e-01,6.063860000000000083e-02,1.313702601579215812e-01,6.392434739095894658e-01,8.493000000000000549e-02
3.624999999999999334e-01,2.874999999999999778e-01,-1.257270000000000054e-01,5.509030000000000177e-02,1.372669650101217831e-01,6.363845641528399488e-01,6.651600000000000568e-02
3.874999999999999556e-01,2.874999999999999778e-01,-1.341499999999999915e-01,4.839840000000000114e-02,1.426135604441597093e-01,6.346034137349089166e-01,5.011799999999999589e-02
4.124999999999999778e-01,2.874999999999999778e-01,-1.416650000000000131e-01,4.060119999999999701e-02,1.473683468945757025e-01,6.350580250969198870e-01,3.643799999999999817e-02
4.374999999999999445e-01,2.874999999999999778e-01,-1.481260000000000077e-01,3.176029999999999825e-02,1.514926682453312801e-01,6.387518452889197063e-01,2.636200000000000349e-02
4.624999999999999667e-01,2.874999999999999778e-01,-1.533859999999999946e-01,2.196829999999999963e-02,1.549511897369297286e-01,6.465067089644159770e-01,2.088000000000000272e-02
4.874999999999999889e-01,2.874999999999999778e-01,-1.573019999999999974e-01,1.135429999999999946e-02,1.577112530306255533e-01,6.588365339391858422e-01,2.105760000000000270e-02
5.124999999999999556e-01,2.874999999999999778e-01,-1.597330000000000139e-01,8.917859999999999351e-05,1.597330248941110642e-01,6.758714145871536072e-01,2.790800000000000225e-02
5.374999999999999778e-01,2.874999999999999778e-01,-1.605509999999999993e-01,-1.161129999999999975e-02,1.609703261122682749e-01,6.973144741248384904e-01,4.224040000000000433e-02
5.625000000000000000e-01,2.874999999999999778e-01,-1.596420000000000061e-01,-2.348580000000000112e-02,1.613603140974880501e-01,7.226167591192442785e-01,6.480400000000000049e-02
5.874999999999999112e-01,2.874999999999999778e-01,-1.569170000000000009e-01,-3.522809999999999830e-02,1.608227717663453238e-01,7.508307846911979055e-01,9.590600000000000513e-02
6.124999999999999334e-01,2.874999999999999778e-01,-1.523220000000000129e-01,-4.649249999999999911e-02,1.592593615466607326e-01,7.808456092467960241e-01,1.355580000000000118e-01
6.374999999999999556e-01,2.874999999999999778e-01,-1.458470000000000044e-01,-5.690220000000000000e-02,1.565541688165473233e-01,8.113090583347384310e-01,1.832140000000000157e-01
6.624999999999999778e-01,2.874999999999999778e-01,-1.375369999999999926e-01,-6.606280000000000485e-02,1.525802081294949375e-01,8.407333894761169768e-01,2.378420000000000256e-01
6.875000000000000000e-01,2.874999999999999778e-01,-1.275070000000000092e-01,-7.358109999999999651e-02,1.472148542987765374e-01,8.674293067910492372e-01,2.977380000000000027e-01
7.124999999999999112e-01,2.874999999999999778e-01,-1.159459999999999935e-01,-7.908890000000000364e-02,1.403514482262651908e-01,8.895122846189364996e-01,3.604979999999999851e-01
7.374999999999999334e-01,2.874999999999999778e-01,-1.031259999999999954e-01,-8.227120000000000266e-02,1.319224098682251767e-01,9.050252202430604243e-01,4.232039999999999691e-01
7.624999999999999556e-01,2.874999999999999778e-01,-8.939709999999999324e-02,-8.289739999999999609e-02,1.219172687324072135e-01,9.118406718478837547e-01,4.823699999999999655e-01
7.874999999999999778e-01,2.874999999999999778e-01,-7.518600000000000283e-02,-8.085190000000000432e-02,1.104081714802396252e-01,9.078114227789821911e-01,5.341920000000000002e-01
8.125000000000000000e-01,2.874999999999999778e-01,-6.097310000000000230e-02,-7.616059999999999497e-02,9.756103687420505932e-02,8.909937640993903507e-01,5.748840000000000616e-01
8.375000000000000222e-01,2.874999999999999778e-01,-4.727010000000000239e-02,-6.900939999999999852e-02,8.364663557113340142e-02,8.597127082066426951e-01,6.009160000000000057e-01
8.624999999999999334e-01,2.874999999999999778e-01,-3.458760000000000306e-02,-5.975069999999999687e-02,6.903946859767969013e-02,8.127886632009579948e-01,6.093760000000000288e-01
8.874999999999999556e-01,2.874999999999999778e-01,-2.339990000000000125e-02,-4.889539999999999859e-02,5.420623083345677690e-02,7.497497661006637948e-01,5.982300000000000395e-01
9.124999999999999778e-01,2.874999999999999778e-01,-1.410319999999999976e-02,-3.709169999999999828e-02,3.968242002612743652e-02,6.709935216416027526e-01,5.664480000000000626e-01
9.375000000000000000e-01,2.874999999999999778e-01,-6.980150000000000070e-03,-2.508929999999999841e-02,2.604218632358850163e-02,5.770304833032307013e-01,5.140329999999999622e-01
9.625000000000000222e-01,2.874999999999999778e-01,-2.273190000000000020e-03,-1.369779999999999956e-02,1.388514017272061800e-02,4.686595542799057990e-01,4.418770000000000753e-01
9.875000000000000444e-01,2.874999999999999778e-01,-2.785880000000000235e-04,-3.775580000000000169e-03,3.785844108008675369e-03,3.560201055449537244e-01,3.515380000000000171e-01
1.249999999999999896e-02,3.125000000000000000e-01,-5.240550000000000503e-04,9.569140000000000285e-03,9.583479221171453330e-03,7.272172043592943780e-01,7.214979999999999727e-01
3.749999999999999861e-02,3.125000000000000000e-01,-3.213789999999999789e-03,2.644770000000000107e-02,2.664224617884348306e-02,6.700447010829652106e-01,6.334480000000000111e-01
6.250000000000000000e-02,3.125000000000000000e-01,-8.674839999999999635e-03,4.089700000000000280e-02,4.180690682202643088e-02,6.422155130486650876e-01,5.476870000000000349e-01
8.750000000000000833e-02,3.125000000000000000e-01,-1.604960000000000067e-02,5.291959999999999720e-02,5.529985284175718135e-02,6.306915145243354726e-01,4.677800000000000846e-01
1.124999999999999889e-01,3.125000000000000000e-01,-2.481150000000000022e-02,6.262399999999999911e-02,6.736004682487981010e-02,6.305011833390957721e-01,3.956319999999999837e-01
1.374999999999999833e-01,3.125000000000000000e-01,-3.462380000000000319e-02,7.016899999999999527e-02,7.824638066671198156e-02,6.371106340503194243e-01,3.318920000000000203e-01
1.625000000000000056e-01,3.125000000000000000e-01,-4.519349999999999756e-02,7.573199999999999377e-02,8.819176983284776616e-02,6.462108411037376099e-01,2.763019999999999921e-01
1.874999999999999722e-01,3.125000000000000000e-01,-5.626969999999999889e-02,7.948620000000000685e-02,9.738755119895972645e-02,6.550680729145637038e-01,2.280020000000000102e-01
2.124999999999999944e-01,3.125000000000000000e-01,-6.764259999999999717e-02,8.158410000000000661e-02,1.059787087464741789e-01,6.622122767995168857e-01,1.858080000000000009e-01
2.374999999999999889e-01,3.125000000000000000e-01,-7.913290000000000601e-02,8.214889999999999692e-02,1.140633930479888897e-01,6.669834870039887953e-01,1.484320000000000084e-01
2.624999999999999556e-01,3.125000000000000000e-01,-9.058159999999999823e-02,8.127130000000000465e-02,1.216965507409721176e-01,6.693030951041538668e-01,1.147060000000000024e-01
2.874999999999999778e-01,3.125000000000000000e-01,-1.018430000000000030e-01,7.901239999999999652e-02,1.288990147470491787e-01,6.695168711152841290e-01,8.369000000000000050e-02
3.125000000000000000e-01,3.125000000000000000e-01,-1.127790000000000042e-01,7.540919999999999568e-02,1.356674252930304692e-01,6.682723606105522851e-01,5.477600000000000524e-02
3.375000000000000222e-01,3.125000000000000000e-01,-1.232540000000000024e-01,7.048319999999999586e-02,1.419839075326496391e-01,6.664137935097083076e-01,2.776400000000000048e-02
3.624999999999999334e-01,3.125000000000000000e-01,-1.331309999999999993e-01,6.425039999999999918e-02,1.478241423488058093e-01,6.649142883379782765e-01,2.760000000000000300e-03
3.874999999999999556e-01,3.125000000000000000e-01,-1.422710000000000086e-01,5.673120000000000246e-02,1.531648343923630584e-01,6.648333112141719958e-01,1.967800000000000105e-02
4.124999999999999778e-01,3.125000000000000000e-01,-1.505299999999999971e-01,4.796050000000000313e-02,1.579857286600596655e-01,6.670932899467660881e-01,3.884400000000000353e-02
4.374999999999999445e-01,3.125000000000000000e-01,-1.577570000000000083e-01,3.799700000000000299e-02,1.622684290242559779e-01,6.725893244112636227e-01,5.366400000000000337e-02
4.624999999999999667e-01,3.125000000000000000e-01,-1.637990000000000002e-01,2.693129999999999830e-02,1.659982148117563339e-01,6.819576186479626712e-01,6.300400000000000444e-02
4.874999999999999889e-01,3.125000000000000000e-01,-1.684990000000000099e-01,1.489380000000000044e-02,1.691559584508922909e-01,6.955542856427526788e-01,6.564360000000001027e-02
5.124999999999999556e-01,3.125000000000000000e-01,-1.716989999999999905e-01,2.060119999999999920e-03,1.717113586674288706e-01,7.134772386105671105e-01,6.034400000000000180e-02
5.374999999999999778e-01,3.125000000000000000e-01,-1.732450000000000101e-01,-1.134340000000000001e-02,1.736159634035994992e-01,7.355498300482435914e-01,4.599040000000000072e-02
5.625000000000000000e-01,3.125000000000000000e-01,-1.729960000000000109e-01,-2.503740000000000132e-02,1.747984193714577084e-01,7.613498938700917762e-01,2.165999999999999870e-02
5.874999999999999112e-01,3.125000000000000000e-01,-1.708260000000000056e-01,-3.868839999999999779e-02,1.751522611060445378e-01,7.903164032639080627e-01,1.334200000000000143e-02
6.124999999999999334e-01,3.125000000000000000e-01,-1.666430000000000133e-01,-5.191230000000000150e-02,1.745416177886809916e-01,8.216880189560999970e-01,5.923600000000000393e-02
6.374999999999999556e-01,3.125000000000000000e-01,-1.603950000000000098e-01,-6.428159999999999430e-02,1.727966438434496987e-01,8.545192840609274754e-01,1.157040000000000152e-01
6.624999999999999778e-01,3.125000000000000000e-01,-1.520900000000000030e-01,-7.533810000000000506e-02,1.697268317373832325e-01,8.877248311160390593e-01,1.818720000000000059e-01
6.875000000000000000e-01,3.125000000000000000e-01,-1.418069999999999886e-01,-8.461299999999999377e-02,1.651320229937246198e-01,9.198668662540248064e-01,2.559239999999999848e-01
7.124999999999999112e-01,3.125000000000000000e-01,-1.297089999999999910e-01,-9.165289999999999548e-02,1.588227904282316638e-01,9.492552154547269083e-01,3.353680000000000549e-01
7.374999999999999334e-01,3.125000000000000000e-01,-1.160569999999999935e-01,-9.605360000000000287e-02,1.506503279849068233e-01,9.736785375882535121e-01,4.167279999999999873e-01
7.624999999999999556e-01,3.125000000000000000e-01,-1.012129999999999974e-01,-9.749750000000000083e-02,1.405341021789729139e-01,9.906832949373880481e-01,4.958940000000000570e-01
7.874999999999999778e-01,3.125000000000000000e-01,-8.563160000000000216e-02,-9.579379999999999840e-02,1.284882213940250761e-01,9.973904227853804816e-01,5.681380000000000319e-01
8.125000000000000000e-01,3.125000000000000000e-01,-6.985099999999999643e-02,-9.091470000000000107e-02,1.146500975886632218e-01,9.908804867288486529e-01,6.285440000000001026e-01
8.375000000000000222e-01,3.125000000000000000e-01,-5.446089999999999959e-02,-8.302299999999999958e-02,9.929153114848214556e-02,9.684675414323393738e-01,6.724380000000000912e-01
8.624999999999999334e-01,3.125000000000000000e-01,-4.006749999999999895e-02,-7.248549999999999438e-02,8.282241403448706296e-02,9.279565437303625153e-01,6.958400000000000141e-01
8.874999999999999556e-01,3.125000000000000000e-01,-2.725019999999999873e-02,-5.986670000000000186e-02,6.577685891656730177e-02,8.681522090278870341e-01,6.958760000000000501e-01
9.124999999999999778e-01,3.125000000000000000e-01,-1.650789999999999896e-02,-4.590480000000000255e-02,4.878279845857554087e-02,7.891550485677704119e-01,6.710260000000000113e-01
9.375000000000000000e-01,3.125000000000000000e-01,-8.212499999999999314e-03,-3.146709999999999785e-02,3.252112449870084299e-02,6.915923382079938175e-01,6.212020000000000319e-01
9.625000000000000222e-01,3.125000000000000000e-01,-2.691400000000000042e-03,-1.749650000000000163e-02,1.770229211740671771e-02,5.768641584283427104e-01,5.475740000000000052e-01
9.875000000000000444e-01,3.125000000000000000e-01,-3.346010000000000173e-04,-4.993560000000000186e-03,5.004757666740818241e-03,4.569680782975353295e-01,4.522590000000000221e-01
1.249999999999999896e-02,3.375000000000000222e-01,-5.501290000000000043e-04,1.126650000000000047e-02,1.127992305676953598e-02,8.492916130817814713e-01,8.437340000000000950e-01
3.749999999999999861e-02,3.375000000000000222e-01,-3.369190000000000206e-03,3.087449999999999917e-02,3.105778793645967359e-02,7.657766770775928933e-01,7.297560000000000713e-01
6.250000000000000000e-02,3.375000000000000222e-01,-9.087430000000000507e-03,4.748009999999999731e-02,4.834192052468436890e-02,7.153759052342761882e-01,6.205760000000000165e-01
8.750000000000000833e-02,3.375000000000000222e-01,-1.680270000000000027e-02,6.117240000000000177e-02,6.343810565464577667e-02,6.864296618743976897e-01,5.199220000000001063e-01
1.124999999999999889e-01,3.375000000000000222e-01,-2.596120000000000025e-02,7.213830000000000242e-02,7.666758266914380782e-02,6.737869296060884361e-01,4.296179999999999999e-01
1.374999999999999833e-01,3.375000000000000222e-01,-3.620980000000000032e-02,8.060599999999999710e-02,8.836558635600172407e-02,6.720412770239638789e-01,3.500739999999999963e-01
1.625000000000000056e-01,3.375000000000000222e-01,-4.724319999999999908e-02,8.681189999999999740e-02,9.883433577380888735e-02,6.757696417034432246e-01,2.806960000000000011e-01
1.874999999999999722e-01,3.375000000000000222e-01,-5.880269999999999941e-02,9.097639999999999894e-02,1.083257258653271132e-01,6.812865481689771574e-01,2.202640000000000153e-01
2.124999999999999944e-01,3.375000000000000222e-01,-7.067469999999999308e-02,9.328880000000000505e-02,1.170372309375525138e-01,6.864809966109768347e-01,1.672480000000000078e-01
2.374999999999999889e-01,3.375000000000000222e-01,-8.267929999999999724e-02,9.389899999999999636e-02,1.251115056639076628e-01,6.902705041126994123e-01,1.200520000000000059e-01
2.624999999999999556e-01,3.375000000000000222e-01,-9.466019999999999990e-02,9.291589999999999572e-02,1.326420669955425680e-01,6.924038476120709662e-01,7.724600000000000910e-02
2.874999999999999778e-01,3.375000000000000222e-01,-1.064760000000000012e-01,9.041150000000000575e-02,1.396831339434006225e-01,6.931029365281898835e-01,3.770800000000000540e-02
3.125000000000000000e-01,3.375000000000000222e-01,-1.179940000000000017e-01,8.642829999999999957e-02,1.462615297229247491e-01,6.929408872797160335e-01,7.000000000000001013e-04
3.375000000000000222e-01,3.375000000000000222e-01,-1.290850000000000053e-01,8.098850000000000493e-02,1.523879075164758790e-01,6.926983913305992946e-01,3.407400000000000012e-02
3.624999999999999334e-01,3.375000000000000222e-01,-1.396169999999999911e-01,7.410559999999999370e-02,1.580650076404009063e-01,6.932584365588350117e-01,6.648600000000000343e-02
3.874999999999999556e-01,3.375000000000000222e-01,-1.494560000000000055e-01,6.579519999999999813e-02,1.632975942230625865e-01,6.954882959475306992e-01,9.599400000000000988e-02
4.124999999999999778e-01,3.375000000000000222e-01,-1.584569999999999868e-01,5.608590000000000103e-02,1.680900027598607460e-01,7.001731538555303613e-01,1.217940000000000134e-01
4.374999999999999445e-01,3.375000000000000222e-01,-1.664720000000000089e-01,4.502950000000000008e-02,1.724545814243564901e-01,7.079705717951841892e-01,1.426880000000000093e-01
4.624999999999999667e-01,3.375000000000000222e-01,-1.733389999999999931e-01,3.271050000000000346e-02,1.763983722465998216e-01,7.192556413209424404e-01,1.574140000000000261e-01
4.874999999999999889e-01,3.375000000000000222e-01,-1.788909999999999945e-01,1.925479999999999900e-02,1.799242540738741070e-01,7.342555240568504615e-01,1.645119999999999916e-01
5.124999999999999556e-01,3.375000000000000222e-01,-1.829530000000000045e-01,4.836899999999999880e-03,1.830169276613778095e-01,7.529690593570229629e-01,1.625100000000000156e-01
5.374999999999999778e-01,3.375000000000000222e-01,-1.853490000000000137e-01,-1.031269999999999930e-02,1.856356743255186126e-01,7.752499599602956648e-01,1.499500000000000000e-01
5.625000000000000000e-01,3.375000000000000222e-01,-1.859040000000000137e-01,-2.590260000000000132e-02,1.876998718773137953e-01,8.008445984708894017e-01,1.255799999999999972e-01
5.874999999999999112e-01,3.375000000000000222e-01,-1.844590000000000118e-01,-4.157770000000000216e-02,1.890868261362753100e-01,8.295278316367691307e-01,8.827800000000000924e-02
6.124999999999999334e-01,3.375000000000000222e-01,-1.808770000000000100e-01,-5.691949999999999787e-02,1.896215140991391046e-01,8.609712602520481761e-01,3.744600000000000012e-02
6.374999999999999556e-01,3.375000000000000222e-01,-1.750579999999999914e-01,-7.145100000000000062e-02,1.890781551766358703e-01,8.948149053944061126e-01,2.702000000000000235e-02
6.624999999999999778e-01,3.375000000000000222e-01,-1.669619999999999993e-01,-8.464850000000000152e-02,1.871942253282669888e-01,9.305287536234438939e-01,1.044419999999999932e-01
6.875000000000000000e-01,3.375000000000000222e-01,-1.566180000000000072e-01,-9.596090000000000175e-02,1.836782302092711261e-01,9.672487550263375589e-01,1.932300000000000129e-01
7.124999999999999112e-01,3.375000000000000222e-01,-1.441550000000000054e-01,-1.048380000000000006e-01,1.782460946809214242e-01,1.003614015569730844e+00,2.907779999999999809e-01
7.374999999999999334e-01,3.375000000000000222e-01,-1.298070000000000057e-01,-1.107680000000000053e-01,1.706440947498623628e-01,1.037575747896990919e+00,3.932599999999999985e-01
7.624999999999999556e-01,3.375000000000000222e-01,-1.139320000000000055e-01,-1.133259999999999962e-01,1.606962442000434699e-01,1.066216055939883223e+00,4.957799999999999985e-01
7.874999999999999778e-01,3.375000000000000222e-01,-9.701010000000000189e-02,-1.122169999999999973e-01,1.483361540252746413e-01,1.086014595159751961e+00,5.926680000000000836e-01
8.125000000000000000e-01,3.375000000000000222e-01,-7.962950000000000583e-02,-1.073349999999999999e-01,1.336475196000659060e-01,1.092902142457411463e+00,6.775660000000001126e-01
8.375000000000000222e-01,3.375000000000000222e-01,-6.246279999999999888e-02,-9.879720000000000169e-02,1.168866464215651962e-01,1.082793871955322951e+00,7.443560000000000176e-01
8.624999999999999334e-01,3.375000000000000222e-01,-4.622330000000000189e-02,-8.696710000000000551e-02,9.848791776304341439e-02,1.052182878897010010e+00,7.876000000000000778e-01
8.874999999999999556e-01,3.375000000000000222e-01,-3.161300000000000221e-02,-7.245759999999999701e-02,7.905368787577211898e-02,9.987597766129751031e-01,8.031639999999999890e-01
9.124999999999999778e-01,3.375000000000000222e-01,-1.925489999999999841e-02,-5.610230000000000078e-02,5.931457864049950041e-02,9.220703785270405461e-01,7.887560000000000127e-01
9.375000000000000000e-01,3.375000000000000222e-01,-9.631950000000000234e-03,-3.890199999999999908e-02,4.007667731739371353e-02,8.226975503774154319e-01,7.440280000000000227e-01
9.625000000000000222e-01,3.375000000000000222e-01,-3.178349999999999925e-03,-2.195619999999999863e-02,2.218505413927358491e-02,7.025967438481337535e-01,6.704300000000000814e-01
9.875000000000000444e-01,3.375000000000000222e-01,-4.014539999999999819e-04,-6.435549999999999951e-03,6.448059329489454726e-03,5.757868575771858399e-01,5.707740000000000036e-01
1.249999999999999896e-02,3.624999999999999334e-01,-5.697490000000000367e-04,1.303520000000000026e-02,1.304764549499261295e-02,9.764078812151342213e-01,9.710240000000001093e-01
3.749999999999999861e-02,3.624999999999999334e-01,-3.487989999999999841e-03,3.548369999999999996e-02,3.565471974269465716e-02,8.650691648247786913e-01,8.298740000000001116e-01
6.250000000000000000e-02,3.624999999999999334e-01,-9.405719999999999359e-03,5.433020000000000210e-02,5.513835507846058526e-02,7.902340332374707677e-01,6.961550000000000793e-01
8.750000000000000833e-02,3.624999999999999334e-01,-1.738750000000000018e-02,6.975480000000000569e-02,7.188920140946065962e-02,7.418680564817440315e-01,5.737619999999999942e-01
1.124999999999999889e-01,3.624999999999999334e-01,-2.685879999999999865e-02,8.202710000000000556e-02,8.631245722287136934e-02,7.150183853580269755e-01,4.644360000000000155e-01
1.374999999999999833e-01,3.624999999999999334e-01,-3.745389999999999830e-02,9.144929999999999726e-02,9.882190595055329041e-02,7.036525746076681687e-01,3.683339999999999947e-01
1.625000000000000056e-01,3.624999999999999334e-01,-4.885790000000000272e-02,9.832069999999999699e-02,1.097909579195846114e-01,7.012707350945139861e-01,2.845099999999999851e-01
1.874999999999999722e-01,3.624999999999999334e-01,-6.080599999999999894e-02,1.029130000000000045e-01,1.195343264715203052e-01,7.031725433604472109e-01,2.113900000000000223e-01
2.124999999999999944e-01,3.624999999999999334e-01,-7.308240000000000569e-02,1.054569999999999952e-01,1.283051676229761129e-01,7.064414183780562961e-01,1.470200000000000118e-01
2.374999999999999889e-01,3.624999999999999334e-01,-8.550839999999999830e-02,1.061300000000000021e-01,1.362910979138402812e-01,7.095195883863953945e-01,8.949200000000001598e-02
2.624999999999999556e-01,3.624999999999999334e-01,-9.793140000000000178e-02,1.050640000000000046e-01,1.436280028474948844e-01,7.118683047333966840e-01,3.711600000000000316e-02
2.874999999999999778e-01,3.624999999999999334e-01,-1.102159999999999945e-01,1.023430000000000034e-01,1.504049743359573976e-01,7.135597698777587095e-01,1.152800000000000005e-02
3.125000000000000000e-01,3.624999999999999334e-01,-1.222369999999999984e-01,9.801459999999999340e-02,1.566803943770885277e-01,7.150815727733444982e-01,5.730199999999999877e-02
3.375000000000000222e-01,3.624999999999999334e-01,-1.338729999999999920e-01,9.210290000000000143e-02,1.624959209254496773e-01,7.170962829327732768e-01,1.006159999999999971e-01
3.624999999999999334e-01,3.624999999999999334e-01,-1.449999999999999900e-01,8.461780000000000690e-02,1.678844009336186160e-01,7.204072435504795813e-01,1.413720000000000254e-01
3.874999999999999556e-01,3.624999999999999334e-01,-1.554909999999999903e-01,7.556830000000000491e-02,1.728815173634532798e-01,7.256733778718907901e-01,1.790940000000000032e-01
4.124999999999999778e-01,3.624999999999999334e-01,-1.652059999999999917e-01,6.497410000000000685e-02,1.775236775948774715e-01,7.334855163478009032e-01,2.128140000000000309e-01
4.374999999999999445e-01,3.624999999999999334e-01,-1.739980000000000138e-01,5.287660000000000277e-02,1.818549939692611361e-01,7.442068339487349915e-01,2.413600000000000190e-01
4.624999999999999667e-01,3.624999999999999334e-01,-1.817030000000000034e-01,3.934909999999999797e-02,1.859148511545271887e-01,7.580079298688108258e-01,2.632080000000000530e-01
4.874999999999999889e-01,3.624999999999999334e-01,-1.881470000000000087e-01,2.450719999999999982e-02,1.897363867602627208e-01,7.748474776935135866e-01,2.767220000000000235e-01
5.124999999999999556e-01,3.624999999999999334e-01,-1.931410000000000071e-01,8.517979999999999649e-03,1.933287403990426034e-01,7.945631121490602800e-01,2.801079999999999681e-01
5.374999999999999778e-01,3.624999999999999334e-01,-1.964869999999999950e-01,-8.391209999999999641e-03,1.966660966569075408e-01,8.169420709183485840e-01,2.715780000000000416e-01
5.625000000000000000e-01,3.624999999999999334e-01,-1.979819999999999913e-01,-2.592490000000000072e-02,1.996721632176353123e-01,8.418654958127218535e-01,2.493279999999999941e-01
5.874999999999999112e-01,3.624999999999999334e-01,-1.974289999999999934e-01,-4.371359999999999829e-02,2.022105063194293839e-01,8.692712484558544617e-01,2.118760000000000088e-01
6.124999999999999334e-01,3.624999999999999334e-01,-1.946440000000000115e-01,-6.131070000000000270e-02,2.040717733310758453e-01,8.993278836420007805e-01,1.579939999999999956e-01
6.374999999999999556e-01,3.624999999999999334e-01,-1.894750000000000045e-01,-7.819429999999999437e-02,2.049759112127325089e-01,9.323375427429703155e-01,8.702200000000000213e-02
6.624999999999999778e-01,3.624999999999999334e-01,-1.818220000000000114e-01,-9.377580000000000637e-02,2.045804006977208211e-01,9.685664449979670687e-01,8.260000000000000198e-04
6.875000000000000000e-01,3.624999999999999334e-01,-1.716580000000000050e-01,-1.074179999999999996e-01,2.024971498268555992e-01,1.008092710309919759e+00,1.043960000000000027e-01
7.124999999999999112e-01,3.624999999999999334e-01,-1.590550000000000019e-01,-1.184639999999999999e-01,1.983235042071413157e-01,1.050228456289392431e+00,2.210600000000000065e-01
7.374999999999999334e-01,3.624999999999999334e-01,-1.442080000000000028e-01,-1.262770000000000004e-01,1.916815796914247139e-01,1.093474188995789742e+00,3.468800000000000217e-01
7.624999999999999556e-01,3.624999999999999334e-01,-1.274510000000000087e-01,-1.302979999999999972e-01,1.822671835657752037e-01,1.134816861171880964e+00,4.762800000000000367e-01
7.874999999999999778e-01,3.624999999999999334e-01,-1.092739999999999961e-01,-1.301019999999999954e-01,1.699039066060577530e-01,1.170033702977824497e+00,6.023979999999999890e-01
8.125000000000000000e-01,3.624999999999999334e-01,-9.030950000000000089e-02,-1.254679999999999962e-01,1.545898599981576915e-01,1.193793891673097907e+00,7.174100000000001032e-01
8.375000000000000222e-01,3.624999999999999334e-01,-7.131079999999999364e-02,-1.164349999999999968e-01,1.365369525866166334e-01,1.200273019156891774e+00,8.132260000000001154e-01
8.624999999999999334e-01,3.624999999999999334e-01,-5.310789999999999955e-02,-1.033430000000000043e-01,1.161904673000758725e-01,1.184090180771718126e+00,8.824299999999999367e-01
8.874999999999999556e-01,3.624999999999999334e-01,-3.654360000000000247e-02,-8.683899999999999952e-02,9.421489596640225672e-02,1.141330104334411955e+00,9.191900000000000626e-01
9.124999999999999778e-01,3.624999999999999334e-01,-2.239009999999999959e-02,-6.785449999999999815e-02,7.145312973033442205e-02,1.070552738207698029e+00,9.199500000000000455e-01
9.375000000000000000e-01,3.624999999999999334e-01,-1.126779999999999969e-02,-4.753980000000000011e-02,4.885689205096861026e-02,9.720102175646098130e-01,8.838530000000001108e-01
9.625000000000000222e-01,3.624999999999999334e-01,-3.746450000000000127e-03,-2.717740000000000086e-02,2.743441193761040134e-02,8.481332223174847806e-01,8.125959999999999850e-01
9.875000000000000444e-01,3.624999999999999334e-01,-4.815520000000000000e-04,-8.139699999999999713e-03,8.153932083277613124e-03,7.152641015742873254e-01,7.098610000000000753e-01
1.249999999999999896e-02,3.874999999999999556e-01,-5.824419999999999641e-04,1.485550000000000065e-02,1.486691356446804765e-02,1.107210302744062735e+00,1.102020000000000222e+00
3.749999999999999861e-02,3.874999999999999556e-01,-3.567900000000000151e-03,4.022710000000000174e-02,4.038501559761986659e-02,9.670165951572082808e-01,9.328630000000001088e-01
6.250000000000000000e-02,3.874999999999999556e-01,-9.624060000000000253e-03,6.137909999999999894e-02,6.212903063539298304e-02,8.663033580989051297e-01,7.738330000000001041e-01
8.750000000000000833e-02,3.874999999999999556e-01,-1.779390000000000138e-02,7.858529999999999682e-02,8.057463777951470729e-02,7.967799975131153456e-01,6.289860000000000451e-01
1.124999999999999889e-01,3.874999999999999556e-01,-2.748849999999999905e-02,9.220029999999999892e-02,9.621077357728706481e-02,7.540036722722245344e-01,4.999740000000000295e-01
1.374999999999999833e-01,3.874999999999999556e-01,-3.833290000000000308e-02,1.026029999999999998e-01,1.095298444781603875e-01,7.316472149554047455e-01,3.867039999999999922e-01
1.625000000000000056e-01,3.874999999999999556e-01,-5.000500000000000084e-02,1.101590000000000069e-01,1.209772925221919565e-01,7.222924421949880047e-01,2.879039999999999933e-01
1.874999999999999722e-01,3.874999999999999556e-01,-6.223589999999999678e-02,1.151960000000000067e-01,1.309329052026647622e-01,7.201551276468148854e-01,2.015800000000000092e-01
2.124999999999999944e-01,3.874999999999999556e-01,-7.480870000000000575e-02,1.179869999999999947e-01,1.397042367456692302e-01,7.213961047857134767e-01,1.253800000000000192e-01
2.374999999999999889e-01,3.874999999999999556e-01,-8.754689999999999694e-02,1.187430000000000013e-01,1.475274881119108539e-01,7.239354879379793495e-01,5.705000000000000349e-02
2.624999999999999556e-01,3.874999999999999556e-01,-1.003030000000000033e-01,1.176190000000000013e-01,1.545798207076201913e-01,7.268107734947246712e-01,5.448000000000000585e-03
2.874999999999999778e-01,3.874999999999999556e-01,-1.129489999999999938e-01,1.147129999999999955e-01,1.609861763320068473e-01,7.299457240096691724e-01,6.375999999999999723e-02
3.125000000000000000e-01,3.874999999999999556e-01,-1.253690000000000082e-01,1.100809999999999983e-01,1.668388825244283280e-01,7.337124856399814821e-01,1.189999999999999947e-01
3.375000000000000222e-01,3.874999999999999556e-01,-1.374509999999999899e-01,1.037470000000000059e-01,1.722098063700206183e-01,7.386737930778376482e-01,1.716640000000000110e-01
3.624999999999999334e-01,3.874999999999999556e-01,-1.490829999999999933e-01,9.571880000000000666e-02,1.771661072621961708e-01,7.454523122212446395e-01,2.217500000000000027e-01
3.874999999999999556e-01,3.874999999999999556e-01,-1.601450000000000096e-01,8.599650000000000349e-02,1.817740879147795585e-01,7.545660811486295527e-01,2.688419999999999699e-01
4.124999999999999778e-01,3.874999999999999556e-01,-1.705079999999999929e-01,7.458869999999999389e-02,1.861087107893932002e-01,7.663758586098600167e-01,3.119160000000000266e-01
4.374999999999999445e-01,3.874999999999999556e-01,-1.800289999999999946e-01,6.152269999999999961e-02,1.902511063208043585e-01,7.809575189983126720e-01,3.497240000000000348e-01
4.624999999999999667e-01,3.874999999999999556e-01,-1.885479999999999934e-01,4.685650000000000232e-02,1.942829892096835098e-01,7.981735073428584126e-01,3.806000000000000494e-01
4.874999999999999889e-01,3.874999999999999556e-01,-1.958860000000000046e-01,3.068970000000000031e-02,1.982755221455487771e-01,8.176921643577123033e-01,4.026740000000000319e-01
5.124999999999999556e-01,3.874999999999999556e-01,-2.018459999999999976e-01,1.317480000000000040e-02,2.022755127815524800e-01,8.390975040893640102e-01,4.138370000000000104e-01
5.374999999999999778e-01,3.874999999999999556e-01,-2.062130000000000074e-01,-5.472170000000000159e-03,2.062855933251493690e-01,8.619907642434458950e-01,4.118640000000000079e-01
5.625000000000000000e-01,3.874999999999999556e-01,-2.087600000000000011e-01,-2.496040000000000064e-02,2.102469004959645060e-01,8.861375415549214152e-01,3.944670000000000121e-01
5.874999999999999112e-01,3.874999999999999556e-01,-2.092509999999999926e-01,-4.491549999999999709e-02,2.140172496348133058e-01,9.115860446430714692e-01,3.595320000000000182e-01
6.124999999999999334e-01,3.874999999999999556e-01,-2.074580000000000035e-01,-6.487199999999999911e-02,2.173642062254040885e-01,9.388433750035199976e-01,3.051079999999999903e-01
6.374999999999999556e-01,3.874999999999999556e-01,-2.031719999999999915e-01,-8.427089999999999581e-02,2.199555549896614615e-01,9.688284190897787918e-01,2.298600000000000088e-01
6.624999999999999778e-01,3.874999999999999556e-01,-1.962270000000000125e-01,-1.024639999999999995e-01,2.213682606540513242e-01,1.002812310784027217e+00,1.331819999999999948e-01
6.875000000000000000e-01,3.874999999999999556e-01,-1.865259999999999974e-01,-1.187269999999999992e-01,2.211064205422357265e-01,1.042129709201306653e+00,1.567999999999999949e-02
7.124999999999999112e-01,3.874999999999999556e-01,-1.740669999999999995e-01,-1.322889999999999899e-01,2.186314250285169014e-01,1.087504407347391178e+00,1.204599999999999976e-01
7.374999999999999334e-01,3.874999999999999556e-01,-1.589849999999999874e-01,-1.423750000000000016e-01,2.134171287643051029e-01,1.138424562981667387e+00,2.713000000000000411e-01
7.624999999999999556e-01,3.874999999999999556e-01,-1.415710000000000024e-01,-1.482630000000000059e-01,2.049982078214343806e-01,1.192480587011796933e+00,4.308400000000000007e-01
7.874999999999999778e-01,3.874999999999999556e-01,-1.223000000000000059e-01,-1.493659999999999988e-01,1.930479006775261408e-01,1.244980049960640933e+00,5.910400000000000098e-01
8.125000000000000000e-01,3.874999999999999556e-01,-1.018330000000000068e-01,-1.453069999999999917e-01,1.774375499661782485e-01,1.289251318565934223e+00,7.423700000000000854e-01
8.375000000000000222e-01,3.874999999999999556e-01,-8.099910000000000443e-02,-1.360069999999999890e-01,1.582995838586128412e-01,1.317327543700502979e+00,8.743959999999999511e-01
8.624999999999999334e-01,3.874999999999999556e-01,-6.074879999999999863e-02,-1.217450000000000060e-01,1.360597726237994243e-01,1.321285492627539693e+00,9.771520000000001316e-01
8.874999999999999556e-01,3.874999999999999556e-01,-4.208400000000000335e-02,-1.031809999999999949e-01,1.114333065873933382e-01,1.294870219754860274e+00,1.042329999999999979e+00
9.124999999999999778e-01,3.874999999999999556e-01,-2.595319999999999919e-02,-8.134210000000000051e-02,8.538211652711591437e-02,1.234948614087242325e+00,1.064500000000000002e+00
9.375000000000000000e-01,3.874999999999999556e-01,-1.314749999999999946e-02,-5.754170000000000118e-02,5.902460499774649094e-02,1.141045680421691300e+00,1.041930000000000023e+00
9.625000000000000222e-01,3.874999999999999556e-01,-4.408060000000000103e-03,-3.327440000000000259e-02,3.356511117698852964e-02,1.015898070437167400e+00,9.763990000000000169e-01
9.875000000000000444e-01,3.874999999999999556e-01,-5.774130000000000365e-04,-1.015070000000000035e-02,1.016710953332209365e-02,8.785947789288350851e-01,8.727050000000000640e-01
1.249999999999999896e-02,4.124999999999999778e-01,-5.879130000000000206e-04,1.670659999999999853e-02,1.671694126494344471e-02,1.240280173982209355e+00,1.235289999999999999e+00
3.749999999999999861e-02,4.124999999999999778e-01,-3.607550000000000166e-03,4.505409999999999970e-02,4.519830023145228470e-02,1.070679816506522108e+00,1.037760000000000016e+00
6.250000000000000000e-02,4.124999999999999778e-01,-9.739160000000000178e-03,6.855559999999999432e-02,6.924392774002352535e-02,9.430734945342490461e-01,8.530180000000000540e-01
8.750000000000000833e-02,4.124999999999999778e-01,-1.801559999999999967e-02,8.757800000000000307e-02,8.941178852567484292e-02,8.509259974010666694e-01,6.852700000000000458e-01
1.124999999999999889e-01,4.124999999999999778e-01,-2.783980000000000135e-02,1.025609999999999994e-01,1.062723538133977796e-01,7.906062192242102604e-01,5.361320000000000530e-01
1.374999999999999833e-01,4.124999999999999778e-01,-3.883040000000000103e-02,1.139629999999999949e-01,1.203966998433096541e-01,7.558167277799560102e-01,4.052740000000000231e-01
1.625000000000000056e-01,4.124999999999999778e-01,-5.066009999999999958e-02,1.222179999999999933e-01,1.323014937784528500e-01,7.384490153612501828e-01,2.910719999999999974e-01
1.874999999999999722e-01,4.124999999999999778e-01,-6.305700000000000194e-02,1.277119999999999922e-01,1.424308259928306342e-01,7.316400411623190658e-01,1.911059999999999981e-01
2.124999999999999944e-01,4.124999999999999778e-01,-7.580439999999999401e-02,1.307629999999999904e-01,1.511465157665236869e-01,7.306333826537082521e-01,1.026580000000000131e-01
2.374999999999999889e-01,4.124999999999999778e-01,-8.872889999999999944e-02,1.316199999999999870e-01,1.587345019055718676e-01,7.326511476139241363e-01,2.306600000000000317e-02
2.624999999999999556e-01,4.124999999999999778e-01,-1.016890000000000016e-01,1.304609999999999936e-01,1.654107772849157387e-01,7.363469786479740486e-01,5.006000000000000727e-02
2.874999999999999778e-01,4.124999999999999778e-01,-1.145660000000000012e-01,1.274029999999999885e-01,1.713385326334972425e-01,7.413545443308485750e-01,1.185800000000000048e-01
3.125000000000000000e-01,4.124999999999999778e-01,-1.272530000000000050e-01,1.225109999999999949e-01,1.766416460804189903e-01,7.479115124130661929e-01,1.839200000000000002e-01
3.375000000000000222e-01,4.124999999999999778e-01,-1.396519999999999984e-01,1.158109999999999973e-01,1.814245540851623373e-01,7.565124440483448343e-01,2.467200000000000226e-01
3.624999999999999334e-01,4.124999999999999778e-01,-1.516629999999999923e-01,1.073059999999999986e-01,1.857854763026431932e-01,7.676007624931074913e-01,3.071580000000000421e-01
3.874999999999999556e-01,4.124999999999999778e-01,-1.631789999999999907e-01,9.698809999999999376e-02,1.898264406836149831e-01,7.815313399346184298e-01,3.647400000000000642e-01
4.124999999999999778e-01,4.124999999999999778e-01,-1.740839999999999888e-01,8.485299999999999787e-02,1.936627756307339465e-01,7.984162958507297070e-01,4.185620000000000451e-01
4.374999999999999445e-01,4.124999999999999778e-01,-1.842439999999999911e-01,7.091100000000000181e-02,1.974188984292030713e-01,8.180342939755033127e-01,4.672860000000000347e-01
4.624999999999999667e-01,4.124999999999999778e-01,-1.935060000000000113e-01,5.520069999999999838e-02,2.012254688564298066e-01,8.399409171721544665e-01,5.091120000000000090e-01
4.874999999999999889e-01,4.124999999999999778e-01,-2.016950000000000132e-01,3.780039999999999789e-02,2.052065867976951841e-01,8.634663017512611560e-01,5.419539999999999358e-01
5.124999999999999556e-01,4.124999999999999778e-01,-2.086109999999999909e-01,1.884100000000000011e-02,2.094600978754664611e-01,8.878300910044670813e-01,5.633869999999999711e-01
5.374999999999999778e-01,4.124999999999999778e-01,-2.140289999999999970e-01,-1.480940000000000034e-03,2.140341235043692614e-01,9.122835874600616624e-01,5.707699999999999996e-01
5.625000000000000000e-01,4.124999999999999778e-01,-2.177020000000000066e-01,-2.288950000000000012e-02,2.189020100735715180e-01,9.362914971658131691e-01,5.612709999999999644e-01
5.874999999999999112e-01,4.124999999999999778e-01,-2.193640000000000034e-01,-4.501650000000000096e-02,2.239353696231347890e-01,9.597679577856306210e-01,5.319860000000000699e-01
6.124999999999999334e-01,4.124999999999999778e-01,-2.187439999999999940e-01,-6.738979999999999970e-02,2.288893240848947908e-01,9.832236370022844341e-01,4.802420000000000022e-01
6.374999999999999556e-01,4.124999999999999778e-01,-2.155739999999999879e-01,-8.942460000000000686e-02,2.333857505529418619e-01,1.008028436434210695e+00,4.037040000000000628e-01
6.624999999999999778e-01,4.124999999999999778e-01,-2.096189999999999998e-01,-1.104220000000000063e-01,2.369243407609273044e-01,1.036441781164769704e+00,3.008680000000000243e-01
6.875000000000000000e-01,4.124999999999999778e-01,-2.006989999999999885e-01,-1.295789999999999997e-01,2.388949682224387194e-01,1.071309071930224954e+00,1.713400000000000201e-01
7.124999999999999112e-01,4.124999999999999778e-01,-1.887260000000000049e-01,-1.460059999999999969e-01,2.386110959532267706e-01,1.115483985720996385e+00,1.645999999999999894e-02
7.374999999999999334e-01,4.124999999999999778e-01,-1.737470000000000125e-01,-1.587780000000000025e-01,2.353688027182022358e-01,1.170508765622880976e+00,1.601799999999999891e-01
7.624999999999999556e-01,4.124999999999999778e-01,-1.559840000000000115e-01,-1.669889999999999985e-01,2.285089371928371860e-01,1.235460507017525078e+00,3.524800000000000155e-01
7.874999999999999778e-01,4.124999999999999778e-01,-1.358699999999999908e-01,-1.698479999999999990e-01,2.175063217564031925e-01,1.305882797650692595e+00,5.514000000000000012e-01
8.125000000000000000e-01,4.124999999999999778e-01,-1.140690000000000037e-01,-1.667800000000000116e-01,2.020576778076002833e-01,1.373928740358829614e+00,7.456200000000000605e-01
8.375000000000000222e-01,4.124999999999999778e-01,-9.146859999999999713e-02,-1.575320000000000054e-01,1.821615651282124659e-01,1.429107235313011870e+00,9.220580000000000442e-01
8.624999999999999334e-01,4.124999999999999778e-01,-6.913950000000000651e-02,-1.422730000000000106e-01,1.581830489946694784e-01,1.460105470856129628e+00,1.067379999999999995e+00
8.874999999999999556e-01,4.124999999999999778e-01,-4.825709999999999722e-02,-1.216440000000000021e-01,1.308663839051496247e-01,1.457310926020936925e+00,1.169999999999999929e+00
9.124999999999999778e-01,4.124999999999999778e-01,-2.997599999999999917e-02,-9.674969999999999404e-02,1.012870427354358033e-01,1.414952960919902747e+00,1.221759999999999957e+00
9.375000000000000000e-01,4.124999999999999778e-01,-1.529639999999999993e-02,-6.908129999999999826e-02,7.075454658642085781e-02,1.331042882838866515e+00,1.219270000000000076e+00
9.625000000000000222e-01,4.124999999999999778e-01,-5.175380000000000258e-03,-4.037459999999999660e-02,4.070494912543681787e-02,1.208407097396303920e+00,1.164279999999999982e+00
9.875000000000000444e-01,4.124999999999999778e-01,-6.917159999999999889e-04,-1.251960000000000052e-02,1.253869431737834536e-02,1.069358135295801038e+00,1.062880000000000047e+00
1.249999999999999896e-02,4.374999999999999445e-01,-5.861240000000000417e-04,1.856709999999999958e-02,1.857634904262341763e-02,1.374179547067414298e+00,1.369400000000000173e+00
3.749999999999999861e-02,4.374999999999999445e-01,-3.606960000000000201e-03,4.991330000000000072e-02,5.004345788743620044e-02,1.175102197185827535e+00,1.143599999999999950e+00
6.250000000000000000e-02,4.374999999999999445e-01,-9.751050000000000689e-03,7.578669999999999851e-02,7.641143155963313338e-02,1.020016666763068125e+00,9.331170000000000853e-01
8.750000000000000833e-02,4.374999999999999445e-01,-1.805199999999999860e-02,9.664409999999999668e-02,9.831559779002514710e-02,9.041154747138220316e-01,7.423560000000000159e-01
1.124999999999999889e-01,4.374999999999999445e-01,-2.791010000000000019e-02,1.130099999999999993e-01,1.164054714436138505e-01,8.247330669762187316e-01,5.728620000000000934e-01
1.374999999999999833e-01,4.374999999999999445e-01,-3.893959999999999783e-02,1.254200000000000037e-01,1.313258118123014073e-01,7.759802592695255186e-01,4.241260000000000030e-01
1.625000000000000056e-01,4.374999999999999445e-01,-5.080960000000000337e-02,1.343799999999999994e-01,1.436648873321522413e-01,7.493593566694154440e-01,2.942020000000000191e-01
1.874999999999999722e-01,4.374999999999999445e-01,-6.324620000000000242e-02,1.403349999999999875e-01,1.539285354943650264e-01,7.370761519001955975e-01,1.802700000000000136e-01
2.124999999999999944e-01,4.374999999999999445e-01,-7.603360000000000674e-02,1.436530000000000029e-01,1.625339741037546970e-01,7.334485630199298889e-01,7.922600000000000475e-02
2.374999999999999889e-01,4.374999999999999445e-01,-8.900220000000000353e-02,1.446220000000000006e-01,1.698143530118700062e-01,7.348847304360052179e-01,1.196200000000000041e-02
2.624999999999999556e-01,4.374999999999999445e-01,-1.020169999999999966e-01,1.434499999999999942e-01,1.760266195465901573e-01,7.395773300581893750e-01,9.607999999999999874e-02
2.874999999999999778e-01,4.374999999999999445e-01,-1.149700000000000027e-01,1.402710000000000068e-01,1.813671809920416877e-01,7.468729447503101859e-01,1.753800000000000081e-01
3.125000000000000000e-01,4.374999999999999445e-01,-1.277649999999999897e-01,1.351610000000000034e-01,1.859902985265629305e-01,7.568382630390724231e-01,2.514000000000000123e-01
3.375000000000000222e-01,4.374999999999999445e-01,-1.403200000000000003e-01,1.281499999999999861e-01,1.900319049528262916e-01,7.698354883999568576e-01,3.250399999999999956e-01
3.624999999999999334e-01,4.374999999999999445e-01,-1.525479999999999892e-01,1.192389999999999978e-01,1.936203280262689674e-01,7.861884382258493842e-01,3.966200000000000281e-01
3.874999999999999556e-01,4.374999999999999445e-01,-1.643610000000000071e-01,1.084100000000000064e-01,1.968940487191017386e-01,8.060653387933265357e-01,4.657800000000000273e-01
4.124999999999999778e-01,4.374999999999999445e-01,-1.756570000000000076e-01,9.564599999999999491e-02,2.000088472168168874e-01,8.292800221300403729e-01,5.316279999999999895e-01
4.374999999999999445e-01,4.374999999999999445e-01,-1.863170000000000104e-01,8.093759999999999843e-02,2.031376862690918994e-01,8.554182149872657792e-01,5.927839999999999776e-01
4.624999999999999667e-01,4.374999999999999445e-01,-1.962029999999999885e-01,6.430080000000000517e-02,2.064708456166148287e-01,8.836505092512537685e-01,6.473700000000000010e-01
4.874999999999999889e-01,4.374999999999999445e-01,-2.051479999999999970e-01,4.578809999999999825e-02,2.101957468780231986e-01,9.129331446058905897e-01,6.931220000000000159e-01
5.124999999999999556e-01,4.374999999999999445e-01,-2.129580000000000084e-01,2.550269999999999967e-02,2.144795968648066931e-01,9.420754897183134524e-01,7.273180000000000200e-01
5.374999999999999778e-01,4.374999999999999445e-01,-2.194049999999999889e-01,3.613180000000000124e-03,2.194347490592873096e-01,9.698771068032279175e-01,7.468900000000000539e-01
5.625000000000000000e-01,4.374999999999999445e-01,-2.242319999999999869e-01,-1.962979999999999933e-02,2.250895796611651067e-01,9.953065065938230260e-01,7.484880000000000422e-01
5.874999999999999112e-01,4.374999999999999445e-01,-2.271519999999999928e-01,-4.387719999999999815e-02,2.313509018435847830e-01,1.017769645428669767e+00,7.284500000000000419e-01
6.124999999999999334e-01,4.374999999999999445e-01,-2.278540000000000010e-01,-6.866429999999999756e-02,2.379752747881384578e-01,1.037438721452019097e+00,6.831920000000000215e-01
6.374999999999999556e-01,4.374999999999999445e-01,-2.260189999999999977e-01,-9.339680000000000204e-02,2.445558230982038950e-01,1.055668529206019279e+00,6.092740000000000933e-01
6.624999999999999778e-01,4.374999999999999445e-01,-2.213380000000000070e-01,-1.173410000000000009e-01,2.505183037723990314e-01,1.075249930395719700e+00,5.039040000000000186e-01
6.875000000000000000e-01,4.374999999999999445e-01,-2.135430000000000106e-01,-1.396219999999999961e-01,2.551370528421930683e-01,1.100616870305012318e+00,3.654600000000000071e-01
7.124999999999999112e-01,4.374999999999999445e-01,-2.024430000000000118e-01,-1.592439999999999967e-01,2.575690582834048725e-01,1.137239324153012321e+00,1.940399999999999903e-01
7.374999999999999334e-01,4.374999999999999445e-01,-1.879770000000000052e-01,-1.751219999999999999e-01,2.569106214483939943e-01,1.189983050971735512e+00,7.760000000000000404e-03
7.624999999999999556e-01,4.374999999999999445e-01,-1.702649999999999997e-01,-1.861490000000000089e-01,2.522729086247669228e-01,1.261093786520257165e+00,2.342200000000000115e-01
7.874999999999999778e-01,4.374999999999999445e-01,-1.496609999999999885e-01,-1.912919999999999898e-01,2.428807200767487684e-01,1.347831797369390072e+00,4.758000000000000007e-01
8.125000000000000000e-01,4.374999999999999445e-01,-1.267979999999999940e-01,-1.897230000000000028e-01,2.281941049479587202e-01,1.441682649822768836e+00,7.193800000000001305e-01
8.375000000000000222e-01,4.374999999999999445e-01,-1.025950000000000056e-01,-1.809540000000000037e-01,2.080146248247944918e-01,1.529420719259419581e+00,9.490080000000000737e-01
8.624999999999999334e-01,4.374999999999999445e-01,-7.822969999999999924e-02,-1.649770000000000125e-01,1.825850390669783441e-01,1.595454006212651876e+00,1.147420000000000107e+00
8.874999999999999556e-01,4.374999999999999445e-01,-5.506090000000000290e-02,-1.423580000000000123e-01,1.526351953934937111e-01,1.625343165937581436e+00,1.298499999999999988e+00
9.124999999999999778e-01,4.374999999999999445e-01,-3.447850000000000220e-02,-1.142559999999999965e-01,1.193448804861356322e-01,1.609314488717478842e+00,1.390150000000000219e+00
9.375000000000000000e-01,4.374999999999999445e-01,-1.773570000000000008e-02,-8.233939999999999315e-02,8.422785671528154605e-02,1.542786679114128479e+00,1.416479999999999961e+00
9.625000000000000222e-01,4.374999999999999445e-01,-6.060180000000000081e-03,-4.861680000000000168e-02,4.899305077123081165e-02,1.428170521988183284e+00,1.378670000000000062e+00
9.875000000000000444e-01,4.374999999999999445e-01,-8.273220000000000183e-04,-1.530399999999999990e-02,1.532634586885223485e-02,1.291510741239744409e+00,1.284329999999999972e+00
1.249999999999999896e-02,4.624999999999999667e-01,-5.773850000000000293e-04,2.041640000000000121e-02,2.042456272232590769e-02,1.507480110020112507e+00,1.502940000000000165e+00
3.749999999999999861e-02,4.624999999999999667e-01,-3.567980000000000110e-03,5.475429999999999880e-02,5.487042782565487026e-02,1.279347529192689903e+00,1.249440000000000106e+00
6.250000000000000000e-02,4.624999999999999667e-01,-9.664219999999999408e-03,8.300040000000000195e-02,8.356113659093203361e-02,1.096612053667640696e+00,1.013570000000000082e+00
8.750000000000000833e-02,4.624999999999999667e-01,-1.791010000000000171e-02,1.056949999999999973e-01,1.072017010453192448e-01,9.561369821568455052e-01,7.999500000000000499e-01
1.124999999999999889e-01,4.624999999999999667e-01,-2.770699999999999899e-02,1.234439999999999982e-01,1.265152124647467013e-01,8.563114055645878464e-01,6.101260000000000572e-01
1.374999999999999833e-01,4.624999999999999667e-01,-3.866669999999999829e-02,1.368600000000000094e-01,1.422173452462462406e-01,7.919939725225186855e-01,4.433960000000000123e-01
1.625000000000000056e-01,4.624999999999999667e-01,-5.045519999999999866e-02,1.465190000000000103e-01,1.549630425877086548e-01,7.547035356721206734e-01,2.975499999999999812e-01
1.874999999999999722e-01,4.624999999999999667e-01,-6.279750000000000609e-02,1.529290000000000094e-01,1.653203104498960352e-01,7.359879570454941344e-01,1.694640000000000035e-01
2.124999999999999944e-01,4.624999999999999667e-01,-7.547869999999999580e-02,1.565120000000000122e-01,1.737614465227830807e-01,7.291739917056834219e-01,5.560800000000000465e-02
2.374999999999999889e-01,4.624999999999999667e-01,-8.833380000000000398e-02,1.575969999999999871e-01,1.806645361753102808e-01,7.298720984884954355e-01,4.750599999999999962e-02
2.624999999999999556e-01,4.624999999999999667e-01,-1.012360000000000065e-01,1.564220000000000055e-01,1.863238304136108081e-01,7.356827537464774025e-01,1.429720000000000157e-01
2.874999999999999778e-01,4.624999999999999667e-01,-1.140860000000000068e-01,1.531450000000000033e-01,1.909686006153891447e-01,7.456830342712645887e-01,2.333600000000000119e-01
3.125000000000000000e-01,4.624999999999999667e-01,-1.268040000000000000e-01,1.478540000000000132e-01,1.947820826770265412e-01,7.597479545217611374e-01,3.204800000000000426e-01
3.375000000000000222e-01,4.624999999999999667e-01,-1.393220000000000014e-01,1.405859999999999888e-01,1.979268629570023752e-01,7.780365675210902943e-01,4.055200000000000471e-01
3.624999999999999334e-01,4.624999999999999667e-01,-1.515720000000000123e-01,1.313390000000000113e-01,2.005592284214316734e-01,8.007167147000242569e-01,4.889000000000000568e-01
3.874999999999999556e-01,4.624999999999999667e-01,-1.634829999999999894e-01,1.200880000000000003e-01,2.028492519902402591e-01,8.277809478358391093e-01,5.704399999999999471e-01
4.124999999999999778e-01,4.624999999999999667e-01,-1.749749999999999917e-01,1.068000000000000060e-01,2.049938794818030596e-01,8.588256237653836278e-01,6.493140000000000578e-01
4.374999999999999445e-01,4.624999999999999667e-01,-1.859500000000000042e-01,9.144829999999999626e-02,2.072201584616950309e-01,8.930980735059279585e-01,7.241260000000000474e-01
4.624999999999999667e-01,4.624999999999999667e-01,-1.962869999999999893e-01,7.402269999999999683e-02,2.097807104675975531e-01,9.294924220992873964e-01,7.930320000000000702e-01
4.874999999999999889e-01,4.624999999999999667e-01,-2.058369999999999922e-01,5.454669999999999658e-02,2.129418067216722055e-01,9.665994174051628640e-01,8.535520000000000884e-01
5.124999999999999556e-01,4.624999999999999667e-01,-2.144199999999999995e-01,3.309009999999999729e-02,2.169582704531219375e-01,1.002799045887061036e+00,9.028040000000001619e-01
5.374999999999999778e-01,4.624999999999999667e-01,-2.218169999999999864e-01,9.786490000000000120e-03,2.220327833350743962e-01,1.036349091860459870e+00,9.373100000000000875e-01
5.625000000000000000e-01,4.624999999999999667e-01,-2.277679999999999982e-01,-1.514940000000000037e-02,2.282712556244434476e-01,1.065610251872606495e+00,9.532040000000000513e-01
5.874999999999999112e-01,4.624999999999999667e-01,-2.319759999999999878e-01,-4.140069999999999861e-02,2.356414278867151879e-01,1.089265082119132311e+00,9.461760000000000170e-01
6.124999999999999334e-01,4.624999999999999667e-01,-2.341040000000000065e-01,-6.852719999999999645e-02,2.439275711268408531e-01,1.106669670680461071e+00,9.116180000000000394e-01
6.374999999999999556e-01,4.624999999999999667e-01,-2.337869999999999948e-01,-9.594360000000000388e-02,2.527084006319536558e-01,1.118486401707236011e+00,8.449160000000000004e-01
6.624999999999999778e-01,4.624999999999999667e-01,-2.306489999999999929e-01,-1.229009999999999964e-01,2.613496068525835714e-01,1.127323454958691240e+00,7.418680000000000829e-01
6.875000000000000000e-01,4.624999999999999667e-01,-2.243290000000000006e-01,-1.484769999999999979e-01,2.690147203593141745e-01,1.138423707061654744e+00,5.990999999999999659e-01
7.124999999999999112e-01,4.624999999999999667e-01,-2.145239999999999925e-01,-1.715770000000000073e-01,2.746984046276934599e-01,1.159786312386898333e+00,4.149400000000000310e-01
7.374999999999999334e-01,4.624999999999999667e-01,-2.010399999999999965e-01,-1.909639999999999949e-01,2.772802389208434137e-01,1.200870081232770392e+00,1.904400000000000259e-01
7.624999999999999556e-01,4.624999999999999667e-01,-1.838650000000000007e-01,-2.053159999999999985e-01,2.756102285493047255e-01,1.269367979586691897e+00,6.976000000000000256e-02
7.874999999999999778e-01,4.624999999999999667e-01,-1.632339999999999902e-01,-2.133299999999999919e-01,2.686168789484383868e-01,1.366923515343854367e+00,3.563800000000000301e-01
8.125000000000000000e-01,4.624999999999999667e-01,-1.396999999999999909e-01,-2.138660000000000005e-01,2.554501046310218015e-01,1.486063269043414792e+00,6.551000000000000156e-01
8.375000000000000222e-01,4.624999999999999667e-01,-1.141729999999999967e-01,-2.061230000000000007e-01,2.356314178075580856e-01,1.610938701037379905e+00,9.469600000000000239e-01
8.624999999999999334e-01,4.624999999999999667e-01,-8.791430000000000078e-02,-1.898340000000000027e-01,2.092029438141108089e-01,1.720590530441220345e+00,1.210040000000000227e+00
8.874999999999999556e-01,4.624999999999999667e-01,-6.246100000000000263e-02,-1.654140000000000055e-01,1.768139358676233119e-01,1.794097395037404397e+00,1.422649999999999970e+00
9.124999999999999778e-01,4.624999999999999667e-01,-3.946510000000000296e-02,-1.340230000000000032e-01,1.397127719537838153e-01,1.815647201418821854e+00,1.567150000000000043e+00
9.375000000000000000e-01,4.624999999999999667e-01,-2.048140000000000030e-02,-9.749810000000000421e-02,9.962613738156268772e-02,1.776409161271130133e+00,1.633620000000000294e+00
9.625000000000000222e-01,4.624999999999999667e-01,-7.073580000000000319e-03,-5.814880000000000049e-02,5.857745705863647012e-02,1.677531267958293215e+00,1.621910000000000185e+00
9.875000000000000444e-01,4.624999999999999667e-01,-9.872940000000001055e-04,-1.856779999999999889e-02,1.859402985590901877e-02,1.549270506141336767e+00,1.541280000000000205e+00
1.249999999999999896e-02,4.874999999999999889e-01,-5.624440000000000515e-04,2.223479999999999901e-02,2.224191255924579808e-02,1.638885223582695394e+00,1.634600000000000053e+00
3.749999999999999861e-02,4.874999999999999889e-01,-3.494769999999999908e-03,5.953019999999999839e-02,5.963269346082650246e-02,1.382539632860931844e+00,1.354410000000000114e+00
6.250000000000000000e-02,4.874999999999999889e-01,-9.488780000000000478e-03,9.012879999999999503e-02,9.062691396780760134e-02,1.172385020965808655e+00,1.093870000000000120e+00
8.750000000000000833e-02,4.874999999999999889e-01,-1.760590000000000072e-02,1.146459999999999979e-01,1.159899695267224418e-01,1.006781551362558425e+00,8.578060000000000684e-01
1.124999999999999889e-01,4.874999999999999889e-01,-2.725139999999999854e-02,1.337619999999999920e-01,1.365097485381904785e-01,8.852850710725896910e-01,6.478580000000000449e-01
1.374999999999999833e-01,4.874999999999999889e-01,-3.803440000000000293e-02,1.481659999999999922e-01,1.529698635004947682e-01,8.037749118876503784e-01,4.632279999999999731e-01
1.625000000000000056e-01,4.874999999999999889e-01,-4.961809999999999832e-02,1.585050000000000070e-01,1.660897073048477612e-01,7.542306165331662537e-01,3.014660000000000117e-01
1.874999999999999722e-01,4.874999999999999889e-01,-6.172640000000000071e-02,1.653519999999999990e-01,1.764976837268976695e-01,7.278407053250045555e-01,1.591020000000000212e-01
2.124999999999999944e-01,4.874999999999999889e-01,-7.414600000000000357e-02,1.691830000000000001e-01,1.847173971368154533e-01,7.171059238745696174e-01,3.225399999999999795e-02
2.374999999999999889e-01,4.874999999999999889e-01,-8.671689999999999954e-02,1.703729999999999967e-01,1.911721210705420726e-01,7.167903665424083526e-01,8.292800000000000171e-02
2.624999999999999556e-01,4.874999999999999889e-01,-9.932040000000000313e-02,1.691950000000000121e-01,1.961924817141574573e-01,7.239269119738539482e-01,1.899260000000000115e-01
2.874999999999999778e-01,4.874999999999999889e-01,-1.118699999999999972e-01,1.658320000000000072e-01,2.000378692248045431e-01,7.371474512361824161e-01,2.916000000000000258e-01
3.125000000000000000e-01,4.874999999999999889e-01,-1.242999999999999938e-01,1.603890000000000038e-01,2.029165378203560688e-01,7.560620339628224551e-01,3.901000000000000023e-01
3.375000000000000222e-01,4.874999999999999889e-01,-1.365590000000000137e-01,1.529089999999999894e-01,2.050110308300507056e-01,7.806423273177032218e-01,4.868000000000000660e-01
3.624999999999999334e-01,4.874999999999999889e-01,-1.486010000000000109e-01,1.433919999999999917e-01,2.065030819745797275e-01,8.108957767802222882e-01,5.823800000000000088e-01
3.874999999999999556e-01,4.874999999999999889e-01,-1.603779999999999928e-01,1.318050000000000055e-01,2.075901271953943250e-01,8.465184609918440239e-01,6.767800000000000482e-01
4.124999999999999778e-01,4.874999999999999889e-01,-1.718310000000000115e-01,1.181029999999999996e-01,2.085047029925224671e-01,8.868676694975411445e-01,7.692999999999999838e-01
4.374999999999999445e-01,4.874999999999999889e-01,-1.828879999999999950e-01,1.022389999999999965e-01,2.095252578211037608e-01,9.309353038530657765e-01,8.586380000000000123e-01
4.624999999999999667e-01,4.874999999999999889e-01,-1.934530000000000138e-01,8.417810000000000570e-02,2.109739693151977680e-01,9.773563445826707330e-01,9.429300000000000459e-01
4.874999999999999889e-01,4.874999999999999889e-01,-2.034030000000000005e-01,6.391149999999999609e-02,2.132075520267750768e-01,1.024386541832720487e+00,1.019670000000000076e+00
5.124999999999999556e-01,4.874999999999999889e-01,-2.125779999999999892e-01,4.147250000000000242e-02,2.165857205363502236e-01,1.070028200213433811e+00,1.085820000000000007e+00
5.374999999999999778e-01,4.874999999999999889e-01,-2.207790000000000030e-01,1.695270000000000110e-02,2.214289070521055502e-01,1.112075996728640659e+00,1.137630000000000141e+00
5.625000000000000000e-01,4.874999999999999889e-01,-2.277589999999999892e-01,-9.477980000000000432e-03,2.279561233787774088e-01,1.148231067174634523e+00,1.170800000000000063e+00
5.874999999999999112e-01,4.874999999999999889e-01,-2.332210000000000116e-01,-3.754810000000000092e-02,2.362242465425808124e-01,1.176299368358242559e+00,1.180420000000000025e+00
6.124999999999999334e-01,4.874999999999999889e-01,-2.368159999999999987e-01,-6.685919999999999364e-02,2.460730998720501994e-01,1.194589480866125930e+00,1.160980000000000123e+00
6.374999999999999556e-01,4.874999999999999889e-01,-2.381469999999999976e-01,-9.685689999999999578e-02,2.570899700233558183e-01,1.202422176157775136e+00,1.106659999999999977e+00
6.624999999999999778e-01,4.874999999999999889e-01,-2.367779999999999885e-01,-1.268029999999999990e-01,2.685941587097530059e-01,1.201168586835336782e+00,1.011600000000000055e+00
6.875000000000000000e-01,4.874999999999999889e-01,-2.322639999999999982e-01,-1.557520000000000016e-01,2.796520180510057019e-01,1.195469375935661605e+00,8.704800000000001425e-01
7.124999999999999112e-01,4.874999999999999889e-01,-2.241829999999999934e-01,-1.825380000000000058e-01,2.890988393836959047e-01,1.194592524671069578e+00,6.794200000000000239e-01
7.374999999999999334e-01,4.874999999999999889e-01,-2.121939999999999937e-01,-2.057889999999999997e-01,2.955933120978889717e-01,1.212499968989690480e+00,4.370000000000000551e-01
7.624999999999999556e-01,4.874999999999999889e-01,-1.961189999999999878e-01,-2.239680000000000004e-01,2.976983829062562759e-01,1.264851953075932123e+00,1.458000000000000129e-01
7.874999999999999778e-01,4.874999999999999889e-01,-1.760299999999999920e-01,-2.354759999999999909e-01,2.939991623729564241e-01,1.361945063502930209e+00,1.860800000000000232e-01
8.125000000000000000e-01,4.874999999999999889e-01,-1.523460000000000092e-01,-2.388079999999999925e-01,2.832641251200017640e-01,1.501201457100278747e+00,5.440000000000000391e-01
8.375000000000000222e-01,4.874999999999999889e-01,-1.259109999999999951e-01,-2.327700000000000047e-01,2.646421221593418527e-01,1.665396704091850921e+00,9.064600000000000435e-01
8.624999999999999334e-01,4.874999999999999889e-01,-9.802279999999999327e-02,-2.167260000000000020e-01,2.378626250503428630e-01,1.827206091752104689e+00,1.246590000000000087e+00
8.874999999999999556e-01,4.874999999999999889e-01,-7.038250000000000062e-02,-1.908350000000000046e-01,2.034003282476456453e-01,1.956888799753322861e+00,1.535750000000000171e+00
9.124999999999999778e-01,4.874999999999999889e-01,-4.492020000000000041e-02,-1.561790000000000123e-01,1.625106286033008995e-01,2.030029347548453433e+00,1.748809999999999976e+00
9.375000000000000000e-01,4.874999999999999889e-01,-2.354260000000000033e-02,-1.147320000000000007e-01,1.171225248991840939e-01,2.031104523974332832e+00,1.869839999999999947e+00
9.625000000000000222e-01,4.874999999999999889e-01,-8.225559999999999816e-03,-6.912400000000000488e-02,6.961168876929793581e-02,1.958538299364748658e+00,1.896050000000000013e+00
9.875000000000000444e-01,4.874999999999999889e-01,-1.174899999999999990e-03,-2.238060000000000049e-02,2.241141776795926160e-02,1.847123668313319644e+00,1.838220000000000187e+00
1.249999999999999896e-02,5.124999999999999556e-01,-5.425799999999999720e-04,2.400590000000000016e-02,2.401203089841423555e-02,1.767259590709575612e+00,1.763279999999999959e+00
3.749999999999999861e-02,5.124999999999999556e-01,-3.394320000000000150e-03,6.420069999999999943e-02,6.429036699811566113e-02,1.483906900107267557e+00,1.457770000000000010e+00
6.250000000000000000e-02,5.124999999999999556e-01,-9.241720000000000143e-03,9.711210000000000675e-02,9.755085522417730748e-02,1.246824068491220849e+00,1.173540000000000028e+00
8.750000000000000833e-02,5.124999999999999556e-01,-1.716720000000000051e-02,1.234179999999999999e-01,1.246062417370815412e-01,1.055833101610287539e+00,9.157120000000000815e-01
1.124999999999999889e-01,5.124999999999999556e-01,-2.657990000000000005e-02,1.438679999999999959e-01,1.463027426537520381e-01,9.116181397975799960e-01,6.860580000000000567e-01
1.374999999999999833e-01,5.124999999999999556e-01,-3.708510000000000278e-02,1.592240000000000044e-01,1.634857388826621849e-01,8.112624009332617403e-01,4.837480000000000668e-01
1.625000000000000056e-01,5.124999999999999556e-01,-4.834249999999999658e-02,1.702049999999999952e-01,1.769371055806271409e-01,7.476688983259903720e-01,3.061720000000000552e-01
1.874999999999999722e-01,5.124999999999999556e-01,-6.007459999999999883e-02,1.774509999999999976e-01,1.873441084372817755e-01,7.121206127335453218e-01,1.495940000000000047e-01
2.124999999999999944e-01,5.124999999999999556e-01,-7.207040000000000668e-02,1.814969999999999917e-01,1.952826248419454180e-01,6.965484486609671011e-01,9.754000000000000517e-03
2.374999999999999889e-01,5.124999999999999556e-01,-8.417539999999999745e-02,1.827650000000000108e-01,2.012176512887475233e-01,6.949391998872994636e-01,1.175319999999999976e-01
2.624999999999999556e-01,5.124999999999999556e-01,-9.628069999999999684e-02,1.815680000000000072e-01,2.055162081600621637e-01,7.035998065861019946e-01,2.360619999999999941e-01
2.874999999999999778e-01,5.124999999999999556e-01,-1.083120000000000055e-01,1.781169999999999976e-01,2.084637978954619331e-01,7.206975694949998568e-01,3.490600000000000369e-01
3.125000000000000000e-01,5.124999999999999556e-01,-1.202219999999999955e-01,1.725359999999999949e-01,2.102902769506949932e-01,7.454814811918537565e-01,4.589600000000000346e-01
3.375000000000000222e-01,5.124999999999999556e-01,-1.319790000000000130e-01,1.648789999999999978e-01,2.111955044076459509e-01,7.775584016651095887e-01,5.673400000000000665e-01
3.624999999999999334e-01,5.124999999999999556e-01,-1.435569999999999902e-01,1.551490000000000091e-01,2.113760261950252406e-01,8.166082627551598527e-01,6.751200000000000534e-01
3.874999999999999556e-01,5.124999999999999556e-01,-1.549329999999999874e-01,1.433089999999999919e-01,2.110490558377364489e-01,8.621542483801839518e-01,7.825199999999999934e-01
4.124999999999999778e-01,5.124999999999999556e-01,-1.660760000000000014e-01,1.293009999999999993e-01,2.104756194360762611e-01,9.132325283299977947e-01,8.888800000000000034e-01
4.374999999999999445e-01,5.124999999999999556e-01,-1.769429999999999892e-01,1.130599999999999938e-01,2.099794962585632974e-01,9.686002415857638548e-01,9.930600000000000538e-01
4.624999999999999667e-01,5.124999999999999556e-01,-1.874679999999999958e-01,9.452699999999999991e-02,2.099514342723097504e-01,1.026624814393262142e+00,1.093239999999999990e+00
4.874999999999999889e-01,5.124999999999999556e-01,-1.975590000000000124e-01,7.366109999999999325e-02,2.108447678606467091e-01,1.085406893436742459e+00,1.187030000000000030e+00
5.124999999999999556e-01,5.124999999999999556e-01,-2.070879999999999943e-01,5.045639999999999847e-02,2.131461659166310196e-01,1.142659397286873268e+00,1.271250000000000213e+00
5.374999999999999778e-01,5.124999999999999556e-01,-2.158859999999999946e-01,2.495850000000000152e-02,2.173239326863242726e-01,1.195814749781921815e+00,1.342130000000000045e+00
5.625000000000000000e-01,5.124999999999999556e-01,-2.237290000000000112e-01,-2.715169999999999823e-03,2.237454750137506110e-01,1.242021959600151604e+00,1.395020000000000149e+00
5.874999999999999112e-01,5.124999999999999556e-01,-2.303360000000000130e-01,-3.235070000000000306e-02,2.325967340408932049e-01,1.278333441616857691e+00,1.424570000000000114e+00
6.124999999999999334e-01,5.124999999999999556e-01,-2.353639999999999899e-01,-6.360789999999999500e-02,2.438076648475391850e-01,1.301841411461472919e+00,1.424490000000000034e+00
6.374999999999999556e-01,5.124999999999999556e-01,-2.383979999999999988e-01,-9.598629999999999662e-02,2.569960625995853509e-01,1.310260225947502466e+00,1.387860000000000094e+00
6.624999999999999778e-01,5.124999999999999556e-01,-2.389640000000000097e-01,-1.287870000000000126e-01,2.714588084129892498e-01,1.302863050247415666e+00,1.307150000000000034e+00
6.875000000000000000e-01,5.124999999999999556e-01,-2.365400000000000003e-01,-1.610759999999999970e-01,2.861759063513208967e-01,1.282069520423912312e+00,1.174919999999999964e+00
7.124999999999999112e-01,5.124999999999999556e-01,-2.305899999999999894e-01,-1.916519999999999890e-01,2.998370177346352805e-01,1.255786494432871159e+00,9.845200000000000617e-01
7.374999999999999334e-01,5.124999999999999556e-01,-2.206200000000000105e-01,-2.190350000000000075e-01,3.108850521092965113e-01,1.240059045045839747e+00,7.314000000000000501e-01
7.624999999999999556e-01,5.124999999999999556e-01,-2.062620000000000009e-01,-2.414939999999999864e-01,3.175899316414170781e-01,1.258949209460016316e+00,4.150000000000000355e-01
7.874999999999999778e-01,5.124999999999999556e-01,-1.873779999999999890e-01,-2.571249999999999925e-01,3.181568489110363496e-01,1.336866392725914787e+00,4.072000000000000619e-02
8.125000000000000000e-01,5.124999999999999556e-01,-1.641940000000000066e-01,-2.640140000000000264e-01,3.109068378662650511e-01,1.483583052073593977e+00,3.778200000000000447e-01
8.375000000000000222e-01,5.124999999999999556e-01,-1.374140000000000084e-01,-2.604839999999999933e-01,2.945072522910089363e-01,1.684487616339164440e+00,8.176000000000001044e-01
8.624999999999999334e-01,5.124999999999999556e-01,-1.083090000000000025e-01,-2.454109999999999903e-01,2.682487621630340047e-01,1.905428356133077150e+00,1.246960000000000068e+00
8.874999999999999556e-01,5.124999999999999556e-01,-7.870149999999999368e-02,-2.185549999999999993e-01,2.322933794305166999e-01,2.105070436588761584e+00,1.629250000000000087e+00
9.124999999999999778e-01,5.124999999999999556e-01,-5.080250000000000044e-02,-1.808029999999999915e-01,1.878047358701318559e-01,2.246729031907497731e+00,1.929520000000000124e+00
9.375000000000000000e-01,5.124999999999999556e-01,-2.691860000000000086e-02,-1.341990000000000127e-01,1.368721397033012266e-01,2.304818513823593928e+00,2.123190000000000133e+00
9.625000000000000222e-01,5.124999999999999556e-01,-9.524499999999999980e-03,-8.169790000000000385e-02,8.225121862112440285e-02,2.272740848644349665e+00,2.202649999999999775e+00
9.875000000000000444e-01,5.124999999999999556e-01,-1.393600000000000047e-03,-2.681750000000000106e-02,2.685368554239809039e-02,2.189682524192664737e+00,2.179749999999999854e+00
1.249999999999999896e-02,5.374999999999999778e-01,-5.197150000000000207e-04,2.571740000000000137e-02,2.572265084397844584e-02,1.891777984948365798e+00,1.888139999999999930e+00
3.749999999999999861e-02,5.374999999999999778e-01,-3.277089999999999864e-03,6.873559999999999393e-02,6.881367615691011408e-02,1.582860916111532568e+00,1.558980000000000032e+00
6.250000000000000000e-02,5.374999999999999778e-01,-8.948430000000000273e-03,1.039029999999999954e-01,1.042876205906765191e-01,1.319532331633128219e+00,1.252260000000000151e+00
8.750000000000000833e-02,5.374999999999999778e-01,-1.663560000000000039e-02,1.319460000000000077e-01,1.329905639636136117e-01,1.103054589661363938e+00,9.735020000000000895e-01
1.124999999999999889e-01,5.374999999999999778e-01,-2.574829999999999827e-02,1.536760000000000070e-01,1.558181245198709264e-01,9.351934640062451454e-01,7.246920000000001139e-01
1.374999999999999833e-01,5.374999999999999778e-01,-3.588480000000000142e-02,1.699259999999999937e-01,1.736737295823407023e-01,8.143542691973806313e-01,5.050839999999999774e-01
1.625000000000000056e-01,5.374999999999999778e-01,-4.669969999999999677e-02,1.814890000000000114e-01,1.874009581114515210e-01,7.347382443101760918e-01,3.119439999999999991e-01
1.874999999999999722e-01,5.374999999999999778e-01,-5.791410000000000308e-02,1.890739999999999921e-01,1.977448367336300250e-01,6.882902926091577500e-01,1.412899999999999989e-01
2.124999999999999944e-01,5.374999999999999778e-01,-6.931969999999999799e-02,1.932780000000000054e-01,2.053329152671095892e-01,6.668126160564150640e-01,1.139400000000000135e-02
2.374999999999999889e-01,5.374999999999999778e-01,-8.076930000000000220e-02,1.945770000000000000e-01,2.106748412874446807e-01,6.636195390764199065e-01,1.506300000000000139e-01
2.624999999999999556e-01,5.374999999999999778e-01,-9.216530000000000555e-02,1.933249999999999968e-01,2.141704885111158363e-01,6.742472289420254894e-01,2.805500000000000216e-01
2.874999999999999778e-01,5.374999999999999778e-01,-1.034489999999999993e-01,1.897659999999999902e-01,2.161315117168248479e-01,6.961286571690610270e-01,4.046240000000000392e-01
3.125000000000000000e-01,5.374999999999999778e-01,-1.145899999999999974e-01,1.840469999999999884e-01,2.168044425490400218e-01,7.279478676388854153e-01,5.256199999999999761e-01
3.375000000000000222e-01,5.374999999999999778e-01,-1.255789999999999962e-01,1.762350000000000028e-01,2.163997700229831622e-01,7.689125593980112860e-01,6.454800000000000537e-01
3.624999999999999334e-01,5.374999999999999778e-01,-1.364150000000000085e-01,1.663370000000000126e-01,2.151210119769800810e-01,8.181549481607991448e-01,7.651799999999999713e-01
3.874999999999999556e-01,5.374999999999999778e-01,-1.471000000000000085e-01,1.543160000000000087e-01,2.131943663796020683e-01,8.748469863924777101e-01,8.851599999999999469e-01
4.124999999999999778e-01,5.374999999999999778e-01,-1.576359999999999983e-01,1.401040000000000063e-01,2.108986470132039603e-01,9.377750376289614165e-01,1.005000000000000115e+00
4.374999999999999445e-01,5.374999999999999778e-01,-1.680089999999999917e-01,1.236219999999999958e-01,2.085891247524664094e-01,1.005486989871077430e+00,1.123739999999999961e+00
4.624999999999999667e-01,5.374999999999999778e-01,-1.781899999999999873e-01,1.047850000000000031e-01,2.067161636761866705e-01,1.076233181144309325e+00,1.239710000000000090e+00
4.874999999999999889e-01,5.374999999999999778e-01,-1.881220000000000114e-01,8.352270000000000527e-02,2.058298527893609731e-01,1.147994180934729380e+00,1.350580000000000114e+00
5.124999999999999556e-01,5.374999999999999778e-01,-1.977180000000000049e-01,5.979009999999999880e-02,2.065605566946652205e-01,1.218385455967035291e+00,1.453320000000000167e+00
5.374999999999999778e-01,5.374999999999999778e-01,-2.068440000000000001e-01,3.358450000000000324e-02,2.095527594097724988e-01,1.284684926510776926e+00,1.544190000000000174e+00
5.625000000000000000e-01,5.374999999999999778e-01,-2.153170000000000084e-01,4.965670000000000153e-03,2.153742518676475814e-01,1.343717510686305072e+00,1.618470000000000075e+00
5.874999999999999112e-01,5.374999999999999778e-01,-2.228849999999999998e-01,-2.591890000000000166e-02,2.243869706605309822e-01,1.391909971364527543e+00,1.670479999999999965e+00
6.124999999999999334e-01,5.374999999999999778e-01,-2.292269999999999863e-01,-5.880239999999999773e-02,2.366489800839209068e-01,1.425395175085141020e+00,1.693489999999999940e+00
6.374999999999999556e-01,5.374999999999999778e-01,-2.339330000000000020e-01,-9.326039999999999330e-02,2.518375482273443877e-01,1.440275063008451983e+00,1.679550000000000098e+00
6.624999999999999778e-01,5.374999999999999778e-01,-2.365099999999999980e-01,-1.286640000000000006e-01,2.692422793619159704e-01,1.433404612278054824e+00,1.619750000000000245e+00
6.875000000000000000e-01,5.374999999999999778e-01,-2.363830000000000098e-01,-1.641279999999999961e-01,2.877758208623511504e-01,1.403832962998091460e+00,1.504420000000000091e+00
7.124999999999999112e-01,5.374999999999999778e-01,-2.329160000000000119e-01,-1.984609999999999985e-01,3.060010319868218809e-01,1.355536402019510644e+00,1.323860000000000037e+00
7.374999999999999334e-01,5.374999999999999778e-01,-2.254659999999999997e-01,-2.301229999999999942e-01,3.221669012872054871e-01,1.301980016743728985e+00,1.069699999999999873e+00
7.624999999999999556e-01,5.374999999999999778e-01,-2.134590000000000098e-01,-2.572220000000000062e-01,3.342572392110603197e-01,1.271201990715873809e+00,7.370600000000000485e-01
7.874999999999999778e-01,5.374999999999999778e-01,-1.965139999999999942e-01,-2.775659999999999794e-01,3.400891597096267205e-01,1.304116586966058033e+00,3.270800000000000374e-01
8.125000000000000000e-01,5.374999999999999778e-01,-1.745960000000000012e-01,-2.888060000000000072e-01,3.374798791809668908e-01,1.434559649369798962e+00,1.496599999999999875e-01
8.375000000000000222e-01,5.374999999999999778e-01,-1.481879999999999864e-01,-2.887009999999999854e-01,3.245118653377715434e-01,1.661138269259967437e+00,6.705400000000000249e-01
8.624999999999999334e-01,5.374999999999999778e-01,-1.184420000000000056e-01,-2.755009999999999959e-01,2.998821574635610054e-01,1.944414194969785958e+00,1.200040000000000218e+00
8.874999999999999556e-01,5.374999999999999778e-01,-8.723699999999999510e-02,-2.483940000000000037e-01,2.632676839359514021e-01,2.227927069460757803e+00,1.692840000000000122e+00
9.124999999999999778e-01,5.374999999999999778e-01,-5.704039999999999805e-02,-2.079010000000000025e-01,2.155839350071336036e-01,2.457924962854643791e+00,2.101869999999999905e+00
9.375000000000000000e-01,5.374999999999999778e-01,-3.059720000000000148e-02,-1.560239999999999960e-01,1.589958402721278752e-01,2.593935394831567987e+00,2.390249999999999986e+00
9.625000000000000222e-01,5.374999999999999778e-01,-1.097659999999999955e-02,-9.602189999999999337e-02,9.664725048944744490e-02,2.620867476625439618e+00,2.542530000000000179e+00
9.875000000000000444e-01,5.374999999999999778e-01,-1.647030000000000065e-03,-3.195830000000000198e-02,3.200071322190960188e-02,2.581553668703016058e+00,2.570510000000000517e+00
1.249999999999999896e-02,5.625000000000000000e-01,-4.965650000000000272e-04,2.736339999999999953e-02,2.736790522417133914e-02,2.012025798377865993e+00,2.008809999999999985e+00
3.749999999999999861e-02,5.625000000000000000e-01,-3.157759999999999907e-03,7.311979999999999869e-02,7.318795392861861260e-02,1.679064609107451922e+00,1.657799999999999940e+00
6.250000000000000000e-02,5.625000000000000000e-01,-8.644449999999999704e-03,1.104740000000000028e-01,1.108116924868603470e-01,1.390135882473450879e+00,1.329830000000000068e+00
8.750000000000000833e-02,5.625000000000000000e-01,-1.606930000000000164e-02,1.401820000000000010e-01,1.411000195835918347e-01,1.148103591082703767e+00,1.031020000000000048e+00
1.124999999999999889e-01,5.625000000000000000e-01,-2.483449999999999894e-02,1.631140000000000090e-01,1.649937252935698984e-01,9.557798460419637543e-01,7.637100000000001110e-01
1.374999999999999833e-01,5.625000000000000000e-01,-3.452630000000000282e-02,1.801729999999999998e-01,1.834512886863703673e-01,8.128434770360158934e-01,5.272680000000000700e-01
1.625000000000000056e-01,5.625000000000000000e-01,-4.479169999999999680e-02,1.922290000000000110e-01,1.973785318363930064e-01,7.150724774258900851e-01,3.189260000000000428e-01
1.874999999999999722e-01,5.625000000000000000e-01,-5.535009999999999930e-02,2.000649999999999928e-01,2.075804369274956429e-01,6.557480050293711393e-01,1.345300000000000107e-01
2.124999999999999944e-01,5.625000000000000000e-01,-6.599770000000000636e-02,2.043459999999999999e-01,2.147393399479704257e-01,6.271487660451864343e-01,3.070399999999999865e-02
2.374999999999999889e-01,5.625000000000000000e-01,-7.659689999999999555e-02,2.056040000000000090e-01,2.194085000760225834e-01,6.222087556246698181e-01,1.815740000000000132e-01
2.624999999999999556e-01,5.625000000000000000e-01,-8.706419999999999437e-02,2.042410000000000059e-01,2.220237847678487031e-01,6.355360756306444037e-01,3.225080000000000169e-01
2.874999999999999778e-01,5.625000000000000000e-01,-9.735879999999999534e-02,2.005349999999999910e-01,2.229193176071557758e-01,6.636084549190132131e-01,4.573120000000000518e-01
3.125000000000000000e-01,5.625000000000000000e-01,-1.074719999999999981e-01,1.946579999999999977e-01,2.223554985782901505e-01,7.040862974607586811e-01,5.889160000000001061e-01
3.375000000000000222e-01,5.625000000000000000e-01,-1.174150000000000055e-01,1.866960000000000008e-01,2.205485856699153924e-01,7.554054728422345821e-01,7.195000000000000284e-01
3.624999999999999334e-01,5.625000000000000000e-01,-1.272169999999999968e-01,1.766629999999999867e-01,2.177015862551304193e-01,8.161783947152729812e-01,8.504200000000001758e-01
3.874999999999999556e-01,5.625000000000000000e-01,-1.369080000000000019e-01,1.645220000000000016e-01,2.140357188601939853e-01,8.849904372364710836e-01,9.821600000000000330e-01
4.124999999999999778e-01,5.625000000000000000e-01,-1.465200000000000113e-01,1.502010000000000012e-01,2.098295756107798893e-01,9.604582978974152141e-01,1.114659999999999984e+00
4.374999999999999445e-01,5.625000000000000000e-01,-1.560749999999999915e-01,1.336060000000000025e-01,2.054506482369914400e-01,1.040969328078402034e+00,1.247080000000000188e+00
4.624999999999999667e-01,5.625000000000000000e-01,-1.655820000000000070e-01,1.146319999999999978e-01,2.013899057748426424e-01,1.124785165764556227e+00,1.377960000000000074e+00
4.874999999999999889e-01,5.625000000000000000e-01,-1.750249999999999861e-01,9.318189999999999806e-02,1.982841827090854880e-01,1.209915376387952213e+00,1.505209999999999937e+00
5.124999999999999556e-01,5.625000000000000000e-01,-1.843599999999999961e-01,6.917159999999999975e-02,1.969094204109087254e-01,1.294133119157376388e+00,1.626100000000000101e+00
5.374999999999999778e-01,5.625000000000000000e-01,-1.935010000000000063e-01,4.255110000000000142e-02,1.981242870326856143e-01,1.374661991253122606e+00,1.736920000000000019e+00
5.625000000000000000e-01,5.625000000000000000e-01,-2.023089999999999888e-01,1.332060000000000015e-02,2.027470588328225132e-01,1.448321895203203757e+00,1.833190000000000097e+00
5.874999999999999112e-01,5.625000000000000000e-01,-2.105799999999999894e-01,-1.844430000000000028e-02,2.113862072191324271e-01,1.511258951716746957e+00,1.909209999999999852e+00
6.124999999999999334e-01,5.625000000000000000e-01,-2.180310000000000026e-01,-5.256210000000000049e-02,2.242772643791831333e-01,1.558965899723275150e+00,1.958030000000000159e+00
6.374999999999999556e-01,5.625000000000000000e-01,-2.242820000000000091e-01,-8.870290000000000119e-02,2.411858619248027358e-01,1.586289196116521749e+00,1.971120000000000205e+00
6.624999999999999778e-01,5.625000000000000000e-01,-2.288439999999999919e-01,-1.263370000000000049e-01,2.614012507716824141e-01,1.587858745984667141e+00,1.938320000000000043e+00
6.875000000000000000e-01,5.625000000000000000e-01,-2.311159999999999881e-01,-1.646690000000000098e-01,2.837789368804527479e-01,1.559145239418060269e+00,1.848019999999999996e+00
7.124999999999999112e-01,5.625000000000000000e-01,-2.303920000000000134e-01,-2.025669999999999971e-01,3.067798284649758123e-01,1.498752307888131519e+00,1.687440000000000273e+00
7.374999999999999334e-01,5.625000000000000000e-01,-2.258960000000000135e-01,-2.384930000000000105e-01,3.284934000326338310e-01,1.413330268691646019e+00,1.444020000000000081e+00
7.624999999999999556e-01,5.625000000000000000e-01,-2.168519999999999892e-01,-2.704540000000000277e-01,3.466556735724947158e-01,1.326259797324792711e+00,1.107360000000000122e+00
7.874999999999999778e-01,5.625000000000000000e-01,-2.026080000000000103e-01,-2.960090000000000221e-01,3.587078612812939493e-01,1.287575154932713239e+00,6.725799999999999557e-01
8.125000000000000000e-01,5.625000000000000000e-01,-1.828120000000000023e-01,-3.123759999999999870e-01,3.619378299100551311e-01,1.364749639897369748e+00,1.447400000000000075e-01
8.375000000000000222e-01,5.625000000000000000e-01,-1.576359999999999983e-01,-3.166910000000000003e-01,3.537545730828083324e-01,1.591819935042905643e+00,4.565600000000000214e-01
8.624999999999999334e-01,5.625000000000000000e-01,-1.280040000000000067e-01,-3.064379999999999882e-01,3.320982864454437578e-01,1.933113633623228189e+00,1.094180000000000152e+00
8.874999999999999556e-01,5.625000000000000000e-01,-9.574370000000000103e-02,-2.800270000000000259e-01,2.959425228295015087e-01,2.312829814231907921e+00,1.714520000000000044e+00
9.124999999999999778e-01,5.625000000000000000e-01,-6.352589999999999626e-02,-2.373830000000000107e-01,2.457360955574292571e-01,2.653363235338124682e+00,2.256190000000000140e+00
9.375000000000000000e-01,5.625000000000000000e-01,-3.455219999999999819e-02,-1.802880000000000038e-01,1.835691081550487880e-01,2.892898233748294246e+00,2.665800000000000392e+00
9.625000000000000222e-01,5.625000000000000000e-01,-1.258549999999999947e-02,-1.122370000000000034e-01,1.129404222554971776e-01,3.002652565394971163e+00,2.915550000000000086e+00
9.875000000000000444e-01,5.625000000000000000e-01,-1.939050000000000105e-03,-3.788609999999999894e-02,3.793568884457615420e-02,3.027228779561597971e+00,3.015000000000000124e+00
1.249999999999999896e-02,5.874999999999999112e-01,-4.768549999999999872e-04,2.894700000000000051e-02,2.895092744094781081e-02,2.128198817192633818e+00,2.125490000000000101e+00
3.749999999999999861e-02,5.874999999999999112e-01,-3.056319999999999957e-03,7.735839999999999383e-02,7.741875187900150446e-02,1.772463792502955604e+00,1.754299999999999971e+00
6.250000000000000000e-02,5.874999999999999112e-01,-8.377839999999999246e-03,1.168199999999999933e-01,1.171200264816636694e-01,1.458398433759499291e+00,1.406270000000000131e+00
8.750000000000000833e-02,5.874999999999999112e-01,-1.554640000000000015e-02,1.481040000000000134e-01,1.489177134156981497e-01,1.190588403355668623e+00,1.088219999999999965e+00
1.124999999999999889e-01,5.874999999999999112e-01,-2.394280000000000019e-02,1.721310000000000062e-01,1.737882010748716122e-01,9.729636252460830415e-01,8.030260000000000176e-01
1.374999999999999833e-01,5.874999999999999112e-01,-3.313320000000000154e-02,1.898819999999999952e-01,1.927510904411178505e-01,8.063390848222602436e-01,5.502839999999999954e-01
1.625000000000000056e-01,5.874999999999999112e-01,-4.275400000000000034e-02,2.023079999999999878e-01,2.067762834079382439e-01,6.881586389924928548e-01,3.271740000000000204e-01
1.874999999999999722e-01,5.874999999999999112e-01,-5.252359999999999668e-02,2.102739999999999887e-01,2.167345926080098406e-01,6.137199246105670136e-01,1.294420000000000015e-01
2.124999999999999944e-01,5.874999999999999112e-01,-6.224550000000000222e-02,2.145179999999999865e-01,2.233662342303553983e-01,5.767105621678868532e-01,4.788600000000000495e-02
2.374999999999999889e-01,5.874999999999999112e-01,-7.179560000000000108e-02,2.156369999999999953e-01,2.272749963114288341e-01,5.701808461882948986e-01,2.099159999999999915e-01
2.624999999999999556e-01,5.874999999999999112e-01,-8.110889999999999767e-02,2.140799999999999925e-01,2.289299020643873750e-01,5.876411911532410937e-01,3.613220000000000320e-01
2.874999999999999778e-01,5.874999999999999112e-01,-9.016639999999999378e-02,2.101669999999999927e-01,2.286922551770391443e-01,6.239294307467793121e-01,5.061259999999999648e-01
3.125000000000000000e-01,5.874999999999999112e-01,-9.898319999999999341e-02,2.040970000000000006e-01,2.268331088955931052e-01,6.752153849905968563e-01,6.475920000000000565e-01
3.375000000000000222e-01,5.874999999999999112e-01,-1.075990000000000002e-01,1.959740000000000093e-01,2.235695718942987131e-01,7.386241512542085497e-01,7.880400000000000738e-01
3.624999999999999334e-01,5.874999999999999112e-01,-1.160680000000000045e-01,1.858229999999999882e-01,2.190935141737427039e-01,8.120135838765261127e-01,9.290599999999999969e-01
3.874999999999999556e-01,5.874999999999999112e-01,-1.244539999999999952e-01,1.736119999999999886e-01,2.136116210790040271e-01,8.935277264864253111e-01,1.071380000000000221e+00
4.124999999999999778e-01,5.874999999999999112e-01,-1.328189999999999926e-01,1.592649999999999899e-01,2.073794275862482772e-01,9.815736773161758411e-01,1.215160000000000018e+00
4.374999999999999445e-01,5.874999999999999112e-01,-1.412239999999999884e-01,1.426769999999999983e-01,2.007509514423281294e-01,1.074600890563561784e+00,1.359800000000000120e+00
4.624999999999999667e-01,5.874999999999999112e-01,-1.497159999999999880e-01,1.237290000000000056e-01,1.942260180743043407e-01,1.170980173188256979e+00,1.504120000000000124e+00
4.874999999999999889e-01,5.874999999999999112e-01,-1.583219999999999905e-01,1.022959999999999980e-01,1.884948999310060713e-01,1.268967287390813770e+00,1.646349999999999980e+00
5.124999999999999556e-01,5.874999999999999112e-01,-1.670439999999999980e-01,7.826160000000000061e-02,1.844683603509284786e-01,1.366577909274111047e+00,1.784019999999999939e+00
5.374999999999999778e-01,5.874999999999999112e-01,-1.758490000000000053e-01,5.153019999999999823e-02,1.832436419443796149e-01,1.461348316964850236e+00,1.913850000000000051e+00
5.625000000000000000e-01,5.874999999999999112e-01,-1.846530000000000116e-01,2.204390000000000169e-02,1.859641469106612655e-01,1.550259927213498035e+00,2.031640000000000335e+00
5.874999999999999112e-01,5.874999999999999112e-01,-1.933070000000000066e-01,-1.019579999999999965e-02,1.935756973037679740e-01,1.629537654282649628e+00,2.131990000000000052e+00
6.124999999999999334e-01,5.874999999999999112e-01,-2.015840000000000132e-01,-4.509839999999999682e-02,2.065671192096167064e-01,1.694450838465371589e+00,2.208050000000000068e+00
6.374999999999999556e-01,5.874999999999999112e-01,-2.091520000000000046e-01,-8.244310000000000527e-02,2.248141984875733079e-01,1.739160118688328316e+00,2.251170000000000115e+00
6.624999999999999778e-01,5.874999999999999112e-01,-2.155600000000000016e-01,-1.218230000000000007e-01,2.476024170499956933e-01,1.756681496003188458e+00,2.250440000000000218e+00
6.875000000000000000e-01,5.874999999999999112e-01,-2.202119999999999911e-01,-1.625709999999999933e-01,2.737200302955558051e-01,1.739455516763794840e+00,2.192699999999999871e+00
7.124999999999999112e-01,5.874999999999999112e-01,-2.223680000000000101e-01,-2.036719999999999919e-01,3.015457030169721997e-01,1.680747688976546250e+00,2.062419999999999920e+00
7.374999999999999334e-01,5.874999999999999112e-01,-2.211519999999999875e-01,-2.436570000000000125e-01,3.290546166717616683e-01,1.578522222079879578e+00,1.842660000000000187e+00
7.624999999999999556e-01,5.874999999999999112e-01,-2.156069999999999931e-01,-2.805110000000000103e-01,3.537976816911043709e-01,1.444299891850719497e+00,1.516880000000000006e+00
7.874999999999999778e-01,5.874999999999999112e-01,-2.048069999999999891e-01,-3.116200000000000081e-01,3.728980177595477841e-01,1.320722227570960472e+00,1.072480000000000100e+00
8.125000000000000000e-01,5.874999999999999112e-01,-1.880410000000000137e-01,-3.338099999999999956e-01,3.831299176271673046e-01,1.299734668768976142e+00,5.062000000000000943e-01
8.375000000000000222e-01,5.874999999999999112e-01,-1.650780000000000025e-01,-3.435670000000000113e-01,3.811679807814397081e-01,1.480808742410713919e+00,1.691000000000000281e-01
8.624999999999999334e-01,5.874999999999999112e-01,-1.364869999999999972e-01,-3.374829999999999774e-01,3.640377404308514642e-01,1.861894708838284673e+00,9.180800000000000072e-01
8.874999999999999556e-01,5.874999999999999112e-01,-1.039080000000000004e-01,-3.129620000000000180e-01,3.297606494231839491e-01,2.345584202853523870e+00,1.680930000000000035e+00
9.124999999999999778e-01,5.874999999999999112e-01,-7.011100000000000665e-02,-2.690379999999999994e-01,2.780233762923542407e-01,2.820263437446934862e+00,2.380650000000000155e+00
9.375000000000000000e-01,5.874999999999999112e-01,-3.874129999999999935e-02,-2.070079999999999976e-01,2.106019952177329291e-01,3.193801464693133418e+00,2.942490000000000272e+00
9.625000000000000222e-01,5.874999999999999112e-01,-1.435209999999999958e-02,-1.304669999999999996e-01,1.312540317986841953e-01,3.416400113364943536e+00,3.320210000000000328e+00
9.875000000000000444e-01,5.874999999999999112e-01,-2.273779999999999985e-03,-4.468679999999999874e-02,4.474461051041119658e-02,3.530885824956570218e+00,3.517410000000000370e+00
1.249999999999999896e-02,6.124999999999999334e-01,-4.656819999999999775e-04,3.048299999999999968e-02,3.048655685257231629e-02,2.241235446348612381e+00,2.239199999999999857e+00
3.749999999999999861e-02,6.124999999999999334e-01,-2.999690000000000169e-03,8.148370000000000613e-02,8.153889566204647332e-02,1.863498590625805029e+00,1.849140000000000006e+00
6.250000000000000000e-02,6.124999999999999334e-01,-8.212469999999999493e-03,1.229719999999999980e-01,1.232459226404707398e-01,1.524110211304943618e+00,1.481790000000000163e+00
8.750000000000000833e-02,6.124999999999999334e-01,-1.516920000000000074e-02,1.557179999999999953e-01,1.564551058695113350e-01,1.229930948213354025e+00,1.145059999999999967e+00
1.124999999999999889e-01,6.124999999999999334e-01,-2.320780000000000065e-02,1.807010000000000005e-01,1.821852172428926886e-01,9.860441982487397894e-01,8.424720000000001097e-01
1.374999999999999833e-01,6.124999999999999334e-01,-3.186350000000000293e-02,1.989839999999999942e-01,2.015190186762778057e-01,7.941450359726491826e-01,5.738760000000000527e-01
1.625000000000000056e-01,6.124999999999999334e-01,-4.075840000000000019e-02,2.116149999999999975e-01,2.155044208260238903e-01,6.532551491415893308e-01,3.365380000000000038e-01
1.874999999999999722e-01,6.124999999999999334e-01,-4.961220000000000213e-02,2.195509999999999962e-01,2.250866766155651399e-01,5.612043886107805912e-01,1.260060000000000069e-01
2.124999999999999944e-01,6.124999999999999334e-01,-5.824039999999999773e-02,2.236110000000000042e-01,2.310710356430679957e-01,5.145147577358690771e-01,6.287800000000000333e-02
2.374999999999999889e-01,6.124999999999999334e-01,-6.653910000000000380e-02,2.244609999999999939e-01,2.341157669825122967e-01,5.072902531293106421e-01,2.354220000000000201e-01
2.624999999999999556e-01,6.124999999999999334e-01,-7.446809999999999541e-02,2.226049999999999973e-01,2.347306625530844182e-01,5.315812429986596088e-01,3.965780000000000416e-01
2.874999999999999778e-01,6.124999999999999334e-01,-8.203549999999999731e-02,2.184030000000000138e-01,2.333017223880912705e-01,5.792849406293936187e-01,5.505820000000000158e-01
3.125000000000000000e-01,6.124999999999999334e-01,-8.928540000000000088e-02,2.120849999999999957e-01,2.301128633478797814e-01,6.440117341974446186e-01,7.008820000000000050e-01
3.375000000000000222e-01,6.124999999999999334e-01,-9.628699999999999759e-02,2.037750000000000117e-01,2.253784306316822250e-01,7.212615859922113515e-01,8.500380000000000713e-01
3.624999999999999334e-01,6.124999999999999334e-01,-1.031259999999999954e-01,1.935119999999999896e-01,2.192757761815015971e-01,8.080062287903478913e-01,9.997780000000000555e-01
3.874999999999999556e-01,6.124999999999999334e-01,-1.098969999999999947e-01,1.812690000000000135e-01,2.119806617830975737e-01,9.021735303942363116e-01,1.151190000000000158e+00
4.124999999999999778e-01,6.124999999999999334e-01,-1.166969999999999952e-01,1.669670000000000043e-01,2.037060845875743598e-01,1.002122175084455558e+00,1.304510000000000058e+00
4.374999999999999445e-01,6.124999999999999334e-01,-1.236209999999999948e-01,1.504979999999999929e-01,1.947608781172440462e-01,1.106535392475089363e+00,1.459480000000000111e+00
4.624999999999999667e-01,6.124999999999999334e-01,-1.307570000000000121e-01,1.317270000000000107e-01,1.856054836959296350e-01,1.214143085142768363e+00,1.615280000000000049e+00
4.874999999999999889e-01,6.124999999999999334e-01,-1.381749999999999923e-01,1.105089999999999961e-01,1.769309744109267002e-01,1.323522720259837637e+00,1.770400000000000196e+00
5.124999999999999556e-01,6.124999999999999334e-01,-1.459249999999999992e-01,8.669889999999999541e-02,1.697374587008124158e-01,1.433097231629452351e+00,1.922790000000000221e+00
5.374999999999999778e-01,6.124999999999999334e-01,-1.540259999999999962e-01,6.016040000000000276e-02,1.653580430585703254e-01,1.540911776409019662e+00,2.069710000000000161e+00
5.625000000000000000e-01,6.124999999999999334e-01,-1.624529999999999863e-01,3.078149999999999983e-02,1.653435149960529871e-01,1.644386149910050721e+00,2.207460000000000200e+00
5.874999999999999112e-01,6.124999999999999334e-01,-1.711229999999999973e-01,-1.507560000000000020e-03,1.711296405248184938e-01,1.740120439344644998e+00,2.331160000000000121e+00
6.124999999999999334e-01,6.124999999999999334e-01,-1.798760000000000081e-01,-3.670840000000000214e-02,1.835834469840894878e-01,1.823612850054528556e+00,2.434460000000000068e+00
6.374999999999999556e-01,6.124999999999999334e-01,-1.884480000000000044e-01,-7.471569999999999601e-02,2.027192258531242686e-01,1.888888022529657817e+00,2.508950000000000458e+00
6.624999999999999778e-01,6.124999999999999334e-01,-1.964500000000000135e-01,-1.152630000000000043e-01,2.277677801380168787e-01,1.928191240022627984e+00,2.543690000000000229e+00
6.875000000000000000e-01,6.124999999999999334e-01,-2.033300000000000107e-01,-1.578430000000000111e-01,2.574053254091686616e-01,1.931877716419960311e+00,2.524560000000000137e+00
7.124999999999999112e-01,6.124999999999999334e-01,-2.083569999999999867e-01,-2.016090000000000104e-01,2.899290056720782993e-01,1.888993959651539045e+00,2.433980000000000032e+00
7.374999999999999334e-01,6.124999999999999334e-01,-2.106020000000000114e-01,-2.452370000000000105e-01,3.232559180788497355e-01,1.789429870880666629e+00,2.250939999999999941e+00
7.624999999999999556e-01,6.124999999999999334e-01,-2.089709999999999901e-01,-2.867870000000000141e-01,3.548459696967122268e-01,1.630624233108290300e+00,1.952659999999999840e+00
7.874999999999999778e-01,6.124999999999999334e-01,-2.022829999999999906e-01,-3.235770000000000035e-01,3.816025249104099126e-01,1.434152417283462988e+00,1.517479999999999940e+00
8.125000000000000000e-01,6.124999999999999334e-01,-1.894490000000000063e-01,-3.521279999999999966e-01,3.998562891652449602e-01,1.283589310799992944e+00,9.310399999999999787e-01
8.375000000000000222e-01,6.124999999999999334e-01,-1.697639999999999982e-01,-3.683009999999999895e-01,4.055433913861746231e-01,1.347561617440924397e+00,1.952000000000000124e-01
8.624999999999999334e-01,6.124999999999999334e-01,-1.433030000000000137e-01,-3.677090000000000081e-01,3.946462447433143894e-01,1.725150864011608665e+00,6.617800000000000349e-01
8.874999999999999556e-01,6.124999999999999334e-01,-1.113449999999999995e-01,-3.465139999999999887e-01,3.639638185603068510e-01,2.311173467505198253e+00,1.577919999999999989e+00
9.124999999999999778e-01,6.124999999999999334e-01,-7.660440000000000305e-02,-3.025039999999999951e-01,3.120527264988402494e-01,2.943215427834666720e+00,2.461120000000000196e+00
9.375000000000000000e-01,6.124999999999999334e-01,-4.310590000000000255e-02,-2.361159999999999926e-01,2.400185077672344625e-01,3.486026501923930709e+00,3.210480000000000000e+00
9.625000000000000222e-01,6.124999999999999334e-01,-1.627500000000000127e-02,-1.508099999999999996e-01,1.516856345373549242e-01,3.858672479923244580e+00,3.753379999999999939e+00
9.875000000000000444e-01,6.124999999999999334e-01,-2.655960000000000178e-03,-5.244730000000000225e-02,5.251450657496078978e-02,4.096203083905879616e+00,4.081500000000000128e+00
1.249999999999999896e-02,6.374999999999999556e-01,-4.701209999999999938e-04,3.200229999999999742e-02,3.200575290544874912e-02,2.353172244602083740e+00,2.352030000000000065e+00
3.749999999999999861e-02,6.374999999999999556e-01,-3.024289999999999791e-03,8.556439999999999879e-02,8.561783037057234258e-02,1.953149137820960224e+00,1.943599999999999994e+00
6.250000000000000000e-02,6.374999999999999556e-01,-8.232939999999999356e-03,1.290020000000000056e-01,1.292644471811317530e-01,1.587263403370165138e+00,1.556980000000000253e+00
8.750000000000000833e-02,6.374999999999999556e-01,-1.507050000000000056e-02,1.630739999999999967e-01,1.637688903493273451e-01,1.265368072129607668e+00,1.201540000000000052e+00
1.124999999999999889e-01,6.374999999999999556e-01,-2.280039999999999845e-02,1.888269999999999949e-01,1.901985651080470296e-01,9.939634252949149928e-01,8.816979999999999817e-01
1.374999999999999833e-01,6.374999999999999556e-01,-3.091299999999999951e-02,2.074330000000000063e-01,2.097237779985855755e-01,7.752626626608558613e-01,5.976040000000000241e-01
1.625000000000000056e-01,6.374999999999999556e-01,-3.901389999999999719e-02,2.200519999999999976e-01,2.234837065586885163e-01,6.093126851461407867e-01,3.464659999999999962e-01
1.874999999999999722e-01,6.374999999999999556e-01,-4.682789999999999869e-02,2.277500000000000080e-01,2.325143322860120099e-01,4.968838527986193521e-01,1.237240000000000006e-01
2.124999999999999944e-01,6.374999999999999556e-01,-5.419159999999999949e-02,2.314390000000000058e-01,2.376988435637834851e-01,4.394086242940618559e-01,7.606000000000001648e-02
2.374999999999999889e-01,6.374999999999999556e-01,-6.103050000000000141e-02,2.318580000000000085e-01,2.397558218151334131e-01,4.341025266961712759e-01,2.583900000000000086e-01
2.624999999999999556e-01,6.374999999999999556e-01,-6.733799999999999508e-02,2.295709999999999973e-01,2.392430778204460429e-01,4.702316453196233592e-01,4.284379999999999855e-01
2.874999999999999778e-01,6.374999999999999556e-01,-7.315729999999999456e-02,2.249790000000000123e-01,2.365745991950319316e-01,5.341176128794107303e-01,5.906480000000000619e-01
3.125000000000000000e-01,6.374999999999999556e-01,-7.856710000000000083e-02,2.183440000000000103e-01,2.320493299675954746e-01,6.153676371893471719e-01,7.486380000000000257e-01
3.375000000000000222e-01,6.374999999999999556e-01,-8.367009999999999725e-02,2.098099999999999965e-01,2.258781125607569606e-01,7.077944697608198332e-01,9.051679999999999726e-01
3.624999999999999334e-01,6.374999999999999556e-01,-8.858509999999999995e-02,1.994289999999999952e-01,2.182183447444554225e-01,8.079388136486574945e-01,1.062170000000000059e+00
3.874999999999999556e-01,6.374999999999999556e-01,-9.343959999999999766e-02,1.871800000000000130e-01,2.092063843389106448e-01,9.138185606344401135e-01,1.220860000000000056e+00
4.124999999999999778e-01,6.374999999999999556e-01,-9.836469999999999936e-02,1.729880000000000029e-01,1.989986491162440141e-01,1.024194241952179674e+00,1.381809999999999983e+00
4.374999999999999445e-01,6.374999999999999556e-01,-1.034899999999999987e-01,1.567359999999999864e-01,1.878200037163240965e-01,1.138100376362296329e+00,1.544980000000000020e+00
4.624999999999999667e-01,6.374999999999999556e-01,-1.089409999999999962e-01,1.382829999999999893e-01,1.760407042987501558e-01,1.254749482719160092e+00,1.709870000000000223e+00
4.874999999999999889e-01,6.374999999999999556e-01,-1.148300000000000015e-01,1.174660000000000010e-01,1.642686520794518490e-01,1.373245169407123711e+00,1.875410000000000244e+00
5.124999999999999556e-01,6.374999999999999556e-01,-1.212529999999999997e-01,9.411650000000000571e-02,1.534933405110788518e-01,1.492518000482406348e+00,2.039979999999999905e+00
5.374999999999999778e-01,6.374999999999999556e-01,-1.282810000000000061e-01,6.806399999999999950e-02,1.452195684369017858e-01,1.611184954932238789e+00,2.201389999999999958e+00
5.625000000000000000e-01,6.374999999999999556e-01,-1.359480000000000133e-01,3.914909999999999918e-02,1.414726501300163086e-01,1.727284965752900803e+00,2.356570000000000054e+00
5.874999999999999112e-01,6.374999999999999556e-01,-1.442390000000000061e-01,7.237470000000000188e-03,1.444204628610533947e-01,1.838104953050559764e+00,2.501450000000000173e+00
6.124999999999999334e-01,6.374999999999999556e-01,-1.530690000000000106e-01,-2.775949999999999945e-02,1.555657693750460147e-01,1.939735785048056549e+00,2.630420000000000424e+00
6.374999999999999556e-01,6.374999999999999556e-01,-1.622589999999999866e-01,-6.585140000000000438e-02,1.751125065863657626e-01,2.026640598888712841e+00,2.735829999999999984e+00
6.624999999999999778e-01,6.374999999999999556e-01,-1.715029999999999888e-01,-1.069190000000000002e-01,2.021013398520652982e-01,2.091101217373276810e+00,2.807270000000000376e+00
6.875000000000000000e-01,6.374999999999999556e-01,-1.803299999999999903e-01,-1.506379999999999941e-01,2.349696064260226869e-01,2.122550540552568421e+00,2.830540000000000056e+00
7.124999999999999112e-01,6.374999999999999556e-01,-1.880630000000000079e-01,-1.963699999999999890e-01,2.718986371223658383e-01,2.107367362279296330e+00,2.786960000000000104e+00
7.374999999999999334e-01,6.374999999999999556e-01,-1.937830000000000108e-01,-2.430110000000000048e-01,3.108153747966789227e-01,2.029409367081959736e+00,2.652520000000000433e+00
7.624999999999999556e-01,6.374999999999999556e-01,-1.963139999999999885e-01,-2.888029999999999764e-01,3.492081892009406552e-01,1.873683374639376398e+00,2.398519999999999985e+00
7.874999999999999778e-01,6.374999999999999556e-01,-1.942740000000000022e-01,-3.311259999999999759e-01,3.839099047328682346e-01,1.637753694302046314e+00,1.993800000000000017e+00
8.125000000000000000e-01,6.374999999999999556e-01,-1.862129999999999896e-01,-3.663359999999999950e-01,4.109468898349274424e-01,1.366956543274145286e+00,1.410660000000000025e+00
8.375000000000000222e-01,6.374999999999999556e-01,-1.708989999999999954e-01,-3.897590000000000221e-01,4.255802465834146453e-01,1.239292460882418290e+00,6.352999999999999758e-01
8.624999999999999334e-01,6.374999999999999556e-01,-1.477890000000000037e-01,-3.960080000000000267e-01,4.226865559548825257e-01,1.526707695009100307e+00,3.177800000000000069e-01
8.874999999999999556e-01,6.374999999999999556e-01,-1.175989999999999952e-01,-3.797900000000000165e-01,3.975801414821922286e-01,2.194903957169880737e+00,1.391300000000000203e+00
9.124999999999999778e-01,6.374999999999999556e-01,-8.276909999999999823e-02,-3.372419999999999862e-01,3.472504722513851116e-01,3.004261502729747235e+00,2.481289999999999996e+00
9.375000000000000000e-01,6.374999999999999556e-01,-4.757109999999999811e-02,-2.674420000000000130e-01,2.716398956692665512e-01,3.755880188304201006e+00,3.457119999999999749e+00
9.625000000000000222e-01,6.374999999999999556e-01,-1.835229999999999848e-02,-1.733280000000000098e-01,1.742968803487027485e-01,4.323920865611211362e+00,4.209920000000000329e+00
9.875000000000000444e-01,6.374999999999999556e-01,-3.091519999999999945e-03,-6.125599999999999795e-02,6.133396311922457295e-02,4.726188799782353733e+00,4.710340000000000416e+00
1.249999999999999896e-02,6.624999999999999778e-01,-5.002999999999999635e-04,3.355790000000000162e-02,3.356162916933563140e-02,2.467435672706401295e+00,2.467520000000000380e+00
3.749999999999999861e-02,6.624999999999999778e-01,-3.180060000000000178e-03,8.971669999999999645e-02,8.977304183603003473e-02,2.043162908228807861e+00,2.039839999999999876e+00
6.250000000000000000e-02,6.624999999999999778e-01,-8.551629999999999301e-03,1.350369999999999904e-01,1.353075080867905677e-01,1.647963161409635724e+00,1.632670000000000066e+00
8.750000000000000833e-02,6.624999999999999778e-01,-1.542130000000000063e-02,1.702639999999999987e-01,1.709609493120870516e-01,1.295939782195530743e+00,1.257630000000000026e+00
1.124999999999999889e-01,6.624999999999999778e-01,-2.293370000000000131e-02,1.965480000000000005e-01,1.978814566847788281e-01,9.952426533062177505e-01,9.200639999999999930e-01
1.374999999999999833e-01,6.624999999999999778e-01,-3.051869999999999930e-02,2.151980000000000004e-01,2.173512600692482644e-01,7.481961395356166999e-01,6.204360000000000985e-01
1.625000000000000056e-01,6.624999999999999778e-01,-3.776469999999999827e-02,2.275250000000000050e-01,2.306378073757422709e-01,5.549808340978993337e-01,3.558700000000000196e-01
1.874999999999999722e-01,6.624999999999999778e-01,-4.441139999999999671e-02,2.347219999999999862e-01,2.388865624809398958e-01,4.190334861750311113e-01,1.214299999999999963e-01
2.124999999999999944e-01,6.624999999999999778e-01,-5.032940000000000330e-02,2.378069999999999906e-01,2.430745107027061369e-01,3.503488533904457469e-01,8.855600000000000971e-02
2.374999999999999889e-01,6.624999999999999778e-01,-5.548759999999999803e-02,2.376010000000000066e-01,2.439940756550453560e-01,3.536230530946759543e-01,2.798880000000000257e-01
2.624999999999999556e-01,6.624999999999999778e-01,-5.992519999999999791e-02,2.347259999999999902e-01,2.422546690386792045e-01,4.108813096454985159e-01,4.579340000000000632e-01
2.874999999999999778e-01,6.624999999999999778e-01,-6.373009999999999786e-02,2.296269999999999978e-01,2.383067031684379666e-01,4.971082038550561077e-01,6.273080000000000878e-01
3.125000000000000000e-01,6.624999999999999778e-01,-6.702249999999999874e-02,2.225939999999999863e-01,2.324652755622869382e-01,5.974001495614141843e-01,7.918060000000000098e-01
3.375000000000000222e-01,6.624999999999999778e-01,-6.994359999999999467e-02,2.137910000000000088e-01,2.249415454333858755e-01,7.051425967674906925e-01,9.543559999999999821e-01
3.624999999999999334e-01,6.624999999999999778e-01,-7.264750000000000374e-02,2.032799999999999885e-01,2.158712988246700437e-01,8.175006398921044193e-01,1.117060000000000164e+00
3.874999999999999556e-01,6.624999999999999778e-01,-7.529520000000000657e-02,1.910469999999999946e-01,2.053492716131225804e-01,9.331856223603104405e-01,1.281279999999999974e+00
4.124999999999999778e-01,6.624999999999999778e-01,-7.805059999999999776e-02,1.770190000000000097e-01,1.934621992053228157e-01,1.051612074141410780e+00,1.447850000000000081e+00
4.374999999999999445e-01,6.624999999999999778e-01,-8.107699999999999629e-02,1.610759999999999970e-01,1.803301353213045133e-01,1.172418111946416541e+00,1.617020000000000124e+00
4.624999999999999667e-01,6.624999999999999778e-01,-8.453339999999999466e-02,1.430690000000000017e-01,1.661765160200441849e-01,1.295325525765627983e+00,1.788569999999999993e+00
4.874999999999999889e-01,6.624999999999999778e-01,-8.857099999999999695e-02,1.228250000000000036e-01,1.514292001761879392e-01,1.419999298789967668e+00,1.961830000000000185e+00
5.124999999999999556e-01,6.624999999999999778e-01,-9.332799999999999430e-02,1.001559999999999950e-01,1.368990135830057686e-01,1.545980113108833098e+00,2.135709999999999997e+00
5.374999999999999778e-01,6.624999999999999778e-01,-9.892410000000000092e-02,7.486389999999999711e-02,1.240587807614600135e-01,1.672508705829658826e+00,2.308570000000000011e+00
5.625000000000000000e-01,6.624999999999999778e-01,-1.054510000000000031e-01,4.675130000000000258e-02,1.153498914290343041e-01,1.798343023437964705e+00,2.478060000000000151e+00
5.874999999999999112e-01,6.624999999999999778e-01,-1.129590000000000038e-01,1.562859999999999944e-02,1.140350332966146019e-01,1.921567994259115508e+00,2.640940000000000509e+00
6.124999999999999334e-01,6.624999999999999778e-01,-1.214439999999999964e-01,-1.866910000000000097e-02,1.228705840745049904e-01,2.039169591364092593e+00,2.792620000000000324e+00
6.374999999999999556e-01,6.624999999999999778e-01,-1.308159999999999878e-01,-5.625779999999999670e-02,1.424000207754198277e-01,2.146548965373024309e+00,2.926600000000000090e+00
6.624999999999999778e-01,6.624999999999999778e-01,-1.408729999999999982e-01,-9.716199999999999837e-02,1.711305243754018268e-01,2.236731240380926966e+00,3.033560000000000034e+00
6.875000000000000000e-01,6.624999999999999778e-01,-1.512539999999999996e-01,-1.412470000000000114e-01,2.069504470277848951e-01,2.299478851827083226e+00,3.100240000000000329e+00
7.124999999999999112e-01,6.624999999999999778e-01,-1.613819999999999977e-01,-1.881150000000000044e-01,2.478535921648100659e-01,2.320143111792890789e+00,3.107960000000000278e+00
7.374999999999999334e-01,6.624999999999999778e-01,-1.704090000000000049e-01,-2.369400000000000117e-01,2.918557706830550158e-01,2.278970682918058266e+00,3.031180000000000430e+00
7.624999999999999556e-01,6.624999999999999778e-01,-1.771600000000000119e-01,-2.862489999999999757e-01,3.366365333724193332e-01,2.152014368167647795e+00,2.836640000000000050e+00
7.874999999999999778e-01,6.624999999999999778e-01,-1.801260000000000083e-01,-3.336399999999999921e-01,3.791583118909567229e-01,1.916961160900241046e+00,2.484240000000000226e+00
8.125000000000000000e-01,6.624999999999999778e-01,-1.775490000000000124e-01,-3.754859999999999864e-01,4.153473047908219917e-01,1.575463586250091641e+00,1.931660000000000155e+00
8.375000000000000222e-01,6.624999999999999778e-01,-1.676709999999999867e-01,-4.067509999999999737e-01,4.399544751926044439e-01,1.236369187419356530e+00,1.145159999999999956e+00
8.624999999999999334e-01,6.624999999999999778e-01,-1.492229999999999945e-01,-4.211110000000000131e-01,4.467683718102704038e-01,1.292805770098509610e+00,1.178199999999999942e-01
8.874999999999999556e-01,6.624999999999999778e-01,-1.221440000000000026e-01,-4.116779999999999884e-01,4.294158036449054472e-01,1.984379097753249388e+00,1.107639999999999958e+00
9.124999999999999778e-01,6.624999999999999778e-01,-8.832080000000000486e-02,-3.725089999999999790e-01,3.828361513671873495e-01,2.983108167469627592e+00,2.422919999999999963e+00
9.375000000000000000e-01,6.624999999999999778e-01,-5.204770000000000230e-02,-3.006860000000000088e-01,3.051573916379710094e-01,3.986063754924650038e+00,3.666570000000000107e+00
9.625000000000000222e-01,6.624999999999999778e-01,-2.058509999999999854e-02,-1.980439999999999978e-01,1.991109546911218886e-01,4.803943521199224520e+00,4.682290000000000063e+00
9.875000000000000444e-01,6.624999999999999778e-01,-3.588979999999999861e-03,-7.120340000000000003e-02,7.129379320109430207e-02,5.423145379908394403e+00,5.406360000000000277e+00
1.249999999999999896e-02,6.875000000000000000e-01,-5.712960000000000000e-04,3.523330000000000212e-02,3.523793138096525945e-02,2.589388379020416853e+00,2.591210000000000235e+00
3.749999999999999861e-02,6.875000000000000000e-01,-3.537139999999999816e-03,9.412080000000000446e-02,9.418724091945576693e-02,2.136209417219051776e+00,2.141080000000000094e+00
6.250000000000000000e-02,6.875000000000000000e-01,-9.319279999999999231e-03,1.412710000000000077e-01,1.415780506318631282e-01,1.706528469846946283e+00,1.710110000000000019e+00
8.750000000000000833e-02,6.875000000000000000e-01,-1.644119999999999956e-02,1.774380000000000124e-01,1.781980833270661313e-01,1.320331620401480777e+00,1.312990000000000101e+00
1.124999999999999889e-01,6.875000000000000000e-01,-2.386960000000000123e-02,2.039310000000000012e-01,2.053231856492588048e-01,9.879225210855353545e-01,9.562820000000000764e-01
1.374999999999999833e-01,6.875000000000000000e-01,-3.095780000000000060e-02,2.222639999999999894e-01,2.244096055805989698e-01,7.111601613392021237e-01,6.405700000000000838e-01
1.625000000000000056e-01,6.875000000000000000e-01,-3.728340000000000126e-02,2.339380000000000071e-01,2.368903538761340244e-01,4.887589175861653534e-01,3.625560000000000449e-01
1.874999999999999722e-01,6.875000000000000000e-01,-4.261739999999999973e-02,2.403059999999999918e-01,2.440557649775149107e-01,3.255902607388618253e-01,1.168280000000000013e-01
2.124999999999999944e-01,6.875000000000000000e-01,-4.688479999999999731e-02,2.425070000000000003e-01,2.469976305960038809e-01,2.474446670267920756e-01,1.027819999999999984e-01
2.374999999999999889e-01,6.875000000000000000e-01,-5.011709999999999776e-02,2.414469999999999950e-01,2.465935472014829377e-01,2.769434970603210089e-01,3.023880000000000456e-01
2.624999999999999556e-01,6.875000000000000000e-01,-5.241529999999999800e-02,2.378079999999999916e-01,2.435159307685844099e-01,3.698572585633544407e-01,4.876039999999999819e-01
2.874999999999999778e-01,6.875000000000000000e-01,-5.392389999999999683e-02,2.320720000000000005e-01,2.382544861596734009e-01,4.830968078967196044e-01,6.632299999999999862e-01
3.125000000000000000e-01,6.875000000000000000e-01,-5.481280000000000180e-02,2.245540000000000036e-01,2.311470137376643863e-01,6.021352035548163117e-01,8.331640000000000157e-01
3.375000000000000222e-01,6.875000000000000000e-01,-5.526629999999999737e-02,2.154330000000000134e-01,2.224089508196331610e-01,7.230277621613157013e-01,1.000469999999999970e+00
3.624999999999999334e-01,6.875000000000000000e-01,-5.547610000000000041e-02,2.047799999999999898e-01,2.121613679990068113e-01,8.447875328743909007e-01,1.167420000000000124e+00
3.874999999999999556e-01,6.875000000000000000e-01,-5.563680000000000014e-02,1.925840000000000052e-01,2.004595983489940170e-01,9.672808808200440422e-01,1.335570000000000146e+00
4.124999999999999778e-01,6.875000000000000000e-01,-5.594330000000000136e-02,1.787719999999999865e-01,1.873207964933151781e-01,1.090689054968463578e+00,1.505950000000000122e+00
4.374999999999999445e-01,6.875000000000000000e-01,-5.658889999999999754e-02,1.632220000000000060e-01,1.727533643296419452e-01,1.215237816073874599e+00,1.679019999999999957e+00
4.624999999999999667e-01,6.875000000000000000e-01,-5.776350000000000234e-02,1.457819999999999949e-01,1.568088436799723318e-01,1.341192663976358057e+00,1.854899999999999993e+00
4.874999999999999889e-01,6.875000000000000000e-01,-5.965150000000000313e-02,1.262669999999999904e-01,1.396483323969534562e-01,1.468766786254373402e+00,2.033320000000000238e+00
5.124999999999999556e-01,6.875000000000000000e-01,-6.242840000000000195e-02,1.044780000000000014e-01,1.217084944059370066e-01,1.598009377305402268e+00,2.213570000000000260e+00
5.374999999999999778e-01,6.875000000000000000e-01,-6.625699999999999645e-02,8.019779999999999964e-02,1.040272905243619234e-01,1.728820771608208240e+00,2.394610000000000127e+00
5.625000000000000000e-01,6.875000000000000000e-01,-7.128030000000000477e-02,5.319850000000000273e-02,8.894358644860236862e-02,1.860715276499873561e+00,2.574840000000000018e+00
5.874999999999999112e-01,6.875000000000000000e-01,-7.761260000000000381e-02,2.324839999999999893e-02,8.101977401424914627e-02,1.992603522650705505e+00,2.751840000000000064e+00
6.124999999999999334e-01,6.875000000000000000e-01,-8.532439999999999469e-02,-9.880109999999999240e-03,8.589452723527907230e-02,2.122557381418226807e+00,2.922190000000000509e+00
6.374999999999999556e-01,6.875000000000000000e-01,-9.442169999999999730e-02,-4.639329999999999843e-02,1.052035917437232765e-01,2.247193587835280670e+00,3.080700000000000216e+00
6.624999999999999778e-01,6.875000000000000000e-01,-1.048140000000000044e-01,-8.644580000000000319e-02,1.358633539025148607e-01,2.360922816239446220e+00,3.219680000000000319e+00
6.875000000000000000e-01,6.875000000000000000e-01,-1.162709999999999994e-01,-1.300860000000000072e-01,1.744743902038347894e-01,2.454804884303435131e+00,3.327579999999999760e+00
7.124999999999999112e-01,6.875000000000000000e-01,-1.283579999999999999e-01,-1.771629999999999872e-01,2.187750093886410840e-01,2.514917789610626730e+00,3.387129999999999974e+00
7.374999999999999334e-01,6.875000000000000000e-01,-1.403580000000000105e-01,-2.271739999999999871e-01,2.670363167061738929e-01,2.520453598620692848e+00,3.373060000000000613e+00
7.624999999999999556e-01,6.875000000000000000e-01,-1.511820000000000108e-01,-2.790199999999999902e-01,3.173454860621149898e-01,2.442275851332113668e+00,3.249660000000000437e+00
7.874999999999999778e-01,6.875000000000000000e-01,-1.592989999999999962e-01,-3.306720000000000215e-01,3.670424266825294546e-01,2.244267352968447149e+00,2.969720000000000137e+00
8.125000000000000000e-01,6.875000000000000000e-01,-1.627409999999999968e-01,-3.787429999999999963e-01,4.122267496536341502e-01,1.893861918197839334e+00,2.476560000000000095e+00
8.375000000000000222e-01,6.875000000000000000e-01,-1.592659999999999909e-01,-4.180820000000000092e-01,4.473904530496823351e-01,1.411191840962808364e+00,1.713580000000000103e+00
8.624999999999999334e-01,6.875000000000000000e-01,-1.468250000000000111e-01,-4.416200000000000125e-01,4.653878006834730185e-01,1.103698485456965805e+00,6.444600000000000328e-01
8.874999999999999556e-01,6.875000000000000000e-01,-1.243790000000000034e-01,-4.408409999999999829e-01,4.580512230329704115e-01,1.673801000119190086e+00,7.153800000000001269e-01
9.124999999999999778e-01,6.875000000000000000e-01,-9.292319999999999747e-02,-4.073240000000000194e-01,4.177888965425481937e-01,2.857424740318457168e+00,2.266080000000000094e+00
9.375000000000000000e-01,6.875000000000000000e-01,-5.643449999999999855e-02,-3.353909999999999947e-01,3.401058301047631405e-01,4.155192313650958091e+00,3.819310000000000205e+00
9.625000000000000222e-01,6.875000000000000000e-01,-2.298410000000000036e-02,-2.249299999999999911e-01,2.261012466856607006e-01,5.287299560883230498e+00,5.159990000000000521e+00
9.875000000000000444e-01,6.875000000000000000e-01,-4.162139999999999937e-03,-8.238689999999999902e-02,8.249196749374813897e-02,6.188529395882049755e+00,6.171269999999999811e+00
1.249999999999999896e-02,7.124999999999999112e-01,-7.065230000000000251e-04,3.715670000000000084e-02,3.716341654960599733e-02,2.727103834946273953e+00,2.731430000000000025e+00
3.749999999999999861e-02,7.124999999999999112e-01,-4.196339999999999792e-03,9.904219999999999691e-02,9.913105794974448604e-02,2.236198877731128576e+00,2.251889999999999947e+00
6.250000000000000000e-02,7.124999999999999112e-01,-1.073990000000000014e-02,1.479820000000000024e-01,1.483712161303869792e-01,1.763444130084182548e+00,1.790569999999999995e+00
8.750000000000000833e-02,7.124999999999999112e-01,-1.841059999999999919e-02,1.847989999999999911e-01,1.857138136848199006e-01,1.336908318766848014e+00,1.366610000000000102e+00
1.124999999999999889e-01,7.124999999999999112e-01,-2.592179999999999832e-02,2.110720000000000096e-01,2.126577741330892557e-01,9.695863054230914324e-01,9.878600000000000714e-01
1.374999999999999833e-01,7.124999999999999112e-01,-3.254019999999999829e-02,2.286120000000000096e-01,2.309162427375779092e-01,6.620383002153275021e-01,6.545540000000000802e-01
1.625000000000000056e-01,7.124999999999999112e-01,-3.785050000000000220e-02,2.391759999999999997e-01,2.421524712371319055e-01,4.095618033947990289e-01,3.625039999999999929e-01
1.874999999999999722e-01,7.124999999999999112e-01,-4.168380000000000002e-02,2.443120000000000014e-01,2.478424752265842024e-01,2.143274607230720719e-01,1.054380000000000178e-01
2.124999999999999944e-01,7.124999999999999112e-01,-4.404929999999999957e-02,2.452959999999999863e-01,2.492197192167786568e-01,1.400946074622431980e-01,1.234760000000000163e-01
2.374999999999999889e-01,7.124999999999999112e-01,-4.506720000000000170e-02,2.431230000000000058e-01,2.472647278623459621e-01,2.390527268449368636e-01,3.308760000000000034e-01
2.624999999999999556e-01,7.124999999999999112e-01,-4.492000000000000159e-02,2.385269999999999890e-01,2.427198717225270697e-01,3.753976099284597190e-01,5.226659999999999640e-01
2.874999999999999778e-01,7.124999999999999112e-01,-4.382260000000000322e-02,2.320210000000000050e-01,2.361231981651951140e-01,5.115758728087164142e-01,7.038180000000000547e-01
3.125000000000000000e-01,7.124999999999999112e-01,-4.200330000000000036e-02,2.239349999999999952e-01,2.278402103139171575e-01,6.440953030414056091e-01,8.783900000000000041e-01
3.375000000000000222e-01,7.124999999999999112e-01,-3.969410000000000299e-02,2.144540000000000057e-01,2.180966292513710492e-01,7.734070800813761526e-01,1.049530000000000074e+00
3.624999999999999334e-01,7.124999999999999112e-01,-3.712549999999999878e-02,2.036519999999999997e-01,2.070083086599424360e-01,9.004225434427994834e-01,1.219630000000000214e+00
3.874999999999999556e-01,7.124999999999999112e-01,-3.452480000000000132e-02,1.915169999999999928e-01,1.946040161559878801e-01,1.025994653299908910e+00,1.390400000000000080e+00
4.124999999999999778e-01,7.124999999999999112e-01,-3.211520000000000347e-02,1.779739999999999933e-01,1.808483639600867443e-01,1.150885582714459066e+00,1.563000000000000167e+00
4.374999999999999445e-01,7.124999999999999112e-01,-3.011600000000000041e-02,1.629009999999999903e-01,1.656614295996506059e-01,1.275824484714100482e+00,1.738190000000000346e+00
4.624999999999999667e-01,7.124999999999999112e-01,-2.874339999999999881e-02,1.461379999999999901e-01,1.489379001045737783e-01,1.401487553578696810e+00,1.916330000000000089e+00
4.874999999999999889e-01,7.124999999999999112e-01,-2.820879999999999915e-02,1.274980000000000002e-01,1.305813018829265482e-01,1.528493651736898773e+00,2.097449999999999815e+00
5.124999999999999556e-01,7.124999999999999112e-01,-2.871889999999999860e-02,1.067710000000000048e-01,1.105659154450864268e-01,1.657416260577891265e+00,2.281320000000000014e+00
5.374999999999999778e-01,7.124999999999999112e-01,-3.047290000000000068e-02,8.372789999999999400e-02,8.910083542156044256e-02,1.788667810011685733e+00,2.467330000000000467e+00
5.625000000000000000e-01,7.124999999999999112e-01,-3.365850000000000092e-02,5.812210000000000293e-02,6.716452285738357120e-02,1.922432781097950460e+00,2.654520000000000213e+00
5.874999999999999112e-01,7.124999999999999112e-01,-3.844569999999999932e-02,2.969190000000000024e-02,4.857654551427056239e-02,2.058498318294188056e+00,2.841340000000000199e+00
6.124999999999999334e-01,7.124999999999999112e-01,-4.497629999999999684e-02,-1.835730000000000044e-03,4.501374752587147116e-02,2.195975087385100277e+00,3.025420000000000442e+00
6.374999999999999556e-01,7.124999999999999112e-01,-5.334669999999999690e-02,-3.673719999999999763e-02,6.477261971489187142e-02,2.332887299108124424e+00,3.203050000000000619e+00
6.624999999999999778e-01,7.124999999999999112e-01,-6.358149999999999913e-02,-7.527390000000000470e-02,9.853307649444424665e-02,2.465437462609830988e+00,3.368419999999999970e+00
6.875000000000000000e-01,7.124999999999999112e-01,-7.559200000000000641e-02,-1.176559999999999967e-01,1.398466474392575376e-01,2.586750931979343360e+00,3.512299999999999756e+00
7.124999999999999112e-01,7.124999999999999112e-01,-8.911330000000000640e-02,-1.639690000000000036e-01,1.866199699868425210e-01,2.685091315765629538e+00,3.620060000000000500e+00
7.374999999999999334e-01,7.124999999999999112e-01,-1.036129999999999968e-01,-2.140440000000000120e-01,2.378034644512144191e-01,2.741106632138925026e+00,3.668680000000000163e+00
7.624999999999999556e-01,7.124999999999999112e-01,-1.181750000000000023e-01,-2.672240000000000171e-01,2.921882899792529464e-01,2.724380489799470340e+00,3.622840000000000060e+00
7.874999999999999778e-01,7.124999999999999112e-01,-1.313630000000000075e-01,-3.219899999999999984e-01,3.477553707263196237e-01,2.590958997765113292e+00,3.431290000000000173e+00
8.125000000000000000e-01,7.124999999999999112e-01,-1.411310000000000064e-01,-3.754359999999999919e-01,4.010862117512891678e-01,2.285523100998981150e+00,3.025380000000000180e+00
8.375000000000000222e-01,7.124999999999999112e-01,-1.448689999999999978e-01,-4.226219999999999977e-01,4.467621090076910328e-01,1.763032150586029578e+00,2.324620000000000353e+00
8.624999999999999334e-01,7.124999999999999112e-01,-1.397589999999999943e-01,-4.560500000000000109e-01,4.769844657648716346e-01,1.122432667022837505e+00,1.256380000000000052e+00
8.874999999999999556e-01,7.124999999999999112e-01,-1.236170000000000047e-01,-4.657169999999999921e-01,4.818438406558706033e-01,1.277559754921858914e+00,2.056000000000000050e-01
9.124999999999999778e-01,7.124999999999999112e-01,-9.617470000000000185e-02,-4.404379999999999962e-01,4.508161540629284092e-01,2.603275548109342807e+00,1.989200000000000079e+00
9.375000000000000000e-01,7.124999999999999112e-01,-6.061930000000000096e-02,-3.709109999999999907e-01,3.758319697065298781e-01,4.236888788981839404e+00,3.891410000000000036e+00
9.625000000000000222e-01,7.124999999999999112e-01,-2.558030000000000026e-02,-2.539049999999999918e-01,2.551903226478033915e-01,5.758455926256968560e+00,5.628960000000000186e+00
9.875000000000000444e-01,7.124999999999999112e-01,-4.835390000000000174e-03,-9.492109999999999437e-02,9.504418036714346041e-02,7.023188479309952825e+00,7.006350000000001188e+00
1.249999999999999896e-02,7.374999999999999334e-01,-9.438880000000000403e-04,3.952209999999999751e-02,3.953336961310715408e-02,2.892481680368553576e+00,2.900490000000000013e+00
3.749999999999999861e-02,7.374999999999999334e-01,-5.306209999999999573e-03,1.048619999999999969e-01,1.049961661612656139e-01,2.348503887054266936e+00,2.378369999999999873e+00
6.250000000000000000e-02,7.374999999999999334e-01,-1.309100000000000021e-02,1.555469999999999908e-01,1.560969041653292866e-01,1.819232094219976226e+00,1.875000000000000000e+00
8.750000000000000833e-02,7.374999999999999334e-01,-2.168180000000000107e-02,1.926039999999999974e-01,1.938205388168137422e-01,1.343411549334008193e+00,1.415830000000000144e+00
1.124999999999999889e-01,7.374999999999999334e-01,-2.944959999999999939e-02,2.180690000000000128e-01,2.200485575984537090e-01,9.370545597626640522e-01,1.009779999999999900e+00
1.374999999999999833e-01,7.374999999999999334e-01,-3.558150000000000202e-02,2.341900000000000093e-01,2.368776039271125455e-01,5.986849370545412885e-01,6.558840000000000225e-01
1.625000000000000056e-01,7.374999999999999334e-01,-3.970859999999999668e-02,2.430690000000000073e-01,2.462911116442491610e-01,3.186018876780236653e-01,3.482640000000000180e-01
1.874999999999999722e-01,7.374999999999999334e-01,-4.176930000000000226e-02,2.464899999999999869e-01,2.500039890131555143e-01,8.652651665241123391e-02,7.911000000000001364e-02
2.124999999999999944e-01,7.374999999999999334e-01,-4.189999999999999974e-02,2.458770000000000122e-01,2.494215490469899321e-01,1.199605774577631873e-01,1.594520000000000104e-01
2.374999999999999889e-01,7.374999999999999334e-01,-4.034229999999999761e-02,2.423079999999999956e-01,2.456433757162810316e-01,2.942326680774927095e-01,3.747420000000000195e-01
2.624999999999999556e-01,7.374999999999999334e-01,-3.738400000000000056e-02,2.365569999999999895e-01,2.394927508401872018e-01,4.524589812347634687e-01,5.730480000000000018e-01
2.874999999999999778e-01,7.374999999999999334e-01,-3.332500000000000046e-02,2.291519999999999946e-01,2.315625071746287844e-01,5.989118857327845324e-01,7.595260000000000344e-01
3.125000000000000000e-01,7.374999999999999334e-01,-2.846030000000000088e-02,2.204250000000000098e-01,2.222547396594502511e-01,7.370568619936999077e-01,9.383360000000000589e-01
3.375000000000000222e-01,7.374999999999999334e-01,-2.307270000000000154e-02,2.105569999999999942e-01,2.118173735421388926e-01,8.693098856472301073e-01,1.112770000000000037e+00
3.624999999999999334e-01,7.374999999999999334e-01,-1.743170000000000136e-02,1.996130000000000126e-01,2.003726875946170438e-01,9.973363910757493400e-01,1.285260000000000069e+00
3.874999999999999556e-01,7.374999999999999334e-01,-1.179469999999999998e-02,1.875769999999999937e-01,1.879474550960719970e-01,1.122394720338615981e+00,1.457629999999999981e+00
4.124999999999999778e-01,7.374999999999999334e-01,-6.409180000000000432e-03,1.743669999999999942e-01,1.744847508445147855e-01,1.245576224373281748e+00,1.631260000000000154e+00
4.374999999999999445e-01,7.374999999999999334e-01,-1.515620000000000075e-03,1.598559999999999981e-01,1.598631847549159546e-01,1.367826706911734691e+00,1.807050000000000045e+00
4.624999999999999667e-01,7.374999999999999334e-01,2.649750000000000195e-03,1.438800000000000079e-01,1.439043973444261992e-01,1.490091041287410656e+00,1.985589999999999966e+00
4.874999999999999889e-01,7.374999999999999334e-01,5.854129999999999924e-03,1.262500000000000011e-01,1.263856532129216947e-01,1.613286586010061585e+00,2.167190000000000172e+00
5.124999999999999556e-01,7.374999999999999334e-01,7.867259999999999184e-03,1.067509999999999987e-01,1.070405053281588414e-01,1.738324144378153635e+00,2.351940000000000364e+00
5.374999999999999778e-01,7.374999999999999334e-01,8.460640000000000174e-03,8.514869999999999384e-02,8.556800535772467187e-02,1.866073759578607882e+00,2.539680000000000160e+00
5.625000000000000000e-01,7.374999999999999334e-01,7.409619999999999575e-03,6.118590000000000140e-02,6.163291999698213008e-02,1.997287854767099136e+00,2.729950000000000099e+00
5.874999999999999112e-01,7.374999999999999334e-01,4.496660000000000414e-03,3.458479999999999888e-02,3.487589915967185400e-02,2.132459973112039275e+00,2.921920000000000073e+00
6.124999999999999334e-01,7.374999999999999334e-01,-4.826160000000000020e-04,5.044690000000000112e-03,5.067722900825971308e-03,2.271753062376718812e+00,3.114170000000000105e+00
6.374999999999999556e-01,7.374999999999999334e-01,-7.707499999999999941e-03,-2.775740000000000152e-02,2.880761723936917443e-02,2.414575843025023261e+00,3.304380000000000095e+00
6.624999999999999778e-01,7.374999999999999334e-01,-1.731200000000000100e-02,-6.416090000000000682e-02,6.645544697622611519e-02,2.559035562965079613e+00,3.488700000000000134e+00
6.875000000000000000e-01,7.374999999999999334e-01,-2.935110000000000149e-02,-1.045039999999999997e-01,1.085475614060951721e-01,2.700883394102751911e+00,3.660590000000000011e+00
7.124999999999999112e-01,7.374999999999999334e-01,-4.374310000000000004e-02,-1.490779999999999883e-01,1.553631516210005059e-01,2.831650068641251128e+00,3.808930000000000149e+00
7.374999999999999334e-01,7.374999999999999334e-01,-6.017890000000000045e-02,-1.980310000000000126e-01,2.069728894474104908e-01,2.935563160658615445e+00,3.914789999999999992e+00
7.624999999999999556e-01,7.374999999999999334e-01,-7.798579999999999401e-02,-2.511709999999999776e-01,2.629993464680853155e-01,2.984792045286237538e+00,3.946410000000000196e+00
7.874999999999999778e-01,7.374999999999999334e-01,-9.594650000000000400e-02,-3.075999999999999845e-01,3.222165279160117968e-01,2.933458358745867578e+00,3.852680000000000327e+00
8.125000000000000000e-01,7.374999999999999334e-01,-1.121039999999999953e-01,-3.651150000000000229e-01,3.819375211222379995e-01,2.713239202226740865e+00,3.557320000000000260e+00
8.375000000000000222e-01,7.374999999999999334e-01,-1.236489999999999950e-01,-4.193609999999999838e-01,4.372101594450888418e-01,2.238515167694871799e+00,2.958380000000000010e+00
8.624999999999999334e-01,7.374999999999999334e-01,-1.271009999999999918e-01,-4.628749999999999809e-01,4.800082601643434477e-01,1.457458778559448831e+00,1.942680000000000184e+00
8.874999999999999556e-01,7.374999999999999334e-01,-1.190470000000000000e-01,-4.845289999999999875e-01,4.989394152099029811e-01,8.934009942259971693e-01,4.271400000000000197e-01
9.124999999999999778e-01,7.374999999999999334e-01,-9.757709999999999995e-02,-4.702850000000000086e-01,4.803012301352246327e-01,2.196253473099132325e+00,1.569450000000000012e+00
9.375000000000000000e-01,7.374999999999999334e-01,-6.447200000000000153e-02,-4.063510000000000177e-01,4.114338026766882206e-01,4.198446487824276652e+00,3.853120000000000100e+00
9.625000000000000222e-01,7.374999999999999334e-01,-2.844220000000000081e-02,-2.848249999999999948e-01,2.862415751875327929e-01,6.196087145057274093e+00,6.070199999999999818e+00
9.875000000000000444e-01,7.374999999999999334e-01,-5.653649999999999648e-03,-1.089579999999999993e-01,1.091045806660861511e-01,7.927657626033964178e+00,7.912959999999999994e+00
1.249999999999999896e-02,7.624999999999999556e-01,-1.347090000000000006e-03,4.262590000000000129e-02,4.264718047278272250e-02,3.103067655231132704e+00,3.116509999999999891e+00
3.749999999999999861e-02,7.624999999999999556e-01,-7.089990000000000007e-03,1.121169999999999944e-01,1.123409526717665807e-01,2.480077332572103721e+00,2.528050000000000352e+00
6.250000000000000000e-02,7.624999999999999556e-01,-1.674809999999999841e-02,1.644470000000000098e-01,1.652976547401989182e-01,1.874018924158451505e+00,1.962709999999999955e+00
8.750000000000000833e-02,7.624999999999999556e-01,-2.668010000000000173e-02,2.011360000000000092e-01,2.028978024326779095e-01,1.336317395515002726e+00,1.454400000000000137e+00
1.124999999999999889e-01,7.624999999999999556e-01,-3.482459999999999722e-02,2.249760000000000093e-01,2.276553389252270743e-01,8.858786015024858740e-01,1.012219999999999898e+00
1.374999999999999833e-01,7.624999999999999556e-01,-4.033439999999999942e-02,2.388619999999999910e-01,2.422435115072434642e-01,5.190878687274439462e-01,6.324040000000000772e-01
1.625000000000000056e-01,7.624999999999999556e-01,-4.296370000000000050e-02,2.453440000000000065e-01,2.490774133752195474e-01,2.274116858035224176e-01,3.059060000000000112e-01
1.874999999999999722e-01,7.624999999999999556e-01,-4.283130000000000270e-02,2.464830000000000076e-01,2.501767166398384257e-01,9.772378019704314189e-02,2.258400000000000338e-02
2.124999999999999944e-01,7.624999999999999556e-01,-4.025870000000000143e-02,2.438529999999999864e-01,2.471538964586437459e-01,2.665709094781349431e-01,2.270420000000000216e-01
2.374999999999999889e-01,7.624999999999999556e-01,-3.565009999999999707e-02,2.385960000000000025e-01,2.412446493624469945e-01,4.435678471214973273e-01,4.512140000000000040e-01
2.624999999999999556e-01,7.624999999999999556e-01,-2.942360000000000114e-02,2.315029999999999866e-01,2.333653514255275840e-01,6.049081282310564411e-01,6.566880000000000495e-01
2.874999999999999778e-01,7.624999999999999556e-01,-2.197829999999999923e-02,2.230939999999999868e-01,2.241739915933380345e-01,7.535447656669111982e-01,8.488700000000000134e-01
3.125000000000000000e-01,7.624999999999999556e-01,-1.368149999999999922e-02,2.136820000000000108e-01,2.141195473707386832e-01,8.926900930138073065e-01,1.032049999999999912e+00
3.375000000000000222e-01,7.624999999999999556e-01,-4.867619999999999586e-03,2.034269999999999967e-01,2.034852280964502824e-01,1.024663616617668360e+00,1.209580000000000100e+00
3.624999999999999334e-01,7.624999999999999556e-01,4.157420000000000213e-03,1.923759999999999915e-01,1.924209175662988935e-01,1.151154391600014870e+00,1.383950000000000014e+00
3.874999999999999556e-01,7.624999999999999556e-01,1.311080000000000058e-02,1.804979999999999918e-01,1.809735369622862688e-01,1.273477295265212028e+00,1.557150000000000034e+00
4.124999999999999778e-01,7.624999999999999556e-01,2.172659999999999869e-02,1.676989999999999870e-01,1.691005610533566350e-01,1.392752653408350305e+00,1.730610000000000204e+00
4.374999999999999445e-01,7.624999999999999556e-01,2.974950000000000164e-02,1.538470000000000115e-01,1.566969436819046768e-01,1.510040915107931703e+00,1.905420000000000336e+00
4.624999999999999667e-01,7.624999999999999556e-01,3.693010000000000043e-02,1.387730000000000075e-01,1.436028475170670060e-01,1.626418601026193400e+00,2.082400000000000251e+00
4.874999999999999889e-01,7.624999999999999556e-01,4.302160000000000012e-02,1.222860000000000058e-01,1.296330353828066551e-01,1.742969621294645499e+00,2.262040000000000273e+00
5.124999999999999556e-01,7.624999999999999556e-01,4.777680000000000121e-02,1.041720000000000007e-01,1.146055330350153750e-01,1.860847011944829710e+00,2.444729999999999848e+00
5.374999999999999778e-01,7.624999999999999556e-01,5.094579999999999942e-02,8.419509999999999494e-02,9.840878721765652926e-02,1.981242500536468887e+00,2.630620000000000402e+00
5.625000000000000000e-01,7.624999999999999556e-01,5.227529999999999677e-02,6.209869999999999973e-02,8.117238158253088642e-02,2.105310562281014430e+00,2.819650000000000212e+00
5.874999999999999112e-01,7.624999999999999556e-01,5.150899999999999923e-02,3.760089999999999960e-02,6.377307238803850420e-02,2.234229130210239056e+00,3.011570000000000302e+00
6.124999999999999334e-01,7.624999999999999556e-01,4.838989999999999958e-02,1.039039999999999929e-02,4.949285639534255210e-02,2.368983364621203958e+00,3.205760000000000165e+00
6.374999999999999556e-01,7.624999999999999556e-01,4.266679999999999778e-02,-1.987840000000000093e-02,4.707023060066733988e-02,2.510267257843276312e+00,3.401059999999999750e+00
6.624999999999999778e-01,7.624999999999999556e-01,3.410690000000000249e-02,-5.359110000000000262e-02,6.352390594744627972e-02,2.658089048056893056e+00,3.595439999999999969e+00
6.875000000000000000e-01,7.624999999999999556e-01,2.252039999999999945e-02,-9.117269999999999541e-02,9.391288325597291209e-02,2.810960276332627572e+00,3.785090000000000288e+00
7.124999999999999112e-01,7.624999999999999556e-01,7.806300000000000391e-03,-1.330729999999999968e-01,1.333017691131291593e-01,2.964362207237840163e+00,3.962939999999999685e+00
7.374999999999999334e-01,7.624999999999999556e-01,-9.966610000000000746e-03,-1.797130000000000116e-01,1.799891543507333158e-01,3.107676099408688497e+00,4.115460000000000562e+00
7.624999999999999556e-01,7.624999999999999556e-01,-3.042339999999999975e-02,-2.313429999999999931e-01,2.333348814827307383e-01,3.218876999387208837e+00,4.217220000000000191e+00
7.874999999999999778e-01,7.624999999999999556e-01,-5.267299999999999760e-02,-2.877330000000000165e-01,2.925144854840525666e-01,3.256142157292890360e+00,4.222339999999999982e+00
8.125000000000000000e-01,7.624999999999999556e-01,-7.502590000000000647e-02,-3.475730000000000208e-01,3.555782276796626840e-01,3.147489092403657818e+00,4.053460000000000285e+00
8.375000000000000222e-01,7.624999999999999556e-01,-9.471000000000000252e-02,-4.074720000000000009e-01,4.183340948141808235e-01,2.783803636495218115e+00,3.592940000000000467e+00
8.624999999999999334e-01,7.624999999999999556e-01,-1.077929999999999999e-01,-4.605879999999999974e-01,4.730334413051576203e-01,2.032805952569009644e+00,2.687380000000000102e+00
8.874999999999999556e-01,7.624999999999999556e-01,-1.096700000000000036e-01,-4.952860000000000040e-01,5.072826930775383714e-01,9.061439066042435986e-01,1.184090000000000087e+00
9.124999999999999778e-01,7.624999999999999556e-01,-9.646920000000000495e-02,-4.949219999999999731e-01,5.042361476854272384e-01,1.615307433416933280e+00,9.824140000000000095e-01
9.375000000000000000e-01,7.624999999999999556e-01,-6.781520000000000603e-02,-4.404850000000000154e-01,4.456746981555493314e-01,3.999106945521212708e+00,3.666710000000000136e+00
9.625000000000000222e-01,7.624999999999999556e-01,-3.169720000000000176e-02,-3.174589999999999912e-01,3.190375043295693436e-01,6.570434714101039297e+00,6.457320000000000171e+00
9.875000000000000444e-01,7.624999999999999556e-01,-6.700450000000000156e-03,-1.247260000000000035e-01,1.249058489671420469e-01,8.902576211065762024e+00,8.893190000000000595e+00
1.249999999999999896e-02,7.874999999999999778e-01,-2.026599999999999929e-03,4.692609999999999837e-02,4.696984105540490118e-02,3.384639438073402840e+00,3.406110000000000415e+00
3.749999999999999861e-02,7.874999999999999778e-01,-9.887639999999999624e-03,1.215480000000000033e-01,1.219495048319984010e-01,2.639173917126342417e+00,2.709230000000000249e+00
6.250000000000000000e-02,7.874999999999999778e-01,-2.220750000000000154e-02,1.752599999999999991e-01,1.766613728471790323e-01,1.925928271328140928e+00,2.048490000000000144e+00
8.750000000000000833e-02,7.874999999999999778e-01,-3.387260000000000271e-02,2.106379999999999919e-01,2.133441353184098999e-01,1.308681834349357809e+00,1.468490000000000073e+00
1.124999999999999889e-01,7.874999999999999778e-01,-4.233449999999999713e-02,2.317160000000000053e-01,2.355515114497251650e-01,8.077673218693610657e-01,9.758060000000000622e-01
1.374999999999999833e-01,7.874999999999999778e-01,-4.683369999999999894e-02,2.423089999999999966e-01,2.467935309863084625e-01,4.213950034824807678e-01,5.609239999999999782e-01
1.625000000000000056e-01,7.874999999999999778e-01,-4.738289999999999863e-02,2.455350000000000033e-01,2.500651423877586210e-01,1.957988983115073467e-01,2.095780000000000143e-01
1.874999999999999722e-01,7.874999999999999778e-01,-4.438949999999999840e-02,2.437570000000000014e-01,2.477658224195782855e-01,2.918909977645764986e-01,9.207600000000000506e-02
2.124999999999999944e-01,7.874999999999999778e-01,-3.843490000000000101e-02,2.386749999999999983e-01,2.417498648665806216e-01,4.852850793379083760e-01,3.557520000000000127e-01
2.374999999999999889e-01,7.874999999999999778e-01,-3.013160000000000144e-02,2.314589999999999981e-01,2.334120433901387126e-01,6.678804926931164454e-01,5.909180000000000543e-01
2.624999999999999556e-01,7.874999999999999778e-01,-2.005159999999999929e-02,2.228769999999999918e-01,2.237771744203594926e-01,8.336433345340199530e-01,8.049730000000000496e-01
2.874999999999999778e-01,7.874999999999999778e-01,-8.702480000000000285e-03,2.134070000000000134e-01,2.135843646130268503e-01,9.854111977266140077e-01,1.003679999999999906e+00
3.125000000000000000e-01,7.874999999999999778e-01,3.475339999999999940e-03,2.033139999999999947e-01,2.033437006256048341e-01,1.126129323088605139e+00,1.191440000000000055e+00
3.375000000000000222e-01,7.874999999999999778e-01,1.610009999999999913e-02,1.927200000000000024e-01,1.933913431878738487e-01,1.258042058058871149e+00,1.371710000000000207e+00
3.624999999999999334e-01,7.874999999999999778e-01,2.883700000000000152e-02,1.816369999999999929e-01,1.839118602428891636e-01,1.382843529903510005e+00,1.547120000000000051e+00
3.874999999999999556e-01,7.874999999999999778e-01,4.138580000000000036e-02,1.700109999999999955e-01,1.749757827890476847e-01,1.501854219897523990e+00,1.719700000000000006e+00
4.124999999999999778e-01,7.874999999999999778e-01,5.347040000000000126e-02,1.577320000000000111e-01,1.665486940812206107e-01,1.616265345908276307e+00,1.891120000000000134e+00
4.374999999999999445e-01,7.874999999999999778e-01,6.482939999999999536e-02,1.446560000000000068e-01,1.585187983816430668e-01,1.727192519493991218e+00,2.062590000000000146e+00
4.624999999999999667e-01,7.874999999999999778e-01,7.520860000000000045e-02,1.306120000000000059e-01,1.507177098351749900e-01,1.835775974730032623e+00,2.235100000000000087e+00
4.874999999999999889e-01,7.874999999999999778e-01,8.435510000000000230e-02,1.154069999999999957e-01,1.429494964839330973e-01,1.943222205518452927e+00,2.409359999999999946e+00
5.124999999999999556e-01,7.874999999999999778e-01,9.201280000000000570e-02,9.883240000000000081e-02,1.350340647895930113e-01,2.050824070763750395e+00,2.585960000000000036e+00
5.374999999999999778e-01,7.874999999999999778e-01,9.791840000000000266e-02,8.065740000000000409e-02,1.268606685829772873e-01,2.160019521335860393e+00,2.765350000000000197e+00
5.625000000000000000e-01,7.874999999999999778e-01,1.017979999999999996e-01,6.063290000000000346e-02,1.184870514715004597e-01,2.272316128723290696e+00,2.947810000000000485e+00
5.874999999999999112e-01,7.874999999999999778e-01,1.033670000000000005e-01,3.848460000000000075e-02,1.102986905006582558e-01,2.389325932899067695e+00,3.133459999999999912e+00
6.124999999999999334e-01,7.874999999999999778e-01,1.023260000000000003e-01,1.390699999999999922e-02,1.032667174117585795e-01,2.512772821493419961e+00,3.322300000000000253e+00
6.374999999999999556e-01,7.874999999999999778e-01,9.836419999999999886e-02,-1.344640000000000071e-02,9.927900842877107612e-02,2.644472932841060775e+00,3.514180000000000526e+00
6.624999999999999778e-01,7.874999999999999778e-01,9.116549999999999654e-02,-4.397569999999999951e-02,1.012176396718477145e-01,2.786121907708993817e+00,3.708560000000000301e+00
6.875000000000000000e-01,7.874999999999999778e-01,8.042169999999999874e-02,-7.815020000000000300e-02,1.121387693482053527e-01,2.938830509039267458e+00,3.904120000000000701e+00
7.124999999999999112e-01,7.874999999999999778e-01,6.586369999999999725e-02,-1.165189999999999976e-01,1.338458230154755402e-01,3.102137027210758458e+00,4.097769999999999690e+00
7.374999999999999334e-01,7.874999999999999778e-01,4.732390000000000208e-02,-1.597069999999999879e-01,1.665709379219856567e-01,3.271432767348887438e+00,4.282050000000000800e+00
7.624999999999999556e-01,7.874999999999999778e-01,2.485510000000000150e-02,-2.083399999999999974e-01,2.098173767732548767e-01,3.432918029912162439e+00,4.440100000000000158e+00
7.874999999999999778e-01,7.874999999999999778e-01,-1.059279999999999900e-03,-2.628360000000000141e-01,2.628381345431411997e-01,3.554052980035609988e+00,4.535929999999999573e+00
8.125000000000000000e-01,7.874999999999999778e-01,-2.916979999999999920e-02,-3.228759999999999963e-01,3.241909755191220710e-01,3.568575436641349796e+00,4.499090000000000700e+00
8.375000000000000222e-01,7.874999999999999778e-01,-5.701690000000000230e-02,-3.863759999999999972e-01,3.905602901750381273e-01,3.358786037901193566e+00,4.206240000000000201e+00
8.624999999999999334e-01,7.874999999999999778e-01,-8.054600000000000648e-02,-4.477659999999999973e-01,4.549527985099113825e-01,2.746845413008165426e+00,3.470290000000000319e+00
8.874999999999999556e-01,7.874999999999999778e-01,-9.417649999999999633e-02,-4.958049999999999957e-01,5.046700022561773080e-01,1.535610879374068594e+00,2.061830000000000052e+00
9.124999999999999778e-01,7.874999999999999778e-01,-9.189680000000000071e-02,-5.119479999999999587e-01,5.201305379942999796e-01,8.723694690852035194e-01,2.020239999999999814e-01
9.375000000000000000e-01,7.874999999999999778e-01,-7.034429999999999850e-02,-4.716130000000000044e-01,4.768303076687659403e-01,3.587829416677443373e+00,3.282730000000000370e+00
9.625000000000000222e-01,7.874999999999999778e-01,-3.554929999999999896e-02,-3.514379999999999726e-01,3.532313980586804791e-01,6.838366809949288694e+00,6.751570000000000071e+00
9.875000000000000444e-01,7.874999999999999778e-01,-8.127900000000000402e-03,-1.425970000000000015e-01,1.428284536337560418e-01,9.949271180863501485e+00,9.950650000000001327e+00
1.249999999999999896e-02,8.125000000000000000e-01,-3.178480000000000021e-03,5.314579999999999999e-02,5.324076251097837470e-02,3.775328857552708861e+00,3.808440000000000492e+00
3.749999999999999861e-02,8.125000000000000000e-01,-1.421769999999999978e-02,1.341489999999999905e-01,1.349003231808211800e-01,2.833178139322164668e+00,2.928230000000000111e+00
6.250000000000000000e-02,8.125000000000000000e-01,-3.008260000000000101e-02,1.885900000000000076e-01,1.909742153348456539e-01,1.966489413152280541e+00,2.116359999999999797e+00
8.750000000000000833e-02,8.125000000000000000e-01,-4.364839999999999692e-02,2.211690000000000045e-01,2.254349338136394654e-01,1.243688284986234072e+00,1.428320000000000256e+00
1.124999999999999889e-01,8.125000000000000000e-01,-5.194390000000000118e-02,2.379030000000000034e-01,2.435077127242790129e-01,6.835087904628587285e-01,8.621880000000001765e-01
1.374999999999999833e-01,8.125000000000000000e-01,-5.456160000000000176e-02,2.438690000000000024e-01,2.498980939414304492e-01,3.144861609991765894e-01,3.974680000000000435e-01
1.625000000000000056e-01,8.125000000000000000e-01,-5.199460000000000193e-02,2.428510000000000113e-01,2.483546790985827479e-01,3.285782483184180869e-01,1.140800000000000147e-02
1.874999999999999722e-01,8.125000000000000000e-01,-4.508750000000000258e-02,2.374950000000000117e-01,2.417369596922448460e-01,5.579135460122831569e-01,3.152620000000000422e-01
2.124999999999999944e-01,8.125000000000000000e-01,-3.476909999999999723e-02,2.295669999999999933e-01,2.321850507759058990e-01,7.834293313120208602e-01,5.974380000000000246e-01
2.374999999999999889e-01,8.125000000000000000e-01,-2.190220000000000014e-02,2.201940000000000008e-01,2.212806001456973648e-01,9.837403589738503706e-01,8.462950000000000195e-01
2.624999999999999556e-01,8.125000000000000000e-01,-7.226930000000000333e-03,2.100640000000000007e-01,2.101882789625170722e-01,1.161651572932262733e+00,1.070180000000000131e+00
2.874999999999999778e-01,8.125000000000000000e-01,8.642800000000000829e-03,1.995629999999999904e-01,1.997500662348826173e-01,1.321576701741143722e+00,1.275420000000000220e+00
3.125000000000000000e-01,8.125000000000000000e-01,2.520369999999999902e-02,1.888779999999999903e-01,1.905521592050061219e-01,1.467013820611107855e+00,1.466670000000000140e+00
3.375000000000000222e-01,8.125000000000000000e-01,4.204070000000000029e-02,1.780660000000000021e-01,1.829615282306364943e-01,1.600605962909047664e+00,1.647660000000000124e+00
3.624999999999999334e-01,8.125000000000000000e-01,5.880420000000000091e-02,1.670919999999999905e-01,1.771374336543238837e-01,1.724281960702483518e+00,1.821259999999999879e+00
3.874999999999999556e-01,8.125000000000000000e-01,7.519080000000000208e-02,1.558660000000000045e-01,1.730545184635177425e-01,1.839662445293701154e+00,1.989740000000000286e+00
4.124999999999999778e-01,8.125000000000000000e-01,9.092759999999999732e-02,1.442569999999999963e-01,1.705224633025221037e-01,1.948089344818661361e+00,2.154929999999999790e+00
4.374999999999999445e-01,8.125000000000000000e-01,1.057590000000000058e-01,1.321100000000000052e-01,1.692277110316156297e-01,2.050842144857570215e+00,2.318290000000000184e+00
4.624999999999999667e-01,8.125000000000000000e-01,1.194360000000000005e-01,1.192489999999999939e-01,1.687758338655152290e-01,2.149216367260402105e+00,2.481050000000000200e+00
4.874999999999999889e-01,8.125000000000000000e-01,1.317099999999999937e-01,1.054839999999999944e-01,1.687435875996477763e-01,2.244514927520866454e+00,2.644140000000000157e+00
5.124999999999999556e-01,8.125000000000000000e-01,1.423250000000000071e-01,9.061189999999999523e-02,1.687214332757104029e-01,2.338199053073112932e+00,2.808390000000000164e+00
5.374999999999999778e-01,8.125000000000000000e-01,1.510140000000000093e-01,7.441480000000000317e-02,1.683531723937508606e-01,2.431859449496208470e+00,2.974460000000000104e+00
5.625000000000000000e-01,8.125000000000000000e-01,1.574929999999999941e-01,5.665839999999999765e-02,1.673744883175449782e-01,2.527262649619148593e+00,3.142930000000000224e+00
5.874999999999999112e-01,8.125000000000000000e-01,1.614559999999999884e-01,3.708639999999999853e-02,1.656606199462020423e-01,2.626402287429707716e+00,3.314270000000000049e+00
6.124999999999999334e-01,8.125000000000000000e-01,1.625739999999999963e-01,1.541290000000000021e-02,1.633029790371565704e-01,2.731599625302544521e+00,3.488980000000000192e+00
6.374999999999999556e-01,8.125000000000000000e-01,1.604929999999999968e-01,-8.689769999999999439e-03,1.607280782926645279e-01,2.845559348731985239e+00,3.667650000000000077e+00
6.624999999999999778e-01,8.125000000000000000e-01,1.548309999999999964e-01,-3.560880000000000295e-02,1.588729844826992366e-01,2.971327749322851375e+00,3.850909999999999833e+00
6.875000000000000000e-01,8.125000000000000000e-01,1.451830000000000065e-01,-6.581560000000000188e-02,1.594045064995340821e-01,3.112314852942099197e+00,4.039520000000000444e+00
7.124999999999999112e-01,8.125000000000000000e-01,1.311380000000000046e-01,-9.989969999999999406e-02,1.648548607232737939e-01,3.271615696082899927e+00,4.233830000000000204e+00
7.374999999999999334e-01,8.125000000000000000e-01,1.123149999999999982e-01,-1.386020000000000030e-01,1.783961143887388689e-01,3.450589313452993689e+00,4.432370000000000587e+00
7.624999999999999556e-01,8.125000000000000000e-01,8.845279999999999809e-02,-1.828220000000000123e-01,2.030954985021578563e-01,3.644717373363811852e+00,4.627780000000000449e+00
7.874999999999999778e-01,8.125000000000000000e-01,5.958750000000000158e-02,-2.335240000000000093e-01,2.410064910583323006e-01,3.834614418960530013e+00,4.797610000000000596e+00
8.125000000000000000e-01,8.125000000000000000e-01,2.638870000000000104e-02,-2.913720000000000199e-01,2.925645328328265182e-01,3.968650516800389827e+00,4.886560000000000237e+00
8.375000000000000222e-01,8.125000000000000000e-01,-9.287870000000000154e-03,-3.558029999999999804e-01,3.559242044847988340e-01,3.936058276308926462e+00,4.778940000000000410e+00
8.624999999999999334e-01,8.125000000000000000e-01,-4.370770000000000211e-02,-4.231659999999999866e-01,4.254172382441618883e-01,3.537435812845231009e+00,4.268399999999999750e+00
8.874999999999999556e-01,8.125000000000000000e-01,-7.076069999999999582e-02,-4.837469999999999826e-01,4.888949137324809513e-01,2.480309849171268510e+00,3.051670000000000105e+00
9.124999999999999778e-01,8.125000000000000000e-01,-8.237840000000000440e-02,-5.183910000000000462e-01,5.248956369294376367e-01,5.943979867563483621e-01,7.993580000000000130e-01
9.375000000000000000e-01,8.125000000000000000e-01,-7.144150000000000500e-02,-4.973150000000000071e-01,5.024202395875886351e-01,2.903617332906662796e+00,2.634320000000000217e+00
9.625000000000000222e-01,8.125000000000000000e-01,-4.025990000000000124e-02,-3.861060000000000048e-01,3.881993080674024377e-01,6.934634848783026939e+00,6.891379999999999839e+00
9.875000000000000444e-01,8.125000000000000000e-01,-1.019819999999999928e-02,-1.631900000000000017e-01,1.635083465246958134e-01,1.106907764212791179e+01,1.108960000000000079e+01
1.249999999999999896e-02,8.375000000000000222e-01,-5.153940000000000084e-03,6.244849999999999707e-02,6.266081909593586297e-02,4.331200592946141015e+00,4.380279999999999951e+00
3.749999999999999861e-02,8.375000000000000222e-01,-2.085499999999999854e-02,1.511800000000000088e-01,1.526116752578255686e-01,3.061437567051302988e+00,3.181010000000000115e+00
6.250000000000000000e-02,8.375000000000000222e-01,-4.100560000000000316e-02,2.048520000000000063e-01,2.089157752190101969e-01,1.967844787908843207e+00,2.124830000000000219e+00
8.750000000000000833e-02,8.375000000000000222e-01,-5.597540000000000154e-02,2.322869999999999935e-01,2.389361751057382244e-01,1.098067739859431624e+00,1.270800000000000152e+00
1.124999999999999889e-01,8.375000000000000222e-01,-6.274390000000000522e-02,2.425339999999999996e-01,2.505185385220223826e-01,4.716130863027445663e-01,5.956360000000000543e-01
1.374999999999999833e-01,8.375000000000000222e-01,-6.175909999999999733e-02,2.422769999999999924e-01,2.500246611072795555e-01,3.332410440807074270e-01,5.902600000000000208e-02
1.625000000000000056e-01,8.375000000000000222e-01,-5.432730000000000198e-02,2.359799999999999953e-01,2.421528771773938382e-01,6.486455937258805982e-01,3.752679999999999905e-01
1.874999999999999722e-01,8.375000000000000222e-01,-4.191040000000000043e-02,2.264700000000000046e-01,2.303153111023233945e-01,9.612315120781258493e-01,7.347240000000000437e-01
2.124999999999999944e-01,8.375000000000000222e-01,-2.586400000000000157e-02,2.154480000000000006e-01,2.169949013225886958e-01,1.227978793880822650e+00,1.038990000000000080e+00
2.374999999999999889e-01,8.375000000000000222e-01,-7.319860000000000082e-03,2.038899999999999879e-01,2.040213529276276583e-01,1.455086958964308952e+00,1.301940000000000097e+00
2.624999999999999556e-01,8.375000000000000222e-01,1.282660000000000050e-02,1.923159999999999870e-01,1.927432632378107136e-01,1.650729273972264766e+00,1.533530000000000060e+00
2.874999999999999778e-01,8.375000000000000222e-01,3.388229999999999714e-02,1.809669999999999890e-01,1.841115567863408076e-01,1.821319893858297512e+00,1.741110000000000158e+00
3.125000000000000000e-01,8.375000000000000222e-01,5.531200000000000006e-02,1.699110000000000065e-01,1.786873394088120681e-01,1.971633975700358254e+00,1.930190000000000072e+00
3.375000000000000222e-01,8.375000000000000222e-01,7.669700000000000129e-02,1.591160000000000074e-01,1.766361550334472341e-01,2.105231557226900474e+00,2.105030000000000179e+00
3.624999999999999334e-01,8.375000000000000222e-01,9.770009999999999806e-02,1.484860000000000069e-01,1.777453283099446335e-01,2.224802429520428060e+00,2.269060000000000077e+00
3.874999999999999556e-01,8.375000000000000222e-01,1.180380000000000040e-01,1.378860000000000086e-01,1.815090037436159764e-01,2.332540275991820788e+00,2.424960000000000448e+00
4.124999999999999778e-01,8.375000000000000222e-01,1.374609999999999999e-01,1.271629999999999983e-01,1.872590587661916162e-01,2.430283422339871713e+00,2.574930000000000163e+00
4.374999999999999445e-01,8.375000000000000222e-01,1.557360000000000133e-01,1.161470000000000002e-01,1.942777066598224134e-01,2.519648826681210707e+00,2.720800000000000107e+00
4.624999999999999667e-01,8.375000000000000222e-01,1.726350000000000107e-01,1.046600000000000030e-01,2.018825371967570836e-01,2.602232943707384560e+00,2.864090000000000025e+00
4.874999999999999889e-01,8.375000000000000222e-01,1.879250000000000087e-01,9.251850000000000351e-02,2.094647427784685767e-01,2.679578196045042215e+00,3.006060000000000176e+00
5.124999999999999556e-01,8.375000000000000222e-01,2.013629999999999864e-01,7.953019999999999534e-02,2.164996777850719811e-01,2.753312421849726022e+00,3.147790000000000532e+00
5.374999999999999778e-01,8.375000000000000222e-01,2.126879999999999882e-01,6.549480000000000579e-02,2.225438252817633078e-01,2.825189123131405911e+00,3.290220000000000145e+00
5.625000000000000000e-01,8.375000000000000222e-01,2.216160000000000074e-01,5.020009999999999750e-02,2.272305030052303443e-01,2.897210924009503419e+00,3.434200000000000141e+00
5.874999999999999112e-01,8.375000000000000222e-01,2.278350000000000097e-01,3.341689999999999938e-02,2.302726132882718657e-01,2.971730118045715408e+00,3.580590000000000384e+00
6.124999999999999334e-01,8.375000000000000222e-01,2.309990000000000099e-01,1.489039999999999982e-02,2.314784266690095016e-01,3.051506537615150005e+00,3.730319999999999858e+00
6.374999999999999556e-01,8.375000000000000222e-01,2.307250000000000134e-01,-5.672209999999999579e-03,2.307947130921419177e-01,3.139889916493659783e+00,3.884520000000000195e+00
6.624999999999999778e-01,8.375000000000000222e-01,2.265850000000000086e-01,-2.862140000000000170e-02,2.283855222271324314e-01,3.241038779972248207e+00,4.044789999999999885e+00
6.875000000000000000e-01,8.375000000000000222e-01,2.181069999999999953e-01,-5.439580000000000110e-02,2.247878255302986905e-01,3.359977139999021034e+00,4.213400000000000034e+00
7.124999999999999112e-01,8.375000000000000222e-01,2.047690000000000066e-01,-8.356819999999999526e-02,2.211650682459596617e-01,3.502646863849680159e+00,4.393419999999999881e+00
7.374999999999999334e-01,8.375000000000000222e-01,1.860199999999999909e-01,-1.169089999999999990e-01,2.197069745843313049e-01,3.675313584917074827e+00,4.588440000000000296e+00
7.624999999999999556e-01,8.375000000000000222e-01,1.613219999999999932e-01,-1.554599999999999871e-01,2.240370489093266027e-01,3.882112437269173100e+00,4.800060000000000215e+00
7.874999999999999778e-01,8.375000000000000222e-01,1.302709999999999979e-01,-2.005629999999999913e-01,2.391569576867877689e-01,4.118238359650884028e+00,5.020970000000000155e+00
8.125000000000000000e-01,8.375000000000000222e-01,9.287919999999999510e-02,-2.537130000000000218e-01,2.701792593106288054e-01,4.353602441300767900e+00,5.217929999999999957e+00
8.375000000000000222e-01,8.375000000000000222e-01,5.013619999999999882e-02,-3.159029999999999894e-01,3.198567553756525017e-01,4.500449947594129085e+00,5.298020000000001062e+00
8.624999999999999334e-01,8.375000000000000222e-01,4.930020000000000235e-03,-3.858880000000000088e-01,3.859194911392794802e-01,4.364081235999164754e+00,5.058220000000000383e+00
8.874999999999999556e-01,8.375000000000000222e-01,-3.681779999999999775e-02,-4.567330000000000001e-01,4.582145607527547959e-01,3.596503127608817074e+00,4.139629999999999477e+00
9.124999999999999778e-01,8.375000000000000222e-01,-6.549689999999999679e-02,-5.106199999999999628e-01,5.148034851373968213e-01,1.740328103351779010e+00,2.050460000000000171e+00
9.375000000000000000e-01,8.375000000000000222e-01,-6.977510000000000656e-02,-5.140850000000000142e-01,5.187985657314503340e-01,1.899998199148620559e+00,1.629670000000000174e+00
9.625000000000000222e-01,8.375000000000000222e-01,-4.599349999999999966e-02,-4.201659999999999839e-01,4.226758445880838266e-01,6.759244553557742563e+00,6.772360000000000824e+00
9.875000000000000444e-01,8.375000000000000222e-01,-1.331210000000000032e-02,-1.874669999999999948e-01,1.879390542048405555e-01,1.225824962569599563e+01,1.230669999999999931e+01
1.249999999999999896e-02,8.624999999999999334e-01,-8.564159999999999481e-03,7.671780000000000266e-02,7.719433705490059971e-02,5.132091283438946050e+00,5.198400000000000354e+00
3.749999999999999861e-02,8.624999999999999334e-01,-3.086480000000000126e-02,1.740210000000000090e-01,1.767369353588547631e-01,3.294886006172140558e+00,3.429290000000000393e+00
6.250000000000000000e-02,8.624999999999999334e-01,-5.521729999999999694e-02,2.237679999999999947e-01,2.304800816627979310e-01,1.850196542733771210e+00,1.972200000000000175e+00
8.750000000000000833e-02,8.624999999999999334e-01,-6.950629999999999309e-02,2.424590000000000078e-01,2.522250828539659984e-01,7.626020245999876046e-01,8.614699999999999580e-01
1.124999999999999889e-01,8.624999999999999334e-01,-7.173569999999999947e-02,2.434780000000000000e-01,2.538258204724058165e-01,2.733705492916162494e-01,2.708599999999999897e-02
1.374999999999999833e-01,8.624999999999999334e-01,-6.406689999999999607e-02,2.352970000000000061e-01,2.438631704144970103e-01,7.900983852381930905e-01,6.072960000000000580e-01
1.625000000000000056e-01,8.624999999999999334e-01,-4.903819999999999707e-02,2.228690000000000115e-01,2.282002108242672245e-01,1.265770343624782690e+00,1.100820000000000132e+00
1.874999999999999722e-01,8.624999999999999334e-01,-2.888330000000000064e-02,2.089360000000000106e-01,2.109229648826556891e-01,1.647589190923514302e+00,1.494330000000000158e+00
2.124999999999999944e-01,8.624999999999999334e-01,-5.399619999999999941e-03,1.949130000000000029e-01,1.949877777327194417e-01,1.955314601080859305e+00,1.815299999999999914e+00
2.374999999999999889e-01,8.624999999999999334e-01,2.006269999999999928e-02,1.814630000000000132e-01,1.825687056981288858e-01,2.206023649011950472e+00,2.082359999999999989e+00
2.624999999999999556e-01,8.624999999999999334e-01,4.652640000000000248e-02,1.688360000000000138e-01,1.751293830085631498e-01,2.412437951077706089e+00,2.308549999999999880e+00
2.874999999999999778e-01,8.624999999999999334e-01,7.329320000000000279e-02,1.570620000000000072e-01,1.733215653351884711e-01,2.583950270206452959e+00,2.503390000000000004e+00
3.125000000000000000e-01,8.624999999999999334e-01,9.986230000000000107e-02,1.460539999999999894e-01,1.769300705852173694e-01,2.727502348083315820e+00,2.673960000000000115e+00
3.375000000000000222e-01,8.624999999999999334e-01,1.258670000000000067e-01,1.356710000000000138e-01,1.850651829221261202e-01,2.848326865389574802e+00,2.825660000000000061e+00
3.624999999999999334e-01,8.624999999999999334e-01,1.510269999999999946e-01,1.257459999999999967e-01,1.965228008272831284e-01,2.950500689082447892e+00,2.962800000000000100e+00
3.874999999999999556e-01,8.624999999999999334e-01,1.751159999999999939e-01,1.161009999999999959e-01,2.101072479877836019e-01,3.037184775955523275e+00,3.088820000000000121e+00
4.124999999999999778e-01,8.624999999999999334e-01,1.979349999999999998e-01,1.065559999999999979e-01,2.247942289317054476e-01,3.111009818557312290e+00,3.206470000000000375e+00
4.374999999999999445e-01,8.624999999999999334e-01,2.192959999999999909e-01,9.693430000000000102e-02,2.397644555235199926e-01,3.174227872849081145e+00,3.318080000000000140e+00
4.624999999999999667e-01,8.624999999999999334e-01,2.390120000000000022e-01,8.705920000000000325e-02,2.543738202894315070e-01,3.228804798220542782e+00,3.425530000000000186e+00
4.874999999999999889e-01,8.624999999999999334e-01,2.568829999999999725e-01,7.675659999999999428e-02,2.681052989639704509e-01,3.276678688909854031e+00,3.530520000000000103e+00
5.124999999999999556e-01,8.624999999999999334e-01,2.726910000000000167e-01,6.585219999999999962e-02,2.805296663917026811e-01,3.319687807174644956e+00,3.634389999999999787e+00
5.374999999999999778e-01,8.624999999999999334e-01,2.861949999999999772e-01,5.416900000000000187e-02,2.912762581914289384e-01,3.359855633187831536e+00,3.738430000000000586e+00
5.625000000000000000e-01,8.624999999999999334e-01,2.971249999999999725e-01,4.152369999999999672e-02,3.000124718852367756e-01,3.399425081710141239e+00,3.843820000000000459e+00
5.874999999999999112e-01,8.624999999999999334e-01,3.051760000000000028e-01,2.772180000000000130e-02,3.064325197677948975e-01,3.440991081250865946e+00,3.951769999999999783e+00
6.124999999999999334e-01,8.624999999999999334e-01,3.100010000000000265e-01,1.254929999999999934e-02,3.102549031546318892e-01,3.487721587945058488e+00,4.063649999999999984e+00
6.374999999999999556e-01,8.624999999999999334e-01,3.112070000000000114e-01,-4.239849999999999869e-03,3.112358802853914530e-01,3.543484331906780582e+00,4.181150000000000588e+00
6.624999999999999778e-01,8.624999999999999334e-01,3.083469999999999822e-01,-2.294130000000000127e-02,3.091992491172803614e-01,3.613155441621769270e+00,4.306600000000000428e+00
6.875000000000000000e-01,8.624999999999999334e-01,3.009060000000000068e-01,-4.393289999999999695e-02,3.040962356531399235e-01,3.702867831768236417e+00,4.443380000000000329e+00
7.124999999999999112e-01,8.624999999999999334e-01,2.882959999999999967e-01,-6.772440000000000404e-02,2.961438467558628607e-01,3.820359819075161312e+00,4.596500000000000696e+00
7.374999999999999334e-01,8.624999999999999334e-01,2.698450000000000015e-01,-9.503570000000000073e-02,2.860910839216944113e-01,3.975092750125460928e+00,4.773010000000000197e+00
7.624999999999999556e-01,8.624999999999999334e-01,2.448019999999999918e-01,-1.269109999999999960e-01,2.757433972464254923e-01,4.177669541478837623e+00,4.981750000000000789e+00
7.874999999999999778e-01,8.624999999999999334e-01,2.123829999999999885e-01,-1.648570000000000035e-01,2.688575257231978766e-01,4.436270953041529630e+00,5.229600000000000470e+00
8.125000000000000000e-01,8.624999999999999334e-01,1.719449999999999867e-01,-2.109169999999999934e-01,2.721232513292460298e-01,4.744681566174910436e+00,5.508440000000000225e+00
8.375000000000000222e-01,8.624999999999999334e-01,1.234380000000000061e-01,-2.674079999999999790e-01,2.945233069011686799e-01,5.051757541648253635e+00,5.762060000000000848e+00
8.624999999999999334e-01,8.624999999999999334e-01,6.837310000000000609e-02,-3.356629999999999892e-01,3.425558791972632133e-01,5.198484097349918898e+00,5.820360000000000866e+00
8.874999999999999556e-01,8.624999999999999334e-01,1.148899999999999921e-02,-4.126549999999999940e-01,4.128149054309933619e-01,4.825594769777089788e+00,5.306960000000000122e+00
9.124999999999999778e-01,8.624999999999999334e-01,-3.720740000000000158e-02,-4.843910000000000160e-01,4.858178995217858898e-01,3.323595205872701186e+00,3.579450000000000021e+00
9.375000000000000000e-01,8.624999999999999334e-01,-6.247090000000000282e-02,-5.168650000000000189e-01,5.206265855407405940e-01,9.536627391798424558e-01,1.434199999999999919e-01
9.625000000000000222e-01,8.624999999999999334e-01,-5.225989999999999802e-02,-4.509679999999999800e-01,4.539859405003749404e-01,6.165089839074529010e+00,6.211880000000000734e+00
9.875000000000000444e-01,8.624999999999999334e-01,-1.790200000000000125e-02,-2.167149999999999910e-01,2.174531508831269999e-01,1.349193983818798692e+01,1.356390000000000207e+01
1.249999999999999896e-02,8.874999999999999556e-01,-1.433519999999999933e-02,9.901240000000000041e-02,1.000447565482569384e-01,6.282430644049244783e+00,6.345369999999999955e+00
3.749999999999999861e-02,8.874999999999999556e-01,-4.526949999999999724e-02,2.035669999999999980e-01,2.085398070375294177e-01,3.415999950614754255e+00,3.528890000000000082e+00
6.250000000000000000e-02,8.874999999999999556e-01,-7.117750000000000465e-02,2.432030000000000025e-01,2.534046876347199606e-01,1.394580023033458183e+00,1.408070000000000155e+00
8.750000000000000833e-02,8.874999999999999556e-01,-7.933890000000000386e-02,2.479939999999999922e-01,2.603760455364702020e-01,1.392480217884620453e-01,8.661600000000001243e-02
1.124999999999999889e-01,8.874999999999999556e-01,-7.126019999999999577e-02,2.367529999999999912e-01,2.472448161499852248e-01,1.118026460411380318e+00,1.128950000000000120e+00
1.374999999999999833e-01,8.874999999999999556e-01,-5.200330000000000230e-02,2.193519999999999914e-01,2.254321252947103504e-01,1.874559195068536743e+00,1.868170000000000108e+00
1.625000000000000056e-01,8.874999999999999556e-01,-2.564750000000000016e-02,2.006229999999999958e-01,2.022557351108986434e-01,2.436081807185464854e+00,2.405839999999999979e+00
1.874999999999999722e-01,8.874999999999999556e-01,4.850010000000000085e-03,1.827209999999999945e-01,1.827853561913538594e-01,2.857122478683754352e+00,2.806309999999999860e+00
2.124999999999999944e-01,8.874999999999999556e-01,3.742779999999999718e-02,1.664400000000000046e-01,1.705963475952518849e-01,3.174561151734204500e+00,3.110549999999999926e+00
2.374999999999999889e-01,8.874999999999999556e-01,7.072090000000000320e-02,1.519320000000000115e-01,1.675851375295852597e-01,3.414649151245264136e+00,3.345369999999999955e+00
2.624999999999999556e-01,8.874999999999999556e-01,1.038530000000000009e-01,1.390720000000000012e-01,1.735697749984138338e-01,3.596301452951351507e+00,3.528990000000000293e+00
2.874999999999999778e-01,8.874999999999999556e-01,1.362700000000000022e-01,1.276279999999999915e-01,1.867040955201572372e-01,3.733331007987370498e+00,3.674380000000000202e+00
3.125000000000000000e-01,8.874999999999999556e-01,1.676189999999999902e-01,1.173399999999999999e-01,2.046089068466961924e-01,3.835816403400976071e+00,3.790870000000000406e+00
3.375000000000000222e-01,8.874999999999999556e-01,1.976719999999999866e-01,1.079569999999999974e-01,2.252308447637667577e-01,3.911336763948612294e+00,3.885550000000000281e+00
3.624999999999999334e-01,8.874999999999999556e-01,2.262699999999999989e-01,9.924230000000000551e-02,2.470772085994376033e-01,3.965598669802076870e+00,3.963859999999999939e+00
3.874999999999999556e-01,8.874999999999999556e-01,2.532889999999999864e-01,9.098420000000000119e-02,2.691346171911744301e-01,4.002975520329346004e+00,4.029939999999999856e+00
4.124999999999999778e-01,8.874999999999999556e-01,2.786179999999999768e-01,8.298809999999999520e-02,2.907146619378010999e-01,4.026936885437864433e+00,4.087230000000000807e+00
4.374999999999999445e-01,8.874999999999999556e-01,3.021429999999999949e-01,7.507569999999999522e-02,3.113306171572111647e-01,4.040355880670909450e+00,4.138490000000000002e+00
4.624999999999999667e-01,8.874999999999999556e-01,3.237340000000000217e-01,6.708179999999999699e-02,3.306110564503855209e-01,4.045629426608917889e+00,4.185950000000000060e+00
4.874999999999999889e-01,8.874999999999999556e-01,3.432439999999999936e-01,5.885019999999999835e-02,3.482524796409064982e-01,4.044974872300197255e+00,4.231570000000000498e+00
5.124999999999999556e-01,8.874999999999999556e-01,3.604950000000000099e-01,5.023119999999999669e-02,3.639777719565303604e-01,4.040549011314675809e+00,4.277070000000000149e+00
5.374999999999999778e-01,8.874999999999999556e-01,3.752809999999999757e-01,4.107770000000000171e-02,3.775224581376450672e-01,4.034591611250883503e+00,4.324010000000000353e+00
5.625000000000000000e-01,8.874999999999999556e-01,3.873599999999999821e-01,3.124170000000000072e-02,3.886178243710521896e-01,4.029602161983239839e+00,4.373949999999999783e+00
5.874999999999999112e-01,8.874999999999999556e-01,3.964489999999999958e-01,2.056929999999999870e-02,3.969822485999720540e-01,4.028414237774089912e+00,4.428430000000000533e+00
6.124999999999999334e-01,8.874999999999999556e-01,4.022200000000000220e-01,8.894239999999999438e-03,4.023183265837856348e-01,4.034525445496657703e+00,4.489320000000000199e+00
6.374999999999999556e-01,8.874999999999999556e-01,4.042919999999999847e-01,-3.974819999999999569e-03,4.043115388633280460e-01,4.052214963142548143e+00,4.558850000000000513e+00
6.624999999999999778e-01,8.874999999999999556e-01,4.022220000000000240e-01,-1.826639999999999861e-02,4.026365590119208582e-01,4.086816268649717365e+00,4.639970000000000816e+00
6.875000000000000000e-01,8.874999999999999556e-01,3.954929999999999835e-01,-3.427829999999999766e-02,3.969757107177843136e-01,4.145091849573420362e+00,4.736930000000000085e+00
7.124999999999999112e-01,8.874999999999999556e-01,3.834910000000000263e-01,-5.242310000000000025e-02,3.870575260792767924e-01,4.235604735344411509e+00,4.855890000000000484e+00
7.374999999999999334e-01,8.874999999999999556e-01,3.654839999999999756e-01,-7.330499999999999516e-02,3.727628968674323029e-01,4.369392647638341565e+00,5.006070000000000242e+00
7.624999999999999556e-01,8.874999999999999556e-01,3.405880000000000019e-01,-9.784840000000000204e-02,3.543649180245697083e-01,4.560483585026921638e+00,5.200800000000000978e+00
7.874999999999999778e-01,8.874999999999999556e-01,3.077449999999999908e-01,-1.274939999999999962e-01,3.331091488701563574e-01,4.825599306676839895e+00,5.457470000000000709e+00
8.125000000000000000e-01,8.874999999999999556e-01,2.657499999999999862e-01,-1.644510000000000138e-01,3.125175097510537459e-01,5.178990332603450319e+00,5.791240000000000165e+00
8.375000000000000222e-01,8.874999999999999556e-01,2.134929999999999883e-01,-2.118530000000000135e-01,3.007672765744305310e-01,5.611546245732989213e+00,6.190400000000000347e+00
8.624999999999999334e-01,8.874999999999999556e-01,1.507010000000000016e-01,-2.732729999999999881e-01,3.120719851732929873e-01,6.029804049453016290e+00,6.549100000000000144e+00
8.874999999999999556e-01,8.874999999999999556e-01,7.980220000000000369e-02,-3.502040000000000153e-01,3.591813368492856595e-01,6.126613578454251474e+00,6.534300000000000885e+00
9.124999999999999778e-01,8.874999999999999556e-01,9.265409999999999965e-03,-4.351450000000000040e-01,4.352436315989793858e-01,5.215632758975655037e+00,5.412120000000000708e+00
9.375000000000000000e-01,8.874999999999999556e-01,-4.352310000000000206e-02,-4.985660000000000092e-01,5.004621030503808576e-01,2.373507873043609884e+00,1.992310000000000247e+00
9.625000000000000222e-01,8.874999999999999556e-01,-5.643730000000000274e-02,-4.734140000000000015e-01,4.767661735350883778e-01,4.964265446755240951e+00,4.890299999999999869e+00
9.875000000000000444e-01,8.874999999999999556e-01,-2.382319999999999924e-02,-2.526180000000000092e-01,2.537388397195825540e-01,1.469917759427499249e+01,1.473189999999999955e+01
1.249999999999999896e-02,9.124999999999999778e-01,-2.325330000000000105e-02,1.345929999999999904e-01,1.365869379182723942e-01,7.879830829634352440e+00,7.821550000000001113e+00
3.749999999999999861e-02,9.124999999999999778e-01,-6.311880000000000268e-02,2.381330000000000113e-01,2.463560606164175715e-01,3.032969019527894883e+00,2.998810000000000198e+00
6.250000000000000000e-02,9.124999999999999778e-01,-8.119379999999999653e-02,2.562159999999999993e-01,2.687732721355306498e-01,3.079026513559115497e-01,1.920340000000000102e-01
8.750000000000000833e-02,9.124999999999999778e-01,-7.162549999999999473e-02,2.409179999999999933e-01,2.513397998213772744e-01,1.935330520149982192e+00,2.166760000000000019e+00
1.124999999999999889e-01,9.124999999999999778e-01,-4.393040000000000139e-02,2.154739999999999989e-01,2.199066272765784480e-01,3.170461330406034506e+00,3.378400000000000070e+00
1.374999999999999833e-01,9.124999999999999778e-01,-6.788609999999999610e-03,1.892729999999999968e-01,1.893947036079206003e-01,3.986217716595519711e+00,4.136709999999999887e+00
1.625000000000000056e-01,9.124999999999999778e-01,3.462269999999999931e-02,1.657470000000000054e-01,1.693245385769292510e-01,4.530122921621443588e+00,4.619369999999999976e+00
1.874999999999999722e-01,9.124999999999999778e-01,7.724899999999999822e-02,1.457160000000000122e-01,1.649259247571466525e-01,4.888697744328237782e+00,4.927640000000000242e+00
2.124999999999999944e-01,9.124999999999999778e-01,1.193390000000000006e-01,1.289740000000000053e-01,1.757159343855872469e-01,5.118237259535748152e+00,5.121520000000000294e+00
2.374999999999999889e-01,9.124999999999999778e-01,1.599629999999999941e-01,1.150090000000000001e-01,1.970158152281181740e-01,5.257260349725891402e+00,5.238100000000000200e+00
2.624999999999999556e-01,9.124999999999999778e-01,1.986719999999999875e-01,1.032779999999999948e-01,2.239127260072548697e-01,5.332306995783720360e+00,5.301480000000000636e+00
2.874999999999999778e-01,9.124999999999999778e-01,2.352799999999999891e-01,9.329510000000000580e-02,2.531020625834763949e-01,5.361685912768109574e+00,5.327770000000001005e+00
3.125000000000000000e-01,9.124999999999999778e-01,2.697350000000000025e-01,8.465430000000000177e-02,2.827071289046139135e-01,5.358289530296398873e+00,5.328170000000000073e+00
3.375000000000000222e-01,9.124999999999999778e-01,3.020470000000000099e-01,7.702370000000000050e-02,3.117130741093321333e-01,5.331288178415794832e+00,5.310629999999999740e+00
3.624999999999999334e-01,9.124999999999999778e-01,3.322470000000000145e-01,7.013199999999999990e-02,3.395682058629753697e-01,5.287257431896427384e+00,5.280960000000000321e+00
3.874999999999999556e-01,9.124999999999999778e-01,3.603589999999999849e-01,6.375559999999999561e-02,3.659554418400687847e-01,5.231097851350135386e+00,5.243580000000000574e+00
4.124999999999999778e-01,9.124999999999999778e-01,3.863880000000000092e-01,5.770700000000000135e-02,3.906735010120343521e-01,5.166508471273806080e+00,5.201870000000000438e+00
4.374999999999999445e-01,9.124999999999999778e-01,4.103140000000000120e-01,5.182500000000000301e-02,4.135739464968749557e-01,5.096442543402996961e+00,5.158570000000000988e+00
4.624999999999999667e-01,9.124999999999999778e-01,4.320840000000000236e-01,4.596859999999999835e-02,4.345223759968639410e-01,5.023375465955138175e+00,5.115920000000000023e+00
4.874999999999999889e-01,9.124999999999999778e-01,4.516109999999999847e-01,4.001090000000000202e-02,4.533799371827231250e-01,4.949563636286335111e+00,5.075910000000000366e+00
5.124999999999999556e-01,9.124999999999999778e-01,4.687720000000000220e-01,3.383499999999999702e-02,4.699914841877457228e-01,4.877231555477349545e+00,5.040350000000000108e+00
5.374999999999999778e-01,9.124999999999999778e-01,4.834060000000000024e-01,2.733029999999999834e-02,4.841779694844551840e-01,4.808717071961710054e+00,5.010979999999999990e+00
5.625000000000000000e-01,9.124999999999999778e-01,4.953139999999999765e-01,2.038900000000000087e-02,4.957334666098305309e-01,4.746643086984316362e+00,4.989580000000000126e+00
5.874999999999999112e-01,9.124999999999999778e-01,5.042499999999999760e-01,1.290230000000000023e-02,5.044150392735033961e-01,4.694096686934346785e+00,4.978110000000000923e+00
6.124999999999999334e-01,9.124999999999999778e-01,5.099230000000000151e-01,4.754610000000000260e-03,5.099451659200743281e-01,4.654769156568455024e+00,4.978840000000000821e+00
6.374999999999999556e-01,9.124999999999999778e-01,5.119890000000000274e-01,-4.186630000000000212e-03,5.120061171429076685e-01,4.633294513848137619e+00,4.994600000000000151e+00
6.624999999999999778e-01,9.124999999999999778e-01,5.100419999999999954e-01,-1.407729999999999919e-02,5.102362316998764191e-01,4.635323906621088952e+00,5.028990000000000293e+00
6.875000000000000000e-01,9.124999999999999778e-01,5.035960000000000436e-01,-2.512599999999999903e-02,5.042224182759034168e-01,4.667808423517400662e+00,5.086899999999999977e+00
7.124999999999999112e-01,9.124999999999999778e-01,4.920640000000000014e-01,-3.762709999999999666e-02,4.935005357144103266e-01,4.739564670225737686e+00,5.175250000000000128e+00
7.374999999999999334e-01,9.124999999999999778e-01,4.747230000000000061e-01,-5.202570000000000111e-02,4.775652836937480106e-01,4.861923385771109274e+00,5.304270000000000707e+00
7.624999999999999556e-01,9.124999999999999778e-01,4.506530000000000258e-01,-6.903070000000000039e-02,4.559093812935746670e-01,5.049853063535215902e+00,5.489280000000000825e+00
7.874999999999999778e-01,9.124999999999999778e-01,4.186540000000000261e-01,-8.981250000000000344e-02,4.281792345178009884e-01,5.323622126916597530e+00,5.753130000000000521e+00
8.125000000000000000e-01,9.124999999999999778e-01,3.771479999999999833e-01,-1.163300000000000028e-01,3.946812420219638073e-01,5.709778766169492314e+00,6.127170000000000449e+00
8.375000000000000222e-01,9.124999999999999778e-01,3.241359999999999797e-01,-1.517989999999999895e-01,3.579204980117791091e-01,6.234492422194448658e+00,6.641259999999999941e+00
8.624999999999999334e-01,9.124999999999999778e-01,2.574770000000000114e-01,-2.010460000000000025e-01,3.266709348028992155e-01,6.884659229271990810e+00,7.275700000000000500e+00
8.874999999999999556e-01,9.124999999999999778e-01,1.763319999999999887e-01,-2.696209999999999996e-01,3.221621608212236754e-01,7.478950952239225458e+00,7.818920000000000314e+00
9.124999999999999778e-01,9.124999999999999778e-01,8.503679999999999573e-02,-3.585220000000000073e-01,3.684688342834981367e-01,7.395510243336831380e+00,7.575749999999999318e+00
9.375000000000000000e-01,9.124999999999999778e-01,-1.124170000000000074e-03,-4.494920000000000027e-01,4.494934057605171618e-01,5.278409840595934099e+00,4.998380000000000933e+00
9.625000000000000222e-01,9.124999999999999778e-01,-5.082679999999999837e-02,-4.779729999999999812e-01,4.806678191092471630e-01,3.242165811074596782e+00,2.250110000000000277e+00
9.875000000000000444e-01,9.124999999999999778e-01,-2.846419999999999853e-02,-2.972859999999999947e-01,2.986455699950025799e-01,1.569502045671811175e+01,1.544910000000000139e+01
1.249999999999999896e-02,9.375000000000000000e-01,-3.268689999999999790e-02,1.912500000000000033e-01,1.940231840054430223e-01,9.706280344512824954e+00,8.940290000000000958e+00
3.749999999999999861e-02,9.375000000000000000e-01,-7.358720000000000538e-02,2.671760000000000246e-01,2.771246848980437050e-01,1.527008487418455962e+00,1.962020000000000153e-01
6.250000000000000000e-02,9.375000000000000000e-01,-5.879079999999999723e-02,2.450630000000000031e-01,2.520163330691881920e-01,3.827771021064347856e+00,4.317569999999999908e+00
8.750000000000000833e-02,9.375000000000000000e-01,-1.174299999999999997e-02,2.062080000000000024e-01,2.065420957407956559e-01,5.978131669158852191e+00,6.448109999999999786e+00
1.124999999999999889e-01,9.375000000000000000e-01,4.601489999999999747e-02,1.696330000000000060e-01,1.757632661024766119e-01,7.085259456604252826e+00,7.451869999999999550e+00
1.374999999999999833e-01,9.375000000000000000e-01,1.051050000000000040e-01,1.393620000000000136e-01,1.745532241724569444e-01,7.643180187762159683e+00,7.898810000000000997e+00
1.625000000000000056e-01,9.375000000000000000e-01,1.617639999999999911e-01,1.156380000000000047e-01,1.988460176619084308e-01,7.891118009089966634e+00,8.050040000000000973e+00
1.874999999999999722e-01,9.375000000000000000e-01,2.144590000000000107e-01,9.737840000000000384e-02,2.355317716732925337e-01,7.951037690474371367e+00,8.038549999999998974e+00
2.124999999999999944e-01,9.375000000000000000e-01,2.627970000000000028e-01,8.328240000000000642e-02,2.756777491179873696e-01,7.896171756820137055e+00,7.935870000000000424e+00
2.374999999999999889e-01,9.375000000000000000e-01,3.069299999999999806e-01,7.225579999999999503e-02,3.153203538207453027e-01,7.772304779277250830e+00,7.781970000000000276e+00
2.624999999999999556e-01,9.375000000000000000e-01,3.472129999999999939e-01,6.347110000000000252e-02,3.529666385144777374e-01,7.607824103704027507e+00,7.600130000000000052e+00
2.874999999999999778e-01,9.375000000000000000e-01,3.840350000000000152e-01,5.631930000000000269e-02,3.881426861058829836e-01,7.420319629716498611e+00,7.404349999999999987e+00
3.125000000000000000e-01,9.375000000000000000e-01,4.177560000000000162e-01,5.035440000000000055e-02,4.207798012444989300e-01,7.220907259747628260e+00,7.203279999999999461e+00
3.375000000000000222e-01,9.375000000000000000e-01,4.486809999999999965e-01,4.524809999999999943e-02,4.509567942881113622e-01,7.016730540788637782e+00,7.002450000000000507e+00
3.624999999999999334e-01,9.375000000000000000e-01,4.770499999999999741e-01,4.075469999999999787e-02,4.787876857982982792e-01,6.812459995720782757e+00,6.805520000000000458e+00
3.874999999999999556e-01,9.375000000000000000e-01,5.030430000000000179e-01,3.668629999999999808e-02,5.043789690864300956e-01,6.611287730749282332e+00,6.615030000000000854e+00
4.124999999999999778e-01,9.375000000000000000e-01,5.267810000000000548e-01,3.289519999999999944e-02,5.278070823170527559e-01,6.415593937085795062e+00,6.432980000000000587e+00
4.374999999999999445e-01,9.375000000000000000e-01,5.483329999999999593e-01,2.926209999999999922e-02,5.491132391277867564e-01,6.227180657203065905e+00,6.260920000000000485e+00
4.624999999999999667e-01,9.375000000000000000e-01,5.677159999999999984e-01,2.568710000000000090e-02,5.682968271620122414e-01,6.047721968091126499e+00,6.100290000000000212e+00
4.874999999999999889e-01,9.375000000000000000e-01,5.849060000000000370e-01,2.208480000000000165e-02,5.853227889182515131e-01,5.878936803314354975e+00,5.952539999999999942e+00
5.124999999999999556e-01,9.375000000000000000e-01,5.998320000000000318e-01,1.837919999999999832e-02,6.001135086103628336e-01,5.722636371984943793e+00,5.819150000000000489e+00
5.374999999999999778e-01,9.375000000000000000e-01,6.123840000000000394e-01,1.450150000000000050e-02,6.125556766190727309e-01,5.580999606461642060e+00,5.701789999999999914e+00
5.625000000000000000e-01,9.375000000000000000e-01,6.224110000000000475e-01,1.038649999999999990e-02,6.224976564640626320e-01,5.456558194730448008e+00,5.602350000000000385e+00
5.874999999999999112e-01,9.375000000000000000e-01,6.297199999999999465e-01,5.969920000000000088e-03,6.297482976116778319e-01,5.352492846355705325e+00,5.523140000000000605e+00
6.124999999999999334e-01,9.375000000000000000e-01,6.340729999999999977e-01,1.183739999999999966e-03,6.340741049509809324e-01,5.272791541390007275e+00,5.466860000000000497e+00
6.374999999999999556e-01,9.375000000000000000e-01,6.351900000000000324e-01,-4.038909999999999723e-03,6.352028407477317007e-01,5.222163677454582320e+00,5.436939999999999884e+00
6.624999999999999778e-01,9.375000000000000000e-01,6.327319999999999611e-01,-9.792300000000000310e-03,6.328077693607198073e-01,5.206235525086144733e+00,5.437689999999999912e+00
6.875000000000000000e-01,9.375000000000000000e-01,6.262879999999999558e-01,-1.619639999999999969e-02,6.264973921070701168e-01,5.232147682434910685e+00,5.474700000000000344e+00
7.124999999999999112e-01,9.375000000000000000e-01,6.153539999999999566e-01,-2.342330000000000106e-02,6.157996397359208895e-01,5.308579129569418242e+00,5.555490000000000705e+00
7.374999999999999334e-01,9.375000000000000000e-01,5.992939999999999934e-01,-3.174090000000000245e-02,6.001339710171470498e-01,5.446573840413072354e+00,5.690699999999999648e+00
7.624999999999999556e-01,9.375000000000000000e-01,5.772650000000000281e-01,-4.159050000000000247e-02,5.787613065118037969e-01,5.660800763631944399e+00,5.896000000000000796e+00
7.874999999999999778e-01,9.375000000000000000e-01,5.481019999999999781e-01,-5.373309999999999892e-02,5.507295601650686878e-01,5.972101249953822411e+00,6.195600000000000662e+00
8.125000000000000000e-01,9.375000000000000000e-01,5.101219999999999644e-01,-6.952849999999999309e-02,5.148384865142173750e-01,6.411369364878614086e+00,6.627480000000000260e+00
8.375000000000000222e-01,9.375000000000000000e-01,4.608400000000000274e-01,-9.146319999999999451e-02,4.698287161873356821e-01,7.024195168280847668e+00,7.248630000000000351e+00
8.624999999999999334e-01,9.375000000000000000e-01,3.966640000000000166e-01,-1.240399999999999975e-01,4.156058836157158765e-01,7.863378896638518967e+00,8.123279999999999390e+00
8.874999999999999556e-01,9.375000000000000000e-01,3.132719999999999949e-01,-1.747209999999999874e-01,3.587015107648697798e-01,8.918060599681973954e+00,9.230639999999999290e+00
9.124999999999999778e-01,9.375000000000000000e-01,2.081820000000000059e-01,-2.526019999999999932e-01,3.273339510774890826e-01,9.841927430605247551e+00,1.013080000000000069e+01
9.375000000000000000e-01,9.375000000000000000e-01,8.694469999999999976e-02,-3.574820000000000220e-01,3.679031953953240675e-01,9.220644619851695367e+00,9.179640000000000910e+00
9.625000000000000222e-01,9.375000000000000000e-01,-1.673679999999999959e-02,-4.453280000000000016e-01,4.456423993049135057e-01,4.603927217506810443e+00,2.695790000000000131e+00
9.875000000000000444e-01,9.375000000000000000e-01,-2.101820000000000077e-02,-3.448740000000000139e-01,3.455138790370655966e-01,1.590810350912075322e+01,1.441500000000000092e+01
1.249999999999999896e-02,9.625000000000000222e-01,-1.184200000000000010e-02,2.527070000000000149e-01,2.529843094205646570e-01,1.200264312193626814e+01,3.909259999999999735e+00
3.749999999999999861e-02,9.625000000000000222e-01,-1.911590000000000164e-02,2.559060000000000223e-01,2.566189752703607607e-01,9.358613033227733524e+00,9.989560000000000883e+00
6.250000000000000000e-02,9.625000000000000222e-01,7.371650000000000424e-02,1.848680000000000045e-01,1.990233649505755986e-01,1.259492981633482600e+01,1.369290000000000163e+01
8.750000000000000833e-02,9.625000000000000222e-01,1.753500000000000059e-01,1.328699999999999881e-01,2.200046804047586790e-01,1.353663504208486756e+01,1.423570000000000135e+01
1.124999999999999889e-01,9.625000000000000222e-01,2.618170000000000219e-01,9.758070000000000632e-02,2.794103335624686935e-01,1.346453390227081037e+01,1.392410000000000281e+01
1.374999999999999833e-01,9.625000000000000222e-01,3.341569999999999818e-01,7.313329999999999831e-02,3.420663389137989507e-01,1.302165918814404044e+01,1.331870000000000154e+01
1.625000000000000056e-01,9.625000000000000222e-01,3.951410000000000200e-01,5.629449999999999732e-02,3.991309066099116842e-01,1.244401486712965976e+01,1.262279999999999980e+01
1.874999999999999722e-01,9.625000000000000222e-01,4.468210000000000237e-01,4.467390000000000250e-02,4.490487316341179036e-01,1.182670749663252785e+01,1.192699999999999960e+01
2.124999999999999944e-01,9.625000000000000222e-01,4.910100000000000020e-01,3.649440000000000323e-02,4.923643583073006869e-01,1.121526579902037035e+01,1.126730000000000054e+01
2.374999999999999889e-01,9.625000000000000222e-01,5.292499999999999982e-01,3.056760000000000033e-02,5.301320030612752809e-01,1.063070266290878862e+01,1.065420000000000122e+01
2.624999999999999556e-01,9.625000000000000222e-01,5.627419999999999645e-01,2.613309999999999939e-02,5.633484689600301021e-01,1.008125242474366523e+01,1.008850000000000158e+01
2.874999999999999778e-01,9.625000000000000222e-01,5.923810000000000464e-01,2.270209999999999936e-02,5.928158521036781536e-01,9.568604853088249484e+00,9.567410000000000636e+00
3.125000000000000000e-01,9.625000000000000222e-01,6.188280000000000447e-01,1.995370000000000130e-02,6.191496133631111398e-01,9.091802263431878472e+00,9.087170000000000414e+00
3.375000000000000222e-01,9.625000000000000222e-01,6.425699999999999745e-01,1.767350000000000171e-02,6.428130035261031550e-01,8.648912793538157118e+00,8.644240000000001700e+00
3.624999999999999334e-01,9.625000000000000222e-01,6.639610000000000234e-01,1.571379999999999999e-02,6.641469212692625579e-01,8.237966493224647024e+00,8.235670000000000712e+00
3.874999999999999556e-01,9.625000000000000222e-01,6.832510000000000527e-01,1.396979999999999923e-02,6.833937988546867626e-01,7.857226344843389221e+00,7.859170000000000655e+00
4.124999999999999778e-01,9.625000000000000222e-01,7.006130000000000413e-01,1.236429999999999994e-02,7.007220930465158926e-01,7.505432488571994298e+00,7.513139999999999930e+00
4.374999999999999445e-01,9.625000000000000222e-01,7.161520000000000108e-01,1.083800000000000041e-02,7.162340046018480511e-01,7.181891551255642270e+00,7.196670000000001011e+00
4.624999999999999667e-01,9.625000000000000222e-01,7.299210000000000420e-01,9.343779999999999447e-03,7.299808028062714227e-01,6.886529676642914488e+00,6.909520000000000550e+00
4.874999999999999889e-01,9.625000000000000222e-01,7.419299999999999784e-01,7.842919999999999753e-03,7.419714524792219157e-01,6.619780996228044501e+00,6.651949999999999363e+00
5.124999999999999556e-01,9.625000000000000222e-01,7.521459999999999813e-01,6.302349999999999966e-03,7.521724037290403730e-01,6.382833145204565461e+00,6.424920000000000186e+00
5.374999999999999778e-01,9.625000000000000222e-01,7.605030000000000401e-01,4.692970000000000301e-03,7.605174797310191304e-01,6.177399472155657989e+00,6.229840000000000266e+00
5.625000000000000000e-01,9.625000000000000222e-01,7.669000000000000261e-01,2.988199999999999884e-03,7.669058216881914358e-01,6.005965939208626203e+00,6.068810000000000038e+00
5.874999999999999112e-01,9.625000000000000222e-01,7.712040000000000006e-01,1.162700000000000018e-03,7.712048764675246693e-01,5.871794097575480542e+00,5.944510000000000183e+00
6.124999999999999334e-01,9.625000000000000222e-01,7.732569999999999721e-01,-8.071400000000000276e-04,7.732574212537371983e-01,5.778876375381226005e+00,5.860300000000000509e+00
6.374999999999999556e-01,9.625000000000000222e-01,7.728599999999999914e-01,-2.948450000000000029e-03,7.728656241271197880e-01,5.731996798288585993e+00,5.820400000000000240e+00
6.624999999999999778e-01,9.625000000000000222e-01,7.697690000000000365e-01,-5.299129999999999986e-03,7.697872395277522983e-01,5.737028486187274012e+00,5.830010000000000581e+00
6.875000000000000000e-01,9.625000000000000222e-01,7.637000000000000455e-01,-7.905860000000000665e-03,7.637409198297153701e-01,5.801137791426523194e+00,5.895660000000000345e+00
7.124999999999999112e-01,9.625000000000000222e-01,7.542940000000000200e-01,-1.083809999999999982e-02,7.543718597930400005e-01,5.933010876101358022e+00,6.025760000000000005e+00
7.374999999999999334e-01,9.625000000000000222e-01,7.410910000000000553e-01,-1.420790000000000074e-02,7.412271815735106406e-01,6.143704154360299263e+00,6.231609999999999872e+00
7.624999999999999556e-01,9.625000000000000222e-01,7.234610000000000207e-01,-1.820549999999999946e-02,7.236900294679000645e-01,6.448130953175269298e+00,6.529200000000000337e+00
7.874999999999999778e-01,9.625000000000000222e-01,7.004960000000000075e-01,-2.316910000000000150e-02,7.008790574776863069e-01,6.867776756250380643e+00,6.942680000000000184e+00
8.125000000000000000e-01,9.625000000000000222e-01,6.707920000000000549e-01,-2.973260000000000139e-02,6.714506197530538678e-01,7.435849970444803780e+00,7.511040000000000383e+00
8.375000000000000222e-01,9.625000000000000222e-01,6.320559999999999512e-01,-3.915199999999999930e-02,6.332674523769558084e-01,8.206474072041903156e+00,8.301070000000001059e+00
8.624999999999999334e-01,9.625000000000000222e-01,5.803829999999999822e-01,-5.405829999999999663e-02,5.828951247762242938e-01,9.267933372073839493e+00,9.429000000000000270e+00
8.874999999999999556e-01,9.625000000000000222e-01,5.093020000000000325e-01,-8.013000000000000678e-02,5.155670122341032835e-01,1.074691283381883622e+01,1.106900000000000084e+01
9.124999999999999778e-01,9.625000000000000222e-01,4.088169999999999860e-01,-1.289579999999999893e-01,4.286741247766186480e-01,1.273458836377917791e+01,1.328720000000000212e+01
9.375000000000000000e-01,9.625000000000000222e-01,2.651319999999999788e-01,-2.172709999999999919e-01,3.427851584666407048e-01,1.447313987354506359e+01,1.505850000000000222e+01
9.625000000000000222e-01,9.625000000000000222e-01,9.657090000000000118e-02,-3.385119999999999796e-01,3.520174894388203302e-01,1.246375859915860218e+01,1.185930000000000106e+01
9.875000000000000444e-01,9.625000000000000222e-01,4.098829999999999835e-02,-3.420549999999999979e-01,3.445020518979386437e-01,1.596901716062701304e+01,6.694300000000000139e+00
1.249999999999999896e-02,9.875000000000000444e-01,2.804630000000000178e-01,1.417720000000000091e-01,3.142591197610659637e-01,3.811147035321518928e+01,2.932780000000000342e+01
3.749999999999999861e-02,9.875000000000000444e-01,3.580519999999999814e-01,1.232160000000000061e-01,3.786600287328991121e-01,3.438893934359128224e+01,3.451520000000000010e+01
6.250000000000000000e-02,9.875000000000000444e-01,5.028179999999999872e-01,7.707519999999999649e-02,5.086909941988750905e-01,2.943080869787305076e+01,2.997810000000000130e+01
8.750000000000000833e-02,9.875000000000000444e-01,6.127550000000000496e-01,4.777819999999999984e-02,6.146148765041732354e-01,2.478523728963844519e+01,2.516900000000000048e+01
1.124999999999999889e-01,9.875000000000000444e-01,6.824829999999999508e-01,3.052130000000000121e-02,6.831651301425519796e-01,2.140441208744253387e+01,2.166910000000000025e+01
1.374999999999999833e-01,9.875000000000000444e-01,7.297559999999999603e-01,2.002400000000000013e-02,7.300306706652810451e-01,1.888847979793334275e+01,1.905970000000000297e+01
1.625000000000000056e-01,9.875000000000000444e-01,7.644440000000000124e-01,1.362099999999999943e-02,7.645653410775301584e-01,1.691205461466409332e+01,1.701450000000000173e+01
1.874999999999999722e-01,9.875000000000000444e-01,7.910110000000000197e-01,9.716050000000000381e-03,7.910706692506065396e-01,1.531232717519845110e+01,1.536999999999999922e+01
2.124999999999999944e-01,9.875000000000000444e-01,8.120560000000000000e-01,7.286570000000000026e-03,8.120886905002216993e-01,1.398736092583536816e+01,1.401860000000000106e+01
2.374999999999999889e-01,9.875000000000000444e-01,8.292800000000000171e-01,5.718299999999999945e-03,8.292997150336481882e-01,1.286566541210145331e+01,1.288199999999999967e+01
2.624999999999999556e-01,9.875000000000000444e-01,8.437740000000000240e-01,4.658400000000000041e-03,8.437868592047164107e-01,1.189793156067461055e+01,1.190600000000000058e+01
2.874999999999999778e-01,9.875000000000000444e-01,8.562260000000000426e-01,3.904480000000000103e-03,8.562349023720479124e-01,1.105060267774316429e+01,1.105430000000000135e+01
3.125000000000000000e-01,9.875000000000000444e-01,8.670860000000000234e-01,3.338429999999999870e-03,8.670924267405781816e-01,1.030037287837815896e+01,1.030199999999999960e+01
3.375000000000000222e-01,9.875000000000000444e-01,8.766530000000000156e-01,2.889699999999999821e-03,8.766577626275204871e-01,9.631108617972495622e+00,9.632010000000001071e+00
3.624999999999999334e-01,9.875000000000000444e-01,8.851299999999999724e-01,2.514919999999999916e-03,8.851335728140732328e-01,9.031227482762764325e+00,9.032250000000001222e+00
3.874999999999999556e-01,9.875000000000000444e-01,8.926520000000000010e-01,2.186260000000000200e-03,8.926546772614747383e-01,8.492835549120355765e+00,8.494540000000000646e+00
4.124999999999999778e-01,9.875000000000000444e-01,8.993060000000000498e-01,1.884980000000000076e-03,8.993079754931568859e-01,8.010600364011176922e+00,8.013389999999999347e+00
4.374999999999999445e-01,9.875000000000000444e-01,9.051460000000000061e-01,1.597759999999999935e-03,9.051474101785949022e-01,7.581260893227851128e+00,7.585450000000000692e+00
4.624999999999999667e-01,9.875000000000000444e-01,9.101970000000000338e-01,1.314660000000000047e-03,9.101979494263408021e-01,7.203215089855977027e+00,7.209040000000000781e+00
4.874999999999999889e-01,9.875000000000000444e-01,9.144619999999999971e-01,1.027899999999999994e-03,9.144625777047467041e-01,6.876198298863418046e+00,6.883830000000000560e+00
5.124999999999999556e-01,9.875000000000000444e-01,9.179279999999999662e-01,7.311379999999999919e-04,9.179282911789868882e-01,6.601157969670808257e+00,6.610700000000000465e+00
5.374999999999999778e-01,9.875000000000000444e-01,9.205619999999999914e-01,4.190069999999999949e-04,9.205620953585184063e-01,6.380137316300977801e+00,6.391590000000000771e+00
5.625000000000000000e-01,9.875000000000000444e-01,9.223209999999999464e-01,8.676109999999999844e-05,9.223210040807313659e-01,6.216115005231666935e+00,6.229359999999999786e+00
5.874999999999999112e-01,9.875000000000000444e-01,9.231500000000000261e-01,-2.697810000000000247e-04,9.231500394203469018e-01,6.112977960515689979e+00,6.127670000000000172e+00
6.124999999999999334e-01,9.875000000000000444e-01,9.229770000000000474e-01,-6.507369999999999734e-04,9.229772293982355658e-01,6.075478421351185432e+00,6.091270000000000628e+00
6.374999999999999556e-01,9.875000000000000444e-01,9.217180000000000373e-01,-1.067489999999999932e-03,9.217186181578953530e-01,6.109441643616438711e+00,6.125900000000000567e+00
6.624999999999999778e-01,9.875000000000000444e-01,9.192749999999999533e-01,-1.523849999999999988e-03,9.192762630155433268e-01,6.221876753682606065e+00,6.238320000000000753e+00
6.875000000000000000e-01,9.875000000000000444e-01,9.155320000000000125e-01,-2.027689999999999961e-03,9.155342454276279573e-01,6.420958229300424591e+00,6.436730000000000729e+00
7.124999999999999112e-01,9.875000000000000444e-01,9.103400000000000380e-01,-2.592489999999999812e-03,9.103436914728416651e-01,6.717047193525691462e+00,6.731580000000000119e+00
7.374999999999999334e-01,9.875000000000000444e-01,9.035069999999999490e-01,-3.240910000000000058e-03,9.035128126078942890e-01,7.123473039034831977e+00,7.136440000000000339e+00
7.624999999999999556e-01,9.875000000000000444e-01,8.947640000000000038e-01,-4.012469999999999752e-03,8.947729966932959078e-01,7.658740643909862200e+00,7.670269999999999477e+00
7.874999999999999778e-01,9.875000000000000444e-01,8.837089999999999668e-01,-4.979270000000000050e-03,8.837230277698623349e-01,8.350128406498312117e+00,8.361259999999999692e+00
8.125000000000000000e-01,9.875000000000000444e-01,8.696909999999999918e-01,-6.280520000000000373e-03,8.697136772596314458e-01,9.241131453012288333e+00,9.254890000000001393e+00
8.375000000000000222e-01,9.875000000000000444e-01,8.515679999999999916e-01,-8.206619999999999540e-03,8.516075429655519669e-01,1.040621640985271945e+01,1.043040000000000056e+01
8.624999999999999334e-01,9.875000000000000444e-01,8.271359999999999824e-01,-1.142289999999999972e-02,8.272148724124886998e-01,1.198296050564734117e+01,1.203750000000000142e+01
8.874999999999999556e-01,9.875000000000000444e-01,7.918199999999999683e-01,-1.759919999999999887e-02,7.920155580799154160e-01,1.423781860264050536e+01,1.437230000000000274e+01
9.124999999999999778e-01,9.875000000000000444e-01,7.354030000000000289e-01,-3.115969999999999851e-02,7.360628365249056726e-01,1.773241404281650802e+01,1.801370000000000005e+01
9.375000000000000000e-01,9.875000000000000444e-01,6.303180000000000449e-01,-6.250300000000000300e-02,6.334093511568961166e-01,2.355865420780440189e+01,2.394450000000000145e+01
9.625000000000000222e-01,9.875000000000000444e-01,4.514440000000000119e-01,-1.238339999999999996e-01,4.681202246132931122e-01,3.113849439353804271e+01,3.090190000000000126e+01
9.875000000000000444e-01,9.875000000000000444e-01,3.248340000000000116e-01,-1.556150000000000033e-01,3.601848911059429836e-01,3.794165037686683917e+01,2.709460000000000335e+01
