x_star,y_star,Ux_M40,Uy_M40,Ux_M160_interp,Uy_M160_interp,dUx_star,dUy_star,dU_mag_star,bmu_id,quantization_error,gradU_mag_star,error2,selected_gradient,selected_som,selection_group
0.0124999999999999,0.0124999999999999,6.70162e-05,-6.70318e-05,2.1433875000000003e-05,-2.1497625e-05,4.5582325e-05,-4.553417500000001e-05,6.442910402400649e-05,0,0.2238439779574163,0.007440634036028112,4.151109445336249e-09,False,False,neither
0.0375,0.0124999999999999,0.000163526,-5.64156e-05,8.053914999999999e-05,-1.2283925000000005e-05,8.298685e-05,-4.4131675e-05,9.399160606792568e-05,0,0.2242798277003925,0.004983583822953117,8.834422011228124e-09,False,False,neither
0.0625,0.0124999999999999,0.000141294,1.96131e-06,3.354417499999998e-05,2.7194130000000007e-05,0.000107749825,-2.5232820000000008e-05,0.0001106648995512,0,0.2237757279264184,0.0076779133304954676,1.2246719992677187e-08,False,False,neither
0.0875,0.0124999999999999,-5.11189e-05,6.54499e-05,-0.000171413925,7.024702500000002e-05,0.000120295025,-4.797125000000017e-06,0.0001203906368785,0,0.2194068570324478,0.02713134176576787,1.4493905448010845e-08,False,False,neither
0.1124999999999999,0.0124999999999999,-0.000410125,0.000120788,-0.00053122425,0.0001083873249999,0.00012109925,1.2400675000000005e-05,0.0001217325145185,0,0.2112453259672431,0.05649942971986532,1.4818805090996812e-08,False,False,neither
0.1374999999999999,0.0124999999999999,-0.000909233,0.000164305,-0.0010233535,0.000139214575,0.0001141205,2.5090425e-05,0.0001168461293622,0,0.2005932309008785,0.09456616645116793,1.3653017946927977e-08,False,False,neither
0.1625,0.0124999999999999,-0.00151798,0.000196258,-0.001619995,0.0001625344749999,0.000102015,3.3723525000000005e-05,0.000107444573448,0,0.1881229465027645,0.13984141745771028,1.1544336363422668e-08,False,False,neither
0.1874999999999999,0.0124999999999999,-0.00220719,0.000218282,-0.00229374,0.000178965475,8.654999999999991e-05,3.9316525e-05,9.506151502093584e-05,0,0.1745432423864174,0.19064480748237128,9.036691638075611e-09,False,False,neither
0.2125,0.0124999999999999,-0.00295094,0.000232184,-0.0030196575,0.00018934935,6.871750000000043e-05,4.283464999999998e-05,8.097470004188072e-05,0,0.1605819696324604,0.24531728066854647,6.556902046872557e-09,False,False,neither
0.2375,0.0124999999999999,-0.00372685,0.000239483,-0.0037757374999999,0.000194472675,4.88874999999998e-05,4.501032499999998e-05,6.645236649552523e-05,0,0.1469664243521037,0.30231592769499527,4.415917012855605e-09,False,False,neither
0.2624999999999999,0.0124999999999999,-0.0045155,0.000241267,-0.0045425349999999,0.00019494755,2.703499999999904e-05,4.6319450000000006e-05,5.363191841900165e-05,0,0.1344153471460655,0.3602269420645969,2.8763826733024488e-09,False,False,neither
0.2875,0.0124999999999999,-0.00529953,0.000238182,-0.005302495,0.000191174475,2.9649999999997387e-06,4.7007525e-05,4.710094087834789e-05,0,0.1236151010476506,0.4177390828992663,2.2184986316256234e-09,False,False,neither
0.3125,0.0124999999999999,-0.00606278,0.000230497,-0.0060392074999999,0.000183360625,-2.3572500000000957e-05,4.7136375e-05,5.270199810624517e-05,0,0.1151516006474167,0.47361681884167456,2.7775006043906695e-09,False,False,neither
0.3375,0.0124999999999999,-0.0067895,0.000218194,-0.0067368099999999,0.000171564525,-5.269000000000107e-05,4.6629475000000017e-05,7.036010260634745e-05,0,0.109392998861146,0.5266529454679946,4.950544038775741e-09,False,False,neither
0.3624999999999999,0.0124999999999999,-0.00746389,0.000201078,-0.007379535,0.000155763375,-8.43549999999995e-05,4.531462499999999e-05,9.575584193087408e-05,0,0.1063576205982881,0.5756562668086952,9.169181263890543e-09,False,False,neither
0.3874999999999999,0.0124999999999999,-0.00806981,0.000178891,-0.0079515675,0.0001359220499999,-0.0001182425,4.2968950000000025e-05,0.0001258078672832,0,0.1056604159196779,0.6194359074330503,1.5827619470347266e-08,False,False,neither
0.4125,0.0124999999999999,-0.00859086,0.000151424,-0.008437145,0.00011206525,-0.000153715,3.935874999999998e-05,0.0001586739185454,0,0.1065957610565482,0.6568081555280997,2.5177412426552233e-08,False,False,neither
0.4374999999999999,0.0124999999999999,-0.00901072,0.000118622,-0.0088209,8.434259999999999e-05,-0.00018982,3.4279400000000016e-05,0.0001928904084301,0,0.1083192475200924,0.6866273913107129,3.720670966433079e-08,False,False,neither
0.4624999999999999,0.0124999999999999,-0.00931372,8.06706e-05,-0.0090885475,5.308415e-05,-0.0002251724999999,2.758645e-05,0.0002268560490263,0,0.1100302644112393,0.7078237383907529,5.1463666979823027e-08,False,False,neither
0.4875,0.0124999999999999,-0.0094857,3.80734e-05,-0.0092274275,1.8839235e-05,-0.0002582725,1.9234165e-05,0.0002589877166189,0,0.1110980475227711,0.7194521019015409,6.707463735947164e-08,False,False,neither
0.5125,0.0124999999999999,-0.00951491,-8.29947e-06,-0.0092276825,-1.7600045e-05,-0.0002872274999999,9.300575e-06,0.0002873780392646,0,0.1111403659609646,0.7207638210866265,8.258613745156599e-08,False,False,neither
0.5375,0.0124999999999999,-0.00939308,-5.71948e-05,-0.009083005,-5.51976e-05,-0.0003100749999999,-1.9972000000000086e-06,0.0003100814319381,0,0.1100757985616594,0.7112619031026136,9.615049443278255e-08,False,False,neither
0.5625,0.0124999999999999,-0.00911647,-0.000106974,-0.00879152,-9.269465e-05,-0.0003249499999999,-1.427935e-05,0.0003252635890111,0,0.1081769899492135,0.6907739387799032,1.0579640233638176e-07,False,False,neither
0.5874999999999999,0.0124999999999999,-0.00868673,-0.000155672,-0.008356625,-0.0001286546249999,-0.0003301049999999,-2.701737500000005e-05,0.0003312087703803,0,0.1061138822682494,0.659497854514266,1.096992495768303e-07,False,False,neither
0.6124999999999999,0.0124999999999999,-0.00811171,-0.000201084,-0.00778748,-0.000161532325,-0.0003242299999999,-3.9551675000000015e-05,0.0003266334763849,0,0.1049471277120018,0.6180486578675483,1.0668942789528504e-07,False,False,neither
0.6375,0.0124999999999999,-0.00740582,-0.000240885,-0.0070992174999999,-0.000189762825,-0.0003066025,-5.112217499999994e-05,0.0003108352775715,0,0.1059758925259287,0.5674765321862257,9.661856978295145e-08,False,False,neither
0.6625,0.0124999999999999,-0.00659007,-0.00027279,-0.0063128549999999,-0.00021186275,-0.000277215,-6.092724999999999e-05,0.0002838314394452,0,0.1103663825559687,0.5092693893574991,8.056028601753425e-08,False,False,neither
0.6875,0.0124999999999999,-0.00569164,-0.000294725,-0.0054547424999999,-0.0002265415,-0.0002368975,-6.818349999999999e-05,0.0002465145334021,0,0.1186823755882008,0.44530625381576167,6.076941517845506e-08,False,False,neither
0.7124999999999999,0.0124999999999999,-0.00474302,-0.000305002,-0.004555595,-0.00023280525,-0.0001874249999999,-7.219675e-05,0.000200849449428,0,0.1306537788182671,0.3778075448039125,4.0340501335530734e-08,False,False,neither
0.7374999999999999,0.0124999999999999,-0.00378059,-0.000302476,-0.00364919,-0.00023005075,-0.0001313999999999,-7.242524999999996e-05,0.0001500379179992,0,0.1453416784072955,0.30924063737399976,2.2511376837534667e-08,False,False,neither
0.7625,0.0124999999999999,-0.00284287,-0.000286665,-0.0027707325,-0.00021813175,-7.213749999999746e-05,-6.853324999999997e-05,9.950188571988035e-05,0,0.1614895669387469,0.2421972014668493,9.90062526181213e-09,False,False,neither
0.7875,0.0124999999999999,-0.00196852,-0.000257823,-0.0019549899999999,-0.0001974025999999,-1.353000000000248e-05,-6.042040000000008e-05,6.191676377331164e-05,0,0.1778036525770214,0.17926914706345876,3.833685636160077e-09,False,False,neither
0.8125,0.0124999999999999,-0.00119408,-0.00021696,-0.0012343367499999,-0.0001687312749999,4.025674999999832e-05,-4.82287250000001e-05,6.28220967151527e-05,0,0.1931064713290182,0.12289362619680648,3.946615835687999e-09,False,False,neither
0.8375,0.0124999999999999,-0.000551714,-0.000165847,-0.0006367579999999,-0.0001335011499999,8.504399999999853e-05,-3.23458500000001e-05,9.098755930467778e-05,0,0.2063988122750792,0.0752279852135786,8.278735948222257e-09,False,False,neither
0.8624999999999999,0.0124999999999999,-6.6787e-05,-0.000107079,-0.000183791725,-9.362807500000013e-05,0.000117004725,-1.3450924999999883e-05,0.0001177753499493,0,0.216782208900934,0.03812211899986149,1.387103305568008e-08,False,False,neither
0.8875,0.0124999999999999,0.00024449,-4.43292e-05,0.0001117404499999,-5.166372500000012e-05,0.00013274955,7.334525000000119e-06,0.0001329520149609,0,0.2221205492755429,0.014159554329727332,1.7676238282163376e-08,False,False,neither
0.9125,0.0124999999999999,0.000378308,1.71093e-05,0.0002487589999999,-1.1130930000000106e-05,0.000129549,2.8240230000000105e-05,0.0001325913043583,0,0.2225143991935108,0.011435331367743568,1.7580453991435344e-08,False,False,neither
0.9375,0.0124999999999999,0.000348987,6.80287e-05,0.00024304375,2.2527e-05,0.0001059432499999,4.5501700000000005e-05,0.0001153012442406,0,0.2217490754723046,0.015123046828470117,1.3294376923430494e-08,False,False,neither
0.9625,0.0124999999999999,0.000207173,9.17121e-05,0.0001374502249999,3.939157500000001e-05,6.972277500000035e-05,5.232052499999999e-05,8.717053796998329e-05,0,0.2223385928199544,0.013461191583839672,7.598702689976298e-09,False,False,neither
0.9875,0.0124999999999999,5.88261e-05,5.8654e-05,2.0790487499999783e-05,2.0810564999999883e-05,3.803561250000022e-05,3.784343500000012e-05,5.3654761120047926e-05,0,0.2236526407577662,0.008630926909527157,2.8788333908494066e-09,False,False,neither
0.0124999999999999,0.0375,5.86337e-05,-0.000165843,1.2587215e-05,-8.0921425e-05,4.6046485e-05,-8.492157499999999e-05,9.660203249070822e-05,0,0.2240436185966424,0.005045768409291097,9.331952681335848e-09,False,False,neither
0.0375,0.0375,4.24658e-05,-4.04364e-05,-4.241027499999997e-05,4.238045749999996e-05,8.487607499999998e-05,-8.281685749999995e-05,0.0001185857495383,0,0.2221680088265924,0.015459112405820716,1.4062579993560419e-08,False,False,neither
0.0625,0.0375,-0.000292961,0.00024993,-0.000384871,0.0003348065,9.191000000000006e-05,-8.487650000000001e-05,0.0001251058286102,0,0.2152613231517784,0.03966186318845851,1.5651468352244735e-08,False,False,neither
0.0875,0.0375,-0.00100883,0.000565893,-0.0011014935,0.0006597395,9.266350000000016e-05,-9.384650000000004e-05,0.0001318851386415,0,0.2049757089195243,0.06949216741504038,1.7393689794487672e-08,False,False,neither
0.1124999999999999,0.0375,-0.00209712,0.000852891,-0.0021920125,0.000957097,9.48924999999998e-05,-0.0001042059999999,0.0001409378479765,0,0.1919493544063423,0.1037433642162235,1.9863476992247025e-08,False,False,neither
0.1374999999999999,0.0375,-0.0035124,0.00108989,-0.0036124624999999,0.0012039662499999,0.0001000624999999,-0.0001140762499999,0.0001517428572299,0,0.176505639535418,0.14170795983414058,2.3025894720293816e-08,False,False,neither
0.1625,0.0375,-0.00519357,0.00127226,-0.005301005,0.0013946625,0.000107435,-0.0001224024999999,0.0001628639040157,0,0.1590460287782681,0.18292381113972012,2.652465123123514e-08,False,False,neither
0.1874999999999999,0.0375,-0.00707614,0.00140294,-0.0071917324999999,0.0015311149999999,0.0001155924999999,-0.0001281749999999,0.0001725991213223,0,0.1400457801517876,0.22688076725020123,2.9790456681230037e-08,False,False,neither
0.2125,0.0375,-0.00909831,0.00148746,-0.009221185,0.00161809,0.0001228749999999,-0.00013063,0.0001793389598637,0,0.1200441555828873,0.27291539711912555,3.2162462524993796e-08,False,False,neither
0.2375,0.0375,-0.0112031,0.00153138,-0.01133075,0.0016606949999999,0.0001276499999999,-0.0001293149999999,0.0001817055082406,0,0.0996520454979149,0.32020713361961506,3.301689172497475e-08,False,False,neither
0.2624999999999999,0.0375,-0.0133385,0.00153918,-0.0134668,0.0016632324999999,0.0001283,-0.0001240524999999,0.0001784654385483,0,0.079597043857945,0.36783495517018233,3.184991275623704e-08,False,False,neither
0.2875,0.0375,-0.0154562,0.00151382,-0.0155798,0.0016287049999999,0.0001236,-0.0001148849999999,0.0001687469206385,0,0.0608770558697397,0.41481137353404374,2.847552322497622e-08,False,False,neither
0.3125,0.0375,-0.0175108,0.00145687,-0.01762295,0.0015588549999999,0.0001121499999999,-0.0001019849999999,0.000151586815802,0,0.0451529902090769,0.4601332903624014,2.297856272498948e-08,False,False,neither
0.3375,0.0375,-0.0194579,0.00136873,-0.0195511499999999,0.0014544324999999,9.324999999999611e-05,-8.570249999999974e-05,0.0001266510205495,0,0.0354363362177002,0.5027928121839155,1.6040481006229876e-08,False,False,neither
0.3624999999999999,0.0375,-0.0212538,0.0012492,-0.02131995,0.0013156624999999,6.615000000000093e-05,-6.646249999999972e-05,9.377145837753665e-05,0,0.0348228148154323,0.5417979172899801,8.793086406250088e-09,False,False,neither
0.3874999999999999,0.0375,-0.0228551,0.00109788,-0.0228857749999999,0.0011427787499999,3.067499999999737e-05,-4.489874999999964e-05,5.437695630101327e-05,0,0.0413947812993376,0.5761928790615605,2.9568533765623064e-09,False,False,neither
0.4125,0.0375,-0.0242187,0.000914815,-0.0242058,0.0009365352499999,-1.2899999999999716e-05,-2.1720249999999898e-05,2.526221011832671e-05,0,0.0502898031707012,0.6050744152879185,6.381792600624883e-10,False,False,neither
0.4374999999999999,0.0375,-0.0253032,0.000700934,-0.0252394,0.0006987122499999,-6.380000000000274e-05,2.2217500000000978e-06,6.383867302084882e-05,0,0.0584760413828035,0.6276271921682008,4.07537617306285e-09,False,False,neither
0.4624999999999999,0.0375,-0.0260701,0.000458508,-0.02594945,0.000432524,-0.0001206499999999,2.5984e-05,0.0001234163309939,0,0.0645030173567929,0.643137481386966,1.5231590755995886e-08,False,False,neither
0.4875,0.0375,-0.0264855,0.00019148,-0.02630425,0.0001429050999999,-0.0001812499999999,4.857490000000002e-05,0.0001876461654551,0,0.0676198210770972,0.6510333271987409,3.5211083410002764e-08,False,False,neither
0.5125,0.0375,-0.0265229,-9.4322e-05,-0.0262797,-0.0001633374999999,-0.0002431999999999,6.901549999999998e-05,0.000252803044365,0,0.0674231993423227,0.650924187532705,6.390937924021217e-08,False,False,neither
0.5375,0.0375,-0.0261648,-0.000391128,-0.02586165,-0.0004775399999999,-0.0003031499999999,8.64119999999999e-05,0.0003152252468378,0,0.0637474487787284,0.6426107999990118,9.936695624395195e-08,False,False,neither
0.5625,0.0375,-0.0254057,-0.000689341,-0.025047725,-0.0007893727499999,-0.0003579749999999,0.0001000317499999,0.0003716886487815,0,0.0566859500805239,0.6261308139438037,1.3815245163301726e-07,False,False,neither
0.5874999999999999,0.0375,-0.0242532,-0.000977836,-0.023849275,-0.0010872129999999,-0.0004039249999999,0.0001093769999999,0.0004184719031834,0,0.0467322915335269,0.6017585242222996,1.7511873375393689e-07,False,False,neither
0.6124999999999999,0.0375,-0.0227302,-0.00124445,-0.0222923999999999,-0.0013586975,-0.0004378,0.0001142475,0.0004524614141076,0,0.035362413526829,0.5700270985717999,2.047213312562491e-07,False,False,neither
0.6375,0.0375,-0.020875,-0.00147663,-0.0204184249999999,-0.001591395,-0.000456575,0.000114765,0.0004707777988074,0,0.0272062353133677,0.5317060135395594,2.216317358499408e-07,False,False,neither
0.6625,0.0375,-0.0187418,-0.00166224,-0.0182832249999999,-0.00177363,-0.000458575,0.00011139,0.0004719096976382,0,0.0314183126199077,0.4877979066406088,2.2269876272497734e-07,False,False,neither
0.6875,0.0375,-0.0163987,-0.00179045,-0.0159560999999999,-0.00189529,-0.0004426,0.0001048399999999,0.0004548474311238,0,0.0477491063855258,0.4394964964480719,2.0688618559991998e-07,False,False,neither
0.7124999999999999,0.0375,-0.0139262,-0.00185258,-0.013517,-0.0019486399999999,-0.0004091999999999,9.60599999999998e-05,0.0004203238794072,0,0.0693588950315801,0.38815541043576873,1.766721635999184e-07,False,False,neither
0.7374999999999999,0.0375,-0.0114135,-0.00184295,-0.0110534225,-0.001929075,-0.0003600774999999,8.612500000000005e-05,0.0003702341443346,0,0.0929161724945228,0.33521715687925346,1.370733216311734e-07,False,False,neither
0.7625,0.0375,-0.00895444,-0.00175951,-0.0086561,-0.00183561,-0.0002983399999999,7.610000000000017e-05,0.000307892782637,0,0.1168016984827713,0.2821560067767652,9.479796559995494e-08,False,False,neither
0.7875,0.0375,-0.00664267,-0.00160428,-0.0064144299999999,-0.0016712899999999,-0.00022824,6.700999999999929e-05,0.0002378735750351,0,0.1399113219416316,0.23040244922467729,5.6583837699979355e-08,False,False,neither
0.8125,0.0375,-0.00456605,-0.00138366,-0.0044113399999999,-0.0014433649999999,-0.00015471,5.970499999999931e-05,0.0001658308509445,0,0.1613670708647533,0.1812714365528116,2.749987112497698e-08,False,False,neither
0.8375,0.0375,-0.00280109,-0.0011085,-0.0027180024999999,-0.0011633797499999,-8.308750000000443e-05,5.487974999999904e-05,9.957569792029142e-05,0,0.1804594639633435,0.13590639582779024,9.915319616313129e-09,False,False,neither
0.8624999999999999,0.0375,-0.0014069,-0.000794464,-0.00138829,-0.0008474515,-1.8609999999997032e-05,5.298750000000082e-05,5.616054893116676e-05,0,0.1966458143383963,0.09526107600200621,3.154007256249976e-09,False,False,neither
0.8875,0.0375,-0.000418868,-0.000462913,-0.00045276175,-0.0005170145,3.3893750000002e-05,5.4101500000000905e-05,6.3841668143249e-05,0,0.2095262179748668,0.06015754292356031,4.075758591312734e-09,False,False,neither
0.9125,0.0375,0.000157932,-0.000142886,8.866914999999906e-05,-0.0002009805,6.926285000000094e-05,5.8094500000000784e-05,9.040084800693366e-05,0,0.2182632674556926,0.03153870648171862,8.172313320372722e-09,False,False,neither
0.9375,0.0375,0.000358204,0.000123794,0.00027655,5.948745e-05,8.165399999999996e-05,6.430654999999999e-05,0.0001039360769362,0,0.2224990707237729,0.011525011369387016,1.0802708088887684e-08,False,False,neither
0.9625,0.0375,0.000277917,0.000273549,0.0002053572499999,0.00020224025,7.25597500000004e-05,7.130874999999987e-05,0.0001017342378288,0,0.2232055107297673,0.00782325376078266,1.0349855146606842e-08,False,False,neither
0.9875,0.0375,9.221e-05,0.000206025,3.983162499999963e-05,0.0001379288249999,5.237837500000037e-05,6.809617500000057e-05,8.591032078435842e-05,0,0.2221875984267494,0.013480956247777827,7.380583217271367e-09,False,False,neither
0.0124999999999999,0.0625,3.88384e-07,-0.000147268,-2.7997460000000005e-05,-3.275876499999998e-05,2.838584400000001e-05,-0.000114509235,0.000117975086522,0,0.2234442580557802,0.007783672765796365,1.3918121039873384e-08,False,False,neither
0.0375,0.0625,-0.000257004,0.000295904,-0.0003475715,0.0003906845,9.05675e-05,-9.478050000000005e-05,0.0001310946804279,0,0.2151625079220507,0.040379039737220096,1.718581523649323e-08,False,False,neither
0.0625,0.0625,-0.00104908,0.00102314,-0.0011444555,0.00111903475,9.537550000000036e-05,-9.589475000000028e-05,0.0001352489891933,0,0.2028903143087948,0.07486325435178462,1.8292289077809382e-08,False,False,neither
0.0875,0.0625,-0.00238639,0.00179775,-0.00247898,0.0019092825,9.259000000000132e-05,-0.0001115325,0.0001449565681721,0,0.1877935193876787,0.11169724811493792,2.1012406656232678e-08,False,False,neither
0.1124999999999999,0.0625,-0.00423831,0.0025102,-0.00433661,0.002638585,9.829999999999996e-05,-0.000128385,0.0001616960055938,0,0.1701467648598446,0.1503638810818609,2.6145598224990197e-08,False,False,neither
0.1374999999999999,0.0625,-0.00654481,0.00311032,-0.0066574,0.0032521125,0.00011259,-0.0001417925,0.0001810569555588,0,0.1504491342867773,0.18994795416155447,3.2781621156221275e-08,False,False,neither
0.1625,0.0625,-0.00922491,0.00358115,-0.009358565,0.003731755,0.0001336549999999,-0.000150605,0.0002013591941034,0,0.1294009121468372,0.22986071946385273,4.054552504997071e-08,False,False,neither
0.1874999999999999,0.0625,-0.0121904,0.00392363,-0.012349275,0.004077855,0.0001588749999999,-0.000154225,0.0002214195480304,0,0.1079838856156535,0.26982242600540085,4.902661624998661e-08,False,False,neither
0.2125,0.0625,-0.0153541,0.00414634,-0.015539025,0.0042987225,0.000184925,-0.0001523825,0.0002396198696503,0,0.0877165579314118,0.30964172154966463,5.741768193122677e-08,False,False,neither
0.2375,0.0625,-0.0186328,0.00425972,-0.018841675,0.004404715,0.000208875,-0.000144995,0.0002542681963006,0,0.0711718716624282,0.3490542387001768,6.465231564996046e-08,False,False,neither
0.2624999999999999,0.0625,-0.0219486,0.00427292,-0.022176175,0.00440513,0.000227575,-0.0001322099999999,0.0002631916881761,0,0.0623414580393619,0.38766091997290625,6.926986472498546e-08,False,False,neither
0.2875,0.0625,-0.0252274,0.00419256,-0.0254662,0.0043068525,0.0002388,-0.0001142925,0.0002647417903472,0,0.0644523289675136,0.42493945752052736,7.008821555624079e-08,False,False,neither
0.3125,0.0625,-0.0283987,0.00402253,-0.028638925,0.0041141975,0.000240225,-9.166750000000074e-05,0.0002571205576791,0,0.0758286741495915,0.46027454316748817,6.61109811812114e-08,False,False,neither
0.3375,0.0625,-0.0313938,0.00376457,-0.031623975,0.0038294975,0.0002301749999999,-6.492749999999995e-05,0.0002391570841126,0,0.0919129370231333,0.49299835244852486,5.719611088124123e-08,False,False,neither
0.3624999999999999,0.0625,-0.0341452,0.00341921,-0.03435265,0.0034540825,0.00020745,-3.487250000000063e-05,0.0002103606278661,0,0.1092187628498004,0.5224429311856368,4.425159375621981e-08,False,False,neither
0.3874999999999999,0.0625,-0.0365866,0.00298696,-0.036757975,0.0029895175,0.000171375,-2.557500000000424e-06,0.0001713940822527,0,0.1257063508550907,0.5479739038267061,2.937593143124529e-08,False,False,neither
0.4125,0.0625,-0.0386535,0.0024696,-0.038775525,0.00243884,0.000122025,3.07599999999999e-05,0.00012584227519,0,0.1401319775444356,0.569031923807417,1.583627822499569e-08,False,False,neither
0.4374999999999999,0.0625,-0.040285,0.00187133,-0.04034485,0.001807705,5.985000000000018e-05,6.362499999999988e-05,8.735080494763632e-05,0,0.1516537816361726,0.5851451959642923,7.630163125000006e-09,False,False,neither
0.4624999999999999,0.0625,-0.0414253,0.00119974,-0.041411875,0.001105349,-1.3424999999997468e-05,9.439099999999988e-05,9.53409225149406e-05,0,0.159657289895379,0.5959615881544716,9.089891505999907e-09,False,False,neither
0.4875,0.0625,-0.0420267,0.000466621,-0.04193135,0.0003452175,-9.5350000000001e-05,0.0001214034999999,0.0001543710863868,0,0.1636936506103233,0.6012618244080528,2.3830432312240866e-08,False,False,neither
0.5125,0.0625,-0.0420529,-0.000311644,-0.04187005,-0.00045470225,-0.0001828499999999,0.00014305825,0.0002321632731356,0,0.1634626726836803,0.6009415127175023,5.389978539303521e-08,False,False,neither
0.5375,0.0625,-0.0414813,-0.001114,-0.0412094999999999,-0.0012719925,-0.0002718,0.0001579925,0.0003143833170768,0,0.1588118304415002,0.5950287166694144,9.883687005621176e-08,False,False,neither
0.5625,0.0625,-0.0403067,-0.00191511,-0.039949125,-0.002080305,-0.0003575749999999,0.000165195,0.0003938899194571,0,0.1497558825753418,0.583645099781194,1.5514926864992073e-07,False,False,neither
0.5874999999999999,0.0625,-0.0385433,-0.00268614,-0.038108025,-0.0028503299999999,-0.0004352749999999,0.0001641899999999,0.0004652125124338,0,0.1365013205928378,0.5670105687924786,2.164226817249685e-07,False,False,neither
0.6124999999999999,0.0625,-0.0362268,-0.00339598,-0.0357266,-0.0035511175,-0.0005002,0.0001551375,0.0005237057226212,0,0.1194969497334303,0.5454005224936626,2.742676839061933e-07,False,False,neither
0.6375,0.0625,-0.0334148,-0.00401292,-0.0328669999999999,-0.0041517775,-0.0005478,0.0001388575,0.0005651249820227,0,0.0995448620913291,0.5191384719219334,3.19366245306157e-07,False,False,neither
0.6625,0.0625,-0.0301868,-0.00450654,-0.0296120999999999,-0.0046233925,-0.0005747,0.0001168525,0.0005864593734916,0,0.0781236353724612,0.48857048902728456,3.4393459675615995e-07,False,False,neither
0.6875,0.0625,-0.026642,-0.00484989,-0.0260635749999999,-0.0049410325,-0.000578425,9.114250000000126e-05,0.0005855616414445,0,0.0584097631997439,0.4540786515314721,3.428824359311772e-07,False,False,neither
0.7124999999999999,0.0625,-0.0228968,-0.00502158,-0.022338275,-0.005085715,-0.0005585249999999,6.413499999999989e-05,0.0005621952275233,0,0.047760414595856,0.4160684130979424,3.160634738499751e-07,False,False,neither
0.7374999999999999,0.0625,-0.0190796,-0.00500778,-0.0185635,-0.0050461675,-0.0005160999999999,3.8387500000000574e-05,0.0005175256613504,0,0.0547027894624336,0.3750097917148298,2.678328101561689e-07,False,False,neither
0.7625,0.0625,-0.0153251,-0.00480393,-0.014871275,-0.00482021,-0.0004538249999999,1.6280000000001328e-05,0.0004541169111858,0,0.0749705274347507,0.33144871456797054,2.0622216902493176e-07,False,False,neither
0.7875,0.0625,-0.0117677,-0.00441591,-0.0113914749999999,-0.0044157325,-0.000376225,-1.775000000002469e-07,0.0003762250418715,0,0.1001059085922496,0.28604945167393697,1.4154528213121195e-07,False,False,neither
0.8125,0.0625,-0.00853348,-0.00386086,-0.0082446949999999,-0.0038512649999999,-0.000288785,-9.595000000000697e-06,0.000288944354937,0,0.1258921835799348,0.23963209859699516,8.348884024995904e-08,False,False,neither
0.8375,0.0625,-0.00573228,-0.00316766,-0.0055343174999999,-0.0031563649999999,-0.0001979625,-1.1295000000001876e-05,0.0001982844634136,0,0.1503464979327555,0.19320860492700628,3.931672843121927e-08,False,False,neither
0.8624999999999999,0.0625,-0.00344911,-0.0023775,-0.0033387275,-0.0023721525,-0.0001103824999999,-5.347499999996865e-06,0.0001105119543872,0,0.1723372187874703,0.14802834935920214,1.2212892062478575e-08,False,False,neither
0.8875,0.0625,-0.00173565,-0.00154537,-0.001702925,-0.0015527625,-3.272499999999604e-05,7.392500000002501e-06,3.354958541099693e-05,0,0.1911475136851545,0.10559513109357836,1.125574681249778e-09,False,False,neither
0.9125,0.0625,-0.000601873,-0.000743097,-0.0006297275,-0.00076879675,2.7854500000002452e-05,2.569975000000222e-05,3.789921266085552e-05,0,0.2063249976980738,0.06763417952470481,1.4363503203127515e-09,False,False,neither
0.9375,0.0625,-6.76184e-06,-6.49859e-05,-7.020477500000008e-05,-0.000114036605,6.344293500000008e-05,4.9050705000000056e-05,8.019337667420711e-05,0,0.2176136107580966,0.03583577201638051,6.4309776624112645e-09,False,False,neither
0.9625,0.0625,0.000157259,0.000361901,8.6535075e-05,0.000283876,7.072392500000001e-05,7.802499999999936e-05,0.0001053079968112,0,0.2223568728180782,0.010818539097965122,1.108977419238771e-08,False,False,neither
0.9875,0.0625,7.48776e-05,0.000353777,2.621112499999976e-05,0.0002505532499999,4.866647500000024e-05,0.00010322375,0.0001141208497733,0,0.2212609834169185,0.015647312845284332,1.3023568352980105e-08,False,False,neither
0.0124999999999999,0.0875,-6.87403e-05,5.16326e-05,-7.58896e-05,0.00018504535,7.149300000000003e-06,-0.00013341275,0.0001336041704178,0,0.2190558340524453,0.02853578793243495,1.7850074353028544e-08,False,False,neither
0.0375,0.0875,-0.000612288,0.0010441,-0.0007147255,0.0011468325,0.0001024374999999,-0.0001027325,0.0001450772482593,0,0.2050674020251026,0.07263958089299524,2.1047407962490563e-08,False,False,neither
0.0625,0.0875,-0.00192991,0.00238109,-0.002041315,0.0024836375,0.000111405,-0.0001025475,0.00015141685435,0,0.1882299727879209,0.11458635878131394,2.2927063781249117e-08,False,False,neither
0.0875,0.0875,-0.00394585,0.00375683,-0.00405644,0.003880445,0.00011059,-0.000123615,0.0001658638487585,0,0.1692625887332003,0.15552271356467515,2.751081632498256e-08,False,False,neither
0.1124999999999999,0.0875,-0.00658896,0.00501598,-0.00671225,0.005163025,0.00012329,-0.000147045,0.0001918923034543,0,0.1486810622207434,0.19633042790408217,3.6822656124997156e-08,False,False,neither
0.1374999999999999,0.0875,-0.00977953,0.00608091,-0.0099264725,0.00624599,0.0001469425,-0.00016508,0.0002210056666835,0,0.1275714953154141,0.2364391141965305,4.88435047062183e-08,False,False,neither
0.1625,0.0875,-0.013418,0.00692149,-0.0135972,0.0070969475,0.0001792,-0.0001754575,0.0002507946855622,0,0.1078608276175456,0.27515957066974794,6.289797430624276e-08,False,False,neither
0.1874999999999999,0.0875,-0.017397,0.00753514,-0.017614475,0.007712645,0.000217475,-0.000177505,0.000280719434044,0,0.0927363991439914,0.3121522743188652,7.880340064998365e-08,False,False,neither
0.2125,0.0875,-0.0216099,0.00793243,-0.0218677,0.0081036725,0.0002578,-0.0001712425,0.0003094912499671,0,0.0865344036687747,0.3473031772370647,9.578483380619796e-08,False,False,neither
0.2375,0.0875,-0.0259536,0.00812807,-0.026249875,0.0082851,0.000296275,-0.00015703,0.000335316710775,0,0.0921096838038272,0.3805549468283917,1.12437296524965e-07,False,False,neither
0.2624999999999999,0.0875,-0.0303295,0.00813576,-0.0306586,0.008271205,0.0003291,-0.000135445,0.0003558822249354,0,0.1078025909555493,0.4118147528704624,1.2665215802497067e-07,False,False,neither
0.2875,0.0875,-0.0346431,0.00796595,-0.034996025,0.00807307,0.0003529249999999,-0.00010712,0.0003688234672916,0,0.1294995412700091,0.440916199032197,1.3603075002499793e-07,False,False,neither
0.3125,0.0875,-0.0388034,0.00762526,-0.0391681,0.007698125,0.0003647,-7.286500000000182e-05,0.0003719077818828,0,0.1537509812094671,0.4676111292953152,1.3831539822498433e-07,False,False,neither
0.3375,0.0875,-0.0427213,0.00711731,-0.043083525,0.0071509675,0.000362225,-3.3657500000001776e-05,0.0003637853459545,0,0.1782919929815171,0.49160692661214606,1.3233977793123527e-07,False,False,neither
0.3624999999999999,0.0875,-0.0463099,0.00644425,-0.046653375,0.00643501,0.0003434749999999,9.239999999998902e-06,0.0003435992625501,0,0.201619232038811,0.5126131372480032,1.1806045322497253e-07,False,False,neither
0.3874999999999999,0.0875,-0.0494843,0.00560872,-0.0497918,0.00555446,0.0003075,5.425999999999955e-05,0.0003122505365888,0,0.2226438680030409,0.5303751545026972,9.750039759999353e-08,False,False,neither
0.4125,0.0875,-0.0521628,0.00461587,-0.0524166,0.0045163775,0.0002538,9.949249999999936e-05,0.0002726044709029,0,0.2405166225368855,0.5447111868980111,7.431319755625004e-08,False,False,neither
0.4374999999999999,0.0875,-0.0542686,0.00347536,-0.05445175,0.003332625,0.00018315,0.0001427349999999,0.0002322007810602,0,0.2545486615929444,0.5555274144756134,5.3917202724966934e-08,False,False,neither
0.4624999999999999,0.0875,-0.0557328,0.00220294,-0.05583,0.0020213825,9.720000000000562e-05,0.0001815574999999,0.0002059392284297,0,0.264185335397458,0.5628231797404315,4.2410965806220154e-08,False,False,neither
0.4875,0.0875,-0.0564974,0.000821677,-0.0564959,0.00060820875,-1.5000000000015e-06,0.0002134682499999,0.0002134735200395,0,0.269000356686187,0.5666810135832062,4.557094375805481e-08,False,False,neither
0.5125,0.0875,-0.0565185,-0.000637383,-0.056409425,-0.000873526,-0.0001090749999999,0.000236143,0.0002601170353398,0,0.2687003668588666,0.5672157481452186,6.766087207396677e-08,False,False,neither
0.5375,0.0875,-0.0557703,-0.00213526,-0.055549475,-0.00238287,-0.0002208249999999,0.00024761,0.0003317746113327,0,0.2631416016581299,0.5645633699003948,1.1007439272496416e-07,False,False,neither
0.5625,0.0875,-0.054248,-0.00362571,-0.053916825,-0.00387225,-0.0003311749999999,0.00024654,0.0004128666276474,0,0.252341181338168,0.5587999909653901,1.7045885222493682e-07,False,False,neither
0.5874999999999999,0.0875,-0.051971,-0.00505674,-0.05153685,-0.0052891474999999,-0.0004341499999999,0.0002324074999999,0.0004924423504901,0,0.2364969388862882,0.5499245705295955,2.424994685562145e-07,False,False,neither
0.6124999999999999,0.0875,-0.0489846,-0.00637269,-0.04846085,-0.00657844,-0.00052375,0.00020575,0.0005627140703767,0,0.2160041522303799,0.5378143014194027,3.166471249999137e-07,False,False,neither
0.6375,0.0875,-0.0453609,-0.00751715,-0.0447666749999999,-0.00768532,-0.000594225,0.00016817,0.000617563356689,0,0.1914850207928798,0.5222358362968209,3.81384499524985e-07,False,False,neither
0.6625,0.0875,-0.0411983,-0.00843623,-0.0405574749999999,-0.0085585875,-0.000640825,0.0001223575,0.0006524017461896,0,0.1638473113305881,0.5028632564785779,4.256280384312392e-07,False,False,neither
0.6875,0.0875,-0.0366197,-0.00908224,-0.0359593999999999,-0.009154125,-0.0006603,7.188500000000243e-05,0.0006642014327182,0,0.1344325715708391,0.4793386310073496,4.411635432249096e-07,False,False,neither
0.7124999999999999,0.0875,-0.0317683,-0.00941743,-0.031117375,-0.0094383425,-0.0006509249999999,2.0912500000002877e-05,0.0006512608450392,0,0.1054146719118077,0.4513456848857204,4.2414068828117295e-07,False,False,neither
0.7374999999999999,0.0875,-0.0268028,-0.00941742,-0.026189325,-0.0093912,-0.0006134749999999,-2.621999999999694e-05,0.0006140350674228,0,0.0808833007395128,0.4187034920731376,3.770390640249225e-07,False,False,neither
0.7625,0.0875,-0.0218899,-0.00907427,-0.0213394,-0.0090087825,-0.0005504999999999,-6.548749999999576e-05,0.0005543815136313,0,0.068440255332325,0.3814608041647267,3.0733886265613125e-07,False,False,neither
0.7875,0.0875,-0.0171964,-0.00839867,-0.0167296749999999,-0.0083051299999999,-0.000466725,-9.354000000000132e-05,0.0004760062575481,0,0.0746888021363703,0.33996676435375267,2.265819572249481e-07,False,False,neither
0.8125,0.0875,-0.0128798,-0.00742154,-0.0125112249999999,-0.0073133499999999,-0.000368575,-0.00010819,0.0003841257694102,0,0.0948101795187346,0.2949442746224446,1.4755260672497817e-07,False,False,neither
0.8375,0.0875,-0.00907821,-0.00619484,-0.0088148024999999,-0.0060863199999999,-0.0002634075,-0.00010852,0.0002848861201537,0,0.1201803158543785,0.24750556205095675,8.11601014562284e-08,False,False,neither
0.8624999999999999,0.0875,-0.0059006,-0.00479231,-0.00574111,-0.0046973825,-0.0001594899999999,-9.492749999999526e-05,0.0001856025063307,0,0.1459366916589608,0.19914845075711737,3.444829035623754e-08,False,False,neither
0.8875,0.0875,-0.00341679,-0.00331077,-0.0033514425,-0.0032418775,-6.534749999999312e-05,-6.889249999999549e-05,9.495510682684993e-05,0,0.169749522165113,0.15166080720476205,9.016472312498482e-09,False,False,neither
0.9125,0.0875,-0.00164811,-0.00187308,-0.0016586675,-0.00184057,1.0557500000004305e-05,-3.25099999999958e-05,3.418129468363973e-05,0,0.1903897752973395,0.106860759332086,1.1683609062498177e-09,False,False,neither
0.9375,0.0875,-0.000558744,-0.000632781,-0.000619086,-0.0006461035,6.034200000000023e-05,1.3322500000000244e-05,6.179519374716804e-05,0,0.2071912434451057,0.06597959924772201,3.8186459702500355e-09,False,False,neither
0.9625,0.0875,-4.97805e-05,0.000217079,-0.0001254646499999,0.00014634885,7.568414999999934e-05,7.073014999999866e-05,0.0001035897904247,0,0.2187113803141444,0.028301550832920803,1.0730844680233269e-08,False,False,neither
0.9875,0.0875,3.80033e-05,0.000413564,-5.340764999999625e-07,0.0002822117499999,3.8537376499999967e-05,0.00013135225,0.0001368887978162,0,0.2216852949853017,0.012712948049069342,1.8738542967564484e-08,False,False,neither
0.0124999999999999,0.1124999999999999,-0.000137133,0.000446346,-0.00012391615,0.00058637425,-1.3216849999999995e-05,-0.00014002825,0.0001406506165005,0,0.2106696887554208,0.06145213869219606,1.978259592197072e-08,False,False,neither
0.0375,0.1124999999999999,-0.000977178,0.00224072,-0.0010935424999999,0.0023532024999999,0.0001163644999999,-0.0001124824999999,0.0001618425459095,0,0.1926486129552928,0.1118284186996311,2.6193009666468612e-08,False,False,neither
0.0625,0.1124999999999999,-0.00284578,0.00435862,-0.00297526,0.004477385,0.00012948,-0.000118765,0.0001756991622774,0,0.1722595267789354,0.15897691534584513,3.087019562498015e-08,False,False,neither
0.0875,0.1124999999999999,-0.00556465,0.00645796,-0.0056969925,0.006608185,0.0001323425,-0.000150225,0.000200205114648,0,0.1514726630242229,0.20225863966120208,4.008208793121883e-08,False,False,neither
0.1124999999999999,0.1124999999999999,-0.00901012,0.00835491,-0.0091647625,0.0085397325,0.0001546424999999,-0.0001848225,0.0002409847698766,0,0.131744164478767,0.24363751888754737,5.8073659312477854e-08,False,False,neither
0.1374999999999999,0.1124999999999999,-0.0130766,0.00995335,-0.013266175,0.010165435,0.0001895749999999,-0.000212085,0.0002844621729685,0,0.1156660280049024,0.2831147999456051,8.091872784996082e-08,False,False,neither
0.1625,0.1124999999999999,-0.017644,0.011214,-0.017877725,0.01144225,0.000233725,-0.00022825,0.0003266885950335,0,0.1071398854574864,0.3200832907182129,1.0672543812496217e-07,False,False,neither
0.1874999999999999,0.1124999999999999,-0.0225871,0.012132,-0.0228715749999999,0.0123640749999999,0.0002844749999999,-0.0002320749999999,0.0003671305370709,0,0.1097835321096603,0.35417953271893055,1.3478483124996746e-07,False,False,neither
0.2125,0.1124999999999999,-0.0277828,0.0127201,-0.028120625,0.0129436,0.000337825,-0.0002234999999999,0.0004050654028981,0,0.1240049152180134,0.38526775701192534,1.6407798062500007e-07,False,False,neither
0.2375,0.1124999999999999,-0.033112,0.0129967,-0.03350145,0.0132001999999999,0.0003894499999999,-0.0002034999999999,0.0004394127359328,0,0.1468724556015852,0.4133521142041008,1.9308355249994865e-07,False,False,neither
0.2624999999999999,0.1124999999999999,-0.0384602,0.0129799,-0.038895125,0.0131526749999999,0.000434925,-0.0001727749999999,0.0004679860641621,0,0.1748201071421576,0.4384791819288574,2.1901095624993317e-07,False,False,neither
0.2875,0.1124999999999999,-0.0437166,0.0126837,-0.044186975,0.0128162249999999,0.000470375,-0.0001325249999999,0.0004886875446028,0,0.2050979279895669,0.4607048189774012,2.388155162499137e-07,False,False,neither
0.3125,0.1124999999999999,-0.0487738,0.0121175,-0.049266025,0.012201575,0.0004922249999999,-8.407499999999943e-05,0.0004993536384667,0,0.2357729131208341,0.480067014098032,2.493540562499317e-07,False,False,neither
0.3375,0.1124999999999999,-0.0535266,0.0112872,-0.0540241749999999,0.011316075,0.0004975749999999,-2.8874999999999387e-05,0.0004984121249026,4,0.2490824976180477,0.4966151448194064,2.4841464624992496e-07,False,False,neither
0.3624999999999999,0.1124999999999999,-0.0578723,0.0101972,-0.05835635,0.01016588,0.0004840499999999,3.131999999999961e-05,0.0004850622072476,4,0.242774561045755,0.5104182071953939,2.3528534489991367e-07,False,False,neither
0.3874999999999999,0.1124999999999999,-0.0617109,0.00885337,-0.06216115,0.00875909,0.0004502499999999,9.427999999999868e-05,0.0004600149789952,4,0.2429715635566296,0.5216111161468857,2.1161378089995427e-07,False,False,neither
0.4125,0.1124999999999999,-0.0649467,0.0072657,-0.06534215,0.0071083075,0.00039545,0.0001573924999999,0.0004256208424833,4,0.2485371306831215,0.530400707130034,1.8115310155619408e-07,False,False,neither
0.4374999999999999,0.1124999999999999,-0.0674906,0.00545113,-0.067810575,0.0052335725,0.000319975,0.0002175574999999,0.0003869305705565,4,0.2579795435449256,0.5370706861483319,1.4971526643117863e-07,False,False,neither
0.4624999999999999,0.1124999999999999,-0.0692626,0.0034358,-0.069488225,0.0031644075,0.000225625,0.0002713925,0.0003529313384799,4,0.2698401863806941,0.5419592460744996,1.2456052968121374e-07,False,False,neither
0.4875,0.1124999999999999,-0.070196,0.00125668,-0.0703109999999999,0.00094129175,0.0001149999999999,0.00031538825,0.000335700384626,4,0.2829542778425625,0.5453914657885747,1.1269474823804436e-07,False,False,neither
0.5125,0.1124999999999999,-0.0702404,-0.00103757,-0.070232725,-0.0013837975,-7.674999999998655e-06,0.0003462274999999,0.0003463125573542,4,0.2965524948183771,0.5476386451768448,1.1993238738120606e-07,False,False,neither
0.5375,0.1124999999999999,-0.0693664,-0.00338676,-0.069229025,-0.0037478025,-0.0001373749999999,0.0003610424999999,0.0003862946769387,4,0.3102665928083237,0.5488171869682289,1.492235774311746e-07,False,False,neither
0.5625,0.1124999999999999,-0.0675683,-0.00572024,-0.06730055,-0.006078065,-0.0002677499999999,0.000357825,0.0004469102741322,1,0.3172367947102175,0.5488435979825218,1.9972879312491813e-07,False,False,neither
0.5874999999999999,0.1124999999999999,-0.064868,-0.00795904,-0.064475925,-0.0082947724999999,-0.0003920749999999,0.0003357324999999,0.0005161774086312,1,0.3102615787143202,0.5473788415246246,2.664391171812208e-07,False,False,neither
0.6124999999999999,0.1124999999999999,-0.0613166,-0.0100191,-0.060813425,-0.0103144025,-0.000503175,0.0002953025,0.0005834283564682,1,0.3076361359692249,0.543843824110415,3.4038864713118503e-07,False,False,neither
0.6375,0.1124999999999999,-0.0569958,-0.0118153,-0.0564015499999999,-0.012054075,-0.00059425,0.000238775,0.0006404268600902,0,0.2846663330429269,0.5374544876070902,4.1014656312499266e-07,False,False,neither
0.6625,0.1124999999999999,-0.0520176,-0.0132665,-0.0513581499999999,-0.01343615,-0.00065945,0.00016965,0.0006809224809036,0,0.2532744688755505,0.5273104467929685,4.636554249999135e-07,False,False,neither
0.6875,0.1124999999999999,-0.0465219,-0.0143006,-0.0458276249999999,-0.014393625,-0.000694275,9.302500000000352e-05,0.0007004794260005,0,0.2189804248824413,0.5125002893394306,4.906714262499899e-07,False,False,neither
0.7124999999999999,0.1124999999999999,-0.0406732,-0.0148602,-0.03997685,-0.014875175,-0.0006963499999999,1.4975000000000405e-05,0.0006965110000028,0,0.1831223943934096,0.492239097229182,4.851275731249004e-07,False,False,neither
0.7374999999999999,0.1124999999999999,-0.0346541,-0.0149081,-0.033988575,-0.0148497,-0.0006655249999999,-5.840000000000012e-05,0.0006680823943384,0,0.1476160461928817,0.465971732511748,4.463340856249294e-07,False,False,neither
0.7625,0.1124999999999999,-0.0286583,-0.0144313,-0.028054,-0.014310325,-0.0006042999999999,-0.0001209749999999,0.0006162900620851,0,0.1155835963157955,0.4334939777770852,3.798134406248564e-07,False,False,neither
0.7875,0.1124999999999999,-0.022881,-0.013445,-0.0223634499999999,-0.0132773999999999,-0.00051755,-0.0001676,0.0005440108110139,0,0.0925689281077199,0.39502319409497977,2.959477625000012e-07,False,False,neither
0.8125,0.1124999999999999,-0.0175085,-0.0119952,-0.0170960499999999,-0.0118001999999999,-0.00041245,-0.000195,0.0004562236321147,0,0.0861490421995455,0.3512518790455077,2.0814000249992913e-07,False,False,neither
0.8375,0.1124999999999999,-0.0127067,-0.0101593,-0.0124090999999999,-0.0099579424999999,-0.0002976,-0.0002013575,0.0003593196387706,0,0.0980255438208158,0.3033458004153675,1.2911060280623445e-07,False,False,neither
0.8624999999999999,0.1124999999999999,-0.00861001,-0.00804724,-0.008427315,-0.0078605675,-0.0001826949999999,-0.0001866724999999,0.0002611974067276,0,0.1206391275871248,0.2528655203774528,6.822408528122331e-08,False,False,neither
0.8875,0.1124999999999999,-0.00531037,-0.00580193,-0.00523263,-0.0056493125,-7.773999999999195e-05,-0.0001526174999999,0.0001712764108283,0,0.1465332393537673,0.201585738679104,2.9335608906224602e-08,False,False,neither
0.9125,0.1124999999999999,-0.00284726,-0.00360076,-0.00285527,-0.0034992025,8.010000000005773e-06,-0.0001015574999999,0.000101872890929,0,0.1716141089276959,0.15114733373076747,1.037808590623193e-08,False,False,neither
0.9375,0.1124999999999999,-0.00119915,-0.00165811,-0.0012669275,-0.0016236825,6.777749999999994e-05,-3.442750000000002e-05,7.602001225006474e-05,0,0.1938159190240257,0.10229826786339052,5.779042262499993e-09,False,False,neither
0.9625,0.1124999999999999,-0.00028983,-0.000231068,-0.0003767414999999,-0.0002829586499999,8.691149999999844e-05,5.189064999999734e-05,0.0001012237540781,0,0.2121262937826442,0.05370733186179425,1.0246248389663666e-08,False,False,neither
0.9875,0.1124999999999999,-3.77235e-06,0.000350618,-3.141252499999962e-05,0.0002018414999999,2.764017499999962e-05,0.0001487765,0.0001513222595201,0,0.2227968573184751,0.008294351516622622,2.2898426226268495e-08,False,False,neither
0.0124999999999999,0.1374999999999999,-0.000201319,0.00103211,-0.00016999015,0.00116873825,-3.1328849999999974e-05,-0.00013662825,0.0001401740901179,0,0.1993992858436415,0.10664324608512064,1.964877554038115e-08,False,False,neither
0.0375,0.1374999999999999,-0.00133243,0.00389063,-0.0014639599999999,0.00401571,0.0001315299999999,-0.0001250799999999,0.0001815079813672,0,0.1785540535706317,0.15788021719354206,3.294514729999583e-08,False,False,neither
0.0625,0.1374999999999999,-0.00375147,0.0069676,-0.0038984725,0.007112775,0.0001470025,-0.000145175,0.0002066047328384,0,0.1569051839570692,0.20750005633975135,4.2685515631226644e-08,False,False,neither
0.0875,0.1374999999999999,-0.00717342,0.00991188,-0.0073266675,0.01010215,0.0001532475,-0.00019027,0.000244310190447,0,0.1385704998165581,0.25159153046905214,5.96874691562494e-08,False,False,neither
0.1124999999999999,0.1374999999999999,-0.0114161,0.0125293,-0.01160225,0.0127669999999999,0.0001861499999999,-0.0002376999999999,0.0003019157374169,0,0.1266727569308758,0.2924139518209075,9.11531124999905e-08,False,False,neither
0.1374999999999999,0.1374999999999999,-0.0163434,0.014717,-0.0165772,0.014992525,0.0002337999999999,-0.000275525,0.0003613536572735,0,0.1246033280764072,0.330394832352142,1.3057646562493412e-07,False,False,neither
0.1625,0.1374999999999999,-0.0218121,0.0164334,-0.022103275,0.016732175,0.0002911749999999,-0.000298775,0.0004171922593361,0,0.1342047961817811,0.36508011092909454,1.7404938124995972e-07,False,False,neither
0.1874999999999999,0.1374999999999999,-0.0276792,0.0176752,-0.02803435,0.0179807,0.0003551499999999,-0.0003055,0.0004684674721899,0,0.154278395654665,0.39613416071326146,2.1946177249999474e-07,False,False,neither
0.2125,0.1374999999999999,-0.0338065,0.0184586,-0.034228425,0.0187542,0.000421925,-0.0002956,0.0005151699385882,0,0.1818856155157917,0.42342190577720473,2.6540006562496977e-07,False,False,neither
0.2375,0.1374999999999999,-0.0400619,0.0188066,-0.0405486,0.01907665,0.0004867,-0.00027005,0.0005566002986883,0,0.2141612169315112,0.44695668834910607,3.0980389249990473e-07,False,False,neither
0.2624999999999999,0.1374999999999999,-0.0463177,0.0187415,-0.046862825,0.0189715749999999,0.000545125,-0.0002300749999999,0.000591688914253,4,0.2386492274647565,0.46685442290718426,3.5009577124989394e-07,False,False,neither
0.2875,0.1374999999999999,-0.0524508,0.0182807,-0.053043575,0.018458,0.000592775,-0.0001772999999999,0.0006187224665591,4,0.2158801974164908,0.4833075638265969,3.828174906249766e-07,False,False,neither
0.3125,0.1374999999999999,-0.0583409,0.0174365,-0.0589667,0.017549925,0.0006257999999999,-0.000113425,0.0006359959674596,4,0.2030801535524782,0.4965638981037586,4.0449087062487264e-07,False,False,neither
0.3375,0.1374999999999999,-0.0638704,0.0162174,-0.064511175,0.0162575,0.000640775,-4.0100000000001246e-05,0.0006420285123146,4,0.2011572811834307,0.5069413091788831,4.1220061062489854e-07,False,False,neither
0.3624999999999999,0.1374999999999999,-0.068924,0.0146304,-0.06955905,0.0145904,0.0006350499999999,4.0000000000000105e-05,0.0006363084963286,4,0.2090181286425684,0.5148335648498454,4.0488850249996394e-07,False,False,neither
0.3874999999999999,0.1374999999999999,-0.0733899,0.0126852,-0.0739964499999999,0.01256115,0.0006065499999999,0.00012405,0.0006191052454954,4,0.2240276270086383,0.5207260825894935,3.832913049999196e-07,False,False,neither
0.4125,0.1374999999999999,-0.0771608,0.0103979,-0.077715225,0.01018905,0.0005544249999999,0.0002088499999999,0.0005924570896908,4,0.243208985044867,0.5251923341559358,3.510054031248927e-07,False,False,neither
0.4374999999999999,0.1374999999999999,-0.0801369,0.00779372,-0.080615675,0.007503695,0.000478775,0.0002900249999999,0.000559767810123,4,0.2640883751957913,0.5288642428118959,3.13340001249899e-07,False,False,neither
0.4624999999999999,0.1374999999999999,-0.0822291,0.0049109,-0.082609775,0.00454756,0.0003806749999999,0.00036334,0.0005262408300626,4,0.2849218908929681,0.5323673842604936,2.7692941122497424e-07,False,False,neither
0.4875,0.1374999999999999,-0.0833619,0.00180205,-0.0836250249999999,0.0013779589999999,0.0002631249999999,0.000424091,0.0004990871085351,4,0.304625660070958,0.5362272031767504,2.490879419059267e-07,False,False,neither
0.5125,0.1374999999999999,-0.0834784,-0.00146457,-0.083608225,-0.0019323324999999,0.000129825,0.0004677624999999,0.0004854444221857,4,0.322643445550645,0.5407702776245751,2.3565628703120815e-07,False,False,neither
0.5375,0.1374999999999999,-0.0825435,-0.00480528,-0.0825299499999999,-0.005295695,-1.355000000001494e-05,0.0004904149999999,0.0004906021552388,1,0.3276218586651813,0.5460243286521215,2.4069047472495564e-07,False,False,neither
0.5625,0.1374999999999999,-0.0805484,-0.00812247,-0.08038775,-0.0086115925,-0.0001606499999999,0.0004891225,0.0005148293333778,1,0.3087858772108365,0.5516576733600286,2.6504924250623e-07,False,False,neither
0.5874999999999999,0.1374999999999999,-0.0775136,-0.0113074,-0.077209725,-0.0117698249999999,-0.0003038749999999,0.0004624249999999,0.0005533325367715,1,0.2904377057265892,0.5569710658068335,3.061768962499834e-07,False,False,neither
0.6124999999999999,0.1374999999999999,-0.0734919,-0.0142445,-0.073056525,-0.014655175,-0.0004353749999999,0.0004106749999999,0.0005985025866694,1,0.2747889656895836,0.5609476747505066,3.582053462499627e-07,False,False,neither
0.6375,0.1374999999999999,-0.0685697,-0.0168165,-0.0680224499999999,-0.01715275,-0.00054725,0.00033625,0.0006422979254209,1,0.2647537273558416,0.5623519256942222,4.1254662499999196e-07,False,False,neither
0.6625,0.1374999999999999,-0.0628671,-0.0189112,-0.0622346999999999,-0.019154925,-0.0006324,0.000243725,0.0006777400944499,1,0.2634312253992506,0.5598575489604477,4.593316356249593e-07,False,False,neither
0.6875,0.1374999999999999,-0.0565363,-0.0204284,-0.0558513249999999,-0.02056795,-0.000684975,0.00013955,0.0006990457446584,1,0.273090037663008,0.5521914717921673,4.886649531250169e-07,False,False,neither
0.7124999999999999,0.1374999999999999,-0.0497582,-0.0212875,-0.049056575,-0.021319,-0.0007016249999999,3.150000000000028e-05,0.0007023317525393,0,0.2695888175944189,0.5382656285627013,4.932698906249245e-07,False,False,neither
0.7374999999999999,0.1374999999999999,-0.042736,-0.0214347,-0.04205495,-0.02136285,-0.0006810499999999,-7.18499999999983e-05,0.0006848295590875,0,0.2280511214313622,0.517310545657055,4.6899152499997966e-07,False,False,neither
0.7625,0.1374999999999999,-0.0356879,-0.0208497,-0.035062275,-0.020687425,-0.0006256249999999,-0.0001622749999999,0.0006463279479103,0,0.186660876306837,0.4889554402356108,4.1773981624993947e-07,False,False,neither
0.7875,0.1374999999999999,-0.0288365,-0.0195505,-0.0282964499999999,-0.0193179999999999,-0.00054005,-0.0002325,0.0005879713024459,0,0.1480747176352661,0.45332309357454975,3.45710252499928e-07,False,False,neither
0.8125,0.1374999999999999,-0.0223975,-0.0175973,-0.0219652999999999,-0.0173200499999999,-0.0004322,-0.00027725,0.0005134826214196,0,0.1169347837193368,0.4110285104563916,2.6366440249994426e-07,False,False,neither
0.8375,0.1374999999999999,-0.016567,-0.015094,-0.0162552999999999,-0.0148004999999999,-0.0003117,-0.0002935,0.000428134488216,0,0.1006808738641463,0.36317740181349384,1.8329913999997624e-07,False,False,neither
0.8624999999999999,0.1374999999999999,-0.0115089,-0.0121887,-0.0113192,-0.01190785,-0.0001896999999999,-0.0002808499999999,0.0003389141668623,0,0.1048413868414505,0.3112274139242879,1.1486281249996693e-07,False,False,neither
0.8875,0.1374999999999999,-0.00734283,-0.00907252,-0.00726531,-0.00883191,-7.751999999998978e-05,-0.0002406099999999,0.0002527894825739,0,0.124720098673471,0.25678097810788086,6.39025224999801e-08,False,False,neither
0.9125,0.1374999999999999,-0.00413335,-0.00597966,-0.0041482625,-0.005804155,1.491250000000728e-05,-0.0001755049999999,0.0001761374113618,0,0.1511022800581691,0.2011980079047504,3.102438768123595e-08,False,False,neither
0.9375,0.1374999999999999,-0.00188065,-0.00318614,-0.00196297,-0.0030992375,8.232000000000009e-05,-8.690249999999998e-05,0.0001197022426951,0,0.1778487758641878,0.1448165388620029,1.4328626906236623e-08,False,False,neither
0.9625,0.1374999999999999,-0.000538667,-0.00101103,-0.0006426637499999,-0.0010391427499999,0.0001039967499999,2.8112749999995544e-05,0.0001077295257722,0,0.2018442158256035,0.08589452302364803,1.1605650723103104e-08,False,False,neither
0.9875,0.1374999999999999,-4.40107e-05,0.000159065,-6.304489999999928e-05,-4.892774999989207e-07,1.903419999999928e-05,0.0001595542774999,0.0001606856192637,0,0.2200431698249511,0.023086271218488275,2.5819868238158758e-08,False,False,neither
0.0124999999999999,0.1625,-0.000260731,0.00179946,-0.0002135269999999,0.001924255,-4.720400000000002e-05,-0.000124795,0.0001334241718767,0,0.1858531383976483,0.16396361937587983,1.7802009640983186e-08,False,False,neither
0.0375,0.1625,-0.00167039,0.00598253,-0.0018179874999999,0.0061228674999999,0.0001475974999999,-0.0001403374999999,0.0002036655000546,0,0.1639548113830887,0.21093378765735943,4.1479635912490275e-08,False,False,neither
0.0625,0.1625,-0.00462408,0.0101986,-0.00478803,0.0103800725,0.00016395,-0.0001814724999999,0.0002445646555744,0,0.1454319863606423,0.2597389153387686,5.98118707562249e-08,False,False,neither
0.0875,0.1625,-0.00873253,0.0141085,-0.0089051575,0.01435225,0.0001726275,-0.00024375,0.0002986876566854,0,0.1366979598889166,0.3028616301655923,8.921431625621539e-08,False,False,neither
0.1124999999999999,0.1625,-0.0137535,0.0175248,-0.013969375,0.01783015,0.000215875,-0.0003053499999999,0.0003739527217777,0,0.1405744442903716,0.3420480714709557,1.398406381249499e-07,False,False,neither
0.1374999999999999,0.1625,-0.0195176,0.0203503,-0.019794475,0.02070445,0.0002768749999999,-0.0003541499999999,0.0004495353024235,0,0.1566356912379004,0.37782943074355657,2.0208198812498763e-07,False,False,neither
0.1625,0.1625,-0.0258575,0.0225496,-0.026205575,0.022934275,0.000348075,-0.000384675,0.0005187784317509,0,0.182138788766731,0.4098061869811143,2.691310612499232e-07,False,False,neither
0.1874999999999999,0.1625,-0.0326112,0.024126,-0.0330376,0.024520575,0.0004264,-0.0003945749999999,0.0005809530020793,0,0.2140297906907026,0.43768307465562334,3.3750639062495117e-07,False,False,neither
0.2125,0.1625,-0.039627,0.0251023,-0.0401344,0.025485925,0.0005073999999999,-0.0003836249999999,0.0006360997568188,4,0.2377874426960328,0.4613442117681764,4.0462290062493653e-07,False,False,neither
0.2375,0.1625,-0.0467611,0.0255074,-0.0473475,0.0258603,0.0005864,-0.0003528999999999,0.0006844000073056,4,0.200171655949507,0.4808055469189181,4.6840336999990527e-07,False,False,neither
0.2624999999999999,0.1625,-0.0538759,0.0253685,-0.054534625,0.0256722,0.000658725,-0.0003037,0.000725363574785,4,0.1722930551721081,0.4962252696427299,5.261523156248743e-07,False,False,neither
0.2875,0.1625,-0.0608383,0.0247067,-0.061558325,0.024944775,0.0007200249999999,-0.0002380749999999,0.0007583638350092,4,0.1588868021242953,0.5078894848212552,5.751157062498611e-07,False,False,neither
0.3125,0.1625,-0.0675186,0.0235371,-0.06828475,0.0236950249999999,0.00076615,-0.0001579249999999,0.0007822570729146,4,0.1623882953686425,0.5161984159448768,6.119261281249178e-07,False,False,neither
0.3375,0.1625,-0.0737896,0.0218706,-0.074583,0.02193625,0.0007934,-6.565000000000043e-05,0.0007961114761765,4,0.180160261233543,0.5216726633819334,6.337934824999259e-07,False,False,neither
0.3624999999999999,0.1625,-0.0795265,0.0197173,-0.0803252,0.019681425,0.0007986999999999,3.5874999999997714e-05,0.0007995052880531,4,0.2066736307139081,0.5249705455547007,6.392087056248704e-07,False,False,neither
0.3874999999999999,0.1625,-0.0846078,0.0170912,-0.0853874749999999,0.016947925,0.0007796749999999,0.000143275,0.0007927299863446,4,0.2370718291881221,0.5268681232414806,6.284208312499097e-07,False,False,neither
0.4125,0.1625,-0.088917,0.0140143,-0.089651825,0.0137622,0.000734825,0.0002520999999999,0.0007768669066352,4,0.2681658420536923,0.5282445186123563,6.035221906249447e-07,False,False,neither
0.4374999999999999,0.1625,-0.092345,0.0105214,-0.0930088499999999,0.0101638675,0.0006638499999999,0.0003575325,0.0007540068375394,4,0.2980399703882395,0.5300229628308569,5.685263110561672e-07,False,False,neither
0.4624999999999999,0.1625,-0.0947934,0.00666308,-0.095360825,0.006209225,0.000567425,0.000453855,0.0007266054580375,5,0.2884408508096861,0.533042551915886,5.279554916498853e-07,False,False,neither
0.4875,0.1625,-0.0961782,0.00250856,-0.096626025,0.001973285,0.0004478249999999,0.000535275,0.0006979015376469,5,0.279196162149749,0.5379748148594319,4.870665562499074e-07,False,False,neither
0.5125,0.1625,-0.0964337,-0.0018533,-0.09674255,-0.00244926,0.0003088499999999,0.00059596,0.000671235163039,5,0.2778621832181521,0.5450987134024442,4.505566440999929e-07,False,False,neither
0.5375,0.1625,-0.0955174,-0.00631406,-0.0956728749999999,-0.0069447624999999,0.0001554749999999,0.0006307024999999,0.000649583034824,5,0.2848589708573406,0.5543374643706124,4.2195811913115803e-07,False,False,neither
0.5625,0.1625,-0.0934133,-0.0107476,-0.0934078499999999,-0.0113829249999999,-5.4500000000179405e-06,0.0006353249999999,0.0006353483754012,5,0.300186318047796,0.5650819775554695,4.036675581249442e-07,False,False,neither
0.5874999999999999,0.1625,-0.0901367,-0.0150132,-0.089970425,-0.0156209499999999,-0.0001662749999999,0.0006077499999999,0.0006300852625835,1,0.3001001409671853,0.5763388856011713,3.970074381249182e-07,False,False,neither
0.6124999999999999,0.1625,-0.0857369,-0.0189612,-0.085418625,-0.0195086,-0.000318275,0.0005474,0.000633202760279,1,0.2717325240659873,0.5867490142675997,4.009457356249448e-07,False,False,neither
0.6375,0.1625,-0.0802997,-0.022439,-0.0798471999999999,-0.022895925,-0.0004525,0.000456925,0.000643068196714,1,0.2459399681707657,0.5947514088928249,4.135367056249958e-07,False,False,neither
0.6625,0.1625,-0.0739485,-0.0252993,-0.0733880499999999,-0.02564085,-0.00056045,0.00034155,0.0006563235520686,1,0.2269251310995632,0.5987487587360829,4.3076060499994436e-07,False,False,neither
0.6875,0.1625,-0.0668432,-0.0274095,-0.0662082249999999,-0.027618375,-0.000634975,0.000208875,0.0006684474670832,1,0.2197442998082756,0.5972347530243028,4.4682201624994575e-07,False,False,neither
0.7124999999999999,0.1625,-0.0591773,-0.028661,-0.058506575,-0.028729775,-0.0006707249999999,6.877500000000009e-05,0.0006742418158568,1,0.2283030583121369,0.5889227984209815,4.54602026249875e-07,False,False,neither
0.7374999999999999,0.1625,-0.0511728,-0.0289791,-0.050507,-0.02891115,-0.0006657999999999,-6.794999999999718e-05,0.0006692584272909,1,0.2529739364771809,0.5728748232764292,4.4790684249988885e-07,False,False,neither
0.7625,0.1625,-0.0430712,-0.0283315,-0.04245015,-0.028141425,-0.0006210499999999,-0.0001900749999999,0.0006494856488983,0,0.2706453806607096,0.5485721084378973,4.218316081248458e-07,False,False,neither
0.7875,0.1625,-0.035124,-0.026736,-0.0345825249999999,-0.0264479999999999,-0.000541475,-0.000288,0.0006133018633797,0,0.2223682265647486,0.5159835083682424,3.761391756250122e-07,False,False,neither
0.8125,0.1625,-0.0275791,-0.0242648,-0.0271441499999999,-0.0239108999999999,-0.00043495,-0.0003539,0.0005607376503321,0,0.1762206539263199,0.4755811849684552,3.144267124999644e-07,False,False,neither
0.8375,0.1625,-0.0206674,-0.0210477,-0.0203550499999999,-0.0206643749999999,-0.00031235,-0.000383325,0.0004944699971939,0,0.1368598612213283,0.4282858207132242,2.445005781249355e-07,False,False,neither
0.8624999999999999,0.1625,-0.0145879,-0.017271,-0.014402025,-0.01689635,-0.0001858749999999,-0.0003746499999999,0.0004182249850558,0,0.1125325806893355,0.3753374465251236,1.7491213812492412e-07,False,False,neither
0.8875,0.1625,-0.00949511,-0.0131761,-0.0094264825,-0.01284695,-6.862749999998752e-05,-0.0003291499999999,0.0003362282799769,0,0.1117468896863151,0.3180745185200474,1.1304945625622466e-07,False,False,neither
0.9125,0.1625,-0.0054854,-0.00905573,-0.0055143725,-0.0088056325,2.897250000000965e-05,-0.0002500974999999,0.0002517700642699,0,0.1313982714075072,0.25758583820280184,6.338816526246958e-08,False,False,neither
0.9375,0.1625,-0.00258702,-0.00524898,-0.002690175,-0.0051092625,0.0001031549999999,-0.0001397175,0.0001736719143421,0,0.1599322115749464,0.19393722768125257,3.0161933831249717e-08,False,False,neither
0.9625,0.1625,-0.000788785,-0.00213687,-0.0009155302499999,-0.0021404474999999,0.0001267452499999,3.577499999993499e-06,0.000126795729044,0,0.1889952615805348,0.12529022200834347,1.6077156903799463e-08,False,False,neither
0.9875,0.1625,-8.14254e-05,-0.000160314,-9.458507499999894e-05,-0.0003270439999999,1.3159674999998943e-05,0.0001667299999999,0.0001672485274856,0,0.2136867714931652,0.05148106909721767,2.79720699461015e-08,False,False,neither
0.0124999999999999,0.1874999999999999,-0.000315633,0.0027375,-0.0002543575,0.00284325,-6.127550000000002e-05,-0.0001057499999999,0.0001222200859116,0,0.1709923805392613,0.23295891137597124,1.4937749400238884e-08,False,False,neither
0.0375,0.1874999999999999,-0.00198819,0.00849694,-0.0021520899999999,0.0086547774999999,0.0001638999999999,-0.0001578374999999,0.0002275431528441,0,0.1508470554880187,0.2710805740726547,5.177588640623346e-08,False,False,neither
0.0625,0.1874999999999999,-0.00545175,0.0140291,-0.005632,0.0142562249999999,0.00018025,-0.0002271249999999,0.0002899583213584,0,0.1424168889245732,0.31549765383761574,8.407582812498117e-08,False,False,neither
0.0875,0.1874999999999999,-0.0102185,0.0190235,-0.010408925,0.019334175,0.000190425,-0.000310675,0.0003643907741011,0,0.1510720965118255,0.355574575943444,1.3278063624999887e-07,False,False,neither
0.1124999999999999,0.1874999999999999,-0.0159876,0.0233143,-0.0162308,0.02370265,0.0002432,-0.00038835,0.000458216065301,0,0.1739791008876361,0.39195063886668174,2.099619624999303e-07,False,False,neither
0.1374999999999999,0.1874999999999999,-0.022556,0.0268222,-0.022873175,0.027271125,0.000317175,-0.0004489249999999,0.000549666841141,0,0.2059189874095044,0.42487196863996574,3.0213363624992536e-07,False,False,neither
0.1625,0.1874999999999999,-0.0297312,0.029527,-0.0301338999999999,0.030014,0.0004026999999999,-0.000487,0.0006319306053673,0,0.2430556913336674,0.4538179164554877,3.993362899998822e-07,False,False,neither
0.1874999999999999,0.1874999999999999,-0.0373333,0.0314447,-0.03782905,0.031944925,0.00049575,-0.000500225,0.0007042677850966,4,0.2170140974321085,0.4784673194900567,4.959931131248708e-07,False,False,neither
0.2125,0.1874999999999999,-0.0451971,0.0326086,-0.045788975,0.033097,0.000591875,-0.0004883999999999,0.0007673659984811,4,0.1714302984833581,0.49869287729423206,5.888505756248955e-07,False,False,neither
0.2375,0.1874999999999999,-0.053169,0.0330557,-0.053855275,0.033508325,0.000686275,-0.0004526249999999,0.0008220965674724,4,0.1362102580421432,0.5145297436611416,6.758427662499024e-07,False,False,neither
0.2624999999999999,0.1874999999999999,-0.0611034,0.0328189,-0.061877525,0.0332136,0.000774125,-0.0003947,0.0008689405075291,4,0.1202971697962399,0.5261624405675496,7.550576056249299e-07,False,False,neither
0.2875,0.1874999999999999,-0.0688601,0.0319239,-0.0697111,0.032240275,0.000851,-0.000316375,0.0009079064602837,4,0.129694692511429,0.5339420246318881,8.242941406248778e-07,False,False,neither
0.3125,0.1874999999999999,-0.0763024,0.0303886,-0.077215125,0.030608575,0.0009127249999999,-0.0002199749999999,0.0009388588425583,4,0.1582906609686514,0.5383796908836737,8.814559262499108e-07,False,False,neither
0.3375,0.1874999999999999,-0.0832962,0.0282263,-0.0842516,0.02833445,0.0009553999999999,-0.00010815,0.0009615017329677,4,0.1959998441400676,0.5401588350476182,9.244855824998903e-07,False,False,neither
0.3624999999999999,0.1874999999999999,-0.0897097,0.02545,-0.09068525,0.025434175,0.00097555,1.582500000000056e-05,0.0009756783451143,4,0.2365563271035116,0.5401279168123048,9.519482331249791e-07,False,False,neither
0.3874999999999999,0.1874999999999999,-0.0954138,0.0220776,-0.0963842749999999,0.021929775,0.0009704749999999,0.000147825,0.0009816689646973,4,0.2767980159310129,0.539282440363118,9.636739562498687e-07,False,False,neither
0.4125,0.1874999999999999,-0.100284,0.0181372,-0.10122205,0.0178544249999999,0.00093805,0.000282775,0.0009797446111742,5,0.2719788480351801,0.5387398013475523,9.598995031248845e-07,False,False,neither
0.4374999999999999,0.1874999999999999,-0.104203,0.0136726,-0.1050805,0.013257625,0.0008774999999999,0.0004149749999999,0.0009706752807324,5,0.2465898349536343,0.5395993242101031,9.422105006249237e-07,False,False,neither
0.4624999999999999,0.1874999999999999,-0.107063,0.0087468,-0.10785125,0.0082090699999999,0.0007882499999999,0.00053773,0.0009541968431094,5,0.2276385854739734,0.5428713151745633,9.10491615399945e-07,False,False,neither
0.4875,0.1874999999999999,-0.108771,0.00344529,-0.109443,0.00280145,0.0006719999999999,0.0006438399999999,0.0009306524300725,5,0.2164456060342627,0.5492356090218843,8.661139455998495e-07,False,False,neither
0.5125,0.1874999999999999,-0.109249,-0.00212242,-0.10978125,-0.00284856,0.0005322499999999,0.00072614,0.000900316256712,5,0.2142838869977449,0.5589540521534485,8.105693620999079e-07,False,False,neither
0.5375,0.1874999999999999,-0.108445,-0.00782289,-0.1088175,-0.00860086,0.0003725,0.0007779699999999,0.0008625506193261,5,0.2218555686844294,0.5718102853197379,7.439935708998386e-07,False,False,neither
0.5625,0.1874999999999999,-0.106331,-0.0135006,-0.10653225,-0.014294425,0.00020125,0.0007938249999999,0.0008189381497555,5,0.2389666826578958,0.5870321273490916,6.706596931249617e-07,False,False,neither
0.5874999999999999,0.1874999999999999,-0.102913,-0.0189818,-0.10293725,-0.0197518249999999,2.4250000000003435e-05,0.0007700249999999,0.0007704067517389,5,0.264598883081772,0.603338494618071,5.935265631248832e-07,False,False,neither
0.6124999999999999,0.1874999999999999,-0.0982313,-0.0240801,-0.098082475,-0.024785575,-0.0001488249999999,0.000705475,0.0007210019807531,5,0.2973190788587891,0.6192072345895193,5.198438562498936e-07,False,False,neither
0.6375,0.1874999999999999,-0.0923654,-0.0286042,-0.0920576749999999,-0.029206525,-0.000307725,0.000602325,0.0006763801307327,1,0.2662730469232879,0.6328913512539099,4.574900812499844e-07,False,False,neither
0.6625,0.1874999999999999,-0.0854367,-0.0323678,-0.0849941499999999,-0.032833675,-0.00044255,0.000465875,0.0006425651858955,1,0.2311860528666816,0.6426324228670696,4.128900181249184e-07,False,False,neither
0.6875,0.1874999999999999,-0.0776082,-0.0352003,-0.0770640749999999,-0.035505275,-0.000544125,0.000304975,0.0006237641912213,1,0.2026852846397964,0.6467625556446508,3.8908176624996253e-07,False,False,neither
0.7124999999999999,0.1874999999999999,-0.069083,-0.0369592,-0.06847755,-0.0370905999999999,-0.0006054499999999,0.0001313999999999,0.0006195447219531,1,0.1878722237524689,0.6438525510953576,3.83835662499944e-07,False,False,neither
0.7374999999999999,0.1874999999999999,-0.0600994,-0.0375425,-0.0594771,-0.0375011,-0.0006222999999999,-4.1399999999997e-05,0.0006236755967648,1,0.1936120170584231,0.6327831855446224,3.889712499999294e-07,False,False,neither
0.7625,0.1874999999999999,-0.0509232,-0.0369002,-0.050328625,-0.036700925,-0.0005945749999999,-0.0001992749999999,0.0006270805022084,1,0.2210468721349484,0.6128531089584192,3.9322995624993913e-07,False,False,neither
0.7875,0.1874999999999999,-0.0418366,-0.0350441,-0.0413103749999999,-0.0347149749999999,-0.000526225,-0.000329125,0.000620673840475,1,0.2652040359035901,0.5838005854125191,3.8523601624998576e-07,False,False,neither
0.8125,0.1874999999999999,-0.0331245,-0.032055,-0.0326989499999999,-0.0316344999999999,-0.00042555,-0.0004205,0.000598258349294,0,0.2527525068771882,0.5458555807354176,3.5791305249998175e-07,False,False,neither
0.8375,0.1874999999999999,-0.0250582,-0.0280858,-0.0247543749999999,-0.0276193499999999,-0.000303825,-0.00046645,0.000556673363046,0,0.1973993847433919,0.49965195835101056,3.098852331249437e-07,False,False,neither
0.8624999999999999,0.1874999999999999,-0.0178798,-0.0233612,-0.017704775,-0.022897,-0.0001750249999999,-0.0004641999999999,0.0004961001820448,0,0.1493808060203205,0.4461271289755869,2.4611539062488367e-07,False,False,neither
0.8875,0.1874999999999999,-0.0117862,-0.0181741,-0.0117323,-0.017759075,-5.389999999998521e-05,-0.0004150249999999,0.0004185104068299,0,0.1191274075691568,0.38632714543536806,1.751509606249284e-07,False,False,neither
0.9125,0.1874999999999999,-0.00691306,-0.0128781,-0.0069615125,-0.012555475,4.8452500000011056e-05,-0.0003226249999999,0.0003262430618131,0,0.1180937441377903,0.3211287363292796,1.0643453538118618e-07,False,False,neither
0.9375,0.1874999999999999,-0.00332282,-0.00787875,-0.003452155,-0.0076877974999999,0.0001293349999999,-0.0001909525,0.0002306304391906,0,0.1415533872254118,0.25048049064699635,5.319039948124904e-08,False,False,neither
0.9625,0.1874999999999999,-0.0010428,-0.00362208,-0.0011970224999999,-0.0036017674999999,0.0001542224999999,-2.0312500000009903e-05,0.000155554418653,0,0.1738482527288944,0.17279292450690795,2.41971771624728e-08,False,False,neither
0.9875,0.1874999999999999,-0.000117118,-0.000606496,-0.0001264011499999,-0.0007791384999999,9.28314999999856e-06,0.0001726424999999,0.0001728919017194,0,0.203823984865438,0.09005218288484128,2.9891609680150667e-08,False,False,neither
0.0124999999999999,0.2125,-0.000366294,0.0038349,-0.00029236775,0.00391526,-7.392624999999996e-05,-8.036000000000024e-05,0.0001091916665275,0,0.1563208556092068,0.313000167222517,1.1922820039052764e-08,False,False,neither
0.0375,0.2125,-0.00228431,0.0114098,-0.002464095,0.011586925,0.000179785,-0.000177125,0.0002523804902325,0,0.1422700396892799,0.33825619314507754,6.369591184999703e-08,False,False,neither
0.0625,0.2125,-0.00622707,0.0184285,-0.006422675,0.01870955,0.000195605,-0.00028105,0.0003424184844966,0,0.1521127342081974,0.3746727230746322,1.1725041852494829e-07,False,False,neither
0.0875,0.2125,-0.0116155,0.0246229,-0.011821875,0.02501285,0.000206375,-0.00038995,0.0004411934305098,0,0.1821018298040154,0.4093788715615402,1.9465164312500572e-07,False,False,neither
0.1124999999999999,0.2125,-0.0180932,0.0298616,-0.018360925,0.030347825,0.0002677249999999,-0.000486225,0.0005550598402424,0,0.222420155888049,0.4416203978078912,3.080914262499186e-07,False,False,neither
0.1374999999999999,0.2125,-0.0254248,0.0340948,-0.0257787,0.03465445,0.0003539,-0.00055965,0.000662158087242,4,0.2664630654014308,0.4710012214761232,4.384533324999841e-07,False,False,neither
0.1625,0.2125,-0.0333934,0.0373263,-0.033846725,0.03793195,0.000453325,-0.00060565,0.000756515352207,4,0.210500567813216,0.4966442739345738,5.723154781248813e-07,False,False,neither
0.1874999999999999,0.2125,-0.0418015,0.0395913,-0.042362875,0.040213725,0.000561375,-0.000622425,0.0008381854038636,4,0.1592851038795011,0.5180771323847445,7.025547712499862e-07,False,False,neither
0.2125,0.2125,-0.0504719,0.0409377,-0.05114515,0.041547925,0.00067325,-0.000610225,0.0009086474085832,4,0.1183589753366611,0.5351225216789142,8.256401131249648e-07,False,False,neither
0.2375,0.2125,-0.0592427,0.0414136,-0.060026575,0.0419836,0.000783875,-0.00057,0.0009692058685465,4,0.1000730338405644,0.5478002679736476,9.393600156249755e-07,False,False,neither
0.2624999999999999,0.2125,-0.067962,0.0410595,-0.068850625,0.041563175,0.000888625,-0.000503675,0.0010214415775021,4,0.1143645432954855,0.5563111547398631,1.0433428962499787e-06,False,False,neither
0.2875,0.2125,-0.0764845,0.0399059,-0.077467675,0.0403191,0.000983175,-0.0004132,0.0010664742475207,4,0.1507595861435647,0.5610556640904715,1.1373673206248434e-06,False,False,neither
0.3125,0.2125,-0.0846692,0.0379737,-0.0857323,0.038274775,0.0010630999999999,-0.000301075,0.0011049107500721,4,0.1956918541698724,0.562633086001881,1.2208277656248908e-06,False,False,neither
0.3375,0.2125,-0.0923774,0.0352787,-0.0935019,0.03544875,0.0011245,-0.0001700499999999,0.001137285035732,4,0.2427481662762457,0.5618396118680136,1.2934172524999367e-06,False,False,neither
0.3624999999999999,0.2125,-0.0994723,0.0318362,-0.100635825,0.03185985,0.0011635249999999,-2.3650000000007e-05,0.0011637653320687,4,0.2891725835511909,0.5596404960972714,1.3543497481249716e-06,False,False,neither
0.3874999999999999,0.2125,-0.105819,0.0276674,-0.10699675,0.0275338,0.00117775,0.0001335999999999,0.0011853033461945,5,0.2723894661201545,0.557204421924306,1.4049440224998785e-06,False,False,neither
0.4125,0.2125,-0.111287,0.0228058,-0.1124495,0.022509725,0.0011625,0.0002960749999999,0.0011996110434741,5,0.2407807203817072,0.5557624186538705,1.4390666556250188e-06,False,False,neither
0.4374999999999999,0.2125,-0.11575,0.017303,-0.116868,0.01684575,0.001118,0.0004572499999999,0.0012078913703226,5,0.2140687308121019,0.5565285375108808,1.4590015624998086e-06,False,False,neither
0.4624999999999999,0.2125,-0.119092,0.0112333,-0.12013375,0.0106238625,0.00104175,0.0006094374999999,0.0012069205147424,5,0.1936781078163823,0.5605339622404695,1.4566571289060596e-06,False,False,neither
0.4875,0.2125,-0.121207,0.00469727,-0.12214225,0.0039530325,0.00093525,0.0007442374999999,0.0011952330395811,5,0.1815380847328712,0.5684816535715467,1.4285820189062757e-06,False,False,neither
0.5125,0.2125,-0.122005,-0.00217593,-0.122806,-0.00302904,0.000801,0.00085311,0.0011702126610578,5,0.1795708022219489,0.5806186799586799,1.3693976720999774e-06,False,False,neither
0.5375,0.2125,-0.12142,-0.00922862,-0.122061,-0.0101563725,0.000641,0.0009277525,0.0011276549566495,5,0.188700983274085,0.5965652052068072,1.2716057012561856e-06,False,False,neither
0.5625,0.2125,-0.11941,-0.0162761,-0.11987025,-0.01723705,0.00046025,0.00096095,0.0010654834419173,5,0.2081860521077421,0.6154834609053277,1.1352549649999362e-06,False,False,neither
0.5874999999999999,0.2125,-0.115962,-0.0231105,-0.1162315,-0.0240579249999999,0.0002695,0.0009474249999999,0.0009850098378315,5,0.2361320503050408,0.6360039355004025,9.702443806248379e-07,False,False,neither
0.6124999999999999,0.2125,-0.111104,-0.0295069,-0.11117925,-0.030391625,7.52500000000128e-05,0.000884725,0.0008879194153328,5,0.2703868925527198,0.6565163811330226,7.884008881249414e-07,False,False,neither
0.6375,0.2125,-0.104903,-0.0352323,-0.1047927499999999,-0.03600605,-0.00011025,0.00077375,0.0007815651764248,5,0.3091376530077034,0.6752105292484708,6.108441249999288e-07,False,False,neither
0.6625,0.2125,-0.0974729,-0.040056,-0.0971963999999999,-0.040675825,-0.0002765,0.000619825,0.0006787011718164,1,0.282278196015424,0.6902620216555451,4.6063528062495447e-07,False,False,neither
0.6875,0.2125,-0.0889741,-0.0437635,-0.0885630249999999,-0.044195825,-0.000411075,0.000432325,0.0005965631242794,1,0.2408959452657877,0.6998876429142038,3.558875612499988e-07,False,False,neither
0.7124999999999999,0.2125,-0.0796157,-0.0461708,-0.079110825,-0.046395525,-0.0005048749999999,0.000224725,0.0005526301577456,1,0.2040079488949661,0.7025325397047456,3.054000912499268e-07,False,False,neither
0.7374999999999999,0.2125,-0.0696505,-0.0471403,-0.06909935,-0.047153675,-0.0005511499999999,1.3375000000002968e-05,0.0005513122646241,1,0.1792968036118808,0.6968747918701035,3.0394521312495363e-07,False,False,neither
0.7625,0.2125,-0.0593687,-0.046596,-0.05882105,-0.046411875,-0.0005476499999999,-0.0001841249999999,0.000577773777637,1,0.1772587359519418,0.6819511277796966,3.3382253812492953e-07,False,False,neither
0.7875,0.2125,-0.049086,-0.0445363,-0.0485890999999999,-0.0441856,-0.0004969,-0.0003507,0.000608194130192,1,0.2030117287124951,0.6571998568319991,3.699001000000035e-07,False,False,neither
0.8125,0.2125,-0.0391292,-0.0410445,-0.0387223999999999,-0.0405720749999999,-0.0004068,-0.000472425,0.0006234353379661,1,0.2510523709102886,0.6224813994008175,3.886716206249053e-07,False,False,neither
0.8375,0.2125,-0.0298177,-0.036293,-0.0295284249999999,-0.0357536999999999,-0.000289275,-0.0005393,0.0006119840811859,0,0.2749096203506003,0.5780621937784897,3.7452451562495024e-07,False,False,neither
0.8624999999999999,0.2125,-0.0214451,-0.0305437,-0.02128515,-0.0299968,-0.0001599499999999,-0.0005468999999999,0.0005698101547883,0,0.2088753076955774,0.5245005160493171,3.2468361249986643e-07,False,False,neither
0.8875,0.2125,-0.0142597,-0.0241422,-0.01422435,-0.023646025,-3.534999999997915e-05,-0.0004961749999999,0.0004974326619,0,0.1525796638017641,0.4625389915282818,2.474392531249197e-07,False,False,neither
0.9125,0.2125,-0.00844521,-0.0175071,-0.00851724,-0.01711525,7.203000000001632e-05,-0.0003918499999999,0.0003984152901182,0,0.1204993931109635,0.39291401017530553,1.587347433999695e-07,False,False,neither
0.9375,0.2125,-0.00410464,-0.0111154,-0.0042648375,-0.0108757775,0.0001601975,-0.0002396224999999,0.0002882397986269,0,0.1260585176486184,0.3156118081039428,8.308218151247585e-08,False,False,neither
0.9625,0.2125,-0.00130773,-0.00548531,-0.0014939924999999,-0.0054428874999999,0.0001862624999999,-4.242250000001217e-05,0.0001910324250291,0,0.1569946311272512,0.22951731543881393,3.649338741249871e-08,False,False,neither
0.9875,0.2125,-0.000152579,-0.00118118,-0.0001594682999999,-0.0013605687499999,6.8892999999982266e-06,0.0001793887499999,0.0001795209906419,0,0.1917622368406255,0.13889719011309912,3.222778608104914e-08,False,False,neither
0.0124999999999999,0.2375,-0.000412755,0.00507988,-0.000327383,0.005129125,-8.537200000000001e-05,-4.924499999999984e-05,9.855682832254692e-05,0,0.1440933659171189,0.40333933101670166,9.713448408999986e-09,False,False,neither
0.0375,0.2375,-0.00255719,0.0146935,-0.0027519099999999,0.0148913749999999,0.0001947199999999,-0.0001978749999999,0.0002776155507621,0,0.1419127601696942,0.41221646259221617,7.707039402494412e-08,False,False,neither
0.0625,0.2375,-0.00694377,0.02336,-0.007153435,0.02370205,0.000209665,-0.00034205,0.0004011952326798,0,0.175801682494815,0.4371442748715806,1.6095761472499885e-07,False,False,neither
0.0875,0.2375,-0.0129101,0.0308646,-0.013130575,0.03134505,0.000220475,-0.00048045,0.0005286221979117,0,0.2265374149490943,0.46401399950109273,2.7944142812499656e-07,False,False,neither
0.1124999999999999,0.2375,-0.0200489,0.0371224,-0.020338,0.037719925,0.0002890999999999,-0.000597525,0.0006637883213984,4,0.2773655171496318,0.49064543304508607,4.406149356249055e-07,False,False,neither
0.1374999999999999,0.2375,-0.0280946,0.0421229,-0.0284808,0.042808075,0.0003861999999999,-0.000685175,0.0007865209600671,4,0.2187235022690362,0.5157232175382449,6.186152206248728e-07,False,False,neither
0.1625,0.2375,-0.0368075,0.0459025,-0.0373061499999999,0.046642425,0.0004986499999999,-0.000739925,0.0008922672403069,4,0.1670705931661771,0.5377856253861756,7.961408281248913e-07,False,False,neither
0.1874999999999999,0.2375,-0.0459738,0.048522,-0.0465951,0.04928295,0.0006212999999999,-0.0007609499999999,0.000982373957564,4,0.1281105911828012,0.5560527773620054,9.650585924999557e-07,False,False,neither
0.2125,0.2375,-0.0554056,0.0500488,-0.056154625,0.050797625,0.000749025,-0.000748825,0.0010591399016418,4,0.1130967331477812,0.5702091209021476,1.121777331249802e-06,False,False,neither
0.2375,0.2375,-0.0649343,0.0505449,-0.0658108,0.051249825,0.0008765,-0.000704925,0.0011247984288862,4,0.1288029173431511,0.5802072841493806,1.2651715056248639e-06,False,False,neither
0.2624999999999999,0.2375,-0.0744034,0.0500602,-0.075402775,0.0506914,0.000999375,-0.0006311999999999,0.001182016848706,4,0.1653203178104352,0.5862517739435849,1.3971638306248628e-06,False,False,neither
0.2875,0.2375,-0.0836649,0.0486309,-0.08477815,0.04916065,0.0011132499999999,-0.00052975,0.0012328668318192,4,0.2107863557276477,0.588773159693952,1.5199606249999118e-06,False,False,neither
0.3125,0.2375,-0.0925753,0.0462816,-0.093789175,0.0466846249999999,0.001213875,-0.0004030249999999,0.0012790315345017,4,0.2591668327072143,0.5884312025411297,1.6359216662497734e-06,False,False,neither
0.3375,0.2375,-0.100994,0.0430299,-0.1022907499999999,0.0432836,0.0012967499999999,-0.0002536999999999,0.0013213342697818,4,0.3077087629508949,0.5860690235560997,1.7459242524998026e-06,False,False,neither
0.3624999999999999,0.2375,-0.10878,0.0388928,-0.11013925,0.03897835,0.00135925,-8.555000000000368e-05,0.0013619395599658,5,0.3063432292359476,0.5827655339534074,1.854879364999837e-06,False,False,neither
0.3874999999999999,0.2375,-0.115796,0.0338938,-0.117192,0.0337970499999999,0.001396,9.675000000000657e-05,0.0013993486207875,5,0.2731108612110122,0.579742565589245,1.9581765624998787e-06,False,False,neither
0.4125,0.2375,-0.121905,0.0280703,-0.123309,0.02778295,0.001404,0.0002873499999999,0.0014331036328542,5,0.243493132229202,0.578259696956307,2.0537860224999058e-06,False,False,neither
0.4374999999999999,0.2375,-0.126974,0.0214797,-0.12835525,0.02100085,0.00138125,0.0004788499999999,0.0014618990679934,5,0.2185510909623206,0.5795352514178926,2.1371488849999717e-06,False,False,neither
0.4624999999999999,0.2375,-0.130875,0.0142058,-0.13220075,0.0135426749999999,0.00132575,0.000663125,0.0014823453808492,5,0.1999379749261955,0.5846154493100572,2.1973478281249598e-06,False,False,neither
0.4875,0.2375,-0.133492,0.00636198,-0.1347275,0.0055315574999999,0.0012355,0.0008304225,0.0014886442753412,5,0.1898196739802468,0.5941580403044632,2.2160617785061266e-06,False,False,neither
0.5125,0.2375,-0.13472,-0.0019051,-0.1358315,-0.0028760825,0.0011114999999999,0.0009709825,0.0014758859255735,5,0.1901565480782566,0.6083311627235942,2.1782392653059464e-06,False,False,neither
0.5375,0.2375,-0.134473,-0.0104152,-0.135429,-0.01149,0.0009559999999999,0.0010748,0.0014384474408194,5,0.2015643405144057,0.6267817164099156,2.069131039999881e-06,False,False,neither
0.5625,0.2375,-0.13269,-0.0189555,-0.133463,-0.020088175,0.0007729999999999,0.0011326749999999,0.0013713065505659,5,0.2228495858961983,0.6485965118685113,1.8804816556249474e-06,False,False,neither
0.5874999999999999,0.2375,-0.129338,-0.0272841,-0.12990825,-0.0284213499999999,0.0005702499999999,0.0011372499999999,0.0012722117060458,5,0.2516628512346915,0.6725328220183756,1.6185226249999651e-06,False,False,neither
0.6124999999999999,0.2375,-0.124424,-0.0351362,-0.1247795,-0.03622015,0.0003555,0.00108395,0.0011407575783224,5,0.2855363172458536,0.6969631901843885,1.3013278524999866e-06,False,False,neither
0.6375,0.2375,-0.117996,-0.0422334,-0.1181377499999999,-0.04320555,0.0001417499999999,0.00097215,0.000982429989872,5,0.3223980864652954,0.7201462568367624,9.651686849998983e-07,False,False,neither
0.6625,0.2375,-0.110154,-0.0482957,-0.1100942499999999,-0.049101825,-5.975000000002506e-05,0.000806125,0.0008083363026148,5,0.360756749347106,0.7402420706741818,6.534075781249654e-07,False,False,neither
0.6875,0.2375,-0.101049,-0.0530571,-0.1008162499999999,-0.0536525,-0.00023275,0.0005954,0.0006392759361183,1,0.3241068469396045,0.7554491131135175,4.0867372249992877e-07,False,False,neither
0.7124999999999999,0.2375,-0.0908926,-0.0562832,-0.0905257,-0.056637925,-0.0003668999999999,0.000354725,0.0005103385500086,1,0.2788214891998444,0.7640530543437412,2.6044543562488034e-07,False,False,neither
0.7374999999999999,0.2375,-0.0799483,-0.0577906,-0.07949725,-0.0578935999999999,-0.0004510499999999,0.0001029999999999,0.0004626608936359,1,0.2346974084216978,0.7645105638145232,2.140551024999696e-07,False,False,neither
0.7625,0.2375,-0.06853,-0.0574663,-0.06805005,-0.0573282,-0.0004799499999999,-0.0001380999999999,0.0004994232798938,1,0.1985117392595992,0.755532894868251,2.494236124998809e-07,False,False,neither
0.7875,0.2375,-0.0569897,-0.0552853,-0.0565354999999999,-0.0549382999999999,-0.0004542,-0.000347,0.0005715825749618,1,0.1829559194736897,0.736146104093474,3.2670663999996176e-07,False,False,neither
0.8125,0.2375,-0.0457011,-0.0513246,-0.0453208999999999,-0.0508196999999999,-0.0003802,-0.0005049,0.000632041177456,1,0.2003814385154033,0.7057392651794288,3.9947604999996696e-07,False,False,neither
0.8375,0.2375,-0.03504,-0.0457708,-0.0347693499999999,-0.0451724499999999,-0.00027065,-0.00059835,0.0006567146602597,1,0.2488374788778543,0.6640863729064165,4.3127414500001315e-07,False,False,neither
0.8624999999999999,0.2375,-0.0253609,-0.0389205,-0.025218525,-0.038300175,-0.0001423749999999,-0.0006203249999999,0.0006364540409565,0,0.28551389838118,0.6113029704164704,4.0507374624985815e-07,False,False,neither
0.8875,0.2375,-0.0169745,-0.0311736,-0.016959975,-0.0306024,-1.4524999999977056e-05,-0.0005711999999999,0.000571384647698,0,0.2080823718892248,0.5478035221354459,3.264804156249676e-07,False,False,neither
0.9125,0.2375,-0.0101223,-0.0230187,-0.0102209525,-0.022561825,9.865250000001476e-05,-0.0004568749999999,0.000467404622764,0,0.1457969637071888,0.47422591368760103,2.1846708138115717e-07,False,False,neither
0.9375,0.2375,-0.00495611,-0.0150126,-0.0051513025,-0.0147271249999999,0.0001951925,-0.000285475,0.0003458266728886,0,0.1199225123774626,0.3907067799459846,1.1959608768119875e-07,False,False,neither
0.9625,0.2375,-0.00159346,-0.0077555,-0.0018161124999999,-0.0076932449999999,0.0002226524999999,-6.225500000001799e-05,0.0002311921728373,0,0.1398371198047797,0.29673979213568574,5.3449820781231994e-08,False,False,neither
0.9875,0.2375,-0.000189837,-0.00189143,-0.0001950712499999,-0.0020793999999999,5.234249999997847e-06,0.0001879699999999,0.0001880428628612,0,0.1778591642131852,0.19870680794232393,3.536011827303607e-08,False,False,neither
0.0124999999999999,0.2624999999999999,-0.000454818,0.00645993,-0.00035914225,0.0064727625,-9.567575000000002e-05,-1.2832499999999684e-05,9.653249294570454e-05,0,0.1373365930527972,0.5031367722212305,9.318522194312497e-09,False,False,neither
0.0375,0.2624999999999999,-0.00280482,0.0183177,-0.0030131025,0.018537025,0.0002082824999999,-0.0002193249999999,0.0003024649656261,0,0.1525554135681365,0.49255249513667065,9.148505543119785e-08,False,False,neither
0.0625,0.2624999999999999,-0.00759542,0.0287812,-0.0078174575,0.029190175,0.0002220375,-0.000408975,0.0004653613671452,0,0.2116294887086905,0.5027391614012579,2.1656120203124963e-07,False,False,neither
0.0875,0.2624999999999999,-0.0140896,0.0376997,-0.014321725,0.038280025,0.000232125,-0.0005803249999999,0.0006250272964039,0,0.2809169682325571,0.5192591302577164,3.906591212499687e-07,False,False,neither
0.1124999999999999,0.2624999999999999,-0.0218344,0.0450444,-0.0221411,0.04576505,0.0003067,-0.00072065,0.0007831994078777,4,0.2380999949759448,0.53866619736902,6.134013124999799e-07,False,False,neither
0.1374999999999999,0.2624999999999999,-0.030537,0.0508534,-0.0309503499999999,0.051677475,0.0004133499999999,-0.000824075,0.0009219315745352,4,0.1895120202875516,0.5585844738980849,8.49957828124953e-07,False,False,neither
0.1625,0.2624999999999999,-0.0399372,0.0552036,-0.040474775,0.0560922,0.000537575,-0.0008886,0.001038555169755,4,0.1583105682660363,0.5767475331234628,1.0785968406248368e-06,False,False,neither
0.1874999999999999,0.2624999999999999,-0.0498067,0.0581876,-0.050480575,0.0591022,0.0006738749999999,-0.0009146,0.0011360460710838,4,0.1509188397836464,0.5918975944097088,1.2906006756249384e-06,False,False,neither
0.2125,0.2624999999999999,-0.0599487,0.0598967,-0.060765475,0.0608002,0.000816775,-0.0009035,0.0012179629102008,4,0.1676978617240603,0.6034578895167417,1.4834336506248021e-06,False,False,neither
0.2375,0.2624999999999999,-0.070189,0.06041,-0.071150325,0.0612672499999999,0.0009613249999999,-0.0008572499999999,0.0012880307908295,4,0.2010267562973222,0.6112659758403047,1.6590233181248675e-06,False,False,neither
0.2624999999999999,0.2624999999999999,-0.0803689,0.0597891,-0.081471725,0.06056665,0.001102825,-0.00077755,0.0013493728110218,4,0.2429860340202988,0.6154821415995757,1.8208069831248745e-06,False,False,neither
0.2875,0.2624999999999999,-0.0903391,0.058077,-0.091576275,0.05874375,0.0012371749999999,-0.00066675,0.0014054029824662,4,0.2887692845098278,0.6165479680089784,1.97515754312489e-06,False,False,neither
0.3125,0.2624999999999999,-0.0999561,0.055302,-0.101315875,0.055829125,0.0013597749999999,-0.000527125,0.0014583719745833,4,0.3357872571317281,0.6151367539628891,2.126848816249994e-06,False,False,neither
0.3375,0.2624999999999999,-0.109078,0.0514835,-0.11054625,0.0518447499999999,0.00146825,-0.0003612499999999,0.0015120382352969,5,0.3661268279448163,0.6121442468274941,2.2862596249997637e-06,False,False,neither
0.3624999999999999,0.2624999999999999,-0.117565,0.0466391,-0.11912125,0.0468119,0.00155625,-0.0001727999999999,0.0015658141340848,5,0.3344009499686469,0.6086764438813121,2.4517739024997316e-06,False,False,neither
0.3874999999999999,0.2624999999999999,-0.125276,0.0407932,-0.1268965,0.0407596249999999,0.0016205,3.3575000000007904e-05,0.001620847781448,5,0.305206756606097,0.6058973743630187,2.6271475306249033e-06,False,False,neither
0.4125,0.2624999999999999,-0.13207,0.0339848,-0.13372625,0.033732975,0.0016562499999999,0.0002518249999999,0.0016752850184744,5,0.2792985031647804,0.6050633946323312,2.806579893124771e-06,False,False,neither
0.4374999999999999,0.2624999999999999,-0.137806,0.0262752,-0.1394679999999999,0.0258007,0.0016619999999999,0.0004744999999999,0.0017284080102799,5,0.2579201653172832,0.6073520573275438,2.987394249999723e-06,False,False,neither
0.4624999999999999,0.2624999999999999,-0.142349,0.0177541,-0.14398075,0.01706145,0.0016317499999999,0.0006926499999999,0.0017726737108108,5,0.2428893271637503,0.6137088603931021,3.1423720849997315e-06,False,False,neither
0.4875,0.2624999999999999,-0.145567,0.00854496,-0.14713175,0.0076490025,0.00156475,0.0008959575,0.0018031035478602,5,0.2363212769200344,0.6247115975335819,3.2511824043060406e-06,False,False,neither
0.5125,0.2624999999999999,-0.147338,-0.00119139,-0.14879775,-0.00226462975,0.00145975,0.00107323975,0.0018118260466943,5,0.2398749934470478,0.6405089921994538,3.2827136234798957e-06,False,False,neither
0.5375,0.2624999999999999,-0.147558,-0.011255,-0.1488725,-0.01246785,0.0013144999999999,0.00121285,0.0017885511937039,5,0.253868758662361,0.660787658350245,3.198915372499645e-06,False,False,neither
0.5625,0.2624999999999999,-0.146139,-0.021407,-0.1472737499999999,-0.0227104999999999,0.0011347499999999,0.0013034999999999,0.0017282273613445,5,0.2769622263560832,0.684747205143621,2.9867698124997733e-06,False,False,neither
0.5874999999999999,0.2624999999999999,-0.143024,-0.0313723,-0.14394825,-0.0327076499999999,0.0009242499999999,0.0013353499999999,0.0016240066764025,5,0.3067412688433578,0.7112631723799567,2.6373976849998945e-06,False,False,neither
0.6124999999999999,0.2624999999999999,-0.138191,-0.0408456,-0.13888325,-0.042146675,0.00069225,0.0013010749999999,0.0014737727837509,5,0.3405027020021707,0.7388993670399239,2.1720062181248772e-06,False,False,neither
0.6375,0.2624999999999999,-0.131664,-0.0495001,-0.1321137499999999,-0.0506978,0.0004497499999999,0.0011977,0.0012793593523713,5,0.3757865597643297,0.7660616478926483,1.6367603524999122e-06,False,False,neither
0.6625,0.2624999999999999,-0.123519,-0.0570013,-0.1237302499999999,-0.0580287,0.0002112499999999,0.0010274,0.0010488933799486,5,0.4106434691615905,0.7909890488167329,1.1001773224999984e-06,False,False,neither
0.6875,0.2624999999999999,-0.113894,-0.0630237,-0.1138877499999999,-0.0638225,-6.250000000013189e-06,0.0007988,0.0007988244503644,1,0.4341702615520662,0.8119160388242124,6.381205024999858e-07,False,False,neither
0.7124999999999999,0.2624999999999999,-0.102994,-0.0672718,-0.10280565,-0.0677991749999999,-0.0001883499999999,0.0005273749999999,0.0005600001010044,1,0.3888531507911196,0.8270101456572344,3.136001131249382e-07,False,False,neither
0.7374999999999999,0.2624999999999999,-0.0910883,-0.0695038,-0.0907694,-0.06973835,-0.0003188999999999,0.00023455,0.0003958672915257,1,0.3386652290352709,0.8345067458517037,1.5671091249989354e-07,False,False,neither
0.7625,0.2624999999999999,-0.0785138,-0.0695561,-0.0781241,-0.06950215,-0.0003896999999999,-5.3949999999997056e-05,0.0003934166906728,1,0.2857132498868494,0.832682915426995,1.547766924999376e-07,False,False,neither
0.7875,0.2624999999999999,-0.0656588,-0.067367,-0.0652616249999999,-0.0670558499999999,-0.000397175,-0.00031115,0.0005045416763014,1,0.2361739409072328,0.820082328937772,2.5456230312502674e-07,False,False,neither
0.8125,0.2624999999999999,-0.0529493,-0.0629958,-0.0526030749999999,-0.0624830999999999,-0.000346225,-0.0005127,0.0006186542173339,1,0.2041238339430661,0.7954779474504621,3.827330406250203e-07,False,False,neither
0.8375,0.2624999999999999,-0.040825,-0.0566346,-0.0405760999999999,-0.0559947999999999,-0.0002489,-0.0006398,0.0006865094682522,1,0.2095442223362743,0.7580142934509877,4.712952499999184e-07,False,False,neither
0.8624999999999999,0.2624999999999999,-0.0297127,-0.0486112,-0.02958895,-0.047928925,-0.0001237499999999,-0.0006822749999999,0.0006934069787108,1,0.2573312965599626,0.7072479804594708,4.808132381248399e-07,False,False,neither
0.8875,0.2624999999999999,-0.0199977,-0.0393808,-0.020004925,-0.038741625,7.225000000023879e-06,-0.0006391749999999,0.000639215833072,0,0.2810828462378834,0.6432126037384529,4.0859688124993095e-07,False,False,neither
0.9125,0.2624999999999999,-0.0119916,-0.0295083,-0.012118725,-0.028990725,0.000127125,-0.0005175749999999,0.0005329583907304,0,0.1930447399676142,0.5664541406018672,2.8404464624993773e-07,False,False,neither
0.9375,0.2624999999999999,-0.00590477,-0.0196408,-0.0061385549999999,-0.019312375,0.0002337849999999,-0.000328425,0.0004031357176559,0,0.131327788559679,0.4773016760505248,1.6251840684993752e-07,False,False,neither
0.9625,0.2624999999999999,-0.00191129,-0.0104743,-0.0021745724999999,-0.0103947099999999,0.0002632824999999,-7.959000000002346e-05,0.0002750495280967,0,0.1254807768112258,0.3759067158620074,7.565224290621738e-08,False,False,neither
0.9875,0.2624999999999999,-0.000231091,-0.00274995,-0.0002346487499999,-0.0029488824999999,3.5577499999973894e-06,0.0001989324999999,0.0001989643112251,0,0.1627605389417564,0.2705760359598765,3.9586797141278446e-08,False,False,neither
0.0124999999999999,0.2875,-0.000492091,0.00796138,-0.0003873055,0.0079328975,-0.0001047854999999,2.848249999999955e-05,0.0001085875398768,0,0.1391441059493832,0.6114459862453164,1.179125381649563e-08,False,False,neither
0.0375,0.2875,-0.00302466,0.0222483,-0.0032448449999999,0.022489375,0.0002201849999999,-0.000241075,0.0003264943948217,0,0.1744844487819146,0.5787170302741748,1.0659858984998812e-07,False,False,neither
0.0625,0.2875,-0.00817496,0.0346446,-0.00840733,0.0351248,0.00023237,-0.0004802,0.0005334677655678,0,0.2567767899154851,0.5712062327317167,2.845878568999013e-07,False,False,neither
0.0875,0.2875,-0.0151407,0.0450723,-0.015381725,0.0457599749999999,0.000241025,-0.0006876749999999,0.0007286905764794,4,0.2644170872679136,0.5748909955191505,5.309899562498802e-07,False,False,neither
0.1124999999999999,0.2875,-0.023429,0.0535675,-0.023748975,0.05442105,0.000319975,-0.00085355,0.000911554498165,4,0.217299174896143,0.5853761784767125,8.30931603124845e-07,False,False,neither
0.1374999999999999,0.2875,-0.0327232,0.0602253,-0.033157575,0.061199525,0.000434375,-0.000974225,0.0010666752041976,4,0.1942159729512916,0.5991743746623348,1.1377959912499917e-06,False,False,neither
0.1625,0.2875,-0.0427453,0.0651697,-0.04331405,0.06621955,0.0005687499999999,-0.00104985,0.0011940107139385,4,0.1957217484327174,0.6130484617026619,1.4256615849999266e-06,False,False,neither
0.1874999999999999,0.2875,-0.0532547,0.068531,-0.0539718499999999,0.069613075,0.0007171499999999,-0.001082075,0.0012981488466755,4,0.2166524142129862,0.6250834793337607,1.6851904281249306e-06,False,False,neither
0.2125,0.2875,-0.064047,0.070429,-0.064921425,0.0715023,0.000874425,-0.0010732999999999,0.0013844103331834,4,0.2495987252928586,0.6343247713435131,1.916591970624972e-06,False,False,neither
0.2375,0.2875,-0.0749449,0.0709632,-0.075979925,0.07198915,0.001035025,-0.0010259499999999,0.0014573435261203,4,0.2889955663334771,0.6404092974153327,2.1238501531247493e-06,False,False,neither
0.2624999999999999,0.2875,-0.0857884,0.0702086,-0.086983375,0.071150825,0.001194975,-0.000942225,0.0015217599026291,4,0.3315657413356924,0.6434007027133246,2.315753201249728e-06,False,False,neither
0.2875,0.2875,-0.0964294,0.0682167,-0.097779475,0.06904085,0.001350075,-0.00082415,0.0015817476815614,4,0.375452595733885,0.6437196369756014,2.5019257281248644e-06,False,False,neither
0.3125,0.2875,-0.106726,0.0650198,-0.1082225,0.0656937,0.0014964999999999,-0.0006738999999999,0.0016412353457076,4,0.4195593264428214,0.6420310428071216,2.693653459999945e-06,False,False,neither
0.3375,0.2875,-0.116538,0.0606386,-0.11816825,0.061132375,0.0016302499999999,-0.000493775,0.0017033874524385,5,0.4140049560080604,0.6392434739095895,2.9015288131249233e-06,False,False,neither
0.3624999999999999,0.2875,-0.125727,0.0550903,-0.12747325,0.0553776,0.00174625,-0.0002872999999999,0.0017697260670793,5,0.3865396778677855,0.63638456415284,3.1319303524999667e-06,False,False,neither
0.3874999999999999,0.2875,-0.13415,0.0483984,-0.13599175,0.048457175,0.00184175,-5.877500000000396e-05,0.0018426875923837,5,0.3608400464111875,0.6346034137349089,3.395497563124837e-06,False,False,neither
0.4125,0.2875,-0.141665,0.0406012,-0.1435755,0.040415275,0.0019104999999999,0.0001859249999999,0.0019195255548246,5,0.3378640270615438,0.6350580250969199,3.6845783556246883e-06,False,False,neither
0.4374999999999999,0.2875,-0.148126,0.0317603,-0.150074,0.031320975,0.001948,0.0004393249999999,0.0019969252503849,5,0.3191404656447746,0.6387518452889197,3.9877104556247955e-06,False,False,neither
0.4624999999999999,0.2875,-0.153386,0.0219683,-0.155337,0.021275875,0.001951,0.000692425,0.002070230272367,5,0.306739776958486,0.646506708964416,4.285853380624744e-06,False,False,neither
0.4875,0.2875,-0.157302,0.0113543,-0.1592155,0.010420005,0.0019135,0.0009342949999999,0.0021294105750242,5,0.3029275607571187,0.6588365339391857,4.534389397024895e-06,False,False,neither
0.5125,0.2875,-0.159733,8.91786e-05,-0.16156625,-0.001063631,0.0018332499999999,0.0011528096,0.0021655889583095,5,0.3093765545115082,0.6758714145871536,4.689775536352025e-06,False,False,neither
0.5375,0.2875,-0.160551,-0.0116113,-0.1622587499999999,-0.012946125,0.0017077499999999,0.0013348249999999,0.0021675257422058,5,0.3263891515969736,0.6973144741248385,4.698167843124803e-06,False,False,neither
0.5625,0.2875,-0.159642,-0.0234858,-0.16118,-0.0249525,0.0015379999999999,0.0014666999999999,0.0021252418427087,5,0.3525852856788505,0.7226167591192442,4.516652889999871e-06,False,False,neither
0.5874999999999999,0.2875,-0.156917,-0.0352281,-0.15824425,-0.0367640499999999,0.00132725,0.0015359499999999,0.0020299593505782,5,0.3853845517638962,0.7508307846911979,4.120734964999869e-06,False,False,neither
0.6124999999999999,0.2875,-0.152322,-0.0464925,-0.1534039999999999,-0.048024475,0.0010819999999999,0.001531975,0.0018755456274441,5,0.4216923251400348,0.780845609246796,3.5176714006246832e-06,False,False,neither
0.6375,0.2875,-0.145847,-0.0569022,-0.1466599999999999,-0.0583505,0.0008129999999999,0.0014483,0.0016608858750678,2,0.3962437841308099,0.8113090583347384,2.758541889999732e-06,False,False,neither
0.6625,0.2875,-0.137537,-0.0660628,-0.1380742499999999,-0.067346825,0.0005372499999999,0.001284025,0.0013918899967759,2,0.369321114056068,0.840733389476117,1.937357763124815e-06,False,False,neither
0.6875,0.2875,-0.127507,-0.0735811,-0.1277782499999999,-0.0746269,0.0002712499999999,0.0010458,0.0010804046475742,2,0.3705890246516815,0.8674293067910492,1.1672742024999314e-06,False,False,neither
0.7124999999999999,0.2875,-0.115946,-0.0790889,-0.1159815,-0.0798374499999999,3.550000000004938e-05,0.0007485499999999,0.0007493913213401,2,0.4015153484015845,0.8895122846189365,5.615873524998611e-07,False,False,neither
0.7374999999999999,0.2875,-0.103126,-0.0822712,-0.102974275,-0.0826866749999999,-0.0001517249999999,0.0004154749999999,0.0004423120518932,2,0.4580499952035216,0.9050252202430605,1.9563995124997287e-07,False,False,neither
0.7625,0.2875,-0.0893971,-0.0828974,-0.089123325,-0.082973775,-0.0002737749999999,7.637500000000352e-05,0.0002842285897829,1,0.4104244383399633,0.9118406718478835,8.078589124997605e-08,False,False,neither
0.7875,0.2875,-0.075186,-0.0808519,-0.0748615249999999,-0.0806161,-0.000324475,-0.0002358,0.0004011055542186,1,0.3446022628316505,0.9078114227789822,1.6088566562501026e-07,False,False,neither
0.8125,0.2875,-0.0609731,-0.0761606,-0.0606685249999999,-0.0756711249999999,-0.000304575,-0.000489475,0.0005764995284039,1,0.2787104886764886,0.8909937640993902,3.323517062499191e-07,False,False,neither
0.8375,0.2875,-0.0472701,-0.0690094,-0.0470450749999999,-0.0683501499999999,-0.000225025,-0.00065925,0.0006965965928175,1,0.2293056920297881,0.8597127082066427,4.852468131249499e-07,False,False,neither
0.8624999999999999,0.2875,-0.0345876,-0.0597507,-0.034482025,-0.059020575,-0.0001055749999999,-0.0007301249999999,0.0007377185074606,1,0.2244515811745053,0.8127886632009581,5.442285962498952e-07,False,False,neither
0.8875,0.2875,-0.0233999,-0.0488954,-0.023428025,-0.048196525,2.8125000000024655e-05,-0.0006988749999999,0.0006994406917315,1,0.2755005551927231,0.7497497661006638,4.892172812498393e-07,False,False,neither
0.9125,0.2875,-0.0141032,-0.0370917,-0.0142595,-0.036517775,0.0001563,-0.0005739249999999,0.0005948273662374,0,0.2584034256813775,0.6709935216416028,3.53819595624922e-07,False,False,neither
0.9375,0.2875,-0.00698015,-0.0250893,-0.0072555174999999,-0.0247207,0.0002753674999999,-0.0003685999999999,0.0004601013149907,0,0.1640116191643265,0.5770304833032307,2.1169322005617135e-07,False,False,neither
0.9625,0.2875,-0.00227319,-0.0136978,-0.0025812824999999,-0.0136030749999999,0.0003080924999999,-9.472500000002812e-05,0.0003223256337638,0,0.1198117657301306,0.46865955427990574,1.0389381418123533e-07,False,False,neither
0.9875,0.2875,-0.000278588,-0.00377558,-0.0002797129999999,-0.0039879349999999,1.1249999999968967e-06,0.0002123549999999,0.0002123579799536,0,0.1478052540582192,0.35602010554495367,4.509591164997358e-08,False,False,neither
0.0124999999999999,0.3125,-0.000524055,0.00956914,-0.00041148175,0.00949482,-0.00011257325,7.431999999999925e-05,0.0001348932875111,0,0.1511531250918443,0.7272172043592943,1.8196199015552286e-08,False,False,neither
0.0375,0.3125,-0.00321379,0.0264477,-0.0034440024999999,0.026710075,0.0002302124999999,-0.0002623749999999,0.000349053628804,0,0.2058924168376641,0.6700447010829652,1.2183843578124064e-07,False,False,neither
0.0625,0.3125,-0.00867484,0.040897,-0.00891519,0.041451425,0.00024035,-0.0005544249999999,0.0006042807320484,4,0.299519067340691,0.6422155130486651,3.651552031249502e-07,False,False,neither
0.0875,0.3125,-0.0160496,0.0529196,-0.016296425,0.053720175,0.000246825,-0.000800575,0.0008377606527224,4,0.2443994264736925,0.6306915145243355,7.018429112498617e-07,False,False,neither
0.1124999999999999,0.3125,-0.0248115,0.062624,-0.025139925,0.0636178749999999,0.000328425,-0.0009938749999999,0.0010467332498062,4,0.225070686715203,0.6305011833390958,1.0956504962498488e-06,False,False,neither
0.1374999999999999,0.3125,-0.0346238,0.070169,-0.0350723249999999,0.071302325,0.0004485249999999,-0.001133325,0.0012188520136792,4,0.2357370196389423,0.6371106340503193,1.4856002312498407e-06,False,False,neither
0.1625,0.3125,-0.0451935,0.075732,-0.0457843,0.076953375,0.0005908,-0.001221375,0.0013567614125648,4,0.264578183936825,0.6462108411037376,1.8408015306248313e-06,False,False,neither
0.1874999999999999,0.3125,-0.0562697,0.0794862,-0.0570192499999999,0.080747325,0.0007495499999999,-0.0012611249999999,0.0014670587814143,4,0.3019425174003589,0.6550680729145637,2.152261468124811e-06,False,False,neither
0.2125,0.3125,-0.0676426,0.0815841,-0.0685618249999999,0.082840375,0.0009192249999999,-0.001256275,0.0015566635719544,4,0.342654729558943,0.6622122767995169,2.4232014762498317e-06,False,False,neither
0.2375,0.3125,-0.0791329,0.0821489,-0.080227625,0.083358475,0.001094725,-0.001209575,0.0016314087489804,4,0.3843736211757075,0.6669834870039888,2.661494506249794e-06,False,False,neither
0.2624999999999999,0.3125,-0.0905816,0.0812713,-0.0918535749999999,0.08239515,0.0012719749999999,-0.0011238499999999,0.001697338865143,8,0.3540116339757848,0.6693030951041539,2.8809592231249272e-06,False,False,neither
0.2875,0.3125,-0.101843,0.0790124,-0.10329025,0.08001335,0.0014472499999999,-0.00100095,0.0017596685668045,8,0.3371013157939547,0.6695168711152841,3.0964334649998033e-06,False,False,neither
0.3125,0.3125,-0.112779,0.0754092,-0.1143955,0.076251925,0.0016164999999999,-0.000842725,0.0018229804375321,8,0.3422808090227718,0.6682723606105523,3.323257675624727e-06,False,False,neither
0.3375,0.3125,-0.123254,0.0704832,-0.12503,0.071134725,0.0017759999999999,-0.000651525,0.0018917348719165,8,0.3685703371137354,0.6664137935097083,3.578660825624937e-06,False,False,neither
0.3624999999999999,0.3125,-0.133131,0.0642504,-0.13505325,0.06468035,0.00192225,-0.0004299499999999,0.0019697467007206,8,0.4121923331313094,0.6649142883379783,3.879902064999689e-06,False,False,neither
0.3874999999999999,0.3125,-0.142271,0.0567312,-0.1443205,0.056913225,0.0020494999999999,-0.0001820249999999,0.0020575673380535,5,0.4311137494664061,0.664833311214172,4.233583350624565e-06,False,False,neither
0.4125,0.3125,-0.15053,0.0479605,-0.1526825,0.0478737,0.0021525,8.679999999999799e-05,0.0021542494029243,5,0.4092173151397152,0.6670932899467661,4.640790489999702e-06,False,False,neither
0.4374999999999999,0.3125,-0.157757,0.037997,-0.1599845,0.03762735,0.0022274999999999,0.0003696499999999,0.002257963102555,5,0.3912613526441126,0.6725893244112636,5.0983973724998015e-06,False,False,neither
0.4624999999999999,0.3125,-0.163799,0.0269313,-0.16606675,0.026273925,0.00226775,0.0006573749999999,0.0023611082044508,5,0.3797415242682471,0.6819576186479627,5.57483195312488e-06,False,False,neither
0.4875,0.3125,-0.168499,0.0148938,-0.1707652499999999,0.013954525,0.0022662499999999,0.0009392749999999,0.0024531870267317,5,0.3773242828780708,0.6955542856427527,6.018126588124719e-06,False,False,neither
0.5125,0.3125,-0.171699,0.00206012,-0.17391775,0.0008576387499999,0.00221875,0.00120248125,0.002523650672954,5,0.3860209735848936,0.7134772386105671,6.368812719101176e-06,False,False,neither
0.5375,0.3125,-0.173245,-0.0113434,-0.1753665,-0.0127760499999999,0.0021214999999999,0.0014326499999999,0.0025599313023009,5,0.4063283509404254,0.7355498300482437,6.553248272499982e-06,False,False,neither
0.5625,0.3125,-0.172996,-0.0250374,-0.174966,-0.0266514999999999,0.0019699999999999,0.0016140999999999,0.0025468056089933,5,0.4369079775488312,0.7613498938700917,6.486218809999733e-06,False,False,neither
0.5874999999999999,0.3125,-0.170826,-0.0386884,-0.1725935,-0.0404197999999999,0.0017675,0.0017313999999999,0.0024742275986658,2,0.4672246123708888,0.790316403263908,6.1218022099995305e-06,False,False,neither
0.6124999999999999,0.3125,-0.166643,-0.0519123,-0.1681595,-0.0536825249999999,0.0015165,0.0017702249999999,0.0023309802231303,2,0.38549595137124,0.8216880189561,5.4334688006245835e-06,False,False,neither
0.6375,0.3125,-0.160395,-0.0642816,-0.1616234999999999,-0.066001225,0.0012284999999999,0.001719625,0.0021133675474524,2,0.3136883095890889,0.8545192840609274,4.466322390624972e-06,False,False,neither
0.6625,0.3125,-0.15209,-0.0753381,-0.1530072499999999,-0.076912675,0.0009172499999999,0.001574575,0.0018222606819895,2,0.2614757021058394,0.8877248311160391,3.320633993124838e-06,False,False,neither
0.6875,0.3125,-0.141807,-0.084613,-0.1424082499999999,-0.08595085,0.0006012499999999,0.00133785,0.001466746121522,2,0.2425228669297989,0.9198668662540248,2.15134418499983e-06,False,False,neither
0.7124999999999999,0.3125,-0.129709,-0.0916529,-0.1300155,-0.0926756249999999,0.0003065,0.0010227249999999,0.0010676650577896,2,0.2648773508678362,0.9492552154547267,1.1399086756248697e-06,False,False,neither
0.7374999999999999,0.3125,-0.116057,-0.0960536,-0.11611325,-0.09670625,5.625000000003544e-05,0.0006526499999999,0.0006550695268442,2,0.3218162355763194,0.9736785375882536,4.29116084999884e-07,False,False,neither
0.7625,0.3125,-0.101213,-0.0974975,-0.10108385,-0.09775865,-0.0001291499999999,0.00026115,0.0002913400847806,2,0.4018509177424352,0.990683294937388,8.487904499996718e-08,False,False,neither
0.7875,0.3125,-0.0856316,-0.0957938,-0.0853980499999999,-0.0956813749999999,-0.00023355,-0.000112425,0.0002592006618915,1,0.4846204145558977,0.9973904227853805,6.718498312499171e-08,False,False,neither
0.8125,0.3125,-0.069851,-0.0909147,-0.0695967749999999,-0.0904866999999999,-0.000254225,-0.000428,0.000497809552565,1,0.4007601227780203,0.9908804867288487,2.478143506249655e-07,False,False,neither
0.8375,0.3125,-0.0544609,-0.083023,-0.0542614249999999,-0.0823715999999999,-0.000199475,-0.0006514,0.0006812578334412,1,0.3150611721782482,0.9684675414323392,4.641122356249977e-07,False,False,neither
0.8624999999999999,0.3125,-0.0400675,-0.0724855,-0.0399781,-0.071724675,-8.93999999999548e-05,-0.0007608249999999,0.0007660594236904,1,0.2491021883537137,0.9279565437303624,5.868470406248677e-07,False,False,neither
0.8875,0.3125,-0.0272502,-0.0598667,-0.0272968,-0.059117325,4.660000000003897e-05,-0.0007493749999999,0.0007508225160615,1,0.2415625899873097,0.868152209027887,5.637344506249215e-07,False,False,neither
0.9125,0.3125,-0.0165079,-0.0459048,-0.0166925,-0.045278975,0.0001846,-0.0006258249999999,0.000652483019415,1,0.3052917065823982,0.7891550485677704,4.257340906249153e-07,False,False,neither
0.9375,0.3125,-0.0082125,-0.0314671,-0.0085316275,-0.0310603,0.0003191275,-0.0004067999999999,0.0005170382976687,0,0.2160042410534847,0.6915923382079937,2.6732860125614716e-07,False,False,neither
0.9625,0.3125,-0.0026914,-0.0174965,-0.0030484424999999,-0.0173884999999999,0.0003570424999999,-0.000108,0.000373019231148,0,0.1303141749232587,0.5768641584283427,1.3914334680624503e-07,False,False,neither
0.9875,0.3125,-0.000334601,-0.00499356,-0.0003318077499999,-0.0052213224999999,-2.7932500000037294e-06,0.0002277624999999,0.0002277796273853,0,0.1357174757716905,0.4569680782975353,5.1883558651786104e-08,False,False,neither
0.0124999999999999,0.3375,-0.000550129,0.0112665,-0.00043126375,0.01114227,-0.0001188652499999,0.00012423,0.0001719361525612,0,0.1727088747756573,0.8492916130817815,2.9562040557548244e-08,False,False,neither
0.0375,0.3375,-0.00336919,0.0308745,-0.0036074099999999,0.0311571,0.0002382199999999,-0.0002826,0.0003696099679391,0,0.2444210797843242,0.765776677077593,1.3661152839994253e-07,False,False,neither
0.0625,0.3375,-0.00908743,0.0474801,-0.0093332,0.048109925,0.00024577,-0.000629825,0.0006760787110425,4,0.2754016249678919,0.7153759052342762,4.570824235248883e-07,False,False,neither
0.0875,0.3375,-0.0168027,0.0611724,-0.017051825,0.06208905,0.000249125,-0.00091665,0.0009499002516712,4,0.2458223650121857,0.6864296618743977,9.023104881250091e-07,False,False,neither
0.1124999999999999,0.3375,-0.0259612,0.0721383,-0.026292725,0.0732772999999999,0.0003315249999999,-0.0011389999999999,0.0011862671813824,4,0.262467753791964,0.6737869296060884,1.4072298256249438e-06,False,False,neither
0.1374999999999999,0.3375,-0.0362098,0.080606,-0.0366648,0.08190485,0.0004549999999999,-0.00129885,0.0013762399218522,4,0.3024703840761678,0.6720412770239639,1.8940363224997497e-06,False,False,neither
0.1625,0.3375,-0.0472432,0.0868119,-0.0478460999999999,0.088212475,0.0006028999999999,-0.001400575,0.0015248274461803,4,0.3495398666476204,0.6757696417034432,2.325098740624736e-06,False,False,neither
0.1874999999999999,0.3375,-0.0588027,0.0909764,-0.05957215,0.0924258,0.00076945,-0.0014494,0.0016409794826566,4,0.3967455949910893,0.6812865481689772,2.6928136624999223e-06,False,False,neither
0.2125,0.3375,-0.0706747,0.0932888,-0.0716239,0.09473875,0.0009492,-0.00144995,0.0017330134571029,8,0.3478437762105267,0.6864809966109768,3.0033356424997452e-06,False,False,neither
0.2375,0.3375,-0.0826793,0.093899,-0.0838167,0.0953049,0.0011374,-0.0014059,0.0018083787131018,8,0.2920726891741635,0.6902705041126994,3.2702335699997227e-06,False,False,neither
0.2624999999999999,0.3375,-0.0946602,0.0929159,-0.095990075,0.09423625,0.0013298749999999,-0.0013203499999999,0.0018740041723872,8,0.2550191980982961,0.692403847612071,3.5118916381246347e-06,False,False,neither
0.2875,0.3375,-0.106476,0.0904115,-0.1079992499999999,0.091606775,0.0015232499999999,-0.0011952749999999,0.0019362264557961,8,0.2437286667669047,0.6931029365281899,3.748972888124727e-06,False,False,neither
0.3125,0.3375,-0.117994,0.0864283,-0.119708,0.087460475,0.001714,-0.0010321749999999,0.0020007951495905,8,0.261106918505142,0.692940887279716,4.0031812306248706e-06,False,False,neither
0.3375,0.3375,-0.129085,0.0809885,-0.13098375,0.081821425,0.00189875,-0.0008329249999999,0.0020734067662002,8,0.3025826351522189,0.6926983913305993,4.299015618124771e-06,False,False,neither
0.3624999999999999,0.3375,-0.139617,0.0741056,-0.14169025,0.0747054,0.0020732499999999,-0.0005998,0.0021582691218891,8,0.3607267136530115,0.693258436558835,4.658125602499947e-06,False,False,neither
0.3874999999999999,0.3375,-0.149456,0.0657952,-0.151688,0.0661312249999999,0.0022319999999999,-0.0003360249999999,0.0022571523653986,8,0.4298921503754711,0.6954882959475306,5.094736800624495e-06,False,False,neither
0.4125,0.3375,-0.158457,0.0560859,-0.16082875,0.056132125,0.00237175,-4.622499999999696e-05,0.002372200415885,5,0.4869864078954233,0.7001731538555304,5.627334813124967e-06,False,False,neither
0.4374999999999999,0.3375,-0.166472,0.0450295,-0.168956,0.04476635,0.0024839999999999,0.0002631499999999,0.002497899902418,5,0.4679007449116247,0.7079705717951842,6.239503922499855e-06,False,False,neither
0.4624999999999999,0.3375,-0.173339,0.0327105,-0.17590375,0.032126575,0.00256475,0.000583925,0.002630382285548,5,0.4554848333713885,0.7192556413209424,6.91891096812472e-06,False,False,neither
0.4875,0.3375,-0.178891,0.0192548,-0.181496,0.0183491,0.0026049999999999,0.0009056999999999,0.0027579553096451,5,0.4530001099564445,0.7342555240568504,7.6063174899995986e-06,False,False,neither
0.5125,0.3375,-0.182953,0.0048369,-0.1855505,0.0036214625,0.0025975,0.0012154375,0.0028678030905915,5,0.463043897511828,0.7529690593570229,8.224294566406158e-06,False,False,neither
0.5375,0.3375,-0.185349,-0.0103127,-0.18788425,-0.0118106899999999,0.0025352499999999,0.0014979899999999,0.0029447354045142,5,0.4865564508382337,0.7752499599602957,8.671466602599408e-06,False,False,neither
0.5625,0.3375,-0.185904,-0.0259026,-0.18831825,-0.027638875,0.0024142499999999,0.0017362749999999,0.0029737609080295,5,0.5223008653558399,0.8008445984708894,8.843253938124436e-06,False,False,neither
0.5874999999999999,0.3375,-0.184459,-0.0415777,-0.18668925,-0.0434894999999999,0.0022302499999999,0.0019117999999999,0.0029375149876213,2,0.4533661918085066,0.8295278316367691,8.628994302499765e-06,False,False,neither
0.6124999999999999,0.3375,-0.180877,-0.0569195,-0.1828612499999999,-0.058925725,0.0019842499999999,0.002006225,0.0028217347170003,2,0.3588302203176275,0.8609712602520482,7.962186813124763e-06,False,False,neither
0.6375,0.3375,-0.175058,-0.071451,-0.1767429999999999,-0.073454775,0.0016849999999999,0.002003775,0.0026180793056409,2,0.2703660014202748,0.8948149053944061,6.854339250625136e-06,False,False,neither
0.6625,0.3375,-0.166962,-0.0846485,-0.1683054999999999,-0.086542175,0.0013434999999999,0.001893675,0.0023218521175184,2,0.1951746933473113,0.930528753623444,5.390997255624678e-06,False,False,neither
0.6875,0.3375,-0.156618,-0.0959609,-0.1576004999999999,-0.09763415,0.0009824999999999,0.00167325,0.0019403792960398,2,0.1498359650478773,0.9672487550263376,3.76507181249991e-06,False,False,neither
0.7124999999999999,0.3375,-0.144155,-0.104838,-0.14478125,-0.1061899999999999,0.00062625,0.0013519999999999,0.001489997671978,2,0.1575081816556584,1.0036140155697308,2.2200930624998597e-06,False,False,neither
0.7374999999999999,0.3375,-0.129807,-0.110768,-0.1301125,-0.1117199999999999,0.0003055,0.0009519999999999,0.0009998171082753,2,0.2115917415008477,1.0375757478969907,9.996342499999831e-07,False,False,neither
0.7625,0.3375,-0.113932,-0.113326,-0.113981,-0.1138339999999999,4.900000000002125e-05,0.0005079999999999,0.0005103577176843,2,0.2898165955309337,1.0662160559398832,2.604649999999277e-07,False,False,neither
0.7875,0.3375,-0.0970101,-0.112217,-0.0968882249999999,-0.1122847499999999,-0.000121875,6.774999999999143e-05,0.0001394402313717,2,0.3833228238106481,1.086014595159752,1.9443578124993227e-08,False,False,neither
0.8125,0.3375,-0.0796295,-0.107335,-0.0794349999999999,-0.1070152499999999,-0.0001945,-0.00031975,0.0003742596859134,2,0.4908344085091895,1.0929021424574115,1.4007031249999683e-07,False,False,neither
0.8375,0.3375,-0.0624628,-0.0987972,-0.0622897749999999,-0.0981870749999999,-0.000173025,-0.000610125,0.0006341846468104,1,0.4449235200013112,1.0827938719553227,4.0219016625003184e-07,False,False,neither
0.8624999999999999,0.3375,-0.0462233,-0.0869671,-0.04614605,-0.08619635,-7.724999999995236e-05,-0.0007707499999999,0.0007746115962209,1,0.3366118851827229,1.05218287889701,6.000231249998907e-07,False,False,neither
0.8875,0.3375,-0.031613,-0.0724576,-0.031673025,-0.07166845,6.002500000003297e-05,-0.0007891499999999,0.0007914295440056,1,0.2586853630097276,0.9987597766129752,6.263607231249119e-07,False,False,neither
0.9125,0.3375,-0.0192549,-0.0561023,-0.019464775,-0.05542885,0.000209875,-0.0006734499999999,0.0007053952212234,1,0.264189222246921,0.9220703785270403,4.975824181248094e-07,False,False,neither
0.9375,0.3375,-0.00963195,-0.038902,-0.00999579,-0.0384583,0.0003638399999999,-0.0004436999999999,0.0005738024360352,0,0.284656865463375,0.8226975503774153,3.292492355999298e-07,False,False,neither
0.9625,0.3375,-0.00317835,-0.0219562,-0.0035882049999999,-0.0218357499999999,0.0004098549999999,-0.00012045,0.0004271876912142,0,0.1608175272191305,0.7025967438481338,1.824893235249187e-07,False,False,neither
0.9875,0.3375,-0.000401454,-0.00643555,-0.0003924834999999,-0.0066797699999999,-8.970500000004362e-06,0.0002442199999999,0.0002443846931995,0,0.1313360880606662,0.5757868575771857,5.972387827021375e-08,False,False,neither
0.0124999999999999,0.3624999999999999,-0.000569749,0.0130352,-0.0004462717499999,0.0128575825,-0.00012347725,0.0001776174999999,0.0002163206129193,0,0.2017525785724815,0.9764078812151342,4.679460757378162e-08,False,False,neither
0.0375,0.3624999999999999,-0.00348799,0.0354837,-0.0037321524999999,0.035784575,0.0002441624999999,-0.0003008749999999,0.000387480440837,0,0.2880461887781371,0.8650691648247787,1.5014109203123583e-07,False,False,neither
0.0625,0.3624999999999999,-0.00940572,0.0543302,-0.0096542175,0.055034975,0.0002484975,-0.000704775,0.0007473010157434,4,0.2644354314528758,0.7902340332374708,5.584588081311173e-07,False,False,neither
0.0875,0.3624999999999999,-0.0173875,0.0697548,-0.01763525,0.07078835,0.00024775,-0.0010335499999999,0.0010628290855071,4,0.2708437131656054,0.741868056481744,1.1296056649998586e-06,False,False,neither
0.1124999999999999,0.3624999999999999,-0.0268588,0.0820271,-0.0271877499999999,0.083313475,0.0003289499999999,-0.0012863749999999,0.001327768331873,4,0.3216080813912455,0.715018385358027,1.7629687431248091e-06,False,False,neither
0.1374999999999999,0.3624999999999999,-0.0374539,0.0914493,-0.0379071,0.09291705,0.0004532,-0.00146775,0.0015361250933761,4,0.3834909212222591,0.7036525746076682,2.359680302499732e-06,False,False,neither
0.1625,0.3624999999999999,-0.0488579,0.0983207,-0.0494618499999999,0.099905325,0.0006039499999999,-0.001584625,0.0016958160257306,8,0.4144310544405479,0.701270735094514,2.8757919931247274e-06,False,False,neither
0.1874999999999999,0.3624999999999999,-0.060806,0.102913,-0.061581575,0.10455725,0.000775575,-0.0016442499999999,0.0018179864254512,8,0.3316335582447039,0.7031725433604472,3.305074643124832e-06,False,False,neither
0.2125,0.3624999999999999,-0.0730824,0.105457,-0.07404515,0.107108,0.0009627499999999,-0.001651,0.0019112008168949,8,0.2582850934578053,0.7064414183780562,3.6526885624997333e-06,False,False,neither
0.2375,0.3624999999999999,-0.0855084,0.10613,-0.086669025,0.10774225,0.001160625,-0.00161225,0.0019865549207422,8,0.1974926758515302,0.7095195883863954,3.946400453125049e-06,False,False,neither
0.2624999999999999,0.3624999999999999,-0.0979314,0.105064,-0.099296975,0.10659275,0.0013655749999999,-0.0015287499999999,0.0020498467364964,8,0.1587185912009991,0.7118683047333967,4.201871643124942e-06,False,False,neither
0.2875,0.3624999999999999,-0.110216,0.102343,-0.11179025,0.1037465,0.00157425,-0.0014035,0.0021090460669459,8,0.1566203338309897,0.7135597698777587,4.44807531249997e-06,False,False,neither
0.3125,0.3624999999999999,-0.122237,0.0980146,-0.12402025,0.09925335,0.00178325,-0.00123875,0.0021712858229629,8,0.192245106368968,0.7150815727733445,4.714482124999677e-06,False,False,neither
0.3375,0.3624999999999999,-0.133873,0.0921029,-0.13586275,0.09313795,0.00198975,-0.0010350499999999,0.0022428628056571,8,0.2509833032357726,0.7170962829327733,5.030433565000039e-06,False,False,neither
0.3624999999999999,0.3624999999999999,-0.145,0.0846178,-0.14719,0.0854119,0.00219,-0.0007940999999999,0.0023295267351975,8,0.32199181513475,0.7204072435504796,5.426694809999923e-06,False,False,neither
0.3874999999999999,0.3624999999999999,-0.155491,0.0755683,-0.15786975,0.0760869,0.00237875,-0.0005185999999999,0.0024346247190275,8,0.4007172103399352,0.7256733778718909,5.927397522499734e-06,False,False,neither
0.4125,0.3624999999999999,-0.165206,0.0649741,-0.16775825,0.065186125,0.00255225,-0.0002120249999999,0.0025610417144445,8,0.4854612729222245,0.733485516347801,6.558934663124825e-06,False,False,neither
0.4374999999999999,0.3624999999999999,-0.173998,0.0528766,-0.17670075,0.052756325,0.00270275,0.000120275,0.002705424853535,5,0.5452789165704359,0.744206833948735,7.319323638124877e-06,False,False,neither
0.4624999999999999,0.3624999999999999,-0.181703,0.0393491,-0.18452775,0.0388782,0.0028247499999999,0.0004708999999999,0.0028637317214606,5,0.5301431671466277,0.7580079298688108,8.200959372499692e-06,False,False,neither
0.4875,0.3624999999999999,-0.188147,0.0245072,-0.19105525,0.0236769,0.00290825,0.0008302999999999,0.0030244530336078,5,0.5259267472068447,0.7748474776935136,9.147316152499424e-06,False,False,neither
0.5125,0.3624999999999999,-0.193141,0.00851798,-0.1960865,0.007331775,0.0029455,0.001186205,0.003175382268645,5,0.5360615611544179,0.7945631121490602,1.0083052552025067e-05,False,False,neither
0.5375,0.3624999999999999,-0.196487,-0.00839121,-0.19941375,-0.0099145,0.00292675,0.00152329,0.0032994360103811,5,0.562178245299625,0.8169420709183485,1.0886277986599548e-05,False,False,neither
0.5625,0.3624999999999999,-0.197982,-0.0259249,-0.2008262499999999,-0.02774825,0.0028442499999999,0.0018233499999999,0.0033785149526086,2,0.5668566110675851,0.8418654958127217,1.141436328499989e-05,False,False,neither
0.5874999999999999,0.3624999999999999,-0.197429,-0.0437136,-0.20011925,-0.0457792249999999,0.00269025,0.0020656249999999,0.0033917918130576,2,0.4656739660932089,0.8692712484558544,1.150425170312456e-05,False,False,neither
0.6124999999999999,0.3624999999999999,-0.194644,-0.0613107,-0.197107,-0.06353875,0.0024629999999999,0.00222805,0.0033212310673152,2,0.3694375142670112,0.8993278836420007,1.1030575802499662e-05,False,False,neither
0.6375,0.3624999999999999,-0.189475,-0.0781943,-0.1916402499999999,-0.08048365,0.0021652499999999,0.00228935,0.0031510999642981,2,0.2835074802177951,0.9323375427429704,9.929430984999485e-06,False,False,neither
0.6625,0.3624999999999999,-0.181822,-0.0937758,-0.183629,-0.096007925,0.0018069999999999,0.002232125,0.0028718689064135,2,0.2160199881161779,0.9685664449979671,8.247631015624672e-06,False,False,neither
0.6875,0.3624999999999999,-0.171658,-0.107418,-0.1730652499999999,-0.1094645,0.0014072499999999,0.0020465,0.0024836494946952,2,0.1784947495184025,1.0080927103099195,6.168514812499722e-06,False,False,neither
0.7124999999999999,0.3624999999999999,-0.159055,-0.118464,-0.16004775,-0.1201989999999999,0.00099275,0.0017349999999999,0.0019989441119,2,0.1784916470192843,1.0502284562893924,3.99577756249968e-06,False,False,neither
0.7374999999999999,0.3624999999999999,-0.144208,-0.126277,-0.144806,-0.12759325,0.000598,0.0013162499999999,0.0014457240616729,2,0.2083981829758196,1.0934741889957895,2.0901180624999872e-06,False,False,neither
0.7625,0.3624999999999999,-0.127451,-0.130298,-0.12771225,-0.13112275,0.00026125,0.00082475,0.0008651382115015,2,0.257026130528056,1.1348168611718807,7.484641250000142e-07,False,False,neither
0.7875,0.3624999999999999,-0.109274,-0.130102,-0.1092874999999999,-0.13041575,1.349999999995799e-05,0.00031375,0.000314040303942,2,0.3217800066442061,1.1700337029778245,9.862131249998375e-08,False,False,neither
0.8125,0.3624999999999999,-0.0903095,-0.125468,-0.0901854999999999,-0.1253112499999999,-0.000124,-0.00015675,0.0001998663616019,2,0.4058844964670087,1.193793891673098,3.9946562499981446e-08,False,False,neither
0.8375,0.3624999999999999,-0.0713108,-0.116435,-0.0711643249999999,-0.1159074999999999,-0.000146475,-0.0005275,0.0005474588346396,2,0.5127344097146443,1.2002730191568916,2.9971117562494885e-07,False,False,neither
0.8624999999999999,0.3624999999999999,-0.0531079,-0.103343,-0.05303635,-0.1025879,-7.154999999994804e-05,-0.0007550999999999,0.0007584823086268,1,0.4682032214633294,1.184090180771718,5.752954124998403e-07,False,False,neither
0.8875,0.3624999999999999,-0.0365436,-0.086839,-0.03660885,-0.08602255,6.52500000000375e-05,-0.0008164499999999,0.0008190532125569,1,0.3370992186415553,1.141330104334412,6.708481649997783e-07,False,False,neither
0.9125,0.3624999999999999,-0.0223901,-0.0678545,-0.022619125,-0.06713735,0.000229025,-0.0007171499999999,0.0007528323672139,1,0.2614999564316488,1.070552738207698,5.667565731248844e-07,False,False,neither
0.9375,0.3624999999999999,-0.0112678,-0.0475398,-0.01167555,-0.0470591749999999,0.00040775,-0.000480625,0.0006302860089871,1,0.3058391356016646,0.9720102175646098,3.972604531248867e-07,False,False,neither
0.9625,0.3624999999999999,-0.00374645,-0.0271774,-0.0042124449999999,-0.0270437999999999,0.0004659949999999,-0.0001336,0.0004847682951936,0,0.209970865895666,0.8481332223174848,2.3500030002490928e-07,False,False,neither
0.9875,0.3624999999999999,-0.000481552,-0.0081397,-0.0004632847499999,-0.0083998924999999,-1.8267250000005103e-05,0.0002601924999999,0.0002608329532071,0,0.1408356346971821,0.7152641015742873,6.803382947873723e-08,False,False,neither
0.0124999999999999,0.3874999999999999,-0.000582442,0.0148555,-0.0004562029999999,0.01462165,-0.000126239,0.00023385,0.00026574820342,0,0.2360845049953713,1.1072103027440627,7.062210762095768e-08,False,False,neither
0.0375,0.3874999999999999,-0.0035679,0.0402271,-0.0038159074999999,0.0405436,0.0002480074999999,-0.0003164999999999,0.0004020944790173,4,0.3186744058294574,0.9670165951572083,1.6167997005619389e-07,False,False,neither
0.0625,0.3874999999999999,-0.00962406,0.0613791,-0.00987253,0.062156775,0.00024847,-0.0007776749999999,0.0008164041563619,4,0.2698260330584098,0.8663033580989051,6.665157465249856e-07,False,False,neither
0.0875,0.3874999999999999,-0.0177939,0.0785853,-0.018036475,0.07973435,0.000242575,-0.0011490499999999,0.0011743758057474,4,0.3154166205077591,0.7967799975131153,1.379158533124855e-06,False,False,neither
0.1124999999999999,0.3874999999999999,-0.0274885,0.0922003,-0.0278088999999999,0.0936333999999999,0.0003203999999999,-0.0014330999999999,0.0014684794074143,4,0.3941208017375899,0.7540036722722245,2.1564317699998535e-06,False,False,neither
0.1374999999999999,0.3874999999999999,-0.0383329,0.102603,-0.0387759,0.10424025,0.0004429999999999,-0.00163725,0.0016961239820543,8,0.4362295432090179,0.7316472149554046,2.8768365624997355e-06,False,False,neither
0.1625,0.3874999999999999,-0.050005,0.110159,-0.050598825,0.1119295,0.0005938249999999,-0.0017704999999999,0.0018674309573917,8,0.3437649563819598,0.722292442194988,3.4872983806248813e-06,False,False,neither
0.1874999999999999,0.3874999999999999,-0.0622359,0.115196,-0.063003325,0.117037,0.000767425,-0.0018409999999999,0.0019945481018579,8,0.2613818180519395,0.7201551276468149,3.978222130624951e-06,False,False,neither
0.2125,0.3874999999999999,-0.0748087,0.117987,-0.075767325,0.1198435,0.000958625,-0.0018565,0.0020893908539631,8,0.1874233745197694,0.7213961047857135,4.3655541406246515e-06,False,False,neither
0.2375,0.3874999999999999,-0.0875469,0.118743,-0.088709725,0.120567,0.001162825,-0.001824,0.0021631315218046,8,0.1237788436393281,0.7239354879379793,4.679137980624684e-06,False,False,neither
0.2624999999999999,0.3874999999999999,-0.100303,0.117619,-0.101679275,0.11936375,0.0013762749999999,-0.00174475,0.002222225334687,8,0.0847642800677578,0.7268107734947247,4.938285438124749e-06,False,False,neither
0.2875,0.3874999999999999,-0.112949,0.114713,-0.114545,0.11633525,0.001596,-0.00162225,0.0022757220969397,8,0.1004127590499868,0.7299457240096692,5.178911062499626e-06,False,False,neither
0.3125,0.3874999999999999,-0.125369,0.110081,-0.127188,0.111539,0.001819,-0.001458,0.0023312067690361,8,0.1555628080940921,0.7337124856399815,5.4345249999997335e-06,False,False,neither
0.3375,0.3874999999999999,-0.137451,0.103747,-0.13949375,0.10500025,0.00204275,-0.0012532499999999,0.0023965523413854,8,0.2245743463383683,0.7386737930778376,5.743463124999843e-06,False,False,neither
0.3624999999999999,0.3874999999999999,-0.149083,0.0957188,-0.1513465,0.0967268999999999,0.0022635,-0.0010080999999999,0.0024778413710324,8,0.3006036745900786,0.7454523122212446,6.139697859999723e-06,False,False,neither
0.3874999999999999,0.3874999999999999,-0.160145,0.0859965,-0.1626227499999999,0.0867214999999999,0.0024777499999999,-0.0007249999999999,0.0025816409631278,8,0.3824082525846468,0.7545660811486294,6.664870062499434e-06,False,False,neither
0.4125,0.3874999999999999,-0.170508,0.0745887,-0.1731895,0.074994975,0.0026815,-0.000406275,0.0027121028051357,8,0.4700452845797195,0.76637585860986,7.355501625624933e-06,False,False,neither
0.4374999999999999,0.3874999999999999,-0.180029,0.0615227,-0.182896,0.061578875,0.002867,-5.617499999999859e-05,0.0028675502838878,8,0.5638281972454036,0.7809575189983127,8.222844630625002e-06,False,False,neither
0.4624999999999999,0.3874999999999999,-0.188548,0.0468565,-0.191576,0.046536925,0.003028,0.000319575,0.0030448172655555,5,0.6010331075272262,0.7981735073428584,9.270912180624872e-06,False,False,neither
0.4875,0.3874999999999999,-0.195886,0.0306897,-0.19904125,0.02997715,0.0031552499999999,0.0007125499999999,0.0032347071065244,5,0.5930932803569178,0.8176921643577123,1.0463330064999456e-05,False,False,neither
0.5125,0.3874999999999999,-0.201846,0.0131748,-0.2050855,0.012063035,0.0032395,0.001111765,0.0034249644764909,5,0.6015603464774156,0.839097504089364,1.1730381665224586e-05,False,False,neither
0.5375,0.3874999999999999,-0.206213,-0.00547217,-0.2094825,-0.0069745275,0.0032694999999999,0.0015023575,0.0035981534580679,5,0.6290961094035149,0.8619907642434459,1.2946708307805986e-05,False,False,neither
0.5625,0.3874999999999999,-0.20876,-0.0249604,-0.21199325,-0.026826575,0.0032332499999999,0.001866175,0.0037331641663774,2,0.5978523663065153,0.8861375415549214,1.3936514693124267e-05,False,False,neither
0.5874999999999999,0.3874999999999999,-0.209251,-0.0449155,-0.212373,-0.0470965249999999,0.003122,0.0021810249999999,0.0038083794520274,2,0.4971650993992066,0.9115860446430714,1.450375405062452e-05,False,False,neither
0.6124999999999999,0.3874999999999999,-0.207458,-0.064872,-0.210386,-0.06729365,0.002928,0.0024216499999999,0.003799680607959,2,0.4082515372462428,0.9388433750035201,1.4437572722499677e-05,False,False,neither
0.6375,0.3874999999999999,-0.203172,-0.0842709,-0.2058202499999999,-0.086832375,0.0026482499999999,0.002561475,0.0036843428502414,2,0.3402252316541938,0.968828419089779,1.3574382238124923e-05,False,False,neither
0.6625,0.3874999999999999,-0.196227,-0.102464,-0.1985152499999999,-0.10503925,0.0022882499999999,0.00257525,0.0034449964622623,2,0.3018988458745584,1.0028123107840272,1.1868000624999764e-05,False,False,neither
0.6875,0.3874999999999999,-0.186526,-0.118727,-0.1883874999999999,-0.12117275,0.0018614999999999,0.00244575,0.0030735769573088,2,0.2944436963528334,1.0421297092013067,9.446875312499622e-06,False,False,neither
0.7124999999999999,0.3874999999999999,-0.174067,-0.132289,-0.17546525,-0.1344539999999999,0.00139825,0.0021649999999999,0.0025772714374896,2,0.3074382281183711,1.0875044073473912,6.642328062499709e-06,False,False,neither
0.7374999999999999,0.3874999999999999,-0.158985,-0.142375,-0.15991675,-0.144119,0.00093175,0.0017439999999999,0.0019772946321932,2,0.3271151065225838,1.1384245629816672,3.9096940625000415e-06,False,False,neither
0.7625,0.3874999999999999,-0.141571,-0.148263,-0.14208025,-0.14947875,0.00050925,0.0012157499999999,0.0013180984883535,2,0.3457273880170592,1.1924805870117967,1.7373836249997818e-06,False,False,neither
0.7875,0.3874999999999999,-0.1223,-0.149366,-0.1224732499999999,-0.1500005,0.0001732499999999,0.0006345,0.0006577277647324,2,0.365145198653546,1.2449800499606407,4.326058124998793e-07,False,False,neither
0.8125,0.3874999999999999,-0.101833,-0.145307,-0.1017913499999999,-0.14537925,-4.1650000000059695e-05,7.224999999999593e-05,8.339535358762132e-05,2,0.3968702852654073,1.2892513185659342,6.954785000004385e-09,False,False,neither
0.8375,0.3874999999999999,-0.0809991,-0.136007,-0.0808781999999999,-0.1356112499999999,-0.0001209,-0.00039575,0.0004138053558136,2,0.4573578669375184,1.3173275437005028,1.712348725000201e-07,False,False,neither
0.8624999999999999,0.3874999999999999,-0.0607488,-0.121745,-0.060673575,-0.12103625,-7.522499999994964e-05,-0.0007087499999999,0.0007127309191587,2,0.5576060113705569,1.3212854926275397,5.079853631248053e-07,False,False,neither
0.8875,0.3874999999999999,-0.042084,-0.103181,-0.04214205,-0.10235245,5.8050000000045565e-05,-0.0008285499999999,0.0008305810646769,1,0.4623195076307382,1.2948702197548603,6.898649049998126e-07,False,False,neither
0.9125,0.3874999999999999,-0.0259532,-0.0813421,-0.026191625,-0.080584775,0.000238425,-0.0007573249999999,0.0007939695436538,1,0.3161206245513321,1.2349486140872423,6.303876362498234e-07,False,False,neither
0.9375,0.3874999999999999,-0.0131475,-0.0575417,-0.013595875,-0.0570223,0.000448375,-0.0005194,0.0006861606959196,1,0.2783355644485154,1.1410456804216913,4.7081650062486985e-07,False,False,neither
0.9625,0.3874999999999999,-0.00440806,-0.0332744,-0.0049325324999999,-0.0331248749999999,0.0005244724999999,-0.000149525,0.0005453706344141,0,0.2754464811613343,1.0158980704371674,2.9742912888123793e-07,False,False,neither
0.9875,0.3874999999999999,-0.000577413,-0.0101507,-0.0005457369999999,-0.0104241399999999,-3.1676000000006085e-05,0.0002734399999999,0.000275268600781,0,0.1682568950754223,0.8785947789288352,7.577280257592955e-08,False,False,neither
0.0124999999999999,0.4125,-0.000587913,0.0167066,-0.00046087925,0.016414525,-0.00012703375,0.0002920749999999,0.0003185049124645,0,0.2739058405413395,1.2402801739822091,1.0144537926401881e-07,False,False,neither
0.0375,0.4125,-0.00360755,0.0450541,-0.0038573774999999,0.0453830249999999,0.0002498274999999,-0.0003289249999999,0.0004130441082756,4,0.3095231580706589,1.070679816506522,1.7060543538118558e-07,False,False,neither
0.0625,0.4125,-0.00973916,0.0685556,-0.009984905,0.069402275,0.000245745,-0.000846675,0.0008816173550072,4,0.2915945256044763,0.9430734945342489,7.772491606498913e-07,False,False,neither
0.0875,0.4125,-0.0180156,0.087578,-0.018249325,0.08883875,0.000233725,-0.00126075,0.0012822316242103,4,0.3733044278463792,0.8509259974010666,1.6441179381249839e-06,False,False,neither
0.1124999999999999,0.4125,-0.0278398,0.102561,-0.028145925,0.10413825,0.000306125,-0.00157725,0.0016066829426258,9,0.4644627065629542,0.7906062192242103,2.5814300781246998e-06,False,False,neither
0.1374999999999999,0.4125,-0.0388304,0.113963,-0.03925475,0.1157675,0.0004243499999999,-0.0018045,0.0018537241360299,8,0.378515701891562,0.755816727779956,3.4362931724997992e-06,False,False,neither
0.1625,0.4125,-0.0506601,0.122218,-0.0512324,0.124173,0.0005722999999999,-0.001955,0.0020370449896848,8,0.2942803568685548,0.7384490153612503,4.149552289999946e-06,False,False,neither
0.1874999999999999,0.4125,-0.063057,0.127712,-0.06380185,0.1297495,0.0007448499999999,-0.0020375,0.0021693795823921,8,0.2239290611286064,0.7316400411623191,4.706207772499723e-06,False,False,neither
0.2125,0.4125,-0.0758044,0.130763,-0.076741175,0.13282575,0.000936775,-0.00206275,0.0022654988331767,8,0.1660212294525189,0.7306333826537081,5.132484963124988e-06,False,False,neither
0.2375,0.4125,-0.0887289,0.13162,-0.0898723,0.1336562499999999,0.0011434,-0.0020362499999999,0.0023353110333529,8,0.1239070590026088,0.7326511476139241,5.45367762249979e-06,False,False,neither
0.2624999999999999,0.4125,-0.101689,0.130461,-0.10305,0.1324245,0.001361,-0.0019635,0.0023890695364513,8,0.1088205664836733,0.736346978647974,5.707653249999628e-06,False,False,neither
0.2875,0.4125,-0.114566,0.127403,-0.1161525,0.129249,0.0015865,-0.001846,0.0024340703050651,8,0.1288309985729113,0.7413545443308485,5.924698249999708e-06,False,False,neither
0.3125,0.4125,-0.127253,0.122511,-0.1290717499999999,0.12419525,0.0018187499999999,-0.00168425,0.0024788202082845,8,0.1735525740498307,0.7479115124130662,6.144549624999612e-06,False,False,neither
0.3375,0.4125,-0.139652,0.115811,-0.14170525,0.1172912499999999,0.00205325,-0.0014802499999999,0.0025312004316134,8,0.2318199615231674,0.7565124440483448,6.406975624999862e-06,False,False,neither
0.3624999999999999,0.4125,-0.151663,0.107306,-0.153951,0.1085407499999999,0.002288,-0.0012347499999999,0.002599913760589,8,0.2993464625379617,0.7676007624931075,6.759551562500036e-06,False,False,neither
0.3874999999999999,0.4125,-0.163179,0.0969881,-0.1657,0.097936525,0.002521,-0.000948425,0.0026935016206835,8,0.375115464620828,0.7815313399346184,7.254950980624641e-06,False,False,neither
0.4125,0.4125,-0.174084,0.084853,-0.1768305,0.0854753,0.0027465,-0.0006223,0.0028161178135866,8,0.4592233500320884,0.7984162958507297,7.930519539999772e-06,False,False,neither
0.4374999999999999,0.4125,-0.184244,0.070911,-0.187204,0.0711707999999999,0.00296,-0.0002597999999999,0.0029713794843473,8,0.5520133226870676,0.8180342939755033,8.829096040000025e-06,False,False,neither
0.4624999999999999,0.4125,-0.193506,0.0552007,-0.19666075,0.0550656999999999,0.0031547499999999,0.000135,0.0031576371803137,8,0.6537233892812953,0.8399409171721544,9.970672562499455e-06,False,False,neither
0.4875,0.4125,-0.201695,0.0378004,-0.2050172499999999,0.0372449,0.0033222499999999,0.0005554999999999,0.0033683713145227,5,0.6520433163508623,0.8634663017512612,1.1345925312499383e-05,False,False,neither
0.5125,0.4125,-0.208611,0.018841,-0.2120632499999999,0.01784875,0.0034522499999999,0.00099225,0.0035920175563323,5,0.656499609801033,0.8878300910044672,1.2902590124999468e-05,False,False,neither
0.5375,0.4125,-0.214029,-0.00148094,-0.21756175,-0.00291304025,0.00353275,0.00143210025,0.0038119855309995,5,0.6835735150282293,0.9122835874600616,1.453123368854954e-05,False,False,neither
0.5625,0.4125,-0.217702,-0.0228895,-0.221252,-0.0247472,0.0035499999999999,0.0018577,0.004006688069965,2,0.6359953429589955,0.9362914971658132,1.6053549289999858e-05,False,False,neither
0.5874999999999999,0.4125,-0.219364,-0.0450165,-0.22285625,-0.0472632249999999,0.00349225,0.0022467249999999,0.004152539378275,2,0.5374767741936056,0.9597679577856305,1.7243583288124524e-05,False,False,neither
0.6124999999999999,0.4125,-0.218744,-0.0673898,-0.22208875,-0.0699616999999999,0.00334475,0.0025718999999999,0.0042192442655646,2,0.459182444512863,0.9832236370022844,1.7802022172499764e-05,False,False,neither
0.6375,0.4125,-0.215574,-0.0894246,-0.21867575,-0.0922272,0.00310175,0.0028026,0.0041803612071805,2,0.4129564693292734,1.0080284364342107,1.7475419822499604e-05,False,False,neither
0.6625,0.4125,-0.209619,-0.110422,-0.2123784999999999,-0.113329,0.0027594999999999,0.002907,0.0040081777967051,2,0.4044999616057007,1.0364417811647697,1.6065489249999752e-05,False,False,neither
0.6875,0.4125,-0.200699,-0.129579,-0.2030259999999999,-0.13243375,0.0023269999999999,0.00285475,0.0036830050994398,2,0.42565442087034,1.0713090719302247,1.3564526562499572e-05,False,False,neither
0.7124999999999999,0.4125,-0.188726,-0.146006,-0.190554,-0.1486359999999999,0.001828,0.0026299999999999,0.0032028868228521,2,0.4589675413759699,1.1154839857209964,1.025848399999962e-05,False,False,neither
0.7374999999999999,0.4125,-0.173747,-0.158778,-0.17504675,-0.1610077499999999,0.00129975,0.0022297499999999,0.0025809174967441,2,0.4881605392044438,1.1705087656228808,6.661135124999832e-06,False,False,neither
0.7625,0.4125,-0.155984,-0.166989,-0.1567755,-0.16866975,0.0007915,0.00168075,0.0018577924567884,2,0.5029272129203427,1.235460507017525,3.4513928124998785e-06,False,False,neither
0.7875,0.4125,-0.13587,-0.169848,-0.1362294999999999,-0.1708847499999999,0.0003594999999999,0.0010367499999999,0.0010973107183017,2,0.5004405168754545,1.3058827976506924,1.2040908124997928e-06,False,False,neither
0.8125,0.4125,-0.114069,-0.16678,-0.1141222499999999,-0.1671562499999999,5.3249999999935294e-05,0.0003762499999999,0.0003799995065785,6,0.4591098282877949,1.3739287403588296,1.4439962499990348e-07,False,False,neither
0.8375,0.4125,-0.0914686,-0.157532,-0.0913714999999999,-0.1573264999999999,-9.710000000005824e-05,-0.0002055,0.0002272854152822,6,0.3978245316591911,1.4291072353130119,5.165866000000211e-08,False,False,neither
0.8624999999999999,0.4125,-0.0691395,-0.142273,-0.06904775,-0.141649,-9.174999999994604e-05,-0.0006239999999999,0.0006307091742633,6,0.4253557592242715,1.4601054708561296,3.9779406249989373e-07,False,False,neither
0.8875,0.4125,-0.0482571,-0.121644,-0.048290625,-0.120819,3.352500000006198e-05,-0.0008249999999999,0.0008256808860721,6,0.563863373028394,1.4573109260209367,6.817489256248081e-07,False,False,neither
0.9125,0.4125,-0.029976,-0.0967497,-0.030208825,-0.095954875,0.000232825,-0.0007948249999999,0.0008282235575313,1,0.4225664417694267,1.4149529609199027,6.859542612498026e-07,False,False,neither
0.9375,0.4125,-0.0152964,-0.0690813,-0.01577845,-0.068518625,0.0004820499999999,-0.0005626749999999,0.0007409287132545,1,0.292682154278495,1.3310428828388663,5.489753581249692e-07,False,False,neither
0.9625,0.4125,-0.00517538,-0.0403746,-0.0057590399999999,-0.0402032999999999,0.0005836599999999,-0.0001713,0.0006082784605754,1,0.3496307471294789,1.208407097396304,3.7000268559997853e-07,False,False,neither
0.9875,0.4125,-0.000691716,-0.0125196,-0.0006413317499999,-0.0128006224999999,-5.038425000000702e-05,0.0002810224999999,0.0002855034468343,0,0.2137071474469811,1.069358135295801,8.151221815426597e-08,False,False,neither
0.0124999999999999,0.4374999999999999,-0.000586124,0.0185671,-0.0004603065,0.0182159,-0.0001258175,0.0003511999999999,0.000373056943785,0,0.313844728109915,1.3741795470674143,1.3917148330620463e-07,False,False,neither
0.0375,0.4374999999999999,-0.00360696,0.0499133,-0.0038566625,0.0502509,0.0002497024999999,-0.0003376,0.0004199108220875,4,0.3097090326636988,1.1751021971858275,1.763250985062001e-07,False,False,neither
0.0625,0.4374999999999999,-0.00975105,0.0757867,-0.0099914725,0.0766971,0.0002404225,-0.0009104,0.0009416109273507,4,0.3267787696218322,1.020016666763068,8.866311385062452e-07,False,False,neither
0.0875,0.4374999999999999,-0.018052,0.0966441,-0.0182733,0.0980108,0.0002213,-0.0013667,0.0013845008414587,4,0.4393273697952409,0.904115474713822,1.9168425799998483e-06,False,False,neither
0.1124999999999999,0.4374999999999999,-0.0279101,0.11301,-0.028196275,0.11472475,0.0002861749999999,-0.00171475,0.0017384659022037,8,0.4304722906894341,0.8247330669762187,3.022263693124925e-06,False,False,neither
0.1374999999999999,0.4374999999999999,-0.0389396,0.12542,-0.0393373,0.12738675,0.0003977,-0.0019667499999999,0.0020065569646785,8,0.3418209059623115,0.7759802592695254,4.026270852499795e-06,False,False,neither
0.1625,0.4374999999999999,-0.0508096,0.13438,-0.051349725,0.136515,0.0005401249999999,-0.0021349999999999,0.0022022624765511,8,0.2792201877962364,0.7493593566694153,4.8499600156249854e-06,False,False,neither
0.1874999999999999,0.4374999999999999,-0.0632462,0.140335,-0.0639548,0.14256575,0.0007086,-0.00223075,0.0023405895672885,8,0.2371052656324885,0.7370761519001957,5.478359522499768e-06,False,False,neither
0.2125,0.4374999999999999,-0.0760336,0.143653,-0.076931325,0.14591925,0.000897725,-0.0022662499999999,0.0024375806116157,8,0.2111536651581765,0.7334485630199299,5.941799238124769e-06,False,False,neither
0.2375,0.4374999999999999,-0.0890022,0.144622,-0.090104875,0.14687,0.0011026749999999,-0.002248,0.0025038762260992,8,0.1986060145581931,0.7348847304360051,6.2693961556247725e-06,False,False,neither
0.2624999999999999,0.4374999999999999,-0.102017,0.14345,-0.1033375,0.14563025,0.0013205,-0.00218025,0.0025489625953513,8,0.1981953334758258,0.7395773300581893,6.497210312500035e-06,False,False,neither
0.2875,0.4374999999999999,-0.11497,0.140271,-0.116516,0.14233775,0.001546,-0.00206675,0.0025810020462022,8,0.2096579080266055,0.7468729447503101,6.661571562499942e-06,False,False,neither
0.3125,0.4374999999999999,-0.127765,0.135161,-0.1295455,0.1370704999999999,0.0017805,-0.0019094999999999,0.0026108179752713,8,0.2331393980332062,0.7568382630390723,6.8163704999997304e-06,False,False,neither
0.3375,0.4374999999999999,-0.14032,0.12815,-0.14233825,0.1298595,0.0020182499999999,-0.0017095,0.002644942969612,8,0.2688573172650399,0.7698354883999567,6.995723312499946e-06,False,False,neither
0.3624999999999999,0.4374999999999999,-0.152548,0.119239,-0.154808,0.1207049999999999,0.00226,-0.0014659999999999,0.0026938366691393,8,0.3169938876665186,0.7861884382258493,7.256755999999519e-06,False,False,neither
0.3874999999999999,0.4374999999999999,-0.164361,0.10841,-0.16686275,0.1095895,0.0025017499999999,-0.0011795,0.0027658585127406,8,0.3777565353390998,0.8060653387933265,7.649973312499644e-06,False,False,neither
0.4125,0.4374999999999999,-0.175657,0.095646,-0.17839725,0.09649675,0.0027402499999999,-0.00085075,0.0028692761500071,8,0.4513398620886895,0.8292800221300404,8.232745624999567e-06,False,False,neither
0.4374999999999999,0.4374999999999999,-0.186317,0.0809376,-0.1892897499999999,0.0814191,0.0029727499999999,-0.0004815,0.0030114921239312,8,0.5378505181784391,0.8554182149872658,9.06908481249965e-06,False,False,neither
0.4624999999999999,0.4374999999999999,-0.196203,0.0643008,-0.199395,0.064375225,0.003192,-7.442500000000296e-05,0.0031928675325833,8,0.6372364676574588,0.8836505092512538,1.0194403080624569e-05,False,False,neither
0.4875,0.4374999999999999,-0.205148,0.0457881,-0.2085395,0.045422225,0.0033914999999999,0.000365875,0.0034111782078374,5,0.7008001797837916,0.9129331446058906,1.1636136765624775e-05,False,False,neither
0.5125,0.4374999999999999,-0.212958,0.0255027,-0.21651925,0.024670525,0.0035612499999999,0.0008321749999999,0.0036571870054899,5,0.6982664570477384,0.9420754897183135,1.3375016793124181e-05,False,False,neither
0.5375,0.4374999999999999,-0.219405,0.00361318,-0.2230952499999999,0.00229972075,0.0036902499999999,0.00131345925,0.0039170295204287,5,0.7221835532220567,0.969877106803228,1.534312026390989e-05,False,False,neither
0.5625,0.4374999999999999,-0.224232,-0.0196298,-0.227996,-0.0214243,0.003764,0.0017945,0.0041698832417707,2,0.6745242833422458,0.995306506593823,1.7387926250000122e-05,False,False,neither
0.5874999999999999,0.4374999999999999,-0.227152,-0.0438772,-0.2309165,-0.0461313749999999,0.0037645,0.0022541749999999,0.0043877973039584,2,0.5767817894393289,1.0177696454286695,1.9252765180624603e-05,False,False,neither
0.6124999999999999,0.4374999999999999,-0.227854,-0.0686643,-0.23153175,-0.0713295749999999,0.00367775,0.0026652749999999,0.0045419748885396,2,0.5078391909585203,1.037438721452019,2.0629535888124313e-05,False,False,neither
0.6375,0.4374999999999999,-0.226019,-0.0933968,-0.229508,-0.096390875,0.0034889999999999,0.002994075,0.0045975652366905,2,0.4818271748137488,1.0556685292060193,2.1137606105624973e-05,False,False,neither
0.6625,0.4374999999999999,-0.221338,-0.117341,-0.22452575,-0.120543,0.0031877499999999,0.003202,0.0045182467907917,2,0.5010132225567562,1.0752499303957197,2.04145540624995e-05,False,False,neither
0.6875,0.4374999999999999,-0.213543,-0.139622,-0.21631725,-0.14287425,0.0027742499999999,0.00325225,0.0042747623471954,2,0.5506439644774735,1.1006168703050123,1.8273593124999523e-05,False,False,neither
0.7124999999999999,0.4374999999999999,-0.202443,-0.159244,-0.2047065,-0.1623542499999999,0.0022635,0.0031102499999999,0.0038466982351751,3,0.5369474231932356,1.1372393241530123,1.4797087312499228e-05,False,False,neither
0.7374999999999999,0.4374999999999999,-0.187977,-0.175122,-0.18966575,-0.1778827499999999,0.00168875,0.0027607499999999,0.003236296822759,3,0.4280212762636167,1.1899830509717355,1.0473617124999997e-05,False,False,neither
0.7625,0.4374999999999999,-0.170265,-0.186149,-0.1713675,-0.1883642499999999,0.0011025,0.0022152499999999,0.0024744370698201,3,0.3612373725822908,1.2610937865202572,6.122838812499883e-06,False,False,neither
0.7875,0.4374999999999999,-0.149661,-0.191292,-0.1502322499999999,-0.1928145,0.0005712499999999,0.0015225,0.0016261404651812,3,0.3650342201792015,1.34783179736939,2.64433281249973e-06,False,False,neither
0.8125,0.4374999999999999,-0.126798,-0.189723,-0.1269594999999999,-0.1904884999999999,0.0001614999999999,0.0007654999999999,0.0007823506247201,3,0.4530752034982747,1.4416826498227688,6.120724999999308e-07,False,False,neither
0.8375,0.4374999999999999,-0.102595,-0.180954,-0.1025186499999999,-0.1810097499999999,-7.63500000000722e-05,5.5749999999937794e-05,9.453774378524212e-05,6,0.4348157241574489,1.5294207192594196,8.937385000004084e-09,False,False,neither
0.8624999999999999,0.4374999999999999,-0.0782297,-0.164977,-0.0781049,-0.16448375,-0.0001247999999999,-0.0004932499999999,0.0005087932807142,6,0.3469095469769632,1.5954540062126519,2.588706024999188e-07,False,False,neither
0.8875,0.4374999999999999,-0.0550609,-0.142358,-0.0550467,-0.14156025,-1.4199999999943425e-05,-0.0007977499999999,0.0007978763704358,6,0.407687510750352,1.6253431659375814,6.366067024998059e-07,False,False,neither
0.9125,0.4374999999999999,-0.0344785,-0.114256,-0.034684525,-0.1134265,0.000206025,-0.0008294999999999,0.0008547026094641,1,0.5673399728399614,1.6093144887174788,7.305165506247419e-07,False,False,neither
0.9375,0.4374999999999999,-0.0177357,-0.0823394,-0.01823975,-0.081725575,0.0005040499999999,-0.0006138249999999,0.0007942591095637,1,0.3601115668886154,1.5427866791141285,6.308475331249216e-07,False,False,neither
0.9625,0.4374999999999999,-0.00606018,-0.0486168,-0.0067013399999999,-0.0484135499999999,0.0006411599999999,-0.00020325,0.0006726044217071,1,0.3302864386185387,1.4281705219881833,4.523967080999425e-07,False,False,neither
0.9875,0.4374999999999999,-0.000827322,-0.015304,-0.0007514982499999,-0.0155827999999999,-7.582375000000832e-05,0.0002787999999999,0.000288926774571,0,0.2757717199441061,1.2915107412397444,8.347868106400146e-08,False,False,neither
0.0124999999999999,0.4624999999999999,-0.000577385,0.0204164,-0.0004547284999999,0.020005975,-0.0001226565,0.0004104249999999,0.0004283611765989,0,0.3548449079888783,1.5074801100201125,1.8349329761719398e-07,False,False,neither
0.0375,0.4624999999999999,-0.00356798,0.0547543,-0.0038157449999999,0.0550965249999999,0.0002477649999999,-0.0003422249999999,0.0004224990483421,4,0.3192721771972838,1.27934752919269,1.7850544584998017e-07,False,False,neither
0.0625,0.4624999999999999,-0.00966422,0.0830004,-0.009896835,0.083968025,0.000232615,-0.0009676249999999,0.0009951923828335,4,0.3713685074157648,1.0966120536676407,9.904078788498195e-07,False,False,neither
0.0875,0.4624999999999999,-0.0179101,0.105695,-0.01811545,0.1071605,0.00020535,-0.0014655,0.0014798171753632,9,0.421184524859425,0.9561369821568456,2.1898588724999196e-06,False,False,neither
0.1124999999999999,0.4624999999999999,-0.027707,0.123444,-0.0279681249999999,0.1252895,0.0002611249999999,-0.0018455,0.0018638821088322,8,0.3968141812980579,0.8563114055645878,3.474056515624769e-06,False,False,neither
0.1374999999999999,0.4624999999999999,-0.0386667,0.13686,-0.039030425,0.1389814999999999,0.000363725,-0.0021214999999999,0.0021524539775857,8,0.3336358000319569,0.7919939725225187,4.633058125624501e-06,False,False,neither
0.1625,0.4624999999999999,-0.0504552,0.146519,-0.050953625,0.148827,0.000498425,-0.0023079999999999,0.0023612055142712,8,0.3039486465263054,0.7547035356721207,5.575291480624723e-06,False,False,neither
0.1874999999999999,0.4624999999999999,-0.0627975,0.152929,-0.063457525,0.15534725,0.0006600249999999,-0.0024182499999999,0.0025067042233029,8,0.294029515066612,0.7359879570454941,6.283566063124594e-06,False,False,neither
0.2125,0.4624999999999999,-0.0754787,0.156512,-0.076321925,0.1589755,0.000843225,-0.0024634999999999,0.0026038165547182,8,0.2930759461178957,0.7291739917056833,6.779860650624557e-06,False,False,neither
0.2375,0.4624999999999999,-0.0883338,0.157597,-0.089376525,0.1600485,0.0010427249999999,-0.0024515,0.0026640434823075,8,0.2950987219397933,0.7298720984884953,7.097127675625071e-06,False,False,neither
0.2624999999999999,0.4624999999999999,-0.101236,0.156422,-0.1024905,0.15881175,0.0012544999999999,-0.0023897499999999,0.0026990137666377,8,0.2979706896202689,0.7356827537464774,7.284675312499825e-06,False,False,neither
0.2875,0.4624999999999999,-0.114086,0.153145,-0.11556175,0.155426,0.0014757499999999,-0.002281,0.0027167626069459,8,0.3021013801549286,0.7456830342712646,7.3807990624994825e-06,False,False,neither
0.3125,0.4624999999999999,-0.126804,0.147854,-0.12850875,0.14998275,0.00170475,-0.0021287499999999,0.002727223702779,8,0.3096124023710282,0.7597479545217611,7.437749124999599e-06,False,False,neither
0.3375,0.4624999999999999,-0.139322,0.140586,-0.14126,0.14251825,0.0019379999999999,-0.00193225,0.0027366830401966,8,0.3238844001458981,0.7780365675210904,7.489434062499706e-06,False,False,neither
0.3624999999999999,0.4624999999999999,-0.151572,0.131339,-0.15374825,0.13303075,0.0021762499999999,-0.0016917499999999,0.0027564618852797,8,0.3488917569800548,0.8007167147000241,7.598082124999717e-06,False,False,neither
0.3874999999999999,0.4624999999999999,-0.163483,0.120088,-0.1659005,0.12149575,0.0024175,-0.0014077499999999,0.0027975107350106,8,0.3883231898129338,0.827780947835839,7.826066312499548e-06,False,False,neither
0.4125,0.4624999999999999,-0.174975,0.1068,-0.17763425,0.10788075,0.00265925,-0.00108075,0.0028704757663147,8,0.4447485555034495,0.8588256237653836,8.239631124999964e-06,False,False,neither
0.4374999999999999,0.4624999999999999,-0.18595,0.0914483,-0.1888477499999999,0.09215785,0.0028977499999999,-0.00070955,0.002983356543392,8,0.5193000374276473,0.8930980735059278,8.900416264999864e-06,False,False,neither
0.4624999999999999,0.4624999999999999,-0.196287,0.0740227,-0.1994169999999999,0.07431975,0.0031299999999999,-0.00029705,0.0031440640423661,8,0.6119531029942328,0.9294924220992874,9.885138702499462e-06,False,False,neither
0.4875,0.4624999999999999,-0.205837,0.0545467,-0.2091879999999999,0.054392075,0.0033509999999999,0.0001546249999999,0.0033545655293383,8,0.7219645390786915,0.9665994174051629,1.125310989062475e-05,False,False,neither
0.5125,0.4624999999999999,-0.21442,0.0330901,-0.21797075,0.032449775,0.00355075,0.0006403249999999,0.0036080246213302,5,0.7248888479251041,1.002799045887061,1.3017841668124933e-05,False,False,neither
0.5375,0.4624999999999999,-0.221817,0.00978649,-0.225537,0.0086341775,0.00372,0.0011523125,0.0038943836608192,5,0.7420600665568705,1.0363490918604599,1.5166224097655555e-05,False,False,neither
0.5625,0.4624999999999999,-0.227768,-0.0151494,-0.23161375,-0.01682745,0.00384575,0.00167805,0.0041959081096945,2,0.7083930594110862,1.0656102518726065,1.760564486500007e-05,False,False,neither
0.5874999999999999,0.4624999999999999,-0.231976,-0.0414007,-0.2358855,-0.0436001749999999,0.0039095,0.0021994749999999,0.0044857419147366,2,0.607642374931469,1.0892650821191323,2.012188052562478e-05,False,False,neither
0.6124999999999999,0.4624999999999999,-0.234104,-0.0685272,-0.2379959999999999,-0.07121815,0.0038919999999999,0.00269095,0.0047316884832478,2,0.5438494933328313,1.106669670680461,2.2388875902499863e-05,False,False,neither
0.6375,0.4624999999999999,-0.233787,-0.0959436,-0.23756,-0.0990626,0.0037729999999999,0.003119,0.0048952722089788,2,0.5345124681127609,1.118486401707236,2.3963690000000185e-05,False,False,neither
0.6625,0.4624999999999999,-0.230649,-0.122901,-0.2341835,-0.126342,0.0035344999999999,0.003441,0.0049328664334239,2,0.5796869143600192,1.1273234549586912,2.433317125000023e-05,False,False,neither
0.6875,0.4624999999999999,-0.224329,-0.148477,-0.2274957499999999,-0.152087,0.0031667499999999,0.00361,0.0048021251090012,3,0.62144768102932,1.1384237070616547,2.3060405562499792e-05,False,False,neither
0.7124999999999999,0.4624999999999999,-0.214524,-0.171577,-0.21719725,-0.1751567499999999,0.00267325,0.0035797499999999,0.004467759575559,3,0.4730830685442359,1.1597863123868983,1.9960875624999132e-05,False,False,neither
0.7374999999999999,0.4624999999999999,-0.20104,-0.190964,-0.20311925,-0.1942789999999999,0.00207925,0.0033149999999999,0.0039131196713747,3,0.3434140099276979,1.2008700812327704,1.5312505562499642e-05,False,False,neither
0.7625,0.4624999999999999,-0.183865,-0.205316,-0.1852965,-0.20812375,0.0014315,0.0028077499999999,0.003151611066185,3,0.2384372817209347,1.269367979586692,9.932652312499752e-06,False,False,neither
0.7875,0.4624999999999999,-0.163234,-0.21333,-0.1640387499999999,-0.2154205,0.0008047499999999,0.0020905,0.0022400475022865,3,0.1856602685700352,1.3669235153438544,5.0178128124999865e-06,False,False,neither
0.8125,0.4624999999999999,-0.1397,-0.213866,-0.1399832499999999,-0.21511025,0.0002832499999999,0.00124425,0.0012760833142863,3,0.2417748946378499,1.4860632690434148,1.628388624999908e-06,False,False,neither
0.8375,0.4624999999999999,-0.114173,-0.206123,-0.1141162499999999,-0.2065212499999999,-5.675000000007757e-05,0.0003982499999999,0.0004022730726757,3,0.3951809139704278,1.61093870103738,1.6182362499994902e-07,False,False,neither
0.8624999999999999,0.4624999999999999,-0.0879143,-0.189834,-0.0877371,-0.18952875,-0.0001771999999999,-0.0003052499999999,0.0003529552414966,6,0.4051106723729072,1.7205905304412203,1.2457740249992323e-07,False,False,neither
0.8875,0.4624999999999999,-0.062461,-0.165414,-0.0623696,-0.164669,-9.139999999994292e-05,-0.0007449999999999,0.0007505857446021,6,0.3021974015654318,1.7940973950374044,5.633789599998889e-07,False,False,neither
0.9125,0.4624999999999999,-0.0394651,-0.134023,-0.03961555,-0.1331595000000001,0.00015045,-0.0008634999999999,0.0008765086722331,6,0.4487859448657337,1.8156472014188216,7.68267452499832e-07,False,False,neither
0.9375,0.4624999999999999,-0.0204814,-0.0974981,-0.02098985,-0.096820825,0.00050845,-0.000677275,0.0008468900921164,1,0.4735653078533059,1.77640916127113,7.172228281249244e-07,False,False,neither
0.9625,0.4624999999999999,-0.00707358,-0.0581488,-0.0077671599999999,-0.0578977749999998,0.0006935799999999,-0.0002510250000001,0.0007376088170738,1,0.3443859719643261,1.6775312679582932,5.440667670250105e-07,False,False,neither
0.9875,0.4624999999999999,-0.000987294,-0.0185678,-0.0008775704999999,-0.0188291249999998,-0.0001097235,0.0002613249999998,0.0002834254788779,0,0.3536204578041299,1.5492705061413368,8.033000207716695e-08,False,False,neither
0.0124999999999999,0.4875,-0.000562444,0.0222348,-0.000444687,0.021766475,-0.000117757,0.0004683249999999,0.0004829026989715,0,0.3960902832432221,1.6388852235826952,2.3319501667395913e-07,False,False,neither
0.0375,0.4875,-0.00349477,0.0595302,-0.0037389199999999,0.0598728749999999,0.0002441499999999,-0.0003426749999999,0.0004207557226289,4,0.337136740248794,1.3825396328609318,1.7703537812496784e-07,False,False,neither
0.0625,0.4875,-0.00948878,0.0901288,-0.00971117,0.09114625,0.0002223899999999,-0.00101745,0.0010414709859616,4,0.4218060027803317,1.1723850209658087,1.0846618145998272e-06,False,False,neither
0.0875,0.4875,-0.0176059,0.114646,-0.01779215,0.116201,0.00018625,-0.001555,0.0015661143197417,9,0.4008741370501226,1.0067815513625584,2.452714062500008e-06,False,False,neither
0.1124999999999999,0.4875,-0.0272514,0.133762,-0.027482725,0.135729,0.000231325,-0.0019669999999999,0.0019805555421711,8,0.3836823560826901,0.8852850710725898,3.922600255624659e-06,False,False,neither
0.1374999999999999,0.4875,-0.0380344,0.148166,-0.038357925,0.1504335,0.0003235249999999,-0.0022675,0.0022904638559962,8,0.3552788510914506,0.8037749118876503,5.246224675624981e-06,False,False,neither
0.1625,0.4875,-0.0496181,0.158505,-0.05006675,0.1609775,0.00044865,-0.0024724999999999,0.002512875459011,12,0.3330477465898196,0.7542306165331663,6.314543072499745e-06,False,False,neither
0.1874999999999999,0.4875,-0.0617264,0.165352,-0.062327725,0.1679475,0.0006013249999999,-0.0025955,0.0026642469866033,12,0.2660738568049898,0.7278407053250044,7.098212005624763e-06,False,False,neither
0.2125,0.4875,-0.074146,0.169183,-0.07492185,0.17183275,0.00077585,-0.00264975,0.0027609995083303,12,0.2379752196670647,0.7171059238745696,7.623118285000158e-06,False,False,neither
0.2375,0.4875,-0.0867169,0.170373,-0.087683075,0.17301725,0.0009661749999999,-0.00264425,0.0028152357260316,12,0.2470759193992678,0.7167903665424084,7.92555219312467e-06,False,False,neither
0.2624999999999999,0.4875,-0.0993204,0.169195,-0.100488525,0.17178175,0.0011681249999999,-0.0025867499999999,0.0028382726398506,12,0.283368479612034,0.723926911973854,8.055791578124495e-06,False,False,neither
0.2875,0.4875,-0.11187,0.165832,-0.11324825,0.1683135,0.0013782499999999,-0.0024814999999999,0.0028385586681448,12,0.3362629968568048,0.7371474512361824,8.057415312499981e-06,False,False,neither
0.3125,0.4875,-0.1243,0.160389,-0.12589475,0.16272,0.00159475,-0.0023309999999999,0.0028243209028897,8,0.3909924616859559,0.7560620339628225,7.97678856249969e-06,False,False,neither
0.3375,0.4875,-0.136559,0.152909,-0.13837525,0.1550475,0.0018162499999999,-0.0021385,0.0028056988991158,8,0.3871410807455376,0.7806423273177032,7.871946312499613e-06,False,False,neither
0.3624999999999999,0.4875,-0.148601,0.143392,-0.15064275,0.145293,0.0020417499999999,-0.001901,0.0027897211442185,8,0.3895402807582198,0.8108957767802224,7.782544062499779e-06,False,False,neither
0.3874999999999999,0.4875,-0.160378,0.131805,-0.16264775,0.1334265,0.00226975,-0.0016214999999999,0.0027894492848051,8,0.4044957555053126,0.846518460991844,7.781027312499683e-06,False,False,neither
0.4125,0.4875,-0.171831,0.118103,-0.1743325,0.1194012499999999,0.0025014999999999,-0.0012982499999999,0.0028183249125145,8,0.4381934796419632,0.8868676694975411,7.942955312499863e-06,False,False,neither
0.4374999999999999,0.4875,-0.182888,0.102239,-0.18562175,0.103169375,0.00273375,-0.000930375,0.0028877303723036,8,0.4948625754295151,0.9309353038530656,8.338986703124688e-06,False,False,neither
0.4624999999999999,0.4875,-0.193453,0.0841781,-0.1964185,0.084696825,0.0029655,-0.0005187249999999,0.0030105258470282,8,0.5758661894799697,0.9773563445826707,9.063265875624862e-06,False,False,neither
0.4875,0.4875,-0.203403,0.0639115,-0.2065955,0.06397595,0.0031924999999999,-6.445000000000756e-05,0.0031931504901115,8,0.6803655456035307,1.0243865418327205,1.0196210052499314e-05,False,False,neither
0.5125,0.4875,-0.212578,0.0414725,-0.2159879999999999,0.041042525,0.0034099999999999,0.0004299749999999,0.0034370013821098,5,0.7353878085559596,1.0700282002134338,1.1812978500624675e-05,False,False,neither
0.5375,0.4875,-0.220779,0.0169527,-0.22438775,0.0159931,0.0036087499999999,0.0009596,0.003734154351724,5,0.7412058528449545,1.1120759967286407,1.3943908722499287e-05,False,False,neither
0.5625,0.4875,-0.227759,-0.00947798,-0.2315367499999999,-0.010993695,0.0037777499999999,0.0015157149999999,0.0040704774933323,2,0.7349908411242387,1.1482310671746343,1.6568787023724804e-05,False,False,neither
0.5874999999999999,0.4875,-0.233221,-0.0375481,-0.2371205,-0.0396325499999999,0.0038995,0.0020844499999999,0.0044216548997518,2,0.6256929989279647,1.1762993683582423,1.9551032052499096e-05,False,False,neither
0.6124999999999999,0.4875,-0.236816,-0.0668592,-0.2407699999999999,-0.0695032499999999,0.0039539999999999,0.0026440499999999,0.0047565866335535,2,0.5604516551565506,1.194589480866126,2.2625116402499816e-05,False,False,neither
0.6375,0.4875,-0.238147,-0.0968569,-0.24206275,-0.100020325,0.0039157499999999,0.003163425,0.0050339205191506,2,0.5627324994633329,1.2024221761577751,2.5340355793125445e-05,False,False,neither
0.6625,0.4875,-0.236778,-0.126803,-0.24054,-0.1304035000000001,0.003762,0.0036005,0.0052073260172569,2,0.6322482270572936,1.2011685868353368,2.7116244250000606e-05,False,False,neither
0.6875,0.4875,-0.232264,-0.155752,-0.2357324999999999,-0.1596537500000001,0.0034684999999999,0.00390175,0.0052205502882838,3,0.5899333146816405,1.1954693759356616,2.7254145312500063e-05,False,False,neither
0.7124999999999999,0.4875,-0.224183,-0.182538,-0.227208,-0.1865464999999999,0.003025,0.0040084999999999,0.0050218221045751,3,0.4416037515975079,1.1945925246710696,2.5218697249999086e-05,False,False,neither
0.7374999999999999,0.4875,-0.212194,-0.205789,-0.21463775,-0.2096532499999999,0.00244375,0.0038642499999999,0.0045721266523358,3,0.3258926131436841,1.2124999689896905,2.090434212499937e-05,False,False,neither
0.7625,0.4875,-0.196119,-0.223968,-0.1978815,-0.2274037499999999,0.0017625,0.0034357499999999,0.003861448473371,3,0.2428022574796391,1.264851953075932,1.4910784312499225e-05,False,False,neither
0.7875,0.4875,-0.17603,-0.235476,-0.1770842499999999,-0.23820675,0.0010542499999999,0.00273075,0.0029271895437432,3,0.1820195618436566,1.3619450635029302,8.568438624999523e-06,False,False,neither
0.8125,0.4875,-0.152346,-0.238808,-0.1527649999999999,-0.24062675,0.0004189999999999,0.00181875,0.0018663902492512,3,0.1545936746829819,1.5012014571002787,3.483412562499957e-06,False,False,neither
0.8375,0.4875,-0.125911,-0.23277,-0.1258707499999999,-0.2336027499999999,-4.025000000007495e-05,0.0008327499999999,0.0008337221509591,3,0.2307072987471155,1.6653967040918507,6.950926249998683e-07,False,False,neither
0.8624999999999999,0.4875,-0.0980228,-0.216726,-0.09777195,-0.21667775,-0.0002508499999999,-4.824999999994417e-05,0.0002554482041431,3,0.4185487135627481,1.827206091752105,6.52537849999349e-08,False,False,neither
0.8875,0.4875,-0.0703825,-0.190835,-0.0701782,-0.1901770000000001,-0.0002042999999999,-0.0006579999999999,0.000688986567358,6,0.3477254547326057,1.9568887997533229,4.7470248999975993e-07,False,False,neither
0.9125,0.4875,-0.0449202,-0.156179,-0.0449777,-0.1552840000000001,5.750000000006445e-05,-0.0008949999999999,0.0008968451650089,6,0.2986493767588545,2.030029347548453,8.043312499998411e-07,False,False,neither
0.9375,0.4875,-0.0235426,-0.114732,-0.024029925,-0.113974,0.000487325,-0.0007579999999999,0.0009011379781282,6,0.5901619518646862,2.031104523974333,8.120496556249801e-07,False,False,neither
0.9625,0.4875,-0.00822556,-0.069124,-0.0089619499999999,-0.0688022999999998,0.0007363899999999,-0.0003217000000001,0.0008035926344237,1,0.4018674063193478,1.9585382993647489,6.457611221000223e-07,False,False,neither
0.9875,0.4875,-0.0011749,-0.0223806,-0.0010207322499999,-0.0226023499999998,-0.00015416775,0.0002217499999998,0.0002700754665644,0,0.4473514544969762,1.84712366831332,7.294075763997835e-08,False,False,neither
0.0124999999999999,0.5125,-0.00054258,0.0240059,-0.0004310845,0.0234817749999999,-0.0001114954999999,0.000524125,0.0005358528362762,0,0.4369468576312864,1.7672595907095756,2.8713826214524795e-07,False,False,neither
0.0375,0.5125,-0.00339432,0.0642007,-0.0036333375,0.06453965,0.0002390174999999,-0.00033895,0.0004147486802947,4,0.3615496879922619,1.4839069001072676,1.720164678061953e-07,False,False,neither
0.0625,0.5125,-0.00924172,0.0971121,-0.0094514775,0.098171575,0.0002097574999999,-0.0010594749999999,0.0010800395754004,9,0.3928794083622604,1.2468240684912208,1.1664854844310763e-06,False,False,neither
0.0875,0.5125,-0.0171672,0.123418,-0.017331175,0.1250535,0.000163975,-0.0016355,0.0016436995013155,9,0.3959765318665014,1.0558331016102875,2.701748050624823e-06,False,False,neither
0.1124999999999999,0.5125,-0.0265799,0.143868,-0.02677725,0.14594725,0.0001973499999999,-0.00207925,0.0020885946435342,8,0.3920932341866844,0.9116181397975801,4.362227584999752e-06,False,False,neither
0.1374999999999999,0.5125,-0.0370851,0.159224,-0.037363375,0.16162875,0.000278275,-0.0024047499999999,0.002420797293894,12,0.3457042288357912,0.8112624009332617,5.860259538124513e-06,False,False,neither
0.1625,0.5125,-0.0483425,0.170205,-0.048735375,0.172833,0.000392875,-0.002628,0.0026572043138654,12,0.2411089908870068,0.7476688983259903,7.060734765624892e-06,False,False,neither
0.1874999999999999,0.5125,-0.0600746,0.177451,-0.060610075,0.180214,0.000535475,-0.002763,0.0028144097917014,12,0.1789393104694258,0.7121206127335453,7.920902475624719e-06,False,False,neither
0.2125,0.5125,-0.0720704,0.181497,-0.0727696,0.18432075,0.0006992,-0.00282375,0.0029090281371104,12,0.1646074694784615,0.6965484486609671,8.462444702500005e-06,False,False,neither
0.2375,0.5125,-0.0841754,0.182765,-0.085052875,0.18558725,0.000877475,-0.0028222499999999,0.002955513058358,12,0.189326392393205,0.6949391998872995,8.735057438124659e-06,False,False,neither
0.2624999999999999,0.5125,-0.0962807,0.181568,-0.09734595,0.184334,0.00106525,-0.0027659999999999,0.0029640367005993,12,0.2340804239084191,0.703599806586102,8.785513562499586e-06,False,False,neither
0.2875,0.5125,-0.108312,0.178117,-0.1095715,0.1807782499999999,0.0012594999999999,-0.0026612499999999,0.0029442472403824,12,0.2882091191909963,0.7206975694949999,8.668591812499377e-06,False,False,neither
0.3125,0.5125,-0.120222,0.172536,-0.1216787499999999,0.175048,0.0014567499999999,-0.002512,0.0029038361803827,12,0.348757966961213,0.7454814811918538,8.432264562499588e-06,False,False,neither
0.3375,0.5125,-0.131979,0.164879,-0.133635,0.16719925,0.0016559999999999,-0.00232025,0.0028505957381747,12,0.4159342924380972,0.7775584016651095,8.125896062499761e-06,False,False,neither
0.3624999999999999,0.5125,-0.143557,0.155149,-0.14541575,0.1572345,0.00185875,-0.0020854999999999,0.0027936108913912,8,0.4344169255619963,0.8166082627551599,7.804261812499537e-06,False,False,neither
0.3874999999999999,0.5125,-0.154933,0.143309,-0.156997,0.145118,0.002064,-0.001809,0.0027445540621383,8,0.4241851061663745,0.8621542483801838,7.5325769999998426e-06,False,False,neither
0.4125,0.5125,-0.166076,0.129301,-0.1683494999999999,0.1307915,0.0022734999999999,-0.0014905,0.0027185276345845,8,0.4310770730422015,0.9132325283299978,7.390392499999597e-06,False,False,neither
0.4374999999999999,0.5125,-0.176943,0.11306,-0.17942925,0.1141894999999999,0.00248625,-0.0011294999999999,0.0027307891373191,8,0.4639131857038659,0.9686002415857639,7.4572093124999945e-06,False,False,neither
0.4624999999999999,0.5125,-0.187468,0.094527,-0.19017075,0.0952513,0.00270275,-0.0007242999999999,0.0027981186630484,8,0.5277620207035114,1.026624814393262,7.829468052499765e-06,False,False,neither
0.4875,0.5125,-0.197559,0.0736611,-0.200481,0.07393645,0.0029219999999999,-0.00027535,0.0029349449096192,8,0.6227623127487684,1.0854068934367425,8.613901622499653e-06,False,False,neither
0.5125,0.5125,-0.207088,0.0504564,-0.2102292499999999,0.0502395,0.0031412499999999,0.0002168999999999,0.0031487294536844,5,0.7301500795305855,1.1426593972868733,9.914497172499659e-06,False,False,neither
0.5375,0.5125,-0.215886,0.0249585,-0.21923975,0.024208125,0.00335375,0.000750375,0.0034366701475592,5,0.7189999219484555,1.1958147497819218,1.1810701703124572e-05,False,False,neither
0.5625,0.5125,-0.223729,-0.00271517,-0.22728125,-0.004035571,0.0035522499999999,0.001320401,0.0037897148788927,2,0.7546913003862327,1.2420219596001516,1.436193886330071e-05,False,False,neither
0.5874999999999999,0.5125,-0.230336,-0.0323507,-0.23405875,-0.0342684749999999,0.0037227499999999,0.0019177749999999,0.0041876877287024,2,0.6301873075226054,1.2783334416168577,1.753672851312467e-05,False,False,neither
0.6124999999999999,0.5125,-0.235364,-0.0636079,-0.2392075,-0.066134775,0.0038435,0.002526875,0.0045997379833665,2,0.5543439122718982,1.3018414114614727,2.1157589515624516e-05,False,False,neither
0.6375,0.5125,-0.238398,-0.0959863,-0.2422895,-0.0991083500000001,0.0038914999999999,0.00312205,0.0049890849313777,2,0.5608362628070936,1.3102602259475025,2.4890968452500032e-05,False,False,neither
0.6625,0.5125,-0.238964,-0.128787,-0.24279775,-0.132452,0.0038337499999999,0.003665,0.0053037594272836,2,0.6522545335490031,1.3028630502474157,2.812986406249966e-05,False,False,neither
0.6875,0.5125,-0.23654,-0.161076,-0.24017875,-0.1651767500000001,0.0036387499999999,0.00410075,0.0054823947436317,3,0.5658896376802651,1.2820695204239123,3.0056652125000496e-05,False,False,neither
0.7124999999999999,0.5125,-0.23059,-0.191652,-0.23387125,-0.1960134999999999,0.00328125,0.0043614999999999,0.005457956010495,3,0.4283760156263607,1.2557864944328712,2.9789283812498496e-05,False,False,neither
0.7374999999999999,0.5125,-0.22062,-0.219035,-0.223373,-0.2234074999999999,0.002753,0.0043724999999998,0.0051669880249521,3,0.3581996833890661,1.2400590450458395,2.6697765249998405e-05,False,False,neither
0.7625,0.5125,-0.206262,-0.241494,-0.2083365,-0.2455629999999999,0.0020745,0.0040689999999999,0.0045673089724694,3,0.3474683457201187,1.2589492094600163,2.086031124999949e-05,False,False,neither
0.7875,0.5125,-0.187378,-0.257125,-0.1886887499999999,-0.26055,0.0013107499999999,0.003425,0.0036672456370551,3,0.3492098228903911,1.3368663927259148,1.3448690562499667e-05,False,False,neither
0.8125,0.5125,-0.164194,-0.264014,-0.1647622499999999,-0.26649675,0.0005682499999999,0.0024827499999999,0.0025469502596242,3,0.3260957915200537,1.483583052073594,6.486955624999779e-06,False,False,neither
0.8375,0.5125,-0.137414,-0.260484,-0.1373932499999999,-0.2618542499999999,-2.075000000009708e-05,0.0013702499999999,0.0013704071019226,3,0.2856153110963316,1.6844876163391644,1.8780156249998995e-06,False,False,neither
0.8624999999999999,0.5125,-0.108309,-0.245411,-0.10796375,-0.2457035,-0.0003452499999999,0.0002925,0.0004524973066217,3,0.3188146706108358,1.9054283561330767,2.0475381249989276e-07,False,False,neither
0.8875,0.5125,-0.0787015,-0.218555,-0.078343675,-0.2180295000000001,-0.0003578249999999,-0.0005254999999999,0.0006357585867488,3,0.5164970426413192,2.105070436588761,4.0418898062483146e-07,False,False,neither
0.9125,0.5125,-0.0508025,-0.180803,-0.0507206,-0.1798797500000001,-8.189999999992648e-05,-0.0009232499999998,0.0009268754892107,6,0.2648682436989326,2.2467290319074977,8.590981724995745e-07,False,False,neither
0.9375,0.5125,-0.0269186,-0.134199,-0.027350275,-0.1333355,0.0004316749999999,-0.0008635,0.0009653888105965,6,0.4297715241824081,2.3048185138235935,9.31975555624925e-07,False,False,neither
0.9625,0.5125,-0.0095245,-0.0816979,-0.0102881899999999,-0.0812731999999998,0.0007636899999999,-0.0004247000000001,0.0008738378030848,1,0.5013863245823534,2.2727408486443497,7.635925061000696e-07,False,False,neither
0.9875,0.5125,-0.0013936,-0.0268175,-0.0011819484999999,-0.0269687499999998,-0.0002116515,0.0001512499999998,0.000260140192881,1,0.5411132736484617,2.1896825241926647,6.767291995216387e-08,False,False,neither
0.0124999999999999,0.5375,-0.000519715,0.0257174,-0.0004152554999999,0.0251406,-0.0001044595,0.0005768,0.0005861825885679,0,0.4769621672787597,1.8917779849483656,3.436100271401639e-07,False,False,neither
0.0375,0.5375,-0.00327709,0.0687356,-0.0035095574999999,0.0690669999999999,0.0002324674999999,-0.0003313999999999,0.0004048050130078,4,0.3906307071245617,1.5828609161115323,1.6386709855624514e-07,False,False,neither
0.0625,0.5375,-0.00894843,0.103903,-0.00914298,0.10499675,0.00019455,-0.00109375,0.0011109179830212,9,0.3595205766679472,1.3195323316331282,1.234138764999891e-06,False,False,neither
0.0875,0.5375,-0.0166356,0.131946,-0.0167739,0.133653,0.0001383,-0.0017069999999999,0.0017125933230046,9,0.405980499593552,1.103054589661364,2.932975889999938e-06,False,False,neither
0.1124999999999999,0.5375,-0.0257483,0.153676,-0.025907975,0.1558585,0.000159675,-0.0021825,0.002188333236878,12,0.4108774013508486,0.9351934640062451,4.788802355624945e-06,False,False,neither
0.1374999999999999,0.5375,-0.0358848,0.169926,-0.036114175,0.17245875,0.0002293749999999,-0.00253275,0.0025431153047247,12,0.2627375886061964,0.8143542691973806,6.467435453125005e-06,False,False,neither
0.1625,0.5375,-0.0466997,0.181489,-0.04703335,0.184262,0.00033365,-0.0027729999999999,0.0027930004157715,12,0.1636727434054697,0.7347382443101762,7.800851322499773e-06,False,False,neither
0.1874999999999999,0.5375,-0.0579141,0.189074,-0.0583799,0.19199225,0.0004657999999999,-0.00291825,0.0029551908064455,12,0.1227337082744532,0.6882902926091578,8.733152702500005e-06,False,False,neither
0.2125,0.5375,-0.0693197,0.193278,-0.069937425,0.19626175,0.0006177249999999,-0.00298375,0.0030470228483103,12,0.1373085065913478,0.6668126160564152,9.284348238125014e-06,False,False,neither
0.2375,0.5375,-0.0807693,0.194577,-0.081550925,0.19755925,0.0007816249999999,-0.00298225,0.0030829778953351,12,0.1750777144605256,0.6636195390764199,9.504752703124843e-06,False,False,neither
0.2624999999999999,0.5375,-0.0921653,0.193325,-0.0931169249999999,0.196249,0.0009516249999999,-0.002924,0.0030749579087566,12,0.2178133574104045,0.6742472289420255,9.455366140624764e-06,False,False,neither
0.2875,0.5375,-0.103449,0.189766,-0.1045727499999999,0.1925819999999999,0.0011237499999999,-0.0028159999999999,0.0030319416324362,12,0.2626078709191243,0.6961286571690609,9.192670062499888e-06,False,False,neither
0.3125,0.5375,-0.11459,0.184047,-0.11588625,0.1867097499999999,0.0012962499999999,-0.0026627499999999,0.0029615032711445,12,0.3111680439918826,0.7279478676388854,8.770501624999574e-06,False,False,neither
0.3375,0.5375,-0.125579,0.176235,-0.127046,0.1787035,0.001467,-0.0024685,0.0028715120146013,12,0.3662890010999751,0.7689125593980112,8.245581249999615e-06,False,False,neither
0.3624999999999999,0.5375,-0.136415,0.166337,-0.1380529999999999,0.16857125,0.0016379999999999,-0.0022342499999999,0.0027703640667789,12,0.4307518053812773,0.818154948160799,7.674917062499727e-06,False,False,neither
0.3874999999999999,0.5375,-0.1471,0.154316,-0.14891125,0.15627625,0.0018112499999999,-0.0019602499999999,0.0026689336119506,8,0.4457858000663879,0.8748469863924777,7.123206624999676e-06,False,False,neither
0.4125,0.5375,-0.157636,0.140104,-0.1596219999999999,0.1417515,0.0019859999999999,-0.0016474999999999,0.0025803976922172,8,0.4236624180012504,0.9377750376289614,6.658452249999852e-06,False,False,neither
0.4374999999999999,0.5375,-0.168009,0.123622,-0.1701755,0.1249155,0.0021665,-0.0012935,0.0025232646512009,8,0.4270499127011881,1.0054869898710774,6.3668644999999995e-06,False,False,neither
0.4624999999999999,0.5375,-0.17819,0.104785,-0.180544,0.1056837499999999,0.002354,-0.0008987499999999,0.002519735613611,8,0.4674984840453268,1.076233181144309,6.349067562499603e-06,False,False,neither
0.4875,0.5375,-0.188122,0.0835227,-0.19067225,0.08398455,0.0025502499999999,-0.0004618499999999,0.0025917331045074,8,0.5486450088274375,1.1479941809347292,6.7170804849995645e-06,False,False,neither
0.5125,0.5375,-0.197718,0.0597901,-0.20047225,0.0597716249999999,0.00275425,1.8475000000003905e-05,0.0027543119627458,8,0.6667353035902257,1.2183854559670353,7.586234388124621e-06,False,False,neither
0.5375,0.5375,-0.206844,0.0335845,-0.20980925,0.033041975,0.00296525,0.000542525,0.0030144719169574,5,0.6768393152066773,1.2846849265107767,9.087040938124823e-06,False,False,neither
0.5625,0.5375,-0.215317,0.00496567,-0.218493,0.00385662725,0.0031759999999999,0.0011090427499999,0.0033640677492178,5,0.6979403797366015,1.343717510686305,1.1316951821327315e-05,False,False,neither
0.5874999999999999,0.5375,-0.222885,-0.0259189,-0.22626425,-0.0276331249999999,0.00337925,0.0017142249999999,0.0037891816943932,2,0.6250357680359258,1.3919099713645275,1.4357897913124523e-05,False,False,neither
0.6124999999999999,0.5375,-0.229227,-0.0588024,-0.23278275,-0.06115175,0.00355575,0.00234935,0.0042617840730145,2,0.5266552162473018,1.425395175085141,1.816280348500006e-05,False,False,neither
0.6375,0.5375,-0.233933,-0.0932604,-0.23761675,-0.0962570750000001,0.00368375,0.0029966750000001,0.0047486919375893,2,0.5259123655714446,1.440275063008452,2.2550075118125617e-05,False,False,neither
0.6625,0.5375,-0.23651,-0.128664,-0.24023825,-0.1322895000000001,0.00372825,0.0036255000000001,0.0052003940535791,2,0.6350521516040275,1.4334046122780548,2.7044098312500865e-05,False,False,neither
0.6875,0.5375,-0.236383,-0.164128,-0.2400319999999999,-0.1683140000000001,0.0036489999999999,0.0041860000000001,0.0055531789994561,3,0.5409657202852511,1.4038329629980915,3.0837797000000254e-05,False,False,neither
0.7124999999999999,0.5375,-0.232916,-0.198461,-0.23632375,-0.2030677499999999,0.0034077499999999,0.0046067499999999,0.0057301750082348,3,0.413649308307619,1.3555364020195106,3.283490562499869e-05,False,False,neither
0.7374999999999999,0.5375,-0.225466,-0.230123,-0.22843875,-0.2349219999999999,0.00297275,0.0047989999999999,0.0056451433606684,3,0.3993796740851321,1.3019800167437288,3.186764356249851e-05,False,False,neither
0.7625,0.5375,-0.213459,-0.257222,-0.2158015,-0.2618902499999999,0.0023425,0.0046682499999999,0.0052230129535067,3,0.4646401456518784,1.2712019907158738,2.727986431249878e-05,False,False,neither
0.7875,0.5375,-0.196514,-0.277566,-0.1980742499999999,-0.28171075,0.0015602499999999,0.00414475,0.0044286942347604,3,0.5297876878884799,1.304116586966058,1.9613332625000003e-05,False,False,neither
0.8125,0.5375,-0.174596,-0.288806,-0.1753257499999999,-0.29203125,0.0007297499999999,0.00322525,0.0033067767727804,3,0.5459936666713376,1.4345596493697987,1.0934772624999958e-05,False,False,neither
0.8375,0.5375,-0.148188,-0.288701,-0.1481927499999999,-0.2907154999999999,4.7499999999423e-06,0.0020144999999999,0.002014505600017,3,0.4988161156416341,1.6611382692599674,4.058232812499852e-06,False,False,neither
0.8624999999999999,0.5375,-0.118442,-0.275501,-0.11798625,-0.27623375,-0.0004557499999999,0.00073275,0.0008629198253603,3,0.4192802561756276,1.9444141949697855,7.446306249998508e-07,False,False,neither
0.8875,0.5375,-0.087237,-0.248394,-0.086682325,-0.2480595000000001,-0.0005546749999999,-0.0003344999999999,0.0006477303494702,3,0.4393019439118085,2.227927069460758,4.195546056247874e-07,False,False,neither
0.9125,0.5375,-0.0570404,-0.207901,-0.056763375,-0.2069575000000001,-0.0002770249999999,-0.0009434999999998,0.000983328582227,6,0.4171568430243179,2.457924962854644,9.66935100624562e-07,False,False,neither
0.9375,0.5375,-0.0305972,-0.156024,-0.03092795,-0.15502625,0.00033075,-0.0009977499999999,0.0010511425331514,6,0.3010870310466116,2.593935394831568,1.1049006249999418e-06,False,False,neither
0.9625,0.5375,-0.0109766,-0.0960219,-0.0117446749999999,-0.0954508499999998,0.0007680749999999,-0.0005710500000001,0.0009570983795436,1,0.6363957162733495,2.62086747662544,9.160373081249849e-07,False,False,neither
0.9875,0.5375,-0.00164703,-0.0319583,-0.0013619192499999,-0.0319968249999998,-0.00028511075,3.852499999981718e-05,0.0002877017820427,1,0.603467440641535,2.581553668703016,8.277231539054525e-08,False,False,neither
0.0124999999999999,0.5625,-0.000496565,0.0273634,-0.0003990599999999,0.02673785,-9.750500000000006e-05,0.0006255499999999,0.0006331034887954,0,0.515873515570788,2.0120257983778655,4.008200275249071e-07,False,False,neither
0.0375,0.5625,-0.00315776,0.0731198,-0.0033822575,0.0734399249999999,0.0002244974999999,-0.0003201249999999,0.0003909976254803,4,0.4227578754347791,1.679064609107452,1.5287914313123295e-07,False,False,neither
0.0625,0.5625,-0.00864445,0.110474,-0.00882066,0.111594,0.00017621,-0.0011199999999999,0.0011337768581603,9,0.3357553106137708,1.3901358824734509,1.2854499640998408e-06,False,False,neither
0.0875,0.5625,-0.0160693,0.140182,-0.016178,0.141953,0.0001086999999999,-0.0017709999999999,0.0017743327450058,9,0.4285636964594182,1.1481035910827035,3.1482566899998177e-06,False,False,neither
0.1124999999999999,0.5625,-0.0248345,0.163114,-0.024953125,0.1653925,0.000118625,-0.0022784999999999,0.0022815858828071,12,0.3373042304581856,0.9557798460419635,5.205634140624654e-06,False,False,neither
0.1374999999999999,0.5625,-0.0345263,0.180173,-0.0347048,0.182827,0.0001784999999999,-0.0026539999999999,0.0026599959116509,12,0.1927393080589057,0.812843477036016,7.075578249999501e-06,False,False,neither
0.1625,0.5625,-0.0447917,0.192229,-0.0450657,0.19513875,0.000274,-0.0029097499999999,0.0029226222921376,12,0.122408414540808,0.7150724774258901,8.541721062499638e-06,False,False,neither
0.1874999999999999,0.5625,-0.0553501,0.200065,-0.055746925,0.20312775,0.000396825,-0.00306275,0.0030883503109467,12,0.1330130181371818,0.6557480050293711,9.537907643124578e-06,False,False,neither
0.2125,0.5625,-0.0659977,0.204346,-0.0665345,0.20747425,0.0005367999999999,-0.00312825,0.0031739726373269,12,0.1715295969423774,0.6271487660451864,1.0074102302499878e-05,False,False,neither
0.2375,0.5625,-0.0765969,0.205604,-0.077281675,0.2087264999999999,0.000684775,-0.0031224999999999,0.0031967050302811,12,0.2069987266530943,0.6222087556246697,1.0218923050624487e-05,False,False,neither
0.2624999999999999,0.5625,-0.0870642,0.204241,-0.087898175,0.2072967499999999,0.000833975,-0.0030557499999999,0.0031675104361508,12,0.2358855895564863,0.6355360756306444,1.0033122363124231e-05,False,False,neither
0.2875,0.5625,-0.0973588,0.200535,-0.0983388249999999,0.203474,0.0009800249999999,-0.0029389999999999,0.0030980913480117,12,0.261485614390691,0.6636084549190132,9.598170000624953e-06,False,False,neither
0.3125,0.5625,-0.107472,0.194658,-0.1085925,0.19743625,0.0011205,-0.00277825,0.0029956957977238,12,0.2889551953814614,0.7040862974607587,8.974193312500033e-06,False,False,neither
0.3375,0.5625,-0.117415,0.186696,-0.118672,0.18927325,0.0012569999999999,-0.00257725,0.0028674494873493,12,0.3238650071944078,0.7554054728422346,8.222266562499763e-06,False,False,neither
0.3624999999999999,0.5625,-0.127217,0.176663,-0.12860575,0.1790025,0.0013887499999999,-0.0023395,0.0027206408826782,12,0.3712171272646869,0.816178394715273,7.401886812500015e-06,False,False,neither
0.3874999999999999,0.5625,-0.136908,0.164522,-0.1384274999999999,0.1665879999999999,0.0015194999999999,-0.0020659999999999,0.0025646123001342,12,0.4345679305350132,0.8849904372364711,6.577236249999632e-06,False,False,neither
0.4125,0.5625,-0.14652,0.150201,-0.1481715,0.151958,0.0016515,-0.001757,0.0024113276944455,8,0.4171563157979223,0.9604582978974152,5.814501249999849e-06,False,False,neither
0.4374999999999999,0.5625,-0.156075,0.133606,-0.15786475,0.1350175,0.00178975,-0.0014115,0.0022793721312019,8,0.3866074833861059,1.040969328078402,5.195537312499892e-06,False,False,neither
0.4624999999999999,0.5625,-0.165582,0.114632,-0.16751775,0.11566225,0.0019357499999999,-0.0010302499999999,0.0021928390558816,8,0.3964781091336242,1.1247851657645562,4.808543124999706e-06,False,False,neither
0.4875,0.5625,-0.175025,0.0931819,-0.17712075,0.09379145,0.00209575,-0.00060955,0.0021825946176512,8,0.4589097518288245,1.2099153763879522,4.763719264999989e-06,False,False,neither
0.5125,0.5625,-0.18436,0.0691716,-0.1866305,0.06932055,0.0022705,-0.00014895,0.0022753804852156,8,0.5700597654082101,1.2941331191573764,5.177356352499979e-06,False,False,neither
0.5375,0.5625,-0.193501,0.0425511,-0.19596275,0.0421971749999999,0.0024617499999999,0.000353925,0.0024870617137748,5,0.6192722556787331,1.3746619912531226,6.185475968124446e-06,False,False,neither
0.5625,0.5625,-0.202309,0.0133206,-0.204978,0.01241977,0.002669,0.00090083,0.0028169230889217,5,0.6144122655886507,1.4483218952032035,7.935055688900173e-06,False,False,neither
0.5874999999999999,0.5625,-0.21058,-0.0184443,-0.21346725,-0.0199374249999999,0.00288725,0.0014931249999999,0.0032504822454714,2,0.620136761694671,1.5112589517167467,1.0565634828124794e-05,False,False,neither
0.6124999999999999,0.5625,-0.218031,-0.0525621,-0.221134,-0.05469065,0.0031029999999999,0.00212855,0.003762889063273,2,0.4856788755715386,1.5589658997232752,1.4159334102499555e-05,False,False,neither
0.6375,0.5625,-0.224282,-0.0887029,-0.2275785,-0.0915020750000001,0.0032965,0.0027991750000001,0.0043246147725116,2,0.4590464001165962,1.5862891961165215,1.870229293062556e-05,False,False,neither
0.6625,0.5625,-0.228844,-0.126337,-0.23228175,-0.1298217500000001,0.00343775,0.00348475,0.0048950595118957,2,0.5783001671126274,1.5878587459846671,2.3961607625000567e-05,False,False,neither
0.6875,0.5625,-0.231116,-0.164669,-0.234598,-0.1688152500000001,0.003482,0.0041462500000001,0.0054143986796781,3,0.5135911232430286,1.5591452394180603,2.9315713062499956e-05,False,False,neither
0.7124999999999999,0.5625,-0.230392,-0.202567,-0.23377,-0.2072859999999999,0.0033779999999999,0.0047189999999999,0.0058034338972714,3,0.3819613210236964,1.4987523078881315,3.3679844999998704e-05,False,False,neither
0.7374999999999999,0.5625,-0.225896,-0.238493,-0.22897075,-0.2435992499999999,0.00307475,0.0051062499999998,0.0059605265392412,3,0.4197671502290827,1.413330268691646,3.552787662499868e-05,False,False,neither
0.7625,0.5625,-0.216852,-0.270454,-0.21939175,-0.2756419999999999,0.00253975,0.0051879999999998,0.0057763028021822,3,0.5582775941010019,1.3262597973247927,3.336567406249793e-05,False,False,neither
0.7875,0.5625,-0.202608,-0.296009,-0.2043949999999999,-0.3008570000000001,0.0017869999999999,0.004848,0.0051668629747652,3,0.6898579981849894,1.2875751549327132,2.6696472999999496e-05,False,False,neither
0.8125,0.5625,-0.182812,-0.312376,-0.1837139999999999,-0.31639925,0.0009019999999999,0.00402325,0.0041231231563585,7,0.6569685037753232,1.3647496398973695,1.700014456249968e-05,False,False,neither
0.8375,0.5625,-0.157636,-0.316691,-0.1576827499999999,-0.31945775,4.674999999992879e-05,0.0027667499999999,0.0027671449410899,7,0.5241127516155792,1.5918199350429056,7.657091124999427e-06,False,False,neither
0.8624999999999999,0.5625,-0.128004,-0.306438,-0.1274295,-0.3077285,-0.0005744999999999,0.0012905,0.0014126006158855,7,0.4230927783538368,1.933113633623228,1.9954405000000935e-06,False,False,neither
0.8875,0.5625,-0.0957437,-0.280027,-0.094950575,-0.27996375,-0.0007931249999999,-6.324999999995917e-05,0.0007956430280753,3,0.5245042697365624,2.312829814231908,6.330478281248325e-07,False,False,neither
0.9125,0.5625,-0.0635259,-0.237383,-0.0629902,-0.2364365000000001,-0.0005356999999999,-0.0009464999999998,0.0010875829807419,3,0.5978403579419168,2.6533632353381247,1.1828367399994359e-06,False,False,neither
0.9375,0.5625,-0.0345522,-0.180288,-0.034724625,-0.1791202499999999,0.000172425,-0.00116775,0.0011804111330909,6,0.3049920318873814,2.8928982337482942,1.3933704431249423e-06,False,False,neither
0.9625,0.5625,-0.0125855,-0.112237,-0.0133258499999999,-0.1114627499999998,0.0007403499999999,-0.0007742500000001,0.0010712521575241,6,0.6325571221478895,3.002652565394971,1.1475811850000392e-06,False,False,neither
0.9875,0.5625,-0.00193905,-0.0378861,-0.0015610014999999,-0.0377560249999997,-0.0003780485,-0.0001300750000002,0.0003998001675553,1,0.6977667106759271,3.0272287795615975,1.5984017397724595e-07,False,False,neither
0.0124999999999999,0.5874999999999999,-0.000476855,0.028947,-0.00038500725,0.02827665,-9.184774999999996e-05,0.00067035,0.0006766129851547,0,0.5536564182277478,2.128198817192634,4.5780513167995434e-07,False,False,neither
0.0375,0.5874999999999999,-0.00305632,0.0773584,-0.00327125,0.0776638249999999,0.0002149299999999,-0.0003054249999999,0.0003734693234055,4,0.4567404411399804,1.7724637925029556,1.3947933552496196e-07,False,False,neither
0.0625,0.5874999999999999,-0.00837784,0.11682,-0.0085315825,0.11796075,0.0001537425,-0.00114075,0.0011510635598464,9,0.3225675580294077,1.4583984337594993,1.324947318806267e-06,False,False,neither
0.0875,0.5874999999999999,-0.0155464,0.148104,-0.0156205,0.149932,7.410000000000229e-05,-0.0018279999999999,0.0018295012462417,8,0.4548586324468215,1.1905884033556686,3.3470748099999335e-06,False,False,neither
0.1124999999999999,0.5874999999999999,-0.0239428,0.172131,-0.02401705,0.1745012499999999,7.425000000000487e-05,-0.0023702499999999,0.0023714126855104,12,0.2719533152352396,0.972963625246083,5.623598124999647e-06,False,False,neither
0.1374999999999999,0.5874999999999999,-0.0331332,0.189882,-0.033260825,0.1926514999999999,0.0001276249999999,-0.0027694999999999,0.002772439068875,12,0.1477062594288202,0.8063390848222601,7.686418390624477e-06,False,False,neither
0.1625,0.5874999999999999,-0.042754,0.202308,-0.04297185,0.2053472499999999,0.00021785,-0.0030392499999999,0.0030470476177769,12,0.1420383713589948,0.6881586389924929,9.284499184999883e-06,False,False,neither
0.1874999999999999,0.5874999999999999,-0.0525236,0.210274,-0.052857275,0.2134697499999999,0.000333675,-0.0031957499999999,0.0032131226350895,12,0.1922314170233188,0.613719924610567,1.0324157068124494e-05,False,False,neither
0.2125,0.5874999999999999,-0.0622455,0.214518,-0.06270805,0.21777525,0.00046255,-0.00325725,0.0032899285805318,12,0.2356883172471251,0.5767105621678869,1.0823630064999983e-05,False,False,neither
0.2375,0.5874999999999999,-0.0717956,0.215637,-0.07238925,0.21887625,0.00059365,-0.0032392499999999,0.0032931991869609,12,0.2627132611432825,0.5701808461882949,1.0845160884999933e-05,False,False,neither
0.2624999999999999,0.5874999999999999,-0.0811089,0.21408,-0.08182825,0.21723925,0.00071935,-0.00315925,0.0032401118784696,12,0.2756738106582174,0.5876411911532411,1.04983249849998e-05,False,False,neither
0.2875,0.5874999999999999,-0.0901664,0.210167,-0.0910016,0.2131934999999999,0.0008352,-0.0030264999999999,0.0031396275718626,12,0.2796687513715582,0.6239294307467793,9.857261289999845e-06,False,False,neither
0.3125,0.5874999999999999,-0.0989832,0.204097,-0.0999229,0.20694825,0.0009397,-0.0028512499999999,0.0030021097002774,12,0.2813975201500851,0.6752153849905969,9.012662652499661e-06,False,False,neither
0.3375,0.5874999999999999,-0.107599,0.195974,-0.10863275,0.1986134999999999,0.00103375,-0.0026394999999999,0.0028347132681278,12,0.2893177538632454,0.7386241512542084,8.035599312499792e-06,False,False,neither
0.3624999999999999,0.5874999999999999,-0.116068,0.185823,-0.11718825,0.1882177499999999,0.00112025,-0.0023947499999999,0.0026438206491741,12,0.3126299118127105,0.8120135838765261,6.98978762499936e-06,False,False,neither
0.3874999999999999,0.5874999999999999,-0.124454,0.173612,-0.12565525,0.17573075,0.00120125,-0.00211875,0.0024355909190584,12,0.3584734706073305,0.8935277264864253,5.932103124999742e-06,False,False,neither
0.4125,0.5874999999999999,-0.132819,0.159265,-0.134103,0.1610772499999999,0.001284,-0.0018122499999999,0.0022210146470701,8,0.4135759030408669,0.9815736773161758,4.932906062499921e-06,False,False,neither
0.4374999999999999,0.5874999999999999,-0.141224,0.142677,-0.142595,0.14415325,0.001371,-0.00147625,0.0020146848543879,8,0.3473924260496321,1.0746008905635616,4.058955062499994e-06,False,False,neither
0.4624999999999999,0.5874999999999999,-0.149716,0.123729,-0.15118375,0.1248369999999999,0.00146775,-0.0011079999999999,0.0018390089892385,8,0.3187992625864148,1.1709801731882568,3.3819540625000095e-06,False,False,neither
0.4875,0.5874999999999999,-0.158322,0.102296,-0.159903,0.1030032999999999,0.001581,-0.0007072999999999,0.0017320029705517,8,0.3567042307942361,1.2689672873908135,2.9998342899999133e-06,False,False,neither
0.5125,0.5874999999999999,-0.167044,0.0782616,-0.16876,0.0785337999999999,0.001716,-0.0002721999999999,0.0017374547015678,8,0.4609682791464005,1.366577909274111,3.018748840000053e-06,False,False,neither
0.5375,0.5874999999999999,-0.175849,0.0515302,-0.17772425,0.0513297999999999,0.00187525,0.0002004,0.0018859275496423,5,0.5558394399760948,1.4613483169648502,3.5567227224998094e-06,False,False,neither
0.5625,0.5874999999999999,-0.184653,0.0220439,-0.18671425,0.0213293749999999,0.00206125,0.000714525,0.002181581430551,5,0.5133476455852336,1.550259927213498,4.759297538124947e-06,False,False,neither
0.5874999999999999,0.5874999999999999,-0.193307,-0.0101958,-0.195583,-0.0114707699999999,0.002276,0.0012749699999999,0.0026087783541151,5,0.5664280570094696,1.6295376542826496,6.80572450089949e-06,False,False,neither
0.6124999999999999,0.5874999999999999,-0.201584,-0.0450984,-0.204095,-0.046984425,0.002511,0.001886025,0.0031404157846732,2,0.4522768752677782,1.6944508384653716,9.862211300624589e-06,False,False,neither
0.6375,0.5874999999999999,-0.209152,-0.0824431,-0.21190575,-0.0849920000000001,0.00275375,0.0025489000000001,0.0037523366416808,2,0.3701009186517156,1.7391601186883283,1.4080030272500343e-05,False,False,neither
0.6625,0.5874999999999999,-0.21556,-0.121823,-0.21853525,-0.1250792500000001,0.00297525,0.0032562500000001,0.0044108136012532,2,0.4832896788895501,1.7566814960031885,1.9455276625000225e-05,False,False,neither
0.6875,0.5874999999999999,-0.220212,-0.162571,-0.223349,-0.1665565000000001,0.003137,0.0039855000000001,0.0050719798156145,3,0.4942172526529251,1.7394555167637948,2.57249792500009e-05,False,False,neither
0.7124999999999999,0.5874999999999999,-0.222368,-0.203672,-0.22554725,-0.2083552499999998,0.0031792499999999,0.0046832499999998,0.0056604294117141,3,0.328010278058567,1.6807476889765463,3.2040461124998034e-05,False,False,neither
0.7374999999999999,0.5874999999999999,-0.221152,-0.243657,-0.224187,-0.2489167499999998,0.003035,0.0052597499999998,0.0060725772998372,3,0.4044444591966725,1.5785222220798796,3.687619506249806e-05,False,False,neither
0.7625,0.5874999999999999,-0.215607,-0.280511,-0.21824975,-0.2860922499999999,0.00264275,0.0055812499999998,0.0061753120670131,3,0.6138767795594453,1.4442998918507195,3.81344791249976e-05,False,False,neither
0.7875,0.5874999999999999,-0.204807,-0.31162,-0.2067817499999999,-0.31710675,0.0019747499999999,0.00548675,0.0058313002945312,7,0.742909956276406,1.3207222275709605,3.400406312499966e-05,False,False,neither
0.8125,0.5874999999999999,-0.188041,-0.33381,-0.1891207499999999,-0.338651,0.0010797499999999,0.0048409999999999,0.0049599537359233,7,0.6844919344086183,1.299734668768976,2.46011410624995e-05,False,False,neither
0.8375,0.5874999999999999,-0.165078,-0.343567,-0.1651912499999999,-0.34718375,0.0001132499999998,0.00361675,0.0036185226439805,7,0.5739097294894966,1.480808742410714,1.3093706124999628e-05,False,False,neither
0.8624999999999999,0.5874999999999999,-0.136487,-0.337483,-0.1358020000000001,-0.33946425,-0.0006849999999999,0.00198125,0.00209632453654,7,0.3829984473186518,1.861894708838285,4.394576562499646e-06,False,False,neither
0.8875,0.5874999999999999,-0.103908,-0.312962,-0.102841975,-0.31327625,-0.0010660249999999,0.00031425,0.0011113785867672,7,0.2894854676999752,2.345584202853524,1.2351623631246587e-06,False,False,neither
0.9125,0.5874999999999999,-0.070111,-0.269038,-0.0692475000000001,-0.2681220000000001,-0.0008634999999999,-0.0009159999999998,0.0012588440133708,3,0.6262938941669812,2.820263437446935,1.5846882499995028e-06,False,False,neither
0.9375,0.5874999999999999,-0.0387413,-0.207008,-0.038685075,-0.2056322499999999,-5.6225000000000025e-05,-0.00137575,0.0013768984396552,6,0.4698028073477626,3.1938014646931334,1.8958493131249242e-06,False,False,neither
0.9625,0.5874999999999999,-0.0143521,-0.130467,-0.0150214249999999,-0.1294167499999997,0.0006693249999999,-0.0010502500000002,0.0012453999430405,6,0.5585697104130056,3.4164001133649435,1.5510210181252805e-06,False,False,neither
0.9875,0.5874999999999999,-0.00227378,-0.0446868,-0.0017792007499999,-0.0443150749999997,-0.00049457925,-0.0003717250000002,0.0006186987232537,1,0.8240446875508657,3.53088582495657,3.8278811015575843e-07,False,False,neither
0.0124999999999999,0.6124999999999999,-0.000465682,0.030483,-0.0003764499999999,0.0297713,-8.923200000000002e-05,0.0007116999999999,0.0007172720821445,4,0.5750337336473025,2.2412354463486124,5.144792398239064e-07,False,False,neither
0.0375,0.6124999999999999,-0.00299969,0.0814837,-0.003202885,0.0817712999999999,0.0002031949999999,-0.0002875999999999,0.0003521391316298,9,0.4300227616840041,1.8634985906258048,1.240019680249896e-07,False,False,neither
0.0625,0.6124999999999999,-0.00821247,0.122972,-0.0083379075,0.1241285,0.0001254375,-0.0011565,0.0011632827757713,9,0.3201642366645919,1.5241102113049436,1.3532268164061803e-06,False,False,neither
0.0875,0.6124999999999999,-0.0151692,0.155718,-0.015202225,0.15760325,3.30250000000025e-05,-0.00188525,0.0018855392366973,12,0.4244035987220215,1.229930948213354,3.555258213125037e-06,False,False,neither
0.1124999999999999,0.6124999999999999,-0.0232078,0.180701,-0.02323475,0.183163,2.694999999999781e-05,-0.0024619999999999,0.0024621474981202,12,0.2179895204841814,0.9860441982487396,6.062170302499561e-06,False,False,neither
0.1374999999999999,0.6124999999999999,-0.0318635,0.198984,-0.03194275,0.20187075,7.924999999999599e-05,-0.0028867499999999,0.0028878376209544,12,0.1435940840554876,0.7941450359726493,8.33960612499957e-06,False,False,neither
0.1625,0.6124999999999999,-0.0407584,0.211615,-0.04092825,0.2147822499999999,0.0001698499999999,-0.0031672499999999,0.0031718010002205,12,0.1983238909500099,0.6532551491415893,1.0060321584999764e-05,False,False,neither
0.1874999999999999,0.6124999999999999,-0.0496122,0.219551,-0.049894875,0.2228715,0.000282675,-0.0033205,0.0033325103759215,12,0.2632800774017767,0.5612043886107806,1.1105625405624457e-05,False,False,neither
0.2125,0.6124999999999999,-0.0582404,0.223611,-0.05864265,0.2269799999999999,0.00040225,-0.0033689999999999,0.0033929288325132,12,0.305527589257919,0.5145147577358691,1.1511966062499384e-05,False,False,neither
0.2375,0.6124999999999999,-0.0665391,0.224461,-0.0670549,0.22779225,0.0005157999999999,-0.00333125,0.0033709458913634,12,0.3241031103820267,0.5072902531293105,1.1363276202499787e-05,False,False,neither
0.2624999999999999,0.6124999999999999,-0.0744681,0.222605,-0.075083275,0.2258332499999999,0.000615175,-0.0032282499999999,0.0032863411787464,12,0.3230929242070141,0.5315812429986596,1.0800038343124277e-05,False,False,neither
0.2875,0.6124999999999999,-0.0820355,0.218403,-0.082732175,0.2214757499999999,0.000696675,-0.0030727499999999,0.0031507377894907,12,0.3077709089181875,0.5792849406293936,9.927148618124743e-06,False,False,neither
0.3125,0.6124999999999999,-0.0892854,0.212085,-0.09004525,0.214963,0.0007598499999999,-0.0028779999999999,0.0029766182191372,12,0.2845133945260443,0.6440117341974446,8.860256022499516e-06,False,False,neither
0.3375,0.6124999999999999,-0.096287,0.203775,-0.097093925,0.20642525,0.000806925,-0.0026502499999999,0.0027703705561034,12,0.2624667399600778,0.7212615859922114,7.674953018124662e-06,False,False,neither
0.3624999999999999,0.6124999999999999,-0.103126,0.193512,-0.10396775,0.195907,0.00084175,-0.002395,0.00253861538294,12,0.2554027560843913,0.808006228790348,6.444568062499603e-06,False,False,neither
0.3874999999999999,0.6124999999999999,-0.109897,0.181269,-0.11076625,0.183382,0.00086925,-0.0021129999999999,0.0022848117127019,12,0.2787313961354914,0.9021735303942365,5.220364562499789e-06,False,False,neither
0.4125,0.6124999999999999,-0.116697,0.166967,-0.11759275,0.168776,0.00089575,-0.001809,0.0020186255379589,12,0.33943904721853,1.0021221750844556,4.0748490624998585e-06,False,False,neither
0.4374999999999999,0.6124999999999999,-0.123621,0.150498,-0.124549,0.151978,0.000928,-0.00148,0.0017468783586729,8,0.3175176030099156,1.1065353924750891,3.0515839999997253e-06,False,False,neither
0.4624999999999999,0.6124999999999999,-0.130757,0.131727,-0.1317277499999999,0.13285375,0.0009707499999999,-0.00112675,0.0014872528786322,8,0.244683431922644,1.2141430851427684,2.2119211249997656e-06,False,False,neither
0.4875,0.6124999999999999,-0.138175,0.110509,-0.1392069999999999,0.1112575,0.0010319999999999,-0.0007485,0.0012748632279581,8,0.2505617162225871,1.3235227202598376,1.6252762499997467e-06,False,False,neither
0.5125,0.6124999999999999,-0.145925,0.0866989,-0.14704375,0.08704165,0.00111875,-0.00034275,0.0011700765466412,8,0.3516711200156492,1.4330972316294524,1.369079124999796e-06,False,False,neither
0.5375,0.6124999999999999,-0.154026,0.0601604,-0.15526325,0.0600671,0.0012372499999999,9.330000000000448e-05,0.0012407628510315,5,0.503854702971641,1.5409117764090197,1.539492452499816e-06,False,False,neither
0.5625,0.6124999999999999,-0.162453,0.0307815,-0.1638454999999999,0.030216825,0.0013924999999999,0.000564675,0.0015026357195358,5,0.4127275192020103,1.6443861499100507,2.2579141056248717e-06,False,False,neither
0.5874999999999999,0.6124999999999999,-0.171123,-0.00150756,-0.1727112499999999,-0.0025861724999999,0.0015882499999999,0.0010786124999999,0.0019198809826799,5,0.4272274079340855,1.7401204393446448,3.6859429876559384e-06,False,False,neither
0.6124999999999999,0.6124999999999999,-0.179876,-0.0367084,-0.1816995,-0.0383523,0.0018235,0.0016439,0.0024551088489107,2,0.4627959478553996,1.8236128500545283,6.027559459999623e-06,False,False,neither
0.6375,0.6124999999999999,-0.188448,-0.0747157,-0.19053975,-0.0769858500000001,0.00209175,0.0022701500000001,0.003086907689744,2,0.2951572506128894,1.8888880225296576,9.52899908500064e-06,False,False,neither
0.6625,0.6124999999999999,-0.19645,-0.115263,-0.19882325,-0.1182257500000001,0.00237325,0.0029627500000001,0.0037960773339067,2,0.3601187110640715,1.928191240022628,1.44102031250002e-05,False,False,neither
0.6875,0.6124999999999999,-0.20333,-0.157843,-0.20596425,-0.1615602500000001,0.00263425,0.0037172500000001,0.0045560092871943,3,0.5079953830454874,1.9318777164199603,2.0757220625000716e-05,False,False,neither
0.7124999999999999,0.6124999999999999,-0.208357,-0.201609,-0.2111745,-0.2061092499999998,0.0028175,0.0045002499999998,0.0053094779698666,3,0.2658903330417612,1.8889939596515393,2.8190556312498752e-05,False,False,neither
0.7374999999999999,0.6124999999999999,-0.210602,-0.245237,-0.21344875,-0.2504774999999999,0.0028467499999999,0.0052404999999998,0.0059637929048969,3,0.3485349697743567,1.7894298708806666,3.556682581249861e-05,False,False,neither
0.7625,0.6124999999999999,-0.208971,-0.286787,-0.2116035,-0.2925939999999999,0.0026325,0.0058069999999998,0.0063758376116396,3,0.6256180606158939,1.6306242331082903,4.065130524999816e-05,False,False,neither
0.7875,0.6124999999999999,-0.202283,-0.323577,-0.2043879999999999,-0.32958325,0.0021049999999999,0.00600625,0.0063644374505921,7,0.705437894901014,1.4341524172834628,4.0506064062499264e-05,False,False,neither
0.8125,0.6124999999999999,-0.189449,-0.352128,-0.1907089999999999,-0.35775825,0.0012599999999999,0.00563025,0.0057695160163137,7,0.7267980899492739,1.2835893107999927,3.328731506250031e-05,False,False,neither
0.8375,0.6124999999999999,-0.169764,-0.368301,-0.1699802499999999,-0.3728425,0.0002162499999999,0.0045415,0.0045466456110522,7,0.6960088897866389,1.3475616174409244,2.0671986312500236e-05,False,False,neither
0.8624999999999999,0.6124999999999999,-0.143303,-0.367709,-0.14253525,-0.3705265000000001,-0.0007677499999999,0.0028175,0.0029202305238628,7,0.5270693293753123,1.7251508640116087,8.527746312500004e-06,False,False,neither
0.8875,0.6124999999999999,-0.111345,-0.346514,-0.10998725,-0.3473440000000001,-0.0013577499999999,0.0008300000000001,0.0015913469334183,7,0.2172952608999282,2.3111734675051983,2.532385062499827e-06,False,False,neither
0.9125,0.6124999999999999,-0.0766044,-0.302504,-0.0753426750000001,-0.3016787500000001,-0.0012617249999999,-0.0008252499999998,0.0015076430406845,7,0.3621238454605328,2.9432154278346667,2.272987538124405e-06,False,False,neither
0.9375,0.6124999999999999,-0.0431059,-0.236116,-0.04273665,-0.23449675,-0.00036925,-0.0016192499999999,0.0016608179084414,6,0.7088221183652769,3.4860265019239307,2.7583161249996666e-06,False,False,neither
0.9625,0.6124999999999999,-0.016275,-0.15081,-0.0168165499999999,-0.1493929999999997,0.0005415499999999,-0.0014170000000002,0.0015169592619779,6,0.5569085788939997,3.8586724799232446,2.301165402500535e-06,False,False,neither
0.9875,0.6124999999999999,-0.00265596,-0.0524473,-0.0020162124999999,-0.0517403749999997,-0.0006397475,-0.0007069250000002,0.0009534253087587,1,0.9812132566393372,4.09620308390588,9.090198193816223e-07,False,False,neither
0.0124999999999999,0.6375,-0.000470121,0.0320023,-0.0003778875,0.031251175,-9.223349999999996e-05,0.0007511249999999,0.0007567666642679,4,0.5975971977080996,2.353172244602084,5.726957841471644e-07,False,False,neither
0.0375,0.6375,-0.00302429,0.0855644,-0.0032122324999999,0.08583055,0.0001879424999999,-0.00026615,0.0003258192839692,9,0.4057274516077527,1.95314913782096,1.061582058062022e-07,False,False,neither
0.0625,0.6375,-0.00823294,0.129002,-0.0083213275,0.13017325,8.8387500000002e-05,-0.00117125,0.0011745803134125,9,0.3280182098460788,1.5872634033701651,1.379638912656207e-06,False,False,neither
0.0875,0.6375,-0.0150705,0.163074,-0.015053525,0.1650205,-1.697500000000067e-05,-0.0019465,0.0019465740162205,12,0.3719785083651572,1.2653680721296077,3.7891504006248072e-06,False,False,neither
0.1124999999999999,0.6375,-0.0228004,0.188827,-0.0227775,0.191391,-2.289999999999931e-05,-0.002564,0.0025641022620013,12,0.1801861222262316,0.993963425294915,6.574620410000183e-06,False,False,neither
0.1374999999999999,0.6375,-0.030913,0.207433,-0.0309505249999999,0.210444,3.752499999999659e-05,-0.003011,0.0030112338211479,12,0.1758828307708546,0.7752626626608559,9.067529125624983e-06,False,False,neither
0.1625,0.6375,-0.0390139,0.220052,-0.0391504,0.22334825,0.0001365,-0.00329625,0.0032990750692429,12,0.2629026435099138,0.6093126851461408,1.0883896312500044e-05,False,False,neither
0.1874999999999999,0.6375,-0.0468279,0.22775,-0.0470799499999999,0.23118775,0.0002520499999999,-0.00343775,0.0034469775550473,12,0.3329585994738849,0.49688385279861935,1.1881654264999862e-05,False,False,neither
0.2125,0.6375,-0.0541916,0.231439,-0.054555875,0.234901,0.0003642749999999,-0.0034619999999999,0.0034811119309245,12,0.3721213255785621,0.43940862429406186,1.2118140275624902e-05,False,False,neither
0.2375,0.6375,-0.0610305,0.231858,-0.0614896499999999,0.23525225,0.0004591499999999,-0.00339425,0.0034251644902106,12,0.3823655755888256,0.4341025266961713,1.173175178499964e-05,False,False,neither
0.2624999999999999,0.6375,-0.067338,0.229571,-0.0678668499999999,0.23282925,0.0005288499999999,-0.00325825,0.0033008900898091,12,0.3687653395849584,0.47023164531962336,1.0895875384999929e-05,False,False,neither
0.2875,0.6375,-0.0731573,0.224979,-0.0737283499999999,0.22805175,0.0005710499999999,-0.00307275,0.0031253624853767,12,0.3368977402127653,0.5341176128794107,9.767890665000022e-06,False,False,neither
0.3125,0.6375,-0.0785671,0.218344,-0.0791544249999999,0.2211955,0.0005873249999999,-0.0028515,0.0029113575708979,12,0.2922443625373916,0.6153676371893472,8.47600290562452e-06,False,False,neither
0.3375,0.6375,-0.0836701,0.20981,-0.0842523249999999,0.21241375,0.0005822249999999,-0.00260375,0.0026680517260962,12,0.2419913297692862,0.7077944697608198,7.118500013124912e-06,False,False,neither
0.3624999999999999,0.6375,-0.0885851,0.199429,-0.0891464999999999,0.2017635,0.0005613999999999,-0.0023345,0.002401053978985,12,0.2005103864505993,0.8079388136486576,5.765060209999701e-06,False,False,neither
0.3874999999999999,0.6375,-0.0934396,0.18718,-0.0939713499999999,0.1892275,0.0005317499999999,-0.0020474999999999,0.0021154229630265,12,0.1958801681603665,0.91381856063444,4.475014312499818e-06,False,False,neither
0.4125,0.6375,-0.0983647,0.172988,-0.0988652749999999,0.17473075,0.0005005749999999,-0.00174275,0.0018132161738537,12,0.2494257721110362,1.0241942419521797,3.2877528931246513e-06,False,False,neither
0.4374999999999999,0.6375,-0.10349,0.156736,-0.1039654999999999,0.15815875,0.0004754999999999,-0.00142275,0.0015001059337593,8,0.307851556358122,1.1381003763622963,2.2503178124998614e-06,False,False,neither
0.4624999999999999,0.6375,-0.108941,0.138283,-0.1094039999999999,0.13936825,0.0004629999999999,-0.00108525,0.0011798883686603,8,0.1994795794528119,1.25474948271916,1.392136562499864e-06,False,False,neither
0.4875,0.6375,-0.11483,0.117466,-0.1153017499999999,0.11819725,0.0004717499999999,-0.00073125,0.0008702152750899,8,0.169402373460924,1.3732451694071235,7.572746249997904e-07,False,False,neither
0.5125,0.6375,-0.121253,0.0941165,-0.1217614999999999,0.09447405,0.0005084999999999,-0.00035755,0.0006216222747778,8,0.2732996102774275,1.4925180004824063,3.864142524999266e-07,False,False,neither
0.5375,0.6375,-0.128281,0.068064,-0.1288622499999999,0.0680261,0.0005812499999998,3.789999999997962e-05,0.0005824843109474,8,0.4365933902295232,1.6111849549322388,3.3928797249986735e-07,False,False,neither
0.5625,0.6375,-0.135948,0.0391491,-0.1366459999999999,0.038688925,0.0006979999999999,0.0004601749999999,0.0008360412852394,5,0.3547806831448613,1.7272849657529008,6.989650306247478e-07,False,False,neither
0.5874999999999999,0.6375,-0.144239,0.00723747,-0.1451039999999999,0.0063198925,0.0008649999999998,0.0009175774999999,0.0012610208041527,5,0.3092184214454218,1.83810495305056,1.5901734685059221e-06,False,False,neither
0.6124999999999999,0.6375,-0.153069,-0.0277595,-0.1541552499999999,-0.0291810749999999,0.0010862499999998,0.0014215749999999,0.0017890820392382,5,0.4231198650119444,1.9397357850480563,3.200814543124716e-06,False,False,neither
0.6375,0.6375,-0.162259,-0.0658514,-0.1636187499999999,-0.067838825,0.0013597499999999,0.001987425,0.0024080652385525,2,0.320239391972839,2.026640598888713,5.798778193124908e-06,False,False,neither
0.6625,0.6375,-0.171503,-0.106919,-0.1731802499999999,-0.1095507500000001,0.0016772499999999,0.00263175,0.0031207812523469,2,0.2538036695003981,2.091101217373277,9.739275624999884e-06,False,False,neither
0.6875,0.6375,-0.18033,-0.150638,-0.1823429999999999,-0.1540042500000001,0.0020129999999999,0.0033662500000001,0.0039222197876331,2,0.502113651589191,2.1225505405525684,1.5383808062500635e-05,False,False,neither
0.7124999999999999,0.6375,-0.188063,-0.19637,-0.1903819999999999,-0.2005554999999998,0.0023189999999999,0.0041854999999998,0.0047849943834866,3,0.255036845225799,2.1073673622792963,2.289617124999831e-05,False,False,neither
0.7374999999999999,0.6375,-0.193783,-0.243011,-0.1962994999999999,-0.2480559999999998,0.0025164999999999,0.0050449999999998,0.0056378007458581,3,0.2596221019012512,2.02940936708196,3.178479724999815e-05,False,False,neither
0.7625,0.6375,-0.196314,-0.288803,-0.1988174999999999,-0.2946364999999998,0.0025034999999999,0.0058334999999998,0.0063480102788195,3,0.5945833136637374,1.8736833746393764,4.0297234499998023e-05,False,False,neither
0.7875,0.6375,-0.194274,-0.331126,-0.1964402499999999,-0.33747875,0.0021662499999999,0.00635275,0.0067119350134667,7,0.6360144449164546,1.6377536943020463,4.5050071625000226e-05,False,False,neither
0.8125,0.6375,-0.186213,-0.366336,-0.1876482499999999,-0.3726657500000001,0.0014352499999999,0.00632975,0.0064904296949432,7,0.7440608214353003,1.3669565432741453,4.212567762500048e-05,False,False,neither
0.8375,0.6375,-0.170899,-0.389759,-0.1712677499999999,-0.39526325,0.0003687499999999,0.00550425,0.0055165881326233,7,0.8253566885145491,1.2392924608824183,3.0432744625000226e-05,False,False,neither
0.8624999999999999,0.6375,-0.147789,-0.396008,-0.1469952500000001,-0.3998095000000001,-0.0007937499999998,0.0038015000000001,0.0038834831417814,7,0.7397885552363759,1.5267076950091003,1.5081441312500334e-05,False,False,neither
0.8875,0.6375,-0.117599,-0.37979,-0.1159560000000001,-0.3813135000000002,-0.0016429999999998,0.0015235000000001,0.0022406475068604,7,0.4453969841284517,2.1949039571698807,5.020501249999727e-06,False,False,neither
0.9125,0.6375,-0.0827691,-0.337242,-0.0810439500000001,-0.3366072500000002,-0.0017251499999998,-0.0006347499999997,0.0018382192701087,7,0.1045664770551335,3.0042615027297472,3.379050084998962e-06,False,False,neither
0.9375,0.6375,-0.0475711,-0.267442,-0.0467901,-0.2655525000000001,-0.0007809999999999,-0.0018894999999999,0.0020445467101535,7,0.7664364919741071,3.755880188304201,4.180171249999501e-06,False,False,neither
0.9625,0.6375,-0.0183523,-0.173328,-0.0186924499999999,-0.1714362499999997,0.0003401499999999,-0.0018917500000002,0.0019220874290731,6,0.6483293561691851,4.323920865611211,3.6944200850008395e-06,False,False,neither
0.9875,0.6375,-0.00309152,-0.061256,-0.0022715924999999,-0.0600946249999996,-0.0008199275,-0.0011613750000003,0.0014216444688746,1,1.1680393977800476,4.726188799782354,2.021072995881744e-06,False,True,som_only
0.0124999999999999,0.6625,-0.0005003,0.0335579,-0.000395457,0.032765675,-0.0001048429999999,0.0007922249999999,0.0007991323452807,4,0.6220706395063441,2.467435672706401,6.386125052738319e-07,False,False,neither
0.0375,0.6625,-0.00318006,0.0897167,-0.0033464975,0.08995715,0.0001664374999999,-0.00024045,0.000292433999231,9,0.3849270255819109,2.043162908228808,8.551764390623651e-08,False,False,neither
0.0625,0.6625,-0.00855163,0.135037,-0.0085896425,0.13622725,3.8012500000001934e-05,-0.00119025,0.0011908568396983,9,0.345352705390944,1.6479631614096355,1.4181400126562224e-06,False,False,neither
0.0875,0.6625,-0.0154213,0.170264,-0.0153423,0.1722875,-7.899999999999748e-05,-0.0020235,0.0020250415427837,12,0.3237665774869859,1.2959397821955307,4.100793249999788e-06,False,False,neither
0.1124999999999999,0.6625,-0.0229337,0.196548,-0.022859975,0.19923325,-7.372499999999671e-05,-0.00268525,0.0026862618893408,12,0.1639407360052313,0.9952426533062176,7.216002938124804e-06,False,False,neither
0.1374999999999999,0.6625,-0.0305187,0.215198,-0.0305271,0.2183525,8.400000000002156e-06,-0.0031545,0.003154511184003,12,0.2239414850108993,0.7481961395356168,9.950940810000009e-06,False,False,neither
0.1625,0.6625,-0.0377647,0.227525,-0.037892075,0.2309585,0.0001273749999999,-0.0034335,0.0034358618483031,12,0.3256743420490914,0.5549808340978993,1.1805146640624797e-05,False,False,neither
0.1874999999999999,0.6625,-0.0444114,0.234722,-0.0446636,0.23827075,0.0002522,-0.00354875,0.0035577002968912,12,0.3968427840617621,0.4190334861750311,1.2657231402499732e-05,False,False,neither
0.2125,0.6625,-0.0503294,0.237807,-0.0506881249999999,0.241341,0.0003587249999999,-0.003534,0.0035521598536137,12,0.4316312722699787,0.35034885339044575,1.2617839625624904e-05,False,False,neither
0.2375,0.6625,-0.0554876,0.237601,-0.0559198999999999,0.241023,0.0004322999999999,-0.003422,0.0034491980647681,12,0.432588667914111,0.35362305309467595,1.1896967290000005e-05,False,False,neither
0.2624999999999999,0.6625,-0.0599252,0.234726,-0.0603921999999999,0.2379695,0.0004669999999999,-0.0032435,0.0032769469403699,12,0.4063095173031484,0.41088130964549846,1.073838124999965e-05,False,False,neither
0.2875,0.6625,-0.0637301,0.229627,-0.0641935999999999,0.2326465,0.0004634999999999,-0.0030195,0.0030548670183823,12,0.3598661609143823,0.4971082038550561,9.332212499999965e-06,False,False,neither
0.3125,0.6625,-0.0670225,0.222594,-0.0674492749999999,0.2253605,0.0004267749999999,-0.0027665,0.0027992247409997,12,0.2981981166717788,0.5974001495614142,7.835659150624836e-06,False,False,neither
0.3375,0.6625,-0.0699436,0.213791,-0.0703076999999999,0.216286,0.0003640999999999,-0.0024949999999999,0.0025214269392548,12,0.2255823103832681,0.7051425967674907,6.357593809999829e-06,False,False,neither
0.3624999999999999,0.6625,-0.0726475,0.20328,-0.0729313249999999,0.2054915,0.0002838249999999,-0.0022115,0.0022296387332088,12,0.1510643281773468,0.8175006398921043,4.971288880624942e-06,False,False,neither
0.3874999999999999,0.6625,-0.0752952,0.191047,-0.0754898749999999,0.19296575,0.0001946749999999,-0.0019187499999999,0.0019286005076544,12,0.11281107196726,0.9331856223603104,3.7194999181248095e-06,False,False,neither
0.4125,0.6625,-0.0780506,0.177019,-0.0781558249999999,0.178635,0.0001052249999999,-0.0016159999999999,0.0016194222119709,12,0.1723055455542281,1.0516120741414108,2.6225283006247224e-06,False,False,neither
0.4374999999999999,0.6625,-0.081077,0.161076,-0.0811006499999999,0.162382,2.364999999994455e-05,-0.001306,0.0013062141181674,12,0.2901845428501083,1.1724181119464163,1.7061953224998382e-06,False,False,neither
0.4624999999999999,0.6625,-0.0845334,0.143069,-0.0844913749999999,0.14405625,-4.202500000007048e-05,-0.00098725,0.0009881440497847,8,0.2199018572819023,1.295325525765628,9.764286631249077e-07,False,False,neither
0.4875,0.6625,-0.088571,0.122825,-0.0884871749999999,0.12348375,-8.382500000007898e-05,-0.0006587499999999,0.0006640618895291,8,0.1855393388232829,1.4199992987899677,4.4097819312495857e-07,False,False,neither
0.5125,0.6625,-0.093328,0.100156,-0.0932342999999999,0.100474675,-9.370000000008538e-05,-0.000318675,0.0003321647868528,8,0.280114723023707,1.545980113108833,1.1033344562496607e-07,False,False,neither
0.5375,0.6625,-0.0989241,0.0748639,-0.0988602249999999,0.07483045,-6.387500000008817e-05,3.3449999999976554e-05,7.210352366569677e-05,8,0.437844114159958,1.6725087058296588,5.198918125009694e-09,False,False,neither
0.5625,0.6625,-0.105451,0.0467513,-0.1054647499999999,0.04634785,1.3749999999909668e-05,0.0004034499999999,0.0004036842392266,5,0.395805042847543,1.7983430234379647,1.629609649999588e-07,False,False,neither
0.5874999999999999,0.6625,-0.112959,0.0156286,-0.1131072499999999,0.01482982,0.0001482499999998,0.0007987799999999,0.0008124207966933,5,0.3127779469567676,1.9215679942591155,6.600275508997762e-07,False,False,neither
0.6124999999999999,0.6625,-0.121444,-0.0186691,-0.1217887499999999,-0.0199011249999999,0.0003447499999999,0.0012320249999999,0.0012793506802768,5,0.3532555711528561,2.0391695913640926,1.636738163124711e-06,False,False,neither
0.6375,0.6625,-0.130816,-0.0562578,-0.1314254999999999,-0.0579791,0.0006094999999999,0.0017213,0.0018260240797974,2,0.480516514805216,2.1465489653730243,3.334363939999941e-06,False,False,neither
0.6625,0.6625,-0.140873,-0.097162,-0.1418134999999999,-0.099452375,0.0009404999999999,0.002290375,0.0024759559549041,2,0.2970423848665451,2.236731240380927,6.130357890625073e-06,False,False,neither
0.6875,0.6625,-0.151254,-0.141247,-0.1525762499999999,-0.1442137500000001,0.0013222499999999,0.0029667500000001,0.0032480687531209,2,0.4097511080954041,2.2994788518270832,1.0549950625000359e-05,False,False,neither
0.7124999999999999,0.6625,-0.161382,-0.188115,-0.1631039999999999,-0.1918822499999998,0.0017219999999998,0.0037672499999998,0.0041421560282657,3,0.3654536741517991,2.320143111792891,1.7157456562497876e-05,False,False,neither
0.7374999999999999,0.6625,-0.170409,-0.23694,-0.1724799999999999,-0.2416252499999998,0.0020709999999999,0.0046852499999998,0.005122558790536,3,0.1910182280602668,2.2789706829180583,2.6240608562497642e-05,False,False,neither
0.7625,0.6625,-0.17716,-0.286249,-0.1794207499999999,-0.2918977499999999,0.0022607499999999,0.0056487499999999,0.0060843542898978,3,0.5314281021087811,2.152014368167648,3.7019367124997766e-05,False,False,neither
0.7875,0.6625,-0.180126,-0.33364,-0.1822757499999999,-0.3401200000000001,0.0021497499999999,0.00648,0.0068272853362446,7,0.5260597867769888,1.9169611609002408,4.661182506250054e-05,False,False,neither
0.8125,0.6625,-0.177549,-0.375486,-0.1791509999999999,-0.3823595000000001,0.0016019999999999,0.0068735,0.0070577196210958,7,0.7116155174816243,1.5754635862500916,4.981140625000065e-05,False,False,neither
0.8375,0.6625,-0.167671,-0.406751,-0.1682527499999999,-0.4131955000000001,0.0005817499999999,0.0064445000000001,0.0064707042362096,7,0.9149687581882676,1.2363691874193563,4.1870013312500866e-05,False,False,neither
0.8624999999999999,0.6625,-0.149223,-0.421111,-0.14849225,-0.4260315,-0.0007307499999999,0.0049205,0.004974466384699,7,0.9507077193880488,1.2928057700985096,2.4745315812500342e-05,False,False,neither
0.8875,0.6625,-0.122144,-0.411678,-0.1202597500000001,-0.4141117500000001,-0.0018842499999998,0.0024337500000001,0.0030779111626231,7,0.72364465813461,1.9843790977532492,9.473537124999882e-06,False,False,neither
0.9125,0.6625,-0.0883208,-0.372509,-0.0860821250000001,-0.3722210000000003,-0.0022386749999998,-0.0002879999999996,0.0022571242224619,7,0.2893914042004922,2.9831081674696276,5.094609755624237e-06,False,False,neither
0.9375,0.6625,-0.0520477,-0.300686,-0.05074185,-0.2985225000000001,-0.0013058499999999,-0.0021634999999998,0.0025270489651962,7,0.5593991810261798,3.9860637549246496,6.385976472499185e-06,False,False,neither
0.9625,0.6625,-0.0205851,-0.198044,-0.0206286749999999,-0.1955479999999997,4.357499999993464e-05,-0.0024960000000002,0.0024963803357313,6,0.8175154089750142,4.8039435211992245,6.231914780625917e-06,False,False,neither
0.9875,0.6625,-0.00358898,-0.0712034,-0.0025451024999999,-0.0694367249999996,-0.0010438775,-0.0017666750000003,0.0020520284575591,6,1.3178654192196029,5.4231453799083935,4.210820790632379e-06,True,True,both
0.0124999999999999,0.6875,-0.000571296,0.0352333,-0.00043773625,0.03439185,-0.0001335597499999,0.00084145,0.0008519837494459,4,0.6495730267861828,2.589388379020417,7.258763093198942e-07,False,False,neither
0.0375,0.6875,-0.00353714,0.0941208,-0.0036702925,0.094329925,0.0001331525,-0.000209125,0.0002479170302364,9,0.3677447648542143,2.136209417219052,6.146285388123607e-08,False,False,neither
0.0625,0.6875,-0.00931928,0.141271,-0.00928642,0.14249175,-3.2859999999993936e-05,-0.0012207499999999,0.0012211921806578,9,0.3718025212327596,1.7065284698469463,1.4913103420997528e-06,False,False,neither
0.0875,0.6875,-0.0164412,0.177438,-0.016284875,0.17956775,-0.0001563249999999,-0.00212975,0.0021354794703122,12,0.2792475028637917,1.3203316204014808,4.560272568124874e-06,False,False,neither
0.1124999999999999,0.6875,-0.0238696,0.203931,-0.02374805,0.20677575,-0.0001215499999999,-0.00284475,0.0028473455998526,12,0.1706875212754443,0.9879225210855352,8.107376964999963e-06,False,False,neither
0.1374999999999999,0.6875,-0.0309578,0.222264,-0.03096045,0.22559125,2.650000000003344e-06,-0.00332725,0.0033272510553007,12,0.2754140869929184,0.7111601613392021,1.1070599584999621e-05,False,False,neither
0.1625,0.6875,-0.0372834,0.233938,-0.037439475,0.23752225,0.0001560749999999,-0.00358425,0.0035876465082453,12,0.3830691694927791,0.48875891758616535,1.2871207468124694e-05,False,False,neither
0.1874999999999999,0.6875,-0.0426174,0.240306,-0.042914275,0.2439585,0.000296875,-0.0036525,0.0036645451307938,12,0.4529067922847217,0.3255902607388618,1.3428891015624547e-05,False,False,neither
0.2125,0.6875,-0.0468848,0.242507,-0.0472819499999999,0.246085,0.0003971499999999,-0.0035779999999999,0.0035999739058082,12,0.4817253027184793,0.24744466702679208,1.2959812122499947e-05,False,False,neither
0.2375,0.6875,-0.0501171,0.241447,-0.0505608749999999,0.2448525,0.0004437749999999,-0.0034055,0.0034342927220353,12,0.4702194922190709,0.276943497060321,1.179436650062463e-05,False,False,neither
0.2624999999999999,0.6875,-0.0524153,0.237808,-0.0528505749999999,0.2409792499999999,0.0004352749999999,-0.0031712499999999,0.0032009828003481,12,0.4297699751265027,0.3698572585633544,1.0246290888124365e-05,False,False,neither
0.2875,0.6875,-0.0539239,0.232072,-0.0543013249999999,0.234974,0.0003774249999999,-0.0029019999999999,0.0029264404368831,12,0.370465464739236,0.4830968078967196,8.56405363062455e-06,False,False,neither
0.3125,0.6875,-0.0548128,0.224554,-0.0550927999999999,0.227169,0.0002799999999999,-0.002615,0.0026299477181115,12,0.2968025720015106,0.6021352035548163,6.9166249999998865e-06,False,False,neither
0.3375,0.6875,-0.0552663,0.215433,-0.0554204999999999,0.21775325,0.0001541999999999,-0.0023202499999999,0.0023253682939482,12,0.2112883214623222,0.7230277621613157,5.407337702499562e-06,False,False,neither
0.3624999999999999,0.6875,-0.0554761,0.20478,-0.0554872499999999,0.2068035,1.1149999999945924e-05,-0.0020235,0.0020235307194357,12,0.1181285448432967,0.8447875328743909,4.094676572499962e-06,False,False,neither
0.3874999999999999,0.6875,-0.0556368,0.192584,-0.0554982249999999,0.19431075,-0.000138575,-0.0017267499999999,0.0017323015306594,12,0.0595580446640059,0.967280880820044,3.0008685931249003e-06,False,False,neither
0.4125,0.6875,-0.0559433,0.178772,-0.0556581499999999,0.180202,-0.00028515,-0.00143,0.0014581531203889,12,0.1483289063896959,1.0906890549684636,2.126210522499886e-06,False,False,neither
0.4374999999999999,0.6875,-0.0565889,0.163222,-0.0561691749999999,0.164356,-0.000419725,-0.0011339999999999,0.0012091836401577,12,0.281889444265536,1.2152378160738744,1.4621250756250262e-06,False,False,neither
0.4624999999999999,0.6875,-0.0577635,0.145782,-0.0572294249999999,0.14661725,-0.000534075,-0.00083525,0.0009914023744802,8,0.3020737163556643,1.341192663976358,9.82878668124979e-07,False,False,neither
0.4875,0.6875,-0.0596515,0.126267,-0.0590308999999999,0.126803,-0.0006206,-0.000536,0.0008200246093868,8,0.2934436456346808,1.4687667862543734,6.724403599999738e-07,False,False,neither
0.5125,0.6875,-0.0624284,0.104478,-0.0617568999999999,0.10471175,-0.0006715,-0.00023375,0.0007110213164878,9,0.3608379922743689,1.5980093773054023,5.055513125000443e-07,False,False,neither
0.5375,0.6875,-0.066257,0.0801978,-0.0655776749999998,0.080123525,-0.0006793250000001,7.427499999998477e-05,0.0006833734200641,9,0.4185410472150276,1.7288207716082082,4.669992312501048e-07,False,False,neither
0.5625,0.6875,-0.0712803,0.0531985,-0.0706443749999999,0.0528081,-0.0006359250000001,0.0003903999999999,0.0007461988780647,4,0.3513750650467545,1.8607152764998731,5.568127656250171e-07,False,False,neither
0.5874999999999999,0.6875,-0.0776126,0.0232484,-0.0770793999999998,0.0225264,-0.0005332000000001,0.0007219999999999,0.0008975445615678,4,0.394208194793245,1.9926035226507053,8.055862399999343e-07,False,False,neither
0.6124999999999999,0.6875,-0.0853244,-0.00988011,-0.0849617499999998,-0.0109607899999999,-0.0003626500000001,0.0010806799999999,0.0011399053841876,1,0.3949171502309699,2.122557381418227,1.29938428489988e-06,False,False,neither
0.6375,0.6875,-0.0944217,-0.0463933,-0.0943052999999999,-0.0478783,-0.0001164,0.001485,0.0014895549536691,1,0.4194758818874242,2.2471935878352807,2.218773960000155e-06,False,False,neither
0.6625,0.6875,-0.104814,-0.0864458,-0.1050244499999999,-0.0884078500000001,0.0002104499999999,0.00196205,0.0019733041846102,2,0.5040557593662974,2.360922816239446,3.893929405000126e-06,False,False,neither
0.6875,0.6875,-0.116271,-0.130086,-0.1168857499999999,-0.13263375,0.0006147499999999,0.00254775,0.0026208677236747,6,0.3272328251025382,2.454804884303435,6.8689476249998025e-06,False,False,neither
0.7124999999999999,0.6875,-0.128358,-0.177163,-0.1294342499999998,-0.1804454999999998,0.0010762499999998,0.0032824999999998,0.0034544348759961,6,0.3877082567461229,2.5149177896106267,1.193312031249819e-05,False,False,neither
0.7374999999999999,0.6875,-0.140358,-0.227174,-0.1419039999999998,-0.2313659999999998,0.0015459999999998,0.0041919999999998,0.0044679950760937,3,0.2802107765340688,2.520453598620693,1.9962979999997544e-05,False,False,neither
0.7625,0.6875,-0.151182,-0.27902,-0.1531072499999999,-0.2842784999999998,0.0019252499999998,0.0052584999999998,0.005599858017173,3,0.4671502788010696,2.4422758513321137,3.135840981249672e-05,False,False,neither
0.7875,0.6875,-0.159299,-0.330672,-0.1613582499999999,-0.3370282500000001,0.0020592499999999,0.0063562500000001,0.0066814986810596,7,0.3788546351222469,2.244267352968447,4.464242462500118e-05,False,False,neither
0.8125,0.6875,-0.162741,-0.378743,-0.1644932499999999,-0.3859340000000001,0.0017522499999999,0.0071910000000001,0.0074014093970338,7,0.6200048601442529,1.8938619181978396,5.478086106250024e-05,False,False,neither
0.8375,0.6875,-0.159266,-0.418082,-0.1601304999999999,-0.4253697500000001,0.0008644999999999,0.00728775,0.0073388459796143,7,0.9365200834227512,1.4111918409628084,5.385866031250098e-05,False,False,neither
0.8624999999999999,0.6875,-0.146825,-0.44162,-0.14628575,-0.44776,-0.0005392499999999,0.0061399999999999,0.0061636345253835,7,1.1209634889386797,1.1036984854569658,3.7990390562499483e-05,False,True,som_only
0.8875,0.6875,-0.124379,-0.440841,-0.12235225,-0.4444392500000002,-0.0020267499999999,0.0035982500000001,0.0041297843315361,7,0.994434976312962,1.67380100011919,1.705511862500107e-05,False,False,neither
0.9125,0.6875,-0.0929232,-0.407324,-0.0901507000000001,-0.4076172500000002,-0.0027724999999999,0.0002932500000002,0.0027879655328751,7,0.589521343534359,2.8574247403184567,7.77275181249954e-06,False,False,neither
0.9375,0.6875,-0.0564345,-0.335391,-0.054477725,-0.3329962500000001,-0.0019567749999999,-0.0023947499999998,0.0030925387569316,7,0.4537701540740376,4.155192313650958,9.563795963124045e-06,False,False,neither
0.9625,0.6875,-0.0229841,-0.22493,-0.0226061999999999,-0.2216817499999997,-0.0003779,-0.0032482500000002,0.0032701584781936,6,1.0379843468031602,5.2872995608832305,1.0693936472501483e-05,True,True,both
0.9875,0.6875,-0.00416214,-0.0823869,-0.0028373724999999,-0.0798226249999996,-0.0013247675,-0.0025642750000003,0.0028862631904736,6,1.437407926879656,6.18852939588205,8.330515204682846e-06,True,True,both
0.0124999999999999,0.7124999999999999,-0.000706523,0.0371567,-0.0005170492499999,0.0362459,-0.00018947375,0.0009108,0.0009302993829617,4,0.6821060988952388,2.7271038349462735,8.654569419389197e-07,False,False,neither
0.0375,0.7124999999999999,-0.00419634,0.0990422,-0.0042738724999999,0.0992116499999999,7.753249999999795e-05,-0.0001694499999999,0.0001863453542652,9,0.3550272645583304,2.2361988777311286,3.472459105622289e-08,False,False,neither
0.0625,0.7124999999999999,-0.0107399,0.147982,-0.0106049549999999,0.1492589999999999,-0.000134945,-0.0012769999999999,0.0012841102573474,9,0.4080200881251939,1.7634441300841823,1.648939153024806e-06,False,False,neither
0.0875,0.7124999999999999,-0.0184106,0.184799,-0.0181592499999999,0.1870902499999999,-0.00025135,-0.0022912499999999,0.002304995311275,12,0.2384859950462204,1.336908318766848,5.313003384999734e-06,False,False,neither
0.1124999999999999,0.7124999999999999,-0.0259218,0.211072,-0.0257650499999999,0.214136,-0.00015675,-0.0030639999999999,0.0030680069365143,12,0.1954547014997152,0.9695863054230913,9.41266656249986e-06,False,False,neither
0.1374999999999999,0.7124999999999999,-0.0325402,0.228612,-0.032578125,0.2321555,3.792500000000115e-05,-0.0035434999999999,0.0035437029440438,12,0.3255760662012848,0.6620383002153275,1.2557830555624695e-05,False,False,neither
0.1625,0.7124999999999999,-0.0378505,0.239176,-0.038093475,0.242926,0.0002429749999999,-0.00375,0.0037578633358099,12,0.4334095038977076,0.40956180339479903,1.412153685062431e-05,False,False,neither
0.1874999999999999,0.7124999999999999,-0.0416838,0.244312,-0.042087925,0.24805375,0.0004041249999999,-0.0037417499999999,0.0037635103398456,12,0.4999953204546934,0.21432746072307207,1.4164010078124743e-05,False,False,neither
0.2125,0.7124999999999999,-0.0440493,0.245296,-0.044542175,0.248879,0.000492875,-0.003583,0.003616740903856,12,0.519197472836349,0.1400946074622432,1.3080814765625114e-05,False,False,neither
0.2375,0.7124999999999999,-0.0450672,0.243123,-0.045568875,0.2464537499999999,0.000501675,-0.0033307499999999,0.003368319071603,12,0.487341200258756,0.2390527268449369,1.1345573368124495e-05,False,False,neither
0.2624999999999999,0.7124999999999999,-0.04492,0.238527,-0.0453573,0.24155675,0.0004373,-0.0030297499999999,0.0030611462481397,12,0.4321273806625654,0.37539760992845966,9.370616352499763e-06,False,False,neither
0.2875,0.7124999999999999,-0.0438226,0.232021,-0.044135875,0.23472975,0.000313275,-0.00270875,0.00272680541809,12,0.3632950608880322,0.5115758728087164,7.435467788124979e-06,False,False,neither
0.3125,0.7124999999999999,-0.0420033,0.223935,-0.04214915,0.22632075,0.00014585,-0.00238575,0.0023902040258103,12,0.2846495246771248,0.6440953030414056,5.713075284999765e-06,False,False,neither
0.3375,0.7124999999999999,-0.0396941,0.214454,-0.039644775,0.21652475,-4.9324999999961205e-05,-0.0020707499999999,0.0020713373742886,12,0.2009096934198996,0.7734070800813762,4.290438518124792e-06,False,False,neither
0.3624999999999999,0.7124999999999999,-0.0371255,0.203652,-0.036867475,0.205418,-0.0002580249999999,-0.001766,0.0017847500947261,12,0.1272875003560287,0.9004225434427994,3.1853329006248233e-06,False,False,neither
0.3874999999999999,0.7124999999999999,-0.0345248,0.191517,-0.03405675,0.19298925,-0.0004680499999999,-0.00147225,0.0015448594968475,12,0.1226953125980998,1.025994653299909,2.386590864999911e-06,False,False,neither
0.4125,0.7124999999999999,-0.0321152,0.177974,-0.031446225,0.179162,-0.0006689749999999,-0.0011879999999999,0.0013634043973175,12,0.2106861887040793,1.150885582714459,1.8588715506246953e-06,False,False,neither
0.4374999999999999,0.7124999999999999,-0.030116,0.162901,-0.0292644,0.16381175,-0.0008515999999999,-0.00091075,0.0012468713335785,12,0.3365470174762446,1.2758244847141005,1.554688122499827e-06,False,False,neither
0.4624999999999999,0.7124999999999999,-0.0287434,0.146138,-0.02773485,0.1467775,-0.0010085499999999,-0.0006395,0.0011942082534046,8,0.416427837550581,1.4014875535786968,1.4261333524996654e-06,False,False,neither
0.4875,0.7124999999999999,-0.0282088,0.127498,-0.0270765,0.1278709999999999,-0.0011322999999999,-0.0003729999999999,0.0011921544740509,9,0.3384497294524413,1.5284936517368988,1.421232289999578e-06,False,False,neither
0.5125,0.7124999999999999,-0.0287189,0.106771,-0.027502525,0.106881,-0.0012163749999999,-0.0001099999999999,0.0012213386674566,9,0.3165045823728043,1.6574162605778913,1.4916681406246632e-06,False,False,neither
0.5375,0.7124999999999999,-0.0304729,0.0837279,-0.0292189000000001,0.0835769999999999,-0.0012539999999998,0.0001509,0.0012630466380936,9,0.4030823565693883,1.7886678100116855,1.5952868099995454e-06,False,False,neither
0.5625,0.7124999999999999,-0.0336585,0.0581221,-0.0324203750000001,0.0577093999999999,-0.0012381249999998,0.0004127,0.0013050957074577,4,0.3784454964582646,1.9224327810979505,1.7032748056245147e-06,False,False,neither
0.5874999999999999,0.7124999999999999,-0.0384457,0.0296919,-0.0372846000000001,0.029011025,-0.0011610999999998,0.0006808749999999,0.0013460103920938,4,0.4254839988078027,2.058498318294188,1.8117439756245054e-06,False,False,neither
0.6124999999999999,0.7124999999999999,-0.0449763,-0.00183573,-0.0439617250000001,-0.00280113075,-0.0010145749999998,0.00096540075,0.001400486000903,1,0.4785476622611376,2.1959750873851,1.9613610387252778e-06,False,False,neither
0.6375,0.7124999999999999,-0.0533467,-0.0367372,-0.0525574750000001,-0.0380201500000001,-0.0007892249999998,0.0012829500000001,0.001506265847427,1,0.3967315298542483,2.3328872991081244,2.2688368031249784e-06,False,False,neither
0.6625,0.7124999999999999,-0.0635815,-0.0752739,-0.0631056500000001,-0.0769342500000001,-0.0004758499999998,0.0016603500000001,0.001727192909029,1,0.4923294597511474,2.465437462609831,2.9831953450000597e-06,False,False,neither
0.6875,0.7124999999999999,-0.075592,-0.117656,-0.0755234000000001,-0.1197927500000001,-6.859999999984934e-05,0.0021367500000001,0.0021378509121313,6,0.4187151024173792,2.586750931979344,4.570406522500631e-06,False,False,neither
0.7124999999999999,0.7124999999999999,-0.0891133,-0.163969,-0.089541025,-0.1667349999999999,0.000427725,0.0027659999999999,0.0027988756091731,6,0.2046721244601424,2.685091315765629,7.833704675624092e-06,False,False,neither
0.7374999999999999,0.7124999999999999,-0.103613,-0.214044,-0.104597525,-0.2176484999999999,0.000984525,0.0036044999999998,0.0037365371302349,3,0.5006951061269771,2.7411066321389246,1.3961709725624061e-05,False,False,neither
0.7625,0.7124999999999999,-0.118175,-0.267224,-0.1197,-0.2719124999999999,0.001525,0.0046884999999998,0.0049302796320288,3,0.4682694990677267,2.7243804897994703,2.430765724999804e-05,False,False,neither
0.7875,0.7124999999999999,-0.131363,-0.32199,-0.1332650000000001,-0.3279622500000002,0.0019020000000001,0.0059722500000002,0.006267804564798,7,0.2366993790136063,2.590958997765113,3.9285374062502646e-05,False,False,neither
0.8125,0.7124999999999999,-0.141131,-0.375436,-0.1430175,-0.3826592500000001,0.0018865,0.0072232500000001,0.0074655356681555,7,0.4679376291704847,2.2855231009989807,5.573422281250199e-05,False,False,neither
0.8375,0.7124999999999999,-0.144869,-0.422622,-0.14609525,-0.4305587500000001,0.00122625,0.0079367500000001,0.0080309208453951,7,0.8833699260243869,1.7630321505860296,6.449568962500154e-05,False,False,neither
0.8624999999999999,0.7124999999999999,-0.139759,-0.45605,-0.139582,-0.4634414999999999,-0.0001769999999999,0.0073914999999998,0.0073936189548825,7,1.2111685886419763,1.1224326670228375,5.4665601249997786e-05,False,True,som_only
0.8875,0.7124999999999999,-0.123617,-0.465717,-0.12161675,-0.47075725,-0.0020002499999999,0.00504025,0.005422648810775,7,1.23884771705244,1.2775597549218587,2.9405120124999517e-05,False,True,som_only
0.9125,0.7124999999999999,-0.0961747,-0.440438,-0.09290175,-0.44164775,-0.0032729499999999,0.00120975,0.0034893691070162,7,0.8844228969253161,2.603275548109343,1.2175696764999035e-05,False,False,neither
0.9375,0.7124999999999999,-0.0606193,-0.370911,-0.0578771249999999,-0.3684034999999999,-0.002742175,-0.0025075000000001,0.0037157879353678,7,0.5234550287305743,4.23688878898184,1.3807079980624898e-05,False,False,neither
0.9625,0.7124999999999999,-0.0255803,-0.253905,-0.0246136249999999,-0.2497407499999995,-0.000966675,-0.0041642500000004,0.0042749782008952,7,1.258088576776944,5.758455926256969,1.8275438618129163e-05,True,True,both
0.9875,0.7124999999999999,-0.00483539,-0.0949211,-0.0031510624999999,-0.0913105249999994,-0.0016843275,-0.0036105750000005,0.0039841198473295,6,1.6047156446801147,7.023188479309953,1.587321095788484e-05,True,True,both
0.0124999999999999,0.7374999999999999,-0.000943888,0.0395221,-0.0006516294999999,0.0385000249999999,-0.0002922585,0.001022075,0.0010630391979824,4,0.7229673950637067,2.892481680368553,1.1300523364470643e-06,False,False,neither
0.0375,0.7374999999999999,-0.00530621,0.104862,-0.0052859199999999,0.1049822499999999,-2.029000000000353e-05,-0.0001202499999999,0.0001219497708074,9,0.3492834204980323,2.348503887054267,1.487174659997739e-08,False,False,neither
0.0625,0.7374999999999999,-0.013091,0.155547,-0.0128076249999999,0.15693025,-0.000283375,-0.00138325,0.001411978028556,9,0.4560870886974451,1.819232094219976,1.9936819531248884e-06,False,False,neither
0.0875,0.7374999999999999,-0.0216818,0.192604,-0.0213195999999999,0.195148,-0.0003622,-0.0025439999999999,0.0025696546149239,12,0.203916234653391,1.343411549334008,6.6031248399996974e-06,False,False,neither
0.1124999999999999,0.7374999999999999,-0.0294496,0.218069,-0.0292908249999999,0.22144175,-0.000158775,-0.0033727499999999,0.0033764851640611,12,0.2322086800496776,0.937054559762664,1.1400652063124713e-05,False,False,neither
0.1374999999999999,0.7374999999999999,-0.0355815,0.23419,-0.0357259499999999,0.23800725,0.0001444499999999,-0.0038172499999999,0.0038199821157958,12,0.3727902212825968,0.5986849370545413,1.4592263364999756e-05,False,False,neither
0.1625,0.7374999999999999,-0.0397086,0.243069,-0.0401264999999999,0.24699725,0.0004178999999999,-0.0039282499999999,0.0039504162404106,12,0.4752949386256075,0.31860188767802367,1.5605788472499823e-05,False,False,neither
0.1874999999999999,0.7374999999999999,-0.0417693,0.24649,-0.0423666,0.25029025,0.0005973,-0.00380025,0.0038469036058237,12,0.5368054406436846,0.08652651665241123,1.4798667352499384e-05,False,False,neither
0.2125,0.7374999999999999,-0.0419,0.245877,-0.0425603,0.2494015,0.0006603,-0.0035244999999999,0.0035858187823703,12,0.5267389661630506,0.11996057745776317,1.285809633999962e-05,False,False,neither
0.2375,0.7374999999999999,-0.0403423,0.242308,-0.0409547,0.2454805,0.0006124,-0.0031725,0.0032310663889806,12,0.4729426877539308,0.2942326680774927,1.0439790010000133e-05,False,False,neither
0.2624999999999999,0.7374999999999999,-0.037384,0.236557,-0.0378574,0.239353,0.0004734,-0.002796,0.0028357932858373,12,0.4078063195484688,0.4524589812347634,8.041723559999911e-06,False,False,neither
0.2875,0.7374999999999999,-0.033325,0.229152,-0.033592875,0.23157575,0.000267875,-0.00242375,0.0024385079614643,12,0.3359018455224705,0.5989118857327845,5.946321078124776e-06,False,False,neither
0.3125,0.7374999999999999,-0.0284603,0.220425,-0.02847985,0.22249625,1.955000000004176e-05,-0.0020712499999999,0.0020713422616747,12,0.2640050828958759,0.7370568619936998,4.290458764999661e-06,False,False,neither
0.3375,0.7374999999999999,-0.0230727,0.210557,-0.022821625,0.2122994999999999,-0.0002510749999999,-0.0017424999999999,0.0017604956420351,12,0.2058261949327455,0.8693098856472301,3.0993449056245787e-06,False,False,neither
0.3624999999999999,0.7374999999999999,-0.0174317,0.199613,-0.0169043,0.201053,-0.0005273999999999,-0.00144,0.0015335419003079,12,0.188898238101354,0.9973363910757491,2.3517507599999655e-06,False,False,neither
0.3874999999999999,0.7374999999999999,-0.0117947,0.187577,-0.010998325,0.18873525,-0.0007963749999999,-0.00115825,0.0014056159515048,12,0.2334750831847196,1.122394720338616,1.975756203124744e-06,False,False,neither
0.4125,0.7374999999999999,-0.00640918,0.174367,-0.00536174,0.175261,-0.0010474399999999,-0.000894,0.00137708625496,12,0.3230573399855793,1.2455762243732815,1.896366553599758e-06,False,False,neither
0.4374999999999999,0.7374999999999999,-0.00151562,0.159856,-0.0002434275,0.1605005,-0.0012721924999999,-0.0006444999999999,0.0014261325348844,12,0.4383267721137804,1.3678267069117347,2.0338540070558045e-06,False,False,neither
0.4624999999999999,0.7374999999999999,0.00264975,0.14388,0.0041139174999999,0.14428725,-0.0014641674999999,-0.00040725,0.0015197496604888,9,0.4021976759491479,1.4900910412874107,2.3096390305558232e-06,False,False,neither
0.4875,0.7374999999999999,0.00585413,0.12625,0.0074715774999999,0.1264295,-0.0016174474999999,-0.0001794999999999,0.0016273772350797,9,0.3235401181292089,1.6132865860100616,2.648356665255649e-06,False,False,neither
0.5125,0.7374999999999999,0.00786726,0.106751,0.0095935374999998,0.106711,-0.0017262774999998,3.999999999999837e-05,0.0017267408627254,9,0.3177424966736178,1.7383241443781536,2.981634007005659e-06,False,False,neither
0.5375,0.7374999999999999,0.00846064,0.0851487,0.0102460724999998,0.084896525,-0.0017854324999998,0.0002521749999999,0.001803153194457,9,0.4105813898710539,1.866073759578608,3.251361442680484e-06,False,False,neither
0.5625,0.7374999999999999,0.00740962,0.0611859,0.0091988774999998,0.0607265999999999,-0.0017892574999998,0.0004593,0.0018472679533045,4,0.494807347656756,1.9972878547670991,3.4123988913057967e-06,False,False,neither
0.5874999999999999,0.7374999999999999,0.00449666,0.0345848,0.0062277765999998,0.033919375,-0.0017311165999998,0.0006654249999999,0.001854603761837,4,0.54684627874393,2.1324599731120393,3.439555113419952e-06,False,False,neither
0.6124999999999999,0.7374999999999999,-0.000482616,0.00504469,0.0011207799999998,0.0041663372499999,-0.0016033959999998,0.00087835275,0.0018282183365911,0,0.5700460878137329,2.271753062376719,3.3423822862479285e-06,False,False,neither
0.6375,0.7374999999999999,-0.0077075,-0.0277574,-0.0063109575000001,-0.0288693500000001,-0.0013965424999998,0.0011119500000001,0.0017851509058917,1,0.5676671780126631,2.4145758430250233,3.1867637568059573e-06,False,False,neither
0.6625,0.7374999999999999,-0.017312,-0.0641609,-0.0162129675000001,-0.0655505750000001,-0.0010990324999998,0.0013896750000001,0.001771741810107,1,0.5188721755042078,2.55903556296508,3.1390690416812288e-06,False,False,neither
0.6875,0.7374999999999999,-0.0293511,-0.104504,-0.0286519000000001,-0.1062528500000001,-0.0006991999999998,0.0017488500000001,0.0018834428482171,6,0.635220896339401,2.700883394102752,3.547356962500142e-06,False,False,neither
0.7124999999999999,0.7374999999999999,-0.0437431,-0.149078,-0.043553875,-0.1513254999999999,-0.0001892249999999,0.0022474999999999,0.0022554516954757,6,0.3039554951508902,2.831650068641251,5.087062350624209e-06,False,False,neither
0.7374999999999999,0.7374999999999999,-0.0601789,-0.198031,-0.060602075,-0.2009944999999999,0.000423175,0.0029634999999998,0.0029935613123209,6,0.3677664383545163,2.9355631606586154,8.96140933062443e-06,False,False,neither
0.7625,0.7374999999999999,-0.0779858,-0.251171,-0.0790779,-0.2551504999999999,0.0010921,0.0039794999999999,0.0041266333323908,3,0.5953832945625507,2.984792045286237,1.7029102659998797e-05,False,False,neither
0.7875,0.7374999999999999,-0.0959465,-0.3076,-0.0976429750000001,-0.3129367500000002,0.0016964750000001,0.0053367500000002,0.0055999042838362,7,0.2883898388812787,2.9334583587458676,3.135892798812703e-05,False,False,neither
0.8125,0.7374999999999999,-0.112104,-0.365115,-0.1141057500000001,-0.3720347500000002,0.0020017500000001,0.0069197500000001,0.0072034674376305,7,0.2642280909164661,2.713239202226741,5.1889943125002924e-05,False,False,neither
0.8375,0.7374999999999999,-0.123649,-0.419361,-0.1253185,-0.4276472500000001,0.0016695,0.0082862500000001,0.0084527610466937,7,0.7623900544191654,2.238515167694872,7.144916931250239e-05,False,False,neither
0.8624999999999999,0.7374999999999999,-0.127101,-0.462875,-0.127502,-0.4714434999999999,0.000401,0.0085684999999999,0.0085778781321489,7,1.1995592980206071,1.4574587785594488,7.35799932499983e-05,False,True,som_only
0.8875,0.7374999999999999,-0.119047,-0.484529,-0.11734075,-0.49128025,-0.0017062499999999,0.0067512499999999,0.0069635239372748,7,1.4312962874175246,0.8934009942259972,4.849066562499914e-05,False,True,som_only
0.9125,0.7374999999999999,-0.0975771,-0.470285,-0.093929675,-0.4728705000000001,-0.0036474249999999,0.0025855,0.0044708521984768,7,1.1616970815777088,2.1962534730991323,1.9988519380624838e-05,False,True,som_only
0.9375,0.7374999999999999,-0.064472,-0.406351,-0.0608160249999999,-0.4039829999999998,-0.003655975,-0.0023680000000001,0.0043558669861034,7,0.7133239892529002,4.198446487824277,1.8973577200625518e-05,False,False,neither
0.9625,0.7374999999999999,-0.0284422,-0.284825,-0.0266553749999999,-0.2795782499999995,-0.001786825,-0.0052467500000005,0.0055426644443923,7,1.2149374723445368,6.196087145057273,3.07211291431306e-05,True,True,both
0.9875,0.7374999999999999,-0.00565365,-0.108958,-0.0034928449999999,-0.1039692749999994,-0.002160805,-0.0049887250000005,0.0054365848998848,11,1.7730355058186786,7.927657626033965,2.955645537365542e-05,True,True,both
0.0124999999999999,0.7625,-0.00134709,0.0426259,-0.0008692439999999,0.0414102749999999,-0.000477846,0.001215625,0.0013061703335863,4,0.7774555760101785,3.1030676552311327,1.7060809403409462e-06,False,False,neither
0.0375,0.7625,-0.00708999,0.112117,-0.0068934024999999,0.1121802499999999,-0.0001965875,-6.324999999997305e-05,0.0002065120036614,9,0.3561794629957632,2.480077332572104,4.264720765624608e-08,False,False,neither
0.0625,0.7625,-0.0167481,0.164447,-0.0162513499999999,0.1660354999999999,-0.00049675,-0.0015884999999999,0.001664359580289,12,0.4422577415389109,1.8740189241584515,2.7700928124997763e-06,False,False,neither
0.0875,0.7625,-0.0266801,0.201136,-0.0262060249999999,0.2040804999999999,-0.000474075,-0.0029444999999999,0.0029824197148665,12,0.184177532866585,1.3363173955150027,8.894827355624374e-06,False,False,neither
0.1124999999999999,0.7625,-0.0348246,0.224976,-0.0347389249999999,0.2287854999999999,-8.567500000002115e-05,-0.0038094999999999,0.0038104632862192,12,0.2779323327903603,0.8858786015024858,1.4519630455624424e-05,False,False,neither
0.1374999999999999,0.7625,-0.0403344,0.238862,-0.0407067499999999,0.24301575,0.0003723499999999,-0.00415375,0.0041704056859015,12,0.4164558294685901,0.519087868727444,1.739228358499956e-05,False,False,neither
0.1625,0.7625,-0.0429637,0.245344,-0.0436871499999999,0.2494422499999999,0.0007234499999999,-0.0040982499999999,0.0041616142258743,12,0.5057024978141463,0.2274116858035224,1.731903296499935e-05,False,False,neither
0.1874999999999999,0.7625,-0.0428313,0.246483,-0.0437356999999999,0.2502775,0.0009043999999999,-0.0037945,0.0039007908954467,12,0.534864355713178,0.09772378019704314,1.521616960999987e-05,False,False,neither
0.2125,0.7625,-0.0402587,0.243853,-0.041171775,0.24721925,0.0009130749999999,-0.00336625,0.0034878854651672,12,0.4887350331097004,0.26657090947813494,1.2165345018124614e-05,False,False,neither
0.2375,0.7625,-0.0356501,0.238596,-0.0364282,0.241495,0.0007781,-0.002899,0.0030016063382795,12,0.4254469120154458,0.44356784712149727,9.009640609999668e-06,False,False,neither
0.2624999999999999,0.7625,-0.0294236,0.231503,-0.029962425,0.2339485,0.000538825,-0.0024455,0.002504157069879,12,0.357129107187865,0.6049081282310564,6.27080263062498e-06,False,False,neither
0.2875,0.7625,-0.0219783,0.223094,-0.02221135,0.22512325,0.00023305,-0.00202925,0.0020425885207256,12,0.2940052829426769,0.7535447656669112,4.172167864999994e-06,False,False,neither
0.3125,0.7625,-0.0136815,0.213682,-0.0135739,0.2153405,-0.0001075999999999,-0.0016585,0.0016619867658919,12,0.251573202144816,0.8926900930138073,2.7622000099998177e-06,False,False,neither
0.3375,0.7625,-0.00486762,0.203427,-0.00440883275,0.20475875,-0.0004587872499999,-0.00133175,0.0014085608979602,12,0.2488155654024113,1.0246636166176684,1.984043803262445e-06,False,False,neither
0.3624999999999999,0.7625,0.00415742,0.192376,0.0049604882499999,0.1934205,-0.0008030682499999,-0.0010445,0.0013175351472192,12,0.2915729607731708,1.1511543916000149,1.7358988641579192e-06,False,False,neither
0.3874999999999999,0.7625,0.0131108,0.180498,0.0142385874999999,0.1812855,-0.0011277874999999,-0.0007875,0.0013755220445911,12,0.3673269026642801,1.273477295265212,1.8920608951560802e-06,False,False,neither
0.4125,0.7625,0.0217266,0.167699,0.0231501249999999,0.16825625,-0.0014235249999999,-0.00055725,0.001528708928516,12,0.4628850760897971,1.3927526534083503,2.3369509881245366e-06,False,False,neither
0.4374999999999999,0.7625,0.0297495,0.153847,0.0314331499999999,0.15419175,-0.0016836499999999,-0.00034475,0.0017185836857714,9,0.4871875670486639,1.5100409151079317,2.9535298849996104e-06,False,False,neither
0.4624999999999999,0.7625,0.0369301,0.138773,0.0388333999999998,0.138922,-0.0019032999999998,-0.0001489999999999,0.0019091233302224,9,0.4108831441788642,1.6264186010261934,3.644751889999467e-06,False,False,neither
0.4875,0.7625,0.0430216,0.122286,0.0450997999999998,0.12225225,-0.0020781999999998,3.374999999999906e-05,0.0020784740321927,9,0.3628221319994828,1.7429696212946455,4.320054302499382e-06,False,False,neither
0.5125,0.7625,0.0477768,0.104172,0.0499811999999998,0.1039665,-0.0022043999999998,0.0002054999999999,0.0022139579061037,9,0.3649489129200414,1.8608470119448297,4.901609609999079e-06,False,False,neither
0.5375,0.7625,0.0509458,0.0841951,0.0532238749999998,0.083828575,-0.0022780749999998,0.0003665249999999,0.0023073721592429,9,0.4285676417128174,1.9812425005364689,5.323966281249242e-06,False,False,neither
0.5625,0.7625,0.0522753,0.0620987,0.0545701999999998,0.061580225,-0.0022948999999998,0.0005184749999999,0.0023527393258974,9,0.5437716965639162,2.1053105622810144,5.535382335624153e-06,False,False,neither
0.5874999999999999,0.7625,0.051509,0.0376009,0.0537586499999998,0.0369368,-0.0022496499999998,0.0006640999999999,0.0023456244227282,4,0.6677176443018709,2.234229130210239,5.501953932499001e-06,False,False,neither
0.6124999999999999,0.7625,0.0483899,0.0103904,0.0505252999999998,0.0095815849999999,-0.0021353999999998,0.000808815,0.0022834436415695,0,0.6809530408661671,2.368983364621204,5.214114864224179e-06,False,False,neither
0.6375,0.7625,0.0426668,-0.0198784,0.0446098499999998,-0.0208416750000001,-0.0019430499999998,0.0009632750000001,0.0021687189832074,1,0.6715020454589892,2.5102672578432763,4.703342028124139e-06,False,False,neither
0.6625,0.7625,0.0341069,-0.0535911,0.0357670499999998,-0.0547371750000001,-0.0016601499999998,0.0011460750000001,0.0020173214736686,1,0.6477199506486393,2.6580890480568926,4.069585928124452e-06,False,False,neither
0.6875,0.7625,0.0225204,-0.0911727,0.0237917749999998,-0.0925625000000001,-0.0012713749999998,0.0013898000000001,0.0018835972049843,1,0.7237110831878465,2.8109602763326276,3.547938430624667e-06,False,False,neither
0.7124999999999999,0.7625,0.0078063,-0.133073,0.0085662362499998,-0.1348214999999999,-0.0007599362499998,0.0017484999999999,0.0019065034366776,6,0.5457577714097315,2.96436220723784,3.6347553540635e-06,False,False,neither
0.7374999999999999,0.7625,-0.00996661,-0.179713,-0.00985151475,-0.1820179999999999,-0.0001150952499999,0.0023049999999998,0.0023078717287951,6,0.400096595088801,3.1076760994086885,5.326271916571685e-06,False,False,neither
0.7625,0.7625,-0.0304234,-0.231343,-0.0310725,-0.2345197499999999,0.0006491,0.0031767499999999,0.003242386678436,6,0.6487409907462797,3.218876999387209,1.0513071372499237e-05,False,False,neither
0.7875,0.7625,-0.052673,-0.287733,-0.0541269500000002,-0.2922187500000002,0.0014539500000002,0.0044857500000002,0.0047154982414377,7,0.5501213968374423,3.2561421572928904,2.223592366500204e-05,False,False,neither
0.8125,0.7625,-0.0750259,-0.347573,-0.0771206250000001,-0.3538347500000002,0.0020947250000001,0.0062617500000002,0.0066028316568066,7,0.1532128806672522,3.147489092403658,4.35973858881274e-05,False,False,neither
0.8375,0.7625,-0.09471,-0.407472,-0.0968977000000001,-0.4156992500000002,0.0021877000000001,0.0082272500000002,0.0085131471179878,7,0.5928561981998691,2.783803636495218,7.2473673852504e-05,False,False,neither
0.8624999999999999,0.7625,-0.107793,-0.460588,-0.10902325,-0.4701007499999999,0.00123025,0.0095127499999999,0.0095919720404616,7,1.0995601470381542,2.0328059525690096,9.200592762499708e-05,False,True,som_only
0.8875,0.7625,-0.10967,-0.495286,-0.1086475,-0.50395125,-0.0010224999999999,0.0086652499999999,0.0087253689785876,7,1.5043380567773526,0.9061439066042437,7.613206381249883e-05,False,True,som_only
0.9125,0.7625,-0.0964692,-0.494922,-0.092728575,-0.49948025,-0.0037406249999999,0.00455825,0.005896602280392,7,1.412976053209127,1.6153074334169333,3.476991845312414e-05,False,True,som_only
0.9375,0.7625,-0.0678152,-0.440485,-0.063162025,-0.4387284999999998,-0.0046531749999999,-0.0017565000000001,0.004973663622585,7,0.9399448576510556,3.9991069455212127,2.4737329830625344e-05,False,False,neither
0.9625,0.7625,-0.0316972,-0.317459,-0.0287646749999999,-0.3109979999999994,-0.002932525,-0.0064610000000005,0.0070953663665544,7,1.2255763236465578,6.570434714101039,5.034422387563139e-05,True,True,both
0.9875,0.7625,-0.00670045,-0.124726,-0.0038768474999999,-0.1178977249999993,-0.0028236025,-0.0068282750000006,0.0073890507207381,11,1.6722777026016449,8.902576211065762,5.459807055364023e-05,True,True,both
0.0124999999999999,0.7875,-0.0020266,0.0469261,-0.00121354675,0.045359825,-0.0008130532499999,0.0015662749999999,0.0017647302805132,9,0.8342446455975184,3.384639438073403,3.1142729629601978e-06,False,False,neither
0.0375,0.7875,-0.00988764,0.121548,-0.00937279,0.12156175,-0.0005148499999999,-1.375000000002069e-05,0.0005150335765753,9,0.3860428235736687,2.6391739171263424,2.6525958499994543e-07,False,False,neither
0.0625,0.7875,-0.0222075,0.17526,-0.0214176,0.17723875,-0.0007898999999999,-0.00197875,0.0021305852652499,12,0.385757433421462,1.9259282713281407,4.5393935724999875e-06,False,False,neither
0.0875,0.7875,-0.0338726,0.210638,-0.033332175,0.2142175,-0.0005404249999999,-0.0035795,0.0036200662190939,12,0.1956785106956255,1.3086818343493578,1.3104879430624804e-05,False,False,neither
0.1124999999999999,0.7875,-0.0423345,0.231716,-0.042478375,0.236124,0.000143875,-0.004408,0.00441034738038,12,0.3320574696401893,0.807767321869361,1.945116401562473e-05,False,False,neither
0.1374999999999999,0.7875,-0.0468337,0.242309,-0.04763525,0.24684675,0.00080155,-0.00453775,0.004607999290907,12,0.4556392931241232,0.4213950034824808,2.1233657464999413e-05,False,False,neither
0.1625,0.7875,-0.0473829,0.245535,-0.0485997,0.2497479999999999,0.0012168,-0.0042129999999999,0.0043851991106447,12,0.5126354848273835,0.19579889831150732,1.922997123999907e-05,False,False,neither
0.1874999999999999,0.7875,-0.0443895,0.243757,-0.045744875,0.2474225,0.001355375,-0.0036654999999999,0.0039080598307376,12,0.4841402792749467,0.2918909977645765,1.5272931640624803e-05,False,False,neither
0.2125,0.7875,-0.0384349,0.238675,-0.0396936749999999,0.2417282499999999,0.0012587749999999,-0.0030532499999999,0.003302552053053,12,0.4195520338228405,0.4852850793379084,1.0906850063124587e-05,False,False,neither
0.2375,0.7875,-0.0301316,0.231459,-0.0311237499999999,0.2339254999999999,0.0009921499999999,-0.0024664999999999,0.002658568011637,12,0.3494803136329918,0.6678804926931164,7.067983872499512e-06,False,False,neither
0.2624999999999999,0.7875,-0.0200516,0.222877,-0.0206714749999999,0.2248244999999999,0.0006198749999999,-0.0019474999999999,0.0020437713339864,12,0.291204724504549,0.8336433345340198,4.1770012656245485e-06,False,False,neither
0.2875,0.7875,-0.00870248,0.213407,-0.0088958924999999,0.2149132499999999,0.0001934124999999,-0.0015062499999999,0.0015186169555408,12,0.2657539335328962,0.9854111977266141,2.3061974576560084e-06,False,False,neither
0.3125,0.7875,0.00347534,0.203314,0.003725117,0.2044554999999999,-0.000249777,-0.0011414999999999,0.0011685079373837,12,0.2876888740665937,1.1261293230886051,1.365410799728709e-06,False,False,neither
0.3375,0.7875,0.0161001,0.19272,0.01678455,0.1935577499999999,-0.00068445,-0.0008377499999999,0.0010818025998305,12,0.3493541009839057,1.2580420580588711,1.1702968650000288e-06,False,False,neither
0.3624999999999999,0.7875,0.028837,0.181637,0.029931275,0.1822234999999999,-0.001094275,-0.0005864999999999,0.0012415393773961,12,0.4335544150481363,1.38284352990351,1.5414200256250958e-06,False,False,neither
0.3874999999999999,0.7875,0.0413858,0.170011,0.042855025,0.1703829999999999,-0.001469225,-0.0003719999999999,0.0015155877079949,12,0.5287114764513837,1.501854219897524,2.2970061006252343e-06,False,False,neither
0.4125,0.7875,0.0534704,0.157732,0.055273275,0.1579189999999999,-0.001802875,-0.0001869999999999,0.0018125471761102,9,0.5562637298911342,1.6162653459082763,3.2853272656250606e-06,False,False,neither
0.4374999999999999,0.7875,0.0648294,0.144656,0.0669204750000001,0.1446797499999999,-0.0020910750000001,-2.3749999999961305e-05,0.0020912098694596,9,0.5102654399281892,1.7271925194939912,4.373158718125237e-06,False,False,neither
0.4624999999999999,0.7875,0.0752086,0.130612,0.0775397750000001,0.13049,-0.0023311750000001,0.000122,0.0023343651986408,9,0.4813617684394699,1.8357759747300328,5.449260880625303e-06,False,False,neither
0.4875,0.7875,0.0843551,0.115407,0.0868762500000001,0.1151534999999999,-0.0025211500000001,0.0002535,0.0025338625796401,9,0.4731584428263251,1.9432222055184527,6.420459572500381e-06,False,False,neither
0.5125,0.7875,0.0920128,0.0988324,0.0946715250000001,0.0984588999999999,-0.0026587250000001,0.0003735,0.0026848316289156,9,0.4887919999470673,2.0508240707637504,7.2083208756255945e-06,False,False,neither
0.5375,0.7875,0.0979184,0.0806574,0.1006601500000001,0.0801760249999999,-0.0027417500000001,0.000481375,0.0027836872944218,9,0.5299231844108616,2.1600195213358604,7.74891495312536e-06,False,False,neither
0.5625,0.7875,0.101798,0.0606329,0.1045653250000001,0.0600548499999999,-0.0027673250000001,0.00057805,0.002827053140308,9,0.5964507138977766,2.2723161287232903,7.992229458125324e-06,False,False,neither
0.5874999999999999,0.7875,0.103367,0.0384846,0.1060974750000001,0.03781975,-0.0027304750000001,0.0006648499999999,0.002810252523907,9,0.6869691485795903,2.389325932899068,7.897519248125663e-06,False,False,neither
0.6124999999999999,0.7875,0.102326,0.013907,0.1049516500000001,0.0131618675,-0.0026256500000001,0.0007451324999999,0.0027293333187899,9,0.7992653687177178,2.51277282149342,7.4492603650566895e-06,False,False,neither
0.6375,0.7875,0.0983642,-0.0134464,0.1008089250000001,-0.014272235,-0.0024447250000001,0.000825835,0.0025804425536816,1,0.8682397711986526,2.6444729328410608,6.658683772850818e-06,False,False,neither
0.6625,0.7875,0.0911655,-0.0439757,0.0933395750000001,-0.0448964,-0.0021740750000001,0.0009207,0.0023609935611148,1,0.8529020071098805,2.786121907708994,5.574290595625545e-06,False,False,neither
0.6875,0.7875,0.0804217,-0.0781502,0.0822181750000001,-0.079204725,-0.0017964750000001,0.001054525,0.0020831095509479,1,0.8932708639693141,2.9388305090392675,4.339345401250361e-06,False,False,neither
0.7124999999999999,0.7875,0.0658637,-0.116519,0.0671528750000002,-0.1177922499999998,-0.0012891750000002,0.0012732499999998,0.0018119430849574,6,0.7739034065178495,3.1021370272107585,3.2831377431249397e-06,False,False,neither
0.7374999999999999,0.7875,0.0473239,-0.159707,0.0479510000000002,-0.1613602499999998,-0.0006271000000002,0.0016532499999998,0.0017681883306083,6,0.6116277599398224,3.2714327673488874,3.126489972499367e-06,False,False,neither
0.7625,0.7875,0.0248551,-0.20834,0.0246501750000002,-0.2106644999999998,0.0002049249999997,0.0023244999999998,0.0023335154821907,6,0.6491526235257252,3.4329180299121624,5.445294505623696e-06,False,False,neither
0.7875,0.7875,-0.00105928,-0.262836,-0.0022374199999999,-0.266301,0.0011781399999999,0.003465,0.0036598140471341,7,0.8836119330994456,3.5540529800356095,1.339423885960008e-05,False,False,neither
0.8125,0.7875,-0.0291698,-0.322876,-0.0313188999999999,-0.3281310000000001,0.0021490999999999,0.0052550000000001,0.0056774691377409,7,0.4331389209714484,3.56857543664135,3.22336558100004e-05,False,False,neither
0.8375,0.7875,-0.0570169,-0.386376,-0.0597683499999999,-0.3940365000000001,0.0027514499999999,0.0076605000000001,0.0081396398785512,7,0.4496403626366502,3.358786037901193,6.625373735250099e-05,False,False,neither
0.8624999999999999,0.7875,-0.080546,-0.447766,-0.0828738249999998,-0.4577829999999998,0.0023278249999998,0.0100169999999997,0.0102839223174146,7,0.9361672319308788,2.746845413008165,0.0001057590582306181,False,False,neither
0.8875,0.7875,-0.0941765,-0.495805,-0.0943710249999999,-0.5064204999999999,0.0001945249999999,0.0106154999999999,0.0106172821487244,7,1.425958515926541,1.5356108793740684,0.0001127266802256218,False,True,som_only
0.9125,0.7875,-0.0918968,-0.511948,-0.088596225,-0.51918675,-0.0033005749999999,0.00723875,0.0079557084469659,7,1.6286039498961458,0.8723694690852035,6.329329689312458e-05,False,True,som_only
0.9375,0.7875,-0.0703443,-0.471613,-0.06475025,-0.4712812500000001,-0.00559405,-0.0003317499999999,0.005603878430605,7,1.1635357995912554,3.587829416677444,3.1403453464999956e-05,False,True,som_only
0.9625,0.7875,-0.0355493,-0.351438,-0.0310217749999999,-0.3437534999999996,-0.004527525,-0.0076845000000003,0.0089190819525123,7,1.2800286647906824,6.838366809949289,7.955002287563063e-05,True,True,both
0.9875,0.7875,-0.0081279,-0.142597,-0.0043308099999999,-0.1332564999999993,-0.00379709,-0.0093405000000006,0.0100827988533994,11,1.6309089030840078,9.949271180863501,0.00010166283271811226,True,True,both
0.0124999999999999,0.8125,-0.00317848,0.0531458,-0.00175584025,0.05093195,-0.0014226397499999,0.0022138499999999,0.0026315462528293,9,0.8734539214257541,3.775328857552709,6.925035680779929e-06,False,False,neither
0.0375,0.8125,-0.0142177,0.134149,-0.01314005,0.13417875,-0.0010776499999999,-2.975000000005057e-05,0.0010780605664803,9,0.453310982971174,2.8331781393221647,1.1622145849998252e-06,False,False,neither
0.0625,0.8125,-0.0300826,0.18859,-0.0289361,0.1913075,-0.0011464999999999,-0.0027175,0.0029494522372807,12,0.3374921888073444,1.9664894131522803,8.699268500000126e-06,False,False,neither
0.0875,0.8125,-0.0436484,0.221169,-0.0432069,0.22573375,-0.0004414999999999,-0.00456475,0.0045860511131583,12,0.2489480931840672,1.243688284986234,2.1031864812500484e-05,False,False,neither
0.1124999999999999,0.8125,-0.0519439,0.237903,-0.052624275,0.24308675,0.000680375,-0.00518375,0.0052282094643506,12,0.3943408439960519,0.6835087904628587,2.7334174203125184e-05,False,False,neither
0.1374999999999999,0.8125,-0.0545616,0.243869,-0.05611305,0.2487725,0.00155145,-0.0049035,0.0051430836423783,12,0.4857447130325078,0.31448616099917653,2.6451309352499246e-05,False,False,neither
0.1625,0.8125,-0.0519946,0.242851,-0.0539594,0.2470249999999999,0.0019648,-0.0041739999999999,0.0046133193082638,12,0.4742884422313401,0.3285782483184181,2.128271503999959e-05,False,False,neither
0.1874999999999999,0.8125,-0.0450875,0.237495,-0.0470583,0.2408127499999999,0.0019707999999999,-0.0033177499999999,0.0038589529282565,12,0.4007780914212021,0.5579135460122832,1.4891517702499415e-05,False,False,neither
0.2125,0.8125,-0.0347691,0.229567,-0.0364562749999999,0.2320769999999999,0.0016871749999999,-0.0025099999999999,0.0030243444712242,12,0.3203303537733505,0.7834293313120207,9.146659480624385e-06,False,False,neither
0.2375,0.8125,-0.0219022,0.220194,-0.0231310999999999,0.2220179999999999,0.0012288999999999,-0.0018239999999999,0.0021993569992158,12,0.2632962276739579,0.9837403589738504,4.837171209999528e-06,False,False,neither
0.2624999999999999,0.8125,-0.00722693,0.210064,-0.0079130324999999,0.2113382499999999,0.0006861024999999,-0.0012742499999999,0.0014472213731858,12,0.2619857538206311,1.1616515729322627,2.0944497030057926e-06,False,False,neither
0.2875,0.8125,0.0086428,0.199563,0.00852305,0.2004104999999999,0.0001197499999999,-0.0008474999999999,0.000855918402945,12,0.3203214167367909,1.3215767017411435,7.325963124999193e-07,False,False,neither
0.3125,0.8125,0.0252037,0.188878,0.02563605,0.1894004999999999,-0.00043235,-0.0005224999999999,0.0006781834357311,12,0.4117770288914503,1.4670138206111079,4.599327725000391e-07,False,False,neither
0.3375,0.8125,0.0420407,0.178066,0.04298925,0.1783389999999999,-0.00094855,-0.0002729999999999,0.0009870542550944,12,0.515623323649513,1.6006059629090477,9.74276102499961e-07,False,False,neither
0.3624999999999999,0.8125,0.0588042,0.167092,0.0602219250000001,0.1671729999999999,-0.001417725,-8.099999999996998e-05,0.0014200370331879,12,0.622400352287009,1.7242819607024835,2.016505175625093e-06,False,False,neither
0.3874999999999999,0.8125,0.0751908,0.155866,0.0770255750000001,0.1557944999999999,-0.0018347750000001,7.150000000005763e-05,0.0018361676259604,9,0.6055807917569558,1.8396624452937007,3.371511550625051e-06,False,False,neither
0.4125,0.8125,0.0909276,0.144257,0.0931250250000001,0.1440617499999999,-0.0021974250000001,0.00019525,0.0022060823178488,9,0.6023163630578963,1.9480893448186611,4.866799193125134e-06,False,False,neither
0.4374999999999999,0.8125,0.105759,0.13211,0.1082642500000001,0.1318107499999999,-0.0025052500000001,0.00029925,0.0025230592789311,13,0.57095824122224,2.05084214485757,6.365828125000321e-06,False,False,neither
0.4624999999999999,0.8125,0.119436,0.119249,0.1221947500000001,0.1188607499999999,-0.0027587500000001,0.00038825,0.0027859360410821,13,0.5358559108143823,2.149216367260402,7.761439625000204e-06,False,False,neither
0.4875,0.8125,0.13171,0.105484,0.1346675000000001,0.1050197499999999,-0.0029575000000001,0.00046425,0.0029937158035626,13,0.5225077951275199,2.2445149275208665,8.962334312500463e-06,False,False,neither
0.5125,0.8125,0.142325,0.0906119,0.1454270000000001,0.0900829249999999,-0.0031020000000001,0.000528975,0.0031467790755987,13,0.5355277764201507,2.338199053073113,9.90221855062581e-06,False,False,neither
0.5375,0.8125,0.151014,0.0744148,0.1542040000000001,0.0738321999999999,-0.0031900000000001,0.0005826,0.0032427646784805,13,0.5768437464281398,2.4318594494962085,1.051552276000074e-05,False,False,neither
0.5625,0.8125,0.157493,0.0566584,0.1607130000000001,0.0560337249999999,-0.0032200000000001,0.000624675,0.0032800333619684,13,0.6454749338179803,2.5272626496191486,1.0758618855625725e-05,False,False,neither
0.5874999999999999,0.8125,0.161456,0.0370864,0.1646452500000002,0.03643135,-0.0031892500000001,0.0006550499999999,0.0032558264795595,13,0.7390437901949598,2.626402287429708,1.0600406065000808e-05,False,False,neither
0.6124999999999999,0.8125,0.162574,0.0154129,0.1656665000000002,0.014737925,-0.0030925000000001,0.0006749749999999,0.0031653036980084,13,0.8553569286930099,2.7315996253025445,1.0019147500625653e-05,False,False,neither
0.6375,0.8125,0.160493,-0.00868977,0.1634132500000001,-0.00937785,-0.0029202500000001,0.00068808,0.0030002190168221,13,0.9930951075757234,2.845559348731985,9.001314148900967e-06,False,False,neither
0.6625,0.8125,0.154831,-0.0356088,0.1574907500000001,-0.036311375,-0.0026597500000001,0.000702575,0.0027509783156408,13,1.151852115142022,2.971327749322852,7.5678816931258915e-06,False,True,som_only
0.6875,0.8125,0.145183,-0.0658156,0.1474757500000001,-0.0665516,-0.0022927500000001,0.000736,0.002407986412441,6,1.1629677030323842,3.112314852942099,5.798398562500479e-06,False,True,som_only
0.7124999999999999,0.8125,0.131138,-0.0998997,0.1329305000000002,-0.1007217499999998,-0.0017925000000002,0.0008220499999998,0.0019720097495957,6,1.0187645348090448,3.2716156960829,3.888822452500495e-06,False,True,som_only
0.7374999999999999,0.8125,0.112315,-0.138602,0.1134400000000002,-0.1396267499999998,-0.0011250000000002,0.0010247499999998,0.0015217547642442,6,0.8881724905657711,3.4505893134529937,2.3157375624999208e-06,False,False,neither
0.7625,0.8125,0.0884528,-0.182822,0.0887023250000002,-0.1842859999999998,-0.0002495250000002,0.0014639999999997,0.0014851123612792,6,0.8302633772230511,3.644717373363812,2.205558725624281e-06,False,False,neither
0.7875,0.8125,0.0595875,-0.233524,0.0587325500000001,-0.23586475,0.0008549499999999,0.00234075,0.0024919972040514,6,0.9410949045870936,3.8346144189605296,6.210050064999995e-06,False,False,neither
0.8125,0.8125,0.0263887,-0.291372,0.0242595,-0.2953167500000001,0.0021291999999999,0.00394475,0.0044826939670805,7,0.8193623716549711,3.9686505168003894,2.009454520249991e-05,False,False,neither
0.8375,0.8125,-0.00928787,-0.355803,-0.0125837124999999,-0.3623282500000001,0.0032958424999999,0.0065252500000001,0.0073103669776084,7,0.5357724859767561,3.9360582763089265,5.344146534730737e-05,False,False,neither
0.8624999999999999,0.8125,-0.0437077,-0.423166,-0.0473594499999997,-0.4329984999999997,0.0036517499999997,0.0098324999999997,0.0104887241508437,7,0.7673187989382554,3.537435812845231,0.00011001333431249189,False,False,neither
0.8875,0.8125,-0.0707607,-0.483747,-0.0728330999999998,-0.4960329999999998,0.0020723999999998,0.0122859999999998,0.012459560094963,7,1.253642642099128,2.4803098491712685,0.00015524063775999443,False,True,som_only
0.9125,0.8125,-0.0823784,-0.518391,-0.0804300749999999,-0.5290285,-0.001948325,0.0106374999999999,0.0108144522078385,7,1.7108655448901495,0.5943979867563484,0.00011695237655562301,False,True,som_only
0.9375,0.8125,-0.0714415,-0.497315,-0.065305525,-0.4997285000000001,-0.006135975,0.0024135,0.006593570463006,7,1.3664986709131537,2.903617332906663,4.3475171450625154e-05,False,True,som_only
0.9625,0.8125,-0.0402599,-0.386106,-0.0335775999999999,-0.3775204999999996,-0.0066823,-0.0085855000000004,0.0108795194535424,7,1.3539413275164969,6.934634848783026,0.00011836394354000754,True,True,both
0.9875,0.8125,-0.0101982,-0.16319,-0.0049077649999999,-0.1503279999999992,-0.005290435,-0.0128620000000007,0.0139075427912066,11,1.6699134010543402,11.069077642127912,0.00019341974648924267,True,True,both
0.0124999999999999,0.8375,-0.00515394,0.0624485,-0.0026189825,0.05903735,-0.0025349574999999,0.0034111499999999,0.0042499357464914,9,0.9573413462861228,4.331200592946141,1.806195384930541e-05,False,False,neither
0.0375,0.8375,-0.020855,0.15118,-0.018833,0.1514635,-0.0020219999999999,-0.0002835,0.0020417777180682,9,0.572396342658826,3.061437567051303,4.168856249999787e-06,False,False,neither
0.0625,0.8375,-0.0410056,0.204852,-0.03956565,0.20895475,-0.0014399499999999,-0.00410275,0.0043481045945331,12,0.3247414400416918,1.9678447879088432,1.8906013564999853e-05,False,False,neither
0.0875,0.8375,-0.0559754,0.232287,-0.056074025,0.2383185,9.862500000003964e-05,-0.0060315,0.0060323062870369,12,0.3369829407234918,1.0980677398594316,3.638871914062491e-05,False,False,neither
0.1124999999999999,0.8375,-0.0627439,0.242534,-0.06452595,0.2486055,0.00178205,-0.0060715,0.0063276231281975,12,0.4630408986770009,0.47161308630274457,4.0038814452499914e-05,False,False,neither
0.1374999999999999,0.8375,-0.0617591,0.242277,-0.064536675,0.2473655,0.002777575,-0.0050884999999999,0.00579721960345,12,0.4773471243300918,0.3332410440807074,3.360775513062498e-05,False,False,neither
0.1625,0.8375,-0.0543273,0.23598,-0.05734545,0.2397897499999999,0.00301815,-0.0038097499999999,0.0048603934496087,12,0.3829309663172387,0.6486455937258806,2.362342448499916e-05,False,False,neither
0.1874999999999999,0.8375,-0.0419104,0.22647,-0.0446399749999999,0.2290862499999999,0.0027295749999999,-0.0026162499999999,0.0037809183729782,12,0.2825300462991289,0.9612315120781257,1.4295343743124118e-05,False,False,neither
0.2125,0.8375,-0.025864,0.215448,-0.0280047249999999,0.2170992499999999,0.0021407249999999,-0.0016512499999999,0.0027035772761518,12,0.2324760124051121,1.2279787938808226,7.309330088124387e-06,False,False,neither
0.2375,0.8375,-0.00731986,0.20389,-0.0087388224999999,0.2048197499999999,0.0014189624999999,-0.0009297499999999,0.0016964343898029,12,0.2775767566267514,1.4550869589643087,2.8778896389059376e-06,False,False,neither
0.2624999999999999,0.8375,0.0128266,0.192316,0.012156735,0.1927334999999999,0.0006698649999999,-0.0004174999999999,0.00078931956027,12,0.3840280672017377,1.6507292739722648,6.230253682248262e-07,False,False,neither
0.2875,0.8375,0.0338823,0.180967,0.033930125,0.1810317499999999,-4.7825000000084605e-05,-6.47499999999468e-05,8.04971622170695e-05,12,0.5086950576180123,1.8213198938582973,6.479793125001202e-09,False,False,neither
0.3125,0.8375,0.055312,0.169911,0.0560179250000001,0.1697392499999999,-0.0007059250000001,0.00017175,0.0007265178374446,12,0.6346215798368051,1.9716339757003585,5.278281681251782e-07,False,False,neither
0.3375,0.8375,0.076697,0.159116,0.0779905250000001,0.1587854999999999,-0.0012935250000001,0.0003305,0.0013350794641613,9,0.6347284095227694,2.1052315572269005,1.782437175625224e-06,False,False,neither
0.3624999999999999,0.8375,0.0977001,0.148486,0.0995091500000001,0.1480484999999999,-0.0018090500000001,0.0004375,0.0018612007286965,13,0.5454048424393062,2.224802429520428,3.4640681525003827e-06,False,False,neither
0.3874999999999999,0.8375,0.118038,0.137886,0.1202930000000001,0.1373772499999999,-0.0022550000000001,0.00050875,0.0023116772184932,13,0.4636306463586434,2.332540275991821,5.343851562500458e-06,False,False,neither
0.4125,0.8375,0.137461,0.127163,0.1400952500000001,0.1266032499999999,-0.0026342500000001,0.00055975,0.0026930638917413,13,0.3968120991927655,2.430283422339872,7.252593125000796e-06,False,False,neither
0.4374999999999999,0.8375,0.155736,0.116147,0.1586867500000001,0.1155512499999999,-0.0029507500000001,0.00059575,0.0030102896247704,13,0.3560652148745412,2.5196488266812107,9.061843625000315e-06,False,False,neither
0.4624999999999999,0.8375,0.172635,0.10466,0.1758425000000001,0.1040384999999999,-0.0032075000000001,0.0006215,0.0032671575566539,13,0.3521395718418267,2.6022329437073846,1.0674318500000684e-05,False,False,neither
0.4875,0.8375,0.187925,0.0925185,0.1913322500000002,0.0918790499999999,-0.0034072500000001,0.00063945,0.0034667346112734,13,0.3863185110651903,2.679578196045042,1.2018248865000931e-05,False,False,neither
0.5125,0.8375,0.201363,0.0795302,0.2049135000000002,0.0788808999999999,-0.0035505000000002,0.0006493,0.0036093823211183,13,0.4493628027743115,2.753312421849726,1.3027640740001325e-05,False,False,neither
0.5375,0.8375,0.212688,0.0654948,0.2163260000000001,0.0648446499999999,-0.0036380000000001,0.00065015,0.0036956378370318,13,0.5304531484916174,2.8251891231314055,1.3657739022501081e-05,False,False,neither
0.5625,0.8375,0.221616,0.0502001,0.2252837500000001,0.0495595999999999,-0.0036677500000001,0.0006405,0.0037232553380746,13,0.6226020580506249,2.8972109240095034,1.3862630312501004e-05,False,False,neither
0.5874999999999999,0.8375,0.227835,0.0334169,0.2314725000000002,0.032798,-0.0036375000000001,0.0006188999999999,0.003689775529758,13,0.7227795494332965,2.9717301180457154,1.3614443460000928e-05,False,False,neither
0.6124999999999999,0.8375,0.230999,0.0148904,0.2345420000000002,0.0143060499999999,-0.0035430000000001,0.00058435,0.0035908653445237,13,0.8308489509272491,3.05150653761515,1.289431392250131e-05,False,False,neither
0.6375,0.8375,0.230725,-0.00567221,0.2341005000000002,-0.0062095375,-0.0033755000000001,0.0005373275,0.0034179995746426,10,0.8025262759721609,3.13988991649366,1.1682721092256996e-05,False,False,neither
0.6625,0.8375,0.226585,-0.0286214,0.2297095000000002,-0.029102825,-0.0031245000000001,0.000481425,0.0031613715821817,10,0.7787819285908302,3.241038779972248,9.994270280626025e-06,False,False,neither
0.6875,0.8375,0.218107,-0.0543958,0.2208755000000001,-0.054822325,-0.0027685000000001,0.000426525,0.0028011632986361,10,0.7983388091452654,3.3599771399990206,7.846515825625876e-06,False,False,neither
0.7124999999999999,0.8375,0.204769,-0.0835682,0.2070512500000003,-0.0839627749999998,-0.0022822500000002,0.0003945749999998,0.0023161076169138,10,0.8698629467621818,3.50264686384968,5.364354493126121e-06,False,False,neither
0.7374999999999999,0.8375,0.18602,-0.116909,0.1876422500000003,-0.1173409999999998,-0.0016222500000002,0.0004319999999998,0.0016787849959124,10,0.9953523044683809,3.6753135849170744,2.818319062500597e-06,False,False,neither
0.7625,0.8375,0.161322,-0.15546,0.1620542500000003,-0.1560927499999998,-0.0007322500000002,0.0006327499999998,0.0009677616571244,6,1.1485890861079209,3.8821124372691727,9.365626250001647e-07,False,True,som_only
0.7875,0.8375,0.130271,-0.200563,0.1298180000000001,-0.20174725,0.0004529999999998,0.00118425,0.0012679341712013,6,1.1194713722789016,4.118238359650884,1.6076570624999275e-06,False,True,som_only
0.8125,0.8375,0.0928792,-0.253713,0.09090915,-0.25613575,0.0019700499999999,0.0024227499999999,0.0031226294312645,6,1.2371169170632108,4.353602441300768,9.750814564999253e-06,False,True,som_only
0.8375,0.8375,0.0501362,-0.315903,0.046438425,-0.32073,0.0036977749999999,0.004827,0.0060805813003877,7,0.8866738065582284,4.500449947594129,3.697346895062457e-05,False,False,neither
0.8624999999999999,0.8375,0.00493002,-0.385888,-0.0001233097499997,-0.3945957499999997,0.0050533297499997,0.0087077499999996,0.0100678225860772,7,0.7554321530498915,4.364081235999165,0.00010136105162472619,False,False,neither
0.8875,0.8375,-0.0368178,-0.456733,-0.0414581249999998,-0.4698864999999997,0.0046403249999997,0.0131534999999997,0.0139480170044209,7,1.0522285166427197,3.5965031276088166,0.00019454717835561456,False,True,som_only
0.9125,0.8375,-0.0654969,-0.51062,-0.0663068999999999,-0.5250922499999999,0.0008099999999999,0.0144722499999999,0.0144948997948415,7,1.5242704511588032,1.740328103351779,0.00021010212006249617,False,True,som_only
0.9375,0.8375,-0.0697751,-0.514085,-0.0642281,-0.52119275,-0.005547,0.0071077499999999,0.0090160589540275,7,1.5435204259544986,1.8999981991486203,8.128931906249946e-05,False,True,som_only
0.9625,0.8375,-0.0459935,-0.420166,-0.0366776499999999,-0.4117984999999996,-0.00931585,-0.0083675000000003,0.0125219853646499,7,1.4125896209344104,6.7592445535577435,0.0001568001174725063,True,True,both
0.9875,0.8375,-0.0133121,-0.187467,-0.0057097374999999,-0.1696232499999991,-0.0076023625,-0.0178437500000008,0.0193957554543239,11,1.801697800475415,12.258249625695996,0.00037619532964393526,True,True,both
0.0124999999999999,0.8624999999999999,-0.00856416,0.0767178,-0.0040319574999999,0.0711521999999999,-0.0045322025,0.0055656,0.0071775178760492,9,1.12398303255753,5.132091283438945,5.151676286100582e-05,True,True,both
0.0375,0.8624999999999999,-0.0308648,0.174021,-0.0274445999999999,0.1752684999999999,-0.0034202,-0.0012474999999999,0.003640607681418,9,0.751668899269727,3.2948860061721406,1.3254024289999745e-05,False,False,neither
0.0625,0.8624999999999999,-0.0552173,0.223768,-0.0539925499999999,0.2303667499999999,-0.00122475,-0.0065987499999999,0.0067114465001964,12,0.3728430886294926,1.8501965427337712,4.504351412499851e-05,False,False,neither
0.0875,0.8624999999999999,-0.0695063,0.242459,-0.0711570749999999,0.250461,0.0016507749999999,-0.0080019999999999,0.0081704995012927,12,0.4479321964987021,0.7626020245999875,6.675706210062426e-05,False,False,neither
0.1124999999999999,0.8624999999999999,-0.0717357,0.243478,-0.0755657999999999,0.250272,0.0038300999999999,-0.006794,0.0077992372710413,12,0.5089473277409156,0.27337054929161625,6.0828102009999746e-05,False,False,neither
0.1374999999999999,0.8624999999999999,-0.0640669,0.235297,-0.06867315,0.240051,0.00460625,-0.004754,0.0066195207577664,12,0.3774985857727111,0.7900983852381931,4.381805506250026e-05,False,False,neither
0.1625,0.8624999999999999,-0.0490382,0.222869,-0.053360225,0.2257215,0.004322025,-0.0028525,0.005178480119748,12,0.2640726103825885,1.2657703436247827,2.6816656350625257e-05,False,False,neither
0.1874999999999999,0.8624999999999999,-0.0288833,0.208936,-0.0323699,0.210338,0.0034866,-0.001402,0.003757922771958,12,0.2665924467401863,1.6475891909235143,1.4121983560000498e-05,False,False,neither
0.2125,0.8624999999999999,-0.00539962,0.194913,-0.00784679525,0.1953235,0.00244717525,-0.0004105,0.0024813659452432,12,0.3844006815557872,1.9553146010808595,6.157176954212678e-06,False,False,neither
0.2375,0.8624999999999999,0.0200627,0.181463,0.0186664499999998,0.1812467500000001,0.0013962500000001,0.0002162499999999,0.0014128970680839,12,0.5366235727602285,2.2060236490119505,1.996278125000081e-06,False,False,neither
0.2624999999999999,0.8624999999999999,0.0465264,0.168836,0.0461012249999998,0.1682505,0.0004251750000001,0.0005854999999999,0.0007235910658825,9,0.6320359956034479,2.412437951077706,5.235840306249724e-07,False,False,neither
0.2875,0.8624999999999999,0.0732932,0.157062,0.0737257999999998,0.1562765,-0.0004325999999998,0.0007854999999999,0.0008967457889501,13,0.5953713047599752,2.583950270206453,8.041530099997374e-07,False,False,neither
0.3125,0.8624999999999999,0.0998623,0.146054,0.1010352749999998,0.1451745000000001,-0.0011729749999998,0.0008794999999998,0.001466080011672,13,0.4838885808878922,2.727502348083316,2.1493906006241717e-06,False,False,neither
0.3375,0.8624999999999999,0.125867,0.135671,0.1276704999999998,0.13476075,-0.0018034999999998,0.0009102499999999,0.0020201899199083,13,0.3798509013553557,2.848326865389575,4.081167312499104e-06,False,False,neither
0.3624999999999999,0.8624999999999999,0.151027,0.125746,0.1533647499999998,0.1248395,-0.0023377499999998,0.0009064999999999,0.0025073526502068,13,0.3008007937926799,2.950500689082448,6.286817312499063e-06,False,False,neither
0.3874999999999999,0.8624999999999999,0.175116,0.116101,0.1779014999999998,0.1152165,-0.0027854999999998,0.0008844999999999,0.002922558895899,13,0.2785800954366459,3.0371847759555233,8.541350499998381e-06,False,False,neither
0.4125,0.8624999999999999,0.197935,0.106556,0.2010929999999998,0.105703,-0.0031579999999998,0.0008529999999999,0.0032711730311921,13,0.3279431537587102,3.111009818557312,1.0700572999998513e-05,False,False,neither
0.4374999999999999,0.8624999999999999,0.219296,0.0969343,0.2227589999999998,0.09611575,-0.0034629999999998,0.0008185499999999,0.0035584256494268,13,0.4228861231587172,3.1742278728490807,1.2662393102498544e-05,False,False,neither
0.4624999999999999,0.8624999999999999,0.239012,0.0870592,0.2427172499999997,0.086277025,-0.0037052499999997,0.0007821749999999,0.0037869084083356,13,0.5359488503256085,3.228804798220543,1.4340675293122868e-05,False,False,neither
0.4875,0.8624999999999999,0.256883,0.0767566,0.2607714999999997,0.076012675,-0.0038884999999997,0.0007439249999999,0.0039590221842802,13,0.6531529407938477,3.276678688909854,1.5673856655622765e-05,False,False,neither
0.5125,0.8624999999999999,0.272691,0.0658522,0.2767067499999998,0.065149675,-0.0040157499999997,0.0007025249999999,0.0040767375974083,13,0.7678822648881091,3.319687807174645,1.66197894381224e-05,False,False,neither
0.5375,0.8624999999999999,0.286195,0.054169,0.2902829999999997,0.0535133,-0.0040879999999997,0.0006556999999999,0.004140251983877,10,0.7564529685210288,3.3598556331878315,1.7141686489997434e-05,False,False,neither
0.5625,0.8624999999999999,0.297125,0.0415237,0.3012297499999998,0.0409231,-0.0041047499999998,0.0006005999999999,0.0041484566916503,10,0.6773909506981391,3.399425081710141,1.7209692922498155e-05,False,False,neither
0.5874999999999999,0.8624999999999999,0.305176,0.0277218,0.3092392499999997,0.027187225,-0.0040632499999997,0.0005345749999999,0.0040982643878992,10,0.6025029007339386,3.4409910812508655,1.67957709931228e-05,False,False,neither
0.6124999999999999,0.8624999999999999,0.310001,0.0125493,0.3139622499999997,0.0120944525,-0.0039612499999996,0.0004548474999999,0.003987278245966,10,0.5302431025335073,3.4877215879450585,1.5898387810753697e-05,False,False,neither
0.6375,0.8624999999999999,0.311207,-0.00423985,0.3149987499999997,-0.0045986725,-0.0037917499999997,0.0003588225,0.0038086902800049,10,0.461649527357545,3.5434843319067806,1.4506121649003802e-05,False,False,neither
0.6625,0.8624999999999999,0.308347,-0.0229413,0.3118904999999997,-0.02318785,-0.0035434999999997,0.00024655,0.0035520668845755,10,0.4044588931347297,3.613155441621769,1.2617179152497899e-05,False,False,neither
0.6875,0.8624999999999999,0.300906,-0.0439329,0.3041069999999997,-0.044054075,-0.0032009999999997,0.000121175,0.0032032927403881,10,0.3795873210173336,3.702867831768237,1.0261084380623105e-05,False,False,neither
0.7124999999999999,0.8624999999999999,0.288296,-0.0677244,0.2910332499999998,-0.0677177749999999,-0.0027372499999998,-6.625000000023973e-06,0.0027372580172727,10,0.4188774236919126,3.820359819075161,7.492581453123673e-06,False,False,neither
0.7374999999999999,0.8624999999999999,0.269845,-0.0950357,0.2719544999999998,-0.0949260749999999,-0.0021094999999998,-0.000109625,0.0021123465365853,10,0.5392812743290547,3.975092750125461,4.462007890623911e-06,False,False,neither
0.7625,0.8624999999999999,0.244802,-0.126911,0.2460522499999998,-0.1267859999999999,-0.0012502499999998,-0.000125,0.0012564832121837,10,0.7340986908472873,4.177669541478838,1.5787500624994688e-06,False,False,neither
0.7875,0.8624999999999999,0.212383,-0.164857,0.2124457499999996,-0.1649455000000002,-6.274999999963948e-05,8.850000000021341e-05,0.0001084887666995,10,0.994181923948278,4.43627095304153,1.176981249997854e-08,False,False,neither
0.8125,0.8624999999999999,0.171945,-0.210917,0.1703657499999996,-0.2117492500000002,0.0015792500000003,0.0008322500000002,0.0017851248205662,11,1.2911468923818132,4.74468156617491,3.1866706250015077e-06,False,True,som_only
0.8375,0.8624999999999999,0.123438,-0.267408,0.1196829999999996,-0.2700915000000003,0.0037550000000003,0.0026835000000003,0.0046153220093515,11,1.274404203115784,5.051757541648254,2.130119725000437e-05,False,True,som_only
0.8624999999999999,0.8624999999999999,0.0683731,-0.335663,0.0621727749999999,-0.3421294999999999,0.006200325,0.0064664999999999,0.0089587751593409,7,1.0593344705008825,5.198484097349919,8.025965235562357e-05,True,True,both
0.8875,0.8624999999999999,0.011489,-0.412655,0.0038397125,-0.4250987499999999,0.0076492874999999,0.0124437499999999,0.0146067968192946,7,0.9907706104640356,4.82559476977709,0.00021335851332015483,False,False,neither
0.9125,0.8624999999999999,-0.0372074,-0.484391,-0.0426332499999999,-0.5021969999999999,0.0054258499999999,0.0178059999999998,0.0186143354493921,7,1.2713579074053891,3.3235952058727007,0.00034649348422249534,False,True,som_only
0.9375,0.8624999999999999,-0.0624709,-0.516865,-0.060015825,-0.53102225,-0.0024550749999999,0.01415725,0.0143685462318957,7,1.650655538762283,0.9536627391798423,0.00020645512081812412,False,True,som_only
0.9625,0.8624999999999999,-0.0522599,-0.450968,-0.0406486999999998,-0.4455857499999994,-0.0116112000000001,-0.0053822500000005,0.0127979912682619,7,1.4154948943487138,6.165089839074529,0.00016378858050250785,True,True,both
0.9875,0.8624999999999999,-0.017902,-0.216715,-0.0069409749999999,-0.1920809999999989,-0.010961025,-0.024634000000001,0.0269625300194673,11,2.022929108024408,13.491939838187985,0.0007269780250506754,True,True,both
0.0124999999999999,0.8875,-0.0143352,0.0990124,-0.0064732524999999,0.0898120499999999,-0.0078619475,0.00920035,0.0121019278883679,9,1.426443526714862,6.282430644049245,0.00014645665861525676,True,True,both
0.0375,0.8875,-0.0452695,0.203567,-0.0404932749999999,0.2076229999999999,-0.004776225,-0.0040559999999998,0.0062660562757307,12,0.7637635309607692,3.4159999506147543,3.9263461250624094e-05,False,False,neither
0.0625,0.8875,-0.0711775,0.243203,-0.0719317499999999,0.2538862499999999,0.0007542499999999,-0.0106832499999999,0.0107098423716223,12,0.4669823671754411,1.394580023033458,0.00011470072362499636,False,False,neither
0.0875,0.8875,-0.0793389,0.247994,-0.0845470249999999,0.2579927499999999,0.0052081249999999,-0.0099987499999999,0.0112738444010073,12,0.5759385925743279,0.13924802178846205,0.00012709956757812364,False,False,neither
0.1124999999999999,0.8875,-0.0712602,0.236753,-0.0784203,0.24333375,0.0071601,-0.00658075,0.0097248805942541,12,0.3978701941548239,1.1180264604113803,9.457330257249999e-05,False,False,neither
0.1374999999999999,0.8875,-0.0520033,0.219352,-0.0588738,0.22263775,0.0068705,-0.00328575,0.0076157680710812,12,0.3520354152082283,1.8745591950685367,5.7999923312499866e-05,False,False,neither
0.1625,0.8875,-0.0256475,0.200623,-0.0311221750000001,0.20157975,0.0054746750000001,-0.00095675,0.0055576467068469,12,0.4752303448084723,2.436081807185465,3.088743691812619e-05,False,False,neither
0.1874999999999999,0.8875,0.00485001,0.182721,0.0010608449999998,0.18227,0.0037891650000001,0.0004509999999999,0.0038159104283546,12,0.6618253470309764,2.8571224786837544,1.4561172397225388e-05,False,False,neither
0.2125,0.8875,0.0374278,0.16644,0.0352366749999998,0.1652422500000001,0.0021911250000001,0.0011977499999999,0.0024971251126296,9,0.7050769249436923,3.1745611517342045,6.235633828125392e-06,False,False,neither
0.2375,0.8875,0.0707209,0.151932,0.0699087499999998,0.1504050000000001,0.0008121500000001,0.0015269999999999,0.0017295423159032,13,0.604711769881465,3.414649151245264,2.9913166224998045e-06,False,False,neither
0.2624999999999999,0.8875,0.103853,0.139072,0.1041816999999998,0.1374560000000001,-0.0003286999999997,0.0016159999999998,0.0016490905645232,13,0.4975560183362523,3.5963014529513515,2.7194996899994468e-06,False,False,neither
0.2875,0.8875,0.13627,0.127628,0.1375252499999997,0.1260505000000001,-0.0012552499999997,0.0015774999999998,0.002015975895813,13,0.4090477099776439,3.7333310079873696,4.064158812499027e-06,False,False,neither
0.3125,0.8875,0.167619,0.11734,0.1696234999999997,0.1158617500000001,-0.0020044999999997,0.0014782499999999,0.0024906311072695,13,0.3743831873953084,3.835816403400976,6.203243312498495e-06,False,False,neither
0.3375,0.8875,0.197672,0.107957,0.2002819999999997,0.1066,-0.0026099999999997,0.0013569999999999,0.0029416915201969,13,0.4207296231676088,3.911336763948612,8.653548999998348e-06,False,False,neither
0.3624999999999999,0.8875,0.22627,0.0992423,0.2293707499999997,0.098010375,-0.0031007499999997,0.0012319249999999,0.0033365086195188,13,0.5300738671438128,3.965598669802077,1.113228976812325e-05,False,False,neither
0.3874999999999999,0.8875,0.253289,0.0909842,0.2567869999999997,0.089870725,-0.0034979999999997,0.0011134749999999,0.0036709440986786,13,0.6698120478892777,4.002975520329346,1.3475830575623238e-05,False,False,neither
0.4125,0.8875,0.278618,0.0829881,0.2824347499999998,0.081983125,-0.0038167499999998,0.0010049749999999,0.0039468411816443,13,0.8199483938943591,4.026936885437864,1.5577555313123373e-05,False,False,neither
0.4374999999999999,0.8875,0.302143,0.0750757,0.3062097499999997,0.074169425,-0.0040667499999997,0.0009062749999999,0.0041665081228917,10,0.7850017020134,4.040355880670909,1.7359789938122514e-05,False,False,neither
0.4624999999999999,0.8875,0.323734,0.0670818,0.3279912499999997,0.0662659,-0.0042572499999997,0.0008158999999999,0.0043347284081586,10,0.7516255166551804,4.045629426608918,1.878987037249719e-05,False,False,neither
0.4875,0.8875,0.343244,0.0588502,0.3476344999999997,0.058119225,-0.0043904999999997,0.0007309749999999,0.0044509341379785,10,0.7450848379123044,4.044974872300196,1.9810814700622416e-05,False,False,neither
0.5125,0.8875,0.360495,0.0502312,0.3649667499999998,0.04958285,-0.0044717499999997,0.0006483499999999,0.0045185070305354,10,0.7573152908973395,4.040549011314676,2.041690578499784e-05,False,False,neither
0.5375,0.8875,0.375281,0.0410777,0.3797822499999997,0.0405133,-0.0045012499999997,0.0005643999999999,0.0045364963267369,10,0.7789351197388202,4.034591611250884,2.0579798922497386e-05,False,False,neither
0.5625,0.8875,0.38736,0.0312417,0.3918392499999997,0.030766275,-0.0044792499999997,0.0004754249999999,0.0045044100049975,10,0.8011936369747411,4.02960216198324,2.028970949312158e-05,False,False,neither
0.5874999999999999,0.8875,0.396449,0.0205693,0.4008544999999996,0.0201918,-0.0044054999999996,0.0003774999999999,0.0044216440946775,10,0.8167941491957337,4.02841423777409,1.9550936499996408e-05,False,False,neither
0.6124999999999999,0.8875,0.40222,0.00889424,0.4064977499999997,0.0086271175,-0.0042777499999996,0.0002671224999999,0.0042860820678684,10,0.8199470100962083,4.034525445496658,1.8370499492503062e-05,False,False,neither
0.6375,0.8875,0.404292,-0.00397482,0.4083842499999997,-0.004113855,-0.0040922499999997,0.000139035,0.0040946111895664,10,0.8062375602498518,4.052214963142548,1.6765840793722365e-05,False,False,neither
0.6625,0.8875,0.402222,-0.0182664,0.4060639999999997,-0.0182578,-0.0038419999999996,-8.599999999945457e-06,0.0038420096251828,10,0.7727811534448851,4.0868162686497165,1.4761037959997279e-05,False,False,neither
0.6875,0.8875,0.395493,-0.0342783,0.3990064999999996,-0.03410075,-0.0035134999999996,-0.0001775499999999,0.0035179832649541,10,0.7191577396707489,4.14509184957342,1.237620625249711e-05,False,False,neither
0.7124999999999999,0.8875,0.383491,-0.0524231,0.3865794999999997,-0.0520565499999999,-0.0030884999999997,-0.00036655,0.0031101754214992,10,0.6503343555568877,4.235604735344412,9.673191152497726e-06,False,False,neither
0.7374999999999999,0.8875,0.365484,-0.073305,0.3680137499999998,-0.072739825,-0.0025297499999998,-0.000565175,0.0025921145505405,10,0.5845019740203652,4.369392647638342,6.719057843123778e-06,False,False,neither
0.7625,0.8875,0.340588,-0.0978484,0.3423617499999997,-0.09710535,-0.0017737499999997,-0.0007430499999999,0.0019230996763036,10,0.5671759216757364,4.560483585026922,3.6983123649990116e-06,False,False,neither
0.7875,0.8875,0.307745,-0.127494,0.3084524999999996,-0.1266730000000002,-0.0007074999999996,-0.0008209999999997,0.0010837883787894,10,0.6649372197068337,4.82559930667684,1.1745972499989562e-06,False,False,neither
0.8125,0.8875,0.26575,-0.164451,0.2648947499999995,-0.1638535000000002,0.0008552500000004,-0.0005974999999997,0.0010432922948533,10,0.9072541525731984,5.178990332603449,1.0884588125002648e-06,True,False,gradient_only
0.8375,0.8875,0.213493,-0.211853,0.2103047499999995,-0.2122677500000003,0.0031882500000004,0.0004147500000002,0.0032151136255198,11,1.014996132865519,5.611546245732989,1.0336955625003072e-05,True,True,both
0.8624999999999999,0.8875,0.150701,-0.273273,0.1442107499999999,-0.27651725,0.00649025,0.00324425,0.0072559288257948,11,1.0101757522134498,6.029804049453016,5.26485031249999e-05,True,True,both
0.8875,0.8875,0.0798022,-0.350204,0.0695528249999999,-0.3595914999999999,0.010249375,0.0093874999999999,0.013898735343211,7,1.3108234789114093,6.1266135784542515,0.0001931748441406226,True,True,both
0.9125,0.8875,0.00926541,-0.435145,-0.0024893299999999,-0.4538062499999999,0.0117547399999999,0.0186612499999999,0.022054844457173,7,1.1880564471774009,5.215632758975655,0.00048641616403009467,True,True,both
0.9375,0.8875,-0.0435231,-0.498566,-0.04870245,-0.52125325,0.00517935,0.0226872499999999,0.0232709471011602,7,1.390859251299435,2.3735078730436094,0.0005415369789849963,False,True,som_only
0.9625,0.8875,-0.0564373,-0.473414,-0.0456611249999999,-0.4763492499999995,-0.010776175,0.0029352499999995,0.0111687797092217,7,1.3321294028528403,4.964265446755241,0.00012474164019312238,False,True,som_only
0.9875,0.8875,-0.0238232,-0.252618,-0.0090435224999999,-0.2194747499999988,-0.0147796775,-0.0331432500000011,0.0362893081715067,11,2.3100458389993617,14.699177594274992,0.0013169138875665828,True,True,both
0.0124999999999999,0.9125,-0.0232533,0.134593,-0.0111149974999999,0.1197449749999998,-0.0121383025,0.014848025,0.0191781707673629,13,1.8117464185914616,7.879830829634352,0.0003678022339821329,True,True,both
0.0375,0.9125,-0.0631188,0.238133,-0.0598137999999999,0.2491579999999998,-0.003305,-0.0110249999999998,0.0115097198054512,12,0.7487665287159975,3.032969019527895,0.00013247364999999562,False,False,neither
0.0625,0.9125,-0.0811938,0.256216,-0.0885140999999999,0.27254025,0.0073202999999999,-0.0163242499999999,0.0178904424247277,12,0.6206904750977866,0.30790265135591155,0.00032006793015249674,False,False,neither
0.0875,0.9125,-0.0716255,0.240918,-0.0833855,0.2515255,0.01176,-0.0106075,0.0158371921832754,12,0.521541834652117,1.935330520149982,0.0002508166562499994,False,False,neither
0.1124999999999999,0.9125,-0.0439304,0.215474,-0.0551300250000001,0.2197030000000001,0.0111996250000001,-0.004229,0.0119714677939101,12,0.7060318683870231,3.1704613304060345,0.00014331604114062676,False,False,neither
0.1374999999999999,0.9125,-0.00678861,0.189273,-0.0151458432500001,0.1894257500000001,0.0083572332500001,-0.0001527500000001,0.0083586290836122,13,0.9369145782964882,3.98621771659552,6.986668015740773e-05,False,False,neither
0.1625,0.9125,0.0346227,0.165747,0.0293888249999997,0.1638622500000001,0.0052338750000002,0.0018847499999998,0.0055628886451309,13,0.862809737033729,4.530122921621444,3.09457300781263e-05,False,False,neither
0.1874999999999999,0.9125,0.077249,0.145716,0.0746440499999997,0.1430455000000001,0.0026049500000002,0.0026704999999998,0.0037305944234801,13,0.8148301294291506,4.888697744328238,1.391733475250082e-05,False,False,neither
0.2125,0.9125,0.119339,0.128974,0.1187467999999997,0.1261812500000001,0.0005922000000002,0.0027927499999998,0.0028548473518736,13,0.7729141907359979,5.118237259535748,8.150153402499706e-06,False,False,neither
0.2375,0.9125,0.159963,0.115009,0.1608567499999997,0.1124000000000001,-0.0008937499999996,0.0026089999999998,0.002757837932602,13,0.75674408899899,5.257260349725891,7.605670062498473e-06,True,False,gradient_only
0.2624999999999999,0.9125,0.198672,0.103278,0.2006502499999996,0.1009661750000001,-0.0019782499999996,0.0023118249999998,0.003042697469865,13,0.7915392250587929,5.33230699578372,9.258007893122872e-06,True,False,gradient_only
0.2875,0.9125,0.23528,0.0932951,0.2380517499999996,0.0912994500000001,-0.0027717499999996,0.0019956499999999,0.0034154380370602,13,0.8808879710613702,5.36168591276811,1.1665216984997633e-05,True,False,gradient_only
0.3125,0.9125,0.269735,0.0846543,0.2730939999999996,0.0829529750000001,-0.0033589999999996,0.0017013249999999,0.0037652872075875,10,0.8972428381243867,5.358289530296399,1.4177387755622073e-05,True,False,gradient_only
0.3375,0.9125,0.302047,0.0770237,0.3058452499999997,0.075580175,-0.0037982499999996,0.0014435249999999,0.0040633074567551,10,0.8205263921393121,5.331288178415795,1.65104674881216e-05,True,False,gradient_only
0.3624999999999999,0.9125,0.332247,0.070132,0.3363749999999996,0.0689083,-0.0041279999999996,0.0012236999999999,0.0043055575353253,10,0.8047787125233337,5.287257431896427,1.8537825689996477e-05,True,False,gradient_only
0.3874999999999999,0.9125,0.360359,0.0637556,0.3647342499999996,0.062717425,-0.0043752499999996,0.0010381749999999,0.0044967343587454,10,0.8429351470365823,5.231097851350135,2.0220619893121405e-05,True,False,gradient_only
0.4125,0.9125,0.386388,0.057707,0.3909444999999996,0.05682555,-0.0045564999999996,0.0008814499999999,0.004640974720088,10,0.918670853859292,5.166508471273806,2.1538646352495885e-05,True,False,gradient_only
0.4374999999999999,0.9125,0.410314,0.051825,0.4149959999999996,0.0510778,-0.0046819999999996,0.0007471999999999,0.0047412479201151,10,1.0150517526019542,5.096442543402997,2.2479431839995762e-05,False,True,som_only
0.4624999999999999,0.9125,0.432084,0.0459686,0.4368424999999997,0.045338675,-0.0047584999999996,0.0006299249999999,0.0048000133078588,10,1.1191310658109213,5.023375465955137,2.3040127755621575e-05,False,True,som_only
0.4875,0.9125,0.451611,0.0400109,0.4564014999999996,0.039486625,-0.0047904999999996,0.0005242749999999,0.004819103083108,10,1.2220589528241597,4.949563636286335,2.3223754525621027e-05,False,True,som_only
0.5125,0.9125,0.468772,0.033835,0.4735524999999997,0.033409575,-0.0047804999999996,0.0004254249999999,0.0047993923240991,14,1.2866008913448177,4.8772315554773495,2.3034166680621365e-05,False,True,som_only
0.5375,0.9125,0.483406,0.0273303,0.4881367499999997,0.0270015,-0.0047307499999996,0.0003287999999999,0.0047421624816634,14,1.2000584616204726,4.80871707196171,2.2488105002495982e-05,False,True,som_only
0.5625,0.9125,0.495314,0.020389,0.4999534999999996,0.020158725,-0.0046394999999996,0.0002302749999999,0.0046452111712625,14,1.1341483482788015,4.746643086984316,2.1577986825621924e-05,False,True,som_only
0.5874999999999999,0.9125,0.50425,0.0129023,0.5087589999999997,0.0127762,-0.0045089999999997,0.0001260999999999,0.0045107629299263,14,1.0889069192331655,4.694096686934347,2.0346982209997297e-05,False,True,som_only
0.6124999999999999,0.9125,0.509923,0.00475461,0.5142624999999997,0.0047420775,-0.0043394999999997,1.253249999999019e-05,0.0043395180969266,14,1.0642232747109988,4.654769156568455,1.883141731355346e-05,False,True,som_only
0.6375,0.9125,0.511989,-0.00418663,0.5161184999999997,-0.004070345,-0.0041294999999996,-0.0001162849999999,0.004131136944138,14,1.0602384092608022,4.633294513848138,1.7066292451221855e-05,False,True,som_only
0.6625,0.9125,0.510042,-0.0140773,0.5139182499999997,-0.013815525,-0.0038762499999996,-0.0002617749999999,0.0038850791772012,14,1.0780019301071773,4.635323906621089,1.5093840213122353e-05,False,True,som_only
0.6875,0.9125,0.503596,-0.025126,0.5071714999999997,-0.0246975,-0.0035754999999996,-0.0004284999999999,0.0036010849059689,14,1.120214788868927,4.667808423517401,1.2967812499997043e-05,False,True,som_only
0.7124999999999999,0.9125,0.492064,-0.0376271,0.4952817499999997,-0.03700735,-0.0032177499999996,-0.0006197499999999,0.0032768895503202,14,1.1918076130748307,4.739564670225738,1.073800512499772e-05,False,True,som_only
0.7374999999999999,0.9125,0.474723,-0.0520257,0.4775037499999997,-0.05118935,-0.0027807499999997,-0.0008363499999999,0.0029037995600589,10,1.2910862868858688,4.861923385771108,8.432051884998263e-06,False,True,som_only
0.7625,0.9125,0.450653,-0.0690307,0.4528712499999997,-0.067958375,-0.0022182499999996,-0.0010723249999999,0.0024638413033561,10,1.1499363709054915,5.049853063535216,6.070513968123485e-06,False,True,som_only
0.7875,0.9125,0.418654,-0.0898125,0.4200912499999996,-0.0885087750000001,-0.0014372499999995,-0.0013037249999998,0.0019404603675734,10,1.0023606553794835,5.3236221269165975,3.7653864381230948e-06,True,True,both
0.8125,0.9125,0.377148,-0.11633,0.3773934999999995,-0.1148790000000002,-0.0002454999999995,-0.0014509999999997,0.0014716219793136,10,0.911222347153812,5.709778766169492,2.165671249998878e-06,True,False,gradient_only
0.8375,0.9125,0.324136,-0.151799,0.3224054999999994,-0.1505312500000002,0.0017305000000005,-0.0012677499999997,0.0021451853795187,10,0.9985564888598164,6.234492422194449,4.6018203125007885e-06,True,True,both
0.8624999999999999,0.9125,0.257477,-0.201046,0.2523587499999998,-0.20104,0.0051182500000001,-5.999999999950489e-06,0.0051182535168259,11,0.7297390611580101,6.884659229271991,2.6196519062500695e-05,True,False,gradient_only
0.8875,0.9125,0.176332,-0.269621,0.1656629999999999,-0.27388075,0.010669,0.00425975,0.0114879515607657,11,0.7075427729971343,7.4789509522392255,0.00013197303106249905,True,False,gradient_only
0.9125,0.9125,0.0850368,-0.358522,0.06732565,-0.37316625,0.0177111499999999,0.0146442499999999,0.0229812726450255,11,1.2560350170669925,7.3955102433368305,0.0005281388923849973,True,True,both
0.9375,0.9125,-0.00112417,-0.449492,-0.0196356475000001,-0.4781847500000002,0.0185114775000001,0.0286927500000002,0.0341459910062004,7,1.2697467791063088,5.278409840595934,0.0011659487017955188,True,True,both
0.9625,0.9125,-0.0508268,-0.477973,-0.0503097749999999,-0.4967557499999998,-0.000517025,0.0187827499999997,0.0187898646193397,7,1.2058860041328263,3.242165811074597,0.0003530590124131139,False,True,som_only
0.9875,0.9125,-0.0284642,-0.297286,-0.0131027174999998,-0.2552572499999987,-0.0153614825000001,-0.0420287500000012,0.0447480834356111,11,2.606548378896363,15.695020456718112,0.0020023909711604122,True,True,both
0.0124999999999999,0.9375,-0.0326869,0.19125,-0.021482775,0.1705975,-0.0112041249999999,0.0206524999999999,0.0234959182256328,13,2.3092517939400543,9.706280344512825,0.0005520581732656237,True,True,both
0.0375,0.9375,-0.0735872,0.267176,-0.083115975,0.2914985,0.009528775,-0.0243224999999999,0.0261224340223231,12,0.6798559685725304,1.527008487418456,0.0006823815592506235,False,False,neither
0.0625,0.9375,-0.0587908,0.245063,-0.0801028749999999,0.2660262499999999,0.0213120749999999,-0.0209632499999999,0.0298941865814763,12,0.9932406037442372,3.827771021064348,0.0008936623913681177,False,False,neither
0.0875,0.9375,-0.011743,0.206208,-0.0308243399999999,0.2139072499999999,0.0190813399999999,-0.0076992499999999,0.0205761023218222,13,1.3161227454618882,5.978131669158852,0.0004233759867580969,True,True,both
0.1124999999999999,0.9375,0.0460149,0.169633,0.0339463925,0.1691322499999999,0.0120685074999999,0.00050075,0.0120788916643894,13,1.438013590810989,7.085259456604253,0.00014589962384005574,True,True,both
0.1374999999999999,0.9375,0.105105,0.139362,0.0994526,0.13574225,0.0056524,0.00361975,0.0067120947417702,13,1.512935399307476,7.643180187762159,4.505221582249917e-05,True,True,both
0.1625,0.9375,0.161764,0.115638,0.16052975,0.1114547499999999,0.0012342499999999,0.00418325,0.0043615311101722,13,1.548112545828965,7.891118009089967,1.902295362499994e-05,True,True,both
0.1874999999999999,0.9375,0.214459,0.0973784,0.215958,0.0936058999999999,-0.001499,0.0037725,0.004059403558406,10,1.5289008453969652,7.951037690474371,1.6478757249999296e-05,True,True,both
0.2125,0.9375,0.262797,0.0832824,0.2659145,0.0801927249999999,-0.0031175,0.003089675,0.0043891796335562,10,1.365753708353077,7.896171756820138,1.9264897855624536e-05,True,True,both
0.2375,0.9375,0.30693,0.0722558,0.31098225,0.06984325,-0.00405225,0.0024125499999999,0.0047160499960242,10,1.2652133191202235,7.772304779277251,2.2241127564999853e-05,True,True,both
0.2624999999999999,0.9375,0.347213,0.0634711,0.3517909999999999,0.0616351249999999,-0.0045779999999999,0.001835975,0.0049324322803891,10,1.233136474303964,7.6078241037040275,2.4328888200624413e-05,True,True,both
0.2875,0.9375,0.384035,0.0563193,0.3889,0.05494295,-0.004865,0.0013763499999999,0.005055943465121,10,1.2621794299872264,7.420319629716498,2.5562564322499744e-05,True,True,both
0.3125,0.9375,0.417756,0.0503544,0.42276775,0.049333925,-0.0050117499999999,0.0010204749999999,0.0051145876948317,10,1.3370054564938754,7.220907259747629,2.6159007288123845e-05,True,True,both
0.3375,0.9375,0.448681,0.0452481,0.45375475,0.0445000749999999,-0.0050737499999999,0.000748025,0.0051285943944832,14,1.2920678365314606,7.016730540788638,2.63024804631245e-05,True,True,both
0.3624999999999999,0.9375,0.47705,0.0407547,0.48213375,0.04021525,-0.00508375,0.0005394499999999,0.0051122911072238,14,1.0788853584374474,6.812459995720783,2.6135520364999547e-05,True,True,both
0.3874999999999999,0.9375,0.503043,0.0366863,0.50810075,0.03630765,-0.0050577499999999,0.00037865,0.0050719040689862,14,0.8870457710554713,6.611287730749281,2.572421088499877e-05,True,False,gradient_only
0.4125,0.9375,0.526781,0.0328952,0.531786,0.032642275,-0.0050049999999999,0.000252925,0.0050113866400053,14,0.7182527150047018,6.415593937085795,2.5113996055623613e-05,True,False,gradient_only
0.4374999999999999,0.9375,0.548333,0.0292621,0.5532630000000001,0.029109375,-0.0049300000000001,0.0001527249999999,0.004932365043833,14,0.576170324903046,6.227180657203066,2.432822492562571e-05,True,False,gradient_only
0.4624999999999999,0.9375,0.567716,0.0256871,0.57255175,0.025616625,-0.00483575,7.04750000000004e-05,0.0048362635151659,14,0.4672104561138995,6.0477219680911265,2.3389444788124825e-05,True,False,gradient_only
0.4875,0.9375,0.584906,0.0220848,0.5896282500000001,0.022084275,-0.00472225,5.250000000012189e-07,0.0047222500291836,14,0.3996118682681928,5.878936803314354,2.229964533812451e-05,True,False,gradient_only
0.5125,0.9375,0.599832,0.0183792,0.60442175,0.0184411749999999,-0.0045897499999999,-6.197499999999884e-05,0.0045901684024798,14,0.3773689084259899,5.722636371984944,2.1069645963123958e-05,True,False,gradient_only
0.5375,0.9375,0.612384,0.0145015,0.6168235,0.014622075,-0.0044394999999999,-0.0001205749999999,0.0044411370819447,14,0.3920799851967186,5.580999606461641,1.9723698580624284e-05,True,False,gradient_only
0.5625,0.9375,0.622411,0.0103865,0.62668225,0.0105650974999999,-0.0042712499999999,-0.0001785974999999,0.0042749822958119,14,0.4265986726992714,5.456558194730448,1.8275473629505184e-05,True,False,gradient_only
0.5874999999999999,0.9375,0.62972,0.00596992,0.6338065,0.0062090375,-0.0040865000000001,-0.0002391175,0.0040934898838041,14,0.465474847145305,5.352492846355704,1.6756659428806502e-05,True,False,gradient_only
0.6124999999999999,0.9375,0.634073,0.00118374,0.6379630000000001,0.0014900785,-0.00389,-0.0003063385,0.0039020434744608,14,0.4987309959303097,5.272791541390007,1.5225943276582112e-05,True,False,gradient_only
0.6375,0.9375,0.63519,-0.00403891,0.6388695,-0.003663355,-0.0036794999999999,-0.0003755549999999,0.0036986162017739,14,0.5209171135972765,5.222163677454582,1.3679761808024392e-05,True,False,gradient_only
0.6625,0.9375,0.632732,-0.0097923,0.63619025,-0.0093386175,-0.0034582499999999,-0.0004536824999999,0.0034878820039253,14,0.5300432063884454,5.206235525086145,1.2165320873305966e-05,True,False,gradient_only
0.6875,0.9375,0.626288,-0.0161964,0.629518,-0.01565255,-0.00323,-0.0005438499999999,0.0032754652833605,14,0.5278343809729843,5.232147682434912,1.0728672822499881e-05,True,False,gradient_only
0.7124999999999999,0.9375,0.615354,-0.0234233,0.6183510000000001,-0.0227751249999999,-0.0029970000000001,-0.000648175,0.0030662908913907,14,0.5221601374524797,5.308579129569417,9.402139830625574e-06,True,False,gradient_only
0.7374999999999999,0.9375,0.599294,-0.0317409,0.6020477500000001,-0.0309718999999999,-0.0027537500000001,-0.000769,0.0028591082635151,14,0.531317898734203,5.446573840413072,8.17450006250033e-06,True,False,gradient_only
0.7625,0.9375,0.577265,-0.0415905,0.5797485,-0.0406817249999999,-0.0024834999999999,-0.000908775,0.0026445499145648,14,0.586480229152217,5.660800763631944,6.9936442506246915e-06,True,False,gradient_only
0.7875,0.9375,0.548102,-0.0537331,0.5502404999999999,-0.0526629,-0.0021384999999999,-0.0010701999999999,0.0023913406888186,14,0.7227481955539774,5.972101249953822,5.718510289999416e-06,True,False,gradient_only
0.8125,0.9375,0.510122,-0.0695285,0.5117212499999998,-0.06827495,-0.0015992499999998,-0.0012535499999999,0.0020319911823133,14,0.965329878123856,6.411369364878614,4.128988164999002e-06,True,False,gradient_only
0.8375,0.9375,0.46084,-0.0914632,0.4614079999999998,-0.09002365,-0.0005679999999997,-0.0014395499999999,0.0015475555571608,14,1.3329472524886783,7.024195168280848,2.3949282024992744e-06,True,True,both
0.8624999999999999,0.9375,0.396664,-0.12404,0.3950092500000002,-0.1225737499999999,0.0016547499999998,-0.00146625,0.002210901767379,11,1.2483568955298432,7.86337889663852,4.8880866249995866e-06,True,True,both
0.8875,0.9375,0.313272,-0.174721,0.3064915000000002,-0.1743309999999998,0.0067804999999997,-0.0003900000000001,0.0067917067258529,11,0.7722967645010281,8.918060599681974,4.612728024999552e-05,True,False,gradient_only
0.9125,0.9375,0.208182,-0.252602,0.1904895000000003,-0.2581637499999997,0.0176924999999996,0.0055617499999996,0.0185460944490338,11,0.7419184004609489,9.841927430605248,0.0003439576193124823,True,False,gradient_only
0.9375,0.9375,0.0869447,-0.357482,0.0552953499999999,-0.3811454999999999,0.03164935,0.0236634999999999,0.0395176237604502,11,1.2370405972616871,9.220644619851695,0.001561642587672498,True,True,both
0.9625,0.9375,-0.0167368,-0.445328,-0.0437965500000001,-0.4843235000000001,0.0270597500000001,0.0389955000000001,0.0474645034769407,7,1.1020340644148376,4.6039272175068096,0.002252879090312516,False,True,som_only
0.9875,0.9375,-0.0210182,-0.344874,-0.0222893749999998,-0.3061057499999987,0.0012711749999998,-0.0387682500000012,0.0387890847268045,11,2.734571134742303,15.908103509120751,0.001504593093943218,True,True,both
0.0124999999999999,0.9625,-0.011842,0.252707,-0.0490621250000001,0.2590315000000003,0.0372201250000001,-0.0063245000000002,0.0377536356562601,13,3.032041111529979,12.002643121936268,0.0014253370052656341,True,True,both
0.0375,0.9625,-0.0191159,0.255906,-0.0636307499999997,0.2855117499999998,0.0445148499999997,-0.0296057499999997,0.0534609418508967,13,2.3039999758479697,9.358613033227732,0.002858072303584958,True,True,both
0.0625,0.9625,0.0737165,0.184868,0.0457122317500007,0.1918819999999996,0.0280042682499992,-0.0070139999999996,0.028869278415262,11,2.992260957127656,12.594929816334826,0.0008334352362179124,True,True,both
0.0875,0.9625,0.17535,0.13287,0.1635920000000009,0.1274937499999996,0.0117579999999991,0.0053762500000003,0.012928829338439,11,2.80427591328808,13.536635042084868,0.00016715462806248104,True,True,both
0.1124999999999999,0.9625,0.261817,0.0975807,0.2614392500000009,0.0894187749999997,0.0003777499999991,0.0081619250000002,0.0081706618317079,11,2.571582782465968,13.46453390227081,6.675971476812829e-05,True,True,both
0.1374999999999999,0.9625,0.334157,0.0731333,0.3396047500000008,0.0663582499999998,-0.0054477500000008,0.0067750500000001,0.008693634600385,15,2.245085704656114,13.02165918814404,7.557928256501127e-05,True,True,both
0.1625,0.9625,0.395141,0.0562945,0.4027152500000008,0.0516552999999998,-0.0075742500000008,0.0046392000000001,0.0088820853239829,15,1.9162239523345272,12.44401486712966,7.88914397025124e-05,True,True,both
0.1874999999999999,0.9625,0.446821,0.0446739,0.4547787500000008,0.0417806249999998,-0.0079577500000007,0.0028932750000001,0.0084673977872861,15,1.7246197945956578,11.826707496632528,7.169682528813755e-05,True,True,both
0.2125,0.9625,0.49101,0.0364944,0.4986765000000008,0.0348254249999998,-0.0076665000000008,0.0016689750000001,0.0078460626941567,15,1.657819026329237,11.21526579902037,6.15606998006375e-05,True,True,both
0.2375,0.9625,0.52925,0.0305676,0.5364040000000008,0.0297122499999999,-0.0071540000000007,0.00085535,0.0072049524372136,14,1.3820925075135435,10.630702662908789,5.1911339622510194e-05,True,True,both
0.2624999999999999,0.9625,0.562742,0.0261331,0.5693430000000007,0.0258046999999999,-0.0066010000000007,0.0003284,0.0066091639077881,14,1.116257418537023,10.081252424743663,4.368104756000887e-05,True,True,both
0.2875,0.9625,0.592381,0.0227021,0.5984605000000006,0.0227098499999999,-0.0060795000000005,-7.749999999924484e-06,0.0060795049397551,14,0.8938617439849785,9.568604853088248,3.696038031250666e-05,True,False,gradient_only
0.3125,0.9625,0.618828,0.0199537,0.6244402500000006,0.0201746999999999,-0.0056122500000005,-0.0002209999999999,0.0056165995996248,14,0.7201510586374286,9.091802263431878,3.154619106250546e-05,True,False,gradient_only
0.3375,0.9625,0.64257,0.0176735,0.6477702500000005,0.0180293499999999,-0.0052002500000005,-0.0003558499999999,0.0052124110817361,14,0.6055745702706522,8.648912793538157,2.71692292850053e-05,True,False,gradient_only
0.3624999999999999,0.9625,0.663961,0.0157138,0.6687975000000006,0.0161548249999999,-0.0048365000000005,-0.0004410249999999,0.0048565662046996,14,0.5602408847229071,8.237966493224647,2.3586235300630276e-05,True,False,gradient_only
0.3874999999999999,0.9625,0.683251,0.0139698,0.6877660000000005,0.0144645999999999,-0.0045150000000004,-0.0004947999999999,0.0045420317083882,14,0.5802824063600702,7.857226344843389,2.063005204000383e-05,True,False,gradient_only
0.4125,0.9625,0.700613,0.0123643,0.7048380000000005,0.0128928499999999,-0.0042250000000004,-0.0005285499999999,0.0042579326089669,14,0.645149138441087,7.505432488571993,1.8129990102503672e-05,True,False,gradient_only
0.4374999999999999,0.9625,0.716152,0.010838,0.7201142500000005,0.0113879074999999,-0.0039622500000005,-0.0005499074999999,0.0040002279086397,14,0.7322096495947276,7.181891551255641,1.600182332105995e-05,True,False,gradient_only
0.4624999999999999,0.9625,0.729921,0.00934378,0.7336435000000006,0.0099074874999999,-0.0037225000000005,-0.0005637074999999,0.0037649398926888,14,0.8259527449765489,6.886529676642914,1.4174772395559553e-05,True,False,gradient_only
0.4875,0.9625,0.74193,0.00784292,0.7454307500000005,0.0084160874999999,-0.0035007500000004,-0.0005731674999999,0.0035473612087803,14,0.9173038621072184,6.6197809962280445,1.2583771545559232e-05,True,False,gradient_only
0.5125,0.9625,0.752146,0.00630235,0.7554427500000004,0.0068829149999999,-0.0032967500000004,-0.0005805649999999,0.003347479093546,14,1.000852283728067,6.382833145204565,1.120561628172755e-05,True,True,both
0.5375,0.9625,0.760503,0.00469297,0.7636117500000004,0.0052804374999999,-0.0031087500000003,-0.0005874674999999,0.0031637706342366,14,1.0730511062213584,6.177399472155658,1.0009444626057858e-05,True,True,both
0.5625,0.9625,0.7669,0.0029882,0.7698392500000004,0.0035832174999999,-0.0029392500000003,-0.0005950174999999,0.0029988725194326,14,1.1311953750327,6.005965939208625,8.993236387808028e-06,True,True,both
0.5874999999999999,0.9625,0.771204,0.0011627,0.7739955000000004,0.0017667099999999,-0.0027915000000003,-0.0006040099999999,0.002856098795578,14,1.1729275642046495,5.8717940975754805,8.157300330102101e-06,True,True,both
0.6124999999999999,0.9625,0.773257,-0.00080714,0.7759200000000004,-0.000194264875,-0.0026630000000004,-0.0006128751249999,0.0027326150330491,14,1.1960320146000696,5.778876375381226,7.467184918845933e-06,True,True,both
0.6375,0.9625,0.77286,-0.00294845,0.7754197500000004,-0.002327725,-0.0025597500000004,-0.0006207249999999,0.0026339361397207,14,1.1981963679645116,5.731996798288586,6.937619588126784e-06,True,True,both
0.6625,0.9625,0.769769,-0.00529913,0.7722627500000003,-0.0046680799999999,-0.0024937500000002,-0.00063105,0.0025723555673742,14,1.1769328572194586,5.737028486187274,6.6170131650010416e-06,True,True,both
0.6875,0.9625,0.7637,-0.00790586,0.7661675000000004,-0.0072621374999999,-0.0024675000000004,-0.0006437225,0.0025500852744581,14,1.1296619758400073,5.801137791426523,6.502934907008043e-06,True,True,both
0.7124999999999999,0.9625,0.754294,-0.0108381,0.7567845000000004,-0.0101794824999999,-0.0024905000000003,-0.0006586175,0.0025761147608963,14,1.0536908979540789,5.933010876101358,6.636367261307801e-06,True,True,both
0.7374999999999999,0.9625,0.741091,-0.0142079,0.7436582500000004,-0.0135312249999999,-0.0025672500000003,-0.000676675,0.0026549315656202,14,0.9466465657461725,6.143704154360299,7.048661618126527e-06,True,False,gradient_only
0.7625,0.9625,0.723461,-0.0182055,0.7261660000000005,-0.0175045999999999,-0.0027050000000005,-0.0007009,0.0027943310129622,14,0.80797370301215,6.448130953175268,7.808285810002356e-06,True,False,gradient_only
0.7875,0.9625,0.700496,-0.0231691,0.7033952500000002,-0.0224301999999999,-0.0028992500000002,-0.0007389,0.0029919264316659,14,0.6456624281599801,6.867776756250381,8.951623772501045e-06,True,False,gradient_only
0.8125,0.9625,0.670792,-0.0297326,0.6739207500000004,-0.0289185499999999,-0.0031287500000003,-0.00081405,0.0032329172530397,14,0.5069958534635918,7.435849970444803,1.0451753965001759e-05,True,False,gradient_only
0.8375,0.9625,0.632056,-0.039152,0.6353705000000004,-0.0381515749999999,-0.0033145000000004,-0.001000425,0.0034621901205202,14,0.5554588266019234,8.206474072041903,1.1986760430627678e-05,True,False,gradient_only
0.8624999999999999,0.9625,0.580383,-0.0540583,0.5835742500000007,-0.0525360499999997,-0.0031912500000007,-0.0015222500000002,0.0035357208069933,14,0.9253496947107452,9.26793337207384,1.2501321625005352e-05,True,False,gradient_only
0.8875,0.9625,0.509302,-0.08013,0.5109445000000009,-0.0772225749999996,-0.0016425000000008,-0.0029074250000003,0.0033393002830877,14,1.588125874907245,10.746912833818836,1.1150926380629593e-05,True,True,both
0.9125,0.9625,0.408817,-0.128958,0.4039360000000011,-0.1236144999999994,0.0048809999999988,-0.0053435000000005,0.0072372061771096,15,1.8243217662871969,12.734588363779176,5.237715324999335e-05,True,True,both
0.9375,0.9625,0.265132,-0.217271,0.2431962500000007,-0.2155792499999994,0.0219357499999992,-0.0016917500000005,0.0220008896666695,11,2.002205359388705,14.473139873545064,0.0004840391461249648,True,True,both
0.9625,0.9625,0.0965709,-0.338512,0.0358372449999999,-0.3757764999999999,0.060733655,0.0372644999999999,0.0712546125518133,11,1.6764326329098294,12.463758599158602,0.00507721980990903,True,True,both
0.9875,0.9625,0.0409883,-0.342055,-0.0449556249999998,-0.3772894999999991,0.0859439249999998,0.0352344999999991,0.0928861035605194,11,2.668922105057566,15.969017160627011,0.008627828234655535,True,True,both
0.0124999999999999,0.9875,0.280463,0.141772,0.0143962250000013,0.2808182499999993,0.2660667749999987,-0.1390462499999993,0.3002089079257347,15,7.514196524879395,38.11147035321519,0.09012538839796225,True,True,both
0.0375,0.9875,0.358052,0.123216,0.3533317500000026,0.0965533499999992,0.0047202499999973,0.0266626500000007,0.0270772536473885,15,6.238258405011175,34.38893934359128,0.0007331776650850138,True,True,both
0.0625,0.9875,0.502818,0.0770752,0.5436800000000022,0.0395163749999996,-0.0408620000000021,0.0375588250000003,0.0555010664706619,15,4.460154655487709,29.430808697873047,0.0030803683793808306,True,True,both
0.0875,0.9875,0.612755,0.0477782,0.6443280000000019,0.0210401749999997,-0.0315730000000018,0.0267380250000002,0.0413736185255864,15,2.9241527220223595,24.785237289638445,0.0017117763099007463,True,True,both
0.1124999999999999,0.9875,0.682483,0.0305213,0.7053625000000014,0.0131704449999998,-0.0228795000000014,0.0173508550000001,0.0287145205337142,15,1.9404940936217543,21.40441208744253,0.0008245236894810945,True,True,both
0.1374999999999999,0.9875,0.729756,0.020024,0.7466092500000014,0.0091521149999999,-0.0168532500000014,0.010871885,0.0200556704952932,15,1.4059431787716616,18.888479797933343,0.00040222991901577417,True,True,both
0.1625,0.9875,0.764444,0.013621,0.7767442500000011,0.0068377649999999,-0.0123002500000011,0.006783235,0.0140466518120067,15,1.260990291234736,16.912054614664093,0.0001973084271277511,True,True,both
0.1874999999999999,0.9875,0.791011,0.00971605,0.8000540000000012,0.0053825799999999,-0.0090430000000011,0.00433347,0.0100277021914754,15,1.3835765082768317,15.312327175198453,0.00010055481124092052,True,True,both
0.2125,0.9875,0.812056,0.00728657,0.8188652500000009,0.0044027649999999,-0.0068092500000008,0.002883805,0.0073947425134711,15,1.6141108794694297,13.987360925835368,5.468221684053688e-05,True,True,both
0.2375,0.9875,0.82928,0.0057183,0.834534750000001,0.0037049349999999,-0.0052547500000009,0.002013365,0.0056272583187317,15,1.8671762058688,12.865665412101452,3.1666036185735125e-05,True,True,both
0.2624999999999999,0.9875,0.843774,0.0046584,0.8479002500000009,0.0031835849999999,-0.0041262500000008,0.001474815,0.0043818966608915,15,2.112690347673853,11.89793156067461,1.9201018346732077e-05,True,True,both
0.2875,0.9875,0.856226,0.00390448,0.8595017500000008,0.0027772749999999,-0.0032757500000007,0.001127205,0.0034642645936086,14,2.2147141026079105,11.050602677743164,1.200112917453016e-05,True,True,both
0.3125,0.9875,0.867086,0.00333843,0.8696987500000009,0.0024481499999999,-0.0026127500000008,0.00089028,0.0027602646686331,14,2.1511794796402177,10.300372878378157,7.619061040904197e-06,True,True,both
0.3375,0.9875,0.876653,0.0028897,0.8787370000000008,0.0021716399999999,-0.0020840000000007,0.00071806,0.0022042382275069,14,2.116934238271832,9.631108617972496,4.85866616360276e-06,True,True,both
0.3624999999999999,0.9875,0.88513,0.00251492,0.8867847500000007,0.0019310122499999,-0.0016547500000007,0.00058390775,0.0017547495043488,14,2.105047725373841,9.031227482762764,3.0791458230123592e-06,True,True,both
0.3874999999999999,0.9875,0.892652,0.00218626,0.8939565000000006,0.0017143314999999,-0.0013045000000005,0.0004719285,0.0013872406997755,14,2.109694414249419,8.492835549120356,1.924436759113619e-06,True,True,both
0.4125,0.9875,0.899306,0.00188498,0.9003282500000006,0.0015127059999999,-0.0010222500000005,0.000372274,0.0010879260055615,14,2.1259445630369305,8.010600364011177,1.1835829935770008e-06,True,True,both
0.4374999999999999,0.9875,0.905146,0.00159776,0.9059452500000004,0.0013192532499999,-0.0007992500000004,0.00027850675,0.0008463844116572,14,2.149650313090896,7.581260893227851,7.163665722963046e-07,True,True,both
0.4624999999999999,0.9875,0.910197,0.00131466,0.9108300000000006,0.0011284412499999,-0.0006330000000005,0.00018621875,0.0006598230238876,14,2.177279878331422,7.203215089855977,4.353664228521764e-07,True,True,both
0.4875,0.9875,0.914462,0.0010279,0.9149850000000004,0.0009356834999999,-0.0005230000000004,9.221650000001048e-05,0.0005310676820074,14,2.205808256144719,6.876198298863417,2.820328828727129e-07,True,True,both
0.5125,0.9875,0.917928,0.000731138,0.9183960000000004,0.0007370837499999,-0.0004680000000004,-5.9457499999915125e-06,0.0004680377676464,14,2.232635838255808,6.601157969670808,2.190593519434255e-07,True,True,both
0.5375,0.9875,0.920562,0.000419007,0.9210362500000004,0.0005292159999999,-0.0004742500000004,-0.0001102089999999,0.0004868871390593,14,2.2554608161083256,6.380137316300978,2.3705908618135015e-07,True,True,both
0.5625,0.9875,0.922321,8.67611e-05,0.9228647500000003,0.0003089819999999,-0.0005437500000005,-0.0002222208999999,0.0005874063252105,14,2.2722931569373537,6.216115005231666,3.4504619089730364e-07,True,True,both
0.5874999999999999,0.9875,0.92315,-0.000269781,0.9238295000000004,7.344094249999901e-05,-0.0006795000000003,-0.0003432219424999,0.000761263129157,14,2.2814159149170634,6.11297796051569,5.795215518139072e-07,True,True,both
0.6124999999999999,0.9875,0.922977,-0.000650737,0.9238667500000004,-0.0001803937499999,-0.0008897500000004,-0.00047034325,0.0010064183202433,14,2.281365317868526,6.075478421351185,1.0128778353213455e-06,True,True,both
0.6375,0.9875,0.921718,-0.00106749,0.9229010000000004,-0.0004558609999999,-0.0011830000000003,-0.000611629,0.0013317578735047,14,2.271033612477501,6.10944164361644,1.7735790336417606e-06,True,True,both
0.6625,0.9875,0.919275,-0.00152385,0.9208407500000004,-0.0007571424999999,-0.0015657500000004,-0.0007667075,0.0017433913654305,14,2.2497903399971144,6.221876753682606,3.0394134530576233e-06,True,True,both
0.6875,0.9875,0.915532,-0.00202769,0.9175775000000004,-0.0010900882499999,-0.0020455000000003,-0.00093760175,0.0022501482821371,14,2.2177117116872465,6.420958229300425,5.063167291604543e-06,True,True,both
0.7124999999999999,0.9875,0.91034,-0.00259249,0.9129740000000004,-0.0014636599999999,-0.0026340000000004,-0.00112883,0.0028656959309917,14,2.1758835974912745,6.7170471935256915,8.212213168902386e-06,True,True,both
0.7374999999999999,0.9875,0.903507,-0.00324091,0.9068497500000006,-0.0018924647499999,-0.0033427500000006,-0.00134844525,0.0036044808439984,14,2.1270836730753544,7.123473039034832,1.2992282154751419e-05,True,True,both
0.7625,0.9875,0.894764,-0.00401247,0.8989537500000006,-0.0024015249999999,-0.0041897500000005,-0.001610945,0.0044887803305051,14,2.0768776791753214,7.658740643909862,2.014914885552948e-05,True,True,both
0.7875,0.9875,0.883709,-0.00497927,0.8889067500000005,-0.0030355199999999,-0.0051977500000005,-0.00194375,0.0055493034810691,14,2.035710757362846,8.350128406498312,3.079476912500563e-05,True,True,both
0.8125,0.9875,0.869691,-0.00628052,0.8761030000000006,-0.0038779649999999,-0.0064120000000006,-0.002402555,0.0068473363089622,14,2.0227901279435585,9.241131453012288,4.688601452803209e-05,True,True,both
0.8375,0.9875,0.851568,-0.00820662,0.8594935000000007,-0.0050940024999999,-0.0079255000000006,-0.0031126175,0.0085148069826225,14,2.07325635985224,10.40621640985272,7.250193795131689e-05,True,True,both
0.8624999999999999,0.9875,0.827136,-0.0114229,0.8371322500000008,-0.0070343349999999,-0.0099962500000008,-0.004388565,0.0109171661534366,15,1.990619080086424,11.98296050564734,0.00011918451682174167,True,True,both
0.8875,0.9875,0.79182,-0.0175992,0.8050927500000011,-0.0105172649999998,-0.0132727500000011,-0.0070819350000001,0.0150439255484317,15,1.439746111304336,14.237818602640504,0.00022631969590675605,True,True,both
0.9125,0.9875,0.735403,-0.0311597,0.7546322500000013,-0.0177222849999997,-0.0192292500000013,-0.0134374150000002,0.0234590745223416,15,1.178445248338604,17.732414042816508,0.0005503281774447767,True,True,both
0.9375,0.9875,0.630318,-0.062503,0.6636662500000017,-0.0357645499999996,-0.0333482500000016,-0.0267384500000003,0.0427440111181102,15,2.53390459072984,23.5586542078044,0.0018270504864651284,True,True,both
0.9625,0.9875,0.451444,-0.123834,0.4683040000000014,-0.0962988999999994,-0.0168600000000013,-0.0275351000000005,0.032286860051886,15,5.060383776191468,31.13849439353804,0.0010424413320100723,True,True,both
0.9875,0.9875,0.324834,-0.155615,0.0555346750000002,-0.3179327499999997,0.2692993249999997,0.1623177499999997,0.3144346965754859,15,7.35120024779568,37.94165037686684,0.09886917841051789,True,True,both
