/*--------------------------------*- C++ -*----------------------------------*\
| =========                 |                                                 |
| \\      /  F ield         | OpenFOAM: The Open Source CFD Toolbox           |
|  \\    /   O peration     | Version:  2606                                  |
|   \\  /    A nd           | Website:  www.openfoam.com                      |
|    \\/     M anipulation  |                                                 |
\*---------------------------------------------------------------------------*/
FoamFile
{
    version     2.0;
    format      ascii;
    arch        "LSB;label=32;scalar=64";
    class       faceList;
    location    "constant/polyMesh";
    object      faces;
}
// * * * * * * * * * * * * * * * * * * * * * * * * * * * * * * * * * * * * * //


8464
(
4(1 42 1723 1682)
4(41 1722 1723 42)
4(2 43 1724 1683)
4(42 1723 1724 43)
4(3 44 1725 1684)
4(43 1724 1725 44)
4(4 45 1726 1685)
4(44 1725 1726 45)
4(5 46 1727 1686)
4(45 1726 1727 46)
4(6 47 1728 1687)
4(46 1727 1728 47)
4(7 48 1729 1688)
4(47 1728 1729 48)
4(8 49 1730 1689)
4(48 1729 1730 49)
4(9 50 1731 1690)
4(49 1730 1731 50)
4(10 51 1732 1691)
4(50 1731 1732 51)
4(11 52 1733 1692)
4(51 1732 1733 52)
4(12 53 1734 1693)
4(52 1733 1734 53)
4(13 54 1735 1694)
4(53 1734 1735 54)
4(14 55 1736 1695)
4(54 1735 1736 55)
4(15 56 1737 1696)
4(55 1736 1737 56)
4(16 57 1738 1697)
4(56 1737 1738 57)
4(17 58 1739 1698)
4(57 1738 1739 58)
4(18 59 1740 1699)
4(58 1739 1740 59)
4(19 60 1741 1700)
4(59 1740 1741 60)
4(20 61 1742 1701)
4(60 1741 1742 61)
4(21 62 1743 1702)
4(61 1742 1743 62)
4(22 63 1744 1703)
4(62 1743 1744 63)
4(23 64 1745 1704)
4(63 1744 1745 64)
4(24 65 1746 1705)
4(64 1745 1746 65)
4(25 66 1747 1706)
4(65 1746 1747 66)
4(26 67 1748 1707)
4(66 1747 1748 67)
4(27 68 1749 1708)
4(67 1748 1749 68)
4(28 69 1750 1709)
4(68 1749 1750 69)
4(29 70 1751 1710)
4(69 1750 1751 70)
4(30 71 1752 1711)
4(70 1751 1752 71)
4(31 72 1753 1712)
4(71 1752 1753 72)
4(32 73 1754 1713)
4(72 1753 1754 73)
4(33 74 1755 1714)
4(73 1754 1755 74)
4(34 75 1756 1715)
4(74 1755 1756 75)
4(35 76 1757 1716)
4(75 1756 1757 76)
4(36 77 1758 1717)
4(76 1757 1758 77)
4(37 78 1759 1718)
4(77 1758 1759 78)
4(38 79 1760 1719)
4(78 1759 1760 79)
4(39 80 1761 1720)
4(79 1760 1761 80)
4(80 1761 1762 81)
4(42 83 1764 1723)
4(82 1763 1764 83)
4(43 84 1765 1724)
4(83 1764 1765 84)
4(44 85 1766 1725)
4(84 1765 1766 85)
4(45 86 1767 1726)
4(85 1766 1767 86)
4(46 87 1768 1727)
4(86 1767 1768 87)
4(47 88 1769 1728)
4(87 1768 1769 88)
4(48 89 1770 1729)
4(88 1769 1770 89)
4(49 90 1771 1730)
4(89 1770 1771 90)
4(50 91 1772 1731)
4(90 1771 1772 91)
4(51 92 1773 1732)
4(91 1772 1773 92)
4(52 93 1774 1733)
4(92 1773 1774 93)
4(53 94 1775 1734)
4(93 1774 1775 94)
4(54 95 1776 1735)
4(94 1775 1776 95)
4(55 96 1777 1736)
4(95 1776 1777 96)
4(56 97 1778 1737)
4(96 1777 1778 97)
4(57 98 1779 1738)
4(97 1778 1779 98)
4(58 99 1780 1739)
4(98 1779 1780 99)
4(59 100 1781 1740)
4(99 1780 1781 100)
4(60 101 1782 1741)
4(100 1781 1782 101)
4(61 102 1783 1742)
4(101 1782 1783 102)
4(62 103 1784 1743)
4(102 1783 1784 103)
4(63 104 1785 1744)
4(103 1784 1785 104)
4(64 105 1786 1745)
4(104 1785 1786 105)
4(65 106 1787 1746)
4(105 1786 1787 106)
4(66 107 1788 1747)
4(106 1787 1788 107)
4(67 108 1789 1748)
4(107 1788 1789 108)
4(68 109 1790 1749)
4(108 1789 1790 109)
4(69 110 1791 1750)
4(109 1790 1791 110)
4(70 111 1792 1751)
4(110 1791 1792 111)
4(71 112 1793 1752)
4(111 1792 1793 112)
4(72 113 1794 1753)
4(112 1793 1794 113)
4(73 114 1795 1754)
4(113 1794 1795 114)
4(74 115 1796 1755)
4(114 1795 1796 115)
4(75 116 1797 1756)
4(115 1796 1797 116)
4(76 117 1798 1757)
4(116 1797 1798 117)
4(77 118 1799 1758)
4(117 1798 1799 118)
4(78 119 1800 1759)
4(118 1799 1800 119)
4(79 120 1801 1760)
4(119 1800 1801 120)
4(80 121 1802 1761)
4(120 1801 1802 121)
4(121 1802 1803 122)
4(83 124 1805 1764)
4(123 1804 1805 124)
4(84 125 1806 1765)
4(124 1805 1806 125)
4(85 126 1807 1766)
4(125 1806 1807 126)
4(86 127 1808 1767)
4(126 1807 1808 127)
4(87 128 1809 1768)
4(127 1808 1809 128)
4(88 129 1810 1769)
4(128 1809 1810 129)
4(89 130 1811 1770)
4(129 1810 1811 130)
4(90 131 1812 1771)
4(130 1811 1812 131)
4(91 132 1813 1772)
4(131 1812 1813 132)
4(92 133 1814 1773)
4(132 1813 1814 133)
4(93 134 1815 1774)
4(133 1814 1815 134)
4(94 135 1816 1775)
4(134 1815 1816 135)
4(95 136 1817 1776)
4(135 1816 1817 136)
4(96 137 1818 1777)
4(136 1817 1818 137)
4(97 138 1819 1778)
4(137 1818 1819 138)
4(98 139 1820 1779)
4(138 1819 1820 139)
4(99 140 1821 1780)
4(139 1820 1821 140)
4(100 141 1822 1781)
4(140 1821 1822 141)
4(101 142 1823 1782)
4(141 1822 1823 142)
4(102 143 1824 1783)
4(142 1823 1824 143)
4(103 144 1825 1784)
4(143 1824 1825 144)
4(104 145 1826 1785)
4(144 1825 1826 145)
4(105 146 1827 1786)
4(145 1826 1827 146)
4(106 147 1828 1787)
4(146 1827 1828 147)
4(107 148 1829 1788)
4(147 1828 1829 148)
4(108 149 1830 1789)
4(148 1829 1830 149)
4(109 150 1831 1790)
4(149 1830 1831 150)
4(110 151 1832 1791)
4(150 1831 1832 151)
4(111 152 1833 1792)
4(151 1832 1833 152)
4(112 153 1834 1793)
4(152 1833 1834 153)
4(113 154 1835 1794)
4(153 1834 1835 154)
4(114 155 1836 1795)
4(154 1835 1836 155)
4(115 156 1837 1796)
4(155 1836 1837 156)
4(116 157 1838 1797)
4(156 1837 1838 157)
4(117 158 1839 1798)
4(157 1838 1839 158)
4(118 159 1840 1799)
4(158 1839 1840 159)
4(119 160 1841 1800)
4(159 1840 1841 160)
4(120 161 1842 1801)
4(160 1841 1842 161)
4(121 162 1843 1802)
4(161 1842 1843 162)
4(162 1843 1844 163)
4(124 165 1846 1805)
4(164 1845 1846 165)
4(125 166 1847 1806)
4(165 1846 1847 166)
4(126 167 1848 1807)
4(166 1847 1848 167)
4(127 168 1849 1808)
4(167 1848 1849 168)
4(128 169 1850 1809)
4(168 1849 1850 169)
4(129 170 1851 1810)
4(169 1850 1851 170)
4(130 171 1852 1811)
4(170 1851 1852 171)
4(131 172 1853 1812)
4(171 1852 1853 172)
4(132 173 1854 1813)
4(172 1853 1854 173)
4(133 174 1855 1814)
4(173 1854 1855 174)
4(134 175 1856 1815)
4(174 1855 1856 175)
4(135 176 1857 1816)
4(175 1856 1857 176)
4(136 177 1858 1817)
4(176 1857 1858 177)
4(137 178 1859 1818)
4(177 1858 1859 178)
4(138 179 1860 1819)
4(178 1859 1860 179)
4(139 180 1861 1820)
4(179 1860 1861 180)
4(140 181 1862 1821)
4(180 1861 1862 181)
4(141 182 1863 1822)
4(181 1862 1863 182)
4(142 183 1864 1823)
4(182 1863 1864 183)
4(143 184 1865 1824)
4(183 1864 1865 184)
4(144 185 1866 1825)
4(184 1865 1866 185)
4(145 186 1867 1826)
4(185 1866 1867 186)
4(146 187 1868 1827)
4(186 1867 1868 187)
4(147 188 1869 1828)
4(187 1868 1869 188)
4(148 189 1870 1829)
4(188 1869 1870 189)
4(149 190 1871 1830)
4(189 1870 1871 190)
4(150 191 1872 1831)
4(190 1871 1872 191)
4(151 192 1873 1832)
4(191 1872 1873 192)
4(152 193 1874 1833)
4(192 1873 1874 193)
4(153 194 1875 1834)
4(193 1874 1875 194)
4(154 195 1876 1835)
4(194 1875 1876 195)
4(155 196 1877 1836)
4(195 1876 1877 196)
4(156 197 1878 1837)
4(196 1877 1878 197)
4(157 198 1879 1838)
4(197 1878 1879 198)
4(158 199 1880 1839)
4(198 1879 1880 199)
4(159 200 1881 1840)
4(199 1880 1881 200)
4(160 201 1882 1841)
4(200 1881 1882 201)
4(161 202 1883 1842)
4(201 1882 1883 202)
4(162 203 1884 1843)
4(202 1883 1884 203)
4(203 1884 1885 204)
4(165 206 1887 1846)
4(205 1886 1887 206)
4(166 207 1888 1847)
4(206 1887 1888 207)
4(167 208 1889 1848)
4(207 1888 1889 208)
4(168 209 1890 1849)
4(208 1889 1890 209)
4(169 210 1891 1850)
4(209 1890 1891 210)
4(170 211 1892 1851)
4(210 1891 1892 211)
4(171 212 1893 1852)
4(211 1892 1893 212)
4(172 213 1894 1853)
4(212 1893 1894 213)
4(173 214 1895 1854)
4(213 1894 1895 214)
4(174 215 1896 1855)
4(214 1895 1896 215)
4(175 216 1897 1856)
4(215 1896 1897 216)
4(176 217 1898 1857)
4(216 1897 1898 217)
4(177 218 1899 1858)
4(217 1898 1899 218)
4(178 219 1900 1859)
4(218 1899 1900 219)
4(179 220 1901 1860)
4(219 1900 1901 220)
4(180 221 1902 1861)
4(220 1901 1902 221)
4(181 222 1903 1862)
4(221 1902 1903 222)
4(182 223 1904 1863)
4(222 1903 1904 223)
4(183 224 1905 1864)
4(223 1904 1905 224)
4(184 225 1906 1865)
4(224 1905 1906 225)
4(185 226 1907 1866)
4(225 1906 1907 226)
4(186 227 1908 1867)
4(226 1907 1908 227)
4(187 228 1909 1868)
4(227 1908 1909 228)
4(188 229 1910 1869)
4(228 1909 1910 229)
4(189 230 1911 1870)
4(229 1910 1911 230)
4(190 231 1912 1871)
4(230 1911 1912 231)
4(191 232 1913 1872)
4(231 1912 1913 232)
4(192 233 1914 1873)
4(232 1913 1914 233)
4(193 234 1915 1874)
4(233 1914 1915 234)
4(194 235 1916 1875)
4(234 1915 1916 235)
4(195 236 1917 1876)
4(235 1916 1917 236)
4(196 237 1918 1877)
4(236 1917 1918 237)
4(197 238 1919 1878)
4(237 1918 1919 238)
4(198 239 1920 1879)
4(238 1919 1920 239)
4(199 240 1921 1880)
4(239 1920 1921 240)
4(200 241 1922 1881)
4(240 1921 1922 241)
4(201 242 1923 1882)
4(241 1922 1923 242)
4(202 243 1924 1883)
4(242 1923 1924 243)
4(203 244 1925 1884)
4(243 1924 1925 244)
4(244 1925 1926 245)
4(206 247 1928 1887)
4(246 1927 1928 247)
4(207 248 1929 1888)
4(247 1928 1929 248)
4(208 249 1930 1889)
4(248 1929 1930 249)
4(209 250 1931 1890)
4(249 1930 1931 250)
4(210 251 1932 1891)
4(250 1931 1932 251)
4(211 252 1933 1892)
4(251 1932 1933 252)
4(212 253 1934 1893)
4(252 1933 1934 253)
4(213 254 1935 1894)
4(253 1934 1935 254)
4(214 255 1936 1895)
4(254 1935 1936 255)
4(215 256 1937 1896)
4(255 1936 1937 256)
4(216 257 1938 1897)
4(256 1937 1938 257)
4(217 258 1939 1898)
4(257 1938 1939 258)
4(218 259 1940 1899)
4(258 1939 1940 259)
4(219 260 1941 1900)
4(259 1940 1941 260)
4(220 261 1942 1901)
4(260 1941 1942 261)
4(221 262 1943 1902)
4(261 1942 1943 262)
4(222 263 1944 1903)
4(262 1943 1944 263)
4(223 264 1945 1904)
4(263 1944 1945 264)
4(224 265 1946 1905)
4(264 1945 1946 265)
4(225 266 1947 1906)
4(265 1946 1947 266)
4(226 267 1948 1907)
4(266 1947 1948 267)
4(227 268 1949 1908)
4(267 1948 1949 268)
4(228 269 1950 1909)
4(268 1949 1950 269)
4(229 270 1951 1910)
4(269 1950 1951 270)
4(230 271 1952 1911)
4(270 1951 1952 271)
4(231 272 1953 1912)
4(271 1952 1953 272)
4(232 273 1954 1913)
4(272 1953 1954 273)
4(233 274 1955 1914)
4(273 1954 1955 274)
4(234 275 1956 1915)
4(274 1955 1956 275)
4(235 276 1957 1916)
4(275 1956 1957 276)
4(236 277 1958 1917)
4(276 1957 1958 277)
4(237 278 1959 1918)
4(277 1958 1959 278)
4(238 279 1960 1919)
4(278 1959 1960 279)
4(239 280 1961 1920)
4(279 1960 1961 280)
4(240 281 1962 1921)
4(280 1961 1962 281)
4(241 282 1963 1922)
4(281 1962 1963 282)
4(242 283 1964 1923)
4(282 1963 1964 283)
4(243 284 1965 1924)
4(283 1964 1965 284)
4(244 285 1966 1925)
4(284 1965 1966 285)
4(285 1966 1967 286)
4(247 288 1969 1928)
4(287 1968 1969 288)
4(248 289 1970 1929)
4(288 1969 1970 289)
4(249 290 1971 1930)
4(289 1970 1971 290)
4(250 291 1972 1931)
4(290 1971 1972 291)
4(251 292 1973 1932)
4(291 1972 1973 292)
4(252 293 1974 1933)
4(292 1973 1974 293)
4(253 294 1975 1934)
4(293 1974 1975 294)
4(254 295 1976 1935)
4(294 1975 1976 295)
4(255 296 1977 1936)
4(295 1976 1977 296)
4(256 297 1978 1937)
4(296 1977 1978 297)
4(257 298 1979 1938)
4(297 1978 1979 298)
4(258 299 1980 1939)
4(298 1979 1980 299)
4(259 300 1981 1940)
4(299 1980 1981 300)
4(260 301 1982 1941)
4(300 1981 1982 301)
4(261 302 1983 1942)
4(301 1982 1983 302)
4(262 303 1984 1943)
4(302 1983 1984 303)
4(263 304 1985 1944)
4(303 1984 1985 304)
4(264 305 1986 1945)
4(304 1985 1986 305)
4(265 306 1987 1946)
4(305 1986 1987 306)
4(266 307 1988 1947)
4(306 1987 1988 307)
4(267 308 1989 1948)
4(307 1988 1989 308)
4(268 309 1990 1949)
4(308 1989 1990 309)
4(269 310 1991 1950)
4(309 1990 1991 310)
4(270 311 1992 1951)
4(310 1991 1992 311)
4(271 312 1993 1952)
4(311 1992 1993 312)
4(272 313 1994 1953)
4(312 1993 1994 313)
4(273 314 1995 1954)
4(313 1994 1995 314)
4(274 315 1996 1955)
4(314 1995 1996 315)
4(275 316 1997 1956)
4(315 1996 1997 316)
4(276 317 1998 1957)
4(316 1997 1998 317)
4(277 318 1999 1958)
4(317 1998 1999 318)
4(278 319 2000 1959)
4(318 1999 2000 319)
4(279 320 2001 1960)
4(319 2000 2001 320)
4(280 321 2002 1961)
4(320 2001 2002 321)
4(281 322 2003 1962)
4(321 2002 2003 322)
4(282 323 2004 1963)
4(322 2003 2004 323)
4(283 324 2005 1964)
4(323 2004 2005 324)
4(284 325 2006 1965)
4(324 2005 2006 325)
4(285 326 2007 1966)
4(325 2006 2007 326)
4(326 2007 2008 327)
4(288 329 2010 1969)
4(328 2009 2010 329)
4(289 330 2011 1970)
4(329 2010 2011 330)
4(290 331 2012 1971)
4(330 2011 2012 331)
4(291 332 2013 1972)
4(331 2012 2013 332)
4(292 333 2014 1973)
4(332 2013 2014 333)
4(293 334 2015 1974)
4(333 2014 2015 334)
4(294 335 2016 1975)
4(334 2015 2016 335)
4(295 336 2017 1976)
4(335 2016 2017 336)
4(296 337 2018 1977)
4(336 2017 2018 337)
4(297 338 2019 1978)
4(337 2018 2019 338)
4(298 339 2020 1979)
4(338 2019 2020 339)
4(299 340 2021 1980)
4(339 2020 2021 340)
4(300 341 2022 1981)
4(340 2021 2022 341)
4(301 342 2023 1982)
4(341 2022 2023 342)
4(302 343 2024 1983)
4(342 2023 2024 343)
4(303 344 2025 1984)
4(343 2024 2025 344)
4(304 345 2026 1985)
4(344 2025 2026 345)
4(305 346 2027 1986)
4(345 2026 2027 346)
4(306 347 2028 1987)
4(346 2027 2028 347)
4(307 348 2029 1988)
4(347 2028 2029 348)
4(308 349 2030 1989)
4(348 2029 2030 349)
4(309 350 2031 1990)
4(349 2030 2031 350)
4(310 351 2032 1991)
4(350 2031 2032 351)
4(311 352 2033 1992)
4(351 2032 2033 352)
4(312 353 2034 1993)
4(352 2033 2034 353)
4(313 354 2035 1994)
4(353 2034 2035 354)
4(314 355 2036 1995)
4(354 2035 2036 355)
4(315 356 2037 1996)
4(355 2036 2037 356)
4(316 357 2038 1997)
4(356 2037 2038 357)
4(317 358 2039 1998)
4(357 2038 2039 358)
4(318 359 2040 1999)
4(358 2039 2040 359)
4(319 360 2041 2000)
4(359 2040 2041 360)
4(320 361 2042 2001)
4(360 2041 2042 361)
4(321 362 2043 2002)
4(361 2042 2043 362)
4(322 363 2044 2003)
4(362 2043 2044 363)
4(323 364 2045 2004)
4(363 2044 2045 364)
4(324 365 2046 2005)
4(364 2045 2046 365)
4(325 366 2047 2006)
4(365 2046 2047 366)
4(326 367 2048 2007)
4(366 2047 2048 367)
4(367 2048 2049 368)
4(329 370 2051 2010)
4(369 2050 2051 370)
4(330 371 2052 2011)
4(370 2051 2052 371)
4(331 372 2053 2012)
4(371 2052 2053 372)
4(332 373 2054 2013)
4(372 2053 2054 373)
4(333 374 2055 2014)
4(373 2054 2055 374)
4(334 375 2056 2015)
4(374 2055 2056 375)
4(335 376 2057 2016)
4(375 2056 2057 376)
4(336 377 2058 2017)
4(376 2057 2058 377)
4(337 378 2059 2018)
4(377 2058 2059 378)
4(338 379 2060 2019)
4(378 2059 2060 379)
4(339 380 2061 2020)
4(379 2060 2061 380)
4(340 381 2062 2021)
4(380 2061 2062 381)
4(341 382 2063 2022)
4(381 2062 2063 382)
4(342 383 2064 2023)
4(382 2063 2064 383)
4(343 384 2065 2024)
4(383 2064 2065 384)
4(344 385 2066 2025)
4(384 2065 2066 385)
4(345 386 2067 2026)
4(385 2066 2067 386)
4(346 387 2068 2027)
4(386 2067 2068 387)
4(347 388 2069 2028)
4(387 2068 2069 388)
4(348 389 2070 2029)
4(388 2069 2070 389)
4(349 390 2071 2030)
4(389 2070 2071 390)
4(350 391 2072 2031)
4(390 2071 2072 391)
4(351 392 2073 2032)
4(391 2072 2073 392)
4(352 393 2074 2033)
4(392 2073 2074 393)
4(353 394 2075 2034)
4(393 2074 2075 394)
4(354 395 2076 2035)
4(394 2075 2076 395)
4(355 396 2077 2036)
4(395 2076 2077 396)
4(356 397 2078 2037)
4(396 2077 2078 397)
4(357 398 2079 2038)
4(397 2078 2079 398)
4(358 399 2080 2039)
4(398 2079 2080 399)
4(359 400 2081 2040)
4(399 2080 2081 400)
4(360 401 2082 2041)
4(400 2081 2082 401)
4(361 402 2083 2042)
4(401 2082 2083 402)
4(362 403 2084 2043)
4(402 2083 2084 403)
4(363 404 2085 2044)
4(403 2084 2085 404)
4(364 405 2086 2045)
4(404 2085 2086 405)
4(365 406 2087 2046)
4(405 2086 2087 406)
4(366 407 2088 2047)
4(406 2087 2088 407)
4(367 408 2089 2048)
4(407 2088 2089 408)
4(408 2089 2090 409)
4(370 411 2092 2051)
4(410 2091 2092 411)
4(371 412 2093 2052)
4(411 2092 2093 412)
4(372 413 2094 2053)
4(412 2093 2094 413)
4(373 414 2095 2054)
4(413 2094 2095 414)
4(374 415 2096 2055)
4(414 2095 2096 415)
4(375 416 2097 2056)
4(415 2096 2097 416)
4(376 417 2098 2057)
4(416 2097 2098 417)
4(377 418 2099 2058)
4(417 2098 2099 418)
4(378 419 2100 2059)
4(418 2099 2100 419)
4(379 420 2101 2060)
4(419 2100 2101 420)
4(380 421 2102 2061)
4(420 2101 2102 421)
4(381 422 2103 2062)
4(421 2102 2103 422)
4(382 423 2104 2063)
4(422 2103 2104 423)
4(383 424 2105 2064)
4(423 2104 2105 424)
4(384 425 2106 2065)
4(424 2105 2106 425)
4(385 426 2107 2066)
4(425 2106 2107 426)
4(386 427 2108 2067)
4(426 2107 2108 427)
4(387 428 2109 2068)
4(427 2108 2109 428)
4(388 429 2110 2069)
4(428 2109 2110 429)
4(389 430 2111 2070)
4(429 2110 2111 430)
4(390 431 2112 2071)
4(430 2111 2112 431)
4(391 432 2113 2072)
4(431 2112 2113 432)
4(392 433 2114 2073)
4(432 2113 2114 433)
4(393 434 2115 2074)
4(433 2114 2115 434)
4(394 435 2116 2075)
4(434 2115 2116 435)
4(395 436 2117 2076)
4(435 2116 2117 436)
4(396 437 2118 2077)
4(436 2117 2118 437)
4(397 438 2119 2078)
4(437 2118 2119 438)
4(398 439 2120 2079)
4(438 2119 2120 439)
4(399 440 2121 2080)
4(439 2120 2121 440)
4(400 441 2122 2081)
4(440 2121 2122 441)
4(401 442 2123 2082)
4(441 2122 2123 442)
4(402 443 2124 2083)
4(442 2123 2124 443)
4(403 444 2125 2084)
4(443 2124 2125 444)
4(404 445 2126 2085)
4(444 2125 2126 445)
4(405 446 2127 2086)
4(445 2126 2127 446)
4(406 447 2128 2087)
4(446 2127 2128 447)
4(407 448 2129 2088)
4(447 2128 2129 448)
4(408 449 2130 2089)
4(448 2129 2130 449)
4(449 2130 2131 450)
4(411 452 2133 2092)
4(451 2132 2133 452)
4(412 453 2134 2093)
4(452 2133 2134 453)
4(413 454 2135 2094)
4(453 2134 2135 454)
4(414 455 2136 2095)
4(454 2135 2136 455)
4(415 456 2137 2096)
4(455 2136 2137 456)
4(416 457 2138 2097)
4(456 2137 2138 457)
4(417 458 2139 2098)
4(457 2138 2139 458)
4(418 459 2140 2099)
4(458 2139 2140 459)
4(419 460 2141 2100)
4(459 2140 2141 460)
4(420 461 2142 2101)
4(460 2141 2142 461)
4(421 462 2143 2102)
4(461 2142 2143 462)
4(422 463 2144 2103)
4(462 2143 2144 463)
4(423 464 2145 2104)
4(463 2144 2145 464)
4(424 465 2146 2105)
4(464 2145 2146 465)
4(425 466 2147 2106)
4(465 2146 2147 466)
4(426 467 2148 2107)
4(466 2147 2148 467)
4(427 468 2149 2108)
4(467 2148 2149 468)
4(428 469 2150 2109)
4(468 2149 2150 469)
4(429 470 2151 2110)
4(469 2150 2151 470)
4(430 471 2152 2111)
4(470 2151 2152 471)
4(431 472 2153 2112)
4(471 2152 2153 472)
4(432 473 2154 2113)
4(472 2153 2154 473)
4(433 474 2155 2114)
4(473 2154 2155 474)
4(434 475 2156 2115)
4(474 2155 2156 475)
4(435 476 2157 2116)
4(475 2156 2157 476)
4(436 477 2158 2117)
4(476 2157 2158 477)
4(437 478 2159 2118)
4(477 2158 2159 478)
4(438 479 2160 2119)
4(478 2159 2160 479)
4(439 480 2161 2120)
4(479 2160 2161 480)
4(440 481 2162 2121)
4(480 2161 2162 481)
4(441 482 2163 2122)
4(481 2162 2163 482)
4(442 483 2164 2123)
4(482 2163 2164 483)
4(443 484 2165 2124)
4(483 2164 2165 484)
4(444 485 2166 2125)
4(484 2165 2166 485)
4(445 486 2167 2126)
4(485 2166 2167 486)
4(446 487 2168 2127)
4(486 2167 2168 487)
4(447 488 2169 2128)
4(487 2168 2169 488)
4(448 489 2170 2129)
4(488 2169 2170 489)
4(449 490 2171 2130)
4(489 2170 2171 490)
4(490 2171 2172 491)
4(452 493 2174 2133)
4(492 2173 2174 493)
4(453 494 2175 2134)
4(493 2174 2175 494)
4(454 495 2176 2135)
4(494 2175 2176 495)
4(455 496 2177 2136)
4(495 2176 2177 496)
4(456 497 2178 2137)
4(496 2177 2178 497)
4(457 498 2179 2138)
4(497 2178 2179 498)
4(458 499 2180 2139)
4(498 2179 2180 499)
4(459 500 2181 2140)
4(499 2180 2181 500)
4(460 501 2182 2141)
4(500 2181 2182 501)
4(461 502 2183 2142)
4(501 2182 2183 502)
4(462 503 2184 2143)
4(502 2183 2184 503)
4(463 504 2185 2144)
4(503 2184 2185 504)
4(464 505 2186 2145)
4(504 2185 2186 505)
4(465 506 2187 2146)
4(505 2186 2187 506)
4(466 507 2188 2147)
4(506 2187 2188 507)
4(467 508 2189 2148)
4(507 2188 2189 508)
4(468 509 2190 2149)
4(508 2189 2190 509)
4(469 510 2191 2150)
4(509 2190 2191 510)
4(470 511 2192 2151)
4(510 2191 2192 511)
4(471 512 2193 2152)
4(511 2192 2193 512)
4(472 513 2194 2153)
4(512 2193 2194 513)
4(473 514 2195 2154)
4(513 2194 2195 514)
4(474 515 2196 2155)
4(514 2195 2196 515)
4(475 516 2197 2156)
4(515 2196 2197 516)
4(476 517 2198 2157)
4(516 2197 2198 517)
4(477 518 2199 2158)
4(517 2198 2199 518)
4(478 519 2200 2159)
4(518 2199 2200 519)
4(479 520 2201 2160)
4(519 2200 2201 520)
4(480 521 2202 2161)
4(520 2201 2202 521)
4(481 522 2203 2162)
4(521 2202 2203 522)
4(482 523 2204 2163)
4(522 2203 2204 523)
4(483 524 2205 2164)
4(523 2204 2205 524)
4(484 525 2206 2165)
4(524 2205 2206 525)
4(485 526 2207 2166)
4(525 2206 2207 526)
4(486 527 2208 2167)
4(526 2207 2208 527)
4(487 528 2209 2168)
4(527 2208 2209 528)
4(488 529 2210 2169)
4(528 2209 2210 529)
4(489 530 2211 2170)
4(529 2210 2211 530)
4(490 531 2212 2171)
4(530 2211 2212 531)
4(531 2212 2213 532)
4(493 534 2215 2174)
4(533 2214 2215 534)
4(494 535 2216 2175)
4(534 2215 2216 535)
4(495 536 2217 2176)
4(535 2216 2217 536)
4(496 537 2218 2177)
4(536 2217 2218 537)
4(497 538 2219 2178)
4(537 2218 2219 538)
4(498 539 2220 2179)
4(538 2219 2220 539)
4(499 540 2221 2180)
4(539 2220 2221 540)
4(500 541 2222 2181)
4(540 2221 2222 541)
4(501 542 2223 2182)
4(541 2222 2223 542)
4(502 543 2224 2183)
4(542 2223 2224 543)
4(503 544 2225 2184)
4(543 2224 2225 544)
4(504 545 2226 2185)
4(544 2225 2226 545)
4(505 546 2227 2186)
4(545 2226 2227 546)
4(506 547 2228 2187)
4(546 2227 2228 547)
4(507 548 2229 2188)
4(547 2228 2229 548)
4(508 549 2230 2189)
4(548 2229 2230 549)
4(509 550 2231 2190)
4(549 2230 2231 550)
4(510 551 2232 2191)
4(550 2231 2232 551)
4(511 552 2233 2192)
4(551 2232 2233 552)
4(512 553 2234 2193)
4(552 2233 2234 553)
4(513 554 2235 2194)
4(553 2234 2235 554)
4(514 555 2236 2195)
4(554 2235 2236 555)
4(515 556 2237 2196)
4(555 2236 2237 556)
4(516 557 2238 2197)
4(556 2237 2238 557)
4(517 558 2239 2198)
4(557 2238 2239 558)
4(518 559 2240 2199)
4(558 2239 2240 559)
4(519 560 2241 2200)
4(559 2240 2241 560)
4(520 561 2242 2201)
4(560 2241 2242 561)
4(521 562 2243 2202)
4(561 2242 2243 562)
4(522 563 2244 2203)
4(562 2243 2244 563)
4(523 564 2245 2204)
4(563 2244 2245 564)
4(524 565 2246 2205)
4(564 2245 2246 565)
4(525 566 2247 2206)
4(565 2246 2247 566)
4(526 567 2248 2207)
4(566 2247 2248 567)
4(527 568 2249 2208)
4(567 2248 2249 568)
4(528 569 2250 2209)
4(568 2249 2250 569)
4(529 570 2251 2210)
4(569 2250 2251 570)
4(530 571 2252 2211)
4(570 2251 2252 571)
4(531 572 2253 2212)
4(571 2252 2253 572)
4(572 2253 2254 573)
4(534 575 2256 2215)
4(574 2255 2256 575)
4(535 576 2257 2216)
4(575 2256 2257 576)
4(536 577 2258 2217)
4(576 2257 2258 577)
4(537 578 2259 2218)
4(577 2258 2259 578)
4(538 579 2260 2219)
4(578 2259 2260 579)
4(539 580 2261 2220)
4(579 2260 2261 580)
4(540 581 2262 2221)
4(580 2261 2262 581)
4(541 582 2263 2222)
4(581 2262 2263 582)
4(542 583 2264 2223)
4(582 2263 2264 583)
4(543 584 2265 2224)
4(583 2264 2265 584)
4(544 585 2266 2225)
4(584 2265 2266 585)
4(545 586 2267 2226)
4(585 2266 2267 586)
4(546 587 2268 2227)
4(586 2267 2268 587)
4(547 588 2269 2228)
4(587 2268 2269 588)
4(548 589 2270 2229)
4(588 2269 2270 589)
4(549 590 2271 2230)
4(589 2270 2271 590)
4(550 591 2272 2231)
4(590 2271 2272 591)
4(551 592 2273 2232)
4(591 2272 2273 592)
4(552 593 2274 2233)
4(592 2273 2274 593)
4(553 594 2275 2234)
4(593 2274 2275 594)
4(554 595 2276 2235)
4(594 2275 2276 595)
4(555 596 2277 2236)
4(595 2276 2277 596)
4(556 597 2278 2237)
4(596 2277 2278 597)
4(557 598 2279 2238)
4(597 2278 2279 598)
4(558 599 2280 2239)
4(598 2279 2280 599)
4(559 600 2281 2240)
4(599 2280 2281 600)
4(560 601 2282 2241)
4(600 2281 2282 601)
4(561 602 2283 2242)
4(601 2282 2283 602)
4(562 603 2284 2243)
4(602 2283 2284 603)
4(563 604 2285 2244)
4(603 2284 2285 604)
4(564 605 2286 2245)
4(604 2285 2286 605)
4(565 606 2287 2246)
4(605 2286 2287 606)
4(566 607 2288 2247)
4(606 2287 2288 607)
4(567 608 2289 2248)
4(607 2288 2289 608)
4(568 609 2290 2249)
4(608 2289 2290 609)
4(569 610 2291 2250)
4(609 2290 2291 610)
4(570 611 2292 2251)
4(610 2291 2292 611)
4(571 612 2293 2252)
4(611 2292 2293 612)
4(572 613 2294 2253)
4(612 2293 2294 613)
4(613 2294 2295 614)
4(575 616 2297 2256)
4(615 2296 2297 616)
4(576 617 2298 2257)
4(616 2297 2298 617)
4(577 618 2299 2258)
4(617 2298 2299 618)
4(578 619 2300 2259)
4(618 2299 2300 619)
4(579 620 2301 2260)
4(619 2300 2301 620)
4(580 621 2302 2261)
4(620 2301 2302 621)
4(581 622 2303 2262)
4(621 2302 2303 622)
4(582 623 2304 2263)
4(622 2303 2304 623)
4(583 624 2305 2264)
4(623 2304 2305 624)
4(584 625 2306 2265)
4(624 2305 2306 625)
4(585 626 2307 2266)
4(625 2306 2307 626)
4(586 627 2308 2267)
4(626 2307 2308 627)
4(587 628 2309 2268)
4(627 2308 2309 628)
4(588 629 2310 2269)
4(628 2309 2310 629)
4(589 630 2311 2270)
4(629 2310 2311 630)
4(590 631 2312 2271)
4(630 2311 2312 631)
4(591 632 2313 2272)
4(631 2312 2313 632)
4(592 633 2314 2273)
4(632 2313 2314 633)
4(593 634 2315 2274)
4(633 2314 2315 634)
4(594 635 2316 2275)
4(634 2315 2316 635)
4(595 636 2317 2276)
4(635 2316 2317 636)
4(596 637 2318 2277)
4(636 2317 2318 637)
4(597 638 2319 2278)
4(637 2318 2319 638)
4(598 639 2320 2279)
4(638 2319 2320 639)
4(599 640 2321 2280)
4(639 2320 2321 640)
4(600 641 2322 2281)
4(640 2321 2322 641)
4(601 642 2323 2282)
4(641 2322 2323 642)
4(602 643 2324 2283)
4(642 2323 2324 643)
4(603 644 2325 2284)
4(643 2324 2325 644)
4(604 645 2326 2285)
4(644 2325 2326 645)
4(605 646 2327 2286)
4(645 2326 2327 646)
4(606 647 2328 2287)
4(646 2327 2328 647)
4(607 648 2329 2288)
4(647 2328 2329 648)
4(608 649 2330 2289)
4(648 2329 2330 649)
4(609 650 2331 2290)
4(649 2330 2331 650)
4(610 651 2332 2291)
4(650 2331 2332 651)
4(611 652 2333 2292)
4(651 2332 2333 652)
4(612 653 2334 2293)
4(652 2333 2334 653)
4(613 654 2335 2294)
4(653 2334 2335 654)
4(654 2335 2336 655)
4(616 657 2338 2297)
4(656 2337 2338 657)
4(617 658 2339 2298)
4(657 2338 2339 658)
4(618 659 2340 2299)
4(658 2339 2340 659)
4(619 660 2341 2300)
4(659 2340 2341 660)
4(620 661 2342 2301)
4(660 2341 2342 661)
4(621 662 2343 2302)
4(661 2342 2343 662)
4(622 663 2344 2303)
4(662 2343 2344 663)
4(623 664 2345 2304)
4(663 2344 2345 664)
4(624 665 2346 2305)
4(664 2345 2346 665)
4(625 666 2347 2306)
4(665 2346 2347 666)
4(626 667 2348 2307)
4(666 2347 2348 667)
4(627 668 2349 2308)
4(667 2348 2349 668)
4(628 669 2350 2309)
4(668 2349 2350 669)
4(629 670 2351 2310)
4(669 2350 2351 670)
4(630 671 2352 2311)
4(670 2351 2352 671)
4(631 672 2353 2312)
4(671 2352 2353 672)
4(632 673 2354 2313)
4(672 2353 2354 673)
4(633 674 2355 2314)
4(673 2354 2355 674)
4(634 675 2356 2315)
4(674 2355 2356 675)
4(635 676 2357 2316)
4(675 2356 2357 676)
4(636 677 2358 2317)
4(676 2357 2358 677)
4(637 678 2359 2318)
4(677 2358 2359 678)
4(638 679 2360 2319)
4(678 2359 2360 679)
4(639 680 2361 2320)
4(679 2360 2361 680)
4(640 681 2362 2321)
4(680 2361 2362 681)
4(641 682 2363 2322)
4(681 2362 2363 682)
4(642 683 2364 2323)
4(682 2363 2364 683)
4(643 684 2365 2324)
4(683 2364 2365 684)
4(644 685 2366 2325)
4(684 2365 2366 685)
4(645 686 2367 2326)
4(685 2366 2367 686)
4(646 687 2368 2327)
4(686 2367 2368 687)
4(647 688 2369 2328)
4(687 2368 2369 688)
4(648 689 2370 2329)
4(688 2369 2370 689)
4(649 690 2371 2330)
4(689 2370 2371 690)
4(650 691 2372 2331)
4(690 2371 2372 691)
4(651 692 2373 2332)
4(691 2372 2373 692)
4(652 693 2374 2333)
4(692 2373 2374 693)
4(653 694 2375 2334)
4(693 2374 2375 694)
4(654 695 2376 2335)
4(694 2375 2376 695)
4(695 2376 2377 696)
4(657 698 2379 2338)
4(697 2378 2379 698)
4(658 699 2380 2339)
4(698 2379 2380 699)
4(659 700 2381 2340)
4(699 2380 2381 700)
4(660 701 2382 2341)
4(700 2381 2382 701)
4(661 702 2383 2342)
4(701 2382 2383 702)
4(662 703 2384 2343)
4(702 2383 2384 703)
4(663 704 2385 2344)
4(703 2384 2385 704)
4(664 705 2386 2345)
4(704 2385 2386 705)
4(665 706 2387 2346)
4(705 2386 2387 706)
4(666 707 2388 2347)
4(706 2387 2388 707)
4(667 708 2389 2348)
4(707 2388 2389 708)
4(668 709 2390 2349)
4(708 2389 2390 709)
4(669 710 2391 2350)
4(709 2390 2391 710)
4(670 711 2392 2351)
4(710 2391 2392 711)
4(671 712 2393 2352)
4(711 2392 2393 712)
4(672 713 2394 2353)
4(712 2393 2394 713)
4(673 714 2395 2354)
4(713 2394 2395 714)
4(674 715 2396 2355)
4(714 2395 2396 715)
4(675 716 2397 2356)
4(715 2396 2397 716)
4(676 717 2398 2357)
4(716 2397 2398 717)
4(677 718 2399 2358)
4(717 2398 2399 718)
4(678 719 2400 2359)
4(718 2399 2400 719)
4(679 720 2401 2360)
4(719 2400 2401 720)
4(680 721 2402 2361)
4(720 2401 2402 721)
4(681 722 2403 2362)
4(721 2402 2403 722)
4(682 723 2404 2363)
4(722 2403 2404 723)
4(683 724 2405 2364)
4(723 2404 2405 724)
4(684 725 2406 2365)
4(724 2405 2406 725)
4(685 726 2407 2366)
4(725 2406 2407 726)
4(686 727 2408 2367)
4(726 2407 2408 727)
4(687 728 2409 2368)
4(727 2408 2409 728)
4(688 729 2410 2369)
4(728 2409 2410 729)
4(689 730 2411 2370)
4(729 2410 2411 730)
4(690 731 2412 2371)
4(730 2411 2412 731)
4(691 732 2413 2372)
4(731 2412 2413 732)
4(692 733 2414 2373)
4(732 2413 2414 733)
4(693 734 2415 2374)
4(733 2414 2415 734)
4(694 735 2416 2375)
4(734 2415 2416 735)
4(695 736 2417 2376)
4(735 2416 2417 736)
4(736 2417 2418 737)
4(698 739 2420 2379)
4(738 2419 2420 739)
4(699 740 2421 2380)
4(739 2420 2421 740)
4(700 741 2422 2381)
4(740 2421 2422 741)
4(701 742 2423 2382)
4(741 2422 2423 742)
4(702 743 2424 2383)
4(742 2423 2424 743)
4(703 744 2425 2384)
4(743 2424 2425 744)
4(704 745 2426 2385)
4(744 2425 2426 745)
4(705 746 2427 2386)
4(745 2426 2427 746)
4(706 747 2428 2387)
4(746 2427 2428 747)
4(707 748 2429 2388)
4(747 2428 2429 748)
4(708 749 2430 2389)
4(748 2429 2430 749)
4(709 750 2431 2390)
4(749 2430 2431 750)
4(710 751 2432 2391)
4(750 2431 2432 751)
4(711 752 2433 2392)
4(751 2432 2433 752)
4(712 753 2434 2393)
4(752 2433 2434 753)
4(713 754 2435 2394)
4(753 2434 2435 754)
4(714 755 2436 2395)
4(754 2435 2436 755)
4(715 756 2437 2396)
4(755 2436 2437 756)
4(716 757 2438 2397)
4(756 2437 2438 757)
4(717 758 2439 2398)
4(757 2438 2439 758)
4(718 759 2440 2399)
4(758 2439 2440 759)
4(719 760 2441 2400)
4(759 2440 2441 760)
4(720 761 2442 2401)
4(760 2441 2442 761)
4(721 762 2443 2402)
4(761 2442 2443 762)
4(722 763 2444 2403)
4(762 2443 2444 763)
4(723 764 2445 2404)
4(763 2444 2445 764)
4(724 765 2446 2405)
4(764 2445 2446 765)
4(725 766 2447 2406)
4(765 2446 2447 766)
4(726 767 2448 2407)
4(766 2447 2448 767)
4(727 768 2449 2408)
4(767 2448 2449 768)
4(728 769 2450 2409)
4(768 2449 2450 769)
4(729 770 2451 2410)
4(769 2450 2451 770)
4(730 771 2452 2411)
4(770 2451 2452 771)
4(731 772 2453 2412)
4(771 2452 2453 772)
4(732 773 2454 2413)
4(772 2453 2454 773)
4(733 774 2455 2414)
4(773 2454 2455 774)
4(734 775 2456 2415)
4(774 2455 2456 775)
4(735 776 2457 2416)
4(775 2456 2457 776)
4(736 777 2458 2417)
4(776 2457 2458 777)
4(777 2458 2459 778)
4(739 780 2461 2420)
4(779 2460 2461 780)
4(740 781 2462 2421)
4(780 2461 2462 781)
4(741 782 2463 2422)
4(781 2462 2463 782)
4(742 783 2464 2423)
4(782 2463 2464 783)
4(743 784 2465 2424)
4(783 2464 2465 784)
4(744 785 2466 2425)
4(784 2465 2466 785)
4(745 786 2467 2426)
4(785 2466 2467 786)
4(746 787 2468 2427)
4(786 2467 2468 787)
4(747 788 2469 2428)
4(787 2468 2469 788)
4(748 789 2470 2429)
4(788 2469 2470 789)
4(749 790 2471 2430)
4(789 2470 2471 790)
4(750 791 2472 2431)
4(790 2471 2472 791)
4(751 792 2473 2432)
4(791 2472 2473 792)
4(752 793 2474 2433)
4(792 2473 2474 793)
4(753 794 2475 2434)
4(793 2474 2475 794)
4(754 795 2476 2435)
4(794 2475 2476 795)
4(755 796 2477 2436)
4(795 2476 2477 796)
4(756 797 2478 2437)
4(796 2477 2478 797)
4(757 798 2479 2438)
4(797 2478 2479 798)
4(758 799 2480 2439)
4(798 2479 2480 799)
4(759 800 2481 2440)
4(799 2480 2481 800)
4(760 801 2482 2441)
4(800 2481 2482 801)
4(761 802 2483 2442)
4(801 2482 2483 802)
4(762 803 2484 2443)
4(802 2483 2484 803)
4(763 804 2485 2444)
4(803 2484 2485 804)
4(764 805 2486 2445)
4(804 2485 2486 805)
4(765 806 2487 2446)
4(805 2486 2487 806)
4(766 807 2488 2447)
4(806 2487 2488 807)
4(767 808 2489 2448)
4(807 2488 2489 808)
4(768 809 2490 2449)
4(808 2489 2490 809)
4(769 810 2491 2450)
4(809 2490 2491 810)
4(770 811 2492 2451)
4(810 2491 2492 811)
4(771 812 2493 2452)
4(811 2492 2493 812)
4(772 813 2494 2453)
4(812 2493 2494 813)
4(773 814 2495 2454)
4(813 2494 2495 814)
4(774 815 2496 2455)
4(814 2495 2496 815)
4(775 816 2497 2456)
4(815 2496 2497 816)
4(776 817 2498 2457)
4(816 2497 2498 817)
4(777 818 2499 2458)
4(817 2498 2499 818)
4(818 2499 2500 819)
4(780 821 2502 2461)
4(820 2501 2502 821)
4(781 822 2503 2462)
4(821 2502 2503 822)
4(782 823 2504 2463)
4(822 2503 2504 823)
4(783 824 2505 2464)
4(823 2504 2505 824)
4(784 825 2506 2465)
4(824 2505 2506 825)
4(785 826 2507 2466)
4(825 2506 2507 826)
4(786 827 2508 2467)
4(826 2507 2508 827)
4(787 828 2509 2468)
4(827 2508 2509 828)
4(788 829 2510 2469)
4(828 2509 2510 829)
4(789 830 2511 2470)
4(829 2510 2511 830)
4(790 831 2512 2471)
4(830 2511 2512 831)
4(791 832 2513 2472)
4(831 2512 2513 832)
4(792 833 2514 2473)
4(832 2513 2514 833)
4(793 834 2515 2474)
4(833 2514 2515 834)
4(794 835 2516 2475)
4(834 2515 2516 835)
4(795 836 2517 2476)
4(835 2516 2517 836)
4(796 837 2518 2477)
4(836 2517 2518 837)
4(797 838 2519 2478)
4(837 2518 2519 838)
4(798 839 2520 2479)
4(838 2519 2520 839)
4(799 840 2521 2480)
4(839 2520 2521 840)
4(800 841 2522 2481)
4(840 2521 2522 841)
4(801 842 2523 2482)
4(841 2522 2523 842)
4(802 843 2524 2483)
4(842 2523 2524 843)
4(803 844 2525 2484)
4(843 2524 2525 844)
4(804 845 2526 2485)
4(844 2525 2526 845)
4(805 846 2527 2486)
4(845 2526 2527 846)
4(806 847 2528 2487)
4(846 2527 2528 847)
4(807 848 2529 2488)
4(847 2528 2529 848)
4(808 849 2530 2489)
4(848 2529 2530 849)
4(809 850 2531 2490)
4(849 2530 2531 850)
4(810 851 2532 2491)
4(850 2531 2532 851)
4(811 852 2533 2492)
4(851 2532 2533 852)
4(812 853 2534 2493)
4(852 2533 2534 853)
4(813 854 2535 2494)
4(853 2534 2535 854)
4(814 855 2536 2495)
4(854 2535 2536 855)
4(815 856 2537 2496)
4(855 2536 2537 856)
4(816 857 2538 2497)
4(856 2537 2538 857)
4(817 858 2539 2498)
4(857 2538 2539 858)
4(818 859 2540 2499)
4(858 2539 2540 859)
4(859 2540 2541 860)
4(821 862 2543 2502)
4(861 2542 2543 862)
4(822 863 2544 2503)
4(862 2543 2544 863)
4(823 864 2545 2504)
4(863 2544 2545 864)
4(824 865 2546 2505)
4(864 2545 2546 865)
4(825 866 2547 2506)
4(865 2546 2547 866)
4(826 867 2548 2507)
4(866 2547 2548 867)
4(827 868 2549 2508)
4(867 2548 2549 868)
4(828 869 2550 2509)
4(868 2549 2550 869)
4(829 870 2551 2510)
4(869 2550 2551 870)
4(830 871 2552 2511)
4(870 2551 2552 871)
4(831 872 2553 2512)
4(871 2552 2553 872)
4(832 873 2554 2513)
4(872 2553 2554 873)
4(833 874 2555 2514)
4(873 2554 2555 874)
4(834 875 2556 2515)
4(874 2555 2556 875)
4(835 876 2557 2516)
4(875 2556 2557 876)
4(836 877 2558 2517)
4(876 2557 2558 877)
4(837 878 2559 2518)
4(877 2558 2559 878)
4(838 879 2560 2519)
4(878 2559 2560 879)
4(839 880 2561 2520)
4(879 2560 2561 880)
4(840 881 2562 2521)
4(880 2561 2562 881)
4(841 882 2563 2522)
4(881 2562 2563 882)
4(842 883 2564 2523)
4(882 2563 2564 883)
4(843 884 2565 2524)
4(883 2564 2565 884)
4(844 885 2566 2525)
4(884 2565 2566 885)
4(845 886 2567 2526)
4(885 2566 2567 886)
4(846 887 2568 2527)
4(886 2567 2568 887)
4(847 888 2569 2528)
4(887 2568 2569 888)
4(848 889 2570 2529)
4(888 2569 2570 889)
4(849 890 2571 2530)
4(889 2570 2571 890)
4(850 891 2572 2531)
4(890 2571 2572 891)
4(851 892 2573 2532)
4(891 2572 2573 892)
4(852 893 2574 2533)
4(892 2573 2574 893)
4(853 894 2575 2534)
4(893 2574 2575 894)
4(854 895 2576 2535)
4(894 2575 2576 895)
4(855 896 2577 2536)
4(895 2576 2577 896)
4(856 897 2578 2537)
4(896 2577 2578 897)
4(857 898 2579 2538)
4(897 2578 2579 898)
4(858 899 2580 2539)
4(898 2579 2580 899)
4(859 900 2581 2540)
4(899 2580 2581 900)
4(900 2581 2582 901)
4(862 903 2584 2543)
4(902 2583 2584 903)
4(863 904 2585 2544)
4(903 2584 2585 904)
4(864 905 2586 2545)
4(904 2585 2586 905)
4(865 906 2587 2546)
4(905 2586 2587 906)
4(866 907 2588 2547)
4(906 2587 2588 907)
4(867 908 2589 2548)
4(907 2588 2589 908)
4(868 909 2590 2549)
4(908 2589 2590 909)
4(869 910 2591 2550)
4(909 2590 2591 910)
4(870 911 2592 2551)
4(910 2591 2592 911)
4(871 912 2593 2552)
4(911 2592 2593 912)
4(872 913 2594 2553)
4(912 2593 2594 913)
4(873 914 2595 2554)
4(913 2594 2595 914)
4(874 915 2596 2555)
4(914 2595 2596 915)
4(875 916 2597 2556)
4(915 2596 2597 916)
4(876 917 2598 2557)
4(916 2597 2598 917)
4(877 918 2599 2558)
4(917 2598 2599 918)
4(878 919 2600 2559)
4(918 2599 2600 919)
4(879 920 2601 2560)
4(919 2600 2601 920)
4(880 921 2602 2561)
4(920 2601 2602 921)
4(881 922 2603 2562)
4(921 2602 2603 922)
4(882 923 2604 2563)
4(922 2603 2604 923)
4(883 924 2605 2564)
4(923 2604 2605 924)
4(884 925 2606 2565)
4(924 2605 2606 925)
4(885 926 2607 2566)
4(925 2606 2607 926)
4(886 927 2608 2567)
4(926 2607 2608 927)
4(887 928 2609 2568)
4(927 2608 2609 928)
4(888 929 2610 2569)
4(928 2609 2610 929)
4(889 930 2611 2570)
4(929 2610 2611 930)
4(890 931 2612 2571)
4(930 2611 2612 931)
4(891 932 2613 2572)
4(931 2612 2613 932)
4(892 933 2614 2573)
4(932 2613 2614 933)
4(893 934 2615 2574)
4(933 2614 2615 934)
4(894 935 2616 2575)
4(934 2615 2616 935)
4(895 936 2617 2576)
4(935 2616 2617 936)
4(896 937 2618 2577)
4(936 2617 2618 937)
4(897 938 2619 2578)
4(937 2618 2619 938)
4(898 939 2620 2579)
4(938 2619 2620 939)
4(899 940 2621 2580)
4(939 2620 2621 940)
4(900 941 2622 2581)
4(940 2621 2622 941)
4(941 2622 2623 942)
4(903 944 2625 2584)
4(943 2624 2625 944)
4(904 945 2626 2585)
4(944 2625 2626 945)
4(905 946 2627 2586)
4(945 2626 2627 946)
4(906 947 2628 2587)
4(946 2627 2628 947)
4(907 948 2629 2588)
4(947 2628 2629 948)
4(908 949 2630 2589)
4(948 2629 2630 949)
4(909 950 2631 2590)
4(949 2630 2631 950)
4(910 951 2632 2591)
4(950 2631 2632 951)
4(911 952 2633 2592)
4(951 2632 2633 952)
4(912 953 2634 2593)
4(952 2633 2634 953)
4(913 954 2635 2594)
4(953 2634 2635 954)
4(914 955 2636 2595)
4(954 2635 2636 955)
4(915 956 2637 2596)
4(955 2636 2637 956)
4(916 957 2638 2597)
4(956 2637 2638 957)
4(917 958 2639 2598)
4(957 2638 2639 958)
4(918 959 2640 2599)
4(958 2639 2640 959)
4(919 960 2641 2600)
4(959 2640 2641 960)
4(920 961 2642 2601)
4(960 2641 2642 961)
4(921 962 2643 2602)
4(961 2642 2643 962)
4(922 963 2644 2603)
4(962 2643 2644 963)
4(923 964 2645 2604)
4(963 2644 2645 964)
4(924 965 2646 2605)
4(964 2645 2646 965)
4(925 966 2647 2606)
4(965 2646 2647 966)
4(926 967 2648 2607)
4(966 2647 2648 967)
4(927 968 2649 2608)
4(967 2648 2649 968)
4(928 969 2650 2609)
4(968 2649 2650 969)
4(929 970 2651 2610)
4(969 2650 2651 970)
4(930 971 2652 2611)
4(970 2651 2652 971)
4(931 972 2653 2612)
4(971 2652 2653 972)
4(932 973 2654 2613)
4(972 2653 2654 973)
4(933 974 2655 2614)
4(973 2654 2655 974)
4(934 975 2656 2615)
4(974 2655 2656 975)
4(935 976 2657 2616)
4(975 2656 2657 976)
4(936 977 2658 2617)
4(976 2657 2658 977)
4(937 978 2659 2618)
4(977 2658 2659 978)
4(938 979 2660 2619)
4(978 2659 2660 979)
4(939 980 2661 2620)
4(979 2660 2661 980)
4(940 981 2662 2621)
4(980 2661 2662 981)
4(941 982 2663 2622)
4(981 2662 2663 982)
4(982 2663 2664 983)
4(944 985 2666 2625)
4(984 2665 2666 985)
4(945 986 2667 2626)
4(985 2666 2667 986)
4(946 987 2668 2627)
4(986 2667 2668 987)
4(947 988 2669 2628)
4(987 2668 2669 988)
4(948 989 2670 2629)
4(988 2669 2670 989)
4(949 990 2671 2630)
4(989 2670 2671 990)
4(950 991 2672 2631)
4(990 2671 2672 991)
4(951 992 2673 2632)
4(991 2672 2673 992)
4(952 993 2674 2633)
4(992 2673 2674 993)
4(953 994 2675 2634)
4(993 2674 2675 994)
4(954 995 2676 2635)
4(994 2675 2676 995)
4(955 996 2677 2636)
4(995 2676 2677 996)
4(956 997 2678 2637)
4(996 2677 2678 997)
4(957 998 2679 2638)
4(997 2678 2679 998)
4(958 999 2680 2639)
4(998 2679 2680 999)
4(959 1000 2681 2640)
4(999 2680 2681 1000)
4(960 1001 2682 2641)
4(1000 2681 2682 1001)
4(961 1002 2683 2642)
4(1001 2682 2683 1002)
4(962 1003 2684 2643)
4(1002 2683 2684 1003)
4(963 1004 2685 2644)
4(1003 2684 2685 1004)
4(964 1005 2686 2645)
4(1004 2685 2686 1005)
4(965 1006 2687 2646)
4(1005 2686 2687 1006)
4(966 1007 2688 2647)
4(1006 2687 2688 1007)
4(967 1008 2689 2648)
4(1007 2688 2689 1008)
4(968 1009 2690 2649)
4(1008 2689 2690 1009)
4(969 1010 2691 2650)
4(1009 2690 2691 1010)
4(970 1011 2692 2651)
4(1010 2691 2692 1011)
4(971 1012 2693 2652)
4(1011 2692 2693 1012)
4(972 1013 2694 2653)
4(1012 2693 2694 1013)
4(973 1014 2695 2654)
4(1013 2694 2695 1014)
4(974 1015 2696 2655)
4(1014 2695 2696 1015)
4(975 1016 2697 2656)
4(1015 2696 2697 1016)
4(976 1017 2698 2657)
4(1016 2697 2698 1017)
4(977 1018 2699 2658)
4(1017 2698 2699 1018)
4(978 1019 2700 2659)
4(1018 2699 2700 1019)
4(979 1020 2701 2660)
4(1019 2700 2701 1020)
4(980 1021 2702 2661)
4(1020 2701 2702 1021)
4(981 1022 2703 2662)
4(1021 2702 2703 1022)
4(982 1023 2704 2663)
4(1022 2703 2704 1023)
4(1023 2704 2705 1024)
4(985 1026 2707 2666)
4(1025 2706 2707 1026)
4(986 1027 2708 2667)
4(1026 2707 2708 1027)
4(987 1028 2709 2668)
4(1027 2708 2709 1028)
4(988 1029 2710 2669)
4(1028 2709 2710 1029)
4(989 1030 2711 2670)
4(1029 2710 2711 1030)
4(990 1031 2712 2671)
4(1030 2711 2712 1031)
4(991 1032 2713 2672)
4(1031 2712 2713 1032)
4(992 1033 2714 2673)
4(1032 2713 2714 1033)
4(993 1034 2715 2674)
4(1033 2714 2715 1034)
4(994 1035 2716 2675)
4(1034 2715 2716 1035)
4(995 1036 2717 2676)
4(1035 2716 2717 1036)
4(996 1037 2718 2677)
4(1036 2717 2718 1037)
4(997 1038 2719 2678)
4(1037 2718 2719 1038)
4(998 1039 2720 2679)
4(1038 2719 2720 1039)
4(999 1040 2721 2680)
4(1039 2720 2721 1040)
4(1000 1041 2722 2681)
4(1040 2721 2722 1041)
4(1001 1042 2723 2682)
4(1041 2722 2723 1042)
4(1002 1043 2724 2683)
4(1042 2723 2724 1043)
4(1003 1044 2725 2684)
4(1043 2724 2725 1044)
4(1004 1045 2726 2685)
4(1044 2725 2726 1045)
4(1005 1046 2727 2686)
4(1045 2726 2727 1046)
4(1006 1047 2728 2687)
4(1046 2727 2728 1047)
4(1007 1048 2729 2688)
4(1047 2728 2729 1048)
4(1008 1049 2730 2689)
4(1048 2729 2730 1049)
4(1009 1050 2731 2690)
4(1049 2730 2731 1050)
4(1010 1051 2732 2691)
4(1050 2731 2732 1051)
4(1011 1052 2733 2692)
4(1051 2732 2733 1052)
4(1012 1053 2734 2693)
4(1052 2733 2734 1053)
4(1013 1054 2735 2694)
4(1053 2734 2735 1054)
4(1014 1055 2736 2695)
4(1054 2735 2736 1055)
4(1015 1056 2737 2696)
4(1055 2736 2737 1056)
4(1016 1057 2738 2697)
4(1056 2737 2738 1057)
4(1017 1058 2739 2698)
4(1057 2738 2739 1058)
4(1018 1059 2740 2699)
4(1058 2739 2740 1059)
4(1019 1060 2741 2700)
4(1059 2740 2741 1060)
4(1020 1061 2742 2701)
4(1060 2741 2742 1061)
4(1021 1062 2743 2702)
4(1061 2742 2743 1062)
4(1022 1063 2744 2703)
4(1062 2743 2744 1063)
4(1023 1064 2745 2704)
4(1063 2744 2745 1064)
4(1064 2745 2746 1065)
4(1026 1067 2748 2707)
4(1066 2747 2748 1067)
4(1027 1068 2749 2708)
4(1067 2748 2749 1068)
4(1028 1069 2750 2709)
4(1068 2749 2750 1069)
4(1029 1070 2751 2710)
4(1069 2750 2751 1070)
4(1030 1071 2752 2711)
4(1070 2751 2752 1071)
4(1031 1072 2753 2712)
4(1071 2752 2753 1072)
4(1032 1073 2754 2713)
4(1072 2753 2754 1073)
4(1033 1074 2755 2714)
4(1073 2754 2755 1074)
4(1034 1075 2756 2715)
4(1074 2755 2756 1075)
4(1035 1076 2757 2716)
4(1075 2756 2757 1076)
4(1036 1077 2758 2717)
4(1076 2757 2758 1077)
4(1037 1078 2759 2718)
4(1077 2758 2759 1078)
4(1038 1079 2760 2719)
4(1078 2759 2760 1079)
4(1039 1080 2761 2720)
4(1079 2760 2761 1080)
4(1040 1081 2762 2721)
4(1080 2761 2762 1081)
4(1041 1082 2763 2722)
4(1081 2762 2763 1082)
4(1042 1083 2764 2723)
4(1082 2763 2764 1083)
4(1043 1084 2765 2724)
4(1083 2764 2765 1084)
4(1044 1085 2766 2725)
4(1084 2765 2766 1085)
4(1045 1086 2767 2726)
4(1085 2766 2767 1086)
4(1046 1087 2768 2727)
4(1086 2767 2768 1087)
4(1047 1088 2769 2728)
4(1087 2768 2769 1088)
4(1048 1089 2770 2729)
4(1088 2769 2770 1089)
4(1049 1090 2771 2730)
4(1089 2770 2771 1090)
4(1050 1091 2772 2731)
4(1090 2771 2772 1091)
4(1051 1092 2773 2732)
4(1091 2772 2773 1092)
4(1052 1093 2774 2733)
4(1092 2773 2774 1093)
4(1053 1094 2775 2734)
4(1093 2774 2775 1094)
4(1054 1095 2776 2735)
4(1094 2775 2776 1095)
4(1055 1096 2777 2736)
4(1095 2776 2777 1096)
4(1056 1097 2778 2737)
4(1096 2777 2778 1097)
4(1057 1098 2779 2738)
4(1097 2778 2779 1098)
4(1058 1099 2780 2739)
4(1098 2779 2780 1099)
4(1059 1100 2781 2740)
4(1099 2780 2781 1100)
4(1060 1101 2782 2741)
4(1100 2781 2782 1101)
4(1061 1102 2783 2742)
4(1101 2782 2783 1102)
4(1062 1103 2784 2743)
4(1102 2783 2784 1103)
4(1063 1104 2785 2744)
4(1103 2784 2785 1104)
4(1064 1105 2786 2745)
4(1104 2785 2786 1105)
4(3563 2787 1106 3362)
4(3362 1105 2786 3563)
4(1067 1108 2789 2748)
4(1107 2788 2789 1108)
4(1068 1109 2790 2749)
4(1108 2789 2790 1109)
4(1069 1110 2791 2750)
4(1109 2790 2791 1110)
4(1070 1111 2792 2751)
4(1110 2791 2792 1111)
4(1071 1112 2793 2752)
4(1111 2792 2793 1112)
4(1072 1113 2794 2753)
4(1112 2793 2794 1113)
4(1073 1114 2795 2754)
4(1113 2794 2795 1114)
4(1074 1115 2796 2755)
4(1114 2795 2796 1115)
4(1075 1116 2797 2756)
4(1115 2796 2797 1116)
4(1076 1117 2798 2757)
4(1116 2797 2798 1117)
4(1077 1118 2799 2758)
4(1117 2798 2799 1118)
4(1078 1119 2800 2759)
4(1118 2799 2800 1119)
4(1079 1120 2801 2760)
4(1119 2800 2801 1120)
4(1080 1121 2802 2761)
4(1120 2801 2802 1121)
4(1081 1122 2803 2762)
4(1121 2802 2803 1122)
4(1082 1123 2804 2763)
4(1122 2803 2804 1123)
4(1083 1124 2805 2764)
4(1123 2804 2805 1124)
4(1084 1125 2806 2765)
4(1124 2805 2806 1125)
4(1085 1126 2807 2766)
4(1125 2806 2807 1126)
4(1086 1127 2808 2767)
4(1126 2807 2808 1127)
4(1087 1128 2809 2768)
4(1127 2808 2809 1128)
4(1088 1129 2810 2769)
4(1128 2809 2810 1129)
4(1089 1130 2811 2770)
4(1129 2810 2811 1130)
4(1090 1131 2812 2771)
4(1130 2811 2812 1131)
4(1091 1132 2813 2772)
4(1131 2812 2813 1132)
4(1092 1133 2814 2773)
4(1132 2813 2814 1133)
4(1093 1134 2815 2774)
4(1133 2814 2815 1134)
4(1094 1135 2816 2775)
4(1134 2815 2816 1135)
4(1095 1136 2817 2776)
4(1135 2816 2817 1136)
4(1096 1137 2818 2777)
4(1136 2817 2818 1137)
4(1097 1138 2819 2778)
4(1137 2818 2819 1138)
4(1098 1139 2820 2779)
4(1138 2819 2820 1139)
4(1099 1140 2821 2780)
4(1139 2820 2821 1140)
4(1100 1141 2822 2781)
4(1140 2821 2822 1141)
4(1101 1142 2823 2782)
4(1141 2822 2823 1142)
4(1102 1143 2824 2783)
4(1142 2823 2824 1143)
4(1103 1144 2825 2784)
4(1143 2824 2825 1144)
4(1104 1145 2826 2785)
4(1144 2825 2826 1145)
4(3764 1146 2827 3947)
4(3564 2827 1146 3363)
4(3947 2786 1105 3764)
4(3363 1145 2826 3564)
4(3364 1146 2827 3565)
4(4290 3947 3764 4130)
4(4130 3364 3565 4290)
4(1108 1149 2830 2789)
4(1148 2829 2830 1149)
4(1109 1150 2831 2790)
4(1149 2830 2831 1150)
4(1110 1151 2832 2791)
4(1150 2831 2832 1151)
4(1111 1152 2833 2792)
4(1151 2832 2833 1152)
4(1112 1153 2834 2793)
4(1152 2833 2834 1153)
4(1113 1154 2835 2794)
4(1153 2834 2835 1154)
4(1114 1155 2836 2795)
4(1154 2835 2836 1155)
4(1115 1156 2837 2796)
4(1155 2836 2837 1156)
4(1116 1157 2838 2797)
4(1156 2837 2838 1157)
4(1117 1158 2839 2798)
4(1157 2838 2839 1158)
4(1118 1159 2840 2799)
4(1158 2839 2840 1159)
4(1119 1160 2841 2800)
4(1159 2840 2841 1160)
4(1120 1161 2842 2801)
4(1160 2841 2842 1161)
4(1121 1162 2843 2802)
4(1161 2842 2843 1162)
4(1122 1163 2844 2803)
4(1162 2843 2844 1163)
4(1123 1164 2845 2804)
4(1163 2844 2845 1164)
4(1124 1165 2846 2805)
4(1164 2845 2846 1165)
4(1125 1166 2847 2806)
4(1165 2846 2847 1166)
4(1126 1167 2848 2807)
4(1166 2847 2848 1167)
4(1127 1168 2849 2808)
4(1167 2848 2849 1168)
4(1128 1169 2850 2809)
4(1168 2849 2850 1169)
4(1129 1170 2851 2810)
4(1169 2850 2851 1170)
4(1130 1171 2852 2811)
4(1170 2851 2852 1171)
4(1131 1172 2853 2812)
4(1171 2852 2853 1172)
4(1132 1173 2854 2813)
4(1172 2853 2854 1173)
4(1133 1174 2855 2814)
4(1173 2854 2855 1174)
4(1134 1175 2856 2815)
4(1174 2855 2856 1175)
4(1135 1176 2857 2816)
4(1175 2856 2857 1176)
4(1136 1177 2858 2817)
4(1176 2857 2858 1177)
4(1137 1178 2859 2818)
4(1177 2858 2859 1178)
4(1138 1179 2860 2819)
4(1178 2859 2860 1179)
4(1139 1180 2861 2820)
4(1179 2860 2861 1180)
4(1140 1181 2862 2821)
4(1180 2861 2862 1181)
4(1141 1182 2863 2822)
4(1181 2862 2863 1182)
4(1142 1183 2864 2823)
4(1182 2863 2864 1183)
4(1143 1184 2865 2824)
4(1183 2864 2865 1184)
4(1144 1185 2866 2825)
4(1184 2865 2866 1185)
4(3766 1186 2867 3949)
4(1185 2866 2867 1186)
4(3949 2826 1145 3766)
4(4291 3949 3766 4131)
4(3365 1186 2867 3566)
4(4131 3365 3566 4291)
4(3767 1146 2827 3950)
4(4292 3565 3364 4132)
4(3950 4292 4132 3767)
4(1149 1190 2871 2830)
4(1189 2870 2871 1190)
4(1150 1191 2872 2831)
4(1190 2871 2872 1191)
4(1151 1192 2873 2832)
4(1191 2872 2873 1192)
4(1152 1193 2874 2833)
4(1192 2873 2874 1193)
4(1153 1194 2875 2834)
4(1193 2874 2875 1194)
4(1154 1195 2876 2835)
4(1194 2875 2876 1195)
4(1155 1196 2877 2836)
4(1195 2876 2877 1196)
4(1156 1197 2878 2837)
4(1196 2877 2878 1197)
4(1157 1198 2879 2838)
4(1197 2878 2879 1198)
4(1158 1199 2880 2839)
4(1198 2879 2880 1199)
4(1159 1200 2881 2840)
4(1199 2880 2881 1200)
4(1160 1201 2882 2841)
4(1200 2881 2882 1201)
4(1161 1202 2883 2842)
4(1201 2882 2883 1202)
4(1162 1203 2884 2843)
4(1202 2883 2884 1203)
4(1163 1204 2885 2844)
4(1203 2884 2885 1204)
4(1164 1205 2886 2845)
4(1204 2885 2886 1205)
4(1165 1206 2887 2846)
4(1205 2886 2887 1206)
4(1166 1207 2888 2847)
4(1206 2887 2888 1207)
4(1167 1208 2889 2848)
4(1207 2888 2889 1208)
4(1168 1209 2890 2849)
4(1208 2889 2890 1209)
4(1169 1210 2891 2850)
4(1209 2890 2891 1210)
4(1170 1211 2892 2851)
4(1210 2891 2892 1211)
4(1171 1212 2893 2852)
4(1211 2892 2893 1212)
4(1172 1213 2894 2853)
4(1212 2893 2894 1213)
4(1173 1214 2895 2854)
4(1213 2894 2895 1214)
4(1174 1215 2896 2855)
4(1214 2895 2896 1215)
4(1175 1216 2897 2856)
4(1215 2896 2897 1216)
4(1176 1217 2898 2857)
4(1216 2897 2898 1217)
4(1177 1218 2899 2858)
4(1217 2898 2899 1218)
4(1178 1219 2900 2859)
4(1218 2899 2900 1219)
4(1179 1220 2901 2860)
4(1219 2900 2901 1220)
4(1180 1221 2902 2861)
4(1220 2901 2902 1221)
4(1181 1222 2903 2862)
4(1221 2902 2903 1222)
4(1182 1223 2904 2863)
4(1222 2903 2904 1223)
4(1183 1224 2905 2864)
4(1223 2904 2905 1224)
4(1184 1225 2906 2865)
4(1224 2905 2906 1225)
4(1185 1226 2907 2866)
4(1225 2906 2907 1226)
4(3769 1227 2908 3952)
4(1226 2907 2908 1227)
4(3952 2867 1186 3769)
4(4293 3952 3769 4133)
4(3367 1227 2908 3568)
4(4133 3367 3568 4293)
4(3770 1187 2868 3953)
4(4294 3567 3366 4134)
4(3366 3567 2868 1187)
4(3953 4294 4134 3770)
4(1190 1231 2912 2871)
4(1230 2911 2912 1231)
4(1191 1232 2913 2872)
4(1231 2912 2913 1232)
4(1192 1233 2914 2873)
4(1232 2913 2914 1233)
4(1193 1234 2915 2874)
4(1233 2914 2915 1234)
4(1194 1235 2916 2875)
4(1234 2915 2916 1235)
4(1195 1236 2917 2876)
4(1235 2916 2917 1236)
4(1196 1237 2918 2877)
4(1236 2917 2918 1237)
4(1197 1238 2919 2878)
4(1237 2918 2919 1238)
4(1198 1239 2920 2879)
4(1238 2919 2920 1239)
4(1199 1240 2921 2880)
4(1239 2920 2921 1240)
4(1200 1241 2922 2881)
4(1240 2921 2922 1241)
4(1201 1242 2923 2882)
4(1241 2922 2923 1242)
4(1202 1243 2924 2883)
4(1242 2923 2924 1243)
4(1203 1244 2925 2884)
4(1243 2924 2925 1244)
4(1204 1245 2926 2885)
4(1244 2925 2926 1245)
4(1205 1246 2927 2886)
4(1245 2926 2927 1246)
4(1206 1247 2928 2887)
4(1246 2927 2928 1247)
4(1207 1248 2929 2888)
4(1247 2928 2929 1248)
4(1208 1249 2930 2889)
4(1248 2929 2930 1249)
4(1209 1250 2931 2890)
4(1249 2930 2931 1250)
4(1210 1251 2932 2891)
4(1250 2931 2932 1251)
4(1211 1252 2933 2892)
4(1251 2932 2933 1252)
4(1212 1253 2934 2893)
4(1252 2933 2934 1253)
4(1213 1254 2935 2894)
4(1253 2934 2935 1254)
4(1214 1255 2936 2895)
4(1254 2935 2936 1255)
4(1215 1256 2937 2896)
4(1255 2936 2937 1256)
4(1216 1257 2938 2897)
4(1256 2937 2938 1257)
4(1217 1258 2939 2898)
4(1257 2938 2939 1258)
4(1218 1259 2940 2899)
4(1258 2939 2940 1259)
4(1219 1260 2941 2900)
4(1259 2940 2941 1260)
4(1220 1261 2942 2901)
4(1260 2941 2942 1261)
4(1221 1262 2943 2902)
4(1261 2942 2943 1262)
4(1222 1263 2944 2903)
4(1262 2943 2944 1263)
4(1223 1264 2945 2904)
4(1263 2944 2945 1264)
4(1224 1265 2946 2905)
4(1264 2945 2946 1265)
4(1225 1266 2947 2906)
4(1265 2946 2947 1266)
4(1226 1267 2948 2907)
4(1266 2947 2948 1267)
4(3772 1268 2949 3955)
4(1267 2948 2949 1268)
4(3955 2908 1227 3772)
4(4295 3955 3772 4135)
4(3369 1268 2949 3570)
4(4135 3369 3570 4295)
4(3773 1228 2909 3956)
4(4296 3569 3368 4136)
4(3368 3569 2909 1228)
4(3956 4296 4136 3773)
4(1231 1272 2953 2912)
4(1271 2952 2953 1272)
4(1232 1273 2954 2913)
4(1272 2953 2954 1273)
4(1233 1274 2955 2914)
4(1273 2954 2955 1274)
4(1234 1275 2956 2915)
4(1274 2955 2956 1275)
4(1235 1276 2957 2916)
4(1275 2956 2957 1276)
4(1236 1277 2958 2917)
4(1276 2957 2958 1277)
4(1237 1278 2959 2918)
4(1277 2958 2959 1278)
4(1238 1279 2960 2919)
4(1278 2959 2960 1279)
4(1239 1280 2961 2920)
4(1279 2960 2961 1280)
4(1240 1281 2962 2921)
4(1280 2961 2962 1281)
4(1241 1282 2963 2922)
4(1281 2962 2963 1282)
4(1242 1283 2964 2923)
4(1282 2963 2964 1283)
4(1243 1284 2965 2924)
4(1283 2964 2965 1284)
4(1244 1285 2966 2925)
4(1284 2965 2966 1285)
4(1245 1286 2967 2926)
4(1285 2966 2967 1286)
4(1246 1287 2968 2927)
4(1286 2967 2968 1287)
4(1247 1288 2969 2928)
4(1287 2968 2969 1288)
4(1248 1289 2970 2929)
4(1288 2969 2970 1289)
4(1249 1290 2971 2930)
4(1289 2970 2971 1290)
4(1250 1291 2972 2931)
4(1290 2971 2972 1291)
4(1251 1292 2973 2932)
4(1291 2972 2973 1292)
4(1252 1293 2974 2933)
4(1292 2973 2974 1293)
4(1253 1294 2975 2934)
4(1293 2974 2975 1294)
4(1254 1295 2976 2935)
4(1294 2975 2976 1295)
4(1255 1296 2977 2936)
4(1295 2976 2977 1296)
4(1256 1297 2978 2937)
4(1296 2977 2978 1297)
4(1257 1298 2979 2938)
4(1297 2978 2979 1298)
4(1258 1299 2980 2939)
4(1298 2979 2980 1299)
4(1259 1300 2981 2940)
4(1299 2980 2981 1300)
4(1260 1301 2982 2941)
4(1300 2981 2982 1301)
4(1261 1302 2983 2942)
4(1301 2982 2983 1302)
4(1262 1303 2984 2943)
4(1302 2983 2984 1303)
4(1263 1304 2985 2944)
4(1303 2984 2985 1304)
4(1264 1305 2986 2945)
4(1304 2985 2986 1305)
4(1265 1306 2987 2946)
4(1305 2986 2987 1306)
4(1266 1307 2988 2947)
4(1306 2987 2988 1307)
4(1267 1308 2989 2948)
4(1307 2988 2989 1308)
4(3775 1309 2990 3958)
4(1308 2989 2990 1309)
4(3958 2949 1268 3775)
4(4297 3958 3775 4137)
4(3371 1309 2990 3572)
4(4137 3371 3572 4297)
4(3776 1269 2950 3959)
4(4298 3571 3370 4138)
4(3370 3571 2950 1269)
4(3959 4298 4138 3776)
4(1272 1313 2994 2953)
4(1312 2993 2994 1313)
4(1273 1314 2995 2954)
4(1313 2994 2995 1314)
4(1274 1315 2996 2955)
4(1314 2995 2996 1315)
4(1275 1316 2997 2956)
4(1315 2996 2997 1316)
4(1276 1317 2998 2957)
4(1316 2997 2998 1317)
4(1277 1318 2999 2958)
4(1317 2998 2999 1318)
4(1278 1319 3000 2959)
4(1318 2999 3000 1319)
4(1279 1320 3001 2960)
4(1319 3000 3001 1320)
4(1280 1321 3002 2961)
4(1320 3001 3002 1321)
4(1281 1322 3003 2962)
4(1321 3002 3003 1322)
4(1282 1323 3004 2963)
4(1322 3003 3004 1323)
4(1283 1324 3005 2964)
4(1323 3004 3005 1324)
4(1284 1325 3006 2965)
4(1324 3005 3006 1325)
4(1285 1326 3007 2966)
4(1325 3006 3007 1326)
4(1286 1327 3008 2967)
4(1326 3007 3008 1327)
4(1287 1328 3009 2968)
4(1327 3008 3009 1328)
4(1288 1329 3010 2969)
4(1328 3009 3010 1329)
4(1289 1330 3011 2970)
4(1329 3010 3011 1330)
4(1290 1331 3012 2971)
4(1330 3011 3012 1331)
4(1291 1332 3013 2972)
4(1331 3012 3013 1332)
4(1292 1333 3014 2973)
4(1332 3013 3014 1333)
4(1293 1334 3015 2974)
4(1333 3014 3015 1334)
4(1294 1335 3016 2975)
4(1334 3015 3016 1335)
4(1295 1336 3017 2976)
4(1335 3016 3017 1336)
4(1296 1337 3018 2977)
4(1336 3017 3018 1337)
4(1297 1338 3019 2978)
4(1337 3018 3019 1338)
4(1298 1339 3020 2979)
4(1338 3019 3020 1339)
4(1299 1340 3021 2980)
4(1339 3020 3021 1340)
4(1300 1341 3022 2981)
4(1340 3021 3022 1341)
4(1301 1342 3023 2982)
4(1341 3022 3023 1342)
4(1302 1343 3024 2983)
4(1342 3023 3024 1343)
4(1303 1344 3025 2984)
4(1343 3024 3025 1344)
4(1304 1345 3026 2985)
4(1344 3025 3026 1345)
4(1305 1346 3027 2986)
4(1345 3026 3027 1346)
4(1306 1347 3028 2987)
4(1346 3027 3028 1347)
4(1307 1348 3029 2988)
4(1347 3028 3029 1348)
4(1308 1349 3030 2989)
4(1348 3029 3030 1349)
4(3778 1350 3031 3961)
4(1349 3030 3031 1350)
4(3961 2990 1309 3778)
4(4299 3961 3778 4139)
4(3373 1350 3031 3574)
4(4139 3373 3574 4299)
4(3779 1310 2991 3962)
4(4300 3573 3372 4140)
4(3372 3573 2991 1310)
4(3962 4300 4140 3779)
4(1313 1354 3035 2994)
4(1353 3034 3035 1354)
4(1314 1355 3036 2995)
4(1354 3035 3036 1355)
4(1315 1356 3037 2996)
4(1355 3036 3037 1356)
4(1316 1357 3038 2997)
4(1356 3037 3038 1357)
4(1317 1358 3039 2998)
4(1357 3038 3039 1358)
4(1318 1359 3040 2999)
4(1358 3039 3040 1359)
4(1319 1360 3041 3000)
4(1359 3040 3041 1360)
4(1320 1361 3042 3001)
4(1360 3041 3042 1361)
4(1321 1362 3043 3002)
4(1361 3042 3043 1362)
4(1322 1363 3044 3003)
4(1362 3043 3044 1363)
4(1323 1364 3045 3004)
4(1363 3044 3045 1364)
4(1324 1365 3046 3005)
4(1364 3045 3046 1365)
4(1325 1366 3047 3006)
4(1365 3046 3047 1366)
4(1326 1367 3048 3007)
4(1366 3047 3048 1367)
4(1327 1368 3049 3008)
4(1367 3048 3049 1368)
4(1328 1369 3050 3009)
4(1368 3049 3050 1369)
4(1329 1370 3051 3010)
4(1369 3050 3051 1370)
4(1330 1371 3052 3011)
4(1370 3051 3052 1371)
4(1331 1372 3053 3012)
4(1371 3052 3053 1372)
4(1332 1373 3054 3013)
4(1372 3053 3054 1373)
4(1333 1374 3055 3014)
4(1373 3054 3055 1374)
4(1334 1375 3056 3015)
4(1374 3055 3056 1375)
4(1335 1376 3057 3016)
4(1375 3056 3057 1376)
4(1336 1377 3058 3017)
4(1376 3057 3058 1377)
4(1337 1378 3059 3018)
4(1377 3058 3059 1378)
4(1338 1379 3060 3019)
4(1378 3059 3060 1379)
4(1339 1380 3061 3020)
4(1379 3060 3061 1380)
4(1340 1381 3062 3021)
4(1380 3061 3062 1381)
4(1341 1382 3063 3022)
4(1381 3062 3063 1382)
4(1342 1383 3064 3023)
4(1382 3063 3064 1383)
4(1343 1384 3065 3024)
4(1383 3064 3065 1384)
4(1344 1385 3066 3025)
4(1384 3065 3066 1385)
4(1345 1386 3067 3026)
4(1385 3066 3067 1386)
4(1346 1387 3068 3027)
4(1386 3067 3068 1387)
4(1347 1388 3069 3028)
4(1387 3068 3069 1388)
4(1348 1389 3070 3029)
4(1388 3069 3070 1389)
4(1349 1390 3071 3030)
4(1389 3070 3071 1390)
4(3781 1391 3072 3964)
4(1390 3071 3072 1391)
4(3964 3031 1350 3781)
4(4301 3964 3781 4141)
4(3375 1391 3072 3576)
4(4141 3375 3576 4301)
4(3782 1351 3032 3965)
4(4302 3575 3374 4142)
4(3374 3575 3032 1351)
4(3965 4302 4142 3782)
4(1354 1395 3076 3035)
4(3578 3076 1395 3377)
4(3377 1394 3075 3578)
4(1355 1396 3077 3036)
4(1395 3076 3077 1396)
4(1356 1397 3078 3037)
4(1396 3077 3078 1397)
4(1357 1398 3079 3038)
4(1397 3078 3079 1398)
4(1358 1399 3080 3039)
4(1398 3079 3080 1399)
4(1359 1400 3081 3040)
4(1399 3080 3081 1400)
4(1360 1401 3082 3041)
4(1400 3081 3082 1401)
4(1361 1402 3083 3042)
4(1401 3082 3083 1402)
4(1362 1403 3084 3043)
4(1402 3083 3084 1403)
4(1363 1404 3085 3044)
4(1403 3084 3085 1404)
4(1364 1405 3086 3045)
4(1404 3085 3086 1405)
4(1365 1406 3087 3046)
4(1405 3086 3087 1406)
4(1366 1407 3088 3047)
4(1406 3087 3088 1407)
4(1367 1408 3089 3048)
4(1407 3088 3089 1408)
4(1368 1409 3090 3049)
4(1408 3089 3090 1409)
4(1369 1410 3091 3050)
4(1409 3090 3091 1410)
4(1370 1411 3092 3051)
4(1410 3091 3092 1411)
4(1371 1412 3093 3052)
4(1411 3092 3093 1412)
4(1372 1413 3094 3053)
4(1412 3093 3094 1413)
4(1373 1414 3095 3054)
4(1413 3094 3095 1414)
4(1374 1415 3096 3055)
4(1414 3095 3096 1415)
4(1375 1416 3097 3056)
4(1415 3096 3097 1416)
4(1376 1417 3098 3057)
4(1416 3097 3098 1417)
4(1377 1418 3099 3058)
4(1417 3098 3099 1418)
4(1378 1419 3100 3059)
4(1418 3099 3100 1419)
4(1379 1420 3101 3060)
4(1419 3100 3101 1420)
4(1380 1421 3102 3061)
4(1420 3101 3102 1421)
4(1381 1422 3103 3062)
4(1421 3102 3103 1422)
4(1382 1423 3104 3063)
4(1422 3103 3104 1423)
4(1383 1424 3105 3064)
4(1423 3104 3105 1424)
4(1384 1425 3106 3065)
4(1424 3105 3106 1425)
4(1385 1426 3107 3066)
4(1425 3106 3107 1426)
4(1386 1427 3108 3067)
4(1426 3107 3108 1427)
4(1387 1428 3109 3068)
4(1427 3108 3109 1428)
4(1388 1429 3110 3069)
4(3579 3110 1429 3378)
4(3378 1428 3109 3579)
4(1389 1430 3111 3070)
4(1429 3110 3111 1430)
4(1390 1431 3112 3071)
4(1430 3111 3112 1431)
4(3784 1432 3113 3967)
4(1431 3112 3113 1432)
4(3967 3072 1391 3784)
4(4303 3967 3784 4143)
4(3379 1432 3113 3580)
4(4143 3379 3580 4303)
4(3785 1392 3073 3968)
4(4304 3577 3376 4144)
4(3376 3577 3073 1392)
4(3968 4304 4144 3785)
4(4305 3970 3787 4145)
4(3381 1435 3116 3582)
4(4145 3381 3582 4305)
4(1396 1437 3118 3077)
4(1436 3117 3118 1437)
4(3788 1395 3076 3971)
4(3971 3117 1436 3788)
4(1397 1438 3119 3078)
4(1437 3118 3119 1438)
4(1398 1439 3120 3079)
4(1438 3119 3120 1439)
4(1399 1440 3121 3080)
4(1439 3120 3121 1440)
4(1400 1441 3122 3081)
4(1440 3121 3122 1441)
4(1401 1442 3123 3082)
4(1441 3122 3123 1442)
4(1402 1443 3124 3083)
4(1442 3123 3124 1443)
4(1403 1444 3125 3084)
4(1443 3124 3125 1444)
4(1404 1445 3126 3085)
4(1444 3125 3126 1445)
4(1405 1446 3127 3086)
4(1445 3126 3127 1446)
4(1406 1447 3128 3087)
4(1446 3127 3128 1447)
4(1407 1448 3129 3088)
4(1447 3128 3129 1448)
4(1408 1449 3130 3089)
4(1448 3129 3130 1449)
4(1409 1450 3131 3090)
4(1449 3130 3131 1450)
4(1410 1451 3132 3091)
4(1450 3131 3132 1451)
4(1411 1452 3133 3092)
4(1451 3132 3133 1452)
4(1412 1453 3134 3093)
4(1452 3133 3134 1453)
4(1413 1454 3135 3094)
4(1453 3134 3135 1454)
4(1414 1455 3136 3095)
4(1454 3135 3136 1455)
4(1415 1456 3137 3096)
4(1455 3136 3137 1456)
4(1416 1457 3138 3097)
4(1456 3137 3138 1457)
4(1417 1458 3139 3098)
4(1457 3138 3139 1458)
4(1418 1459 3140 3099)
4(1458 3139 3140 1459)
4(1419 1460 3141 3100)
4(1459 3140 3141 1460)
4(1420 1461 3142 3101)
4(1460 3141 3142 1461)
4(1421 1462 3143 3102)
4(1461 3142 3143 1462)
4(1422 1463 3144 3103)
4(1462 3143 3144 1463)
4(1423 1464 3145 3104)
4(1463 3144 3145 1464)
4(1424 1465 3146 3105)
4(1464 3145 3146 1465)
4(1425 1466 3147 3106)
4(1465 3146 3147 1466)
4(1426 1467 3148 3107)
4(1466 3147 3148 1467)
4(1427 1468 3149 3108)
4(3583 3149 1468 3382)
4(3382 1467 3148 3583)
4(3789 1469 3150 3972)
4(3383 1468 3149 3584)
4(3584 3150 1469 3383)
4(3972 3109 1428 3789)
4(3384 1469 3150 3585)
4(4306 3972 3789 4146)
4(4146 3384 3585 4306)
4(1430 1471 3152 3111)
4(3385 1470 3151 3586)
4(3790 1429 3110 3973)
4(3586 3152 1471 3385)
4(3973 3151 1470 3790)
4(1431 1472 3153 3112)
4(3386 1471 3152 3587)
4(3587 3153 1472 3386)
4(3791 1473 3154 3974)
4(1472 3153 3154 1473)
4(3974 3113 1432 3791)
4(3387 1473 3154 3588)
4(4307 3974 3791 4147)
4(4147 3387 3588 4307)
4(3792 1433 3114 3975)
4(4308 3581 3380 4148)
4(3380 3581 3114 1433)
4(3975 4308 4148 3792)
4(4309 3977 3794 4149)
4(3389 1476 3157 3590)
4(4149 3389 3590 4309)
4(1437 1478 3159 3118)
4(1477 3158 3159 1478)
4(3795 1436 3117 3978)
4(3978 3158 1477 3795)
4(1438 1479 3160 3119)
4(1478 3159 3160 1479)
4(1439 1480 3161 3120)
4(1479 3160 3161 1480)
4(1440 1481 3162 3121)
4(1480 3161 3162 1481)
4(1441 1482 3163 3122)
4(1481 3162 3163 1482)
4(1442 1483 3164 3123)
4(1482 3163 3164 1483)
4(1443 1484 3165 3124)
4(1483 3164 3165 1484)
4(1444 1485 3166 3125)
4(1484 3165 3166 1485)
4(1445 1486 3167 3126)
4(3591 3167 1486 3390)
4(3390 1485 3166 3591)
4(1446 1487 3168 3127)
4(3391 1486 3167 3592)
4(3592 3168 1487 3391)
4(1447 1488 3169 3128)
4(3392 1487 3168 3593)
4(3593 3169 1488 3392)
4(1448 1489 3170 3129)
4(3393 1488 3169 3594)
4(3594 3170 1489 3393)
4(1449 1490 3171 3130)
4(3394 1489 3170 3595)
4(3595 3171 1490 3394)
4(1450 1491 3172 3131)
4(3395 1490 3171 3596)
4(3596 3172 1491 3395)
4(1451 1492 3173 3132)
4(3396 1491 3172 3597)
4(3597 3173 1492 3396)
4(1452 1493 3174 3133)
4(3397 1492 3173 3598)
4(3598 3174 1493 3397)
4(1453 1494 3175 3134)
4(1493 3174 3175 1494)
4(1454 1495 3176 3135)
4(1494 3175 3176 1495)
4(1455 1496 3177 3136)
4(1495 3176 3177 1496)
4(1456 1497 3178 3137)
4(1496 3177 3178 1497)
4(1457 1498 3179 3138)
4(1497 3178 3179 1498)
4(1458 1499 3180 3139)
4(1498 3179 3180 1499)
4(1459 1500 3181 3140)
4(1499 3180 3181 1500)
4(1460 1501 3182 3141)
4(1500 3181 3182 1501)
4(1461 1502 3183 3142)
4(1501 3182 3183 1502)
4(1462 1503 3184 3143)
4(1502 3183 3184 1503)
4(1463 1504 3185 3144)
4(1503 3184 3185 1504)
4(1464 1505 3186 3145)
4(1504 3185 3186 1505)
4(1465 1506 3187 3146)
4(1505 3186 3187 1506)
4(1466 1507 3188 3147)
4(1506 3187 3188 1507)
4(3796 1508 3189 3979)
4(3599 3189 1508 3398)
4(3979 3148 1467 3796)
4(3398 1507 3188 3599)
4(3399 1508 3189 3600)
4(4310 3979 3796 4150)
4(4150 3399 3600 4310)
4(3797 1468 3149 3980)
4(4311 3584 3383 4151)
4(3980 4311 4151 3797)
4(3798 1469 3150 3981)
4(4312 3585 3384 4152)
4(3981 4312 4152 3798)
4(3799 1470 3151 3982)
4(4313 3586 3385 4153)
4(3982 4313 4153 3799)
4(3800 1471 3152 3983)
4(4314 3587 3386 4154)
4(3983 4314 4154 3800)
4(1473 1514 3195 3154)
4(3404 1513 3194 3605)
4(3801 1472 3153 3984)
4(3605 3195 1514 3404)
4(3984 3194 1513 3801)
4(3802 1515 3196 3985)
4(1514 3195 3196 1515)
4(3985 3155 1474 3802)
4(3588 3387 1474 3155)
4(4315 3985 3802 4155)
4(3405 1515 3196 3606)
4(4155 3405 3606 4315)
4(4316 3987 3804 4156)
4(3406 1517 3198 3607)
4(4156 3406 3607 4316)
4(1478 1519 3200 3159)
4(1518 3199 3200 1519)
4(3805 1477 3158 3988)
4(3988 3199 1518 3805)
4(1479 1520 3201 3160)
4(1519 3200 3201 1520)
4(1480 1521 3202 3161)
4(3608 3202 1521 3407)
4(3407 1520 3201 3608)
4(1481 1522 3203 3162)
4(3408 1521 3202 3609)
4(3609 3203 1522 3408)
4(1482 1523 3204 3163)
4(3409 1522 3203 3610)
4(3610 3204 1523 3409)
4(1483 1524 3205 3164)
4(3410 1523 3204 3611)
4(3611 3205 1524 3410)
4(1484 1525 3206 3165)
4(3411 1524 3205 3612)
4(3612 3206 1525 3411)
4(3806 1526 3207 3989)
4(3412 1525 3206 3613)
4(3613 3207 1526 3412)
4(3989 3166 1485 3806)
4(3413 1526 3207 3614)
4(4317 3989 3806 4157)
4(4157 3413 3614 4317)
4(3807 1486 3167 3990)
4(4318 3592 3391 4158)
4(3990 4318 4158 3807)
4(3808 1487 3168 3991)
4(4319 3593 3392 4159)
4(3991 4319 4159 3808)
4(3809 1488 3169 3992)
4(4320 3594 3393 4160)
4(3992 4320 4160 3809)
4(3810 1489 3170 3993)
4(4321 3595 3394 4161)
4(3993 4321 4161 3810)
4(3811 1490 3171 3994)
4(4322 3596 3395 4162)
4(3994 4322 4162 3811)
4(3812 1491 3172 3995)
4(4323 3597 3396 4163)
4(3995 4323 4163 3812)
4(3813 1492 3173 3996)
4(4324 3598 3397 4164)
4(3996 4324 4164 3813)
4(1494 1535 3216 3175)
4(3421 1534 3215 3622)
4(3814 1493 3174 3997)
4(3622 3216 1535 3421)
4(3997 3215 1534 3814)
4(1495 1536 3217 3176)
4(3422 1535 3216 3623)
4(3623 3217 1536 3422)
4(1496 1537 3218 3177)
4(3423 1536 3217 3624)
4(3624 3218 1537 3423)
4(1497 1538 3219 3178)
4(3424 1537 3218 3625)
4(3625 3219 1538 3424)
4(1498 1539 3220 3179)
4(3425 1538 3219 3626)
4(3626 3220 1539 3425)
4(1499 1540 3221 3180)
4(3426 1539 3220 3627)
4(3627 3221 1540 3426)
4(1500 1541 3222 3181)
4(3427 1540 3221 3628)
4(3628 3222 1541 3427)
4(1501 1542 3223 3182)
4(3428 1541 3222 3629)
4(3629 3223 1542 3428)
4(1502 1543 3224 3183)
4(3429 1542 3223 3630)
4(3630 3224 1543 3429)
4(1503 1544 3225 3184)
4(3430 1543 3224 3631)
4(3631 3225 1544 3430)
4(1504 1545 3226 3185)
4(3431 1544 3225 3632)
4(3632 3226 1545 3431)
4(1505 1546 3227 3186)
4(3432 1545 3226 3633)
4(3633 3227 1546 3432)
4(1506 1547 3228 3187)
4(3433 1546 3227 3634)
4(3634 3228 1547 3433)
4(3815 1548 3229 3998)
4(3434 1547 3228 3635)
4(3635 3229 1548 3434)
4(3998 3188 1507 3815)
4(3435 1548 3229 3636)
4(4325 3998 3815 4165)
4(4165 3435 3636 4325)
4(3816 1508 3189 3999)
4(4326 3600 3399 4166)
4(3999 4326 4166 3816)
4(3817 1509 3190 4000)
4(4327 3601 3400 4167)
4(3400 3601 3190 1509)
4(4000 4327 4167 3817)
4(3818 1510 3191 4001)
4(4328 3602 3401 4168)
4(3401 3602 3191 1510)
4(4001 4328 4168 3818)
4(3819 1511 3192 4002)
4(4329 3603 3402 4169)
4(3402 3603 3192 1511)
4(4002 4329 4169 3819)
4(3820 1512 3193 4003)
4(4330 3604 3403 4170)
4(3403 3604 3193 1512)
4(4003 4330 4170 3820)
4(3821 1513 3194 4004)
4(4331 3605 3404 4171)
4(4004 4331 4171 3821)
4(3823 1556 3237 4006)
4(1555 3236 3237 1556)
4(3822 1514 3195 4005)
4(4006 3196 1515 3823)
4(4005 3236 1555 3822)
4(4332 4006 3823 4172)
4(3442 1556 3237 3643)
4(4172 3442 3643 4332)
4(4333 4008 3825 4173)
4(3443 1558 3239 3644)
4(4173 3443 3644 4333)
4(1519 1560 3241 3200)
4(3444 1559 3240 3645)
4(3826 1518 3199 4009)
4(3645 3241 1560 3444)
4(4009 3240 1559 3826)
4(3827 1561 3242 4010)
4(3445 1560 3241 3646)
4(3646 3242 1561 3445)
4(4010 3201 1520 3827)
4(3446 1561 3242 3647)
4(4334 4010 3827 4174)
4(4174 3446 3647 4334)
4(3828 1521 3202 4011)
4(4335 3609 3408 4175)
4(4011 4335 4175 3828)
4(3829 1522 3203 4012)
4(4336 3610 3409 4176)
4(4012 4336 4176 3829)
4(3830 1523 3204 4013)
4(4337 3611 3410 4177)
4(4013 4337 4177 3830)
4(3831 1524 3205 4014)
4(4338 3612 3411 4178)
4(4014 4338 4178 3831)
4(3832 1525 3206 4015)
4(4339 3613 3412 4179)
4(4015 4339 4179 3832)
4(3833 1526 3207 4016)
4(4340 3614 3413 4180)
4(4016 4340 4180 3833)
4(3834 1527 3208 4017)
4(4341 3615 3414 4181)
4(3414 3615 3208 1527)
4(4017 4341 4181 3834)
4(3835 1528 3209 4018)
4(4342 3616 3415 4182)
4(3415 3616 3209 1528)
4(4018 4342 4182 3835)
4(3836 1529 3210 4019)
4(4343 3617 3416 4183)
4(3416 3617 3210 1529)
4(4019 4343 4183 3836)
4(3837 1530 3211 4020)
4(4344 3618 3417 4184)
4(3417 3618 3211 1530)
4(4020 4344 4184 3837)
4(3838 1531 3212 4021)
4(4345 3619 3418 4185)
4(3418 3619 3212 1531)
4(4021 4345 4185 3838)
4(3839 1532 3213 4022)
4(4346 3620 3419 4186)
4(3419 3620 3213 1532)
4(4022 4346 4186 3839)
4(3840 1533 3214 4023)
4(4347 3621 3420 4187)
4(3420 3621 3214 1533)
4(4023 4347 4187 3840)
4(3841 1534 3215 4024)
4(4348 3622 3421 4188)
4(4024 4348 4188 3841)
4(3842 1535 3216 4025)
4(4349 3623 3422 4189)
4(4025 4349 4189 3842)
4(3843 1536 3217 4026)
4(4350 3624 3423 4190)
4(4026 4350 4190 3843)
4(3844 1537 3218 4027)
4(4351 3625 3424 4191)
4(4027 4351 4191 3844)
4(3845 1538 3219 4028)
4(4352 3626 3425 4192)
4(4028 4352 4192 3845)
4(3846 1539 3220 4029)
4(4353 3627 3426 4193)
4(4029 4353 4193 3846)
4(3847 1540 3221 4030)
4(4354 3628 3427 4194)
4(4030 4354 4194 3847)
4(3848 1541 3222 4031)
4(4355 3629 3428 4195)
4(4031 4355 4195 3848)
4(3849 1542 3223 4032)
4(4356 3630 3429 4196)
4(4032 4356 4196 3849)
4(3850 1543 3224 4033)
4(4357 3631 3430 4197)
4(4033 4357 4197 3850)
4(3851 1544 3225 4034)
4(4358 3632 3431 4198)
4(4034 4358 4198 3851)
4(3852 1545 3226 4035)
4(4359 3633 3432 4199)
4(4035 4359 4199 3852)
4(3853 1546 3227 4036)
4(4360 3634 3433 4200)
4(4036 4360 4200 3853)
4(3854 1547 3228 4037)
4(4361 3635 3434 4201)
4(4037 4361 4201 3854)
4(3855 1548 3229 4038)
4(4362 3636 3435 4202)
4(4038 4362 4202 3855)
4(3856 1549 3230 4039)
4(4363 3637 3436 4203)
4(3436 3637 3230 1549)
4(4039 4363 4203 3856)
4(3857 1550 3231 4040)
4(4364 3638 3437 4204)
4(3437 3638 3231 1550)
4(4040 4364 4204 3857)
4(3858 1551 3232 4041)
4(4365 3639 3438 4205)
4(3438 3639 3232 1551)
4(4041 4365 4205 3858)
4(3859 1552 3233 4042)
4(4366 3640 3439 4206)
4(3439 3640 3233 1552)
4(4042 4366 4206 3859)
4(3860 1553 3234 4043)
4(4367 3641 3440 4207)
4(3440 3641 3234 1553)
4(4043 4367 4207 3860)
4(3861 1554 3235 4044)
4(4368 3642 3441 4208)
4(3441 3642 3235 1554)
4(4044 4368 4208 3861)
4(3863 1597 3278 4046)
4(3481 1596 3277 3682)
4(3862 1555 3236 4045)
4(3682 3278 1597 3481)
4(4046 3237 1556 3863)
4(4045 3277 1596 3862)
4(3482 1597 3278 3683)
4(4369 4046 3863 4209)
4(4209 3482 3683 4369)
4(4370 4048 3865 4210)
4(3483 1599 3280 3684)
4(4210 3483 3684 4370)
4(3866 1559 3240 4049)
4(4371 3645 3444 4211)
4(4049 4371 4211 3866)
4(3867 1560 3241 4050)
4(4372 3646 3445 4212)
4(4050 4372 4212 3867)
4(3868 1561 3242 4051)
4(4373 3647 3446 4213)
4(4051 4373 4213 3868)
4(3869 1562 3243 4052)
4(4374 3648 3447 4214)
4(3447 3648 3243 1562)
4(4052 4374 4214 3869)
4(3870 1563 3244 4053)
4(4375 3649 3448 4215)
4(3448 3649 3244 1563)
4(4053 4375 4215 3870)
4(3871 1564 3245 4054)
4(4376 3650 3449 4216)
4(3449 3650 3245 1564)
4(4054 4376 4216 3871)
4(3872 1565 3246 4055)
4(4377 3651 3450 4217)
4(3450 3651 3246 1565)
4(4055 4377 4217 3872)
4(3873 1566 3247 4056)
4(4378 3652 3451 4218)
4(3451 3652 3247 1566)
4(4056 4378 4218 3873)
4(3874 1567 3248 4057)
4(4379 3653 3452 4219)
4(3452 3653 3248 1567)
4(4057 4379 4219 3874)
4(3875 1568 3249 4058)
4(4380 3654 3453 4220)
4(3453 3654 3249 1568)
4(4058 4380 4220 3875)
4(3876 1569 3250 4059)
4(4381 3655 3454 4221)
4(3454 3655 3250 1569)
4(4059 4381 4221 3876)
4(3877 1570 3251 4060)
4(4382 3656 3455 4222)
4(3455 3656 3251 1570)
4(4060 4382 4222 3877)
4(3878 1571 3252 4061)
4(4383 3657 3456 4223)
4(3456 3657 3252 1571)
4(4061 4383 4223 3878)
4(3879 1572 3253 4062)
4(4384 3658 3457 4224)
4(3457 3658 3253 1572)
4(4062 4384 4224 3879)
4(3880 1573 3254 4063)
4(4385 3659 3458 4225)
4(3458 3659 3254 1573)
4(4063 4385 4225 3880)
4(3881 1574 3255 4064)
4(4386 3660 3459 4226)
4(3459 3660 3255 1574)
4(4064 4386 4226 3881)
4(3882 1575 3256 4065)
4(4387 3661 3460 4227)
4(3460 3661 3256 1575)
4(4065 4387 4227 3882)
4(3883 1576 3257 4066)
4(4388 3662 3461 4228)
4(3461 3662 3257 1576)
4(4066 4388 4228 3883)
4(3884 1577 3258 4067)
4(4389 3663 3462 4229)
4(3462 3663 3258 1577)
4(4067 4389 4229 3884)
4(3885 1578 3259 4068)
4(4390 3664 3463 4230)
4(3463 3664 3259 1578)
4(4068 4390 4230 3885)
4(3886 1579 3260 4069)
4(4391 3665 3464 4231)
4(3464 3665 3260 1579)
4(4069 4391 4231 3886)
4(3887 1580 3261 4070)
4(4392 3666 3465 4232)
4(3465 3666 3261 1580)
4(4070 4392 4232 3887)
4(3888 1581 3262 4071)
4(4393 3667 3466 4233)
4(3466 3667 3262 1581)
4(4071 4393 4233 3888)
4(3889 1582 3263 4072)
4(4394 3668 3467 4234)
4(3467 3668 3263 1582)
4(4072 4394 4234 3889)
4(3890 1583 3264 4073)
4(4395 3669 3468 4235)
4(3468 3669 3264 1583)
4(4073 4395 4235 3890)
4(3891 1584 3265 4074)
4(4396 3670 3469 4236)
4(3469 3670 3265 1584)
4(4074 4396 4236 3891)
4(3892 1585 3266 4075)
4(4397 3671 3470 4237)
4(3470 3671 3266 1585)
4(4075 4397 4237 3892)
4(3893 1586 3267 4076)
4(4398 3672 3471 4238)
4(3471 3672 3267 1586)
4(4076 4398 4238 3893)
4(3894 1587 3268 4077)
4(4399 3673 3472 4239)
4(3472 3673 3268 1587)
4(4077 4399 4239 3894)
4(3895 1588 3269 4078)
4(4400 3674 3473 4240)
4(3473 3674 3269 1588)
4(4078 4400 4240 3895)
4(3896 1589 3270 4079)
4(4401 3675 3474 4241)
4(3474 3675 3270 1589)
4(4079 4401 4241 3896)
4(3897 1590 3271 4080)
4(4402 3676 3475 4242)
4(3475 3676 3271 1590)
4(4080 4402 4242 3897)
4(3898 1591 3272 4081)
4(4403 3677 3476 4243)
4(3476 3677 3272 1591)
4(4081 4403 4243 3898)
4(3899 1592 3273 4082)
4(4404 3678 3477 4244)
4(3477 3678 3273 1592)
4(4082 4404 4244 3899)
4(3900 1593 3274 4083)
4(4405 3679 3478 4245)
4(3478 3679 3274 1593)
4(4083 4405 4245 3900)
4(3901 1594 3275 4084)
4(4406 3680 3479 4246)
4(3479 3680 3275 1594)
4(4084 4406 4246 3901)
4(3902 1595 3276 4085)
4(4407 3681 3480 4247)
4(3480 3681 3276 1595)
4(4085 4407 4247 3902)
4(3903 1596 3277 4086)
4(4408 3682 3481 4248)
4(4086 4408 4248 3903)
4(3904 1597 3278 4087)
4(4409 3683 3482 4249)
4(4087 4409 4249 3904)
4(4410 4089 3906 4250)
4(4250 3523 3724 4410)
4(3907 1600 3281 4090)
4(4411 3685 3484 4251)
4(3484 3685 3281 1600)
4(4090 4411 4251 3907)
4(3908 1601 3282 4091)
4(4412 3686 3485 4252)
4(3485 3686 3282 1601)
4(4091 4412 4252 3908)
4(3909 1602 3283 4092)
4(4413 3687 3486 4253)
4(3486 3687 3283 1602)
4(4092 4413 4253 3909)
4(3910 1603 3284 4093)
4(4414 3688 3487 4254)
4(3487 3688 3284 1603)
4(4093 4414 4254 3910)
4(3911 1604 3285 4094)
4(4415 3689 3488 4255)
4(3488 3689 3285 1604)
4(4094 4415 4255 3911)
4(3912 1605 3286 4095)
4(4416 3690 3489 4256)
4(3489 3690 3286 1605)
4(4095 4416 4256 3912)
4(3913 1606 3287 4096)
4(4417 3691 3490 4257)
4(3490 3691 3287 1606)
4(4096 4417 4257 3913)
4(3914 1607 3288 4097)
4(4418 3692 3491 4258)
4(3491 3692 3288 1607)
4(4097 4418 4258 3914)
4(3915 1608 3289 4098)
4(4419 3693 3492 4259)
4(3492 3693 3289 1608)
4(4098 4419 4259 3915)
4(3916 1609 3290 4099)
4(4420 3694 3493 4260)
4(3493 3694 3290 1609)
4(4099 4420 4260 3916)
4(3917 1610 3291 4100)
4(4421 3695 3494 4261)
4(3494 3695 3291 1610)
4(4100 4421 4261 3917)
4(3918 1611 3292 4101)
4(4422 3696 3495 4262)
4(3495 3696 3292 1611)
4(4101 4422 4262 3918)
4(3919 1612 3293 4102)
4(4423 3697 3496 4263)
4(3496 3697 3293 1612)
4(4102 4423 4263 3919)
4(3920 1613 3294 4103)
4(4424 3698 3497 4264)
4(3497 3698 3294 1613)
4(4103 4424 4264 3920)
4(3921 1614 3295 4104)
4(4425 3699 3498 4265)
4(3498 3699 3295 1614)
4(4104 4425 4265 3921)
4(3922 1615 3296 4105)
4(4426 3700 3499 4266)
4(3499 3700 3296 1615)
4(4105 4426 4266 3922)
4(3923 1616 3297 4106)
4(4427 3701 3500 4267)
4(3500 3701 3297 1616)
4(4106 4427 4267 3923)
4(3924 1617 3298 4107)
4(4428 3702 3501 4268)
4(3501 3702 3298 1617)
4(4107 4428 4268 3924)
4(3925 1618 3299 4108)
4(4429 3703 3502 4269)
4(3502 3703 3299 1618)
4(4108 4429 4269 3925)
4(3926 1619 3300 4109)
4(4430 3704 3503 4270)
4(3503 3704 3300 1619)
4(4109 4430 4270 3926)
4(3927 1620 3301 4110)
4(4431 3705 3504 4271)
4(3504 3705 3301 1620)
4(4110 4431 4271 3927)
4(3928 1621 3302 4111)
4(4432 3706 3505 4272)
4(3505 3706 3302 1621)
4(4111 4432 4272 3928)
4(3929 1622 3303 4112)
4(4433 3707 3506 4273)
4(3506 3707 3303 1622)
4(4112 4433 4273 3929)
4(3930 1623 3304 4113)
4(4434 3708 3507 4274)
4(3507 3708 3304 1623)
4(4113 4434 4274 3930)
4(3931 1624 3305 4114)
4(4435 3709 3508 4275)
4(3508 3709 3305 1624)
4(4114 4435 4275 3931)
4(3932 1625 3306 4115)
4(4436 3710 3509 4276)
4(3509 3710 3306 1625)
4(4115 4436 4276 3932)
4(3933 1626 3307 4116)
4(4437 3711 3510 4277)
4(3510 3711 3307 1626)
4(4116 4437 4277 3933)
4(3934 1627 3308 4117)
4(4438 3712 3511 4278)
4(3511 3712 3308 1627)
4(4117 4438 4278 3934)
4(3935 1628 3309 4118)
4(4439 3713 3512 4279)
4(3512 3713 3309 1628)
4(4118 4439 4279 3935)
4(3936 1629 3310 4119)
4(4440 3714 3513 4280)
4(3513 3714 3310 1629)
4(4119 4440 4280 3936)
4(3937 1630 3311 4120)
4(4441 3715 3514 4281)
4(3514 3715 3311 1630)
4(4120 4441 4281 3937)
4(3938 1631 3312 4121)
4(4442 3716 3515 4282)
4(3515 3716 3312 1631)
4(4121 4442 4282 3938)
4(3939 1632 3313 4122)
4(4443 3717 3516 4283)
4(3516 3717 3313 1632)
4(4122 4443 4283 3939)
4(3940 1633 3314 4123)
4(4444 3718 3517 4284)
4(3517 3718 3314 1633)
4(4123 4444 4284 3940)
4(3941 1634 3315 4124)
4(4445 3719 3518 4285)
4(3518 3719 3315 1634)
4(4124 4445 4285 3941)
4(3942 1635 3316 4125)
4(4446 3720 3519 4286)
4(3519 3720 3316 1635)
4(4125 4446 4286 3942)
4(3943 1636 3317 4126)
4(4447 3721 3520 4287)
4(3520 3721 3317 1636)
4(4126 4447 4287 3943)
4(3944 1637 3318 4127)
4(4448 3722 3521 4288)
4(3521 3722 3318 1637)
4(4127 4448 4288 3944)
4(3945 1638 3319 4128)
4(4449 3723 3522 4289)
4(3522 3723 3319 1638)
4(4128 4449 4289 3945)
4(4290 4130 3362 3563)
4(3765 4130 4290 3948)
4(4291 4131 3363 3564)
4(3767 4131 4291 3950)
4(3565 3364 1147 2828)
4(3768 4132 4292 3951)
4(4293 4133 3365 3566)
4(3566 3365 1187 2868)
4(3770 4133 4293 3953)
4(3567 3366 1188 2869)
4(3771 4134 4294 3954)
4(4295 4135 3367 3568)
4(3568 3367 1228 2909)
4(3773 4135 4295 3956)
4(3569 3368 1229 2910)
4(3774 4136 4296 3957)
4(4297 4137 3369 3570)
4(3570 3369 1269 2950)
4(3776 4137 4297 3959)
4(3571 3370 1270 2951)
4(3777 4138 4298 3960)
4(4299 4139 3371 3572)
4(3572 3371 1310 2991)
4(3779 4139 4299 3962)
4(3573 3372 1311 2992)
4(3780 4140 4300 3963)
4(4301 4141 3373 3574)
4(3574 3373 1351 3032)
4(3782 4141 4301 3965)
4(3575 3374 1352 3033)
4(3783 4142 4302 3966)
4(4303 4143 3375 3576)
4(3576 3375 1392 3073)
4(3785 4143 4303 3968)
4(3577 3376 1393 3074)
4(3786 4144 4304 3969)
4(4305 4145 3377 3578)
4(3788 4145 4305 3971)
4(4306 4146 3378 3579)
4(3790 4146 4306 3973)
4(4307 4147 3379 3580)
4(3580 3379 1433 3114)
4(3792 4147 4307 3975)
4(3581 3380 1434 3115)
4(3793 4148 4308 3976)
4(4309 4149 3381 3582)
4(3582 3381 1436 3117)
4(3795 4149 4309 3978)
4(4310 4150 3382 3583)
4(3797 4150 4310 3980)
4(3798 4151 4311 3981)
4(3585 3384 1470 3151)
4(3799 4152 4312 3982)
4(3800 4153 4313 3983)
4(3801 4154 4314 3984)
4(4315 4155 3388 3589)
4(3589 3388 1475 3156)
4(3803 4155 4315 3986)
4(4316 4156 3389 3590)
4(3590 3389 1477 3158)
4(3805 4156 4316 3988)
4(4317 4157 3390 3591)
4(3807 4157 4317 3990)
4(3808 4158 4318 3991)
4(3809 4159 4319 3992)
4(3810 4160 4320 3993)
4(3811 4161 4321 3994)
4(3812 4162 4322 3995)
4(3813 4163 4323 3996)
4(3814 4164 4324 3997)
4(4325 4165 3398 3599)
4(3816 4165 4325 3999)
4(3600 3399 1509 3190)
4(3817 4166 4326 4000)
4(3601 3400 1510 3191)
4(3818 4167 4327 4001)
4(3602 3401 1511 3192)
4(3819 4168 4328 4002)
4(3603 3402 1512 3193)
4(3820 4169 4329 4003)
4(3604 3403 1513 3194)
4(3821 4170 4330 4004)
4(3822 4171 4331 4005)
4(4332 4172 3405 3606)
4(3606 3405 1516 3197)
4(3824 4172 4332 4007)
4(4333 4173 3406 3607)
4(3607 3406 1518 3199)
4(3826 4173 4333 4009)
4(4334 4174 3407 3608)
4(3828 4174 4334 4011)
4(3829 4175 4335 4012)
4(3830 4176 4336 4013)
4(3831 4177 4337 4014)
4(3832 4178 4338 4015)
4(3833 4179 4339 4016)
4(3614 3413 1527 3208)
4(3834 4180 4340 4017)
4(3615 3414 1528 3209)
4(3835 4181 4341 4018)
4(3616 3415 1529 3210)
4(3836 4182 4342 4019)
4(3617 3416 1530 3211)
4(3837 4183 4343 4020)
4(3618 3417 1531 3212)
4(3838 4184 4344 4021)
4(3619 3418 1532 3213)
4(3839 4185 4345 4022)
4(3620 3419 1533 3214)
4(3840 4186 4346 4023)
4(3621 3420 1534 3215)
4(3841 4187 4347 4024)
4(3842 4188 4348 4025)
4(3843 4189 4349 4026)
4(3844 4190 4350 4027)
4(3845 4191 4351 4028)
4(3846 4192 4352 4029)
4(3847 4193 4353 4030)
4(3848 4194 4354 4031)
4(3849 4195 4355 4032)
4(3850 4196 4356 4033)
4(3851 4197 4357 4034)
4(3852 4198 4358 4035)
4(3853 4199 4359 4036)
4(3854 4200 4360 4037)
4(3855 4201 4361 4038)
4(3636 3435 1549 3230)
4(3856 4202 4362 4039)
4(3637 3436 1550 3231)
4(3857 4203 4363 4040)
4(3638 3437 1551 3232)
4(3858 4204 4364 4041)
4(3639 3438 1552 3233)
4(3859 4205 4365 4042)
4(3640 3439 1553 3234)
4(3860 4206 4366 4043)
4(3641 3440 1554 3235)
4(3861 4207 4367 4044)
4(3642 3441 1555 3236)
4(3862 4208 4368 4045)
4(4369 4209 3442 3643)
4(3643 3442 1557 3238)
4(3864 4209 4369 4047)
4(4370 4210 3443 3644)
4(3644 3443 1559 3240)
4(3866 4210 4370 4049)
4(3867 4211 4371 4050)
4(3868 4212 4372 4051)
4(3647 3446 1562 3243)
4(3869 4213 4373 4052)
4(3648 3447 1563 3244)
4(3870 4214 4374 4053)
4(3649 3448 1564 3245)
4(3871 4215 4375 4054)
4(3650 3449 1565 3246)
4(3872 4216 4376 4055)
4(3651 3450 1566 3247)
4(3873 4217 4377 4056)
4(3652 3451 1567 3248)
4(3874 4218 4378 4057)
4(3653 3452 1568 3249)
4(3875 4219 4379 4058)
4(3654 3453 1569 3250)
4(3876 4220 4380 4059)
4(3655 3454 1570 3251)
4(3877 4221 4381 4060)
4(3656 3455 1571 3252)
4(3878 4222 4382 4061)
4(3657 3456 1572 3253)
4(3879 4223 4383 4062)
4(3658 3457 1573 3254)
4(3880 4224 4384 4063)
4(3659 3458 1574 3255)
4(3881 4225 4385 4064)
4(3660 3459 1575 3256)
4(3882 4226 4386 4065)
4(3661 3460 1576 3257)
4(3883 4227 4387 4066)
4(3662 3461 1577 3258)
4(3884 4228 4388 4067)
4(3663 3462 1578 3259)
4(3885 4229 4389 4068)
4(3664 3463 1579 3260)
4(3886 4230 4390 4069)
4(3665 3464 1580 3261)
4(3887 4231 4391 4070)
4(3666 3465 1581 3262)
4(3888 4232 4392 4071)
4(3667 3466 1582 3263)
4(3889 4233 4393 4072)
4(3668 3467 1583 3264)
4(3890 4234 4394 4073)
4(3669 3468 1584 3265)
4(3891 4235 4395 4074)
4(3670 3469 1585 3266)
4(3892 4236 4396 4075)
4(3671 3470 1586 3267)
4(3893 4237 4397 4076)
4(3672 3471 1587 3268)
4(3894 4238 4398 4077)
4(3673 3472 1588 3269)
4(3895 4239 4399 4078)
4(3674 3473 1589 3270)
4(3896 4240 4400 4079)
4(3675 3474 1590 3271)
4(3897 4241 4401 4080)
4(3676 3475 1591 3272)
4(3898 4242 4402 4081)
4(3677 3476 1592 3273)
4(3899 4243 4403 4082)
4(3678 3477 1593 3274)
4(3900 4244 4404 4083)
4(3679 3478 1594 3275)
4(3901 4245 4405 4084)
4(3680 3479 1595 3276)
4(3902 4246 4406 4085)
4(3681 3480 1596 3277)
4(3903 4247 4407 4086)
4(3904 4248 4408 4087)
4(3683 3482 1598 3279)
4(3905 4249 4409 4088)
4(4410 4250 3483 3684)
4(3684 3483 1600 3281)
4(3907 4250 4410 4090)
4(3685 3484 1601 3282)
4(3908 4251 4411 4091)
4(3686 3485 1602 3283)
4(3909 4252 4412 4092)
4(3687 3486 1603 3284)
4(3910 4253 4413 4093)
4(3688 3487 1604 3285)
4(3911 4254 4414 4094)
4(3689 3488 1605 3286)
4(3912 4255 4415 4095)
4(3690 3489 1606 3287)
4(3913 4256 4416 4096)
4(3691 3490 1607 3288)
4(3914 4257 4417 4097)
4(3692 3491 1608 3289)
4(3915 4258 4418 4098)
4(3693 3492 1609 3290)
4(3916 4259 4419 4099)
4(3694 3493 1610 3291)
4(3917 4260 4420 4100)
4(3695 3494 1611 3292)
4(3918 4261 4421 4101)
4(3696 3495 1612 3293)
4(3919 4262 4422 4102)
4(3697 3496 1613 3294)
4(3920 4263 4423 4103)
4(3698 3497 1614 3295)
4(3921 4264 4424 4104)
4(3699 3498 1615 3296)
4(3922 4265 4425 4105)
4(3700 3499 1616 3297)
4(3923 4266 4426 4106)
4(3701 3500 1617 3298)
4(3924 4267 4427 4107)
4(3702 3501 1618 3299)
4(3925 4268 4428 4108)
4(3703 3502 1619 3300)
4(3926 4269 4429 4109)
4(3704 3503 1620 3301)
4(3927 4270 4430 4110)
4(3705 3504 1621 3302)
4(3928 4271 4431 4111)
4(3706 3505 1622 3303)
4(3929 4272 4432 4112)
4(3707 3506 1623 3304)
4(3930 4273 4433 4113)
4(3708 3507 1624 3305)
4(3931 4274 4434 4114)
4(3709 3508 1625 3306)
4(3932 4275 4435 4115)
4(3710 3509 1626 3307)
4(3933 4276 4436 4116)
4(3711 3510 1627 3308)
4(3934 4277 4437 4117)
4(3712 3511 1628 3309)
4(3935 4278 4438 4118)
4(3713 3512 1629 3310)
4(3936 4279 4439 4119)
4(3714 3513 1630 3311)
4(3937 4280 4440 4120)
4(3715 3514 1631 3312)
4(3938 4281 4441 4121)
4(3716 3515 1632 3313)
4(3939 4282 4442 4122)
4(3717 3516 1633 3314)
4(3940 4283 4443 4123)
4(3718 3517 1634 3315)
4(3941 4284 4444 4124)
4(3719 3518 1635 3316)
4(3942 4285 4445 4125)
4(3720 3519 1636 3317)
4(3943 4286 4446 4126)
4(3721 3520 1637 3318)
4(3944 4287 4447 4127)
4(3722 3521 1638 3319)
4(3945 4288 4448 4128)
4(3723 3522 1639 3320)
4(3946 4289 4449 4129)
4(3950 2868 1187 3767)
4(4132 3366 3567 4292)
4(3953 2909 1228 3770)
4(4134 3368 3569 4294)
4(3956 2950 1269 3773)
4(4136 3370 3571 4296)
4(3959 2991 1310 3776)
4(4138 3372 3573 4298)
4(3962 3032 1351 3779)
4(4140 3374 3575 4300)
4(3965 3073 1392 3782)
4(4142 3376 3577 4302)
4(3968 3114 1433 3785)
4(4144 3380 3581 4304)
4(3388 1474 3155 3589)
4(3975 3155 1474 3792)
4(4148 3388 3589 4308)
4(3980 3190 1509 3797)
4(4151 3400 3601 4311)
4(3981 3191 1510 3798)
4(4152 3401 3602 4312)
4(3982 3192 1511 3799)
4(4153 3402 3603 4313)
4(3983 3193 1512 3800)
4(4154 3403 3604 4314)
4(3990 3208 1527 3807)
4(4158 3414 3615 4318)
4(3991 3209 1528 3808)
4(4159 3415 3616 4319)
4(3992 3210 1529 3809)
4(4160 3416 3617 4320)
4(3993 3211 1530 3810)
4(4161 3417 3618 4321)
4(3994 3212 1531 3811)
4(4162 3418 3619 4322)
4(3995 3213 1532 3812)
4(4163 3419 3620 4323)
4(3996 3214 1533 3813)
4(4164 3420 3621 4324)
4(3999 3230 1549 3816)
4(4166 3436 3637 4326)
4(4000 3231 1550 3817)
4(4167 3437 3638 4327)
4(4001 3232 1551 3818)
4(4168 3438 3639 4328)
4(4002 3233 1552 3819)
4(4169 3439 3640 4329)
4(4003 3234 1553 3820)
4(4170 3440 3641 4330)
4(4004 3235 1554 3821)
4(4171 3441 3642 4331)
4(4011 3243 1562 3828)
4(4175 3447 3648 4335)
4(4012 3244 1563 3829)
4(4176 3448 3649 4336)
4(4013 3245 1564 3830)
4(4177 3449 3650 4337)
4(4014 3246 1565 3831)
4(4178 3450 3651 4338)
4(4015 3247 1566 3832)
4(4179 3451 3652 4339)
4(4016 3248 1567 3833)
4(4180 3452 3653 4340)
4(4017 3249 1568 3834)
4(4181 3453 3654 4341)
4(4018 3250 1569 3835)
4(4182 3454 3655 4342)
4(4019 3251 1570 3836)
4(4183 3455 3656 4343)
4(4020 3252 1571 3837)
4(4184 3456 3657 4344)
4(4021 3253 1572 3838)
4(4185 3457 3658 4345)
4(4022 3254 1573 3839)
4(4186 3458 3659 4346)
4(4023 3255 1574 3840)
4(4187 3459 3660 4347)
4(4024 3256 1575 3841)
4(4188 3460 3661 4348)
4(4025 3257 1576 3842)
4(4189 3461 3662 4349)
4(4026 3258 1577 3843)
4(4190 3462 3663 4350)
4(4027 3259 1578 3844)
4(4191 3463 3664 4351)
4(4028 3260 1579 3845)
4(4192 3464 3665 4352)
4(4029 3261 1580 3846)
4(4193 3465 3666 4353)
4(4030 3262 1581 3847)
4(4194 3466 3667 4354)
4(4031 3263 1582 3848)
4(4195 3467 3668 4355)
4(4032 3264 1583 3849)
4(4196 3468 3669 4356)
4(4033 3265 1584 3850)
4(4197 3469 3670 4357)
4(4034 3266 1585 3851)
4(4198 3470 3671 4358)
4(4035 3267 1586 3852)
4(4199 3471 3672 4359)
4(4036 3268 1587 3853)
4(4200 3472 3673 4360)
4(4037 3269 1588 3854)
4(4201 3473 3674 4361)
4(4038 3270 1589 3855)
4(4202 3474 3675 4362)
4(4039 3271 1590 3856)
4(4203 3475 3676 4363)
4(4040 3272 1591 3857)
4(4204 3476 3677 4364)
4(4041 3273 1592 3858)
4(4205 3477 3678 4365)
4(4042 3274 1593 3859)
4(4206 3478 3679 4366)
4(4043 3275 1594 3860)
4(4207 3479 3680 4367)
4(4044 3276 1595 3861)
4(4208 3480 3681 4368)
4(4049 3281 1600 3866)
4(4211 3484 3685 4371)
4(4050 3282 1601 3867)
4(4212 3485 3686 4372)
4(4051 3283 1602 3868)
4(4213 3486 3687 4373)
4(4052 3284 1603 3869)
4(4214 3487 3688 4374)
4(4053 3285 1604 3870)
4(4215 3488 3689 4375)
4(4054 3286 1605 3871)
4(4216 3489 3690 4376)
4(4055 3287 1606 3872)
4(4217 3490 3691 4377)
4(4056 3288 1607 3873)
4(4218 3491 3692 4378)
4(4057 3289 1608 3874)
4(4219 3492 3693 4379)
4(4058 3290 1609 3875)
4(4220 3493 3694 4380)
4(4059 3291 1610 3876)
4(4221 3494 3695 4381)
4(4060 3292 1611 3877)
4(4222 3495 3696 4382)
4(4061 3293 1612 3878)
4(4223 3496 3697 4383)
4(4062 3294 1613 3879)
4(4224 3497 3698 4384)
4(4063 3295 1614 3880)
4(4225 3498 3699 4385)
4(4064 3296 1615 3881)
4(4226 3499 3700 4386)
4(4065 3297 1616 3882)
4(4227 3500 3701 4387)
4(4066 3298 1617 3883)
4(4228 3501 3702 4388)
4(4067 3299 1618 3884)
4(4229 3502 3703 4389)
4(4068 3300 1619 3885)
4(4230 3503 3704 4390)
4(4069 3301 1620 3886)
4(4231 3504 3705 4391)
4(4070 3302 1621 3887)
4(4232 3505 3706 4392)
4(4071 3303 1622 3888)
4(4233 3506 3707 4393)
4(4072 3304 1623 3889)
4(4234 3507 3708 4394)
4(4073 3305 1624 3890)
4(4235 3508 3709 4395)
4(4074 3306 1625 3891)
4(4236 3509 3710 4396)
4(4075 3307 1626 3892)
4(4237 3510 3711 4397)
4(4076 3308 1627 3893)
4(4238 3511 3712 4398)
4(4077 3309 1628 3894)
4(4239 3512 3713 4399)
4(4078 3310 1629 3895)
4(4240 3513 3714 4400)
4(4079 3311 1630 3896)
4(4241 3514 3715 4401)
4(4080 3312 1631 3897)
4(4242 3515 3716 4402)
4(4081 3313 1632 3898)
4(4243 3516 3717 4403)
4(4082 3314 1633 3899)
4(4244 3517 3718 4404)
4(4083 3315 1634 3900)
4(4245 3518 3719 4405)
4(4084 3316 1635 3901)
4(4246 3519 3720 4406)
4(4085 3317 1636 3902)
4(4247 3520 3721 4407)
4(4086 3318 1637 3903)
4(4248 3521 3722 4408)
4(4087 3319 1638 3904)
4(4249 3522 3723 4409)
4(4090 3322 1641 3907)
4(4251 3524 3725 4411)
4(4091 3323 1642 3908)
4(4252 3525 3726 4412)
4(4092 3324 1643 3909)
4(4253 3526 3727 4413)
4(4093 3325 1644 3910)
4(4254 3527 3728 4414)
4(4094 3326 1645 3911)
4(4255 3528 3729 4415)
4(4095 3327 1646 3912)
4(4256 3529 3730 4416)
4(4096 3328 1647 3913)
4(4257 3530 3731 4417)
4(4097 3329 1648 3914)
4(4258 3531 3732 4418)
4(4098 3330 1649 3915)
4(4259 3532 3733 4419)
4(4099 3331 1650 3916)
4(4260 3533 3734 4420)
4(4100 3332 1651 3917)
4(4261 3534 3735 4421)
4(4101 3333 1652 3918)
4(4262 3535 3736 4422)
4(4102 3334 1653 3919)
4(4263 3536 3737 4423)
4(4103 3335 1654 3920)
4(4264 3537 3738 4424)
4(4104 3336 1655 3921)
4(4265 3538 3739 4425)
4(4105 3337 1656 3922)
4(4266 3539 3740 4426)
4(4106 3338 1657 3923)
4(4267 3540 3741 4427)
4(4107 3339 1658 3924)
4(4268 3541 3742 4428)
4(4108 3340 1659 3925)
4(4269 3542 3743 4429)
4(4109 3341 1660 3926)
4(4270 3543 3744 4430)
4(4110 3342 1661 3927)
4(4271 3544 3745 4431)
4(4111 3343 1662 3928)
4(4272 3545 3746 4432)
4(4112 3344 1663 3929)
4(4273 3546 3747 4433)
4(4113 3345 1664 3930)
4(4274 3547 3748 4434)
4(4114 3346 1665 3931)
4(4275 3548 3749 4435)
4(4115 3347 1666 3932)
4(4276 3549 3750 4436)
4(4116 3348 1667 3933)
4(4277 3550 3751 4437)
4(4117 3349 1668 3934)
4(4278 3551 3752 4438)
4(4118 3350 1669 3935)
4(4279 3552 3753 4439)
4(4119 3351 1670 3936)
4(4280 3553 3754 4440)
4(4120 3352 1671 3937)
4(4281 3554 3755 4441)
4(4121 3353 1672 3938)
4(4282 3555 3756 4442)
4(4122 3354 1673 3939)
4(4283 3556 3757 4443)
4(4123 3355 1674 3940)
4(4284 3557 3758 4444)
4(4124 3356 1675 3941)
4(4285 3558 3759 4445)
4(4125 3357 1676 3942)
4(4286 3559 3760 4446)
4(4126 3358 1677 3943)
4(4287 3560 3761 4447)
4(4127 3359 1678 3944)
4(4288 3561 3762 4448)
4(4128 3360 1679 3945)
4(4289 3562 3763 4449)
4(3724 3322 1641 3523)
4(3725 3323 1642 3524)
4(3726 3324 1643 3525)
4(3727 3325 1644 3526)
4(3728 3326 1645 3527)
4(3729 3327 1646 3528)
4(3730 3328 1647 3529)
4(3731 3329 1648 3530)
4(3732 3330 1649 3531)
4(3733 3331 1650 3532)
4(3734 3332 1651 3533)
4(3735 3333 1652 3534)
4(3736 3334 1653 3535)
4(3737 3335 1654 3536)
4(3738 3336 1655 3537)
4(3739 3337 1656 3538)
4(3740 3338 1657 3539)
4(3741 3339 1658 3540)
4(3742 3340 1659 3541)
4(3743 3341 1660 3542)
4(3744 3342 1661 3543)
4(3745 3343 1662 3544)
4(3746 3344 1663 3545)
4(3747 3345 1664 3546)
4(3748 3346 1665 3547)
4(3749 3347 1666 3548)
4(3750 3348 1667 3549)
4(3751 3349 1668 3550)
4(3752 3350 1669 3551)
4(3753 3351 1670 3552)
4(3754 3352 1671 3553)
4(3755 3353 1672 3554)
4(3756 3354 1673 3555)
4(3757 3355 1674 3556)
4(3758 3356 1675 3557)
4(3759 3357 1676 3558)
4(3760 3358 1677 3559)
4(3761 3359 1678 3560)
4(3762 3360 1679 3561)
4(3763 3361 1680 3562)
4(3523 1640 3321 3724)
4(3524 1641 3322 3725)
4(3525 1642 3323 3726)
4(3526 1643 3324 3727)
4(3527 1644 3325 3728)
4(3528 1645 3326 3729)
4(3529 1646 3327 3730)
4(3530 1647 3328 3731)
4(3531 1648 3329 3732)
4(3532 1649 3330 3733)
4(3533 1650 3331 3734)
4(3534 1651 3332 3735)
4(3535 1652 3333 3736)
4(3536 1653 3334 3737)
4(3537 1654 3335 3738)
4(3538 1655 3336 3739)
4(3539 1656 3337 3740)
4(3540 1657 3338 3741)
4(3541 1658 3339 3742)
4(3542 1659 3340 3743)
4(3543 1660 3341 3744)
4(3544 1661 3342 3745)
4(3545 1662 3343 3746)
4(3546 1663 3344 3747)
4(3547 1664 3345 3748)
4(3548 1665 3346 3749)
4(3549 1666 3347 3750)
4(3550 1667 3348 3751)
4(3551 1668 3349 3752)
4(3552 1669 3350 3753)
4(3553 1670 3351 3754)
4(3554 1671 3352 3755)
4(3555 1672 3353 3756)
4(3556 1673 3354 3757)
4(3557 1674 3355 3758)
4(3558 1675 3356 3759)
4(3559 1676 3357 3760)
4(3560 1677 3358 3761)
4(3561 1678 3359 3762)
4(3562 1679 3360 3763)
4(0 1681 1722 41)
4(41 1722 1763 82)
4(82 1763 1804 123)
4(123 1804 1845 164)
4(164 1845 1886 205)
4(205 1886 1927 246)
4(246 1927 1968 287)
4(287 1968 2009 328)
4(328 2009 2050 369)
4(369 2050 2091 410)
4(410 2091 2132 451)
4(451 2132 2173 492)
4(492 2173 2214 533)
4(533 2214 2255 574)
4(574 2255 2296 615)
4(615 2296 2337 656)
4(656 2337 2378 697)
4(697 2378 2419 738)
4(738 2419 2460 779)
4(779 2460 2501 820)
4(820 2501 2542 861)
4(861 2542 2583 902)
4(902 2583 2624 943)
4(943 2624 2665 984)
4(984 2665 2706 1025)
4(1025 2706 2747 1066)
4(1066 2747 2788 1107)
4(1107 2788 2829 1148)
4(1148 2829 2870 1189)
4(1189 2870 2911 1230)
4(1230 2911 2952 1271)
4(1271 2952 2993 1312)
4(1312 2993 3034 1353)
4(1353 3034 3075 1394)
4(3787 1394 3075 3970)
4(3794 1435 3116 3977)
4(3804 1476 3157 3987)
4(3825 1517 3198 4008)
4(3865 1558 3239 4048)
4(3906 1599 3280 4089)
4(40 81 1762 1721)
4(81 122 1803 1762)
4(122 163 1844 1803)
4(163 204 1885 1844)
4(204 245 1926 1885)
4(245 286 1967 1926)
4(286 327 2008 1967)
4(327 368 2049 2008)
4(368 409 2090 2049)
4(409 450 2131 2090)
4(450 491 2172 2131)
4(491 532 2213 2172)
4(532 573 2254 2213)
4(573 614 2295 2254)
4(614 655 2336 2295)
4(655 696 2377 2336)
4(696 737 2418 2377)
4(737 778 2459 2418)
4(778 819 2500 2459)
4(819 860 2541 2500)
4(860 901 2582 2541)
4(901 942 2623 2582)
4(942 983 2664 2623)
4(983 1024 2705 2664)
4(1024 1065 2746 2705)
4(1065 1106 2787 2746)
4(3765 1147 2828 3948)
4(3768 1188 2869 3951)
4(3771 1229 2910 3954)
4(3774 1270 2951 3957)
4(3777 1311 2992 3960)
4(3780 1352 3033 3963)
4(3783 1393 3074 3966)
4(3786 1434 3115 3969)
4(3793 1475 3156 3976)
4(3803 1516 3197 3986)
4(3824 1557 3238 4007)
4(3864 1598 3279 4047)
4(3905 1639 3320 4088)
4(3946 1680 3361 4129)
4(0 1 1682 1681)
4(1 2 1683 1682)
4(2 3 1684 1683)
4(3 4 1685 1684)
4(4 5 1686 1685)
4(5 6 1687 1686)
4(6 7 1688 1687)
4(7 8 1689 1688)
4(8 9 1690 1689)
4(9 10 1691 1690)
4(10 11 1692 1691)
4(11 12 1693 1692)
4(12 13 1694 1693)
4(13 14 1695 1694)
4(14 15 1696 1695)
4(15 16 1697 1696)
4(16 17 1698 1697)
4(17 18 1699 1698)
4(18 19 1700 1699)
4(19 20 1701 1700)
4(20 21 1702 1701)
4(21 22 1703 1702)
4(22 23 1704 1703)
4(23 24 1705 1704)
4(24 25 1706 1705)
4(25 26 1707 1706)
4(26 27 1708 1707)
4(27 28 1709 1708)
4(28 29 1710 1709)
4(29 30 1711 1710)
4(30 31 1712 1711)
4(31 32 1713 1712)
4(32 33 1714 1713)
4(33 34 1715 1714)
4(34 35 1716 1715)
4(35 36 1717 1716)
4(36 37 1718 1717)
4(37 38 1719 1718)
4(38 39 1720 1719)
4(39 40 1721 1720)
4(3970 3116 1435 3787)
4(3977 3157 1476 3794)
4(3987 3198 1517 3804)
4(4008 3239 1558 3825)
4(4048 3280 1599 3865)
4(4089 3321 1640 3906)
4(3948 2787 1106 3765)
4(3951 2828 1147 3768)
4(3954 2869 1188 3771)
4(3957 2910 1229 3774)
4(3960 2951 1270 3777)
4(3963 2992 1311 3780)
4(3966 3033 1352 3783)
4(3969 3074 1393 3786)
4(3976 3115 1434 3793)
4(3986 3156 1475 3803)
4(4007 3197 1516 3824)
4(4047 3238 1557 3864)
4(4088 3279 1598 3905)
4(4129 3320 1639 3946)
4(0 41 42 1)
4(41 82 83 42)
4(82 123 124 83)
4(123 164 165 124)
4(164 205 206 165)
4(205 246 247 206)
4(246 287 288 247)
4(287 328 329 288)
4(328 369 370 329)
4(369 410 411 370)
4(410 451 452 411)
4(451 492 493 452)
4(492 533 534 493)
4(533 574 575 534)
4(574 615 616 575)
4(615 656 657 616)
4(656 697 698 657)
4(697 738 739 698)
4(738 779 780 739)
4(779 820 821 780)
4(820 861 862 821)
4(861 902 903 862)
4(902 943 944 903)
4(943 984 985 944)
4(984 1025 1026 985)
4(1025 1066 1067 1026)
4(1066 1107 1108 1067)
4(1107 1148 1149 1108)
4(1148 1189 1190 1149)
4(1189 1230 1231 1190)
4(1230 1271 1272 1231)
4(1271 1312 1313 1272)
4(1312 1353 1354 1313)
5(1353 1394 3377 1395 1354)
4(4145 3381 1436 3788)
4(4149 3389 1477 3795)
4(4156 3406 1518 3805)
4(4173 3443 1559 3826)
4(4210 3483 1600 3866)
4(4250 3523 1641 3907)
4(1 42 43 2)
4(42 83 84 43)
4(83 124 125 84)
4(124 165 166 125)
4(165 206 207 166)
4(206 247 248 207)
4(247 288 289 248)
4(288 329 330 289)
4(329 370 371 330)
4(370 411 412 371)
4(411 452 453 412)
4(452 493 494 453)
4(493 534 535 494)
4(534 575 576 535)
4(575 616 617 576)
4(616 657 658 617)
4(657 698 699 658)
4(698 739 740 699)
4(739 780 781 740)
4(780 821 822 781)
4(821 862 863 822)
4(862 903 904 863)
4(903 944 945 904)
4(944 985 986 945)
4(985 1026 1027 986)
4(1026 1067 1068 1027)
4(1067 1108 1109 1068)
4(1108 1149 1150 1109)
4(1149 1190 1191 1150)
4(1190 1231 1232 1191)
4(1231 1272 1273 1232)
4(1272 1313 1314 1273)
4(1313 1354 1355 1314)
4(1354 1395 1396 1355)
5(1395 3788 1436 1437 1396)
5(1436 3795 1477 1478 1437)
5(1477 3805 1518 1519 1478)
6(1518 3826 1559 3444 1560 1519)
4(4211 3484 1601 3867)
4(4251 3524 1642 3908)
4(2 43 44 3)
4(43 84 85 44)
4(84 125 126 85)
4(125 166 167 126)
4(166 207 208 167)
4(207 248 249 208)
4(248 289 290 249)
4(289 330 331 290)
4(330 371 372 331)
4(371 412 413 372)
4(412 453 454 413)
4(453 494 495 454)
4(494 535 536 495)
4(535 576 577 536)
4(576 617 618 577)
4(617 658 659 618)
4(658 699 700 659)
4(699 740 741 700)
4(740 781 782 741)
4(781 822 823 782)
4(822 863 864 823)
4(863 904 905 864)
4(904 945 946 905)
4(945 986 987 946)
4(986 1027 1028 987)
4(1027 1068 1069 1028)
4(1068 1109 1110 1069)
4(1109 1150 1151 1110)
4(1150 1191 1192 1151)
4(1191 1232 1233 1192)
4(1232 1273 1274 1233)
4(1273 1314 1315 1274)
4(1314 1355 1356 1315)
4(1355 1396 1397 1356)
4(1396 1437 1438 1397)
4(1437 1478 1479 1438)
4(1478 1519 1520 1479)
6(1519 1560 3445 1561 3827 1520)
4(4212 3485 1602 3868)
4(4252 3525 1643 3909)
4(3 44 45 4)
4(44 85 86 45)
4(85 126 127 86)
4(126 167 168 127)
4(167 208 209 168)
4(208 249 250 209)
4(249 290 291 250)
4(290 331 332 291)
4(331 372 373 332)
4(372 413 414 373)
4(413 454 455 414)
4(454 495 496 455)
4(495 536 537 496)
4(536 577 578 537)
4(577 618 619 578)
4(618 659 660 619)
4(659 700 701 660)
4(700 741 742 701)
4(741 782 783 742)
4(782 823 824 783)
4(823 864 865 824)
4(864 905 906 865)
4(905 946 947 906)
4(946 987 988 947)
4(987 1028 1029 988)
4(1028 1069 1070 1029)
4(1069 1110 1111 1070)
4(1110 1151 1152 1111)
4(1151 1192 1193 1152)
4(1192 1233 1234 1193)
4(1233 1274 1275 1234)
4(1274 1315 1316 1275)
4(1315 1356 1357 1316)
4(1356 1397 1398 1357)
4(1397 1438 1439 1398)
4(1438 1479 1480 1439)
5(1479 1520 3407 1521 1480)
4(4174 3446 1562 3828)
4(4213 3486 1603 3869)
4(4253 3526 1644 3910)
4(4 45 46 5)
4(45 86 87 46)
4(86 127 128 87)
4(127 168 169 128)
4(168 209 210 169)
4(209 250 251 210)
4(250 291 292 251)
4(291 332 333 292)
4(332 373 374 333)
4(373 414 415 374)
4(414 455 456 415)
4(455 496 497 456)
4(496 537 538 497)
4(537 578 579 538)
4(578 619 620 579)
4(619 660 661 620)
4(660 701 702 661)
4(701 742 743 702)
4(742 783 784 743)
4(783 824 825 784)
4(824 865 866 825)
4(865 906 907 866)
4(906 947 948 907)
4(947 988 989 948)
4(988 1029 1030 989)
4(1029 1070 1071 1030)
4(1070 1111 1112 1071)
4(1111 1152 1153 1112)
4(1152 1193 1194 1153)
4(1193 1234 1235 1194)
4(1234 1275 1276 1235)
4(1275 1316 1317 1276)
4(1316 1357 1358 1317)
4(1357 1398 1399 1358)
4(1398 1439 1440 1399)
4(1439 1480 1481 1440)
5(1480 1521 3408 1522 1481)
4(4175 3447 1563 3829)
4(4214 3487 1604 3870)
4(4254 3527 1645 3911)
4(5 46 47 6)
4(46 87 88 47)
4(87 128 129 88)
4(128 169 170 129)
4(169 210 211 170)
4(210 251 252 211)
4(251 292 293 252)
4(292 333 334 293)
4(333 374 375 334)
4(374 415 416 375)
4(415 456 457 416)
4(456 497 498 457)
4(497 538 539 498)
4(538 579 580 539)
4(579 620 621 580)
4(620 661 662 621)
4(661 702 703 662)
4(702 743 744 703)
4(743 784 785 744)
4(784 825 826 785)
4(825 866 867 826)
4(866 907 908 867)
4(907 948 949 908)
4(948 989 990 949)
4(989 1030 1031 990)
4(1030 1071 1072 1031)
4(1071 1112 1113 1072)
4(1112 1153 1154 1113)
4(1153 1194 1195 1154)
4(1194 1235 1236 1195)
4(1235 1276 1277 1236)
4(1276 1317 1318 1277)
4(1317 1358 1359 1318)
4(1358 1399 1400 1359)
4(1399 1440 1441 1400)
4(1440 1481 1482 1441)
5(1481 1522 3409 1523 1482)
4(4176 3448 1564 3830)
4(4215 3488 1605 3871)
4(4255 3528 1646 3912)
4(6 47 48 7)
4(47 88 89 48)
4(88 129 130 89)
4(129 170 171 130)
4(170 211 212 171)
4(211 252 253 212)
4(252 293 294 253)
4(293 334 335 294)
4(334 375 376 335)
4(375 416 417 376)
4(416 457 458 417)
4(457 498 499 458)
4(498 539 540 499)
4(539 580 581 540)
4(580 621 622 581)
4(621 662 663 622)
4(662 703 704 663)
4(703 744 745 704)
4(744 785 786 745)
4(785 826 827 786)
4(826 867 868 827)
4(867 908 909 868)
4(908 949 950 909)
4(949 990 991 950)
4(990 1031 1032 991)
4(1031 1072 1073 1032)
4(1072 1113 1114 1073)
4(1113 1154 1155 1114)
4(1154 1195 1196 1155)
4(1195 1236 1237 1196)
4(1236 1277 1278 1237)
4(1277 1318 1319 1278)
4(1318 1359 1360 1319)
4(1359 1400 1401 1360)
4(1400 1441 1442 1401)
4(1441 1482 1483 1442)
5(1482 1523 3410 1524 1483)
4(4177 3449 1565 3831)
4(4216 3489 1606 3872)
4(4256 3529 1647 3913)
4(7 48 49 8)
4(48 89 90 49)
4(89 130 131 90)
4(130 171 172 131)
4(171 212 213 172)
4(212 253 254 213)
4(253 294 295 254)
4(294 335 336 295)
4(335 376 377 336)
4(376 417 418 377)
4(417 458 459 418)
4(458 499 500 459)
4(499 540 541 500)
4(540 581 582 541)
4(581 622 623 582)
4(622 663 664 623)
4(663 704 705 664)
4(704 745 746 705)
4(745 786 787 746)
4(786 827 828 787)
4(827 868 869 828)
4(868 909 910 869)
4(909 950 951 910)
4(950 991 992 951)
4(991 1032 1033 992)
4(1032 1073 1074 1033)
4(1073 1114 1115 1074)
4(1114 1155 1156 1115)
4(1155 1196 1197 1156)
4(1196 1237 1238 1197)
4(1237 1278 1279 1238)
4(1278 1319 1320 1279)
4(1319 1360 1361 1320)
4(1360 1401 1402 1361)
4(1401 1442 1443 1402)
4(1442 1483 1484 1443)
5(1483 1524 3411 1525 1484)
4(4178 3450 1566 3832)
4(4217 3490 1607 3873)
4(4257 3530 1648 3914)
4(8 49 50 9)
4(49 90 91 50)
4(90 131 132 91)
4(131 172 173 132)
4(172 213 214 173)
4(213 254 255 214)
4(254 295 296 255)
4(295 336 337 296)
4(336 377 378 337)
4(377 418 419 378)
4(418 459 460 419)
4(459 500 501 460)
4(500 541 542 501)
4(541 582 583 542)
4(582 623 624 583)
4(623 664 665 624)
4(664 705 706 665)
4(705 746 747 706)
4(746 787 788 747)
4(787 828 829 788)
4(828 869 870 829)
4(869 910 911 870)
4(910 951 952 911)
4(951 992 993 952)
4(992 1033 1034 993)
4(1033 1074 1075 1034)
4(1074 1115 1116 1075)
4(1115 1156 1157 1116)
4(1156 1197 1198 1157)
4(1197 1238 1239 1198)
4(1238 1279 1280 1239)
4(1279 1320 1321 1280)
4(1320 1361 1362 1321)
4(1361 1402 1403 1362)
4(1402 1443 1444 1403)
4(1443 1484 1485 1444)
6(1484 1525 3412 1526 3806 1485)
4(4179 3451 1567 3833)
4(4218 3491 1608 3874)
4(4258 3531 1649 3915)
4(9 50 51 10)
4(50 91 92 51)
4(91 132 133 92)
4(132 173 174 133)
4(173 214 215 174)
4(214 255 256 215)
4(255 296 297 256)
4(296 337 338 297)
4(337 378 379 338)
4(378 419 420 379)
4(419 460 461 420)
4(460 501 502 461)
4(501 542 543 502)
4(542 583 584 543)
4(583 624 625 584)
4(624 665 666 625)
4(665 706 707 666)
4(706 747 748 707)
4(747 788 789 748)
4(788 829 830 789)
4(829 870 871 830)
4(870 911 912 871)
4(911 952 953 912)
4(952 993 994 953)
4(993 1034 1035 994)
4(1034 1075 1076 1035)
4(1075 1116 1117 1076)
4(1116 1157 1158 1117)
4(1157 1198 1199 1158)
4(1198 1239 1240 1199)
4(1239 1280 1281 1240)
4(1280 1321 1322 1281)
4(1321 1362 1363 1322)
4(1362 1403 1404 1363)
4(1403 1444 1445 1404)
5(1444 1485 3390 1486 1445)
4(4157 3413 1527 3807)
4(4180 3452 1568 3834)
4(4219 3492 1609 3875)
4(4259 3532 1650 3916)
4(10 51 52 11)
4(51 92 93 52)
4(92 133 134 93)
4(133 174 175 134)
4(174 215 216 175)
4(215 256 257 216)
4(256 297 298 257)
4(297 338 339 298)
4(338 379 380 339)
4(379 420 421 380)
4(420 461 462 421)
4(461 502 503 462)
4(502 543 544 503)
4(543 584 585 544)
4(584 625 626 585)
4(625 666 667 626)
4(666 707 708 667)
4(707 748 749 708)
4(748 789 790 749)
4(789 830 831 790)
4(830 871 872 831)
4(871 912 913 872)
4(912 953 954 913)
4(953 994 995 954)
4(994 1035 1036 995)
4(1035 1076 1077 1036)
4(1076 1117 1118 1077)
4(1117 1158 1159 1118)
4(1158 1199 1200 1159)
4(1199 1240 1241 1200)
4(1240 1281 1282 1241)
4(1281 1322 1323 1282)
4(1322 1363 1364 1323)
4(1363 1404 1405 1364)
4(1404 1445 1446 1405)
5(1445 1486 3391 1487 1446)
4(4158 3414 1528 3808)
4(4181 3453 1569 3835)
4(4220 3493 1610 3876)
4(4260 3533 1651 3917)
4(11 52 53 12)
4(52 93 94 53)
4(93 134 135 94)
4(134 175 176 135)
4(175 216 217 176)
4(216 257 258 217)
4(257 298 299 258)
4(298 339 340 299)
4(339 380 381 340)
4(380 421 422 381)
4(421 462 463 422)
4(462 503 504 463)
4(503 544 545 504)
4(544 585 586 545)
4(585 626 627 586)
4(626 667 668 627)
4(667 708 709 668)
4(708 749 750 709)
4(749 790 791 750)
4(790 831 832 791)
4(831 872 873 832)
4(872 913 914 873)
4(913 954 955 914)
4(954 995 996 955)
4(995 1036 1037 996)
4(1036 1077 1078 1037)
4(1077 1118 1119 1078)
4(1118 1159 1160 1119)
4(1159 1200 1201 1160)
4(1200 1241 1242 1201)
4(1241 1282 1283 1242)
4(1282 1323 1324 1283)
4(1323 1364 1365 1324)
4(1364 1405 1406 1365)
4(1405 1446 1447 1406)
5(1446 1487 3392 1488 1447)
4(4159 3415 1529 3809)
4(4182 3454 1570 3836)
4(4221 3494 1611 3877)
4(4261 3534 1652 3918)
4(12 53 54 13)
4(53 94 95 54)
4(94 135 136 95)
4(135 176 177 136)
4(176 217 218 177)
4(217 258 259 218)
4(258 299 300 259)
4(299 340 341 300)
4(340 381 382 341)
4(381 422 423 382)
4(422 463 464 423)
4(463 504 505 464)
4(504 545 546 505)
4(545 586 587 546)
4(586 627 628 587)
4(627 668 669 628)
4(668 709 710 669)
4(709 750 751 710)
4(750 791 792 751)
4(791 832 833 792)
4(832 873 874 833)
4(873 914 915 874)
4(914 955 956 915)
4(955 996 997 956)
4(996 1037 1038 997)
4(1037 1078 1079 1038)
4(1078 1119 1120 1079)
4(1119 1160 1161 1120)
4(1160 1201 1202 1161)
4(1201 1242 1243 1202)
4(1242 1283 1284 1243)
4(1283 1324 1325 1284)
4(1324 1365 1366 1325)
4(1365 1406 1407 1366)
4(1406 1447 1448 1407)
5(1447 1488 3393 1489 1448)
4(4160 3416 1530 3810)
4(4183 3455 1571 3837)
4(4222 3495 1612 3878)
4(4262 3535 1653 3919)
4(13 54 55 14)
4(54 95 96 55)
4(95 136 137 96)
4(136 177 178 137)
4(177 218 219 178)
4(218 259 260 219)
4(259 300 301 260)
4(300 341 342 301)
4(341 382 383 342)
4(382 423 424 383)
4(423 464 465 424)
4(464 505 506 465)
4(505 546 547 506)
4(546 587 588 547)
4(587 628 629 588)
4(628 669 670 629)
4(669 710 711 670)
4(710 751 752 711)
4(751 792 793 752)
4(792 833 834 793)
4(833 874 875 834)
4(874 915 916 875)
4(915 956 957 916)
4(956 997 998 957)
4(997 1038 1039 998)
4(1038 1079 1080 1039)
4(1079 1120 1121 1080)
4(1120 1161 1162 1121)
4(1161 1202 1203 1162)
4(1202 1243 1244 1203)
4(1243 1284 1285 1244)
4(1284 1325 1326 1285)
4(1325 1366 1367 1326)
4(1366 1407 1408 1367)
4(1407 1448 1449 1408)
5(1448 1489 3394 1490 1449)
4(4161 3417 1531 3811)
4(4184 3456 1572 3838)
4(4223 3496 1613 3879)
4(4263 3536 1654 3920)
4(14 55 56 15)
4(55 96 97 56)
4(96 137 138 97)
4(137 178 179 138)
4(178 219 220 179)
4(219 260 261 220)
4(260 301 302 261)
4(301 342 343 302)
4(342 383 384 343)
4(383 424 425 384)
4(424 465 466 425)
4(465 506 507 466)
4(506 547 548 507)
4(547 588 589 548)
4(588 629 630 589)
4(629 670 671 630)
4(670 711 712 671)
4(711 752 753 712)
4(752 793 794 753)
4(793 834 835 794)
4(834 875 876 835)
4(875 916 917 876)
4(916 957 958 917)
4(957 998 999 958)
4(998 1039 1040 999)
4(1039 1080 1081 1040)
4(1080 1121 1122 1081)
4(1121 1162 1163 1122)
4(1162 1203 1204 1163)
4(1203 1244 1245 1204)
4(1244 1285 1286 1245)
4(1285 1326 1327 1286)
4(1326 1367 1368 1327)
4(1367 1408 1409 1368)
4(1408 1449 1450 1409)
5(1449 1490 3395 1491 1450)
4(4162 3418 1532 3812)
4(4185 3457 1573 3839)
4(4224 3497 1614 3880)
4(4264 3537 1655 3921)
4(15 56 57 16)
4(56 97 98 57)
4(97 138 139 98)
4(138 179 180 139)
4(179 220 221 180)
4(220 261 262 221)
4(261 302 303 262)
4(302 343 344 303)
4(343 384 385 344)
4(384 425 426 385)
4(425 466 467 426)
4(466 507 508 467)
4(507 548 549 508)
4(548 589 590 549)
4(589 630 631 590)
4(630 671 672 631)
4(671 712 713 672)
4(712 753 754 713)
4(753 794 795 754)
4(794 835 836 795)
4(835 876 877 836)
4(876 917 918 877)
4(917 958 959 918)
4(958 999 1000 959)
4(999 1040 1041 1000)
4(1040 1081 1082 1041)
4(1081 1122 1123 1082)
4(1122 1163 1164 1123)
4(1163 1204 1205 1164)
4(1204 1245 1246 1205)
4(1245 1286 1287 1246)
4(1286 1327 1328 1287)
4(1327 1368 1369 1328)
4(1368 1409 1410 1369)
4(1409 1450 1451 1410)
5(1450 1491 3396 1492 1451)
4(4163 3419 1533 3813)
4(4186 3458 1574 3840)
4(4225 3498 1615 3881)
4(4265 3538 1656 3922)
4(16 57 58 17)
4(57 98 99 58)
4(98 139 140 99)
4(139 180 181 140)
4(180 221 222 181)
4(221 262 263 222)
4(262 303 304 263)
4(303 344 345 304)
4(344 385 386 345)
4(385 426 427 386)
4(426 467 468 427)
4(467 508 509 468)
4(508 549 550 509)
4(549 590 591 550)
4(590 631 632 591)
4(631 672 673 632)
4(672 713 714 673)
4(713 754 755 714)
4(754 795 796 755)
4(795 836 837 796)
4(836 877 878 837)
4(877 918 919 878)
4(918 959 960 919)
4(959 1000 1001 960)
4(1000 1041 1042 1001)
4(1041 1082 1083 1042)
4(1082 1123 1124 1083)
4(1123 1164 1165 1124)
4(1164 1205 1206 1165)
4(1205 1246 1247 1206)
4(1246 1287 1288 1247)
4(1287 1328 1329 1288)
4(1328 1369 1370 1329)
4(1369 1410 1411 1370)
4(1410 1451 1452 1411)
5(1451 1492 3397 1493 1452)
4(4164 3420 1534 3814)
4(4187 3459 1575 3841)
4(4226 3499 1616 3882)
4(4266 3539 1657 3923)
4(17 58 59 18)
4(58 99 100 59)
4(99 140 141 100)
4(140 181 182 141)
4(181 222 223 182)
4(222 263 264 223)
4(263 304 305 264)
4(304 345 346 305)
4(345 386 387 346)
4(386 427 428 387)
4(427 468 469 428)
4(468 509 510 469)
4(509 550 551 510)
4(550 591 592 551)
4(591 632 633 592)
4(632 673 674 633)
4(673 714 715 674)
4(714 755 756 715)
4(755 796 797 756)
4(796 837 838 797)
4(837 878 879 838)
4(878 919 920 879)
4(919 960 961 920)
4(960 1001 1002 961)
4(1001 1042 1043 1002)
4(1042 1083 1084 1043)
4(1083 1124 1125 1084)
4(1124 1165 1166 1125)
4(1165 1206 1207 1166)
4(1206 1247 1248 1207)
4(1247 1288 1289 1248)
4(1288 1329 1330 1289)
4(1329 1370 1371 1330)
4(1370 1411 1412 1371)
4(1411 1452 1453 1412)
4(1452 1493 1494 1453)
6(1493 3814 1534 3421 1535 1494)
4(4188 3460 1576 3842)
4(4227 3500 1617 3883)
4(4267 3540 1658 3924)
4(18 59 60 19)
4(59 100 101 60)
4(100 141 142 101)
4(141 182 183 142)
4(182 223 224 183)
4(223 264 265 224)
4(264 305 306 265)
4(305 346 347 306)
4(346 387 388 347)
4(387 428 429 388)
4(428 469 470 429)
4(469 510 511 470)
4(510 551 552 511)
4(551 592 593 552)
4(592 633 634 593)
4(633 674 675 634)
4(674 715 716 675)
4(715 756 757 716)
4(756 797 798 757)
4(797 838 839 798)
4(838 879 880 839)
4(879 920 921 880)
4(920 961 962 921)
4(961 1002 1003 962)
4(1002 1043 1044 1003)
4(1043 1084 1085 1044)
4(1084 1125 1126 1085)
4(1125 1166 1167 1126)
4(1166 1207 1208 1167)
4(1207 1248 1249 1208)
4(1248 1289 1290 1249)
4(1289 1330 1331 1290)
4(1330 1371 1372 1331)
4(1371 1412 1413 1372)
4(1412 1453 1454 1413)
4(1453 1494 1495 1454)
5(1494 1535 3422 1536 1495)
4(4189 3461 1577 3843)
4(4228 3501 1618 3884)
4(4268 3541 1659 3925)
4(19 60 61 20)
4(60 101 102 61)
4(101 142 143 102)
4(142 183 184 143)
4(183 224 225 184)
4(224 265 266 225)
4(265 306 307 266)
4(306 347 348 307)
4(347 388 389 348)
4(388 429 430 389)
4(429 470 471 430)
4(470 511 512 471)
4(511 552 553 512)
4(552 593 594 553)
4(593 634 635 594)
4(634 675 676 635)
4(675 716 717 676)
4(716 757 758 717)
4(757 798 799 758)
4(798 839 840 799)
4(839 880 881 840)
4(880 921 922 881)
4(921 962 963 922)
4(962 1003 1004 963)
4(1003 1044 1045 1004)
4(1044 1085 1086 1045)
4(1085 1126 1127 1086)
4(1126 1167 1168 1127)
4(1167 1208 1209 1168)
4(1208 1249 1250 1209)
4(1249 1290 1291 1250)
4(1290 1331 1332 1291)
4(1331 1372 1373 1332)
4(1372 1413 1414 1373)
4(1413 1454 1455 1414)
4(1454 1495 1496 1455)
5(1495 1536 3423 1537 1496)
4(4190 3462 1578 3844)
4(4229 3502 1619 3885)
4(4269 3542 1660 3926)
4(20 61 62 21)
4(61 102 103 62)
4(102 143 144 103)
4(143 184 185 144)
4(184 225 226 185)
4(225 266 267 226)
4(266 307 308 267)
4(307 348 349 308)
4(348 389 390 349)
4(389 430 431 390)
4(430 471 472 431)
4(471 512 513 472)
4(512 553 554 513)
4(553 594 595 554)
4(594 635 636 595)
4(635 676 677 636)
4(676 717 718 677)
4(717 758 759 718)
4(758 799 800 759)
4(799 840 841 800)
4(840 881 882 841)
4(881 922 923 882)
4(922 963 964 923)
4(963 1004 1005 964)
4(1004 1045 1046 1005)
4(1045 1086 1087 1046)
4(1086 1127 1128 1087)
4(1127 1168 1169 1128)
4(1168 1209 1210 1169)
4(1209 1250 1251 1210)
4(1250 1291 1292 1251)
4(1291 1332 1333 1292)
4(1332 1373 1374 1333)
4(1373 1414 1415 1374)
4(1414 1455 1456 1415)
4(1455 1496 1497 1456)
5(1496 1537 3424 1538 1497)
4(4191 3463 1579 3845)
4(4230 3503 1620 3886)
4(4270 3543 1661 3927)
4(21 62 63 22)
4(62 103 104 63)
4(103 144 145 104)
4(144 185 186 145)
4(185 226 227 186)
4(226 267 268 227)
4(267 308 309 268)
4(308 349 350 309)
4(349 390 391 350)
4(390 431 432 391)
4(431 472 473 432)
4(472 513 514 473)
4(513 554 555 514)
4(554 595 596 555)
4(595 636 637 596)
4(636 677 678 637)
4(677 718 719 678)
4(718 759 760 719)
4(759 800 801 760)
4(800 841 842 801)
4(841 882 883 842)
4(882 923 924 883)
4(923 964 965 924)
4(964 1005 1006 965)
4(1005 1046 1047 1006)
4(1046 1087 1088 1047)
4(1087 1128 1129 1088)
4(1128 1169 1170 1129)
4(1169 1210 1211 1170)
4(1210 1251 1252 1211)
4(1251 1292 1293 1252)
4(1292 1333 1334 1293)
4(1333 1374 1375 1334)
4(1374 1415 1416 1375)
4(1415 1456 1457 1416)
4(1456 1497 1498 1457)
5(1497 1538 3425 1539 1498)
4(4192 3464 1580 3846)
4(4231 3504 1621 3887)
4(4271 3544 1662 3928)
4(22 63 64 23)
4(63 104 105 64)
4(104 145 146 105)
4(145 186 187 146)
4(186 227 228 187)
4(227 268 269 228)
4(268 309 310 269)
4(309 350 351 310)
4(350 391 392 351)
4(391 432 433 392)
4(432 473 474 433)
4(473 514 515 474)
4(514 555 556 515)
4(555 596 597 556)
4(596 637 638 597)
4(637 678 679 638)
4(678 719 720 679)
4(719 760 761 720)
4(760 801 802 761)
4(801 842 843 802)
4(842 883 884 843)
4(883 924 925 884)
4(924 965 966 925)
4(965 1006 1007 966)
4(1006 1047 1048 1007)
4(1047 1088 1089 1048)
4(1088 1129 1130 1089)
4(1129 1170 1171 1130)
4(1170 1211 1212 1171)
4(1211 1252 1253 1212)
4(1252 1293 1294 1253)
4(1293 1334 1335 1294)
4(1334 1375 1376 1335)
4(1375 1416 1417 1376)
4(1416 1457 1458 1417)
4(1457 1498 1499 1458)
5(1498 1539 3426 1540 1499)
4(4193 3465 1581 3847)
4(4232 3505 1622 3888)
4(4272 3545 1663 3929)
4(23 64 65 24)
4(64 105 106 65)
4(105 146 147 106)
4(146 187 188 147)
4(187 228 229 188)
4(228 269 270 229)
4(269 310 311 270)
4(310 351 352 311)
4(351 392 393 352)
4(392 433 434 393)
4(433 474 475 434)
4(474 515 516 475)
4(515 556 557 516)
4(556 597 598 557)
4(597 638 639 598)
4(638 679 680 639)
4(679 720 721 680)
4(720 761 762 721)
4(761 802 803 762)
4(802 843 844 803)
4(843 884 885 844)
4(884 925 926 885)
4(925 966 967 926)
4(966 1007 1008 967)
4(1007 1048 1049 1008)
4(1048 1089 1090 1049)
4(1089 1130 1131 1090)
4(1130 1171 1172 1131)
4(1171 1212 1213 1172)
4(1212 1253 1254 1213)
4(1253 1294 1295 1254)
4(1294 1335 1336 1295)
4(1335 1376 1377 1336)
4(1376 1417 1418 1377)
4(1417 1458 1459 1418)
4(1458 1499 1500 1459)
5(1499 1540 3427 1541 1500)
4(4194 3466 1582 3848)
4(4233 3506 1623 3889)
4(4273 3546 1664 3930)
4(24 65 66 25)
4(65 106 107 66)
4(106 147 148 107)
4(147 188 189 148)
4(188 229 230 189)
4(229 270 271 230)
4(270 311 312 271)
4(311 352 353 312)
4(352 393 394 353)
4(393 434 435 394)
4(434 475 476 435)
4(475 516 517 476)
4(516 557 558 517)
4(557 598 599 558)
4(598 639 640 599)
4(639 680 681 640)
4(680 721 722 681)
4(721 762 763 722)
4(762 803 804 763)
4(803 844 845 804)
4(844 885 886 845)
4(885 926 927 886)
4(926 967 968 927)
4(967 1008 1009 968)
4(1008 1049 1050 1009)
4(1049 1090 1091 1050)
4(1090 1131 1132 1091)
4(1131 1172 1173 1132)
4(1172 1213 1214 1173)
4(1213 1254 1255 1214)
4(1254 1295 1296 1255)
4(1295 1336 1337 1296)
4(1336 1377 1378 1337)
4(1377 1418 1419 1378)
4(1418 1459 1460 1419)
4(1459 1500 1501 1460)
5(1500 1541 3428 1542 1501)
4(4195 3467 1583 3849)
4(4234 3507 1624 3890)
4(4274 3547 1665 3931)
4(25 66 67 26)
4(66 107 108 67)
4(107 148 149 108)
4(148 189 190 149)
4(189 230 231 190)
4(230 271 272 231)
4(271 312 313 272)
4(312 353 354 313)
4(353 394 395 354)
4(394 435 436 395)
4(435 476 477 436)
4(476 517 518 477)
4(517 558 559 518)
4(558 599 600 559)
4(599 640 641 600)
4(640 681 682 641)
4(681 722 723 682)
4(722 763 764 723)
4(763 804 805 764)
4(804 845 846 805)
4(845 886 887 846)
4(886 927 928 887)
4(927 968 969 928)
4(968 1009 1010 969)
4(1009 1050 1051 1010)
4(1050 1091 1092 1051)
4(1091 1132 1133 1092)
4(1132 1173 1174 1133)
4(1173 1214 1215 1174)
4(1214 1255 1256 1215)
4(1255 1296 1297 1256)
4(1296 1337 1338 1297)
4(1337 1378 1379 1338)
4(1378 1419 1420 1379)
4(1419 1460 1461 1420)
4(1460 1501 1502 1461)
5(1501 1542 3429 1543 1502)
4(4196 3468 1584 3850)
4(4235 3508 1625 3891)
4(4275 3548 1666 3932)
4(26 67 68 27)
4(67 108 109 68)
4(108 149 150 109)
4(149 190 191 150)
4(190 231 232 191)
4(231 272 273 232)
4(272 313 314 273)
4(313 354 355 314)
4(354 395 396 355)
4(395 436 437 396)
4(436 477 478 437)
4(477 518 519 478)
4(518 559 560 519)
4(559 600 601 560)
4(600 641 642 601)
4(641 682 683 642)
4(682 723 724 683)
4(723 764 765 724)
4(764 805 806 765)
4(805 846 847 806)
4(846 887 888 847)
4(887 928 929 888)
4(928 969 970 929)
4(969 1010 1011 970)
4(1010 1051 1052 1011)
4(1051 1092 1093 1052)
4(1092 1133 1134 1093)
4(1133 1174 1175 1134)
4(1174 1215 1216 1175)
4(1215 1256 1257 1216)
4(1256 1297 1298 1257)
4(1297 1338 1339 1298)
4(1338 1379 1380 1339)
4(1379 1420 1421 1380)
4(1420 1461 1462 1421)
4(1461 1502 1503 1462)
5(1502 1543 3430 1544 1503)
4(4197 3469 1585 3851)
4(4236 3509 1626 3892)
4(4276 3549 1667 3933)
4(27 68 69 28)
4(68 109 110 69)
4(109 150 151 110)
4(150 191 192 151)
4(191 232 233 192)
4(232 273 274 233)
4(273 314 315 274)
4(314 355 356 315)
4(355 396 397 356)
4(396 437 438 397)
4(437 478 479 438)
4(478 519 520 479)
4(519 560 561 520)
4(560 601 602 561)
4(601 642 643 602)
4(642 683 684 643)
4(683 724 725 684)
4(724 765 766 725)
4(765 806 807 766)
4(806 847 848 807)
4(847 888 889 848)
4(888 929 930 889)
4(929 970 971 930)
4(970 1011 1012 971)
4(1011 1052 1053 1012)
4(1052 1093 1094 1053)
4(1093 1134 1135 1094)
4(1134 1175 1176 1135)
4(1175 1216 1217 1176)
4(1216 1257 1258 1217)
4(1257 1298 1299 1258)
4(1298 1339 1340 1299)
4(1339 1380 1381 1340)
4(1380 1421 1422 1381)
4(1421 1462 1463 1422)
4(1462 1503 1504 1463)
5(1503 1544 3431 1545 1504)
4(4198 3470 1586 3852)
4(4237 3510 1627 3893)
4(4277 3550 1668 3934)
4(28 69 70 29)
4(69 110 111 70)
4(110 151 152 111)
4(151 192 193 152)
4(192 233 234 193)
4(233 274 275 234)
4(274 315 316 275)
4(315 356 357 316)
4(356 397 398 357)
4(397 438 439 398)
4(438 479 480 439)
4(479 520 521 480)
4(520 561 562 521)
4(561 602 603 562)
4(602 643 644 603)
4(643 684 685 644)
4(684 725 726 685)
4(725 766 767 726)
4(766 807 808 767)
4(807 848 849 808)
4(848 889 890 849)
4(889 930 931 890)
4(930 971 972 931)
4(971 1012 1013 972)
4(1012 1053 1054 1013)
4(1053 1094 1095 1054)
4(1094 1135 1136 1095)
4(1135 1176 1177 1136)
4(1176 1217 1218 1177)
4(1217 1258 1259 1218)
4(1258 1299 1300 1259)
4(1299 1340 1341 1300)
4(1340 1381 1382 1341)
4(1381 1422 1423 1382)
4(1422 1463 1464 1423)
4(1463 1504 1505 1464)
5(1504 1545 3432 1546 1505)
4(4199 3471 1587 3853)
4(4238 3511 1628 3894)
4(4278 3551 1669 3935)
4(29 70 71 30)
4(70 111 112 71)
4(111 152 153 112)
4(152 193 194 153)
4(193 234 235 194)
4(234 275 276 235)
4(275 316 317 276)
4(316 357 358 317)
4(357 398 399 358)
4(398 439 440 399)
4(439 480 481 440)
4(480 521 522 481)
4(521 562 563 522)
4(562 603 604 563)
4(603 644 645 604)
4(644 685 686 645)
4(685 726 727 686)
4(726 767 768 727)
4(767 808 809 768)
4(808 849 850 809)
4(849 890 891 850)
4(890 931 932 891)
4(931 972 973 932)
4(972 1013 1014 973)
4(1013 1054 1055 1014)
4(1054 1095 1096 1055)
4(1095 1136 1137 1096)
4(1136 1177 1178 1137)
4(1177 1218 1219 1178)
4(1218 1259 1260 1219)
4(1259 1300 1301 1260)
4(1300 1341 1342 1301)
4(1341 1382 1383 1342)
4(1382 1423 1424 1383)
4(1423 1464 1465 1424)
4(1464 1505 1506 1465)
5(1505 1546 3433 1547 1506)
4(4200 3472 1588 3854)
4(4239 3512 1629 3895)
4(4279 3552 1670 3936)
4(30 71 72 31)
4(71 112 113 72)
4(112 153 154 113)
4(153 194 195 154)
4(194 235 236 195)
4(235 276 277 236)
4(276 317 318 277)
4(317 358 359 318)
4(358 399 400 359)
4(399 440 441 400)
4(440 481 482 441)
4(481 522 523 482)
4(522 563 564 523)
4(563 604 605 564)
4(604 645 646 605)
4(645 686 687 646)
4(686 727 728 687)
4(727 768 769 728)
4(768 809 810 769)
4(809 850 851 810)
4(850 891 892 851)
4(891 932 933 892)
4(932 973 974 933)
4(973 1014 1015 974)
4(1014 1055 1056 1015)
4(1055 1096 1097 1056)
4(1096 1137 1138 1097)
4(1137 1178 1179 1138)
4(1178 1219 1220 1179)
4(1219 1260 1261 1220)
4(1260 1301 1302 1261)
4(1301 1342 1343 1302)
4(1342 1383 1384 1343)
4(1383 1424 1425 1384)
4(1424 1465 1466 1425)
4(1465 1506 1507 1466)
6(1506 1547 3434 1548 3815 1507)
4(4201 3473 1589 3855)
4(4240 3513 1630 3896)
4(4280 3553 1671 3937)
4(31 72 73 32)
4(72 113 114 73)
4(113 154 155 114)
4(154 195 196 155)
4(195 236 237 196)
4(236 277 278 237)
4(277 318 319 278)
4(318 359 360 319)
4(359 400 401 360)
4(400 441 442 401)
4(441 482 483 442)
4(482 523 524 483)
4(523 564 565 524)
4(564 605 606 565)
4(605 646 647 606)
4(646 687 688 647)
4(687 728 729 688)
4(728 769 770 729)
4(769 810 811 770)
4(810 851 852 811)
4(851 892 893 852)
4(892 933 934 893)
4(933 974 975 934)
4(974 1015 1016 975)
4(1015 1056 1057 1016)
4(1056 1097 1098 1057)
4(1097 1138 1139 1098)
4(1138 1179 1180 1139)
4(1179 1220 1221 1180)
4(1220 1261 1262 1221)
4(1261 1302 1303 1262)
4(1302 1343 1344 1303)
4(1343 1384 1385 1344)
4(1384 1425 1426 1385)
4(1425 1466 1467 1426)
6(1466 1507 3398 1508 3796 1467)
4(4165 3435 1549 3816)
4(4202 3474 1590 3856)
4(4241 3514 1631 3897)
4(4281 3554 1672 3938)
4(32 73 74 33)
4(73 114 115 74)
4(114 155 156 115)
4(155 196 197 156)
4(196 237 238 197)
4(237 278 279 238)
4(278 319 320 279)
4(319 360 361 320)
4(360 401 402 361)
4(401 442 443 402)
4(442 483 484 443)
4(483 524 525 484)
4(524 565 566 525)
4(565 606 607 566)
4(606 647 648 607)
4(647 688 689 648)
4(688 729 730 689)
4(729 770 771 730)
4(770 811 812 771)
4(811 852 853 812)
4(852 893 894 853)
4(893 934 935 894)
4(934 975 976 935)
4(975 1016 1017 976)
4(1016 1057 1058 1017)
4(1057 1098 1099 1058)
4(1098 1139 1140 1099)
4(1139 1180 1181 1140)
4(1180 1221 1222 1181)
4(1221 1262 1263 1222)
4(1262 1303 1304 1263)
4(1303 1344 1345 1304)
4(1344 1385 1386 1345)
4(1385 1426 1427 1386)
5(1426 1467 3382 1468 1427)
4(4150 3399 1509 3797)
4(4166 3436 1550 3817)
4(4203 3475 1591 3857)
4(4242 3515 1632 3898)
4(4282 3555 1673 3939)
4(33 74 75 34)
4(74 115 116 75)
4(115 156 157 116)
4(156 197 198 157)
4(197 238 239 198)
4(238 279 280 239)
4(279 320 321 280)
4(320 361 362 321)
4(361 402 403 362)
4(402 443 444 403)
4(443 484 485 444)
4(484 525 526 485)
4(525 566 567 526)
4(566 607 608 567)
4(607 648 649 608)
4(648 689 690 649)
4(689 730 731 690)
4(730 771 772 731)
4(771 812 813 772)
4(812 853 854 813)
4(853 894 895 854)
4(894 935 936 895)
4(935 976 977 936)
4(976 1017 1018 977)
4(1017 1058 1059 1018)
4(1058 1099 1100 1059)
4(1099 1140 1141 1100)
4(1140 1181 1182 1141)
4(1181 1222 1223 1182)
4(1222 1263 1264 1223)
4(1263 1304 1305 1264)
4(1304 1345 1346 1305)
4(1345 1386 1387 1346)
4(1386 1427 1428 1387)
6(1427 1468 3383 1469 3789 1428)
4(4151 3400 1510 3798)
4(4167 3437 1551 3818)
4(4204 3476 1592 3858)
4(4243 3516 1633 3899)
4(4283 3556 1674 3940)
4(34 75 76 35)
4(75 116 117 76)
4(116 157 158 117)
4(157 198 199 158)
4(198 239 240 199)
4(239 280 281 240)
4(280 321 322 281)
4(321 362 363 322)
4(362 403 404 363)
4(403 444 445 404)
4(444 485 486 445)
4(485 526 527 486)
4(526 567 568 527)
4(567 608 609 568)
4(608 649 650 609)
4(649 690 691 650)
4(690 731 732 691)
4(731 772 773 732)
4(772 813 814 773)
4(813 854 855 814)
4(854 895 896 855)
4(895 936 937 896)
4(936 977 978 937)
4(977 1018 1019 978)
4(1018 1059 1060 1019)
4(1059 1100 1101 1060)
4(1100 1141 1142 1101)
4(1141 1182 1183 1142)
4(1182 1223 1224 1183)
4(1223 1264 1265 1224)
4(1264 1305 1306 1265)
4(1305 1346 1347 1306)
4(1346 1387 1388 1347)
5(1387 1428 3378 1429 1388)
4(4146 3384 1470 3790)
4(4152 3401 1511 3799)
4(4168 3438 1552 3819)
4(4205 3477 1593 3859)
4(4244 3517 1634 3900)
4(4284 3557 1675 3941)
4(35 76 77 36)
4(76 117 118 77)
4(117 158 159 118)
4(158 199 200 159)
4(199 240 241 200)
4(240 281 282 241)
4(281 322 323 282)
4(322 363 364 323)
4(363 404 405 364)
4(404 445 446 405)
4(445 486 487 446)
4(486 527 528 487)
4(527 568 569 528)
4(568 609 610 569)
4(609 650 651 610)
4(650 691 692 651)
4(691 732 733 692)
4(732 773 774 733)
4(773 814 815 774)
4(814 855 856 815)
4(855 896 897 856)
4(896 937 938 897)
4(937 978 979 938)
4(978 1019 1020 979)
4(1019 1060 1061 1020)
4(1060 1101 1102 1061)
4(1101 1142 1143 1102)
4(1142 1183 1184 1143)
4(1183 1224 1225 1184)
4(1224 1265 1266 1225)
4(1265 1306 1307 1266)
4(1306 1347 1348 1307)
4(1347 1388 1389 1348)
4(1388 1429 1430 1389)
6(1429 3790 1470 3385 1471 1430)
4(4153 3402 1512 3800)
4(4169 3439 1553 3820)
4(4206 3478 1594 3860)
4(4245 3518 1635 3901)
4(4285 3558 1676 3942)
4(36 77 78 37)
4(77 118 119 78)
4(118 159 160 119)
4(159 200 201 160)
4(200 241 242 201)
4(241 282 283 242)
4(282 323 324 283)
4(323 364 365 324)
4(364 405 406 365)
4(405 446 447 406)
4(446 487 488 447)
4(487 528 529 488)
4(528 569 570 529)
4(569 610 611 570)
4(610 651 652 611)
4(651 692 693 652)
4(692 733 734 693)
4(733 774 775 734)
4(774 815 816 775)
4(815 856 857 816)
4(856 897 898 857)
4(897 938 939 898)
4(938 979 980 939)
4(979 1020 1021 980)
4(1020 1061 1062 1021)
4(1061 1102 1103 1062)
4(1102 1143 1144 1103)
4(1143 1184 1185 1144)
4(1184 1225 1226 1185)
4(1225 1266 1267 1226)
4(1266 1307 1308 1267)
4(1307 1348 1349 1308)
4(1348 1389 1390 1349)
4(1389 1430 1431 1390)
5(1430 1471 3386 1472 1431)
4(4154 3403 1513 3801)
4(4170 3440 1554 3821)
4(4207 3479 1595 3861)
4(4246 3519 1636 3902)
4(4286 3559 1677 3943)
4(37 78 79 38)
4(78 119 120 79)
4(119 160 161 120)
4(160 201 202 161)
4(201 242 243 202)
4(242 283 284 243)
4(283 324 325 284)
4(324 365 366 325)
4(365 406 407 366)
4(406 447 448 407)
4(447 488 489 448)
4(488 529 530 489)
4(529 570 571 530)
4(570 611 612 571)
4(611 652 653 612)
4(652 693 694 653)
4(693 734 735 694)
4(734 775 776 735)
4(775 816 817 776)
4(816 857 858 817)
4(857 898 899 858)
4(898 939 940 899)
4(939 980 981 940)
4(980 1021 1022 981)
4(1021 1062 1063 1022)
4(1062 1103 1104 1063)
4(1103 1144 1145 1104)
5(1144 1185 1186 3766 1145)
5(1185 1226 1227 3769 1186)
5(1226 1267 1268 3772 1227)
5(1267 1308 1309 3775 1268)
5(1308 1349 1350 3778 1309)
5(1349 1390 1391 3781 1350)
5(1390 1431 1432 3784 1391)
5(1431 1472 1473 3791 1432)
6(1472 3801 1513 3404 1514 1473)
4(4171 3441 1555 3822)
4(4208 3480 1596 3862)
4(4247 3520 1637 3903)
4(4287 3560 1678 3944)
4(38 79 80 39)
4(79 120 121 80)
4(120 161 162 121)
4(161 202 203 162)
4(202 243 244 203)
4(243 284 285 244)
4(284 325 326 285)
4(325 366 367 326)
4(366 407 408 367)
4(407 448 449 408)
4(448 489 490 449)
4(489 530 531 490)
4(530 571 572 531)
4(571 612 613 572)
4(612 653 654 613)
4(653 694 695 654)
4(694 735 736 695)
4(735 776 777 736)
4(776 817 818 777)
4(817 858 859 818)
4(858 899 900 859)
4(899 940 941 900)
4(940 981 982 941)
4(981 1022 1023 982)
4(1022 1063 1064 1023)
4(1063 1104 1105 1064)
6(1104 1145 3363 1146 3764 1105)
4(4131 3365 1187 3767)
4(4133 3367 1228 3770)
4(4135 3369 1269 3773)
4(4137 3371 1310 3776)
4(4139 3373 1351 3779)
4(4141 3375 1392 3782)
4(4143 3379 1433 3785)
4(4147 3387 1474 3792)
6(1473 1514 1515 3802 1474 3387)
6(1514 3822 1555 1556 3823 1515)
7(1555 3862 1596 3481 1597 3863 1556)
4(4248 3521 1638 3904)
4(4288 3561 1679 3945)
4(39 80 81 40)
4(80 121 122 81)
4(121 162 163 122)
4(162 203 204 163)
4(203 244 245 204)
4(244 285 286 245)
4(285 326 327 286)
4(326 367 368 327)
4(367 408 409 368)
4(408 449 450 409)
4(449 490 491 450)
4(490 531 532 491)
4(531 572 573 532)
4(572 613 614 573)
4(613 654 655 614)
4(654 695 696 655)
4(695 736 737 696)
4(736 777 778 737)
4(777 818 819 778)
4(818 859 860 819)
4(859 900 901 860)
4(900 941 942 901)
4(941 982 983 942)
4(982 1023 1024 983)
4(1023 1064 1065 1024)
5(1064 1105 3362 1106 1065)
4(4130 3364 1147 3765)
4(4132 3366 1188 3768)
4(4134 3368 1229 3771)
4(4136 3370 1270 3774)
4(4138 3372 1311 3777)
4(4140 3374 1352 3780)
4(4142 3376 1393 3783)
4(4144 3380 1434 3786)
4(4148 3388 1475 3793)
4(4155 3405 1516 3803)
4(4172 3442 1557 3824)
4(4209 3482 1598 3864)
4(4249 3522 1639 3905)
4(4289 3562 1680 3946)
4(1681 1682 1723 1722)
4(1722 1723 1764 1763)
4(1763 1764 1805 1804)
4(1804 1805 1846 1845)
4(1845 1846 1887 1886)
4(1886 1887 1928 1927)
4(1927 1928 1969 1968)
4(1968 1969 2010 2009)
4(2009 2010 2051 2050)
4(2050 2051 2092 2091)
4(2091 2092 2133 2132)
4(2132 2133 2174 2173)
4(2173 2174 2215 2214)
4(2214 2215 2256 2255)
4(2255 2256 2297 2296)
4(2296 2297 2338 2337)
4(2337 2338 2379 2378)
4(2378 2379 2420 2419)
4(2419 2420 2461 2460)
4(2460 2461 2502 2501)
4(2501 2502 2543 2542)
4(2542 2543 2584 2583)
4(2583 2584 2625 2624)
4(2624 2625 2666 2665)
4(2665 2666 2707 2706)
4(2706 2707 2748 2747)
4(2747 2748 2789 2788)
4(2788 2789 2830 2829)
4(2829 2830 2871 2870)
4(2870 2871 2912 2911)
4(2911 2912 2953 2952)
4(2952 2953 2994 2993)
4(2993 2994 3035 3034)
5(3034 3035 3076 3578 3075)
4(3971 3117 3582 4305)
4(3978 3158 3590 4309)
4(3988 3199 3607 4316)
4(4009 3240 3644 4333)
4(4049 3281 3684 4370)
4(4090 3322 3724 4410)
4(1682 1683 1724 1723)
4(1723 1724 1765 1764)
4(1764 1765 1806 1805)
4(1805 1806 1847 1846)
4(1846 1847 1888 1887)
4(1887 1888 1929 1928)
4(1928 1929 1970 1969)
4(1969 1970 2011 2010)
4(2010 2011 2052 2051)
4(2051 2052 2093 2092)
4(2092 2093 2134 2133)
4(2133 2134 2175 2174)
4(2174 2175 2216 2215)
4(2215 2216 2257 2256)
4(2256 2257 2298 2297)
4(2297 2298 2339 2338)
4(2338 2339 2380 2379)
4(2379 2380 2421 2420)
4(2420 2421 2462 2461)
4(2461 2462 2503 2502)
4(2502 2503 2544 2543)
4(2543 2544 2585 2584)
4(2584 2585 2626 2625)
4(2625 2626 2667 2666)
4(2666 2667 2708 2707)
4(2707 2708 2749 2748)
4(2748 2749 2790 2789)
4(2789 2790 2831 2830)
4(2830 2831 2872 2871)
4(2871 2872 2913 2912)
4(2912 2913 2954 2953)
4(2953 2954 2995 2994)
4(2994 2995 3036 3035)
4(3035 3036 3077 3076)
5(3076 3077 3118 3117 3971)
5(3117 3118 3159 3158 3978)
5(3158 3159 3200 3199 3988)
6(3199 3200 3241 3645 3240 4009)
4(4050 3282 3685 4371)
4(4091 3323 3725 4411)
4(1683 1684 1725 1724)
4(1724 1725 1766 1765)
4(1765 1766 1807 1806)
4(1806 1807 1848 1847)
4(1847 1848 1889 1888)
4(1888 1889 1930 1929)
4(1929 1930 1971 1970)
4(1970 1971 2012 2011)
4(2011 2012 2053 2052)
4(2052 2053 2094 2093)
4(2093 2094 2135 2134)
4(2134 2135 2176 2175)
4(2175 2176 2217 2216)
4(2216 2217 2258 2257)
4(2257 2258 2299 2298)
4(2298 2299 2340 2339)
4(2339 2340 2381 2380)
4(2380 2381 2422 2421)
4(2421 2422 2463 2462)
4(2462 2463 2504 2503)
4(2503 2504 2545 2544)
4(2544 2545 2586 2585)
4(2585 2586 2627 2626)
4(2626 2627 2668 2667)
4(2667 2668 2709 2708)
4(2708 2709 2750 2749)
4(2749 2750 2791 2790)
4(2790 2791 2832 2831)
4(2831 2832 2873 2872)
4(2872 2873 2914 2913)
4(2913 2914 2955 2954)
4(2954 2955 2996 2995)
4(2995 2996 3037 3036)
4(3036 3037 3078 3077)
4(3077 3078 3119 3118)
4(3118 3119 3160 3159)
4(3159 3160 3201 3200)
6(3200 3201 4010 3242 3646 3241)
4(4051 3283 3686 4372)
4(4092 3324 3726 4412)
4(1684 1685 1726 1725)
4(1725 1726 1767 1766)
4(1766 1767 1808 1807)
4(1807 1808 1849 1848)
4(1848 1849 1890 1889)
4(1889 1890 1931 1930)
4(1930 1931 1972 1971)
4(1971 1972 2013 2012)
4(2012 2013 2054 2053)
4(2053 2054 2095 2094)
4(2094 2095 2136 2135)
4(2135 2136 2177 2176)
4(2176 2177 2218 2217)
4(2217 2218 2259 2258)
4(2258 2259 2300 2299)
4(2299 2300 2341 2340)
4(2340 2341 2382 2381)
4(2381 2382 2423 2422)
4(2422 2423 2464 2463)
4(2463 2464 2505 2504)
4(2504 2505 2546 2545)
4(2545 2546 2587 2586)
4(2586 2587 2628 2627)
4(2627 2628 2669 2668)
4(2668 2669 2710 2709)
4(2709 2710 2751 2750)
4(2750 2751 2792 2791)
4(2791 2792 2833 2832)
4(2832 2833 2874 2873)
4(2873 2874 2915 2914)
4(2914 2915 2956 2955)
4(2955 2956 2997 2996)
4(2996 2997 3038 3037)
4(3037 3038 3079 3078)
4(3078 3079 3120 3119)
4(3119 3120 3161 3160)
5(3160 3161 3202 3608 3201)
4(4011 3243 3647 4334)
4(4052 3284 3687 4373)
4(4093 3325 3727 4413)
4(1685 1686 1727 1726)
4(1726 1727 1768 1767)
4(1767 1768 1809 1808)
4(1808 1809 1850 1849)
4(1849 1850 1891 1890)
4(1890 1891 1932 1931)
4(1931 1932 1973 1972)
4(1972 1973 2014 2013)
4(2013 2014 2055 2054)
4(2054 2055 2096 2095)
4(2095 2096 2137 2136)
4(2136 2137 2178 2177)
4(2177 2178 2219 2218)
4(2218 2219 2260 2259)
4(2259 2260 2301 2300)
4(2300 2301 2342 2341)
4(2341 2342 2383 2382)
4(2382 2383 2424 2423)
4(2423 2424 2465 2464)
4(2464 2465 2506 2505)
4(2505 2506 2547 2546)
4(2546 2547 2588 2587)
4(2587 2588 2629 2628)
4(2628 2629 2670 2669)
4(2669 2670 2711 2710)
4(2710 2711 2752 2751)
4(2751 2752 2793 2792)
4(2792 2793 2834 2833)
4(2833 2834 2875 2874)
4(2874 2875 2916 2915)
4(2915 2916 2957 2956)
4(2956 2957 2998 2997)
4(2997 2998 3039 3038)
4(3038 3039 3080 3079)
4(3079 3080 3121 3120)
4(3120 3121 3162 3161)
5(3161 3162 3203 3609 3202)
4(4012 3244 3648 4335)
4(4053 3285 3688 4374)
4(4094 3326 3728 4414)
4(1686 1687 1728 1727)
4(1727 1728 1769 1768)
4(1768 1769 1810 1809)
4(1809 1810 1851 1850)
4(1850 1851 1892 1891)
4(1891 1892 1933 1932)
4(1932 1933 1974 1973)
4(1973 1974 2015 2014)
4(2014 2015 2056 2055)
4(2055 2056 2097 2096)
4(2096 2097 2138 2137)
4(2137 2138 2179 2178)
4(2178 2179 2220 2219)
4(2219 2220 2261 2260)
4(2260 2261 2302 2301)
4(2301 2302 2343 2342)
4(2342 2343 2384 2383)
4(2383 2384 2425 2424)
4(2424 2425 2466 2465)
4(2465 2466 2507 2506)
4(2506 2507 2548 2547)
4(2547 2548 2589 2588)
4(2588 2589 2630 2629)
4(2629 2630 2671 2670)
4(2670 2671 2712 2711)
4(2711 2712 2753 2752)
4(2752 2753 2794 2793)
4(2793 2794 2835 2834)
4(2834 2835 2876 2875)
4(2875 2876 2917 2916)
4(2916 2917 2958 2957)
4(2957 2958 2999 2998)
4(2998 2999 3040 3039)
4(3039 3040 3081 3080)
4(3080 3081 3122 3121)
4(3121 3122 3163 3162)
5(3162 3163 3204 3610 3203)
4(4013 3245 3649 4336)
4(4054 3286 3689 4375)
4(4095 3327 3729 4415)
4(1687 1688 1729 1728)
4(1728 1729 1770 1769)
4(1769 1770 1811 1810)
4(1810 1811 1852 1851)
4(1851 1852 1893 1892)
4(1892 1893 1934 1933)
4(1933 1934 1975 1974)
4(1974 1975 2016 2015)
4(2015 2016 2057 2056)
4(2056 2057 2098 2097)
4(2097 2098 2139 2138)
4(2138 2139 2180 2179)
4(2179 2180 2221 2220)
4(2220 2221 2262 2261)
4(2261 2262 2303 2302)
4(2302 2303 2344 2343)
4(2343 2344 2385 2384)
4(2384 2385 2426 2425)
4(2425 2426 2467 2466)
4(2466 2467 2508 2507)
4(2507 2508 2549 2548)
4(2548 2549 2590 2589)
4(2589 2590 2631 2630)
4(2630 2631 2672 2671)
4(2671 2672 2713 2712)
4(2712 2713 2754 2753)
4(2753 2754 2795 2794)
4(2794 2795 2836 2835)
4(2835 2836 2877 2876)
4(2876 2877 2918 2917)
4(2917 2918 2959 2958)
4(2958 2959 3000 2999)
4(2999 3000 3041 3040)
4(3040 3041 3082 3081)
4(3081 3082 3123 3122)
4(3122 3123 3164 3163)
5(3163 3164 3205 3611 3204)
4(4014 3246 3650 4337)
4(4055 3287 3690 4376)
4(4096 3328 3730 4416)
4(1688 1689 1730 1729)
4(1729 1730 1771 1770)
4(1770 1771 1812 1811)
4(1811 1812 1853 1852)
4(1852 1853 1894 1893)
4(1893 1894 1935 1934)
4(1934 1935 1976 1975)
4(1975 1976 2017 2016)
4(2016 2017 2058 2057)
4(2057 2058 2099 2098)
4(2098 2099 2140 2139)
4(2139 2140 2181 2180)
4(2180 2181 2222 2221)
4(2221 2222 2263 2262)
4(2262 2263 2304 2303)
4(2303 2304 2345 2344)
4(2344 2345 2386 2385)
4(2385 2386 2427 2426)
4(2426 2427 2468 2467)
4(2467 2468 2509 2508)
4(2508 2509 2550 2549)
4(2549 2550 2591 2590)
4(2590 2591 2632 2631)
4(2631 2632 2673 2672)
4(2672 2673 2714 2713)
4(2713 2714 2755 2754)
4(2754 2755 2796 2795)
4(2795 2796 2837 2836)
4(2836 2837 2878 2877)
4(2877 2878 2919 2918)
4(2918 2919 2960 2959)
4(2959 2960 3001 3000)
4(3000 3001 3042 3041)
4(3041 3042 3083 3082)
4(3082 3083 3124 3123)
4(3123 3124 3165 3164)
5(3164 3165 3206 3612 3205)
4(4015 3247 3651 4338)
4(4056 3288 3691 4377)
4(4097 3329 3731 4417)
4(1689 1690 1731 1730)
4(1730 1731 1772 1771)
4(1771 1772 1813 1812)
4(1812 1813 1854 1853)
4(1853 1854 1895 1894)
4(1894 1895 1936 1935)
4(1935 1936 1977 1976)
4(1976 1977 2018 2017)
4(2017 2018 2059 2058)
4(2058 2059 2100 2099)
4(2099 2100 2141 2140)
4(2140 2141 2182 2181)
4(2181 2182 2223 2222)
4(2222 2223 2264 2263)
4(2263 2264 2305 2304)
4(2304 2305 2346 2345)
4(2345 2346 2387 2386)
4(2386 2387 2428 2427)
4(2427 2428 2469 2468)
4(2468 2469 2510 2509)
4(2509 2510 2551 2550)
4(2550 2551 2592 2591)
4(2591 2592 2633 2632)
4(2632 2633 2674 2673)
4(2673 2674 2715 2714)
4(2714 2715 2756 2755)
4(2755 2756 2797 2796)
4(2796 2797 2838 2837)
4(2837 2838 2879 2878)
4(2878 2879 2920 2919)
4(2919 2920 2961 2960)
4(2960 2961 3002 3001)
4(3001 3002 3043 3042)
4(3042 3043 3084 3083)
4(3083 3084 3125 3124)
4(3124 3125 3166 3165)
6(3165 3166 3989 3207 3613 3206)
4(4016 3248 3652 4339)
4(4057 3289 3692 4378)
4(4098 3330 3732 4418)
4(1690 1691 1732 1731)
4(1731 1732 1773 1772)
4(1772 1773 1814 1813)
4(1813 1814 1855 1854)
4(1854 1855 1896 1895)
4(1895 1896 1937 1936)
4(1936 1937 1978 1977)
4(1977 1978 2019 2018)
4(2018 2019 2060 2059)
4(2059 2060 2101 2100)
4(2100 2101 2142 2141)
4(2141 2142 2183 2182)
4(2182 2183 2224 2223)
4(2223 2224 2265 2264)
4(2264 2265 2306 2305)
4(2305 2306 2347 2346)
4(2346 2347 2388 2387)
4(2387 2388 2429 2428)
4(2428 2429 2470 2469)
4(2469 2470 2511 2510)
4(2510 2511 2552 2551)
4(2551 2552 2593 2592)
4(2592 2593 2634 2633)
4(2633 2634 2675 2674)
4(2674 2675 2716 2715)
4(2715 2716 2757 2756)
4(2756 2757 2798 2797)
4(2797 2798 2839 2838)
4(2838 2839 2880 2879)
4(2879 2880 2921 2920)
4(2920 2921 2962 2961)
4(2961 2962 3003 3002)
4(3002 3003 3044 3043)
4(3043 3044 3085 3084)
4(3084 3085 3126 3125)
5(3125 3126 3167 3591 3166)
4(3990 3208 3614 4317)
4(4017 3249 3653 4340)
4(4058 3290 3693 4379)
4(4099 3331 3733 4419)
4(1691 1692 1733 1732)
4(1732 1733 1774 1773)
4(1773 1774 1815 1814)
4(1814 1815 1856 1855)
4(1855 1856 1897 1896)
4(1896 1897 1938 1937)
4(1937 1938 1979 1978)
4(1978 1979 2020 2019)
4(2019 2020 2061 2060)
4(2060 2061 2102 2101)
4(2101 2102 2143 2142)
4(2142 2143 2184 2183)
4(2183 2184 2225 2224)
4(2224 2225 2266 2265)
4(2265 2266 2307 2306)
4(2306 2307 2348 2347)
4(2347 2348 2389 2388)
4(2388 2389 2430 2429)
4(2429 2430 2471 2470)
4(2470 2471 2512 2511)
4(2511 2512 2553 2552)
4(2552 2553 2594 2593)
4(2593 2594 2635 2634)
4(2634 2635 2676 2675)
4(2675 2676 2717 2716)
4(2716 2717 2758 2757)
4(2757 2758 2799 2798)
4(2798 2799 2840 2839)
4(2839 2840 2881 2880)
4(2880 2881 2922 2921)
4(2921 2922 2963 2962)
4(2962 2963 3004 3003)
4(3003 3004 3045 3044)
4(3044 3045 3086 3085)
4(3085 3086 3127 3126)
5(3126 3127 3168 3592 3167)
4(3991 3209 3615 4318)
4(4018 3250 3654 4341)
4(4059 3291 3694 4380)
4(4100 3332 3734 4420)
4(1692 1693 1734 1733)
4(1733 1734 1775 1774)
4(1774 1775 1816 1815)
4(1815 1816 1857 1856)
4(1856 1857 1898 1897)
4(1897 1898 1939 1938)
4(1938 1939 1980 1979)
4(1979 1980 2021 2020)
4(2020 2021 2062 2061)
4(2061 2062 2103 2102)
4(2102 2103 2144 2143)
4(2143 2144 2185 2184)
4(2184 2185 2226 2225)
4(2225 2226 2267 2266)
4(2266 2267 2308 2307)
4(2307 2308 2349 2348)
4(2348 2349 2390 2389)
4(2389 2390 2431 2430)
4(2430 2431 2472 2471)
4(2471 2472 2513 2512)
4(2512 2513 2554 2553)
4(2553 2554 2595 2594)
4(2594 2595 2636 2635)
4(2635 2636 2677 2676)
4(2676 2677 2718 2717)
4(2717 2718 2759 2758)
4(2758 2759 2800 2799)
4(2799 2800 2841 2840)
4(2840 2841 2882 2881)
4(2881 2882 2923 2922)
4(2922 2923 2964 2963)
4(2963 2964 3005 3004)
4(3004 3005 3046 3045)
4(3045 3046 3087 3086)
4(3086 3087 3128 3127)
5(3127 3128 3169 3593 3168)
4(3992 3210 3616 4319)
4(4019 3251 3655 4342)
4(4060 3292 3695 4381)
4(4101 3333 3735 4421)
4(1693 1694 1735 1734)
4(1734 1735 1776 1775)
4(1775 1776 1817 1816)
4(1816 1817 1858 1857)
4(1857 1858 1899 1898)
4(1898 1899 1940 1939)
4(1939 1940 1981 1980)
4(1980 1981 2022 2021)
4(2021 2022 2063 2062)
4(2062 2063 2104 2103)
4(2103 2104 2145 2144)
4(2144 2145 2186 2185)
4(2185 2186 2227 2226)
4(2226 2227 2268 2267)
4(2267 2268 2309 2308)
4(2308 2309 2350 2349)
4(2349 2350 2391 2390)
4(2390 2391 2432 2431)
4(2431 2432 2473 2472)
4(2472 2473 2514 2513)
4(2513 2514 2555 2554)
4(2554 2555 2596 2595)
4(2595 2596 2637 2636)
4(2636 2637 2678 2677)
4(2677 2678 2719 2718)
4(2718 2719 2760 2759)
4(2759 2760 2801 2800)
4(2800 2801 2842 2841)
4(2841 2842 2883 2882)
4(2882 2883 2924 2923)
4(2923 2924 2965 2964)
4(2964 2965 3006 3005)
4(3005 3006 3047 3046)
4(3046 3047 3088 3087)
4(3087 3088 3129 3128)
5(3128 3129 3170 3594 3169)
4(3993 3211 3617 4320)
4(4020 3252 3656 4343)
4(4061 3293 3696 4382)
4(4102 3334 3736 4422)
4(1694 1695 1736 1735)
4(1735 1736 1777 1776)
4(1776 1777 1818 1817)
4(1817 1818 1859 1858)
4(1858 1859 1900 1899)
4(1899 1900 1941 1940)
4(1940 1941 1982 1981)
4(1981 1982 2023 2022)
4(2022 2023 2064 2063)
4(2063 2064 2105 2104)
4(2104 2105 2146 2145)
4(2145 2146 2187 2186)
4(2186 2187 2228 2227)
4(2227 2228 2269 2268)
4(2268 2269 2310 2309)
4(2309 2310 2351 2350)
4(2350 2351 2392 2391)
4(2391 2392 2433 2432)
4(2432 2433 2474 2473)
4(2473 2474 2515 2514)
4(2514 2515 2556 2555)
4(2555 2556 2597 2596)
4(2596 2597 2638 2637)
4(2637 2638 2679 2678)
4(2678 2679 2720 2719)
4(2719 2720 2761 2760)
4(2760 2761 2802 2801)
4(2801 2802 2843 2842)
4(2842 2843 2884 2883)
4(2883 2884 2925 2924)
4(2924 2925 2966 2965)
4(2965 2966 3007 3006)
4(3006 3007 3048 3047)
4(3047 3048 3089 3088)
4(3088 3089 3130 3129)
5(3129 3130 3171 3595 3170)
4(3994 3212 3618 4321)
4(4021 3253 3657 4344)
4(4062 3294 3697 4383)
4(4103 3335 3737 4423)
4(1695 1696 1737 1736)
4(1736 1737 1778 1777)
4(1777 1778 1819 1818)
4(1818 1819 1860 1859)
4(1859 1860 1901 1900)
4(1900 1901 1942 1941)
4(1941 1942 1983 1982)
4(1982 1983 2024 2023)
4(2023 2024 2065 2064)
4(2064 2065 2106 2105)
4(2105 2106 2147 2146)
4(2146 2147 2188 2187)
4(2187 2188 2229 2228)
4(2228 2229 2270 2269)
4(2269 2270 2311 2310)
4(2310 2311 2352 2351)
4(2351 2352 2393 2392)
4(2392 2393 2434 2433)
4(2433 2434 2475 2474)
4(2474 2475 2516 2515)
4(2515 2516 2557 2556)
4(2556 2557 2598 2597)
4(2597 2598 2639 2638)
4(2638 2639 2680 2679)
4(2679 2680 2721 2720)
4(2720 2721 2762 2761)
4(2761 2762 2803 2802)
4(2802 2803 2844 2843)
4(2843 2844 2885 2884)
4(2884 2885 2926 2925)
4(2925 2926 2967 2966)
4(2966 2967 3008 3007)
4(3007 3008 3049 3048)
4(3048 3049 3090 3089)
4(3089 3090 3131 3130)
5(3130 3131 3172 3596 3171)
4(3995 3213 3619 4322)
4(4022 3254 3658 4345)
4(4063 3295 3698 4384)
4(4104 3336 3738 4424)
4(1696 1697 1738 1737)
4(1737 1738 1779 1778)
4(1778 1779 1820 1819)
4(1819 1820 1861 1860)
4(1860 1861 1902 1901)
4(1901 1902 1943 1942)
4(1942 1943 1984 1983)
4(1983 1984 2025 2024)
4(2024 2025 2066 2065)
4(2065 2066 2107 2106)
4(2106 2107 2148 2147)
4(2147 2148 2189 2188)
4(2188 2189 2230 2229)
4(2229 2230 2271 2270)
4(2270 2271 2312 2311)
4(2311 2312 2353 2352)
4(2352 2353 2394 2393)
4(2393 2394 2435 2434)
4(2434 2435 2476 2475)
4(2475 2476 2517 2516)
4(2516 2517 2558 2557)
4(2557 2558 2599 2598)
4(2598 2599 2640 2639)
4(2639 2640 2681 2680)
4(2680 2681 2722 2721)
4(2721 2722 2763 2762)
4(2762 2763 2804 2803)
4(2803 2804 2845 2844)
4(2844 2845 2886 2885)
4(2885 2886 2927 2926)
4(2926 2927 2968 2967)
4(2967 2968 3009 3008)
4(3008 3009 3050 3049)
4(3049 3050 3091 3090)
4(3090 3091 3132 3131)
5(3131 3132 3173 3597 3172)
4(3996 3214 3620 4323)
4(4023 3255 3659 4346)
4(4064 3296 3699 4385)
4(4105 3337 3739 4425)
4(1697 1698 1739 1738)
4(1738 1739 1780 1779)
4(1779 1780 1821 1820)
4(1820 1821 1862 1861)
4(1861 1862 1903 1902)
4(1902 1903 1944 1943)
4(1943 1944 1985 1984)
4(1984 1985 2026 2025)
4(2025 2026 2067 2066)
4(2066 2067 2108 2107)
4(2107 2108 2149 2148)
4(2148 2149 2190 2189)
4(2189 2190 2231 2230)
4(2230 2231 2272 2271)
4(2271 2272 2313 2312)
4(2312 2313 2354 2353)
4(2353 2354 2395 2394)
4(2394 2395 2436 2435)
4(2435 2436 2477 2476)
4(2476 2477 2518 2517)
4(2517 2518 2559 2558)
4(2558 2559 2600 2599)
4(2599 2600 2641 2640)
4(2640 2641 2682 2681)
4(2681 2682 2723 2722)
4(2722 2723 2764 2763)
4(2763 2764 2805 2804)
4(2804 2805 2846 2845)
4(2845 2846 2887 2886)
4(2886 2887 2928 2927)
4(2927 2928 2969 2968)
4(2968 2969 3010 3009)
4(3009 3010 3051 3050)
4(3050 3051 3092 3091)
4(3091 3092 3133 3132)
5(3132 3133 3174 3598 3173)
4(3997 3215 3621 4324)
4(4024 3256 3660 4347)
4(4065 3297 3700 4386)
4(4106 3338 3740 4426)
4(1698 1699 1740 1739)
4(1739 1740 1781 1780)
4(1780 1781 1822 1821)
4(1821 1822 1863 1862)
4(1862 1863 1904 1903)
4(1903 1904 1945 1944)
4(1944 1945 1986 1985)
4(1985 1986 2027 2026)
4(2026 2027 2068 2067)
4(2067 2068 2109 2108)
4(2108 2109 2150 2149)
4(2149 2150 2191 2190)
4(2190 2191 2232 2231)
4(2231 2232 2273 2272)
4(2272 2273 2314 2313)
4(2313 2314 2355 2354)
4(2354 2355 2396 2395)
4(2395 2396 2437 2436)
4(2436 2437 2478 2477)
4(2477 2478 2519 2518)
4(2518 2519 2560 2559)
4(2559 2560 2601 2600)
4(2600 2601 2642 2641)
4(2641 2642 2683 2682)
4(2682 2683 2724 2723)
4(2723 2724 2765 2764)
4(2764 2765 2806 2805)
4(2805 2806 2847 2846)
4(2846 2847 2888 2887)
4(2887 2888 2929 2928)
4(2928 2929 2970 2969)
4(2969 2970 3011 3010)
4(3010 3011 3052 3051)
4(3051 3052 3093 3092)
4(3092 3093 3134 3133)
4(3133 3134 3175 3174)
6(3174 3175 3216 3622 3215 3997)
4(4025 3257 3661 4348)
4(4066 3298 3701 4387)
4(4107 3339 3741 4427)
4(1699 1700 1741 1740)
4(1740 1741 1782 1781)
4(1781 1782 1823 1822)
4(1822 1823 1864 1863)
4(1863 1864 1905 1904)
4(1904 1905 1946 1945)
4(1945 1946 1987 1986)
4(1986 1987 2028 2027)
4(2027 2028 2069 2068)
4(2068 2069 2110 2109)
4(2109 2110 2151 2150)
4(2150 2151 2192 2191)
4(2191 2192 2233 2232)
4(2232 2233 2274 2273)
4(2273 2274 2315 2314)
4(2314 2315 2356 2355)
4(2355 2356 2397 2396)
4(2396 2397 2438 2437)
4(2437 2438 2479 2478)
4(2478 2479 2520 2519)
4(2519 2520 2561 2560)
4(2560 2561 2602 2601)
4(2601 2602 2643 2642)
4(2642 2643 2684 2683)
4(2683 2684 2725 2724)
4(2724 2725 2766 2765)
4(2765 2766 2807 2806)
4(2806 2807 2848 2847)
4(2847 2848 2889 2888)
4(2888 2889 2930 2929)
4(2929 2930 2971 2970)
4(2970 2971 3012 3011)
4(3011 3012 3053 3052)
4(3052 3053 3094 3093)
4(3093 3094 3135 3134)
4(3134 3135 3176 3175)
5(3175 3176 3217 3623 3216)
4(4026 3258 3662 4349)
4(4067 3299 3702 4388)
4(4108 3340 3742 4428)
4(1700 1701 1742 1741)
4(1741 1742 1783 1782)
4(1782 1783 1824 1823)
4(1823 1824 1865 1864)
4(1864 1865 1906 1905)
4(1905 1906 1947 1946)
4(1946 1947 1988 1987)
4(1987 1988 2029 2028)
4(2028 2029 2070 2069)
4(2069 2070 2111 2110)
4(2110 2111 2152 2151)
4(2151 2152 2193 2192)
4(2192 2193 2234 2233)
4(2233 2234 2275 2274)
4(2274 2275 2316 2315)
4(2315 2316 2357 2356)
4(2356 2357 2398 2397)
4(2397 2398 2439 2438)
4(2438 2439 2480 2479)
4(2479 2480 2521 2520)
4(2520 2521 2562 2561)
4(2561 2562 2603 2602)
4(2602 2603 2644 2643)
4(2643 2644 2685 2684)
4(2684 2685 2726 2725)
4(2725 2726 2767 2766)
4(2766 2767 2808 2807)
4(2807 2808 2849 2848)
4(2848 2849 2890 2889)
4(2889 2890 2931 2930)
4(2930 2931 2972 2971)
4(2971 2972 3013 3012)
4(3012 3013 3054 3053)
4(3053 3054 3095 3094)
4(3094 3095 3136 3135)
4(3135 3136 3177 3176)
5(3176 3177 3218 3624 3217)
4(4027 3259 3663 4350)
4(4068 3300 3703 4389)
4(4109 3341 3743 4429)
4(1701 1702 1743 1742)
4(1742 1743 1784 1783)
4(1783 1784 1825 1824)
4(1824 1825 1866 1865)
4(1865 1866 1907 1906)
4(1906 1907 1948 1947)
4(1947 1948 1989 1988)
4(1988 1989 2030 2029)
4(2029 2030 2071 2070)
4(2070 2071 2112 2111)
4(2111 2112 2153 2152)
4(2152 2153 2194 2193)
4(2193 2194 2235 2234)
4(2234 2235 2276 2275)
4(2275 2276 2317 2316)
4(2316 2317 2358 2357)
4(2357 2358 2399 2398)
4(2398 2399 2440 2439)
4(2439 2440 2481 2480)
4(2480 2481 2522 2521)
4(2521 2522 2563 2562)
4(2562 2563 2604 2603)
4(2603 2604 2645 2644)
4(2644 2645 2686 2685)
4(2685 2686 2727 2726)
4(2726 2727 2768 2767)
4(2767 2768 2809 2808)
4(2808 2809 2850 2849)
4(2849 2850 2891 2890)
4(2890 2891 2932 2931)
4(2931 2932 2973 2972)
4(2972 2973 3014 3013)
4(3013 3014 3055 3054)
4(3054 3055 3096 3095)
4(3095 3096 3137 3136)
4(3136 3137 3178 3177)
5(3177 3178 3219 3625 3218)
4(4028 3260 3664 4351)
4(4069 3301 3704 4390)
4(4110 3342 3744 4430)
4(1702 1703 1744 1743)
4(1743 1744 1785 1784)
4(1784 1785 1826 1825)
4(1825 1826 1867 1866)
4(1866 1867 1908 1907)
4(1907 1908 1949 1948)
4(1948 1949 1990 1989)
4(1989 1990 2031 2030)
4(2030 2031 2072 2071)
4(2071 2072 2113 2112)
4(2112 2113 2154 2153)
4(2153 2154 2195 2194)
4(2194 2195 2236 2235)
4(2235 2236 2277 2276)
4(2276 2277 2318 2317)
4(2317 2318 2359 2358)
4(2358 2359 2400 2399)
4(2399 2400 2441 2440)
4(2440 2441 2482 2481)
4(2481 2482 2523 2522)
4(2522 2523 2564 2563)
4(2563 2564 2605 2604)
4(2604 2605 2646 2645)
4(2645 2646 2687 2686)
4(2686 2687 2728 2727)
4(2727 2728 2769 2768)
4(2768 2769 2810 2809)
4(2809 2810 2851 2850)
4(2850 2851 2892 2891)
4(2891 2892 2933 2932)
4(2932 2933 2974 2973)
4(2973 2974 3015 3014)
4(3014 3015 3056 3055)
4(3055 3056 3097 3096)
4(3096 3097 3138 3137)
4(3137 3138 3179 3178)
5(3178 3179 3220 3626 3219)
4(4029 3261 3665 4352)
4(4070 3302 3705 4391)
4(4111 3343 3745 4431)
4(1703 1704 1745 1744)
4(1744 1745 1786 1785)
4(1785 1786 1827 1826)
4(1826 1827 1868 1867)
4(1867 1868 1909 1908)
4(1908 1909 1950 1949)
4(1949 1950 1991 1990)
4(1990 1991 2032 2031)
4(2031 2032 2073 2072)
4(2072 2073 2114 2113)
4(2113 2114 2155 2154)
4(2154 2155 2196 2195)
4(2195 2196 2237 2236)
4(2236 2237 2278 2277)
4(2277 2278 2319 2318)
4(2318 2319 2360 2359)
4(2359 2360 2401 2400)
4(2400 2401 2442 2441)
4(2441 2442 2483 2482)
4(2482 2483 2524 2523)
4(2523 2524 2565 2564)
4(2564 2565 2606 2605)
4(2605 2606 2647 2646)
4(2646 2647 2688 2687)
4(2687 2688 2729 2728)
4(2728 2729 2770 2769)
4(2769 2770 2811 2810)
4(2810 2811 2852 2851)
4(2851 2852 2893 2892)
4(2892 2893 2934 2933)
4(2933 2934 2975 2974)
4(2974 2975 3016 3015)
4(3015 3016 3057 3056)
4(3056 3057 3098 3097)
4(3097 3098 3139 3138)
4(3138 3139 3180 3179)
5(3179 3180 3221 3627 3220)
4(4030 3262 3666 4353)
4(4071 3303 3706 4392)
4(4112 3344 3746 4432)
4(1704 1705 1746 1745)
4(1745 1746 1787 1786)
4(1786 1787 1828 1827)
4(1827 1828 1869 1868)
4(1868 1869 1910 1909)
4(1909 1910 1951 1950)
4(1950 1951 1992 1991)
4(1991 1992 2033 2032)
4(2032 2033 2074 2073)
4(2073 2074 2115 2114)
4(2114 2115 2156 2155)
4(2155 2156 2197 2196)
4(2196 2197 2238 2237)
4(2237 2238 2279 2278)
4(2278 2279 2320 2319)
4(2319 2320 2361 2360)
4(2360 2361 2402 2401)
4(2401 2402 2443 2442)
4(2442 2443 2484 2483)
4(2483 2484 2525 2524)
4(2524 2525 2566 2565)
4(2565 2566 2607 2606)
4(2606 2607 2648 2647)
4(2647 2648 2689 2688)
4(2688 2689 2730 2729)
4(2729 2730 2771 2770)
4(2770 2771 2812 2811)
4(2811 2812 2853 2852)
4(2852 2853 2894 2893)
4(2893 2894 2935 2934)
4(2934 2935 2976 2975)
4(2975 2976 3017 3016)
4(3016 3017 3058 3057)
4(3057 3058 3099 3098)
4(3098 3099 3140 3139)
4(3139 3140 3181 3180)
5(3180 3181 3222 3628 3221)
4(4031 3263 3667 4354)
4(4072 3304 3707 4393)
4(4113 3345 3747 4433)
4(1705 1706 1747 1746)
4(1746 1747 1788 1787)
4(1787 1788 1829 1828)
4(1828 1829 1870 1869)
4(1869 1870 1911 1910)
4(1910 1911 1952 1951)
4(1951 1952 1993 1992)
4(1992 1993 2034 2033)
4(2033 2034 2075 2074)
4(2074 2075 2116 2115)
4(2115 2116 2157 2156)
4(2156 2157 2198 2197)
4(2197 2198 2239 2238)
4(2238 2239 2280 2279)
4(2279 2280 2321 2320)
4(2320 2321 2362 2361)
4(2361 2362 2403 2402)
4(2402 2403 2444 2443)
4(2443 2444 2485 2484)
4(2484 2485 2526 2525)
4(2525 2526 2567 2566)
4(2566 2567 2608 2607)
4(2607 2608 2649 2648)
4(2648 2649 2690 2689)
4(2689 2690 2731 2730)
4(2730 2731 2772 2771)
4(2771 2772 2813 2812)
4(2812 2813 2854 2853)
4(2853 2854 2895 2894)
4(2894 2895 2936 2935)
4(2935 2936 2977 2976)
4(2976 2977 3018 3017)
4(3017 3018 3059 3058)
4(3058 3059 3100 3099)
4(3099 3100 3141 3140)
4(3140 3141 3182 3181)
5(3181 3182 3223 3629 3222)
4(4032 3264 3668 4355)
4(4073 3305 3708 4394)
4(4114 3346 3748 4434)
4(1706 1707 1748 1747)
4(1747 1748 1789 1788)
4(1788 1789 1830 1829)
4(1829 1830 1871 1870)
4(1870 1871 1912 1911)
4(1911 1912 1953 1952)
4(1952 1953 1994 1993)
4(1993 1994 2035 2034)
4(2034 2035 2076 2075)
4(2075 2076 2117 2116)
4(2116 2117 2158 2157)
4(2157 2158 2199 2198)
4(2198 2199 2240 2239)
4(2239 2240 2281 2280)
4(2280 2281 2322 2321)
4(2321 2322 2363 2362)
4(2362 2363 2404 2403)
4(2403 2404 2445 2444)
4(2444 2445 2486 2485)
4(2485 2486 2527 2526)
4(2526 2527 2568 2567)
4(2567 2568 2609 2608)
4(2608 2609 2650 2649)
4(2649 2650 2691 2690)
4(2690 2691 2732 2731)
4(2731 2732 2773 2772)
4(2772 2773 2814 2813)
4(2813 2814 2855 2854)
4(2854 2855 2896 2895)
4(2895 2896 2937 2936)
4(2936 2937 2978 2977)
4(2977 2978 3019 3018)
4(3018 3019 3060 3059)
4(3059 3060 3101 3100)
4(3100 3101 3142 3141)
4(3141 3142 3183 3182)
5(3182 3183 3224 3630 3223)
4(4033 3265 3669 4356)
4(4074 3306 3709 4395)
4(4115 3347 3749 4435)
4(1707 1708 1749 1748)
4(1748 1749 1790 1789)
4(1789 1790 1831 1830)
4(1830 1831 1872 1871)
4(1871 1872 1913 1912)
4(1912 1913 1954 1953)
4(1953 1954 1995 1994)
4(1994 1995 2036 2035)
4(2035 2036 2077 2076)
4(2076 2077 2118 2117)
4(2117 2118 2159 2158)
4(2158 2159 2200 2199)
4(2199 2200 2241 2240)
4(2240 2241 2282 2281)
4(2281 2282 2323 2322)
4(2322 2323 2364 2363)
4(2363 2364 2405 2404)
4(2404 2405 2446 2445)
4(2445 2446 2487 2486)
4(2486 2487 2528 2527)
4(2527 2528 2569 2568)
4(2568 2569 2610 2609)
4(2609 2610 2651 2650)
4(2650 2651 2692 2691)
4(2691 2692 2733 2732)
4(2732 2733 2774 2773)
4(2773 2774 2815 2814)
4(2814 2815 2856 2855)
4(2855 2856 2897 2896)
4(2896 2897 2938 2937)
4(2937 2938 2979 2978)
4(2978 2979 3020 3019)
4(3019 3020 3061 3060)
4(3060 3061 3102 3101)
4(3101 3102 3143 3142)
4(3142 3143 3184 3183)
5(3183 3184 3225 3631 3224)
4(4034 3266 3670 4357)
4(4075 3307 3710 4396)
4(4116 3348 3750 4436)
4(1708 1709 1750 1749)
4(1749 1750 1791 1790)
4(1790 1791 1832 1831)
4(1831 1832 1873 1872)
4(1872 1873 1914 1913)
4(1913 1914 1955 1954)
4(1954 1955 1996 1995)
4(1995 1996 2037 2036)
4(2036 2037 2078 2077)
4(2077 2078 2119 2118)
4(2118 2119 2160 2159)
4(2159 2160 2201 2200)
4(2200 2201 2242 2241)
4(2241 2242 2283 2282)
4(2282 2283 2324 2323)
4(2323 2324 2365 2364)
4(2364 2365 2406 2405)
4(2405 2406 2447 2446)
4(2446 2447 2488 2487)
4(2487 2488 2529 2528)
4(2528 2529 2570 2569)
4(2569 2570 2611 2610)
4(2610 2611 2652 2651)
4(2651 2652 2693 2692)
4(2692 2693 2734 2733)
4(2733 2734 2775 2774)
4(2774 2775 2816 2815)
4(2815 2816 2857 2856)
4(2856 2857 2898 2897)
4(2897 2898 2939 2938)
4(2938 2939 2980 2979)
4(2979 2980 3021 3020)
4(3020 3021 3062 3061)
4(3061 3062 3103 3102)
4(3102 3103 3144 3143)
4(3143 3144 3185 3184)
5(3184 3185 3226 3632 3225)
4(4035 3267 3671 4358)
4(4076 3308 3711 4397)
4(4117 3349 3751 4437)
4(1709 1710 1751 1750)
4(1750 1751 1792 1791)
4(1791 1792 1833 1832)
4(1832 1833 1874 1873)
4(1873 1874 1915 1914)
4(1914 1915 1956 1955)
4(1955 1956 1997 1996)
4(1996 1997 2038 2037)
4(2037 2038 2079 2078)
4(2078 2079 2120 2119)
4(2119 2120 2161 2160)
4(2160 2161 2202 2201)
4(2201 2202 2243 2242)
4(2242 2243 2284 2283)
4(2283 2284 2325 2324)
4(2324 2325 2366 2365)
4(2365 2366 2407 2406)
4(2406 2407 2448 2447)
4(2447 2448 2489 2488)
4(2488 2489 2530 2529)
4(2529 2530 2571 2570)
4(2570 2571 2612 2611)
4(2611 2612 2653 2652)
4(2652 2653 2694 2693)
4(2693 2694 2735 2734)
4(2734 2735 2776 2775)
4(2775 2776 2817 2816)
4(2816 2817 2858 2857)
4(2857 2858 2899 2898)
4(2898 2899 2940 2939)
4(2939 2940 2981 2980)
4(2980 2981 3022 3021)
4(3021 3022 3063 3062)
4(3062 3063 3104 3103)
4(3103 3104 3145 3144)
4(3144 3145 3186 3185)
5(3185 3186 3227 3633 3226)
4(4036 3268 3672 4359)
4(4077 3309 3712 4398)
4(4118 3350 3752 4438)
4(1710 1711 1752 1751)
4(1751 1752 1793 1792)
4(1792 1793 1834 1833)
4(1833 1834 1875 1874)
4(1874 1875 1916 1915)
4(1915 1916 1957 1956)
4(1956 1957 1998 1997)
4(1997 1998 2039 2038)
4(2038 2039 2080 2079)
4(2079 2080 2121 2120)
4(2120 2121 2162 2161)
4(2161 2162 2203 2202)
4(2202 2203 2244 2243)
4(2243 2244 2285 2284)
4(2284 2285 2326 2325)
4(2325 2326 2367 2366)
4(2366 2367 2408 2407)
4(2407 2408 2449 2448)
4(2448 2449 2490 2489)
4(2489 2490 2531 2530)
4(2530 2531 2572 2571)
4(2571 2572 2613 2612)
4(2612 2613 2654 2653)
4(2653 2654 2695 2694)
4(2694 2695 2736 2735)
4(2735 2736 2777 2776)
4(2776 2777 2818 2817)
4(2817 2818 2859 2858)
4(2858 2859 2900 2899)
4(2899 2900 2941 2940)
4(2940 2941 2982 2981)
4(2981 2982 3023 3022)
4(3022 3023 3064 3063)
4(3063 3064 3105 3104)
4(3104 3105 3146 3145)
4(3145 3146 3187 3186)
5(3186 3187 3228 3634 3227)
4(4037 3269 3673 4360)
4(4078 3310 3713 4399)
4(4119 3351 3753 4439)
4(1711 1712 1753 1752)
4(1752 1753 1794 1793)
4(1793 1794 1835 1834)
4(1834 1835 1876 1875)
4(1875 1876 1917 1916)
4(1916 1917 1958 1957)
4(1957 1958 1999 1998)
4(1998 1999 2040 2039)
4(2039 2040 2081 2080)
4(2080 2081 2122 2121)
4(2121 2122 2163 2162)
4(2162 2163 2204 2203)
4(2203 2204 2245 2244)
4(2244 2245 2286 2285)
4(2285 2286 2327 2326)
4(2326 2327 2368 2367)
4(2367 2368 2409 2408)
4(2408 2409 2450 2449)
4(2449 2450 2491 2490)
4(2490 2491 2532 2531)
4(2531 2532 2573 2572)
4(2572 2573 2614 2613)
4(2613 2614 2655 2654)
4(2654 2655 2696 2695)
4(2695 2696 2737 2736)
4(2736 2737 2778 2777)
4(2777 2778 2819 2818)
4(2818 2819 2860 2859)
4(2859 2860 2901 2900)
4(2900 2901 2942 2941)
4(2941 2942 2983 2982)
4(2982 2983 3024 3023)
4(3023 3024 3065 3064)
4(3064 3065 3106 3105)
4(3105 3106 3147 3146)
4(3146 3147 3188 3187)
6(3187 3188 3998 3229 3635 3228)
4(4038 3270 3674 4361)
4(4079 3311 3714 4400)
4(4120 3352 3754 4440)
4(1712 1713 1754 1753)
4(1753 1754 1795 1794)
4(1794 1795 1836 1835)
4(1835 1836 1877 1876)
4(1876 1877 1918 1917)
4(1917 1918 1959 1958)
4(1958 1959 2000 1999)
4(1999 2000 2041 2040)
4(2040 2041 2082 2081)
4(2081 2082 2123 2122)
4(2122 2123 2164 2163)
4(2163 2164 2205 2204)
4(2204 2205 2246 2245)
4(2245 2246 2287 2286)
4(2286 2287 2328 2327)
4(2327 2328 2369 2368)
4(2368 2369 2410 2409)
4(2409 2410 2451 2450)
4(2450 2451 2492 2491)
4(2491 2492 2533 2532)
4(2532 2533 2574 2573)
4(2573 2574 2615 2614)
4(2614 2615 2656 2655)
4(2655 2656 2697 2696)
4(2696 2697 2738 2737)
4(2737 2738 2779 2778)
4(2778 2779 2820 2819)
4(2819 2820 2861 2860)
4(2860 2861 2902 2901)
4(2901 2902 2943 2942)
4(2942 2943 2984 2983)
4(2983 2984 3025 3024)
4(3024 3025 3066 3065)
4(3065 3066 3107 3106)
4(3106 3107 3148 3147)
6(3147 3148 3979 3189 3599 3188)
4(3999 3230 3636 4325)
4(4039 3271 3675 4362)
4(4080 3312 3715 4401)
4(4121 3353 3755 4441)
4(1713 1714 1755 1754)
4(1754 1755 1796 1795)
4(1795 1796 1837 1836)
4(1836 1837 1878 1877)
4(1877 1878 1919 1918)
4(1918 1919 1960 1959)
4(1959 1960 2001 2000)
4(2000 2001 2042 2041)
4(2041 2042 2083 2082)
4(2082 2083 2124 2123)
4(2123 2124 2165 2164)
4(2164 2165 2206 2205)
4(2205 2206 2247 2246)
4(2246 2247 2288 2287)
4(2287 2288 2329 2328)
4(2328 2329 2370 2369)
4(2369 2370 2411 2410)
4(2410 2411 2452 2451)
4(2451 2452 2493 2492)
4(2492 2493 2534 2533)
4(2533 2534 2575 2574)
4(2574 2575 2616 2615)
4(2615 2616 2657 2656)
4(2656 2657 2698 2697)
4(2697 2698 2739 2738)
4(2738 2739 2780 2779)
4(2779 2780 2821 2820)
4(2820 2821 2862 2861)
4(2861 2862 2903 2902)
4(2902 2903 2944 2943)
4(2943 2944 2985 2984)
4(2984 2985 3026 3025)
4(3025 3026 3067 3066)
4(3066 3067 3108 3107)
5(3107 3108 3149 3583 3148)
4(3980 3190 3600 4310)
4(4000 3231 3637 4326)
4(4040 3272 3676 4363)
4(4081 3313 3716 4402)
4(4122 3354 3756 4442)
4(1714 1715 1756 1755)
4(1755 1756 1797 1796)
4(1796 1797 1838 1837)
4(1837 1838 1879 1878)
4(1878 1879 1920 1919)
4(1919 1920 1961 1960)
4(1960 1961 2002 2001)
4(2001 2002 2043 2042)
4(2042 2043 2084 2083)
4(2083 2084 2125 2124)
4(2124 2125 2166 2165)
4(2165 2166 2207 2206)
4(2206 2207 2248 2247)
4(2247 2248 2289 2288)
4(2288 2289 2330 2329)
4(2329 2330 2371 2370)
4(2370 2371 2412 2411)
4(2411 2412 2453 2452)
4(2452 2453 2494 2493)
4(2493 2494 2535 2534)
4(2534 2535 2576 2575)
4(2575 2576 2617 2616)
4(2616 2617 2658 2657)
4(2657 2658 2699 2698)
4(2698 2699 2740 2739)
4(2739 2740 2781 2780)
4(2780 2781 2822 2821)
4(2821 2822 2863 2862)
4(2862 2863 2904 2903)
4(2903 2904 2945 2944)
4(2944 2945 2986 2985)
4(2985 2986 3027 3026)
4(3026 3027 3068 3067)
4(3067 3068 3109 3108)
6(3108 3109 3972 3150 3584 3149)
4(3981 3191 3601 4311)
4(4001 3232 3638 4327)
4(4041 3273 3677 4364)
4(4082 3314 3717 4403)
4(4123 3355 3757 4443)
4(1715 1716 1757 1756)
4(1756 1757 1798 1797)
4(1797 1798 1839 1838)
4(1838 1839 1880 1879)
4(1879 1880 1921 1920)
4(1920 1921 1962 1961)
4(1961 1962 2003 2002)
4(2002 2003 2044 2043)
4(2043 2044 2085 2084)
4(2084 2085 2126 2125)
4(2125 2126 2167 2166)
4(2166 2167 2208 2207)
4(2207 2208 2249 2248)
4(2248 2249 2290 2289)
4(2289 2290 2331 2330)
4(2330 2331 2372 2371)
4(2371 2372 2413 2412)
4(2412 2413 2454 2453)
4(2453 2454 2495 2494)
4(2494 2495 2536 2535)
4(2535 2536 2577 2576)
4(2576 2577 2618 2617)
4(2617 2618 2659 2658)
4(2658 2659 2700 2699)
4(2699 2700 2741 2740)
4(2740 2741 2782 2781)
4(2781 2782 2823 2822)
4(2822 2823 2864 2863)
4(2863 2864 2905 2904)
4(2904 2905 2946 2945)
4(2945 2946 2987 2986)
4(2986 2987 3028 3027)
4(3027 3028 3069 3068)
5(3068 3069 3110 3579 3109)
4(3973 3151 3585 4306)
4(3982 3192 3602 4312)
4(4002 3233 3639 4328)
4(4042 3274 3678 4365)
4(4083 3315 3718 4404)
4(4124 3356 3758 4444)
4(1716 1717 1758 1757)
4(1757 1758 1799 1798)
4(1798 1799 1840 1839)
4(1839 1840 1881 1880)
4(1880 1881 1922 1921)
4(1921 1922 1963 1962)
4(1962 1963 2004 2003)
4(2003 2004 2045 2044)
4(2044 2045 2086 2085)
4(2085 2086 2127 2126)
4(2126 2127 2168 2167)
4(2167 2168 2209 2208)
4(2208 2209 2250 2249)
4(2249 2250 2291 2290)
4(2290 2291 2332 2331)
4(2331 2332 2373 2372)
4(2372 2373 2414 2413)
4(2413 2414 2455 2454)
4(2454 2455 2496 2495)
4(2495 2496 2537 2536)
4(2536 2537 2578 2577)
4(2577 2578 2619 2618)
4(2618 2619 2660 2659)
4(2659 2660 2701 2700)
4(2700 2701 2742 2741)
4(2741 2742 2783 2782)
4(2782 2783 2824 2823)
4(2823 2824 2865 2864)
4(2864 2865 2906 2905)
4(2905 2906 2947 2946)
4(2946 2947 2988 2987)
4(2987 2988 3029 3028)
4(3028 3029 3070 3069)
4(3069 3070 3111 3110)
6(3110 3111 3152 3586 3151 3973)
4(3983 3193 3603 4313)
4(4003 3234 3640 4329)
4(4043 3275 3679 4366)
4(4084 3316 3719 4405)
4(4125 3357 3759 4445)
4(1717 1718 1759 1758)
4(1758 1759 1800 1799)
4(1799 1800 1841 1840)
4(1840 1841 1882 1881)
4(1881 1882 1923 1922)
4(1922 1923 1964 1963)
4(1963 1964 2005 2004)
4(2004 2005 2046 2045)
4(2045 2046 2087 2086)
4(2086 2087 2128 2127)
4(2127 2128 2169 2168)
4(2168 2169 2210 2209)
4(2209 2210 2251 2250)
4(2250 2251 2292 2291)
4(2291 2292 2333 2332)
4(2332 2333 2374 2373)
4(2373 2374 2415 2414)
4(2414 2415 2456 2455)
4(2455 2456 2497 2496)
4(2496 2497 2538 2537)
4(2537 2538 2579 2578)
4(2578 2579 2620 2619)
4(2619 2620 2661 2660)
4(2660 2661 2702 2701)
4(2701 2702 2743 2742)
4(2742 2743 2784 2783)
4(2783 2784 2825 2824)
4(2824 2825 2866 2865)
4(2865 2866 2907 2906)
4(2906 2907 2948 2947)
4(2947 2948 2989 2988)
4(2988 2989 3030 3029)
4(3029 3030 3071 3070)
4(3070 3071 3112 3111)
5(3111 3112 3153 3587 3152)
4(3984 3194 3604 4314)
4(4004 3235 3641 4330)
4(4044 3276 3680 4367)
4(4085 3317 3720 4406)
4(4126 3358 3760 4446)
4(1718 1719 1760 1759)
4(1759 1760 1801 1800)
4(1800 1801 1842 1841)
4(1841 1842 1883 1882)
4(1882 1883 1924 1923)
4(1923 1924 1965 1964)
4(1964 1965 2006 2005)
4(2005 2006 2047 2046)
4(2046 2047 2088 2087)
4(2087 2088 2129 2128)
4(2128 2129 2170 2169)
4(2169 2170 2211 2210)
4(2210 2211 2252 2251)
4(2251 2252 2293 2292)
4(2292 2293 2334 2333)
4(2333 2334 2375 2374)
4(2374 2375 2416 2415)
4(2415 2416 2457 2456)
4(2456 2457 2498 2497)
4(2497 2498 2539 2538)
4(2538 2539 2580 2579)
4(2579 2580 2621 2620)
4(2620 2621 2662 2661)
4(2661 2662 2703 2702)
4(2702 2703 2744 2743)
4(2743 2744 2785 2784)
4(2784 2785 2826 2825)
5(2825 2826 3949 2867 2866)
5(2866 2867 3952 2908 2907)
5(2907 2908 3955 2949 2948)
5(2948 2949 3958 2990 2989)
5(2989 2990 3961 3031 3030)
5(3030 3031 3964 3072 3071)
5(3071 3072 3967 3113 3112)
5(3112 3113 3974 3154 3153)
6(3153 3154 3195 3605 3194 3984)
4(4005 3236 3642 4331)
4(4045 3277 3681 4368)
4(4086 3318 3721 4407)
4(4127 3359 3761 4447)
4(1719 1720 1761 1760)
4(1760 1761 1802 1801)
4(1801 1802 1843 1842)
4(1842 1843 1884 1883)
4(1883 1884 1925 1924)
4(1924 1925 1966 1965)
4(1965 1966 2007 2006)
4(2006 2007 2048 2047)
4(2047 2048 2089 2088)
4(2088 2089 2130 2129)
4(2129 2130 2171 2170)
4(2170 2171 2212 2211)
4(2211 2212 2253 2252)
4(2252 2253 2294 2293)
4(2293 2294 2335 2334)
4(2334 2335 2376 2375)
4(2375 2376 2417 2416)
4(2416 2417 2458 2457)
4(2457 2458 2499 2498)
4(2498 2499 2540 2539)
4(2539 2540 2581 2580)
4(2580 2581 2622 2621)
4(2621 2622 2663 2662)
4(2662 2663 2704 2703)
4(2703 2704 2745 2744)
4(2744 2745 2786 2785)
6(2785 2786 3947 2827 3564 2826)
4(3950 2868 3566 4291)
4(3953 2909 3568 4293)
4(3956 2950 3570 4295)
4(3959 2991 3572 4297)
4(3962 3032 3574 4299)
4(3965 3073 3576 4301)
4(3968 3114 3580 4303)
4(3975 3155 3588 4307)
6(3154 3588 3155 3985 3196 3195)
6(3195 3196 4006 3237 3236 4005)
7(3236 3237 4046 3278 3682 3277 4045)
4(4087 3319 3722 4408)
4(4128 3360 3762 4448)
4(1720 1721 1762 1761)
4(1761 1762 1803 1802)
4(1802 1803 1844 1843)
4(1843 1844 1885 1884)
4(1884 1885 1926 1925)
4(1925 1926 1967 1966)
4(1966 1967 2008 2007)
4(2007 2008 2049 2048)
4(2048 2049 2090 2089)
4(2089 2090 2131 2130)
4(2130 2131 2172 2171)
4(2171 2172 2213 2212)
4(2212 2213 2254 2253)
4(2253 2254 2295 2294)
4(2294 2295 2336 2335)
4(2335 2336 2377 2376)
4(2376 2377 2418 2417)
4(2417 2418 2459 2458)
4(2458 2459 2500 2499)
4(2499 2500 2541 2540)
4(2540 2541 2582 2581)
4(2581 2582 2623 2622)
4(2622 2623 2664 2663)
4(2663 2664 2705 2704)
4(2704 2705 2746 2745)
5(2745 2746 2787 3563 2786)
4(3948 2828 3565 4290)
4(3951 2869 3567 4292)
4(3954 2910 3569 4294)
4(3957 2951 3571 4296)
4(3960 2992 3573 4298)
4(3963 3033 3575 4300)
4(3966 3074 3577 4302)
4(3969 3115 3581 4304)
4(3976 3156 3589 4308)
4(3986 3197 3606 4315)
4(4007 3238 3643 4332)
4(4047 3279 3683 4369)
4(4088 3320 3723 4409)
4(4129 3361 3763 4449)
4(3998 3188 3599 4325)
4(4362 3675 3270 4038)
4(4401 3715 3311 4079)
4(4441 3755 3352 4120)
4(3844 1578 3463 4191)
4(3885 1619 3503 4230)
4(3926 1660 3543 4270)
4(4337 3650 3245 4013)
4(4376 3690 3286 4054)
4(4416 3730 3327 4095)
4(3979 3148 3583 4310)
4(4326 3637 3230 3999)
4(4363 3676 3271 4039)
4(4402 3716 3312 4080)
4(4442 3756 3353 4121)
4(3845 1579 3464 4192)
4(3886 1620 3504 4231)
4(3927 1661 3544 4271)
4(4338 3651 3246 4014)
4(4377 3691 3287 4055)
4(4417 3731 3328 4096)
4(4311 3601 3190 3980)
4(4327 3638 3231 4000)
4(4364 3677 3272 4040)
4(4403 3717 3313 4081)
4(4443 3757 3354 4122)
4(3846 1580 3465 4193)
4(3887 1621 3505 4232)
4(3928 1662 3545 4272)
4(4339 3652 3247 4015)
4(4378 3692 3288 4056)
4(4418 3732 3329 4097)
4(3972 3109 3579 4306)
4(4312 3602 3191 3981)
4(4328 3639 3232 4001)
4(4365 3678 3273 4041)
4(4404 3718 3314 4082)
4(4444 3758 3355 4123)
4(3847 1581 3466 4194)
4(3888 1622 3506 4233)
4(3929 1663 3546 4273)
4(3989 3166 3591 4317)
4(4340 3653 3248 4016)
4(4379 3693 3289 4057)
4(4419 3733 3330 4098)
4(4313 3603 3192 3982)
4(4329 3640 3233 4002)
4(4366 3679 3274 4042)
4(4405 3719 3315 4083)
4(4445 3759 3356 4124)
4(3848 1582 3467 4195)
4(3889 1623 3507 4234)
4(3930 1664 3547 4274)
4(4318 3615 3208 3990)
4(4341 3654 3249 4017)
4(4380 3694 3290 4058)
4(4420 3734 3331 4099)
4(4314 3604 3193 3983)
4(4330 3641 3234 4003)
4(4367 3680 3275 4043)
4(4406 3720 3316 4084)
4(4446 3760 3357 4125)
4(3849 1583 3468 4196)
4(3890 1624 3508 4235)
4(3931 1665 3548 4275)
4(4319 3616 3209 3991)
4(4342 3655 3250 4018)
4(4381 3695 3291 4059)
4(4421 3735 3332 4100)
4(4145 3377 1394 3787)
4(4149 3381 1435 3794)
4(4156 3389 1476 3804)
4(4173 3406 1517 3825)
4(4210 3443 1558 3865)
4(4250 3483 1599 3906)
4(4331 3642 3235 4004)
4(4368 3681 3276 4044)
4(4407 3721 3317 4085)
4(4447 3761 3358 4126)
4(3850 1584 3469 4197)
4(3891 1625 3509 4236)
4(3932 1666 3549 4276)
4(4320 3617 3210 3992)
4(4343 3656 3251 4019)
4(4382 3696 3292 4060)
4(4422 3736 3333 4101)
4(3949 2826 3564 4291)
4(3952 2867 3566 4293)
4(3955 2908 3568 4295)
4(3866 1600 3484 4211)
4(3958 2949 3570 4297)
4(3907 1641 3524 4251)
4(3961 2990 3572 4299)
4(3964 3031 3574 4301)
4(3967 3072 3576 4303)
4(3974 3113 3580 4307)
4(4408 3722 3318 4086)
4(4448 3762 3359 4127)
4(3851 1585 3470 4198)
4(3892 1626 3510 4237)
4(3933 1667 3550 4277)
4(4321 3618 3211 3993)
4(4344 3657 3252 4020)
4(4383 3697 3293 4061)
4(4423 3737 3334 4102)
4(3947 2786 3563 4290)
4(4292 3567 2868 3950)
4(4294 3569 2909 3953)
4(4296 3571 2950 3956)
4(3867 1601 3485 4212)
4(4298 3573 2991 3959)
4(3908 1642 3525 4252)
4(4300 3575 3032 3962)
4(4302 3577 3073 3965)
4(4304 3581 3114 3968)
4(4308 3589 3155 3975)
4(3985 3155 3589 4315)
4(4006 3196 3606 4332)
4(4046 3237 3643 4369)
4(4409 3723 3319 4087)
4(4449 3763 3360 4128)
4(3852 1586 3471 4199)
4(3893 1627 3511 4238)
4(3934 1668 3551 4278)
4(4322 3619 3212 3994)
4(4345 3658 3253 4021)
4(4384 3698 3294 4062)
4(4424 3738 3335 4103)
4(4174 3407 1520 3827)
4(3868 1602 3486 4213)
4(3909 1643 3526 4253)
4(3853 1587 3472 4200)
4(3894 1628 3512 4239)
4(3935 1669 3552 4279)
4(4323 3620 3213 3995)
4(4346 3659 3254 4022)
4(4385 3699 3295 4063)
4(4425 3739 3336 4104)
4(3828 1562 3447 4175)
4(3869 1603 3487 4214)
4(3910 1644 3527 4254)
4(3854 1588 3473 4201)
4(3895 1629 3513 4240)
4(3936 1670 3553 4280)
4(4324 3621 3214 3996)
4(4347 3660 3255 4023)
4(4386 3700 3296 4064)
4(4426 3740 3337 4105)
4(3829 1563 3448 4176)
4(3870 1604 3488 4215)
4(3911 1645 3528 4255)
4(4165 3398 1507 3815)
4(3855 1589 3474 4202)
4(3896 1630 3514 4241)
4(3937 1671 3554 4281)
4(4348 3661 3256 4024)
4(4387 3701 3297 4065)
4(4427 3741 3338 4106)
4(3830 1564 3449 4177)
4(3871 1605 3489 4216)
4(3912 1646 3529 4256)
4(4150 3382 1467 3796)
4(3816 1549 3436 4166)
4(3856 1590 3475 4203)
4(3897 1631 3515 4242)
4(3938 1672 3555 4282)
4(4349 3662 3257 4025)
4(4388 3702 3298 4066)
4(4428 3742 3339 4107)
4(3831 1565 3450 4178)
4(3872 1606 3490 4217)
4(3913 1647 3530 4257)
4(3797 1509 3400 4151)
4(3817 1550 3437 4167)
4(3857 1591 3476 4204)
4(3898 1632 3516 4243)
4(3939 1673 3556 4283)
4(4350 3663 3258 4026)
4(4389 3703 3299 4067)
4(4429 3743 3340 4108)
4(3832 1566 3451 4179)
4(3873 1607 3491 4218)
4(3914 1648 3531 4258)
4(4146 3378 1428 3789)
4(3798 1510 3401 4152)
4(3818 1551 3438 4168)
4(3858 1592 3477 4205)
4(3899 1633 3517 4244)
4(3940 1674 3557 4284)
4(4351 3664 3259 4027)
4(4390 3704 3300 4068)
4(4430 3744 3341 4109)
4(4157 3390 1485 3806)
4(3833 1567 3452 4180)
4(3874 1608 3492 4219)
4(3915 1649 3532 4259)
4(3799 1511 3402 4153)
4(3819 1552 3439 4169)
4(3859 1593 3478 4206)
4(3900 1634 3518 4245)
4(3941 1675 3558 4285)
4(4352 3665 3260 4028)
4(4391 3705 3301 4069)
4(4431 3745 3342 4110)
4(3807 1527 3414 4158)
4(3834 1568 3453 4181)
4(3875 1609 3493 4220)
4(3916 1650 3533 4260)
4(3800 1512 3403 4154)
4(3820 1553 3440 4170)
4(3860 1594 3479 4207)
4(3901 1635 3519 4246)
4(3942 1676 3559 4286)
4(4353 3666 3261 4029)
4(4392 3706 3302 4070)
4(4432 3746 3343 4111)
4(3808 1528 3415 4159)
4(3835 1569 3454 4182)
4(3876 1610 3494 4221)
4(3917 1651 3534 4261)
4(3821 1554 3441 4171)
4(3861 1595 3480 4208)
4(3902 1636 3520 4247)
4(3943 1677 3560 4287)
4(4354 3667 3262 4030)
4(4393 3707 3303 4071)
4(4433 3747 3344 4112)
4(3809 1529 3416 4160)
4(3836 1570 3455 4183)
4(3877 1611 3495 4222)
4(3918 1652 3535 4262)
4(4131 3363 1145 3766)
4(4133 3365 1186 3769)
4(4135 3367 1227 3772)
4(4137 3369 1268 3775)
4(4139 3371 1309 3778)
4(4141 3373 1350 3781)
4(4143 3375 1391 3784)
4(4147 3379 1432 3791)
4(3903 1637 3521 4248)
4(3944 1678 3561 4288)
4(4355 3668 3263 4031)
4(4394 3708 3304 4072)
4(4434 3748 3345 4113)
4(3810 1530 3417 4161)
4(3837 1571 3456 4184)
4(3878 1612 3496 4223)
4(3919 1653 3536 4263)
4(4130 3362 1105 3764)
4(3767 1187 3366 4132)
4(3770 1228 3368 4134)
4(3773 1269 3370 4136)
4(3776 1310 3372 4138)
4(3779 1351 3374 4140)
4(3782 1392 3376 4142)
4(3785 1433 3380 4144)
4(3792 1474 3388 4148)
4(4155 3388 1474 3802)
4(4172 3405 1515 3823)
4(4209 3442 1556 3863)
4(3904 1638 3522 4249)
4(3945 1679 3562 4289)
4(4356 3669 3264 4032)
4(4395 3709 3305 4073)
4(4435 3749 3346 4114)
4(3811 1531 3418 4162)
4(3838 1572 3457 4185)
4(3879 1613 3497 4224)
4(3920 1654 3537 4264)
4(3970 3075 3578 4305)
4(3977 3116 3582 4309)
4(3987 3157 3590 4316)
4(4008 3198 3607 4333)
4(4048 3239 3644 4370)
4(4089 3280 3684 4410)
4(4357 3670 3265 4033)
4(4396 3710 3306 4074)
4(4436 3750 3347 4115)
4(3812 1532 3419 4163)
4(3839 1573 3458 4186)
4(3880 1614 3498 4225)
4(3921 1655 3538 4265)
4(4371 3685 3281 4049)
4(4411 3725 3322 4090)
4(4358 3671 3266 4034)
4(4397 3711 3307 4075)
4(4437 3751 3348 4116)
4(3813 1533 3420 4164)
4(3840 1574 3459 4187)
4(3881 1615 3499 4226)
4(3922 1656 3539 4266)
4(4372 3686 3282 4050)
4(4412 3726 3323 4091)
4(4359 3672 3267 4035)
4(4398 3712 3308 4076)
4(4438 3752 3349 4117)
4(3841 1575 3460 4188)
4(3882 1616 3500 4227)
4(3923 1657 3540 4267)
4(4010 3201 3608 4334)
4(4373 3687 3283 4051)
4(4413 3727 3324 4092)
4(4360 3673 3268 4036)
4(4399 3713 3309 4077)
4(4439 3753 3350 4118)
4(3842 1576 3461 4189)
4(3883 1617 3501 4228)
4(3924 1658 3541 4268)
4(4335 3648 3243 4011)
4(4374 3688 3284 4052)
4(4414 3728 3325 4093)
4(4361 3674 3269 4037)
4(4400 3714 3310 4078)
4(4440 3754 3351 4119)
4(3843 1577 3462 4190)
4(3884 1618 3502 4229)
4(3925 1659 3542 4269)
4(4336 3649 3244 4012)
4(4375 3689 3285 4053)
4(4415 3729 3326 4094)
4(4353 3627 3221 4030)
4(4392 3666 3262 4071)
4(4432 3706 3303 4112)
4(3809 1488 3392 4159)
4(3836 1529 3415 4182)
4(3877 1570 3454 4221)
4(3918 1611 3494 4261)
4(4354 3628 3222 4031)
4(4393 3667 3263 4072)
4(4433 3707 3304 4113)
4(3810 1489 3393 4160)
4(3837 1530 3416 4183)
4(3878 1571 3455 4222)
4(3919 1612 3495 4262)
4(4355 3629 3223 4032)
4(4394 3668 3264 4073)
4(4434 3708 3305 4114)
4(3811 1490 3394 4161)
4(3838 1531 3417 4184)
4(3879 1572 3456 4223)
4(3920 1613 3496 4263)
4(4356 3630 3224 4033)
4(4395 3669 3265 4074)
4(4435 3709 3306 4115)
4(3812 1491 3395 4162)
4(3839 1532 3418 4185)
4(3880 1573 3457 4224)
4(3921 1614 3497 4264)
4(4357 3631 3225 4034)
4(4396 3670 3266 4075)
4(4436 3710 3307 4116)
4(3813 1492 3396 4163)
4(3840 1533 3419 4186)
4(3881 1574 3458 4225)
4(3922 1615 3498 4265)
4(4358 3632 3226 4035)
4(4397 3671 3267 4076)
4(4437 3711 3308 4117)
4(3814 1493 3397 4164)
4(3841 1534 3420 4187)
4(3882 1575 3459 4226)
4(3923 1616 3499 4266)
4(4359 3633 3227 4036)
4(4398 3672 3268 4077)
4(4438 3712 3309 4118)
4(3842 1535 3421 4188)
4(3883 1576 3460 4227)
4(3924 1617 3500 4267)
4(4360 3634 3228 4037)
4(4399 3673 3269 4078)
4(4439 3713 3310 4119)
4(3843 1536 3422 4189)
4(3884 1577 3461 4228)
4(3925 1618 3501 4268)
4(4361 3635 3229 4038)
4(4400 3674 3270 4079)
4(4440 3714 3311 4120)
4(3844 1537 3423 4190)
4(3885 1578 3462 4229)
4(3926 1619 3502 4269)
4(4325 3599 3189 3999)
4(4362 3636 3230 4039)
4(4401 3675 3271 4080)
4(4441 3715 3312 4121)
4(3845 1538 3424 4191)
4(3886 1579 3463 4230)
4(3927 1620 3503 4270)
4(4310 3583 3149 3980)
4(4326 3600 3190 4000)
4(4363 3637 3231 4040)
4(4402 3676 3272 4081)
4(4442 3716 3313 4122)
4(3846 1539 3425 4192)
4(3887 1580 3464 4231)
4(3928 1621 3504 4271)
4(4311 3584 3150 3981)
4(4327 3601 3191 4001)
4(4364 3638 3232 4041)
4(4403 3677 3273 4082)
4(4443 3717 3314 4123)
4(3847 1540 3426 4193)
4(3888 1581 3465 4232)
4(3929 1622 3505 4272)
4(4306 3579 3110 3973)
4(4312 3585 3151 3982)
4(4328 3602 3192 4002)
4(4365 3639 3233 4042)
4(4404 3678 3274 4083)
4(4444 3718 3315 4124)
4(3848 1541 3427 4194)
4(3889 1582 3466 4233)
4(3930 1623 3506 4273)
4(4313 3586 3152 3983)
4(4329 3603 3193 4003)
4(4366 3640 3234 4043)
4(4405 3679 3275 4084)
4(4445 3719 3316 4125)
4(3849 1542 3428 4195)
4(3890 1583 3467 4234)
4(3931 1624 3507 4274)
4(4314 3587 3153 3984)
4(4330 3604 3194 4004)
4(4367 3641 3235 4044)
4(4406 3680 3276 4085)
4(4446 3720 3317 4126)
4(3850 1543 3429 4196)
4(3891 1584 3468 4235)
4(3932 1625 3508 4275)
4(4331 3605 3195 4005)
4(4368 3642 3236 4045)
4(4407 3681 3277 4086)
4(4447 3721 3318 4127)
4(3851 1544 3430 4197)
4(3892 1585 3469 4236)
4(3933 1626 3509 4276)
4(4291 3564 2827 3950)
4(4293 3566 2868 3953)
4(4295 3568 2909 3956)
4(4297 3570 2950 3959)
4(4299 3572 2991 3962)
4(4301 3574 3032 3965)
4(4303 3576 3073 3968)
4(4307 3580 3114 3975)
4(4408 3682 3278 4087)
4(4448 3722 3319 4128)
4(3852 1545 3431 4198)
4(3893 1586 3470 4237)
4(3934 1627 3510 4277)
4(4290 3563 2787 3948)
4(4292 3565 2828 3951)
4(4294 3567 2869 3954)
4(4296 3569 2910 3957)
4(4298 3571 2951 3960)
4(4300 3573 2992 3963)
4(4302 3575 3033 3966)
4(4304 3577 3074 3969)
4(4308 3581 3115 3976)
4(4315 3589 3156 3986)
4(4332 3606 3197 4007)
4(4369 3643 3238 4047)
4(4409 3683 3279 4088)
4(4449 3723 3320 4129)
4(4325 3636 3229 3998)
4(4038 3229 3636 4362)
4(4079 3270 3675 4401)
4(4120 3311 3715 4441)
4(4191 3424 1537 3844)
4(3853 1546 3432 4199)
4(4230 3463 1578 3885)
4(4270 3503 1619 3926)
4(3894 1587 3471 4238)
4(4013 3204 3611 4337)
4(3935 1628 3511 4278)
4(4054 3245 3650 4376)
4(4095 3286 3690 4416)
4(4310 3600 3189 3979)
4(3999 3189 3600 4326)
4(4039 3230 3637 4363)
4(4080 3271 3676 4402)
4(4121 3312 3716 4442)
4(4192 3425 1538 3845)
4(4231 3464 1579 3886)
4(4271 3504 1620 3927)
4(4014 3205 3612 4338)
4(4055 3246 3651 4377)
4(4096 3287 3691 4417)
4(3980 3149 3584 4311)
4(4000 3190 3601 4327)
4(4040 3231 3638 4364)
4(4081 3272 3677 4403)
4(4122 3313 3717 4443)
4(4193 3426 1539 3846)
4(4232 3465 1580 3887)
4(4272 3505 1621 3928)
4(4015 3206 3613 4339)
4(4056 3247 3652 4378)
4(4097 3288 3692 4418)
4(4306 3585 3150 3972)
4(3981 3150 3585 4312)
4(4001 3191 3602 4328)
4(4041 3232 3639 4365)
4(4082 3273 3678 4404)
4(4123 3314 3718 4444)
4(4194 3427 1540 3847)
4(4233 3466 1581 3888)
4(4273 3506 1622 3929)
4(4317 3614 3207 3989)
4(4016 3207 3614 4340)
4(4057 3248 3653 4379)
4(4098 3289 3693 4419)
4(3854 1547 3433 4200)
4(3982 3151 3586 4313)
4(4002 3192 3603 4329)
4(3895 1588 3472 4239)
4(4042 3233 3640 4366)
4(3936 1629 3512 4279)
4(4083 3274 3679 4405)
4(4124 3315 3719 4445)
4(4195 3428 1541 3848)
4(4234 3467 1582 3889)
4(4274 3507 1623 3930)
4(3990 3167 3592 4318)
4(4017 3208 3615 4341)
4(4058 3249 3654 4380)
4(4099 3290 3694 4420)
4(3983 3152 3587 4314)
4(4003 3193 3604 4330)
4(4043 3234 3641 4367)
4(4084 3275 3680 4406)
4(4125 3316 3720 4446)
4(4196 3429 1542 3849)
4(4235 3468 1583 3890)
4(4275 3508 1624 3931)
4(3991 3168 3593 4319)
4(4018 3209 3616 4342)
4(4059 3250 3655 4381)
4(4100 3291 3695 4421)
4(3787 1435 3381 4145)
4(3794 1476 3389 4149)
4(3804 1517 3406 4156)
4(3825 1558 3443 4173)
4(3865 1599 3483 4210)
4(3906 1640 3523 4250)
4(4004 3194 3605 4331)
4(4044 3235 3642 4368)
4(4085 3276 3681 4407)
4(4126 3317 3721 4447)
4(4197 3430 1543 3850)
4(4236 3469 1584 3891)
4(4276 3509 1625 3932)
4(3992 3169 3594 4320)
4(4019 3210 3617 4343)
4(4060 3251 3656 4382)
4(3855 1548 3434 4201)
4(4101 3292 3696 4422)
4(4291 3566 2867 3949)
4(3896 1589 3473 4240)
4(4293 3568 2908 3952)
4(3937 1630 3513 4280)
4(4295 3570 2949 3955)
4(4211 3444 1559 3866)
4(4297 3572 2990 3958)
4(4251 3484 1600 3907)
4(4299 3574 3031 3961)
4(4301 3576 3072 3964)
4(4303 3580 3113 3967)
4(4307 3588 3154 3974)
4(4086 3277 3682 4408)
4(4127 3318 3722 4448)
4(4198 3431 1544 3851)
4(4237 3470 1585 3892)
4(4277 3510 1626 3933)
4(3993 3170 3595 4321)
4(4020 3211 3618 4344)
4(4061 3252 3657 4383)
4(4102 3293 3697 4423)
4(4290 3565 2827 3947)
4(3950 2827 3565 4292)
4(3953 2868 3567 4294)
4(3956 2909 3569 4296)
4(4212 3445 1560 3867)
4(3959 2950 3571 4298)
4(4252 3485 1601 3908)
4(3962 2991 3573 4300)
4(3965 3032 3575 4302)
4(3968 3073 3577 4304)
4(3975 3114 3581 4308)
4(4315 3606 3196 3985)
4(4332 3643 3237 4006)
4(4369 3683 3278 4046)
4(4087 3278 3683 4409)
4(4128 3319 3723 4449)
4(4199 3432 1545 3852)
4(4238 3471 1586 3893)
4(4278 3511 1627 3934)
4(3816 1508 3398 4165)
4(3994 3171 3596 4322)
4(3856 1549 3435 4202)
4(4021 3212 3619 4345)
4(4062 3253 3658 4384)
4(3897 1590 3474 4241)
4(4103 3294 3698 4424)
4(3938 1631 3514 4281)
4(3827 1561 3446 4174)
4(4213 3446 1561 3868)
4(4253 3486 1602 3909)
4(4200 3433 1546 3853)
4(4239 3472 1587 3894)
4(4279 3512 1628 3935)
4(3995 3172 3597 4323)
4(4022 3213 3620 4346)
4(4063 3254 3659 4385)
4(4104 3295 3699 4425)
4(4175 3408 1521 3828)
4(4214 3447 1562 3869)
4(4254 3487 1603 3910)
4(4201 3434 1547 3854)
4(4240 3473 1588 3895)
4(4280 3513 1629 3936)
4(3996 3173 3598 4324)
4(4023 3214 3621 4347)
4(4064 3255 3660 4386)
4(4105 3296 3700 4426)
4(4176 3409 1522 3829)
4(4215 3448 1563 3870)
4(4255 3488 1604 3911)
4(3815 1548 3435 4165)
4(4202 3435 1548 3855)
4(4241 3474 1589 3896)
4(4281 3514 1630 3937)
4(4024 3215 3622 4348)
4(4065 3256 3661 4387)
4(4106 3297 3701 4427)
4(4177 3410 1523 3830)
4(4216 3449 1564 3871)
4(4256 3489 1605 3912)
4(3796 1508 3399 4150)
4(4166 3399 1508 3816)
4(3797 1468 3382 4150)
4(4203 3436 1549 3856)
4(3817 1509 3399 4166)
4(4242 3475 1590 3897)
4(3857 1550 3436 4203)
4(4282 3515 1631 3938)
4(4025 3216 3623 4349)
4(3898 1591 3475 4242)
4(4066 3257 3662 4388)
4(3939 1632 3515 4282)
4(4107 3298 3702 4428)
4(4178 3411 1524 3831)
4(4217 3450 1565 3872)
4(4257 3490 1606 3913)
4(4151 3383 1468 3797)
4(4167 3400 1509 3817)
4(4204 3437 1550 3857)
4(4243 3476 1591 3898)
4(4283 3516 1632 3939)
4(4026 3217 3624 4350)
4(4067 3258 3663 4389)
4(4108 3299 3703 4429)
4(4179 3412 1525 3832)
4(4218 3451 1566 3873)
4(4258 3491 1607 3914)
4(3789 1469 3384 4146)
4(4152 3384 1469 3798)
4(4168 3401 1510 3818)
4(4205 3438 1551 3858)
4(4244 3477 1592 3899)
4(4284 3517 1633 3940)
4(4027 3218 3625 4351)
4(4068 3259 3664 4390)
4(4109 3300 3704 4430)
4(3806 1526 3413 4157)
4(4180 3413 1526 3833)
4(4219 3452 1567 3874)
4(4259 3492 1608 3915)
4(4153 3385 1470 3799)
4(4169 3402 1511 3819)
4(4206 3439 1552 3859)
4(4245 3478 1593 3900)
4(4285 3518 1634 3941)
4(4028 3219 3626 4352)
4(4069 3260 3665 4391)
4(3798 1469 3383 4151)
4(4110 3301 3705 4431)
4(3818 1510 3400 4167)
4(4158 3391 1486 3807)
4(3858 1551 3437 4204)
4(4181 3414 1527 3834)
4(4220 3453 1568 3875)
4(3899 1592 3476 4243)
4(4260 3493 1609 3916)
4(3940 1633 3516 4283)
4(4154 3386 1471 3800)
4(4170 3403 1512 3820)
4(4207 3440 1553 3860)
4(4246 3479 1594 3901)
4(4286 3519 1635 3942)
4(4029 3220 3627 4353)
4(4070 3261 3666 4392)
4(4111 3302 3706 4432)
4(4159 3392 1487 3808)
4(4182 3415 1528 3835)
4(4221 3454 1569 3876)
4(4261 3494 1610 3917)
4(4171 3404 1513 3821)
4(4208 3441 1554 3861)
4(4247 3480 1595 3902)
4(4287 3520 1636 3943)
4(4030 3221 3628 4354)
4(4071 3262 3667 4393)
4(4112 3303 3707 4433)
4(4160 3393 1488 3809)
4(4183 3416 1529 3836)
4(4222 3455 1570 3877)
4(4262 3495 1611 3918)
4(3766 1186 3365 4131)
4(3769 1227 3367 4133)
4(3772 1268 3369 4135)
4(3775 1309 3371 4137)
4(3778 1350 3373 4139)
4(3781 1391 3375 4141)
4(3784 1432 3379 4143)
4(3791 1473 3387 4147)
4(4248 3481 1596 3903)
4(4288 3521 1637 3944)
4(4031 3222 3629 4355)
4(4072 3263 3668 4394)
4(3790 1429 3378 4146)
4(3799 1470 3384 4152)
4(4113 3304 3708 4434)
4(3819 1511 3401 4168)
4(4161 3394 1489 3810)
4(3859 1552 3438 4205)
4(4184 3417 1530 3837)
4(4223 3456 1571 3878)
4(3900 1593 3477 4244)
4(4263 3496 1612 3919)
4(3941 1634 3517 4284)
4(3764 1146 3364 4130)
4(4132 3364 1146 3767)
4(4134 3366 1187 3770)
4(4136 3368 1228 3773)
4(4138 3370 1269 3776)
4(4140 3372 1310 3779)
4(4142 3374 1351 3782)
4(4144 3376 1392 3785)
4(4148 3380 1433 3792)
4(3802 1515 3405 4155)
4(3823 1556 3442 4172)
4(3863 1597 3482 4209)
4(4249 3482 1597 3904)
4(4289 3522 1638 3945)
4(4032 3223 3630 4356)
4(4073 3264 3669 4395)
4(4114 3305 3709 4435)
4(4162 3395 1490 3811)
4(4185 3418 1531 3838)
4(4224 3457 1572 3879)
4(4264 3497 1613 3920)
4(4305 3582 3116 3970)
4(4309 3590 3157 3977)
4(4316 3607 3198 3987)
4(4333 3644 3239 4008)
4(4370 3684 3280 4048)
4(4410 3724 3321 4089)
4(4033 3224 3631 4357)
4(4074 3265 3670 4396)
4(4115 3306 3710 4436)
4(4163 3396 1491 3812)
4(4186 3419 1532 3839)
4(4225 3458 1573 3880)
4(4265 3498 1614 3921)
4(4049 3240 3645 4371)
4(3800 1471 3385 4153)
4(4090 3281 3685 4411)
4(3820 1512 3402 4169)
4(4034 3225 3632 4358)
4(3860 1553 3439 4206)
4(4075 3266 3671 4397)
4(4116 3307 3711 4437)
4(3901 1594 3478 4245)
4(4164 3397 1492 3813)
4(3942 1635 3518 4285)
4(4187 3420 1533 3840)
4(4226 3459 1574 3881)
4(4266 3499 1615 3922)
4(4050 3241 3646 4372)
4(4091 3282 3686 4412)
4(4035 3226 3633 4359)
4(4076 3267 3672 4398)
4(4117 3308 3712 4438)
4(4188 3421 1534 3841)
4(4227 3460 1575 3882)
4(4267 3500 1616 3923)
4(4334 3647 3242 4010)
4(4051 3242 3647 4373)
4(4092 3283 3687 4413)
4(4036 3227 3634 4360)
4(4077 3268 3673 4399)
4(4118 3309 3713 4439)
4(4189 3422 1535 3842)
4(4228 3461 1576 3883)
4(4268 3501 1617 3924)
4(4011 3202 3609 4335)
4(4052 3243 3648 4374)
4(4093 3284 3688 4414)
4(4037 3228 3635 4361)
4(4078 3269 3674 4400)
4(4119 3310 3714 4440)
4(4190 3423 1536 3843)
4(4229 3462 1577 3884)
4(4269 3502 1618 3925)
4(4012 3203 3610 4336)
4(4053 3244 3649 4375)
4(4094 3285 3689 4415)
4(3801 1472 3386 4154)
4(3821 1513 3403 4170)
4(3861 1554 3440 4207)
4(3902 1595 3479 4246)
4(3943 1636 3519 4286)
4(3822 1514 3404 4171)
4(3862 1555 3441 4208)
4(3903 1596 3480 4247)
4(3944 1637 3520 4287)
4(3767 1146 3363 4131)
4(3770 1187 3365 4133)
4(3773 1228 3367 4135)
4(3776 1269 3369 4137)
4(3779 1310 3371 4139)
4(3782 1351 3373 4141)
4(3785 1392 3375 4143)
4(3792 1433 3379 4147)
4(3904 1597 3481 4248)
4(3945 1638 3521 4288)
4(3765 1106 3362 4130)
4(3768 1147 3364 4132)
4(3771 1188 3366 4134)
4(3774 1229 3368 4136)
4(3777 1270 3370 4138)
4(3780 1311 3372 4140)
4(3783 1352 3374 4142)
4(3786 1393 3376 4144)
4(3793 1434 3380 4148)
4(3803 1475 3388 4155)
4(3824 1516 3405 4172)
4(3864 1557 3442 4209)
4(3905 1598 3482 4249)
4(3946 1639 3522 4289)
4(4305 3578 3076 3971)
4(4309 3582 3117 3978)
4(4316 3590 3158 3988)
4(4333 3607 3199 4009)
4(4370 3644 3240 4049)
4(4410 3684 3281 4090)
4(4371 3645 3241 4050)
4(4411 3685 3282 4091)
4(4372 3646 3242 4051)
4(4412 3686 3283 4092)
4(4334 3608 3202 4011)
4(4373 3647 3243 4052)
4(4413 3687 3284 4093)
4(4335 3609 3203 4012)
4(4374 3648 3244 4053)
4(4414 3688 3285 4094)
4(4336 3610 3204 4013)
4(4375 3649 3245 4054)
4(4415 3689 3286 4095)
4(4337 3611 3205 4014)
4(4376 3650 3246 4055)
4(4416 3690 3287 4096)
4(4338 3612 3206 4015)
4(4377 3651 3247 4056)
4(4417 3691 3288 4097)
4(4339 3613 3207 4016)
4(4378 3652 3248 4057)
4(4418 3692 3289 4098)
4(4317 3591 3167 3990)
4(4340 3614 3208 4017)
4(4379 3653 3249 4058)
4(4419 3693 3290 4099)
4(4318 3592 3168 3991)
4(4341 3615 3209 4018)
4(4380 3654 3250 4059)
4(4420 3694 3291 4100)
4(4319 3593 3169 3992)
4(4342 3616 3210 4019)
4(4381 3655 3251 4060)
4(4421 3695 3292 4101)
4(3788 1395 3377 4145)
4(3795 1436 3381 4149)
4(3805 1477 3389 4156)
4(3826 1518 3406 4173)
4(3866 1559 3443 4210)
4(3907 1600 3483 4250)
4(4320 3594 3170 3993)
4(4343 3617 3211 4020)
4(4382 3656 3252 4061)
4(4422 3696 3293 4102)
4(3867 1560 3444 4211)
4(3908 1601 3484 4251)
4(4321 3595 3171 3994)
4(4344 3618 3212 4021)
4(4383 3657 3253 4062)
4(4423 3697 3294 4103)
4(3868 1561 3445 4212)
4(3909 1602 3485 4252)
4(4322 3596 3172 3995)
4(4345 3619 3213 4022)
4(4384 3658 3254 4063)
4(4424 3698 3295 4104)
4(3828 1521 3407 4174)
4(3869 1562 3446 4213)
4(3910 1603 3486 4253)
4(4323 3597 3173 3996)
4(4346 3620 3214 4023)
4(4385 3659 3255 4064)
4(4425 3699 3296 4105)
4(3829 1522 3408 4175)
4(3870 1563 3447 4214)
4(3911 1604 3487 4254)
4(4324 3598 3174 3997)
4(4347 3621 3215 4024)
4(4386 3660 3256 4065)
4(4426 3700 3297 4106)
4(3830 1523 3409 4176)
4(3871 1564 3448 4215)
4(3912 1605 3488 4255)
4(4348 3622 3216 4025)
4(4387 3661 3257 4066)
4(4427 3701 3298 4107)
4(3831 1524 3410 4177)
4(3872 1565 3449 4216)
4(3913 1606 3489 4256)
4(4349 3623 3217 4026)
4(4388 3662 3258 4067)
4(4428 3702 3299 4108)
4(3832 1525 3411 4178)
4(3873 1566 3450 4217)
4(3914 1607 3490 4257)
4(4350 3624 3218 4027)
4(4389 3663 3259 4068)
4(4429 3703 3300 4109)
4(3833 1526 3412 4179)
4(3874 1567 3451 4218)
4(3915 1608 3491 4258)
4(4351 3625 3219 4028)
4(4390 3664 3260 4069)
4(4430 3704 3301 4110)
4(3807 1486 3390 4157)
4(3834 1527 3413 4180)
4(3875 1568 3452 4219)
4(3916 1609 3492 4259)
4(4352 3626 3220 4029)
4(4391 3665 3261 4070)
4(4431 3705 3302 4111)
4(3808 1487 3391 4158)
4(3835 1528 3414 4181)
4(3876 1569 3453 4220)
4(3917 1610 3493 4260)
)


// ************************************************************************* //
